geo,year,neonatal_deaths_upper
afg,1989,53063
afg,1990,53039
afg,1991,53792
afg,1992,52784
afg,1993,53713
afg,1994,59533
afg,1995,65221
afg,1996,67495
afg,1997,68617
afg,1998,69368
afg,1999,69851
afg,2000,70391
afg,2001,70659
afg,2002,67334
afg,2003,66343
afg,2004,68188
afg,2005,68010
afg,2006,66392
afg,2007,65896
afg,2008,64982
afg,2009,62771
afg,2010,62716
afg,2011,62352
afg,2012,61830
afg,2013,62384
afg,2014,62511
afg,2015,62546
afg,2016,62842
afg,2017,62516
afg,2018,62611
afg,2019,62991
afg,2020,63747
afg,2021,64581
afg,2022,65491
afg,2023,65907
afg,2024,66134
ago,1991,38785
ago,1992,39593
ago,1993,40064
ago,1994,40662
ago,1995,41401
ago,1996,42139
ago,1997,42955
ago,1998,43498
ago,1999,44411
ago,2000,45113
ago,2001,45748
ago,2002,46437
ago,2003,46768
ago,2004,47222
ago,2005,47448
ago,2006,47978
ago,2007,48677
ago,2008,49686
ago,2009,50922
ago,2010,52240
ago,2011,53809
ago,2012,55558
ago,2013,57453
ago,2014,59433
ago,2015,61568
ago,2016,63323
ago,2017,64763
ago,2018,66060
ago,2019,67578
ago,2020,69268
ago,2021,71531
ago,2022,73389
ago,2023,75321
ago,2024,77124
aia,1991,3.0000
aia,1992,2.0000
aia,1993,2.0000
aia,1994,2.0000
aia,1995,2.0000
aia,1996,2.0000
aia,1997,2.0000
aia,1998,2.0000
aia,1999,2.0000
aia,2000,2.0000
aia,2001,2.0000
aia,2002,2.0000
aia,2003,2.0000
aia,2004,1.0000
aia,2005,1.0000
aia,2006,1.0000
aia,2007,1.0000
aia,2008,1.0000
aia,2009,1.0000
aia,2010,1.0000
aia,2011,1.0000
aia,2012,1.0000
aia,2013,1.0000
aia,2014,1.0000
aia,2015,1.0000
aia,2016,1.0000
aia,2017,1.0000
aia,2018,1.0000
aia,2019,1.0000
aia,2020,1.0000
aia,2021,1.0000
aia,2022,1.0000
aia,2023,1.0000
aia,2024,1.0000
alb,1981,2459.0
alb,1982,2204.0
alb,1983,2006.0
alb,1984,1813.0
alb,1985,1676.0
alb,1986,1588.0
alb,1987,1530.0
alb,1988,1491.0
alb,1989,1441.0
alb,1990,1381.0
alb,1991,1344.0
alb,1992,1307.0
alb,1993,1278.0
alb,1994,1224.0
alb,1995,1191.0
alb,1996,1160.0
alb,1997,1108.0
alb,1998,1040.0
alb,1999,969.00
alb,2000,891.00
alb,2001,819.00
alb,2002,744.00
alb,2003,668.00
alb,2004,631.00
alb,2005,559.00
alb,2006,498.00
alb,2007,434.00
alb,2008,382.00
alb,2009,333.00
alb,2010,296.00
alb,2011,267.00
alb,2012,249.00
alb,2013,249.00
alb,2014,248.00
alb,2015,244.00
alb,2016,236.00
alb,2017,235.00
alb,2018,237.00
alb,2019,235.00
alb,2020,237.00
alb,2021,235.00
alb,2022,235.00
alb,2023,232.00
alb,2024,233.00
and,1991,17.000
and,1992,16.000
and,1993,15.000
and,1994,14.000
and,1995,12.000
and,1996,11.000
and,1997,9.0000
and,1998,9.0000
and,1999,8.0000
and,2000,7.0000
and,2001,6.0000
and,2002,5.0000
and,2003,4.0000
and,2004,4.0000
and,2005,4.0000
and,2006,4.0000
and,2007,4.0000
and,2008,4.0000
and,2009,4.0000
and,2010,4.0000
and,2011,4.0000
and,2012,4.0000
and,2013,4.0000
and,2014,3.0000
and,2015,3.0000
and,2016,4.0000
and,2017,3.0000
and,2018,3.0000
and,2019,3.0000
and,2020,3.0000
and,2021,3.0000
and,2022,3.0000
and,2023,3.0000
and,2024,3.0000
are,1980,495.00
are,1981,510.00
are,1982,504.00
are,1983,489.00
are,1984,477.00
are,1985,467.00
are,1986,458.00
are,1987,451.00
are,1988,432.00
are,1989,421.00
are,1990,413.00
are,1991,405.00
are,1992,391.00
are,1993,381.00
are,1994,361.00
are,1995,358.00
are,1996,315.00
are,1997,302.00
are,1998,303.00
are,1999,322.00
are,2000,347.00
are,2001,361.00
are,2002,368.00
are,2003,380.00
are,2004,395.00
are,2005,399.00
are,2006,393.00
are,2007,352.00
are,2008,339.00
are,2009,315.00
are,2010,328.00
are,2011,308.00
are,2012,307.00
are,2013,342.00
are,2014,393.00
are,2015,422.00
are,2016,432.00
are,2017,429.00
are,2018,411.00
are,2019,373.00
are,2020,340.00
are,2021,329.00
are,2022,284.00
are,2023,284.00
are,2024,305.00
arg,1972,15346
arg,1973,16128
arg,1974,16673
arg,1975,16741
arg,1976,16417
arg,1977,16102
arg,1978,15880
arg,1979,15347
arg,1980,14585
arg,1981,13681
arg,1982,12665
arg,1983,11672
arg,1984,11012
arg,1985,11280
arg,1986,11846
arg,1987,12267
arg,1988,12102
arg,1989,11793
arg,1990,11386
arg,1991,11237
arg,1992,11127
arg,1993,11090
arg,1994,11035
arg,1995,10787
arg,1996,10210
arg,1997,9435.0
arg,1998,8626.0
arg,1999,8144.0
arg,2000,8150.0
arg,2001,8272.0
arg,2002,8190.0
arg,2003,7861.0
arg,2004,7386.0
arg,2005,7023.0
arg,2006,6791.0
arg,2007,6535.0
arg,2008,6263.0
arg,2009,6248.0
arg,2010,6025.0
arg,2011,5944.0
arg,2012,5871.0
arg,2013,5657.0
arg,2014,5701.0
arg,2015,5706.0
arg,2016,5456.0
arg,2017,5039.0
arg,2018,4730.0
arg,2019,4457.0
arg,2020,4098.0
arg,2021,3532.0
arg,2022,3426.0
arg,2023,3040.0
arg,2024,2899.0
arm,1979,2412.0
arm,1980,2481.0
arm,1981,2464.0
arm,1982,2471.0
arm,1983,2478.0
arm,1984,2502.0
arm,1985,2495.0
arm,1986,2469.0
arm,1987,2417.0
arm,1988,2348.0
arm,1989,2350.0
arm,1990,2236.0
arm,1991,2295.0
arm,1992,2174.0
arm,1993,1980.0
arm,1994,1558.0
arm,1995,1269.0
arm,1996,1131.0
arm,1997,1058.0
arm,1998,913.00
arm,1999,819.00
arm,2000,703.00
arm,2001,673.00
arm,2002,637.00
arm,2003,616.00
arm,2004,627.00
arm,2005,619.00
arm,2006,599.00
arm,2007,584.00
arm,2008,576.00
arm,2009,566.00
arm,2010,556.00
arm,2011,536.00
arm,2012,518.00
arm,2013,504.00
arm,2014,484.00
arm,2015,453.00
arm,2016,413.00
arm,2017,385.00
arm,2018,345.00
arm,2019,320.00
arm,2020,303.00
arm,2021,286.00
arm,2022,282.00
arm,2023,264.00
arm,2024,258.00
atg,1973,27.000
atg,1974,24.000
atg,1975,22.000
atg,1976,20.000
atg,1977,20.000
atg,1978,20.000
atg,1979,18.000
atg,1980,17.000
atg,1981,15.000
atg,1982,13.000
atg,1983,12.000
atg,1984,12.000
atg,1985,11.000
atg,1986,12.000
atg,1987,11.000
atg,1988,11.000
atg,1989,12.000
atg,1990,12.000
atg,1991,13.000
atg,1992,12.000
atg,1993,13.000
atg,1994,14.000
atg,1995,15.000
atg,1996,16.000
atg,1997,18.000
atg,1998,18.000
atg,1999,17.000
atg,2000,16.000
atg,2001,18.000
atg,2002,17.000
atg,2003,16.000
atg,2004,15.000
atg,2005,14.000
atg,2006,13.000
atg,2007,13.000
atg,2008,13.000
atg,2009,13.000
atg,2010,13.000
atg,2011,11.000
atg,2012,10.000
atg,2013,10.000
atg,2014,9.0000
atg,2015,9.0000
atg,2016,9.0000
atg,2017,8.0000
atg,2018,8.0000
atg,2019,7.0000
atg,2020,8.0000
atg,2021,8.0000
atg,2022,8.0000
atg,2023,8.0000
atg,2024,8.0000
aus,1970,3276.0
aus,1971,3337.0
aus,1972,3559.0
aus,1973,3393.0
aus,1974,3067.0
aus,1975,2861.0
aus,1976,2558.0
aus,1977,2259.0
aus,1978,2072.0
aus,1979,1888.0
aus,1980,1738.0
aus,1981,1643.0
aus,1982,1616.0
aus,1983,1575.0
aus,1984,1532.0
aus,1985,1455.0
aus,1986,1439.0
aus,1987,1387.0
aus,1988,1337.0
aus,1989,1292.0
aus,1990,1258.0
aus,1991,1260.0
aus,1992,1189.0
aus,1993,1159.0
aus,1994,1092.0
aus,1995,1039.0
aus,1996,991.00
aus,1997,958.00
aus,1998,936.00
aus,1999,917.00
aus,2000,912.00
aus,2001,906.00
aus,2002,884.00
aus,2003,887.00
aus,2004,877.00
aus,2005,877.00
aus,2006,894.00
aus,2007,896.00
aus,2008,931.00
aus,2009,929.00
aus,2010,892.00
aus,2011,858.00
aus,2012,820.00
aus,2013,803.00
aus,2014,773.00
aus,2015,739.00
aus,2016,740.00
aus,2017,746.00
aus,2018,744.00
aus,2019,760.00
aus,2020,745.00
aus,2021,720.00
aus,2022,739.00
aus,2023,735.00
aus,2024,738.00
aut,1957,3236.0
aut,1958,3211.0
aut,1959,3149.0
aut,1960,3151.0
aut,1961,3066.0
aut,1962,3083.0
aut,1963,3023.0
aut,1964,2956.0
aut,1965,2841.0
aut,1966,2689.0
aut,1967,2608.0
aut,1968,2534.0
aut,1969,2467.0
aut,1970,2354.0
aut,1971,2182.0
aut,1972,2092.0
aut,1973,1972.0
aut,1974,1778.0
aut,1975,1653.0
aut,1976,1440.0
aut,1977,1191.0
aut,1978,1034.0
aut,1979,926.00
aut,1980,855.00
aut,1981,833.00
aut,1982,811.00
aut,1983,780.00
aut,1984,701.00
aut,1985,652.00
aut,1986,597.00
aut,1987,553.00
aut,1988,512.00
aut,1989,481.00
aut,1990,451.00
aut,1991,433.00
aut,1992,431.00
aut,1993,416.00
aut,1994,394.00
aut,1995,363.00
aut,1996,331.00
aut,1997,315.00
aut,1998,288.00
aut,1999,270.00
aut,2000,256.00
aut,2001,253.00
aut,2002,242.00
aut,2003,248.00
aut,2004,240.00
aut,2005,241.00
aut,2006,232.00
aut,2007,225.00
aut,2008,214.00
aut,2009,212.00
aut,2010,205.00
aut,2011,206.00
aut,2012,200.00
aut,2013,198.00
aut,2014,195.00
aut,2015,197.00
aut,2016,200.00
aut,2017,205.00
aut,2018,204.00
aut,2019,199.00
aut,2020,196.00
aut,2021,191.00
aut,2022,191.00
aut,2023,181.00
aut,2024,168.00
aze,1985,7549.0
aze,1986,7427.0
aze,1987,7264.0
aze,1988,7142.0
aze,1989,7155.0
aze,1990,7339.0
aze,1991,7445.0
aze,1992,7568.0
aze,1993,7528.0
aze,1994,7417.0
aze,1995,6879.0
aze,1996,6458.0
aze,1997,5958.0
aze,1998,6138.0
aze,1999,5635.0
aze,2000,5235.0
aze,2001,5058.0
aze,2002,4599.0
aze,2003,4411.0
aze,2004,4311.0
aze,2005,5159.0
aze,2006,5108.0
aze,2007,5083.0
aze,2008,4868.0
aze,2009,4588.0
aze,2010,4308.0
aze,2011,4457.0
aze,2012,4422.0
aze,2013,4585.0
aze,2014,4366.0
aze,2015,4111.0
aze,2016,3805.0
aze,2017,3501.0
aze,2018,3273.0
aze,2019,3101.0
aze,2020,2966.0
aze,2021,2765.0
aze,2022,2625.0
aze,2023,2514.0
aze,2024,2461.0
bdi,1967,9309.0
bdi,1968,9500.0
bdi,1969,9659.0
bdi,1970,9886.0
bdi,1971,9948.0
bdi,1972,10168
bdi,1973,10482
bdi,1974,9757.0
bdi,1975,10007
bdi,1976,10340
bdi,1977,10513
bdi,1978,10695
bdi,1979,10912
bdi,1980,11193
bdi,1981,11178
bdi,1982,12047
bdi,1983,11817
bdi,1984,11863
bdi,1985,11721
bdi,1986,11679
bdi,1987,11572
bdi,1988,11607
bdi,1989,11720
bdi,1990,11824
bdi,1991,11936
bdi,1992,12076
bdi,1993,12188
bdi,1994,12714
bdi,1995,9761.0
bdi,1996,12183
bdi,1997,12061
bdi,1998,11270
bdi,1999,11047
bdi,2000,11361
bdi,2001,11580
bdi,2002,11789
bdi,2003,12235
bdi,2004,12527
bdi,2005,12981
bdi,2006,13405
bdi,2007,13633
bdi,2008,13803
bdi,2009,13927
bdi,2010,14178
bdi,2011,14595
bdi,2012,14498
bdi,2013,14411
bdi,2014,14497
bdi,2015,14560
bdi,2016,14736
bdi,2017,14309
bdi,2018,14207
bdi,2019,14266
bdi,2020,14688
bdi,2021,14990
bdi,2022,15130
bdi,2023,15341
bdi,2024,15657
bel,1962,3069.0
bel,1963,2852.0
bel,1964,2805.0
bel,1965,2755.0
bel,1966,2628.0
bel,1967,2506.0
bel,1968,2368.0
bel,1969,2216.0
bel,1970,2116.0
bel,1971,2038.0
bel,1972,1958.0
bel,1973,1828.0
bel,1974,1678.0
bel,1975,1538.0
bel,1976,1399.0
bel,1977,1295.0
bel,1978,1191.0
bel,1979,1101.0
bel,1980,1034.0
bel,1981,975.00
bel,1982,916.00
bel,1983,845.00
bel,1984,777.00
bel,1985,723.00
bel,1986,679.00
bel,1987,666.00
bel,1988,644.00
bel,1989,628.00
bel,1990,606.00
bel,1991,592.00
bel,1992,573.00
bel,1993,549.00
bel,1994,516.00
bel,1995,486.00
bel,1996,467.00
bel,1997,449.00
bel,1998,426.00
bel,1999,395.00
bel,2000,373.00
bel,2001,362.00
bel,2002,345.00
bel,2003,330.00
bel,2004,324.00
bel,2005,327.00
bel,2006,327.00
bel,2007,327.00
bel,2008,324.00
bel,2009,322.00
bel,2010,315.00
bel,2011,314.00
bel,2012,305.00
bel,2013,301.00
bel,2014,296.00
bel,2015,296.00
bel,2016,292.00
bel,2017,292.00
bel,2018,287.00
bel,2019,283.00
bel,2020,282.00
bel,2021,276.00
bel,2022,279.00
bel,2023,270.00
bel,2024,243.00
ben,1960,8448.0
ben,1961,8603.0
ben,1962,8861.0
ben,1963,9001.0
ben,1964,9110.0
ben,1965,9224.0
ben,1966,9284.0
ben,1967,9338.0
ben,1968,9350.0
ben,1969,9415.0
ben,1970,9494.0
ben,1971,9558.0
ben,1972,9638.0
ben,1973,9728.0
ben,1974,9773.0
ben,1975,9859.0
ben,1976,9928.0
ben,1977,10017
ben,1978,10123
ben,1979,10194
ben,1980,10425
ben,1981,10692
ben,1982,10921
ben,1983,11044
ben,1984,11143
ben,1985,11306
ben,1986,11454
ben,1987,11596
ben,1988,11743
ben,1989,11848
ben,1990,11891
ben,1991,11980
ben,1992,12042
ben,1993,12074
ben,1994,12178
ben,1995,12909
ben,1996,12649
ben,1997,12664
ben,1998,12773
ben,1999,12870
ben,2000,12949
ben,2001,12996
ben,2002,13037
ben,2003,13159
ben,2004,13311
ben,2005,13479
ben,2006,13673
ben,2007,14031
ben,2008,14198
ben,2009,14290
ben,2010,14479
ben,2011,14699
ben,2012,14968
ben,2013,15293
ben,2014,15543
ben,2015,15788
ben,2016,16000
ben,2017,16234
ben,2018,16331
ben,2019,16349
ben,2020,16441
ben,2021,16688
ben,2022,17031
ben,2023,17543
ben,2024,18085
bfa,1971,22539
bfa,1972,22822
bfa,1973,23052
bfa,1974,23275
bfa,1975,23412
bfa,1976,23376
bfa,1977,23264
bfa,1978,23191
bfa,1979,23267
bfa,1980,23221
bfa,1981,23243
bfa,1982,23369
bfa,1983,23418
bfa,1984,23452
bfa,1985,23411
bfa,1986,23259
bfa,1987,22930
bfa,1988,22519
bfa,1989,22217
bfa,1990,22062
bfa,1991,22184
bfa,1992,22368
bfa,1993,22505
bfa,1994,22697
bfa,1995,22993
bfa,1996,23309
bfa,1997,23656
bfa,1998,23949
bfa,1999,24309
bfa,2000,24452
bfa,2001,24696
bfa,2002,24787
bfa,2003,24863
bfa,2004,25168
bfa,2005,25167
bfa,2006,25175
bfa,2007,25403
bfa,2008,25415
bfa,2009,25607
bfa,2010,25844
bfa,2011,26313
bfa,2012,26758
bfa,2013,27275
bfa,2014,27798
bfa,2015,28119
bfa,2016,28544
bfa,2017,28807
bfa,2018,29071
bfa,2019,28709
bfa,2020,28301
bfa,2021,28003
bfa,2022,28779
bfa,2023,29418
bfa,2024,30007
bgd,1954,280260
bgd,1955,281240
bgd,1956,282060
bgd,1957,283050
bgd,1958,284560
bgd,1959,285820
bgd,1960,288470
bgd,1961,291330
bgd,1962,293610
bgd,1963,295380
bgd,1964,295760
bgd,1965,296070
bgd,1966,297710
bgd,1967,300930
bgd,1968,306380
bgd,1969,312810
bgd,1970,321220
bgd,1971,332860
bgd,1972,346710
bgd,1973,350660
bgd,1974,359420
bgd,1975,369790
bgd,1976,374740
bgd,1977,379540
bgd,1978,382810
bgd,1979,382680
bgd,1980,382570
bgd,1981,378940
bgd,1982,373980
bgd,1983,367780
bgd,1984,354290
bgd,1985,344510
bgd,1986,333080
bgd,1987,319500
bgd,1988,307360
bgd,1989,293420
bgd,1990,283850
bgd,1991,271380
bgd,1992,255700
bgd,1993,241650
bgd,1994,229040
bgd,1995,221500
bgd,1996,211290
bgd,1997,203810
bgd,1998,201280
bgd,1999,195030
bgd,2000,188080
bgd,2001,180950
bgd,2002,173040
bgd,2003,164310
bgd,2004,155260
bgd,2005,147160
bgd,2006,138230
bgd,2007,130330
bgd,2008,123240
bgd,2009,115830
bgd,2010,108640
bgd,2011,101200
bgd,2012,94826
bgd,2013,90377
bgd,2014,87052
bgd,2015,83419
bgd,2016,80322
bgd,2017,77233
bgd,2018,73019
bgd,2019,70259
bgd,2020,68050
bgd,2021,66792
bgd,2022,66145
bgd,2023,66661
bgd,2024,67219
bgr,1966,1914.0
bgr,1967,1843.0
bgr,1968,1858.0
bgr,1969,2054.0
bgr,1970,2046.0
bgr,1971,1949.0
bgr,1972,1884.0
bgr,1973,1848.0
bgr,1974,1987.0
bgr,1975,2131.0
bgr,1976,2016.0
bgr,1977,1881.0
bgr,1978,1729.0
bgr,1979,1598.0
bgr,1980,1522.0
bgr,1981,1398.0
bgr,1982,1309.0
bgr,1983,1250.0
bgr,1984,1180.0
bgr,1985,1118.0
bgr,1986,1047.0
bgr,1987,1007.0
bgr,1988,953.00
bgr,1989,934.00
bgr,1990,908.00
bgr,1991,886.00
bgr,1992,854.00
bgr,1993,821.00
bgr,1994,770.00
bgr,1995,712.00
bgr,1996,638.00
bgr,1997,624.00
bgr,1998,558.00
bgr,1999,558.00
bgr,2000,602.00
bgr,2001,596.00
bgr,2002,540.00
bgr,2003,507.00
bgr,2004,485.00
bgr,2005,474.00
bgr,2006,448.00
bgr,2007,435.00
bgr,2008,424.00
bgr,2009,428.00
bgr,2010,441.00
bgr,2011,407.00
bgr,2012,371.00
bgr,2013,346.00
bgr,2014,316.00
bgr,2015,304.00
bgr,2016,283.00
bgr,2017,266.00
bgr,2018,249.00
bgr,2019,227.00
bgr,2020,211.00
bgr,2021,189.00
bgr,2022,179.00
bgr,2023,185.00
bgr,2024,178.00
bhr,1973,279.00
bhr,1974,264.00
bhr,1975,252.00
bhr,1976,242.00
bhr,1977,234.00
bhr,1978,228.00
bhr,1979,224.00
bhr,1980,218.00
bhr,1981,212.00
bhr,1982,208.00
bhr,1983,209.00
bhr,1984,212.00
bhr,1985,216.00
bhr,1986,223.00
bhr,1987,228.00
bhr,1988,230.00
bhr,1989,231.00
bhr,1990,233.00
bhr,1991,229.00
bhr,1992,218.00
bhr,1993,207.00
bhr,1994,189.00
bhr,1995,164.00
bhr,1996,140.00
bhr,1997,118.00
bhr,1998,103.00
bhr,1999,91.000
bhr,2000,83.000
bhr,2001,74.000
bhr,2002,67.000
bhr,2003,67.000
bhr,2004,70.000
bhr,2005,72.000
bhr,2006,72.000
bhr,2007,68.000
bhr,2008,66.000
bhr,2009,65.000
bhr,2010,64.000
bhr,2011,65.000
bhr,2012,65.000
bhr,2013,66.000
bhr,2014,69.000
bhr,2015,74.000
bhr,2016,77.000
bhr,2017,79.000
bhr,2018,82.000
bhr,2019,84.000
bhr,2020,85.000
bhr,2021,85.000
bhr,2022,90.000
bhr,2023,97.000
bhr,2024,97.000
bhs,1971,138.00
bhs,1972,136.00
bhs,1973,134.00
bhs,1974,132.00
bhs,1975,131.00
bhs,1976,128.00
bhs,1977,125.00
bhs,1978,120.00
bhs,1979,114.00
bhs,1980,108.00
bhs,1981,104.00
bhs,1982,101.00
bhs,1983,99.000
bhs,1984,99.000
bhs,1985,99.000
bhs,1986,98.000
bhs,1987,99.000
bhs,1988,98.000
bhs,1989,96.000
bhs,1990,93.000
bhs,1991,90.000
bhs,1992,86.000
bhs,1993,88.000
bhs,1994,81.000
bhs,1995,72.000
bhs,1996,66.000
bhs,1997,61.000
bhs,1998,56.000
bhs,1999,53.000
bhs,2000,50.000
bhs,2001,49.000
bhs,2002,49.000
bhs,2003,49.000
bhs,2004,50.000
bhs,2005,51.000
bhs,2006,53.000
bhs,2007,53.000
bhs,2008,54.000
bhs,2009,53.000
bhs,2010,53.000
bhs,2011,49.000
bhs,2012,48.000
bhs,2013,47.000
bhs,2014,48.000
bhs,2015,48.000
bhs,2016,46.000
bhs,2017,46.000
bhs,2018,45.000
bhs,2019,46.000
bhs,2020,48.000
bhs,2021,48.000
bhs,2022,49.000
bhs,2023,50.000
bhs,2024,50.000
bih,1987,1109.0
bih,1988,1001.0
bih,1989,917.00
bih,1990,846.00
bih,1991,810.00
bih,1992,775.00
bih,1993,772.00
bih,1994,589.00
bih,1995,462.00
bih,1996,394.00
bih,1997,399.00
bih,1998,430.00
bih,1999,394.00
bih,2000,328.00
bih,2001,293.00
bih,2002,270.00
bih,2003,260.00
bih,2004,248.00
bih,2005,238.00
bih,2006,220.00
bih,2007,208.00
bih,2008,202.00
bih,2009,197.00
bih,2010,197.00
bih,2011,188.00
bih,2012,173.00
bih,2013,169.00
bih,2014,163.00
bih,2015,155.00
bih,2016,154.00
bih,2017,150.00
bih,2018,149.00
bih,2019,149.00
bih,2020,143.00
bih,2021,138.00
bih,2022,130.00
bih,2023,124.00
bih,2024,122.00
blr,1991,1722.0
blr,1992,1567.0
blr,1993,1490.0
blr,1994,1361.0
blr,1995,1251.0
blr,1996,1116.0
blr,1997,998.00
blr,1998,855.00
blr,1999,788.00
blr,2000,667.00
blr,2001,570.00
blr,2002,482.00
blr,2003,416.00
blr,2004,380.00
blr,2005,360.00
blr,2006,348.00
blr,2007,340.00
blr,2008,321.00
blr,2009,293.00
blr,2010,265.00
blr,2011,241.00
blr,2012,235.00
blr,2013,243.00
blr,2014,245.00
blr,2015,239.00
blr,2016,230.00
blr,2017,214.00
blr,2018,174.00
blr,2019,145.00
blr,2020,121.00
blr,2021,107.00
blr,2022,99.000
blr,2023,92.000
blr,2024,82.000
blz,1970,224.00
blz,1971,219.00
blz,1972,217.00
blz,1973,216.00
blz,1974,215.00
blz,1975,214.00
blz,1976,214.00
blz,1977,215.00
blz,1978,215.00
blz,1979,214.00
blz,1980,211.00
blz,1981,207.00
blz,1982,202.00
blz,1983,195.00
blz,1984,187.00
blz,1985,179.00
blz,1986,172.00
blz,1987,166.00
blz,1988,161.00
blz,1989,157.00
blz,1990,154.00
blz,1991,151.00
blz,1992,143.00
blz,1993,134.00
blz,1994,124.00
blz,1995,115.00
blz,1996,110.00
blz,1997,105.00
blz,1998,103.00
blz,1999,102.00
blz,2000,101.00
blz,2001,98.000
blz,2002,95.000
blz,2003,92.000
blz,2004,88.000
blz,2005,85.000
blz,2006,83.000
blz,2007,79.000
blz,2008,77.000
blz,2009,77.000
blz,2010,78.000
blz,2011,80.000
blz,2012,84.000
blz,2013,87.000
blz,2014,89.000
blz,2015,89.000
blz,2016,88.000
blz,2017,86.000
blz,2018,85.000
blz,2019,84.000
blz,2020,78.000
blz,2021,74.000
blz,2022,67.000
blz,2023,72.000
blz,2024,78.000
bol,1968,15164
bol,1969,14713
bol,1970,14322
bol,1971,14019
bol,1972,13810
bol,1973,13610
bol,1974,13519
bol,1975,13386
bol,1976,13217
bol,1977,13186
bol,1978,13057
bol,1979,12885
bol,1980,12716
bol,1981,12601
bol,1982,12540
bol,1983,12480
bol,1984,12417
bol,1985,12363
bol,1986,12152
bol,1987,12051
bol,1988,11969
bol,1989,11868
bol,1990,11735
bol,1991,11524
bol,1992,11335
bol,1993,11019
bol,1994,10742
bol,1995,10465
bol,1996,10158
bol,1997,9853.0
bol,1998,9438.0
bol,1999,9101.0
bol,2000,8822.0
bol,2001,8461.0
bol,2002,8132.0
bol,2003,7886.0
bol,2004,7724.0
bol,2005,7577.0
bol,2006,7480.0
bol,2007,7455.0
bol,2008,7273.0
bol,2009,7046.0
bol,2010,6807.0
bol,2011,6555.0
bol,2012,6326.0
bol,2013,6114.0
bol,2014,5866.0
bol,2015,5612.0
bol,2016,5400.0
bol,2017,5237.0
bol,2018,5128.0
bol,2019,5054.0
bol,2020,4992.0
bol,2021,4975.0
bol,2022,4957.0
bol,2023,4947.0
bol,2024,4927.0
bra,1965,193890
bra,1966,190970
bra,1967,188590
bra,1968,184580
bra,1969,181810
bra,1970,179940
bra,1971,178270
bra,1972,176850
bra,1973,174970
bra,1974,172990
bra,1975,169860
bra,1976,168150
bra,1977,165510
bra,1978,162340
bra,1979,160130
bra,1980,157670
bra,1981,155140
bra,1982,152250
bra,1983,147810
bra,1984,143290
bra,1985,138070
bra,1986,133150
bra,1987,128190
bra,1988,122190
bra,1989,116340
bra,1990,111010
bra,1991,105510
bra,1992,100540
bra,1993,95301
bra,1994,92019
bra,1995,89273
bra,1996,87103
bra,1997,84943
bra,1998,82826
bra,1999,80374
bra,2000,76620
bra,2001,71436
bra,2002,66152
bra,2003,61003
bra,2004,56060
bra,2005,52336
bra,2006,48754
bra,2007,45072
bra,2008,41547
bra,2009,38587
bra,2010,36426
bra,2011,34605
bra,2012,33045
bra,2013,31626
bra,2014,30601
bra,2015,30083
bra,2016,29669
bra,2017,30450
bra,2018,28294
bra,2019,28204
bra,2020,27677
bra,2021,26881
bra,2022,26035
bra,2023,24412
bra,2024,22677
brb,1970,204.00
brb,1971,181.00
brb,1972,180.00
brb,1973,172.00
brb,1974,153.00
brb,1975,138.00
brb,1976,123.00
brb,1977,108.00
brb,1978,101.00
brb,1979,82.000
brb,1980,79.000
brb,1981,73.000
brb,1982,74.000
brb,1983,73.000
brb,1984,71.000
brb,1985,66.000
brb,1986,66.000
brb,1987,62.000
brb,1988,57.000
brb,1989,53.000
brb,1990,52.000
brb,1991,55.000
brb,1992,51.000
brb,1993,48.000
brb,1994,45.000
brb,1995,42.000
brb,1996,39.000
brb,1997,37.000
brb,1998,36.000
brb,1999,34.000
brb,2000,36.000
brb,2001,39.000
brb,2002,39.000
brb,2003,38.000
brb,2004,38.000
brb,2005,38.000
brb,2006,37.000
brb,2007,37.000
brb,2008,38.000
brb,2009,37.000
brb,2010,37.000
brb,2011,37.000
brb,2012,36.000
brb,2013,36.000
brb,2014,36.000
brb,2015,36.000
brb,2016,36.000
brb,2017,36.000
brb,2018,36.000
brb,2019,36.000
brb,2020,36.000
brb,2021,35.000
brb,2022,35.000
brb,2023,36.000
brb,2024,35.000
brn,1991,49.000
brn,1992,48.000
brn,1993,46.000
brn,1994,45.000
brn,1995,43.000
brn,1996,41.000
brn,1997,39.000
brn,1998,38.000
brn,1999,37.000
brn,2000,36.000
brn,2001,36.000
brn,2002,36.000
brn,2003,35.000
brn,2004,35.000
brn,2005,34.000
brn,2006,33.000
brn,2007,32.000
brn,2008,32.000
brn,2009,33.000
brn,2010,34.000
brn,2011,35.000
brn,2012,36.000
brn,2013,37.000
brn,2014,37.000
brn,2015,38.000
brn,2016,38.000
brn,2017,38.000
brn,2018,38.000
brn,2019,38.000
brn,2020,37.000
brn,2021,37.000
brn,2022,37.000
brn,2023,37.000
brn,2024,37.000
btn,1991,1238.0
btn,1992,1205.0
btn,1993,1139.0
btn,1994,986.00
btn,1995,923.00
btn,1996,843.00
btn,1997,772.00
btn,1998,713.00
btn,1999,665.00
btn,2000,624.00
btn,2001,578.00
btn,2002,547.00
btn,2003,513.00
btn,2004,487.00
btn,2005,470.00
btn,2006,458.00
btn,2007,444.00
btn,2008,430.00
btn,2009,411.00
btn,2010,391.00
btn,2011,372.00
btn,2012,358.00
btn,2013,344.00
btn,2014,332.00
btn,2015,318.00
btn,2016,302.00
btn,2017,286.00
btn,2018,265.00
btn,2019,250.00
btn,2020,238.00
btn,2021,248.00
btn,2022,248.00
btn,2023,246.00
btn,2024,245.00
bwa,1967,1307.0
bwa,1968,1263.0
bwa,1969,1219.0
bwa,1970,1182.0
bwa,1971,1159.0
bwa,1972,1145.0
bwa,1973,1165.0
bwa,1974,1204.0
bwa,1975,1253.0
bwa,1976,1302.0
bwa,1977,1351.0
bwa,1978,1394.0
bwa,1979,1445.0
bwa,1980,1502.0
bwa,1981,1541.0
bwa,1982,1542.0
bwa,1983,1546.0
bwa,1984,1534.0
bwa,1985,1510.0
bwa,1986,1486.0
bwa,1987,1447.0
bwa,1988,1385.0
bwa,1989,1305.0
bwa,1990,1221.0
bwa,1991,1127.0
bwa,1992,1035.0
bwa,1993,955.00
bwa,1994,874.00
bwa,1995,801.00
bwa,1996,725.00
bwa,1997,670.00
bwa,1998,639.00
bwa,1999,633.00
bwa,2000,647.00
bwa,2001,684.00
bwa,2002,735.00
bwa,2003,801.00
bwa,2004,891.00
bwa,2005,1021.0
bwa,2006,1198.0
bwa,2007,1415.0
bwa,2008,1610.0
bwa,2009,1775.0
bwa,2010,1917.0
bwa,2011,2045.0
bwa,2012,2142.0
bwa,2013,2295.0
bwa,2014,2443.0
bwa,2015,2617.0
bwa,2016,2794.0
bwa,2017,2942.0
bwa,2018,3079.0
bwa,2019,3197.0
bwa,2020,3307.0
bwa,2021,3392.0
bwa,2022,3466.0
bwa,2023,3513.0
bwa,2024,3517.0
caf,1973,6461.0
caf,1974,6437.0
caf,1975,6414.0
caf,1976,6392.0
caf,1977,6491.0
caf,1978,6580.0
caf,1979,6691.0
caf,1980,6807.0
caf,1981,6911.0
caf,1982,7030.0
caf,1983,7141.0
caf,1984,7294.0
caf,1985,7457.0
caf,1986,7580.0
caf,1987,7698.0
caf,1988,7840.0
caf,1989,7886.0
caf,1990,7928.0
caf,1991,7982.0
caf,1992,7997.0
caf,1993,7955.0
caf,1994,7953.0
caf,1995,7985.0
caf,1996,8051.0
caf,1997,8029.0
caf,1998,7981.0
caf,1999,7942.0
caf,2000,7974.0
caf,2001,8020.0
caf,2002,8082.0
caf,2003,8050.0
caf,2004,8165.0
caf,2005,8192.0
caf,2006,8274.0
caf,2007,8379.0
caf,2008,8407.0
caf,2009,8493.0
caf,2010,9723.0
caf,2011,8715.0
caf,2012,8808.0
caf,2013,8814.0
caf,2014,8779.0
caf,2015,8874.0
caf,2016,8408.0
caf,2017,8656.0
caf,2018,9019.0
caf,2019,9129.0
caf,2020,9820.0
caf,2021,9664.0
caf,2022,10246
caf,2023,11221
caf,2024,10473
can,1971,4828.0
can,1972,4472.0
can,1973,4046.0
can,1974,3726.0
can,1975,3490.0
can,1976,3342.0
can,1977,3150.0
can,1978,3009.0
can,1979,2839.0
can,1980,2690.0
can,1981,2521.0
can,1982,2356.0
can,1983,2240.0
can,1984,2144.0
can,1985,2066.0
can,1986,1973.0
can,1987,1879.0
can,1988,1794.0
can,1989,1764.0
can,1990,1782.0
can,1991,1808.0
can,1992,1788.0
can,1993,1734.0
can,1994,1670.0
can,1995,1634.0
can,1996,1585.0
can,1997,1508.0
can,1998,1402.0
can,1999,1341.0
can,2000,1305.0
can,2001,1275.0
can,2002,1304.0
can,2003,1313.0
can,2004,1353.0
can,2005,1364.0
can,2006,1374.0
can,2007,1402.0
can,2008,1435.0
can,2009,1463.0
can,2010,1466.0
can,2011,1452.0
can,2012,1449.0
can,2013,1448.0
can,2014,1431.0
can,2015,1423.0
can,2016,1398.0
can,2017,1378.0
can,2018,1345.0
can,2019,1325.0
can,2020,1313.0
can,2021,1277.0
can,2022,1302.0
can,2023,1256.0
can,2024,1275.0
che,1957,1649.0
che,1958,1654.0
che,1959,1617.0
che,1960,1598.0
che,1961,1582.0
che,1962,1607.0
che,1963,1648.0
che,1964,1680.0
che,1965,1677.0
che,1966,1619.0
che,1967,1535.0
che,1968,1435.0
che,1969,1323.0
che,1970,1210.0
che,1971,1105.0
che,1972,990.00
che,1973,879.00
che,1974,791.00
che,1975,718.00
che,1976,630.00
che,1977,555.00
che,1978,503.00
che,1979,462.00
che,1980,438.00
che,1981,421.00
che,1982,400.00
che,1983,385.00
che,1984,363.00
che,1985,353.00
che,1986,343.00
che,1987,342.00
che,1988,338.00
che,1989,345.00
che,1990,342.00
che,1991,338.00
che,1992,332.00
che,1993,329.00
che,1994,310.00
che,1995,301.00
che,1996,295.00
che,1997,296.00
che,1998,288.00
che,1999,283.00
che,2000,281.00
che,2001,280.00
che,2002,259.00
che,2003,255.00
che,2004,251.00
che,2005,251.00
che,2006,248.00
che,2007,247.00
che,2008,249.00
che,2009,254.00
che,2010,257.00
che,2011,261.00
che,2012,258.00
che,2013,259.00
che,2014,258.00
che,2015,263.00
che,2016,264.00
che,2017,264.00
che,2018,260.00
che,2019,259.00
che,2020,254.00
che,2021,252.00
che,2022,265.00
che,2023,246.00
che,2024,253.00
chl,1970,9206.0
chl,1971,8726.0
chl,1972,8592.0
chl,1973,8434.0
chl,1974,7987.0
chl,1975,7451.0
chl,1976,6918.0
chl,1977,6432.0
chl,1978,5974.0
chl,1979,5491.0
chl,1980,5005.0
chl,1981,4370.0
chl,1982,3819.0
chl,1983,3362.0
chl,1984,3038.0
chl,1985,2869.0
chl,1986,2792.0
chl,1987,2805.0
chl,1988,2862.0
chl,1989,2864.0
chl,1990,2805.0
chl,1991,2663.0
chl,1992,2482.0
chl,1993,2267.0
chl,1994,2115.0
chl,1995,2000.0
chl,1996,1923.0
chl,1997,1834.0
chl,1998,1754.0
chl,1999,1695.0
chl,2000,1610.0
chl,2001,1515.0
chl,2002,1411.0
chl,2003,1325.0
chl,2004,1301.0
chl,2005,1312.0
chl,2006,1324.0
chl,2007,1314.0
chl,2008,1333.0
chl,2009,1336.0
chl,2010,1338.0
chl,2011,1342.0
chl,2012,1349.0
chl,2013,1333.0
chl,2014,1299.0
chl,2015,1284.0
chl,2016,1282.0
chl,2017,1278.0
chl,2018,1191.0
chl,2019,1136.0
chl,2020,1023.0
chl,2021,921.00
chl,2022,824.00
chl,2023,880.00
chl,2024,860.00
chn,1991,934030
chn,1992,744520
chn,1993,675140
chn,1994,629620
chn,1995,589560
chn,1996,551620
chn,1997,509260
chn,1998,472010
chn,1999,438360
chn,2000,410930
chn,2001,406110
chn,2002,358380
chn,2003,326940
chn,2004,296670
chn,2005,273820
chn,2006,250240
chn,2007,229070
chn,2008,210510
chn,2009,195680
chn,2010,180580
chn,2011,162900
chn,2012,147780
chn,2013,145530
chn,2014,127160
chn,2015,119140
chn,2016,102060
chn,2017,97227
chn,2018,88971
chn,2019,68926
chn,2020,60394
chn,2021,45611
chn,2022,37510
chn,2023,32054
chn,2024,28808
civ,1959,21125
civ,1960,21175
civ,1961,21489
civ,1962,21693
civ,1963,22024
civ,1964,22373
civ,1965,22771
civ,1966,23120
civ,1967,23532
civ,1968,23913
civ,1969,24299
civ,1970,24653
civ,1971,24912
civ,1972,25125
civ,1973,25332
civ,1974,25538
civ,1975,25592
civ,1976,25552
civ,1977,25581
civ,1978,25340
civ,1979,24962
civ,1980,25008
civ,1981,25197
civ,1982,25545
civ,1983,25924
civ,1984,26380
civ,1985,26992
civ,1986,27470
civ,1987,27941
civ,1988,28460
civ,1989,28686
civ,1990,29148
civ,1991,29763
civ,1992,30372
civ,1993,30914
civ,1994,31252
civ,1995,31696
civ,1996,32378
civ,1997,32917
civ,1998,33713
civ,1999,34402
civ,2000,35034
civ,2001,35488
civ,2002,35765
civ,2003,35858
civ,2004,35766
civ,2005,35814
civ,2006,35942
civ,2007,35923
civ,2008,35835
civ,2009,35693
civ,2010,36183
civ,2011,36506
civ,2012,36671
civ,2013,36690
civ,2014,36583
civ,2015,36403
civ,2016,36057
civ,2017,35782
civ,2018,35352
civ,2019,34554
civ,2020,34509
civ,2021,34605
civ,2022,34764
civ,2023,35054
civ,2024,35341
cmr,1957,20754
cmr,1958,20246
cmr,1959,19902
cmr,1960,19563
cmr,1961,19325
cmr,1962,19178
cmr,1963,19117
cmr,1964,19061
cmr,1965,19073
cmr,1966,19236
cmr,1967,19332
cmr,1968,19422
cmr,1969,19451
cmr,1970,19516
cmr,1971,19509
cmr,1972,19562
cmr,1973,19612
cmr,1974,19804
cmr,1975,20086
cmr,1976,20404
cmr,1977,20905
cmr,1978,21433
cmr,1979,21803
cmr,1980,22191
cmr,1981,22374
cmr,1982,22862
cmr,1983,23027
cmr,1984,22296
cmr,1985,21963
cmr,1986,21775
cmr,1987,21789
cmr,1988,21727
cmr,1989,21682
cmr,1990,21799
cmr,1991,22077
cmr,1992,22509
cmr,1993,22872
cmr,1994,23254
cmr,1995,23596
cmr,1996,23756
cmr,1997,23820
cmr,1998,23941
cmr,1999,24170
cmr,2000,24280
cmr,2001,24179
cmr,2002,24216
cmr,2003,24514
cmr,2004,25107
cmr,2005,25772
cmr,2006,26309
cmr,2007,26801
cmr,2008,27221
cmr,2009,27592
cmr,2010,27965
cmr,2011,28128
cmr,2012,28258
cmr,2013,28325
cmr,2014,28393
cmr,2015,28588
cmr,2016,29300
cmr,2017,30057
cmr,2018,30642
cmr,2019,31032
cmr,2020,31521
cmr,2021,31973
cmr,2022,32491
cmr,2023,33214
cmr,2024,33851
cod,1986,78278
cod,1987,78767
cod,1988,79208
cod,1989,79706
cod,1990,80546
cod,1991,81536
cod,1992,83917
cod,1993,85571
cod,1994,88240
cod,1995,90624
cod,1996,97026
cod,1997,98318
cod,1998,96906
cod,1999,96267
cod,2000,99159
cod,2001,101570
cod,2002,103550
cod,2003,104620
cod,2004,105870
cod,2005,106810
cod,2006,108070
cod,2007,110640
cod,2008,112410
cod,2009,115160
cod,2010,118030
cod,2011,120850
cod,2012,125510
cod,2013,130130
cod,2014,134680
cod,2015,140200
cod,2016,145530
cod,2017,151110
cod,2018,158470
cod,2019,165840
cod,2020,172170
cod,2021,178850
cod,2022,185520
cod,2023,192550
cod,2024,200740
cog,1984,2862.0
cog,1985,2809.0
cog,1986,2800.0
cog,1987,2800.0
cog,1988,2823.0
cog,1989,2867.0
cog,1990,2914.0
cog,1991,2986.0
cog,1992,3066.0
cog,1993,3165.0
cog,1994,3290.0
cog,1995,3452.0
cog,1996,3602.0
cog,1997,3755.0
cog,1998,3884.0
cog,1999,3929.0
cog,2000,3992.0
cog,2001,4030.0
cog,2002,4212.0
cog,2003,4223.0
cog,2004,4165.0
cog,2005,4168.0
cog,2006,4161.0
cog,2007,4180.0
cog,2008,4214.0
cog,2009,4330.0
cog,2010,4418.0
cog,2011,4676.0
cog,2012,4785.0
cog,2013,4930.0
cog,2014,5080.0
cog,2015,5209.0
cog,2016,5339.0
cog,2017,5444.0
cog,2018,5620.0
cog,2019,5728.0
cog,2020,5872.0
cog,2021,5957.0
cog,2022,6121.0
cog,2023,6240.0
cog,2024,6391.0
cok,1991,9.0000
cok,1992,9.0000
cok,1993,9.0000
cok,1994,9.0000
cok,1995,9.0000
cok,1996,8.0000
cok,1997,8.0000
cok,1998,7.0000
cok,1999,6.0000
cok,2000,6.0000
cok,2001,5.0000
cok,2002,4.0000
cok,2003,4.0000
cok,2004,4.0000
cok,2005,4.0000
cok,2006,3.0000
cok,2007,3.0000
cok,2008,3.0000
cok,2009,3.0000
cok,2010,3.0000
cok,2011,3.0000
cok,2012,3.0000
cok,2013,3.0000
cok,2014,3.0000
cok,2015,3.0000
cok,2016,3.0000
cok,2017,3.0000
cok,2018,3.0000
cok,2019,3.0000
cok,2020,3.0000
cok,2021,3.0000
cok,2022,3.0000
cok,2023,3.0000
cok,2024,2.0000
col,1956,33112
col,1957,32902
col,1958,32668
col,1959,32463
col,1960,32216
col,1961,31991
col,1962,31687
col,1963,31218
col,1964,30683
col,1965,30124
col,1966,29414
col,1967,28753
col,1968,28035
col,1969,27309
col,1970,26604
col,1971,25950
col,1972,25316
col,1973,24693
col,1974,24106
col,1975,23605
col,1976,23187
col,1977,22795
col,1978,22351
col,1979,21686
col,1980,21260
col,1981,20918
col,1982,20553
col,1983,20183
col,1984,19613
col,1985,18985
col,1986,18536
col,1987,18118
col,1988,17862
col,1989,17623
col,1990,17468
col,1991,17262
col,1992,17028
col,1993,16840
col,1994,16650
col,1995,16255
col,1996,15602
col,1997,14965
col,1998,14579
col,1999,14215
col,2000,13598
col,2001,13048
col,2002,12552
col,2003,12189
col,2004,11823
col,2005,11350
col,2006,10867
col,2007,10410
col,2008,10092
col,2009,9809.0
col,2010,9422.0
col,2011,8950.0
col,2012,8541.0
col,2013,8282.0
col,2014,8026.0
col,2015,7764.0
col,2016,7468.0
col,2017,7225.0
col,2018,7248.0
col,2019,7371.0
col,2020,7486.0
col,2021,7523.0
col,2022,7506.0
col,2023,7460.0
col,2024,7385.0
com,1975,1306.0
com,1976,1327.0
com,1977,1349.0
com,1978,1365.0
com,1979,1385.0
com,1980,1402.0
com,1981,1407.0
com,1982,1407.0
com,1983,1397.0
com,1984,1375.0
com,1985,1354.0
com,1986,1327.0
com,1987,1287.0
com,1988,1249.0
com,1989,1202.0
com,1990,1162.0
com,1991,1124.0
com,1992,1082.0
com,1993,1039.0
com,1994,988.00
com,1995,941.00
com,1996,912.00
com,1997,887.00
com,1998,857.00
com,1999,832.00
com,2000,814.00
com,2001,806.00
com,2002,803.00
com,2003,799.00
com,2004,795.00
com,2005,793.00
com,2006,801.00
com,2007,803.00
com,2008,802.00
com,2009,801.00
com,2010,805.00
com,2011,810.00
com,2012,810.00
com,2013,800.00
com,2014,790.00
com,2015,776.00
com,2016,767.00
com,2017,755.00
com,2018,743.00
com,2019,740.00
com,2020,741.00
com,2021,748.00
com,2022,755.00
com,2023,762.00
com,2024,770.00
cpv,1977,371.00
cpv,1978,355.00
cpv,1979,342.00
cpv,1980,331.00
cpv,1981,324.00
cpv,1982,327.00
cpv,1983,332.00
cpv,1984,338.00
cpv,1985,339.00
cpv,1986,341.00
cpv,1987,341.00
cpv,1988,336.00
cpv,1989,331.00
cpv,1990,323.00
cpv,1991,319.00
cpv,1992,320.00
cpv,1993,321.00
cpv,1994,322.00
cpv,1995,315.00
cpv,1996,307.00
cpv,1997,300.00
cpv,1998,295.00
cpv,1999,289.00
cpv,2000,276.00
cpv,2001,258.00
cpv,2002,237.00
cpv,2003,221.00
cpv,2004,212.00
cpv,2005,208.00
cpv,2006,203.00
cpv,2007,198.00
cpv,2008,192.00
cpv,2009,187.00
cpv,2010,181.00
cpv,2011,184.00
cpv,2012,179.00
cpv,2013,159.00
cpv,2014,145.00
cpv,2015,133.00
cpv,2016,119.00
cpv,2017,110.00
cpv,2018,99.000
cpv,2019,87.000
cpv,2020,77.000
cpv,2021,68.000
cpv,2022,64.000
cpv,2023,63.000
cpv,2024,62.000
cri,1955,1927.0
cri,1956,1969.0
cri,1957,1999.0
cri,1958,2021.0
cri,1959,2051.0
cri,1960,2068.0
cri,1961,2090.0
cri,1962,2121.0
cri,1963,2149.0
cri,1964,2181.0
cri,1965,2198.0
cri,1966,2193.0
cri,1967,2158.0
cri,1968,2091.0
cri,1969,1968.0
cri,1970,1887.0
cri,1971,1769.0
cri,1972,1628.0
cri,1973,1468.0
cri,1974,1327.0
cri,1975,1220.0
cri,1976,1138.0
cri,1977,1093.0
cri,1978,1032.0
cri,1979,966.00
cri,1980,922.00
cri,1981,887.00
cri,1982,885.00
cri,1983,902.00
cri,1984,925.00
cri,1985,938.00
cri,1986,937.00
cri,1987,916.00
cri,1988,885.00
cri,1989,852.00
cri,1990,813.00
cri,1991,781.00
cri,1992,758.00
cri,1993,753.00
cri,1994,753.00
cri,1995,745.00
cri,1996,728.00
cri,1997,701.00
cri,1998,676.00
cri,1999,660.00
cri,2000,651.00
cri,2001,636.00
cri,2002,609.00
cri,2003,567.00
cri,2004,547.00
cri,2005,535.00
cri,2006,542.00
cri,2007,520.00
cri,2008,523.00
cri,2009,528.00
cri,2010,519.00
cri,2011,484.00
cri,2012,494.00
cri,2013,484.00
cri,2014,462.00
cri,2015,462.00
cri,2016,457.00
cri,2017,442.00
cri,2018,433.00
cri,2019,433.00
cri,2020,413.00
cri,2021,384.00
cri,2022,373.00
cri,2023,387.00
cri,2024,409.00
cub,1970,6693.0
cub,1971,6260.0
cub,1972,5929.0
cub,1973,5716.0
cub,1974,5375.0
cub,1975,4761.0
cub,1976,3966.0
cub,1977,3387.0
cub,1978,3031.0
cub,1979,2672.0
cub,1980,2490.0
cub,1981,2233.0
cub,1982,2039.0
cub,1983,2081.0
cub,1984,1940.0
cub,1985,1802.0
cub,1986,1747.0
cub,1987,1707.0
cub,1988,1672.0
cub,1989,1649.0
cub,1990,1548.0
cub,1991,1444.0
cub,1992,1282.0
cub,1993,1181.0
cub,1994,1093.0
cub,1995,1008.0
cub,1996,923.00
cub,1997,815.00
cub,1998,796.00
cub,1999,744.00
cub,2000,710.00
cub,2001,670.00
cub,2002,636.00
cub,2003,616.00
cub,2004,567.00
cub,2005,498.00
cub,2006,446.00
cub,2007,398.00
cub,2008,392.00
cub,2009,416.00
cub,2010,430.00
cub,2011,414.00
cub,2012,414.00
cub,2013,385.00
cub,2014,372.00
cub,2015,358.00
cub,2016,359.00
cub,2017,345.00
cub,2018,350.00
cub,2019,373.00
cub,2020,387.00
cub,2021,408.00
cub,2022,429.00
cub,2023,461.00
cub,2024,503.00
cyp,1991,108.00
cyp,1992,104.00
cyp,1993,107.00
cyp,1994,95.000
cyp,1995,87.000
cyp,1996,78.000
cyp,1997,71.000
cyp,1998,64.000
cyp,1999,58.000
cyp,2000,53.000
cyp,2001,50.000
cyp,2002,46.000
cyp,2003,42.000
cyp,2004,40.000
cyp,2005,38.000
cyp,2006,36.000
cyp,2007,35.000
cyp,2008,32.000
cyp,2009,32.000
cyp,2010,31.000
cyp,2011,30.000
cyp,2012,28.000
cyp,2013,29.000
cyp,2014,27.000
cyp,2015,27.000
cyp,2016,28.000
cyp,2017,29.000
cyp,2018,29.000
cyp,2019,29.000
cyp,2020,30.000
cyp,2021,32.000
cyp,2022,34.000
cyp,2023,36.000
cyp,2024,38.000
cze,1984,1408.0
cze,1985,1321.0
cze,1986,1230.0
cze,1987,1142.0
cze,1988,1081.0
cze,1989,1055.0
cze,1990,995.00
cze,1991,965.00
cze,1992,901.00
cze,1993,790.00
cze,1994,708.00
cze,1995,566.00
cze,1996,454.00
cze,1997,380.00
cze,1998,339.00
cze,1999,303.00
cze,2000,275.00
cze,2001,258.00
cze,2002,244.00
cze,2003,239.00
cze,2004,233.00
cze,2005,236.00
cze,2006,238.00
cze,2007,236.00
cze,2008,241.00
cze,2009,235.00
cze,2010,219.00
cze,2011,206.00
cze,2012,187.00
cze,2013,183.00
cze,2014,177.00
cze,2015,183.00
cze,2016,188.00
cze,2017,194.00
cze,2018,198.00
cze,2019,195.00
cze,2020,187.00
cze,2021,177.00
cze,2022,170.00
cze,2023,142.00
cze,2024,132.00
deu,1971,15252
deu,1972,14309
deu,1973,12361
deu,1974,10453
deu,1975,9453.0
deu,1976,8373.0
deu,1977,7632.0
deu,1978,6809.0
deu,1979,5920.0
deu,1980,5207.0
deu,1981,4863.0
deu,1982,4423.0
deu,1983,4085.0
deu,1984,3667.0
deu,1985,3359.0
deu,1986,3118.0
deu,1987,3021.0
deu,1988,2957.0
deu,1989,2974.0
deu,1990,2988.0
deu,1991,3160.0
deu,1992,2998.0
deu,1993,2905.0
deu,1994,2780.0
deu,1995,2579.0
deu,1996,2469.0
deu,1997,2494.0
deu,1998,2486.0
deu,1999,2369.0
deu,2000,2234.0
deu,2001,2188.0
deu,2002,2083.0
deu,2003,2019.0
deu,2004,1959.0
deu,2005,1934.0
deu,2006,1864.0
deu,2007,1825.0
deu,2008,1768.0
deu,2009,1700.0
deu,2010,1609.0
deu,2011,1611.0
deu,2012,1579.0
deu,2013,1606.0
deu,2014,1602.0
deu,2015,1676.0
deu,2016,1724.0
deu,2017,1849.0
deu,2018,1842.0
deu,2019,1843.0
deu,2020,1822.0
deu,2021,1809.0
deu,2022,1854.0
deu,2023,1712.0
deu,2024,1698.0
dji,1981,981.00
dji,1982,1005.0
dji,1983,1014.0
dji,1984,1020.0
dji,1985,1018.0
dji,1986,1027.0
dji,1987,1050.0
dji,1988,1084.0
dji,1989,1131.0
dji,1990,1173.0
dji,1991,1256.0
dji,1992,1377.0
dji,1993,1427.0
dji,1994,1298.0
dji,1995,1308.0
dji,1996,1271.0
dji,1997,1251.0
dji,1998,1234.0
dji,1999,1263.0
dji,2000,1291.0
dji,2001,1319.0
dji,2002,1344.0
dji,2003,1356.0
dji,2004,1364.0
dji,2005,1326.0
dji,2006,1289.0
dji,2007,1257.0
dji,2008,1242.0
dji,2009,1220.0
dji,2010,1216.0
dji,2011,1215.0
dji,2012,1219.0
dji,2013,1218.0
dji,2014,1221.0
dji,2015,1224.0
dji,2016,1227.0
dji,2017,1233.0
dji,2018,1242.0
dji,2019,1252.0
dji,2020,1259.0
dji,2021,1266.0
dji,2022,1277.0
dji,2023,1294.0
dji,2024,1302.0
dma,1971,45.000
dma,1972,42.000
dma,1973,39.000
dma,1974,36.000
dma,1975,33.000
dma,1976,30.000
dma,1977,27.000
dma,1978,26.000
dma,1979,25.000
dma,1980,25.000
dma,1981,25.000
dma,1982,26.000
dma,1983,26.000
dma,1984,26.000
dma,1985,26.000
dma,1986,25.000
dma,1987,24.000
dma,1988,24.000
dma,1989,23.000
dma,1990,22.000
dma,1991,21.000
dma,1992,21.000
dma,1993,21.000
dma,1994,21.000
dma,1995,20.000
dma,1996,18.000
dma,1997,17.000
dma,1998,17.000
dma,1999,16.000
dma,2000,17.000
dma,2001,17.000
dma,2002,18.000
dma,2003,17.000
dma,2004,17.000
dma,2005,17.000
dma,2006,17.000
dma,2007,19.000
dma,2008,19.000
dma,2009,19.000
dma,2010,20.000
dma,2011,21.000
dma,2012,21.000
dma,2013,23.000
dma,2014,23.000
dma,2015,25.000
dma,2016,26.000
dma,2017,26.000
dma,2018,25.000
dma,2019,25.000
dma,2020,25.000
dma,2021,26.000
dma,2022,26.000
dma,2023,26.000
dma,2024,27.000
dnk,1962,1259.0
dnk,1963,1251.0
dnk,1964,1283.0
dnk,1965,1244.0
dnk,1966,1235.0
dnk,1967,1223.0
dnk,1968,1092.0
dnk,1969,953.00
dnk,1970,857.00
dnk,1971,805.00
dnk,1972,804.00
dnk,1973,756.00
dnk,1974,675.00
dnk,1975,620.00
dnk,1976,575.00
dnk,1977,477.00
dnk,1978,412.00
dnk,1979,382.00
dnk,1980,349.00
dnk,1981,321.00
dnk,1982,287.00
dnk,1983,273.00
dnk,1984,261.00
dnk,1985,265.00
dnk,1986,275.00
dnk,1987,281.00
dnk,1988,284.00
dnk,1989,290.00
dnk,1990,294.00
dnk,1991,293.00
dnk,1992,286.00
dnk,1993,289.00
dnk,1994,282.00
dnk,1995,286.00
dnk,1996,284.00
dnk,1997,276.00
dnk,1998,275.00
dnk,1999,265.00
dnk,2000,257.00
dnk,2001,248.00
dnk,2002,231.00
dnk,2003,218.00
dnk,2004,216.00
dnk,2005,214.00
dnk,2006,211.00
dnk,2007,206.00
dnk,2008,196.00
dnk,2009,193.00
dnk,2010,186.00
dnk,2011,189.00
dnk,2012,186.00
dnk,2013,190.00
dnk,2014,187.00
dnk,2015,189.00
dnk,2016,189.00
dnk,2017,191.00
dnk,2018,184.00
dnk,2019,176.00
dnk,2020,166.00
dnk,2021,153.00
dnk,2022,146.00
dnk,2023,127.00
dnk,2024,124.00
dom,1965,8393.0
dom,1966,8357.0
dom,1967,8364.0
dom,1968,8329.0
dom,1969,8266.0
dom,1970,8311.0
dom,1971,8381.0
dom,1972,8418.0
dom,1973,8434.0
dom,1974,8452.0
dom,1975,8402.0
dom,1976,8372.0
dom,1977,8285.0
dom,1978,8143.0
dom,1979,7922.0
dom,1980,7745.0
dom,1981,7521.0
dom,1982,7254.0
dom,1983,7015.0
dom,1984,6845.0
dom,1985,6631.0
dom,1986,6423.0
dom,1987,6293.0
dom,1988,6179.0
dom,1989,6102.0
dom,1990,6034.0
dom,1991,5927.0
dom,1992,5803.0
dom,1993,5695.0
dom,1994,5613.0
dom,1995,5538.0
dom,1996,5512.0
dom,1997,5504.0
dom,1998,5399.0
dom,1999,5327.0
dom,2000,5429.0
dom,2001,5546.0
dom,2002,5519.0
dom,2003,5447.0
dom,2004,5381.0
dom,2005,5329.0
dom,2006,5291.0
dom,2007,5261.0
dom,2008,5377.0
dom,2009,5572.0
dom,2010,5763.0
dom,2011,5853.0
dom,2012,5919.0
dom,2013,5976.0
dom,2014,6035.0
dom,2015,6106.0
dom,2016,6175.0
dom,2017,6283.0
dom,2018,6424.0
dom,2019,6533.0
dom,2020,6545.0
dom,2021,6497.0
dom,2022,6462.0
dom,2023,6462.0
dom,2024,6431.0
dza,1971,54152
dza,1972,53169
dza,1973,52205
dza,1974,50798
dza,1975,49487
dza,1976,48025
dza,1977,47389
dza,1978,46543
dza,1979,45071
dza,1980,43610
dza,1981,42130
dza,1982,40088
dza,1983,37430
dza,1984,34301
dza,1985,31182
dza,1986,28446
dza,1987,25546
dza,1988,23274
dza,1989,21918
dza,1990,21120
dza,1991,20499
dza,1992,20616
dza,1993,21016
dza,1994,20648
dza,1995,20417
dza,1996,18666
dza,1997,17198
dza,1998,16083
dza,1999,15210
dza,2000,15052
dza,2001,15119
dza,2002,14937
dza,2003,14588
dza,2004,14821
dza,2005,15124
dza,2006,15440
dza,2007,15798
dza,2008,16149
dza,2009,16456
dza,2010,16660
dza,2011,16964
dza,2012,17171
dza,2013,17626
dza,2014,17132
dza,2015,17066
dza,2016,16767
dza,2017,16718
dza,2018,16948
dza,2019,16957
dza,2020,17098
dza,2021,16838
dza,2022,16314
dza,2023,15868
dza,2024,15443
ecu,1958,15862
ecu,1959,15477
ecu,1960,15122
ecu,1961,14863
ecu,1962,14679
ecu,1963,14684
ecu,1964,14679
ecu,1965,14721
ecu,1966,14647
ecu,1967,14548
ecu,1968,14424
ecu,1969,14311
ecu,1970,14203
ecu,1971,14036
ecu,1972,13885
ecu,1973,13637
ecu,1974,13443
ecu,1975,13179
ecu,1976,12888
ecu,1977,12618
ecu,1978,12315
ecu,1979,11965
ecu,1980,11636
ecu,1981,11316
ecu,1982,10972
ecu,1983,10624
ecu,1984,10270
ecu,1985,9930.0
ecu,1986,9422.0
ecu,1987,8982.0
ecu,1988,8607.0
ecu,1989,8354.0
ecu,1990,8231.0
ecu,1991,8086.0
ecu,1992,7990.0
ecu,1993,7857.0
ecu,1994,7612.0
ecu,1995,7373.0
ecu,1996,7137.0
ecu,1997,6909.0
ecu,1998,6529.0
ecu,1999,6098.0
ecu,2000,5718.0
ecu,2001,5388.0
ecu,2002,5096.0
ecu,2003,4847.0
ecu,2004,4623.0
ecu,2005,4408.0
ecu,2006,4213.0
ecu,2007,4045.0
ecu,2008,3870.0
ecu,2009,3734.0
ecu,2010,3606.0
ecu,2011,3397.0
ecu,2012,3268.0
ecu,2013,3028.0
ecu,2014,2737.0
ecu,2015,2530.0
ecu,2016,2369.0
ecu,2017,2221.0
ecu,2018,2205.0
ecu,2019,2209.0
ecu,2020,2192.0
ecu,2021,2187.0
ecu,2022,2191.0
ecu,2023,2196.0
ecu,2024,2198.0
egy,1959,99539
egy,1960,97979
egy,1961,96772
egy,1962,95700
egy,1963,94575
egy,1964,93671
egy,1965,92368
egy,1966,91111
egy,1967,91625
egy,1968,92444
egy,1969,93522
egy,1970,94856
egy,1971,96188
egy,1972,97962
egy,1973,99523
egy,1974,100020
egy,1975,100720
egy,1976,101570
egy,1977,102050
egy,1978,101710
egy,1979,101520
egy,1980,100620
egy,1981,99458
egy,1982,97217
egy,1983,96009
egy,1984,95048
egy,1985,91724
egy,1986,88305
egy,1987,84216
egy,1988,80663
egy,1989,77666
egy,1990,73786
egy,1991,70136
egy,1992,66846
egy,1993,63339
egy,1994,60186
egy,1995,57299
egy,1996,54849
egy,1997,53026
egy,1998,52071
egy,1999,51574
egy,2000,50214
egy,2001,48786
egy,2002,47976
egy,2003,47159
egy,2004,46429
egy,2005,45694
egy,2006,45093
egy,2007,44259
egy,2008,43854
egy,2009,43232
egy,2010,42834
egy,2011,42512
egy,2012,42002
egy,2013,42810
egy,2014,43602
egy,2015,43604
egy,2016,43751
egy,2017,41985
egy,2018,41641
egy,2019,38303
egy,2020,36719
egy,2021,36721
egy,2022,35880
egy,2023,36181
egy,2024,36636
eri,1979,3682.0
eri,1980,3640.0
eri,1981,3620.0
eri,1982,3597.0
eri,1983,3611.0
eri,1984,3754.0
eri,1985,3755.0
eri,1986,3762.0
eri,1987,3753.0
eri,1988,3630.0
eri,1989,3623.0
eri,1990,3579.0
eri,1991,3520.0
eri,1992,3431.0
eri,1993,2882.0
eri,1994,2782.0
eri,1995,2865.0
eri,1996,2763.0
eri,1997,3077.0
eri,1998,2898.0
eri,1999,2771.0
eri,2000,2674.0
eri,2001,2607.0
eri,2002,2522.0
eri,2003,2612.0
eri,2004,2597.0
eri,2005,2742.0
eri,2006,2725.0
eri,2007,2709.0
eri,2008,2619.0
eri,2009,2590.0
eri,2010,2636.0
eri,2011,2642.0
eri,2012,2683.0
eri,2013,2694.0
eri,2014,2714.0
eri,2015,2752.0
eri,2016,2730.0
eri,2017,2735.0
eri,2018,2754.0
eri,2019,2808.0
eri,2020,2869.0
eri,2021,2909.0
eri,2022,2995.0
eri,2023,3058.0
eri,2024,3103.0
esp,1962,13914
esp,1963,14242
esp,1964,14627
esp,1965,14881
esp,1966,14044
esp,1967,13600
esp,1968,13684
esp,1969,13239
esp,1970,12543
esp,1971,11739
esp,1972,11029
esp,1973,10278
esp,1974,9652.0
esp,1975,9336.0
esp,1976,8738.0
esp,1977,8247.0
esp,1978,7349.0
esp,1979,6559.0
esp,1980,5849.0
esp,1981,5299.0
esp,1982,4697.0
esp,1983,4222.0
esp,1984,3697.0
esp,1985,3328.0
esp,1986,3004.0
esp,1987,2724.0
esp,1988,2512.0
esp,1989,2355.0
esp,1990,2205.0
esp,1991,2072.0
esp,1992,1934.0
esp,1993,1807.0
esp,1994,1650.0
esp,1995,1496.0
esp,1996,1387.0
esp,1997,1302.0
esp,1998,1229.0
esp,1999,1151.0
esp,2000,1141.0
esp,2001,1162.0
esp,2002,1161.0
esp,2003,1148.0
esp,2004,1171.0
esp,2005,1165.0
esp,2006,1153.0
esp,2007,1145.0
esp,2008,1122.0
esp,2009,1144.0
esp,2010,1084.0
esp,2011,1054.0
esp,2012,1013.0
esp,2013,964.00
esp,2014,894.00
esp,2015,869.00
esp,2016,836.00
esp,2017,803.00
esp,2018,761.00
esp,2019,717.00
esp,2020,684.00
esp,2021,648.00
esp,2022,631.00
esp,2023,622.00
esp,2024,621.00
est,1990,260.00
est,1991,234.00
est,1992,203.00
est,1993,187.00
est,1994,158.00
est,1995,140.00
est,1996,124.00
est,1997,112.00
est,1998,96.000
est,1999,85.000
est,2000,78.000
est,2001,75.000
est,2002,67.000
est,2003,63.000
est,2004,58.000
est,2005,56.000
est,2006,52.000
est,2007,50.000
est,2008,48.000
est,2009,44.000
est,2010,40.000
est,2011,37.000
est,2012,31.000
est,2013,28.000
est,2014,25.000
est,2015,23.000
est,2016,22.000
est,2017,21.000
est,2018,20.000
est,2019,19.000
est,2020,18.000
est,2021,17.000
est,2022,16.000
est,2023,14.000
est,2024,13.000
eth,1979,130540
eth,1980,132920
eth,1981,133780
eth,1982,133290
eth,1983,138800
eth,1984,145170
eth,1985,147550
eth,1986,149570
eth,1987,151070
eth,1988,149810
eth,1989,152840
eth,1990,156010
eth,1991,158970
eth,1992,161570
eth,1993,165590
eth,1994,166880
eth,1995,167040
eth,1996,166370
eth,1997,165680
eth,1998,164050
eth,1999,162560
eth,2000,162050
eth,2001,161030
eth,2002,160310
eth,2003,159230
eth,2004,157350
eth,2005,156850
eth,2006,156600
eth,2007,154350
eth,2008,151760
eth,2009,148690
eth,2010,144160
eth,2011,140860
eth,2012,137800
eth,2013,133960
eth,2014,131080
eth,2015,131550
eth,2016,133360
eth,2017,135680
eth,2018,137760
eth,2019,141350
eth,2020,145500
eth,2021,148170
eth,2022,150910
eth,2023,153490
eth,2024,155950
fin,1962,1292.0
fin,1963,1242.0
fin,1964,1204.0
fin,1965,1136.0
fin,1966,1054.0
fin,1967,997.00
fin,1968,946.00
fin,1969,867.00
fin,1970,771.00
fin,1971,703.00
fin,1972,631.00
fin,1973,577.00
fin,1974,527.00
fin,1975,535.00
fin,1976,522.00
fin,1977,491.00
fin,1978,447.00
fin,1979,401.00
fin,1980,367.00
fin,1981,338.00
fin,1982,318.00
fin,1983,314.00
fin,1984,307.00
fin,1985,293.00
fin,1986,278.00
fin,1987,266.00
fin,1988,259.00
fin,1989,267.00
fin,1990,264.00
fin,1991,264.00
fin,1992,256.00
fin,1993,249.00
fin,1994,231.00
fin,1995,220.00
fin,1996,203.00
fin,1997,188.00
fin,1998,175.00
fin,1999,162.00
fin,2000,157.00
fin,2001,149.00
fin,2002,142.00
fin,2003,135.00
fin,2004,133.00
fin,2005,131.00
fin,2006,127.00
fin,2007,125.00
fin,2008,120.00
fin,2009,116.00
fin,2010,113.00
fin,2011,107.00
fin,2012,100.00
fin,2013,95.000
fin,2014,89.000
fin,2015,86.000
fin,2016,82.000
fin,2017,78.000
fin,2018,74.000
fin,2019,70.000
fin,2020,67.000
fin,2021,68.000
fin,2022,72.000
fin,2023,66.000
fin,2024,65.000
fji,1991,375.00
fji,1992,354.00
fji,1993,332.00
fji,1994,311.00
fji,1995,291.00
fji,1996,277.00
fji,1997,264.00
fji,1998,249.00
fji,1999,238.00
fji,2000,229.00
fji,2001,226.00
fji,2002,231.00
fji,2003,242.00
fji,2004,254.00
fji,2005,266.00
fji,2006,272.00
fji,2007,270.00
fji,2008,257.00
fji,2009,238.00
fji,2010,218.00
fji,2011,201.00
fji,2012,188.00
fji,2013,182.00
fji,2014,180.00
fji,2015,180.00
fji,2016,185.00
fji,2017,194.00
fji,2018,208.00
fji,2019,226.00
fji,2020,246.00
fji,2021,268.00
fji,2022,287.00
fji,2023,301.00
fji,2024,312.00
fra,1962,15115
fra,1963,14128
fra,1964,14217
fra,1965,14233
fra,1966,13897
fra,1967,13329
fra,1968,11866
fra,1969,10125
fra,1970,8644.0
fra,1971,7950.0
fra,1972,8058.0
fra,1973,7945.0
fra,1974,7466.0
fra,1975,6722.0
fra,1976,6149.0
fra,1977,5861.0
fra,1978,5805.0
fra,1979,5249.0
fra,1980,4837.0
fra,1981,4703.0
fra,1982,4511.0
fra,1983,4309.0
fra,1984,3887.0
fra,1985,3773.0
fra,1986,3644.0
fra,1987,3531.0
fra,1988,3347.0
fra,1989,3226.0
fra,1990,3071.0
fra,1991,2893.0
fra,1992,2713.0
fra,1993,2526.0
fra,1994,2341.0
fra,1995,2307.0
fra,1996,2365.0
fra,1997,2379.0
fra,1998,2309.0
fra,1999,2246.0
fra,2000,2178.0
fra,2001,2218.0
fra,2002,2196.0
fra,2003,2139.0
fra,2004,2072.0
fra,2005,2020.0
fra,2006,1969.0
fra,2007,1975.0
fra,2008,1927.0
fra,2009,1945.0
fra,2010,1939.0
fra,2011,1941.0
fra,2012,1896.0
fra,2013,1885.0
fra,2014,1881.0
fra,2015,1916.0
fra,2016,1912.0
fra,2017,1917.0
fra,2018,1898.0
fra,2019,1888.0
fra,2020,1883.0
fra,2021,1846.0
fra,2022,1881.0
fra,2023,1887.0
fra,2024,1834.0
fsm,1991,117.00
fsm,1992,115.00
fsm,1993,113.00
fsm,1994,113.00
fsm,1995,112.00
fsm,1996,112.00
fsm,1997,111.00
fsm,1998,109.00
fsm,1999,109.00
fsm,2000,107.00
fsm,2001,106.00
fsm,2002,103.00
fsm,2003,100.00
fsm,2004,97.000
fsm,2005,95.000
fsm,2006,95.000
fsm,2007,94.000
fsm,2008,93.000
fsm,2009,91.000
fsm,2010,89.000
fsm,2011,87.000
fsm,2012,85.000
fsm,2013,84.000
fsm,2014,83.000
fsm,2015,82.000
fsm,2016,81.000
fsm,2017,80.000
fsm,2018,79.000
fsm,2019,78.000
fsm,2020,78.000
fsm,2021,76.000
fsm,2022,77.000
fsm,2023,76.000
fsm,2024,75.000
gab,1979,1086.0
gab,1980,1092.0
gab,1981,1103.0
gab,1982,1116.0
gab,1983,1131.0
gab,1984,1148.0
gab,1985,1162.0
gab,1986,1179.0
gab,1987,1190.0
gab,1988,1209.0
gab,1989,1226.0
gab,1990,1236.0
gab,1991,1241.0
gab,1992,1238.0
gab,1993,1238.0
gab,1994,1221.0
gab,1995,1197.0
gab,1996,1175.0
gab,1997,1167.0
gab,1998,1184.0
gab,1999,1220.0
gab,2000,1265.0
gab,2001,1320.0
gab,2002,1365.0
gab,2003,1412.0
gab,2004,1455.0
gab,2005,1490.0
gab,2006,1510.0
gab,2007,1519.0
gab,2008,1521.0
gab,2009,1520.0
gab,2010,1534.0
gab,2011,1557.0
gab,2012,1584.0
gab,2013,1591.0
gab,2014,1600.0
gab,2015,1610.0
gab,2016,1633.0
gab,2017,1668.0
gab,2018,1694.0
gab,2019,1719.0
gab,2020,1728.0
gab,2021,1717.0
gab,2022,1716.0
gab,2023,1707.0
gab,2024,1705.0
gbr,1962,15088
gbr,1963,15004
gbr,1964,14808
gbr,1965,14498
gbr,1966,13926
gbr,1967,13290
gbr,1968,12675
gbr,1969,12149
gbr,1970,11652
gbr,1971,11218
gbr,1972,10768
gbr,1973,9964.0
gbr,1974,9192.0
gbr,1975,8465.0
gbr,1976,7710.0
gbr,1977,7046.0
gbr,1978,6443.0
gbr,1979,6223.0
gbr,1980,6117.0
gbr,1981,5774.0
gbr,1982,5171.0
gbr,1983,4747.0
gbr,1984,4477.0
gbr,1985,4312.0
gbr,1986,4235.0
gbr,1987,4083.0
gbr,1988,4000.0
gbr,1989,3869.0
gbr,1990,3707.0
gbr,1991,3686.0
gbr,1992,3612.0
gbr,1993,3529.0
gbr,1994,3385.0
gbr,1995,3259.0
gbr,1996,3103.0
gbr,1997,3004.0
gbr,1998,2913.0
gbr,1999,2849.0
gbr,2000,2785.0
gbr,2001,2683.0
gbr,2002,2575.0
gbr,2003,2514.0
gbr,2004,2561.0
gbr,2005,2614.0
gbr,2006,2618.0
gbr,2007,2648.0
gbr,2008,2662.0
gbr,2009,2651.0
gbr,2010,2562.0
gbr,2011,2515.0
gbr,2012,2426.0
gbr,2013,2347.0
gbr,2014,2186.0
gbr,2015,2126.0
gbr,2016,2119.0
gbr,2017,2136.0
gbr,2018,2123.0
gbr,2019,2075.0
gbr,2020,2026.0
gbr,2021,1947.0
gbr,2022,1967.0
gbr,2023,1984.0
gbr,2024,2029.0
geo,1979,3728.0
geo,1980,3569.0
geo,1981,3450.0
geo,1982,3347.0
geo,1983,3262.0
geo,1984,3237.0
geo,1985,3229.0
geo,1986,3213.0
geo,1987,3144.0
geo,1988,3027.0
geo,1989,2986.0
geo,1990,2958.0
geo,1991,2914.0
geo,1992,2719.0
geo,1993,2463.0
geo,1994,2240.0
geo,1995,2077.0
geo,1996,1975.0
geo,1997,1857.0
geo,1998,1759.0
geo,1999,1669.0
geo,2000,1545.0
geo,2001,1436.0
geo,2002,1303.0
geo,2003,1194.0
geo,2004,1088.0
geo,2005,1005.0
geo,2006,922.00
geo,2007,845.00
geo,2008,794.00
geo,2009,765.00
geo,2010,745.00
geo,2011,666.00
geo,2012,585.00
geo,2013,533.00
geo,2014,494.00
geo,2015,483.00
geo,2016,443.00
geo,2017,404.00
geo,2018,359.00
geo,2019,331.00
geo,2020,309.00
geo,2021,297.00
geo,2022,299.00
geo,2023,281.00
geo,2024,288.00
gha,1967,26183
gha,1968,26464
gha,1969,26762
gha,1970,27344
gha,1971,27673
gha,1972,27976
gha,1973,28120
gha,1974,28139
gha,1975,28068
gha,1976,27953
gha,1977,27934
gha,1978,28066
gha,1979,28364
gha,1980,28782
gha,1981,29366
gha,1982,29738
gha,1983,29964
gha,1984,30248
gha,1985,30460
gha,1986,30251
gha,1987,30007
gha,1988,29612
gha,1989,29107
gha,1990,28716
gha,1991,28380
gha,1992,28068
gha,1993,27744
gha,1994,27536
gha,1995,27166
gha,1996,26943
gha,1997,26663
gha,1998,26762
gha,1999,26847
gha,2000,27044
gha,2001,27354
gha,2002,27234
gha,2003,27059
gha,2004,26861
gha,2005,26730
gha,2006,27059
gha,2007,26887
gha,2008,26550
gha,2009,26290
gha,2010,26131
gha,2011,26070
gha,2012,25938
gha,2013,25706
gha,2014,25339
gha,2015,24773
gha,2016,24444
gha,2017,23834
gha,2018,22956
gha,2019,22686
gha,2020,22564
gha,2021,22557
gha,2022,22730
gha,2023,22927
gha,2024,23349
gin,1978,17893
gin,1979,18285
gin,1980,18790
gin,1981,19282
gin,1982,19851
gin,1983,20372
gin,1984,20664
gin,1985,20808
gin,1986,20676
gin,1987,20527
gin,1988,20437
gin,1989,20384
gin,1990,20292
gin,1991,20207
gin,1992,20730
gin,1993,21099
gin,1994,21278
gin,1995,21517
gin,1996,21319
gin,1997,21363
gin,1998,20839
gin,1999,19719
gin,2000,18949
gin,2001,18137
gin,2002,17399
gin,2003,16760
gin,2004,16525
gin,2005,16458
gin,2006,16470
gin,2007,16465
gin,2008,16451
gin,2009,16559
gin,2010,16717
gin,2011,16873
gin,2012,17014
gin,2013,17089
gin,2014,17182
gin,2015,17323
gin,2016,17549
gin,2017,17914
gin,2018,18283
gin,2019,18601
gin,2020,19112
gin,2021,19608
gin,2022,20035
gin,2023,20558
gin,2024,21150
gmb,1991,2967.0
gmb,1992,2973.0
gmb,1993,2983.0
gmb,1994,2976.0
gmb,1995,2978.0
gmb,1996,2944.0
gmb,1997,2895.0
gmb,1998,2855.0
gmb,1999,2819.0
gmb,2000,2773.0
gmb,2001,2737.0
gmb,2002,2724.0
gmb,2003,2720.0
gmb,2004,2728.0
gmb,2005,2754.0
gmb,2006,2786.0
gmb,2007,2816.0
gmb,2008,2817.0
gmb,2009,2806.0
gmb,2010,2819.0
gmb,2011,2839.0
gmb,2012,2861.0
gmb,2013,2884.0
gmb,2014,2863.0
gmb,2015,2797.0
gmb,2016,2722.0
gmb,2017,2660.0
gmb,2018,2601.0
gmb,2019,2552.0
gmb,2020,2565.0
gmb,2021,2598.0
gmb,2022,2642.0
gmb,2023,2691.0
gmb,2024,2745.0
gnb,1989,3393.0
gnb,1990,3363.0
gnb,1991,3287.0
gnb,1992,3279.0
gnb,1993,3326.0
gnb,1994,3380.0
gnb,1995,3434.0
gnb,1996,3459.0
gnb,1997,3433.0
gnb,1998,3433.0
gnb,1999,3402.0
gnb,2000,3373.0
gnb,2001,3346.0
gnb,2002,3312.0
gnb,2003,3315.0
gnb,2004,3322.0
gnb,2005,3325.0
gnb,2006,3349.0
gnb,2007,3364.0
gnb,2008,3380.0
gnb,2009,3357.0
gnb,2010,3351.0
gnb,2011,3354.0
gnb,2012,3388.0
gnb,2013,3429.0
gnb,2014,3474.0
gnb,2015,3477.0
gnb,2016,3474.0
gnb,2017,3483.0
gnb,2018,3465.0
gnb,2019,3505.0
gnb,2020,3557.0
gnb,2021,3612.0
gnb,2022,3661.0
gnb,2023,3719.0
gnb,2024,3772.0
gnq,1991,1412.0
gnq,1992,1424.0
gnq,1993,1446.0
gnq,1994,1471.0
gnq,1995,1489.0
gnq,1996,1516.0
gnq,1997,1530.0
gnq,1998,1559.0
gnq,1999,1583.0
gnq,2000,1620.0
gnq,2001,1667.0
gnq,2002,1748.0
gnq,2003,1823.0
gnq,2004,1902.0
gnq,2005,1967.0
gnq,2006,2024.0
gnq,2007,2035.0
gnq,2008,2054.0
gnq,2009,2069.0
gnq,2010,2101.0
gnq,2011,2177.0
gnq,2012,2258.0
gnq,2013,2335.0
gnq,2014,2410.0
gnq,2015,2489.0
gnq,2016,2549.0
gnq,2017,2613.0
gnq,2018,2667.0
gnq,2019,2738.0
gnq,2020,2794.0
gnq,2021,2880.0
gnq,2022,2918.0
gnq,2023,2964.0
gnq,2024,3013.0
grc,1962,3377.0
grc,1963,3336.0
grc,1964,3313.0
grc,1965,3409.0
grc,1966,3481.0
grc,1967,3225.0
grc,1968,3800.0
grc,1969,3263.0
grc,1970,3593.0
grc,1971,3076.0
grc,1972,3048.0
grc,1973,2885.0
grc,1974,2701.0
grc,1975,2642.0
grc,1976,2587.0
grc,1977,2575.0
grc,1978,2472.0
grc,1979,2347.0
grc,1980,2226.0
grc,1981,2086.0
grc,1982,1915.0
grc,1983,1747.0
grc,1984,1588.0
grc,1985,1426.0
grc,1986,1261.0
grc,1987,1125.0
grc,1988,992.00
grc,1989,892.00
grc,1990,795.00
grc,1991,731.00
grc,1992,693.00
grc,1993,673.00
grc,1994,655.00
grc,1995,644.00
grc,1996,616.00
grc,1997,585.00
grc,1998,551.00
grc,1999,509.00
grc,2000,471.00
grc,2001,438.00
grc,2002,403.00
grc,2003,369.00
grc,2004,333.00
grc,2005,306.00
grc,2006,287.00
grc,2007,279.00
grc,2008,265.00
grc,2009,266.00
grc,2010,263.00
grc,2011,260.00
grc,2012,251.00
grc,2013,249.00
grc,2014,245.00
grc,2015,249.00
grc,2016,252.00
grc,2017,254.00
grc,2018,240.00
grc,2019,230.00
grc,2020,220.00
grc,2021,222.00
grc,2022,230.00
grc,2023,203.00
grc,2024,206.00
grd,1991,37.000
grd,1992,35.000
grd,1993,31.000
grd,1994,27.000
grd,1995,24.000
grd,1996,23.000
grd,1997,21.000
grd,1998,20.000
grd,1999,17.000
grd,2000,16.000
grd,2001,17.000
grd,2002,17.000
grd,2003,17.000
grd,2004,17.000
grd,2005,17.000
grd,2006,17.000
grd,2007,17.000
grd,2008,17.000
grd,2009,17.000
grd,2010,18.000
grd,2011,19.000
grd,2012,19.000
grd,2013,20.000
grd,2014,21.000
grd,2015,21.000
grd,2016,20.000
grd,2017,20.000
grd,2018,18.000
grd,2019,20.000
grd,2020,21.000
grd,2021,21.000
grd,2022,22.000
grd,2023,22.000
grd,2024,22.000
gtm,1966,14613
gtm,1967,14536
gtm,1968,14423
gtm,1969,14335
gtm,1970,14308
gtm,1971,14196
gtm,1972,14105
gtm,1973,13939
gtm,1974,13794
gtm,1975,13696
gtm,1976,13541
gtm,1977,13478
gtm,1978,13183
gtm,1979,13044
gtm,1980,12933
gtm,1981,12857
gtm,1982,12730
gtm,1983,12628
gtm,1984,12279
gtm,1985,11957
gtm,1986,11691
gtm,1987,11574
gtm,1988,11495
gtm,1989,11448
gtm,1990,11317
gtm,1991,11137
gtm,1992,10954
gtm,1993,10806
gtm,1994,10698
gtm,1995,10601
gtm,1996,10467
gtm,1997,10307
gtm,1998,10127
gtm,1999,9950.0
gtm,2000,9760.0
gtm,2001,9591.0
gtm,2002,9415.0
gtm,2003,9158.0
gtm,2004,8912.0
gtm,2005,8689.0
gtm,2006,8411.0
gtm,2007,8188.0
gtm,2008,8005.0
gtm,2009,7793.0
gtm,2010,7624.0
gtm,2011,7443.0
gtm,2012,7294.0
gtm,2013,7167.0
gtm,2014,6985.0
gtm,2015,6873.0
gtm,2016,6765.0
gtm,2017,6663.0
gtm,2018,6480.0
gtm,2019,6308.0
gtm,2020,6036.0
gtm,2021,5840.0
gtm,2022,5712.0
gtm,2023,5692.0
gtm,2024,5710.0
guy,1954,1194.0
guy,1955,1194.0
guy,1956,1196.0
guy,1957,1191.0
guy,1958,1188.0
guy,1959,1182.0
guy,1960,1175.0
guy,1961,1174.0
guy,1962,1160.0
guy,1963,1145.0
guy,1964,1134.0
guy,1965,1121.0
guy,1966,1111.0
guy,1967,1100.0
guy,1968,1087.0
guy,1969,1084.0
guy,1970,1079.0
guy,1971,1075.0
guy,1972,1069.0
guy,1973,1062.0
guy,1974,1047.0
guy,1975,1026.0
guy,1976,1014.0
guy,1977,999.00
guy,1978,981.00
guy,1979,963.00
guy,1980,950.00
guy,1981,935.00
guy,1982,933.00
guy,1983,930.00
guy,1984,924.00
guy,1985,904.00
guy,1986,886.00
guy,1987,863.00
guy,1988,842.00
guy,1989,820.00
guy,1990,801.00
guy,1991,790.00
guy,1992,780.00
guy,1993,776.00
guy,1994,774.00
guy,1995,774.00
guy,1996,765.00
guy,1997,748.00
guy,1998,727.00
guy,1999,695.00
guy,2000,658.00
guy,2001,621.00
guy,2002,583.00
guy,2003,545.00
guy,2004,513.00
guy,2005,492.00
guy,2006,480.00
guy,2007,477.00
guy,2008,477.00
guy,2009,478.00
guy,2010,480.00
guy,2011,482.00
guy,2012,489.00
guy,2013,494.00
guy,2014,503.00
guy,2015,508.00
guy,2016,508.00
guy,2017,506.00
guy,2018,504.00
guy,2019,497.00
guy,2020,521.00
guy,2021,504.00
guy,2022,501.00
guy,2023,497.00
guy,2024,488.00
hnd,1974,6151.0
hnd,1975,6171.0
hnd,1976,6161.0
hnd,1977,6155.0
hnd,1978,6125.0
hnd,1979,6085.0
hnd,1980,6040.0
hnd,1981,5964.0
hnd,1982,5850.0
hnd,1983,5731.0
hnd,1984,5607.0
hnd,1985,5452.0
hnd,1986,5323.0
hnd,1987,5189.0
hnd,1988,5053.0
hnd,1989,4930.0
hnd,1990,4788.0
hnd,1991,4695.0
hnd,1992,4625.0
hnd,1993,4579.0
hnd,1994,4557.0
hnd,1995,4546.0
hnd,1996,4549.0
hnd,1997,4541.0
hnd,1998,4528.0
hnd,1999,4612.0
hnd,2000,4511.0
hnd,2001,4511.0
hnd,2002,4394.0
hnd,2003,4243.0
hnd,2004,4099.0
hnd,2005,3986.0
hnd,2006,3893.0
hnd,2007,3793.0
hnd,2008,3737.0
hnd,2009,3671.0
hnd,2010,3602.0
hnd,2011,3508.0
hnd,2012,3417.0
hnd,2013,3344.0
hnd,2014,3254.0
hnd,2015,3191.0
hnd,2016,3152.0
hnd,2017,3117.0
hnd,2018,3083.0
hnd,2019,3084.0
hnd,2020,3059.0
hnd,2021,3037.0
hnd,2022,3027.0
hnd,2023,3032.0
hnd,2024,3035.0
hrv,1984,954.00
hrv,1985,901.00
hrv,1986,824.00
hrv,1987,736.00
hrv,1988,656.00
hrv,1989,578.00
hrv,1990,516.00
hrv,1991,487.00
hrv,1992,454.00
hrv,1993,412.00
hrv,1994,393.00
hrv,1995,362.00
hrv,1996,341.00
hrv,1997,333.00
hrv,1998,316.00
hrv,1999,272.00
hrv,2000,254.00
hrv,2001,240.00
hrv,2002,230.00
hrv,2003,214.00
hrv,2004,200.00
hrv,2005,189.00
hrv,2006,190.00
hrv,2007,177.00
hrv,2008,173.00
hrv,2009,175.00
hrv,2010,174.00
hrv,2011,163.00
hrv,2012,149.00
hrv,2013,145.00
hrv,2014,135.00
hrv,2015,132.00
hrv,2016,122.00
hrv,2017,118.00
hrv,2018,112.00
hrv,2019,111.00
hrv,2020,108.00
hrv,2021,106.00
hrv,2022,112.00
hrv,2023,103.00
hrv,2024,98.000
hti,1962,17940
hti,1963,18037
hti,1964,18070
hti,1965,18112
hti,1966,18060
hti,1967,18025
hti,1968,17956
hti,1969,17793
hti,1970,17696
hti,1971,17480
hti,1972,17356
hti,1973,17223
hti,1974,16981
hti,1975,16761
hti,1976,16516
hti,1977,16247
hti,1978,15984
hti,1979,15614
hti,1980,15228
hti,1981,14798
hti,1982,14384
hti,1983,14076
hti,1984,13788
hti,1985,13610
hti,1986,13377
hti,1987,13077
hti,1988,12728
hti,1989,12321
hti,1990,11902
hti,1991,11486
hti,1992,11011
hti,1993,10617
hti,1994,10281
hti,1995,10070
hti,1996,9824.0
hti,1997,9583.0
hti,1998,9372.0
hti,1999,9169.0
hti,2000,9035.0
hti,2001,8976.0
hti,2002,8785.0
hti,2003,8707.0
hti,2004,8728.0
hti,2005,8750.0
hti,2006,8770.0
hti,2007,8842.0
hti,2008,8871.0
hti,2009,8889.0
hti,2010,8950.0
hti,2011,9207.0
hti,2012,8955.0
hti,2013,8939.0
hti,2014,8922.0
hti,2015,9035.0
hti,2016,9153.0
hti,2017,9252.0
hti,2018,9331.0
hti,2019,9433.0
hti,2020,9499.0
hti,2021,9589.0
hti,2022,9603.0
hti,2023,9652.0
hti,2024,9782.0
hun,1962,3970.0
hun,1963,3644.0
hun,1964,3676.0
hun,1965,3715.0
hun,1966,3777.0
hun,1967,3972.0
hun,1968,4267.0
hun,1969,4396.0
hun,1970,4391.0
hun,1971,4341.0
hun,1972,4346.0
hun,1973,4438.0
hun,1974,4519.0
hun,1975,5212.0
hun,1976,5156.0
hun,1977,4555.0
hun,1978,3985.0
hun,1979,3441.0
hun,1980,3018.0
hun,1981,2605.0
hun,1982,2351.0
hun,1983,2131.0
hun,1984,2001.0
hun,1985,1965.0
hun,1986,1975.0
hun,1987,1854.0
hun,1988,1706.0
hun,1989,1566.0
hun,1990,1471.0
hun,1991,1431.0
hun,1992,1386.0
hun,1993,1247.0
hun,1994,1085.0
hun,1995,968.00
hun,1996,869.00
hun,1997,777.00
hun,1998,707.00
hun,1999,647.00
hun,2000,598.00
hun,2001,581.00
hun,2002,552.00
hun,2003,519.00
hun,2004,471.00
hun,2005,441.00
hun,2006,423.00
hun,2007,411.00
hun,2008,388.00
hun,2009,376.00
hun,2010,356.00
hun,2011,325.00
hun,2012,307.00
hun,2013,299.00
hun,2014,284.00
hun,2015,279.00
hun,2016,262.00
hun,2017,253.00
hun,2018,236.00
hun,2019,222.00
hun,2020,214.00
hun,2021,215.00
hun,2022,216.00
hun,2023,206.00
hun,2024,197.00
idn,1955,246580
idn,1956,248150
idn,1957,249290
idn,1958,250240
idn,1959,251500
idn,1960,252590
idn,1961,253630
idn,1962,254360
idn,1963,254540
idn,1964,254890
idn,1965,255500
idn,1966,258380
idn,1967,254350
idn,1968,252390
idn,1969,250190
idn,1970,248610
idn,1971,245880
idn,1972,242300
idn,1973,239070
idn,1974,235970
idn,1975,229150
idn,1976,225980
idn,1977,221680
idn,1978,217440
idn,1979,215240
idn,1980,212130
idn,1981,207570
idn,1982,203140
idn,1983,199000
idn,1984,193280
idn,1985,187350
idn,1986,177790
idn,1987,170140
idn,1988,166610
idn,1989,164390
idn,1990,160770
idn,1991,155600
idn,1992,153770
idn,1993,149120
idn,1994,146430
idn,1995,143610
idn,1996,140370
idn,1997,137130
idn,1998,132600
idn,1999,126290
idn,2000,119550
idn,2001,114410
idn,2002,110760
idn,2003,107650
idn,2004,104840
idn,2005,104120
idn,2006,103810
idn,2007,102830
idn,2008,102420
idn,2009,99219
idn,2010,96611
idn,2011,94547
idn,2012,93698
idn,2013,90805
idn,2014,85488
idn,2015,81177
idn,2016,77366
idn,2017,74303
idn,2018,70713
idn,2019,68442
idn,2020,67298
idn,2021,66405
idn,2022,65441
idn,2023,65055
idn,2024,64400
ind,1971,1991500
ind,1972,2012900
ind,1973,2023300
ind,1974,2034100
ind,1975,2037700
ind,1976,2022200
ind,1977,2023100
ind,1978,1991500
ind,1979,1967600
ind,1980,1960600
ind,1981,1960700
ind,1982,1949300
ind,1983,1928800
ind,1984,1913200
ind,1985,1899300
ind,1986,1869500
ind,1987,1856500
ind,1988,1813400
ind,1989,1780100
ind,1990,1743300
ind,1991,1702700
ind,1992,1672100
ind,1993,1638300
ind,1994,1603000
ind,1995,1575300
ind,1996,1544600
ind,1997,1513000
ind,1998,1476800
ind,1999,1441300
ind,2000,1404800
ind,2001,1375800
ind,2002,1343000
ind,2003,1291100
ind,2004,1235200
ind,2005,1184900
ind,2006,1129200
ind,2007,1079300
ind,2008,1031900
ind,2009,993300
ind,2010,960290
ind,2011,914190
ind,2012,871340
ind,2013,829030
ind,2014,782470
ind,2015,723440
ind,2016,695710
ind,2017,669510
ind,2018,624550
ind,2019,602850
ind,2020,562350
ind,2021,522620
ind,2022,497280
ind,2023,479770
ind,2024,467100
irl,1962,1248.0
irl,1963,1220.0
irl,1964,1196.0
irl,1965,1166.0
irl,1966,1117.0
irl,1967,1048.0
irl,1968,977.00
irl,1969,917.00
irl,1970,894.00
irl,1971,874.00
irl,1972,877.00
irl,1973,869.00
irl,1974,860.00
irl,1975,847.00
irl,1976,798.00
irl,1977,762.00
irl,1978,719.00
irl,1979,668.00
irl,1980,621.00
irl,1981,573.00
irl,1982,514.00
irl,1983,471.00
irl,1984,422.00
irl,1985,382.00
irl,1986,351.00
irl,1987,330.00
irl,1988,305.00
irl,1989,282.00
irl,1990,265.00
irl,1991,265.00
irl,1992,258.00
irl,1993,243.00
irl,1994,229.00
irl,1995,219.00
irl,1996,215.00
irl,1997,218.00
irl,1998,225.00
irl,1999,231.00
irl,2000,231.00
irl,2001,232.00
irl,2002,236.00
irl,2003,235.00
irl,2004,226.00
irl,2005,212.00
irl,2006,192.00
irl,2007,187.00
irl,2008,193.00
irl,2009,199.00
irl,2010,199.00
irl,2011,199.00
irl,2012,198.00
irl,2013,193.00
irl,2014,184.00
irl,2015,175.00
irl,2016,166.00
irl,2017,158.00
irl,2018,151.00
irl,2019,148.00
irl,2020,146.00
irl,2021,143.00
irl,2022,159.00
irl,2023,150.00
irl,2024,160.00
irn,1991,63131
irn,1992,57788
irn,1993,51528
irn,1994,45066
irn,1995,37479
irn,1996,32610
irn,1997,29023
irn,1998,26703
irn,1999,25425
irn,2000,24930
irn,2001,24610
irn,2002,24366
irn,2003,23966
irn,2004,23317
irn,2005,23316
irn,2006,23012
irn,2007,22819
irn,2008,22372
irn,2009,21750
irn,2010,21426
irn,2011,21432
irn,2012,21818
irn,2013,22411
irn,2014,22944
irn,2015,23594
irn,2016,23818
irn,2017,23943
irn,2018,23207
irn,2019,21630
irn,2020,19471
irn,2021,18348
irn,2022,17936
irn,2023,17627
irn,2024,17306
irq,1985,20098
irq,1986,20036
irq,1987,19854
irq,1988,19940
irq,1989,20349
irq,1990,20848
irq,1991,21269
irq,1992,20761
irq,1993,20707
irq,1994,21011
irq,1995,21839
irq,1996,22091
irq,1997,22378
irq,1998,22809
irq,1999,23083
irq,2000,23408
irq,2001,23556
irq,2002,23641
irq,2003,23599
irq,2004,23836
irq,2005,24069
irq,2006,24124
irq,2007,24636
irq,2008,23749
irq,2009,23159
irq,2010,23582
irq,2011,24191
irq,2012,25048
irq,2013,25181
irq,2014,25297
irq,2015,25128
irq,2016,24034
irq,2017,22919
irq,2018,21945
irq,2019,21647
irq,2020,21514
irq,2021,21438
irq,2022,21417
irq,2023,21452
irq,2024,21678
isl,1956,60.000
isl,1957,60.000
isl,1958,59.000
isl,1959,58.000
isl,1960,59.000
isl,1961,60.000
isl,1962,56.000
isl,1963,57.000
isl,1964,58.000
isl,1965,57.000
isl,1966,56.000
isl,1967,54.000
isl,1968,51.000
isl,1969,47.000
isl,1970,46.000
isl,1971,43.000
isl,1972,43.000
isl,1973,45.000
isl,1974,42.000
isl,1975,37.000
isl,1976,36.000
isl,1977,33.000
isl,1978,29.000
isl,1979,28.000
isl,1980,29.000
isl,1981,27.000
isl,1982,25.000
isl,1983,24.000
isl,1984,23.000
isl,1985,20.000
isl,1986,18.000
isl,1987,18.000
isl,1988,18.000
isl,1989,19.000
isl,1990,18.000
isl,1991,18.000
isl,1992,17.000
isl,1993,16.000
isl,1994,16.000
isl,1995,14.000
isl,1996,13.000
isl,1997,13.000
isl,1998,12.000
isl,1999,11.000
isl,2000,11.000
isl,2001,10.000
isl,2002,9.0000
isl,2003,9.0000
isl,2004,9.0000
isl,2005,8.0000
isl,2006,8.0000
isl,2007,8.0000
isl,2008,8.0000
isl,2009,8.0000
isl,2010,8.0000
isl,2011,8.0000
isl,2012,7.0000
isl,2013,7.0000
isl,2014,7.0000
isl,2015,7.0000
isl,2016,7.0000
isl,2017,6.0000
isl,2018,6.0000
isl,2019,7.0000
isl,2020,7.0000
isl,2021,8.0000
isl,2022,8.0000
isl,2023,8.0000
isl,2024,8.0000
isr,1977,1210.0
isr,1978,1136.0
isr,1979,1039.0
isr,1980,993.00
isr,1981,940.00
isr,1982,877.00
isr,1983,855.00
isr,1984,825.00
isr,1985,781.00
isr,1986,753.00
isr,1987,727.00
isr,1988,694.00
isr,1989,665.00
isr,1990,625.00
isr,1991,598.00
isr,1992,593.00
isr,1993,589.00
isr,1994,563.00
isr,1995,536.00
isr,1996,517.00
isr,1997,501.00
isr,1998,494.00
isr,1999,495.00
isr,2000,485.00
isr,2001,489.00
isr,2002,479.00
isr,2003,471.00
isr,2004,460.00
isr,2005,428.00
isr,2006,398.00
isr,2007,387.00
isr,2008,381.00
isr,2009,384.00
isr,2010,391.00
isr,2011,399.00
isr,2012,392.00
isr,2013,390.00
isr,2014,381.00
isr,2015,380.00
isr,2016,373.00
isr,2017,368.00
isr,2018,363.00
isr,2019,354.00
isr,2020,342.00
isr,2021,328.00
isr,2022,333.00
isr,2023,325.00
isr,2024,320.00
ita,1962,22334
ita,1963,21824
ita,1964,22248
ita,1965,23627
ita,1966,23163
ita,1967,22418
ita,1968,21137
ita,1969,20376
ita,1970,19721
ita,1971,18870
ita,1972,18663
ita,1973,17800
ita,1974,16559
ita,1975,15215
ita,1976,13447
ita,1977,11940
ita,1978,10620
ita,1979,9468.0
ita,1980,8345.0
ita,1981,7419.0
ita,1982,6736.0
ita,1983,6268.0
ita,1984,5752.0
ita,1985,5329.0
ita,1986,4940.0
ita,1987,4487.0
ita,1988,4216.0
ita,1989,4136.0
ita,1990,3942.0
ita,1991,3792.0
ita,1992,3500.0
ita,1993,3275.0
ita,1994,2972.0
ita,1995,2743.0
ita,1996,2564.0
ita,1997,2425.0
ita,1998,2293.0
ita,1999,2145.0
ita,2000,2039.0
ita,2001,1935.0
ita,2002,1792.0
ita,2003,1693.0
ita,2004,1629.0
ita,2005,1631.0
ita,2006,1560.0
ita,2007,1509.0
ita,2008,1462.0
ita,2009,1464.0
ita,2010,1438.0
ita,2011,1403.0
ita,2012,1335.0
ita,2013,1266.0
ita,2014,1182.0
ita,2015,1120.0
ita,2016,1055.0
ita,2017,996.00
ita,2018,932.00
ita,2019,858.00
ita,2020,794.00
ita,2021,742.00
ita,2022,720.00
ita,2023,701.00
ita,2024,677.00
jam,1958,2887.0
jam,1959,2875.0
jam,1960,2805.0
jam,1961,2781.0
jam,1962,2681.0
jam,1963,2581.0
jam,1964,2512.0
jam,1965,2439.0
jam,1966,2329.0
jam,1967,2242.0
jam,1968,2162.0
jam,1969,2072.0
jam,1970,1988.0
jam,1971,1921.0
jam,1972,1860.0
jam,1973,1813.0
jam,1974,1812.0
jam,1975,1743.0
jam,1976,1719.0
jam,1977,1695.0
jam,1978,1676.0
jam,1979,1665.0
jam,1980,1660.0
jam,1981,1652.0
jam,1982,1654.0
jam,1983,1656.0
jam,1984,1659.0
jam,1985,1636.0
jam,1986,1591.0
jam,1987,1540.0
jam,1988,1492.0
jam,1989,1455.0
jam,1990,1411.0
jam,1991,1403.0
jam,1992,1408.0
jam,1993,1407.0
jam,1994,1371.0
jam,1995,1328.0
jam,1996,1279.0
jam,1997,1233.0
jam,1998,1179.0
jam,1999,1121.0
jam,2000,1060.0
jam,2001,996.00
jam,2002,963.00
jam,2003,943.00
jam,2004,930.00
jam,2005,911.00
jam,2006,892.00
jam,2007,868.00
jam,2008,840.00
jam,2009,808.00
jam,2010,775.00
jam,2011,736.00
jam,2012,695.00
jam,2013,657.00
jam,2014,622.00
jam,2015,589.00
jam,2016,561.00
jam,2017,536.00
jam,2018,518.00
jam,2019,509.00
jam,2020,508.00
jam,2021,509.00
jam,2022,516.00
jam,2023,521.00
jam,2024,522.00
jor,1955,1546.0
jor,1956,1617.0
jor,1957,1685.0
jor,1958,1750.0
jor,1959,1818.0
jor,1960,1889.0
jor,1961,1964.0
jor,1962,2043.0
jor,1963,2095.0
jor,1964,2131.0
jor,1965,2164.0
jor,1966,2194.0
jor,1967,2258.0
jor,1968,2349.0
jor,1969,2463.0
jor,1970,2554.0
jor,1971,2616.0
jor,1972,2663.0
jor,1973,2682.0
jor,1974,2682.0
jor,1975,2678.0
jor,1976,2673.0
jor,1977,2660.0
jor,1978,2665.0
jor,1979,2664.0
jor,1980,2689.0
jor,1981,2725.0
jor,1982,2763.0
jor,1983,2810.0
jor,1984,2851.0
jor,1985,2873.0
jor,1986,2881.0
jor,1987,2882.0
jor,1988,2854.0
jor,1989,2834.0
jor,1990,2810.0
jor,1991,2769.0
jor,1992,3010.0
jor,1993,3031.0
jor,1994,3061.0
jor,1995,3088.0
jor,1996,3092.0
jor,1997,3037.0
jor,1998,2940.0
jor,1999,2803.0
jor,2000,2714.0
jor,2001,2639.0
jor,2002,2589.0
jor,2003,2585.0
jor,2004,2581.0
jor,2005,2509.0
jor,2006,2441.0
jor,2007,2452.0
jor,2008,2681.0
jor,2009,2713.0
jor,2010,2678.0
jor,2011,2616.0
jor,2012,2555.0
jor,2013,2486.0
jor,2014,2379.0
jor,2015,2502.0
jor,2016,2600.0
jor,2017,2694.0
jor,2018,2662.0
jor,2019,2632.0
jor,2020,2609.0
jor,2021,2572.0
jor,2022,2563.0
jor,2023,2540.0
jor,2024,2527.0
jpn,1970,17917
jpn,1971,17385
jpn,1972,17440
jpn,1973,17095
jpn,1974,16608
jpn,1975,15313
jpn,1976,13633
jpn,1977,12403
jpn,1978,11213
jpn,1979,10197
jpn,1980,9125.0
jpn,1981,8085.0
jpn,1982,7211.0
jpn,1983,6582.0
jpn,1984,6039.0
jpn,1985,5492.0
jpn,1986,4857.0
jpn,1987,4342.0
jpn,1988,3950.0
jpn,1989,3621.0
jpn,1990,3291.0
jpn,1991,3098.0
jpn,1992,3021.0
jpn,1993,2922.0
jpn,1994,2804.0
jpn,1995,2808.0
jpn,1996,2634.0
jpn,1997,2549.0
jpn,1998,2426.0
jpn,1999,2341.0
jpn,2000,2232.0
jpn,2001,2187.0
jpn,2002,2100.0
jpn,2003,1999.0
jpn,2004,1866.0
jpn,2005,1744.0
jpn,2006,1592.0
jpn,2007,1533.0
jpn,2008,1459.0
jpn,2009,1391.0
jpn,2010,1308.0
jpn,2011,1243.0
jpn,2012,1167.0
jpn,2013,1104.0
jpn,2014,1049.0
jpn,2015,992.00
jpn,2016,956.00
jpn,2017,905.00
jpn,2018,857.00
jpn,2019,817.00
jpn,2020,766.00
jpn,2021,733.00
jpn,2022,696.00
jpn,2023,668.00
jpn,2024,637.00
kaz,1974,11624
kaz,1975,11431
kaz,1976,11233
kaz,1977,11067
kaz,1978,11049
kaz,1979,11004
kaz,1980,11266
kaz,1981,11604
kaz,1982,11552
kaz,1983,11491
kaz,1984,11722
kaz,1985,12064
kaz,1986,12290
kaz,1987,12146
kaz,1988,11796
kaz,1989,11222
kaz,1990,10652
kaz,1991,10220
kaz,1992,10103
kaz,1993,9969.0
kaz,1994,9788.0
kaz,1995,9525.0
kaz,1996,8956.0
kaz,1997,8220.0
kaz,1998,7596.0
kaz,1999,7220.0
kaz,2000,6804.0
kaz,2001,6654.0
kaz,2002,6555.0
kaz,2003,6574.0
kaz,2004,6731.0
kaz,2005,6848.0
kaz,2006,6722.0
kaz,2007,6578.0
kaz,2008,6337.0
kaz,2009,5996.0
kaz,2010,5276.0
kaz,2011,4709.0
kaz,2012,4113.0
kaz,2013,3587.0
kaz,2014,3074.0
kaz,2015,2713.0
kaz,2016,2379.0
kaz,2017,2199.0
kaz,2018,2049.0
kaz,2019,2064.0
kaz,2020,2077.0
kaz,2021,2235.0
kaz,2022,2333.0
kaz,2023,2058.0
kaz,2024,1890.0
ken,1956,23302
ken,1957,23404
ken,1958,23609
ken,1959,23723
ken,1960,23607
ken,1961,23517
ken,1962,23564
ken,1963,23609
ken,1964,23664
ken,1965,23764
ken,1966,24066
ken,1967,24478
ken,1968,24872
ken,1969,25279
ken,1970,25697
ken,1971,26103
ken,1972,26390
ken,1973,26430
ken,1974,26405
ken,1975,26306
ken,1976,26391
ken,1977,26607
ken,1978,26731
ken,1979,27052
ken,1980,27243
ken,1981,27534
ken,1982,27999
ken,1983,28337
ken,1984,28621
ken,1985,28937
ken,1986,29236
ken,1987,29489
ken,1988,29764
ken,1989,29785
ken,1990,29815
ken,1991,29793
ken,1992,29880
ken,1993,30116
ken,1994,30548
ken,1995,30970
ken,1996,31867
ken,1997,32683
ken,1998,33653
ken,1999,34683
ken,2000,35298
ken,2001,36077
ken,2002,36788
ken,2003,37217
ken,2004,37427
ken,2005,37700
ken,2006,38031
ken,2007,38398
ken,2008,38870
ken,2009,39205
ken,2010,39300
ken,2011,39308
ken,2012,39049
ken,2013,38667
ken,2014,38367
ken,2015,38328
ken,2016,38356
ken,2017,38166
ken,2018,38040
ken,2019,37837
ken,2020,37332
ken,2021,37540
ken,2022,38239
ken,2023,38837
ken,2024,39570
kgz,1981,4278.0
kgz,1982,4261.0
kgz,1983,4270.0
kgz,1984,4265.0
kgz,1985,4328.0
kgz,1986,4381.0
kgz,1987,4429.0
kgz,1988,4380.0
kgz,1989,4257.0
kgz,1990,4143.0
kgz,1991,4063.0
kgz,1992,4099.0
kgz,1993,4129.0
kgz,1994,4009.0
kgz,1995,3786.0
kgz,1996,3762.0
kgz,1997,3523.0
kgz,1998,3209.0
kgz,1999,3042.0
kgz,2000,2900.0
kgz,2001,2693.0
kgz,2002,2603.0
kgz,2003,2563.0
kgz,2004,2551.0
kgz,2005,2560.0
kgz,2006,2559.0
kgz,2007,2656.0
kgz,2008,2656.0
kgz,2009,2639.0
kgz,2010,2656.0
kgz,2011,2703.0
kgz,2012,2648.0
kgz,2013,2568.0
kgz,2014,2432.0
kgz,2015,2374.0
kgz,2016,2258.0
kgz,2017,2111.0
kgz,2018,2031.0
kgz,2019,2186.0
kgz,2020,2201.0
kgz,2021,2005.0
kgz,2022,1904.0
kgz,2023,1869.0
kgz,2024,1885.0
khm,1979,9566.0
khm,1980,11342
khm,1981,14687
khm,1982,14312
khm,1983,14282
khm,1984,14370
khm,1985,14767
khm,1986,14807
khm,1987,14870
khm,1988,15075
khm,1989,15290
khm,1990,14995
khm,1991,15357
khm,1992,15576
khm,1993,15682
khm,1994,16687
khm,1995,17022
khm,1996,16878
khm,1997,16633
khm,1998,15612
khm,1999,15350
khm,2000,14645
khm,2001,14012
khm,2002,13284
khm,2003,12508
khm,2004,11768
khm,2005,11131
khm,2006,10731
khm,2007,10474
khm,2008,10285
khm,2009,9988.0
khm,2010,9711.0
khm,2011,9343.0
khm,2012,9095.0
khm,2013,9170.0
khm,2014,9300.0
khm,2015,9397.0
khm,2016,9537.0
khm,2017,9630.0
khm,2018,9732.0
khm,2019,9721.0
khm,2020,9697.0
khm,2021,9632.0
khm,2022,9581.0
khm,2023,9445.0
khm,2024,9289.0
kir,1991,127.00
kir,1992,124.00
kir,1993,119.00
kir,1994,114.00
kir,1995,110.00
kir,1996,107.00
kir,1997,105.00
kir,1998,102.00
kir,1999,100.00
kir,2000,96.000
kir,2001,93.000
kir,2002,89.000
kir,2003,86.000
kir,2004,84.000
kir,2005,85.000
kir,2006,86.000
kir,2007,89.000
kir,2008,92.000
kir,2009,97.000
kir,2010,102.00
kir,2011,106.00
kir,2012,110.00
kir,2013,112.00
kir,2014,113.00
kir,2015,115.00
kir,2016,118.00
kir,2017,122.00
kir,2018,127.00
kir,2019,131.00
kir,2020,133.00
kir,2021,135.00
kir,2022,137.00
kir,2023,139.00
kir,2024,139.00
kna,1979,33.000
kna,1980,33.000
kna,1981,33.000
kna,1982,33.000
kna,1983,32.000
kna,1984,31.000
kna,1985,28.000
kna,1986,27.000
kna,1987,24.000
kna,1988,23.000
kna,1989,21.000
kna,1990,21.000
kna,1991,20.000
kna,1992,19.000
kna,1993,17.000
kna,1994,17.000
kna,1995,17.000
kna,1996,17.000
kna,1997,16.000
kna,1998,16.000
kna,1999,16.000
kna,2000,15.000
kna,2001,14.000
kna,2002,13.000
kna,2003,13.000
kna,2004,12.000
kna,2005,11.000
kna,2006,11.000
kna,2007,11.000
kna,2008,10.000
kna,2009,10.000
kna,2010,10.000
kna,2011,10.000
kna,2012,10.000
kna,2013,10.000
kna,2014,10.000
kna,2015,10.000
kna,2016,10.000
kna,2017,10.000
kna,2018,10.000
kna,2019,10.000
kna,2020,10.000
kna,2021,10.000
kna,2022,10.000
kna,2023,9.0000
kna,2024,9.0000
kor,1953,40229
kor,1954,38906
kor,1955,37577
kor,1956,36646
kor,1957,36284
kor,1958,36292
kor,1959,36658
kor,1960,36843
kor,1961,36758
kor,1962,36250
kor,1963,35131
kor,1964,34036
kor,1965,32454
kor,1966,31009
kor,1967,30096
kor,1968,28860
kor,1969,28073
kor,1970,27422
kor,1971,27082
kor,1972,25526
kor,1973,23743
kor,1974,22359
kor,1975,21027
kor,1976,19906
kor,1977,19044
kor,1978,18255
kor,1979,17020
kor,1980,17464
kor,1981,17319
kor,1982,17080
kor,1983,15483
kor,1984,13111
kor,1985,10914
kor,1986,9506.0
kor,1987,8398.0
kor,1988,7470.0
kor,1989,6805.0
kor,1990,6259.0
kor,1991,5904.0
kor,1992,5762.0
kor,1993,5334.0
kor,1994,4725.0
kor,1995,4280.0
kor,1996,3857.0
kor,1997,3441.0
kor,1998,3062.0
kor,1999,2689.0
kor,2000,2400.0
kor,2001,2188.0
kor,2002,1861.0
kor,2003,1587.0
kor,2004,1440.0
kor,2005,1285.0
kor,2006,1118.0
kor,2007,1037.0
kor,2008,1002.0
kor,2009,911.00
kor,2010,850.00
kor,2011,851.00
kor,2012,849.00
kor,2013,847.00
kor,2014,790.00
kor,2015,764.00
kor,2016,742.00
kor,2017,683.00
kor,2018,598.00
kor,2019,527.00
kor,2020,461.00
kor,2021,399.00
kor,2022,363.00
kor,2023,345.00
kor,2024,311.00
kwt,1987,709.00
kwt,1988,677.00
kwt,1989,653.00
kwt,1990,626.00
kwt,1991,587.00
kwt,1992,268.00
kwt,1993,342.00
kwt,1994,341.00
kwt,1995,352.00
kwt,1996,356.00
kwt,1997,346.00
kwt,1998,331.00
kwt,1999,318.00
kwt,2000,308.00
kwt,2001,303.00
kwt,2002,301.00
kwt,2003,300.00
kwt,2004,300.00
kwt,2005,304.00
kwt,2006,306.00
kwt,2007,308.00
kwt,2008,311.00
kwt,2009,315.00
kwt,2010,320.00
kwt,2011,320.00
kwt,2012,318.00
kwt,2013,324.00
kwt,2014,315.00
kwt,2015,322.00
kwt,2016,309.00
kwt,2017,307.00
kwt,2018,311.00
kwt,2019,293.00
kwt,2020,281.00
kwt,2021,276.00
kwt,2022,232.00
kwt,2023,250.00
kwt,2024,257.00
lao,1984,9542.0
lao,1985,9626.0
lao,1986,9656.0
lao,1987,9656.0
lao,1988,9722.0
lao,1989,9791.0
lao,1990,9791.0
lao,1991,9798.0
lao,1992,9777.0
lao,1993,9714.0
lao,1994,9630.0
lao,1995,9403.0
lao,1996,9091.0
lao,1997,8826.0
lao,1998,8581.0
lao,1999,8304.0
lao,2000,8051.0
lao,2001,7711.0
lao,2002,7466.0
lao,2003,7191.0
lao,2004,7008.0
lao,2005,6799.0
lao,2006,6446.0
lao,2007,6272.0
lao,2008,6146.0
lao,2009,6042.0
lao,2010,5905.0
lao,2011,5773.0
lao,2012,5646.0
lao,2013,5482.0
lao,2014,5341.0
lao,2015,5193.0
lao,2016,5172.0
lao,2017,5116.0
lao,2018,5061.0
lao,2019,5019.0
lao,2020,5004.0
lao,2021,4966.0
lao,2022,4960.0
lao,2023,4962.0
lao,2024,4968.0
lbn,1975,3389.0
lbn,1976,3378.0
lbn,1977,3538.0
lbn,1978,3349.0
lbn,1979,3333.0
lbn,1980,3299.0
lbn,1981,3275.0
lbn,1982,3246.0
lbn,1983,3255.0
lbn,1984,3035.0
lbn,1985,2945.0
lbn,1986,2816.0
lbn,1987,2720.0
lbn,1988,2685.0
lbn,1989,2582.0
lbn,1990,2438.0
lbn,1991,2288.0
lbn,1992,2132.0
lbn,1993,1984.0
lbn,1994,1841.0
lbn,1995,1707.0
lbn,1996,1594.0
lbn,1997,1533.0
lbn,1998,1474.0
lbn,1999,1425.0
lbn,2000,1376.0
lbn,2001,1319.0
lbn,2002,1266.0
lbn,2003,1199.0
lbn,2004,1120.0
lbn,2005,1046.0
lbn,2006,975.00
lbn,2007,926.00
lbn,2008,888.00
lbn,2009,859.00
lbn,2010,852.00
lbn,2011,861.00
lbn,2012,871.00
lbn,2013,876.00
lbn,2014,901.00
lbn,2015,1032.0
lbn,2016,1094.0
lbn,2017,1060.0
lbn,2018,1022.0
lbn,2019,996.00
lbn,2020,981.00
lbn,2021,976.00
lbn,2022,1023.0
lbn,2023,1094.0
lbn,2024,1173.0
lbr,1965,7637.0
lbr,1966,7687.0
lbr,1967,7626.0
lbr,1968,7597.0
lbr,1969,7549.0
lbr,1970,7521.0
lbr,1971,7404.0
lbr,1972,7312.0
lbr,1973,7296.0
lbr,1974,7350.0
lbr,1975,7408.0
lbr,1976,7484.0
lbr,1977,7556.0
lbr,1978,7632.0
lbr,1979,7715.0
lbr,1980,7818.0
lbr,1981,7828.0
lbr,1982,7837.0
lbr,1983,7834.0
lbr,1984,7812.0
lbr,1985,7852.0
lbr,1986,7896.0
lbr,1987,7938.0
lbr,1988,7983.0
lbr,1989,8069.0
lbr,1990,8132.0
lbr,1991,8223.0
lbr,1992,6080.0
lbr,1993,6273.0
lbr,1994,6466.0
lbr,1995,6488.0
lbr,1996,6169.0
lbr,1997,6278.0
lbr,1998,6151.0
lbr,1999,6818.0
lbr,2000,6981.0
lbr,2001,6952.0
lbr,2002,6769.0
lbr,2003,6550.0
lbr,2004,6321.0
lbr,2005,5987.0
lbr,2006,5944.0
lbr,2007,6093.0
lbr,2008,6152.0
lbr,2009,6129.0
lbr,2010,6053.0
lbr,2011,6001.0
lbr,2012,6015.0
lbr,2013,6304.0
lbr,2014,6251.0
lbr,2015,6235.0
lbr,2016,6237.0
lbr,2017,6307.0
lbr,2018,6417.0
lbr,2019,6549.0
lbr,2020,6682.0
lbr,2021,6823.0
lbr,2022,7008.0
lbr,2023,7208.0
lbr,2024,7397.0
lby,1974,4677.0
lby,1975,4840.0
lby,1976,4906.0
lby,1977,4977.0
lby,1978,5057.0
lby,1979,5148.0
lby,1980,5215.0
lby,1981,5270.0
lby,1982,5168.0
lby,1983,5100.0
lby,1984,4570.0
lby,1985,4021.0
lby,1986,3888.0
lby,1987,3737.0
lby,1988,3565.0
lby,1989,3402.0
lby,1990,3238.0
lby,1991,3056.0
lby,1992,2888.0
lby,1993,2734.0
lby,1994,2570.0
lby,1995,2423.0
lby,1996,2304.0
lby,1997,2205.0
lby,1998,2139.0
lby,1999,2093.0
lby,2000,2057.0
lby,2001,2027.0
lby,2002,2036.0
lby,2003,2058.0
lby,2004,2070.0
lby,2005,2073.0
lby,2006,2055.0
lby,2007,1979.0
lby,2008,1873.0
lby,2009,1772.0
lby,2010,1691.0
lby,2011,1690.0
lby,2012,1710.0
lby,2013,1483.0
lby,2014,1485.0
lby,2015,1514.0
lby,2016,1487.0
lby,2017,1456.0
lby,2018,1423.0
lby,2019,1388.0
lby,2020,1360.0
lby,2021,1344.0
lby,2022,1324.0
lby,2023,1283.0
lby,2024,1304.0
lca,1974,80.000
lca,1975,75.000
lca,1976,71.000
lca,1977,69.000
lca,1978,70.000
lca,1979,73.000
lca,1980,73.000
lca,1981,72.000
lca,1982,71.000
lca,1983,70.000
lca,1984,69.000
lca,1985,68.000
lca,1986,67.000
lca,1987,63.000
lca,1988,60.000
lca,1989,56.000
lca,1990,53.000
lca,1991,51.000
lca,1992,48.000
lca,1993,46.000
lca,1994,44.000
lca,1995,44.000
lca,1996,44.000
lca,1997,40.000
lca,1998,41.000
lca,1999,38.000
lca,2000,41.000
lca,2001,37.000
lca,2002,37.000
lca,2003,37.000
lca,2004,36.000
lca,2005,36.000
lca,2006,36.000
lca,2007,35.000
lca,2008,34.000
lca,2009,34.000
lca,2010,34.000
lca,2011,32.000
lca,2012,29.000
lca,2013,29.000
lca,2014,29.000
lca,2015,29.000
lca,2016,28.000
lca,2017,28.000
lca,2018,27.000
lca,2019,27.000
lca,2020,26.000
lca,2021,26.000
lca,2022,25.000
lca,2023,25.000
lca,2024,25.000
lka,1954,15794
lka,1955,15698
lka,1956,15591
lka,1957,15419
lka,1958,15520
lka,1959,15619
lka,1960,15558
lka,1961,15270
lka,1962,14859
lka,1963,14659
lka,1964,14613
lka,1965,14615
lka,1966,14421
lka,1967,14224
lka,1968,14253
lka,1969,14026
lka,1970,13658
lka,1971,13360
lka,1972,12843
lka,1973,12401
lka,1974,11777
lka,1975,11137
lka,1976,10779
lka,1977,10527
lka,1978,10373
lka,1979,10691
lka,1980,10883
lka,1981,10355
lka,1982,9285.0
lka,1983,7595.0
lka,1984,6623.0
lka,1985,6265.0
lka,1986,6069.0
lka,1987,5837.0
lka,1988,5653.0
lka,1989,5393.0
lka,1990,5259.0
lka,1991,4999.0
lka,1992,4737.0
lka,1993,4631.0
lka,1994,4610.0
lka,1995,4629.0
lka,1996,4547.0
lka,1997,4331.0
lka,1998,4050.0
lka,1999,3742.0
lka,2000,3577.0
lka,2001,3560.0
lka,2002,3615.0
lka,2003,3599.0
lka,2004,3407.0
lka,2005,3122.0
lka,2006,2710.0
lka,2007,2627.0
lka,2008,2664.0
lka,2009,2609.0
lka,2010,2530.0
lka,2011,2340.0
lka,2012,2293.0
lka,2013,2270.0
lka,2014,2201.0
lka,2015,2063.0
lka,2016,1938.0
lka,2017,1854.0
lka,2018,1800.0
lka,2019,1745.0
lka,2020,1685.0
lka,2021,1637.0
lka,2022,1602.0
lka,2023,1576.0
lka,2024,1559.0
lso,1956,2267.0
lso,1957,2265.0
lso,1958,2283.0
lso,1959,2312.0
lso,1960,2355.0
lso,1961,2405.0
lso,1962,2469.0
lso,1963,2532.0
lso,1964,2591.0
lso,1965,2663.0
lso,1966,2732.0
lso,1967,2806.0
lso,1968,2874.0
lso,1969,2912.0
lso,1970,2939.0
lso,1971,2971.0
lso,1972,2999.0
lso,1973,3015.0
lso,1974,3023.0
lso,1975,3058.0
lso,1976,3101.0
lso,1977,3138.0
lso,1978,3119.0
lso,1979,3081.0
lso,1980,3020.0
lso,1981,2946.0
lso,1982,2897.0
lso,1983,2861.0
lso,1984,2839.0
lso,1985,2823.0
lso,1986,2817.0
lso,1987,2817.0
lso,1988,2921.0
lso,1989,2899.0
lso,1990,2856.0
lso,1991,2803.0
lso,1992,2756.0
lso,1993,2697.0
lso,1994,2613.0
lso,1995,2549.0
lso,1996,2513.0
lso,1997,2501.0
lso,1998,2479.0
lso,1999,2392.0
lso,2000,2333.0
lso,2001,2327.0
lso,2002,2385.0
lso,2003,2457.0
lso,2004,2465.0
lso,2005,2423.0
lso,2006,2402.0
lso,2007,2400.0
lso,2008,2469.0
lso,2009,2483.0
lso,2010,2448.0
lso,2011,2415.0
lso,2012,2495.0
lso,2013,2480.0
lso,2014,2473.0
lso,2015,2430.0
lso,2016,2392.0
lso,2017,2376.0
lso,2018,2322.0
lso,2019,2265.0
lso,2020,2214.0
lso,2021,2183.0
lso,2022,2170.0
lso,2023,2166.0
lso,2024,2189.0
ltu,1983,398.00
ltu,1984,428.00
ltu,1985,436.00
ltu,1986,444.00
ltu,1987,448.00
ltu,1988,424.00
ltu,1989,385.00
ltu,1990,395.00
ltu,1991,475.00
ltu,1992,572.00
ltu,1993,622.00
ltu,1994,535.00
ltu,1995,425.00
ltu,1996,343.00
ltu,1997,272.00
ltu,1998,229.00
ltu,1999,204.00
ltu,2000,189.00
ltu,2001,168.00
ltu,2002,150.00
ltu,2003,140.00
ltu,2004,143.00
ltu,2005,143.00
ltu,2006,138.00
ltu,2007,130.00
ltu,2008,122.00
ltu,2009,116.00
ltu,2010,110.00
ltu,2011,100.00
ltu,2012,92.000
ltu,2013,88.000
ltu,2014,83.000
ltu,2015,83.000
ltu,2016,84.000
ltu,2017,82.000
ltu,2018,76.000
ltu,2019,71.000
ltu,2020,68.000
ltu,2021,60.000
ltu,2022,53.000
ltu,2023,49.000
ltu,2024,50.000
lux,1967,89.000
lux,1968,80.000
lux,1969,72.000
lux,1970,66.000
lux,1971,61.000
lux,1972,58.000
lux,1973,50.000
lux,1974,44.000
lux,1975,42.000
lux,1976,41.000
lux,1977,39.000
lux,1978,37.000
lux,1979,35.000
lux,1980,32.000
lux,1981,31.000
lux,1982,30.000
lux,1983,28.000
lux,1984,26.000
lux,1985,25.000
lux,1986,24.000
lux,1987,24.000
lux,1988,23.000
lux,1989,24.000
lux,1990,24.000
lux,1991,24.000
lux,1992,22.000
lux,1993,22.000
lux,1994,21.000
lux,1995,20.000
lux,1996,19.000
lux,1997,19.000
lux,1998,18.000
lux,1999,17.000
lux,2000,16.000
lux,2001,15.000
lux,2002,14.000
lux,2003,13.000
lux,2004,12.000
lux,2005,12.000
lux,2006,11.000
lux,2007,11.000
lux,2008,10.000
lux,2009,10.000
lux,2010,10.000
lux,2011,10.000
lux,2012,10.000
lux,2013,11.000
lux,2014,11.000
lux,2015,11.000
lux,2016,11.000
lux,2017,11.000
lux,2018,11.000
lux,2019,12.000
lux,2020,12.000
lux,2021,13.000
lux,2022,14.000
lux,2023,15.000
lux,2024,15.000
lva,1982,278.00
lva,1983,282.00
lva,1984,295.00
lva,1985,289.00
lva,1986,276.00
lva,1987,285.00
lva,1988,284.00
lva,1989,289.00
lva,1990,300.00
lva,1991,334.00
lva,1992,352.00
lva,1993,353.00
lva,1994,320.00
lva,1995,294.00
lva,1996,257.00
lva,1997,222.00
lva,1998,193.00
lva,1999,170.00
lva,2000,162.00
lva,2001,157.00
lva,2002,142.00
lva,2003,134.00
lva,2004,133.00
lva,2005,125.00
lva,2006,128.00
lva,2007,130.00
lva,2008,130.00
lva,2009,128.00
lva,2010,111.00
lva,2011,93.000
lva,2012,81.000
lva,2013,77.000
lva,2014,73.000
lva,2015,70.000
lva,2016,66.000
lva,2017,63.000
lva,2018,57.000
lva,2019,50.000
lva,2020,46.000
lva,2021,39.000
lva,2022,36.000
lva,2023,31.000
lva,2024,26.000
mar,1959,45511
mar,1960,45817
mar,1961,46039
mar,1962,46169
mar,1963,46529
mar,1964,45993
mar,1965,45503
mar,1966,45060
mar,1967,44532
mar,1968,43995
mar,1969,43414
mar,1970,42978
mar,1971,42971
mar,1972,42909
mar,1973,42929
mar,1974,42921
mar,1975,42810
mar,1976,42628
mar,1977,42155
mar,1978,41517
mar,1979,40934
mar,1980,40708
mar,1981,40545
mar,1982,40345
mar,1983,39682
mar,1984,38375
mar,1985,36973
mar,1986,35547
mar,1987,34255
mar,1988,32915
mar,1989,31498
mar,1990,30279
mar,1991,29260
mar,1992,28655
mar,1993,27438
mar,1994,26095
mar,1995,25215
mar,1996,24415
mar,1997,23973
mar,1998,23379
mar,1999,22520
mar,2000,21344
mar,2001,20471
mar,2002,19771
mar,2003,19112
mar,2004,18835
mar,2005,18643
mar,2006,18390
mar,2007,17986
mar,2008,17572
mar,2009,16862
mar,2010,16246
mar,2011,15615
mar,2012,14862
mar,2013,14045
mar,2014,13211
mar,2015,12503
mar,2016,12016
mar,2017,11603
mar,2018,11246
mar,2019,10923
mar,2020,10698
mar,2021,10384
mar,2022,10135
mar,2023,9852.0
mar,2024,9701.0
mco,1991,2.0000
mco,1992,2.0000
mco,1993,2.0000
mco,1994,2.0000
mco,1995,2.0000
mco,1996,2.0000
mco,1997,1.0000
mco,1998,1.0000
mco,1999,1.0000
mco,2000,1.0000
mco,2001,1.0000
mco,2002,1.0000
mco,2003,1.0000
mco,2004,1.0000
mco,2005,1.0000
mco,2006,1.0000
mco,2007,1.0000
mco,2008,1.0000
mco,2009,1.0000
mco,2010,1.0000
mco,2011,1.0000
mco,2012,1.0000
mco,2013,1.0000
mco,2014,1.0000
mco,2015,1.0000
mco,2016,1.0000
mco,2017,1.0000
mco,2018,1.0000
mco,2019,1.0000
mco,2020,1.0000
mco,2021,1.0000
mco,2022,1.0000
mco,2023,1.0000
mco,2024,1.0000
mda,1984,2539.0
mda,1985,2551.0
mda,1986,2453.0
mda,1987,2414.0
mda,1988,2327.0
mda,1989,2095.0
mda,1990,1887.0
mda,1991,1804.0
mda,1992,1742.0
mda,1993,1749.0
mda,1994,1742.0
mda,1995,1709.0
mda,1996,1614.0
mda,1997,1540.0
mda,1998,1622.0
mda,1999,1487.0
mda,2000,1345.0
mda,2001,1218.0
mda,2002,1117.0
mda,2003,1028.0
mda,2004,981.00
mda,2005,975.00
mda,2006,919.00
mda,2007,876.00
mda,2008,851.00
mda,2009,844.00
mda,2010,848.00
mda,2011,811.00
mda,2012,762.00
mda,2013,742.00
mda,2014,700.00
mda,2015,751.00
mda,2016,728.00
mda,2017,693.00
mda,2018,624.00
mda,2019,586.00
mda,2020,547.00
mda,2021,514.00
mda,2022,490.00
mda,2023,465.00
mda,2024,500.00
mdg,1974,14098
mdg,1975,14554
mdg,1976,15092
mdg,1977,15686
mdg,1978,16333
mdg,1979,17012
mdg,1980,17681
mdg,1981,18278
mdg,1982,18795
mdg,1983,19456
mdg,1984,19988
mdg,1985,20557
mdg,1986,21018
mdg,1987,21193
mdg,1988,21558
mdg,1989,21906
mdg,1990,22263
mdg,1991,22698
mdg,1992,23008
mdg,1993,23206
mdg,1994,23579
mdg,1995,23950
mdg,1996,24305
mdg,1997,24572
mdg,1998,24698
mdg,1999,24647
mdg,2000,24302
mdg,2001,23812
mdg,2002,23421
mdg,2003,23087
mdg,2004,22873
mdg,2005,22701
mdg,2006,22513
mdg,2007,22475
mdg,2008,22555
mdg,2009,22718
mdg,2010,22935
mdg,2011,22896
mdg,2012,22685
mdg,2013,22657
mdg,2014,22857
mdg,2015,23075
mdg,2016,23367
mdg,2017,23962
mdg,2018,24754
mdg,2019,25739
mdg,2020,26834
mdg,2021,27908
mdg,2022,28995
mdg,2023,29959
mdg,2024,30865
mdv,1988,532.00
mdv,1989,512.00
mdv,1990,489.00
mdv,1991,462.00
mdv,1992,430.00
mdv,1993,398.00
mdv,1994,365.00
mdv,1995,331.00
mdv,1996,295.00
mdv,1997,255.00
mdv,1998,220.00
mdv,1999,191.00
mdv,2000,165.00
mdv,2001,144.00
mdv,2002,126.00
mdv,2003,110.00
mdv,2004,98.000
mdv,2005,88.000
mdv,2006,79.000
mdv,2007,75.000
mdv,2008,74.000
mdv,2009,72.000
mdv,2010,69.000
mdv,2011,64.000
mdv,2012,60.000
mdv,2013,56.000
mdv,2014,52.000
mdv,2015,49.000
mdv,2016,46.000
mdv,2017,44.000
mdv,2018,42.000
mdv,2019,38.000
mdv,2020,35.000
mdv,2021,33.000
mdv,2022,31.000
mdv,2023,30.000
mdv,2024,28.000
mex,1955,112330
mex,1956,110770
mex,1957,109660
mex,1958,108240
mex,1959,107040
mex,1960,105710
mex,1961,104640
mex,1962,103830
mex,1963,103500
mex,1964,104330
mex,1965,106410
mex,1966,109290
mex,1967,111960
mex,1968,113550
mex,1969,114350
mex,1970,114070
mex,1971,112710
mex,1972,110420
mex,1973,106880
mex,1974,103620
mex,1975,100430
mex,1976,96393
mex,1977,92848
mex,1978,89131
mex,1979,86296
mex,1980,82754
mex,1981,79664
mex,1982,77556
mex,1983,75705
mex,1984,74291
mex,1985,72965
mex,1986,71663
mex,1987,70059
mex,1988,67324
mex,1989,64617
mex,1990,62660
mex,1991,61242
mex,1992,59886
mex,1993,58335
mex,1994,56869
mex,1995,54803
mex,1996,52039
mex,1997,49100
mex,1998,46245
mex,1999,43510
mex,2000,40850
mex,2001,38143
mex,2002,35302
mex,2003,32267
mex,2004,29245
mex,2005,26749
mex,2006,24776
mex,2007,23495
mex,2008,22936
mex,2009,22778
mex,2010,22634
mex,2011,22401
mex,2012,22039
mex,2013,21573
mex,2014,21081
mex,2015,20396
mex,2016,19746
mex,2017,19611
mex,2018,19762
mex,2019,20185
mex,2020,20446
mex,2021,20407
mex,2022,20407
mex,2023,20248
mex,2024,20126
mhl,1991,44.000
mhl,1992,42.000
mhl,1993,40.000
mhl,1994,40.000
mhl,1995,39.000
mhl,1996,39.000
mhl,1997,40.000
mhl,1998,42.000
mhl,1999,43.000
mhl,2000,44.000
mhl,2001,45.000
mhl,2002,45.000
mhl,2003,45.000
mhl,2004,45.000
mhl,2005,45.000
mhl,2006,45.000
mhl,2007,45.000
mhl,2008,44.000
mhl,2009,42.000
mhl,2010,41.000
mhl,2011,39.000
mhl,2012,38.000
mhl,2013,36.000
mhl,2014,34.000
mhl,2015,33.000
mhl,2016,31.000
mhl,2017,30.000
mhl,2018,29.000
mhl,2019,28.000
mhl,2020,27.000
mhl,2021,26.000
mhl,2022,24.000
mhl,2023,22.000
mhl,2024,21.000
mkd,1984,820.00
mkd,1985,810.00
mkd,1986,824.00
mkd,1987,826.00
mkd,1988,810.00
mkd,1989,771.00
mkd,1990,720.00
mkd,1991,706.00
mkd,1992,678.00
mkd,1993,615.00
mkd,1994,564.00
mkd,1995,512.00
mkd,1996,444.00
mkd,1997,397.00
mkd,1998,351.00
mkd,1999,336.00
mkd,2000,301.00
mkd,2001,287.00
mkd,2002,248.00
mkd,2003,248.00
mkd,2004,250.00
mkd,2005,229.00
mkd,2006,223.00
mkd,2007,227.00
mkd,2008,218.00
mkd,2009,207.00
mkd,2010,199.00
mkd,2011,190.00
mkd,2012,174.00
mkd,2013,184.00
mkd,2014,193.00
mkd,2015,211.00
mkd,2016,214.00
mkd,2017,207.00
mkd,2018,170.00
mkd,2019,137.00
mkd,2020,101.00
mkd,2021,76.000
mkd,2022,57.000
mkd,2023,41.000
mkd,2024,30.000
mli,1968,35051
mli,1969,35078
mli,1970,35204
mli,1971,35442
mli,1972,35815
mli,1973,35996
mli,1974,36263
mli,1975,36508
mli,1976,36644
mli,1977,36805
mli,1978,36620
mli,1979,36263
mli,1980,36134
mli,1981,35437
mli,1982,34781
mli,1983,33945
mli,1984,33213
mli,1985,32803
mli,1986,32696
mli,1987,32904
mli,1988,32886
mli,1989,32883
mli,1990,32660
mli,1991,32180
mli,1992,32110
mli,1993,31703
mli,1994,31486
mli,1995,31363
mli,1996,30801
mli,1997,30628
mli,1998,30577
mli,1999,30677
mli,2000,31026
mli,2001,31038
mli,2002,31005
mli,2003,31064
mli,2004,31171
mli,2005,31442
mli,2006,31885
mli,2007,32202
mli,2008,32599
mli,2009,33028
mli,2010,33398
mli,2011,33760
mli,2012,34141
mli,2013,34497
mli,2014,34591
mli,2015,35128
mli,2016,35714
mli,2017,36377
mli,2018,37294
mli,2019,37967
mli,2020,37974
mli,2021,39154
mli,2022,40574
mli,2023,41923
mli,2024,43320
mlt,1972,113.00
mlt,1973,105.00
mlt,1974,104.00
mlt,1975,100.00
mlt,1976,99.000
mlt,1977,94.000
mlt,1978,90.000
mlt,1979,83.000
mlt,1980,81.000
mlt,1981,74.000
mlt,1982,68.000
mlt,1983,71.000
mlt,1984,65.000
mlt,1985,61.000
mlt,1986,57.000
mlt,1987,53.000
mlt,1988,52.000
mlt,1989,51.000
mlt,1990,50.000
mlt,1991,46.000
mlt,1992,43.000
mlt,1993,43.000
mlt,1994,39.000
mlt,1995,35.000
mlt,1996,32.000
mlt,1997,34.000
mlt,1998,32.000
mlt,1999,29.000
mlt,2000,27.000
mlt,2001,25.000
mlt,2002,22.000
mlt,2003,21.000
mlt,2004,21.000
mlt,2005,20.000
mlt,2006,20.000
mlt,2007,20.000
mlt,2008,20.000
mlt,2009,21.000
mlt,2010,21.000
mlt,2011,21.000
mlt,2012,22.000
mlt,2013,21.000
mlt,2014,20.000
mlt,2015,20.000
mlt,2016,21.000
mlt,2017,21.000
mlt,2018,20.000
mlt,2019,20.000
mlt,2020,20.000
mlt,2021,20.000
mlt,2022,20.000
mlt,2023,20.000
mlt,2024,19.000
mmr,1991,60550
mmr,1992,59334
mmr,1993,57739
mmr,1994,56026
mmr,1995,54197
mmr,1996,52407
mmr,1997,50764
mmr,1998,49105
mmr,1999,47388
mmr,2000,45947
mmr,2001,44700
mmr,2002,43777
mmr,2003,42759
mmr,2004,40716
mmr,2005,38702
mmr,2006,36998
mmr,2007,35787
mmr,2008,35004
mmr,2009,34280
mmr,2010,32810
mmr,2011,31995
mmr,2012,31420
mmr,2013,30895
mmr,2014,30607
mmr,2015,30473
mmr,2016,30771
mmr,2017,30978
mmr,2018,30847
mmr,2019,30795
mmr,2020,30636
mmr,2021,30640
mmr,2022,30685
mmr,2023,30560
mmr,2024,30505
mne,1991,115.00
mne,1992,113.00
mne,1993,109.00
mne,1994,105.00
mne,1995,102.00
mne,1996,101.00
mne,1997,97.000
mne,1998,93.000
mne,1999,90.000
mne,2000,87.000
mne,2001,86.000
mne,2002,82.000
mne,2003,79.000
mne,2004,76.000
mne,2005,69.000
mne,2006,63.000
mne,2007,59.000
mne,2008,56.000
mne,2009,54.000
mne,2010,50.000
mne,2011,40.000
mne,2012,34.000
mne,2013,31.000
mne,2014,27.000
mne,2015,24.000
mne,2016,21.000
mne,2017,18.000
mne,2018,15.000
mne,2019,13.000
mne,2020,11.000
mne,2021,10.000
mne,2022,10.000
mne,2023,10.000
mne,2024,10.000
mng,1988,2627.0
mng,1989,2592.0
mng,1990,2546.0
mng,1991,2496.0
mng,1992,2375.0
mng,1993,2182.0
mng,1994,1974.0
mng,1995,1882.0
mng,1996,1831.0
mng,1997,1763.0
mng,1998,1650.0
mng,1999,1538.0
mng,2000,1457.0
mng,2001,1376.0
mng,2002,1279.0
mng,2003,1171.0
mng,2004,1067.0
mng,2005,994.00
mng,2006,942.00
mng,2007,946.00
mng,2008,940.00
mng,2009,928.00
mng,2010,882.00
mng,2011,785.00
mng,2012,765.00
mng,2013,785.00
mng,2014,820.00
mng,2015,817.00
mng,2016,799.00
mng,2017,758.00
mng,2018,709.00
mng,2019,684.00
mng,2020,674.00
mng,2021,633.00
mng,2022,590.00
mng,2023,550.00
mng,2024,518.00
moz,1982,44012
moz,1983,44065
moz,1984,44388
moz,1985,44590
moz,1986,44868
moz,1987,44996
moz,1988,45136
moz,1989,43772
moz,1990,42805
moz,1991,42289
moz,1992,41846
moz,1993,41507
moz,1994,41028
moz,1995,41274
moz,1996,43569
moz,1997,43693
moz,1998,43257
moz,1999,42026
moz,2000,40494
moz,2001,38829
moz,2002,36978
moz,2003,35219
moz,2004,33726
moz,2005,32490
moz,2006,31605
moz,2007,30840
moz,2008,30578
moz,2009,31040
moz,2010,31310
moz,2011,31329
moz,2012,31304
moz,2013,31388
moz,2014,31560
moz,2015,31694
moz,2016,32361
moz,2017,33162
moz,2018,34137
moz,2019,35243
moz,2020,36365
moz,2021,37535
moz,2022,38879
moz,2023,40375
moz,2024,41688
mrt,1960,2659.0
mrt,1961,2707.0
mrt,1962,2765.0
mrt,1963,2821.0
mrt,1964,2884.0
mrt,1965,2955.0
mrt,1966,3022.0
mrt,1967,3093.0
mrt,1968,3148.0
mrt,1969,3200.0
mrt,1970,3264.0
mrt,1971,3339.0
mrt,1972,3409.0
mrt,1973,3491.0
mrt,1974,3589.0
mrt,1975,3696.0
mrt,1976,3776.0
mrt,1977,3852.0
mrt,1978,3906.0
mrt,1979,3950.0
mrt,1980,3988.0
mrt,1981,4073.0
mrt,1982,4182.0
mrt,1983,4243.0
mrt,1984,4289.0
mrt,1985,4295.0
mrt,1986,4248.0
mrt,1987,4178.0
mrt,1988,4122.0
mrt,1989,4082.0
mrt,1990,4082.0
mrt,1991,4046.0
mrt,1992,4072.0
mrt,1993,4132.0
mrt,1994,4378.0
mrt,1995,4531.0
mrt,1996,4616.0
mrt,1997,4588.0
mrt,1998,4489.0
mrt,1999,4425.0
mrt,2000,4381.0
mrt,2001,4336.0
mrt,2002,4287.0
mrt,2003,4196.0
mrt,2004,4140.0
mrt,2005,4113.0
mrt,2006,4084.0
mrt,2007,4088.0
mrt,2008,4104.0
mrt,2009,4115.0
mrt,2010,4146.0
mrt,2011,4183.0
mrt,2012,4244.0
mrt,2013,4298.0
mrt,2014,4343.0
mrt,2015,4375.0
mrt,2016,4418.0
mrt,2017,4475.0
mrt,2018,4550.0
mrt,2019,4643.0
mrt,2020,4763.0
mrt,2021,4890.0
mrt,2022,5021.0
mrt,2023,5139.0
mrt,2024,5287.0
msr,1991,3.0000
msr,1992,3.0000
msr,1993,3.0000
msr,1994,2.0000
msr,1995,2.0000
msr,1996,2.0000
msr,1997,1.0000
msr,1998,1.0000
msr,1999,1.0000
msr,2000,1.0000
msr,2001,1.0000
msr,2002,1.0000
msr,2003,0.0000
msr,2004,1.0000
msr,2005,1.0000
msr,2006,1.0000
msr,2007,1.0000
msr,2008,1.0000
msr,2009,1.0000
msr,2010,1.0000
msr,2011,1.0000
msr,2012,1.0000
msr,2013,1.0000
msr,2014,0.0000
msr,2015,0.0000
msr,2016,0.0000
msr,2017,1.0000
msr,2018,1.0000
msr,2019,1.0000
msr,2020,1.0000
msr,2021,1.0000
msr,2022,1.0000
msr,2023,0.0000
msr,2024,0.0000
mus,1971,683.00
mus,1972,651.00
mus,1973,643.00
mus,1974,581.00
mus,1975,641.00
mus,1976,593.00
mus,1977,577.00
mus,1978,554.00
mus,1979,526.00
mus,1980,501.00
mus,1981,483.00
mus,1982,467.00
mus,1983,439.00
mus,1984,400.00
mus,1985,367.00
mus,1986,344.00
mus,1987,340.00
mus,1988,356.00
mus,1989,358.00
mus,1990,355.00
mus,1991,350.00
mus,1992,338.00
mus,1993,344.00
mus,1994,339.00
mus,1995,340.00
mus,1996,338.00
mus,1997,346.00
mus,1998,335.00
mus,1999,303.00
mus,2000,299.00
mus,2001,266.00
mus,2002,232.00
mus,2003,219.00
mus,2004,206.00
mus,2005,204.00
mus,2006,198.00
mus,2007,187.00
mus,2008,180.00
mus,2009,167.00
mus,2010,155.00
mus,2011,150.00
mus,2012,149.00
mus,2013,149.00
mus,2014,141.00
mus,2015,134.00
mus,2016,127.00
mus,2017,130.00
mus,2018,137.00
mus,2019,137.00
mus,2020,139.00
mus,2021,142.00
mus,2022,135.00
mus,2023,123.00
mus,2024,119.00
mwi,1971,20200
mwi,1972,20118
mwi,1973,20093
mwi,1974,19979
mwi,1975,19845
mwi,1976,19771
mwi,1977,19735
mwi,1978,19801
mwi,1979,19985
mwi,1980,20315
mwi,1981,20780
mwi,1982,21034
mwi,1983,21411
mwi,1984,21770
mwi,1985,22214
mwi,1986,22831
mwi,1987,23282
mwi,1988,23616
mwi,1989,24609
mwi,1990,25169
mwi,1991,25577
mwi,1992,25622
mwi,1993,25616
mwi,1994,25511
mwi,1995,24598
mwi,1996,23319
mwi,1997,22932
mwi,1998,22841
mwi,1999,22646
mwi,2000,22239
mwi,2001,21406
mwi,2002,20586
mwi,2003,19800
mwi,2004,19071
mwi,2005,18554
mwi,2006,18349
mwi,2007,18288
mwi,2008,18412
mwi,2009,18539
mwi,2010,18576
mwi,2011,18289
mwi,2012,17819
mwi,2013,17262
mwi,2014,16944
mwi,2015,16605
mwi,2016,16448
mwi,2017,16610
mwi,2018,17194
mwi,2019,17867
mwi,2020,18660
mwi,2021,19438
mwi,2022,20149
mwi,2023,20896
mwi,2024,21586
mys,1953,10501
mys,1954,10209
mys,1955,10010
mys,1956,9780.0
mys,1957,9594.0
mys,1958,9443.0
mys,1959,9208.0
mys,1960,8938.0
mys,1961,8584.0
mys,1962,8306.0
mys,1963,8023.0
mys,1964,7750.0
mys,1965,7453.0
mys,1966,7140.0
mys,1967,6855.0
mys,1968,6624.0
mys,1969,6509.0
mys,1970,6465.0
mys,1971,6441.0
mys,1972,6385.0
mys,1973,6360.0
mys,1974,6401.0
mys,1975,6393.0
mys,1976,6364.0
mys,1977,6350.0
mys,1978,6294.0
mys,1979,6112.0
mys,1980,5924.0
mys,1981,5771.0
mys,1982,5670.0
mys,1983,5572.0
mys,1984,5439.0
mys,1985,5316.0
mys,1986,5130.0
mys,1987,4938.0
mys,1988,4680.0
mys,1989,4534.0
mys,1990,4251.0
mys,1991,4186.0
mys,1992,4186.0
mys,1993,4188.0
mys,1994,4123.0
mys,1995,4070.0
mys,1996,3998.0
mys,1997,3929.0
mys,1998,3760.0
mys,1999,3495.0
mys,2000,3268.0
mys,2001,2964.0
mys,2002,2693.0
mys,2003,2463.0
mys,2004,2380.0
mys,2005,2291.0
mys,2006,2223.0
mys,2007,2186.0
mys,2008,2181.0
mys,2009,2248.0
mys,2010,2271.0
mys,2011,2237.0
mys,2012,2281.0
mys,2013,2272.0
mys,2014,2256.0
mys,2015,2287.0
mys,2016,2292.0
mys,2017,2288.0
mys,2018,2293.0
mys,2019,2269.0
mys,2020,2226.0
mys,2021,2127.0
mys,2022,1987.0
mys,2023,1999.0
mys,2024,2020.0
nam,1971,1289.0
nam,1972,1328.0
nam,1973,1380.0
nam,1974,1438.0
nam,1975,1492.0
nam,1976,1537.0
nam,1977,1577.0
nam,1978,1579.0
nam,1979,1591.0
nam,1980,1536.0
nam,1981,1545.0
nam,1982,1525.0
nam,1983,1489.0
nam,1984,1502.0
nam,1985,1519.0
nam,1986,1527.0
nam,1987,1536.0
nam,1988,1559.0
nam,1989,1596.0
nam,1990,1659.0
nam,1991,1875.0
nam,1992,1924.0
nam,1993,1924.0
nam,1994,1913.0
nam,1995,1880.0
nam,1996,1812.0
nam,1997,1733.0
nam,1998,1680.0
nam,1999,1608.0
nam,2000,1511.0
nam,2001,1373.0
nam,2002,1242.0
nam,2003,1145.0
nam,2004,1081.0
nam,2005,1063.0
nam,2006,1098.0
nam,2007,1168.0
nam,2008,1270.0
nam,2009,1403.0
nam,2010,1559.0
nam,2011,1734.0
nam,2012,1918.0
nam,2013,2104.0
nam,2014,2258.0
nam,2015,2395.0
nam,2016,2500.0
nam,2017,2593.0
nam,2018,2641.0
nam,2019,2685.0
nam,2020,2679.0
nam,2021,2665.0
nam,2022,2615.0
nam,2023,2581.0
nam,2024,2591.0
ner,1971,18444
ner,1972,18922
ner,1973,19475
ner,1974,20003
ner,1975,20504
ner,1976,20858
ner,1977,21071
ner,1978,21283
ner,1979,21654
ner,1980,22015
ner,1981,22599
ner,1982,23178
ner,1983,23807
ner,1984,24485
ner,1985,25269
ner,1986,26106
ner,1987,26729
ner,1988,27338
ner,1989,27665
ner,1990,28017
ner,1991,28440
ner,1992,28729
ner,1993,28943
ner,1994,29144
ner,1995,29294
ner,1996,29621
ner,1997,29974
ner,1998,30312
ner,1999,30583
ner,2000,30695
ner,2001,30667
ner,2002,30628
ner,2003,30501
ner,2004,30359
ner,2005,30300
ner,2006,30367
ner,2007,30493
ner,2008,30839
ner,2009,31232
ner,2010,31852
ner,2011,32540
ner,2012,33384
ner,2013,34371
ner,2014,35645
ner,2015,36908
ner,2016,38283
ner,2017,39574
ner,2018,40764
ner,2019,41842
ner,2020,43198
ner,2021,44708
ner,2022,46367
ner,2023,48641
ner,2024,50961
nga,1969,204810
nga,1970,205880
nga,1971,206810
nga,1972,208410
nga,1973,209050
nga,1974,209690
nga,1975,211870
nga,1976,213410
nga,1977,213740
nga,1978,214570
nga,1979,216140
nga,1980,215380
nga,1981,214750
nga,1982,214870
nga,1983,215570
nga,1984,217880
nga,1985,216390
nga,1986,217720
nga,1987,219700
nga,1988,222930
nga,1989,228590
nga,1990,234720
nga,1991,239820
nga,1992,245550
nga,1993,251250
nga,1994,257210
nga,1995,262460
nga,1996,269050
nga,1997,272680
nga,1998,274920
nga,1999,276440
nga,2000,279670
nga,2001,283910
nga,2002,285410
nga,2003,285070
nga,2004,285300
nga,2005,284700
nga,2006,285420
nga,2007,286700
nga,2008,288180
nga,2009,292120
nga,2010,295860
nga,2011,300990
nga,2012,306730
nga,2013,310930
nga,2014,316160
nga,2015,323670
nga,2016,329990
nga,2017,333770
nga,2018,337710
nga,2019,343260
nga,2020,346450
nga,2021,351280
nga,2022,362200
nga,2023,370220
nga,2024,380410
nic,1976,5663.0
nic,1977,5581.0
nic,1978,5468.0
nic,1979,5333.0
nic,1980,5209.0
nic,1981,5075.0
nic,1982,4961.0
nic,1983,4860.0
nic,1984,4752.0
nic,1985,4635.0
nic,1986,4521.0
nic,1987,4401.0
nic,1988,4272.0
nic,1989,4150.0
nic,1990,4010.0
nic,1991,3885.0
nic,1992,3783.0
nic,1993,3643.0
nic,1994,3507.0
nic,1995,3373.0
nic,1996,3256.0
nic,1997,3130.0
nic,1998,2978.0
nic,1999,2867.0
nic,2000,2732.0
nic,2001,2640.0
nic,2002,2514.0
nic,2003,2367.0
nic,2004,2274.0
nic,2005,2208.0
nic,2006,2182.0
nic,2007,2151.0
nic,2008,2113.0
nic,2009,2074.0
nic,2010,2025.0
nic,2011,1978.0
nic,2012,1922.0
nic,2013,1860.0
nic,2014,1790.0
nic,2015,1716.0
nic,2016,1639.0
nic,2017,1564.0
nic,2018,1494.0
nic,2019,1441.0
nic,2020,1417.0
nic,2021,1404.0
nic,2022,1371.0
nic,2023,1323.0
nic,2024,1277.0
niu,1991,1.0000
niu,1992,1.0000
niu,1993,1.0000
niu,1994,1.0000
niu,1995,1.0000
niu,1996,1.0000
niu,1997,1.0000
niu,1998,1.0000
niu,1999,1.0000
niu,2000,1.0000
niu,2001,1.0000
niu,2002,1.0000
niu,2003,1.0000
niu,2004,1.0000
niu,2005,1.0000
niu,2006,1.0000
niu,2007,1.0000
niu,2008,1.0000
niu,2009,1.0000
niu,2010,1.0000
niu,2011,1.0000
niu,2012,1.0000
niu,2013,1.0000
niu,2014,1.0000
niu,2015,1.0000
niu,2016,1.0000
niu,2017,1.0000
niu,2018,1.0000
niu,2019,1.0000
niu,2020,1.0000
niu,2021,1.0000
niu,2022,1.0000
niu,2023,1.0000
niu,2024,1.0000
nld,1962,3292.0
nld,1963,3167.0
nld,1964,3088.0
nld,1965,2995.0
nld,1966,2849.0
nld,1967,2715.0
nld,1968,2608.0
nld,1969,2485.0
nld,1970,2480.0
nld,1971,2323.0
nld,1972,2147.0
nld,1973,1953.0
nld,1974,1705.0
nld,1975,1543.0
nld,1976,1399.0
nld,1977,1317.0
nld,1978,1225.0
nld,1979,1162.0
nld,1980,1094.0
nld,1981,1069.0
nld,1982,1013.0
nld,1983,947.00
nld,1984,909.00
nld,1985,911.00
nld,1986,914.00
nld,1987,931.00
nld,1988,931.00
nld,1989,923.00
nld,1990,928.00
nld,1991,955.00
nld,1992,943.00
nld,1993,909.00
nld,1994,867.00
nld,1995,825.00
nld,1996,767.00
nld,1997,735.00
nld,1998,739.00
nld,1999,776.00
nld,2000,802.00
nld,2001,825.00
nld,2002,800.00
nld,2003,781.00
nld,2004,756.00
nld,2005,716.00
nld,2006,672.00
nld,2007,636.00
nld,2008,596.00
nld,2009,575.00
nld,2010,553.00
nld,2011,534.00
nld,2012,513.00
nld,2013,495.00
nld,2014,479.00
nld,2015,484.00
nld,2016,471.00
nld,2017,472.00
nld,2018,466.00
nld,2019,463.00
nld,2020,467.00
nld,2021,466.00
nld,2022,495.00
nld,2023,471.00
nld,2024,461.00
nor,1962,774.00
nor,1963,774.00
nor,1964,778.00
nor,1965,793.00
nor,1966,780.00
nor,1967,768.00
nor,1968,738.00
nor,1969,725.00
nor,1970,709.00
nor,1971,656.00
nor,1972,637.00
nor,1973,594.00
nor,1974,531.00
nor,1975,482.00
nor,1976,425.00
nor,1977,376.00
nor,1978,333.00
nor,1979,313.00
nor,1980,291.00
nor,1981,272.00
nor,1982,258.00
nor,1983,253.00
nor,1984,243.00
nor,1985,242.00
nor,1986,245.00
nor,1987,249.00
nor,1988,252.00
nor,1989,260.00
nor,1990,259.00
nor,1991,256.00
nor,1992,245.00
nor,1993,231.00
nor,1994,217.00
nor,1995,207.00
nor,1996,196.00
nor,1997,189.00
nor,1998,179.00
nor,1999,172.00
nor,2000,172.00
nor,2001,169.00
nor,2002,158.00
nor,2003,149.00
nor,2004,146.00
nor,2005,142.00
nor,2006,136.00
nor,2007,135.00
nor,2008,130.00
nor,2009,129.00
nor,2010,127.00
nor,2011,121.00
nor,2012,115.00
nor,2013,111.00
nor,2014,105.00
nor,2015,102.00
nor,2016,99.000
nor,2017,96.000
nor,2018,90.000
nor,2019,85.000
nor,2020,81.000
nor,2021,78.000
nor,2022,81.000
nor,2023,74.000
nor,2024,76.000
npl,1955,49014
npl,1956,49200
npl,1957,49406
npl,1958,49597
npl,1959,49861
npl,1960,50076
npl,1961,50620
npl,1962,51154
npl,1963,51485
npl,1964,51607
npl,1965,51784
npl,1966,51841
npl,1967,52001
npl,1968,52118
npl,1969,52446
npl,1970,52279
npl,1971,52386
npl,1972,52446
npl,1973,52373
npl,1974,51889
npl,1975,52452
npl,1976,52574
npl,1977,52777
npl,1978,52682
npl,1979,52720
npl,1980,52545
npl,1981,52165
npl,1982,52061
npl,1983,51898
npl,1984,51730
npl,1985,51287
npl,1986,50747
npl,1987,50055
npl,1988,49474
npl,1989,48679
npl,1990,47726
npl,1991,46941
npl,1992,46012
npl,1993,45226
npl,1994,44970
npl,1995,43907
npl,1996,42860
npl,1997,40452
npl,1998,37984
npl,1999,36141
npl,2000,34411
npl,2001,32812
npl,2002,30876
npl,2003,29049
npl,2004,27512
npl,2005,26033
npl,2006,24494
npl,2007,23131
npl,2008,22043
npl,2009,20955
npl,2010,19989
npl,2011,19139
npl,2012,18425
npl,2013,17846
npl,2014,17163
npl,2015,16591
npl,2016,15979
npl,2017,15388
npl,2018,14605
npl,2019,13843
npl,2020,13254
npl,2021,12834
npl,2022,12409
npl,2023,12231
npl,2024,11868
nru,1991,14.000
nru,1992,13.000
nru,1993,13.000
nru,1994,12.000
nru,1995,11.000
nru,1996,10.000
nru,1997,10.000
nru,1998,10.000
nru,1999,9.0000
nru,2000,9.0000
nru,2001,8.0000
nru,2002,8.0000
nru,2003,8.0000
nru,2004,8.0000
nru,2005,8.0000
nru,2006,8.0000
nru,2007,8.0000
nru,2008,8.0000
nru,2009,8.0000
nru,2010,8.0000
nru,2011,7.0000
nru,2012,7.0000
nru,2013,6.0000
nru,2014,6.0000
nru,2015,5.0000
nru,2016,5.0000
nru,2017,4.0000
nru,2018,4.0000
nru,2019,4.0000
nru,2020,3.0000
nru,2021,3.0000
nru,2022,3.0000
nru,2023,3.0000
nru,2024,3.0000
nzl,1970,706.00
nzl,1971,688.00
nzl,1972,698.00
nzl,1973,667.00
nzl,1974,614.00
nzl,1975,579.00
nzl,1976,524.00
nzl,1977,488.00
nzl,1978,451.00
nzl,1979,396.00
nzl,1980,376.00
nzl,1981,340.00
nzl,1982,319.00
nzl,1983,295.00
nzl,1984,282.00
nzl,1985,276.00
nzl,1986,269.00
nzl,1987,265.00
nzl,1988,269.00
nzl,1989,274.00
nzl,1990,273.00
nzl,1991,274.00
nzl,1992,264.00
nzl,1993,254.00
nzl,1994,237.00
nzl,1995,220.00
nzl,1996,214.00
nzl,1997,211.00
nzl,1998,211.00
nzl,1999,205.00
nzl,2000,211.00
nzl,2001,209.00
nzl,2002,205.00
nzl,2003,196.00
nzl,2004,198.00
nzl,2005,199.00
nzl,2006,189.00
nzl,2007,186.00
nzl,2008,197.00
nzl,2009,201.00
nzl,2010,203.00
nzl,2011,213.00
nzl,2012,212.00
nzl,2013,214.00
nzl,2014,206.00
nzl,2015,198.00
nzl,2016,203.00
nzl,2017,194.00
nzl,2018,190.00
nzl,2019,184.00
nzl,2020,189.00
nzl,2021,187.00
nzl,2022,193.00
nzl,2023,196.00
nzl,2024,197.00
omn,1973,2221.0
omn,1974,2179.0
omn,1975,2153.0
omn,1976,2153.0
omn,1977,2155.0
omn,1978,2158.0
omn,1979,2170.0
omn,1980,2175.0
omn,1981,2156.0
omn,1982,2120.0
omn,1983,2056.0
omn,1984,1977.0
omn,1985,1912.0
omn,1986,1839.0
omn,1987,1737.0
omn,1988,1644.0
omn,1989,1541.0
omn,1990,1447.0
omn,1991,1342.0
omn,1992,1218.0
omn,1993,1083.0
omn,1994,966.00
omn,1995,868.00
omn,1996,782.00
omn,1997,711.00
omn,1998,649.00
omn,1999,595.00
omn,2000,550.00
omn,2001,507.00
omn,2002,472.00
omn,2003,445.00
omn,2004,422.00
omn,2005,399.00
omn,2006,379.00
omn,2007,364.00
omn,2008,360.00
omn,2009,375.00
omn,2010,405.00
omn,2011,441.00
omn,2012,453.00
omn,2013,497.00
omn,2014,541.00
omn,2015,571.00
omn,2016,592.00
omn,2017,606.00
omn,2018,614.00
omn,2019,594.00
omn,2020,578.00
omn,2021,568.00
omn,2022,549.00
omn,2023,515.00
omn,2024,563.00
pak,1954,208820
pak,1955,208220
pak,1956,207920
pak,1957,207470
pak,1958,207630
pak,1959,207880
pak,1960,208240
pak,1961,208960
pak,1962,209270
pak,1963,209530
pak,1964,209430
pak,1965,209810
pak,1966,210730
pak,1967,211500
pak,1968,212950
pak,1969,214390
pak,1970,216120
pak,1971,219390
pak,1972,222360
pak,1973,225820
pak,1974,230030
pak,1975,234410
pak,1976,239830
pak,1977,245050
pak,1978,251520
pak,1979,257990
pak,1980,264410
pak,1981,273720
pak,1982,286810
pak,1983,295590
pak,1984,301620
pak,1985,305550
pak,1986,309190
pak,1987,315090
pak,1988,321960
pak,1989,329060
pak,1990,335260
pak,1991,341210
pak,1992,347080
pak,1993,351300
pak,1994,351600
pak,1995,351470
pak,1996,349720
pak,1997,348770
pak,1998,345680
pak,1999,343130
pak,2000,344740
pak,2001,342660
pak,2002,338230
pak,2003,332910
pak,2004,329840
pak,2005,323210
pak,2006,324150
pak,2007,331030
pak,2008,337840
pak,2009,347510
pak,2010,354050
pak,2011,358400
pak,2012,356650
pak,2013,351880
pak,2014,345770
pak,2015,339290
pak,2016,332230
pak,2017,324280
pak,2018,322170
pak,2019,319570
pak,2020,317720
pak,2021,316900
pak,2022,317550
pak,2023,319320
pak,2024,321380
pan,1956,2231.0
pan,1957,2220.0
pan,1958,2205.0
pan,1959,2208.0
pan,1960,2220.0
pan,1961,2253.0
pan,1962,2293.0
pan,1963,2323.0
pan,1964,2350.0
pan,1965,2343.0
pan,1966,2331.0
pan,1967,2313.0
pan,1968,2276.0
pan,1969,2235.0
pan,1970,2175.0
pan,1971,2125.0
pan,1972,2062.0
pan,1973,1986.0
pan,1974,1907.0
pan,1975,1833.0
pan,1976,1771.0
pan,1977,1719.0
pan,1978,1678.0
pan,1979,1650.0
pan,1980,1627.0
pan,1981,1606.0
pan,1982,1589.0
pan,1983,1576.0
pan,1984,1565.0
pan,1985,1530.0
pan,1986,1482.0
pan,1987,1428.0
pan,1988,1376.0
pan,1989,1328.0
pan,1990,1289.0
pan,1991,1257.0
pan,1992,1223.0
pan,1993,1200.0
pan,1994,1189.0
pan,1995,1176.0
pan,1996,1165.0
pan,1997,1153.0
pan,1998,1134.0
pan,1999,1115.0
pan,2000,1091.0
pan,2001,1059.0
pan,2002,1033.0
pan,2003,1001.0
pan,2004,971.00
pan,2005,943.00
pan,2006,903.00
pan,2007,868.00
pan,2008,837.00
pan,2009,808.00
pan,2010,774.00
pan,2011,744.00
pan,2012,723.00
pan,2013,696.00
pan,2014,675.00
pan,2015,660.00
pan,2016,657.00
pan,2017,660.00
pan,2018,664.00
pan,2019,660.00
pan,2020,630.00
pan,2021,593.00
pan,2022,570.00
pan,2023,553.00
pan,2024,538.00
per,1956,30305
per,1957,30256
per,1958,30276
per,1959,30344
per,1960,30447
per,1961,30536
per,1962,30629
per,1963,30497
per,1964,30379
per,1965,30154
per,1966,29957
per,1967,29803
per,1968,29628
per,1969,29358
per,1970,29026
per,1971,28874
per,1972,28073
per,1973,27587
per,1974,27091
per,1975,26682
per,1976,26240
per,1977,25928
per,1978,25689
per,1979,25558
per,1980,25572
per,1981,25587
per,1982,25607
per,1983,25463
per,1984,25178
per,1985,24746
per,1986,24171
per,1987,23498
per,1988,22731
per,1989,21983
per,1990,21287
per,1991,20564
per,1992,19830
per,1993,18900
per,1994,17886
per,1995,16792
per,1996,15636
per,1997,14517
per,1998,13431
per,1999,12434
per,2000,11608
per,2001,10893
per,2002,10000
per,2003,9321.0
per,2004,8842.0
per,2005,8542.0
per,2006,8133.0
per,2007,7750.0
per,2008,7310.0
per,2009,6838.0
per,2010,6424.0
per,2011,6029.0
per,2012,5821.0
per,2013,5523.0
per,2014,5303.0
per,2015,5122.0
per,2016,5012.0
per,2017,4980.0
per,2018,5008.0
per,2019,5093.0
per,2020,5280.0
per,2021,5404.0
per,2022,5521.0
per,2023,5604.0
per,2024,5672.0
phl,1957,35382
phl,1958,36068
phl,1959,36910
phl,1960,37982
phl,1961,39197
phl,1962,39785
phl,1963,40436
phl,1964,41155
phl,1965,41666
phl,1966,42033
phl,1967,42164
phl,1968,42334
phl,1969,42346
phl,1970,42505
phl,1971,42704
phl,1972,42786
phl,1973,42790
phl,1974,42900
phl,1975,43139
phl,1976,43782
phl,1977,44593
phl,1978,46229
phl,1979,47887
phl,1980,48631
phl,1981,48933
phl,1982,49236
phl,1983,49781
phl,1984,50354
phl,1985,50359
phl,1986,50034
phl,1987,49283
phl,1988,48683
phl,1989,47912
phl,1990,46541
phl,1991,45368
phl,1992,44749
phl,1993,43231
phl,1994,42681
phl,1995,42492
phl,1996,42507
phl,1997,42108
phl,1998,42099
phl,1999,42314
phl,2000,42811
phl,2001,42940
phl,2002,43251
phl,2003,42531
phl,2004,41979
phl,2005,41241
phl,2006,40459
phl,2007,40681
phl,2008,39889
phl,2009,39949
phl,2010,39775
phl,2011,39323
phl,2012,38825
phl,2013,38196
phl,2014,37864
phl,2015,36844
phl,2016,37011
phl,2017,36386
phl,2018,35871
phl,2019,35611
phl,2020,34996
phl,2021,34518
phl,2022,33940
phl,2023,34791
phl,2024,35399
plw,1991,8.0000
plw,1992,8.0000
plw,1993,8.0000
plw,1994,8.0000
plw,1995,8.0000
plw,1996,8.0000
plw,1997,7.0000
plw,1998,7.0000
plw,1999,6.0000
plw,2000,6.0000
plw,2001,5.0000
plw,2002,5.0000
plw,2003,5.0000
plw,2004,5.0000
plw,2005,5.0000
plw,2006,5.0000
plw,2007,4.0000
plw,2008,4.0000
plw,2009,4.0000
plw,2010,4.0000
plw,2011,4.0000
plw,2012,4.0000
plw,2013,4.0000
plw,2014,4.0000
plw,2015,4.0000
plw,2016,4.0000
plw,2017,4.0000
plw,2018,4.0000
plw,2019,4.0000
plw,2020,5.0000
plw,2021,4.0000
plw,2022,4.0000
plw,2023,4.0000
plw,2024,4.0000
png,1976,5727.0
png,1977,5552.0
png,1978,5379.0
png,1979,5216.0
png,1980,5084.0
png,1981,5007.0
png,1982,4976.0
png,1983,4955.0
png,1984,4974.0
png,1985,4991.0
png,1986,5010.0
png,1987,5019.0
png,1988,5037.0
png,1989,5069.0
png,1990,5119.0
png,1991,5200.0
png,1992,5295.0
png,1993,5475.0
png,1994,5641.0
png,1995,5791.0
png,1996,5934.0
png,1997,6133.0
png,1998,6312.0
png,1999,6457.0
png,2000,6588.0
png,2001,6662.0
png,2002,6748.0
png,2003,6831.0
png,2004,6902.0
png,2005,6984.0
png,2006,7074.0
png,2007,7165.0
png,2008,7265.0
png,2009,7329.0
png,2010,7386.0
png,2011,7456.0
png,2012,7552.0
png,2013,7575.0
png,2014,7622.0
png,2015,7644.0
png,2016,7700.0
png,2017,7772.0
png,2018,7838.0
png,2019,7944.0
png,2020,8053.0
png,2021,8188.0
png,2022,8242.0
png,2023,8335.0
png,2024,8400.0
pol,1971,10215
pol,1972,10274
pol,1973,10250
pol,1974,10359
pol,1975,10488
pol,1976,10564
pol,1977,10652
pol,1978,10284
pol,1979,10019
pol,1980,10068
pol,1981,9980.0
pol,1982,9765.0
pol,1983,9989.0
pol,1984,10050
pol,1985,9555.0
pol,1986,8978.0
pol,1987,8232.0
pol,1988,7658.0
pol,1989,7255.0
pol,1990,6714.0
pol,1991,6271.0
pol,1992,6009.0
pol,1993,5567.0
pol,1994,5293.0
pol,1995,5024.0
pol,1996,4313.0
pol,1997,3813.0
pol,1998,3278.0
pol,1999,2801.0
pol,2000,2448.0
pol,2001,2253.0
pol,2002,2069.0
pol,2003,1906.0
pol,2004,1815.0
pol,2005,1770.0
pol,2006,1727.0
pol,2007,1687.0
pol,2008,1669.0
pol,2009,1693.0
pol,2010,1643.0
pol,2011,1574.0
pol,2012,1399.0
pol,2013,1306.0
pol,2014,1206.0
pol,2015,1177.0
pol,2016,1135.0
pol,2017,1145.0
pol,2018,1176.0
pol,2019,1122.0
pol,2020,1089.0
pol,2021,1016.0
pol,2022,926.00
pol,2023,820.00
pol,2024,790.00
prk,1991,12865
prk,1992,13453
prk,1993,13826
prk,1994,14053
prk,1995,14333
prk,1996,27851
prk,1997,27587
prk,1998,26874
prk,1999,26247
prk,2000,25460
prk,2001,24547
prk,2002,23757
prk,2003,22662
prk,2004,9989.0
prk,2005,9442.0
prk,2006,8944.0
prk,2007,8941.0
prk,2008,8807.0
prk,2009,8514.0
prk,2010,7978.0
prk,2011,7601.0
prk,2012,7244.0
prk,2013,6906.0
prk,2014,6534.0
prk,2015,6201.0
prk,2016,5896.0
prk,2017,5746.0
prk,2018,5361.0
prk,2019,5187.0
prk,2020,5026.0
prk,2021,4992.0
prk,2022,4976.0
prk,2023,5026.0
prk,2024,5044.0
prt,1962,6254.0
prt,1963,6081.0
prt,1964,5758.0
prt,1965,5802.0
prt,1966,5588.0
prt,1967,5473.0
prt,1968,5364.0
prt,1969,5216.0
prt,1970,5034.0
prt,1971,4537.0
prt,1972,4158.0
prt,1973,3874.0
prt,1974,3796.0
prt,1975,3790.0
prt,1976,3872.0
prt,1977,3890.0
prt,1978,3565.0
prt,1979,3054.0
prt,1980,2713.0
prt,1981,2488.0
prt,1982,2251.0
prt,1983,2099.0
prt,1984,1905.0
prt,1985,1769.0
prt,1986,1534.0
prt,1987,1380.0
prt,1988,1238.0
prt,1989,1111.0
prt,1990,981.00
prt,1991,877.00
prt,1992,801.00
prt,1993,724.00
prt,1994,653.00
prt,1995,576.00
prt,1996,521.00
prt,1997,495.00
prt,1998,473.00
prt,1999,446.00
prt,2000,432.00
prt,2001,420.00
prt,2002,378.00
prt,2003,358.00
prt,2004,327.00
prt,2005,296.00
prt,2006,272.00
prt,2007,247.00
prt,2008,231.00
prt,2009,230.00
prt,2010,221.00
prt,2011,223.00
prt,2012,215.00
prt,2013,201.00
prt,2014,185.00
prt,2015,183.00
prt,2016,187.00
prt,2017,189.00
prt,2018,183.00
prt,2019,178.00
prt,2020,171.00
prt,2021,160.00
prt,2022,144.00
prt,2023,150.00
prt,2024,152.00
pry,1969,3189.0
pry,1970,3168.0
pry,1971,3146.0
pry,1972,3137.0
pry,1973,3121.0
pry,1974,3127.0
pry,1975,3148.0
pry,1976,3144.0
pry,1977,3160.0
pry,1978,3204.0
pry,1979,3236.0
pry,1980,3307.0
pry,1981,3380.0
pry,1982,3472.0
pry,1983,3508.0
pry,1984,3538.0
pry,1985,3574.0
pry,1986,3589.0
pry,1987,3610.0
pry,1988,3605.0
pry,1989,3603.0
pry,1990,3578.0
pry,1991,3540.0
pry,1992,3512.0
pry,1993,3466.0
pry,1994,3406.0
pry,1995,3370.0
pry,1996,3338.0
pry,1997,3300.0
pry,1998,3250.0
pry,1999,3199.0
pry,2000,3142.0
pry,2001,3063.0
pry,2002,3002.0
pry,2003,2934.0
pry,2004,2883.0
pry,2005,2888.0
pry,2006,2885.0
pry,2007,2884.0
pry,2008,2868.0
pry,2009,2894.0
pry,2010,2888.0
pry,2011,2855.0
pry,2012,2847.0
pry,2013,2881.0
pry,2014,2874.0
pry,2015,2927.0
pry,2016,2967.0
pry,2017,2974.0
pry,2018,2940.0
pry,2019,2927.0
pry,2020,2906.0
pry,2021,2844.0
pry,2022,2813.0
pry,2023,2777.0
pry,2024,2725.0
pse,1990,2481.0
pse,1991,2490.0
pse,1992,2495.0
pse,1993,2499.0
pse,1994,2491.0
pse,1995,2471.0
pse,1996,2440.0
pse,1997,2387.0
pse,1998,2344.0
pse,1999,2327.0
pse,2000,2312.0
pse,2001,2293.0
pse,2002,2284.0
pse,2003,2265.0
pse,2004,2227.0
pse,2005,2206.0
pse,2006,2171.0
pse,2007,2121.0
pse,2008,2066.0
pse,2009,2048.0
pse,2010,2052.0
pse,2011,2085.0
pse,2012,2062.0
pse,2013,2030.0
pse,2014,2015.0
pse,2015,2027.0
pse,2016,2042.0
pse,2017,2025.0
pse,2018,1996.0
pse,2019,1961.0
pse,2020,1931.0
pse,2021,1893.0
pse,2022,1877.0
pse,2023,1871.0
pse,2024,1891.0
qat,1991,141.00
qat,1992,127.00
qat,1993,117.00
qat,1994,109.00
qat,1995,102.00
qat,1996,95.000
qat,1997,89.000
qat,1998,83.000
qat,1999,81.000
qat,2000,80.000
qat,2001,81.000
qat,2002,82.000
qat,2003,82.000
qat,2004,82.000
qat,2005,79.000
qat,2006,77.000
qat,2007,68.000
qat,2008,73.000
qat,2009,86.000
qat,2010,91.000
qat,2011,96.000
qat,2012,99.000
qat,2013,101.00
qat,2014,103.00
qat,2015,106.00
qat,2016,108.00
qat,2017,107.00
qat,2018,111.00
qat,2019,111.00
qat,2020,113.00
qat,2021,115.00
qat,2022,110.00
qat,2023,120.00
qat,2024,123.00
rks,1991,3408.0
rks,1992,2952.0
rks,1993,2345.0
rks,1994,2164.0
rks,1995,2001.0
rks,1996,1945.0
rks,1997,1910.0
rks,1998,1698.0
rks,1999,1666.0
rks,2000,1359.0
rks,2001,1092.0
rks,2002,1066.0
rks,2003,1038.0
rks,2004,968.00
rks,2005,922.00
rks,2006,874.00
rks,2007,792.00
rks,2008,726.00
rks,2009,685.00
rks,2010,632.00
rks,2011,568.00
rks,2012,483.00
rks,2013,437.00
rks,2014,407.00
rks,2015,362.00
rks,2016,308.00
rks,2017,254.00
rks,2018,233.00
rks,2019,214.00
rks,2020,202.00
rks,2021,192.00
rks,2022,191.00
rks,2023,182.00
rks,2024,176.00
rou,1991,6199.0
rou,1992,5171.0
rou,1993,4682.0
rou,1994,4357.0
rou,1995,4153.0
rou,1996,3878.0
rou,1997,3642.0
rou,1998,3486.0
rou,1999,3225.0
rou,2000,2950.0
rou,2001,2700.0
rou,2002,2457.0
rou,2003,2340.0
rou,2004,2302.0
rou,2005,2272.0
rou,2006,2184.0
rou,2007,1982.0
rou,2008,1775.0
rou,2009,1701.0
rou,2010,1577.0
rou,2011,1390.0
rou,2012,1213.0
rou,2013,1167.0
rou,2014,1071.0
rou,2015,1058.0
rou,2016,996.00
rou,2017,925.00
rou,2018,864.00
rou,2019,774.00
rou,2020,700.00
rou,2021,674.00
rou,2022,660.00
rou,2023,666.00
rou,2024,689.00
rus,1991,28255
rus,1992,24909
rus,1993,21614
rus,1994,18607
rus,1995,18225
rus,1996,17181
rus,1997,15822
rus,1998,14537
rus,1999,13898
rus,2000,12932
rus,2001,12660
rus,2002,12581
rus,2003,12535
rus,2004,12196
rus,2005,11502
rus,2006,10492
rus,2007,9949.0
rus,2008,9812.0
rus,2009,9462.0
rus,2010,9148.0
rus,2011,9238.0
rus,2012,9493.0
rus,2013,10095
rus,2014,9853.0
rus,2015,9349.0
rus,2016,8437.0
rus,2017,7406.0
rus,2018,6057.0
rus,2019,5284.0
rus,2020,4441.0
rus,2021,3822.0
rus,2022,3354.0
rus,2023,2974.0
rus,2024,2838.0
rwa,1962,11822
rwa,1963,11724
rwa,1964,11611
rwa,1965,11529
rwa,1966,11537
rwa,1967,11661
rwa,1968,11886
rwa,1969,12235
rwa,1970,12639
rwa,1971,13080
rwa,1972,13516
rwa,1973,14062
rwa,1974,14728
rwa,1975,15445
rwa,1976,16208
rwa,1977,17019
rwa,1978,17664
rwa,1979,18124
rwa,1980,18363
rwa,1981,18246
rwa,1982,17923
rwa,1983,17419
rwa,1984,16944
rwa,1985,16584
rwa,1986,16198
rwa,1987,15752
rwa,1988,15260
rwa,1989,14813
rwa,1990,14636
rwa,1991,14652
rwa,1992,14891
rwa,1993,15768
rwa,1994,17036
rwa,1995,18502
rwa,1996,12431
rwa,1997,13696
rwa,1998,17005
rwa,1999,18024
rwa,2000,17399
rwa,2001,16459
rwa,2002,15491
rwa,2003,14520
rwa,2004,13709
rwa,2005,13050
rwa,2006,12406
rwa,2007,11758
rwa,2008,11140
rwa,2009,10575
rwa,2010,10032
rwa,2011,9585.0
rwa,2012,9192.0
rwa,2013,8951.0
rwa,2014,8877.0
rwa,2015,8921.0
rwa,2016,9017.0
rwa,2017,9140.0
rwa,2018,9239.0
rwa,2019,9314.0
rwa,2020,9288.0
rwa,2021,9219.0
rwa,2022,9137.0
rwa,2023,9236.0
rwa,2024,9528.0
sau,1991,11910
sau,1992,11249
sau,1993,10679
sau,1994,10075
sau,1995,9340.0
sau,1996,8725.0
sau,1997,8116.0
sau,1998,7598.0
sau,1999,7182.0
sau,2000,6715.0
sau,2001,6379.0
sau,2002,5881.0
sau,2003,5429.0
sau,2004,5056.0
sau,2005,4799.0
sau,2006,4718.0
sau,2007,4744.0
sau,2008,4751.0
sau,2009,4565.0
sau,2010,4324.0
sau,2011,4087.0
sau,2012,4008.0
sau,2013,3885.0
sau,2014,3637.0
sau,2015,3509.0
sau,2016,3340.0
sau,2017,3258.0
sau,2018,3175.0
sau,2019,3037.0
sau,2020,2734.0
sau,2021,2509.0
sau,2022,2377.0
sau,2023,2306.0
sau,2024,2551.0
sdn,1971,30266
sdn,1972,31096
sdn,1973,31613
sdn,1974,32100
sdn,1975,32425
sdn,1976,32964
sdn,1977,33879
sdn,1978,34630
sdn,1979,35693
sdn,1980,37390
sdn,1981,38844
sdn,1982,40775
sdn,1983,42197
sdn,1984,44261
sdn,1985,44873
sdn,1986,45177
sdn,1987,44999
sdn,1988,45161
sdn,1989,45487
sdn,1990,45867
sdn,1991,45968
sdn,1992,46319
sdn,1993,46658
sdn,1994,46802
sdn,1995,47018
sdn,1996,47069
sdn,1997,47095
sdn,1998,46823
sdn,1999,46602
sdn,2000,46781
sdn,2001,46913
sdn,2002,46991
sdn,2003,47071
sdn,2004,46946
sdn,2005,47217
sdn,2006,47229
sdn,2007,46928
sdn,2008,47180
sdn,2009,47506
sdn,2010,48121
sdn,2011,49002
sdn,2012,49070
sdn,2013,49094
sdn,2014,49520
sdn,2015,50206
sdn,2016,52098
sdn,2017,53426
sdn,2018,54901
sdn,2019,57130
sdn,2020,58908
sdn,2021,60309
sdn,2022,61732
sdn,2023,63347
sdn,2024,65177
sen,1957,12537
sen,1958,12528
sen,1959,12568
sen,1960,12600
sen,1961,12614
sen,1962,12621
sen,1963,12636
sen,1964,12657
sen,1965,12655
sen,1966,12733
sen,1967,12869
sen,1968,13000
sen,1969,13157
sen,1970,13288
sen,1971,13482
sen,1972,13712
sen,1973,13954
sen,1974,14155
sen,1975,14356
sen,1976,14524
sen,1977,14608
sen,1978,14595
sen,1979,14519
sen,1980,14420
sen,1981,14498
sen,1982,14555
sen,1983,14606
sen,1984,14670
sen,1985,14580
sen,1986,14471
sen,1987,14246
sen,1988,14112
sen,1989,13905
sen,1990,13951
sen,1991,14171
sen,1992,14321
sen,1993,14543
sen,1994,14843
sen,1995,15010
sen,1996,15288
sen,1997,15489
sen,1998,15763
sen,1999,15984
sen,2000,16208
sen,2001,16153
sen,2002,15835
sen,2003,15590
sen,2004,15386
sen,2005,15013
sen,2006,14646
sen,2007,14291
sen,2008,14028
sen,2009,13961
sen,2010,13857
sen,2011,13845
sen,2012,13937
sen,2013,14164
sen,2014,14231
sen,2015,14292
sen,2016,14561
sen,2017,14967
sen,2018,15157
sen,2019,15069
sen,2020,14684
sen,2021,14568
sen,2022,14550
sen,2023,14574
sen,2024,14813
sgp,1970,739.00
sgp,1971,709.00
sgp,1972,712.00
sgp,1973,723.00
sgp,1974,657.00
sgp,1975,533.00
sgp,1976,450.00
sgp,1977,442.00
sgp,1978,390.00
sgp,1979,386.00
sgp,1980,392.00
sgp,1981,384.00
sgp,1982,378.00
sgp,1983,373.00
sgp,1984,339.00
sgp,1985,328.00
sgp,1986,315.00
sgp,1987,257.00
sgp,1988,259.00
sgp,1989,282.00
sgp,1990,228.00
sgp,1991,218.00
sgp,1992,188.00
sgp,1993,168.00
sgp,1994,152.00
sgp,1995,136.00
sgp,1996,125.00
sgp,1997,117.00
sgp,1998,110.00
sgp,1999,98.000
sgp,2000,89.000
sgp,2001,90.000
sgp,2002,75.000
sgp,2003,71.000
sgp,2004,62.000
sgp,2005,59.000
sgp,2006,58.000
sgp,2007,58.000
sgp,2008,59.000
sgp,2009,58.000
sgp,2010,57.000
sgp,2011,54.000
sgp,2012,55.000
sgp,2013,59.000
sgp,2014,55.000
sgp,2015,59.000
sgp,2016,58.000
sgp,2017,56.000
sgp,2018,55.000
sgp,2019,54.000
sgp,2020,52.000
sgp,2021,51.000
sgp,2022,49.000
sgp,2023,50.000
sgp,2024,54.000
slb,1991,231.00
slb,1992,228.00
slb,1993,225.00
slb,1994,225.00
slb,1995,225.00
slb,1996,227.00
slb,1997,228.00
slb,1998,230.00
slb,1999,232.00
slb,2000,235.00
slb,2001,238.00
slb,2002,239.00
slb,2003,239.00
slb,2004,238.00
slb,2005,236.00
slb,2006,235.00
slb,2007,236.00
slb,2008,236.00
slb,2009,237.00
slb,2010,237.00
slb,2011,238.00
slb,2012,243.00
slb,2013,248.00
slb,2014,256.00
slb,2015,267.00
slb,2016,273.00
slb,2017,276.00
slb,2018,277.00
slb,2019,276.00
slb,2020,276.00
slb,2021,277.00
slb,2022,280.00
slb,2023,283.00
slb,2024,285.00
sle,1991,11462
sle,1992,11991
sle,1993,11583
sle,1994,11454
sle,1995,11352
sle,1996,11276
sle,1997,11124
sle,1998,11103
sle,1999,11077
sle,2000,10950
sle,2001,10801
sle,2002,11035
sle,2003,11596
sle,2004,11695
sle,2005,11636
sle,2006,11607
sle,2007,11564
sle,2008,11332
sle,2009,11151
sle,2010,10907
sle,2011,10672
sle,2012,10465
sle,2013,10291
sle,2014,9986.0
sle,2015,9790.0
sle,2016,9619.0
sle,2017,9548.0
sle,2018,9624.0
sle,2019,9683.0
sle,2020,9746.0
sle,2021,9789.0
sle,2022,9884.0
sle,2023,9980.0
sle,2024,10161
slv,1987,5015.0
slv,1988,4987.0
slv,1989,4916.0
slv,1990,4824.0
slv,1991,4680.0
slv,1992,4527.0
slv,1993,4320.0
slv,1994,4092.0
slv,1995,3920.0
slv,1996,3759.0
slv,1997,3580.0
slv,1998,3369.0
slv,1999,3211.0
slv,2000,2925.0
slv,2001,2643.0
slv,2002,2382.0
slv,2003,2136.0
slv,2004,1921.0
slv,2005,1739.0
slv,2006,1596.0
slv,2007,1491.0
slv,2008,1398.0
slv,2009,1308.0
slv,2010,1245.0
slv,2011,1190.0
slv,2012,1143.0
slv,2013,1092.0
slv,2014,1048.0
slv,2015,1010.0
slv,2016,966.00
slv,2017,906.00
slv,2018,866.00
slv,2019,835.00
slv,2020,819.00
slv,2021,801.00
slv,2022,788.00
slv,2023,774.00
slv,2024,761.00
smr,1991,3.0000
smr,1992,3.0000
smr,1993,2.0000
smr,1994,2.0000
smr,1995,2.0000
smr,1996,2.0000
smr,1997,2.0000
smr,1998,1.0000
smr,1999,1.0000
smr,2000,1.0000
smr,2001,1.0000
smr,2002,1.0000
smr,2003,1.0000
smr,2004,1.0000
smr,2005,1.0000
smr,2006,1.0000
smr,2007,1.0000
smr,2008,1.0000
smr,2009,1.0000
smr,2010,1.0000
smr,2011,1.0000
smr,2012,1.0000
smr,2013,1.0000
smr,2014,1.0000
smr,2015,0.0000
smr,2016,0.0000
smr,2017,0.0000
smr,2018,0.0000
smr,2019,0.0000
smr,2020,0.0000
smr,2021,0.0000
smr,2022,0.0000
smr,2023,0.0000
smr,2024,0.0000
som,1985,21329
som,1986,21425
som,1987,21698
som,1988,22172
som,1989,22243
som,1990,21450
som,1991,21094
som,1992,22685
som,1993,21758
som,1994,20291
som,1995,21853
som,1996,22386
som,1997,23289
som,1998,24011
som,1999,24940
som,2000,26202
som,2001,27354
som,2002,28860
som,2003,30320
som,2004,31633
som,2005,33322
som,2006,35119
som,2007,36537
som,2008,37440
som,2009,38926
som,2010,40443
som,2011,42123
som,2012,45204
som,2013,44350
som,2014,45655
som,2015,47678
som,2016,49686
som,2017,51580
som,2018,54390
som,2019,55795
som,2020,57951
som,2021,59623
som,2022,61598
som,2023,63529
som,2024,63634
srb,1991,1727.0
srb,1992,1536.0
srb,1993,1378.0
srb,1994,1260.0
srb,1995,1143.0
srb,1996,1004.0
srb,1997,869.00
srb,1998,754.00
srb,1999,670.00
srb,2000,614.00
srb,2001,579.00
srb,2002,557.00
srb,2003,531.00
srb,2004,494.00
srb,2005,453.00
srb,2006,413.00
srb,2007,383.00
srb,2008,363.00
srb,2009,353.00
srb,2010,351.00
srb,2011,351.00
srb,2012,341.00
srb,2013,338.00
srb,2014,318.00
srb,2015,306.00
srb,2016,287.00
srb,2017,270.00
srb,2018,260.00
srb,2019,250.00
srb,2020,245.00
srb,2021,230.00
srb,2022,222.00
srb,2023,213.00
srb,2024,207.00
ssd,1991,21714
ssd,1992,21778
ssd,1993,22057
ssd,1994,22015
ssd,1995,21874
ssd,1996,22505
ssd,1997,22745
ssd,1998,22721
ssd,1999,23441
ssd,2000,22266
ssd,2001,22279
ssd,2002,22448
ssd,2003,22617
ssd,2004,22514
ssd,2005,22488
ssd,2006,22552
ssd,2007,22809
ssd,2008,23615
ssd,2009,24478
ssd,2010,25172
ssd,2011,25761
ssd,2012,27288
ssd,2013,28340
ssd,2014,29507
ssd,2015,31408
ssd,2016,30602
ssd,2017,30931
ssd,2018,28819
ssd,2019,25803
ssd,2020,27898
ssd,2021,30234
ssd,2022,32713
ssd,2023,34252
ssd,2024,37175
stp,1987,159.00
stp,1988,161.00
stp,1989,162.00
stp,1990,163.00
stp,1991,164.00
stp,1992,165.00
stp,1993,164.00
stp,1994,161.00
stp,1995,160.00
stp,1996,161.00
stp,1997,159.00
stp,1998,158.00
stp,1999,157.00
stp,2000,157.00
stp,2001,157.00
stp,2002,157.00
stp,2003,156.00
stp,2004,154.00
stp,2005,151.00
stp,2006,149.00
stp,2007,148.00
stp,2008,148.00
stp,2009,147.00
stp,2010,145.00
stp,2011,142.00
stp,2012,136.00
stp,2013,130.00
stp,2014,123.00
stp,2015,116.00
stp,2016,109.00
stp,2017,102.00
stp,2018,97.000
stp,2019,92.000
stp,2020,89.000
stp,2021,86.000
stp,2022,86.000
stp,2023,85.000
stp,2024,85.000
sur,1991,345.00
sur,1992,322.00
sur,1993,302.00
sur,1994,285.00
sur,1995,272.00
sur,1996,265.00
sur,1997,262.00
sur,1998,259.00
sur,1999,257.00
sur,2000,257.00
sur,2001,258.00
sur,2002,262.00
sur,2003,259.00
sur,2004,255.00
sur,2005,251.00
sur,2006,249.00
sur,2007,248.00
sur,2008,244.00
sur,2009,239.00
sur,2010,233.00
sur,2011,226.00
sur,2012,220.00
sur,2013,218.00
sur,2014,214.00
sur,2015,211.00
sur,2016,208.00
sur,2017,205.00
sur,2018,203.00
sur,2019,202.00
sur,2020,202.00
sur,2021,203.00
sur,2022,202.00
sur,2023,203.00
sur,2024,202.00
svk,1984,1134.0
svk,1985,1065.0
svk,1986,1000.0
svk,1987,918.00
svk,1988,843.00
svk,1989,795.00
svk,1990,738.00
svk,1991,713.00
svk,1992,681.00
svk,1993,635.00
svk,1994,599.00
svk,1995,522.00
svk,1996,452.00
svk,1997,408.00
svk,1998,370.00
svk,1999,336.00
svk,2000,308.00
svk,2001,287.00
svk,2002,257.00
svk,2003,244.00
svk,2004,235.00
svk,2005,231.00
svk,2006,222.00
svk,2007,210.00
svk,2008,204.00
svk,2009,207.00
svk,2010,215.00
svk,2011,211.00
svk,2012,209.00
svk,2013,198.00
svk,2014,192.00
svk,2015,189.00
svk,2016,180.00
svk,2017,182.00
svk,2018,182.00
svk,2019,181.00
svk,2020,181.00
svk,2021,180.00
svk,2022,181.00
svk,2023,171.00
svk,2024,173.00
svn,1984,289.00
svn,1985,261.00
svn,1986,239.00
svn,1987,216.00
svn,1988,200.00
svn,1989,181.00
svn,1990,155.00
svn,1991,137.00
svn,1992,123.00
svn,1993,106.00
svn,1994,97.000
svn,1995,89.000
svn,1996,82.000
svn,1997,77.000
svn,1998,71.000
svn,1999,67.000
svn,2000,64.000
svn,2001,63.000
svn,2002,59.000
svn,2003,56.000
svn,2004,52.000
svn,2005,51.000
svn,2006,48.000
svn,2007,47.000
svn,2008,47.000
svn,2009,48.000
svn,2010,46.000
svn,2011,45.000
svn,2012,43.000
svn,2013,41.000
svn,2014,39.000
svn,2015,38.000
svn,2016,36.000
svn,2017,34.000
svn,2018,33.000
svn,2019,31.000
svn,2020,30.000
svn,2021,29.000
svn,2022,30.000
svn,2023,28.000
svn,2024,28.000
swe,1962,1359.0
swe,1963,1356.0
swe,1964,1364.0
swe,1965,1404.0
swe,1966,1356.0
swe,1967,1319.0
swe,1968,1265.0
swe,1969,1151.0
swe,1970,1064.0
swe,1971,1046.0
swe,1972,1038.0
swe,1973,966.00
swe,1974,883.00
swe,1975,820.00
swe,1976,721.00
swe,1977,637.00
swe,1978,579.00
swe,1979,530.00
swe,1980,516.00
swe,1981,497.00
swe,1982,463.00
swe,1983,439.00
swe,1984,419.00
swe,1985,414.00
swe,1986,419.00
swe,1987,421.00
swe,1988,422.00
swe,1989,437.00
swe,1990,440.00
swe,1991,450.00
swe,1992,433.00
swe,1993,410.00
swe,1994,374.00
swe,1995,338.00
swe,1996,295.00
swe,1997,257.00
swe,1998,233.00
swe,1999,221.00
swe,2000,216.00
swe,2001,218.00
swe,2002,218.00
swe,2003,223.00
swe,2004,221.00
swe,2005,215.00
swe,2006,205.00
swe,2007,203.00
swe,2008,198.00
swe,2009,194.00
swe,2010,192.00
swe,2011,195.00
swe,2012,187.00
swe,2013,188.00
swe,2014,188.00
swe,2015,190.00
swe,2016,188.00
swe,2017,187.00
swe,2018,182.00
swe,2019,179.00
swe,2020,175.00
swe,2021,172.00
swe,2022,172.00
swe,2023,160.00
swe,2024,151.00
swz,1985,937.00
swz,1986,925.00
swz,1987,910.00
swz,1988,897.00
swz,1989,887.00
swz,1990,907.00
swz,1991,919.00
swz,1992,937.00
swz,1993,959.00
swz,1994,978.00
swz,1995,981.00
swz,1996,911.00
swz,1997,922.00
swz,1998,937.00
swz,1999,958.00
swz,2000,991.00
swz,2001,1003.0
swz,2002,998.00
swz,2003,987.00
swz,2004,983.00
swz,2005,989.00
swz,2006,990.00
swz,2007,990.00
swz,2008,1002.0
swz,2009,1022.0
swz,2010,1029.0
swz,2011,1010.0
swz,2012,1008.0
swz,2013,1010.0
swz,2014,1021.0
swz,2015,1032.0
swz,2016,1043.0
swz,2017,1059.0
swz,2018,1075.0
swz,2019,1094.0
swz,2020,1110.0
swz,2021,1124.0
swz,2022,1135.0
swz,2023,1137.0
swz,2024,1133.0
syc,1988,24.000
syc,1989,23.000
syc,1990,21.000
syc,1991,20.000
syc,1992,20.000
syc,1993,19.000
syc,1994,19.000
syc,1995,18.000
syc,1996,16.000
syc,1997,16.000
syc,1998,15.000
syc,1999,14.000
syc,2000,14.000
syc,2001,14.000
syc,2002,14.000
syc,2003,14.000
syc,2004,15.000
syc,2005,15.000
syc,2006,16.000
syc,2007,15.000
syc,2008,16.000
syc,2009,17.000
syc,2010,17.000
syc,2011,16.000
syc,2012,17.000
syc,2013,18.000
syc,2014,16.000
syc,2015,16.000
syc,2016,17.000
syc,2017,18.000
syc,2018,18.000
syc,2019,19.000
syc,2020,19.000
syc,2021,19.000
syc,2022,19.000
syc,2023,20.000
syc,2024,20.000
syr,1957,6221.0
syr,1958,6149.0
syr,1959,6107.0
syr,1960,6096.0
syr,1961,6138.0
syr,1962,6150.0
syr,1963,6186.0
syr,1964,6243.0
syr,1965,6337.0
syr,1966,6490.0
syr,1967,6689.0
syr,1968,6919.0
syr,1969,7167.0
syr,1970,7393.0
syr,1971,7593.0
syr,1972,7705.0
syr,1973,7759.0
syr,1974,7854.0
syr,1975,7974.0
syr,1976,8179.0
syr,1977,8512.0
syr,1978,8898.0
syr,1979,9268.0
syr,1980,9520.0
syr,1981,9691.0
syr,1982,9729.0
syr,1983,9732.0
syr,1984,9673.0
syr,1985,9664.0
syr,1986,9673.0
syr,1987,9644.0
syr,1988,9503.0
syr,1989,9345.0
syr,1990,9133.0
syr,1991,8950.0
syr,1992,8688.0
syr,1993,8429.0
syr,1994,8288.0
syr,1995,8173.0
syr,1996,8029.0
syr,1997,7837.0
syr,1998,7591.0
syr,1999,7439.0
syr,2000,7325.0
syr,2001,7250.0
syr,2002,7157.0
syr,2003,7017.0
syr,2004,6911.0
syr,2005,6831.0
syr,2006,6814.0
syr,2007,6863.0
syr,2008,7406.0
syr,2009,8006.0
syr,2010,7839.0
syr,2011,7948.0
syr,2012,8019.0
syr,2013,8089.0
syr,2014,7609.0
syr,2015,6416.0
syr,2016,5607.0
syr,2017,5192.0
syr,2018,5348.0
syr,2019,5452.0
syr,2020,6036.0
syr,2021,6703.0
syr,2022,7225.0
syr,2023,7600.0
syr,2024,8364.0
tca,1991,5.0000
tca,1992,5.0000
tca,1993,5.0000
tca,1994,4.0000
tca,1995,4.0000
tca,1996,4.0000
tca,1997,4.0000
tca,1998,4.0000
tca,1999,4.0000
tca,2000,4.0000
tca,2001,3.0000
tca,2002,3.0000
tca,2003,3.0000
tca,2004,3.0000
tca,2005,3.0000
tca,2006,3.0000
tca,2007,3.0000
tca,2008,3.0000
tca,2009,3.0000
tca,2010,3.0000
tca,2011,3.0000
tca,2012,3.0000
tca,2013,3.0000
tca,2014,3.0000
tca,2015,4.0000
tca,2016,4.0000
tca,2017,4.0000
tca,2018,5.0000
tca,2019,5.0000
tca,2020,5.0000
tca,2021,5.0000
tca,2022,5.0000
tca,2023,5.0000
tca,2024,5.0000
tcd,1975,14539
tcd,1976,14721
tcd,1977,14874
tcd,1978,14988
tcd,1979,15012
tcd,1980,15040
tcd,1981,15241
tcd,1982,14194
tcd,1983,14472
tcd,1984,16267
tcd,1985,16747
tcd,1986,16039
tcd,1987,16226
tcd,1988,16971
tcd,1989,17559
tcd,1990,18029
tcd,1991,18378
tcd,1992,18298
tcd,1993,19341
tcd,1994,19875
tcd,1995,19368
tcd,1996,19803
tcd,1997,20990
tcd,1998,21237
tcd,1999,21518
tcd,2000,21600
tcd,2001,21724
tcd,2002,21868
tcd,2003,21852
tcd,2004,22150
tcd,2005,23004
tcd,2006,23818
tcd,2007,24276
tcd,2008,24776
tcd,2009,25198
tcd,2010,25813
tcd,2011,26515
tcd,2012,27214
tcd,2013,28032
tcd,2014,28698
tcd,2015,29567
tcd,2016,30301
tcd,2017,30764
tcd,2018,31635
tcd,2019,32581
tcd,2020,33909
tcd,2021,34996
tcd,2022,36223
tcd,2023,38015
tcd,2024,39325
tgo,1967,6112.0
tgo,1968,6262.0
tgo,1969,6462.0
tgo,1970,6671.0
tgo,1971,6876.0
tgo,1972,7067.0
tgo,1973,7221.0
tgo,1974,7342.0
tgo,1975,7425.0
tgo,1976,7514.0
tgo,1977,7541.0
tgo,1978,7528.0
tgo,1979,7514.0
tgo,1980,7494.0
tgo,1981,7510.0
tgo,1982,7558.0
tgo,1983,7634.0
tgo,1984,7725.0
tgo,1985,7799.0
tgo,1986,7881.0
tgo,1987,7983.0
tgo,1988,8058.0
tgo,1989,8105.0
tgo,1990,8122.0
tgo,1991,8152.0
tgo,1992,8182.0
tgo,1993,8223.0
tgo,1994,8217.0
tgo,1995,7666.0
tgo,1996,7763.0
tgo,1997,7825.0
tgo,1998,7869.0
tgo,1999,7890.0
tgo,2000,7933.0
tgo,2001,7962.0
tgo,2002,8005.0
tgo,2003,8013.0
tgo,2004,7996.0
tgo,2005,7957.0
tgo,2006,8066.0
tgo,2007,8172.0
tgo,2008,8324.0
tgo,2009,8399.0
tgo,2010,8504.0
tgo,2011,8578.0
tgo,2012,8491.0
tgo,2013,8395.0
tgo,2014,8359.0
tgo,2015,8405.0
tgo,2016,8515.0
tgo,2017,8637.0
tgo,2018,8739.0
tgo,2019,8806.0
tgo,2020,8928.0
tgo,2021,9089.0
tgo,2022,9253.0
tgo,2023,9427.0
tgo,2024,9645.0
tha,1954,77944
tha,1955,77267
tha,1956,76843
tha,1957,76903
tha,1958,76787
tha,1959,77259
tha,1960,77832
tha,1961,78506
tha,1962,79338
tha,1963,79969
tha,1964,80754
tha,1965,80840
tha,1966,80640
tha,1967,80199
tha,1968,78984
tha,1969,77120
tha,1970,74040
tha,1971,70413
tha,1972,67390
tha,1973,64779
tha,1974,62028
tha,1975,59071
tha,1976,55923
tha,1977,52624
tha,1978,49104
tha,1979,45928
tha,1980,43435
tha,1981,41477
tha,1982,39327
tha,1983,36726
tha,1984,34258
tha,1985,32169
tha,1986,30683
tha,1987,29709
tha,1988,28431
tha,1989,27343
tha,1990,26668
tha,1991,25424
tha,1992,24414
tha,1993,23312
tha,1994,22081
tha,1995,20771
tha,1996,19502
tha,1997,18434
tha,1998,17380
tha,1999,16288
tha,2000,15149
tha,2001,14108
tha,2002,13340
tha,2003,12618
tha,2004,11985
tha,2005,11389
tha,2006,10759
tha,2007,10183
tha,2008,9680.0
tha,2009,9095.0
tha,2010,8595.0
tha,2011,8209.0
tha,2012,7915.0
tha,2013,7562.0
tha,2014,7115.0
tha,2015,6685.0
tha,2016,6319.0
tha,2017,5888.0
tha,2018,5560.0
tha,2019,5241.0
tha,2020,4950.0
tha,2021,4720.0
tha,2022,4514.0
tha,2023,4359.0
tha,2024,4230.0
tjk,1991,8653.0
tjk,1992,8412.0
tjk,1993,8190.0
tjk,1994,8050.0
tjk,1995,7936.0
tjk,1996,7894.0
tjk,1997,6839.0
tjk,1998,7081.0
tjk,1999,7129.0
tjk,2000,6676.0
tjk,2001,6078.0
tjk,2002,5977.0
tjk,2003,5816.0
tjk,2004,5599.0
tjk,2005,5648.0
tjk,2006,5518.0
tjk,2007,5532.0
tjk,2008,5678.0
tjk,2009,5773.0
tjk,2010,5853.0
tjk,2011,5883.0
tjk,2012,5800.0
tjk,2013,5659.0
tjk,2014,5640.0
tjk,2015,5726.0
tjk,2016,5922.0
tjk,2017,6026.0
tjk,2018,6090.0
tjk,2019,6381.0
tjk,2020,6633.0
tjk,2021,6707.0
tjk,2022,6847.0
tjk,2023,6885.0
tjk,2024,6828.0
tkm,1990,4216.0
tkm,1991,4215.0
tkm,1992,4265.0
tkm,1993,4283.0
tkm,1994,4257.0
tkm,1995,4230.0
tkm,1996,4196.0
tkm,1997,4059.0
tkm,1998,4009.0
tkm,1999,3948.0
tkm,2000,3879.0
tkm,2001,3860.0
tkm,2002,3806.0
tkm,2003,3714.0
tkm,2004,3703.0
tkm,2005,3761.0
tkm,2006,3839.0
tkm,2007,3911.0
tkm,2008,3977.0
tkm,2009,4055.0
tkm,2010,4175.0
tkm,2011,4320.0
tkm,2012,4465.0
tkm,2013,4628.0
tkm,2014,4804.0
tkm,2015,4967.0
tkm,2016,5163.0
tkm,2017,5305.0
tkm,2018,5476.0
tkm,2019,5645.0
tkm,2020,5858.0
tkm,2021,6009.0
tkm,2022,6133.0
tkm,2023,6198.0
tkm,2024,6165.0
tls,1988,2295.0
tls,1989,2256.0
tls,1990,2230.0
tls,1991,2208.0
tls,1992,2172.0
tls,1993,2160.0
tls,1994,2130.0
tls,1995,2088.0
tls,1996,2042.0
tls,1997,1984.0
tls,1998,1946.0
tls,1999,1907.0
tls,2000,1880.0
tls,2001,1302.0
tls,2002,1319.0
tls,2003,1374.0
tls,2004,1391.0
tls,2005,1333.0
tls,2006,1280.0
tls,2007,1244.0
tls,2008,1219.0
tls,2009,1203.0
tls,2010,1190.0
tls,2011,1179.0
tls,2012,1161.0
tls,2013,1141.0
tls,2014,1122.0
tls,2015,1103.0
tls,2016,1081.0
tls,2017,1068.0
tls,2018,1061.0
tls,2019,1058.0
tls,2020,1065.0
tls,2021,1076.0
tls,2022,1077.0
tls,2023,1087.0
tls,2024,1084.0
ton,1991,43.000
ton,1992,40.000
ton,1993,38.000
ton,1994,36.000
ton,1995,34.000
ton,1996,32.000
ton,1997,30.000
ton,1998,29.000
ton,1999,28.000
ton,2000,27.000
ton,2001,27.000
ton,2002,26.000
ton,2003,26.000
ton,2004,25.000
ton,2005,25.000
ton,2006,24.000
ton,2007,23.000
ton,2008,22.000
ton,2009,22.000
ton,2010,21.000
ton,2011,21.000
ton,2012,20.000
ton,2013,20.000
ton,2014,19.000
ton,2015,19.000
ton,2016,19.000
ton,2017,18.000
ton,2018,18.000
ton,2019,18.000
ton,2020,18.000
ton,2021,18.000
ton,2022,18.000
ton,2023,17.000
ton,2024,17.000
tto,1956,1517.0
tto,1957,1464.0
tto,1958,1439.0
tto,1959,1428.0
tto,1960,1430.0
tto,1961,1437.0
tto,1962,1429.0
tto,1963,1406.0
tto,1964,1368.0
tto,1965,1321.0
tto,1966,1267.0
tto,1967,1202.0
tto,1968,1133.0
tto,1969,1073.0
tto,1970,1013.0
tto,1971,979.00
tto,1972,972.00
tto,1973,977.00
tto,1974,977.00
tto,1975,953.00
tto,1976,940.00
tto,1977,931.00
tto,1978,940.00
tto,1979,953.00
tto,1980,965.00
tto,1981,982.00
tto,1982,982.00
tto,1983,975.00
tto,1984,959.00
tto,1985,931.00
tto,1986,906.00
tto,1987,868.00
tto,1988,818.00
tto,1989,766.00
tto,1990,718.00
tto,1991,668.00
tto,1992,630.00
tto,1993,601.00
tto,1994,572.00
tto,1995,550.00
tto,1996,521.00
tto,1997,498.00
tto,1998,480.00
tto,1999,468.00
tto,2000,463.00
tto,2001,458.00
tto,2002,452.00
tto,2003,444.00
tto,2004,438.00
tto,2005,432.00
tto,2006,431.00
tto,2007,430.00
tto,2008,426.00
tto,2009,421.00
tto,2010,417.00
tto,2011,411.00
tto,2012,407.00
tto,2013,402.00
tto,2014,395.00
tto,2015,390.00
tto,2016,383.00
tto,2017,378.00
tto,2018,371.00
tto,2019,365.00
tto,2020,369.00
tto,2021,355.00
tto,2022,347.00
tto,2023,339.00
tto,2024,329.00
tun,1967,13249
tun,1968,12819
tun,1969,12428
tun,1970,12074
tun,1971,11778
tun,1972,11654
tun,1973,11505
tun,1974,11408
tun,1975,11259
tun,1976,11075
tun,1977,10841
tun,1978,10435
tun,1979,9899.0
tun,1980,9413.0
tun,1981,9036.0
tun,1982,8956.0
tun,1983,8714.0
tun,1984,8504.0
tun,1985,8338.0
tun,1986,8223.0
tun,1987,8126.0
tun,1988,7810.0
tun,1989,7432.0
tun,1990,7047.0
tun,1991,6889.0
tun,1992,6705.0
tun,1993,6485.0
tun,1994,6236.0
tun,1995,5828.0
tun,1996,5323.0
tun,1997,4835.0
tun,1998,4381.0
tun,1999,3911.0
tun,2000,3500.0
tun,2001,3222.0
tun,2002,2988.0
tun,2003,2795.0
tun,2004,2686.0
tun,2005,2575.0
tun,2006,2485.0
tun,2007,2413.0
tun,2008,2368.0
tun,2009,2367.0
tun,2010,2399.0
tun,2011,2500.0
tun,2012,2654.0
tun,2013,2775.0
tun,2014,2821.0
tun,2015,2833.0
tun,2016,2811.0
tun,2017,2755.0
tun,2018,2638.0
tun,2019,2488.0
tun,2020,2341.0
tun,2021,2103.0
tun,2022,1766.0
tun,2023,1674.0
tun,2024,1546.0
tur,1957,92278
tur,1958,92674
tur,1959,93026
tur,1960,93298
tur,1961,93424
tur,1962,94460
tur,1963,94175
tur,1964,93865
tur,1965,93608
tur,1966,93112
tur,1967,93134
tur,1968,92466
tur,1969,92140
tur,1970,91974
tur,1971,91905
tur,1972,91656
tur,1973,90432
tur,1974,88841
tur,1975,86313
tur,1976,83696
tur,1977,81175
tur,1978,79021
tur,1979,77886
tur,1980,76322
tur,1981,74438
tur,1982,72539
tur,1983,69475
tur,1984,67171
tur,1985,64793
tur,1986,62550
tur,1987,60553
tur,1988,58319
tur,1989,56394
tur,1990,54031
tur,1991,50058
tur,1992,47601
tur,1993,45156
tur,1994,43425
tur,1995,41398
tur,1996,39514
tur,1997,37389
tur,1998,35637
tur,1999,33895
tur,2000,31731
tur,2001,28809
tur,2002,26144
tur,2003,23277
tur,2004,21227
tur,2005,19803
tur,2006,18519
tur,2007,17273
tur,2008,15962
tur,2009,14711
tur,2010,13557
tur,2011,12274
tur,2012,11292
tur,2013,10858
tur,2014,10241
tur,2015,10133
tur,2016,9793.0
tur,2017,9480.0
tur,2018,9100.0
tur,2019,8648.0
tur,2020,7974.0
tur,2021,7232.0
tur,2022,6763.0
tur,2023,6260.0
tur,2024,6153.0
tuv,1991,11.000
tuv,1992,10.000
tuv,1993,10.000
tuv,1994,10.000
tuv,1995,9.0000
tuv,1996,9.0000
tuv,1997,9.0000
tuv,1998,8.0000
tuv,1999,8.0000
tuv,2000,8.0000
tuv,2001,7.0000
tuv,2002,7.0000
tuv,2003,7.0000
tuv,2004,6.0000
tuv,2005,6.0000
tuv,2006,6.0000
tuv,2007,6.0000
tuv,2008,5.0000
tuv,2009,5.0000
tuv,2010,5.0000
tuv,2011,5.0000
tuv,2012,5.0000
tuv,2013,5.0000
tuv,2014,5.0000
tuv,2015,5.0000
tuv,2016,5.0000
tuv,2017,5.0000
tuv,2018,5.0000
tuv,2019,5.0000
tuv,2020,5.0000
tuv,2021,5.0000
tuv,2022,4.0000
tuv,2023,4.0000
tuv,2024,4.0000
tza,1970,36135
tza,1971,36308
tza,1972,36556
tza,1973,36792
tza,1974,37476
tza,1975,38557
tza,1976,39487
tza,1977,40483
tza,1978,41575
tza,1979,42875
tza,1980,43940
tza,1981,44941
tza,1982,45978
tza,1983,47038
tza,1984,48005
tza,1985,48203
tza,1986,48415
tza,1987,48522
tza,1988,48951
tza,1989,49554
tza,1990,49444
tza,1991,49354
tza,1992,49334
tza,1993,49277
tza,1994,49334
tza,1995,50183
tza,1996,51435
tza,1997,52126
tza,1998,51930
tza,1999,52371
tza,2000,52005
tza,2001,51621
tza,2002,50974
tza,2003,50168
tza,2004,49986
tza,2005,49818
tza,2006,49574
tza,2007,49139
tza,2008,48486
tza,2009,48141
tza,2010,47899
tza,2011,47938
tza,2012,47800
tza,2013,48582
tza,2014,50129
tza,2015,51528
tza,2016,52466
tza,2017,54560
tza,2018,56922
tza,2019,58579
tza,2020,59563
tza,2021,60497
tza,2022,61508
tza,2023,62324
tza,2024,63210
uga,1967,30960
uga,1968,31250
uga,1969,31493
uga,1970,31491
uga,1971,31697
uga,1972,31984
uga,1973,32168
uga,1974,32369
uga,1975,32922
uga,1976,33780
uga,1977,34674
uga,1978,35692
uga,1979,36758
uga,1980,37974
uga,1981,38249
uga,1982,38301
uga,1983,38060
uga,1984,37920
uga,1985,37915
uga,1986,38099
uga,1987,38269
uga,1988,38572
uga,1989,38793
uga,1990,39013
uga,1991,39042
uga,1992,38809
uga,1993,39020
uga,1994,39346
uga,1995,40099
uga,1996,40821
uga,1997,40553
uga,1998,41312
uga,1999,41292
uga,2000,41792
uga,2001,41847
uga,2002,41686
uga,2003,41250
uga,2004,40834
uga,2005,40481
uga,2006,40025
uga,2007,39799
uga,2008,39614
uga,2009,39166
uga,2010,39184
uga,2011,39316
uga,2012,39372
uga,2013,39168
uga,2014,38717
uga,2015,38707
uga,2016,38908
uga,2017,39268
uga,2018,40359
uga,2019,41759
uga,2020,42972
uga,2021,44357
uga,2022,45429
uga,2023,46598
uga,2024,47644
ukr,1986,13083
ukr,1987,12826
ukr,1988,11835
ukr,1989,11066
ukr,1990,10171
ukr,1991,9548.0
ukr,1992,9075.0
ukr,1993,8583.0
ukr,1994,8135.0
ukr,1995,7737.0
ukr,1996,7355.0
ukr,1997,6920.0
ukr,1998,6453.0
ukr,1999,5935.0
ukr,2000,5320.0
ukr,2001,4993.0
ukr,2002,4655.0
ukr,2003,4526.0
ukr,2004,4457.0
ukr,2005,4406.0
ukr,2006,4297.0
ukr,2007,4463.0
ukr,2008,4502.0
ukr,2009,4652.0
ukr,2010,4528.0
ukr,2011,4207.0
ukr,2012,4061.0
ukr,2013,4012.0
ukr,2014,3765.0
ukr,2015,3441.0
ukr,2016,3069.0
ukr,2017,2912.0
ukr,2018,2584.0
ukr,2019,2329.0
ukr,2020,2188.0
ukr,2021,2071.0
ukr,2022,1880.0
ukr,2023,1424.0
ukr,2024,1285.0
unicef_eap,1991,1296400
unicef_eap,1992,1103200
unicef_eap,1993,1022800
unicef_eap,1994,969660
unicef_eap,1995,920350
unicef_eap,1996,881730
unicef_eap,1997,830180
unicef_eap,1998,779840
unicef_eap,1999,733810
unicef_eap,2000,694320
unicef_eap,2001,678870
unicef_eap,2002,624670
unicef_eap,2003,584800
unicef_eap,2004,539460
unicef_eap,2005,510350
unicef_eap,2006,480810
unicef_eap,2007,456630
unicef_eap,2008,435250
unicef_eap,2009,415760
unicef_eap,2010,395000
unicef_eap,2011,372840
unicef_eap,2012,354620
unicef_eap,2013,347530
unicef_eap,2014,321700
unicef_eap,2015,308120
unicef_eap,2016,286630
unicef_eap,2017,275810
unicef_eap,2018,261500
unicef_eap,2019,236970
unicef_eap,2020,225080
unicef_eap,2021,207510
unicef_eap,2022,196590
unicef_eap,2023,189040
unicef_eap,2024,183530
unicef_eapro,1991,1286700
unicef_eapro,1992,1093400
unicef_eapro,1993,1013700
unicef_eapro,1994,961370
unicef_eapro,1995,912480
unicef_eapro,1996,874440
unicef_eapro,1997,823440
unicef_eapro,1998,773380
unicef_eapro,1999,727850
unicef_eapro,2000,688700
unicef_eapro,2001,673530
unicef_eapro,2002,619750
unicef_eapro,2003,580190
unicef_eapro,2004,535160
unicef_eapro,2005,506310
unicef_eapro,2006,477130
unicef_eapro,2007,452980
unicef_eapro,2008,431710
unicef_eapro,2009,412350
unicef_eapro,2010,391820
unicef_eapro,2011,369740
unicef_eapro,2012,351620
unicef_eapro,2013,344590
unicef_eapro,2014,318910
unicef_eapro,2015,305430
unicef_eapro,2016,283990
unicef_eapro,2017,273290
unicef_eapro,2018,259120
unicef_eapro,2019,234670
unicef_eapro,2020,222920
unicef_eapro,2021,205500
unicef_eapro,2022,194590
unicef_eapro,2023,187120
unicef_eapro,2024,181680
unicef_eca,1991,186890
unicef_eca,1992,178470
unicef_eca,1993,169410
unicef_eca,1994,160440
unicef_eca,1995,153230
unicef_eca,1996,146150
unicef_eca,1997,137510
unicef_eca,1998,130720
unicef_eca,1999,123840
unicef_eca,2000,115840
unicef_eca,2001,109010
unicef_eca,2002,102910
unicef_eca,2003,97952
unicef_eca,2004,94141
unicef_eca,2005,92187
unicef_eca,2006,88287
unicef_eca,2007,85835
unicef_eca,2008,83770
unicef_eca,2009,81567
unicef_eca,2010,77615
unicef_eca,2011,73858
unicef_eca,2012,70221
unicef_eca,2013,68572
unicef_eca,2014,65881
unicef_eca,2015,64106
unicef_eca,2016,61333
unicef_eca,2017,58679
unicef_eca,2018,55534
unicef_eca,2019,53919
unicef_eca,2020,51955
unicef_eca,2021,50007
unicef_eca,2022,48849
unicef_eca,2023,46436
unicef_eca,2024,45173
unicef_ecaro,1991,132240
unicef_ecaro,1992,128030
unicef_ecaro,1993,123430
unicef_ecaro,1994,118840
unicef_ecaro,1995,113510
unicef_ecaro,1996,108970
unicef_ecaro,1997,102660
unicef_ecaro,1998,98095
unicef_ecaro,1999,92868
unicef_ecaro,2000,86680
unicef_ecaro,2001,80562
unicef_ecaro,2002,75394
unicef_ecaro,2003,71183
unicef_ecaro,2004,67996
unicef_ecaro,2005,66853
unicef_ecaro,2006,64309
unicef_ecaro,2007,62562
unicef_ecaro,2008,60975
unicef_ecaro,2009,59114
unicef_ecaro,2010,55886
unicef_ecaro,2011,52310
unicef_ecaro,2012,48962
unicef_ecaro,2013,47044
unicef_ecaro,2014,45038
unicef_ecaro,2015,43868
unicef_ecaro,2016,42086
unicef_ecaro,2017,40402
unicef_ecaro,2018,38711
unicef_ecaro,2019,38077
unicef_ecaro,2020,37221
unicef_ecaro,2021,36210
unicef_ecaro,2022,35560
unicef_ecaro,2023,33963
unicef_ecaro,2024,33176
unicef_eeca,1991,155990
unicef_eeca,1992,148900
unicef_eeca,1993,141510
unicef_eeca,1994,134450
unicef_eeca,1995,128990
unicef_eeca,1996,123760
unicef_eeca,1997,116330
unicef_eeca,1998,110860
unicef_eeca,1999,105200
unicef_eeca,2000,98118
unicef_eeca,2001,91790
unicef_eeca,2002,86589
unicef_eeca,2003,82248
unicef_eeca,2004,78840
unicef_eeca,2005,77131
unicef_eeca,2006,73626
unicef_eeca,2007,71411
unicef_eeca,2008,69668
unicef_eeca,2009,67521
unicef_eeca,2010,63999
unicef_eeca,2011,60501
unicef_eeca,2012,57451
unicef_eeca,2013,56139
unicef_eeca,2014,53934
unicef_eeca,2015,52273
unicef_eeca,2016,49599
unicef_eeca,2017,46938
unicef_eeca,2018,43994
unicef_eeca,2019,42650
unicef_eeca,2020,41006
unicef_eeca,2021,39416
unicef_eeca,2022,38266
unicef_eeca,2023,36388
unicef_eeca,2024,35406
unicef_esa,1991,544910
unicef_esa,1992,549350
unicef_esa,1993,552690
unicef_esa,1994,553970
unicef_esa,1995,555070
unicef_esa,1996,557380
unicef_esa,1997,560330
unicef_esa,1998,562160
unicef_esa,1999,562660
unicef_esa,2000,560380
unicef_esa,2001,556740
unicef_esa,2002,553520
unicef_esa,2003,549410
unicef_esa,2004,545450
unicef_esa,2005,544970
unicef_esa,2006,544400
unicef_esa,2007,542510
unicef_esa,2008,540990
unicef_esa,2009,540840
unicef_esa,2010,538390
unicef_esa,2011,536390
unicef_esa,2012,535030
unicef_esa,2013,528900
unicef_esa,2014,527730
unicef_esa,2015,530190
unicef_esa,2016,532320
unicef_esa,2017,536370
unicef_esa,2018,540290
unicef_esa,2019,545090
unicef_esa,2020,552480
unicef_esa,2021,560150
unicef_esa,2022,567310
unicef_esa,2023,574360
unicef_esa,2024,578530
unicef_esaro,1991,500960
unicef_esaro,1992,505350
unicef_esaro,1993,508200
unicef_esaro,1994,510020
unicef_esaro,1995,510740
unicef_esaro,1996,512530
unicef_esaro,1997,515760
unicef_esaro,1998,517830
unicef_esaro,1999,518360
unicef_esaro,2000,516440
unicef_esaro,2001,512590
unicef_esaro,2002,509090
unicef_esaro,2003,505230
unicef_esaro,2004,501410
unicef_esaro,2005,500720
unicef_esaro,2006,500500
unicef_esaro,2007,498790
unicef_esaro,2008,497290
unicef_esaro,2009,497280
unicef_esaro,2010,494550
unicef_esaro,2011,492400
unicef_esaro,2012,491540
unicef_esaro,2013,485520
unicef_esaro,2014,484430
unicef_esaro,2015,486730
unicef_esaro,2016,488870
unicef_esaro,2017,491710
unicef_esaro,2018,495460
unicef_esaro,2019,499250
unicef_esaro,2020,506590
unicef_esaro,2021,513240
unicef_esaro,2022,520250
unicef_esaro,2023,526860
unicef_esaro,2024,532040
unicef_lac,1991,283040
unicef_lac,1992,274520
unicef_lac,1993,265690
unicef_lac,1994,258220
unicef_lac,1995,249920
unicef_lac,1996,241250
unicef_lac,1997,231570
unicef_lac,1998,222490
unicef_lac,1999,214070
unicef_lac,2000,204700
unicef_lac,2001,194390
unicef_lac,2002,183210
unicef_lac,2003,172180
unicef_lac,2004,162310
unicef_lac,2005,154420
unicef_lac,2006,147260
unicef_lac,2007,140540
unicef_lac,2008,134950
unicef_lac,2009,130660
unicef_lac,2010,127000
unicef_lac,2011,123570
unicef_lac,2012,120150
unicef_lac,2013,116750
unicef_lac,2014,113650
unicef_lac,2015,111200
unicef_lac,2016,110390
unicef_lac,2017,109590
unicef_lac,2018,106230
unicef_lac,2019,105250
unicef_lac,2020,103160
unicef_lac,2021,100140
unicef_lac,2022,97632
unicef_lac,2023,94374
unicef_lac,2024,91378
unicef_lacro,1991,282960
unicef_lacro,1992,274440
unicef_lacro,1993,265610
unicef_lacro,1994,258140
unicef_lacro,1995,249860
unicef_lacro,1996,241200
unicef_lacro,1997,231520
unicef_lacro,1998,222430
unicef_lacro,1999,214030
unicef_lacro,2000,204650
unicef_lacro,2001,194350
unicef_lacro,2002,183170
unicef_lacro,2003,172140
unicef_lacro,2004,162260
unicef_lacro,2005,154370
unicef_lacro,2006,147210
unicef_lacro,2007,140490
unicef_lacro,2008,134900
unicef_lacro,2009,130610
unicef_lacro,2010,126950
unicef_lacro,2011,123530
unicef_lacro,2012,120110
unicef_lacro,2013,116700
unicef_lacro,2014,113610
unicef_lacro,2015,111160
unicef_lacro,2016,110350
unicef_lacro,2017,109550
unicef_lacro,2018,106190
unicef_lacro,2019,105210
unicef_lacro,2020,103110
unicef_lacro,2021,100100
unicef_lacro,2022,97594
unicef_lacro,2023,94330
unicef_lacro,2024,91333
unicef_mena,1991,260400
unicef_mena,1992,250090
unicef_mena,1993,238580
unicef_mena,1994,227180
unicef_mena,1995,215550
unicef_mena,1996,205000
unicef_mena,1997,195990
unicef_mena,1998,190590
unicef_mena,1999,186430
unicef_mena,2000,182590
unicef_mena,2001,178900
unicef_mena,2002,175580
unicef_mena,2003,172180
unicef_mena,2004,170040
unicef_mena,2005,168330
unicef_mena,2006,166710
unicef_mena,2007,165670
unicef_mena,2008,164110
unicef_mena,2009,161780
unicef_mena,2010,160250
unicef_mena,2011,158860
unicef_mena,2012,157860
unicef_mena,2013,158430
unicef_mena,2014,157780
unicef_mena,2015,156360
unicef_mena,2016,154020
unicef_mena,2017,150110
unicef_mena,2018,147530
unicef_mena,2019,141950
unicef_mena,2020,138260
unicef_mena,2021,136440
unicef_mena,2022,133710
unicef_mena,2023,132530
unicef_mena,2024,132130
unicef_menaro,1991,302770
unicef_menaro,1992,292990
unicef_menaro,1993,282050
unicef_menaro,1994,270690
unicef_menaro,1995,259230
unicef_menaro,1996,248910
unicef_menaro,1997,239990
unicef_menaro,1998,234470
unicef_menaro,1999,230170
unicef_menaro,2000,226580
unicef_menaro,2001,223060
unicef_menaro,2002,219880
unicef_menaro,2003,216450
unicef_menaro,2004,214220
unicef_menaro,2005,212810
unicef_menaro,2006,211050
unicef_menaro,2007,209730
unicef_menaro,2008,208200
unicef_menaro,2009,205940
unicef_menaro,2010,204800
unicef_menaro,2011,204090
unicef_menaro,2012,202800
unicef_menaro,2013,203040
unicef_menaro,2014,202100
unicef_menaro,2015,200710
unicef_menaro,2016,199460
unicef_menaro,2017,196300
unicef_menaro,2018,194760
unicef_menaro,2019,190780
unicef_menaro,2020,188130
unicef_menaro,2021,187000
unicef_menaro,2022,185070
unicef_menaro,2023,184740
unicef_menaro,2024,185210
unicef_na,1991,26501
unicef_na,1992,25298
unicef_na,1993,24152
unicef_na,1994,23060
unicef_na,1995,22149
unicef_na,1996,21312
unicef_na,1997,20725
unicef_na,1998,20193
unicef_na,1999,20044
unicef_na,2000,19885
unicef_na,2001,20070
unicef_na,2002,19916
unicef_na,2003,19903
unicef_na,2004,20178
unicef_na,2005,20152
unicef_na,2006,20009
unicef_na,2007,20219
unicef_na,2008,20131
unicef_na,2009,19604
unicef_na,2010,18875
unicef_na,2011,18131
unicef_na,2012,17809
unicef_na,2013,17741
unicef_na,2014,17567
unicef_na,2015,17513
unicef_na,2016,17160
unicef_na,2017,16799
unicef_na,2018,16381
unicef_na,2019,16073
unicef_na,2020,15699
unicef_na,2021,14867
unicef_na,2022,14659
unicef_na,2023,14537
unicef_na,2024,14068
unicef_rosa,1991,2381100
unicef_rosa,1992,2340200
unicef_rosa,1993,2297300
unicef_rosa,1994,2255600
unicef_rosa,1995,2226400
unicef_rosa,1996,2185100
unicef_rosa,1997,2142800
unicef_rosa,1998,2099700
unicef_rosa,1999,2054600
unicef_rosa,2000,2012200
unicef_rosa,2001,1974300
unicef_rosa,2002,1924100
unicef_rosa,2003,1856000
unicef_rosa,2004,1789400
unicef_rosa,2005,1722500
unicef_rosa,2006,1656200
unicef_rosa,2007,1603500
unicef_rosa,2008,1554200
unicef_rosa,2009,1513200
unicef_rosa,2010,1477000
unicef_rosa,2011,1425300
unicef_rosa,2012,1374800
unicef_rosa,2013,1321800
unicef_rosa,2014,1265800
unicef_rosa,2015,1195500
unicef_rosa,2016,1156100
unicef_rosa,2017,1115900
unicef_rosa,2018,1063000
unicef_rosa,2019,1032300
unicef_rosa,2020,985050
unicef_rosa,2021,940960
unicef_rosa,2022,913240
unicef_rosa,2023,893440
unicef_rosa,2024,876160
unicef_sa,1991,2381100
unicef_sa,1992,2340200
unicef_sa,1993,2297300
unicef_sa,1994,2255600
unicef_sa,1995,2226400
unicef_sa,1996,2185100
unicef_sa,1997,2142800
unicef_sa,1998,2099700
unicef_sa,1999,2054600
unicef_sa,2000,2012200
unicef_sa,2001,1974300
unicef_sa,2002,1924100
unicef_sa,2003,1856000
unicef_sa,2004,1789400
unicef_sa,2005,1722500
unicef_sa,2006,1656200
unicef_sa,2007,1603500
unicef_sa,2008,1554200
unicef_sa,2009,1513200
unicef_sa,2010,1477000
unicef_sa,2011,1425300
unicef_sa,2012,1374800
unicef_sa,2013,1321800
unicef_sa,2014,1265800
unicef_sa,2015,1195500
unicef_sa,2016,1156100
unicef_sa,2017,1115900
unicef_sa,2018,1063000
unicef_sa,2019,1032300
unicef_sa,2020,985050
unicef_sa,2021,940960
unicef_sa,2022,913240
unicef_sa,2023,893440
unicef_sa,2024,876160
unicef_ssa,1991,1098200
unicef_ssa,1992,1110900
unicef_ssa,1993,1123900
unicef_ssa,1994,1135500
unicef_ssa,1995,1144800
unicef_ssa,1996,1159300
unicef_ssa,1997,1169400
unicef_ssa,1998,1172900
unicef_ssa,1999,1176100
unicef_ssa,2000,1181200
unicef_ssa,2001,1184000
unicef_ssa,2002,1182800
unicef_ssa,2003,1179300
unicef_ssa,2004,1177300
unicef_ssa,2005,1177000
unicef_ssa,2006,1180200
unicef_ssa,2007,1181800
unicef_ssa,2008,1183600
unicef_ssa,2009,1189700
unicef_ssa,2010,1194300
unicef_ssa,2011,1197700
unicef_ssa,2012,1204900
unicef_ssa,2013,1206200
unicef_ssa,2014,1212100
unicef_ssa,2015,1224100
unicef_ssa,2016,1231700
unicef_ssa,2017,1240100
unicef_ssa,2018,1249900
unicef_ssa,2019,1257700
unicef_ssa,2020,1268000
unicef_ssa,2021,1277300
unicef_ssa,2022,1293600
unicef_ssa,2023,1310600
unicef_ssa,2024,1322800
unicef_wca,1991,568010
unicef_wca,1992,575880
unicef_wca,1993,585640
unicef_wca,1994,596170
unicef_wca,1995,604450
unicef_wca,1996,618310
unicef_wca,1997,625070
unicef_wca,1998,627200
unicef_wca,1999,629510
unicef_wca,2000,636830
unicef_wca,2001,643200
unicef_wca,2002,645650
unicef_wca,2003,646350
unicef_wca,2004,647460
unicef_wca,2005,648410
unicef_wca,2006,652090
unicef_wca,2007,656340
unicef_wca,2008,659640
unicef_wca,2009,665750
unicef_wca,2010,674270
unicef_wca,2011,681760
unicef_wca,2012,691250
unicef_wca,2013,699820
unicef_wca,2014,708820
unicef_wca,2015,719440
unicef_wca,2016,727400
unicef_wca,2017,734790
unicef_wca,2018,742040
unicef_wca,2019,749120
unicef_wca,2020,754790
unicef_wca,2021,762160
unicef_wca,2022,779140
unicef_wca,2023,793900
unicef_wca,2024,810410
unicef_wcaro,1991,568010
unicef_wcaro,1992,575880
unicef_wcaro,1993,585640
unicef_wcaro,1994,596170
unicef_wcaro,1995,604450
unicef_wcaro,1996,618310
unicef_wcaro,1997,625070
unicef_wcaro,1998,627200
unicef_wcaro,1999,629510
unicef_wcaro,2000,636830
unicef_wcaro,2001,643200
unicef_wcaro,2002,645650
unicef_wcaro,2003,646350
unicef_wcaro,2004,647460
unicef_wcaro,2005,648410
unicef_wcaro,2006,652090
unicef_wcaro,2007,656340
unicef_wcaro,2008,659640
unicef_wcaro,2009,665750
unicef_wcaro,2010,674270
unicef_wcaro,2011,681760
unicef_wcaro,2012,691250
unicef_wcaro,2013,699820
unicef_wcaro,2014,708820
unicef_wcaro,2015,719440
unicef_wcaro,2016,727400
unicef_wcaro,2017,734790
unicef_wcaro,2018,742040
unicef_wcaro,2019,749120
unicef_wcaro,2020,754790
unicef_wcaro,2021,762160
unicef_wcaro,2022,779140
unicef_wcaro,2023,793900
unicef_wcaro,2024,810410
unicef_we,1991,31317
unicef_we,1992,29934
unicef_we,1993,28275
unicef_we,1994,26388
unicef_we,1995,24603
unicef_we,1996,22715
unicef_we,1997,21435
unicef_we,1998,20136
unicef_we,1999,18894
unicef_we,2000,17920
unicef_we,2001,17402
unicef_we,2002,16549
unicef_we,2003,15900
unicef_we,2004,15504
unicef_we,2005,15256
unicef_we,2006,14851
unicef_we,2007,14624
unicef_we,2008,14301
unicef_we,2009,14246
unicef_we,2010,13805
unicef_we,2011,13532
unicef_we,2012,12949
unicef_we,2013,12582
unicef_we,2014,12069
unicef_we,2015,11988
unicef_we,2016,11838
unicef_we,2017,11891
unicef_we,2018,11681
unicef_we,2019,11385
unicef_we,2020,11099
unicef_we,2021,10738
unicef_we,2022,10707
unicef_we,2023,10208
unicef_we,2024,9970.0
unsdg_australianewzealand,1991,1525.0
unsdg_australianewzealand,1992,1444.0
unsdg_australianewzealand,1993,1404.0
unsdg_australianewzealand,1994,1321.0
unsdg_australianewzealand,1995,1252.0
unsdg_australianewzealand,1996,1197.0
unsdg_australianewzealand,1997,1161.0
unsdg_australianewzealand,1998,1139.0
unsdg_australianewzealand,1999,1116.0
unsdg_australianewzealand,2000,1116.0
unsdg_australianewzealand,2001,1108.0
unsdg_australianewzealand,2002,1082.0
unsdg_australianewzealand,2003,1077.0
unsdg_australianewzealand,2004,1068.0
unsdg_australianewzealand,2005,1068.0
unsdg_australianewzealand,2006,1077.0
unsdg_australianewzealand,2007,1075.0
unsdg_australianewzealand,2008,1121.0
unsdg_australianewzealand,2009,1123.0
unsdg_australianewzealand,2010,1087.0
unsdg_australianewzealand,2011,1063.0
unsdg_australianewzealand,2012,1025.0
unsdg_australianewzealand,2013,1010.0
unsdg_australianewzealand,2014,972.00
unsdg_australianewzealand,2015,930.00
unsdg_australianewzealand,2016,937.00
unsdg_australianewzealand,2017,933.00
unsdg_australianewzealand,2018,926.00
unsdg_australianewzealand,2019,936.00
unsdg_australianewzealand,2020,924.00
unsdg_australianewzealand,2021,895.00
unsdg_australianewzealand,2022,919.00
unsdg_australianewzealand,2023,915.00
unsdg_australianewzealand,2024,915.00
unsdg_centralasia,1991,48422
unsdg_centralasia,1992,48832
unsdg_centralasia,1993,48553
unsdg_centralasia,1994,47570
unsdg_centralasia,1995,46236
unsdg_centralasia,1996,45293
unsdg_centralasia,1997,42525
unsdg_centralasia,1998,40701
unsdg_centralasia,1999,38821
unsdg_centralasia,2000,36757
unsdg_centralasia,2001,34791
unsdg_centralasia,2002,33760
unsdg_centralasia,2003,33086
unsdg_centralasia,2004,32429
unsdg_centralasia,2005,32417
unsdg_centralasia,2006,31697
unsdg_centralasia,2007,31574
unsdg_centralasia,2008,31809
unsdg_centralasia,2009,31428
unsdg_centralasia,2010,29890
unsdg_centralasia,2011,28109
unsdg_centralasia,2012,26318
unsdg_centralasia,2013,24869
unsdg_centralasia,2014,24069
unsdg_centralasia,2015,23583
unsdg_centralasia,2016,22996
unsdg_centralasia,2017,22302
unsdg_centralasia,2018,21819
unsdg_centralasia,2019,22277
unsdg_centralasia,2020,22645
unsdg_centralasia,2021,22898
unsdg_centralasia,2022,23099
unsdg_centralasia,2023,22765
unsdg_centralasia,2024,22444
unsdg_centralasiasouthernasia,1991,2474900
unsdg_centralasiasouthernasia,1992,2431400
unsdg_centralasiasouthernasia,1993,2383700
unsdg_centralasiasouthernasia,1994,2336900
unsdg_centralasiasouthernasia,1995,2300700
unsdg_centralasiasouthernasia,1996,2253400
unsdg_centralasiasouthernasia,1997,2205600
unsdg_centralasiasouthernasia,1998,2160200
unsdg_centralasiasouthernasia,1999,2112200
unsdg_centralasiasouthernasia,2000,2067900
unsdg_centralasiasouthernasia,2001,2027400
unsdg_centralasiasouthernasia,2002,1976000
unsdg_centralasiasouthernasia,2003,1906500
unsdg_centralasiasouthernasia,2004,1838000
unsdg_centralasiasouthernasia,2005,1771200
unsdg_centralasiasouthernasia,2006,1704900
unsdg_centralasiasouthernasia,2007,1651800
unsdg_centralasiasouthernasia,2008,1602100
unsdg_centralasiasouthernasia,2009,1560200
unsdg_centralasiasouthernasia,2010,1521800
unsdg_centralasiasouthernasia,2011,1468300
unsdg_centralasiasouthernasia,2012,1415600
unsdg_centralasiasouthernasia,2013,1361900
unsdg_centralasiasouthernasia,2014,1303800
unsdg_centralasiasouthernasia,2015,1233600
unsdg_centralasiasouthernasia,2016,1193700
unsdg_centralasiasouthernasia,2017,1152500
unsdg_centralasiasouthernasia,2018,1097600
unsdg_centralasiasouthernasia,2019,1066100
unsdg_centralasiasouthernasia,2020,1018000
unsdg_centralasiasouthernasia,2021,972260
unsdg_centralasiasouthernasia,2022,944550
unsdg_centralasiasouthernasia,2023,924480
unsdg_centralasiasouthernasia,2024,904440
unsdg_easternasia,1991,953730
unsdg_easternasia,1992,764550
unsdg_easternasia,1993,694910
unsdg_easternasia,1994,648410
unsdg_easternasia,1995,607770
unsdg_easternasia,1996,578350
unsdg_easternasia,1997,536270
unsdg_easternasia,1998,496880
unsdg_easternasia,1999,462400
unsdg_easternasia,2000,434130
unsdg_easternasia,2001,428070
unsdg_easternasia,2002,379800
unsdg_easternasia,2003,347510
unsdg_easternasia,2004,307920
unsdg_easternasia,2005,284330
unsdg_easternasia,2006,259860
unsdg_easternasia,2007,238750
unsdg_easternasia,2008,219870
unsdg_easternasia,2009,204670
unsdg_easternasia,2010,189090
unsdg_easternasia,2011,170990
unsdg_easternasia,2012,155510
unsdg_easternasia,2013,153010
unsdg_easternasia,2014,134140
unsdg_easternasia,2015,125910
unsdg_easternasia,2016,108630
unsdg_easternasia,2017,103580
unsdg_easternasia,2018,94779
unsdg_easternasia,2019,74604
unsdg_easternasia,2020,65766
unsdg_easternasia,2021,50845
unsdg_easternasia,2022,42741
unsdg_easternasia,2023,37218
unsdg_easternasia,2024,33913
unsdg_easternasiasoutheasternasia,1991,1289400
unsdg_easternasiasoutheasternasia,1992,1095900
unsdg_easternasiasoutheasternasia,1993,1015800
unsdg_easternasiasoutheasternasia,1994,962450
unsdg_easternasiasoutheasternasia,1995,913170
unsdg_easternasiasoutheasternasia,1996,874560
unsdg_easternasiasoutheasternasia,1997,822860
unsdg_easternasiasoutheasternasia,1998,772190
unsdg_easternasiasoutheasternasia,1999,726260
unsdg_easternasiasoutheasternasia,2000,686760
unsdg_easternasiasoutheasternasia,2001,671130
unsdg_easternasiasoutheasternasia,2002,616840
unsdg_easternasiasoutheasternasia,2003,577110
unsdg_easternasiasoutheasternasia,2004,531560
unsdg_easternasiasoutheasternasia,2005,502490
unsdg_easternasiasoutheasternasia,2006,472840
unsdg_easternasiasoutheasternasia,2007,448590
unsdg_easternasiasoutheasternasia,2008,427150
unsdg_easternasiasoutheasternasia,2009,407650
unsdg_easternasiasoutheasternasia,2010,386970
unsdg_easternasiasoutheasternasia,2011,364680
unsdg_easternasiasoutheasternasia,2012,346610
unsdg_easternasiasoutheasternasia,2013,339510
unsdg_easternasiasoutheasternasia,2014,313950
unsdg_easternasiasoutheasternasia,2015,300200
unsdg_easternasiasoutheasternasia,2016,278900
unsdg_easternasiasoutheasternasia,2017,268000
unsdg_easternasiasoutheasternasia,2018,253800
unsdg_easternasiasoutheasternasia,2019,229050
unsdg_easternasiasoutheasternasia,2020,217270
unsdg_easternasiasoutheasternasia,2021,199810
unsdg_easternasiasoutheasternasia,2022,188850
unsdg_easternasiasoutheasternasia,2023,181550
unsdg_easternasiasoutheasternasia,2024,176150
unsdg_europe,1991,83424
unsdg_europe,1992,76722
unsdg_europe,1993,70289
unsdg_europe,1994,64216
unsdg_europe,1995,60966
unsdg_europe,1996,57012
unsdg_europe,1997,53487
unsdg_europe,1998,49985
unsdg_europe,1999,47054
unsdg_europe,2000,43654
unsdg_europe,2001,41779
unsdg_europe,2002,39948
unsdg_europe,2003,38707
unsdg_europe,2004,37705
unsdg_europe,2005,36471
unsdg_europe,2006,34664
unsdg_europe,2007,33631
unsdg_europe,2008,32822
unsdg_europe,2009,32348
unsdg_europe,2010,31277
unsdg_europe,2011,30432
unsdg_europe,2012,29550
unsdg_europe,2013,29606
unsdg_europe,2014,28447
unsdg_europe,2015,27532
unsdg_europe,2016,25983
unsdg_europe,2017,24668
unsdg_europe,2018,22616
unsdg_europe,2019,21122
unsdg_europe,2020,19685
unsdg_europe,2021,18459
unsdg_europe,2022,17688
unsdg_europe,2023,16281
unsdg_europe,2024,15740
unsdg_europenorthernamr,1991,109400
unsdg_europenorthernamr,1992,101540
unsdg_europenorthernamr,1993,94063
unsdg_europenorthernamr,1994,86852
unsdg_europenorthernamr,1995,82718
unsdg_europenorthernamr,1996,77967
unsdg_europenorthernamr,1997,73905
unsdg_europenorthernamr,1998,69864
unsdg_europenorthernamr,1999,66786
unsdg_europenorthernamr,2000,63252
unsdg_europenorthernamr,2001,61585
unsdg_europenorthernamr,2002,59578
unsdg_europenorthernamr,2003,58347
unsdg_europenorthernamr,2004,57586
unsdg_europenorthernamr,2005,56322
unsdg_europenorthernamr,2006,54384
unsdg_europenorthernamr,2007,53555
unsdg_europenorthernamr,2008,52674
unsdg_europenorthernamr,2009,51699
unsdg_europenorthernamr,2010,49913
unsdg_europenorthernamr,2011,48324
unsdg_europenorthernamr,2012,47141
unsdg_europenorthernamr,2013,47101
unsdg_europenorthernamr,2014,45785
unsdg_europenorthernamr,2015,44837
unsdg_europenorthernamr,2016,42930
unsdg_europenorthernamr,2017,41249
unsdg_europenorthernamr,2018,38796
unsdg_europenorthernamr,2019,36992
unsdg_europenorthernamr,2020,35190
unsdg_europenorthernamr,2021,33133
unsdg_europenorthernamr,2022,32144
unsdg_europenorthernamr,2023,30590
unsdg_europenorthernamr,2024,29561
unsdg_lac,1991,283040
unsdg_lac,1992,274520
unsdg_lac,1993,265690
unsdg_lac,1994,258220
unsdg_lac,1995,249920
unsdg_lac,1996,241250
unsdg_lac,1997,231570
unsdg_lac,1998,222490
unsdg_lac,1999,214070
unsdg_lac,2000,204700
unsdg_lac,2001,194390
unsdg_lac,2002,183210
unsdg_lac,2003,172180
unsdg_lac,2004,162310
unsdg_lac,2005,154420
unsdg_lac,2006,147260
unsdg_lac,2007,140540
unsdg_lac,2008,134950
unsdg_lac,2009,130660
unsdg_lac,2010,127000
unsdg_lac,2011,123570
unsdg_lac,2012,120150
unsdg_lac,2013,116750
unsdg_lac,2014,113650
unsdg_lac,2015,111200
unsdg_lac,2016,110390
unsdg_lac,2017,109590
unsdg_lac,2018,106230
unsdg_lac,2019,105250
unsdg_lac,2020,103160
unsdg_lac,2021,100140
unsdg_lac,2022,97632
unsdg_lac,2023,94374
unsdg_lac,2024,91378
unsdg_ldc,1991,1204600
unsdg_ldc,1992,1194100
unsdg_ldc,1993,1186400
unsdg_ldc,1994,1184500
unsdg_ldc,1995,1184900
unsdg_ldc,1996,1181500
unsdg_ldc,1997,1175400
unsdg_ldc,1998,1170100
unsdg_ldc,1999,1160900
unsdg_ldc,2000,1151100
unsdg_ldc,2001,1138000
unsdg_ldc,2002,1120800
unsdg_ldc,2003,1103100
unsdg_ldc,2004,1087900
unsdg_ldc,2005,1073700
unsdg_ldc,2006,1059200
unsdg_ldc,2007,1047300
unsdg_ldc,2008,1035800
unsdg_ldc,2009,1023700
unsdg_ldc,2010,1014600
unsdg_ldc,2011,1004500
unsdg_ldc,2012,998020
unsdg_ldc,2013,992840
unsdg_ldc,2014,991590
unsdg_ldc,2015,994190
unsdg_ldc,2016,998160
unsdg_ldc,2017,1004000
unsdg_ldc,2018,1009400
unsdg_ldc,2019,1014800
unsdg_ldc,2020,1024200
unsdg_ldc,2021,1031300
unsdg_ldc,2022,1041800
unsdg_ldc,2023,1052800
unsdg_ldc,2024,1060900
unsdg_lldc,1991,560330
unsdg_lldc,1992,561860
unsdg_lldc,1993,566970
unsdg_lldc,1994,573670
unsdg_lldc,1995,573820
unsdg_lldc,1996,569020
unsdg_lldc,1997,566640
unsdg_lldc,1998,566080
unsdg_lldc,1999,562850
unsdg_lldc,2000,557900
unsdg_lldc,2001,551890
unsdg_lldc,2002,542690
unsdg_lldc,2003,535780
unsdg_lldc,2004,532480
unsdg_lldc,2005,530080
unsdg_lldc,2006,525820
unsdg_lldc,2007,522130
unsdg_lldc,2008,518930
unsdg_lldc,2009,512970
unsdg_lldc,2010,508650
unsdg_lldc,2011,502270
unsdg_lldc,2012,496580
unsdg_lldc,2013,491200
unsdg_lldc,2014,485910
unsdg_lldc,2015,485060
unsdg_lldc,2016,482630
unsdg_lldc,2017,481140
unsdg_lldc,2018,479160
unsdg_lldc,2019,478500
unsdg_lldc,2020,483620
unsdg_lldc,2021,487620
unsdg_lldc,2022,492470
unsdg_lldc,2023,496990
unsdg_lldc,2024,500600
unsdg_northafr,1991,167740
unsdg_northafr,1992,164010
unsdg_northafr,1993,159610
unsdg_northafr,1994,154590
unsdg_northafr,1995,150300
unsdg_northafr,1996,145270
unsdg_northafr,1997,141350
unsdg_northafr,1998,138060
unsdg_northafr,1999,135350
unsdg_northafr,2000,132720
unsdg_northafr,2001,130370
unsdg_northafr,2002,128470
unsdg_northafr,2003,126640
unsdg_northafr,2004,125750
unsdg_northafr,2005,125230
unsdg_northafr,2006,124500
unsdg_northafr,2007,123280
unsdg_northafr,2008,122880
unsdg_northafr,2009,122040
unsdg_northafr,2010,121660
unsdg_northafr,2011,121630
unsdg_northafr,2012,120370
unsdg_northafr,2013,120320
unsdg_northafr,2014,119730
unsdg_northafr,2015,118840
unsdg_northafr,2016,119090
unsdg_northafr,2017,117570
unsdg_northafr,2018,117690
unsdg_northafr,2019,115750
unsdg_northafr,2020,115110
unsdg_northafr,2021,115390
unsdg_northafr,2022,114060
unsdg_northafr,2023,114070
unsdg_northafr,2024,114380
unsdg_northernamr,1991,26501
unsdg_northernamr,1992,25298
unsdg_northernamr,1993,24152
unsdg_northernamr,1994,23060
unsdg_northernamr,1995,22149
unsdg_northernamr,1996,21312
unsdg_northernamr,1997,20725
unsdg_northernamr,1998,20193
unsdg_northernamr,1999,20044
unsdg_northernamr,2000,19885
unsdg_northernamr,2001,20070
unsdg_northernamr,2002,19916
unsdg_northernamr,2003,19903
unsdg_northernamr,2004,20178
unsdg_northernamr,2005,20152
unsdg_northernamr,2006,20009
unsdg_northernamr,2007,20219
unsdg_northernamr,2008,20131
unsdg_northernamr,2009,19604
unsdg_northernamr,2010,18875
unsdg_northernamr,2011,18131
unsdg_northernamr,2012,17809
unsdg_northernamr,2013,17741
unsdg_northernamr,2014,17567
unsdg_northernamr,2015,17513
unsdg_northernamr,2016,17160
unsdg_northernamr,2017,16799
unsdg_northernamr,2018,16381
unsdg_northernamr,2019,16073
unsdg_northernamr,2020,15699
unsdg_northernamr,2021,14867
unsdg_northernamr,2022,14659
unsdg_northernamr,2023,14537
unsdg_northernamr,2024,14068
unsdg_oceania,1991,7660.0
unsdg_oceania,1992,7658.0
unsdg_oceania,1993,7765.0
unsdg_oceania,1994,7823.0
unsdg_oceania,1995,7879.0
unsdg_oceania,1996,7961.0
unsdg_oceania,1997,8109.0
unsdg_oceania,1998,8242.0
unsdg_oceania,1999,8343.0
unsdg_oceania,2000,8468.0
unsdg_oceania,2001,8536.0
unsdg_oceania,2002,8572.0
unsdg_oceania,2003,8635.0
unsdg_oceania,2004,8699.0
unsdg_oceania,2005,8777.0
unsdg_oceania,2006,8891.0
unsdg_oceania,2007,8982.0
unsdg_oceania,2008,9105.0
unsdg_oceania,2009,9161.0
unsdg_oceania,2010,9165.0
unsdg_oceania,2011,9193.0
unsdg_oceania,2012,9228.0
unsdg_oceania,2013,9243.0
unsdg_oceania,2014,9238.0
unsdg_oceania,2015,9244.0
unsdg_oceania,2016,9293.0
unsdg_oceania,2017,9377.0
unsdg_oceania,2018,9430.0
unsdg_oceania,2019,9568.0
unsdg_oceania,2020,9677.0
unsdg_oceania,2021,9799.0
unsdg_oceania,2022,9883.0
unsdg_oceania,2023,9958.0
unsdg_oceania,2024,9969.0
unsdg_oceaniaexausnzl,1991,6173.0
unsdg_oceaniaexausnzl,1992,6252.0
unsdg_oceaniaexausnzl,1993,6400.0
unsdg_oceaniaexausnzl,1994,6541.0
unsdg_oceaniaexausnzl,1995,6659.0
unsdg_oceaniaexausnzl,1996,6799.0
unsdg_oceaniaexausnzl,1997,6980.0
unsdg_oceaniaexausnzl,1998,7134.0
unsdg_oceaniaexausnzl,1999,7257.0
unsdg_oceaniaexausnzl,2000,7388.0
unsdg_oceaniaexausnzl,2001,7448.0
unsdg_oceaniaexausnzl,2002,7515.0
unsdg_oceaniaexausnzl,2003,7589.0
unsdg_oceaniaexausnzl,2004,7666.0
unsdg_oceaniaexausnzl,2005,7747.0
unsdg_oceaniaexausnzl,2006,7846.0
unsdg_oceaniaexausnzl,2007,7937.0
unsdg_oceaniaexausnzl,2008,8027.0
unsdg_oceaniaexausnzl,2009,8070.0
unsdg_oceaniaexausnzl,2010,8100.0
unsdg_oceaniaexausnzl,2011,8161.0
unsdg_oceaniaexausnzl,2012,8238.0
unsdg_oceaniaexausnzl,2013,8261.0
unsdg_oceaniaexausnzl,2014,8292.0
unsdg_oceaniaexausnzl,2015,8334.0
unsdg_oceaniaexausnzl,2016,8383.0
unsdg_oceaniaexausnzl,2017,8467.0
unsdg_oceaniaexausnzl,2018,8532.0
unsdg_oceaniaexausnzl,2019,8649.0
unsdg_oceaniaexausnzl,2020,8782.0
unsdg_oceaniaexausnzl,2021,8935.0
unsdg_oceaniaexausnzl,2022,8996.0
unsdg_oceaniaexausnzl,2023,9070.0
unsdg_oceaniaexausnzl,2024,9096.0
unsdg_sids,1991,34272
unsdg_sids,1992,33430
unsdg_sids,1993,32899
unsdg_sids,1994,32406
unsdg_sids,1995,32002
unsdg_sids,1996,31589
unsdg_sids,1997,31233
unsdg_sids,1998,30835
unsdg_sids,1999,30337
unsdg_sids,2000,30178
unsdg_sids,2001,29555
unsdg_sids,2002,29246
unsdg_sids,2003,29067
unsdg_sids,2004,28938
unsdg_sids,2005,28758
unsdg_sids,2006,28661
unsdg_sids,2007,28599
unsdg_sids,2008,28697
unsdg_sids,2009,28823
unsdg_sids,2010,28950
unsdg_sids,2011,29153
unsdg_sids,2012,28841
unsdg_sids,2013,28655
unsdg_sids,2014,28530
unsdg_sids,2015,28449
unsdg_sids,2016,28404
unsdg_sids,2017,28399
unsdg_sids,2018,28377
unsdg_sids,2019,28405
unsdg_sids,2020,28415
unsdg_sids,2021,28369
unsdg_sids,2022,28230
unsdg_sids,2023,28153
unsdg_sids,2024,27985
unsdg_southasia,1991,2430300
unsdg_southasia,1992,2386600
unsdg_southasia,1993,2339500
unsdg_southasia,1994,2292800
unsdg_southasia,1995,2258200
unsdg_southasia,1996,2211100
unsdg_southasia,1997,2167100
unsdg_southasia,1998,2122700
unsdg_southasia,1999,2076700
unsdg_southasia,2000,2033400
unsdg_southasia,2001,1995400
unsdg_southasia,2002,1944300
unsdg_southasia,2003,1875900
unsdg_southasia,2004,1808300
unsdg_southasia,2005,1741300
unsdg_southasia,2006,1675900
unsdg_southasia,2007,1622800
unsdg_southasia,2008,1572700
unsdg_southasia,2009,1531300
unsdg_southasia,2010,1494300
unsdg_southasia,2011,1442600
unsdg_southasia,2012,1391600
unsdg_southasia,2013,1339100
unsdg_southasia,2014,1281700
unsdg_southasia,2015,1211500
unsdg_southasia,2016,1172200
unsdg_southasia,2017,1132200
unsdg_southasia,2018,1078100
unsdg_southasia,2019,1046200
unsdg_southasia,2020,997910
unsdg_southasia,2021,952630
unsdg_southasia,2022,924920
unsdg_southasia,2023,904440
unsdg_southasia,2024,886050
unsdg_southeasternasia,1991,349410
unsdg_southeasternasia,1992,344430
unsdg_southeasternasia,1993,333720
unsdg_southeasternasia,1994,326220
unsdg_southeasternasia,1995,317000
unsdg_southeasternasia,1996,307140
unsdg_southeasternasia,1997,297070
unsdg_southeasternasia,1998,285500
unsdg_southeasternasia,1999,273040
unsdg_southeasternasia,2000,261300
unsdg_southeasternasia,2001,252170
unsdg_southeasternasia,2002,245740
unsdg_southeasternasia,2003,238450
unsdg_southeasternasia,2004,231300
unsdg_southeasternasia,2005,225790
unsdg_southeasternasia,2006,220650
unsdg_southeasternasia,2007,217340
unsdg_southeasternasia,2008,214700
unsdg_southeasternasia,2009,210250
unsdg_southeasternasia,2010,204770
unsdg_southeasternasia,2011,200320
unsdg_southeasternasia,2012,197390
unsdg_southeasternasia,2013,192800
unsdg_southeasternasia,2014,185990
unsdg_southeasternasia,2015,180360
unsdg_southeasternasia,2016,175810
unsdg_southeasternasia,2017,170000
unsdg_southeasternasia,2018,164560
unsdg_southeasternasia,2019,159120
unsdg_southeasternasia,2020,155970
unsdg_southeasternasia,2021,152710
unsdg_southeasternasia,2022,149540
unsdg_southeasternasia,2023,147540
unsdg_southeasternasia,2024,145690
unsdg_subsaharanafrica,1991,1056700
unsdg_subsaharanafrica,1992,1068600
unsdg_subsaharanafrica,1993,1081100
unsdg_subsaharanafrica,1994,1092900
unsdg_subsaharanafrica,1995,1102200
unsdg_subsaharanafrica,1996,1116600
unsdg_subsaharanafrica,1997,1126900
unsdg_subsaharanafrica,1998,1131000
unsdg_subsaharanafrica,1999,1133800
unsdg_subsaharanafrica,2000,1138800
unsdg_subsaharanafrica,2001,1141400
unsdg_subsaharanafrica,2002,1140100
unsdg_subsaharanafrica,2003,1136900
unsdg_subsaharanafrica,2004,1135000
unsdg_subsaharanafrica,2005,1134600
unsdg_subsaharanafrica,2006,1137500
unsdg_subsaharanafrica,2007,1139600
unsdg_subsaharanafrica,2008,1141500
unsdg_subsaharanafrica,2009,1147500
unsdg_subsaharanafrica,2010,1151900
unsdg_subsaharanafrica,2011,1155600
unsdg_subsaharanafrica,2012,1162700
unsdg_subsaharanafrica,2013,1164500
unsdg_subsaharanafrica,2014,1170300
unsdg_subsaharanafrica,2015,1182600
unsdg_subsaharanafrica,2016,1188900
unsdg_subsaharanafrica,2017,1196200
unsdg_subsaharanafrica,2018,1205900
unsdg_subsaharanafrica,2019,1213800
unsdg_subsaharanafrica,2020,1222200
unsdg_subsaharanafrica,2021,1230600
unsdg_subsaharanafrica,2022,1248800
unsdg_subsaharanafrica,2023,1263500
unsdg_subsaharanafrica,2024,1278600
unsdg_westernasia,1991,139640
unsdg_westernasia,1992,135750
unsdg_westernasia,1993,132250
unsdg_westernasia,1994,129570
unsdg_westernasia,1995,126610
unsdg_westernasia,1996,123190
unsdg_westernasia,1997,118640
unsdg_westernasia,1998,116540
unsdg_westernasia,1999,113710
unsdg_westernasia,2000,110650
unsdg_westernasia,2001,106790
unsdg_westernasia,2002,102470
unsdg_westernasia,2003,98285
unsdg_westernasia,2004,95541
unsdg_westernasia,2005,94041
unsdg_westernasia,2006,91922
unsdg_westernasia,2007,90788
unsdg_westernasia,2008,88561
unsdg_westernasia,2009,86410
unsdg_westernasia,2010,84944
unsdg_westernasia,2011,83515
unsdg_westernasia,2012,82685
unsdg_westernasia,2013,82987
unsdg_westernasia,2014,82264
unsdg_westernasia,2015,81370
unsdg_westernasia,2016,79642
unsdg_westernasia,2017,78079
unsdg_westernasia,2018,76843
unsdg_westernasia,2019,76125
unsdg_westernasia,2020,75691
unsdg_westernasia,2021,75189
unsdg_westernasia,2022,75043
unsdg_westernasia,2023,74825
unsdg_westernasia,2024,75927
unsdg_westernasianorthernafr,1991,303500
unsdg_westernasianorthernafr,1992,295870
unsdg_westernasianorthernafr,1993,288100
unsdg_westernasianorthernafr,1994,280500
unsdg_westernasianorthernafr,1995,273350
unsdg_westernasianorthernafr,1996,265140
unsdg_westernasianorthernafr,1997,256620
unsdg_westernasianorthernafr,1998,251330
unsdg_westernasianorthernafr,1999,245660
unsdg_westernasianorthernafr,2000,239890
unsdg_westernasianorthernafr,2001,233830
unsdg_westernasianorthernafr,2002,227750
unsdg_westernasianorthernafr,2003,221790
unsdg_westernasianorthernafr,2004,218010
unsdg_westernasianorthernafr,2005,216050
unsdg_westernasianorthernafr,2006,213180
unsdg_westernasianorthernafr,2007,210800
unsdg_westernasianorthernafr,2008,208170
unsdg_westernasianorthernafr,2009,205060
unsdg_westernasianorthernafr,2010,203050
unsdg_westernasianorthernafr,2011,201580
unsdg_westernasianorthernafr,2012,199370
unsdg_westernasianorthernafr,2013,199360
unsdg_westernasianorthernafr,2014,197650
unsdg_westernasianorthernafr,2015,195690
unsdg_westernasianorthernafr,2016,194150
unsdg_westernasianorthernafr,2017,190680
unsdg_westernasianorthernafr,2018,189270
unsdg_westernasianorthernafr,2019,186310
unsdg_westernasianorthernafr,2020,184710
unsdg_westernasianorthernafr,2021,183740
unsdg_westernasianorthernafr,2022,181420
unsdg_westernasianorthernafr,2023,180820
unsdg_westernasianorthernafr,2024,181740
ury,1972,1447.0
ury,1973,1558.0
ury,1974,1689.0
ury,1975,1748.0
ury,1976,1679.0
ury,1977,1540.0
ury,1978,1411.0
ury,1979,1352.0
ury,1980,1266.0
ury,1981,1175.0
ury,1982,1099.0
ury,1983,1025.0
ury,1984,969.00
ury,1985,930.00
ury,1986,903.00
ury,1987,876.00
ury,1988,845.00
ury,1989,814.00
ury,1990,777.00
ury,1991,742.00
ury,1992,717.00
ury,1993,695.00
ury,1994,680.00
ury,1995,665.00
ury,1996,623.00
ury,1997,578.00
ury,1998,541.00
ury,1999,511.00
ury,2000,495.00
ury,2001,475.00
ury,2002,463.00
ury,2003,456.00
ury,2004,437.00
ury,2005,415.00
ury,2006,391.00
ury,2007,355.00
ury,2008,318.00
ury,2009,288.00
ury,2010,266.00
ury,2011,255.00
ury,2012,250.00
ury,2013,255.00
ury,2014,263.00
ury,2015,261.00
ury,2016,259.00
ury,2017,246.00
ury,2018,227.00
ury,2019,208.00
ury,2020,192.00
ury,2021,180.00
ury,2022,170.00
ury,2023,162.00
ury,2024,157.00
usa,1970,59183
usa,1971,59781
usa,1972,54989
usa,1973,47820
usa,1974,43356
usa,1975,41273
usa,1976,39096
usa,1977,37155
usa,1978,36173
usa,1979,33905
usa,1980,33071
usa,1981,32220
usa,1982,30984
usa,1983,30144
usa,1984,28796
usa,1985,27903
usa,1986,27418
usa,1987,26467
usa,1988,25882
usa,1989,25532
usa,1990,25243
usa,1991,24732
usa,1992,23537
usa,1993,22450
usa,1994,21417
usa,1995,20543
usa,1996,19752
usa,1997,19242
usa,1998,18813
usa,1999,18720
usa,2000,18599
usa,2001,18814
usa,2002,18630
usa,2003,18612
usa,2004,18848
usa,2005,18808
usa,2006,18657
usa,2007,18835
usa,2008,18721
usa,2009,18168
usa,2010,17433
usa,2011,16701
usa,2012,16384
usa,2013,16312
usa,2014,16161
usa,2015,16110
usa,2016,15783
usa,2017,15440
usa,2018,15055
usa,2019,14770
usa,2020,14407
usa,2021,13611
usa,2022,13382
usa,2023,13308
usa,2024,12851
uzb,1991,24590
uzb,1992,25310
uzb,1993,25169
uzb,1994,24538
uzb,1995,23767
uzb,1996,23418
uzb,1997,22553
uzb,1998,21333
uzb,1999,19946
uzb,2000,18898
uzb,2001,17793
uzb,2002,17111
uzb,2003,16716
uzb,2004,16029
uzb,2005,15806
uzb,2006,15154
uzb,2007,14987
uzb,2008,15240
uzb,2009,14973
uzb,2010,13872
uzb,2011,12403
uzb,2012,11123
uzb,2013,10204
uzb,2014,9804.0
uzb,2015,9442.0
uzb,2016,8933.0
uzb,2017,8378.0
uzb,2018,7980.0
uzb,2019,8033.0
uzb,2020,8162.0
uzb,2021,8341.0
uzb,2022,8517.0
uzb,2023,8515.0
uzb,2024,8582.0
vct,1972,98.000
vct,1973,97.000
vct,1974,95.000
vct,1975,93.000
vct,1976,90.000
vct,1977,88.000
vct,1978,87.000
vct,1979,85.000
vct,1980,80.000
vct,1981,72.000
vct,1982,69.000
vct,1983,65.000
vct,1984,60.000
vct,1985,53.000
vct,1986,48.000
vct,1987,44.000
vct,1988,40.000
vct,1989,38.000
vct,1990,37.000
vct,1991,37.000
vct,1992,36.000
vct,1993,37.000
vct,1994,37.000
vct,1995,37.000
vct,1996,36.000
vct,1997,35.000
vct,1998,34.000
vct,1999,33.000
vct,2000,32.000
vct,2001,32.000
vct,2002,32.000
vct,2003,31.000
vct,2004,30.000
vct,2005,29.000
vct,2006,29.000
vct,2007,28.000
vct,2008,28.000
vct,2009,28.000
vct,2010,28.000
vct,2011,27.000
vct,2012,24.000
vct,2013,23.000
vct,2014,22.000
vct,2015,20.000
vct,2016,19.000
vct,2017,16.000
vct,2018,14.000
vct,2019,13.000
vct,2020,12.000
vct,2021,11.000
vct,2022,10.000
vct,2023,10.000
vct,2024,10.000
ven,1991,7763.0
ven,1992,8276.0
ven,1993,8671.0
ven,1994,8659.0
ven,1995,8294.0
ven,1996,7765.0
ven,1997,7250.0
ven,1998,6894.0
ven,1999,6775.0
ven,2000,6763.0
ven,2001,6586.0
ven,2002,6354.0
ven,2003,6129.0
ven,2004,6154.0
ven,2005,6279.0
ven,2006,6457.0
ven,2007,6416.0
ven,2008,6274.0
ven,2009,6266.0
ven,2010,6340.0
ven,2011,6499.0
ven,2012,6669.0
ven,2013,6782.0
ven,2014,6841.0
ven,2015,6932.0
ven,2016,8762.0
ven,2017,9039.0
ven,2018,9061.0
ven,2019,8871.0
ven,2020,8535.0
ven,2021,8398.0
ven,2022,8576.0
ven,2023,8896.0
ven,2024,9392.0
vgb,1991,4.0000
vgb,1992,5.0000
vgb,1993,4.0000
vgb,1994,4.0000
vgb,1995,4.0000
vgb,1996,4.0000
vgb,1997,4.0000
vgb,1998,4.0000
vgb,1999,3.0000
vgb,2000,4.0000
vgb,2001,4.0000
vgb,2002,3.0000
vgb,2003,3.0000
vgb,2004,3.0000
vgb,2005,3.0000
vgb,2006,3.0000
vgb,2007,3.0000
vgb,2008,3.0000
vgb,2009,3.0000
vgb,2010,3.0000
vgb,2011,3.0000
vgb,2012,4.0000
vgb,2013,4.0000
vgb,2014,4.0000
vgb,2015,5.0000
vgb,2016,5.0000
vgb,2017,5.0000
vgb,2018,3.0000
vgb,2019,3.0000
vgb,2020,4.0000
vgb,2021,4.0000
vgb,2022,4.0000
vgb,2023,4.0000
vgb,2024,4.0000
vnm,1976,53739
vnm,1977,53774
vnm,1978,53593
vnm,1979,53383
vnm,1980,53265
vnm,1981,52505
vnm,1982,53048
vnm,1983,53836
vnm,1984,54761
vnm,1985,55067
vnm,1986,54230
vnm,1987,52716
vnm,1988,50751
vnm,1989,50355
vnm,1990,51114
vnm,1991,50957
vnm,1992,50217
vnm,1993,47635
vnm,1994,44589
vnm,1995,40838
vnm,1996,37048
vnm,1997,33367
vnm,1998,29847
vnm,1999,26796
vnm,2000,24866
vnm,2001,24543
vnm,2002,23945
vnm,2003,23223
vnm,2004,22699
vnm,2005,22044
vnm,2006,20861
vnm,2007,20509
vnm,2008,20779
vnm,2009,20904
vnm,2010,20779
vnm,2011,20637
vnm,2012,20951
vnm,2013,21483
vnm,2014,21639
vnm,2015,22737
vnm,2016,22717
vnm,2017,21468
vnm,2018,20950
vnm,2019,19502
vnm,2020,19735
vnm,2021,19626
vnm,2022,19249
vnm,2023,18911
vnm,2024,18518
vut,1991,165.00
vut,1992,159.00
vut,1993,156.00
vut,1994,152.00
vut,1995,150.00
vut,1996,148.00
vut,1997,146.00
vut,1998,144.00
vut,1999,141.00
vut,2000,132.00
vut,2001,113.00
vut,2002,103.00
vut,2003,100.00
vut,2004,98.000
vut,2005,97.000
vut,2006,96.000
vut,2007,97.000
vut,2008,99.000
vut,2009,101.00
vut,2010,101.00
vut,2011,100.00
vut,2012,102.00
vut,2013,107.00
vut,2014,117.00
vut,2015,126.00
vut,2016,131.00
vut,2017,134.00
vut,2018,133.00
vut,2019,128.00
vut,2020,124.00
vut,2021,121.00
vut,2022,123.00
vut,2023,124.00
vut,2024,126.00
wb_hi,1991,119700
wb_hi,1992,111600
wb_hi,1993,104000
wb_hi,1994,96249
wb_hi,1995,91649
wb_hi,1996,86313
wb_hi,1997,81765
wb_hi,1998,77456
wb_hi,1999,74323
wb_hi,2000,71062
wb_hi,2001,69458
wb_hi,2002,66942
wb_hi,2003,65058
wb_hi,2004,63845
wb_hi,2005,62226
wb_hi,2006,60090
wb_hi,2007,59062
wb_hi,2008,58204
wb_hi,2009,56878
wb_hi,2010,54922
wb_hi,2011,53477
wb_hi,2012,52399
wb_hi,2013,52355
wb_hi,2014,50981
wb_hi,2015,50129
wb_hi,2016,48419
wb_hi,2017,46763
wb_hi,2018,44407
wb_hi,2019,42533
wb_hi,2020,40331
wb_hi,2021,37941
wb_hi,2022,36792
wb_hi,2023,35572
wb_hi,2024,34743
wb_li,1991,682970
wb_li,1992,688310
wb_li,1993,695250
wb_li,1994,704780
wb_li,1995,712980
wb_li,1996,729250
wb_li,1997,732870
wb_li,1998,734100
wb_li,1999,734090
wb_li,2000,734680
wb_li,2001,732510
wb_li,2002,726940
wb_li,2003,722260
wb_li,2004,712590
wb_li,2005,710820
wb_li,2006,709190
wb_li,2007,708530
wb_li,2008,707400
wb_li,2009,704910
wb_li,2010,705500
wb_li,2011,703640
wb_li,2012,704700
wb_li,2013,704110
wb_li,2014,705380
wb_li,2015,710410
wb_li,2016,715460
wb_li,2017,722980
wb_li,2018,732100
wb_li,2019,741100
wb_li,2020,752380
wb_li,2021,763790
wb_li,2022,777660
wb_li,2023,787970
wb_li,2024,797960
wb_lmi,1991,3142600
wb_lmi,1992,3105500
wb_lmi,1993,3059500
wb_lmi,1994,3011800
wb_lmi,1995,2975000
wb_lmi,1996,2930800
wb_lmi,1997,2885000
wb_lmi,1998,2836200
wb_lmi,1999,2786500
wb_lmi,2000,2741000
wb_lmi,2001,2700400
wb_lmi,2002,2649300
wb_lmi,2003,2575800
wb_lmi,2004,2499900
wb_lmi,2005,2427800
wb_lmi,2006,2357900
wb_lmi,2007,2302200
wb_lmi,2008,2251600
wb_lmi,2009,2214400
wb_lmi,2010,2177800
wb_lmi,2011,2129600
wb_lmi,2012,2079100
wb_lmi,2013,2027000
wb_lmi,2014,1971000
wb_lmi,2015,1902900
wb_lmi,2016,1864700
wb_lmi,2017,1820700
wb_lmi,2018,1766800
wb_lmi,2019,1729100
wb_lmi,2020,1676300
wb_lmi,2021,1627600
wb_lmi,2022,1600300
wb_lmi,2023,1582600
wb_lmi,2024,1569000
wb_umi,1991,1542700
wb_umi,1992,1337500
wb_umi,1993,1245900
wb_umi,1994,1181200
wb_umi,1995,1118800
wb_umi,1996,1060700
wb_umi,1997,997120
wb_umi,1998,938480
wb_umi,1999,884200
wb_umi,2000,836070
wb_umi,2001,810590
wb_umi,2002,744470
wb_umi,2003,695380
wb_umi,2004,650860
wb_umi,2005,619970
wb_umi,2006,588220
wb_umi,2007,559690
wb_umi,2008,533860
wb_umi,2009,510790
wb_umi,2010,486850
wb_umi,2011,461590
wb_umi,2012,441420
wb_umi,2013,432560
wb_umi,2014,404080
wb_umi,2015,388860
wb_umi,2016,362550
wb_umi,2017,350850
wb_umi,2018,333100
wb_umi,2019,307660
wb_umi,2020,293330
wb_umi,2021,272720
wb_umi,2022,259490
wb_umi,2023,246890
wb_umi,2024,237130
world,1991,5413100
world,1992,5176900
world,1993,5046200
world,1994,4940800
world,1995,4848300
world,1996,4757800
world,1997,4646600
world,1998,4538900
world,1999,4433300
world,2000,4337300
world,2001,4267800
world,2002,4146000
world,2003,4019900
world,2004,3891800
world,2005,3787100
world,2006,3683100
world,2007,3597600
world,2008,3519000
world,2009,3455200
world,2010,3394200
world,2011,3316300
world,2012,3244400
world,2013,3180200
world,2014,3095700
world,2015,3013200
world,2016,2950500
world,2017,2898400
world,2018,2827800
world,2019,2769200
world,2020,2706300
world,2021,2639700
world,2022,2604300
world,2023,2578300
world,2024,2557100
wsm,1991,103.00
wsm,1992,95.000
wsm,1993,89.000
wsm,1994,85.000
wsm,1995,81.000
wsm,1996,78.000
wsm,1997,75.000
wsm,1998,72.000
wsm,1999,69.000
wsm,2000,66.000
wsm,2001,62.000
wsm,2002,59.000
wsm,2003,57.000
wsm,2004,55.000
wsm,2005,53.000
wsm,2006,52.000
wsm,2007,52.000
wsm,2008,52.000
wsm,2009,54.000
wsm,2010,56.000
wsm,2011,57.000
wsm,2012,58.000
wsm,2013,58.000
wsm,2014,58.000
wsm,2015,58.000
wsm,2016,58.000
wsm,2017,58.000
wsm,2018,59.000
wsm,2019,60.000
wsm,2020,60.000
wsm,2021,59.000
wsm,2022,58.000
wsm,2023,57.000
wsm,2024,56.000
yem,1963,32300
yem,1964,32605
yem,1965,32947
yem,1966,33255
yem,1967,33541
yem,1968,33745
yem,1969,33742
yem,1970,33688
yem,1971,33601
yem,1972,33522
yem,1973,33421
yem,1974,33322
yem,1975,33353
yem,1976,33422
yem,1977,33406
yem,1978,33374
yem,1979,33319
yem,1980,33754
yem,1981,33767
yem,1982,33599
yem,1983,33419
yem,1984,33198
yem,1985,32997
yem,1986,32972
yem,1987,32974
yem,1988,33010
yem,1989,33120
yem,1990,33183
yem,1991,33405
yem,1992,33599
yem,1993,33833
yem,1994,33986
yem,1995,33977
yem,1996,33854
yem,1997,32651
yem,1998,32839
yem,1999,32742
yem,2000,32730
yem,2001,32390
yem,2002,31827
yem,2003,31340
yem,2004,31089
yem,2005,30699
yem,2006,30235
yem,2007,30083
yem,2008,29679
yem,2009,29302
yem,2010,29143
yem,2011,28675
yem,2012,28174
yem,2013,28833
yem,2014,29525
yem,2015,30322
yem,2016,31202
yem,2017,31994
yem,2018,32807
yem,2019,33661
yem,2020,34424
yem,2021,35288
yem,2022,36172
yem,2023,36912
yem,2024,37976
zaf,1978,33116
zaf,1979,32824
zaf,1980,32916
zaf,1981,32808
zaf,1982,33044
zaf,1983,33559
zaf,1984,33591
zaf,1985,33708
zaf,1986,33549
zaf,1987,33195
zaf,1988,33068
zaf,1989,31939
zaf,1990,30582
zaf,1991,28860
zaf,1992,28239
zaf,1993,27175
zaf,1994,26734
zaf,1995,24461
zaf,1996,24854
zaf,1997,23505
zaf,1998,21683
zaf,1999,19913
zaf,2000,18700
zaf,2001,17082
zaf,2002,16323
zaf,2003,15748
zaf,2004,15873
zaf,2005,16496
zaf,2006,17074
zaf,2007,17718
zaf,2008,17908
zaf,2009,19003
zaf,2010,17824
zaf,2011,17108
zaf,2012,16693
zaf,2013,16617
zaf,2014,16401
zaf,2015,16408
zaf,2016,15983
zaf,2017,15358
zaf,2018,15201
zaf,2019,15246
zaf,2020,15405
zaf,2021,15509
zaf,2022,15733
zaf,2023,16011
zaf,2024,16512
zmb,1971,8870.0
zmb,1972,8976.0
zmb,1973,9089.0
zmb,1974,9238.0
zmb,1975,9376.0
zmb,1976,9634.0
zmb,1977,9802.0
zmb,1978,10018
zmb,1979,10216
zmb,1980,10468
zmb,1981,10679
zmb,1982,10996
zmb,1983,11377
zmb,1984,11822
zmb,1985,12285
zmb,1986,12816
zmb,1987,13306
zmb,1988,13712
zmb,1989,14050
zmb,1990,14398
zmb,1991,14601
zmb,1992,14796
zmb,1993,14910
zmb,1994,15130
zmb,1995,15399
zmb,1996,15729
zmb,1997,16100
zmb,1998,16414
zmb,1999,16734
zmb,2000,16994
zmb,2001,17029
zmb,2002,16810
zmb,2003,16485
zmb,2004,16141
zmb,2005,15964
zmb,2006,15862
zmb,2007,15895
zmb,2008,15954
zmb,2009,16153
zmb,2010,16352
zmb,2011,16584
zmb,2012,16757
zmb,2013,16925
zmb,2014,17070
zmb,2015,17264
zmb,2016,17552
zmb,2017,17976
zmb,2018,18516
zmb,2019,19278
zmb,2020,19985
zmb,2021,20693
zmb,2022,21321
zmb,2023,22169
zmb,2024,22930
zwe,1967,8432.0
zwe,1968,8483.0
zwe,1969,8606.0
zwe,1970,8792.0
zwe,1971,9055.0
zwe,1972,9318.0
zwe,1973,9728.0
zwe,1974,10228
zwe,1975,10690
zwe,1976,11144
zwe,1977,11476
zwe,1978,11729
zwe,1979,11853
zwe,1980,11725
zwe,1981,11774
zwe,1982,12615
zwe,1983,12639
zwe,1984,12572
zwe,1985,12232
zwe,1986,11850
zwe,1987,11484
zwe,1988,11126
zwe,1989,10639
zwe,1990,10197
zwe,1991,9793.0
zwe,1992,9472.0
zwe,1993,9289.0
zwe,1994,8782.0
zwe,1995,8724.0
zwe,1996,8887.0
zwe,1997,9488.0
zwe,1998,10121
zwe,1999,10771
zwe,2000,11456
zwe,2001,11930
zwe,2002,12339
zwe,2003,12829
zwe,2004,13402
zwe,2005,13865
zwe,2006,14186
zwe,2007,14420
zwe,2008,15120
zwe,2009,15831
zwe,2010,16576
zwe,2011,16812
zwe,2012,16873
zwe,2013,16616
zwe,2014,16193
zwe,2015,15562
zwe,2016,15029
zwe,2017,14811
zwe,2018,14830
zwe,2019,15178
zwe,2020,15780
zwe,2021,16410
zwe,2022,17153
zwe,2023,17827
zwe,2024,18232
