geo,year,deaths_20_24_lower
afg,1991,2984.0
afg,1992,3105.0
afg,1993,3649.0
afg,1994,2247.0
afg,1995,3722.0
afg,1996,3389.0
afg,1997,3570.0
afg,1998,3684.0
afg,1999,4616.0
afg,2000,3836.0
afg,2001,3934.0
afg,2002,3855.0
afg,2003,3160.0
afg,2004,3193.0
afg,2005,3135.0
afg,2006,3097.0
afg,2007,3866.0
afg,2008,4502.0
afg,2009,4415.0
afg,2010,4395.0
afg,2011,4715.0
afg,2012,5053.0
afg,2013,5260.0
afg,2014,4638.0
afg,2015,5348.0
afg,2016,5270.0
afg,2017,5042.0
afg,2018,7071.0
afg,2019,7440.0
afg,2020,6660.0
afg,2021,6139.0
afg,2022,7060.0
afg,2023,3301.0
afg,2024,3198.0
ago,1991,8738.0
ago,1992,7683.0
ago,1993,8681.0
ago,1994,10411
ago,1995,9668.0
ago,1996,6396.0
ago,1997,6572.0
ago,1998,6762.0
ago,1999,8222.0
ago,2000,9285.0
ago,2001,8601.0
ago,2002,9409.0
ago,2003,8816.0
ago,2004,7700.0
ago,2005,7814.0
ago,2006,7913.0
ago,2007,7971.0
ago,2008,8010.0
ago,2009,8031.0
ago,2010,8029.0
ago,2011,8009.0
ago,2012,7986.0
ago,2013,7948.0
ago,2014,7907.0
ago,2015,7870.0
ago,2016,7843.0
ago,2017,7833.0
ago,2018,7846.0
ago,2019,7870.0
ago,2020,7913.0
ago,2021,7959.0
ago,2022,8025.0
ago,2023,8113.0
ago,2024,8223.0
aia,1991,1.0000
aia,1992,1.0000
aia,1993,1.0000
aia,1994,1.0000
aia,1995,1.0000
aia,1996,1.0000
aia,1997,1.0000
aia,1998,1.0000
aia,1999,0.0000
aia,2000,0.0000
aia,2001,0.0000
aia,2002,0.0000
aia,2003,0.0000
aia,2004,0.0000
aia,2005,1.0000
aia,2006,1.0000
aia,2007,1.0000
aia,2008,1.0000
aia,2009,1.0000
aia,2010,0.0000
aia,2011,0.0000
aia,2012,0.0000
aia,2013,0.0000
aia,2014,0.0000
aia,2015,0.0000
aia,2016,0.0000
aia,2017,0.0000
aia,2018,0.0000
aia,2019,0.0000
aia,2020,0.0000
aia,2021,0.0000
aia,2022,0.0000
aia,2023,0.0000
aia,2024,0.0000
alb,1991,274.00
alb,1992,298.00
alb,1993,313.00
alb,1994,318.00
alb,1995,315.00
alb,1996,310.00
alb,1997,306.00
alb,1998,370.00
alb,1999,284.00
alb,2000,267.00
alb,2001,246.00
alb,2002,224.00
alb,2003,202.00
alb,2004,183.00
alb,2005,166.00
alb,2006,155.00
alb,2007,145.00
alb,2008,139.00
alb,2009,134.00
alb,2010,132.00
alb,2011,133.00
alb,2012,134.00
alb,2013,135.00
alb,2014,131.00
alb,2015,124.00
alb,2016,115.00
alb,2017,107.00
alb,2018,98.000
alb,2019,91.000
alb,2020,83.000
alb,2021,75.000
alb,2022,67.000
alb,2023,64.000
alb,2024,50.000
and,1991,4.0000
and,1992,4.0000
and,1993,4.0000
and,1994,4.0000
and,1995,4.0000
and,1996,4.0000
and,1997,3.0000
and,1998,3.0000
and,1999,3.0000
and,2000,3.0000
and,2001,3.0000
and,2002,2.0000
and,2003,2.0000
and,2004,2.0000
and,2005,2.0000
and,2006,3.0000
and,2007,2.0000
and,2008,2.0000
and,2009,2.0000
and,2010,2.0000
and,2011,1.0000
and,2012,1.0000
and,2013,1.0000
and,2014,1.0000
and,2015,1.0000
and,2016,1.0000
and,2017,1.0000
and,2018,1.0000
and,2019,1.0000
and,2020,1.0000
and,2021,1.0000
and,2022,1.0000
and,2023,1.0000
and,2024,1.0000
are,1991,113.00
are,1992,122.00
are,1993,127.00
are,1994,129.00
are,1995,127.00
are,1996,122.00
are,1997,127.00
are,1998,144.00
are,1999,163.00
are,2000,183.00
are,2001,203.00
are,2002,221.00
are,2003,233.00
are,2004,239.00
are,2005,237.00
are,2006,229.00
are,2007,228.00
are,2008,250.00
are,2009,278.00
are,2010,292.00
are,2011,297.00
are,2012,305.00
are,2013,314.00
are,2014,326.00
are,2015,340.00
are,2016,355.00
are,2017,366.00
are,2018,369.00
are,2019,367.00
are,2020,360.00
are,2021,355.00
are,2022,361.00
are,2023,368.00
are,2024,359.00
arg,1991,2372.0
arg,1992,2426.0
arg,1993,2531.0
arg,1994,2636.0
arg,1995,2748.0
arg,1996,2851.0
arg,1997,2946.0
arg,1998,3053.0
arg,1999,3149.0
arg,2000,3229.0
arg,2001,3256.0
arg,2002,3224.0
arg,2003,3147.0
arg,2004,3019.0
arg,2005,2929.0
arg,2006,2882.0
arg,2007,2887.0
arg,2008,2951.0
arg,2009,3029.0
arg,2010,3130.0
arg,2011,3223.0
arg,2012,3312.0
arg,2013,3393.0
arg,2014,3431.0
arg,2015,3442.0
arg,2016,3402.0
arg,2017,3333.0
arg,2018,3271.0
arg,2019,3179.0
arg,2020,3086.0
arg,2021,2989.0
arg,2022,2935.0
arg,2023,2876.0
arg,2024,2744.0
arm,1991,232.00
arm,1992,257.00
arm,1993,286.00
arm,1994,307.00
arm,1995,290.00
arm,1996,227.00
arm,1997,159.00
arm,1998,117.00
arm,1999,105.00
arm,2000,101.00
arm,2001,100.00
arm,2002,96.000
arm,2003,95.000
arm,2004,103.00
arm,2005,110.00
arm,2006,123.00
arm,2007,133.00
arm,2008,139.00
arm,2009,142.00
arm,2010,138.00
arm,2011,138.00
arm,2012,135.00
arm,2013,129.00
arm,2014,124.00
arm,2015,117.00
arm,2016,121.00
arm,2017,122.00
arm,2018,111.00
arm,2019,93.000
arm,2020,75.000
arm,2021,74.000
arm,2022,80.000
arm,2023,108.00
arm,2024,97.000
atg,1991,1.0000
atg,1992,1.0000
atg,1993,1.0000
atg,1994,3.0000
atg,1995,3.0000
atg,1996,3.0000
atg,1997,3.0000
atg,1998,4.0000
atg,1999,4.0000
atg,2000,4.0000
atg,2001,4.0000
atg,2002,4.0000
atg,2003,4.0000
atg,2004,4.0000
atg,2005,4.0000
atg,2006,4.0000
atg,2007,4.0000
atg,2008,4.0000
atg,2009,4.0000
atg,2010,4.0000
atg,2011,4.0000
atg,2012,4.0000
atg,2013,4.0000
atg,2014,4.0000
atg,2015,4.0000
atg,2016,4.0000
atg,2017,3.0000
atg,2018,3.0000
atg,2019,3.0000
atg,2020,3.0000
atg,2021,2.0000
atg,2022,2.0000
atg,2023,1.0000
atg,2024,1.0000
aus,1991,1186.0
aus,1992,1139.0
aus,1993,1101.0
aus,1994,1083.0
aus,1995,1073.0
aus,1996,1082.0
aus,1997,1090.0
aus,1998,1078.0
aus,1999,1050.0
aus,2000,997.00
aus,2001,928.00
aus,2002,858.00
aus,2003,805.00
aus,2004,779.00
aus,2005,762.00
aus,2006,754.00
aus,2007,746.00
aus,2008,736.00
aus,2009,729.00
aus,2010,718.00
aus,2011,708.00
aus,2012,694.00
aus,2013,679.00
aus,2014,666.00
aus,2015,654.00
aus,2016,654.00
aus,2017,665.00
aus,2018,684.00
aus,2019,710.00
aus,2020,723.00
aus,2021,711.00
aus,2022,682.00
aus,2023,647.00
aus,2024,594.00
aut,1991,531.00
aut,1992,525.00
aut,1993,516.00
aut,1994,494.00
aut,1995,461.00
aut,1996,425.00
aut,1997,387.00
aut,1998,352.00
aut,1999,326.00
aut,2000,309.00
aut,2001,300.00
aut,2002,298.00
aut,2003,302.00
aut,2004,308.00
aut,2005,309.00
aut,2006,306.00
aut,2007,296.00
aut,2008,282.00
aut,2009,269.00
aut,2010,256.00
aut,2011,242.00
aut,2012,227.00
aut,2013,215.00
aut,2014,204.00
aut,2015,194.00
aut,2016,188.00
aut,2017,182.00
aut,2018,176.00
aut,2019,171.00
aut,2020,167.00
aut,2021,167.00
aut,2022,167.00
aut,2023,167.00
aut,2024,163.00
aze,1991,470.00
aze,1992,808.00
aze,1993,1806.0
aze,1994,2135.0
aze,1995,1515.0
aze,1996,1113.0
aze,1997,798.00
aze,1998,664.00
aze,1999,692.00
aze,2000,747.00
aze,2001,721.00
aze,2002,629.00
aze,2003,569.00
aze,2004,580.00
aze,2005,613.00
aze,2006,651.00
aze,2007,657.00
aze,2008,636.00
aze,2009,694.00
aze,2010,564.00
aze,2011,566.00
aze,2012,565.00
aze,2013,652.00
aze,2014,574.00
aze,2015,643.00
aze,2016,610.00
aze,2017,566.00
aze,2018,529.00
aze,2019,444.00
aze,2020,439.00
aze,2021,1360.0
aze,2022,498.00
aze,2023,506.00
aze,2024,428.00
bdi,1991,1269.0
bdi,1992,1480.0
bdi,1993,1715.0
bdi,1994,2676.0
bdi,1995,1692.0
bdi,1996,2004.0
bdi,1997,2008.0
bdi,1998,1964.0
bdi,1999,2082.0
bdi,2000,2148.0
bdi,2001,2738.0
bdi,2002,2851.0
bdi,2003,2522.0
bdi,2004,2104.0
bdi,2005,2017.0
bdi,2006,1916.0
bdi,2007,1750.0
bdi,2008,1565.0
bdi,2009,1419.0
bdi,2010,1324.0
bdi,2011,1276.0
bdi,2012,1196.0
bdi,2013,1136.0
bdi,2014,1056.0
bdi,2015,929.00
bdi,2016,765.00
bdi,2017,594.00
bdi,2018,475.00
bdi,2019,418.00
bdi,2020,391.00
bdi,2021,382.00
bdi,2022,378.00
bdi,2023,383.00
bdi,2024,401.00
bel,1991,630.00
bel,1992,618.00
bel,1993,605.00
bel,1994,590.00
bel,1995,570.00
bel,1996,541.00
bel,1997,511.00
bel,1998,485.00
bel,1999,477.00
bel,2000,474.00
bel,2001,467.00
bel,2002,456.00
bel,2003,438.00
bel,2004,412.00
bel,2005,382.00
bel,2006,358.00
bel,2007,346.00
bel,2008,338.00
bel,2009,332.00
bel,2010,327.00
bel,2011,322.00
bel,2012,316.00
bel,2013,306.00
bel,2014,293.00
bel,2015,279.00
bel,2016,265.00
bel,2017,252.00
bel,2018,238.00
bel,2019,228.00
bel,2020,220.00
bel,2021,213.00
bel,2022,203.00
bel,2023,189.00
bel,2024,173.00
ben,1991,690.00
ben,1992,727.00
ben,1993,755.00
ben,1994,826.00
ben,1995,870.00
ben,1996,877.00
ben,1997,880.00
ben,1998,898.00
ben,1999,912.00
ben,2000,934.00
ben,2001,959.00
ben,2002,988.00
ben,2003,1017.0
ben,2004,1053.0
ben,2005,1084.0
ben,2006,1123.0
ben,2007,1151.0
ben,2008,1170.0
ben,2009,1192.0
ben,2010,1221.0
ben,2011,1235.0
ben,2012,1247.0
ben,2013,1240.0
ben,2014,1202.0
ben,2015,1143.0
ben,2016,1066.0
ben,2017,957.00
ben,2018,867.00
ben,2019,799.00
ben,2020,742.00
ben,2021,691.00
ben,2022,658.00
ben,2023,618.00
ben,2024,595.00
bfa,1991,2168.0
bfa,1992,2213.0
bfa,1993,2257.0
bfa,1994,2283.0
bfa,1995,2306.0
bfa,1996,2345.0
bfa,1997,2385.0
bfa,1998,2420.0
bfa,1999,2463.0
bfa,2000,2508.0
bfa,2001,2541.0
bfa,2002,2563.0
bfa,2003,2582.0
bfa,2004,2598.0
bfa,2005,2601.0
bfa,2006,2604.0
bfa,2007,2599.0
bfa,2008,2555.0
bfa,2009,2509.0
bfa,2010,2435.0
bfa,2011,2357.0
bfa,2012,2279.0
bfa,2013,2217.0
bfa,2014,2161.0
bfa,2015,2129.0
bfa,2016,2096.0
bfa,2017,2082.0
bfa,2018,2045.0
bfa,2019,2001.0
bfa,2020,1919.0
bfa,2021,1809.0
bfa,2022,1712.0
bfa,2023,2104.0
bfa,2024,2495.0
bgd,1991,21003
bgd,1992,24377
bgd,1993,20709
bgd,1994,20629
bgd,1995,20181
bgd,1996,19932
bgd,1997,20028
bgd,1998,20569
bgd,1999,21212
bgd,2000,21028
bgd,2001,20353
bgd,2002,19547
bgd,2003,18705
bgd,2004,17895
bgd,2005,17017
bgd,2006,16088
bgd,2007,15209
bgd,2008,14566
bgd,2009,14430
bgd,2010,14630
bgd,2011,14739
bgd,2012,14739
bgd,2013,14564
bgd,2014,14263
bgd,2015,13578
bgd,2016,12521
bgd,2017,11492
bgd,2018,10784
bgd,2019,10634
bgd,2020,10283
bgd,2021,9529.0
bgd,2022,8395.0
bgd,2023,7310.0
bgd,2024,6449.0
bgr,1991,525.00
bgr,1992,537.00
bgr,1993,545.00
bgr,1994,547.00
bgr,1995,546.00
bgr,1996,543.00
bgr,1997,536.00
bgr,1998,526.00
bgr,1999,511.00
bgr,2000,487.00
bgr,2001,460.00
bgr,2002,434.00
bgr,2003,411.00
bgr,2004,393.00
bgr,2005,380.00
bgr,2006,372.00
bgr,2007,366.00
bgr,2008,358.00
bgr,2009,349.00
bgr,2010,339.00
bgr,2011,326.00
bgr,2012,309.00
bgr,2013,289.00
bgr,2014,268.00
bgr,2015,247.00
bgr,2016,227.00
bgr,2017,210.00
bgr,2018,195.00
bgr,2019,185.00
bgr,2020,180.00
bgr,2021,181.00
bgr,2022,182.00
bgr,2023,183.00
bgr,2024,182.00
bhr,1991,24.000
bhr,1992,24.000
bhr,1993,25.000
bhr,1994,26.000
bhr,1995,27.000
bhr,1996,29.000
bhr,1997,31.000
bhr,1998,33.000
bhr,1999,35.000
bhr,2000,36.000
bhr,2001,36.000
bhr,2002,37.000
bhr,2003,41.000
bhr,2004,48.000
bhr,2005,55.000
bhr,2006,62.000
bhr,2007,67.000
bhr,2008,69.000
bhr,2009,68.000
bhr,2010,65.000
bhr,2011,60.000
bhr,2012,56.000
bhr,2013,54.000
bhr,2014,53.000
bhr,2015,52.000
bhr,2016,51.000
bhr,2017,51.000
bhr,2018,50.000
bhr,2019,47.000
bhr,2020,43.000
bhr,2021,45.000
bhr,2022,47.000
bhr,2023,41.000
bhr,2024,35.000
bhs,1991,35.000
bhs,1992,39.000
bhs,1993,41.000
bhs,1994,42.000
bhs,1995,43.000
bhs,1996,44.000
bhs,1997,44.000
bhs,1998,43.000
bhs,1999,43.000
bhs,2000,42.000
bhs,2001,41.000
bhs,2002,40.000
bhs,2003,39.000
bhs,2004,40.000
bhs,2005,41.000
bhs,2006,42.000
bhs,2007,45.000
bhs,2008,48.000
bhs,2009,52.000
bhs,2010,56.000
bhs,2011,60.000
bhs,2012,64.000
bhs,2013,68.000
bhs,2014,71.000
bhs,2015,71.000
bhs,2016,69.000
bhs,2017,66.000
bhs,2018,61.000
bhs,2019,54.000
bhs,2020,54.000
bhs,2021,39.000
bhs,2022,33.000
bhs,2023,28.000
bhs,2024,25.000
bih,1991,278.00
bih,1992,277.00
bih,1993,4383.0
bih,1994,3804.0
bih,1995,1226.0
bih,1996,423.00
bih,1997,146.00
bih,1998,153.00
bih,1999,153.00
bih,2000,150.00
bih,2001,147.00
bih,2002,144.00
bih,2003,141.00
bih,2004,139.00
bih,2005,138.00
bih,2006,135.00
bih,2007,134.00
bih,2008,131.00
bih,2009,125.00
bih,2010,117.00
bih,2011,109.00
bih,2012,102.00
bih,2013,97.000
bih,2014,93.000
bih,2015,90.000
bih,2016,88.000
bih,2017,86.000
bih,2018,85.000
bih,2019,85.000
bih,2020,82.000
bih,2021,78.000
bih,2022,71.000
bih,2023,63.000
bih,2024,54.000
blr,1991,935.00
blr,1992,975.00
blr,1993,1009.0
blr,1994,1037.0
blr,1995,1064.0
blr,1996,1085.0
blr,1997,1115.0
blr,1998,1140.0
blr,1999,1161.0
blr,2000,1191.0
blr,2001,1207.0
blr,2002,1194.0
blr,2003,1153.0
blr,2004,1115.0
blr,2005,1096.0
blr,2006,1065.0
blr,2007,1032.0
blr,2008,990.00
blr,2009,940.00
blr,2010,899.00
blr,2011,846.00
blr,2012,778.00
blr,2013,693.00
blr,2014,599.00
blr,2015,508.00
blr,2016,424.00
blr,2017,355.00
blr,2018,297.00
blr,2019,253.00
blr,2020,215.00
blr,2021,179.00
blr,2022,152.00
blr,2023,132.00
blr,2024,118.00
blz,1991,14.000
blz,1992,17.000
blz,1993,21.000
blz,1994,25.000
blz,1995,29.000
blz,1996,34.000
blz,1997,38.000
blz,1998,42.000
blz,1999,45.000
blz,2000,47.000
blz,2001,49.000
blz,2002,50.000
blz,2003,51.000
blz,2004,52.000
blz,2005,53.000
blz,2006,55.000
blz,2007,56.000
blz,2008,57.000
blz,2009,58.000
blz,2010,59.000
blz,2011,61.000
blz,2012,63.000
blz,2013,64.000
blz,2014,65.000
blz,2015,65.000
blz,2016,65.000
blz,2017,65.000
blz,2018,64.000
blz,2019,64.000
blz,2020,63.000
blz,2021,63.000
blz,2022,63.000
blz,2023,64.000
blz,2024,63.000
bol,1991,914.00
bol,1992,910.00
bol,1993,899.00
bol,1994,902.00
bol,1995,899.00
bol,1996,899.00
bol,1997,896.00
bol,1998,884.00
bol,1999,875.00
bol,2000,857.00
bol,2001,828.00
bol,2002,795.00
bol,2003,747.00
bol,2004,695.00
bol,2005,631.00
bol,2006,567.00
bol,2007,488.00
bol,2008,426.00
bol,2009,369.00
bol,2010,338.00
bol,2011,322.00
bol,2012,303.00
bol,2013,291.00
bol,2014,280.00
bol,2015,274.00
bol,2016,268.00
bol,2017,263.00
bol,2018,255.00
bol,2019,249.00
bol,2020,245.00
bol,2021,231.00
bol,2022,227.00
bol,2023,222.00
bol,2024,218.00
bra,1991,21438
bra,1992,22488
bra,1993,23327
bra,1994,23926
bra,1995,24596
bra,1996,25271
bra,1997,25767
bra,1998,26218
bra,1999,26516
bra,2000,27016
bra,2001,27532
bra,2002,27969
bra,2003,28399
bra,2004,28516
bra,2005,28468
bra,2006,28243
bra,2007,28071
bra,2008,28196
bra,2009,28287
bra,2010,28443
bra,2011,28526
bra,2012,28454
bra,2013,28432
bra,2014,28318
bra,2015,28391
bra,2016,28369
bra,2017,28152
bra,2018,27818
bra,2019,27259
bra,2020,26835
bra,2021,26459
bra,2022,26011
bra,2023,25100
bra,2024,23485
brb,1991,19.000
brb,1992,20.000
brb,1993,19.000
brb,1994,19.000
brb,1995,18.000
brb,1996,18.000
brb,1997,17.000
brb,1998,17.000
brb,1999,16.000
brb,2000,16.000
brb,2001,16.000
brb,2002,16.000
brb,2003,16.000
brb,2004,16.000
brb,2005,16.000
brb,2006,17.000
brb,2007,16.000
brb,2008,16.000
brb,2009,15.000
brb,2010,14.000
brb,2011,13.000
brb,2012,12.000
brb,2013,11.000
brb,2014,10.000
brb,2015,9.0000
brb,2016,8.0000
brb,2017,7.0000
brb,2018,6.0000
brb,2019,6.0000
brb,2020,5.0000
brb,2021,5.0000
brb,2022,5.0000
brb,2023,5.0000
brb,2024,5.0000
brn,1991,21.000
brn,1992,23.000
brn,1993,24.000
brn,1994,24.000
brn,1995,24.000
brn,1996,23.000
brn,1997,23.000
brn,1998,22.000
brn,1999,22.000
brn,2000,21.000
brn,2001,20.000
brn,2002,20.000
brn,2003,19.000
brn,2004,19.000
brn,2005,19.000
brn,2006,18.000
brn,2007,18.000
brn,2008,18.000
brn,2009,18.000
brn,2010,19.000
brn,2011,19.000
brn,2012,19.000
brn,2013,18.000
brn,2014,17.000
brn,2015,17.000
brn,2016,16.000
brn,2017,16.000
brn,2018,16.000
brn,2019,16.000
brn,2020,16.000
brn,2021,16.000
brn,2022,15.000
brn,2023,14.000
brn,2024,12.000
btn,1991,26.000
btn,1992,30.000
btn,1993,33.000
btn,1994,33.000
btn,1995,36.000
btn,1996,38.000
btn,1997,39.000
btn,1998,41.000
btn,1999,42.000
btn,2000,43.000
btn,2001,44.000
btn,2002,45.000
btn,2003,46.000
btn,2004,47.000
btn,2005,48.000
btn,2006,48.000
btn,2007,47.000
btn,2008,47.000
btn,2009,46.000
btn,2010,45.000
btn,2011,43.000
btn,2012,41.000
btn,2013,37.000
btn,2014,33.000
btn,2015,29.000
btn,2016,27.000
btn,2017,26.000
btn,2018,24.000
btn,2019,23.000
btn,2020,22.000
btn,2021,22.000
btn,2022,21.000
btn,2023,20.000
btn,2024,19.000
bwa,1991,380.00
bwa,1992,401.00
bwa,1993,420.00
bwa,1994,438.00
bwa,1995,457.00
bwa,1996,474.00
bwa,1997,491.00
bwa,1998,509.00
bwa,1999,521.00
bwa,2000,536.00
bwa,2001,548.00
bwa,2002,556.00
bwa,2003,562.00
bwa,2004,558.00
bwa,2005,548.00
bwa,2006,530.00
bwa,2007,507.00
bwa,2008,478.00
bwa,2009,448.00
bwa,2010,418.00
bwa,2011,389.00
bwa,2012,360.00
bwa,2013,335.00
bwa,2014,314.00
bwa,2015,304.00
bwa,2016,297.00
bwa,2017,294.00
bwa,2018,285.00
bwa,2019,274.00
bwa,2020,258.00
bwa,2021,241.00
bwa,2022,218.00
bwa,2023,194.00
bwa,2024,175.00
caf,1991,938.00
caf,1992,958.00
caf,1993,962.00
caf,1994,958.00
caf,1995,951.00
caf,1996,929.00
caf,1997,896.00
caf,1998,887.00
caf,1999,880.00
caf,2000,876.00
caf,2001,888.00
caf,2002,896.00
caf,2003,888.00
caf,2004,859.00
caf,2005,830.00
caf,2006,798.00
caf,2007,785.00
caf,2008,776.00
caf,2009,773.00
caf,2010,7413.0
caf,2011,1163.0
caf,2012,859.00
caf,2013,753.00
caf,2014,993.00
caf,2015,1863.0
caf,2016,742.00
caf,2017,863.00
caf,2018,1411.0
caf,2019,830.00
caf,2020,2933.0
caf,2021,969.00
caf,2022,1896.0
caf,2023,4457.0
caf,2024,531.00
can,1991,1700.0
can,1992,1593.0
can,1993,1505.0
can,1994,1423.0
can,1995,1364.0
can,1996,1320.0
can,1997,1288.0
can,1998,1270.0
can,1999,1252.0
can,2000,1246.0
can,2001,1244.0
can,2002,1244.0
can,2003,1249.0
can,2004,1251.0
can,2005,1268.0
can,2006,1279.0
can,2007,1273.0
can,2008,1253.0
can,2009,1223.0
can,2010,1214.0
can,2011,1210.0
can,2012,1202.0
can,2013,1195.0
can,2014,1185.0
can,2015,1193.0
can,2016,1213.0
can,2017,1247.0
can,2018,1304.0
can,2019,1366.0
can,2020,1428.0
can,2021,1469.0
can,2022,1491.0
can,2023,1489.0
can,2024,1442.0
che,1991,510.00
che,1992,493.00
che,1993,469.00
che,1994,439.00
che,1995,405.00
che,1996,371.00
che,1997,338.00
che,1998,307.00
che,1999,283.00
che,2000,264.00
che,2001,251.00
che,2002,242.00
che,2003,235.00
che,2004,227.00
che,2005,218.00
che,2006,208.00
che,2007,197.00
che,2008,188.00
che,2009,180.00
che,2010,171.00
che,2011,163.00
che,2012,156.00
che,2013,149.00
che,2014,143.00
che,2015,139.00
che,2016,136.00
che,2017,135.00
che,2018,134.00
che,2019,133.00
che,2020,132.00
che,2021,131.00
che,2022,129.00
che,2023,124.00
che,2024,116.00
chl,1991,1217.0
chl,1992,1199.0
chl,1993,1178.0
chl,1994,1176.0
chl,1995,1167.0
chl,1996,1160.0
chl,1997,1141.0
chl,1998,1106.0
chl,1999,1064.0
chl,2000,1016.0
chl,2001,994.00
chl,2002,983.00
chl,2003,968.00
chl,2004,953.00
chl,2005,931.00
chl,2006,916.00
chl,2007,910.00
chl,2008,926.00
chl,2009,968.00
chl,2010,988.00
chl,2011,980.00
chl,2012,937.00
chl,2013,889.00
chl,2014,870.00
chl,2015,854.00
chl,2016,843.00
chl,2017,833.00
chl,2018,827.00
chl,2019,831.00
chl,2020,839.00
chl,2021,864.00
chl,2022,891.00
chl,2023,913.00
chl,2024,901.00
chn,1991,44266
chn,1992,46671
chn,1993,49036
chn,1994,50508
chn,1995,51100
chn,1996,51091
chn,1997,49843
chn,1998,48654
chn,1999,47102
chn,2000,46131
chn,2001,46370
chn,2002,47877
chn,2003,50267
chn,2004,52768
chn,2005,54679
chn,2006,56434
chn,2007,58108
chn,2008,59236
chn,2009,59719
chn,2010,59464
chn,2011,57813
chn,2012,54447
chn,2013,48905
chn,2014,42700
chn,2015,37253
chn,2016,31943
chn,2017,27781
chn,2018,25107
chn,2019,22617
chn,2020,20707
chn,2021,19242
chn,2022,18084
chn,2023,16660
chn,2024,15621
civ,1991,2822.0
civ,1992,3039.0
civ,1993,3291.0
civ,1994,3573.0
civ,1995,3852.0
civ,1996,4129.0
civ,1997,4378.0
civ,1998,4630.0
civ,1999,4830.0
civ,2000,4934.0
civ,2001,4932.0
civ,2002,4894.0
civ,2003,4819.0
civ,2004,4720.0
civ,2005,4624.0
civ,2006,4532.0
civ,2007,4468.0
civ,2008,4400.0
civ,2009,4391.0
civ,2010,4372.0
civ,2011,4321.0
civ,2012,4177.0
civ,2013,3979.0
civ,2014,3694.0
civ,2015,3426.0
civ,2016,3182.0
civ,2017,2929.0
civ,2018,2686.0
civ,2019,2423.0
civ,2020,2164.0
civ,2021,1869.0
civ,2022,1633.0
civ,2023,1481.0
civ,2024,1414.0
cmr,1991,2267.0
cmr,1992,2442.0
cmr,1993,2631.0
cmr,1994,2837.0
cmr,1995,3046.0
cmr,1996,3243.0
cmr,1997,3456.0
cmr,1998,3652.0
cmr,1999,3840.0
cmr,2000,4018.0
cmr,2001,4196.0
cmr,2002,4379.0
cmr,2003,4567.0
cmr,2004,4725.0
cmr,2005,4853.0
cmr,2006,4958.0
cmr,2007,5052.0
cmr,2008,5117.0
cmr,2009,5121.0
cmr,2010,5122.0
cmr,2011,5083.0
cmr,2012,5002.0
cmr,2013,4915.0
cmr,2014,4798.0
cmr,2015,4716.0
cmr,2016,4573.0
cmr,2017,4341.0
cmr,2018,4075.0
cmr,2019,3784.0
cmr,2020,3533.0
cmr,2021,3340.0
cmr,2022,3178.0
cmr,2023,3074.0
cmr,2024,3019.0
cod,1991,5448.0
cod,1992,5905.0
cod,1993,6396.0
cod,1994,6998.0
cod,1995,7819.0
cod,1996,8808.0
cod,1997,11680
cod,1998,9912.0
cod,1999,16644
cod,2000,17566
cod,2001,11917
cod,2002,12490
cod,2003,13083
cod,2004,13504
cod,2005,13676
cod,2006,13881
cod,2007,13912
cod,2008,13935
cod,2009,13876
cod,2010,13697
cod,2011,13165
cod,2012,12426
cod,2013,11550
cod,2014,10651
cod,2015,10026
cod,2016,9913.0
cod,2017,9711.0
cod,2018,9579.0
cod,2019,9094.0
cod,2020,8787.0
cod,2021,8655.0
cod,2022,8408.0
cod,2023,8241.0
cod,2024,8191.0
cog,1991,319.00
cog,1992,363.00
cog,1993,440.00
cog,1994,528.00
cog,1995,640.00
cog,1996,729.00
cog,1997,808.00
cog,1998,2392.0
cog,1999,1364.0
cog,2000,1035.0
cog,2001,912.00
cog,2002,929.00
cog,2003,907.00
cog,2004,878.00
cog,2005,858.00
cog,2006,840.00
cog,2007,819.00
cog,2008,790.00
cog,2009,749.00
cog,2010,710.00
cog,2011,668.00
cog,2012,601.00
cog,2013,525.00
cog,2014,451.00
cog,2015,402.00
cog,2016,368.00
cog,2017,351.00
cog,2018,333.00
cog,2019,324.00
cog,2020,344.00
cog,2021,321.00
cog,2022,322.00
cog,2023,319.00
cog,2024,321.00
cok,1991,1.0000
cok,1992,1.0000
cok,1993,1.0000
cok,1994,1.0000
cok,1995,1.0000
cok,1996,1.0000
cok,1997,1.0000
cok,1998,1.0000
cok,1999,1.0000
cok,2000,1.0000
cok,2001,1.0000
cok,2002,0.0000
cok,2003,0.0000
cok,2004,0.0000
cok,2005,0.0000
cok,2006,0.0000
cok,2007,0.0000
cok,2008,0.0000
cok,2009,0.0000
cok,2010,0.0000
cok,2011,0.0000
cok,2012,0.0000
cok,2013,0.0000
cok,2014,0.0000
cok,2015,0.0000
cok,2016,0.0000
cok,2017,0.0000
cok,2018,0.0000
cok,2019,0.0000
cok,2020,0.0000
cok,2021,0.0000
cok,2022,0.0000
cok,2023,0.0000
cok,2024,0.0000
col,1991,8018.0
col,1992,8631.0
col,1993,9118.0
col,1994,9460.0
col,1995,9545.0
col,1996,9446.0
col,1997,9254.0
col,1998,9193.0
col,1999,9415.0
col,2000,9758.0
col,2001,10210
col,2002,10480
col,2003,10306
col,2004,9662.0
col,2005,8783.0
col,2006,8000.0
col,2007,7399.0
col,2008,7034.0
col,2009,6918.0
col,2010,6869.0
col,2011,6814.0
col,2012,6671.0
col,2013,6489.0
col,2014,6329.0
col,2015,6172.0
col,2016,6080.0
col,2017,6028.0
col,2018,6069.0
col,2019,6210.0
col,2020,6353.0
col,2021,6504.0
col,2022,6634.0
col,2023,6700.0
col,2024,6583.0
com,1991,31.000
com,1992,32.000
com,1993,32.000
com,1994,31.000
com,1995,30.000
com,1996,30.000
com,1997,30.000
com,1998,31.000
com,1999,33.000
com,2000,34.000
com,2001,36.000
com,2002,37.000
com,2003,39.000
com,2004,40.000
com,2005,40.000
com,2006,41.000
com,2007,42.000
com,2008,41.000
com,2009,41.000
com,2010,40.000
com,2011,39.000
com,2012,37.000
com,2013,35.000
com,2014,33.000
com,2015,30.000
com,2016,27.000
com,2017,24.000
com,2018,21.000
com,2019,20.000
com,2020,19.000
com,2021,18.000
com,2022,18.000
com,2023,18.000
com,2024,17.000
cpv,1991,26.000
cpv,1992,28.000
cpv,1993,30.000
cpv,1994,32.000
cpv,1995,33.000
cpv,1996,47.000
cpv,1997,36.000
cpv,1998,38.000
cpv,1999,39.000
cpv,2000,40.000
cpv,2001,41.000
cpv,2002,41.000
cpv,2003,41.000
cpv,2004,42.000
cpv,2005,42.000
cpv,2006,43.000
cpv,2007,44.000
cpv,2008,45.000
cpv,2009,45.000
cpv,2010,45.000
cpv,2011,44.000
cpv,2012,43.000
cpv,2013,41.000
cpv,2014,39.000
cpv,2015,35.000
cpv,2016,32.000
cpv,2017,28.000
cpv,2018,25.000
cpv,2019,22.000
cpv,2020,19.000
cpv,2021,17.000
cpv,2022,15.000
cpv,2023,13.000
cpv,2024,11.000
cri,1991,193.00
cri,1992,199.00
cri,1993,207.00
cri,1994,214.00
cri,1995,225.00
cri,1996,236.00
cri,1997,247.00
cri,1998,260.00
cri,1999,269.00
cri,2000,275.00
cri,2001,278.00
cri,2002,278.00
cri,2003,285.00
cri,2004,287.00
cri,2005,291.00
cri,2006,293.00
cri,2007,305.00
cri,2008,335.00
cri,2009,351.00
cri,2010,352.00
cri,2011,339.00
cri,2012,316.00
cri,2013,304.00
cri,2014,302.00
cri,2015,318.00
cri,2016,342.00
cri,2017,360.00
cri,2018,371.00
cri,2019,369.00
cri,2020,361.00
cri,2021,349.00
cri,2022,349.00
cri,2023,349.00
cri,2024,330.00
cub,1991,1338.0
cub,1992,1334.0
cub,1993,1315.0
cub,1994,1275.0
cub,1995,1212.0
cub,1996,1122.0
cub,1997,1013.0
cub,1998,895.00
cub,1999,777.00
cub,2000,674.00
cub,2001,588.00
cub,2002,521.00
cub,2003,477.00
cub,2004,452.00
cub,2005,443.00
cub,2006,441.00
cub,2007,440.00
cub,2008,438.00
cub,2009,435.00
cub,2010,436.00
cub,2011,438.00
cub,2012,437.00
cub,2013,431.00
cub,2014,415.00
cub,2015,394.00
cub,2016,373.00
cub,2017,357.00
cub,2018,350.00
cub,2019,350.00
cub,2020,359.00
cub,2021,372.00
cub,2022,384.00
cub,2023,390.00
cub,2024,382.00
cyp,1991,39.000
cyp,1992,44.000
cyp,1993,47.000
cyp,1994,49.000
cyp,1995,50.000
cyp,1996,51.000
cyp,1997,53.000
cyp,1998,55.000
cyp,1999,57.000
cyp,2000,60.000
cyp,2001,62.000
cyp,2002,63.000
cyp,2003,62.000
cyp,2004,59.000
cyp,2005,56.000
cyp,2006,53.000
cyp,2007,50.000
cyp,2008,47.000
cyp,2009,44.000
cyp,2010,42.000
cyp,2011,39.000
cyp,2012,37.000
cyp,2013,35.000
cyp,2014,32.000
cyp,2015,30.000
cyp,2016,28.000
cyp,2017,27.000
cyp,2018,25.000
cyp,2019,25.000
cyp,2020,24.000
cyp,2021,23.000
cyp,2022,22.000
cyp,2023,20.000
cyp,2024,19.000
cze,1991,517.00
cze,1992,532.00
cze,1993,552.00
cze,1994,576.00
cze,1995,601.00
cze,1996,619.00
cze,1997,624.00
cze,1998,621.00
cze,1999,612.00
cze,2000,594.00
cze,2001,568.00
cze,2002,537.00
cze,2003,505.00
cze,2004,473.00
cze,2005,441.00
cze,2006,416.00
cze,2007,399.00
cze,2008,384.00
cze,2009,371.00
cze,2010,358.00
cze,2011,346.00
cze,2012,334.00
cze,2013,322.00
cze,2014,309.00
cze,2015,294.00
cze,2016,277.00
cze,2017,257.00
cze,2018,240.00
cze,2019,225.00
cze,2020,213.00
cze,2021,206.00
cze,2022,203.00
cze,2023,213.00
cze,2024,219.00
deu,1991,4523.0
deu,1992,4378.0
deu,1993,4182.0
deu,1994,3909.0
deu,1995,3564.0
deu,1996,3270.0
deu,1997,3041.0
deu,1998,2910.0
deu,1999,2785.0
deu,2000,2665.0
deu,2001,2643.0
deu,2002,2604.0
deu,2003,2523.0
deu,2004,2409.0
deu,2005,2267.0
deu,2006,2142.0
deu,2007,2000.0
deu,2008,1874.0
deu,2009,1824.0
deu,2010,1810.0
deu,2011,1805.0
deu,2012,1755.0
deu,2013,1648.0
deu,2014,1543.0
deu,2015,1474.0
deu,2016,1431.0
deu,2017,1400.0
deu,2018,1376.0
deu,2019,1357.0
deu,2020,1337.0
deu,2021,1329.0
deu,2022,1315.0
deu,2023,1288.0
deu,2024,1242.0
dji,1991,200.00
dji,1992,254.00
dji,1993,305.00
dji,1994,211.00
dji,1995,215.00
dji,1996,217.00
dji,1997,222.00
dji,1998,231.00
dji,1999,243.00
dji,2000,251.00
dji,2001,256.00
dji,2002,260.00
dji,2003,262.00
dji,2004,260.00
dji,2005,254.00
dji,2006,250.00
dji,2007,248.00
dji,2008,248.00
dji,2009,249.00
dji,2010,251.00
dji,2011,252.00
dji,2012,253.00
dji,2013,255.00
dji,2014,256.00
dji,2015,256.00
dji,2016,256.00
dji,2017,255.00
dji,2018,253.00
dji,2019,251.00
dji,2020,250.00
dji,2021,250.00
dji,2022,252.00
dji,2023,254.00
dji,2024,255.00
dma,1991,1.0000
dma,1992,2.0000
dma,1993,3.0000
dma,1994,3.0000
dma,1995,3.0000
dma,1996,3.0000
dma,1997,3.0000
dma,1998,3.0000
dma,1999,3.0000
dma,2000,3.0000
dma,2001,3.0000
dma,2002,3.0000
dma,2003,3.0000
dma,2004,3.0000
dma,2005,3.0000
dma,2006,3.0000
dma,2007,4.0000
dma,2008,4.0000
dma,2009,4.0000
dma,2010,4.0000
dma,2011,4.0000
dma,2012,4.0000
dma,2013,4.0000
dma,2014,5.0000
dma,2015,5.0000
dma,2016,6.0000
dma,2017,5.0000
dma,2018,5.0000
dma,2019,5.0000
dma,2020,4.0000
dma,2021,4.0000
dma,2022,4.0000
dma,2023,3.0000
dma,2024,3.0000
dnk,1991,229.00
dnk,1992,216.00
dnk,1993,207.00
dnk,1994,202.00
dnk,1995,199.00
dnk,1996,198.00
dnk,1997,195.00
dnk,1998,188.00
dnk,1999,181.00
dnk,2000,175.00
dnk,2001,166.00
dnk,2002,157.00
dnk,2003,149.00
dnk,2004,141.00
dnk,2005,133.00
dnk,2006,127.00
dnk,2007,124.00
dnk,2008,121.00
dnk,2009,118.00
dnk,2010,116.00
dnk,2011,112.00
dnk,2012,108.00
dnk,2013,104.00
dnk,2014,101.00
dnk,2015,100.00
dnk,2016,101.00
dnk,2017,103.00
dnk,2018,103.00
dnk,2019,104.00
dnk,2020,103.00
dnk,2021,101.00
dnk,2022,100.00
dnk,2023,98.000
dnk,2024,93.000
dom,1991,291.00
dom,1992,383.00
dom,1993,475.00
dom,1994,564.00
dom,1995,646.00
dom,1996,724.00
dom,1997,797.00
dom,1998,863.00
dom,1999,914.00
dom,2000,962.00
dom,2001,1001.0
dom,2002,1030.0
dom,2003,1046.0
dom,2004,1060.0
dom,2005,1079.0
dom,2006,1083.0
dom,2007,1091.0
dom,2008,1093.0
dom,2009,1101.0
dom,2010,1097.0
dom,2011,1077.0
dom,2012,1035.0
dom,2013,962.00
dom,2014,860.00
dom,2015,749.00
dom,2016,685.00
dom,2017,646.00
dom,2018,602.00
dom,2019,560.00
dom,2020,539.00
dom,2021,515.00
dom,2022,503.00
dom,2023,485.00
dom,2024,476.00
dza,1991,2195.0
dza,1992,2255.0
dza,1993,2334.0
dza,1994,2460.0
dza,1995,3613.0
dza,1996,3432.0
dza,1997,3006.0
dza,1998,3797.0
dza,1999,4128.0
dza,2000,3278.0
dza,2001,3266.0
dza,2002,3228.0
dza,2003,3156.0
dza,2004,3073.0
dza,2005,2975.0
dza,2006,2902.0
dza,2007,2837.0
dza,2008,2763.0
dza,2009,2695.0
dza,2010,2614.0
dza,2011,2550.0
dza,2012,2495.0
dza,2013,2451.0
dza,2014,2423.0
dza,2015,2378.0
dza,2016,2320.0
dza,2017,2240.0
dza,2018,2142.0
dza,2019,2028.0
dza,2020,1904.0
dza,2021,1817.0
dza,2022,1770.0
dza,2023,1769.0
dza,2024,1809.0
ecu,1991,1599.0
ecu,1992,1615.0
ecu,1993,1601.0
ecu,1994,1594.0
ecu,1995,1589.0
ecu,1996,1599.0
ecu,1997,1618.0
ecu,1998,1653.0
ecu,1999,1714.0
ecu,2000,1776.0
ecu,2001,1827.0
ecu,2002,1849.0
ecu,2003,1864.0
ecu,2004,1886.0
ecu,2005,1914.0
ecu,2006,1967.0
ecu,2007,2028.0
ecu,2008,2099.0
ecu,2009,2165.0
ecu,2010,2202.0
ecu,2011,2197.0
ecu,2012,2149.0
ecu,2013,2065.0
ecu,2014,1980.0
ecu,2015,1896.0
ecu,2016,1841.0
ecu,2017,1814.0
ecu,2018,1806.0
ecu,2019,1838.0
ecu,2020,1922.0
ecu,2021,2093.0
ecu,2022,2379.0
ecu,2023,2819.0
ecu,2024,3385.0
egy,1991,6640.0
egy,1992,6384.0
egy,1993,6123.0
egy,1994,5958.0
egy,1995,5845.0
egy,1996,5759.0
egy,1997,5732.0
egy,1998,5702.0
egy,1999,5717.0
egy,2000,5754.0
egy,2001,5785.0
egy,2002,5834.0
egy,2003,5855.0
egy,2004,5910.0
egy,2005,5988.0
egy,2006,6104.0
egy,2007,6304.0
egy,2008,6515.0
egy,2009,6781.0
egy,2010,7055.0
egy,2011,7302.0
egy,2012,7540.0
egy,2013,7608.0
egy,2014,7511.0
egy,2015,7259.0
egy,2016,6918.0
egy,2017,6630.0
egy,2018,6412.0
egy,2019,6393.0
egy,2020,6533.0
egy,2021,6823.0
egy,2022,7072.0
egy,2023,7085.0
egy,2024,6811.0
eri,1991,989.00
eri,1992,920.00
eri,1993,671.00
eri,1994,670.00
eri,1995,665.00
eri,1996,699.00
eri,1997,721.00
eri,1998,684.00
eri,1999,1956.0
eri,2000,2846.0
eri,2001,760.00
eri,2002,613.00
eri,2003,620.00
eri,2004,635.00
eri,2005,650.00
eri,2006,643.00
eri,2007,629.00
eri,2008,621.00
eri,2009,636.00
eri,2010,649.00
eri,2011,652.00
eri,2012,650.00
eri,2013,640.00
eri,2014,629.00
eri,2015,616.00
eri,2016,603.00
eri,2017,605.00
eri,2018,616.00
eri,2019,628.00
eri,2020,637.00
eri,2021,643.00
eri,2022,645.00
eri,2023,641.00
eri,2024,643.00
esp,1991,3246.0
esp,1992,3110.0
esp,1993,2870.0
esp,1994,2586.0
esp,1995,2378.0
esp,1996,2239.0
esp,1997,2154.0
esp,1998,2115.0
esp,1999,2069.0
esp,2000,2009.0
esp,2001,1916.0
esp,2002,1800.0
esp,2003,1705.0
esp,2004,1604.0
esp,2005,1495.0
esp,2006,1369.0
esp,2007,1249.0
esp,2008,1151.0
esp,2009,1044.0
esp,2010,930.00
esp,2011,819.00
esp,2012,727.00
esp,2013,663.00
esp,2014,614.00
esp,2015,587.00
esp,2016,574.00
esp,2017,568.00
esp,2018,570.00
esp,2019,572.00
esp,2020,584.00
esp,2021,602.00
esp,2022,626.00
esp,2023,643.00
esp,2024,635.00
est,1991,157.00
est,1992,172.00
est,1993,181.00
est,1994,186.00
est,1995,185.00
est,1996,176.00
est,1997,164.00
est,1998,152.00
est,1999,144.00
est,2000,140.00
est,2001,138.00
est,2002,136.00
est,2003,134.00
est,2004,132.00
est,2005,129.00
est,2006,125.00
est,2007,119.00
est,2008,112.00
est,2009,104.00
est,2010,95.000
est,2011,86.000
est,2012,76.000
est,2013,67.000
est,2014,58.000
est,2015,49.000
est,2016,42.000
est,2017,37.000
est,2018,33.000
est,2019,30.000
est,2020,27.000
est,2021,26.000
est,2022,26.000
est,2023,25.000
est,2024,23.000
eth,1991,25248
eth,1992,22691
eth,1993,23623
eth,1994,23913
eth,1995,24008
eth,1996,23882
eth,1997,23551
eth,1998,23104
eth,1999,22526
eth,2000,26666
eth,2001,21239
eth,2002,20574
eth,2003,19854
eth,2004,18963
eth,2005,18176
eth,2006,17413
eth,2007,16631
eth,2008,15831
eth,2009,15121
eth,2010,14288
eth,2011,13339
eth,2012,12148
eth,2013,10917
eth,2014,9719.0
eth,2015,8102.0
eth,2016,6707.0
eth,2017,5882.0
eth,2018,5509.0
eth,2019,5209.0
eth,2020,5106.0
eth,2021,4938.0
eth,2022,4709.0
eth,2023,4631.0
eth,2024,4629.0
fin,1991,309.00
fin,1992,289.00
fin,1993,262.00
fin,1994,235.00
fin,1995,213.00
fin,1996,204.00
fin,1997,202.00
fin,1998,205.00
fin,1999,214.00
fin,2000,221.00
fin,2001,224.00
fin,2002,222.00
fin,2003,220.00
fin,2004,219.00
fin,2005,217.00
fin,2006,218.00
fin,2007,218.00
fin,2008,216.00
fin,2009,212.00
fin,2010,204.00
fin,2011,196.00
fin,2012,186.00
fin,2013,176.00
fin,2014,166.00
fin,2015,157.00
fin,2016,156.00
fin,2017,159.00
fin,2018,162.00
fin,2019,166.00
fin,2020,169.00
fin,2021,170.00
fin,2022,169.00
fin,2023,171.00
fin,2024,173.00
fji,1991,36.000
fji,1992,40.000
fji,1993,43.000
fji,1994,48.000
fji,1995,54.000
fji,1996,61.000
fji,1997,70.000
fji,1998,80.000
fji,1999,91.000
fji,2000,102.00
fji,2001,111.00
fji,2002,116.00
fji,2003,120.00
fji,2004,121.00
fji,2005,120.00
fji,2006,118.00
fji,2007,115.00
fji,2008,111.00
fji,2009,107.00
fji,2010,103.00
fji,2011,99.000
fji,2012,97.000
fji,2013,95.000
fji,2014,93.000
fji,2015,91.000
fji,2016,89.000
fji,2017,88.000
fji,2018,86.000
fji,2019,83.000
fji,2020,78.000
fji,2021,73.000
fji,2022,68.000
fji,2023,61.000
fji,2024,56.000
fra,1991,4071.0
fra,1992,3988.0
fra,1993,3896.0
fra,1994,3781.0
fra,1995,3605.0
fra,1996,3394.0
fra,1997,3172.0
fra,1998,2978.0
fra,1999,2854.0
fra,2000,2748.0
fra,2001,2673.0
fra,2002,2614.0
fra,2003,2524.0
fra,2004,2402.0
fra,2005,2268.0
fra,2006,2156.0
fra,2007,2059.0
fra,2008,1979.0
fra,2009,1931.0
fra,2010,1881.0
fra,2011,1812.0
fra,2012,1731.0
fra,2013,1644.0
fra,2014,1555.0
fra,2015,1470.0
fra,2016,1418.0
fra,2017,1401.0
fra,2018,1396.0
fra,2019,1408.0
fra,2020,1425.0
fra,2021,1446.0
fra,2022,1489.0
fra,2023,1535.0
fra,2024,1549.0
fsm,1991,13.000
fsm,1992,13.000
fsm,1993,13.000
fsm,1994,12.000
fsm,1995,12.000
fsm,1996,12.000
fsm,1997,12.000
fsm,1998,12.000
fsm,1999,12.000
fsm,2000,12.000
fsm,2001,12.000
fsm,2002,12.000
fsm,2003,13.000
fsm,2004,13.000
fsm,2005,13.000
fsm,2006,13.000
fsm,2007,12.000
fsm,2008,12.000
fsm,2009,12.000
fsm,2010,11.000
fsm,2011,11.000
fsm,2012,11.000
fsm,2013,11.000
fsm,2014,12.000
fsm,2015,12.000
fsm,2016,12.000
fsm,2017,12.000
fsm,2018,11.000
fsm,2019,11.000
fsm,2020,11.000
fsm,2021,11.000
fsm,2022,11.000
fsm,2023,11.000
fsm,2024,10.000
gab,1991,89.000
gab,1992,105.00
gab,1993,117.00
gab,1994,131.00
gab,1995,140.00
gab,1996,148.00
gab,1997,155.00
gab,1998,159.00
gab,1999,164.00
gab,2000,168.00
gab,2001,171.00
gab,2002,171.00
gab,2003,173.00
gab,2004,173.00
gab,2005,173.00
gab,2006,170.00
gab,2007,166.00
gab,2008,162.00
gab,2009,157.00
gab,2010,149.00
gab,2011,140.00
gab,2012,128.00
gab,2013,110.00
gab,2014,93.000
gab,2015,76.000
gab,2016,69.000
gab,2017,62.000
gab,2018,57.000
gab,2019,55.000
gab,2020,51.000
gab,2021,51.000
gab,2022,51.000
gab,2023,50.000
gab,2024,51.000
gbr,1991,2671.0
gbr,1992,2622.0
gbr,1993,2544.0
gbr,1994,2465.0
gbr,1995,2380.0
gbr,1996,2304.0
gbr,1997,2242.0
gbr,1998,2153.0
gbr,1999,2088.0
gbr,2000,2051.0
gbr,2001,2038.0
gbr,2002,2051.0
gbr,2003,2052.0
gbr,2004,2049.0
gbr,2005,2036.0
gbr,2006,2029.0
gbr,2007,2030.0
gbr,2008,1989.0
gbr,2009,1887.0
gbr,2010,1766.0
gbr,2011,1660.0
gbr,2012,1566.0
gbr,2013,1492.0
gbr,2014,1480.0
gbr,2015,1494.0
gbr,2016,1500.0
gbr,2017,1503.0
gbr,2018,1501.0
gbr,2019,1499.0
gbr,2020,1498.0
gbr,2021,1504.0
gbr,2022,1497.0
gbr,2023,1431.0
gbr,2024,1306.0
geo,1991,379.00
geo,1992,318.00
geo,1993,447.00
geo,1994,607.00
geo,1995,357.00
geo,1996,333.00
geo,1997,267.00
geo,1998,219.00
geo,1999,209.00
geo,2000,207.00
geo,2001,209.00
geo,2002,207.00
geo,2003,203.00
geo,2004,204.00
geo,2005,202.00
geo,2006,210.00
geo,2007,221.00
geo,2008,240.00
geo,2009,360.00
geo,2010,273.00
geo,2011,252.00
geo,2012,210.00
geo,2013,185.00
geo,2014,190.00
geo,2015,198.00
geo,2016,204.00
geo,2017,195.00
geo,2018,178.00
geo,2019,163.00
geo,2020,149.00
geo,2021,151.00
geo,2022,153.00
geo,2023,150.00
geo,2024,130.00
gha,1991,1408.0
gha,1992,1591.0
gha,1993,1860.0
gha,1994,2130.0
gha,1995,2324.0
gha,1996,2489.0
gha,1997,2605.0
gha,1998,2722.0
gha,1999,2815.0
gha,2000,2877.0
gha,2001,2915.0
gha,2002,2969.0
gha,2003,2967.0
gha,2004,2957.0
gha,2005,2914.0
gha,2006,2834.0
gha,2007,2781.0
gha,2008,2697.0
gha,2009,2524.0
gha,2010,2357.0
gha,2011,2125.0
gha,2012,1864.0
gha,2013,1562.0
gha,2014,1283.0
gha,2015,1087.0
gha,2016,969.00
gha,2017,891.00
gha,2018,836.00
gha,2019,819.00
gha,2020,834.00
gha,2021,828.00
gha,2022,816.00
gha,2023,808.00
gha,2024,795.00
gin,1991,801.00
gin,1992,941.00
gin,1993,1063.0
gin,1994,1184.0
gin,1995,1286.0
gin,1996,1376.0
gin,1997,1468.0
gin,1998,1525.0
gin,1999,1583.0
gin,2000,1646.0
gin,2001,1686.0
gin,2002,1706.0
gin,2003,1731.0
gin,2004,1775.0
gin,2005,1819.0
gin,2006,1855.0
gin,2007,1895.0
gin,2008,1947.0
gin,2009,2012.0
gin,2010,2051.0
gin,2011,2088.0
gin,2012,2119.0
gin,2013,2099.0
gin,2014,2012.0
gin,2015,1900.0
gin,2016,1778.0
gin,2017,1708.0
gin,2018,1635.0
gin,2019,1585.0
gin,2020,1537.0
gin,2021,1463.0
gin,2022,1420.0
gin,2023,1391.0
gin,2024,1340.0
gmb,1991,325.00
gmb,1992,332.00
gmb,1993,338.00
gmb,1994,339.00
gmb,1995,335.00
gmb,1996,330.00
gmb,1997,324.00
gmb,1998,318.00
gmb,1999,315.00
gmb,2000,314.00
gmb,2001,315.00
gmb,2002,318.00
gmb,2003,323.00
gmb,2004,329.00
gmb,2005,336.00
gmb,2006,343.00
gmb,2007,349.00
gmb,2008,356.00
gmb,2009,363.00
gmb,2010,369.00
gmb,2011,374.00
gmb,2012,380.00
gmb,2013,386.00
gmb,2014,391.00
gmb,2015,395.00
gmb,2016,397.00
gmb,2017,398.00
gmb,2018,398.00
gmb,2019,397.00
gmb,2020,396.00
gmb,2021,394.00
gmb,2022,393.00
gmb,2023,392.00
gmb,2024,392.00
gnb,1991,301.00
gnb,1992,312.00
gnb,1993,327.00
gnb,1994,344.00
gnb,1995,360.00
gnb,1996,372.00
gnb,1997,381.00
gnb,1998,433.00
gnb,1999,585.00
gnb,2000,525.00
gnb,2001,388.00
gnb,2002,389.00
gnb,2003,392.00
gnb,2004,395.00
gnb,2005,400.00
gnb,2006,401.00
gnb,2007,401.00
gnb,2008,399.00
gnb,2009,397.00
gnb,2010,395.00
gnb,2011,392.00
gnb,2012,388.00
gnb,2013,387.00
gnb,2014,386.00
gnb,2015,387.00
gnb,2016,388.00
gnb,2017,390.00
gnb,2018,393.00
gnb,2019,394.00
gnb,2020,396.00
gnb,2021,398.00
gnb,2022,401.00
gnb,2023,403.00
gnb,2024,405.00
gnq,1991,143.00
gnq,1992,144.00
gnq,1993,146.00
gnq,1994,149.00
gnq,1995,152.00
gnq,1996,155.00
gnq,1997,159.00
gnq,1998,163.00
gnq,1999,168.00
gnq,2000,172.00
gnq,2001,179.00
gnq,2002,190.00
gnq,2003,201.00
gnq,2004,213.00
gnq,2005,228.00
gnq,2006,243.00
gnq,2007,259.00
gnq,2008,274.00
gnq,2009,289.00
gnq,2010,301.00
gnq,2011,309.00
gnq,2012,312.00
gnq,2013,311.00
gnq,2014,308.00
gnq,2015,305.00
gnq,2016,301.00
gnq,2017,298.00
gnq,2018,297.00
gnq,2019,296.00
gnq,2020,295.00
gnq,2021,291.00
gnq,2022,288.00
gnq,2023,287.00
gnq,2024,288.00
grc,1991,611.00
grc,1992,607.00
grc,1993,600.00
grc,1994,587.00
grc,1995,576.00
grc,1996,570.00
grc,1997,565.00
grc,1998,564.00
grc,1999,565.00
grc,2000,566.00
grc,2001,565.00
grc,2002,561.00
grc,2003,556.00
grc,2004,548.00
grc,2005,534.00
grc,2006,514.00
grc,2007,488.00
grc,2008,455.00
grc,2009,423.00
grc,2010,395.00
grc,2011,367.00
grc,2012,338.00
grc,2013,309.00
grc,2014,279.00
grc,2015,252.00
grc,2016,231.00
grc,2017,216.00
grc,2018,206.00
grc,2019,198.00
grc,2020,190.00
grc,2021,181.00
grc,2022,165.00
grc,2023,147.00
grc,2024,132.00
grd,1991,7.0000
grd,1992,7.0000
grd,1993,7.0000
grd,1994,7.0000
grd,1995,7.0000
grd,1996,6.0000
grd,1997,6.0000
grd,1998,5.0000
grd,1999,5.0000
grd,2000,5.0000
grd,2001,5.0000
grd,2002,5.0000
grd,2003,5.0000
grd,2004,5.0000
grd,2005,5.0000
grd,2006,6.0000
grd,2007,6.0000
grd,2008,6.0000
grd,2009,6.0000
grd,2010,6.0000
grd,2011,5.0000
grd,2012,5.0000
grd,2013,5.0000
grd,2014,5.0000
grd,2015,4.0000
grd,2016,4.0000
grd,2017,4.0000
grd,2018,3.0000
grd,2019,3.0000
grd,2020,3.0000
grd,2021,2.0000
grd,2022,1.0000
grd,2023,1.0000
grd,2024,1.0000
gtm,1991,1934.0
gtm,1992,2038.0
gtm,1993,2120.0
gtm,1994,2176.0
gtm,1995,2213.0
gtm,1996,2230.0
gtm,1997,2246.0
gtm,1998,2283.0
gtm,1999,2318.0
gtm,2000,2359.0
gtm,2001,2400.0
gtm,2002,2459.0
gtm,2003,2551.0
gtm,2004,2648.0
gtm,2005,2758.0
gtm,2006,2837.0
gtm,2007,2872.0
gtm,2008,2872.0
gtm,2009,2827.0
gtm,2010,2779.0
gtm,2011,2729.0
gtm,2012,2686.0
gtm,2013,2670.0
gtm,2014,2672.0
gtm,2015,2717.0
gtm,2016,2768.0
gtm,2017,2798.0
gtm,2018,2793.0
gtm,2019,2749.0
gtm,2020,2714.0
gtm,2021,2700.0
gtm,2022,2715.0
gtm,2023,2714.0
gtm,2024,2653.0
guy,1991,133.00
guy,1992,127.00
guy,1993,119.00
guy,1994,116.00
guy,1995,125.00
guy,1996,137.00
guy,1997,149.00
guy,1998,155.00
guy,1999,153.00
guy,2000,144.00
guy,2001,130.00
guy,2002,123.00
guy,2003,121.00
guy,2004,121.00
guy,2005,122.00
guy,2006,118.00
guy,2007,111.00
guy,2008,102.00
guy,2009,96.000
guy,2010,100.00
guy,2011,108.00
guy,2012,119.00
guy,2013,129.00
guy,2014,135.00
guy,2015,137.00
guy,2016,132.00
guy,2017,121.00
guy,2018,109.00
guy,2019,106.00
guy,2020,101.00
guy,2021,85.000
guy,2022,72.000
guy,2023,60.000
guy,2024,49.000
hnd,1991,782.00
hnd,1992,791.00
hnd,1993,801.00
hnd,1994,813.00
hnd,1995,825.00
hnd,1996,840.00
hnd,1997,857.00
hnd,1998,875.00
hnd,1999,1277.0
hnd,2000,909.00
hnd,2001,923.00
hnd,2002,932.00
hnd,2003,938.00
hnd,2004,942.00
hnd,2005,944.00
hnd,2006,945.00
hnd,2007,946.00
hnd,2008,948.00
hnd,2009,951.00
hnd,2010,954.00
hnd,2011,957.00
hnd,2012,961.00
hnd,2013,965.00
hnd,2014,969.00
hnd,2015,974.00
hnd,2016,979.00
hnd,2017,982.00
hnd,2018,983.00
hnd,2019,982.00
hnd,2020,981.00
hnd,2021,979.00
hnd,2022,977.00
hnd,2023,972.00
hnd,2024,965.00
hrv,1991,414.00
hrv,1992,739.00
hrv,1993,480.00
hrv,1994,456.00
hrv,1995,464.00
hrv,1996,428.00
hrv,1997,295.00
hrv,1998,254.00
hrv,1999,226.00
hrv,2000,208.00
hrv,2001,197.00
hrv,2002,191.00
hrv,2003,187.00
hrv,2004,202.00
hrv,2005,180.00
hrv,2006,178.00
hrv,2007,174.00
hrv,2008,167.00
hrv,2009,159.00
hrv,2010,148.00
hrv,2011,135.00
hrv,2012,123.00
hrv,2013,112.00
hrv,2014,103.00
hrv,2015,96.000
hrv,2016,90.000
hrv,2017,86.000
hrv,2018,82.000
hrv,2019,81.000
hrv,2020,79.000
hrv,2021,77.000
hrv,2022,73.000
hrv,2023,77.000
hrv,2024,61.000
hti,1991,1462.0
hti,1992,1573.0
hti,1993,1633.0
hti,1994,1677.0
hti,1995,1716.0
hti,1996,1742.0
hti,1997,1765.0
hti,1998,1782.0
hti,1999,1774.0
hti,2000,1756.0
hti,2001,1740.0
hti,2002,1727.0
hti,2003,1714.0
hti,2004,1704.0
hti,2005,1710.0
hti,2006,1712.0
hti,2007,1709.0
hti,2008,1710.0
hti,2009,1703.0
hti,2010,1692.0
hti,2011,5031.0
hti,2012,1621.0
hti,2013,1575.0
hti,2014,1492.0
hti,2015,1395.0
hti,2016,1273.0
hti,2017,1155.0
hti,2018,1053.0
hti,2019,984.00
hti,2020,922.00
hti,2021,891.00
hti,2022,831.00
hti,2023,792.00
hti,2024,885.00
hun,1991,650.00
hun,1992,659.00
hun,1993,643.00
hun,1994,608.00
hun,1995,574.00
hun,1996,557.00
hun,1997,546.00
hun,1998,536.00
hun,1999,531.00
hun,2000,515.00
hun,2001,486.00
hun,2002,455.00
hun,2003,424.00
hun,2004,395.00
hun,2005,368.00
hun,2006,350.00
hun,2007,335.00
hun,2008,320.00
hun,2009,305.00
hun,2010,291.00
hun,2011,277.00
hun,2012,259.00
hun,2013,246.00
hun,2014,239.00
hun,2015,234.00
hun,2016,230.00
hun,2017,225.00
hun,2018,220.00
hun,2019,217.00
hun,2020,214.00
hun,2021,209.00
hun,2022,205.00
hun,2023,199.00
hun,2024,186.00
idn,1991,12685
idn,1992,12870
idn,1993,13033
idn,1994,13152
idn,1995,13157
idn,1996,13221
idn,1997,13509
idn,1998,14105
idn,1999,14611
idn,2000,14989
idn,2001,15293
idn,2002,15393
idn,2003,15548
idn,2004,15433
idn,2005,21658
idn,2006,15011
idn,2007,14416
idn,2008,13785
idn,2009,13005
idn,2010,12022
idn,2011,10859
idn,2012,9900.0
idn,2013,9028.0
idn,2014,8047.0
idn,2015,7611.0
idn,2016,7182.0
idn,2017,6736.0
idn,2018,6383.0
idn,2019,6148.0
idn,2020,5811.0
idn,2021,5444.0
idn,2022,5181.0
idn,2023,5024.0
idn,2024,4848.0
ind,1991,177900
ind,1992,180020
ind,1993,182400
ind,1994,184500
ind,1995,187060
ind,1996,190190
ind,1997,192850
ind,1998,195460
ind,1999,196880
ind,2000,198270
ind,2001,199510
ind,2002,200290
ind,2003,201040
ind,2004,201630
ind,2005,201780
ind,2006,200950
ind,2007,199100
ind,2008,196420
ind,2009,192630
ind,2010,187740
ind,2011,182040
ind,2012,175360
ind,2013,168130
ind,2014,160560
ind,2015,152440
ind,2016,144860
ind,2017,138000
ind,2018,130990
ind,2019,123760
ind,2020,115560
ind,2021,106900
ind,2022,99274
ind,2023,92214
ind,2024,84033
irl,1991,181.00
irl,1992,185.00
irl,1993,192.00
irl,1994,201.00
irl,1995,210.00
irl,1996,221.00
irl,1997,231.00
irl,1998,240.00
irl,1999,244.00
irl,2000,245.00
irl,2001,241.00
irl,2002,236.00
irl,2003,230.00
irl,2004,224.00
irl,2005,218.00
irl,2006,215.00
irl,2007,217.00
irl,2008,218.00
irl,2009,209.00
irl,2010,191.00
irl,2011,169.00
irl,2012,149.00
irl,2013,135.00
irl,2014,123.00
irl,2015,113.00
irl,2016,104.00
irl,2017,96.000
irl,2018,91.000
irl,2019,89.000
irl,2020,88.000
irl,2021,87.000
irl,2022,87.000
irl,2023,85.000
irl,2024,80.000
irn,1991,4590.0
irn,1992,3711.0
irn,1993,3595.0
irn,1994,3435.0
irn,1995,3368.0
irn,1996,3482.0
irn,1997,3717.0
irn,1998,4121.0
irn,1999,4644.0
irn,2000,5295.0
irn,2001,6096.0
irn,2002,7050.0
irn,2003,8048.0
irn,2004,10880
irn,2005,10327
irn,2006,11520
irn,2007,12634
irn,2008,13636
irn,2009,14109
irn,2010,13905
irn,2011,13111
irn,2012,11913
irn,2013,10593
irn,2014,9345.0
irn,2015,8409.0
irn,2016,7733.0
irn,2017,7268.0
irn,2018,6874.0
irn,2019,6397.0
irn,2020,5775.0
irn,2021,5081.0
irn,2022,4493.0
irn,2023,4063.0
irn,2024,3722.0
irq,1991,6779.0
irq,1992,4422.0
irq,1993,1571.0
irq,1994,1646.0
irq,1995,1719.0
irq,1996,1768.0
irq,1997,1810.0
irq,1998,1847.0
irq,1999,1882.0
irq,2000,1917.0
irq,2001,1952.0
irq,2002,1985.0
irq,2003,2021.0
irq,2004,4518.0
irq,2005,5741.0
irq,2006,5974.0
irq,2007,8282.0
irq,2008,7889.0
irq,2009,4504.0
irq,2010,2145.0
irq,2011,2202.0
irq,2012,2271.0
irq,2013,2368.0
irq,2014,2903.0
irq,2015,2542.0
irq,2016,2584.0
irq,2017,6917.0
irq,2018,5256.0
irq,2019,2657.0
irq,2020,3101.0
irq,2021,2711.0
irq,2022,2741.0
irq,2023,2763.0
irq,2024,2782.0
isl,1991,11.000
isl,1992,10.000
isl,1993,10.000
isl,1994,10.000
isl,1995,10.000
isl,1996,10.000
isl,1997,10.000
isl,1998,10.000
isl,1999,10.000
isl,2000,10.000
isl,2001,10.000
isl,2002,10.000
isl,2003,10.000
isl,2004,10.000
isl,2005,9.0000
isl,2006,9.0000
isl,2007,9.0000
isl,2008,8.0000
isl,2009,8.0000
isl,2010,8.0000
isl,2011,7.0000
isl,2012,7.0000
isl,2013,7.0000
isl,2014,7.0000
isl,2015,6.0000
isl,2016,6.0000
isl,2017,6.0000
isl,2018,6.0000
isl,2019,5.0000
isl,2020,5.0000
isl,2021,4.0000
isl,2022,3.0000
isl,2023,3.0000
isl,2024,3.0000
isr,1991,203.00
isr,1992,214.00
isr,1993,226.00
isr,1994,242.00
isr,1995,258.00
isr,1996,277.00
isr,1997,287.00
isr,1998,288.00
isr,1999,275.00
isr,2000,264.00
isr,2001,290.00
isr,2002,328.00
isr,2003,336.00
isr,2004,320.00
isr,2005,280.00
isr,2006,257.00
isr,2007,248.00
isr,2008,239.00
isr,2009,229.00
isr,2010,213.00
isr,2011,198.00
isr,2012,184.00
isr,2013,179.00
isr,2014,186.00
isr,2015,192.00
isr,2016,195.00
isr,2017,194.00
isr,2018,190.00
isr,2019,189.00
isr,2020,187.00
isr,2021,191.00
isr,2022,197.00
isr,2023,208.00
isr,2024,215.00
ita,1991,3164.0
ita,1992,3189.0
ita,1993,3154.0
ita,1994,3033.0
ita,1995,2864.0
ita,1996,2739.0
ita,1997,2625.0
ita,1998,2495.0
ita,1999,2365.0
ita,2000,2214.0
ita,2001,2076.0
ita,2002,1952.0
ita,2003,1834.0
ita,2004,1737.0
ita,2005,1638.0
ita,2006,1545.0
ita,2007,1448.0
ita,2008,1358.0
ita,2009,1297.0
ita,2010,1240.0
ita,2011,1188.0
ita,2012,1139.0
ita,2013,1091.0
ita,2014,1038.0
ita,2015,977.00
ita,2016,934.00
ita,2017,897.00
ita,2018,860.00
ita,2019,823.00
ita,2020,785.00
ita,2021,769.00
ita,2022,772.00
ita,2023,782.00
ita,2024,778.00
jam,1991,286.00
jam,1992,281.00
jam,1993,278.00
jam,1994,275.00
jam,1995,273.00
jam,1996,271.00
jam,1997,268.00
jam,1998,264.00
jam,1999,260.00
jam,2000,257.00
jam,2001,255.00
jam,2002,254.00
jam,2003,256.00
jam,2004,259.00
jam,2005,263.00
jam,2006,267.00
jam,2007,270.00
jam,2008,271.00
jam,2009,271.00
jam,2010,270.00
jam,2011,270.00
jam,2012,272.00
jam,2013,276.00
jam,2014,280.00
jam,2015,283.00
jam,2016,285.00
jam,2017,285.00
jam,2018,282.00
jam,2019,277.00
jam,2020,271.00
jam,2021,264.00
jam,2022,258.00
jam,2023,282.00
jam,2024,276.00
jor,1991,283.00
jor,1992,314.00
jor,1993,330.00
jor,1994,344.00
jor,1995,354.00
jor,1996,359.00
jor,1997,358.00
jor,1998,353.00
jor,1999,346.00
jor,2000,340.00
jor,2001,336.00
jor,2002,334.00
jor,2003,334.00
jor,2004,337.00
jor,2005,343.00
jor,2006,350.00
jor,2007,373.00
jor,2008,395.00
jor,2009,402.00
jor,2010,408.00
jor,2011,413.00
jor,2012,422.00
jor,2013,430.00
jor,2014,462.00
jor,2015,520.00
jor,2016,567.00
jor,2017,588.00
jor,2018,590.00
jor,2019,585.00
jor,2020,575.00
jor,2021,563.00
jor,2022,555.00
jor,2023,547.00
jor,2024,544.00
jpn,1991,4503.0
jpn,1992,4665.0
jpn,1993,4778.0
jpn,1994,4805.0
jpn,1995,4816.0
jpn,1996,4776.0
jpn,1997,4669.0
jpn,1998,4505.0
jpn,1999,4300.0
jpn,2000,4056.0
jpn,2001,3826.0
jpn,2002,3616.0
jpn,2003,3433.0
jpn,2004,3294.0
jpn,2005,3184.0
jpn,2006,3099.0
jpn,2007,3025.0
jpn,2008,2956.0
jpn,2009,2871.0
jpn,2010,2754.0
jpn,2011,2628.0
jpn,2012,2948.0
jpn,2013,2387.0
jpn,2014,2272.0
jpn,2015,2173.0
jpn,2016,2096.0
jpn,2017,2037.0
jpn,2018,2009.0
jpn,2019,2019.0
jpn,2020,2043.0
jpn,2021,2082.0
jpn,2022,2124.0
jpn,2023,2156.0
jpn,2024,2160.0
kaz,1991,2310.0
kaz,1992,2438.0
kaz,1993,2606.0
kaz,1994,2815.0
kaz,1995,2996.0
kaz,1996,3132.0
kaz,1997,3199.0
kaz,1998,3170.0
kaz,1999,3084.0
kaz,2000,2989.0
kaz,2001,2942.0
kaz,2002,2913.0
kaz,2003,2914.0
kaz,2004,2974.0
kaz,2005,3057.0
kaz,2006,3161.0
kaz,2007,3210.0
kaz,2008,3146.0
kaz,2009,2971.0
kaz,2010,2715.0
kaz,2011,2462.0
kaz,2012,2218.0
kaz,2013,1979.0
kaz,2014,1763.0
kaz,2015,1567.0
kaz,2016,1408.0
kaz,2017,1274.0
kaz,2018,1167.0
kaz,2019,1095.0
kaz,2020,1040.0
kaz,2021,989.00
kaz,2022,939.00
kaz,2023,900.00
kaz,2024,858.00
ken,1991,4006.0
ken,1992,4542.0
ken,1993,5061.0
ken,1994,5584.0
ken,1995,6022.0
ken,1996,6431.0
ken,1997,6793.0
ken,1998,7075.0
ken,1999,7328.0
ken,2000,7593.0
ken,2001,7823.0
ken,2002,8014.0
ken,2003,8164.0
ken,2004,8295.0
ken,2005,8328.0
ken,2006,8280.0
ken,2007,8163.0
ken,2008,7969.0
ken,2009,7750.0
ken,2010,7380.0
ken,2011,6849.0
ken,2012,6186.0
ken,2013,5452.0
ken,2014,4668.0
ken,2015,4004.0
ken,2016,3551.0
ken,2017,3296.0
ken,2018,3152.0
ken,2019,2960.0
ken,2020,2859.0
ken,2021,2877.0
ken,2022,2889.0
ken,2023,2873.0
ken,2024,2865.0
kgz,1991,523.00
kgz,1992,539.00
kgz,1993,559.00
kgz,1994,569.00
kgz,1995,574.00
kgz,1996,592.00
kgz,1997,611.00
kgz,1998,620.00
kgz,1999,622.00
kgz,2000,615.00
kgz,2001,604.00
kgz,2002,590.00
kgz,2003,577.00
kgz,2004,566.00
kgz,2005,559.00
kgz,2006,563.00
kgz,2007,571.00
kgz,2008,582.00
kgz,2009,593.00
kgz,2010,598.00
kgz,2011,590.00
kgz,2012,563.00
kgz,2013,527.00
kgz,2014,496.00
kgz,2015,470.00
kgz,2016,450.00
kgz,2017,437.00
kgz,2018,428.00
kgz,2019,419.00
kgz,2020,400.00
kgz,2021,377.00
kgz,2022,358.00
kgz,2023,341.00
kgz,2024,320.00
khm,1991,1649.0
khm,1992,1792.0
khm,1993,1921.0
khm,1994,2007.0
khm,1995,1967.0
khm,1996,1853.0
khm,1997,1734.0
khm,1998,1699.0
khm,1999,1695.0
khm,2000,1679.0
khm,2001,1689.0
khm,2002,1704.0
khm,2003,1694.0
khm,2004,1655.0
khm,2005,1610.0
khm,2006,1566.0
khm,2007,1496.0
khm,2008,1442.0
khm,2009,1396.0
khm,2010,1347.0
khm,2011,1301.0
khm,2012,1241.0
khm,2013,1177.0
khm,2014,1098.0
khm,2015,1009.0
khm,2016,905.00
khm,2017,794.00
khm,2018,663.00
khm,2019,526.00
khm,2020,419.00
khm,2021,334.00
khm,2022,282.00
khm,2023,251.00
khm,2024,234.00
kir,1991,14.000
kir,1992,13.000
kir,1993,13.000
kir,1994,12.000
kir,1995,12.000
kir,1996,11.000
kir,1997,11.000
kir,1998,11.000
kir,1999,11.000
kir,2000,11.000
kir,2001,11.000
kir,2002,12.000
kir,2003,12.000
kir,2004,13.000
kir,2005,13.000
kir,2006,14.000
kir,2007,14.000
kir,2008,15.000
kir,2009,15.000
kir,2010,15.000
kir,2011,16.000
kir,2012,16.000
kir,2013,16.000
kir,2014,16.000
kir,2015,17.000
kir,2016,17.000
kir,2017,17.000
kir,2018,18.000
kir,2019,18.000
kir,2020,18.000
kir,2021,18.000
kir,2022,17.000
kir,2023,17.000
kir,2024,16.000
kna,1991,1.0000
kna,1992,1.0000
kna,1993,1.0000
kna,1994,1.0000
kna,1995,2.0000
kna,1996,3.0000
kna,1997,3.0000
kna,1998,3.0000
kna,1999,4.0000
kna,2000,4.0000
kna,2001,4.0000
kna,2002,4.0000
kna,2003,4.0000
kna,2004,4.0000
kna,2005,4.0000
kna,2006,4.0000
kna,2007,5.0000
kna,2008,5.0000
kna,2009,5.0000
kna,2010,5.0000
kna,2011,6.0000
kna,2012,6.0000
kna,2013,6.0000
kna,2014,6.0000
kna,2015,5.0000
kna,2016,5.0000
kna,2017,4.0000
kna,2018,4.0000
kna,2019,4.0000
kna,2020,4.0000
kna,2021,3.0000
kna,2022,3.0000
kna,2023,3.0000
kna,2024,3.0000
kor,1991,4334.0
kor,1992,4232.0
kor,1993,4113.0
kor,1994,3977.0
kor,1995,3938.0
kor,1996,3901.0
kor,1997,3687.0
kor,1998,3326.0
kor,1999,2906.0
kor,2000,2568.0
kor,2001,2336.0
kor,2002,2178.0
kor,2003,2065.0
kor,2004,1946.0
kor,2005,1832.0
kor,2006,1711.0
kor,2007,1616.0
kor,2008,1568.0
kor,2009,1517.0
kor,2010,1456.0
kor,2011,1374.0
kor,2012,1288.0
kor,2013,1225.0
kor,2014,1166.0
kor,2015,1127.0
kor,2016,1098.0
kor,2017,1080.0
kor,2018,1081.0
kor,2019,1082.0
kor,2020,1091.0
kor,2021,1099.0
kor,2022,1094.0
kor,2023,1043.0
kor,2024,945.00
kwt,1991,205.00
kwt,1992,194.00
kwt,1993,72.000
kwt,1994,83.000
kwt,1995,88.000
kwt,1996,88.000
kwt,1997,91.000
kwt,1998,98.000
kwt,1999,107.00
kwt,2000,116.00
kwt,2001,121.00
kwt,2002,122.00
kwt,2003,119.00
kwt,2004,114.00
kwt,2005,107.00
kwt,2006,103.00
kwt,2007,107.00
kwt,2008,112.00
kwt,2009,115.00
kwt,2010,115.00
kwt,2011,113.00
kwt,2012,104.00
kwt,2013,95.000
kwt,2014,91.000
kwt,2015,91.000
kwt,2016,94.000
kwt,2017,101.00
kwt,2018,107.00
kwt,2019,110.00
kwt,2020,109.00
kwt,2021,104.00
kwt,2022,98.000
kwt,2023,94.000
kwt,2024,84.000
lao,1991,159.00
lao,1992,182.00
lao,1993,192.00
lao,1994,212.00
lao,1995,243.00
lao,1996,267.00
lao,1997,291.00
lao,1998,318.00
lao,1999,313.00
lao,2000,331.00
lao,2001,360.00
lao,2002,360.00
lao,2003,370.00
lao,2004,384.00
lao,2005,389.00
lao,2006,405.00
lao,2007,405.00
lao,2008,402.00
lao,2009,409.00
lao,2010,414.00
lao,2011,430.00
lao,2012,421.00
lao,2013,397.00
lao,2014,380.00
lao,2015,346.00
lao,2016,300.00
lao,2017,263.00
lao,2018,255.00
lao,2019,248.00
lao,2020,235.00
lao,2021,225.00
lao,2022,220.00
lao,2023,215.00
lao,2024,216.00
lbn,1991,1498.0
lbn,1992,258.00
lbn,1993,257.00
lbn,1994,256.00
lbn,1995,254.00
lbn,1996,253.00
lbn,1997,251.00
lbn,1998,251.00
lbn,1999,251.00
lbn,2000,251.00
lbn,2001,253.00
lbn,2002,254.00
lbn,2003,254.00
lbn,2004,254.00
lbn,2005,254.00
lbn,2006,254.00
lbn,2007,445.00
lbn,2008,254.00
lbn,2009,254.00
lbn,2010,255.00
lbn,2011,255.00
lbn,2012,255.00
lbn,2013,258.00
lbn,2014,279.00
lbn,2015,302.00
lbn,2016,297.00
lbn,2017,279.00
lbn,2018,267.00
lbn,2019,261.00
lbn,2020,261.00
lbn,2021,266.00
lbn,2022,274.00
lbn,2023,283.00
lbn,2024,291.00
lbr,1991,1647.0
lbr,1992,345.00
lbr,1993,525.00
lbr,1994,574.00
lbr,1995,686.00
lbr,1996,614.00
lbr,1997,702.00
lbr,1998,559.00
lbr,1999,642.00
lbr,2000,698.00
lbr,2001,735.00
lbr,2002,763.00
lbr,2003,781.00
lbr,2004,1069.0
lbr,2005,770.00
lbr,2006,786.00
lbr,2007,803.00
lbr,2008,811.00
lbr,2009,816.00
lbr,2010,809.00
lbr,2011,790.00
lbr,2012,785.00
lbr,2013,772.00
lbr,2014,731.00
lbr,2015,698.00
lbr,2016,734.00
lbr,2017,619.00
lbr,2018,577.00
lbr,2019,533.00
lbr,2020,492.00
lbr,2021,474.00
lbr,2022,467.00
lbr,2023,452.00
lbr,2024,438.00
lby,1991,348.00
lby,1992,356.00
lby,1993,365.00
lby,1994,374.00
lby,1995,384.00
lby,1996,392.00
lby,1997,400.00
lby,1998,407.00
lby,1999,415.00
lby,2000,422.00
lby,2001,431.00
lby,2002,441.00
lby,2003,446.00
lby,2004,446.00
lby,2005,440.00
lby,2006,433.00
lby,2007,424.00
lby,2008,412.00
lby,2009,402.00
lby,2010,394.00
lby,2011,385.00
lby,2012,929.00
lby,2013,378.00
lby,2014,346.00
lby,2015,703.00
lby,2016,646.00
lby,2017,668.00
lby,2018,471.00
lby,2019,422.00
lby,2020,528.00
lby,2021,450.00
lby,2022,289.00
lby,2023,291.00
lby,2024,600.00
lca,1991,14.000
lca,1992,14.000
lca,1993,15.000
lca,1994,15.000
lca,1995,15.000
lca,1996,15.000
lca,1997,16.000
lca,1998,16.000
lca,1999,16.000
lca,2000,16.000
lca,2001,16.000
lca,2002,16.000
lca,2003,16.000
lca,2004,16.000
lca,2005,17.000
lca,2006,17.000
lca,2007,17.000
lca,2008,16.000
lca,2009,15.000
lca,2010,15.000
lca,2011,14.000
lca,2012,14.000
lca,2013,14.000
lca,2014,15.000
lca,2015,15.000
lca,2016,15.000
lca,2017,16.000
lca,2018,16.000
lca,2019,17.000
lca,2020,17.000
lca,2021,17.000
lca,2022,16.000
lca,2023,15.000
lca,2024,14.000
lka,1991,5018.0
lka,1992,5213.0
lka,1993,4677.0
lka,1994,3761.0
lka,1995,3641.0
lka,1996,4434.0
lka,1997,4079.0
lka,1998,4124.0
lka,1999,4119.0
lka,2000,4035.0
lka,2001,4052.0
lka,2002,3119.0
lka,2003,2841.0
lka,2004,2535.0
lka,2005,4226.0
lka,2006,2126.0
lka,2007,2827.0
lka,2008,2952.0
lka,2009,4120.0
lka,2010,4865.0
lka,2011,2352.0
lka,2012,2096.0
lka,2013,1746.0
lka,2014,1425.0
lka,2015,1161.0
lka,2016,953.00
lka,2017,801.00
lka,2018,685.00
lka,2019,600.00
lka,2020,537.00
lka,2021,487.00
lka,2022,454.00
lka,2023,425.00
lka,2024,401.00
lso,1991,116.00
lso,1992,157.00
lso,1993,229.00
lso,1994,314.00
lso,1995,406.00
lso,1996,500.00
lso,1997,595.00
lso,1998,677.00
lso,1999,761.00
lso,2000,839.00
lso,2001,906.00
lso,2002,960.00
lso,2003,1001.0
lso,2004,1020.0
lso,2005,1024.0
lso,2006,1008.0
lso,2007,986.00
lso,2008,973.00
lso,2009,951.00
lso,2010,915.00
lso,2011,867.00
lso,2012,802.00
lso,2013,735.00
lso,2014,659.00
lso,2015,582.00
lso,2016,504.00
lso,2017,428.00
lso,2018,361.00
lso,2019,296.00
lso,2020,233.00
lso,2021,178.00
lso,2022,134.00
lso,2023,98.000
lso,2024,77.000
ltu,1991,385.00
ltu,1992,413.00
ltu,1993,436.00
ltu,1994,453.00
ltu,1995,454.00
ltu,1996,441.00
ltu,1997,420.00
ltu,1998,397.00
ltu,1999,378.00
ltu,2000,364.00
ltu,2001,354.00
ltu,2002,343.00
ltu,2003,334.00
ltu,2004,330.00
ltu,2005,324.00
ltu,2006,316.00
ltu,2007,308.00
ltu,2008,301.00
ltu,2009,288.00
ltu,2010,268.00
ltu,2011,244.00
ltu,2012,221.00
ltu,2013,206.00
ltu,2014,192.00
ltu,2015,177.00
ltu,2016,159.00
ltu,2017,139.00
ltu,2018,120.00
ltu,2019,106.00
ltu,2020,98.000
ltu,2021,91.000
ltu,2022,85.000
ltu,2023,80.000
ltu,2024,75.000
lux,1991,25.000
lux,1992,25.000
lux,1993,24.000
lux,1994,23.000
lux,1995,22.000
lux,1996,20.000
lux,1997,19.000
lux,1998,17.000
lux,1999,15.000
lux,2000,14.000
lux,2001,14.000
lux,2002,13.000
lux,2003,12.000
lux,2004,12.000
lux,2005,12.000
lux,2006,11.000
lux,2007,11.000
lux,2008,10.000
lux,2009,10.000
lux,2010,9.0000
lux,2011,9.0000
lux,2012,8.0000
lux,2013,8.0000
lux,2014,7.0000
lux,2015,7.0000
lux,2016,7.0000
lux,2017,6.0000
lux,2018,6.0000
lux,2019,6.0000
lux,2020,5.0000
lux,2021,5.0000
lux,2022,4.0000
lux,2023,3.0000
lux,2024,3.0000
lva,1991,287.00
lva,1992,306.00
lva,1993,319.00
lva,1994,323.00
lva,1995,320.00
lva,1996,310.00
lva,1997,293.00
lva,1998,275.00
lva,1999,263.00
lva,2000,251.00
lva,2001,238.00
lva,2002,224.00
lva,2003,212.00
lva,2004,203.00
lva,2005,194.00
lva,2006,185.00
lva,2007,176.00
lva,2008,168.00
lva,2009,156.00
lva,2010,140.00
lva,2011,125.00
lva,2012,112.00
lva,2013,102.00
lva,2014,94.000
lva,2015,86.000
lva,2016,79.000
lva,2017,72.000
lva,2018,65.000
lva,2019,59.000
lva,2020,54.000
lva,2021,51.000
lva,2022,49.000
lva,2023,47.000
lva,2024,44.000
mar,1991,1935.0
mar,1992,1932.0
mar,1993,1919.0
mar,1994,1911.0
mar,1995,1890.0
mar,1996,1859.0
mar,1997,1815.0
mar,1998,1760.0
mar,1999,1691.0
mar,2000,1614.0
mar,2001,1523.0
mar,2002,1415.0
mar,2003,1340.0
mar,2004,1258.0
mar,2005,1198.0
mar,2006,1140.0
mar,2007,1080.0
mar,2008,1010.0
mar,2009,930.00
mar,2010,819.00
mar,2011,727.00
mar,2012,657.00
mar,2013,618.00
mar,2014,576.00
mar,2015,553.00
mar,2016,502.00
mar,2017,482.00
mar,2018,462.00
mar,2019,446.00
mar,2020,415.00
mar,2021,391.00
mar,2022,382.00
mar,2023,364.00
mar,2024,369.00
mco,1991,1.0000
mco,1992,1.0000
mco,1993,1.0000
mco,1994,1.0000
mco,1995,1.0000
mco,1996,1.0000
mco,1997,1.0000
mco,1998,1.0000
mco,1999,0.0000
mco,2000,0.0000
mco,2001,0.0000
mco,2002,0.0000
mco,2003,0.0000
mco,2004,0.0000
mco,2005,0.0000
mco,2006,0.0000
mco,2007,0.0000
mco,2008,0.0000
mco,2009,0.0000
mco,2010,0.0000
mco,2011,0.0000
mco,2012,0.0000
mco,2013,0.0000
mco,2014,0.0000
mco,2015,0.0000
mco,2016,0.0000
mco,2017,0.0000
mco,2018,0.0000
mco,2019,0.0000
mco,2020,0.0000
mco,2021,0.0000
mco,2022,0.0000
mco,2023,0.0000
mco,2024,0.0000
mda,1991,461.00
mda,1992,446.00
mda,1993,536.00
mda,1994,440.00
mda,1995,435.00
mda,1996,428.00
mda,1997,416.00
mda,1998,397.00
mda,1999,380.00
mda,2000,364.00
mda,2001,349.00
mda,2002,334.00
mda,2003,323.00
mda,2004,316.00
mda,2005,313.00
mda,2006,312.00
mda,2007,309.00
mda,2008,304.00
mda,2009,295.00
mda,2010,281.00
mda,2011,264.00
mda,2012,243.00
mda,2013,226.00
mda,2014,213.00
mda,2015,200.00
mda,2016,187.00
mda,2017,173.00
mda,2018,159.00
mda,2019,145.00
mda,2020,132.00
mda,2021,122.00
mda,2022,114.00
mda,2023,111.00
mda,2024,111.00
mdg,1991,2393.0
mdg,1992,2533.0
mdg,1993,2660.0
mdg,1994,2767.0
mdg,1995,2853.0
mdg,1996,2906.0
mdg,1997,2948.0
mdg,1998,2970.0
mdg,1999,2983.0
mdg,2000,2987.0
mdg,2001,2993.0
mdg,2002,2984.0
mdg,2003,2957.0
mdg,2004,2898.0
mdg,2005,2837.0
mdg,2006,2761.0
mdg,2007,2682.0
mdg,2008,2605.0
mdg,2009,2534.0
mdg,2010,2479.0
mdg,2011,2424.0
mdg,2012,2345.0
mdg,2013,2302.0
mdg,2014,2231.0
mdg,2015,2159.0
mdg,2016,2067.0
mdg,2017,1971.0
mdg,2018,1879.0
mdg,2019,1797.0
mdg,2020,1695.0
mdg,2021,1629.0
mdg,2022,1583.0
mdg,2023,1536.0
mdg,2024,1511.0
mdv,1991,22.000
mdv,1992,22.000
mdv,1993,20.000
mdv,1994,19.000
mdv,1995,19.000
mdv,1996,18.000
mdv,1997,17.000
mdv,1998,16.000
mdv,1999,16.000
mdv,2000,15.000
mdv,2001,15.000
mdv,2002,15.000
mdv,2003,15.000
mdv,2004,15.000
mdv,2005,21.000
mdv,2006,17.000
mdv,2007,18.000
mdv,2008,20.000
mdv,2009,22.000
mdv,2010,23.000
mdv,2011,24.000
mdv,2012,24.000
mdv,2013,24.000
mdv,2014,22.000
mdv,2015,20.000
mdv,2016,19.000
mdv,2017,17.000
mdv,2018,16.000
mdv,2019,14.000
mdv,2020,11.000
mdv,2021,9.0000
mdv,2022,6.0000
mdv,2023,4.0000
mdv,2024,3.0000
mex,1991,10686
mex,1992,10860
mex,1993,10971
mex,1994,11022
mex,1995,10947
mex,1996,10982
mex,1997,10960
mex,1998,10737
mex,1999,10422
mex,2000,10005
mex,2001,9716.0
mex,2002,9512.0
mex,2003,9360.0
mex,2004,9293.0
mex,2005,9206.0
mex,2006,9272.0
mex,2007,9457.0
mex,2008,9932.0
mex,2009,10861
mex,2010,11836
mex,2011,12628
mex,2012,12994
mex,2013,12864
mex,2014,12459
mex,2015,11989
mex,2016,12083
mex,2017,12570
mex,2018,13161
mex,2019,13794
mex,2020,14205
mex,2021,14493
mex,2022,14475
mex,2023,14219
mex,2024,13461
mhl,1991,5.0000
mhl,1992,5.0000
mhl,1993,5.0000
mhl,1994,5.0000
mhl,1995,5.0000
mhl,1996,5.0000
mhl,1997,5.0000
mhl,1998,5.0000
mhl,1999,5.0000
mhl,2000,6.0000
mhl,2001,6.0000
mhl,2002,6.0000
mhl,2003,6.0000
mhl,2004,7.0000
mhl,2005,7.0000
mhl,2006,7.0000
mhl,2007,7.0000
mhl,2008,7.0000
mhl,2009,6.0000
mhl,2010,6.0000
mhl,2011,6.0000
mhl,2012,6.0000
mhl,2013,5.0000
mhl,2014,5.0000
mhl,2015,5.0000
mhl,2016,4.0000
mhl,2017,4.0000
mhl,2018,4.0000
mhl,2019,4.0000
mhl,2020,4.0000
mhl,2021,4.0000
mhl,2022,4.0000
mhl,2023,3.0000
mhl,2024,3.0000
mkd,1991,93.000
mkd,1992,97.000
mkd,1993,97.000
mkd,1994,96.000
mkd,1995,91.000
mkd,1996,88.000
mkd,1997,89.000
mkd,1998,90.000
mkd,1999,91.000
mkd,2000,92.000
mkd,2001,91.000
mkd,2002,90.000
mkd,2003,88.000
mkd,2004,84.000
mkd,2005,80.000
mkd,2006,76.000
mkd,2007,73.000
mkd,2008,69.000
mkd,2009,64.000
mkd,2010,60.000
mkd,2011,55.000
mkd,2012,52.000
mkd,2013,49.000
mkd,2014,47.000
mkd,2015,45.000
mkd,2016,44.000
mkd,2017,43.000
mkd,2018,41.000
mkd,2019,40.000
mkd,2020,39.000
mkd,2021,39.000
mkd,2022,39.000
mkd,2023,39.000
mkd,2024,38.000
mli,1991,1626.0
mli,1992,1715.0
mli,1993,1793.0
mli,1994,1882.0
mli,1995,1972.0
mli,1996,2068.0
mli,1997,2156.0
mli,1998,2239.0
mli,1999,2335.0
mli,2000,2429.0
mli,2001,2504.0
mli,2002,2559.0
mli,2003,2609.0
mli,2004,2638.0
mli,2005,2655.0
mli,2006,2640.0
mli,2007,2625.0
mli,2008,2602.0
mli,2009,2584.0
mli,2010,2577.0
mli,2011,2534.0
mli,2012,2501.0
mli,2013,2435.0
mli,2014,2376.0
mli,2015,2305.0
mli,2016,2227.0
mli,2017,2089.0
mli,2018,1929.0
mli,2019,1794.0
mli,2020,1695.0
mli,2021,1623.0
mli,2022,1592.0
mli,2023,1946.0
mli,2024,1908.0
mlt,1991,8.0000
mlt,1992,9.0000
mlt,1993,10.000
mlt,1994,10.000
mlt,1995,10.000
mlt,1996,11.000
mlt,1997,11.000
mlt,1998,11.000
mlt,1999,11.000
mlt,2000,11.000
mlt,2001,11.000
mlt,2002,11.000
mlt,2003,11.000
mlt,2004,11.000
mlt,2005,10.000
mlt,2006,10.000
mlt,2007,10.000
mlt,2008,9.0000
mlt,2009,9.0000
mlt,2010,9.0000
mlt,2011,8.0000
mlt,2012,8.0000
mlt,2013,8.0000
mlt,2014,8.0000
mlt,2015,7.0000
mlt,2016,7.0000
mlt,2017,7.0000
mlt,2018,7.0000
mlt,2019,6.0000
mlt,2020,6.0000
mlt,2021,6.0000
mlt,2022,5.0000
mlt,2023,4.0000
mlt,2024,4.0000
mmr,1991,2014.0
mmr,1992,2177.0
mmr,1993,2380.0
mmr,1994,2356.0
mmr,1995,2354.0
mmr,1996,2332.0
mmr,1997,2412.0
mmr,1998,2581.0
mmr,1999,2650.0
mmr,2000,2732.0
mmr,2001,2905.0
mmr,2002,3007.0
mmr,2003,3259.0
mmr,2004,3457.0
mmr,2005,3770.0
mmr,2006,3951.0
mmr,2007,4086.0
mmr,2008,4195.0
mmr,2009,5544.0
mmr,2010,4108.0
mmr,2011,4003.0
mmr,2012,3889.0
mmr,2013,3735.0
mmr,2014,3451.0
mmr,2015,3001.0
mmr,2016,2566.0
mmr,2017,2239.0
mmr,2018,2034.0
mmr,2019,1873.0
mmr,2020,1777.0
mmr,2021,1674.0
mmr,2022,2179.0
mmr,2023,2583.0
mmr,2024,2287.0
mne,1991,33.000
mne,1992,34.000
mne,1993,34.000
mne,1994,32.000
mne,1995,31.000
mne,1996,30.000
mne,1997,30.000
mne,1998,30.000
mne,1999,30.000
mne,2000,30.000
mne,2001,30.000
mne,2002,30.000
mne,2003,29.000
mne,2004,29.000
mne,2005,28.000
mne,2006,27.000
mne,2007,26.000
mne,2008,24.000
mne,2009,22.000
mne,2010,20.000
mne,2011,18.000
mne,2012,17.000
mne,2013,16.000
mne,2014,15.000
mne,2015,15.000
mne,2016,14.000
mne,2017,14.000
mne,2018,14.000
mne,2019,13.000
mne,2020,13.000
mne,2021,13.000
mne,2022,13.000
mne,2023,13.000
mne,2024,13.000
mng,1991,395.00
mng,1992,452.00
mng,1993,496.00
mng,1994,526.00
mng,1995,544.00
mng,1996,551.00
mng,1997,542.00
mng,1998,516.00
mng,1999,478.00
mng,2000,435.00
mng,2001,396.00
mng,2002,366.00
mng,2003,350.00
mng,2004,349.00
mng,2005,356.00
mng,2006,368.00
mng,2007,381.00
mng,2008,392.00
mng,2009,400.00
mng,2010,402.00
mng,2011,399.00
mng,2012,390.00
mng,2013,371.00
mng,2014,347.00
mng,2015,319.00
mng,2016,293.00
mng,2017,271.00
mng,2018,254.00
mng,2019,241.00
mng,2020,230.00
mng,2021,222.00
mng,2022,215.00
mng,2023,204.00
mng,2024,189.00
moz,1991,2343.0
moz,1992,2582.0
moz,1993,2810.0
moz,1994,3030.0
moz,1995,3362.0
moz,1996,3610.0
moz,1997,3803.0
moz,1998,3942.0
moz,1999,4038.0
moz,2000,4164.0
moz,2001,4302.0
moz,2002,4476.0
moz,2003,4593.0
moz,2004,4668.0
moz,2005,4718.0
moz,2006,4719.0
moz,2007,4736.0
moz,2008,4756.0
moz,2009,4752.0
moz,2010,4706.0
moz,2011,4638.0
moz,2012,4531.0
moz,2013,4442.0
moz,2014,4380.0
moz,2015,4303.0
moz,2016,4246.0
moz,2017,4160.0
moz,2018,4087.0
moz,2019,3984.0
moz,2020,3793.0
moz,2021,3520.0
moz,2022,3165.0
moz,2023,2915.0
moz,2024,2697.0
mrt,1991,152.00
mrt,1992,143.00
mrt,1993,138.00
mrt,1994,137.00
mrt,1995,132.00
mrt,1996,126.00
mrt,1997,122.00
mrt,1998,122.00
mrt,1999,124.00
mrt,2000,129.00
mrt,2001,135.00
mrt,2002,139.00
mrt,2003,143.00
mrt,2004,146.00
mrt,2005,155.00
mrt,2006,164.00
mrt,2007,174.00
mrt,2008,185.00
mrt,2009,197.00
mrt,2010,205.00
mrt,2011,217.00
mrt,2012,228.00
mrt,2013,236.00
mrt,2014,241.00
mrt,2015,241.00
mrt,2016,235.00
mrt,2017,225.00
mrt,2018,212.00
mrt,2019,189.00
mrt,2020,173.00
mrt,2021,162.00
mrt,2022,157.00
mrt,2023,158.00
mrt,2024,168.00
msr,1991,1.0000
msr,1992,1.0000
msr,1993,1.0000
msr,1994,1.0000
msr,1995,1.0000
msr,1996,0.0000
msr,1997,0.0000
msr,1998,0.0000
msr,1999,0.0000
msr,2000,0.0000
msr,2001,0.0000
msr,2002,0.0000
msr,2003,0.0000
msr,2004,0.0000
msr,2005,0.0000
msr,2006,0.0000
msr,2007,0.0000
msr,2008,0.0000
msr,2009,0.0000
msr,2010,0.0000
msr,2011,0.0000
msr,2012,0.0000
msr,2013,0.0000
msr,2014,0.0000
msr,2015,0.0000
msr,2016,0.0000
msr,2017,0.0000
msr,2018,0.0000
msr,2019,0.0000
msr,2020,0.0000
msr,2021,0.0000
msr,2022,0.0000
msr,2023,0.0000
msr,2024,0.0000
mus,1991,93.000
mus,1992,93.000
mus,1993,91.000
mus,1994,89.000
mus,1995,88.000
mus,1996,87.000
mus,1997,87.000
mus,1998,87.000
mus,1999,87.000
mus,2000,86.000
mus,2001,86.000
mus,2002,85.000
mus,2003,84.000
mus,2004,82.000
mus,2005,80.000
mus,2006,78.000
mus,2007,76.000
mus,2008,75.000
mus,2009,75.000
mus,2010,76.000
mus,2011,78.000
mus,2012,80.000
mus,2013,83.000
mus,2014,86.000
mus,2015,88.000
mus,2016,88.000
mus,2017,88.000
mus,2018,87.000
mus,2019,85.000
mus,2020,84.000
mus,2021,82.000
mus,2022,79.000
mus,2023,76.000
mus,2024,71.000
mwi,1991,2585.0
mwi,1992,2871.0
mwi,1993,3161.0
mwi,1994,3410.0
mwi,1995,3567.0
mwi,1996,3733.0
mwi,1997,3935.0
mwi,1998,4134.0
mwi,1999,4313.0
mwi,2000,4484.0
mwi,2001,4643.0
mwi,2002,4759.0
mwi,2003,4773.0
mwi,2004,4721.0
mwi,2005,4612.0
mwi,2006,4455.0
mwi,2007,4276.0
mwi,2008,4103.0
mwi,2009,3948.0
mwi,2010,3781.0
mwi,2011,3610.0
mwi,2012,3440.0
mwi,2013,3272.0
mwi,2014,3106.0
mwi,2015,2903.0
mwi,2016,2703.0
mwi,2017,2483.0
mwi,2018,2202.0
mwi,2019,1965.0
mwi,2020,1746.0
mwi,2021,1614.0
mwi,2022,1531.0
mwi,2023,1488.0
mwi,2024,1456.0
mys,1991,1905.0
mys,1992,1969.0
mys,1993,1941.0
mys,1994,1957.0
mys,1995,2039.0
mys,1996,2097.0
mys,1997,2119.0
mys,1998,2079.0
mys,1999,2002.0
mys,2000,1913.0
mys,2001,1885.0
mys,2002,1961.0
mys,2003,2035.0
mys,2004,2092.0
mys,2005,2127.0
mys,2006,2132.0
mys,2007,2136.0
mys,2008,2130.0
mys,2009,2166.0
mys,2010,2196.0
mys,2011,2190.0
mys,2012,2159.0
mys,2013,2089.0
mys,2014,2057.0
mys,2015,2048.0
mys,2016,2057.0
mys,2017,2072.0
mys,2018,2043.0
mys,2019,1996.0
mys,2020,1900.0
mys,2021,1877.0
mys,2022,1914.0
mys,2023,1871.0
mys,2024,1772.0
nam,1991,308.00
nam,1992,324.00
nam,1993,344.00
nam,1994,364.00
nam,1995,385.00
nam,1996,409.00
nam,1997,436.00
nam,1998,460.00
nam,1999,485.00
nam,2000,504.00
nam,2001,519.00
nam,2002,532.00
nam,2003,537.00
nam,2004,540.00
nam,2005,542.00
nam,2006,543.00
nam,2007,545.00
nam,2008,542.00
nam,2009,543.00
nam,2010,546.00
nam,2011,552.00
nam,2012,565.00
nam,2013,573.00
nam,2014,570.00
nam,2015,559.00
nam,2016,537.00
nam,2017,509.00
nam,2018,476.00
nam,2019,451.00
nam,2020,427.00
nam,2021,404.00
nam,2022,376.00
nam,2023,337.00
nam,2024,300.00
ner,1991,1576.0
ner,1992,1629.0
ner,1993,1718.0
ner,1994,1819.0
ner,1995,1926.0
ner,1996,2053.0
ner,1997,2183.0
ner,1998,2340.0
ner,1999,2496.0
ner,2000,2656.0
ner,2001,2780.0
ner,2002,2870.0
ner,2003,2972.0
ner,2004,3012.0
ner,2005,3029.0
ner,2006,3043.0
ner,2007,3050.0
ner,2008,2986.0
ner,2009,2918.0
ner,2010,2807.0
ner,2011,2637.0
ner,2012,2448.0
ner,2013,2325.0
ner,2014,2214.0
ner,2015,2138.0
ner,2016,2087.0
ner,2017,2030.0
ner,2018,2019.0
ner,2019,2026.0
ner,2020,2039.0
ner,2021,2068.0
ner,2022,2102.0
ner,2023,2127.0
ner,2024,2126.0
nga,1991,13729
nga,1992,14662
nga,1993,15941
nga,1994,17341
nga,1995,18722
nga,1996,20329
nga,1997,22083
nga,1998,23601
nga,1999,25038
nga,2000,26389
nga,2001,27457
nga,2002,28064
nga,2003,28780
nga,2004,29369
nga,2005,29739
nga,2006,29901
nga,2007,29960
nga,2008,29894
nga,2009,29615
nga,2010,29250
nga,2011,28671
nga,2012,28018
nga,2013,27331
nga,2014,26537
nga,2015,25499
nga,2016,24155
nga,2017,22566
nga,2018,20886
nga,2019,19441
nga,2020,18552
nga,2021,17895
nga,2022,17486
nga,2023,17139
nga,2024,16522
nic,1991,839.00
nic,1992,745.00
nic,1993,753.00
nic,1994,759.00
nic,1995,764.00
nic,1996,768.00
nic,1997,767.00
nic,1998,762.00
nic,1999,854.00
nic,2000,747.00
nic,2001,738.00
nic,2002,727.00
nic,2003,717.00
nic,2004,705.00
nic,2005,694.00
nic,2006,683.00
nic,2007,676.00
nic,2008,670.00
nic,2009,664.00
nic,2010,659.00
nic,2011,654.00
nic,2012,648.00
nic,2013,642.00
nic,2014,634.00
nic,2015,625.00
nic,2016,615.00
nic,2017,603.00
nic,2018,590.00
nic,2019,578.00
nic,2020,565.00
nic,2021,554.00
nic,2022,543.00
nic,2023,531.00
nic,2024,521.00
niu,1991,0.0000
niu,1992,0.0000
niu,1993,0.0000
niu,1994,0.0000
niu,1995,0.0000
niu,1996,0.0000
niu,1997,0.0000
niu,1998,0.0000
niu,1999,0.0000
niu,2000,0.0000
niu,2001,0.0000
niu,2002,0.0000
niu,2003,0.0000
niu,2004,0.0000
niu,2005,0.0000
niu,2006,0.0000
niu,2007,0.0000
niu,2008,0.0000
niu,2009,0.0000
niu,2010,0.0000
niu,2011,0.0000
niu,2012,0.0000
niu,2013,0.0000
niu,2014,0.0000
niu,2015,0.0000
niu,2016,0.0000
niu,2017,0.0000
niu,2018,0.0000
niu,2019,0.0000
niu,2020,0.0000
niu,2021,0.0000
niu,2022,0.0000
niu,2023,0.0000
niu,2024,0.0000
nld,1991,628.00
nld,1992,620.00
nld,1993,608.00
nld,1994,589.00
nld,1995,559.00
nld,1996,523.00
nld,1997,490.00
nld,1998,464.00
nld,1999,447.00
nld,2000,435.00
nld,2001,425.00
nld,2002,417.00
nld,2003,404.00
nld,2004,386.00
nld,2005,366.00
nld,2006,347.00
nld,2007,331.00
nld,2008,320.00
nld,2009,313.00
nld,2010,308.00
nld,2011,304.00
nld,2012,301.00
nld,2013,297.00
nld,2014,292.00
nld,2015,288.00
nld,2016,286.00
nld,2017,284.00
nld,2018,286.00
nld,2019,290.00
nld,2020,296.00
nld,2021,305.00
nld,2022,314.00
nld,2023,323.00
nld,2024,328.00
nor,1991,208.00
nor,1992,199.00
nor,1993,192.00
nor,1994,186.00
nor,1995,180.00
nor,1996,176.00
nor,1997,173.00
nor,1998,173.00
nor,1999,178.00
nor,2000,180.00
nor,2001,182.00
nor,2002,181.00
nor,2003,178.00
nor,2004,174.00
nor,2005,166.00
nor,2006,159.00
nor,2007,153.00
nor,2008,151.00
nor,2009,152.00
nor,2010,153.00
nor,2011,151.00
nor,2012,148.00
nor,2013,142.00
nor,2014,133.00
nor,2015,123.00
nor,2016,117.00
nor,2017,115.00
nor,2018,114.00
nor,2019,114.00
nor,2020,114.00
nor,2021,114.00
nor,2022,112.00
nor,2023,110.00
nor,2024,108.00
npl,1991,1897.0
npl,1992,2030.0
npl,1993,2171.0
npl,1994,2273.0
npl,1995,2321.0
npl,1996,2369.0
npl,1997,2408.0
npl,1998,2439.0
npl,1999,2450.0
npl,2000,2484.0
npl,2001,2500.0
npl,2002,2503.0
npl,2003,3196.0
npl,2004,2499.0
npl,2005,2888.0
npl,2006,2461.0
npl,2007,2422.0
npl,2008,2379.0
npl,2009,2316.0
npl,2010,2260.0
npl,2011,2162.0
npl,2012,2043.0
npl,2013,1915.0
npl,2014,1783.0
npl,2015,1641.0
npl,2016,1710.0
npl,2017,1392.0
npl,2018,1327.0
npl,2019,1254.0
npl,2020,1174.0
npl,2021,1095.0
npl,2022,1051.0
npl,2023,1015.0
npl,2024,943.00
nru,1991,1.0000
nru,1992,1.0000
nru,1993,1.0000
nru,1994,1.0000
nru,1995,1.0000
nru,1996,1.0000
nru,1997,1.0000
nru,1998,1.0000
nru,1999,1.0000
nru,2000,1.0000
nru,2001,1.0000
nru,2002,1.0000
nru,2003,1.0000
nru,2004,1.0000
nru,2005,1.0000
nru,2006,1.0000
nru,2007,1.0000
nru,2008,1.0000
nru,2009,1.0000
nru,2010,1.0000
nru,2011,1.0000
nru,2012,1.0000
nru,2013,1.0000
nru,2014,1.0000
nru,2015,1.0000
nru,2016,1.0000
nru,2017,1.0000
nru,2018,1.0000
nru,2019,1.0000
nru,2020,0.0000
nru,2021,0.0000
nru,2022,0.0000
nru,2023,0.0000
nru,2024,0.0000
nzl,1991,329.00
nzl,1992,328.00
nzl,1993,318.00
nzl,1994,306.00
nzl,1995,292.00
nzl,1996,275.00
nzl,1997,258.00
nzl,1998,239.00
nzl,1999,220.00
nzl,2000,203.00
nzl,2001,190.00
nzl,2002,185.00
nzl,2003,185.00
nzl,2004,188.00
nzl,2005,190.00
nzl,2006,189.00
nzl,2007,188.00
nzl,2008,185.00
nzl,2009,182.00
nzl,2010,181.00
nzl,2011,181.00
nzl,2012,179.00
nzl,2013,174.00
nzl,2014,171.00
nzl,2015,171.00
nzl,2016,173.00
nzl,2017,175.00
nzl,2018,176.00
nzl,2019,175.00
nzl,2020,173.00
nzl,2021,169.00
nzl,2022,157.00
nzl,2023,143.00
nzl,2024,132.00
omn,1991,126.00
omn,1992,128.00
omn,1993,130.00
omn,1994,131.00
omn,1995,132.00
omn,1996,131.00
omn,1997,131.00
omn,1998,133.00
omn,1999,134.00
omn,2000,137.00
omn,2001,140.00
omn,2002,142.00
omn,2003,143.00
omn,2004,144.00
omn,2005,148.00
omn,2006,156.00
omn,2007,164.00
omn,2008,170.00
omn,2009,174.00
omn,2010,175.00
omn,2011,174.00
omn,2012,191.00
omn,2013,213.00
omn,2014,215.00
omn,2015,206.00
omn,2016,201.00
omn,2017,205.00
omn,2018,203.00
omn,2019,191.00
omn,2020,178.00
omn,2021,164.00
omn,2022,156.00
omn,2023,172.00
omn,2024,198.00
pak,1991,15186
pak,1992,16028
pak,1993,16669
pak,1994,17272
pak,1995,17824
pak,1996,18350
pak,1997,18736
pak,1998,18935
pak,1999,19058
pak,2000,19100
pak,2001,19235
pak,2002,19323
pak,2003,19308
pak,2004,19304
pak,2005,19264
pak,2006,22208
pak,2007,18093
pak,2008,16977
pak,2009,15857
pak,2010,14842
pak,2011,13985
pak,2012,13215
pak,2013,12319
pak,2014,11855
pak,2015,11120
pak,2016,10493
pak,2017,10047
pak,2018,9629.0
pak,2019,9390.0
pak,2020,9018.0
pak,2021,8790.0
pak,2022,8439.0
pak,2023,8328.0
pak,2024,8132.0
pan,1991,293.00
pan,1992,318.00
pan,1993,339.00
pan,1994,355.00
pan,1995,368.00
pan,1996,372.00
pan,1997,367.00
pan,1998,358.00
pan,1999,344.00
pan,2000,333.00
pan,2001,322.00
pan,2002,315.00
pan,2003,313.00
pan,2004,315.00
pan,2005,323.00
pan,2006,335.00
pan,2007,356.00
pan,2008,388.00
pan,2009,421.00
pan,2010,451.00
pan,2011,471.00
pan,2012,480.00
pan,2013,478.00
pan,2014,465.00
pan,2015,447.00
pan,2016,428.00
pan,2017,414.00
pan,2018,411.00
pan,2019,409.00
pan,2020,409.00
pan,2021,408.00
pan,2022,403.00
pan,2023,387.00
pan,2024,361.00
per,1991,3010.0
per,1992,3041.0
per,1993,3021.0
per,1994,2989.0
per,1995,2927.0
per,1996,2837.0
per,1997,2722.0
per,1998,2631.0
per,1999,2542.0
per,2000,2461.0
per,2001,2382.0
per,2002,2316.0
per,2003,2252.0
per,2004,2202.0
per,2005,2179.0
per,2006,2173.0
per,2007,2180.0
per,2008,2204.0
per,2009,2222.0
per,2010,2212.0
per,2011,2173.0
per,2012,2114.0
per,2013,2046.0
per,2014,1967.0
per,2015,1908.0
per,2016,1885.0
per,2017,1915.0
per,2018,1968.0
per,2019,1994.0
per,2020,1936.0
per,2021,1782.0
per,2022,1627.0
per,2023,1498.0
per,2024,1378.0
phl,1991,10270
phl,1992,9826.0
phl,1993,9437.0
phl,1994,9074.0
phl,1995,8774.0
phl,1996,8544.0
phl,1997,8411.0
phl,1998,8422.0
phl,1999,8574.0
phl,2000,8904.0
phl,2001,9256.0
phl,2002,9565.0
phl,2003,9830.0
phl,2004,9980.0
phl,2005,10083
phl,2006,10109
phl,2007,10073
phl,2008,10127
phl,2009,10169
phl,2010,10263
phl,2011,10446
phl,2012,10659
phl,2013,10970
phl,2014,11219
phl,2015,11461
phl,2016,11626
phl,2017,11669
phl,2018,11640
phl,2019,11575
phl,2020,11612
phl,2021,11785
phl,2022,12021
phl,2023,12036
phl,2024,11676
plw,1991,1.0000
plw,1992,1.0000
plw,1993,1.0000
plw,1994,1.0000
plw,1995,1.0000
plw,1996,1.0000
plw,1997,1.0000
plw,1998,1.0000
plw,1999,2.0000
plw,2000,2.0000
plw,2001,2.0000
plw,2002,2.0000
plw,2003,2.0000
plw,2004,2.0000
plw,2005,2.0000
plw,2006,2.0000
plw,2007,2.0000
plw,2008,2.0000
plw,2009,2.0000
plw,2010,2.0000
plw,2011,2.0000
plw,2012,2.0000
plw,2013,2.0000
plw,2014,2.0000
plw,2015,2.0000
plw,2016,2.0000
plw,2017,2.0000
plw,2018,2.0000
plw,2019,2.0000
plw,2020,2.0000
plw,2021,2.0000
plw,2022,2.0000
plw,2023,2.0000
plw,2024,2.0000
png,1991,657.00
png,1992,667.00
png,1993,684.00
png,1994,705.00
png,1995,728.00
png,1996,752.00
png,1997,776.00
png,1998,800.00
png,1999,930.00
png,2000,846.00
png,2001,868.00
png,2002,888.00
png,2003,908.00
png,2004,929.00
png,2005,952.00
png,2006,976.00
png,2007,1002.0
png,2008,1028.0
png,2009,1055.0
png,2010,1081.0
png,2011,1105.0
png,2012,1124.0
png,2013,1138.0
png,2014,1150.0
png,2015,1159.0
png,2016,1166.0
png,2017,1172.0
png,2018,1178.0
png,2019,1182.0
png,2020,1186.0
png,2021,1188.0
png,2022,1189.0
png,2023,1188.0
png,2024,1185.0
pol,1991,2360.0
pol,1992,2400.0
pol,1993,2402.0
pol,1994,2373.0
pol,1995,2325.0
pol,1996,2334.0
pol,1997,2380.0
pol,1998,2415.0
pol,1999,2431.0
pol,2000,2398.0
pol,2001,2348.0
pol,2002,2270.0
pol,2003,2197.0
pol,2004,2179.0
pol,2005,2166.0
pol,2006,2175.0
pol,2007,2175.0
pol,2008,2138.0
pol,2009,2068.0
pol,2010,1955.0
pol,2011,1868.0
pol,2012,1805.0
pol,2013,1718.0
pol,2014,1619.0
pol,2015,1513.0
pol,2016,1409.0
pol,2017,1313.0
pol,2018,1242.0
pol,2019,1208.0
pol,2020,1182.0
pol,2021,1160.0
pol,2022,1126.0
pol,2023,1095.0
pol,2024,1035.0
prk,1991,2909.0
prk,1992,3016.0
prk,1993,3066.0
prk,1994,3044.0
prk,1995,2946.0
prk,1996,4492.0
prk,1997,4214.0
prk,1998,3886.0
prk,1999,3605.0
prk,2000,3431.0
prk,2001,3319.0
prk,2002,3280.0
prk,2003,3302.0
prk,2004,1995.0
prk,2005,2009.0
prk,2006,2029.0
prk,2007,2040.0
prk,2008,2050.0
prk,2009,2026.0
prk,2010,2012.0
prk,2011,1989.0
prk,2012,1964.0
prk,2013,1933.0
prk,2014,1893.0
prk,2015,1850.0
prk,2016,1805.0
prk,2017,1773.0
prk,2018,1700.0
prk,2019,1655.0
prk,2020,1607.0
prk,2021,1574.0
prk,2022,1548.0
prk,2023,1531.0
prk,2024,1513.0
prt,1991,936.00
prt,1992,945.00
prt,1993,945.00
prt,1994,940.00
prt,1995,930.00
prt,1996,928.00
prt,1997,922.00
prt,1998,896.00
prt,1999,852.00
prt,2000,788.00
prt,2001,718.00
prt,2002,646.00
prt,2003,576.00
prt,2004,519.00
prt,2005,469.00
prt,2006,424.00
prt,2007,382.00
prt,2008,345.00
prt,2009,312.00
prt,2010,282.00
prt,2011,256.00
prt,2012,234.00
prt,2013,215.00
prt,2014,198.00
prt,2015,185.00
prt,2016,175.00
prt,2017,168.00
prt,2018,165.00
prt,2019,165.00
prt,2020,168.00
prt,2021,175.00
prt,2022,180.00
prt,2023,183.00
prt,2024,180.00
pry,1991,587.00
pry,1992,581.00
pry,1993,577.00
pry,1994,573.00
pry,1995,571.00
pry,1996,570.00
pry,1997,571.00
pry,1998,576.00
pry,1999,582.00
pry,2000,591.00
pry,2001,602.00
pry,2002,616.00
pry,2003,629.00
pry,2004,643.00
pry,2005,656.00
pry,2006,667.00
pry,2007,675.00
pry,2008,679.00
pry,2009,681.00
pry,2010,681.00
pry,2011,681.00
pry,2012,679.00
pry,2013,678.00
pry,2014,675.00
pry,2015,669.00
pry,2016,662.00
pry,2017,654.00
pry,2018,644.00
pry,2019,633.00
pry,2020,622.00
pry,2021,609.00
pry,2022,594.00
pry,2023,577.00
pry,2024,559.00
pse,1991,193.00
pse,1992,163.00
pse,1993,202.00
pse,1994,220.00
pse,1995,177.00
pse,1996,212.00
pse,1997,188.00
pse,1998,194.00
pse,1999,199.00
pse,2000,204.00
pse,2001,335.00
pse,2002,493.00
pse,2003,311.00
pse,2004,370.00
pse,2005,407.00
pse,2006,280.00
pse,2007,378.00
pse,2008,389.00
pse,2009,341.00
pse,2010,360.00
pse,2011,267.00
pse,2012,274.00
pse,2013,280.00
pse,2014,284.00
pse,2015,553.00
pse,2016,287.00
pse,2017,286.00
pse,2018,283.00
pse,2019,277.00
pse,2020,273.00
pse,2021,269.00
pse,2022,267.00
pse,2023,267.00
pse,2024,2572.0
qat,1991,17.000
qat,1992,20.000
qat,1993,23.000
qat,1994,24.000
qat,1995,24.000
qat,1996,24.000
qat,1997,24.000
qat,1998,24.000
qat,1999,27.000
qat,2000,30.000
qat,2001,34.000
qat,2002,37.000
qat,2003,39.000
qat,2004,39.000
qat,2005,39.000
qat,2006,40.000
qat,2007,54.000
qat,2008,80.000
qat,2009,95.000
qat,2010,91.000
qat,2011,86.000
qat,2012,84.000
qat,2013,82.000
qat,2014,82.000
qat,2015,83.000
qat,2016,85.000
qat,2017,85.000
qat,2018,82.000
qat,2019,76.000
qat,2020,67.000
qat,2021,59.000
qat,2022,54.000
qat,2023,49.000
qat,2024,39.000
rks,1991,245.00
rks,1992,243.00
rks,1993,241.00
rks,1994,240.00
rks,1995,237.00
rks,1996,236.00
rks,1997,235.00
rks,1998,232.00
rks,1999,199.00
rks,2000,152.00
rks,2001,136.00
rks,2002,138.00
rks,2003,141.00
rks,2004,144.00
rks,2005,147.00
rks,2006,147.00
rks,2007,146.00
rks,2008,143.00
rks,2009,138.00
rks,2010,131.00
rks,2011,124.00
rks,2012,120.00
rks,2013,118.00
rks,2014,116.00
rks,2015,110.00
rks,2016,103.00
rks,2017,97.000
rks,2018,95.000
rks,2019,92.000
rks,2020,88.000
rks,2021,86.000
rks,2022,86.000
rks,2023,84.000
rks,2024,81.000
rou,1991,1901.0
rou,1992,1909.0
rou,1993,1860.0
rou,1994,1769.0
rou,1995,1707.0
rou,1996,1682.0
rou,1997,1632.0
rou,1998,1556.0
rou,1999,1468.0
rou,2000,1370.0
rou,2001,1314.0
rou,2002,1267.0
rou,2003,1186.0
rou,2004,1070.0
rou,2005,958.00
rou,2006,905.00
rou,2007,904.00
rou,2008,962.00
rou,2009,1080.0
rou,2010,1167.0
rou,2011,1159.0
rou,2012,1061.0
rou,2013,928.00
rou,2014,806.00
rou,2015,695.00
rou,2016,614.00
rou,2017,559.00
rou,2018,529.00
rou,2019,521.00
rou,2020,517.00
rou,2021,522.00
rou,2022,521.00
rou,2023,505.00
rou,2024,459.00
rus,1991,15650
rus,1992,16808
rus,1993,19213
rus,1994,22304
rus,1995,24799
rus,1996,25932
rus,1997,25929
rus,1998,26539
rus,1999,27725
rus,2000,29051
rus,2001,30222
rus,2002,30069
rus,2003,29365
rus,2004,28489
rus,2005,27437
rus,2006,26685
rus,2007,25882
rus,2008,24957
rus,2009,23173
rus,2010,21275
rus,2011,19822
rus,2012,18142
rus,2013,16445
rus,2014,14530
rus,2015,12499
rus,2016,10618
rus,2017,8948.0
rus,2018,7745.0
rus,2019,6948.0
rus,2020,6546.0
rus,2021,6287.0
rus,2022,5909.0
rus,2023,8283.0
rus,2024,10378
rwa,1991,2438.0
rwa,1992,3393.0
rwa,1993,3361.0
rwa,1994,3919.0
rwa,1995,49806
rwa,1996,3148.0
rwa,1997,3844.0
rwa,1998,5349.0
rwa,1999,5581.0
rwa,2000,3864.0
rwa,2001,3388.0
rwa,2002,2933.0
rwa,2003,2580.0
rwa,2004,2321.0
rwa,2005,2158.0
rwa,2006,1982.0
rwa,2007,1834.0
rwa,2008,1705.0
rwa,2009,1581.0
rwa,2010,1489.0
rwa,2011,1406.0
rwa,2012,1338.0
rwa,2013,1292.0
rwa,2014,1223.0
rwa,2015,1173.0
rwa,2016,1097.0
rwa,2017,1026.0
rwa,2018,956.00
rwa,2019,883.00
rwa,2020,829.00
rwa,2021,771.00
rwa,2022,688.00
rwa,2023,598.00
rwa,2024,512.00
sau,1991,197.00
sau,1992,205.00
sau,1993,217.00
sau,1994,237.00
sau,1995,257.00
sau,1996,301.00
sau,1997,361.00
sau,1998,433.00
sau,1999,527.00
sau,2000,644.00
sau,2001,779.00
sau,2002,911.00
sau,2003,1062.0
sau,2004,1229.0
sau,2005,1410.0
sau,2006,1591.0
sau,2007,1748.0
sau,2008,1870.0
sau,2009,1945.0
sau,2010,1974.0
sau,2011,1945.0
sau,2012,1875.0
sau,2013,1739.0
sau,2014,1576.0
sau,2015,1438.0
sau,2016,1252.0
sau,2017,1044.0
sau,2018,875.00
sau,2019,732.00
sau,2020,656.00
sau,2021,650.00
sau,2022,641.00
sau,2023,624.00
sau,2024,605.00
sdn,1991,8017.0
sdn,1992,8098.0
sdn,1993,8193.0
sdn,1994,8269.0
sdn,1995,8319.0
sdn,1996,8348.0
sdn,1997,8305.0
sdn,1998,8245.0
sdn,1999,8274.0
sdn,2000,8366.0
sdn,2001,8497.0
sdn,2002,8646.0
sdn,2003,10171
sdn,2004,11595
sdn,2005,13855
sdn,2006,13515
sdn,2007,10376
sdn,2008,8984.0
sdn,2009,10474
sdn,2010,9163.0
sdn,2011,9204.0
sdn,2012,9190.0
sdn,2013,9250.0
sdn,2014,9392.0
sdn,2015,9626.0
sdn,2016,9925.0
sdn,2017,10195
sdn,2018,10503
sdn,2019,10780
sdn,2020,10898
sdn,2021,10964
sdn,2022,11033
sdn,2023,11099
sdn,2024,13182
sen,1991,1126.0
sen,1992,1161.0
sen,1993,1194.0
sen,1994,1228.0
sen,1995,1254.0
sen,1996,1284.0
sen,1997,1314.0
sen,1998,1358.0
sen,1999,1382.0
sen,2000,1415.0
sen,2001,1440.0
sen,2002,1459.0
sen,2003,1471.0
sen,2004,1470.0
sen,2005,1454.0
sen,2006,1438.0
sen,2007,1397.0
sen,2008,1339.0
sen,2009,1280.0
sen,2010,1199.0
sen,2011,1111.0
sen,2012,1020.0
sen,2013,929.00
sen,2014,825.00
sen,2015,743.00
sen,2016,642.00
sen,2017,558.00
sen,2018,483.00
sen,2019,448.00
sen,2020,433.00
sen,2021,432.00
sen,2022,416.00
sen,2023,393.00
sen,2024,383.00
sgp,1991,187.00
sgp,1992,173.00
sgp,1993,163.00
sgp,1994,159.00
sgp,1995,158.00
sgp,1996,159.00
sgp,1997,160.00
sgp,1998,162.00
sgp,1999,161.00
sgp,2000,161.00
sgp,2001,164.00
sgp,2002,168.00
sgp,2003,166.00
sgp,2004,160.00
sgp,2005,154.00
sgp,2006,150.00
sgp,2007,146.00
sgp,2008,148.00
sgp,2009,153.00
sgp,2010,156.00
sgp,2011,156.00
sgp,2012,156.00
sgp,2013,156.00
sgp,2014,153.00
sgp,2015,148.00
sgp,2016,142.00
sgp,2017,137.00
sgp,2018,131.00
sgp,2019,127.00
sgp,2020,127.00
sgp,2021,124.00
sgp,2022,120.00
sgp,2023,117.00
sgp,2024,111.00
slb,1991,35.000
slb,1992,37.000
slb,1993,38.000
slb,1994,39.000
slb,1995,41.000
slb,1996,42.000
slb,1997,43.000
slb,1998,44.000
slb,1999,44.000
slb,2000,45.000
slb,2001,46.000
slb,2002,46.000
slb,2003,47.000
slb,2004,47.000
slb,2005,48.000
slb,2006,48.000
slb,2007,48.000
slb,2008,47.000
slb,2009,47.000
slb,2010,46.000
slb,2011,46.000
slb,2012,47.000
slb,2013,48.000
slb,2014,48.000
slb,2015,49.000
slb,2016,50.000
slb,2017,51.000
slb,2018,53.000
slb,2019,55.000
slb,2020,56.000
slb,2021,57.000
slb,2022,58.000
slb,2023,59.000
slb,2024,60.000
sle,1991,521.00
sle,1992,553.00
sle,1993,583.00
sle,1994,650.00
sle,1995,904.00
sle,1996,1102.0
sle,1997,931.00
sle,1998,1028.0
sle,1999,1613.0
sle,2000,2456.0
sle,2001,1230.0
sle,2002,1366.0
sle,2003,1505.0
sle,2004,1592.0
sle,2005,1675.0
sle,2006,1730.0
sle,2007,1761.0
sle,2008,1785.0
sle,2009,1801.0
sle,2010,1813.0
sle,2011,1807.0
sle,2012,1800.0
sle,2013,1783.0
sle,2014,1747.0
sle,2015,1676.0
sle,2016,1605.0
sle,2017,1496.0
sle,2018,1357.0
sle,2019,1175.0
sle,2020,1045.0
sle,2021,995.00
sle,2022,956.00
sle,2023,930.00
sle,2024,878.00
slv,1991,1800.0
slv,1992,1186.0
slv,1993,1121.0
slv,1994,1102.0
slv,1995,1128.0
slv,1996,1165.0
slv,1997,1196.0
slv,1998,1205.0
slv,1999,1204.0
slv,2000,1204.0
slv,2001,1198.0
slv,2002,1195.0
slv,2003,1196.0
slv,2004,1205.0
slv,2005,1228.0
slv,2006,1233.0
slv,2007,1212.0
slv,2008,1170.0
slv,2009,1124.0
slv,2010,1076.0
slv,2011,1020.0
slv,2012,965.00
slv,2013,934.00
slv,2014,964.00
slv,2015,1068.0
slv,2016,1182.0
slv,2017,1235.0
slv,2018,1200.0
slv,2019,1097.0
slv,2020,956.00
slv,2021,816.00
slv,2022,699.00
slv,2023,597.00
slv,2024,515.00
smr,1991,1.0000
smr,1992,1.0000
smr,1993,1.0000
smr,1994,1.0000
smr,1995,1.0000
smr,1996,1.0000
smr,1997,1.0000
smr,1998,1.0000
smr,1999,1.0000
smr,2000,1.0000
smr,2001,1.0000
smr,2002,1.0000
smr,2003,0.0000
smr,2004,0.0000
smr,2005,0.0000
smr,2006,0.0000
smr,2007,0.0000
smr,2008,0.0000
smr,2009,0.0000
smr,2010,0.0000
smr,2011,0.0000
smr,2012,0.0000
smr,2013,0.0000
smr,2014,0.0000
smr,2015,0.0000
smr,2016,0.0000
smr,2017,0.0000
smr,2018,0.0000
smr,2019,0.0000
smr,2020,0.0000
smr,2021,0.0000
smr,2022,0.0000
smr,2023,0.0000
smr,2024,0.0000
som,1991,5066.0
som,1992,7090.0
som,1993,5959.0
som,1994,2803.0
som,1995,2929.0
som,1996,3021.0
som,1997,3122.0
som,1998,3230.0
som,1999,3375.0
som,2000,3533.0
som,2001,3699.0
som,2002,3872.0
som,2003,4042.0
som,2004,4208.0
som,2005,4373.0
som,2006,4532.0
som,2007,4662.0
som,2008,4771.0
som,2009,4831.0
som,2010,4824.0
som,2011,4742.0
som,2012,7759.0
som,2013,4933.0
som,2014,4496.0
som,2015,5302.0
som,2016,4875.0
som,2017,6065.0
som,2018,6789.0
som,2019,6410.0
som,2020,5683.0
som,2021,5796.0
som,2022,5903.0
som,2023,7833.0
som,2024,7477.0
srb,1991,386.00
srb,1992,448.00
srb,1993,453.00
srb,1994,405.00
srb,1995,344.00
srb,1996,326.00
srb,1997,341.00
srb,1998,373.00
srb,1999,417.00
srb,2000,436.00
srb,2001,420.00
srb,2002,376.00
srb,2003,339.00
srb,2004,327.00
srb,2005,322.00
srb,2006,326.00
srb,2007,325.00
srb,2008,312.00
srb,2009,291.00
srb,2010,260.00
srb,2011,238.00
srb,2012,222.00
srb,2013,206.00
srb,2014,195.00
srb,2015,182.00
srb,2016,173.00
srb,2017,164.00
srb,2018,156.00
srb,2019,154.00
srb,2020,151.00
srb,2021,152.00
srb,2022,151.00
srb,2023,150.00
srb,2024,139.00
ssd,1991,7467.0
ssd,1992,7592.0
ssd,1993,12448
ssd,1994,12614
ssd,1995,2757.0
ssd,1996,7948.0
ssd,1997,7949.0
ssd,1998,7939.0
ssd,1999,14029
ssd,2000,4148.0
ssd,2001,3526.0
ssd,2002,3546.0
ssd,2003,3557.0
ssd,2004,2922.0
ssd,2005,2928.0
ssd,2006,2934.0
ssd,2007,2920.0
ssd,2008,2875.0
ssd,2009,2821.0
ssd,2010,2827.0
ssd,2011,2945.0
ssd,2012,3102.0
ssd,2013,3250.0
ssd,2014,3397.0
ssd,2015,6955.0
ssd,2016,7739.0
ssd,2017,8093.0
ssd,2018,7322.0
ssd,2019,3641.0
ssd,2020,2689.0
ssd,2021,2970.0
ssd,2022,3208.0
ssd,2023,3467.0
ssd,2024,3861.0
stp,1991,4.0000
stp,1992,4.0000
stp,1993,5.0000
stp,1994,5.0000
stp,1995,5.0000
stp,1996,6.0000
stp,1997,7.0000
stp,1998,8.0000
stp,1999,10.000
stp,2000,12.000
stp,2001,13.000
stp,2002,15.000
stp,2003,17.000
stp,2004,19.000
stp,2005,20.000
stp,2006,21.000
stp,2007,22.000
stp,2008,22.000
stp,2009,21.000
stp,2010,21.000
stp,2011,20.000
stp,2012,18.000
stp,2013,16.000
stp,2014,15.000
stp,2015,14.000
stp,2016,14.000
stp,2017,14.000
stp,2018,13.000
stp,2019,13.000
stp,2020,13.000
stp,2021,12.000
stp,2022,12.000
stp,2023,13.000
stp,2024,13.000
sur,1991,56.000
sur,1992,58.000
sur,1993,59.000
sur,1994,58.000
sur,1995,56.000
sur,1996,54.000
sur,1997,52.000
sur,1998,50.000
sur,1999,49.000
sur,2000,48.000
sur,2001,49.000
sur,2002,50.000
sur,2003,52.000
sur,2004,55.000
sur,2005,57.000
sur,2006,59.000
sur,2007,60.000
sur,2008,61.000
sur,2009,60.000
sur,2010,59.000
sur,2011,56.000
sur,2012,53.000
sur,2013,51.000
sur,2014,48.000
sur,2015,47.000
sur,2016,47.000
sur,2017,47.000
sur,2018,48.000
sur,2019,48.000
sur,2020,47.000
sur,2021,45.000
sur,2022,43.000
sur,2023,39.000
sur,2024,36.000
svk,1991,284.00
svk,1992,283.00
svk,1993,286.00
svk,1994,292.00
svk,1995,301.00
svk,1996,308.00
svk,1997,313.00
svk,1998,317.00
svk,1999,316.00
svk,2000,312.00
svk,2001,305.00
svk,2002,295.00
svk,2003,286.00
svk,2004,276.00
svk,2005,266.00
svk,2006,257.00
svk,2007,250.00
svk,2008,242.00
svk,2009,233.00
svk,2010,224.00
svk,2011,215.00
svk,2012,207.00
svk,2013,199.00
svk,2014,192.00
svk,2015,183.00
svk,2016,173.00
svk,2017,162.00
svk,2018,152.00
svk,2019,142.00
svk,2020,134.00
svk,2021,127.00
svk,2022,120.00
svk,2023,113.00
svk,2024,106.00
svn,1991,144.00
svn,1992,140.00
svn,1993,136.00
svn,1994,132.00
svn,1995,130.00
svn,1996,128.00
svn,1997,126.00
svn,1998,123.00
svn,1999,119.00
svn,2000,116.00
svn,2001,114.00
svn,2002,110.00
svn,2003,106.00
svn,2004,101.00
svn,2005,95.000
svn,2006,89.000
svn,2007,82.000
svn,2008,77.000
svn,2009,72.000
svn,2010,67.000
svn,2011,61.000
svn,2012,56.000
svn,2013,51.000
svn,2014,46.000
svn,2015,42.000
svn,2016,39.000
svn,2017,36.000
svn,2018,34.000
svn,2019,32.000
svn,2020,30.000
svn,2021,29.000
svn,2022,27.000
svn,2023,24.000
svn,2024,21.000
swe,1991,340.00
swe,1992,317.00
swe,1993,293.00
swe,1994,274.00
swe,1995,262.00
swe,1996,255.00
swe,1997,248.00
swe,1998,243.00
swe,1999,241.00
swe,2000,240.00
swe,2001,243.00
swe,2002,247.00
swe,2003,250.00
swe,2004,254.00
swe,2005,254.00
swe,2006,253.00
swe,2007,252.00
swe,2008,253.00
swe,2009,255.00
swe,2010,259.00
swe,2011,264.00
swe,2012,268.00
swe,2013,270.00
swe,2014,270.00
swe,2015,269.00
swe,2016,266.00
swe,2017,261.00
swe,2018,255.00
swe,2019,248.00
swe,2020,242.00
swe,2021,237.00
swe,2022,231.00
swe,2023,226.00
swe,2024,218.00
swz,1991,207.00
swz,1992,214.00
swz,1993,221.00
swz,1994,224.00
swz,1995,214.00
swz,1996,207.00
swz,1997,212.00
swz,1998,218.00
swz,1999,223.00
swz,2000,230.00
swz,2001,237.00
swz,2002,244.00
swz,2003,250.00
swz,2004,256.00
swz,2005,262.00
swz,2006,266.00
swz,2007,268.00
swz,2008,269.00
swz,2009,271.00
swz,2010,273.00
swz,2011,275.00
swz,2012,276.00
swz,2013,275.00
swz,2014,273.00
swz,2015,270.00
swz,2016,265.00
swz,2017,260.00
swz,2018,256.00
swz,2019,253.00
swz,2020,252.00
swz,2021,252.00
swz,2022,252.00
swz,2023,250.00
swz,2024,246.00
syc,1991,5.0000
syc,1992,5.0000
syc,1993,5.0000
syc,1994,5.0000
syc,1995,5.0000
syc,1996,5.0000
syc,1997,5.0000
syc,1998,5.0000
syc,1999,5.0000
syc,2000,5.0000
syc,2001,5.0000
syc,2002,5.0000
syc,2003,5.0000
syc,2004,5.0000
syc,2005,5.0000
syc,2006,4.0000
syc,2007,4.0000
syc,2008,4.0000
syc,2009,4.0000
syc,2010,4.0000
syc,2011,4.0000
syc,2012,4.0000
syc,2013,4.0000
syc,2014,4.0000
syc,2015,4.0000
syc,2016,3.0000
syc,2017,3.0000
syc,2018,2.0000
syc,2019,2.0000
syc,2020,1.0000
syc,2021,1.0000
syc,2022,1.0000
syc,2023,1.0000
syc,2024,1.0000
syr,1991,352.00
syr,1992,462.00
syr,1993,600.00
syr,1994,738.00
syr,1995,865.00
syr,1996,982.00
syr,1997,1076.0
syr,1998,1143.0
syr,1999,1173.0
syr,2000,1149.0
syr,2001,1097.0
syr,2002,1041.0
syr,2003,1005.0
syr,2004,988.00
syr,2005,997.00
syr,2006,1032.0
syr,2007,1102.0
syr,2008,1201.0
syr,2009,1218.0
syr,2010,1179.0
syr,2011,1129.0
syr,2012,2220.0
syr,2013,7661.0
syr,2014,6816.0
syr,2015,4943.0
syr,2016,5500.0
syr,2017,4085.0
syr,2018,3395.0
syr,2019,2278.0
syr,2020,1118.0
syr,2021,718.00
syr,2022,223.00
syr,2023,438.00
syr,2024,394.00
tca,1991,1.0000
tca,1992,1.0000
tca,1993,1.0000
tca,1994,1.0000
tca,1995,1.0000
tca,1996,1.0000
tca,1997,1.0000
tca,1998,1.0000
tca,1999,1.0000
tca,2000,1.0000
tca,2001,1.0000
tca,2002,1.0000
tca,2003,1.0000
tca,2004,1.0000
tca,2005,1.0000
tca,2006,1.0000
tca,2007,1.0000
tca,2008,1.0000
tca,2009,1.0000
tca,2010,1.0000
tca,2011,1.0000
tca,2012,1.0000
tca,2013,1.0000
tca,2014,1.0000
tca,2015,1.0000
tca,2016,1.0000
tca,2017,1.0000
tca,2018,1.0000
tca,2019,1.0000
tca,2020,1.0000
tca,2021,1.0000
tca,2022,1.0000
tca,2023,1.0000
tca,2024,1.0000
tcd,1991,1889.0
tcd,1992,944.00
tcd,1993,1084.0
tcd,1994,1169.0
tcd,1995,1263.0
tcd,1996,1410.0
tcd,1997,1560.0
tcd,1998,1655.0
tcd,1999,1742.0
tcd,2000,1817.0
tcd,2001,1890.0
tcd,2002,1954.0
tcd,2003,2014.0
tcd,2004,2109.0
tcd,2005,2233.0
tcd,2006,2335.0
tcd,2007,2399.0
tcd,2008,2461.0
tcd,2009,2497.0
tcd,2010,2521.0
tcd,2011,2523.0
tcd,2012,2502.0
tcd,2013,2429.0
tcd,2014,2323.0
tcd,2015,2205.0
tcd,2016,2088.0
tcd,2017,1994.0
tcd,2018,1901.0
tcd,2019,1829.0
tcd,2020,1793.0
tcd,2021,1766.0
tcd,2022,1754.0
tcd,2023,1740.0
tcd,2024,1791.0
tgo,1991,466.00
tgo,1992,486.00
tgo,1993,508.00
tgo,1994,519.00
tgo,1995,531.00
tgo,1996,566.00
tgo,1997,604.00
tgo,1998,638.00
tgo,1999,666.00
tgo,2000,705.00
tgo,2001,736.00
tgo,2002,756.00
tgo,2003,773.00
tgo,2004,799.00
tgo,2005,816.00
tgo,2006,836.00
tgo,2007,861.00
tgo,2008,880.00
tgo,2009,882.00
tgo,2010,865.00
tgo,2011,828.00
tgo,2012,768.00
tgo,2013,677.00
tgo,2014,579.00
tgo,2015,508.00
tgo,2016,475.00
tgo,2017,451.00
tgo,2018,435.00
tgo,2019,421.00
tgo,2020,412.00
tgo,2021,403.00
tgo,2022,388.00
tgo,2023,383.00
tgo,2024,378.00
tha,1991,10271
tha,1992,11330
tha,1993,12372
tha,1994,13648
tha,1995,14805
tha,1996,15443
tha,1997,15335
tha,1998,14552
tha,1999,13467
tha,2000,12386
tha,2001,11807
tha,2002,11635
tha,2003,11466
tha,2004,11128
tha,2005,10526
tha,2006,9775.0
tha,2007,8955.0
tha,2008,8226.0
tha,2009,7728.0
tha,2010,7338.0
tha,2011,7079.0
tha,2012,6886.0
tha,2013,6750.0
tha,2014,6687.0
tha,2015,6653.0
tha,2016,6708.0
tha,2017,6818.0
tha,2018,6910.0
tha,2019,6915.0
tha,2020,6773.0
tha,2021,6588.0
tha,2022,6373.0
tha,2023,6143.0
tha,2024,5860.0
tjk,1991,514.00
tjk,1992,637.00
tjk,1993,2869.0
tjk,1994,4235.0
tjk,1995,1605.0
tjk,1996,895.00
tjk,1997,1122.0
tjk,1998,736.00
tjk,1999,661.00
tjk,2000,607.00
tjk,2001,677.00
tjk,2002,545.00
tjk,2003,525.00
tjk,2004,506.00
tjk,2005,486.00
tjk,2006,465.00
tjk,2007,441.00
tjk,2008,412.00
tjk,2009,385.00
tjk,2010,361.00
tjk,2011,437.00
tjk,2012,418.00
tjk,2013,313.00
tjk,2014,311.00
tjk,2015,315.00
tjk,2016,327.00
tjk,2017,345.00
tjk,2018,367.00
tjk,2019,391.00
tjk,2020,414.00
tjk,2021,428.00
tjk,2022,424.00
tjk,2023,401.00
tjk,2024,366.00
tkm,1991,454.00
tkm,1992,466.00
tkm,1993,483.00
tkm,1994,508.00
tkm,1995,550.00
tkm,1996,613.00
tkm,1997,683.00
tkm,1998,752.00
tkm,1999,801.00
tkm,2000,826.00
tkm,2001,835.00
tkm,2002,827.00
tkm,2003,826.00
tkm,2004,832.00
tkm,2005,844.00
tkm,2006,861.00
tkm,2007,868.00
tkm,2008,862.00
tkm,2009,838.00
tkm,2010,812.00
tkm,2011,801.00
tkm,2012,786.00
tkm,2013,775.00
tkm,2014,761.00
tkm,2015,739.00
tkm,2016,700.00
tkm,2017,633.00
tkm,2018,562.00
tkm,2019,495.00
tkm,2020,437.00
tkm,2021,387.00
tkm,2022,342.00
tkm,2023,306.00
tkm,2024,271.00
tls,1991,33.000
tls,1992,54.000
tls,1993,72.000
tls,1994,84.000
tls,1995,93.000
tls,1996,112.00
tls,1997,126.00
tls,1998,146.00
tls,1999,160.00
tls,2000,278.00
tls,2001,73.000
tls,2002,72.000
tls,2003,70.000
tls,2004,66.000
tls,2005,62.000
tls,2006,60.000
tls,2007,58.000
tls,2008,58.000
tls,2009,58.000
tls,2010,59.000
tls,2011,61.000
tls,2012,67.000
tls,2013,80.000
tls,2014,94.000
tls,2015,101.00
tls,2016,95.000
tls,2017,83.000
tls,2018,74.000
tls,2019,73.000
tls,2020,67.000
tls,2021,67.000
tls,2022,69.000
tls,2023,69.000
tls,2024,68.000
ton,1991,4.0000
ton,1992,5.0000
ton,1993,5.0000
ton,1994,6.0000
ton,1995,6.0000
ton,1996,6.0000
ton,1997,6.0000
ton,1998,6.0000
ton,1999,6.0000
ton,2000,6.0000
ton,2001,7.0000
ton,2002,7.0000
ton,2003,7.0000
ton,2004,8.0000
ton,2005,8.0000
ton,2006,8.0000
ton,2007,8.0000
ton,2008,8.0000
ton,2009,8.0000
ton,2010,7.0000
ton,2011,7.0000
ton,2012,7.0000
ton,2013,7.0000
ton,2014,7.0000
ton,2015,7.0000
ton,2016,7.0000
ton,2017,7.0000
ton,2018,6.0000
ton,2019,6.0000
ton,2020,5.0000
ton,2021,5.0000
ton,2022,5.0000
ton,2023,4.0000
ton,2024,4.0000
tto,1991,133.00
tto,1992,132.00
tto,1993,132.00
tto,1994,135.00
tto,1995,138.00
tto,1996,141.00
tto,1997,144.00
tto,1998,146.00
tto,1999,149.00
tto,2000,153.00
tto,2001,159.00
tto,2002,168.00
tto,2003,179.00
tto,2004,190.00
tto,2005,201.00
tto,2006,212.00
tto,2007,229.00
tto,2008,239.00
tto,2009,239.00
tto,2010,231.00
tto,2011,214.00
tto,2012,194.00
tto,2013,173.00
tto,2014,159.00
tto,2015,153.00
tto,2016,149.00
tto,2017,146.00
tto,2018,143.00
tto,2019,144.00
tto,2020,138.00
tto,2021,124.00
tto,2022,113.00
tto,2023,102.00
tto,2024,106.00
tun,1991,492.00
tun,1992,567.00
tun,1993,637.00
tun,1994,701.00
tun,1995,749.00
tun,1996,773.00
tun,1997,779.00
tun,1998,782.00
tun,1999,781.00
tun,2000,779.00
tun,2001,764.00
tun,2002,740.00
tun,2003,709.00
tun,2004,678.00
tun,2005,650.00
tun,2006,625.00
tun,2007,604.00
tun,2008,595.00
tun,2009,594.00
tun,2010,597.00
tun,2011,604.00
tun,2012,615.00
tun,2013,640.00
tun,2014,667.00
tun,2015,700.00
tun,2016,718.00
tun,2017,707.00
tun,2018,677.00
tun,2019,632.00
tun,2020,591.00
tun,2021,559.00
tun,2022,538.00
tun,2023,519.00
tun,2024,492.00
tur,1991,1255.0
tur,1992,1354.0
tur,1993,1430.0
tur,1994,1394.0
tur,1995,1338.0
tur,1996,2246.0
tur,1997,1341.0
tur,1998,1361.0
tur,1999,1470.0
tur,2000,2057.0
tur,2001,1739.0
tur,2002,1888.0
tur,2003,2046.0
tur,2004,2237.0
tur,2005,2402.0
tur,2006,2526.0
tur,2007,2664.0
tur,2008,2781.0
tur,2009,2903.0
tur,2010,3020.0
tur,2011,3127.0
tur,2012,3159.0
tur,2013,3168.0
tur,2014,3202.0
tur,2015,3322.0
tur,2016,3466.0
tur,2017,3507.0
tur,2018,3458.0
tur,2019,3360.0
tur,2020,3273.0
tur,2021,3245.0
tur,2022,3288.0
tur,2023,3290.0
tur,2024,5364.0
tuv,1991,1.0000
tuv,1992,1.0000
tuv,1993,1.0000
tuv,1994,1.0000
tuv,1995,1.0000
tuv,1996,1.0000
tuv,1997,1.0000
tuv,1998,1.0000
tuv,1999,1.0000
tuv,2000,1.0000
tuv,2001,1.0000
tuv,2002,1.0000
tuv,2003,1.0000
tuv,2004,1.0000
tuv,2005,1.0000
tuv,2006,1.0000
tuv,2007,1.0000
tuv,2008,1.0000
tuv,2009,1.0000
tuv,2010,1.0000
tuv,2011,1.0000
tuv,2012,1.0000
tuv,2013,1.0000
tuv,2014,1.0000
tuv,2015,1.0000
tuv,2016,1.0000
tuv,2017,1.0000
tuv,2018,1.0000
tuv,2019,1.0000
tuv,2020,1.0000
tuv,2021,1.0000
tuv,2022,1.0000
tuv,2023,1.0000
tuv,2024,0.0000
tza,1991,4268.0
tza,1992,4866.0
tza,1993,5483.0
tza,1994,6126.0
tza,1995,6786.0
tza,1996,7260.0
tza,1997,7392.0
tza,1998,7520.0
tza,1999,7657.0
tza,2000,7777.0
tza,2001,7831.0
tza,2002,7764.0
tza,2003,7652.0
tza,2004,7458.0
tza,2005,7244.0
tza,2006,6919.0
tza,2007,6592.0
tza,2008,6236.0
tza,2009,5966.0
tza,2010,5730.0
tza,2011,5568.0
tza,2012,5464.0
tza,2013,5319.0
tza,2014,5146.0
tza,2015,4906.0
tza,2016,4724.0
tza,2017,4549.0
tza,2018,4356.0
tza,2019,4156.0
tza,2020,3737.0
tza,2021,3302.0
tza,2022,2800.0
tza,2023,2545.0
tza,2024,2335.0
uga,1991,7007.0
uga,1992,7653.0
uga,1993,8237.0
uga,1994,8744.0
uga,1995,9081.0
uga,1996,9220.0
uga,1997,9216.0
uga,1998,9152.0
uga,1999,9017.0
uga,2000,8924.0
uga,2001,8772.0
uga,2002,8420.0
uga,2003,8123.0
uga,2004,7726.0
uga,2005,7301.0
uga,2006,6951.0
uga,2007,6572.0
uga,2008,6357.0
uga,2009,6165.0
uga,2010,6045.0
uga,2011,6014.0
uga,2012,6004.0
uga,2013,6004.0
uga,2014,5832.0
uga,2015,5402.0
uga,2016,4860.0
uga,2017,4293.0
uga,2018,3922.0
uga,2019,3659.0
uga,2020,3531.0
uga,2021,3408.0
uga,2022,3270.0
uga,2023,3298.0
uga,2024,3206.0
ukr,1991,4989.0
ukr,1992,5180.0
ukr,1993,5280.0
ukr,1994,5595.0
ukr,1995,5864.0
ukr,1996,5819.0
ukr,1997,5663.0
ukr,1998,5471.0
ukr,1999,5560.0
ukr,2000,5784.0
ukr,2001,5909.0
ukr,2002,5946.0
ukr,2003,5842.0
ukr,2004,5694.0
ukr,2005,5505.0
ukr,2006,5418.0
ukr,2007,5549.0
ukr,2008,5551.0
ukr,2009,5264.0
ukr,2010,4728.0
ukr,2011,4213.0
ukr,2012,3848.0
ukr,2013,3502.0
ukr,2014,3172.0
ukr,2015,3286.0
ukr,2016,2485.0
ukr,2017,2188.0
ukr,2018,1909.0
ukr,2019,1712.0
ukr,2020,1575.0
ukr,2021,1504.0
ukr,2022,1450.0
ukr,2023,4267.0
ukr,2024,3485.0
unicef_eap,1991,127280
unicef_eap,1992,130510
unicef_eap,1993,133910
unicef_eap,1994,136250
unicef_eap,1995,137450
unicef_eap,1996,139020
unicef_eap,1997,136510
unicef_eap,1998,133130
unicef_eap,1999,129410
unicef_eap,2000,126680
unicef_eap,2001,125870
unicef_eap,2002,126800
unicef_eap,2003,129190
unicef_eap,2004,129500
unicef_eap,2005,137780
unicef_eap,2006,130190
unicef_eap,2007,129930
unicef_eap,2008,129070
unicef_eap,2009,131150
unicef_eap,2010,126180
unicef_eap,2011,123920
unicef_eap,2012,119910
unicef_eap,2013,113140
unicef_eap,2014,106260
unicef_eap,2015,99955
unicef_eap,2016,93915
unicef_eap,2017,88848
unicef_eap,2018,85024
unicef_eap,2019,81642
unicef_eap,2020,78641
unicef_eap,2021,76443
unicef_eap,2022,75870
unicef_eap,2023,75269
unicef_eap,2024,73786
unicef_eapro,1991,116290
unicef_eapro,1992,119440
unicef_eapro,1993,123000
unicef_eapro,1994,125500
unicef_eapro,1995,126620
unicef_eapro,1996,128320
unicef_eapro,1997,126160
unicef_eapro,1998,123460
unicef_eapro,1999,120400
unicef_eapro,2000,118310
unicef_eapro,2001,118070
unicef_eapro,2002,119440
unicef_eapro,2003,122200
unicef_eapro,2004,122890
unicef_eapro,2005,131390
unicef_eapro,2006,124030
unicef_eapro,2007,123970
unicef_eapro,2008,123270
unicef_eapro,2009,125390
unicef_eapro,2010,120690
unicef_eapro,2011,118650
unicef_eapro,2012,114390
unicef_eapro,2013,108270
unicef_eapro,2014,101600
unicef_eapro,2015,95464
unicef_eapro,2016,89528
unicef_eapro,2017,84529
unicef_eapro,2018,80740
unicef_eapro,2019,77289
unicef_eapro,2020,74263
unicef_eapro,2021,72013
unicef_eapro,2022,71425
unicef_eapro,2023,70882
unicef_eapro,2024,69369
unicef_eca,1991,64182
unicef_eca,1992,66513
unicef_eca,1993,76728
unicef_eca,1994,80704
unicef_eca,1995,75939
unicef_eca,1996,74497
unicef_eca,1997,72599
unicef_eca,1998,71856
unicef_eca,1999,72380
unicef_eca,2000,73694
unicef_eca,2001,73900
unicef_eca,2002,72890
unicef_eca,2003,71068
unicef_eca,2004,69189
unicef_eca,2005,67197
unicef_eca,2006,65630
unicef_eca,2007,64338
unicef_eca,2008,62697
unicef_eca,2009,59915
unicef_eca,2010,56228
unicef_eca,2011,53151
unicef_eca,2012,49801
unicef_eca,2013,46428
unicef_eca,2014,42926
unicef_eca,2015,40175
unicef_eca,2016,36692
unicef_eca,2017,33960
unicef_eca,2018,31682
unicef_eca,2019,29884
unicef_eca,2020,28782
unicef_eca,2021,29165
unicef_eca,2022,27810
unicef_eca,2023,33531
unicef_eca,2024,37453
unicef_ecaro,1991,19596
unicef_ecaro,1992,20859
unicef_ecaro,1993,29461
unicef_ecaro,1994,31377
unicef_ecaro,1995,25057
unicef_ecaro,1996,23874
unicef_ecaro,1997,22580
unicef_ecaro,1998,22174
unicef_ecaro,1999,22232
unicef_ecaro,2000,22904
unicef_ecaro,2001,22661
unicef_ecaro,2002,22363
unicef_ecaro,2003,22063
unicef_ecaro,2004,21782
unicef_ecaro,2005,21579
unicef_ecaro,2006,21585
unicef_ecaro,2007,21800
unicef_ecaro,2008,21869
unicef_ecaro,2009,21614
unicef_ecaro,2010,20553
unicef_ecaro,2011,19680
unicef_ecaro,2012,18664
unicef_ecaro,2013,17653
unicef_ecaro,2014,16662
unicef_ecaro,2015,16439
unicef_ecaro,2016,15268
unicef_ecaro,2017,14514
unicef_ecaro,2018,13690
unicef_ecaro,2019,12844
unicef_ecaro,2020,12232
unicef_ecaro,2021,12839
unicef_ecaro,2022,11763
unicef_ecaro,2023,14752
unicef_ecaro,2024,16181
unicef_eeca,1991,35289
unicef_eeca,1992,37969
unicef_eeca,1993,48913
unicef_eeca,1994,53990
unicef_eeca,1995,50495
unicef_eeca,1996,50055
unicef_eeca,1997,49115
unicef_eeca,1998,49152
unicef_eeca,1999,50334
unicef_eeca,2000,52373
unicef_eeca,2001,53187
unicef_eeca,2002,52833
unicef_eeca,2003,51709
unicef_eeca,2004,50596
unicef_eeca,2005,49339
unicef_eeca,2006,48493
unicef_eeca,2007,47884
unicef_eeca,2008,46918
unicef_eeca,2009,44795
unicef_eeca,2010,41779
unicef_eeca,2011,39384
unicef_eeca,2012,36702
unicef_eeca,2013,33997
unicef_eeca,2014,31101
unicef_eeca,2015,28877
unicef_eeca,2016,25815
unicef_eeca,2017,23408
unicef_eeca,2018,21390
unicef_eeca,2019,19765
unicef_eeca,2020,18760
unicef_eeca,2021,19155
unicef_eeca,2022,17786
unicef_eeca,2023,23456
unicef_eeca,2024,27345
unicef_esa,1991,126980
unicef_esa,1992,130960
unicef_esa,1993,141750
unicef_esa,1994,146960
unicef_esa,1995,190320
unicef_esa,1996,139590
unicef_esa,1997,143390
unicef_esa,1998,147740
unicef_esa,1999,162110
unicef_esa,2000,156840
unicef_esa,2001,149120
unicef_esa,2002,150830
unicef_esa,2003,151830
unicef_esa,2004,150980
unicef_esa,2005,153150
unicef_esa,2006,151460
unicef_esa,2007,145540
unicef_esa,2008,140950
unicef_esa,2009,138840
unicef_esa,2010,133090
unicef_esa,2011,128740
unicef_esa,2012,128200
unicef_esa,2013,120810
unicef_esa,2014,116910
unicef_esa,2015,119670
unicef_esa,2016,117610
unicef_esa,2017,117730
unicef_esa,2018,116450
unicef_esa,2019,110560
unicef_esa,2020,108260
unicef_esa,2021,109320
unicef_esa,2022,110310
unicef_esa,2023,113800
unicef_esa,2024,117480
unicef_esaro,1991,116620
unicef_esaro,1992,120280
unicef_esaro,1993,130850
unicef_esaro,1994,136190
unicef_esaro,1995,179360
unicef_esaro,1996,128540
unicef_esaro,1997,132310
unicef_esaro,1998,136900
unicef_esaro,1999,151140
unicef_esaro,2000,145870
unicef_esaro,2001,137950
unicef_esaro,2002,139340
unicef_esaro,2003,138690
unicef_esaro,2004,135810
unicef_esaro,2005,135390
unicef_esaro,2006,134280
unicef_esaro,2007,132160
unicef_esaro,2008,129100
unicef_esaro,2009,125470
unicef_esaro,2010,121140
unicef_esaro,2011,116850
unicef_esaro,2012,116240
unicef_esaro,2013,108750
unicef_esaro,2014,104700
unicef_esaro,2015,106980
unicef_esaro,2016,104710
unicef_esaro,2017,104380
unicef_esaro,2018,102620
unicef_esaro,2019,96600
unicef_esaro,2020,94128
unicef_esaro,2021,94884
unicef_esaro,2022,95548
unicef_esaro,2023,99263
unicef_esaro,2024,99958
unicef_lac,1991,67479
unicef_lac,1992,68788
unicef_lac,1993,70371
unicef_lac,1994,71677
unicef_lac,1995,72661
unicef_lac,1996,73288
unicef_lac,1997,73571
unicef_lac,1998,73736
unicef_lac,1999,74636
unicef_lac,2000,74821
unicef_lac,2001,75963
unicef_lac,2002,77014
unicef_lac,2003,77592
unicef_lac,2004,77338
unicef_lac,2005,76445
unicef_lac,2006,75522
unicef_lac,2007,75201
unicef_lac,2008,75836
unicef_lac,2009,77083
unicef_lac,2010,78342
unicef_lac,2011,83238
unicef_lac,2012,79183
unicef_lac,2013,78671
unicef_lac,2014,77890
unicef_lac,2015,77415
unicef_lac,2016,77315
unicef_lac,2017,77168
unicef_lac,2018,76760
unicef_lac,2019,75862
unicef_lac,2020,74896
unicef_lac,2021,74196
unicef_lac,2022,73632
unicef_lac,2023,73018
unicef_lac,2024,72073
unicef_lacro,1991,67438
unicef_lacro,1992,68742
unicef_lacro,1993,70322
unicef_lacro,1994,71630
unicef_lacro,1995,72613
unicef_lacro,1996,73240
unicef_lacro,1997,73517
unicef_lacro,1998,73687
unicef_lacro,1999,74587
unicef_lacro,2000,74775
unicef_lacro,2001,75915
unicef_lacro,2002,76968
unicef_lacro,2003,77546
unicef_lacro,2004,77294
unicef_lacro,2005,76401
unicef_lacro,2006,75473
unicef_lacro,2007,75148
unicef_lacro,2008,75782
unicef_lacro,2009,77026
unicef_lacro,2010,78278
unicef_lacro,2011,83174
unicef_lacro,2012,79107
unicef_lacro,2013,78598
unicef_lacro,2014,77806
unicef_lacro,2015,77338
unicef_lacro,2016,77237
unicef_lacro,2017,77096
unicef_lacro,2018,76686
unicef_lacro,2019,75795
unicef_lacro,2020,74828
unicef_lacro,2021,74151
unicef_lacro,2022,73580
unicef_lacro,2023,72974
unicef_lacro,2024,72032
unicef_mena,1991,35437
unicef_mena,1992,29680
unicef_mena,1993,25749
unicef_mena,1994,25718
unicef_mena,1995,27327
unicef_mena,1996,26751
unicef_mena,1997,26322
unicef_mena,1998,27430
unicef_mena,1999,28300
unicef_mena,2000,28172
unicef_mena,2001,29354
unicef_mena,2002,30695
unicef_mena,2003,31531
unicef_mena,2004,37644
unicef_mena,2005,38515
unicef_mena,2006,39925
unicef_mena,2007,44291
unicef_mena,2008,44860
unicef_mena,2009,41716
unicef_mena,2010,38947
unicef_mena,2011,38224
unicef_mena,2012,39515
unicef_mena,2013,43957
unicef_mena,2014,42264
unicef_mena,2015,39860
unicef_mena,2016,42209
unicef_mena,2017,44419
unicef_mena,2018,40846
unicef_mena,2019,38619
unicef_mena,2020,36094
unicef_mena,2021,33464
unicef_mena,2022,32333
unicef_mena,2023,30607
unicef_mena,2024,33711
unicef_menaro,1991,45403
unicef_menaro,1992,39777
unicef_menaro,1993,35936
unicef_menaro,1994,35805
unicef_menaro,1995,37423
unicef_menaro,1996,36842
unicef_menaro,1997,36295
unicef_menaro,1998,37430
unicef_menaro,1999,38269
unicef_menaro,2000,38240
unicef_menaro,2001,39490
unicef_menaro,2002,40940
unicef_menaro,2003,43492
unicef_menaro,2004,51338
unicef_menaro,2005,54569
unicef_menaro,2006,55601
unicef_menaro,2007,56630
unicef_menaro,2008,55660
unicef_menaro,2009,54003
unicef_menaro,2010,49663
unicef_menaro,2011,49038
unicef_menaro,2012,50375
unicef_menaro,2013,55095
unicef_menaro,2014,53713
unicef_menaro,2015,51594
unicef_menaro,2016,54404
unicef_menaro,2017,57108
unicef_menaro,2018,53886
unicef_menaro,2019,51868
unicef_menaro,2020,49383
unicef_menaro,2021,46855
unicef_menaro,2022,45753
unicef_menaro,2023,44206
unicef_menaro,2024,49835
unicef_na,1991,22299
unicef_na,1992,22011
unicef_na,1993,21727
unicef_na,1994,21553
unicef_na,1995,21044
unicef_na,1996,20243
unicef_na,1997,19251
unicef_na,1998,18519
unicef_na,1999,18304
unicef_na,2000,18272
unicef_na,2001,18694
unicef_na,2002,19274
unicef_na,2003,19835
unicef_na,2004,20418
unicef_na,2005,20796
unicef_na,2006,21242
unicef_na,2007,21493
unicef_na,2008,21283
unicef_na,2009,20846
unicef_na,2010,20187
unicef_na,2011,19857
unicef_na,2012,19752
unicef_na,2013,19800
unicef_na,2014,20126
unicef_na,2015,20463
unicef_na,2016,20872
unicef_na,2017,21265
unicef_na,2018,21564
unicef_na,2019,21883
unicef_na,2020,22293
unicef_na,2021,23360
unicef_na,2022,23989
unicef_na,2023,23728
unicef_na,2024,21841
unicef_rosa,1991,242560
unicef_rosa,1992,249950
unicef_rosa,1993,248260
unicef_rosa,1994,246470
unicef_rosa,1995,251170
unicef_rosa,1996,253660
unicef_rosa,1997,255630
unicef_rosa,1998,257950
unicef_rosa,1999,261110
unicef_rosa,2000,260550
unicef_rosa,2001,261620
unicef_rosa,2002,260740
unicef_rosa,2003,260300
unicef_rosa,2004,258470
unicef_rosa,2005,259880
unicef_rosa,2006,259980
unicef_rosa,2007,254250
unicef_rosa,2008,251520
unicef_rosa,2009,247940
unicef_rosa,2010,243150
unicef_rosa,2011,235310
unicef_rosa,2012,228460
unicef_rosa,2013,221090
unicef_rosa,2014,211910
unicef_rosa,2015,205040
unicef_rosa,2016,197520
unicef_rosa,2017,188850
unicef_rosa,2018,184570
unicef_rosa,2019,178550
unicef_rosa,2020,170440
unicef_rosa,2021,162850
unicef_rosa,2022,157890
unicef_rosa,2023,144860
unicef_rosa,2024,138060
unicef_sa,1991,242560
unicef_sa,1992,249950
unicef_sa,1993,248260
unicef_sa,1994,246470
unicef_sa,1995,251170
unicef_sa,1996,253660
unicef_sa,1997,255630
unicef_sa,1998,257950
unicef_sa,1999,261110
unicef_sa,2000,260550
unicef_sa,2001,261620
unicef_sa,2002,260740
unicef_sa,2003,260300
unicef_sa,2004,258470
unicef_sa,2005,259880
unicef_sa,2006,259980
unicef_sa,2007,254250
unicef_sa,2008,251520
unicef_sa,2009,247940
unicef_sa,2010,243150
unicef_sa,2011,235310
unicef_sa,2012,228460
unicef_sa,2013,221090
unicef_sa,2014,211910
unicef_sa,2015,205040
unicef_sa,2016,197520
unicef_sa,2017,188850
unicef_sa,2018,184570
unicef_sa,2019,178550
unicef_sa,2020,170440
unicef_sa,2021,162850
unicef_sa,2022,157890
unicef_sa,2023,144860
unicef_sa,2024,138060
unicef_ssa,1991,205190
unicef_ssa,1992,207240
unicef_ssa,1993,221110
unicef_ssa,1994,229280
unicef_ssa,1995,284940
unicef_ssa,1996,227460
unicef_ssa,1997,236250
unicef_ssa,1998,241610
unicef_ssa,1999,265740
unicef_ssa,2000,263660
unicef_ssa,2001,247820
unicef_ssa,2002,251290
unicef_ssa,2003,253790
unicef_ssa,2004,254460
unicef_ssa,2005,257370
unicef_ssa,2006,256630
unicef_ssa,2007,251570
unicef_ssa,2008,247720
unicef_ssa,2009,246420
unicef_ssa,2010,257280
unicef_ssa,2011,238050
unicef_ssa,2012,237200
unicef_ssa,2013,229530
unicef_ssa,2014,226520
unicef_ssa,2015,232780
unicef_ssa,2016,227680
unicef_ssa,2017,229050
unicef_ssa,2018,230830
unicef_ssa,2019,223700
unicef_ssa,2020,232300
unicef_ssa,2021,225970
unicef_ssa,2022,233860
unicef_ssa,2023,256020
unicef_ssa,2024,241330
unicef_wca,1991,67114
unicef_wca,1992,65455
unicef_wca,1993,68075
unicef_wca,1994,71052
unicef_wca,1995,74829
unicef_wca,1996,78158
unicef_wca,1997,83369
unicef_wca,1998,84906
unicef_wca,1999,94414
unicef_wca,2000,97830
unicef_wca,2001,90719
unicef_wca,2002,92817
unicef_wca,2003,94693
unicef_wca,2004,96602
unicef_wca,2005,97589
unicef_wca,2006,98514
unicef_wca,2007,99223
unicef_wca,2008,99801
unicef_wca,2009,100220
unicef_wca,2010,115130
unicef_wca,2011,101570
unicef_wca,2012,100140
unicef_wca,2013,99370
unicef_wca,2014,99376
unicef_wca,2015,101810
unicef_wca,2016,97269
unicef_wca,2017,97550
unicef_wca,2018,99530
unicef_wca,2019,96623
unicef_wca,2020,105840
unicef_wca,2021,98548
unicef_wca,2022,103660
unicef_wca,2023,119560
unicef_wca,2024,103340
unicef_wcaro,1991,67114
unicef_wcaro,1992,65455
unicef_wcaro,1993,68075
unicef_wcaro,1994,71052
unicef_wcaro,1995,74829
unicef_wcaro,1996,78158
unicef_wcaro,1997,83369
unicef_wcaro,1998,84906
unicef_wcaro,1999,94414
unicef_wcaro,2000,97830
unicef_wcaro,2001,90719
unicef_wcaro,2002,92817
unicef_wcaro,2003,94693
unicef_wcaro,2004,96602
unicef_wcaro,2005,97589
unicef_wcaro,2006,98514
unicef_wcaro,2007,99223
unicef_wcaro,2008,99801
unicef_wcaro,2009,100220
unicef_wcaro,2010,115130
unicef_wcaro,2011,101570
unicef_wcaro,2012,100140
unicef_wcaro,2013,99370
unicef_wcaro,2014,99376
unicef_wcaro,2015,101810
unicef_wcaro,2016,97269
unicef_wcaro,2017,97550
unicef_wcaro,2018,99530
unicef_wcaro,2019,96623
unicef_wcaro,2020,105840
unicef_wcaro,2021,98548
unicef_wcaro,2022,103660
unicef_wcaro,2023,119560
unicef_wcaro,2024,103340
unicef_we,1991,28562
unicef_we,1992,28200
unicef_we,1993,27462
unicef_we,1994,26371
unicef_we,1995,25163
unicef_we,1996,24113
unicef_we,1997,23217
unicef_we,1998,22451
unicef_we,1999,21765
unicef_we,2000,21083
unicef_we,2001,20467
unicef_we,2002,19824
unicef_we,2003,19121
unicef_we,2004,18406
unicef_we,2005,17658
unicef_we,2006,16967
unicef_we,2007,16284
unicef_we,2008,15609
unicef_we,2009,14960
unicef_we,2010,14278
unicef_we,2011,13616
unicef_we,2012,12964
unicef_we,2013,12298
unicef_we,2014,11690
unicef_we,2015,11173
unicef_we,2016,10757
unicef_we,2017,10435
unicef_we,2018,10186
unicef_we,2019,10016
unicef_we,2020,9919.0
unicef_we,2021,9886.0
unicef_we,2022,9884.0
unicef_we,2023,9874.0
unicef_we,2024,9776.0
unsdg_australianewzealand,1991,1533.0
unsdg_australianewzealand,1992,1484.0
unsdg_australianewzealand,1993,1437.0
unsdg_australianewzealand,1994,1406.0
unsdg_australianewzealand,1995,1382.0
unsdg_australianewzealand,1996,1375.0
unsdg_australianewzealand,1997,1363.0
unsdg_australianewzealand,1998,1333.0
unsdg_australianewzealand,1999,1285.0
unsdg_australianewzealand,2000,1213.0
unsdg_australianewzealand,2001,1132.0
unsdg_australianewzealand,2002,1055.0
unsdg_australianewzealand,2003,1001.0
unsdg_australianewzealand,2004,979.00
unsdg_australianewzealand,2005,964.00
unsdg_australianewzealand,2006,956.00
unsdg_australianewzealand,2007,947.00
unsdg_australianewzealand,2008,934.00
unsdg_australianewzealand,2009,923.00
unsdg_australianewzealand,2010,912.00
unsdg_australianewzealand,2011,900.00
unsdg_australianewzealand,2012,885.00
unsdg_australianewzealand,2013,866.00
unsdg_australianewzealand,2014,849.00
unsdg_australianewzealand,2015,837.00
unsdg_australianewzealand,2016,840.00
unsdg_australianewzealand,2017,854.00
unsdg_australianewzealand,2018,873.00
unsdg_australianewzealand,2019,899.00
unsdg_australianewzealand,2020,910.00
unsdg_australianewzealand,2021,895.00
unsdg_australianewzealand,2022,856.00
unsdg_australianewzealand,2023,811.00
unsdg_australianewzealand,2024,753.00
unsdg_centralasia,1991,6328.0
unsdg_centralasia,1992,6656.0
unsdg_centralasia,1993,9227.0
unsdg_centralasia,1994,10924
unsdg_centralasia,1995,8557.0
unsdg_centralasia,1996,8138.0
unsdg_centralasia,1997,8613.0
unsdg_centralasia,1998,8341.0
unsdg_centralasia,1999,8292.0
unsdg_centralasia,2000,8199.0
unsdg_centralasia,2001,8211.0
unsdg_centralasia,2002,7953.0
unsdg_centralasia,2003,7804.0
unsdg_centralasia,2004,7703.0
unsdg_centralasia,2005,7646.0
unsdg_centralasia,2006,7694.0
unsdg_centralasia,2007,7744.0
unsdg_centralasia,2008,7684.0
unsdg_centralasia,2009,7487.0
unsdg_centralasia,2010,7188.0
unsdg_centralasia,2011,6985.0
unsdg_centralasia,2012,6677.0
unsdg_centralasia,2013,6276.0
unsdg_centralasia,2014,6020.0
unsdg_centralasia,2015,5790.0
unsdg_centralasia,2016,5597.0
unsdg_centralasia,2017,5374.0
unsdg_centralasia,2018,5099.0
unsdg_centralasia,2019,4798.0
unsdg_centralasia,2020,4506.0
unsdg_centralasia,2021,4291.0
unsdg_centralasia,2022,4151.0
unsdg_centralasia,2023,4065.0
unsdg_centralasia,2024,4006.0
unsdg_centralasiasouthernasia,1991,260690
unsdg_centralasiasouthernasia,1992,265990
unsdg_centralasiasouthernasia,1993,265900
unsdg_centralasiasouthernasia,1994,265100
unsdg_centralasiasouthernasia,1995,267140
unsdg_centralasiasouthernasia,1996,269410
unsdg_centralasiasouthernasia,1997,271840
unsdg_centralasiasouthernasia,1998,273820
unsdg_centralasiasouthernasia,1999,277300
unsdg_centralasiasouthernasia,2000,277600
unsdg_centralasiasouthernasia,2001,279440
unsdg_centralasiasouthernasia,2002,279110
unsdg_centralasiasouthernasia,2003,279020
unsdg_centralasiasouthernasia,2004,280330
unsdg_centralasiasouthernasia,2005,280020
unsdg_centralasiasouthernasia,2006,280830
unsdg_centralasiasouthernasia,2007,276010
unsdg_centralasiasouthernasia,2008,273770
unsdg_centralasiasouthernasia,2009,270410
unsdg_centralasiasouthernasia,2010,265050
unsdg_centralasiasouthernasia,2011,256210
unsdg_centralasiasouthernasia,2012,247800
unsdg_centralasiasouthernasia,2013,238610
unsdg_centralasiasouthernasia,2014,227770
unsdg_centralasiasouthernasia,2015,219770
unsdg_centralasiasouthernasia,2016,211380
unsdg_centralasiasouthernasia,2017,202060
unsdg_centralasiasouthernasia,2018,197220
unsdg_centralasiasouthernasia,2019,190730
unsdg_centralasiasouthernasia,2020,182240
unsdg_centralasiasouthernasia,2021,174020
unsdg_centralasiasouthernasia,2022,169020
unsdg_centralasiasouthernasia,2023,156220
unsdg_centralasiasouthernasia,2024,149560
unsdg_easternasia,1991,57468
unsdg_easternasia,1992,60038
unsdg_easternasia,1993,62636
unsdg_easternasia,1994,64198
unsdg_easternasia,1995,64560
unsdg_easternasia,1996,66493
unsdg_easternasia,1997,64628
unsdg_easternasia,1998,62292
unsdg_easternasia,1999,59653
unsdg_easternasia,2000,57865
unsdg_easternasia,2001,57430
unsdg_easternasia,2002,58337
unsdg_easternasia,2003,60574
unsdg_easternasia,2004,61157
unsdg_easternasia,2005,62863
unsdg_easternasia,2006,64356
unsdg_easternasia,2007,65962
unsdg_easternasia,2008,66931
unsdg_easternasia,2009,67336
unsdg_easternasia,2010,66868
unsdg_easternasia,2011,65084
unsdg_easternasia,2012,61868
unsdg_easternasia,2013,55573
unsdg_easternasia,2014,49190
unsdg_easternasia,2015,43498
unsdg_easternasia,2016,37863
unsdg_easternasia,2017,33652
unsdg_easternasia,2018,30704
unsdg_easternasia,2019,28272
unsdg_easternasia,2020,26313
unsdg_easternasia,2021,24907
unsdg_easternasia,2022,23622
unsdg_easternasia,2023,22260
unsdg_easternasia,2024,21132
unsdg_easternasiasoutheasternasia,1991,124530
unsdg_easternasiasoutheasternasia,1992,127850
unsdg_easternasiasoutheasternasia,1993,131220
unsdg_easternasiasoutheasternasia,1994,133560
unsdg_easternasiasoutheasternasia,1995,134810
unsdg_easternasiasoutheasternasia,1996,136320
unsdg_easternasiasoutheasternasia,1997,133810
unsdg_easternasiasoutheasternasia,1998,130470
unsdg_easternasiasoutheasternasia,1999,126560
unsdg_easternasiasoutheasternasia,2000,124020
unsdg_easternasiasoutheasternasia,2001,123280
unsdg_easternasiasoutheasternasia,2002,124300
unsdg_easternasiasoutheasternasia,2003,126680
unsdg_easternasiasoutheasternasia,2004,127020
unsdg_easternasiasoutheasternasia,2005,135250
unsdg_easternasiasoutheasternasia,2006,127600
unsdg_easternasiasoutheasternasia,2007,127380
unsdg_easternasiasoutheasternasia,2008,126560
unsdg_easternasiasoutheasternasia,2009,128460
unsdg_easternasiasoutheasternasia,2010,123560
unsdg_easternasiasoutheasternasia,2011,121240
unsdg_easternasiasoutheasternasia,2012,117290
unsdg_easternasiasoutheasternasia,2013,110470
unsdg_easternasiasoutheasternasia,2014,103510
unsdg_easternasiasoutheasternasia,2015,97237
unsdg_easternasiasoutheasternasia,2016,91226
unsdg_easternasiasoutheasternasia,2017,86173
unsdg_easternasiasoutheasternasia,2018,82346
unsdg_easternasiasoutheasternasia,2019,78865
unsdg_easternasiasoutheasternasia,2020,75947
unsdg_easternasiasoutheasternasia,2021,73748
unsdg_easternasiasoutheasternasia,2022,73137
unsdg_easternasiasoutheasternasia,2023,72629
unsdg_easternasiasoutheasternasia,2024,71154
unsdg_europe,1991,55526
unsdg_europe,1992,56986
unsdg_europe,1993,63106
unsdg_europe,1994,64574
unsdg_europe,1995,63213
unsdg_europe,1996,62292
unsdg_europe,1997,60702
unsdg_europe,1998,60338
unsdg_europe,1999,60664
unsdg_europe,2000,61317
unsdg_europe,2001,61842
unsdg_europe,2002,60872
unsdg_europe,2003,59169
unsdg_europe,2004,57198
unsdg_europe,2005,55003
unsdg_europe,2006,53369
unsdg_europe,2007,51939
unsdg_europe,2008,50351
unsdg_europe,2009,47575
unsdg_europe,2010,44402
unsdg_europe,2011,41579
unsdg_europe,2012,38600
unsdg_europe,2013,35587
unsdg_europe,2014,32405
unsdg_europe,2015,29696
unsdg_europe,2016,26314
unsdg_europe,2017,23794
unsdg_europe,2018,21911
unsdg_europe,2019,20634
unsdg_europe,2020,19924
unsdg_europe,2021,19545
unsdg_europe,2022,19127
unsdg_europe,2023,24764
unsdg_europe,2024,26230
unsdg_europenorthernamr,1991,78320
unsdg_europenorthernamr,1992,79555
unsdg_europenorthernamr,1993,85423
unsdg_europenorthernamr,1994,86715
unsdg_europenorthernamr,1995,84864
unsdg_europenorthernamr,1996,83096
unsdg_europenorthernamr,1997,80510
unsdg_europenorthernamr,1998,79388
unsdg_europenorthernamr,1999,79466
unsdg_europenorthernamr,2000,80129
unsdg_europenorthernamr,2001,81010
unsdg_europenorthernamr,2002,80682
unsdg_europenorthernamr,2003,79536
unsdg_europenorthernamr,2004,78149
unsdg_europenorthernamr,2005,76400
unsdg_europenorthernamr,2006,75174
unsdg_europenorthernamr,2007,73991
unsdg_europenorthernamr,2008,72178
unsdg_europenorthernamr,2009,68913
unsdg_europenorthernamr,2010,65078
unsdg_europenorthernamr,2011,61890
unsdg_europenorthernamr,2012,58808
unsdg_europenorthernamr,2013,55804
unsdg_europenorthernamr,2014,52889
unsdg_europenorthernamr,2015,50512
unsdg_europenorthernamr,2016,47520
unsdg_europenorthernamr,2017,45358
unsdg_europenorthernamr,2018,43773
unsdg_europenorthernamr,2019,42799
unsdg_europenorthernamr,2020,42508
unsdg_europenorthernamr,2021,43251
unsdg_europenorthernamr,2022,43666
unsdg_europenorthernamr,2023,49292
unsdg_europenorthernamr,2024,49193
unsdg_lac,1991,67479
unsdg_lac,1992,68788
unsdg_lac,1993,70371
unsdg_lac,1994,71677
unsdg_lac,1995,72661
unsdg_lac,1996,73288
unsdg_lac,1997,73571
unsdg_lac,1998,73736
unsdg_lac,1999,74636
unsdg_lac,2000,74821
unsdg_lac,2001,75963
unsdg_lac,2002,77014
unsdg_lac,2003,77592
unsdg_lac,2004,77338
unsdg_lac,2005,76445
unsdg_lac,2006,75522
unsdg_lac,2007,75201
unsdg_lac,2008,75836
unsdg_lac,2009,77083
unsdg_lac,2010,78342
unsdg_lac,2011,83238
unsdg_lac,2012,79183
unsdg_lac,2013,78671
unsdg_lac,2014,77890
unsdg_lac,2015,77415
unsdg_lac,2016,77315
unsdg_lac,2017,77168
unsdg_lac,2018,76760
unsdg_lac,2019,75862
unsdg_lac,2020,74896
unsdg_lac,2021,74196
unsdg_lac,2022,73632
unsdg_lac,2023,73018
unsdg_lac,2024,72073
unsdg_ldc,1991,201460
unsdg_ldc,1992,205000
unsdg_ldc,1993,211820
unsdg_ldc,1994,213340
unsdg_ldc,1995,265690
unsdg_ldc,1996,203960
unsdg_ldc,1997,208040
unsdg_ldc,1998,206800
unsdg_ldc,1999,228880
unsdg_ldc,2000,221890
unsdg_ldc,2001,202450
unsdg_ldc,2002,202080
unsdg_ldc,2003,200950
unsdg_ldc,2004,197520
unsdg_ldc,2005,198290
unsdg_ldc,2006,195250
unsdg_ldc,2007,190380
unsdg_ldc,2008,187670
unsdg_ldc,2009,191860
unsdg_ldc,2010,199710
unsdg_ldc,2011,191960
unsdg_ldc,2012,188710
unsdg_ldc,2013,184160
unsdg_ldc,2014,182570
unsdg_ldc,2015,192580
unsdg_ldc,2016,193160
unsdg_ldc,2017,194670
unsdg_ldc,2018,202200
unsdg_ldc,2019,199950
unsdg_ldc,2020,206340
unsdg_ldc,2021,198080
unsdg_ldc,2022,208260
unsdg_ldc,2023,219500
unsdg_ldc,2024,205340
unsdg_lldc,1991,103730
unsdg_lldc,1992,103400
unsdg_lldc,1993,117010
unsdg_lldc,1994,121200
unsdg_lldc,1995,162290
unsdg_lldc,1996,110300
unsdg_lldc,1997,111740
unsdg_lldc,1998,113450
unsdg_lldc,1999,122500
unsdg_lldc,2000,111140
unsdg_lldc,2001,104920
unsdg_lldc,2002,103050
unsdg_lldc,2003,100910
unsdg_lldc,2004,97211
unsdg_lldc,2005,96172
unsdg_lldc,2006,94028
unsdg_lldc,2007,93369
unsdg_lldc,2008,92295
unsdg_lldc,2009,90240
unsdg_lldc,2010,100080
unsdg_lldc,2011,88263
unsdg_lldc,2012,86614
unsdg_lldc,2013,85493
unsdg_lldc,2014,84365
unsdg_lldc,2015,91973
unsdg_lldc,2016,89626
unsdg_lldc,2017,89329
unsdg_lldc,2018,93139
unsdg_lldc,2019,86401
unsdg_lldc,2020,92558
unsdg_lldc,2021,86580
unsdg_lldc,2022,92573
unsdg_lldc,2023,100280
unsdg_lldc,2024,86081
unsdg_northafr,1991,21875
unsdg_northafr,1992,21728
unsdg_northafr,1993,21654
unsdg_northafr,1994,21687
unsdg_northafr,1995,22880
unsdg_northafr,1996,22473
unsdg_northafr,1997,21706
unsdg_northafr,1998,22288
unsdg_northafr,1999,22459
unsdg_northafr,2000,21585
unsdg_northafr,2001,21669
unsdg_northafr,2002,21779
unsdg_northafr,2003,23221
unsdg_northafr,2004,24549
unsdg_northafr,2005,26806
unsdg_northafr,2006,26447
unsdg_northafr,2007,23324
unsdg_northafr,2008,21989
unsdg_northafr,2009,23650
unsdg_northafr,2010,22395
unsdg_northafr,2011,22537
unsdg_northafr,2012,23314
unsdg_northafr,2013,22651
unsdg_northafr,2014,22567
unsdg_northafr,2015,22940
unsdg_northafr,2016,22724
unsdg_northafr,2017,22579
unsdg_northafr,2018,22294
unsdg_northafr,2019,22289
unsdg_northafr,2020,22507
unsdg_northafr,2021,22619
unsdg_northafr,2022,22811
unsdg_northafr,2023,23206
unsdg_northafr,2024,26121
unsdg_northernamr,1991,22299
unsdg_northernamr,1992,22011
unsdg_northernamr,1993,21727
unsdg_northernamr,1994,21553
unsdg_northernamr,1995,21044
unsdg_northernamr,1996,20243
unsdg_northernamr,1997,19251
unsdg_northernamr,1998,18519
unsdg_northernamr,1999,18304
unsdg_northernamr,2000,18272
unsdg_northernamr,2001,18694
unsdg_northernamr,2002,19274
unsdg_northernamr,2003,19835
unsdg_northernamr,2004,20418
unsdg_northernamr,2005,20796
unsdg_northernamr,2006,21242
unsdg_northernamr,2007,21493
unsdg_northernamr,2008,21283
unsdg_northernamr,2009,20846
unsdg_northernamr,2010,20187
unsdg_northernamr,2011,19857
unsdg_northernamr,2012,19752
unsdg_northernamr,2013,19800
unsdg_northernamr,2014,20126
unsdg_northernamr,2015,20463
unsdg_northernamr,2016,20872
unsdg_northernamr,2017,21265
unsdg_northernamr,2018,21564
unsdg_northernamr,2019,21883
unsdg_northernamr,2020,22293
unsdg_northernamr,2021,23360
unsdg_northernamr,2022,23989
unsdg_northernamr,2023,23728
unsdg_northernamr,2024,21841
unsdg_oceania,1991,2526.0
unsdg_oceania,1992,2488.0
unsdg_oceania,1993,2457.0
unsdg_oceania,1994,2444.0
unsdg_oceania,1995,2445.0
unsdg_oceania,1996,2462.0
unsdg_oceania,1997,2475.0
unsdg_oceania,1998,2468.0
unsdg_oceania,1999,2548.0
unsdg_oceania,2000,2391.0
unsdg_oceania,2001,2330.0
unsdg_oceania,2002,2273.0
unsdg_oceania,2003,2244.0
unsdg_oceania,2004,2241.0
unsdg_oceania,2005,2249.0
unsdg_oceania,2006,2261.0
unsdg_oceania,2007,2277.0
unsdg_oceania,2008,2287.0
unsdg_oceania,2009,2296.0
unsdg_oceania,2010,2316.0
unsdg_oceania,2011,2314.0
unsdg_oceania,2012,2314.0
unsdg_oceania,2013,2309.0
unsdg_oceania,2014,2304.0
unsdg_oceania,2015,2299.0
unsdg_oceania,2016,2308.0
unsdg_oceania,2017,2328.0
unsdg_oceania,2018,2357.0
unsdg_oceania,2019,2383.0
unsdg_oceania,2020,2398.0
unsdg_oceania,2021,2385.0
unsdg_oceania,2022,2346.0
unsdg_oceania,2023,2305.0
unsdg_oceania,2024,2256.0
unsdg_oceaniaexausnzl,1991,946.00
unsdg_oceaniaexausnzl,1992,954.00
unsdg_oceaniaexausnzl,1993,974.00
unsdg_oceaniaexausnzl,1994,994.00
unsdg_oceaniaexausnzl,1995,1018.0
unsdg_oceaniaexausnzl,1996,1040.0
unsdg_oceaniaexausnzl,1997,1063.0
unsdg_oceaniaexausnzl,1998,1086.0
unsdg_oceaniaexausnzl,1999,1217.0
unsdg_oceaniaexausnzl,2000,1133.0
unsdg_oceaniaexausnzl,2001,1157.0
unsdg_oceaniaexausnzl,2002,1180.0
unsdg_oceaniaexausnzl,2003,1202.0
unsdg_oceaniaexausnzl,2004,1226.0
unsdg_oceaniaexausnzl,2005,1251.0
unsdg_oceaniaexausnzl,2006,1272.0
unsdg_oceaniaexausnzl,2007,1294.0
unsdg_oceaniaexausnzl,2008,1315.0
unsdg_oceaniaexausnzl,2009,1336.0
unsdg_oceaniaexausnzl,2010,1365.0
unsdg_oceaniaexausnzl,2011,1377.0
unsdg_oceaniaexausnzl,2012,1394.0
unsdg_oceaniaexausnzl,2013,1407.0
unsdg_oceaniaexausnzl,2014,1419.0
unsdg_oceaniaexausnzl,2015,1426.0
unsdg_oceaniaexausnzl,2016,1433.0
unsdg_oceaniaexausnzl,2017,1438.0
unsdg_oceaniaexausnzl,2018,1443.0
unsdg_oceaniaexausnzl,2019,1446.0
unsdg_oceaniaexausnzl,2020,1449.0
unsdg_oceaniaexausnzl,2021,1448.0
unsdg_oceaniaexausnzl,2022,1448.0
unsdg_oceaniaexausnzl,2023,1445.0
unsdg_oceaniaexausnzl,2024,1442.0
unsdg_sids,1991,6926.0
unsdg_sids,1992,7069.0
unsdg_sids,1993,7169.0
unsdg_sids,1994,7281.0
unsdg_sids,1995,7361.0
unsdg_sids,1996,7449.0
unsdg_sids,1997,7453.0
unsdg_sids,1998,7495.0
unsdg_sids,1999,7764.0
unsdg_sids,2000,7653.0
unsdg_sids,2001,7082.0
unsdg_sids,2002,7047.0
unsdg_sids,2003,7049.0
unsdg_sids,2004,7073.0
unsdg_sids,2005,7134.0
unsdg_sids,2006,7179.0
unsdg_sids,2007,7249.0
unsdg_sids,2008,7299.0
unsdg_sids,2009,7341.0
unsdg_sids,2010,7376.0
unsdg_sids,2011,10980
unsdg_sids,2012,7341.0
unsdg_sids,2013,7268.0
unsdg_sids,2014,7176.0
unsdg_sids,2015,7053.0
unsdg_sids,2016,6900.0
unsdg_sids,2017,6760.0
unsdg_sids,2018,6638.0
unsdg_sids,2019,6548.0
unsdg_sids,2020,6483.0
unsdg_sids,2021,6414.0
unsdg_sids,2022,6381.0
unsdg_sids,2023,6376.0
unsdg_sids,2024,6525.0
unsdg_southasia,1991,254240
unsdg_southasia,1992,259190
unsdg_southasia,1993,256390
unsdg_southasia,1994,253810
unsdg_southasia,1995,258300
unsdg_southasia,1996,261110
unsdg_southasia,1997,263050
unsdg_southasia,1998,265340
unsdg_southasia,1999,268860
unsdg_southasia,2000,269180
unsdg_southasia,2001,271040
unsdg_southasia,2002,270920
unsdg_southasia,2003,270980
unsdg_southasia,2004,272450
unsdg_southasia,2005,272210
unsdg_southasia,2006,272980
unsdg_southasia,2007,268110
unsdg_southasia,2008,265850
unsdg_southasia,2009,262690
unsdg_southasia,2010,257770
unsdg_southasia,2011,249070
unsdg_southasia,2012,240940
unsdg_southasia,2013,232110
unsdg_southasia,2014,221580
unsdg_southasia,2015,213880
unsdg_southasia,2016,205570
unsdg_southasia,2017,196450
unsdg_southasia,2018,191890
unsdg_southasia,2019,185750
unsdg_southasia,2020,177420
unsdg_southasia,2021,169460
unsdg_southasia,2022,164490
unsdg_southasia,2023,152020
unsdg_southasia,2024,145170
unsdg_southeasternasia,1991,54452
unsdg_southeasternasia,1992,54971
unsdg_southeasternasia,1993,55668
unsdg_southeasternasia,1994,56967
unsdg_southeasternasia,1995,58067
unsdg_southeasternasia,1996,58703
unsdg_southeasternasia,1997,58665
unsdg_southeasternasia,1998,58237
unsdg_southeasternasia,1999,57933
unsdg_southeasternasia,2000,57714
unsdg_southeasternasia,2001,57523
unsdg_southeasternasia,2002,58064
unsdg_southeasternasia,2003,58557
unsdg_southeasternasia,2004,58619
unsdg_southeasternasia,2005,65308
unsdg_southeasternasia,2006,57247
unsdg_southeasternasia,2007,55788
unsdg_southeasternasia,2008,54116
unsdg_southeasternasia,2009,55789
unsdg_southeasternasia,2010,50358
unsdg_southeasternasia,2011,48646
unsdg_southeasternasia,2012,47126
unsdg_southeasternasia,2013,45842
unsdg_southeasternasia,2014,44847
unsdg_southeasternasia,2015,43848
unsdg_southeasternasia,2016,43010
unsdg_southeasternasia,2017,41905
unsdg_southeasternasia,2018,41015
unsdg_southeasternasia,2019,39710
unsdg_southeasternasia,2020,38712
unsdg_southeasternasia,2021,37996
unsdg_southeasternasia,2022,38941
unsdg_southeasternasia,2023,39572
unsdg_southeasternasia,2024,39091
unsdg_subsaharanafrica,1991,195210
unsdg_subsaharanafrica,1992,197010
unsdg_subsaharanafrica,1993,210680
unsdg_subsaharanafrica,1994,218840
unsdg_subsaharanafrica,1995,273860
unsdg_subsaharanafrica,1996,216630
unsdg_subsaharanafrica,1997,225480
unsdg_subsaharanafrica,1998,231240
unsdg_subsaharanafrica,1999,255240
unsdg_subsaharanafrica,2000,252870
unsdg_subsaharanafrica,2001,236840
unsdg_subsaharanafrica,2002,240010
unsdg_subsaharanafrica,2003,240730
unsdg_subsaharanafrica,2004,239770
unsdg_subsaharanafrica,2005,240000
unsdg_subsaharanafrica,2006,239740
unsdg_subsaharanafrica,2007,238510
unsdg_subsaharanafrica,2008,236350
unsdg_subsaharanafrica,2009,233110
unsdg_subsaharanafrica,2010,245620
unsdg_subsaharanafrica,2011,226430
unsdg_subsaharanafrica,2012,225510
unsdg_subsaharanafrica,2013,217870
unsdg_subsaharanafrica,2014,214660
unsdg_subsaharanafrica,2015,220600
unsdg_subsaharanafrica,2016,214950
unsdg_subsaharanafrica,2017,216140
unsdg_subsaharanafrica,2018,217710
unsdg_subsaharanafrica,2019,210040
unsdg_subsaharanafrica,2020,218140
unsdg_subsaharanafrica,2021,212120
unsdg_subsaharanafrica,2022,219490
unsdg_subsaharanafrica,2023,242080
unsdg_subsaharanafrica,2024,224280
unsdg_westernasia,1991,17737
unsdg_westernasia,1992,13750
unsdg_westernasia,1993,11510
unsdg_westernasia,1994,12432
unsdg_westernasia,1995,12095
unsdg_westernasia,1996,12129
unsdg_westernasia,1997,11231
unsdg_westernasia,1998,11313
unsdg_westernasia,1999,11608
unsdg_westernasia,2000,12480
unsdg_westernasia,2001,12613
unsdg_westernasia,2002,13205
unsdg_westernasia,2003,13426
unsdg_westernasia,2004,16949
unsdg_westernasia,2005,18831
unsdg_westernasia,2006,19247
unsdg_westernasia,2007,22531
unsdg_westernasia,2008,22274
unsdg_westernasia,2009,18818
unsdg_westernasia,2010,15926
unsdg_westernasia,2011,15802
unsdg_westernasia,2012,17399
unsdg_westernasia,2013,23939
unsdg_westernasia,2014,23533
unsdg_westernasia,2015,22189
unsdg_westernasia,2016,25810
unsdg_westernasia,2017,28916
unsdg_westernasia,2018,26083
unsdg_westernasia,2019,23975
unsdg_westernasia,2020,21602
unsdg_westernasia,2021,20285
unsdg_westernasia,2022,18475
unsdg_westernasia,2023,16692
unsdg_westernasia,2024,21485
unsdg_westernasianorthernafr,1991,42138
unsdg_westernasianorthernafr,1992,38015
unsdg_westernasianorthernafr,1993,35659
unsdg_westernasianorthernafr,1994,36505
unsdg_westernasianorthernafr,1995,37404
unsdg_westernasianorthernafr,1996,36938
unsdg_westernasianorthernafr,1997,35145
unsdg_westernasianorthernafr,1998,35688
unsdg_westernasianorthernafr,1999,36174
unsdg_westernasianorthernafr,2000,36188
unsdg_westernasianorthernafr,2001,36269
unsdg_westernasianorthernafr,2002,36919
unsdg_westernasianorthernafr,2003,38641
unsdg_westernasianorthernafr,2004,43613
unsdg_westernasianorthernafr,2005,47832
unsdg_westernasianorthernafr,2006,47805
unsdg_westernasianorthernafr,2007,47877
unsdg_westernasianorthernafr,2008,46049
unsdg_westernasianorthernafr,2009,44105
unsdg_westernasianorthernafr,2010,39684
unsdg_westernasianorthernafr,2011,39756
unsdg_westernasianorthernafr,2012,42191
unsdg_westernasianorthernafr,2013,48305
unsdg_westernasianorthernafr,2014,48172
unsdg_westernasianorthernafr,2015,47244
unsdg_westernasianorthernafr,2016,50883
unsdg_westernasianorthernafr,2017,54004
unsdg_westernasianorthernafr,2018,50940
unsdg_westernasianorthernafr,2019,48845
unsdg_westernasianorthernafr,2020,46499
unsdg_westernasianorthernafr,2021,45239
unsdg_westernasianorthernafr,2022,43501
unsdg_westernasianorthernafr,2023,42211
unsdg_westernasianorthernafr,2024,50344
ury,1991,186.00
ury,1992,192.00
ury,1993,199.00
ury,1994,208.00
ury,1995,221.00
ury,1996,233.00
ury,1997,244.00
ury,1998,250.00
ury,1999,250.00
ury,2000,243.00
ury,2001,230.00
ury,2002,213.00
ury,2003,199.00
ury,2004,187.00
ury,2005,181.00
ury,2006,180.00
ury,2007,184.00
ury,2008,193.00
ury,2009,204.00
ury,2010,216.00
ury,2011,227.00
ury,2012,236.00
ury,2013,243.00
ury,2014,245.00
ury,2015,246.00
ury,2016,245.00
ury,2017,247.00
ury,2018,251.00
ury,2019,255.00
ury,2020,261.00
ury,2021,265.00
ury,2022,266.00
ury,2023,262.00
ury,2024,251.00
usa,1991,20529
usa,1992,20351
usa,1993,20158
usa,1994,20075
usa,1995,19620
usa,1996,18868
usa,1997,17909
usa,1998,17196
usa,1999,16996
usa,2000,16975
usa,2001,17394
usa,2002,17973
usa,2003,18532
usa,2004,19118
usa,2005,19480
usa,2006,19924
usa,2007,20166
usa,2008,19984
usa,2009,19569
usa,2010,18928
usa,2011,18601
usa,2012,18494
usa,2013,18561
usa,2014,18889
usa,2015,19218
usa,2016,19616
usa,2017,19966
usa,2018,20216
usa,2019,20465
usa,2020,20817
usa,2021,21833
usa,2022,22432
usa,2023,22157
usa,2024,20250
uzb,1991,2391.0
uzb,1992,2442.0
uzb,1993,2506.0
uzb,1994,2585.0
uzb,1995,2662.0
uzb,1996,2753.0
uzb,1997,2840.0
uzb,1998,2914.0
uzb,1999,2988.0
uzb,2000,3015.0
uzb,2001,3008.0
uzb,2002,2943.0
uzb,2003,2825.0
uzb,2004,2688.0
uzb,2005,2554.0
uzb,2006,2498.0
uzb,2007,2492.0
uzb,2008,2503.0
uzb,2009,2521.0
uzb,2010,2508.0
uzb,2011,2504.0
uzb,2012,2502.0
uzb,2013,2501.0
uzb,2014,2522.0
uzb,2015,2536.0
uzb,2016,2554.0
uzb,2017,2514.0
uzb,2018,2395.0
uzb,2019,2233.0
uzb,2020,2048.0
uzb,2021,1944.0
uzb,2022,1906.0
uzb,2023,1913.0
uzb,2024,1911.0
vct,1991,8.0000
vct,1992,9.0000
vct,1993,10.000
vct,1994,10.000
vct,1995,11.000
vct,1996,11.000
vct,1997,12.000
vct,1998,12.000
vct,1999,12.000
vct,2000,12.000
vct,2001,12.000
vct,2002,11.000
vct,2003,11.000
vct,2004,11.000
vct,2005,11.000
vct,2006,11.000
vct,2007,11.000
vct,2008,10.000
vct,2009,10.000
vct,2010,10.000
vct,2011,9.0000
vct,2012,9.0000
vct,2013,9.0000
vct,2014,9.0000
vct,2015,9.0000
vct,2016,9.0000
vct,2017,9.0000
vct,2018,9.0000
vct,2019,8.0000
vct,2020,7.0000
vct,2021,6.0000
vct,2022,5.0000
vct,2023,4.0000
vct,2024,3.0000
ven,1991,2503.0
ven,1992,2812.0
ven,1993,3067.0
ven,1994,3261.0
ven,1995,3375.0
ven,1996,3393.0
ven,1997,3370.0
ven,1998,3382.0
ven,1999,3543.0
ven,2000,3940.0
ven,2001,4482.0
ven,2002,5084.0
ven,2003,5613.0
ven,2004,5944.0
ven,2005,6083.0
ven,2006,6138.0
ven,2007,6334.0
ven,2008,6621.0
ven,2009,6864.0
ven,2010,7000.0
ven,2011,7064.0
ven,2012,7177.0
ven,2013,7326.0
ven,2014,7492.0
ven,2015,7531.0
ven,2016,7293.0
ven,2017,6767.0
ven,2018,5975.0
ven,2019,4813.0
ven,2020,3695.0
ven,2021,2926.0
ven,2022,2358.0
ven,2023,1935.0
ven,2024,1645.0
vgb,1991,1.0000
vgb,1992,1.0000
vgb,1993,1.0000
vgb,1994,1.0000
vgb,1995,1.0000
vgb,1996,1.0000
vgb,1997,1.0000
vgb,1998,1.0000
vgb,1999,1.0000
vgb,2000,1.0000
vgb,2001,1.0000
vgb,2002,1.0000
vgb,2003,1.0000
vgb,2004,1.0000
vgb,2005,1.0000
vgb,2006,1.0000
vgb,2007,1.0000
vgb,2008,1.0000
vgb,2009,1.0000
vgb,2010,1.0000
vgb,2011,1.0000
vgb,2012,1.0000
vgb,2013,2.0000
vgb,2014,2.0000
vgb,2015,2.0000
vgb,2016,2.0000
vgb,2017,2.0000
vgb,2018,1.0000
vgb,2019,2.0000
vgb,2020,2.0000
vgb,2021,2.0000
vgb,2022,2.0000
vgb,2023,2.0000
vgb,2024,2.0000
vnm,1991,3679.0
vnm,1992,3748.0
vnm,1993,3859.0
vnm,1994,3901.0
vnm,1995,3985.0
vnm,1996,4024.0
vnm,1997,4056.0
vnm,1998,4110.0
vnm,1999,4220.0
vnm,2000,4319.0
vnm,2001,4401.0
vnm,2002,4534.0
vnm,2003,4649.0
vnm,2004,4802.0
vnm,2005,4957.0
vnm,2006,5118.0
vnm,2007,5252.0
vnm,2008,5259.0
vnm,2009,5233.0
vnm,2010,5166.0
vnm,2011,5148.0
vnm,2012,5196.0
vnm,2013,5234.0
vnm,2014,5221.0
vnm,2015,5129.0
vnm,2016,4898.0
vnm,2017,4496.0
vnm,2018,3982.0
vnm,2019,3429.0
vnm,2020,2938.0
vnm,2021,2573.0
vnm,2022,2274.0
vnm,2023,2059.0
vnm,2024,1916.0
vut,1991,15.000
vut,1992,15.000
vut,1993,16.000
vut,1994,16.000
vut,1995,16.000
vut,1996,16.000
vut,1997,17.000
vut,1998,16.000
vut,1999,15.000
vut,2000,14.000
vut,2001,14.000
vut,2002,15.000
vut,2003,16.000
vut,2004,17.000
vut,2005,19.000
vut,2006,19.000
vut,2007,20.000
vut,2008,20.000
vut,2009,20.000
vut,2010,21.000
vut,2011,21.000
vut,2012,21.000
vut,2013,21.000
vut,2014,21.000
vut,2015,21.000
vut,2016,22.000
vut,2017,21.000
vut,2018,21.000
vut,2019,21.000
vut,2020,20.000
vut,2021,20.000
vut,2022,20.000
vut,2023,20.000
vut,2024,20.000
wb_hi,1991,84878
wb_hi,1992,85855
wb_hi,1993,86821
wb_hi,1994,88486
wb_hi,1995,89374
wb_hi,1996,88495
wb_hi,1997,86223
wb_hi,1998,84675
wb_hi,1999,84084
wb_hi,2000,84012
wb_hi,2001,84369
wb_hi,2002,83855
wb_hi,2003,82748
wb_hi,2004,81445
wb_hi,2005,79826
wb_hi,2006,78614
wb_hi,2007,77445
wb_hi,2008,75801
wb_hi,2009,73020
wb_hi,2010,69792
wb_hi,2011,66903
wb_hi,2012,64450
wb_hi,2013,61093
wb_hi,2014,58232
wb_hi,2015,55563
wb_hi,2016,53167
wb_hi,2017,51190
wb_hi,2018,49747
wb_hi,2019,48885
wb_hi,2020,48817
wb_hi,2021,49592
wb_hi,2022,50287
wb_hi,2023,53051
wb_hi,2024,53748
wb_li,1991,133920
wb_li,1992,133040
wb_li,1993,142030
wb_li,1994,140370
wb_li,1995,189210
wb_li,1996,137240
wb_li,1997,140500
wb_li,1998,138620
wb_li,1999,157740
wb_li,2000,148530
wb_li,2001,130670
wb_li,2002,129980
wb_li,2003,129820
wb_li,2004,128150
wb_li,2005,129590
wb_li,2006,128440
wb_li,2007,125000
wb_li,2008,123670
wb_li,2009,124850
wb_li,2010,136890
wb_li,2011,123760
wb_li,2012,128630
wb_li,2013,131450
wb_li,2014,130330
wb_li,2015,139510
wb_li,2016,142650
wb_li,2017,144170
wb_li,2018,151620
wb_li,2019,147410
wb_li,2020,151200
wb_li,2021,141710
wb_li,2022,148180
wb_li,2023,158900
wb_li,2024,145350
wb_lmi,1991,368010
wb_lmi,1992,374880
wb_lmi,1993,378210
wb_lmi,1994,386350
wb_lmi,1995,388970
wb_lmi,1996,390720
wb_lmi,1997,396280
wb_lmi,1998,404220
wb_lmi,1999,410210
wb_lmi,2000,414840
wb_lmi,2001,417100
wb_lmi,2002,418990
wb_lmi,2003,419120
wb_lmi,2004,416260
wb_lmi,2005,417760
wb_lmi,2006,416650
wb_lmi,2007,409560
wb_lmi,2008,404710
wb_lmi,2009,404270
wb_lmi,2010,393430
wb_lmi,2011,389600
wb_lmi,2012,374420
wb_lmi,2013,364670
wb_lmi,2014,354010
wb_lmi,2015,343040
wb_lmi,2016,332160
wb_lmi,2017,320650
wb_lmi,2018,311130
wb_lmi,2019,302510
wb_lmi,2020,294770
wb_lmi,2021,288260
wb_lmi,2022,285450
wb_lmi,2023,283780
wb_lmi,2024,283070
wb_umi,1991,192740
wb_umi,1992,192470
wb_umi,1993,200160
wb_umi,1994,205150
wb_umi,1995,206360
wb_umi,1996,207880
wb_umi,1997,205770
wb_umi,1998,205960
wb_umi,1999,205700
wb_umi,2000,206820
wb_umi,2001,208350
wb_umi,2002,212180
wb_umi,2003,216480
wb_umi,2004,225290
wb_umi,2005,233590
wb_umi,2006,226900
wb_umi,2007,229940
wb_umi,2008,228900
wb_umi,2009,222900
wb_umi,2010,216670
wb_umi,2011,211300
wb_umi,2012,204090
wb_umi,2013,193140
wb_umi,2014,183240
wb_umi,2015,174660
wb_umi,2016,166350
wb_umi,2017,165760
wb_umi,2018,158750
wb_umi,2019,151080
wb_umi,2020,148260
wb_umi,2021,146150
wb_umi,2022,142780
wb_umi,2023,144260
wb_umi,2024,144980
world,1991,829540
world,1992,833630
world,1993,853740
world,1994,864450
world,1995,938060
world,1996,863080
world,1997,866430
world,1998,868860
world,1999,892900
world,2000,887550
world,2001,871360
world,2002,875080
world,2003,878390
world,2004,880520
world,2005,891930
world,2006,879930
world,2007,871100
world,2008,863590
world,2009,856730
world,2010,856950
world,2011,827480
world,2012,810290
world,2013,790970
world,2014,769320
world,2015,759590
world,2016,742120
world,2017,733000
world,2018,724740
world,2019,705540
world,2020,702510
world,2021,686090
world,2022,692820
world,2023,713810
world,2024,700200
wsm,1991,8.0000
wsm,1992,8.0000
wsm,1993,8.0000
wsm,1994,9.0000
wsm,1995,10.000
wsm,1996,11.000
wsm,1997,11.000
wsm,1998,12.000
wsm,1999,13.000
wsm,2000,14.000
wsm,2001,14.000
wsm,2002,13.000
wsm,2003,13.000
wsm,2004,12.000
wsm,2005,12.000
wsm,2006,11.000
wsm,2007,10.000
wsm,2008,10.000
wsm,2009,10.000
wsm,2010,12.000
wsm,2011,9.0000
wsm,2012,8.0000
wsm,2013,8.0000
wsm,2014,7.0000
wsm,2015,6.0000
wsm,2016,5.0000
wsm,2017,5.0000
wsm,2018,4.0000
wsm,2019,4.0000
wsm,2020,3.0000
wsm,2021,3.0000
wsm,2022,3.0000
wsm,2023,3.0000
wsm,2024,3.0000
yem,1991,1402.0
yem,1992,1450.0
yem,1993,1499.0
yem,1994,1551.0
yem,1995,1913.0
yem,1996,1663.0
yem,1997,1720.0
yem,1998,1778.0
yem,1999,1834.0
yem,2000,1892.0
yem,2001,1953.0
yem,2002,2011.0
yem,2003,2068.0
yem,2004,2126.0
yem,2005,2182.0
yem,2006,2243.0
yem,2007,2309.0
yem,2008,2374.0
yem,2009,2438.0
yem,2010,2501.0
yem,2011,2562.0
yem,2012,2885.0
yem,2013,3040.0
yem,2014,2854.0
yem,2015,3125.0
yem,2016,5613.0
yem,2017,5336.0
yem,2018,5711.0
yem,2019,8313.0
yem,2020,7157.0
yem,2021,6095.0
yem,2022,5725.0
yem,2023,3876.0
yem,2024,3406.0
zaf,1991,5757.0
zaf,1992,6662.0
zaf,1993,7546.0
zaf,1994,8478.0
zaf,1995,9657.0
zaf,1996,11073
zaf,1997,12774
zaf,1998,14611
zaf,1999,16540
zaf,2000,18551
zaf,2001,20535
zaf,2002,22351
zaf,2003,24034
zaf,2004,25582
zaf,2005,26745
zaf,2006,27491
zaf,2007,27547
zaf,2008,26815
zaf,2009,25401
zaf,2010,23505
zaf,2011,21463
zaf,2012,19524
zaf,2013,17885
zaf,2014,16590
zaf,2015,15533
zaf,2016,14864
zaf,2017,14110
zaf,2018,13338
zaf,2019,13007
zaf,2020,12742
zaf,2021,12613
zaf,2022,12389
zaf,2023,11946
zaf,2024,11208
zmb,1991,3189.0
zmb,1992,3474.0
zmb,1993,3750.0
zmb,1994,3975.0
zmb,1995,4181.0
zmb,1996,4331.0
zmb,1997,4441.0
zmb,1998,4526.0
zmb,1999,4592.0
zmb,2000,4625.0
zmb,2001,4643.0
zmb,2002,4607.0
zmb,2003,4565.0
zmb,2004,4492.0
zmb,2005,4425.0
zmb,2006,4344.0
zmb,2007,4279.0
zmb,2008,4199.0
zmb,2009,4082.0
zmb,2010,3953.0
zmb,2011,3802.0
zmb,2012,3633.0
zmb,2013,3443.0
zmb,2014,3218.0
zmb,2015,2979.0
zmb,2016,2703.0
zmb,2017,2404.0
zmb,2018,2079.0
zmb,2019,1823.0
zmb,2020,1660.0
zmb,2021,1525.0
zmb,2022,1468.0
zmb,2023,1425.0
zmb,2024,1397.0
zwe,1991,1896.0
zwe,1992,2205.0
zwe,1993,2432.0
zwe,1994,2613.0
zwe,1995,2889.0
zwe,1996,3217.0
zwe,1997,3631.0
zwe,1998,4042.0
zwe,1999,4472.0
zwe,2000,4849.0
zwe,2001,5117.0
zwe,2002,5341.0
zwe,2003,5513.0
zwe,2004,5606.0
zwe,2005,5592.0
zwe,2006,5481.0
zwe,2007,5319.0
zwe,2008,5028.0
zwe,2009,4628.0
zwe,2010,4234.0
zwe,2011,3866.0
zwe,2012,3528.0
zwe,2013,3238.0
zwe,2014,2983.0
zwe,2015,2656.0
zwe,2016,2316.0
zwe,2017,1987.0
zwe,2018,1712.0
zwe,2019,1558.0
zwe,2020,1472.0
zwe,2021,1455.0
zwe,2022,1440.0
zwe,2023,1447.0
zwe,2024,1437.0
