geo,year,mr_20_24_upper
afg,1991,158.43
afg,1992,148.49
afg,1993,136.94
afg,1994,71.826
afg,1995,82.914
afg,1996,62.200
afg,1997,52.042
afg,1998,43.788
afg,1999,42.742
afg,2000,30.564
afg,2001,27.453
afg,2002,24.446
afg,2003,18.289
afg,2004,16.791
afg,2005,15.546
afg,2006,14.798
afg,2007,17.204
afg,2008,18.913
afg,2009,18.100
afg,2010,17.720
afg,2011,19.360
afg,2012,21.405
afg,2013,23.762
afg,2014,23.867
afg,2015,31.299
afg,2016,37.278
afg,2017,41.361
afg,2018,55.220
afg,2019,61.853
afg,2020,61.519
afg,2021,62.027
afg,2022,71.130
afg,2023,46.460
afg,2024,47.502
ago,1991,72.031
ago,1992,61.499
ago,1993,68.160
ago,1994,80.645
ago,1995,73.119
ago,1996,46.596
ago,1997,46.367
ago,1998,46.011
ago,1999,54.119
ago,2000,59.075
ago,2001,52.417
ago,2002,55.269
ago,2003,49.449
ago,2004,41.345
ago,2005,40.136
ago,2006,38.862
ago,2007,37.446
ago,2008,36.014
ago,2009,34.608
ago,2010,33.221
ago,2011,31.853
ago,2012,30.557
ago,2013,29.315
ago,2014,28.176
ago,2015,27.187
ago,2016,26.343
ago,2017,25.580
ago,2018,24.901
ago,2019,24.281
ago,2020,23.716
ago,2021,23.168
ago,2022,22.646
ago,2023,22.124
ago,2024,21.622
aia,1991,8.3100
aia,1992,8.1007
aia,1993,7.8839
aia,1994,7.6800
aia,1995,7.4871
aia,1996,7.3029
aia,1997,7.1321
aia,1998,6.9700
aia,1999,6.8152
aia,2000,6.6761
aia,2001,6.5428
aia,2002,6.4182
aia,2003,6.2958
aia,2004,6.1818
aia,2005,6.0758
aia,2006,5.9770
aia,2007,5.8848
aia,2008,5.7871
aia,2009,5.6973
aia,2010,5.6139
aia,2011,5.5304
aia,2012,5.4506
aia,2013,5.3736
aia,2014,5.2984
aia,2015,5.2219
aia,2016,5.1395
aia,2017,5.0600
aia,2018,4.9822
aia,2019,4.9027
aia,2020,4.8337
aia,2021,4.7562
aia,2022,4.6741
aia,2023,4.5964
aia,2024,4.5260
alb,1991,5.1414
alb,1992,5.4938
alb,1993,5.8447
alb,1994,6.0870
alb,1995,6.2537
alb,1996,6.4003
alb,1997,6.5077
alb,1998,8.1122
alb,1999,6.3941
alb,2000,6.0772
alb,2001,5.6922
alb,2002,5.2860
alb,2003,4.9561
alb,2004,4.7455
alb,2005,4.6438
alb,2006,4.5709
alb,2007,4.5019
alb,2008,4.4367
alb,2009,4.3037
alb,2010,4.1349
alb,2011,3.9155
alb,2012,3.6469
alb,2013,3.3745
alb,2014,3.1178
alb,2015,2.8977
alb,2016,2.7085
alb,2017,2.5439
alb,2018,2.4277
alb,2019,2.3541
alb,2020,2.3259
alb,2021,2.3594
alb,2022,2.4472
alb,2023,2.8689
alb,2024,2.6884
and,1991,6.7548
and,1992,6.4950
and,1993,6.2509
and,1994,6.0327
and,1995,5.8228
and,1996,5.6137
and,1997,5.4028
and,1998,5.2216
and,1999,5.0385
and,2000,4.8649
and,2001,4.7018
and,2002,4.5525
and,2003,4.4080
and,2004,4.2663
and,2005,4.1276
and,2006,4.0009
and,2007,3.8586
and,2008,3.7285
and,2009,3.5982
and,2010,3.4751
and,2011,3.3595
and,2012,3.2482
and,2013,3.1379
and,2014,3.0341
and,2015,2.9260
and,2016,2.8282
and,2017,2.7340
and,2018,2.6496
and,2019,2.5796
and,2020,2.5136
and,2021,2.4514
and,2022,2.3977
and,2023,2.3428
and,2024,2.2894
are,1991,4.7608
are,1992,4.6689
are,1993,4.5887
are,1994,4.5173
are,1995,4.4536
are,1996,4.3975
are,1997,4.3487
are,1998,4.3063
are,1999,4.2691
are,2000,4.2351
are,2001,4.2040
are,2002,4.1757
are,2003,4.1476
are,2004,4.1207
are,2005,4.0930
are,2006,4.0643
are,2007,4.0364
are,2008,4.0072
are,2009,3.9782
are,2010,3.9478
are,2011,3.9160
are,2012,3.8845
are,2013,3.8506
are,2014,3.8128
are,2015,3.7710
are,2016,3.7233
are,2017,3.6684
are,2018,3.6074
are,2019,3.5406
are,2020,3.4711
are,2021,3.4004
are,2022,3.3308
are,2023,3.2625
are,2024,3.1989
arg,1991,5.2067
arg,1992,5.2124
arg,1993,5.2640
arg,1994,5.3593
arg,1995,5.4192
arg,1996,5.4531
arg,1997,5.4931
arg,1998,5.5139
arg,1999,5.5474
arg,2000,5.5481
arg,2001,5.5265
arg,2002,5.4196
arg,2003,5.2001
arg,2004,5.0090
arg,2005,4.8640
arg,2006,4.7888
arg,2007,4.7901
arg,2008,4.8599
arg,2009,4.9989
arg,2010,5.1064
arg,2011,5.1996
arg,2012,5.2883
arg,2013,5.3376
arg,2014,5.3674
arg,2015,5.3046
arg,2016,5.2046
arg,2017,5.0983
arg,2018,4.9819
arg,2019,4.8834
arg,2020,4.7503
arg,2021,4.6394
arg,2022,4.5818
arg,2023,4.6650
arg,2024,4.9493
arm,1991,4.7029
arm,1992,5.1739
arm,1993,6.2129
arm,1994,7.2676
arm,1995,7.6328
arm,1996,6.3963
arm,1997,4.7111
arm,1998,3.5561
arm,1999,3.0069
arm,2000,2.8054
arm,2001,2.5644
arm,2002,2.3856
arm,2003,2.3361
arm,2004,2.3712
arm,2005,2.5576
arm,2006,2.7238
arm,2007,2.9022
arm,2008,3.0479
arm,2009,3.0872
arm,2010,3.1606
arm,2011,3.1340
arm,2012,3.1405
arm,2013,3.1432
arm,2014,3.0551
arm,2015,3.1584
arm,2016,3.3939
arm,2017,3.7764
arm,2018,3.8388
arm,2019,3.3753
arm,2020,3.1295
arm,2021,3.1561
arm,2022,3.6032
arm,2023,4.8176
arm,2024,4.1829
atg,1991,7.4028
atg,1992,7.0803
atg,1993,6.7485
atg,1994,6.5125
atg,1995,6.3665
atg,1996,6.3444
atg,1997,6.4314
atg,1998,6.5248
atg,1999,6.6461
atg,2000,6.7344
atg,2001,6.8001
atg,2002,6.8071
atg,2003,6.8029
atg,2004,6.7651
atg,2005,6.6877
atg,2006,6.6131
atg,2007,6.5532
atg,2008,6.4487
atg,2009,6.3501
atg,2010,6.2522
atg,2011,6.1426
atg,2012,5.9877
atg,2013,5.8111
atg,2014,5.6024
atg,2015,5.4172
atg,2016,5.2630
atg,2017,5.1226
atg,2018,5.0193
atg,2019,4.9680
atg,2020,4.9676
atg,2021,5.0229
atg,2022,5.1492
atg,2023,5.2645
atg,2024,5.4456
aus,1991,4.6888
aus,1992,4.3937
aus,1993,4.1820
aus,1994,4.0522
aus,1995,4.0464
aus,1996,4.1086
aus,1997,4.2219
aus,1998,4.3132
aus,1999,4.2925
aus,2000,4.1693
aus,2001,3.8914
aus,2002,3.5786
aus,2003,3.3181
aus,2004,3.1215
aus,2005,2.9974
aus,2006,2.8876
aus,2007,2.7926
aus,2008,2.6996
aus,2009,2.5878
aus,2010,2.4992
aus,2011,2.4156
aus,2012,2.3495
aus,2013,2.2880
aus,2014,2.2157
aus,2015,2.1684
aus,2016,2.1417
aus,2017,2.1521
aus,2018,2.1913
aus,2019,2.2362
aus,2020,2.2881
aus,2021,2.2987
aus,2022,2.2711
aus,2023,2.2049
aus,2024,2.1454
aut,1991,4.6118
aut,1992,4.6191
aut,1993,4.6328
aut,1994,4.5999
aut,1995,4.5306
aut,1996,4.3558
aut,1997,4.1546
aut,1998,3.9764
aut,1999,3.8208
aut,2000,3.7060
aut,2001,3.6109
aut,2002,3.5479
aut,2003,3.4980
aut,2004,3.4439
aut,2005,3.3838
aut,2006,3.2970
aut,2007,3.1953
aut,2008,3.0838
aut,2009,2.9558
aut,2010,2.8206
aut,2011,2.6593
aut,2012,2.4909
aut,2013,2.3351
aut,2014,2.1948
aut,2015,2.0841
aut,2016,1.9943
aut,2017,1.9348
aut,2018,1.9004
aut,2019,1.8873
aut,2020,1.9020
aut,2021,1.9387
aut,2022,2.0024
aut,2023,2.1132
aut,2024,2.2737
aze,1991,3.9725
aze,1992,6.6398
aze,1993,14.839
aze,1994,17.455
aze,1995,12.869
aze,1996,9.4887
aze,1997,6.8149
aze,1998,5.6793
aze,1999,5.7175
aze,2000,6.0827
aze,2001,5.6626
aze,2002,4.8442
aze,2003,4.3075
aze,2004,4.1967
aze,2005,4.3658
aze,2006,4.4128
aze,2007,4.3309
aze,2008,4.1302
aze,2009,4.3829
aze,2010,3.5819
aze,2011,3.4422
aze,2012,3.5404
aze,2013,4.2099
aze,2014,3.6172
aze,2015,4.1102
aze,2016,3.9533
aze,2017,3.8263
aze,2018,3.7709
aze,2019,3.2545
aze,2020,3.5046
aze,2021,11.111
aze,2022,4.2639
aze,2023,4.4695
aze,2024,4.6548
bdi,1991,98.514
bdi,1992,96.389
bdi,1993,94.399
bdi,1994,159.41
bdi,1995,89.541
bdi,1996,84.958
bdi,1997,78.790
bdi,1998,70.918
bdi,1999,61.858
bdi,2000,53.573
bdi,2001,56.094
bdi,2002,50.310
bdi,2003,40.568
bdi,2004,31.747
bdi,2005,28.247
bdi,2006,25.027
bdi,2007,22.429
bdi,2008,20.302
bdi,2009,18.623
bdi,2010,17.370
bdi,2011,16.414
bdi,2012,15.805
bdi,2013,15.415
bdi,2014,15.298
bdi,2015,15.613
bdi,2016,16.367
bdi,2017,17.605
bdi,2018,18.866
bdi,2019,19.938
bdi,2020,20.956
bdi,2021,21.878
bdi,2022,22.839
bdi,2023,23.679
bdi,2024,24.465
bel,1991,4.7196
bel,1992,4.6818
bel,1993,4.6373
bel,1994,4.5754
bel,1995,4.4992
bel,1996,4.4058
bel,1997,4.3051
bel,1998,4.2323
bel,1999,4.1814
bel,2000,4.1705
bel,2001,4.1397
bel,2002,3.9935
bel,2003,3.7826
bel,2004,3.5313
bel,2005,3.3286
bel,2006,3.1695
bel,2007,3.0428
bel,2008,2.9598
bel,2009,2.8787
bel,2010,2.7953
bel,2011,2.6964
bel,2012,2.5744
bel,2013,2.4683
bel,2014,2.3572
bel,2015,2.2602
bel,2016,2.1748
bel,2017,2.0856
bel,2018,2.0170
bel,2019,1.9491
bel,2020,1.8956
bel,2021,1.8673
bel,2022,1.8806
bel,2023,1.9509
bel,2024,2.0617
ben,1991,21.479
ben,1992,20.568
ben,1993,19.770
ben,1994,19.110
ben,1995,18.588
ben,1996,18.072
ben,1997,17.707
ben,1998,17.313
ben,1999,16.985
ben,2000,16.594
ben,2001,16.317
ben,2002,16.025
ben,2003,15.767
ben,2004,15.565
ben,2005,15.333
ben,2006,15.284
ben,2007,15.196
ben,2008,15.175
ben,2009,15.201
ben,2010,15.278
ben,2011,15.392
ben,2012,15.611
ben,2013,15.989
ben,2014,16.371
ben,2015,16.949
ben,2016,17.621
ben,2017,18.675
ben,2018,19.821
ben,2019,20.737
ben,2020,21.714
ben,2021,22.643
ben,2022,23.512
ben,2023,24.540
ben,2024,25.386
bfa,1991,26.782
bfa,1992,26.098
bfa,1993,25.432
bfa,1994,24.912
bfa,1995,24.387
bfa,1996,23.891
bfa,1997,23.340
bfa,1998,22.568
bfa,1999,21.641
bfa,2000,20.788
bfa,2001,19.909
bfa,2002,19.126
bfa,2003,18.470
bfa,2004,17.878
bfa,2005,17.337
bfa,2006,16.806
bfa,2007,16.251
bfa,2008,15.777
bfa,2009,15.272
bfa,2010,14.818
bfa,2011,14.329
bfa,2012,13.957
bfa,2013,13.613
bfa,2014,13.253
bfa,2015,12.885
bfa,2016,12.590
bfa,2017,12.352
bfa,2018,12.187
bfa,2019,12.035
bfa,2020,11.995
bfa,2021,12.048
bfa,2022,12.156
bfa,2023,14.911
bfa,2024,18.258
bgd,1991,16.201
bgd,1992,18.784
bgd,1993,15.116
bgd,1994,14.364
bgd,1995,13.586
bgd,1996,12.833
bgd,1997,12.044
bgd,1998,11.334
bgd,1999,10.810
bgd,2000,10.603
bgd,2001,10.305
bgd,2002,9.7220
bgd,2003,9.0603
bgd,2004,8.3848
bgd,2005,7.8107
bgd,2006,7.3656
bgd,2007,7.0456
bgd,2008,6.8203
bgd,2009,6.6308
bgd,2010,6.5380
bgd,2011,6.5258
bgd,2012,6.5526
bgd,2013,6.5109
bgd,2014,6.3299
bgd,2015,6.1107
bgd,2016,5.9150
bgd,2017,5.7555
bgd,2018,5.6311
bgd,2019,5.5552
bgd,2020,5.6376
bgd,2021,5.9502
bgd,2022,6.5738
bgd,2023,7.1779
bgd,2024,7.6050
bgr,1991,4.8781
bgr,1992,4.9320
bgr,1993,4.9990
bgr,1994,5.0585
bgr,1995,5.0845
bgr,1996,5.0294
bgr,1997,4.9128
bgr,1998,4.7731
bgr,1999,4.6149
bgr,2000,4.4602
bgr,2001,4.3186
bgr,2002,4.1998
bgr,2003,4.1072
bgr,2004,4.0244
bgr,2005,3.9743
bgr,2006,3.9509
bgr,2007,3.9499
bgr,2008,3.9658
bgr,2009,3.9301
bgr,2010,3.8492
bgr,2011,3.7426
bgr,2012,3.6335
bgr,2013,3.5362
bgr,2014,3.4569
bgr,2015,3.4030
bgr,2016,3.3576
bgr,2017,3.3375
bgr,2018,3.3373
bgr,2019,3.3588
bgr,2020,3.4019
bgr,2021,3.4365
bgr,2022,3.4700
bgr,2023,3.5152
bgr,2024,3.5986
bhr,1991,3.9428
bhr,1992,3.8609
bhr,1993,3.8266
bhr,1994,3.8035
bhr,1995,3.8017
bhr,1996,3.8140
bhr,1997,3.8202
bhr,1998,3.8275
bhr,1999,3.8221
bhr,2000,3.7976
bhr,2001,3.7721
bhr,2002,3.7313
bhr,2003,3.6957
bhr,2004,3.6580
bhr,2005,3.6204
bhr,2006,3.5882
bhr,2007,3.5535
bhr,2008,3.5191
bhr,2009,3.4791
bhr,2010,3.4503
bhr,2011,3.4117
bhr,2012,3.3717
bhr,2013,3.3235
bhr,2014,3.2587
bhr,2015,3.1755
bhr,2016,3.0814
bhr,2017,2.9805
bhr,2018,2.8889
bhr,2019,2.8073
bhr,2020,2.7410
bhr,2021,2.6860
bhr,2022,2.6440
bhr,2023,2.6259
bhr,2024,2.6314
bhs,1991,9.8850
bhs,1992,9.6789
bhs,1993,9.6830
bhs,1994,9.8047
bhs,1995,10.005
bhs,1996,10.186
bhs,1997,10.330
bhs,1998,10.395
bhs,1999,10.352
bhs,2000,10.251
bhs,2001,10.079
bhs,2002,9.9217
bhs,2003,9.8230
bhs,2004,9.8148
bhs,2005,9.9431
bhs,2006,10.147
bhs,2007,10.492
bhs,2008,10.927
bhs,2009,11.417
bhs,2010,11.983
bhs,2011,12.551
bhs,2012,13.040
bhs,2013,13.353
bhs,2014,13.483
bhs,2015,13.395
bhs,2016,13.020
bhs,2017,12.542
bhs,2018,11.937
bhs,2019,11.296
bhs,2020,13.181
bhs,2021,10.403
bhs,2022,10.225
bhs,2023,10.234
bhs,2024,10.500
bih,1991,4.2909
bih,1992,4.5169
bih,1993,83.361
bih,1994,94.088
bih,1995,35.472
bih,1996,12.185
bih,1997,3.6148
bih,1998,3.1967
bih,1999,2.8364
bih,2000,2.5651
bih,2001,2.3814
bih,2002,2.2779
bih,2003,2.2396
bih,2004,2.2406
bih,2005,2.2791
bih,2006,2.3328
bih,2007,2.3906
bih,2008,2.4420
bih,2009,2.4687
bih,2010,2.4916
bih,2011,2.5121
bih,2012,2.5395
bih,2013,2.5837
bih,2014,2.6407
bih,2015,2.7154
bih,2016,2.7890
bih,2017,2.8534
bih,2018,2.8750
bih,2019,2.8373
bih,2020,2.7578
bih,2021,2.6479
bih,2022,2.5280
bih,2023,2.4327
bih,2024,2.3918
blr,1991,7.4238
blr,1992,7.8244
blr,1993,8.0445
blr,1994,8.1715
blr,1995,8.1933
blr,1996,8.2638
blr,1997,8.3460
blr,1998,8.5162
blr,1999,8.7388
blr,2000,8.9223
blr,2001,9.0198
blr,2002,8.7930
blr,2003,8.4141
blr,2004,8.0452
blr,2005,7.7083
blr,2006,7.4406
blr,2007,7.1065
blr,2008,6.7895
blr,2009,6.5263
blr,2010,6.2794
blr,2011,6.0598
blr,2012,5.7153
blr,2013,5.3126
blr,2014,4.8564
blr,2015,4.3626
blr,2016,3.9294
blr,2017,3.5406
blr,2018,3.2280
blr,2019,2.9866
blr,2020,2.8686
blr,2021,2.8927
blr,2022,3.0075
blr,2023,3.2032
blr,2024,3.4254
blz,1991,8.4832
blz,1992,8.6766
blz,1993,9.0520
blz,1994,9.5803
blz,1995,10.283
blz,1996,11.070
blz,1997,11.846
blz,1998,12.492
blz,1999,12.965
blz,2000,13.246
blz,2001,13.367
blz,2002,13.356
blz,2003,13.277
blz,2004,13.121
blz,2005,12.969
blz,2006,12.792
blz,2007,12.615
blz,2008,12.486
blz,2009,12.421
blz,2010,12.404
blz,2011,12.297
blz,2012,12.202
blz,2013,12.023
blz,2014,11.771
blz,2015,11.493
blz,2016,11.212
blz,2017,10.933
blz,2018,10.703
blz,2019,10.470
blz,2020,10.339
blz,2021,10.282
blz,2022,10.387
blz,2023,10.718
blz,2024,11.351
bol,1991,16.906
bol,1992,16.011
bol,1993,15.183
bol,1994,14.427
bol,1995,13.779
bol,1996,13.199
bol,1997,12.708
bol,1998,12.302
bol,1999,11.945
bol,2000,11.594
bol,2001,11.276
bol,2002,11.019
bol,2003,10.735
bol,2004,10.535
bol,2005,10.426
bol,2006,10.383
bol,2007,10.493
bol,2008,10.667
bol,2009,10.926
bol,2010,11.299
bol,2011,11.722
bol,2012,12.255
bol,2013,12.696
bol,2014,13.035
bol,2015,13.590
bol,2016,14.139
bol,2017,14.598
bol,2018,15.043
bol,2019,15.290
bol,2020,15.606
bol,2021,16.067
bol,2022,16.281
bol,2023,16.616
bol,2024,17.089
bra,1991,9.3033
bra,1992,9.0175
bra,1993,8.9135
bra,1994,8.9808
bra,1995,9.0661
bra,1996,9.1343
bra,1997,9.1607
bra,1998,9.0960
bra,1999,9.0390
bra,2000,8.9716
bra,2001,8.9385
bra,2002,8.9223
bra,2003,8.8511
bra,2004,8.7865
bra,2005,8.6507
bra,2006,8.5279
bra,2007,8.4763
bra,2008,8.4911
bra,2009,8.6044
bra,2010,8.7150
bra,2011,8.8283
bra,2012,8.9529
bra,2013,9.0298
bra,2014,9.1262
bra,2015,9.1909
bra,2016,9.2260
bra,2017,9.1846
bra,2018,9.0045
bra,2019,8.8291
bra,2020,8.6713
bra,2021,8.5710
bra,2022,8.5219
bra,2023,8.6156
bra,2024,8.9536
brb,1991,7.1568
brb,1992,6.6806
brb,1993,6.3557
brb,1994,6.1374
brb,1995,6.0083
brb,1996,5.9091
brb,1997,5.8638
brb,1998,5.8378
brb,1999,5.8531
brb,2000,5.9372
brb,2001,6.0356
brb,2002,6.1593
brb,2003,6.2594
brb,2004,6.3125
brb,2005,6.3393
brb,2006,6.3193
brb,2007,6.2618
brb,2008,6.1498
brb,2009,6.0045
brb,2010,5.8421
brb,2011,5.6981
brb,2012,5.6273
brb,2013,5.6372
brb,2014,5.7478
brb,2015,5.8981
brb,2016,6.0617
brb,2017,6.2973
brb,2018,6.5930
brb,2019,6.8681
brb,2020,7.1407
brb,2021,7.4606
brb,2022,7.7002
brb,2023,7.9288
brb,2024,8.2236
brn,1991,6.9942
brn,1992,6.8332
brn,1993,6.7768
brn,1994,6.7432
brn,1995,6.6151
brn,1996,6.4528
brn,1997,6.1905
brn,1998,5.8997
brn,1999,5.5754
brn,2000,5.2370
brn,2001,4.9379
brn,2002,4.6634
brn,2003,4.4282
brn,2004,4.2407
brn,2005,4.0669
brn,2006,3.9351
brn,2007,3.8259
brn,2008,3.7453
brn,2009,3.6769
brn,2010,3.6015
brn,2011,3.5289
brn,2012,3.4618
brn,2013,3.3981
brn,2014,3.3219
brn,2015,3.2402
brn,2016,3.1693
brn,2017,3.1114
brn,2018,3.0778
brn,2019,3.0652
brn,2020,3.1009
brn,2021,3.2043
brn,2022,3.3849
brn,2023,3.6360
brn,2024,3.8905
btn,1991,36.172
btn,1992,30.531
btn,1993,26.231
btn,1994,22.958
btn,1995,20.532
btn,1996,18.792
btn,1997,17.460
btn,1998,16.450
btn,1999,15.591
btn,2000,14.879
btn,2001,14.414
btn,2002,13.985
btn,2003,13.552
btn,2004,13.327
btn,2005,13.047
btn,2006,12.851
btn,2007,12.745
btn,2008,12.682
btn,2009,12.682
btn,2010,12.747
btn,2011,12.891
btn,2012,13.284
btn,2013,13.835
btn,2014,14.436
btn,2015,14.974
btn,2016,15.632
btn,2017,16.139
btn,2018,16.605
btn,2019,17.175
btn,2020,17.619
btn,2021,18.058
btn,2022,18.429
btn,2023,18.691
btn,2024,19.263
bwa,1991,38.157
bwa,1992,37.829
bwa,1993,37.589
bwa,1994,37.300
bwa,1995,36.754
bwa,1996,36.288
bwa,1997,35.586
bwa,1998,34.799
bwa,1999,33.806
bwa,2000,32.762
bwa,2001,31.625
bwa,2002,30.236
bwa,2003,28.779
bwa,2004,27.272
bwa,2005,25.646
bwa,2006,24.162
bwa,2007,22.912
bwa,2008,21.544
bwa,2009,20.389
bwa,2010,19.442
bwa,2011,18.624
bwa,2012,17.853
bwa,2013,17.162
bwa,2014,16.592
bwa,2015,16.061
bwa,2016,15.660
bwa,2017,15.268
bwa,2018,14.976
bwa,2019,14.854
bwa,2020,14.856
bwa,2021,15.027
bwa,2022,15.583
bwa,2023,16.292
bwa,2024,17.083
caf,1991,37.428
caf,1992,37.801
caf,1993,38.524
caf,1994,39.403
caf,1995,40.477
caf,1996,41.728
caf,1997,42.919
caf,1998,43.750
caf,1999,44.704
caf,2000,45.499
caf,2001,46.267
caf,2002,47.143
caf,2003,48.256
caf,2004,50.144
caf,2005,52.094
caf,2006,54.147
caf,2007,56.088
caf,2008,58.197
caf,2009,59.850
caf,2010,766.43
caf,2011,101.77
caf,2012,80.903
caf,2013,76.603
caf,2014,104.10
caf,2015,217.90
caf,2016,91.264
caf,2017,108.28
caf,2018,185.78
caf,2019,110.41
caf,2020,450.42
caf,2021,133.53
caf,2022,283.19
caf,2023,1000.0
caf,2024,80.584
can,1991,4.2956
can,1992,4.1087
can,1993,3.9093
can,1994,3.7530
can,1995,3.6254
can,1996,3.5383
can,1997,3.4737
can,1998,3.4051
can,1999,3.3562
can,2000,3.2915
can,2001,3.2312
can,2002,3.1853
can,2003,3.1305
can,2004,3.1046
can,2005,3.0878
can,2006,3.0828
can,2007,3.0564
can,2008,2.9776
can,2009,2.9092
can,2010,2.8421
can,2011,2.7987
can,2012,2.7508
can,2013,2.6761
can,2014,2.6420
can,2015,2.6495
can,2016,2.7027
can,2017,2.7918
can,2018,2.8893
can,2019,3.0014
can,2020,3.0977
can,2021,3.1852
can,2022,3.2680
can,2023,3.3893
can,2024,3.5954
che,1991,5.5338
che,1992,5.4520
che,1993,5.3084
che,1994,5.0980
che,1995,4.8585
che,1996,4.5864
che,1997,4.3177
che,1998,4.0657
che,1999,3.8239
che,2000,3.6135
che,2001,3.4206
che,2002,3.2527
che,2003,3.1036
che,2004,2.9644
che,2005,2.8334
che,2006,2.6999
che,2007,2.5659
che,2008,2.4267
che,2009,2.2763
che,2010,2.1316
che,2011,1.9940
che,2012,1.8765
che,2013,1.7835
che,2014,1.7147
che,2015,1.6671
che,2016,1.6352
che,2017,1.6221
che,2018,1.6215
che,2019,1.6296
che,2020,1.6446
che,2021,1.6497
che,2022,1.6517
che,2023,1.6695
che,2024,1.7129
chl,1991,5.2664
chl,1992,5.1537
chl,1993,5.0783
chl,1994,5.0172
chl,1995,5.0145
chl,1996,4.9755
chl,1997,4.9034
chl,1998,4.7680
chl,1999,4.5498
chl,2000,4.3789
chl,2001,4.2507
chl,2002,4.1745
chl,2003,4.1146
chl,2004,3.9978
chl,2005,3.8963
chl,2006,3.7806
chl,2007,3.7207
chl,2008,3.7332
chl,2009,3.8051
chl,2010,3.8817
chl,2011,3.7514
chl,2012,3.5261
chl,2013,3.3590
chl,2014,3.2434
chl,2015,3.2085
chl,2016,3.1697
chl,2017,3.1360
chl,2018,3.1050
chl,2019,3.0763
chl,2020,3.1283
chl,2021,3.2447
chl,2022,3.4447
chl,2023,3.6294
chl,2024,3.7952
chn,1991,6.0132
chn,1992,5.9186
chn,1993,5.7946
chn,1994,5.6527
chn,1995,5.4671
chn,1996,5.2892
chn,1997,5.0803
chn,1998,4.8971
chn,1999,4.7331
chn,2000,4.5460
chn,2001,4.3510
chn,2002,4.1589
chn,2003,3.9824
chn,2004,3.8178
chn,2005,3.6686
chn,2006,3.5265
chn,2007,3.4200
chn,2008,3.3358
chn,2009,3.2989
chn,2010,3.2993
chn,2011,3.3365
chn,2012,3.3908
chn,2013,3.4894
chn,2014,3.6971
chn,2015,3.9139
chn,2016,4.1443
chn,2017,4.4089
chn,2018,4.6265
chn,2019,4.8554
chn,2020,5.0799
chn,2021,5.2417
chn,2022,5.4573
chn,2023,5.6377
chn,2024,5.7886
civ,1991,25.469
civ,1992,25.671
civ,1993,25.930
civ,1994,26.229
civ,1995,26.464
civ,1996,26.687
civ,1997,26.940
civ,1998,27.063
civ,1999,27.059
civ,2000,26.793
civ,2001,26.463
civ,2002,26.016
civ,2003,25.414
civ,2004,24.801
civ,2005,24.052
civ,2006,23.356
civ,2007,22.578
civ,2008,21.847
civ,2009,21.175
civ,2010,20.353
civ,2011,19.553
civ,2012,18.822
civ,2013,18.172
civ,2014,17.522
civ,2015,17.100
civ,2016,16.631
civ,2017,16.272
civ,2018,15.955
civ,2019,15.722
civ,2020,15.562
civ,2021,15.554
civ,2022,15.555
civ,2023,15.546
civ,2024,15.878
cmr,1991,22.919
cmr,1992,23.036
cmr,1993,23.253
cmr,1994,23.426
cmr,1995,23.681
cmr,1996,23.969
cmr,1997,24.300
cmr,1998,24.640
cmr,1999,24.916
cmr,2000,25.141
cmr,2001,25.252
cmr,2002,25.231
cmr,2003,25.065
cmr,2004,24.920
cmr,2005,24.738
cmr,2006,24.526
cmr,2007,24.397
cmr,2008,24.214
cmr,2009,24.164
cmr,2010,24.083
cmr,2011,24.128
cmr,2012,24.249
cmr,2013,24.420
cmr,2014,24.706
cmr,2015,25.093
cmr,2016,25.547
cmr,2017,26.124
cmr,2018,26.710
cmr,2019,27.439
cmr,2020,28.332
cmr,2021,29.200
cmr,2022,30.347
cmr,2023,31.545
cmr,2024,32.833
cod,1991,61.180
cod,1992,56.187
cod,1993,52.295
cod,1994,48.745
cod,1995,45.189
cod,1996,42.119
cod,1997,46.591
cod,1998,37.127
cod,1999,49.676
cod,2000,47.428
cod,2001,32.651
cod,2002,31.608
cod,2003,30.824
cod,2004,30.121
cod,2005,29.533
cod,2006,29.308
cod,2007,29.335
cod,2008,29.423
cod,2009,29.647
cod,2010,30.073
cod,2011,30.859
cod,2012,32.158
cod,2013,33.713
cod,2014,35.318
cod,2015,36.696
cod,2016,38.485
cod,2017,40.315
cod,2018,42.082
cod,2019,43.870
cod,2020,45.405
cod,2021,46.996
cod,2022,48.645
cod,2023,50.717
cod,2024,52.265
cog,1991,73.484
cog,1992,63.781
cog,1993,56.431
cog,1994,50.491
cog,1995,45.681
cog,1996,41.829
cog,1997,38.937
cog,1998,86.811
cog,1999,49.024
cog,2000,35.933
cog,2001,29.836
cog,2002,28.128
cog,2003,26.533
cog,2004,25.247
cog,2005,24.117
cog,2006,23.257
cog,2007,22.504
cog,2008,21.780
cog,2009,21.200
cog,2010,20.603
cog,2011,20.356
cog,2012,20.228
cog,2013,20.314
cog,2014,20.543
cog,2015,20.695
cog,2016,21.193
cog,2017,21.743
cog,2018,22.286
cog,2019,22.922
cog,2020,29.422
cog,2021,24.165
cog,2022,24.867
cog,2023,25.224
cog,2024,25.891
cok,1991,14.370
cok,1992,13.845
cok,1993,13.554
cok,1994,13.369
cok,1995,13.186
cok,1996,12.941
cok,1997,12.701
cok,1998,12.473
cok,1999,12.211
cok,2000,11.875
cok,2001,11.448
cok,2002,10.972
cok,2003,10.562
cok,2004,10.118
cok,2005,9.7513
cok,2006,9.5249
cok,2007,9.4794
cok,2008,9.6616
cok,2009,9.8279
cok,2010,10.149
cok,2011,10.565
cok,2012,10.894
cok,2013,11.369
cok,2014,11.656
cok,2015,12.022
cok,2016,12.290
cok,2017,12.622
cok,2018,13.087
cok,2019,13.630
cok,2020,14.115
cok,2021,14.537
cok,2022,14.860
cok,2023,15.029
cok,2024,15.468
col,1991,13.077
col,1992,14.009
col,1993,14.853
col,1994,15.346
col,1995,15.519
col,1996,15.231
col,1997,14.798
col,1998,14.568
col,1999,14.650
col,2000,15.018
col,2001,15.391
col,2002,15.538
col,2003,15.047
col,2004,13.837
col,2005,12.442
col,2006,11.203
col,2007,10.302
col,2008,9.7802
col,2009,9.5463
col,2010,9.4551
col,2011,9.2426
col,2012,8.9412
col,2013,8.6020
col,2014,8.2359
col,2015,7.9654
col,2016,7.7454
col,2017,7.6374
col,2018,7.6042
col,2019,7.6106
col,2020,7.7124
col,2021,7.8527
col,2022,8.0166
col,2023,8.1652
col,2024,8.3836
com,1991,24.185
com,1992,23.273
com,1993,22.416
com,1994,21.448
com,1995,20.410
com,1996,19.388
com,1997,18.545
com,1998,17.588
com,1999,16.575
com,2000,15.558
com,2001,14.577
com,2002,13.571
com,2003,12.802
com,2004,12.152
com,2005,11.583
com,2006,11.116
com,2007,10.684
com,2008,10.249
com,2009,9.8822
com,2010,9.5839
com,2011,9.2975
com,2012,9.0034
com,2013,8.7514
com,2014,8.5385
com,2015,8.3419
com,2016,8.1839
com,2017,8.0596
com,2018,7.9775
com,2019,7.9837
com,2020,8.0174
com,2021,8.2047
com,2022,8.4905
com,2023,8.7706
com,2024,9.1073
cpv,1991,6.3467
cpv,1992,6.3273
cpv,1993,6.3970
cpv,1994,6.5324
cpv,1995,6.6289
cpv,1996,9.1173
cpv,1997,6.6524
cpv,1998,6.5513
cpv,1999,6.4351
cpv,2000,6.2772
cpv,2001,6.1405
cpv,2002,5.9924
cpv,2003,5.8381
cpv,2004,5.7128
cpv,2005,5.5999
cpv,2006,5.5059
cpv,2007,5.4506
cpv,2008,5.3702
cpv,2009,5.3097
cpv,2010,5.2420
cpv,2011,5.1770
cpv,2012,5.1297
cpv,2013,5.0964
cpv,2014,5.1104
cpv,2015,5.1109
cpv,2016,5.0882
cpv,2017,5.0064
cpv,2018,4.9193
cpv,2019,4.7814
cpv,2020,4.6268
cpv,2021,4.4304
cpv,2022,4.2949
cpv,2023,4.2220
cpv,2024,4.2638
cri,1991,4.0695
cri,1992,4.1592
cri,1993,4.2405
cri,1994,4.3601
cri,1995,4.4706
cri,1996,4.5816
cri,1997,4.7065
cri,1998,4.7595
cri,1999,4.7976
cri,2000,4.7135
cri,2001,4.6119
cri,2002,4.5248
cri,2003,4.4515
cri,2004,4.4342
cri,2005,4.3429
cri,2006,4.3391
cri,2007,4.4486
cri,2008,4.6578
cri,2009,4.9412
cri,2010,4.8855
cri,2011,4.6057
cri,2012,4.3755
cri,2013,4.2408
cri,2014,4.2600
cri,2015,4.4126
cri,2016,4.7247
cri,2017,5.0547
cri,2018,5.1927
cri,2019,5.2318
cri,2020,5.1431
cri,2021,5.0791
cri,2022,5.1152
cri,2023,5.4479
cri,2024,6.2208
cub,1991,6.2146
cub,1992,6.1936
cub,1993,6.1405
cub,1994,6.0540
cub,1995,5.9058
cub,1996,5.7104
cub,1997,5.4664
cub,1998,5.1781
cub,1999,4.8895
cub,2000,4.5947
cub,2001,4.3239
cub,2002,4.0703
cub,2003,3.8264
cub,2004,3.6178
cub,2005,3.4394
cub,2006,3.2917
cub,2007,3.1739
cub,2008,3.0630
cub,2009,2.9852
cub,2010,2.9241
cub,2011,2.8804
cub,2012,2.8554
cub,2013,2.8299
cub,2014,2.8161
cub,2015,2.7995
cub,2016,2.7932
cub,2017,2.8008
cub,2018,2.8239
cub,2019,2.8759
cub,2020,2.9492
cub,2021,3.0483
cub,2022,3.1985
cub,2023,3.4322
cub,2024,3.7481
cyp,1991,4.3435
cyp,1992,4.3827
cyp,1993,4.4880
cyp,1994,4.6276
cyp,1995,4.7562
cyp,1996,4.8559
cyp,1997,4.9371
cyp,1998,4.9565
cyp,1999,4.9468
cyp,2000,4.8868
cyp,2001,4.7796
cyp,2002,4.6477
cyp,2003,4.4629
cyp,2004,4.2517
cyp,2005,4.0076
cyp,2006,3.7435
cyp,2007,3.4627
cyp,2008,3.1864
cyp,2009,2.9268
cyp,2010,2.6979
cyp,2011,2.5109
cyp,2012,2.3684
cyp,2013,2.2586
cyp,2014,2.1836
cyp,2015,2.1236
cyp,2016,2.0968
cyp,2017,2.0733
cyp,2018,2.0740
cyp,2019,2.1043
cyp,2020,2.1617
cyp,2021,2.2546
cyp,2022,2.3969
cyp,2023,2.5760
cyp,2024,2.7817
cze,1991,4.1024
cze,1992,4.1858
cze,1993,4.2333
cze,1994,4.2048
cze,1995,4.1314
cze,1996,4.0161
cze,1997,3.8994
cze,1998,3.8020
cze,1999,3.7164
cze,2000,3.6514
cze,2001,3.5924
cze,2002,3.5429
cze,2003,3.4864
cze,2004,3.4082
cze,2005,3.3231
cze,2006,3.2309
cze,2007,3.1435
cze,2008,3.0600
cze,2009,2.9810
cze,2010,2.9147
cze,2011,2.8488
cze,2012,2.7906
cze,2013,2.7318
cze,2014,2.6665
cze,2015,2.6099
cze,2016,2.5642
cze,2017,2.5312
cze,2018,2.5038
cze,2019,2.4794
cze,2020,2.4637
cze,2021,2.4445
cze,2022,2.4289
cze,2023,2.4269
cze,2024,2.4580
deu,1991,3.7753
deu,1992,3.7922
deu,1993,3.7801
deu,1994,3.7145
deu,1995,3.6426
deu,1996,3.5557
deu,1997,3.4695
deu,1998,3.3870
deu,1999,3.2986
deu,2000,3.2110
deu,2001,3.1033
deu,2002,2.9767
deu,2003,2.8238
deu,2004,2.6467
deu,2005,2.4827
deu,2006,2.3403
deu,2007,2.2210
deu,2008,2.1305
deu,2009,2.0553
deu,2010,1.9976
deu,2011,1.9337
deu,2012,1.8696
deu,2013,1.8105
deu,2014,1.7553
deu,2015,1.7104
deu,2016,1.6714
deu,2017,1.6389
deu,2018,1.6087
deu,2019,1.5760
deu,2020,1.5597
deu,2021,1.5573
deu,2022,1.5714
deu,2023,1.5973
deu,2024,1.6479
dji,1991,31.380
dji,1992,36.333
dji,1993,43.793
dji,1994,30.421
dji,1995,30.187
dji,1996,29.953
dji,1997,29.727
dji,1998,29.476
dji,1999,29.171
dji,2000,28.843
dji,2001,28.485
dji,2002,28.084
dji,2003,27.655
dji,2004,27.215
dji,2005,26.781
dji,2006,26.344
dji,2007,25.896
dji,2008,25.424
dji,2009,24.959
dji,2010,24.533
dji,2011,24.097
dji,2012,23.653
dji,2013,23.217
dji,2014,22.785
dji,2015,22.363
dji,2016,21.932
dji,2017,21.539
dji,2018,21.120
dji,2019,20.723
dji,2020,20.304
dji,2021,19.896
dji,2022,19.501
dji,2023,19.125
dji,2024,18.731
dma,1991,10.614
dma,1992,9.2042
dma,1993,8.0198
dma,1994,7.1894
dma,1995,6.5719
dma,1996,6.1651
dma,1997,5.8992
dma,1998,5.7201
dma,1999,5.6134
dma,2000,5.5568
dma,2001,5.5350
dma,2002,5.5155
dma,2003,5.4893
dma,2004,5.4943
dma,2005,5.5161
dma,2006,5.5374
dma,2007,5.5915
dma,2008,5.7264
dma,2009,5.8809
dma,2010,6.1061
dma,2011,6.3448
dma,2012,6.5964
dma,2013,6.8605
dma,2014,7.1175
dma,2015,7.3498
dma,2016,7.6405
dma,2017,7.9906
dma,2018,8.4212
dma,2019,9.0801
dma,2020,9.9896
dma,2021,10.983
dma,2022,11.903
dma,2023,12.667
dma,2024,13.316
dnk,1991,3.3281
dnk,1992,3.2439
dnk,1993,3.1760
dnk,1994,3.1327
dnk,1995,3.0960
dnk,1996,3.0657
dnk,1997,3.0456
dnk,1998,3.0224
dnk,1999,3.0063
dnk,2000,2.9773
dnk,2001,2.9367
dnk,2002,2.8840
dnk,2003,2.8072
dnk,2004,2.7294
dnk,2005,2.6423
dnk,2006,2.5586
dnk,2007,2.4710
dnk,2008,2.3706
dnk,2009,2.2637
dnk,2010,2.1280
dnk,2011,1.9923
dnk,2012,1.8742
dnk,2013,1.7772
dnk,2014,1.7012
dnk,2015,1.6450
dnk,2016,1.6082
dnk,2017,1.5919
dnk,2018,1.5898
dnk,2019,1.5989
dnk,2020,1.6144
dnk,2021,1.6417
dnk,2022,1.6966
dnk,2023,1.7739
dnk,2024,1.8705
dom,1991,12.373
dom,1992,11.932
dom,1993,11.584
dom,1994,11.400
dom,1995,11.369
dom,1996,11.424
dom,1997,11.521
dom,1998,11.701
dom,1999,11.931
dom,2000,12.145
dom,2001,12.350
dom,2002,12.560
dom,2003,12.775
dom,2004,12.991
dom,2005,13.338
dom,2006,13.590
dom,2007,13.778
dom,2008,13.772
dom,2009,13.780
dom,2010,13.704
dom,2011,13.702
dom,2012,13.890
dom,2013,14.342
dom,2014,14.880
dom,2015,15.376
dom,2016,15.783
dom,2017,16.261
dom,2018,16.605
dom,2019,17.036
dom,2020,17.474
dom,2021,18.060
dom,2022,18.371
dom,2023,18.908
dom,2024,19.425
dza,1991,7.6978
dza,1992,7.9385
dza,1993,8.0665
dza,1994,7.9936
dza,1995,10.340
dza,1996,8.9159
dza,1997,7.0135
dza,1998,7.8099
dza,1999,7.6813
dza,2000,5.7645
dza,2001,5.4457
dza,2002,5.1476
dza,2003,4.8621
dza,2004,4.5826
dza,2005,4.3587
dza,2006,4.1786
dza,2007,4.0451
dza,2008,3.9372
dza,2009,3.8208
dza,2010,3.7350
dza,2011,3.6586
dza,2012,3.6158
dza,2013,3.6075
dza,2014,3.6334
dza,2015,3.6694
dza,2016,3.6532
dza,2017,3.5981
dza,2018,3.5235
dza,2019,3.4380
dza,2020,3.3929
dza,2021,3.3913
dza,2022,3.4479
dza,2023,3.5323
dza,2024,3.6810
ecu,1991,9.0025
ecu,1992,8.5222
ecu,1993,8.2591
ecu,1994,8.0602
ecu,1995,7.9226
ecu,1996,7.8287
ecu,1997,7.8182
ecu,1998,7.8938
ecu,1999,8.0378
ecu,2000,8.2643
ecu,2001,8.6088
ecu,2002,9.1125
ecu,2003,9.6774
ecu,2004,10.198
ecu,2005,10.608
ecu,2006,10.832
ecu,2007,10.801
ecu,2008,10.558
ecu,2009,10.081
ecu,2010,9.4937
ecu,2011,8.8731
ecu,2012,8.2971
ecu,2013,7.8261
ecu,2014,7.3693
ecu,2015,6.9984
ecu,2016,6.7040
ecu,2017,6.5076
ecu,2018,6.3967
ecu,2019,6.3716
ecu,2020,6.5759
ecu,2021,7.1116
ecu,2022,8.0890
ecu,2023,9.6547
ecu,2024,12.035
egy,1991,7.1240
egy,1992,6.6032
egy,1993,6.2001
egy,1994,5.8648
egy,1995,5.6146
egy,1996,5.4171
egy,1997,5.2198
egy,1998,5.0625
egy,1999,4.9003
egy,2000,4.7624
egy,2001,4.6448
egy,2002,4.5146
egy,2003,4.4182
egy,2004,4.3129
egy,2005,4.2313
egy,2006,4.1917
egy,2007,4.1945
egy,2008,4.2655
egy,2009,4.3531
egy,2010,4.4657
egy,2011,4.5829
egy,2012,4.6685
egy,2013,4.7226
egy,2014,4.6634
egy,2015,4.5196
egy,2016,4.3480
egy,2017,4.1649
egy,2018,4.0489
egy,2019,3.9944
egy,2020,4.0159
egy,2021,4.1356
egy,2022,4.4000
egy,2023,4.8151
egy,2024,5.3159
eri,1991,45.527
eri,1992,44.883
eri,1993,35.110
eri,1994,33.831
eri,1995,32.513
eri,1996,31.206
eri,1997,29.965
eri,1998,28.823
eri,1999,84.851
eri,2000,123.90
eri,2001,32.156
eri,2002,25.172
eri,2003,24.438
eri,2004,23.747
eri,2005,23.094
eri,2006,22.470
eri,2007,21.879
eri,2008,21.307
eri,2009,20.771
eri,2010,20.274
eri,2011,19.812
eri,2012,19.380
eri,2013,18.969
eri,2014,18.550
eri,2015,18.167
eri,2016,17.778
eri,2017,17.413
eri,2018,17.081
eri,2019,16.718
eri,2020,16.374
eri,2021,16.049
eri,2022,15.753
eri,2023,15.433
eri,2024,15.104
esp,1991,5.3534
esp,1992,5.1550
esp,1993,4.6971
esp,1994,4.2361
esp,1995,3.8492
esp,1996,3.5861
esp,1997,3.4322
esp,1998,3.3435
esp,1999,3.3059
esp,2000,3.2233
esp,2001,3.1298
esp,2002,3.0408
esp,2003,2.9360
esp,2004,2.8412
esp,2005,2.7002
esp,2006,2.5424
esp,2007,2.3832
esp,2008,2.2102
esp,2009,2.0478
esp,2010,1.8657
esp,2011,1.7000
esp,2012,1.5641
esp,2013,1.4587
esp,2014,1.3998
esp,2015,1.3676
esp,2016,1.3657
esp,2017,1.3733
esp,2018,1.3703
esp,2019,1.3775
esp,2020,1.3824
esp,2021,1.4026
esp,2022,1.4450
esp,2023,1.5414
esp,2024,1.7080
est,1991,8.6429
est,1992,9.3433
est,1993,9.9993
est,1994,10.405
est,1995,10.508
est,1996,10.214
est,1997,9.6867
est,1998,9.1389
est,1999,8.6530
est,2000,8.3492
est,2001,8.1591
est,2002,8.0617
est,2003,7.9867
est,2004,7.8553
est,2005,7.7037
est,2006,7.4798
est,2007,7.1828
est,2008,6.8084
est,2009,6.3273
est,2010,5.8212
est,2011,5.3264
est,2012,4.8844
est,2013,4.5037
est,2014,4.1766
est,2015,3.8918
est,2016,3.6398
est,2017,3.4228
est,2018,3.2448
est,2019,3.1014
est,2020,2.9994
est,2021,2.9275
est,2022,2.9108
est,2023,2.9631
est,2024,3.0976
eth,1991,61.834
eth,1992,52.529
eth,1993,51.047
eth,1994,49.262
eth,1995,47.058
eth,1996,44.955
eth,1997,42.547
eth,1998,40.259
eth,1999,38.076
eth,2000,42.148
eth,2001,33.693
eth,2002,31.590
eth,2003,29.544
eth,2004,27.744
eth,2005,26.170
eth,2006,24.773
eth,2007,23.511
eth,2008,22.252
eth,2009,21.045
eth,2010,20.013
eth,2011,19.138
eth,2012,18.413
eth,2013,17.880
eth,2014,17.546
eth,2015,17.432
eth,2016,17.447
eth,2017,17.690
eth,2018,18.056
eth,2019,18.692
eth,2020,19.315
eth,2021,19.795
eth,2022,20.542
eth,2023,21.171
eth,2024,21.646
fin,1991,5.1125
fin,1992,4.8978
fin,1993,4.6075
fin,1994,4.3021
fin,1995,4.0693
fin,1996,3.8855
fin,1997,3.7901
fin,1998,3.7862
fin,1999,3.8249
fin,2000,3.9172
fin,2001,3.9552
fin,2002,3.9519
fin,2003,3.9197
fin,2004,3.8471
fin,2005,3.8005
fin,2006,3.7812
fin,2007,3.7799
fin,2008,3.7864
fin,2009,3.7377
fin,2010,3.6454
fin,2011,3.4903
fin,2012,3.2988
fin,2013,3.0873
fin,2014,2.8881
fin,2015,2.7716
fin,2016,2.7376
fin,2017,2.7963
fin,2018,2.9161
fin,2019,3.0391
fin,2020,3.1660
fin,2021,3.2305
fin,2022,3.2852
fin,2023,3.3855
fin,2024,3.6326
fji,1991,24.793
fji,1992,21.917
fji,1993,19.549
fji,1994,17.438
fji,1995,15.690
fji,1996,14.087
fji,1997,12.723
fji,1998,11.602
fji,1999,10.675
fji,2000,9.8873
fji,2001,9.3189
fji,2002,8.8810
fji,2003,8.6210
fji,2004,8.4667
fji,2005,8.3322
fji,2006,8.1537
fji,2007,7.8954
fji,2008,7.6466
fji,2009,7.4194
fji,2010,7.2264
fji,2011,7.0894
fji,2012,6.9797
fji,2013,6.8832
fji,2014,6.8046
fji,2015,6.7402
fji,2016,6.6963
fji,2017,6.6776
fji,2018,6.7284
fji,2019,6.8506
fji,2020,7.1388
fji,2021,7.4968
fji,2022,7.9136
fji,2023,8.3970
fji,2024,8.9498
fra,1991,5.0531
fra,1992,4.9589
fra,1993,4.8232
fra,1994,4.6422
fra,1995,4.4744
fra,1996,4.3080
fra,1997,4.1622
fra,1998,4.0432
fra,1999,3.9422
fra,2000,3.8629
fra,2001,3.7501
fra,2002,3.6071
fra,2003,3.4448
fra,2004,3.2670
fra,2005,3.1080
fra,2006,2.9635
fra,2007,2.8396
fra,2008,2.7366
fra,2009,2.6508
fra,2010,2.5782
fra,2011,2.4880
fra,2012,2.3861
fra,2013,2.2817
fra,2014,2.1815
fra,2015,2.1086
fra,2016,2.0555
fra,2017,2.0266
fra,2018,2.0101
fra,2019,1.9888
fra,2020,1.9843
fra,2021,1.9934
fra,2022,2.0181
fra,2023,2.0661
fra,2024,2.1448
fsm,1991,11.153
fsm,1992,11.013
fsm,1993,10.895
fsm,1994,10.789
fsm,1995,10.681
fsm,1996,10.572
fsm,1997,10.447
fsm,1998,10.305
fsm,1999,10.159
fsm,2000,10.009
fsm,2001,9.8657
fsm,2002,9.7467
fsm,2003,9.6511
fsm,2004,9.5843
fsm,2005,9.5391
fsm,2006,9.5097
fsm,2007,9.5140
fsm,2008,9.4913
fsm,2009,9.4439
fsm,2010,9.3726
fsm,2011,9.2818
fsm,2012,9.1809
fsm,2013,9.0541
fsm,2014,8.9263
fsm,2015,8.7957
fsm,2016,8.6564
fsm,2017,8.5205
fsm,2018,8.3890
fsm,2019,8.2648
fsm,2020,8.1447
fsm,2021,8.0107
fsm,2022,7.8847
fsm,2023,7.7548
fsm,2024,7.6222
gab,1991,23.660
gab,1992,22.926
gab,1993,22.481
gab,1994,22.197
gab,1995,22.113
gab,1996,22.027
gab,1997,21.803
gab,1998,21.537
gab,1999,21.209
gab,2000,20.853
gab,2001,20.506
gab,2002,20.112
gab,2003,19.757
gab,2004,19.395
gab,2005,18.775
gab,2006,18.090
gab,2007,17.369
gab,2008,16.587
gab,2009,15.654
gab,2010,14.781
gab,2011,14.113
gab,2012,13.542
gab,2013,13.217
gab,2014,13.151
gab,2015,13.200
gab,2016,13.286
gab,2017,13.553
gab,2018,13.801
gab,2019,14.272
gab,2020,14.762
gab,2021,15.215
gab,2022,15.566
gab,2023,16.087
gab,2024,16.580
gbr,1991,3.2634
gbr,1992,3.2087
gbr,1993,3.1589
gbr,1994,3.1191
gbr,1995,3.1033
gbr,1996,3.1115
gbr,1997,3.1264
gbr,1998,3.1492
gbr,1999,3.1296
gbr,2000,3.0938
gbr,2001,3.0559
gbr,2002,3.0036
gbr,2003,2.9544
gbr,2004,2.8766
gbr,2005,2.7999
gbr,2006,2.7298
gbr,2007,2.6557
gbr,2008,2.5834
gbr,2009,2.4684
gbr,2010,2.3222
gbr,2011,2.1650
gbr,2012,2.0152
gbr,2013,1.9167
gbr,2014,1.8623
gbr,2015,1.8555
gbr,2016,1.8779
gbr,2017,1.8938
gbr,2018,1.9111
gbr,2019,1.9196
gbr,2020,1.9323
gbr,2021,1.9600
gbr,2022,2.0281
gbr,2023,2.1435
gbr,2024,2.3091
geo,1991,5.6966
geo,1992,4.7158
geo,1993,6.9910
geo,1994,9.3426
geo,1995,5.7399
geo,1996,5.4711
geo,1997,4.5316
geo,1998,3.9021
geo,1999,3.7276
geo,2000,3.9038
geo,2001,3.9974
geo,2002,4.0161
geo,2003,3.9768
geo,2004,3.8213
geo,2005,3.7921
geo,2006,3.7942
geo,2007,3.9977
geo,2008,4.4158
geo,2009,6.5303
geo,2010,5.1738
geo,2011,4.7180
geo,2012,4.0833
geo,2013,3.8282
geo,2014,3.9790
geo,2015,4.4814
geo,2016,4.7756
geo,2017,4.8617
geo,2018,4.7445
geo,2019,4.4121
geo,2020,4.2918
geo,2021,4.3060
geo,2022,4.5236
geo,2023,4.5131
geo,2024,4.3129
gha,1991,39.217
gha,1992,34.472
gha,1993,30.740
gha,1994,27.600
gha,1995,25.322
gha,1996,23.534
gha,1997,22.069
gha,1998,21.034
gha,1999,20.121
gha,2000,19.413
gha,2001,18.737
gha,2002,18.151
gha,2003,17.666
gha,2004,17.299
gha,2005,16.976
gha,2006,16.561
gha,2007,16.219
gha,2008,15.917
gha,2009,15.572
gha,2010,15.384
gha,2011,15.344
gha,2012,15.481
gha,2013,15.774
gha,2014,16.354
gha,2015,16.987
gha,2016,17.600
gha,2017,18.128
gha,2018,18.479
gha,2019,19.304
gha,2020,19.943
gha,2021,20.457
gha,2022,21.205
gha,2023,21.609
gha,2024,22.212
gin,1991,24.443
gin,1992,23.811
gin,1993,23.346
gin,1994,23.092
gin,1995,22.870
gin,1996,22.834
gin,1997,22.910
gin,1998,23.149
gin,1999,23.482
gin,2000,23.993
gin,2001,24.678
gin,2002,25.128
gin,2003,25.413
gin,2004,25.311
gin,2005,25.469
gin,2006,25.623
gin,2007,25.733
gin,2008,25.913
gin,2009,26.150
gin,2010,26.425
gin,2011,26.955
gin,2012,27.446
gin,2013,28.215
gin,2014,29.441
gin,2015,30.817
gin,2016,32.150
gin,2017,33.571
gin,2018,34.941
gin,2019,36.026
gin,2020,37.725
gin,2021,39.273
gin,2022,40.615
gin,2023,42.135
gin,2024,43.266
gmb,1991,27.589
gmb,1992,27.036
gmb,1993,26.479
gmb,1994,25.925
gmb,1995,25.367
gmb,1996,24.808
gmb,1997,24.244
gmb,1998,23.684
gmb,1999,23.130
gmb,2000,22.586
gmb,2001,22.048
gmb,2002,21.519
gmb,2003,20.990
gmb,2004,20.464
gmb,2005,19.949
gmb,2006,19.443
gmb,2007,18.942
gmb,2008,18.462
gmb,2009,17.998
gmb,2010,17.552
gmb,2011,17.111
gmb,2012,16.699
gmb,2013,16.300
gmb,2014,15.903
gmb,2015,15.524
gmb,2016,15.156
gmb,2017,14.801
gmb,2018,14.465
gmb,2019,14.148
gmb,2020,13.840
gmb,2021,13.553
gmb,2022,13.274
gmb,2023,13.007
gmb,2024,12.755
gnb,1991,32.598
gnb,1992,32.217
gnb,1993,31.822
gnb,1994,31.405
gnb,1995,31.005
gnb,1996,30.575
gnb,1997,30.128
gnb,1998,33.207
gnb,1999,44.156
gnb,2000,38.976
gnb,2001,28.226
gnb,2002,27.708
gnb,2003,27.166
gnb,2004,26.601
gnb,2005,26.007
gnb,2006,25.383
gnb,2007,24.728
gnb,2008,24.062
gnb,2009,23.407
gnb,2010,22.743
gnb,2011,22.096
gnb,2012,21.466
gnb,2013,20.885
gnb,2014,20.375
gnb,2015,19.892
gnb,2016,19.461
gnb,2017,19.036
gnb,2018,18.642
gnb,2019,18.236
gnb,2020,17.849
gnb,2021,17.513
gnb,2022,17.190
gnb,2023,16.849
gnb,2024,16.529
gnq,1991,28.810
gnq,1992,28.670
gnq,1993,28.540
gnq,1994,28.410
gnq,1995,28.278
gnq,1996,28.114
gnq,1997,27.916
gnq,1998,27.681
gnq,1999,27.375
gnq,2000,27.013
gnq,2001,26.601
gnq,2002,26.160
gnq,2003,25.708
gnq,2004,25.242
gnq,2005,24.747
gnq,2006,24.263
gnq,2007,23.772
gnq,2008,23.276
gnq,2009,22.773
gnq,2010,22.297
gnq,2011,21.829
gnq,2012,21.378
gnq,2013,20.940
gnq,2014,20.525
gnq,2015,20.125
gnq,2016,19.719
gnq,2017,19.304
gnq,2018,18.939
gnq,2019,18.579
gnq,2020,18.259
gnq,2021,17.881
gnq,2022,17.524
gnq,2023,17.157
gnq,2024,16.777
grc,1991,4.2181
grc,1992,4.1642
grc,1993,4.0877
grc,1994,4.0113
grc,1995,3.9415
grc,1996,3.8822
grc,1997,3.8428
grc,1998,3.8168
grc,1999,3.8082
grc,2000,3.8033
grc,2001,3.7829
grc,2002,3.7607
grc,2003,3.7320
grc,2004,3.7071
grc,2005,3.6833
grc,2006,3.6573
grc,2007,3.6189
grc,2008,3.5545
grc,2009,3.4548
grc,2010,3.3143
grc,2011,3.1390
grc,2012,2.9559
grc,2013,2.7725
grc,2014,2.6104
grc,2015,2.4649
grc,2016,2.3372
grc,2017,2.2279
grc,2018,2.1354
grc,2019,2.0682
grc,2020,2.0246
grc,2021,2.0126
grc,2022,2.0310
grc,2023,2.0978
grc,2024,2.2239
grd,1991,7.8218
grd,1992,7.2073
grd,1993,6.7798
grd,1994,6.4597
grd,1995,6.1772
grd,1996,5.9106
grd,1997,5.6952
grd,1998,5.4859
grd,1999,5.3187
grd,2000,5.1831
grd,2001,5.0689
grd,2002,4.9827
grd,2003,4.9290
grd,2004,4.8880
grd,2005,4.8454
grd,2006,4.7996
grd,2007,4.7694
grd,2008,4.7324
grd,2009,4.6785
grd,2010,4.6269
grd,2011,4.5525
grd,2012,4.4806
grd,2013,4.4212
grd,2014,4.3488
grd,2015,4.2779
grd,2016,4.1989
grd,2017,4.1731
grd,2018,4.1497
grd,2019,4.1445
grd,2020,4.2051
grd,2021,4.3323
grd,2022,4.4816
grd,2023,4.6398
grd,2024,4.8426
gtm,1991,13.324
gtm,1992,13.662
gtm,1993,13.798
gtm,1994,13.778
gtm,1995,13.534
gtm,1996,13.216
gtm,1997,12.917
gtm,1998,12.643
gtm,1999,12.435
gtm,2000,12.181
gtm,2001,11.984
gtm,2002,11.901
gtm,2003,11.901
gtm,2004,12.015
gtm,2005,12.089
gtm,2006,12.109
gtm,2007,11.986
gtm,2008,11.632
gtm,2009,11.174
gtm,2010,10.634
gtm,2011,10.117
gtm,2012,9.6891
gtm,2013,9.3470
gtm,2014,9.1674
gtm,2015,9.0844
gtm,2016,9.0730
gtm,2017,9.0146
gtm,2018,8.7996
gtm,2019,8.5762
gtm,2020,8.3485
gtm,2021,8.2035
gtm,2022,8.1711
gtm,2023,8.3643
gtm,2024,8.8102
guy,1991,10.699
guy,1992,10.174
guy,1993,9.6536
guy,1994,9.7237
guy,1995,10.218
guy,1996,11.201
guy,1997,12.238
guy,1998,12.951
guy,1999,12.963
guy,2000,12.206
guy,2001,11.576
guy,2002,11.188
guy,2003,11.125
guy,2004,11.325
guy,2005,11.499
guy,2006,11.478
guy,2007,10.753
guy,2008,10.001
guy,2009,9.7423
guy,2010,9.8171
guy,2011,10.367
guy,2012,11.064
guy,2013,11.709
guy,2014,12.031
guy,2015,11.707
guy,2016,11.161
guy,2017,10.151
guy,2018,9.3153
guy,2019,8.7734
guy,2020,8.9895
guy,2021,10.277
guy,2022,11.734
guy,2023,13.357
guy,2024,14.717
hnd,1991,14.654
hnd,1992,14.299
hnd,1993,13.966
hnd,1994,13.648
hnd,1995,13.345
hnd,1996,13.051
hnd,1997,12.768
hnd,1998,12.492
hnd,1999,17.709
hnd,2000,11.949
hnd,2001,11.681
hnd,2002,11.416
hnd,2003,11.152
hnd,2004,10.897
hnd,2005,10.654
hnd,2006,10.423
hnd,2007,10.204
hnd,2008,9.9970
hnd,2009,9.8021
hnd,2010,9.6178
hnd,2011,9.4377
hnd,2012,9.2657
hnd,2013,9.0953
hnd,2014,8.9298
hnd,2015,8.7662
hnd,2016,8.6065
hnd,2017,8.4472
hnd,2018,8.2919
hnd,2019,8.1433
hnd,2020,8.0020
hnd,2021,7.8654
hnd,2022,7.7292
hnd,2023,7.5943
hnd,2024,7.4679
hrv,1991,6.8595
hrv,1992,12.351
hrv,1993,8.2478
hrv,1994,7.9621
hrv,1995,8.2722
hrv,1996,7.7554
hrv,1997,5.4849
hrv,1998,4.8457
hrv,1999,4.4087
hrv,2000,4.1410
hrv,2001,3.9850
hrv,2002,3.9124
hrv,2003,3.8625
hrv,2004,4.1790
hrv,2005,3.7459
hrv,2006,3.6846
hrv,2007,3.6220
hrv,2008,3.5315
hrv,2009,3.3906
hrv,2010,3.2242
hrv,2011,3.0307
hrv,2012,2.8411
hrv,2013,2.6709
hrv,2014,2.5277
hrv,2015,2.4256
hrv,2016,2.3558
hrv,2017,2.3244
hrv,2018,2.3129
hrv,2019,2.3156
hrv,2020,2.3339
hrv,2021,2.3430
hrv,2022,2.3642
hrv,2023,2.7616
hrv,2024,2.4973
hti,1991,35.851
hti,1992,33.439
hti,1993,31.521
hti,1994,29.831
hti,1995,28.376
hti,1996,27.113
hti,1997,26.031
hti,1998,25.028
hti,1999,24.191
hti,2000,23.264
hti,2001,22.427
hti,2002,21.687
hti,2003,21.027
hti,2004,20.421
hti,2005,19.976
hti,2006,19.556
hti,2007,19.198
hti,2008,18.888
hti,2009,18.700
hti,2010,18.554
hti,2011,67.672
hti,2012,18.382
hti,2013,18.345
hti,2014,18.435
hti,2015,18.578
hti,2016,18.922
hti,2017,19.311
hti,2018,19.859
hti,2019,20.349
hti,2020,20.944
hti,2021,21.643
hti,2022,22.351
hti,2023,22.925
hti,2024,26.757
hun,1991,5.1361
hun,1992,5.0894
hun,1993,4.9029
hun,1994,4.5804
hun,1995,4.2531
hun,1996,3.9618
hun,1997,3.7305
hun,1998,3.5608
hun,1999,3.4449
hun,2000,3.3724
hun,2001,3.2818
hun,2002,3.1863
hun,2003,3.1032
hun,2004,3.0215
hun,2005,2.9609
hun,2006,2.8986
hun,2007,2.8399
hun,2008,2.7753
hun,2009,2.6748
hun,2010,2.5740
hun,2011,2.4578
hun,2012,2.3585
hun,2013,2.2753
hun,2014,2.2096
hun,2015,2.1755
hun,2016,2.1545
hun,2017,2.1518
hun,2018,2.1732
hun,2019,2.2091
hun,2020,2.2541
hun,2021,2.2934
hun,2022,2.3175
hun,2023,2.3303
hun,2024,2.3646
idn,1991,8.7185
idn,1992,8.4496
idn,1993,8.2028
idn,1994,7.9750
idn,1995,7.8166
idn,1996,7.6996
idn,1997,7.6249
idn,1998,7.5754
idn,1999,7.5861
idn,2000,7.6329
idn,2001,7.7249
idn,2002,7.7945
idn,2003,7.8735
idn,2004,7.9394
idn,2005,11.279
idn,2006,8.0272
idn,2007,8.0931
idn,2008,8.2264
idn,2009,8.3914
idn,2010,8.6559
idn,2011,9.0236
idn,2012,9.5028
idn,2013,9.9603
idn,2014,10.368
idn,2015,10.850
idn,2016,11.372
idn,2017,11.906
idn,2018,12.545
idn,2019,13.047
idn,2020,13.561
idn,2021,13.918
idn,2022,14.296
idn,2023,14.557
idn,2024,15.084
ind,1991,14.473
ind,1992,14.163
ind,1993,13.906
ind,1994,13.708
ind,1995,13.574
ind,1996,13.491
ind,1997,13.404
ind,1998,13.297
ind,1999,13.162
ind,2000,12.969
ind,2001,12.747
ind,2002,12.507
ind,2003,12.228
ind,2004,11.969
ind,2005,11.682
ind,2006,11.377
ind,2007,11.055
ind,2008,10.709
ind,2009,10.359
ind,2010,9.9878
ind,2011,9.5462
ind,2012,9.0997
ind,2013,8.6298
ind,2014,8.1535
ind,2015,7.7148
ind,2016,7.3098
ind,2017,6.9370
ind,2018,6.5918
ind,2019,6.3334
ind,2020,6.1338
ind,2021,6.0245
ind,2022,6.0242
ind,2023,6.1269
ind,2024,6.4368
irl,1991,3.8841
irl,1992,3.9158
irl,1993,3.9409
irl,1994,4.0118
irl,1995,4.1274
irl,1996,4.2875
irl,1997,4.4565
irl,1998,4.5764
irl,1999,4.6274
irl,2000,4.5575
irl,2001,4.4201
irl,2002,4.2413
irl,2003,4.0456
irl,2004,3.8831
irl,2005,3.7583
irl,2006,3.6621
irl,2007,3.5713
irl,2008,3.4621
irl,2009,3.3539
irl,2010,3.2311
irl,2011,3.0951
irl,2012,2.9538
irl,2013,2.7931
irl,2014,2.6211
irl,2015,2.4292
irl,2016,2.2484
irl,2017,2.0879
irl,2018,1.9499
irl,2019,1.8521
irl,2020,1.7866
irl,2021,1.7524
irl,2022,1.7615
irl,2023,1.8255
irl,2024,1.9187
irn,1991,23.001
irn,1992,17.222
irn,1993,16.309
irn,1994,15.430
irn,1995,14.586
irn,1996,13.650
irn,1997,12.903
irn,1998,12.095
irn,1999,11.367
irn,2000,10.697
irn,2001,10.109
irn,2002,9.5784
irn,2003,9.1509
irn,2004,10.614
irn,2005,8.4736
irn,2006,8.2548
irn,2007,8.1404
irn,2008,8.1351
irn,2009,8.1779
irn,2010,8.0876
irn,2011,7.8047
irn,2012,7.3103
irn,2013,6.6675
irn,2014,6.1227
irn,2015,5.7845
irn,2016,5.6567
irn,2017,5.7105
irn,2018,5.9905
irn,2019,6.4741
irn,2020,7.1376
irn,2021,7.9453
irn,2022,8.7369
irn,2023,9.4446
irn,2024,10.130
irq,1991,33.298
irq,1992,21.336
irq,1993,7.3070
irq,1994,7.2581
irq,1995,7.2109
irq,1996,7.1643
irq,1997,7.1152
irq,1998,7.0663
irq,1999,7.0152
irq,2000,6.9629
irq,2001,6.9124
irq,2002,6.8597
irq,2003,6.8077
irq,2004,14.875
irq,2005,18.464
irq,2006,18.766
irq,2007,25.992
irq,2008,25.026
irq,2009,13.969
irq,2010,6.3932
irq,2011,6.3232
irq,2012,6.2524
irq,2013,6.1806
irq,2014,7.1697
irq,2015,6.0367
irq,2016,5.9651
irq,2017,15.707
irq,2018,11.689
irq,2019,5.7576
irq,2020,6.5717
irq,2021,5.6212
irq,2022,5.5583
irq,2023,5.4912
irq,2024,5.4296
isl,1991,4.1935
isl,1992,4.1313
isl,1993,4.0202
isl,1994,3.9429
isl,1995,3.8769
isl,1996,3.8461
isl,1997,3.8395
isl,1998,3.8247
isl,1999,3.8134
isl,2000,3.7988
isl,2001,3.7716
isl,2002,3.7150
isl,2003,3.6427
isl,2004,3.5485
isl,2005,3.4347
isl,2006,3.3114
isl,2007,3.1916
isl,2008,3.0612
isl,2009,2.9359
isl,2010,2.8027
isl,2011,2.6953
isl,2012,2.5951
isl,2013,2.5022
isl,2014,2.4215
isl,2015,2.3457
isl,2016,2.2827
isl,2017,2.2157
isl,2018,2.1486
isl,2019,2.0945
isl,2020,2.0589
isl,2021,2.0589
isl,2022,2.0934
isl,2023,2.1633
isl,2024,2.2574
isr,1991,3.2327
isr,1992,3.2045
isr,1993,3.2337
isr,1994,3.2750
isr,1995,3.3911
isr,1996,3.4870
isr,1997,3.5465
isr,1998,3.4261
isr,1999,3.1719
isr,2000,3.1377
isr,2001,3.2670
isr,2002,3.6096
isr,2003,3.8109
isr,2004,3.4471
isr,2005,3.0615
isr,2006,2.7948
isr,2007,2.6352
isr,2008,2.5469
isr,2009,2.4068
isr,2010,2.2724
isr,2011,2.0873
isr,2012,1.9516
isr,2013,1.8938
isr,2014,1.8947
isr,2015,1.9632
isr,2016,1.9660
isr,2017,1.9303
isr,2018,1.8807
isr,2019,1.8078
isr,2020,1.7826
isr,2021,1.7696
isr,2022,1.8011
isr,2023,1.8554
isr,2024,1.9905
ita,1991,3.7273
ita,1992,3.7938
ita,1993,3.7600
ita,1994,3.6265
ita,1995,3.4987
ita,1996,3.3921
ita,1997,3.3219
ita,1998,3.2664
ita,1999,3.1963
ita,2000,3.1359
ita,2001,3.0661
ita,2002,2.9954
ita,2003,2.9205
ita,2004,2.8222
ita,2005,2.7328
ita,2006,2.6350
ita,2007,2.5416
ita,2008,2.4414
ita,2009,2.3221
ita,2010,2.2080
ita,2011,2.0847
ita,2012,1.9687
ita,2013,1.8615
ita,2014,1.7639
ita,2015,1.6944
ita,2016,1.6425
ita,2017,1.6099
ita,2018,1.5637
ita,2019,1.4911
ita,2020,1.4407
ita,2021,1.4135
ita,2022,1.4124
ita,2023,1.4325
ita,2024,1.4851
jam,1991,10.054
jam,1992,9.9181
jam,1993,9.7858
jam,1994,9.6405
jam,1995,9.4976
jam,1996,9.3512
jam,1997,9.1939
jam,1998,9.0315
jam,1999,8.8704
jam,2000,8.7184
jam,2001,8.5864
jam,2002,8.4738
jam,2003,8.3898
jam,2004,8.3315
jam,2005,8.3004
jam,2006,8.2831
jam,2007,8.2780
jam,2008,8.2812
jam,2009,8.2800
jam,2010,8.2714
jam,2011,8.2649
jam,2012,8.2545
jam,2013,8.2338
jam,2014,8.2133
jam,2015,8.1901
jam,2016,8.1694
jam,2017,8.1613
jam,2018,8.1664
jam,2019,8.1843
jam,2020,8.2104
jam,2021,8.2409
jam,2022,8.2755
jam,2023,9.2941
jam,2024,9.3604
jor,1991,6.4136
jor,1992,6.3330
jor,1993,6.2569
jor,1994,6.1837
jor,1995,6.1130
jor,1996,6.0445
jor,1997,5.9784
jor,1998,5.9146
jor,1999,5.8498
jor,2000,5.7850
jor,2001,5.7214
jor,2002,5.6586
jor,2003,5.5945
jor,2004,5.5307
jor,2005,5.4670
jor,2006,5.4042
jor,2007,5.3430
jor,2008,5.2829
jor,2009,5.2243
jor,2010,5.1683
jor,2011,5.1141
jor,2012,5.0610
jor,2013,5.0110
jor,2014,4.9631
jor,2015,4.9151
jor,2016,4.8678
jor,2017,4.8211
jor,2018,4.7749
jor,2019,4.7305
jor,2020,4.6852
jor,2021,4.6377
jor,2022,4.5926
jor,2023,4.5450
jor,2024,4.4968
jpn,1991,2.7770
jpn,1992,2.7281
jpn,1993,2.6812
jpn,1994,2.6331
jpn,1995,2.5943
jpn,1996,2.5572
jpn,1997,2.5263
jpn,1998,2.5025
jpn,1999,2.4810
jpn,2000,2.4604
jpn,2001,2.4209
jpn,2002,2.3757
jpn,2003,2.3415
jpn,2004,2.3139
jpn,2005,2.3000
jpn,2006,2.2902
jpn,2007,2.2861
jpn,2008,2.2790
jpn,2009,2.2655
jpn,2010,2.2481
jpn,2011,2.2160
jpn,2012,2.5616
jpn,2013,2.1080
jpn,2014,2.0283
jpn,2015,1.9518
jpn,2016,1.8838
jpn,2017,1.8318
jpn,2018,1.8017
jpn,2019,1.7936
jpn,2020,1.8091
jpn,2021,1.8365
jpn,2022,1.8743
jpn,2023,1.9210
jpn,2024,1.9883
kaz,1991,8.8605
kaz,1992,9.3354
kaz,1993,9.9534
kaz,1994,10.641
kaz,1995,11.367
kaz,1996,11.927
kaz,1997,12.292
kaz,1998,12.428
kaz,1999,12.286
kaz,2000,12.059
kaz,2001,11.741
kaz,2002,11.485
kaz,2003,11.358
kaz,2004,11.321
kaz,2005,11.381
kaz,2006,11.331
kaz,2007,11.114
kaz,2008,10.588
kaz,2009,9.7218
kaz,2010,8.8131
kaz,2011,7.9839
kaz,2012,7.2812
kaz,2013,6.6735
kaz,2014,6.1117
kaz,2015,5.6422
kaz,2016,5.2376
kaz,2017,4.9320
kaz,2018,4.7264
kaz,2019,4.5895
kaz,2020,4.5114
kaz,2021,4.4102
kaz,2022,4.2946
kaz,2023,4.1625
kaz,2024,4.0914
ken,1991,19.665
ken,1992,19.921
ken,1993,20.323
ken,1994,20.786
ken,1995,21.340
ken,1996,21.753
ken,1997,22.147
ken,1998,22.346
ken,1999,22.464
ken,2000,22.380
ken,2001,22.119
ken,2002,21.698
ken,2003,21.189
ken,2004,20.694
ken,2005,20.185
ken,2006,19.619
ken,2007,18.980
ken,2008,18.428
ken,2009,17.866
ken,2010,17.468
ken,2011,17.202
ken,2012,17.246
ken,2013,17.268
ken,2014,17.581
ken,2015,17.921
ken,2016,18.220
ken,2017,18.816
ken,2018,19.264
ken,2019,19.866
ken,2020,20.355
ken,2021,21.109
ken,2022,21.746
ken,2023,22.443
ken,2024,23.128
kgz,1991,7.6424
kgz,1992,7.6730
kgz,1993,7.7612
kgz,1994,7.8550
kgz,1995,7.9474
kgz,1996,7.9775
kgz,1997,7.9271
kgz,1998,7.7790
kgz,1999,7.5323
kgz,2000,7.2869
kgz,2001,7.0310
kgz,2002,6.7896
kgz,2003,6.5567
kgz,2004,6.3321
kgz,2005,6.1562
kgz,2006,6.0124
kgz,2007,5.9013
kgz,2008,5.8132
kgz,2009,5.7063
kgz,2010,5.5685
kgz,2011,5.3666
kgz,2012,5.1497
kgz,2013,4.9551
kgz,2014,4.7744
kgz,2015,4.6185
kgz,2016,4.4566
kgz,2017,4.3142
kgz,2018,4.1893
kgz,2019,4.0733
kgz,2020,3.9829
kgz,2021,3.9038
kgz,2022,3.8341
kgz,2023,3.7514
kgz,2024,3.7059
khm,1991,30.800
khm,1992,28.541
khm,1993,26.872
khm,1994,25.472
khm,1995,24.207
khm,1996,22.873
khm,1997,21.423
khm,1998,19.740
khm,1999,17.974
khm,2000,16.426
khm,2001,14.886
khm,2002,13.592
khm,2003,12.493
khm,2004,11.659
khm,2005,10.971
khm,2006,10.384
khm,2007,9.8859
khm,2008,9.4339
khm,2009,9.0611
khm,2010,8.7874
khm,2011,8.4839
khm,2012,8.2932
khm,2013,8.1646
khm,2014,8.0916
khm,2015,8.1074
khm,2016,8.1989
khm,2017,8.3633
khm,2018,8.5618
khm,2019,8.9171
khm,2020,9.4765
khm,2021,10.117
khm,2022,10.780
khm,2023,11.417
khm,2024,11.869
kir,1991,15.250
kir,1992,14.950
kir,1993,14.658
kir,1994,14.387
kir,1995,14.152
kir,1996,13.940
kir,1997,13.745
kir,1998,13.557
kir,1999,13.368
kir,2000,13.178
kir,2001,12.992
kir,2002,12.815
kir,2003,12.665
kir,2004,12.553
kir,2005,12.479
kir,2006,12.425
kir,2007,12.379
kir,2008,12.335
kir,2009,12.277
kir,2010,12.218
kir,2011,12.162
kir,2012,12.133
kir,2013,12.121
kir,2014,12.138
kir,2015,12.185
kir,2016,12.238
kir,2017,12.300
kir,2018,12.335
kir,2019,12.332
kir,2020,12.277
kir,2021,12.202
kir,2022,12.100
kir,2023,11.978
kir,2024,11.837
kna,1991,8.0930
kna,1992,7.9369
kna,1993,7.8788
kna,1994,7.9456
kna,1995,8.1081
kna,1996,8.3923
kna,1997,8.6885
kna,1998,8.9762
kna,1999,9.2206
kna,2000,9.4253
kna,2001,9.6266
kna,2002,9.7555
kna,2003,9.9072
kna,2004,10.116
kna,2005,10.349
kna,2006,10.602
kna,2007,10.944
kna,2008,11.280
kna,2009,11.715
kna,2010,12.119
kna,2011,12.494
kna,2012,12.849
kna,2013,13.353
kna,2014,13.884
kna,2015,14.681
kna,2016,15.616
kna,2017,16.511
kna,2018,17.457
kna,2019,18.230
kna,2020,18.986
kna,2021,19.729
kna,2022,20.648
kna,2023,21.570
kna,2024,22.226
kor,1991,5.2485
kor,1992,5.0595
kor,1993,4.8506
kor,1994,4.7499
kor,1995,4.7204
kor,1996,4.7538
kor,1997,4.6891
kor,1998,4.3731
kor,1999,3.9856
kor,2000,3.5717
kor,2001,3.2135
kor,2002,2.9369
kor,2003,2.7285
kor,2004,2.5983
kor,2005,2.4783
kor,2006,2.4009
kor,2007,2.3878
kor,2008,2.4103
kor,2009,2.4522
kor,2010,2.4161
kor,2011,2.3168
kor,2012,2.1826
kor,2013,2.0225
kor,2014,1.8854
kor,2015,1.7722
kor,2016,1.7001
kor,2017,1.6684
kor,2018,1.6656
kor,2019,1.7010
kor,2020,1.7437
kor,2021,1.7957
kor,2022,1.8464
kor,2023,1.9208
kor,2024,2.0632
kwt,1991,10.848
kwt,1992,11.906
kwt,1993,3.8148
kwt,1994,3.9161
kwt,1995,3.9857
kwt,1996,4.0238
kwt,1997,4.0346
kwt,1998,4.0165
kwt,1999,3.9685
kwt,2000,3.8985
kwt,2001,3.7822
kwt,2002,3.6501
kwt,2003,3.5132
kwt,2004,3.3717
kwt,2005,3.2444
kwt,2006,3.1192
kwt,2007,3.0165
kwt,2008,2.9204
kwt,2009,2.8234
kwt,2010,2.7566
kwt,2011,2.7220
kwt,2012,2.7159
kwt,2013,2.7420
kwt,2014,2.7901
kwt,2015,2.8607
kwt,2016,2.9629
kwt,2017,3.0639
kwt,2018,3.1363
kwt,2019,3.1289
kwt,2020,3.0662
kwt,2021,2.9477
kwt,2022,2.7943
kwt,2023,2.6471
kwt,2024,2.5614
lao,1991,34.639
lao,1992,30.902
lao,1993,27.913
lao,1994,25.894
lao,1995,24.441
lao,1996,23.592
lao,1997,23.159
lao,1998,22.803
lao,1999,22.552
lao,2000,22.295
lao,2001,22.060
lao,2002,21.637
lao,2003,20.871
lao,2004,20.451
lao,2005,19.962
lao,2006,19.759
lao,2007,19.651
lao,2008,19.218
lao,2009,18.836
lao,2010,18.234
lao,2011,17.645
lao,2012,16.930
lao,2013,16.350
lao,2014,15.968
lao,2015,15.684
lao,2016,15.785
lao,2017,15.917
lao,2018,16.200
lao,2019,16.583
lao,2020,16.842
lao,2021,17.184
lao,2022,17.682
lao,2023,18.002
lao,2024,18.531
lbn,1991,35.219
lbn,1992,6.0592
lbn,1993,5.9549
lbn,1994,5.8578
lbn,1995,5.7616
lbn,1996,5.6707
lbn,1997,5.5788
lbn,1998,5.4885
lbn,1999,5.3982
lbn,2000,5.3047
lbn,2001,5.2094
lbn,2002,5.1108
lbn,2003,5.0100
lbn,2004,4.9110
lbn,2005,4.8137
lbn,2006,4.7243
lbn,2007,8.1558
lbn,2008,4.5717
lbn,2009,4.5115
lbn,2010,4.4644
lbn,2011,4.4297
lbn,2012,4.4078
lbn,2013,4.3962
lbn,2014,4.3987
lbn,2015,4.4131
lbn,2016,4.4384
lbn,2017,4.4774
lbn,2018,4.5293
lbn,2019,4.5946
lbn,2020,4.6711
lbn,2021,4.7582
lbn,2022,4.8544
lbn,2023,4.9562
lbn,2024,5.0578
lbr,1991,132.78
lbr,1992,38.869
lbr,1993,46.597
lbr,1994,46.730
lbr,1995,50.869
lbr,1996,41.727
lbr,1997,42.668
lbr,1998,30.364
lbr,1999,29.527
lbr,2000,28.829
lbr,2001,28.107
lbr,2002,27.451
lbr,2003,26.849
lbr,2004,34.878
lbr,2005,25.639
lbr,2006,25.052
lbr,2007,24.615
lbr,2008,24.214
lbr,2009,23.845
lbr,2010,23.556
lbr,2011,23.354
lbr,2012,23.351
lbr,2013,23.388
lbr,2014,23.551
lbr,2015,23.983
lbr,2016,27.532
lbr,2017,25.164
lbr,2018,26.060
lbr,2019,27.228
lbr,2020,28.055
lbr,2021,28.971
lbr,2022,29.889
lbr,2023,30.906
lbr,2024,31.900
lby,1991,6.7513
lby,1992,6.6255
lby,1993,6.5088
lby,1994,6.4006
lby,1995,6.3019
lby,1996,6.2080
lby,1997,6.1253
lby,1998,6.0504
lby,1999,5.9798
lby,2000,5.9133
lby,2001,5.8501
lby,2002,5.7877
lby,2003,5.7232
lby,2004,5.6489
lby,2005,5.5595
lby,2006,5.4521
lby,2007,5.3283
lby,2008,5.1935
lby,2009,5.0614
lby,2010,4.9446
lby,2011,4.8436
lby,2012,12.859
lby,2013,5.8334
lby,2014,5.3288
lby,2015,10.851
lby,2016,9.9860
lby,2017,10.309
lby,2018,7.1615
lby,2019,6.3185
lby,2020,7.8011
lby,2021,6.5403
lby,2022,4.1513
lby,2023,4.0994
lby,2024,8.6367
lca,1991,8.2593
lca,1992,7.9292
lca,1993,7.7440
lca,1994,7.6493
lca,1995,7.6343
lca,1996,7.5942
lca,1997,7.5948
lca,1998,7.5844
lca,1999,7.6007
lca,2000,7.6299
lca,2001,7.6116
lca,2002,7.5946
lca,2003,7.5864
lca,2004,7.5575
lca,2005,7.5090
lca,2006,7.4265
lca,2007,7.3475
lca,2008,7.2545
lca,2009,7.1509
lca,2010,7.0330
lca,2011,6.9320
lca,2012,6.8411
lca,2013,6.8328
lca,2014,6.8369
lca,2015,6.9092
lca,2016,7.0620
lca,2017,7.2817
lca,2018,7.5771
lca,2019,8.0095
lca,2020,8.5910
lca,2021,9.3771
lca,2022,10.378
lca,2023,11.279
lca,2024,12.040
lka,1991,16.850
lka,1992,17.281
lka,1993,15.223
lka,1994,12.076
lka,1995,11.547
lka,1996,14.063
lka,1997,12.931
lka,1998,12.980
lka,1999,12.771
lka,2000,12.128
lka,2001,11.901
lka,2002,8.9720
lka,2003,8.1321
lka,2004,7.3495
lka,2005,12.604
lka,2006,6.4064
lka,2007,8.5713
lka,2008,9.0672
lka,2009,12.930
lka,2010,15.554
lka,2011,7.7382
lka,2012,6.9481
lka,2013,5.7970
lka,2014,4.7343
lka,2015,3.9775
lka,2016,3.5442
lka,2017,3.4160
lka,2018,3.5292
lka,2019,3.7353
lka,2020,3.9544
lka,2021,4.1583
lka,2022,4.3826
lka,2023,4.6248
lka,2024,4.8076
lso,1991,38.228
lso,1992,35.180
lso,1993,33.108
lso,1994,31.742
lso,1995,30.993
lso,1996,31.029
lso,1997,31.679
lso,1998,32.868
lso,1999,34.157
lso,2000,35.564
lso,2001,36.813
lso,2002,37.880
lso,2003,38.517
lso,2004,38.778
lso,2005,38.516
lso,2006,38.097
lso,2007,37.210
lso,2008,36.054
lso,2009,34.774
lso,2010,33.226
lso,2011,31.774
lso,2012,29.918
lso,2013,27.927
lso,2014,25.921
lso,2015,24.039
lso,2016,22.285
lso,2017,20.596
lso,2018,19.050
lso,2019,17.630
lso,2020,16.315
lso,2021,15.217
lso,2022,14.202
lso,2023,13.564
lso,2024,13.196
ltu,1991,7.7168
ltu,1992,8.2118
ltu,1993,8.6606
ltu,1994,8.9634
ltu,1995,9.1456
ltu,1996,9.1372
ltu,1997,9.0077
ltu,1998,8.8371
ltu,1999,8.6457
ltu,2000,8.4824
ltu,2001,8.3176
ltu,2002,8.1713
ltu,2003,8.0048
ltu,2004,7.8083
ltu,2005,7.6500
ltu,2006,7.5110
ltu,2007,7.3762
ltu,2008,7.1914
ltu,2009,6.9059
ltu,2010,6.5888
ltu,2011,6.2396
ltu,2012,5.8928
ltu,2013,5.5621
ltu,2014,5.2494
ltu,2015,4.9633
ltu,2016,4.6725
ltu,2017,4.4055
ltu,2018,4.1805
ltu,2019,3.9985
ltu,2020,3.8423
ltu,2021,3.6910
ltu,2022,3.5533
ltu,2023,3.4569
ltu,2024,3.4151
lux,1991,6.5310
lux,1992,6.4904
lux,1993,6.3929
lux,1994,6.2422
lux,1995,6.0097
lux,1996,5.6948
lux,1997,5.3534
lux,1998,5.0079
lux,1999,4.6714
lux,2000,4.3505
lux,2001,4.0467
lux,2002,3.7987
lux,2003,3.5803
lux,2004,3.3936
lux,2005,3.2218
lux,2006,3.0704
lux,2007,2.9226
lux,2008,2.7698
lux,2009,2.6137
lux,2010,2.4578
lux,2011,2.3002
lux,2012,2.1634
lux,2013,2.0211
lux,2014,1.8977
lux,2015,1.7867
lux,2016,1.6891
lux,2017,1.6070
lux,2018,1.5441
lux,2019,1.4925
lux,2020,1.4650
lux,2021,1.4778
lux,2022,1.5096
lux,2023,1.5844
lux,2024,1.6737
lva,1991,8.8271
lva,1992,9.3860
lva,1993,9.8713
lva,1994,10.171
lva,1995,10.285
lva,1996,10.140
lva,1997,9.8345
lva,1998,9.4848
lva,1999,9.1150
lva,2000,8.7537
lva,2001,8.3564
lva,2002,7.9484
lva,2003,7.5340
lva,2004,7.0959
lva,2005,6.6977
lva,2006,6.3143
lva,2007,5.9851
lva,2008,5.6726
lva,2009,5.3577
lva,2010,5.0745
lva,2011,4.8068
lva,2012,4.5956
lva,2013,4.4238
lva,2014,4.3056
lva,2015,4.2396
lva,2016,4.2003
lva,2017,4.1931
lva,2018,4.1915
lva,2019,4.1420
lva,2020,4.0637
lva,2021,3.9251
lva,2022,3.7927
lva,2023,3.7149
lva,2024,3.7208
mar,1991,9.4342
mar,1992,9.0654
mar,1993,8.7715
mar,1994,8.4965
mar,1995,8.2544
mar,1996,8.0446
mar,1997,7.8236
mar,1998,7.5348
mar,1999,7.2628
mar,2000,6.9958
mar,2001,6.7779
mar,2002,6.5850
mar,2003,6.4293
mar,2004,6.3132
mar,2005,6.1653
mar,2006,6.0760
mar,2007,6.0204
mar,2008,5.9988
mar,2009,5.9917
mar,2010,6.0928
mar,2011,6.2486
mar,2012,6.4388
mar,2013,6.6186
mar,2014,6.8208
mar,2015,7.0113
mar,2016,7.2092
mar,2017,7.4188
mar,2018,7.6975
mar,2019,7.8593
mar,2020,8.0514
mar,2021,8.1714
mar,2022,8.3429
mar,2023,8.5103
mar,2024,9.5456
mco,1991,4.7827
mco,1992,4.6442
mco,1993,4.5102
mco,1994,4.3799
mco,1995,4.2578
mco,1996,4.1388
mco,1997,4.0277
mco,1998,3.9227
mco,1999,3.8224
mco,2000,3.7307
mco,2001,3.6471
mco,2002,3.5686
mco,2003,3.4979
mco,2004,3.4350
mco,2005,3.3760
mco,2006,3.3212
mco,2007,3.2680
mco,2008,3.2187
mco,2009,3.1692
mco,2010,3.1216
mco,2011,3.0756
mco,2012,3.0297
mco,2013,2.9822
mco,2014,2.9341
mco,2015,2.8857
mco,2016,2.8327
mco,2017,2.7784
mco,2018,2.7235
mco,2019,2.6673
mco,2020,2.6126
mco,2021,2.5556
mco,2022,2.5028
mco,2023,2.4491
mco,2024,2.3958
mda,1991,8.4938
mda,1992,8.2256
mda,1993,9.7279
mda,1994,7.8148
mda,1995,7.6258
mda,1996,7.3125
mda,1997,6.9492
mda,1998,6.6253
mda,1999,6.3183
mda,2000,6.0423
mda,2001,5.7628
mda,2002,5.4936
mda,2003,5.2640
mda,2004,5.0644
mda,2005,4.9041
mda,2006,4.7830
mda,2007,4.7128
mda,2008,4.6677
mda,2009,4.5870
mda,2010,4.4912
mda,2011,4.3890
mda,2012,4.3109
mda,2013,4.2679
mda,2014,4.2451
mda,2015,4.2538
mda,2016,4.2825
mda,2017,4.3270
mda,2018,4.3964
mda,2019,4.4536
mda,2020,4.5158
mda,2021,4.5610
mda,2022,4.5950
mda,2023,4.6744
mda,2024,4.8288
mdg,1991,23.809
mdg,1992,22.881
mdg,1993,21.982
mdg,1994,21.344
mdg,1995,20.776
mdg,1996,20.290
mdg,1997,19.910
mdg,1998,19.624
mdg,1999,19.301
mdg,2000,19.153
mdg,2001,19.054
mdg,2002,19.001
mdg,2003,19.019
mdg,2004,19.131
mdg,2005,19.287
mdg,2006,19.392
mdg,2007,19.584
mdg,2008,19.712
mdg,2009,19.742
mdg,2010,19.742
mdg,2011,19.640
mdg,2012,19.569
mdg,2013,19.394
mdg,2014,19.074
mdg,2015,18.952
mdg,2016,18.737
mdg,2017,18.735
mdg,2018,18.846
mdg,2019,19.057
mdg,2020,19.423
mdg,2021,19.847
mdg,2022,20.394
mdg,2023,20.935
mdg,2024,21.656
mdv,1991,8.4515
mdv,1992,7.5193
mdv,1993,6.8354
mdv,1994,6.3201
mdv,1995,5.9118
mdv,1996,5.5655
mdv,1997,5.2265
mdv,1998,4.9256
mdv,1999,4.6419
mdv,2000,4.3645
mdv,2001,4.1248
mdv,2002,3.9028
mdv,2003,3.7442
mdv,2004,3.6224
mdv,2005,4.9452
mdv,2006,3.5119
mdv,2007,3.5117
mdv,2008,3.5394
mdv,2009,3.5734
mdv,2010,3.6017
mdv,2011,3.6134
mdv,2012,3.6098
mdv,2013,3.5611
mdv,2014,3.4732
mdv,2015,3.3398
mdv,2016,3.1817
mdv,2017,3.0048
mdv,2018,2.8396
mdv,2019,2.6854
mdv,2020,2.5592
mdv,2021,2.5112
mdv,2022,2.5066
mdv,2023,2.5410
mdv,2024,2.6256
mex,1991,7.2333
mex,1992,7.1041
mex,1993,6.9793
mex,1994,6.7957
mex,1995,6.6741
mex,1996,6.5652
mex,1997,6.4838
mex,1998,6.3559
mex,1999,6.1020
mex,2000,5.8747
mex,2001,5.6567
mex,2002,5.5061
mex,2003,5.4057
mex,2004,5.3022
mex,2005,5.2697
mex,2006,5.2288
mex,2007,5.2915
mex,2008,5.5276
mex,2009,5.8886
mex,2010,6.3447
mex,2011,6.6495
mex,2012,6.7246
mex,2013,6.5591
mex,2014,6.2109
mex,2015,5.9975
mex,2016,5.9884
mex,2017,6.2158
mex,2018,6.5640
mex,2019,6.8438
mex,2020,7.0997
mex,2021,7.2138
mex,2022,7.2140
mex,2023,7.0559
mex,2024,6.8962
mhl,1991,10.989
mhl,1992,10.787
mhl,1993,10.598
mhl,1994,10.437
mhl,1995,10.326
mhl,1996,10.265
mhl,1997,10.246
mhl,1998,10.263
mhl,1999,10.310
mhl,2000,10.354
mhl,2001,10.379
mhl,2002,10.384
mhl,2003,10.368
mhl,2004,10.338
mhl,2005,10.297
mhl,2006,10.250
mhl,2007,10.199
mhl,2008,10.148
mhl,2009,10.096
mhl,2010,10.040
mhl,2011,9.9917
mhl,2012,9.9281
mhl,2013,9.8440
mhl,2014,9.7493
mhl,2015,9.6355
mhl,2016,9.5102
mhl,2017,9.3897
mhl,2018,9.2579
mhl,2019,9.1269
mhl,2020,8.9953
mhl,2021,8.8677
mhl,2022,8.7240
mhl,2023,8.5917
mhl,2024,8.4493
mkd,1991,3.5134
mkd,1992,3.6804
mkd,1993,3.7785
mkd,1994,3.6442
mkd,1995,3.5542
mkd,1996,3.4991
mkd,1997,3.4685
mkd,1998,3.4493
mkd,1999,3.4263
mkd,2000,3.4387
mkd,2001,3.4274
mkd,2002,3.3665
mkd,2003,3.2511
mkd,2004,3.0988
mkd,2005,2.9636
mkd,2006,2.8460
mkd,2007,2.7432
mkd,2008,2.6516
mkd,2009,2.5396
mkd,2010,2.4353
mkd,2011,2.3270
mkd,2012,2.2404
mkd,2013,2.1779
mkd,2014,2.1279
mkd,2015,2.1083
mkd,2016,2.0892
mkd,2017,2.0840
mkd,2018,2.0998
mkd,2019,2.1359
mkd,2020,2.2083
mkd,2021,2.3107
mkd,2022,2.4572
mkd,2023,2.6568
mkd,2024,2.9488
mli,1991,26.237
mli,1992,25.195
mli,1993,24.469
mli,1994,23.922
mli,1995,23.376
mli,1996,22.921
mli,1997,22.517
mli,1998,22.082
mli,1999,21.685
mli,2000,21.337
mli,2001,20.958
mli,2002,20.438
mli,2003,19.944
mli,2004,19.457
mli,2005,18.964
mli,2006,18.577
mli,2007,18.287
mli,2008,18.076
mli,2009,17.813
mli,2010,17.665
mli,2011,17.508
mli,2012,17.442
mli,2013,17.574
mli,2014,17.765
mli,2015,17.993
mli,2016,18.383
mli,2017,18.961
mli,2018,19.825
mli,2019,20.752
mli,2020,21.596
mli,2021,22.173
mli,2022,22.752
mli,2023,27.402
mli,2024,27.883
mlt,1991,3.4561
mlt,1992,3.3199
mlt,1993,3.2380
mlt,1994,3.1949
mlt,1995,3.1645
mlt,1996,3.1357
mlt,1997,3.1101
mlt,1998,3.0805
mlt,1999,3.0414
mlt,2000,3.0009
mlt,2001,2.9556
mlt,2002,2.9168
mlt,2003,2.8597
mlt,2004,2.8098
mlt,2005,2.7460
mlt,2006,2.6764
mlt,2007,2.6094
mlt,2008,2.5486
mlt,2009,2.4834
mlt,2010,2.4110
mlt,2011,2.3364
mlt,2012,2.2737
mlt,2013,2.2128
mlt,2014,2.1576
mlt,2015,2.1101
mlt,2016,2.0799
mlt,2017,2.0460
mlt,2018,2.0366
mlt,2019,2.0429
mlt,2020,2.0776
mlt,2021,2.1396
mlt,2022,2.2478
mlt,2023,2.3915
mlt,2024,2.5474
mmr,1991,29.264
mmr,1992,28.067
mmr,1993,28.039
mmr,1994,28.893
mmr,1995,30.196
mmr,1996,31.685
mmr,1997,31.773
mmr,1998,32.339
mmr,1999,32.163
mmr,2000,31.094
mmr,2001,29.533
mmr,2002,27.921
mmr,2003,26.058
mmr,2004,24.144
mmr,2005,22.029
mmr,2006,20.260
mmr,2007,18.657
mmr,2008,17.207
mmr,2009,26.564
mmr,2010,14.241
mmr,2011,13.009
mmr,2012,11.889
mmr,2013,11.103
mmr,2014,10.616
mmr,2015,10.360
mmr,2016,10.327
mmr,2017,10.432
mmr,2018,10.722
mmr,2019,11.058
mmr,2020,11.411
mmr,2021,11.850
mmr,2022,15.520
mmr,2023,18.681
mmr,2024,17.929
mne,1991,4.8076
mne,1992,4.6059
mne,1993,4.4679
mne,1994,4.3330
mne,1995,4.2235
mne,1996,4.1418
mne,1997,4.0939
mne,1998,4.0816
mne,1999,4.0708
mne,2000,4.0786
mne,2001,4.0347
mne,2002,3.9976
mne,2003,3.9440
mne,2004,3.8699
mne,2005,3.7814
mne,2006,3.6749
mne,2007,3.5615
mne,2008,3.4200
mne,2009,3.2536
mne,2010,3.0928
mne,2011,2.9330
mne,2012,2.7923
mne,2013,2.6902
mne,2014,2.6186
mne,2015,2.5772
mne,2016,2.5553
mne,2017,2.5646
mne,2018,2.5884
mne,2019,2.6288
mne,2020,2.6961
mne,2021,2.7889
mne,2022,2.9279
mne,2023,3.1503
mne,2024,3.4719
mng,1991,12.347
mng,1992,12.415
mng,1993,12.682
mng,1994,12.974
mng,1995,13.094
mng,1996,12.899
mng,1997,12.434
mng,1998,11.680
mng,1999,10.697
mng,2000,9.7112
mng,2001,8.8052
mng,2002,8.1168
mng,2003,7.7113
mng,2004,7.5714
mng,2005,7.6126
mng,2006,7.6453
mng,2007,7.6683
mng,2008,7.6564
mng,2009,7.5637
mng,2010,7.4634
mng,2011,7.3517
mng,2012,7.2406
mng,2013,7.0730
mng,2014,6.8337
mng,2015,6.5841
mng,2016,6.3146
mng,2017,6.0868
mng,2018,5.8921
mng,2019,5.7343
mng,2020,5.6377
mng,2021,5.5613
mng,2022,5.4908
mng,2023,5.4452
mng,2024,5.4703
moz,1991,31.459
moz,1992,30.336
moz,1993,29.441
moz,1994,28.657
moz,1995,28.186
moz,1996,27.921
moz,1997,27.868
moz,1998,27.946
moz,1999,28.023
moz,2000,28.068
moz,2001,27.775
moz,2002,27.265
moz,2003,26.706
moz,2004,26.082
moz,2005,25.604
moz,2006,25.000
moz,2007,24.424
moz,2008,23.682
moz,2009,22.992
moz,2010,22.291
moz,2011,21.682
moz,2012,20.977
moz,2013,20.380
moz,2014,19.899
moz,2015,19.440
moz,2016,19.099
moz,2017,18.735
moz,2018,18.479
moz,2019,18.447
moz,2020,18.421
moz,2021,18.561
moz,2022,18.847
moz,2023,19.237
moz,2024,19.592
mrt,1991,21.227
mrt,1992,20.266
mrt,1993,19.482
mrt,1994,18.902
mrt,1995,18.162
mrt,1996,17.348
mrt,1997,16.716
mrt,1998,16.043
mrt,1999,15.418
mrt,2000,14.745
mrt,2001,14.131
mrt,2002,13.593
mrt,2003,13.090
mrt,2004,12.644
mrt,2005,12.273
mrt,2006,11.926
mrt,2007,11.639
mrt,2008,11.424
mrt,2009,11.203
mrt,2010,11.105
mrt,2011,11.075
mrt,2012,11.135
mrt,2013,11.209
mrt,2014,11.416
mrt,2015,11.704
mrt,2016,12.171
mrt,2017,12.730
mrt,2018,13.630
mrt,2019,14.764
mrt,2020,15.796
mrt,2021,16.606
mrt,2022,17.223
mrt,2023,17.821
mrt,2024,18.434
msr,1991,8.5325
msr,1992,8.3495
msr,1993,8.1834
msr,1994,8.0251
msr,1995,7.8728
msr,1996,7.7146
msr,1997,7.5779
msr,1998,7.4375
msr,1999,7.2970
msr,2000,7.1593
msr,2001,7.0281
msr,2002,6.8995
msr,2003,6.7789
msr,2004,6.6608
msr,2005,6.5481
msr,2006,6.4348
msr,2007,6.3254
msr,2008,6.2244
msr,2009,6.1172
msr,2010,6.0166
msr,2011,5.9181
msr,2012,5.8206
msr,2013,5.7246
msr,2014,5.6243
msr,2015,5.5302
msr,2016,5.4316
msr,2017,5.3387
msr,2018,5.2566
msr,2019,5.1671
msr,2020,5.0710
msr,2021,4.9987
msr,2022,4.9169
msr,2023,4.8357
msr,2024,4.7584
mus,1991,5.5774
mus,1992,5.4852
mus,1993,5.4499
mus,1994,5.4254
mus,1995,5.3514
mus,1996,5.2302
mus,1997,5.0928
mus,1998,4.9560
mus,1999,4.8241
mus,2000,4.7264
mus,2001,4.6415
mus,2002,4.5838
mus,2003,4.5384
mus,2004,4.5129
mus,2005,4.5004
mus,2006,4.5098
mus,2007,4.5288
mus,2008,4.5615
mus,2009,4.5951
mus,2010,4.6355
mus,2011,4.6764
mus,2012,4.7205
mus,2013,4.7754
mus,2014,4.8314
mus,2015,4.8911
mus,2016,4.9527
mus,2017,5.0159
mus,2018,5.0707
mus,2019,5.1064
mus,2020,5.1161
mus,2021,5.1121
mus,2022,5.1276
mus,2023,5.1981
mus,2024,5.3027
mwi,1991,30.153
mwi,1992,31.155
mwi,1993,32.328
mwi,1994,33.682
mwi,1995,35.232
mwi,1996,36.653
mwi,1997,38.045
mwi,1998,38.906
mwi,1999,39.160
mwi,2000,38.620
mwi,2001,37.247
mwi,2002,35.499
mwi,2003,33.674
mwi,2004,31.710
mwi,2005,30.121
mwi,2006,28.435
mwi,2007,27.108
mwi,2008,25.838
mwi,2009,24.655
mwi,2010,23.660
mwi,2011,22.767
mwi,2012,22.037
mwi,2013,21.124
mwi,2014,20.403
mwi,2015,19.640
mwi,2016,19.102
mwi,2017,18.781
mwi,2018,18.829
mwi,2019,19.144
mwi,2020,19.819
mwi,2021,20.491
mwi,2022,21.147
mwi,2023,21.844
mwi,2024,22.696
mys,1991,8.0809
mys,1992,6.7397
mys,1993,6.2471
mys,1994,6.1597
mys,1995,6.1986
mys,1996,6.3102
mys,1997,6.2380
mys,1998,6.1002
mys,1999,5.8463
mys,2000,5.6312
mys,2001,5.4715
mys,2002,5.3501
mys,2003,5.3318
mys,2004,5.1849
mys,2005,4.9525
mys,2006,4.7136
mys,2007,4.4876
mys,2008,4.3483
mys,2009,4.2534
mys,2010,4.2181
mys,2011,4.1791
mys,2012,4.0386
mys,2013,3.9313
mys,2014,3.8457
mys,2015,3.8165
mys,2016,3.8300
mys,2017,3.8425
mys,2018,3.8369
mys,2019,3.6557
mys,2020,3.5090
mys,2021,3.4500
mys,2022,3.5971
mys,2023,4.0439
mys,2024,4.5625
nam,1991,21.873
nam,1992,21.744
nam,1993,21.715
nam,1994,21.765
nam,1995,21.975
nam,1996,22.152
nam,1997,22.486
nam,1998,22.921
nam,1999,23.403
nam,2000,23.853
nam,2001,24.246
nam,2002,24.773
nam,2003,25.006
nam,2004,25.002
nam,2005,24.822
nam,2006,24.438
nam,2007,23.979
nam,2008,23.590
nam,2009,23.160
nam,2010,22.803
nam,2011,22.606
nam,2012,22.438
nam,2013,22.317
nam,2014,22.305
nam,2015,22.374
nam,2016,22.418
nam,2017,22.403
nam,2018,22.218
nam,2019,21.956
nam,2020,21.823
nam,2021,21.680
nam,2022,21.566
nam,2023,21.598
nam,2024,21.750
ner,1991,28.949
ner,1992,28.586
ner,1993,28.167
ner,1994,27.830
ner,1995,27.472
ner,1996,27.241
ner,1997,27.053
ner,1998,26.956
ner,1999,27.015
ner,2000,26.920
ner,2001,27.009
ner,2002,26.983
ner,2003,26.915
ner,2004,26.675
ner,2005,26.492
ner,2006,26.560
ner,2007,26.609
ner,2008,26.781
ner,2009,27.021
ner,2010,27.301
ner,2011,28.060
ner,2012,28.928
ner,2013,29.704
ner,2014,30.540
ner,2015,31.391
ner,2016,32.350
ner,2017,33.562
ner,2018,34.749
ner,2019,35.825
ner,2020,37.338
ner,2021,39.003
ner,2022,39.946
ner,2023,41.206
ner,2024,42.305
nga,1991,37.252
nga,1992,35.019
nga,1993,32.873
nga,1994,30.977
nga,1995,29.266
nga,1996,27.693
nga,1997,26.155
nga,1998,24.897
nga,1999,23.797
nga,2000,22.837
nga,2001,21.996
nga,2002,21.074
nga,2003,20.397
nga,2004,19.795
nga,2005,19.249
nga,2006,18.763
nga,2007,18.229
nga,2008,17.786
nga,2009,17.420
nga,2010,17.075
nga,2011,16.760
nga,2012,16.491
nga,2013,16.306
nga,2014,16.213
nga,2015,16.136
nga,2016,16.082
nga,2017,16.045
nga,2018,16.213
nga,2019,16.338
nga,2020,16.598
nga,2021,17.009
nga,2022,17.785
nga,2023,18.383
nga,2024,19.115
nic,1991,17.708
nic,1992,15.221
nic,1993,14.830
nic,1994,14.429
nic,1995,14.031
nic,1996,13.634
nic,1997,13.243
nic,1998,12.855
nic,1999,14.125
nic,2000,12.117
nic,2001,11.775
nic,2002,11.451
nic,2003,11.147
nic,2004,10.857
nic,2005,10.576
nic,2006,10.313
nic,2007,10.058
nic,2008,9.8160
nic,2009,9.5849
nic,2010,9.3604
nic,2011,9.1424
nic,2012,8.9333
nic,2013,8.7323
nic,2014,8.5363
nic,2015,8.3437
nic,2016,8.1581
nic,2017,7.9774
nic,2018,7.8069
nic,2019,7.6417
nic,2020,7.4852
nic,2021,7.3333
nic,2022,7.1841
nic,2023,7.0397
nic,2024,6.9102
niu,1991,8.0328
niu,1992,8.0859
niu,1993,8.1442
niu,1994,8.2224
niu,1995,8.3196
niu,1996,8.4329
niu,1997,8.5579
niu,1998,8.6924
niu,1999,8.8316
niu,2000,8.9653
niu,2001,9.0911
niu,2002,9.2202
niu,2003,9.3374
niu,2004,9.4542
niu,2005,9.5628
niu,2006,9.6480
niu,2007,9.6836
niu,2008,9.6771
niu,2009,9.6266
niu,2010,9.5558
niu,2011,9.4628
niu,2012,9.3478
niu,2013,9.2178
niu,2014,9.1033
niu,2015,8.9775
niu,2016,8.8453
niu,2017,8.7053
niu,2018,8.5827
niu,2019,8.4576
niu,2020,8.3232
niu,2021,8.1974
niu,2022,8.0678
niu,2023,7.9443
niu,2024,7.8252
nld,1991,2.6929
nld,1992,2.6638
nld,1993,2.6389
nld,1994,2.6129
nld,1995,2.5934
nld,1996,2.5704
nld,1997,2.5561
nld,1998,2.5389
nld,1999,2.5194
nld,2000,2.4944
nld,2001,2.4498
nld,2002,2.3814
nld,2003,2.2836
nld,2004,2.1665
nld,2005,2.0581
nld,2006,1.9603
nld,2007,1.8752
nld,2008,1.8000
nld,2009,1.7343
nld,2010,1.6798
nld,2011,1.6295
nld,2012,1.5843
nld,2013,1.5447
nld,2014,1.5106
nld,2015,1.4869
nld,2016,1.4721
nld,2017,1.4685
nld,2018,1.4740
nld,2019,1.4848
nld,2020,1.5030
nld,2021,1.5270
nld,2022,1.5612
nld,2023,1.6129
nld,2024,1.6878
nor,1991,3.6099
nor,1992,3.4821
nor,1993,3.3861
nor,1994,3.3050
nor,1995,3.2730
nor,1996,3.2828
nor,1997,3.3379
nor,1998,3.4453
nor,1999,3.5931
nor,2000,3.7718
nor,2001,3.8766
nor,2002,3.8898
nor,2003,3.8201
nor,2004,3.6753
nor,2005,3.5294
nor,2006,3.3856
nor,2007,3.2567
nor,2008,3.1487
nor,2009,3.0702
nor,2010,3.0022
nor,2011,2.8773
nor,2012,2.7064
nor,2013,2.5105
nor,2014,2.3263
nor,2015,2.1904
nor,2016,2.0937
nor,2017,2.0354
nor,2018,2.0097
nor,2019,2.0117
nor,2020,2.0330
nor,2021,2.0433
nor,2022,2.0537
nor,2023,2.0943
nor,2024,2.2011
npl,1991,14.808
npl,1992,14.264
npl,1993,13.830
npl,1994,13.452
npl,1995,13.009
npl,1996,12.689
npl,1997,12.378
npl,1998,12.107
npl,1999,11.886
npl,2000,11.665
npl,2001,11.430
npl,2002,11.258
npl,2003,13.565
npl,2004,10.914
npl,2005,12.089
npl,2006,10.540
npl,2007,10.374
npl,2008,10.197
npl,2009,10.045
npl,2010,9.9072
npl,2011,9.8570
npl,2012,9.8492
npl,2013,9.8523
npl,2014,10.019
npl,2015,10.213
npl,2016,12.432
npl,2017,10.610
npl,2018,10.928
npl,2019,11.337
npl,2020,11.737
npl,2021,12.184
npl,2022,12.554
npl,2023,13.029
npl,2024,13.512
nru,1991,13.049
nru,1992,12.726
nru,1993,12.404
nru,1994,12.078
nru,1995,11.772
nru,1996,11.479
nru,1997,11.199
nru,1998,10.932
nru,1999,10.676
nru,2000,10.434
nru,2001,10.206
nru,2002,9.9977
nru,2003,9.7976
nru,2004,9.6089
nru,2005,9.4372
nru,2006,9.2707
nru,2007,9.0993
nru,2008,8.9117
nru,2009,8.6972
nru,2010,8.4550
nru,2011,8.1851
nru,2012,7.8986
nru,2013,7.5977
nru,2014,7.2877
nru,2015,6.9732
nru,2016,6.6617
nru,2017,6.3616
nru,2018,6.0743
nru,2019,5.7975
nru,2020,5.5306
nru,2021,5.2899
nru,2022,5.0764
nru,2023,4.8945
nru,2024,4.7408
nzl,1991,6.7820
nzl,1992,6.5256
nzl,1993,6.2578
nzl,1994,5.9928
nzl,1995,5.7529
nzl,1996,5.5355
nzl,1997,5.2954
nzl,1998,5.0616
nzl,1999,4.8057
nzl,2000,4.5615
nzl,2001,4.3480
nzl,2002,4.1693
nzl,2003,4.0478
nzl,2004,3.9576
nzl,2005,3.8955
nzl,2006,3.8464
nzl,2007,3.7862
nzl,2008,3.7474
nzl,2009,3.6926
nzl,2010,3.6243
nzl,2011,3.5392
nzl,2012,3.4220
nzl,2013,3.3056
nzl,2014,3.1918
nzl,2015,3.1054
nzl,2016,3.0566
nzl,2017,3.0433
nzl,2018,3.0505
nzl,2019,3.0565
nzl,2020,3.0482
nzl,2021,3.0700
nzl,2022,3.1414
nzl,2023,3.2630
nzl,2024,3.4199
omn,1991,6.6155
omn,1992,6.3830
omn,1993,6.1592
omn,1994,5.9438
omn,1995,5.7439
omn,1996,5.5609
omn,1997,5.3934
omn,1998,5.2381
omn,1999,5.0963
omn,2000,4.9619
omn,2001,4.8388
omn,2002,4.7271
omn,2003,4.6299
omn,2004,4.5474
omn,2005,4.4796
omn,2006,4.4250
omn,2007,4.3824
omn,2008,4.3501
omn,2009,4.3254
omn,2010,4.3058
omn,2011,4.2888
omn,2012,4.2716
omn,2013,4.2533
omn,2014,4.2368
omn,2015,4.2243
omn,2016,4.2158
omn,2017,4.2065
omn,2018,4.1954
omn,2019,4.1827
omn,2020,4.1677
omn,2021,4.1531
omn,2022,4.1389
omn,2023,4.1257
omn,2024,4.1083
pak,1991,14.698
pak,1992,14.281
pak,1993,13.859
pak,1994,13.614
pak,1995,13.349
pak,1996,13.074
pak,1997,12.785
pak,1998,12.526
pak,1999,12.298
pak,2000,12.076
pak,2001,11.815
pak,2002,11.558
pak,2003,11.326
pak,2004,11.116
pak,2005,10.939
pak,2006,12.881
pak,2007,10.841
pak,2008,10.868
pak,2009,10.997
pak,2010,11.287
pak,2011,11.710
pak,2012,12.202
pak,2013,12.678
pak,2014,13.246
pak,2015,13.808
pak,2016,14.403
pak,2017,14.998
pak,2018,15.497
pak,2019,16.093
pak,2020,16.575
pak,2021,17.094
pak,2022,17.657
pak,2023,18.131
pak,2024,18.393
pan,1991,7.3223
pan,1992,7.3335
pan,1993,7.5281
pan,1994,7.7630
pan,1995,7.8689
pan,1996,7.8426
pan,1997,7.7009
pan,1998,7.4499
pan,1999,7.1801
pan,2000,6.8629
pan,2001,6.5975
pan,2002,6.4092
pan,2003,6.2613
pan,2004,6.2193
pan,2005,6.2324
pan,2006,6.3712
pan,2007,6.6671
pan,2008,7.0860
pan,2009,7.6313
pan,2010,8.0811
pan,2011,8.3778
pan,2012,8.4886
pan,2013,8.3356
pan,2014,8.0758
pan,2015,7.6925
pan,2016,7.3127
pan,2017,7.0368
pan,2018,6.8357
pan,2019,6.7625
pan,2020,6.6890
pan,2021,6.6105
pan,2022,6.5389
pan,2023,6.5809
pan,2024,6.8249
per,1991,12.864
per,1992,12.388
per,1993,11.795
per,1994,11.203
per,1995,10.598
per,1996,9.9919
per,1997,9.4140
per,1998,8.8595
per,1999,8.3407
per,2000,7.8680
per,2001,7.4941
per,2002,7.0833
per,2003,6.7221
per,2004,6.3607
per,2005,5.9671
per,2006,5.5958
per,2007,5.2358
per,2008,4.9007
per,2009,4.6595
per,2010,4.5128
per,2011,4.4195
per,2012,4.3193
per,2013,4.1743
per,2014,4.0407
per,2015,3.9256
per,2016,3.8810
per,2017,3.9488
per,2018,4.1868
per,2019,4.5870
per,2020,5.0671
per,2021,5.5994
per,2022,6.1502
per,2023,6.6394
per,2024,7.1090
phl,1991,8.8863
phl,1992,8.4137
phl,1993,7.9779
phl,1994,7.6182
phl,1995,7.3060
phl,1996,7.0604
phl,1997,6.8740
phl,1998,6.7294
phl,1999,6.6734
phl,2000,6.6612
phl,2001,6.7078
phl,2002,6.7608
phl,2003,6.7552
phl,2004,6.7320
phl,2005,6.6248
phl,2006,6.4865
phl,2007,6.3514
phl,2008,6.2263
phl,2009,6.1560
phl,2010,6.0816
phl,2011,6.0457
phl,2012,6.0490
phl,2013,6.0802
phl,2014,6.1441
phl,2015,6.1825
phl,2016,6.2026
phl,2017,6.1789
phl,2018,6.0917
phl,2019,6.0251
phl,2020,5.9818
phl,2021,6.0066
phl,2022,6.0995
phl,2023,6.3328
phl,2024,6.7389
plw,1991,14.269
plw,1992,14.120
plw,1993,14.016
plw,1994,14.043
plw,1995,14.149
plw,1996,14.300
plw,1997,14.465
plw,1998,14.663
plw,1999,14.894
plw,2000,15.192
plw,2001,15.547
plw,2002,15.973
plw,2003,16.622
plw,2004,17.274
plw,2005,18.156
plw,2006,19.144
plw,2007,20.118
plw,2008,21.179
plw,2009,22.205
plw,2010,23.181
plw,2011,24.000
plw,2012,24.770
plw,2013,25.387
plw,2014,26.105
plw,2015,26.798
plw,2016,27.806
plw,2017,29.460
plw,2018,31.636
plw,2019,34.357
plw,2020,36.959
plw,2021,39.002
plw,2022,40.569
plw,2023,41.452
plw,2024,42.242
png,1991,14.626
png,1992,14.491
png,1993,14.364
png,1994,14.239
png,1995,14.120
png,1996,14.005
png,1997,13.893
png,1998,13.782
png,1999,15.445
png,2000,13.573
png,2001,13.474
png,2002,13.366
png,2003,13.251
png,2004,13.134
png,2005,13.015
png,2006,12.886
png,2007,12.751
png,2008,12.613
png,2009,12.470
png,2010,12.325
png,2011,12.173
png,2012,12.019
png,2013,11.867
png,2014,11.716
png,2015,11.564
png,2016,11.412
png,2017,11.245
png,2018,11.084
png,2019,10.911
png,2020,10.748
png,2021,10.584
png,2022,10.418
png,2023,10.245
png,2024,10.075
pol,1991,5.2116
pol,1992,5.2360
pol,1993,5.1161
pol,1994,4.8698
pol,1995,4.6612
pol,1996,4.5153
pol,1997,4.4462
pol,1998,4.4088
pol,1999,4.3308
pol,2000,4.2371
pol,2001,4.0718
pol,2002,3.8979
pol,2003,3.7499
pol,2004,3.6291
pol,2005,3.5737
pol,2006,3.5512
pol,2007,3.5691
pol,2008,3.5951
pol,2009,3.5828
pol,2010,3.5602
pol,2011,3.5045
pol,2012,3.4326
pol,2013,3.3484
pol,2014,3.2468
pol,2015,3.1564
pol,2016,3.0430
pol,2017,2.9554
pol,2018,2.9244
pol,2019,2.9397
pol,2020,3.0020
pol,2021,3.0639
pol,2022,3.1107
pol,2023,3.1086
pol,2024,3.1122
prk,1991,10.102
prk,1992,10.232
prk,1993,10.315
prk,1994,10.344
prk,1995,10.320
prk,1996,16.462
prk,1997,16.347
prk,1998,16.223
prk,1999,16.111
prk,2000,15.991
prk,2001,15.879
prk,2002,15.781
prk,2003,15.679
prk,2004,9.2977
prk,2005,9.1989
prk,2006,9.1308
prk,2007,9.0572
prk,2008,9.0064
prk,2009,8.8131
prk,2010,8.6600
prk,2011,8.4694
prk,2012,8.2554
prk,2013,8.0214
prk,2014,7.7669
prk,2015,7.5234
prk,2016,7.3079
prk,2017,7.1786
prk,2018,6.9143
prk,2019,6.7859
prk,2020,6.6525
prk,2021,6.6048
prk,2022,6.6041
prk,2023,6.6569
prk,2024,6.7080
prt,1991,6.5715
prt,1992,6.5990
prt,1993,6.5561
prt,1994,6.4322
prt,1995,6.3094
prt,1996,6.2019
prt,1997,6.1065
prt,1998,5.9486
prt,1999,5.6764
prt,2000,5.3518
prt,2001,4.9587
prt,2002,4.5705
prt,2003,4.2112
prt,2004,3.8903
prt,2005,3.6293
prt,2006,3.4010
prt,2007,3.2110
prt,2008,3.0355
prt,2009,2.8469
prt,2010,2.6656
prt,2011,2.4791
prt,2012,2.3077
prt,2013,2.1561
prt,2014,2.0175
prt,2015,1.9188
prt,2016,1.8487
prt,2017,1.8104
prt,2018,1.7968
prt,2019,1.7982
prt,2020,1.8211
prt,2021,1.8549
prt,2022,1.9048
prt,2023,1.9822
prt,2024,2.1095
pry,1991,12.927
pry,1992,12.677
pry,1993,12.444
pry,1994,12.224
pry,1995,12.019
pry,1996,11.827
pry,1997,11.654
pry,1998,11.499
pry,1999,11.353
pry,2000,11.211
pry,2001,11.074
pry,2002,10.948
pry,2003,10.828
pry,2004,10.695
pry,2005,10.564
pry,2006,10.426
pry,2007,10.287
pry,2008,10.144
pry,2009,9.9935
pry,2010,9.8376
pry,2011,9.6976
pry,2012,9.5368
pry,2013,9.4034
pry,2014,9.2606
pry,2015,9.1146
pry,2016,8.9569
pry,2017,8.8088
pry,2018,8.6604
pry,2019,8.5112
pry,2020,8.3649
pry,2021,8.2380
pry,2022,8.0956
pry,2023,7.9538
pry,2024,7.8249
pse,1991,8.4141
pse,1992,6.8590
pse,1993,8.1047
pse,1994,8.4640
pse,1995,6.5503
pse,1996,7.4858
pse,1997,6.3707
pse,1998,6.2868
pse,1999,6.2066
pse,2000,6.1303
pse,2001,9.7531
pse,2002,13.850
pse,2003,8.4750
pse,2004,9.7781
pse,2005,10.388
pse,2006,6.8853
pse,2007,8.9300
pse,2008,8.8394
pse,2009,7.4483
pse,2010,7.5584
pse,2011,5.3967
pse,2012,5.3268
pse,2013,5.2583
pse,2014,5.1888
pse,2015,9.8840
pse,2016,5.0488
pse,2017,4.9793
pse,2018,4.9140
pse,2019,4.8481
pse,2020,4.7859
pse,2021,4.7268
pse,2022,4.6669
pse,2023,4.6091
pse,2024,43.909
qat,1991,4.7921
qat,1992,4.5008
qat,1993,4.3525
qat,1994,4.2765
qat,1995,4.2678
qat,1996,4.2781
qat,1997,4.3152
qat,1998,4.3717
qat,1999,4.4108
qat,2000,4.4607
qat,2001,4.4843
qat,2002,4.4944
qat,2003,4.5105
qat,2004,4.4964
qat,2005,4.4691
qat,2006,4.3838
qat,2007,4.2196
qat,2008,3.9915
qat,2009,3.7404
qat,2010,3.5075
qat,2011,3.2816
qat,2012,3.0711
qat,2013,2.8823
qat,2014,2.7103
qat,2015,2.5674
qat,2016,2.4311
qat,2017,2.3195
qat,2018,2.2311
qat,2019,2.1649
qat,2020,2.1236
qat,2021,2.1008
qat,2022,2.1163
qat,2023,2.1886
qat,2024,2.3419
rks,1991,10.302
rks,1992,10.064
rks,1993,9.8282
rks,1994,9.5979
rks,1995,9.3619
rks,1996,9.1241
rks,1997,8.8833
rks,1998,8.6384
rks,1999,8.3963
rks,2000,8.1488
rks,2001,7.9021
rks,2002,7.6572
rks,2003,7.4140
rks,2004,7.1811
rks,2005,6.9569
rks,2006,6.7421
rks,2007,6.5378
rks,2008,6.3457
rks,2009,6.1638
rks,2010,5.9937
rks,2011,5.8336
rks,2012,5.6858
rks,2013,5.5488
rks,2014,5.4206
rks,2015,5.2984
rks,2016,5.1828
rks,2017,5.0734
rks,2018,4.9645
rks,2019,4.8596
rks,2020,4.7570
rks,2021,4.6618
rks,2022,4.5755
rks,2023,4.5020
rks,2024,4.4347
rou,1991,5.3419
rou,1992,5.0525
rou,1993,4.9556
rou,1994,4.9600
rou,1995,5.0363
rou,1996,5.0007
rou,1997,4.8569
rou,1998,4.6273
rou,1999,4.3140
rou,2000,4.0786
rou,2001,3.9173
rou,2002,3.8413
rou,2003,3.7455
rou,2004,3.5583
rou,2005,3.4236
rou,2006,3.3734
rou,2007,3.4650
rou,2008,3.6986
rou,2009,4.0050
rou,2010,4.2895
rou,2011,4.2807
rou,2012,4.0708
rou,2013,3.7954
rou,2014,3.5080
rou,2015,3.2817
rou,2016,3.0728
rou,2017,2.9264
rou,2018,2.8578
rou,2019,2.8340
rou,2020,2.8789
rou,2021,2.9259
rou,2022,2.9574
rou,2023,2.8752
rou,2024,2.7508
rus,1991,8.7762
rus,1992,9.5756
rus,1993,10.741
rus,1994,12.230
rus,1995,13.369
rus,1996,13.452
rus,1997,13.347
rus,1998,13.429
rus,1999,13.799
rus,2000,14.302
rus,2001,14.523
rus,2002,14.495
rus,2003,13.873
rus,2004,13.083
rus,2005,12.415
rus,2006,11.876
rus,2007,11.432
rus,2008,10.700
rus,2009,9.8902
rus,2010,9.1813
rus,2011,8.5863
rus,2012,8.1796
rus,2013,7.7997
rus,2014,7.4400
rus,2015,7.0111
rus,2016,6.4378
rus,2017,5.9229
rus,2018,5.4455
rus,2019,5.1306
rus,2020,4.9714
rus,2021,5.0581
rus,2022,5.4476
rus,2023,8.8556
rus,2024,13.235
rwa,1991,75.736
rwa,1992,86.363
rwa,1993,79.570
rwa,1994,80.586
rwa,1995,1000.0
rwa,1996,75.470
rwa,1997,70.293
rwa,1998,75.371
rwa,1999,69.190
rwa,2000,46.521
rwa,2001,38.826
rwa,2002,32.503
rwa,2003,27.672
rwa,2004,23.771
rwa,2005,20.698
rwa,2006,18.344
rwa,2007,16.525
rwa,2008,15.057
rwa,2009,13.942
rwa,2010,13.054
rwa,2011,12.488
rwa,2012,12.145
rwa,2013,11.981
rwa,2014,11.873
rwa,2015,11.611
rwa,2016,11.345
rwa,2017,11.011
rwa,2018,10.556
rwa,2019,10.143
rwa,2020,9.8081
rwa,2021,9.5486
rwa,2022,9.5801
rwa,2023,9.9787
rwa,2024,10.631
sau,1991,41.024
sau,1992,33.420
sau,1993,27.938
sau,1994,23.285
sau,1995,19.757
sau,1996,17.009
sau,1997,14.767
sau,1998,13.066
sau,1999,11.870
sau,2000,10.935
sau,2001,10.310
sau,2002,9.8591
sau,2003,9.4321
sau,2004,9.0936
sau,2005,8.8518
sau,2006,8.6956
sau,2007,8.6117
sau,2008,8.6017
sau,2009,8.6074
sau,2010,8.6919
sau,2011,8.7855
sau,2012,8.9451
sau,2013,9.0724
sau,2014,9.1431
sau,2015,9.1700
sau,2016,9.2664
sau,2017,9.4452
sau,2018,9.8162
sau,2019,10.263
sau,2020,10.602
sau,2021,11.038
sau,2022,11.461
sau,2023,11.839
sau,2024,12.292
sdn,1991,34.097
sdn,1992,33.723
sdn,1993,33.332
sdn,1994,32.924
sdn,1995,32.497
sdn,1996,32.045
sdn,1997,31.570
sdn,1998,31.052
sdn,1999,30.508
sdn,2000,29.935
sdn,2001,29.333
sdn,2002,28.717
sdn,2003,32.829
sdn,2004,36.532
sdn,2005,42.985
sdn,2006,40.805
sdn,2007,30.128
sdn,2008,25.288
sdn,2009,28.907
sdn,2010,24.333
sdn,2011,23.898
sdn,2012,23.490
sdn,2013,23.095
sdn,2014,22.704
sdn,2015,22.304
sdn,2016,21.908
sdn,2017,21.512
sdn,2018,21.103
sdn,2019,20.722
sdn,2020,20.323
sdn,2021,19.934
sdn,2022,19.543
sdn,2023,19.140
sdn,2024,22.472
sen,1991,19.267
sen,1992,18.671
sen,1993,18.131
sen,1994,17.601
sen,1995,17.093
sen,1996,16.685
sen,1997,16.270
sen,1998,15.964
sen,1999,15.681
sen,2000,15.324
sen,2001,15.045
sen,2002,14.739
sen,2003,14.346
sen,2004,14.005
sen,2005,13.664
sen,2006,13.257
sen,2007,12.788
sen,2008,12.303
sen,2009,11.863
sen,2010,11.431
sen,2011,11.065
sen,2012,10.741
sen,2013,10.476
sen,2014,10.312
sen,2015,10.215
sen,2016,10.195
sen,2017,10.200
sen,2018,10.354
sen,2019,10.568
sen,2020,10.969
sen,2021,11.381
sen,2022,11.686
sen,2023,12.138
sen,2024,12.532
sgp,1991,3.8364
sgp,1992,3.4724
sgp,1993,3.2210
sgp,1994,3.0330
sgp,1995,2.9056
sgp,1996,2.8235
sgp,1997,2.7619
sgp,1998,2.6990
sgp,1999,2.6727
sgp,2000,2.6646
sgp,2001,2.6734
sgp,2002,2.6930
sgp,2003,2.6847
sgp,2004,2.6386
sgp,2005,2.5095
sgp,2006,2.3604
sgp,2007,2.2266
sgp,2008,2.1120
sgp,2009,2.0149
sgp,2010,1.9259
sgp,2011,1.8479
sgp,2012,1.7782
sgp,2013,1.7018
sgp,2014,1.6332
sgp,2015,1.5611
sgp,2016,1.5026
sgp,2017,1.4583
sgp,2018,1.4279
sgp,2019,1.4176
sgp,2020,1.4230
sgp,2021,1.4518
sgp,2022,1.5186
sgp,2023,1.6456
sgp,2024,1.8184
slb,1991,9.8240
slb,1992,9.6906
slb,1993,9.5576
slb,1994,9.4302
slb,1995,9.3089
slb,1996,9.1945
slb,1997,9.0927
slb,1998,9.0025
slb,1999,8.9262
slb,2000,8.8554
slb,2001,8.7973
slb,2002,8.7419
slb,2003,8.6955
slb,2004,8.6567
slb,2005,8.6159
slb,2006,8.5751
slb,2007,8.5306
slb,2008,8.4782
slb,2009,8.4192
slb,2010,8.3539
slb,2011,8.2862
slb,2012,8.2101
slb,2013,8.1361
slb,2014,8.0657
slb,2015,7.9944
slb,2016,7.9327
slb,2017,7.8657
slb,2018,7.7956
slb,2019,7.7163
slb,2020,7.6229
slb,2021,7.5190
slb,2022,7.4214
slb,2023,7.3176
slb,2024,7.1999
sle,1991,53.678
sle,1992,51.792
sle,1993,49.297
sle,1994,47.237
sle,1995,50.511
sle,1996,50.985
sle,1997,40.895
sle,1998,39.203
sle,1999,51.078
sle,2000,67.740
sle,2001,36.163
sle,2002,35.453
sle,2003,34.644
sle,2004,34.082
sle,2005,33.830
sle,2006,33.337
sle,2007,32.921
sle,2008,32.307
sle,2009,31.842
sle,2010,31.361
sle,2011,30.922
sle,2012,30.550
sle,2013,30.273
sle,2014,30.016
sle,2015,29.948
sle,2016,30.102
sle,2017,30.335
sle,2018,30.704
sle,2019,31.264
sle,2020,31.772
sle,2021,32.341
sle,2022,33.371
sle,2023,34.480
sle,2024,35.783
slv,1991,18.666
slv,1992,12.372
slv,1993,11.568
slv,1994,11.273
slv,1995,11.352
slv,1996,11.633
slv,1997,11.754
slv,1998,11.723
slv,1999,11.611
slv,2000,11.457
slv,2001,11.372
slv,2002,11.316
slv,2003,11.398
slv,2004,11.665
slv,2005,12.071
slv,2006,12.425
slv,2007,12.406
slv,2008,12.065
slv,2009,11.488
slv,2010,10.771
slv,2011,10.021
slv,2012,9.2072
slv,2013,8.6590
slv,2014,8.6902
slv,2015,9.3201
slv,2016,10.100
slv,2017,10.324
slv,2018,9.8860
slv,2019,9.0652
slv,2020,8.2454
slv,2021,7.6734
slv,2022,7.5631
slv,2023,7.8889
slv,2024,8.2991
smr,1991,6.6748
smr,1992,6.2883
smr,1993,5.9255
smr,1994,5.5824
smr,1995,5.2553
smr,1996,4.9562
smr,1997,4.6749
smr,1998,4.4230
smr,1999,4.1840
smr,2000,3.9624
smr,2001,3.7541
smr,2002,3.5614
smr,2003,3.3855
smr,2004,3.2143
smr,2005,3.0618
smr,2006,2.9235
smr,2007,2.7955
smr,2008,2.6769
smr,2009,2.5650
smr,2010,2.4649
smr,2011,2.3665
smr,2012,2.2817
smr,2013,2.1940
smr,2014,2.1138
smr,2015,2.0387
smr,2016,1.9667
smr,2017,1.9023
smr,2018,1.8382
smr,2019,1.7817
smr,2020,1.7282
smr,2021,1.6824
smr,2022,1.6371
smr,2023,1.5938
smr,2024,1.5578
som,1991,71.115
som,1992,102.58
som,1993,88.831
som,1994,40.404
som,1995,40.365
som,1996,40.365
som,1997,40.365
som,1998,40.365
som,1999,40.365
som,2000,40.365
som,2001,40.365
som,2002,40.365
som,2003,40.365
som,2004,40.365
som,2005,40.365
som,2006,40.358
som,2007,40.247
som,2008,39.980
som,2009,39.450
som,2010,38.809
som,2011,38.078
som,2012,63.622
som,2013,40.813
som,2014,35.877
som,2015,40.039
som,2016,34.442
som,2017,39.777
som,2018,41.534
som,2019,37.441
som,2020,31.909
som,2021,31.295
som,2022,30.683
som,2023,39.538
som,2024,36.607
srb,1991,4.3606
srb,1992,4.9112
srb,1993,5.0321
srb,1994,4.4200
srb,1995,3.8554
srb,1996,3.6105
srb,1997,3.7118
srb,1998,4.0477
srb,1999,4.4129
srb,2000,4.6698
srb,2001,4.4413
srb,2002,4.0168
srb,2003,3.7011
srb,2004,3.5491
srb,2005,3.5996
srb,2006,3.6602
srb,2007,3.7060
srb,2008,3.6525
srb,2009,3.4211
srb,2010,3.2114
srb,2011,2.9972
srb,2012,2.8536
srb,2013,2.7640
srb,2014,2.6686
srb,2015,2.6340
srb,2016,2.5331
srb,2017,2.4594
srb,2018,2.4359
srb,2019,2.4242
srb,2020,2.4988
srb,2021,2.5683
srb,2022,2.6614
srb,2023,2.6771
srb,2024,2.7119
ssd,1991,149.82
ssd,1992,146.90
ssd,1993,237.34
ssd,1994,234.25
ssd,1995,48.352
ssd,1996,135.71
ssd,1997,132.48
ssd,1998,128.93
ssd,1999,224.86
ssd,2000,63.108
ssd,2001,51.393
ssd,2002,49.669
ssd,2003,47.964
ssd,2004,38.011
ssd,2005,36.764
ssd,2006,35.581
ssd,2007,34.428
ssd,2008,33.372
ssd,2009,32.328
ssd,2010,31.333
ssd,2011,30.420
ssd,2012,29.579
ssd,2013,28.943
ssd,2014,28.642
ssd,2015,60.917
ssd,2016,72.226
ssd,2017,82.012
ssd,2018,85.737
ssd,2019,43.115
ssd,2020,28.553
ssd,2021,28.553
ssd,2022,28.553
ssd,2023,28.553
ssd,2024,28.553
stp,1991,80.518
stp,1992,67.693
stp,1993,57.123
stp,1994,48.983
stp,1995,42.258
stp,1996,36.519
stp,1997,31.932
stp,1998,28.309
stp,1999,25.670
stp,2000,23.263
stp,2001,21.645
stp,2002,20.338
stp,2003,19.542
stp,2004,18.978
stp,2005,18.523
stp,2006,18.304
stp,2007,18.179
stp,2008,18.181
stp,2009,18.425
stp,2010,18.845
stp,2011,19.678
stp,2012,21.059
stp,2013,22.579
stp,2014,24.009
stp,2015,25.161
stp,2016,26.202
stp,2017,26.973
stp,2018,27.778
stp,2019,28.505
stp,2020,29.359
stp,2021,30.094
stp,2022,30.838
stp,2023,31.567
stp,2024,32.264
sur,1991,8.6132
sur,1992,8.6313
sur,1993,8.7032
sur,1994,8.6848
sur,1995,8.5203
sur,1996,8.2615
sur,1997,7.9652
sur,1998,7.7069
sur,1999,7.5459
sur,2000,7.4441
sur,2001,7.4366
sur,2002,7.4515
sur,2003,7.4892
sur,2004,7.5727
sur,2005,7.6498
sur,2006,7.7662
sur,2007,7.8536
sur,2008,7.8969
sur,2009,7.8839
sur,2010,7.7531
sur,2011,7.5429
sur,2012,7.2585
sur,2013,6.9546
sur,2014,6.7091
sur,2015,6.4924
sur,2016,6.4117
sur,2017,6.3658
sur,2018,6.4271
sur,2019,6.6377
sur,2020,7.0191
sur,2021,7.5225
sur,2022,8.0145
sur,2023,8.5651
sur,2024,9.1734
svk,1991,4.1897
svk,1992,4.1765
svk,1993,4.1476
svk,1994,4.0949
svk,1995,4.0308
svk,1996,3.9572
svk,1997,3.8794
svk,1998,3.8005
svk,1999,3.7173
svk,2000,3.6367
svk,2001,3.5546
svk,2002,3.4742
svk,2003,3.3976
svk,2004,3.3277
svk,2005,3.2658
svk,2006,3.2072
svk,2007,3.1535
svk,2008,3.1019
svk,2009,3.0526
svk,2010,3.0033
svk,2011,2.9539
svk,2012,2.9103
svk,2013,2.8662
svk,2014,2.8251
svk,2015,2.7871
svk,2016,2.7495
svk,2017,2.7154
svk,2018,2.6799
svk,2019,2.6448
svk,2020,2.6086
svk,2021,2.5726
svk,2022,2.5421
svk,2023,2.5259
svk,2024,2.5196
svn,1991,5.5594
svn,1992,5.5325
svn,1993,5.4925
svn,1994,5.4278
svn,1995,5.3216
svn,1996,5.1643
svn,1997,5.0196
svn,1998,4.8720
svn,1999,4.7267
svn,2000,4.5872
svn,2001,4.4588
svn,2002,4.3261
svn,2003,4.1948
svn,2004,4.0724
svn,2005,3.9448
svn,2006,3.8095
svn,2007,3.6526
svn,2008,3.4816
svn,2009,3.3082
svn,2010,3.1488
svn,2011,2.9942
svn,2012,2.8522
svn,2013,2.7202
svn,2014,2.5967
svn,2015,2.4801
svn,2016,2.3690
svn,2017,2.2678
svn,2018,2.1662
svn,2019,2.0644
svn,2020,1.9749
svn,2021,1.9009
svn,2022,1.8453
svn,2023,1.8072
svn,2024,1.7925
swe,1991,3.1767
swe,1992,3.0068
swe,1993,2.8411
swe,1994,2.6932
swe,1995,2.5860
swe,1996,2.5136
swe,1997,2.4885
swe,1998,2.4995
swe,1999,2.5342
swe,2000,2.5963
swe,2001,2.6535
swe,2002,2.7063
swe,2003,2.7414
swe,2004,2.7498
swe,2005,2.7419
swe,2006,2.6965
swe,2007,2.6422
swe,2008,2.5841
swe,2009,2.5186
swe,2010,2.4670
swe,2011,2.4132
swe,2012,2.3659
swe,2013,2.3311
swe,2014,2.3037
swe,2015,2.2897
swe,2016,2.2866
swe,2017,2.2935
swe,2018,2.3064
swe,2019,2.3162
swe,2020,2.3225
swe,2021,2.3079
swe,2022,2.2795
swe,2023,2.2652
swe,2024,2.2844
swz,1991,22.025
swz,1992,21.521
swz,1993,21.078
swz,1994,20.705
swz,1995,20.373
swz,1996,20.089
swz,1997,19.848
swz,1998,19.633
swz,1999,19.452
swz,2000,19.305
swz,2001,19.195
swz,2002,19.115
swz,2003,19.057
swz,2004,19.021
swz,2005,18.998
swz,2006,18.978
swz,2007,18.947
swz,2008,18.928
swz,2009,18.904
swz,2010,18.874
swz,2011,18.841
swz,2012,18.808
swz,2013,18.752
swz,2014,18.674
swz,2015,18.574
swz,2016,18.447
swz,2017,18.319
swz,2018,18.170
swz,2019,18.028
swz,2020,17.867
swz,2021,17.661
swz,2022,17.422
swz,2023,17.155
swz,2024,16.886
syc,1991,7.2502
syc,1992,6.9286
syc,1993,6.7402
syc,1994,6.6435
syc,1995,6.6116
syc,1996,6.5975
syc,1997,6.5913
syc,1998,6.5927
syc,1999,6.5596
syc,2000,6.4819
syc,2001,6.3797
syc,2002,6.2573
syc,2003,6.1007
syc,2004,5.9195
syc,2005,5.7499
syc,2006,5.5986
syc,2007,5.4226
syc,2008,5.2854
syc,2009,5.1531
syc,2010,5.0702
syc,2011,5.0317
syc,2012,5.0389
syc,2013,5.1102
syc,2014,5.2695
syc,2015,5.5445
syc,2016,5.9838
syc,2017,6.6004
syc,2018,7.2911
syc,2019,7.8864
syc,2020,8.3735
syc,2021,8.7369
syc,2022,9.1209
syc,2023,9.4974
syc,2024,9.9513
syr,1991,14.414
syr,1992,12.265
syr,1993,10.489
syr,1994,9.0641
syr,1995,7.8468
syr,1996,6.7540
syr,1997,5.8405
syr,1998,5.0730
syr,1999,4.4783
syr,2000,4.0455
syr,2001,3.6983
syr,2002,3.4244
syr,2003,3.2070
syr,2004,3.0728
syr,2005,3.0140
syr,2006,3.0012
syr,2007,3.0126
syr,2008,2.9779
syr,2009,2.9152
syr,2010,2.8597
syr,2011,2.8742
syr,2012,6.1862
syr,2013,25.122
syr,2014,31.292
syr,2015,34.214
syr,2016,52.913
syr,2017,50.342
syr,2018,51.997
syr,2019,42.557
syr,2020,25.265
syr,2021,20.282
syr,2022,13.693
syr,2023,21.463
syr,2024,29.856
tca,1991,8.1711
tca,1992,7.9148
tca,1993,7.6798
tca,1994,7.4477
tca,1995,7.2324
tca,1996,7.0259
tca,1997,6.8267
tca,1998,6.6458
tca,1999,6.4696
tca,2000,6.3114
tca,2001,6.1560
tca,2002,6.0067
tca,2003,5.8729
tca,2004,5.7494
tca,2005,5.6381
tca,2006,5.5355
tca,2007,5.4452
tca,2008,5.3634
tca,2009,5.2903
tca,2010,5.2263
tca,2011,5.1605
tca,2012,5.1029
tca,2013,5.0496
tca,2014,4.9969
tca,2015,4.9506
tca,2016,4.9073
tca,2017,4.8612
tca,2018,4.8125
tca,2019,4.7590
tca,2020,4.7038
tca,2021,4.6386
tca,2022,4.5784
tca,2023,4.5131
tca,2024,4.4413
tcd,1991,44.517
tcd,1992,26.514
tcd,1993,26.471
tcd,1994,26.494
tcd,1995,26.475
tcd,1996,26.702
tcd,1997,26.890
tcd,1998,27.118
tcd,1999,27.350
tcd,2000,27.540
tcd,2001,27.601
tcd,2002,27.592
tcd,2003,27.575
tcd,2004,27.639
tcd,2005,27.608
tcd,2006,27.629
tcd,2007,27.773
tcd,2008,27.908
tcd,2009,28.091
tcd,2010,28.346
tcd,2011,28.784
tcd,2012,29.336
tcd,2013,30.210
tcd,2014,31.262
tcd,2015,32.271
tcd,2016,33.318
tcd,2017,34.364
tcd,2018,35.531
tcd,2019,36.791
tcd,2020,38.198
tcd,2021,40.089
tcd,2022,41.876
tcd,2023,43.195
tcd,2024,44.446
tgo,1991,19.125
tgo,1992,18.867
tgo,1993,18.757
tgo,1994,18.844
tgo,1995,19.004
tgo,1996,19.260
tgo,1997,19.481
tgo,1998,19.896
tgo,1999,20.277
tgo,2000,20.541
tgo,2001,20.713
tgo,2002,20.753
tgo,2003,20.632
tgo,2004,20.324
tgo,2005,19.917
tgo,2006,19.422
tgo,2007,18.982
tgo,2008,18.534
tgo,2009,18.087
tgo,2010,17.712
tgo,2011,17.625
tgo,2012,17.658
tgo,2013,18.046
tgo,2014,18.499
tgo,2015,18.957
tgo,2016,19.602
tgo,2017,20.425
tgo,2018,20.973
tgo,2019,21.771
tgo,2020,22.610
tgo,2021,23.224
tgo,2022,23.962
tgo,2023,24.833
tgo,2024,25.516
tha,1991,9.8581
tha,1992,10.370
tha,1993,11.338
tha,1994,12.572
tha,1995,13.832
tha,1996,14.601
tha,1997,14.756
tha,1998,14.345
tha,1999,13.513
tha,2000,12.721
tha,2001,12.155
tha,2002,11.795
tha,2003,11.458
tha,2004,10.974
tha,2005,10.404
tha,2006,9.6936
tha,2007,9.0172
tha,2008,8.4984
tha,2009,8.1232
tha,2010,7.8811
tha,2011,7.6264
tha,2012,7.3947
tha,2013,7.2245
tha,2014,7.1002
tha,2015,7.0818
tha,2016,7.1177
tha,2017,7.2067
tha,2018,7.2822
tha,2019,7.2669
tha,2020,7.2402
tha,2021,7.1616
tha,2022,7.0848
tha,2023,7.0370
tha,2024,7.1187
tjk,1991,5.8935
tjk,1992,7.0592
tjk,1993,31.227
tjk,1994,45.556
tjk,1995,16.997
tjk,1996,9.4245
tjk,1997,11.669
tjk,1998,7.6052
tjk,1999,6.7374
tjk,2000,6.0778
tjk,2001,6.6095
tjk,2002,5.1276
tjk,2003,4.7791
tjk,2004,4.4470
tjk,2005,4.1647
tjk,2006,3.9584
tjk,2007,3.8247
tjk,2008,3.7348
tjk,2009,3.6452
tjk,2010,3.5446
tjk,2011,4.3117
tjk,2012,4.1554
tjk,2013,3.1059
tjk,2014,2.9539
tjk,2015,2.8016
tjk,2016,2.6847
tjk,2017,2.5919
tjk,2018,2.5503
tjk,2019,2.5724
tjk,2020,2.6286
tjk,2021,2.6956
tjk,2022,2.7908
tjk,2023,2.9264
tjk,2024,3.1003
tkm,1991,7.3963
tkm,1992,7.4338
tkm,1993,7.5559
tkm,1994,7.8368
tkm,1995,8.3652
tkm,1996,9.0784
tkm,1997,9.9509
tkm,1998,10.654
tkm,1999,11.081
tkm,2000,11.165
tkm,2001,10.879
tkm,2002,10.521
tkm,2003,10.111
tkm,2004,9.7680
tkm,2005,9.5072
tkm,2006,9.2326
tkm,2007,8.9501
tkm,2008,8.4786
tkm,2009,7.9920
tkm,2010,7.6148
tkm,2011,7.3162
tkm,2012,7.1326
tkm,2013,6.9342
tkm,2014,6.7400
tkm,2015,6.5255
tkm,2016,6.4266
tkm,2017,6.5609
tkm,2018,6.8895
tkm,2019,7.4316
tkm,2020,8.0475
tkm,2021,8.5036
tkm,2022,9.0234
tkm,2023,9.5346
tkm,2024,9.9727
tls,1991,50.704
tls,1992,48.346
tls,1993,44.566
tls,1994,45.023
tls,1995,46.083
tls,1996,49.919
tls,1997,49.457
tls,1998,46.620
tls,1999,43.095
tls,2000,63.765
tls,2001,19.886
tls,2002,17.006
tls,2003,14.437
tls,2004,12.532
tls,2005,10.980
tls,2006,9.8622
tls,2007,9.2525
tls,2008,8.8249
tls,2009,8.8278
tls,2010,9.1514
tls,2011,9.7202
tls,2012,10.735
tls,2013,12.169
tls,2014,14.083
tls,2015,17.239
tls,2016,22.753
tls,2017,30.438
tls,2018,37.157
tls,2019,42.813
tls,2020,46.986
tls,2021,50.175
tls,2022,52.299
tls,2023,53.499
tls,2024,55.226
ton,1991,7.6312
ton,1992,7.0541
ton,1993,6.5858
ton,1994,6.2058
ton,1995,5.9893
ton,1996,5.8664
ton,1997,5.8277
ton,1998,5.8392
ton,1999,5.8827
ton,2000,5.9761
ton,2001,6.1032
ton,2002,6.2212
ton,2003,6.3722
ton,2004,6.4971
ton,2005,6.6039
ton,2006,6.6681
ton,2007,6.6965
ton,2008,6.6953
ton,2009,6.6594
ton,2010,6.5727
ton,2011,6.5128
ton,2012,6.4609
ton,2013,6.4446
ton,2014,6.4655
ton,2015,6.5246
ton,2016,6.6537
ton,2017,6.8996
ton,2018,7.2638
ton,2019,7.7828
ton,2020,8.3411
ton,2021,8.8030
ton,2022,9.1576
ton,2023,9.5495
ton,2024,9.9596
tto,1991,7.4645
tto,1992,7.3696
tto,1993,7.3673
tto,1994,7.3876
tto,1995,7.3990
tto,1996,7.4423
tto,1997,7.4557
tto,1998,7.4626
tto,1999,7.4778
tto,2000,7.5018
tto,2001,7.5954
tto,2002,7.7350
tto,2003,7.9436
tto,2004,8.2154
tto,2005,8.5513
tto,2006,8.9922
tto,2007,9.4959
tto,2008,10.081
tto,2009,10.476
tto,2010,10.237
tto,2011,9.7493
tto,2012,9.2036
tto,2013,8.7827
tto,2014,8.4948
tto,2015,8.3413
tto,2016,8.3755
tto,2017,8.4693
tto,2018,8.5827
tto,2019,8.7441
tto,2020,9.1434
tto,2021,9.7818
tto,2022,10.514
tto,2023,11.344
tto,2024,13.740
tun,1991,7.2446
tun,1992,6.4558
tun,1993,5.7870
tun,1994,5.3061
tun,1995,5.0001
tun,1996,4.8342
tun,1997,4.7557
tun,1998,4.6674
tun,1999,4.5892
tun,2000,4.4999
tun,2001,4.4792
tun,2002,4.5554
tun,2003,4.7118
tun,2004,4.9142
tun,2005,5.0986
tun,2006,5.2441
tun,2007,5.3618
tun,2008,5.3949
tun,2009,5.3826
tun,2010,5.3308
tun,2011,5.2122
tun,2012,5.0487
tun,2013,4.8395
tun,2014,4.6366
tun,2015,4.4494
tun,2016,4.2836
tun,2017,4.1598
tun,2018,4.0423
tun,2019,3.9381
tun,2020,3.8163
tun,2021,3.7291
tun,2022,3.7079
tun,2023,3.8121
tun,2024,4.0531
tur,1991,15.410
tur,1992,14.409
tur,1993,13.648
tur,1994,12.958
tur,1995,12.294
tur,1996,13.630
tur,1997,10.953
tur,1998,10.281
tur,1999,9.5495
tur,2000,10.546
tur,2001,7.9146
tur,2002,7.2092
tur,2003,6.4781
tur,2004,5.8290
tur,2005,5.2330
tur,2006,4.6767
tur,2007,4.2050
tur,2008,3.7713
tur,2009,3.4066
tur,2010,3.1193
tur,2011,2.9081
tur,2012,2.8057
tur,2013,2.7710
tur,2014,2.7746
tur,2015,2.7978
tur,2016,2.8241
tur,2017,2.8056
tur,2018,2.7062
tur,2019,2.6062
tur,2020,2.5306
tur,2021,2.5067
tur,2022,2.5488
tur,2023,2.6839
tur,2024,5.0201
tuv,1991,11.725
tuv,1992,11.658
tuv,1993,11.577
tuv,1994,11.482
tuv,1995,11.372
tuv,1996,11.241
tuv,1997,11.093
tuv,1998,10.931
tuv,1999,10.756
tuv,2000,10.592
tuv,2001,10.439
tuv,2002,10.311
tuv,2003,10.196
tuv,2004,10.089
tuv,2005,9.9735
tuv,2006,9.8501
tuv,2007,9.7004
tuv,2008,9.5317
tuv,2009,9.3426
tuv,2010,9.1491
tuv,2011,8.9616
tuv,2012,8.7853
tuv,2013,8.6195
tuv,2014,8.4619
tuv,2015,8.3135
tuv,2016,8.1662
tuv,2017,8.0220
tuv,2018,7.8766
tuv,2019,7.7462
tuv,2020,7.6127
tuv,2021,7.4799
tuv,2022,7.3622
tuv,2023,7.2412
tuv,2024,7.1240
tza,1991,21.430
tza,1992,22.393
tza,1993,23.303
tza,1994,23.859
tza,1995,24.289
tza,1996,24.468
tza,1997,24.287
tza,1998,23.971
tza,1999,23.354
tza,2000,22.808
tza,2001,22.151
tza,2002,21.277
tza,2003,20.195
tza,2004,19.017
tza,2005,17.963
tza,2006,16.848
tza,2007,15.778
tza,2008,14.754
tza,2009,13.799
tza,2010,13.001
tza,2011,12.315
tza,2012,11.793
tza,2013,11.423
tza,2014,11.178
tza,2015,11.037
tza,2016,10.903
tza,2017,10.868
tza,2018,10.937
tza,2019,11.170
tza,2020,11.532
tza,2021,12.160
tza,2022,12.964
tza,2023,13.600
tza,2024,14.186
uga,1991,38.456
uga,1992,39.510
uga,1993,40.365
uga,1994,40.910
uga,1995,41.138
uga,1996,40.764
uga,1997,40.206
uga,1998,39.166
uga,1999,37.582
uga,2000,35.743
uga,2001,33.676
uga,2002,31.768
uga,2003,29.728
uga,2004,27.760
uga,2005,26.096
uga,2006,24.642
uga,2007,23.504
uga,2008,22.407
uga,2009,21.502
uga,2010,20.876
uga,2011,20.409
uga,2012,20.061
uga,2013,19.989
uga,2014,20.351
uga,2015,21.307
uga,2016,22.907
uga,2017,25.151
uga,2018,26.983
uga,2019,28.551
uga,2020,30.014
uga,2021,31.274
uga,2022,32.648
uga,2023,33.894
uga,2024,34.641
ukr,1991,7.5023
ukr,1992,7.7133
ukr,1993,8.0222
ukr,1994,8.4343
ukr,1995,8.9677
ukr,1996,9.2334
ukr,1997,8.9306
ukr,1998,8.6664
ukr,1999,8.6307
ukr,2000,8.8214
ukr,2001,9.0424
ukr,2002,8.9824
ukr,2003,8.7481
ukr,2004,8.2895
ukr,2005,7.8901
ukr,2006,7.7040
ukr,2007,7.6996
ukr,2008,7.7115
ukr,2009,7.2352
ukr,2010,6.5497
ukr,2011,6.0119
ukr,2012,5.6404
ukr,2013,5.4518
ukr,2014,5.2689
ukr,2015,5.8890
ukr,2016,4.7967
ukr,2017,4.4328
ukr,2018,4.1540
ukr,2019,3.9530
ukr,2020,3.8816
ukr,2021,3.9141
ukr,2022,4.1197
ukr,2023,15.112
ukr,2024,16.479
unicef_eap,1991,6.3880
unicef_eap,1992,6.2698
unicef_eap,1993,6.1580
unicef_eap,1994,6.0841
unicef_eap,1995,6.0057
unicef_eap,1996,5.9770
unicef_eap,1997,5.8670
unicef_eap,1998,5.7566
unicef_eap,1999,5.6507
unicef_eap,2000,5.5281
unicef_eap,2001,5.3970
unicef_eap,2002,5.2617
unicef_eap,2003,5.1066
unicef_eap,2004,4.9084
unicef_eap,2005,5.1477
unicef_eap,2006,4.6294
unicef_eap,2007,4.5000
unicef_eap,2008,4.3883
unicef_eap,2009,4.5070
unicef_eap,2010,4.2535
unicef_eap,2011,4.2252
unicef_eap,2012,4.2577
unicef_eap,2013,4.3185
unicef_eap,2014,4.4446
unicef_eap,2015,4.5816
unicef_eap,2016,4.7443
unicef_eap,2017,4.9520
unicef_eap,2018,5.1047
unicef_eap,2019,5.2484
unicef_eap,2020,5.4166
unicef_eap,2021,5.5612
unicef_eap,2022,5.7773
unicef_eap,2023,5.9367
unicef_eap,2024,6.0245
unicef_eapro,1991,6.6277
unicef_eapro,1992,6.5164
unicef_eapro,1993,6.4111
unicef_eapro,1994,6.3420
unicef_eapro,1995,6.2664
unicef_eapro,1996,6.2459
unicef_eapro,1997,6.1335
unicef_eapro,1998,6.0223
unicef_eapro,1999,5.9186
unicef_eapro,2000,5.7927
unicef_eapro,2001,5.6577
unicef_eapro,2002,5.5122
unicef_eapro,2003,5.3423
unicef_eapro,2004,5.1262
unicef_eapro,2005,5.3829
unicef_eapro,2006,4.8167
unicef_eapro,2007,4.6723
unicef_eapro,2008,4.5458
unicef_eapro,2009,4.6679
unicef_eapro,2010,4.3936
unicef_eapro,2011,4.3604
unicef_eapro,2012,4.3854
unicef_eapro,2013,4.4723
unicef_eapro,2014,4.6179
unicef_eapro,2015,4.7753
unicef_eapro,2016,4.9684
unicef_eapro,2017,5.2026
unicef_eapro,2018,5.3792
unicef_eapro,2019,5.5392
unicef_eapro,2020,5.7255
unicef_eapro,2021,5.8812
unicef_eapro,2022,6.1112
unicef_eapro,2023,6.2853
unicef_eapro,2024,6.3742
unicef_eca,1991,6.2087
unicef_eca,1992,6.3316
unicef_eca,1993,7.0897
unicef_eca,1994,7.3927
unicef_eca,1995,7.0215
unicef_eca,1996,7.0242
unicef_eca,1997,6.6945
unicef_eca,1998,6.5857
unicef_eca,1999,6.5581
unicef_eca,2000,6.7323
unicef_eca,2001,6.5043
unicef_eca,2002,6.3252
unicef_eca,2003,6.0693
unicef_eca,2004,5.7897
unicef_eca,2005,5.5375
unicef_eca,2006,5.3329
unicef_eca,2007,5.1803
unicef_eca,2008,4.9880
unicef_eca,2009,4.7307
unicef_eca,2010,4.4351
unicef_eca,2011,4.1851
unicef_eca,2012,3.9653
unicef_eca,2013,3.7566
unicef_eca,2014,3.5578
unicef_eca,2015,3.4192
unicef_eca,2016,3.1917
unicef_eca,2017,3.0273
unicef_eca,2018,2.8820
unicef_eca,2019,2.7673
unicef_eca,2020,2.7065
unicef_eca,2021,2.7942
unicef_eca,2022,2.7650
unicef_eca,2023,3.5717
unicef_eca,2024,4.4198
unicef_ecaro,1991,8.4999
unicef_ecaro,1992,8.5422
unicef_ecaro,1993,10.378
unicef_ecaro,1994,10.736
unicef_ecaro,1995,9.1816
unicef_ecaro,1996,9.1055
unicef_ecaro,1997,8.1821
unicef_ecaro,1998,7.7925
unicef_ecaro,1999,7.5048
unicef_ecaro,2000,7.7627
unicef_ecaro,2001,7.0062
unicef_ecaro,2002,6.6505
unicef_ecaro,2003,6.2778
unicef_ecaro,2004,5.9373
unicef_ecaro,2005,5.6361
unicef_ecaro,2006,5.4098
unicef_ecaro,2007,5.2435
unicef_ecaro,2008,5.0695
unicef_ecaro,2009,4.8591
unicef_ecaro,2010,4.5379
unicef_ecaro,2011,4.3152
unicef_ecaro,2012,4.1139
unicef_ecaro,2013,3.9501
unicef_ecaro,2014,3.7951
unicef_ecaro,2015,3.8121
unicef_ecaro,2016,3.5931
unicef_ecaro,2017,3.4832
unicef_ecaro,2018,3.3584
unicef_ecaro,2019,3.2297
unicef_ecaro,2020,3.1693
unicef_ecaro,2021,3.4123
unicef_ecaro,2022,3.2096
unicef_ecaro,2023,4.2493
unicef_ecaro,2024,5.0244
unicef_eeca,1991,8.5982
unicef_eeca,1992,8.8498
unicef_eeca,1993,10.533
unicef_eeca,1994,11.252
unicef_eeca,1995,10.517
unicef_eeca,1996,10.562
unicef_eeca,1997,9.8767
unicef_eeca,1998,9.6442
unicef_eeca,1999,9.5767
unicef_eeca,2000,9.9211
unicef_eeca,2001,9.5178
unicef_eeca,2002,9.2320
unicef_eeca,2003,8.8059
unicef_eeca,2004,8.3373
unicef_eeca,2005,7.9223
unicef_eeca,2006,7.5999
unicef_eeca,2007,7.3479
unicef_eeca,2008,7.0159
unicef_eeca,2009,6.6031
unicef_eeca,2010,6.1475
unicef_eeca,2011,5.7951
unicef_eeca,2012,5.5067
unicef_eeca,2013,5.2333
unicef_eeca,2014,4.9646
unicef_eeca,2015,4.7913
unicef_eeca,2016,4.4212
unicef_eeca,2017,4.1591
unicef_eeca,2018,3.9193
unicef_eeca,2019,3.7285
unicef_eeca,2020,3.6370
unicef_eeca,2021,3.8326
unicef_eeca,2022,3.7705
unicef_eeca,2023,5.4283
unicef_eeca,2024,7.1732
unicef_esa,1991,32.621
unicef_esa,1992,31.891
unicef_esa,1993,33.194
unicef_esa,1994,33.611
unicef_esa,1995,66.325
unicef_esa,1996,29.628
unicef_esa,1997,29.389
unicef_esa,1998,29.242
unicef_esa,1999,30.952
unicef_esa,2000,29.020
unicef_esa,2001,26.531
unicef_esa,2002,25.880
unicef_esa,2003,25.109
unicef_esa,2004,24.132
unicef_esa,2005,23.772
unicef_esa,2006,22.812
unicef_esa,2007,21.269
unicef_esa,2008,20.088
unicef_esa,2009,19.407
unicef_esa,2010,18.270
unicef_esa,2011,17.482
unicef_esa,2012,17.246
unicef_esa,2013,16.218
unicef_esa,2014,15.664
unicef_esa,2015,15.920
unicef_esa,2016,15.680
unicef_esa,2017,15.739
unicef_esa,2018,15.638
unicef_esa,2019,15.030
unicef_esa,2020,14.839
unicef_esa,2021,14.937
unicef_esa,2022,15.099
unicef_esa,2023,15.432
unicef_esa,2024,15.680
unicef_esaro,1991,33.278
unicef_esaro,1992,32.385
unicef_esaro,1993,33.904
unicef_esaro,1994,34.383
unicef_esaro,1995,69.937
unicef_esaro,1996,30.077
unicef_esaro,1997,29.828
unicef_esaro,1998,29.692
unicef_esaro,1999,31.587
unicef_esaro,2000,29.499
unicef_esaro,2001,26.869
unicef_esaro,2002,26.179
unicef_esaro,2003,25.073
unicef_esaro,2004,23.741
unicef_esaro,2005,22.877
unicef_esaro,2006,21.978
unicef_esaro,2007,21.068
unicef_esaro,2008,20.104
unicef_esaro,2009,19.135
unicef_esaro,2010,18.213
unicef_esaro,2011,17.359
unicef_esaro,2012,17.153
unicef_esaro,2013,16.063
unicef_esaro,2014,15.492
unicef_esaro,2015,15.777
unicef_esaro,2016,15.575
unicef_esaro,2017,15.647
unicef_esaro,2018,15.546
unicef_esaro,2019,14.922
unicef_esaro,2020,14.733
unicef_esaro,2021,14.896
unicef_esaro,2022,15.071
unicef_esaro,2023,15.472
unicef_esaro,2024,15.524
unicef_lac,1991,8.9999
unicef_lac,1992,8.8581
unicef_lac,1993,8.8383
unicef_lac,1994,8.8123
unicef_lac,1995,8.7778
unicef_lac,1996,8.6995
unicef_lac,1997,8.5981
unicef_lac,1998,8.4801
unicef_lac,1999,8.4589
unicef_lac,2000,8.3372
unicef_lac,2001,8.3319
unicef_lac,2002,8.3311
unicef_lac,2003,8.2707
unicef_lac,2004,8.1432
unicef_lac,2005,7.9697
unicef_lac,2006,7.8056
unicef_lac,2007,7.7150
unicef_lac,2008,7.7212
unicef_lac,2009,7.8014
unicef_lac,2010,7.8831
unicef_lac,2011,8.8073
unicef_lac,2012,7.9135
unicef_lac,2013,7.8545
unicef_lac,2014,7.7778
unicef_lac,2015,7.7337
unicef_lac,2016,7.7513
unicef_lac,2017,7.8018
unicef_lac,2018,7.8698
unicef_lac,2019,7.8950
unicef_lac,2020,7.9169
unicef_lac,2021,8.0065
unicef_lac,2022,8.1622
unicef_lac,2023,8.3943
unicef_lac,2024,8.7320
unicef_lacro,1991,9.0009
unicef_lacro,1992,8.8584
unicef_lacro,1993,8.8391
unicef_lacro,1994,8.8122
unicef_lacro,1995,8.7777
unicef_lacro,1996,8.6995
unicef_lacro,1997,8.5980
unicef_lacro,1998,8.4803
unicef_lacro,1999,8.4586
unicef_lacro,2000,8.3368
unicef_lacro,2001,8.3317
unicef_lacro,2002,8.3309
unicef_lacro,2003,8.2703
unicef_lacro,2004,8.1429
unicef_lacro,2005,7.9695
unicef_lacro,2006,7.8049
unicef_lacro,2007,7.7137
unicef_lacro,2008,7.7202
unicef_lacro,2009,7.7999
unicef_lacro,2010,7.8817
unicef_lacro,2011,8.8064
unicef_lacro,2012,7.9112
unicef_lacro,2013,7.8516
unicef_lacro,2014,7.7753
unicef_lacro,2015,7.7307
unicef_lacro,2016,7.7486
unicef_lacro,2017,7.7995
unicef_lacro,2018,7.8685
unicef_lacro,2019,7.8943
unicef_lacro,2020,7.9146
unicef_lacro,2021,8.0069
unicef_lacro,2022,8.1626
unicef_lacro,2023,8.3945
unicef_lacro,2024,8.7332
unicef_mena,1991,12.570
unicef_mena,1992,9.8661
unicef_mena,1993,8.5144
unicef_mena,1994,8.0222
unicef_mena,1995,7.9201
unicef_mena,1996,7.4197
unicef_mena,1997,6.9806
unicef_mena,1998,6.8439
unicef_mena,1999,6.6220
unicef_mena,2000,6.2484
unicef_mena,2001,6.0823
unicef_mena,2002,5.9517
unicef_mena,2003,5.7597
unicef_mena,2004,6.5409
unicef_mena,2005,6.2531
unicef_mena,2006,6.1814
unicef_mena,2007,6.6560
unicef_mena,2008,6.5187
unicef_mena,2009,5.8436
unicef_mena,2010,5.4008
unicef_mena,2011,5.3154
unicef_mena,2012,5.5113
unicef_mena,2013,6.2003
unicef_mena,2014,6.1832
unicef_mena,2015,6.0394
unicef_mena,2016,6.8409
unicef_mena,2017,7.4345
unicef_mena,2018,7.3078
unicef_mena,2019,7.1158
unicef_mena,2020,6.4386
unicef_mena,2021,6.0569
unicef_mena,2022,5.7565
unicef_mena,2023,5.9214
unicef_mena,2024,6.9489
unicef_menaro,1991,13.925
unicef_menaro,1992,11.417
unicef_menaro,1993,10.148
unicef_menaro,1994,9.6407
unicef_menaro,1995,9.5284
unicef_menaro,1996,9.0427
unicef_menaro,1997,8.5729
unicef_menaro,1998,8.3841
unicef_menaro,1999,8.1455
unicef_menaro,2000,7.7479
unicef_menaro,2001,7.5555
unicef_menaro,2002,7.3905
unicef_menaro,2003,7.4800
unicef_menaro,2004,8.4400
unicef_menaro,2005,8.6306
unicef_menaro,2006,8.4137
unicef_menaro,2007,8.1069
unicef_menaro,2008,7.6567
unicef_menaro,2009,7.3030
unicef_menaro,2010,6.6089
unicef_menaro,2011,6.5198
unicef_menaro,2012,6.6854
unicef_menaro,2013,7.3070
unicef_menaro,2014,7.3028
unicef_menaro,2015,7.1835
unicef_menaro,2016,7.9277
unicef_menaro,2017,8.4802
unicef_menaro,2018,8.3815
unicef_menaro,2019,8.2412
unicef_menaro,2020,7.6318
unicef_menaro,2021,7.2758
unicef_menaro,2022,7.0136
unicef_menaro,2023,7.1205
unicef_menaro,2024,8.3344
unicef_na,1991,5.6163
unicef_na,1992,5.5331
unicef_na,1993,5.4951
unicef_na,1994,5.4616
unicef_na,1995,5.4440
unicef_na,1996,5.3039
unicef_na,1997,5.1165
unicef_na,1998,4.9420
unicef_na,1999,4.7818
unicef_na,2000,4.7065
unicef_na,2001,4.6716
unicef_na,2002,4.6930
unicef_na,2003,4.7476
unicef_na,2004,4.7788
unicef_na,2005,4.8437
unicef_na,2006,4.8831
unicef_na,2007,4.9013
unicef_na,2008,4.8435
unicef_na,2009,4.6545
unicef_na,2010,4.4755
unicef_na,2011,4.3119
unicef_na,2012,4.2109
unicef_na,2013,4.1828
unicef_na,2014,4.2006
unicef_na,2015,4.2960
unicef_na,2016,4.4078
unicef_na,2017,4.5488
unicef_na,2018,4.6660
unicef_na,2019,4.7414
unicef_na,2020,4.8742
unicef_na,2021,5.0517
unicef_na,2022,5.2754
unicef_na,2023,5.2244
unicef_na,2024,4.9393
unicef_rosa,1991,15.021
unicef_rosa,1992,14.888
unicef_rosa,1993,14.345
unicef_rosa,1994,13.561
unicef_rosa,1995,13.512
unicef_rosa,1996,13.229
unicef_rosa,1997,12.993
unicef_rosa,1998,12.764
unicef_rosa,1999,12.604
unicef_rosa,2000,12.316
unicef_rosa,2001,12.066
unicef_rosa,2002,11.734
unicef_rosa,2003,11.425
unicef_rosa,2004,11.066
unicef_rosa,2005,10.859
unicef_rosa,2006,10.657
unicef_rosa,2007,10.244
unicef_rosa,2008,9.9754
unicef_rosa,2009,9.7281
unicef_rosa,2010,9.4677
unicef_rosa,2011,9.1078
unicef_rosa,2012,8.8349
unicef_rosa,2013,8.5534
unicef_rosa,2014,8.2758
unicef_rosa,2015,8.0720
unicef_rosa,2016,7.9079
unicef_rosa,2017,7.6887
unicef_rosa,2018,7.6915
unicef_rosa,2019,7.6024
unicef_rosa,2020,7.4608
unicef_rosa,2021,7.4004
unicef_rosa,2022,7.5584
unicef_rosa,2023,7.2063
unicef_rosa,2024,7.3659
unicef_sa,1991,15.021
unicef_sa,1992,14.888
unicef_sa,1993,14.345
unicef_sa,1994,13.561
unicef_sa,1995,13.512
unicef_sa,1996,13.229
unicef_sa,1997,12.993
unicef_sa,1998,12.764
unicef_sa,1999,12.604
unicef_sa,2000,12.316
unicef_sa,2001,12.066
unicef_sa,2002,11.734
unicef_sa,2003,11.425
unicef_sa,2004,11.066
unicef_sa,2005,10.859
unicef_sa,2006,10.657
unicef_sa,2007,10.244
unicef_sa,2008,9.9754
unicef_sa,2009,9.7281
unicef_sa,2010,9.4677
unicef_sa,2011,9.1078
unicef_sa,2012,8.8349
unicef_sa,2013,8.5534
unicef_sa,2014,8.2758
unicef_sa,2015,8.0720
unicef_sa,2016,7.9079
unicef_sa,2017,7.6887
unicef_sa,2018,7.6915
unicef_sa,2019,7.6024
unicef_sa,2020,7.4608
unicef_sa,2021,7.4004
unicef_sa,2022,7.5584
unicef_sa,2023,7.2063
unicef_sa,2024,7.3659
unicef_ssa,1991,30.352
unicef_ssa,1992,28.880
unicef_ssa,1993,29.094
unicef_ssa,1994,28.802
unicef_ssa,1995,45.259
unicef_ssa,1996,26.004
unicef_ssa,1997,25.895
unicef_ssa,1998,25.236
unicef_ssa,1999,26.601
unicef_ssa,2000,25.369
unicef_ssa,2001,22.934
unicef_ssa,2002,22.416
unicef_ssa,2003,21.853
unicef_ssa,2004,21.220
unicef_ssa,2005,20.837
unicef_ssa,2006,20.195
unicef_ssa,2007,19.269
unicef_ssa,2008,18.518
unicef_ssa,2009,18.063
unicef_ssa,2010,22.537
unicef_ssa,2011,16.981
unicef_ssa,2012,16.709
unicef_ssa,2013,16.117
unicef_ssa,2014,15.898
unicef_ssa,2015,16.354
unicef_ssa,2016,15.855
unicef_ssa,2017,15.929
unicef_ssa,2018,16.120
unicef_ssa,2019,15.650
unicef_ssa,2020,16.872
unicef_ssa,2021,15.718
unicef_ssa,2022,16.316
unicef_ssa,2023,20.939
unicef_ssa,2024,16.472
unicef_wca,1991,31.140
unicef_wca,1992,28.461
unicef_wca,1993,26.981
unicef_wca,1994,25.803
unicef_wca,1995,24.851
unicef_wca,1996,23.873
unicef_wca,1997,23.883
unicef_wca,1998,22.524
unicef_wca,1999,23.547
unicef_wca,2000,22.967
unicef_wca,2001,20.353
unicef_wca,2002,19.902
unicef_wca,2003,19.453
unicef_wca,2004,19.100
unicef_wca,2005,18.659
unicef_wca,2006,18.335
unicef_wca,2007,18.035
unicef_wca,2008,17.771
unicef_wca,2009,17.540
unicef_wca,2010,28.692
unicef_wca,2011,17.465
unicef_wca,2012,17.237
unicef_wca,2013,17.192
unicef_wca,2014,17.430
unicef_wca,2015,18.332
unicef_wca,2016,17.681
unicef_wca,2017,18.031
unicef_wca,2018,18.611
unicef_wca,2019,18.422
unicef_wca,2020,21.505
unicef_wca,2021,18.950
unicef_wca,2022,20.289
unicef_wca,2023,30.450
unicef_wca,2024,20.048
unicef_wcaro,1991,31.140
unicef_wcaro,1992,28.461
unicef_wcaro,1993,26.981
unicef_wcaro,1994,25.803
unicef_wcaro,1995,24.851
unicef_wcaro,1996,23.873
unicef_wcaro,1997,23.883
unicef_wcaro,1998,22.524
unicef_wcaro,1999,23.547
unicef_wcaro,2000,22.967
unicef_wcaro,2001,20.353
unicef_wcaro,2002,19.902
unicef_wcaro,2003,19.453
unicef_wcaro,2004,19.100
unicef_wcaro,2005,18.659
unicef_wcaro,2006,18.335
unicef_wcaro,2007,18.035
unicef_wcaro,2008,17.771
unicef_wcaro,2009,17.540
unicef_wcaro,2010,28.692
unicef_wcaro,2011,17.465
unicef_wcaro,2012,17.237
unicef_wcaro,2013,17.192
unicef_wcaro,2014,17.430
unicef_wcaro,2015,18.332
unicef_wcaro,2016,17.681
unicef_wcaro,2017,18.031
unicef_wcaro,2018,18.611
unicef_wcaro,2019,18.422
unicef_wcaro,2020,21.505
unicef_wcaro,2021,18.950
unicef_wcaro,2022,20.289
unicef_wcaro,2023,30.450
unicef_wcaro,2024,20.048
unicef_we,1991,4.1906
unicef_we,1992,4.1735
unicef_we,1993,4.0938
unicef_we,1994,3.9711
unicef_we,1995,3.8511
unicef_we,1996,3.7479
unicef_we,1997,3.6688
unicef_we,1998,3.6039
unicef_we,1999,3.5410
unicef_we,2000,3.4698
unicef_we,2001,3.3795
unicef_we,2002,3.2750
unicef_we,2003,3.1611
unicef_we,2004,3.0407
unicef_we,2005,2.9263
unicef_we,2006,2.8213
unicef_we,2007,2.7297
unicef_we,2008,2.6412
unicef_we,2009,2.5413
unicef_we,2010,2.4331
unicef_we,2011,2.3172
unicef_we,2012,2.2065
unicef_we,2013,2.1083
unicef_we,2014,2.0260
unicef_we,2015,1.9633
unicef_we,2016,1.9170
unicef_we,2017,1.8825
unicef_we,2018,1.8566
unicef_we,2019,1.8346
unicef_we,2020,1.8236
unicef_we,2021,1.8246
unicef_we,2022,1.8404
unicef_we,2023,1.8720
unicef_we,2024,1.9148
unsdg_australianewzealand,1991,4.9822
unsdg_australianewzealand,1992,4.7030
unsdg_australianewzealand,1993,4.4812
unsdg_australianewzealand,1994,4.3316
unsdg_australianewzealand,1995,4.2867
unsdg_australianewzealand,1996,4.3010
unsdg_australianewzealand,1997,4.3575
unsdg_australianewzealand,1998,4.3900
unsdg_australianewzealand,1999,4.3309
unsdg_australianewzealand,2000,4.1898
unsdg_australianewzealand,2001,3.9219
unsdg_australianewzealand,2002,3.6379
unsdg_australianewzealand,2003,3.4007
unsdg_australianewzealand,2004,3.2250
unsdg_australianewzealand,2005,3.1123
unsdg_australianewzealand,2006,3.0099
unsdg_australianewzealand,2007,2.9227
unsdg_australianewzealand,2008,2.8352
unsdg_australianewzealand,2009,2.7280
unsdg_australianewzealand,2010,2.6399
unsdg_australianewzealand,2011,2.5571
unsdg_australianewzealand,2012,2.4867
unsdg_australianewzealand,2013,2.4195
unsdg_australianewzealand,2014,2.3422
unsdg_australianewzealand,2015,2.2906
unsdg_australianewzealand,2016,2.2616
unsdg_australianewzealand,2017,2.2700
unsdg_australianewzealand,2018,2.3028
unsdg_australianewzealand,2019,2.3385
unsdg_australianewzealand,2020,2.3786
unsdg_australianewzealand,2021,2.3912
unsdg_australianewzealand,2022,2.3704
unsdg_australianewzealand,2023,2.3205
unsdg_australianewzealand,2024,2.2829
unsdg_centralasia,1991,7.3518
unsdg_centralasia,1992,7.6585
unsdg_centralasia,1993,10.518
unsdg_centralasia,1994,12.359
unsdg_centralasia,1995,9.4944
unsdg_centralasia,1996,8.9130
unsdg_centralasia,1997,9.3239
unsdg_centralasia,1998,8.9804
unsdg_centralasia,1999,8.8443
unsdg_centralasia,2000,8.6570
unsdg_centralasia,2001,8.5126
unsdg_centralasia,2002,8.0927
unsdg_centralasia,2003,7.7672
unsdg_centralasia,2004,7.4287
unsdg_centralasia,2005,7.1534
unsdg_centralasia,2006,6.9121
unsdg_centralasia,2007,6.6812
unsdg_centralasia,2008,6.3967
unsdg_centralasia,2009,6.0385
unsdg_centralasia,2010,5.6972
unsdg_centralasia,2011,5.4953
unsdg_centralasia,2012,5.2331
unsdg_centralasia,2013,4.9068
unsdg_centralasia,2014,4.7101
unsdg_centralasia,2015,4.5609
unsdg_centralasia,2016,4.4449
unsdg_centralasia,2017,4.3667
unsdg_centralasia,2018,4.2885
unsdg_centralasia,2019,4.2049
unsdg_centralasia,2020,4.1596
unsdg_centralasia,2021,4.1559
unsdg_centralasia,2022,4.1963
unsdg_centralasia,2023,4.2638
unsdg_centralasia,2024,4.3483
unsdg_centralasiasouthernasia,1991,14.688
unsdg_centralasiasouthernasia,1992,14.410
unsdg_centralasiasouthernasia,1993,13.994
unsdg_centralasiasouthernasia,1994,13.338
unsdg_centralasiasouthernasia,1995,13.168
unsdg_centralasiasouthernasia,1996,12.854
unsdg_centralasiasouthernasia,1997,12.648
unsdg_centralasiasouthernasia,1998,12.413
unsdg_centralasiasouthernasia,1999,12.250
unsdg_centralasiasouthernasia,2000,11.947
unsdg_centralasiasouthernasia,2001,11.700
unsdg_centralasiasouthernasia,2002,11.376
unsdg_centralasiasouthernasia,2003,11.070
unsdg_centralasiasouthernasia,2004,10.812
unsdg_centralasiasouthernasia,2005,10.527
unsdg_centralasiasouthernasia,2006,10.322
unsdg_centralasiasouthernasia,2007,9.9516
unsdg_centralasiasouthernasia,2008,9.7119
unsdg_centralasiasouthernasia,2009,9.4785
unsdg_centralasiasouthernasia,2010,9.2204
unsdg_centralasiasouthernasia,2011,8.8768
unsdg_centralasiasouthernasia,2012,8.5955
unsdg_centralasiasouthernasia,2013,8.3033
unsdg_centralasiasouthernasia,2014,8.0238
unsdg_centralasiasouthernasia,2015,7.8261
unsdg_centralasiasouthernasia,2016,7.6703
unsdg_centralasiasouthernasia,2017,7.4810
unsdg_centralasiasouthernasia,2018,7.4938
unsdg_centralasiasouthernasia,2019,7.4149
unsdg_centralasiasouthernasia,2020,7.2939
unsdg_centralasiasouthernasia,2021,7.2421
unsdg_centralasiasouthernasia,2022,7.3978
unsdg_centralasiasouthernasia,2023,7.0748
unsdg_centralasiasouthernasia,2024,7.2227
unsdg_easternasia,1991,5.8219
unsdg_easternasia,1992,5.7216
unsdg_easternasia,1993,5.6040
unsdg_easternasia,1994,5.4634
unsdg_easternasia,1995,5.2898
unsdg_easternasia,1996,5.1959
unsdg_easternasia,1997,4.9942
unsdg_easternasia,1998,4.8171
unsdg_easternasia,1999,4.6477
unsdg_easternasia,2000,4.4672
unsdg_easternasia,2001,4.2882
unsdg_easternasia,2002,4.1140
unsdg_easternasia,2003,3.9538
unsdg_easternasia,2004,3.7275
unsdg_easternasia,2005,3.5993
unsdg_easternasia,2006,3.4755
unsdg_easternasia,2007,3.3804
unsdg_easternasia,2008,3.3137
unsdg_easternasia,2009,3.2824
unsdg_easternasia,2010,3.2790
unsdg_easternasia,2011,3.3093
unsdg_easternasia,2012,3.3729
unsdg_easternasia,2013,3.4361
unsdg_easternasia,2014,3.6069
unsdg_easternasia,2015,3.7874
unsdg_easternasia,2016,3.9828
unsdg_easternasia,2017,4.1897
unsdg_easternasia,2018,4.3698
unsdg_easternasia,2019,4.5680
unsdg_easternasia,2020,4.7528
unsdg_easternasia,2021,4.8997
unsdg_easternasia,2022,5.0896
unsdg_easternasia,2023,5.2454
unsdg_easternasia,2024,5.3844
unsdg_easternasiasoutheasternasia,1991,6.3853
unsdg_easternasiasoutheasternasia,1992,6.2679
unsdg_easternasiasoutheasternasia,1993,6.1595
unsdg_easternasiasoutheasternasia,1994,6.0844
unsdg_easternasiasoutheasternasia,1995,6.0083
unsdg_easternasiasoutheasternasia,1996,5.9792
unsdg_easternasiasoutheasternasia,1997,5.8662
unsdg_easternasiasoutheasternasia,1998,5.7543
unsdg_easternasiasoutheasternasia,1999,5.6408
unsdg_easternasiasoutheasternasia,2000,5.5241
unsdg_easternasiasoutheasternasia,2001,5.3925
unsdg_easternasiasoutheasternasia,2002,5.2576
unsdg_easternasiasoutheasternasia,2003,5.1027
unsdg_easternasiasoutheasternasia,2004,4.9056
unsdg_easternasiasoutheasternasia,2005,5.1474
unsdg_easternasiasoutheasternasia,2006,4.6244
unsdg_easternasiasoutheasternasia,2007,4.4937
unsdg_easternasiasoutheasternasia,2008,4.3806
unsdg_easternasiasoutheasternasia,2009,4.5024
unsdg_easternasiasoutheasternasia,2010,4.2472
unsdg_easternasiasoutheasternasia,2011,4.2182
unsdg_easternasiasoutheasternasia,2012,4.2557
unsdg_easternasiasoutheasternasia,2013,4.3155
unsdg_easternasiasoutheasternasia,2014,4.4470
unsdg_easternasiasoutheasternasia,2015,4.5859
unsdg_easternasiasoutheasternasia,2016,4.7536
unsdg_easternasiasoutheasternasia,2017,4.9625
unsdg_easternasiasoutheasternasia,2018,5.1238
unsdg_easternasiasoutheasternasia,2019,5.2645
unsdg_easternasiasoutheasternasia,2020,5.4425
unsdg_easternasiasoutheasternasia,2021,5.5877
unsdg_easternasiasoutheasternasia,2022,5.8105
unsdg_easternasiasoutheasternasia,2023,5.9771
unsdg_easternasiasoutheasternasia,2024,6.0637
unsdg_europe,1991,5.3229
unsdg_europe,1992,5.5078
unsdg_europe,1993,6.1478
unsdg_europe,1994,6.3542
unsdg_europe,1995,6.2885
unsdg_europe,1996,6.2066
unsdg_europe,1997,6.1116
unsdg_europe,1998,6.1046
unsdg_europe,1999,6.1636
unsdg_europe,2000,6.2735
unsdg_europe,2001,6.3022
unsdg_europe,2002,6.2276
unsdg_europe,2003,6.0144
unsdg_europe,2004,5.7797
unsdg_europe,2005,5.5612
unsdg_europe,2006,5.3765
unsdg_europe,2007,5.2602
unsdg_europe,2008,5.0823
unsdg_europe,2009,4.8064
unsdg_europe,2010,4.5128
unsdg_europe,2011,4.2352
unsdg_europe,2012,3.9961
unsdg_europe,2013,3.7637
unsdg_europe,2014,3.5403
unsdg_europe,2015,3.3664
unsdg_europe,2016,3.0768
unsdg_europe,2017,2.8725
unsdg_europe,2018,2.7086
unsdg_europe,2019,2.6008
unsdg_europe,2020,2.5433
unsdg_europe,2021,2.5475
unsdg_europe,2022,2.6263
unsdg_europe,2023,3.6998
unsdg_europe,2024,4.4960
unsdg_europenorthernamr,1991,5.3755
unsdg_europenorthernamr,1992,5.4809
unsdg_europenorthernamr,1993,5.9198
unsdg_europenorthernamr,1994,6.0577
unsdg_europenorthernamr,1995,6.0018
unsdg_europenorthernamr,1996,5.9096
unsdg_europenorthernamr,1997,5.7921
unsdg_europenorthernamr,1998,5.7355
unsdg_europenorthernamr,1999,5.7306
unsdg_europenorthernamr,2000,5.7757
unsdg_europenorthernamr,2001,5.7812
unsdg_europenorthernamr,2002,5.7245
unsdg_europenorthernamr,2003,5.5882
unsdg_europenorthernamr,2004,5.4336
unsdg_europenorthernamr,2005,5.3000
unsdg_europenorthernamr,2006,5.1876
unsdg_europenorthernamr,2007,5.1100
unsdg_europenorthernamr,2008,4.9693
unsdg_europenorthernamr,2009,4.7259
unsdg_europenorthernamr,2010,4.4682
unsdg_europenorthernamr,2011,4.2303
unsdg_europenorthernamr,2012,4.0384
unsdg_europenorthernamr,2013,3.8791
unsdg_europenorthernamr,2014,3.7452
unsdg_europenorthernamr,2015,3.6719
unsdg_europenorthernamr,2016,3.5380
unsdg_europenorthernamr,2017,3.4690
unsdg_europenorthernamr,2018,3.4166
unsdg_europenorthernamr,2019,3.3841
unsdg_europenorthernamr,2020,3.4064
unsdg_europenorthernamr,2021,3.4784
unsdg_europenorthernamr,2022,3.6002
unsdg_europenorthernamr,2023,4.2229
unsdg_europenorthernamr,2024,4.5697
unsdg_lac,1991,8.9999
unsdg_lac,1992,8.8581
unsdg_lac,1993,8.8383
unsdg_lac,1994,8.8123
unsdg_lac,1995,8.7778
unsdg_lac,1996,8.6995
unsdg_lac,1997,8.5981
unsdg_lac,1998,8.4801
unsdg_lac,1999,8.4589
unsdg_lac,2000,8.3372
unsdg_lac,2001,8.3319
unsdg_lac,2002,8.3311
unsdg_lac,2003,8.2707
unsdg_lac,2004,8.1432
unsdg_lac,2005,7.9697
unsdg_lac,2006,7.8056
unsdg_lac,2007,7.7150
unsdg_lac,2008,7.7212
unsdg_lac,2009,7.8014
unsdg_lac,2010,7.8831
unsdg_lac,2011,8.8073
unsdg_lac,2012,7.9135
unsdg_lac,2013,7.8545
unsdg_lac,2014,7.7778
unsdg_lac,2015,7.7337
unsdg_lac,2016,7.7513
unsdg_lac,2017,7.8018
unsdg_lac,2018,7.8698
unsdg_lac,2019,7.8950
unsdg_lac,2020,7.9169
unsdg_lac,2021,8.0065
unsdg_lac,2022,8.1622
unsdg_lac,2023,8.3943
unsdg_lac,2024,8.7320
unsdg_ldc,1991,29.599
unsdg_ldc,1992,28.581
unsdg_ldc,1993,28.106
unsdg_ldc,1994,26.634
unsdg_ldc,1995,43.388
unsdg_ldc,1996,23.675
unsdg_ldc,1997,23.384
unsdg_ldc,1998,22.311
unsdg_ldc,1999,23.863
unsdg_ldc,2000,22.334
unsdg_ldc,2001,19.681
unsdg_ldc,2002,18.970
unsdg_ldc,2003,18.191
unsdg_ldc,2004,17.312
unsdg_ldc,2005,16.907
unsdg_ldc,2006,16.216
unsdg_ldc,2007,15.435
unsdg_ldc,2008,14.900
unsdg_ldc,2009,15.159
unsdg_ldc,2010,19.731
unsdg_ldc,2011,14.525
unsdg_ldc,2012,14.116
unsdg_ldc,2013,13.771
unsdg_ldc,2014,13.656
unsdg_ldc,2015,14.463
unsdg_ldc,2016,14.379
unsdg_ldc,2017,14.545
unsdg_ldc,2018,15.239
unsdg_ldc,2019,15.145
unsdg_ldc,2020,16.348
unsdg_ldc,2021,15.132
unsdg_ldc,2022,16.096
unsdg_ldc,2023,20.611
unsdg_ldc,2024,15.508
unsdg_lldc,1991,31.729
unsdg_lldc,1992,30.139
unsdg_lldc,1993,32.118
unsdg_lldc,1994,30.730
unsdg_lldc,1995,65.205
unsdg_lldc,1996,26.528
unsdg_lldc,1997,25.681
unsdg_lldc,1998,24.947
unsdg_lldc,1999,26.056
unsdg_lldc,2000,22.882
unsdg_lldc,2001,20.789
unsdg_lldc,2002,19.808
unsdg_lldc,2003,18.766
unsdg_lldc,2004,17.534
unsdg_lldc,2005,16.815
unsdg_lldc,2006,16.006
unsdg_lldc,2007,15.494
unsdg_lldc,2008,14.991
unsdg_lldc,2009,14.420
unsdg_lldc,2010,25.340
unsdg_lldc,2011,13.830
unsdg_lldc,2012,13.424
unsdg_lldc,2013,13.196
unsdg_lldc,2014,13.189
unsdg_lldc,2015,14.857
unsdg_lldc,2016,14.399
unsdg_lldc,2017,14.740
unsdg_lldc,2018,16.094
unsdg_lldc,2019,15.710
unsdg_lldc,2020,18.739
unsdg_lldc,2021,16.292
unsdg_lldc,2022,18.169
unsdg_lldc,2023,29.103
unsdg_lldc,2024,15.904
unsdg_northafr,1991,10.673
unsdg_northafr,1992,10.378
unsdg_northafr,1993,10.143
unsdg_northafr,1994,9.9222
unsdg_northafr,1995,10.131
unsdg_northafr,1996,9.7322
unsdg_northafr,1997,9.2196
unsdg_northafr,1998,9.1641
unsdg_northafr,1999,8.9736
unsdg_northafr,2000,8.4600
unsdg_northafr,2001,8.2413
unsdg_northafr,2002,8.0488
unsdg_northafr,2003,8.5489
unsdg_northafr,2004,8.9857
unsdg_northafr,2005,9.8391
unsdg_northafr,2006,9.4536
unsdg_northafr,2007,7.8766
unsdg_northafr,2008,7.1753
unsdg_northafr,2009,7.7646
unsdg_northafr,2010,7.1733
unsdg_northafr,2011,7.1967
unsdg_northafr,2012,7.4065
unsdg_northafr,2013,7.2767
unsdg_northafr,2014,7.2944
unsdg_northafr,2015,7.4321
unsdg_northafr,2016,7.4443
unsdg_northafr,2017,7.4661
unsdg_northafr,2018,7.4055
unsdg_northafr,2019,7.4226
unsdg_northafr,2020,7.4545
unsdg_northafr,2021,7.4682
unsdg_northafr,2022,7.4902
unsdg_northafr,2023,7.5729
unsdg_northafr,2024,8.5851
unsdg_northernamr,1991,5.6163
unsdg_northernamr,1992,5.5331
unsdg_northernamr,1993,5.4951
unsdg_northernamr,1994,5.4616
unsdg_northernamr,1995,5.4440
unsdg_northernamr,1996,5.3039
unsdg_northernamr,1997,5.1165
unsdg_northernamr,1998,4.9420
unsdg_northernamr,1999,4.7818
unsdg_northernamr,2000,4.7065
unsdg_northernamr,2001,4.6716
unsdg_northernamr,2002,4.6930
unsdg_northernamr,2003,4.7476
unsdg_northernamr,2004,4.7788
unsdg_northernamr,2005,4.8437
unsdg_northernamr,2006,4.8831
unsdg_northernamr,2007,4.9013
unsdg_northernamr,2008,4.8435
unsdg_northernamr,2009,4.6545
unsdg_northernamr,2010,4.4755
unsdg_northernamr,2011,4.3119
unsdg_northernamr,2012,4.2109
unsdg_northernamr,2013,4.1828
unsdg_northernamr,2014,4.2006
unsdg_northernamr,2015,4.2960
unsdg_northernamr,2016,4.4078
unsdg_northernamr,2017,4.5488
unsdg_northernamr,2018,4.6660
unsdg_northernamr,2019,4.7414
unsdg_northernamr,2020,4.8742
unsdg_northernamr,2021,5.0517
unsdg_northernamr,2022,5.2754
unsdg_northernamr,2023,5.2244
unsdg_northernamr,2024,4.9393
unsdg_oceania,1991,7.2898
unsdg_oceania,1992,6.8889
unsdg_oceania,1993,6.6051
unsdg_oceania,1994,6.4426
unsdg_oceania,1995,6.3778
unsdg_oceania,1996,6.4025
unsdg_oceania,1997,6.4837
unsdg_oceania,1998,6.5649
unsdg_oceania,1999,6.9651
unsdg_oceania,2000,6.5259
unsdg_oceania,2001,6.3837
unsdg_oceania,2002,6.1927
unsdg_oceania,2003,6.0191
unsdg_oceania,2004,5.8819
unsdg_oceania,2005,5.7752
unsdg_oceania,2006,5.6927
unsdg_oceania,2007,5.6103
unsdg_oceania,2008,5.5308
unsdg_oceania,2009,5.4444
unsdg_oceania,2010,5.3681
unsdg_oceania,2011,5.2781
unsdg_oceania,2012,5.2176
unsdg_oceania,2013,5.1498
unsdg_oceania,2014,5.0825
unsdg_oceania,2015,5.0169
unsdg_oceania,2016,4.9694
unsdg_oceania,2017,4.9401
unsdg_oceania,2018,4.9313
unsdg_oceania,2019,4.9308
unsdg_oceania,2020,4.9366
unsdg_oceania,2021,4.9528
unsdg_oceania,2022,4.9526
unsdg_oceania,2023,4.9096
unsdg_oceania,2024,4.8370
unsdg_oceaniaexausnzl,1991,14.810
unsdg_oceaniaexausnzl,1992,14.103
unsdg_oceaniaexausnzl,1993,13.611
unsdg_oceaniaexausnzl,1994,13.210
unsdg_oceaniaexausnzl,1995,12.869
unsdg_oceaniaexausnzl,1996,12.651
unsdg_oceaniaexausnzl,1997,12.451
unsdg_oceaniaexausnzl,1998,12.317
unsdg_oceaniaexausnzl,1999,13.482
unsdg_oceaniaexausnzl,2000,12.085
unsdg_oceaniaexausnzl,2001,11.982
unsdg_oceaniaexausnzl,2002,11.888
unsdg_oceaniaexausnzl,2003,11.791
unsdg_oceaniaexausnzl,2004,11.671
unsdg_oceaniaexausnzl,2005,11.558
unsdg_oceaniaexausnzl,2006,11.454
unsdg_oceaniaexausnzl,2007,11.357
unsdg_oceaniaexausnzl,2008,11.260
unsdg_oceaniaexausnzl,2009,11.156
unsdg_oceaniaexausnzl,2010,11.097
unsdg_oceaniaexausnzl,2011,10.940
unsdg_oceaniaexausnzl,2012,10.816
unsdg_oceaniaexausnzl,2013,10.696
unsdg_oceaniaexausnzl,2014,10.577
unsdg_oceaniaexausnzl,2015,10.457
unsdg_oceaniaexausnzl,2016,10.337
unsdg_oceaniaexausnzl,2017,10.218
unsdg_oceaniaexausnzl,2018,10.099
unsdg_oceaniaexausnzl,2019,9.9683
unsdg_oceaniaexausnzl,2020,9.8437
unsdg_oceaniaexausnzl,2021,9.7141
unsdg_oceaniaexausnzl,2022,9.5772
unsdg_oceaniaexausnzl,2023,9.4362
unsdg_oceaniaexausnzl,2024,9.2999
unsdg_sids,1991,12.145
unsdg_sids,1992,11.799
unsdg_sids,1993,11.472
unsdg_sids,1994,11.260
unsdg_sids,1995,11.109
unsdg_sids,1996,11.035
unsdg_sids,1997,10.926
unsdg_sids,1998,10.914
unsdg_sids,1999,11.238
unsdg_sids,2000,11.142
unsdg_sids,2001,10.393
unsdg_sids,2002,10.282
unsdg_sids,2003,10.179
unsdg_sids,2004,10.070
unsdg_sids,2005,9.9615
unsdg_sids,2006,9.8305
unsdg_sids,2007,9.7072
unsdg_sids,2008,9.5747
unsdg_sids,2009,9.4373
unsdg_sids,2010,9.3167
unsdg_sids,2011,18.206
unsdg_sids,2012,9.1487
unsdg_sids,2013,9.1427
unsdg_sids,2014,9.1957
unsdg_sids,2015,9.3160
unsdg_sids,2016,9.4439
unsdg_sids,2017,9.5863
unsdg_sids,2018,9.7171
unsdg_sids,2019,9.8694
unsdg_sids,2020,10.070
unsdg_sids,2021,10.251
unsdg_sids,2022,10.493
unsdg_sids,2023,10.701
unsdg_sids,2024,11.383
unsdg_southasia,1991,15.005
unsdg_southasia,1992,14.692
unsdg_southasia,1993,14.149
unsdg_southasia,1994,13.388
unsdg_southasia,1995,13.321
unsdg_southasia,1996,13.018
unsdg_southasia,1997,12.783
unsdg_southasia,1998,12.548
unsdg_southasia,1999,12.385
unsdg_southasia,2000,12.074
unsdg_southasia,2001,11.824
unsdg_southasia,2002,11.501
unsdg_southasia,2003,11.196
unsdg_southasia,2004,10.941
unsdg_southasia,2005,10.656
unsdg_southasia,2006,10.455
unsdg_southasia,2007,10.081
unsdg_southasia,2008,9.8482
unsdg_southasia,2009,9.6219
unsdg_southasia,2010,9.3682
unsdg_southasia,2011,9.0192
unsdg_southasia,2012,8.7342
unsdg_southasia,2013,8.4435
unsdg_southasia,2014,8.1585
unsdg_southasia,2015,7.9585
unsdg_southasia,2016,7.7999
unsdg_southasia,2017,7.6020
unsdg_southasia,2018,7.6169
unsdg_southasia,2019,7.5351
unsdg_southasia,2020,7.4097
unsdg_southasia,2021,7.3574
unsdg_southasia,2022,7.5116
unsdg_southasia,2023,7.1767
unsdg_southasia,2024,7.3296
unsdg_southeasternasia,1991,9.8904
unsdg_southeasternasia,1992,9.6931
unsdg_southeasternasia,1993,9.5709
unsdg_southeasternasia,1994,9.5992
unsdg_southeasternasia,1995,9.6715
unsdg_southeasternasia,1996,9.7267
unsdg_southeasternasia,1997,9.6620
unsdg_southeasternasia,1998,9.5136
unsdg_southeasternasia,1999,9.3205
unsdg_southeasternasia,2000,9.1320
unsdg_southeasternasia,2001,8.8828
unsdg_southeasternasia,2002,8.6780
unsdg_southeasternasia,2003,8.4885
unsdg_southeasternasia,2004,8.2715
unsdg_southeasternasia,2005,9.3023
unsdg_southeasternasia,2006,7.7513
unsdg_southeasternasia,2007,7.5190
unsdg_southeasternasia,2008,7.3587
unsdg_southeasternasia,2009,7.9621
unsdg_southeasternasia,2010,7.2074
unsdg_southeasternasia,2011,7.2202
unsdg_southeasternasia,2012,7.2359
unsdg_southeasternasia,2013,7.3138
unsdg_southeasternasia,2014,7.4325
unsdg_southeasternasia,2015,7.5604
unsdg_southeasternasia,2016,7.7277
unsdg_southeasternasia,2017,7.9435
unsdg_southeasternasia,2018,8.1559
unsdg_southeasternasia,2019,8.4254
unsdg_southeasternasia,2020,8.6633
unsdg_southeasternasia,2021,8.7730
unsdg_southeasternasia,2022,9.1085
unsdg_southeasternasia,2023,9.4060
unsdg_southeasternasia,2024,9.5737
unsdg_subsaharanafrica,1991,30.504
unsdg_subsaharanafrica,1992,29.019
unsdg_subsaharanafrica,1993,29.204
unsdg_subsaharanafrica,1994,28.922
unsdg_subsaharanafrica,1995,46.076
unsdg_subsaharanafrica,1996,26.040
unsdg_subsaharanafrica,1997,25.918
unsdg_subsaharanafrica,1998,25.246
unsdg_subsaharanafrica,1999,26.669
unsdg_subsaharanafrica,2000,25.416
unsdg_subsaharanafrica,2001,22.907
unsdg_subsaharanafrica,2002,22.392
unsdg_subsaharanafrica,2003,21.673
unsdg_subsaharanafrica,2004,20.877
unsdg_subsaharanafrica,2005,20.252
unsdg_subsaharanafrica,2006,19.676
unsdg_subsaharanafrica,2007,19.071
unsdg_subsaharanafrica,2008,18.452
unsdg_subsaharanafrica,2009,17.839
unsdg_subsaharanafrica,2010,22.642
unsdg_subsaharanafrica,2011,16.880
unsdg_subsaharanafrica,2012,16.615
unsdg_subsaharanafrica,2013,16.019
unsdg_subsaharanafrica,2014,15.797
unsdg_subsaharanafrica,2015,16.279
unsdg_subsaharanafrica,2016,15.785
unsdg_subsaharanafrica,2017,15.896
unsdg_subsaharanafrica,2018,16.105
unsdg_subsaharanafrica,2019,15.613
unsdg_subsaharanafrica,2020,16.895
unsdg_subsaharanafrica,2021,15.724
unsdg_subsaharanafrica,2022,16.344
unsdg_subsaharanafrica,2023,21.191
unsdg_subsaharanafrica,2024,16.416
unsdg_westernasia,1991,13.920
unsdg_westernasia,1992,11.475
unsdg_westernasia,1993,9.8941
unsdg_westernasia,1994,9.5639
unsdg_westernasia,1995,8.9345
unsdg_westernasia,1996,9.0388
unsdg_westernasia,1997,7.7189
unsdg_westernasia,1998,7.2561
unsdg_westernasia,1999,6.8727
unsdg_westernasia,2000,7.1554
unsdg_westernasia,2001,6.1995
unsdg_westernasia,2002,5.9024
unsdg_westernasia,2003,5.5307
unsdg_westernasia,2004,6.1824
unsdg_westernasia,2005,6.4165
unsdg_westernasia,2006,6.2694
unsdg_westernasia,2007,7.1006
unsdg_westernasia,2008,6.7277
unsdg_westernasia,2009,5.4017
unsdg_westernasia,2010,4.5186
unsdg_westernasia,2011,4.4626
unsdg_westernasia,2012,4.8203
unsdg_westernasia,2013,6.4222
unsdg_westernasia,2014,6.5928
unsdg_westernasia,2015,6.3917
unsdg_westernasia,2016,7.8424
unsdg_westernasia,2017,8.7523
unsdg_westernasia,2018,8.5168
unsdg_westernasia,2019,8.0958
unsdg_westernasia,2020,6.8886
unsdg_westernasia,2021,6.4083
unsdg_westernasia,2022,5.6653
unsdg_westernasia,2023,5.9234
unsdg_westernasia,2024,7.9259
unsdg_westernasianorthernafr,1991,11.774
unsdg_westernasianorthernafr,1992,10.407
unsdg_westernasianorthernafr,1993,9.5186
unsdg_westernasianorthernafr,1994,9.2653
unsdg_westernasianorthernafr,1995,9.0685
unsdg_westernasianorthernafr,1996,8.9221
unsdg_westernasianorthernafr,1997,8.0366
unsdg_westernasianorthernafr,1998,7.8110
unsdg_westernasianorthernafr,1999,7.5440
unsdg_westernasianorthernafr,2000,7.4254
unsdg_westernasianorthernafr,2001,6.8746
unsdg_westernasianorthernafr,2002,6.6475
unsdg_westernasianorthernafr,2003,6.7049
unsdg_westernasianorthernafr,2004,7.2527
unsdg_westernasianorthernafr,2005,7.7870
unsdg_westernasianorthernafr,2006,7.5474
unsdg_westernasianorthernafr,2007,7.1950
unsdg_westernasianorthernafr,2008,6.6809
unsdg_westernasianorthernafr,2009,6.3173
unsdg_westernasianorthernafr,2010,5.5897
unsdg_westernasianorthernafr,2011,5.5526
unsdg_westernasianorthernafr,2012,5.8238
unsdg_westernasianorthernafr,2013,6.5809
unsdg_westernasianorthernafr,2014,6.6537
unsdg_westernasianorthernafr,2015,6.5917
unsdg_westernasianorthernafr,2016,7.3121
unsdg_westernasianorthernafr,2017,7.7965
unsdg_westernasianorthernafr,2018,7.6260
unsdg_westernasianorthernafr,2019,7.4203
unsdg_westernasianorthernafr,2020,6.8214
unsdg_westernasianorthernafr,2021,6.5703
unsdg_westernasianorthernafr,2022,6.1778
unsdg_westernasianorthernafr,2023,6.2855
unsdg_westernasianorthernafr,2024,7.7463
ury,1991,4.7453
ury,1992,4.8079
ury,1993,4.9212
ury,1994,5.0703
ury,1995,5.2280
ury,1996,5.3828
ury,1997,5.5092
ury,1998,5.5322
ury,1999,5.4820
ury,2000,5.3211
ury,2001,5.1022
ury,2002,4.8781
ury,2003,4.6655
ury,2004,4.5295
ury,2005,4.4476
ury,2006,4.4561
ury,2007,4.5377
ury,2008,4.6884
ury,2009,4.9220
ury,2010,5.1673
ury,2011,5.4226
ury,2012,5.6061
ury,2013,5.6368
ury,2014,5.6102
ury,2015,5.5512
ury,2016,5.5245
ury,2017,5.5523
ury,2018,5.6135
ury,2019,5.7267
ury,2020,5.8536
ury,2021,6.0095
ury,2022,6.2187
ury,2023,6.5766
ury,2024,7.0602
usa,1991,5.7825
usa,1992,5.7073
usa,1993,5.6821
usa,1994,5.6607
usa,1995,5.6533
usa,1996,5.5075
usa,1997,5.3123
usa,1998,5.1268
usa,1999,4.9521
usa,2000,4.8742
usa,2001,4.8388
usa,2002,4.8668
usa,2003,4.9318
usa,2004,4.9668
usa,2005,5.0426
usa,2006,5.0866
usa,2007,5.1107
usa,2008,5.0520
usa,2009,4.8504
usa,2010,4.6576
usa,2011,4.4808
usa,2012,4.3751
usa,2013,4.3497
usa,2014,4.3728
usa,2015,4.4785
usa,2016,4.5971
usa,2017,4.7474
usa,2018,4.8696
usa,2019,4.9442
usa,2020,5.0864
usa,2021,5.2749
usa,2022,5.5112
usa,2023,5.4462
usa,2024,5.1209
uzb,1991,6.8921
uzb,1992,6.9691
uzb,1993,7.0617
uzb,1994,7.1084
uzb,1995,7.1931
uzb,1996,7.2510
uzb,1997,7.3192
uzb,1998,7.4055
uzb,1999,7.4290
uzb,2000,7.4100
uzb,2001,7.2500
uzb,2002,6.9573
uzb,2003,6.5311
uzb,2004,5.9880
uzb,2005,5.5252
uzb,2006,5.1623
uzb,2007,4.9192
uzb,2008,4.7623
uzb,2009,4.6204
uzb,2010,4.5396
uzb,2011,4.4547
uzb,2012,4.4010
uzb,2013,4.3792
uzb,2014,4.3614
uzb,2015,4.3944
uzb,2016,4.4234
uzb,2017,4.4473
uzb,2018,4.3636
uzb,2019,4.1326
uzb,2020,3.9772
uzb,2021,3.9231
uzb,2022,3.9909
uzb,2023,4.1568
uzb,2024,4.4554
vct,1991,6.5917
vct,1992,6.7414
vct,1993,6.9968
vct,1994,7.2437
vct,1995,7.4960
vct,1996,7.7335
vct,1997,7.9009
vct,1998,8.0494
vct,1999,8.1074
vct,2000,8.1185
vct,2001,8.0650
vct,2002,7.9756
vct,2003,7.9133
vct,2004,7.8600
vct,2005,7.8396
vct,2006,7.8258
vct,2007,7.8419
vct,2008,7.8879
vct,2009,7.9249
vct,2010,8.0149
vct,2011,8.1195
vct,2012,8.2259
vct,2013,8.3696
vct,2014,8.4894
vct,2015,8.5798
vct,2016,8.6455
vct,2017,8.6918
vct,2018,8.7422
vct,2019,8.8077
vct,2020,9.0026
vct,2021,9.3301
vct,2022,9.8187
vct,2023,10.353
vct,2024,10.850
ven,1991,7.5615
ven,1992,7.9873
ven,1993,8.5371
ven,1994,8.9311
ven,1995,9.0359
ven,1996,8.9469
ven,1997,8.6825
ven,1998,8.5174
ven,1999,8.7369
ven,2000,9.4511
ven,2001,10.555
ven,2002,11.708
ven,2003,12.696
ven,2004,13.280
ven,2005,13.338
ven,2006,13.329
ven,2007,13.531
ven,2008,13.949
ven,2009,14.310
ven,2010,14.371
ven,2011,14.421
ven,2012,14.531
ven,2013,14.788
ven,2014,15.146
ven,2015,15.824
ven,2016,16.999
ven,2017,18.570
ven,2018,21.044
ven,2019,23.475
ven,2020,25.695
ven,2021,29.014
ven,2022,32.817
ven,2023,37.305
ven,2024,42.386
vgb,1991,9.1498
vgb,1992,8.9375
vgb,1993,8.7448
vgb,1994,8.5687
vgb,1995,8.4180
vgb,1996,8.2811
vgb,1997,8.1622
vgb,1998,8.0604
vgb,1999,7.9680
vgb,2000,7.8854
vgb,2001,7.8143
vgb,2002,7.7583
vgb,2003,7.6985
vgb,2004,7.6493
vgb,2005,7.6073
vgb,2006,7.5803
vgb,2007,7.5611
vgb,2008,7.5416
vgb,2009,7.5327
vgb,2010,7.5288
vgb,2011,7.5201
vgb,2012,7.5198
vgb,2013,7.5226
vgb,2014,7.5293
vgb,2015,7.5167
vgb,2016,7.4894
vgb,2017,7.4297
vgb,2018,7.3585
vgb,2019,7.2710
vgb,2020,7.1825
vgb,2021,7.0941
vgb,2022,6.9898
vgb,2023,6.8882
vgb,2024,6.7805
vnm,1991,11.357
vnm,1992,10.901
vnm,1993,10.475
vnm,1994,10.121
vnm,1995,9.7032
vnm,1996,9.3311
vnm,1997,8.9918
vnm,1998,8.6308
vnm,1999,8.3022
vnm,2000,8.0236
vnm,2001,7.7477
vnm,2002,7.4957
vnm,2003,7.2680
vnm,2004,7.0297
vnm,2005,6.7828
vnm,2006,6.5637
vnm,2007,6.3302
vnm,2008,6.0678
vnm,2009,5.8252
vnm,2010,5.6192
vnm,2011,5.4002
vnm,2012,5.2133
vnm,2013,5.0680
vnm,2014,4.9387
vnm,2015,4.8671
vnm,2016,4.8015
vnm,2017,4.7741
vnm,2018,4.7990
vnm,2019,4.8738
vnm,2020,4.9899
vnm,2021,5.1442
vnm,2022,5.3039
vnm,2023,5.4669
vnm,2024,5.7059
vut,1991,9.5048
vut,1992,9.2999
vut,1993,9.1136
vut,1994,8.9519
vut,1995,8.8145
vut,1996,8.6917
vut,1997,8.5864
vut,1998,8.4900
vut,1999,8.3941
vut,2000,8.3067
vut,2001,8.2202
vut,2002,8.1436
vut,2003,8.0720
vut,2004,8.0016
vut,2005,7.9337
vut,2006,7.8611
vut,2007,7.7799
vut,2008,7.6793
vut,2009,7.5650
vut,2010,7.4392
vut,2011,7.3087
vut,2012,7.1835
vut,2013,7.0755
vut,2014,6.9880
vut,2015,6.9136
vut,2016,6.8568
vut,2017,6.8128
vut,2018,6.7736
vut,2019,6.7392
vut,2020,6.7041
vut,2021,6.6699
vut,2022,6.6241
vut,2023,6.5726
vut,2024,6.5044
wb_hi,1991,5.2745
wb_hi,1992,5.2461
wb_hi,1993,5.2295
wb_hi,1994,5.2983
wb_hi,1995,5.3576
wb_hi,1996,5.3075
wb_hi,1997,5.2169
wb_hi,1998,5.1504
wb_hi,1999,5.1283
wb_hi,2000,5.1356
wb_hi,2001,5.1215
wb_hi,2002,5.0705
wb_hi,2003,4.9637
wb_hi,2004,4.8516
wb_hi,2005,4.7543
wb_hi,2006,4.6722
wb_hi,2007,4.6124
wb_hi,2008,4.5090
wb_hi,2009,4.3391
wb_hi,2010,4.1641
wb_hi,2011,3.9981
wb_hi,2012,3.8765
wb_hi,2013,3.7194
wb_hi,2014,3.6068
wb_hi,2015,3.5066
wb_hi,2016,3.4212
wb_hi,2017,3.3594
wb_hi,2018,3.3225
wb_hi,2019,3.2991
wb_hi,2020,3.3271
wb_hi,2021,3.4088
wb_hi,2022,3.5088
wb_hi,2023,3.7754
wb_hi,2024,4.0564
wb_li,1991,37.364
wb_li,1992,35.150
wb_li,1993,35.226
wb_li,1994,32.538
wb_li,1995,62.590
wb_li,1996,29.265
wb_li,1997,28.988
wb_li,1998,27.343
wb_li,1999,30.073
wb_li,2000,27.460
wb_li,2001,23.204
wb_li,2002,22.232
wb_li,2003,21.430
wb_li,2004,20.542
wb_li,2005,20.204
wb_li,2006,19.477
wb_li,2007,18.401
wb_li,2008,17.724
wb_li,2009,17.480
wb_li,2010,26.341
wb_li,2011,16.796
wb_li,2012,17.122
wb_li,2013,17.397
wb_li,2014,17.397
wb_li,2015,18.792
wb_li,2016,18.903
wb_li,2017,19.189
wb_li,2018,20.322
wb_li,2019,20.022
wb_li,2020,21.710
wb_li,2021,19.538
wb_li,2022,20.731
wb_li,2023,27.663
wb_li,2024,19.633
wb_lmi,1991,14.452
wb_lmi,1992,14.169
wb_lmi,1993,13.866
wb_lmi,1994,13.730
wb_lmi,1995,13.424
wb_lmi,1996,13.105
wb_lmi,1997,12.929
wb_lmi,1998,12.822
wb_lmi,1999,12.681
wb_lmi,2000,12.487
wb_lmi,2001,12.196
wb_lmi,2002,11.914
wb_lmi,2003,11.582
wb_lmi,2004,11.207
wb_lmi,2005,10.946
wb_lmi,2006,10.694
wb_lmi,2007,10.294
wb_lmi,2008,9.9967
wb_lmi,2009,9.8866
wb_lmi,2010,9.4902
wb_lmi,2011,9.3066
wb_lmi,2012,8.8923
wb_lmi,2013,8.6229
wb_lmi,2014,8.3724
wb_lmi,2015,8.1400
wb_lmi,2016,7.9258
wb_lmi,2017,7.7328
wb_lmi,2018,7.5723
wb_lmi,2019,7.4543
wb_lmi,2020,7.3812
wb_lmi,2021,7.3704
wb_lmi,2022,7.4600
wb_lmi,2023,7.5628
wb_lmi,2024,7.7599
wb_umi,1991,7.0771
wb_umi,1992,6.8819
wb_umi,1993,6.8834
wb_umi,1994,6.8333
wb_umi,1995,6.7379
wb_umi,1996,6.6815
wb_umi,1997,6.5498
wb_umi,1998,6.4890
wb_umi,1999,6.4347
wb_umi,2000,6.3976
wb_umi,2001,6.3102
wb_umi,2002,6.2254
wb_umi,2003,6.1167
wb_umi,2004,6.1314
wb_umi,2005,6.3031
wb_umi,2006,5.8755
wb_umi,2007,5.8328
wb_umi,2008,5.7138
wb_umi,2009,5.5138
wb_umi,2010,5.3498
wb_umi,2011,5.2647
wb_umi,2012,5.2332
wb_umi,2013,5.2364
wb_umi,2014,5.3035
wb_umi,2015,5.4053
wb_umi,2016,5.5235
wb_umi,2017,5.8287
wb_umi,2018,5.9093
wb_umi,2019,5.9351
wb_umi,2020,6.0643
wb_umi,2021,6.2044
wb_umi,2022,6.2995
wb_umi,2023,6.4902
wb_umi,2024,6.6696
world,1991,10.168
world,1992,9.9392
world,1993,9.9240
world,1994,9.8097
world,1995,11.361
world,1996,9.5749
world,1997,9.5400
world,1998,9.4763
world,1999,9.6678
world,2000,9.5181
world,2001,9.1909
world,2002,9.0470
world,2003,8.8556
world,2004,8.6678
world,2005,8.6194
world,2006,8.3409
world,2007,8.1082
world,2008,7.9071
world,2009,7.7522
world,2010,8.0687
world,2011,7.3264
world,2012,7.1704
world,2013,7.0869
world,2014,7.0196
world,2015,7.0908
world,2016,7.0935
world,2017,7.1523
world,2018,7.2113
world,2019,7.1464
world,2020,7.3125
world,2021,7.1478
world,2022,7.3286
world,2023,8.0419
world,2024,7.5281
wsm,1991,73.345
wsm,1992,60.187
wsm,1993,49.790
wsm,1994,41.195
wsm,1995,34.340
wsm,1996,29.010
wsm,1997,24.592
wsm,1998,21.342
wsm,1999,18.722
wsm,2000,16.720
wsm,2001,15.346
wsm,2002,14.159
wsm,2003,13.299
wsm,2004,12.604
wsm,2005,11.932
wsm,2006,11.247
wsm,2007,10.713
wsm,2008,10.240
wsm,2009,9.7889
wsm,2010,13.502
wsm,2011,8.9475
wsm,2012,8.5605
wsm,2013,8.2415
wsm,2014,8.0060
wsm,2015,7.8263
wsm,2016,7.7922
wsm,2017,8.0025
wsm,2018,8.3632
wsm,2019,8.6598
wsm,2020,8.8740
wsm,2021,9.2122
wsm,2022,9.5354
wsm,2023,9.7656
wsm,2024,10.044
yem,1991,10.121
yem,1992,10.015
yem,1993,9.9204
yem,1994,9.8357
yem,1995,11.616
yem,1996,9.6835
yem,1997,9.6055
yem,1998,9.5157
yem,1999,9.3997
yem,2000,9.2629
yem,2001,9.1061
yem,2002,8.9355
yem,2003,8.7590
yem,2004,8.5843
yem,2005,8.4127
yem,2006,8.2447
yem,2007,8.0813
yem,2008,7.9270
yem,2009,7.7835
yem,2010,7.6526
yem,2011,7.5326
yem,2012,8.1735
yem,2013,8.3225
yem,2014,7.5698
yem,2015,8.0699
yem,2016,14.199
yem,2017,13.316
yem,2018,14.164
yem,2019,20.591
yem,2020,17.559
yem,2021,14.826
yem,2022,13.737
yem,2023,9.0869
yem,2024,7.8027
zaf,1991,19.469
zaf,1992,20.250
zaf,1993,21.257
zaf,1994,22.314
zaf,1995,23.463
zaf,1996,24.604
zaf,1997,25.865
zaf,1998,26.956
zaf,1999,27.924
zaf,2000,28.805
zaf,2001,29.533
zaf,2002,30.259
zaf,2003,30.866
zaf,2004,31.182
zaf,2005,31.231
zaf,2006,30.693
zaf,2007,29.604
zaf,2008,28.070
zaf,2009,26.159
zaf,2010,24.233
zaf,2011,22.314
zaf,2012,20.662
zaf,2013,19.205
zaf,2014,17.997
zaf,2015,17.067
zaf,2016,16.300
zaf,2017,15.726
zaf,2018,15.310
zaf,2019,14.994
zaf,2020,14.809
zaf,2021,14.725
zaf,2022,14.785
zaf,2023,15.115
zaf,2024,15.806
zmb,1991,39.694
zmb,1992,39.961
zmb,1993,40.349
zmb,1994,40.706
zmb,1995,40.930
zmb,1996,40.731
zmb,1997,40.396
zmb,1998,39.576
zmb,1999,38.838
zmb,2000,37.823
zmb,2001,36.739
zmb,2002,35.412
zmb,2003,34.028
zmb,2004,32.725
zmb,2005,31.323
zmb,2006,30.058
zmb,2007,28.685
zmb,2008,27.372
zmb,2009,26.224
zmb,2010,25.129
zmb,2011,24.089
zmb,2012,23.222
zmb,2013,22.390
zmb,2014,21.736
zmb,2015,21.194
zmb,2016,20.731
zmb,2017,20.525
zmb,2018,20.550
zmb,2019,20.618
zmb,2020,20.872
zmb,2021,21.262
zmb,2022,21.953
zmb,2023,22.721
zmb,2024,23.443
zwe,1991,18.213
zwe,1992,19.162
zwe,1993,20.300
zwe,1994,21.520
zwe,1995,22.965
zwe,1996,24.430
zwe,1997,25.812
zwe,1998,27.025
zwe,1999,28.080
zwe,2000,28.906
zwe,2001,29.303
zwe,2002,29.361
zwe,2003,29.054
zwe,2004,28.454
zwe,2005,27.790
zwe,2006,27.187
zwe,2007,26.514
zwe,2008,25.710
zwe,2009,24.942
zwe,2010,24.162
zwe,2011,23.410
zwe,2012,22.810
zwe,2013,22.408
zwe,2014,22.149
zwe,2015,22.185
zwe,2016,22.678
zwe,2017,23.503
zwe,2018,24.618
zwe,2019,25.767
zwe,2020,26.721
zwe,2021,27.844
zwe,2022,28.901
zwe,2023,30.006
zwe,2024,31.236
