geo,year,child_deaths_1_4years_lower
afg,1963,37708
afg,1964,37619
afg,1965,37566
afg,1966,37519
afg,1967,37363
afg,1968,37240
afg,1969,37161
afg,1970,37004
afg,1971,36895
afg,1972,36749
afg,1973,36642
afg,1974,36541
afg,1975,36423
afg,1976,36261
afg,1977,36091
afg,1978,35816
afg,1979,35469
afg,1980,34965
afg,1981,34519
afg,1982,33824
afg,1983,51621
afg,1984,48720
afg,1985,60382
afg,1986,54335
afg,1987,36665
afg,1988,35678
afg,1989,28072
afg,1990,19657
afg,1991,19175
afg,1992,18687
afg,1993,18200
afg,1994,17781
afg,1995,17687
afg,1996,18033
afg,1997,18618
afg,1998,19226
afg,1999,19573
afg,2000,19466
afg,2001,19057
afg,2002,18570
afg,2003,17848
afg,2004,16961
afg,2005,16119
afg,2006,15322
afg,2007,14634
afg,2008,13955
afg,2009,13249
afg,2010,12472
afg,2011,11704
afg,2012,11021
afg,2013,10403
afg,2014,9897.0
afg,2015,9464.0
afg,2016,8995.0
afg,2017,8536.0
afg,2018,8058.0
afg,2019,7569.0
afg,2020,7086.0
afg,2021,6657.0
afg,2022,6252.0
afg,2023,5903.0
afg,2024,5576.0
ago,1986,38527
ago,1987,40324
ago,1988,42258
ago,1989,44161
ago,1990,45814
ago,1991,47431
ago,1992,48810
ago,1993,50204
ago,1994,51409
ago,1995,52438
ago,1996,53235
ago,1997,53750
ago,1998,53991
ago,1999,53972
ago,2000,53776
ago,2001,53269
ago,2002,52625
ago,2003,51799
ago,2004,50603
ago,2005,49078
ago,2006,47044
ago,2007,44644
ago,2008,41860
ago,2009,38786
ago,2010,35800
ago,2011,32852
ago,2012,29693
ago,2013,26608
ago,2014,23974
ago,2015,22176
ago,2016,20658
ago,2017,19403
ago,2018,18346
ago,2019,17413
ago,2020,16562
ago,2021,15729
ago,2022,15182
ago,2023,14619
ago,2024,14067
aia,1991,0.0000
aia,1992,0.0000
aia,1993,0.0000
aia,1994,0.0000
aia,1995,0.0000
aia,1996,0.0000
aia,1997,0.0000
aia,1998,0.0000
aia,1999,0.0000
aia,2000,0.0000
aia,2001,0.0000
aia,2002,0.0000
aia,2003,0.0000
aia,2004,0.0000
aia,2005,0.0000
aia,2006,0.0000
aia,2007,0.0000
aia,2008,0.0000
aia,2009,0.0000
aia,2010,0.0000
aia,2011,0.0000
aia,2012,0.0000
aia,2013,0.0000
aia,2014,0.0000
aia,2015,0.0000
aia,2016,0.0000
aia,2017,0.0000
aia,2018,0.0000
aia,2019,0.0000
aia,2020,0.0000
aia,2021,0.0000
aia,2022,0.0000
aia,2023,0.0000
aia,2024,0.0000
alb,1984,1215.0
alb,1985,1172.0
alb,1986,1135.0
alb,1987,1103.0
alb,1988,1072.0
alb,1989,1042.0
alb,1990,1015.0
alb,1991,993.00
alb,1992,972.00
alb,1993,946.00
alb,1994,917.00
alb,1995,878.00
alb,1996,832.00
alb,1997,784.00
alb,1998,734.00
alb,1999,681.00
alb,2000,623.00
alb,2001,562.00
alb,2002,503.00
alb,2003,447.00
alb,2004,396.00
alb,2005,350.00
alb,2006,308.00
alb,2007,267.00
alb,2008,229.00
alb,2009,193.00
alb,2010,160.00
alb,2011,134.00
alb,2012,113.00
alb,2013,97.000
alb,2014,85.000
alb,2015,77.000
alb,2016,70.000
alb,2017,64.000
alb,2018,58.000
alb,2019,53.000
alb,2020,47.000
alb,2021,41.000
alb,2022,36.000
alb,2023,32.000
alb,2024,28.000
and,1991,1.0000
and,1992,1.0000
and,1993,1.0000
and,1994,1.0000
and,1995,1.0000
and,1996,1.0000
and,1997,1.0000
and,1998,1.0000
and,1999,0.0000
and,2000,0.0000
and,2001,0.0000
and,2002,0.0000
and,2003,0.0000
and,2004,0.0000
and,2005,0.0000
and,2006,0.0000
and,2007,0.0000
and,2008,0.0000
and,2009,0.0000
and,2010,0.0000
and,2011,0.0000
and,2012,0.0000
and,2013,0.0000
and,2014,0.0000
and,2015,0.0000
and,2016,0.0000
and,2017,0.0000
and,2018,0.0000
and,2019,0.0000
and,2020,0.0000
and,2021,0.0000
and,2022,0.0000
and,2023,0.0000
and,2024,0.0000
are,1966,181.00
are,1967,174.00
are,1968,167.00
are,1969,158.00
are,1970,149.00
are,1971,140.00
are,1972,135.00
are,1973,132.00
are,1974,132.00
are,1975,132.00
are,1976,132.00
are,1977,131.00
are,1978,128.00
are,1979,127.00
are,1980,128.00
are,1981,131.00
are,1982,137.00
are,1983,141.00
are,1984,143.00
are,1985,143.00
are,1986,142.00
are,1987,140.00
are,1988,138.00
are,1989,136.00
are,1990,133.00
are,1991,131.00
are,1992,129.00
are,1993,127.00
are,1994,124.00
are,1995,121.00
are,1996,118.00
are,1997,114.00
are,1998,110.00
are,1999,105.00
are,2000,101.00
are,2001,101.00
are,2002,104.00
are,2003,108.00
are,2004,113.00
are,2005,116.00
are,2006,119.00
are,2007,121.00
are,2008,119.00
are,2009,116.00
are,2010,112.00
are,2011,110.00
are,2012,113.00
are,2013,117.00
are,2014,123.00
are,2015,128.00
are,2016,130.00
are,2017,130.00
are,2018,129.00
are,2019,125.00
are,2020,120.00
are,2021,113.00
are,2022,105.00
are,2023,97.000
are,2024,89.000
arg,1975,5824.0
arg,1976,5693.0
arg,1977,5498.0
arg,1978,5252.0
arg,1979,4944.0
arg,1980,4601.0
arg,1981,4246.0
arg,1982,3917.0
arg,1983,3625.0
arg,1984,3360.0
arg,1985,3130.0
arg,1986,2945.0
arg,1987,2817.0
arg,1988,2750.0
arg,1989,2721.0
arg,1990,2713.0
arg,1991,2707.0
arg,1992,2680.0
arg,1993,2629.0
arg,1994,2547.0
arg,1995,2458.0
arg,1996,2361.0
arg,1997,2255.0
arg,1998,2148.0
arg,1999,2041.0
arg,2000,1948.0
arg,2001,1875.0
arg,2002,1819.0
arg,2003,1775.0
arg,2004,1729.0
arg,2005,1676.0
arg,2006,1620.0
arg,2007,1575.0
arg,2008,1543.0
arg,2009,1512.0
arg,2010,1485.0
arg,2011,1456.0
arg,2012,1421.0
arg,2013,1385.0
arg,2014,1334.0
arg,2015,1282.0
arg,2016,1240.0
arg,2017,1204.0
arg,2018,1172.0
arg,2019,1135.0
arg,2020,1085.0
arg,2021,1018.0
arg,2022,928.00
arg,2023,831.00
arg,2024,737.00
arm,1982,295.00
arm,1983,299.00
arm,1984,302.00
arm,1985,301.00
arm,1986,300.00
arm,1987,299.00
arm,1988,296.00
arm,1989,2533.0
arm,1990,278.00
arm,1991,269.00
arm,1992,261.00
arm,1993,254.00
arm,1994,245.00
arm,1995,231.00
arm,1996,207.00
arm,1997,180.00
arm,1998,155.00
arm,1999,135.00
arm,2000,123.00
arm,2001,113.00
arm,2002,104.00
arm,2003,97.000
arm,2004,92.000
arm,2005,90.000
arm,2006,90.000
arm,2007,90.000
arm,2008,90.000
arm,2009,89.000
arm,2010,87.000
arm,2011,85.000
arm,2012,82.000
arm,2013,79.000
arm,2014,76.000
arm,2015,73.000
arm,2016,69.000
arm,2017,64.000
arm,2018,59.000
arm,2019,54.000
arm,2020,49.000
arm,2021,44.000
arm,2022,40.000
arm,2023,36.000
arm,2024,33.000
atg,1956,44.000
atg,1957,43.000
atg,1958,41.000
atg,1959,40.000
atg,1960,38.000
atg,1961,36.000
atg,1962,33.000
atg,1963,31.000
atg,1964,28.000
atg,1965,25.000
atg,1966,23.000
atg,1967,20.000
atg,1968,18.000
atg,1969,15.000
atg,1970,13.000
atg,1971,12.000
atg,1972,10.000
atg,1973,9.0000
atg,1974,8.0000
atg,1975,7.0000
atg,1976,6.0000
atg,1977,6.0000
atg,1978,5.0000
atg,1979,5.0000
atg,1980,4.0000
atg,1981,4.0000
atg,1982,4.0000
atg,1983,3.0000
atg,1984,3.0000
atg,1985,3.0000
atg,1986,3.0000
atg,1987,3.0000
atg,1988,3.0000
atg,1989,3.0000
atg,1990,3.0000
atg,1991,3.0000
atg,1992,3.0000
atg,1993,3.0000
atg,1994,3.0000
atg,1995,3.0000
atg,1996,3.0000
atg,1997,3.0000
atg,1998,3.0000
atg,1999,3.0000
atg,2000,3.0000
atg,2001,3.0000
atg,2002,3.0000
atg,2003,3.0000
atg,2004,3.0000
atg,2005,3.0000
atg,2006,3.0000
atg,2007,3.0000
atg,2008,3.0000
atg,2009,3.0000
atg,2010,3.0000
atg,2011,3.0000
atg,2012,3.0000
atg,2013,3.0000
atg,2014,3.0000
atg,2015,3.0000
atg,2016,2.0000
atg,2017,2.0000
atg,2018,2.0000
atg,2019,2.0000
atg,2020,2.0000
atg,2021,2.0000
atg,2022,2.0000
atg,2023,2.0000
atg,2024,2.0000
aus,1956,1053.0
aus,1957,1028.0
aus,1958,1001.0
aus,1959,979.00
aus,1960,962.00
aus,1961,948.00
aus,1962,932.00
aus,1963,918.00
aus,1964,904.00
aus,1965,887.00
aus,1966,870.00
aus,1967,846.00
aus,1968,823.00
aus,1969,810.00
aus,1970,806.00
aus,1971,812.00
aus,1972,821.00
aus,1973,831.00
aus,1974,830.00
aus,1975,803.00
aus,1976,757.00
aus,1977,696.00
aus,1978,627.00
aus,1979,572.00
aus,1980,529.00
aus,1981,496.00
aus,1982,475.00
aus,1983,464.00
aus,1984,460.00
aus,1985,459.00
aus,1986,456.00
aus,1987,449.00
aus,1988,439.00
aus,1989,425.00
aus,1990,409.00
aus,1991,392.00
aus,1992,376.00
aus,1993,361.00
aus,1994,348.00
aus,1995,336.00
aus,1996,323.00
aus,1997,311.00
aus,1998,300.00
aus,1999,289.00
aus,2000,278.00
aus,2001,269.00
aus,2002,261.00
aus,2003,253.00
aus,2004,247.00
aus,2005,242.00
aus,2006,236.00
aus,2007,231.00
aus,2008,227.00
aus,2009,223.00
aus,2010,220.00
aus,2011,216.00
aus,2012,209.00
aus,2013,201.00
aus,2014,192.00
aus,2015,184.00
aus,2016,179.00
aus,2017,175.00
aus,2018,173.00
aus,2019,171.00
aus,2020,170.00
aus,2021,169.00
aus,2022,165.00
aus,2023,161.00
aus,2024,154.00
aut,1956,697.00
aut,1957,677.00
aut,1958,667.00
aut,1959,661.00
aut,1960,653.00
aut,1961,640.00
aut,1962,621.00
aut,1963,601.00
aut,1964,587.00
aut,1965,574.00
aut,1966,560.00
aut,1967,543.00
aut,1968,525.00
aut,1969,509.00
aut,1970,496.00
aut,1971,485.00
aut,1972,469.00
aut,1973,442.00
aut,1974,406.00
aut,1975,364.00
aut,1976,323.00
aut,1977,287.00
aut,1978,256.00
aut,1979,233.00
aut,1980,215.00
aut,1981,201.00
aut,1982,193.00
aut,1983,189.00
aut,1984,187.00
aut,1985,183.00
aut,1986,176.00
aut,1987,165.00
aut,1988,154.00
aut,1989,145.00
aut,1990,138.00
aut,1991,133.00
aut,1992,128.00
aut,1993,123.00
aut,1994,118.00
aut,1995,112.00
aut,1996,106.00
aut,1997,99.000
aut,1998,92.000
aut,1999,87.000
aut,2000,82.000
aut,2001,77.000
aut,2002,73.000
aut,2003,70.000
aut,2004,67.000
aut,2005,64.000
aut,2006,62.000
aut,2007,61.000
aut,2008,59.000
aut,2009,57.000
aut,2010,56.000
aut,2011,54.000
aut,2012,52.000
aut,2013,50.000
aut,2014,49.000
aut,2015,47.000
aut,2016,46.000
aut,2017,46.000
aut,2018,46.000
aut,2019,47.000
aut,2020,46.000
aut,2021,46.000
aut,2022,44.000
aut,2023,42.000
aut,2024,39.000
aze,1988,3795.0
aze,1989,3773.0
aze,1990,3732.0
aze,1991,3699.0
aze,1992,3648.0
aze,1993,3580.0
aze,1994,3477.0
aze,1995,3315.0
aze,1996,3085.0
aze,1997,2785.0
aze,1998,2465.0
aze,1999,2164.0
aze,2000,1917.0
aze,2001,1702.0
aze,2002,1526.0
aze,2003,1370.0
aze,2004,1231.0
aze,2005,1131.0
aze,2006,1092.0
aze,2007,1103.0
aze,2008,1128.0
aze,2009,1153.0
aze,2010,1136.0
aze,2011,1084.0
aze,2012,1033.0
aze,2013,994.00
aze,2014,977.00
aze,2015,976.00
aze,2016,965.00
aze,2017,941.00
aze,2018,890.00
aze,2019,823.00
aze,2020,756.00
aze,2021,689.00
aze,2022,622.00
aze,2023,556.00
aze,2024,494.00
bdi,1971,18230
bdi,1972,18726
bdi,1973,27693
bdi,1974,19313
bdi,1975,19557
bdi,1976,19642
bdi,1977,19694
bdi,1978,19629
bdi,1979,19498
bdi,1980,19351
bdi,1981,19057
bdi,1982,18616
bdi,1983,18233
bdi,1984,17808
bdi,1985,17350
bdi,1986,17077
bdi,1987,16887
bdi,1988,16847
bdi,1989,16984
bdi,1990,17249
bdi,1991,17506
bdi,1992,17758
bdi,1993,17964
bdi,1994,22472
bdi,1995,18083
bdi,1996,17581
bdi,1997,16957
bdi,1998,16708
bdi,1999,16111
bdi,2000,15720
bdi,2001,15367
bdi,2002,14717
bdi,2003,14269
bdi,2004,14012
bdi,2005,13747
bdi,2006,13479
bdi,2007,13163
bdi,2008,12835
bdi,2009,12467
bdi,2010,12052
bdi,2011,11620
bdi,2012,11211
bdi,2013,10702
bdi,2014,10124
bdi,2015,9445.0
bdi,2016,8805.0
bdi,2017,8175.0
bdi,2018,7526.0
bdi,2019,6915.0
bdi,2020,6327.0
bdi,2021,5778.0
bdi,2022,5352.0
bdi,2023,4972.0
bdi,2024,4648.0
bel,1956,770.00
bel,1957,740.00
bel,1958,710.00
bel,1959,683.00
bel,1960,660.00
bel,1961,643.00
bel,1962,629.00
bel,1963,616.00
bel,1964,603.00
bel,1965,590.00
bel,1966,580.00
bel,1967,570.00
bel,1968,556.00
bel,1969,540.00
bel,1970,518.00
bel,1971,494.00
bel,1972,472.00
bel,1973,452.00
bel,1974,432.00
bel,1975,408.00
bel,1976,380.00
bel,1977,351.00
bel,1978,325.00
bel,1979,306.00
bel,1980,292.00
bel,1981,282.00
bel,1982,273.00
bel,1983,264.00
bel,1984,253.00
bel,1985,242.00
bel,1986,229.00
bel,1987,218.00
bel,1988,208.00
bel,1989,201.00
bel,1990,195.00
bel,1991,190.00
bel,1992,186.00
bel,1993,181.00
bel,1994,174.00
bel,1995,165.00
bel,1996,154.00
bel,1997,143.00
bel,1998,132.00
bel,1999,125.00
bel,2000,120.00
bel,2001,115.00
bel,2002,112.00
bel,2003,109.00
bel,2004,105.00
bel,2005,102.00
bel,2006,100.00
bel,2007,98.000
bel,2008,96.000
bel,2009,96.000
bel,2010,95.000
bel,2011,94.000
bel,2012,93.000
bel,2013,92.000
bel,2014,90.000
bel,2015,87.000
bel,2016,85.000
bel,2017,82.000
bel,2018,80.000
bel,2019,77.000
bel,2020,74.000
bel,2021,71.000
bel,2022,67.000
bel,2023,63.000
bel,2024,59.000
ben,1956,14187
ben,1957,14224
ben,1958,14291
ben,1959,14358
ben,1960,14449
ben,1961,14545
ben,1962,14652
ben,1963,14783
ben,1964,14928
ben,1965,15071
ben,1966,15202
ben,1967,15289
ben,1968,15364
ben,1969,15426
ben,1970,15451
ben,1971,15473
ben,1972,15484
ben,1973,15485
ben,1974,15490
ben,1975,15469
ben,1976,15435
ben,1977,15386
ben,1978,15343
ben,1979,15304
ben,1980,15309
ben,1981,15340
ben,1982,15444
ben,1983,15586
ben,1984,15728
ben,1985,15834
ben,1986,15875
ben,1987,15877
ben,1988,15843
ben,1989,15799
ben,1990,15749
ben,1991,15664
ben,1992,15558
ben,1993,15449
ben,1994,15331
ben,1995,15231
ben,1996,15268
ben,1997,15356
ben,1998,15360
ben,1999,15331
ben,2000,15204
ben,2001,15038
ben,2002,14939
ben,2003,14855
ben,2004,14769
ben,2005,14722
ben,2006,14706
ben,2007,14743
ben,2008,14818
ben,2009,14905
ben,2010,14963
ben,2011,14991
ben,2012,14947
ben,2013,14920
ben,2014,14901
ben,2015,14896
ben,2016,14903
ben,2017,14836
ben,2018,14694
ben,2019,14387
ben,2020,13887
ben,2021,13238
ben,2022,12524
ben,2023,11769
ben,2024,11047
bfa,1956,30556
bfa,1957,30616
bfa,1958,30698
bfa,1959,30694
bfa,1960,30723
bfa,1961,30889
bfa,1962,31113
bfa,1963,31331
bfa,1964,31668
bfa,1965,32114
bfa,1966,32583
bfa,1967,33144
bfa,1968,33726
bfa,1969,34361
bfa,1970,34898
bfa,1971,35376
bfa,1972,35681
bfa,1973,35776
bfa,1974,35608
bfa,1975,35245
bfa,1976,34699
bfa,1977,34113
bfa,1978,33612
bfa,1979,33229
bfa,1980,33105
bfa,1981,33180
bfa,1982,33444
bfa,1983,33723
bfa,1984,33997
bfa,1985,34178
bfa,1986,34366
bfa,1987,34553
bfa,1988,34815
bfa,1989,35161
bfa,1990,35574
bfa,1991,36100
bfa,1992,36749
bfa,1993,37473
bfa,1994,38210
bfa,1995,38810
bfa,1996,39194
bfa,1997,39418
bfa,1998,39549
bfa,1999,39689
bfa,2000,39736
bfa,2001,39656
bfa,2002,39508
bfa,2003,39195
bfa,2004,38720
bfa,2005,38102
bfa,2006,37300
bfa,2007,36313
bfa,2008,35331
bfa,2009,34397
bfa,2010,33481
bfa,2011,32530
bfa,2012,31492
bfa,2013,30333
bfa,2014,29091
bfa,2015,27838
bfa,2016,26520
bfa,2017,25248
bfa,2018,23844
bfa,2019,22447
bfa,2020,20859
bfa,2021,19290
bfa,2022,17630
bfa,2023,16188
bfa,2024,14951
bgd,1957,164710
bgd,1958,166970
bgd,1959,169390
bgd,1960,171910
bgd,1961,174500
bgd,1962,177630
bgd,1963,181080
bgd,1964,184680
bgd,1965,188420
bgd,1966,192300
bgd,1967,196280
bgd,1968,201000
bgd,1969,207000
bgd,1970,214160
bgd,1971,308660
bgd,1972,517190
bgd,1973,228840
bgd,1974,238160
bgd,1975,247640
bgd,1976,255940
bgd,1977,263180
bgd,1978,265990
bgd,1979,266780
bgd,1980,265710
bgd,1981,264030
bgd,1982,261840
bgd,1983,259020
bgd,1984,255120
bgd,1985,249250
bgd,1986,241920
bgd,1987,233330
bgd,1988,223290
bgd,1989,212660
bgd,1990,201590
bgd,1991,190350
bgd,1992,179650
bgd,1993,168460
bgd,1994,157020
bgd,1995,145630
bgd,1996,134770
bgd,1997,124840
bgd,1998,115790
bgd,1999,107870
bgd,2000,100670
bgd,2001,94003
bgd,2002,87803
bgd,2003,81836
bgd,2004,75998
bgd,2005,70329
bgd,2006,64840
bgd,2007,59494
bgd,2008,54417
bgd,2009,49748
bgd,2010,45519
bgd,2011,41724
bgd,2012,38223
bgd,2013,34925
bgd,2014,31969
bgd,2015,29399
bgd,2016,27228
bgd,2017,25380
bgd,2018,23790
bgd,2019,22416
bgd,2020,21359
bgd,2021,20707
bgd,2022,20446
bgd,2023,20295
bgd,2024,19944
bgr,1956,2691.0
bgr,1957,2365.0
bgr,1958,2058.0
bgr,1959,1762.0
bgr,1960,1494.0
bgr,1961,1269.0
bgr,1962,1095.0
bgr,1963,969.00
bgr,1964,881.00
bgr,1965,818.00
bgr,1966,777.00
bgr,1967,741.00
bgr,1968,703.00
bgr,1969,663.00
bgr,1970,634.00
bgr,1971,621.00
bgr,1972,613.00
bgr,1973,609.00
bgr,1974,603.00
bgr,1975,595.00
bgr,1976,601.00
bgr,1977,612.00
bgr,1978,619.00
bgr,1979,617.00
bgr,1980,599.00
bgr,1981,579.00
bgr,1982,560.00
bgr,1983,538.00
bgr,1984,519.00
bgr,1985,497.00
bgr,1986,474.00
bgr,1987,451.00
bgr,1988,433.00
bgr,1989,426.00
bgr,1990,424.00
bgr,1991,430.00
bgr,1992,431.00
bgr,1993,420.00
bgr,1994,395.00
bgr,1995,361.00
bgr,1996,333.00
bgr,1997,308.00
bgr,1998,282.00
bgr,1999,255.00
bgr,2000,227.00
bgr,2001,209.00
bgr,2002,197.00
bgr,2003,186.00
bgr,2004,176.00
bgr,2005,163.00
bgr,2006,150.00
bgr,2007,139.00
bgr,2008,134.00
bgr,2009,133.00
bgr,2010,132.00
bgr,2011,132.00
bgr,2012,128.00
bgr,2013,121.00
bgr,2014,112.00
bgr,2015,100.00
bgr,2016,91.000
bgr,2017,84.000
bgr,2018,79.000
bgr,2019,75.000
bgr,2020,71.000
bgr,2021,68.000
bgr,2022,66.000
bgr,2023,63.000
bgr,2024,61.000
bhr,1961,234.00
bhr,1962,219.00
bhr,1963,205.00
bhr,1964,190.00
bhr,1965,175.00
bhr,1966,161.00
bhr,1967,147.00
bhr,1968,133.00
bhr,1969,120.00
bhr,1970,108.00
bhr,1971,96.000
bhr,1972,85.000
bhr,1973,74.000
bhr,1974,64.000
bhr,1975,56.000
bhr,1976,51.000
bhr,1977,47.000
bhr,1978,45.000
bhr,1979,43.000
bhr,1980,41.000
bhr,1981,39.000
bhr,1982,37.000
bhr,1983,36.000
bhr,1984,35.000
bhr,1985,34.000
bhr,1986,34.000
bhr,1987,34.000
bhr,1988,35.000
bhr,1989,36.000
bhr,1990,37.000
bhr,1991,39.000
bhr,1992,39.000
bhr,1993,39.000
bhr,1994,39.000
bhr,1995,37.000
bhr,1996,34.000
bhr,1997,32.000
bhr,1998,29.000
bhr,1999,27.000
bhr,2000,26.000
bhr,2001,25.000
bhr,2002,25.000
bhr,2003,24.000
bhr,2004,24.000
bhr,2005,25.000
bhr,2006,25.000
bhr,2007,26.000
bhr,2008,27.000
bhr,2009,27.000
bhr,2010,27.000
bhr,2011,26.000
bhr,2012,25.000
bhr,2013,25.000
bhr,2014,24.000
bhr,2015,24.000
bhr,2016,24.000
bhr,2017,25.000
bhr,2018,26.000
bhr,2019,26.000
bhr,2020,27.000
bhr,2021,27.000
bhr,2022,27.000
bhr,2023,26.000
bhr,2024,26.000
bhs,1974,26.000
bhs,1975,26.000
bhs,1976,26.000
bhs,1977,25.000
bhs,1978,25.000
bhs,1979,24.000
bhs,1980,23.000
bhs,1981,23.000
bhs,1982,23.000
bhs,1983,22.000
bhs,1984,22.000
bhs,1985,22.000
bhs,1986,22.000
bhs,1987,22.000
bhs,1988,21.000
bhs,1989,21.000
bhs,1990,20.000
bhs,1991,20.000
bhs,1992,20.000
bhs,1993,19.000
bhs,1994,19.000
bhs,1995,18.000
bhs,1996,18.000
bhs,1997,17.000
bhs,1998,16.000
bhs,1999,15.000
bhs,2000,15.000
bhs,2001,14.000
bhs,2002,14.000
bhs,2003,13.000
bhs,2004,13.000
bhs,2005,13.000
bhs,2006,12.000
bhs,2007,12.000
bhs,2008,12.000
bhs,2009,11.000
bhs,2010,11.000
bhs,2011,11.000
bhs,2012,10.000
bhs,2013,10.000
bhs,2014,9.0000
bhs,2015,9.0000
bhs,2016,8.0000
bhs,2017,8.0000
bhs,2018,7.0000
bhs,2019,7.0000
bhs,2020,33.000
bhs,2021,6.0000
bhs,2022,5.0000
bhs,2023,5.0000
bhs,2024,5.0000
bih,1990,165.00
bih,1991,151.00
bih,1992,138.00
bih,1993,1881.0
bih,1994,1872.0
bih,1995,103.00
bih,1996,300.00
bih,1997,76.000
bih,1998,65.000
bih,1999,58.000
bih,2000,56.000
bih,2001,54.000
bih,2002,51.000
bih,2003,47.000
bih,2004,43.000
bih,2005,40.000
bih,2006,38.000
bih,2007,37.000
bih,2008,36.000
bih,2009,35.000
bih,2010,33.000
bih,2011,32.000
bih,2012,31.000
bih,2013,30.000
bih,2014,28.000
bih,2015,27.000
bih,2016,26.000
bih,2017,25.000
bih,2018,24.000
bih,2019,23.000
bih,2020,23.000
bih,2021,22.000
bih,2022,21.000
bih,2023,19.000
bih,2024,17.000
blr,1964,1139.0
blr,1965,1039.0
blr,1966,928.00
blr,1967,825.00
blr,1968,737.00
blr,1969,669.00
blr,1970,621.00
blr,1971,590.00
blr,1972,569.00
blr,1973,557.00
blr,1974,554.00
blr,1975,555.00
blr,1976,558.00
blr,1977,559.00
blr,1978,556.00
blr,1979,557.00
blr,1980,557.00
blr,1981,554.00
blr,1982,550.00
blr,1983,544.00
blr,1984,538.00
blr,1985,539.00
blr,1986,540.00
blr,1987,536.00
blr,1988,528.00
blr,1989,514.00
blr,1990,497.00
blr,1991,483.00
blr,1992,469.00
blr,1993,452.00
blr,1994,434.00
blr,1995,413.00
blr,1996,390.00
blr,1997,365.00
blr,1998,336.00
blr,1999,305.00
blr,2000,277.00
blr,2001,253.00
blr,2002,234.00
blr,2003,218.00
blr,2004,203.00
blr,2005,189.00
blr,2006,174.00
blr,2007,160.00
blr,2008,148.00
blr,2009,140.00
blr,2010,134.00
blr,2011,130.00
blr,2012,125.00
blr,2013,120.00
blr,2014,115.00
blr,2015,111.00
blr,2016,107.00
blr,2017,103.00
blr,2018,97.000
blr,2019,87.000
blr,2020,76.000
blr,2021,64.000
blr,2022,52.000
blr,2023,44.000
blr,2024,37.000
blz,1973,80.000
blz,1974,78.000
blz,1975,78.000
blz,1976,77.000
blz,1977,76.000
blz,1978,75.000
blz,1979,74.000
blz,1980,73.000
blz,1981,72.000
blz,1982,71.000
blz,1983,69.000
blz,1984,67.000
blz,1985,65.000
blz,1986,62.000
blz,1987,59.000
blz,1988,55.000
blz,1989,52.000
blz,1990,49.000
blz,1991,47.000
blz,1992,45.000
blz,1993,43.000
blz,1994,41.000
blz,1995,39.000
blz,1996,36.000
blz,1997,34.000
blz,1998,33.000
blz,1999,31.000
blz,2000,31.000
blz,2001,30.000
blz,2002,30.000
blz,2003,30.000
blz,2004,29.000
blz,2005,28.000
blz,2006,28.000
blz,2007,27.000
blz,2008,26.000
blz,2009,25.000
blz,2010,24.000
blz,2011,23.000
blz,2012,22.000
blz,2013,20.000
blz,2014,19.000
blz,2015,19.000
blz,2016,18.000
blz,2017,17.000
blz,2018,17.000
blz,2019,16.000
blz,2020,15.000
blz,2021,15.000
blz,2022,14.000
blz,2023,13.000
blz,2024,12.000
bol,1966,13373
bol,1967,13256
bol,1968,13118
bol,1969,12977
bol,1970,12820
bol,1971,12649
bol,1972,12452
bol,1973,12231
bol,1974,11991
bol,1975,11739
bol,1976,11474
bol,1977,11204
bol,1978,10949
bol,1979,10723
bol,1980,10508
bol,1981,10295
bol,1982,10077
bol,1983,9846.0
bol,1984,9588.0
bol,1985,9305.0
bol,1986,9001.0
bol,1987,8677.0
bol,1988,8347.0
bol,1989,8026.0
bol,1990,7700.0
bol,1991,7383.0
bol,1992,7064.0
bol,1993,6736.0
bol,1994,6383.0
bol,1995,6009.0
bol,1996,5632.0
bol,1997,5247.0
bol,1998,4874.0
bol,1999,4513.0
bol,2000,4171.0
bol,2001,3850.0
bol,2002,3545.0
bol,2003,3253.0
bol,2004,2985.0
bol,2005,2726.0
bol,2006,2488.0
bol,2007,2275.0
bol,2008,2087.0
bol,2009,1917.0
bol,2010,1759.0
bol,2011,1617.0
bol,2012,1476.0
bol,2013,1344.0
bol,2014,1219.0
bol,2015,1110.0
bol,2016,1014.0
bol,2017,930.00
bol,2018,859.00
bol,2019,792.00
bol,2020,730.00
bol,2021,673.00
bol,2022,620.00
bol,2023,574.00
bol,2024,531.00
bra,1956,120420
bra,1957,120090
bra,1958,119700
bra,1959,118880
bra,1960,118260
bra,1961,117280
bra,1962,116270
bra,1963,114780
bra,1964,112920
bra,1965,111080
bra,1966,108850
bra,1967,106290
bra,1968,103480
bra,1969,100170
bra,1970,96541
bra,1971,92912
bra,1972,89551
bra,1973,86632
bra,1974,84038
bra,1975,81751
bra,1976,79279
bra,1977,76665
bra,1978,74270
bra,1979,71613
bra,1980,68914
bra,1981,66183
bra,1982,63477
bra,1983,60664
bra,1984,57894
bra,1985,55240
bra,1986,52690
bra,1987,50043
bra,1988,47497
bra,1989,44959
bra,1990,42406
bra,1991,39765
bra,1992,36990
bra,1993,34177
bra,1994,31421
bra,1995,28877
bra,1996,26537
bra,1997,24474
bra,1998,22629
bra,1999,20915
bra,2000,19356
bra,2001,17862
bra,2002,16410
bra,2003,14981
bra,2004,13598
bra,2005,12321
bra,2006,11199
bra,2007,10284
bra,2008,9541.0
bra,2009,8909.0
bra,2010,8379.0
bra,2011,7911.0
bra,2012,7504.0
bra,2013,7156.0
bra,2014,6855.0
bra,2015,6602.0
bra,2016,6382.0
bra,2017,6212.0
bra,2018,6033.0
bra,2019,5866.0
bra,2020,5716.0
bra,2021,5532.0
bra,2022,5315.0
bra,2023,5054.0
bra,2024,4767.0
brb,1956,179.00
brb,1957,161.00
brb,1958,141.00
brb,1959,124.00
brb,1960,111.00
brb,1961,100.00
brb,1962,93.000
brb,1963,87.000
brb,1964,80.000
brb,1965,75.000
brb,1966,69.000
brb,1967,65.000
brb,1968,61.000
brb,1969,56.000
brb,1970,51.000
brb,1971,46.000
brb,1972,41.000
brb,1973,37.000
brb,1974,33.000
brb,1975,30.000
brb,1976,27.000
brb,1977,24.000
brb,1978,21.000
brb,1979,18.000
brb,1980,16.000
brb,1981,14.000
brb,1982,12.000
brb,1983,11.000
brb,1984,11.000
brb,1985,10.000
brb,1986,10.000
brb,1987,9.0000
brb,1988,9.0000
brb,1989,8.0000
brb,1990,8.0000
brb,1991,7.0000
brb,1992,7.0000
brb,1993,6.0000
brb,1994,6.0000
brb,1995,6.0000
brb,1996,6.0000
brb,1997,5.0000
brb,1998,5.0000
brb,1999,5.0000
brb,2000,5.0000
brb,2001,5.0000
brb,2002,5.0000
brb,2003,5.0000
brb,2004,5.0000
brb,2005,5.0000
brb,2006,5.0000
brb,2007,5.0000
brb,2008,4.0000
brb,2009,4.0000
brb,2010,4.0000
brb,2011,4.0000
brb,2012,4.0000
brb,2013,3.0000
brb,2014,3.0000
brb,2015,3.0000
brb,2016,3.0000
brb,2017,3.0000
brb,2018,2.0000
brb,2019,2.0000
brb,2020,2.0000
brb,2021,2.0000
brb,2022,2.0000
brb,2023,2.0000
brb,2024,1.0000
brn,1956,103.00
brn,1957,101.00
brn,1958,99.000
brn,1959,97.000
brn,1960,95.000
brn,1961,93.000
brn,1962,91.000
brn,1963,89.000
brn,1964,85.000
brn,1965,81.000
brn,1966,77.000
brn,1967,74.000
brn,1968,70.000
brn,1969,67.000
brn,1970,65.000
brn,1971,62.000
brn,1972,58.000
brn,1973,55.000
brn,1974,52.000
brn,1975,49.000
brn,1976,46.000
brn,1977,43.000
brn,1978,39.000
brn,1979,36.000
brn,1980,33.000
brn,1981,30.000
brn,1982,28.000
brn,1983,26.000
brn,1984,24.000
brn,1985,22.000
brn,1986,21.000
brn,1987,21.000
brn,1988,20.000
brn,1989,20.000
brn,1990,20.000
brn,1991,20.000
brn,1992,20.000
brn,1993,20.000
brn,1994,19.000
brn,1995,19.000
brn,1996,18.000
brn,1997,16.000
brn,1998,15.000
brn,1999,14.000
brn,2000,13.000
brn,2001,12.000
brn,2002,12.000
brn,2003,11.000
brn,2004,11.000
brn,2005,10.000
brn,2006,10.000
brn,2007,10.000
brn,2008,9.0000
brn,2009,9.0000
brn,2010,9.0000
brn,2011,9.0000
brn,2012,9.0000
brn,2013,9.0000
brn,2014,9.0000
brn,2015,9.0000
brn,2016,9.0000
brn,2017,9.0000
brn,2018,9.0000
brn,2019,9.0000
brn,2020,8.0000
brn,2021,8.0000
brn,2022,7.0000
brn,2023,7.0000
brn,2024,6.0000
btn,1974,816.00
btn,1975,816.00
btn,1976,814.00
btn,1977,811.00
btn,1978,809.00
btn,1979,803.00
btn,1980,795.00
btn,1981,787.00
btn,1982,777.00
btn,1983,764.00
btn,1984,747.00
btn,1985,729.00
btn,1986,709.00
btn,1987,687.00
btn,1988,666.00
btn,1989,646.00
btn,1990,627.00
btn,1991,608.00
btn,1992,588.00
btn,1993,567.00
btn,1994,543.00
btn,1995,508.00
btn,1996,466.00
btn,1997,422.00
btn,1998,375.00
btn,1999,334.00
btn,2000,300.00
btn,2001,271.00
btn,2002,245.00
btn,2003,222.00
btn,2004,201.00
btn,2005,182.00
btn,2006,164.00
btn,2007,148.00
btn,2008,135.00
btn,2009,122.00
btn,2010,111.00
btn,2011,99.000
btn,2012,88.000
btn,2013,79.000
btn,2014,70.000
btn,2015,63.000
btn,2016,57.000
btn,2017,51.000
btn,2018,46.000
btn,2019,41.000
btn,2020,36.000
btn,2021,32.000
btn,2022,29.000
btn,2023,26.000
btn,2024,24.000
bwa,1960,984.00
bwa,1961,970.00
bwa,1962,948.00
bwa,1963,922.00
bwa,1964,889.00
bwa,1965,858.00
bwa,1966,827.00
bwa,1967,801.00
bwa,1968,777.00
bwa,1969,750.00
bwa,1970,716.00
bwa,1971,677.00
bwa,1972,637.00
bwa,1973,596.00
bwa,1974,558.00
bwa,1975,525.00
bwa,1976,498.00
bwa,1977,476.00
bwa,1978,458.00
bwa,1979,439.00
bwa,1980,419.00
bwa,1981,400.00
bwa,1982,381.00
bwa,1983,362.00
bwa,1984,344.00
bwa,1985,326.00
bwa,1986,310.00
bwa,1987,300.00
bwa,1988,300.00
bwa,1989,317.00
bwa,1990,353.00
bwa,1991,411.00
bwa,1992,498.00
bwa,1993,609.00
bwa,1994,745.00
bwa,1995,895.00
bwa,1996,950.00
bwa,1997,1066.0
bwa,1998,1133.0
bwa,1999,1182.0
bwa,2000,1255.0
bwa,2001,1316.0
bwa,2002,1355.0
bwa,2003,1351.0
bwa,2004,1307.0
bwa,2005,1200.0
bwa,2006,1034.0
bwa,2007,774.00
bwa,2008,552.00
bwa,2009,438.00
bwa,2010,332.00
bwa,2011,212.00
bwa,2012,192.00
bwa,2013,187.00
bwa,2014,130.00
bwa,2015,102.00
bwa,2016,87.000
bwa,2017,72.000
bwa,2018,66.000
bwa,2019,72.000
bwa,2020,69.000
bwa,2021,61.000
bwa,2022,42.000
bwa,2023,33.000
bwa,2024,30.000
caf,1965,6989.0
caf,1966,6970.0
caf,1967,6955.0
caf,1968,6945.0
caf,1969,6948.0
caf,1970,6953.0
caf,1971,6958.0
caf,1972,6962.0
caf,1973,6933.0
caf,1974,6903.0
caf,1975,6846.0
caf,1976,6764.0
caf,1977,6686.0
caf,1978,6637.0
caf,1979,6618.0
caf,1980,6634.0
caf,1981,6687.0
caf,1982,6761.0
caf,1983,6856.0
caf,1984,6953.0
caf,1985,7057.0
caf,1986,7166.0
caf,1987,7284.0
caf,1988,7408.0
caf,1989,7557.0
caf,1990,7713.0
caf,1991,7866.0
caf,1992,8020.0
caf,1993,8195.0
caf,1994,8348.0
caf,1995,8518.0
caf,1996,8673.0
caf,1997,8807.0
caf,1998,8926.0
caf,1999,9011.0
caf,2000,9050.0
caf,2001,9043.0
caf,2002,8989.0
caf,2003,8931.0
caf,2004,8831.0
caf,2005,8746.0
caf,2006,8634.0
caf,2007,8507.0
caf,2008,8375.0
caf,2009,8254.0
caf,2010,50400
caf,2011,9435.0
caf,2012,7414.0
caf,2013,7438.0
caf,2014,8942.0
caf,2015,14920
caf,2016,7252.0
caf,2017,8516.0
caf,2018,11257
caf,2019,7676.0
caf,2020,21238
caf,2021,7830.0
caf,2022,12983
caf,2023,37328
caf,2024,4846.0
can,1956,2185.0
can,1957,2178.0
can,1958,2163.0
can,1959,2144.0
can,1960,2120.0
can,1961,2091.0
can,1962,2058.0
can,1963,2009.0
can,1964,1945.0
can,1965,1869.0
can,1966,1784.0
can,1967,1685.0
can,1968,1567.0
can,1969,1440.0
can,1970,1319.0
can,1971,1223.0
can,1972,1157.0
can,1973,1108.0
can,1974,1057.0
can,1975,1001.0
can,1976,944.00
can,1977,896.00
can,1978,858.00
can,1979,825.00
can,1980,795.00
can,1981,762.00
can,1982,729.00
can,1983,699.00
can,1984,673.00
can,1985,651.00
can,1986,631.00
can,1987,613.00
can,1988,593.00
can,1989,571.00
can,1990,548.00
can,1991,529.00
can,1992,515.00
can,1993,504.00
can,1994,491.00
can,1995,474.00
can,1996,451.00
can,1997,425.00
can,1998,400.00
can,1999,375.00
can,2000,353.00
can,2001,333.00
can,2002,316.00
can,2003,304.00
can,2004,294.00
can,2005,286.00
can,2006,280.00
can,2007,275.00
can,2008,272.00
can,2009,271.00
can,2010,271.00
can,2011,273.00
can,2012,273.00
can,2013,270.00
can,2014,266.00
can,2015,262.00
can,2016,258.00
can,2017,255.00
can,2018,252.00
can,2019,248.00
can,2020,244.00
can,2021,240.00
can,2022,234.00
can,2023,229.00
can,2024,221.00
che,1956,474.00
che,1957,453.00
che,1958,438.00
che,1959,429.00
che,1960,425.00
che,1961,425.00
che,1962,424.00
che,1963,420.00
che,1964,416.00
che,1965,415.00
che,1966,415.00
che,1967,413.00
che,1968,406.00
che,1969,394.00
che,1970,376.00
che,1971,355.00
che,1972,333.00
che,1973,310.00
che,1974,286.00
che,1975,260.00
che,1976,235.00
che,1977,211.00
che,1978,189.00
che,1979,171.00
che,1980,156.00
che,1981,145.00
che,1982,138.00
che,1983,133.00
che,1984,130.00
che,1985,128.00
che,1986,126.00
che,1987,125.00
che,1988,123.00
che,1989,121.00
che,1990,119.00
che,1991,117.00
che,1992,114.00
che,1993,110.00
che,1994,106.00
che,1995,100.00
che,1996,95.000
che,1997,89.000
che,1998,85.000
che,1999,81.000
che,2000,78.000
che,2001,74.000
che,2002,71.000
che,2003,67.000
che,2004,62.000
che,2005,58.000
che,2006,55.000
che,2007,52.000
che,2008,50.000
che,2009,48.000
che,2010,47.000
che,2011,46.000
che,2012,45.000
che,2013,45.000
che,2014,44.000
che,2015,44.000
che,2016,43.000
che,2017,43.000
che,2018,42.000
che,2019,42.000
che,2020,41.000
che,2021,40.000
che,2022,39.000
che,2023,38.000
che,2024,37.000
chl,1960,8155.0
chl,1961,7958.0
chl,1962,7584.0
chl,1963,7134.0
chl,1964,6674.0
chl,1965,6079.0
chl,1966,5398.0
chl,1967,4717.0
chl,1968,4167.0
chl,1969,3804.0
chl,1970,3545.0
chl,1971,3383.0
chl,1972,3264.0
chl,1973,3154.0
chl,1974,3032.0
chl,1975,2820.0
chl,1976,2519.0
chl,1977,2172.0
chl,1978,1855.0
chl,1979,1608.0
chl,1980,1415.0
chl,1981,1276.0
chl,1982,1164.0
chl,1983,1067.0
chl,1984,988.00
chl,1985,931.00
chl,1986,920.00
chl,1987,933.00
chl,1988,943.00
chl,1989,936.00
chl,1990,908.00
chl,1991,868.00
chl,1992,818.00
chl,1993,762.00
chl,1994,707.00
chl,1995,653.00
chl,1996,611.00
chl,1997,576.00
chl,1998,550.00
chl,1999,527.00
chl,2000,496.00
chl,2001,458.00
chl,2002,417.00
chl,2003,384.00
chl,2004,362.00
chl,2005,344.00
chl,2006,328.00
chl,2007,312.00
chl,2008,300.00
chl,2009,294.00
chl,2010,291.00
chl,2011,287.00
chl,2012,283.00
chl,2013,277.00
chl,2014,270.00
chl,2015,262.00
chl,2016,255.00
chl,2017,247.00
chl,2018,237.00
chl,2019,224.00
chl,2020,210.00
chl,2021,199.00
chl,2022,189.00
chl,2023,184.00
chl,2024,182.00
chn,1975,571400
chn,1976,508640
chn,1977,445010
chn,1978,385540
chn,1979,332600
chn,1980,288130
chn,1981,259280
chn,1982,241310
chn,1983,232630
chn,1984,231240
chn,1985,229800
chn,1986,227030
chn,1987,227810
chn,1988,230080
chn,1989,238360
chn,1990,248440
chn,1991,254160
chn,1992,256420
chn,1993,246980
chn,1994,227840
chn,1995,205740
chn,1996,181080
chn,1997,160920
chn,1998,147400
chn,1999,135420
chn,2000,123960
chn,2001,113050
chn,2002,103550
chn,2003,94707
chn,2004,86275
chn,2005,78673
chn,2006,71560
chn,2007,65671
chn,2008,61368
chn,2009,58069
chn,2010,55633
chn,2011,53479
chn,2012,51424
chn,2013,49159
chn,2014,47331
chn,2015,45380
chn,2016,43468
chn,2017,41467
chn,2018,39133
chn,2019,37076
chn,2020,34508
chn,2021,31536
chn,2022,27944
chn,2023,23438
chn,2024,19309
civ,1962,18022
civ,1963,18219
civ,1964,18425
civ,1965,18664
civ,1966,18856
civ,1967,19046
civ,1968,19235
civ,1969,19391
civ,1970,19508
civ,1971,19570
civ,1972,19616
civ,1973,19624
civ,1974,19595
civ,1975,19600
civ,1976,19572
civ,1977,19541
civ,1978,19516
civ,1979,19502
civ,1980,19432
civ,1981,19407
civ,1982,19428
civ,1983,19540
civ,1984,19790
civ,1985,20192
civ,1986,20738
civ,1987,21409
civ,1988,22218
civ,1989,23128
civ,1990,24047
civ,1991,25218
civ,1992,26376
civ,1993,27451
civ,1994,28478
civ,1995,29331
civ,1996,30015
civ,1997,30548
civ,1998,31048
civ,1999,31436
civ,2000,31883
civ,2001,32258
civ,2002,32458
civ,2003,32411
civ,2004,32054
civ,2005,31529
civ,2006,30883
civ,2007,30004
civ,2008,29281
civ,2009,28199
civ,2010,27312
civ,2011,26395
civ,2012,25788
civ,2013,25416
civ,2014,24841
civ,2015,24103
civ,2016,23303
civ,2017,22605
civ,2018,21934
civ,2019,20976
civ,2020,20026
civ,2021,19094
civ,2022,18197
civ,2023,17163
civ,2024,16191
cmr,1960,19269
cmr,1961,19407
cmr,1962,19683
cmr,1963,20013
cmr,1964,20291
cmr,1965,20540
cmr,1966,20666
cmr,1967,20649
cmr,1968,20556
cmr,1969,20408
cmr,1970,20248
cmr,1971,20156
cmr,1972,20087
cmr,1973,20229
cmr,1974,20578
cmr,1975,21022
cmr,1976,21572
cmr,1977,22145
cmr,1978,22601
cmr,1979,22942
cmr,1980,23166
cmr,1981,23307
cmr,1982,23331
cmr,1983,23255
cmr,1984,23181
cmr,1985,22974
cmr,1986,22673
cmr,1987,22398
cmr,1988,22248
cmr,1989,22474
cmr,1990,23034
cmr,1991,23873
cmr,1992,24902
cmr,1993,26033
cmr,1994,27211
cmr,1995,28403
cmr,1996,29483
cmr,1997,30413
cmr,1998,31117
cmr,1999,31654
cmr,2000,32013
cmr,2001,32296
cmr,2002,32403
cmr,2003,32382
cmr,2004,32332
cmr,2005,32257
cmr,2006,32248
cmr,2007,32223
cmr,2008,32130
cmr,2009,31889
cmr,2010,31391
cmr,2011,30914
cmr,2012,29995
cmr,2013,29022
cmr,2014,28047
cmr,2015,26820
cmr,2016,25749
cmr,2017,24712
cmr,2018,23978
cmr,2019,23235
cmr,2020,22356
cmr,2021,21433
cmr,2022,20248
cmr,2023,18936
cmr,2024,17812
cod,1975,88887
cod,1976,90049
cod,1977,90937
cod,1978,91706
cod,1979,92465
cod,1980,93132
cod,1981,94141
cod,1982,95639
cod,1983,97386
cod,1984,99524
cod,1985,101770
cod,1986,103860
cod,1987,106030
cod,1988,108470
cod,1989,111060
cod,1990,113300
cod,1991,115160
cod,1992,116840
cod,1993,118450
cod,1994,120310
cod,1995,122210
cod,1996,124520
cod,1997,127500
cod,1998,130480
cod,1999,131840
cod,2000,131640
cod,2001,130080
cod,2002,128040
cod,2003,126420
cod,2004,125110
cod,2005,123260
cod,2006,120940
cod,2007,118180
cod,2008,115390
cod,2009,112920
cod,2010,110010
cod,2011,107220
cod,2012,104090
cod,2013,101030
cod,2014,98046
cod,2015,94890
cod,2016,91744
cod,2017,88531
cod,2018,85177
cod,2019,81881
cod,2020,78564
cod,2021,75720
cod,2022,72649
cod,2023,69438
cod,2024,66547
cog,1956,4216.0
cog,1957,4075.0
cog,1958,3940.0
cog,1959,3791.0
cog,1960,3678.0
cog,1961,3580.0
cog,1962,3482.0
cog,1963,3400.0
cog,1964,3319.0
cog,1965,3232.0
cog,1966,3153.0
cog,1967,3078.0
cog,1968,3000.0
cog,1969,2919.0
cog,1970,2846.0
cog,1971,2771.0
cog,1972,2711.0
cog,1973,2673.0
cog,1974,2653.0
cog,1975,2639.0
cog,1976,2623.0
cog,1977,2614.0
cog,1978,2613.0
cog,1979,2613.0
cog,1980,2612.0
cog,1981,2606.0
cog,1982,2590.0
cog,1983,2570.0
cog,1984,2540.0
cog,1985,2506.0
cog,1986,2471.0
cog,1987,2444.0
cog,1988,2444.0
cog,1989,2469.0
cog,1990,2516.0
cog,1991,2593.0
cog,1992,2704.0
cog,1993,2849.0
cog,1994,3007.0
cog,1995,3189.0
cog,1996,3379.0
cog,1997,3574.0
cog,1998,3758.0
cog,1999,3907.0
cog,2000,3985.0
cog,2001,3977.0
cog,2002,3905.0
cog,2003,3794.0
cog,2004,3661.0
cog,2005,3508.0
cog,2006,3333.0
cog,2007,3157.0
cog,2008,2997.0
cog,2009,2882.0
cog,2010,2797.0
cog,2011,2721.0
cog,2012,2647.0
cog,2013,2556.0
cog,2014,2437.0
cog,2015,2314.0
cog,2016,2161.0
cog,2017,2002.0
cog,2018,1858.0
cog,2019,1727.0
cog,2020,2069.0
cog,2021,1498.0
cog,2022,1410.0
cog,2023,1322.0
cog,2024,1247.0
cok,1957,20.000
cok,1958,19.000
cok,1959,18.000
cok,1960,17.000
cok,1961,16.000
cok,1962,15.000
cok,1963,14.000
cok,1964,13.000
cok,1965,12.000
cok,1966,11.000
cok,1967,10.000
cok,1968,9.0000
cok,1969,8.0000
cok,1970,7.0000
cok,1971,6.0000
cok,1972,6.0000
cok,1973,5.0000
cok,1974,5.0000
cok,1975,4.0000
cok,1976,4.0000
cok,1977,4.0000
cok,1978,3.0000
cok,1979,3.0000
cok,1980,2.0000
cok,1981,2.0000
cok,1982,2.0000
cok,1983,2.0000
cok,1984,2.0000
cok,1985,2.0000
cok,1986,2.0000
cok,1987,2.0000
cok,1988,1.0000
cok,1989,1.0000
cok,1990,2.0000
cok,1991,2.0000
cok,1992,2.0000
cok,1993,2.0000
cok,1994,2.0000
cok,1995,2.0000
cok,1996,2.0000
cok,1997,2.0000
cok,1998,1.0000
cok,1999,1.0000
cok,2000,1.0000
cok,2001,1.0000
cok,2002,1.0000
cok,2003,1.0000
cok,2004,1.0000
cok,2005,1.0000
cok,2006,1.0000
cok,2007,0.0000
cok,2008,0.0000
cok,2009,1.0000
cok,2010,0.0000
cok,2011,0.0000
cok,2012,0.0000
cok,2013,0.0000
cok,2014,0.0000
cok,2015,0.0000
cok,2016,0.0000
cok,2017,0.0000
cok,2018,0.0000
cok,2019,0.0000
cok,2020,0.0000
cok,2021,0.0000
cok,2022,0.0000
cok,2023,0.0000
cok,2024,0.0000
col,1960,23789
col,1961,23437
col,1962,23073
col,1963,22689
col,1964,22256
col,1965,21803
col,1966,21275
col,1967,20669
col,1968,19988
col,1969,19203
col,1970,18359
col,1971,17424
col,1972,16423
col,1973,15438
col,1974,14458
col,1975,13508
col,1976,12605
col,1977,11774
col,1978,10996
col,1979,10269
col,1980,9588.0
col,1981,8934.0
col,1982,8345.0
col,1983,7801.0
col,1984,7306.0
col,1985,6856.0
col,1986,8784.0
col,1987,5990.0
col,1988,5616.0
col,1989,5284.0
col,1990,5006.0
col,1991,4769.0
col,1992,4552.0
col,1993,4354.0
col,1994,4170.0
col,1995,3994.0
col,1996,3811.0
col,1997,3614.0
col,1998,3404.0
col,1999,3193.0
col,2000,2998.0
col,2001,2818.0
col,2002,2657.0
col,2003,2508.0
col,2004,2358.0
col,2005,2220.0
col,2006,2085.0
col,2007,1956.0
col,2008,1818.0
col,2009,1683.0
col,2010,1558.0
col,2011,1435.0
col,2012,1323.0
col,2013,1215.0
col,2014,1111.0
col,2015,1015.0
col,2016,926.00
col,2017,847.00
col,2018,772.00
col,2019,705.00
col,2020,648.00
col,2021,601.00
col,2022,562.00
col,2023,526.00
col,2024,492.00
com,1979,612.00
com,1980,604.00
com,1981,596.00
com,1982,585.00
com,1983,573.00
com,1984,561.00
com,1985,547.00
com,1986,533.00
com,1987,518.00
com,1988,502.00
com,1989,486.00
com,1990,469.00
com,1991,451.00
com,1992,432.00
com,1993,411.00
com,1994,389.00
com,1995,365.00
com,1996,338.00
com,1997,313.00
com,1998,288.00
com,1999,266.00
com,2000,247.00
com,2001,229.00
com,2002,212.00
com,2003,198.00
com,2004,186.00
com,2005,175.00
com,2006,166.00
com,2007,158.00
com,2008,151.00
com,2009,144.00
com,2010,138.00
com,2011,134.00
com,2012,131.00
com,2013,128.00
com,2014,125.00
com,2015,122.00
com,2016,118.00
com,2017,113.00
com,2018,108.00
com,2019,102.00
com,2020,96.000
com,2021,90.000
com,2022,85.000
com,2023,80.000
com,2024,75.000
cpv,1956,472.00
cpv,1957,458.00
cpv,1958,445.00
cpv,1959,434.00
cpv,1960,425.00
cpv,1961,420.00
cpv,1962,414.00
cpv,1963,406.00
cpv,1964,399.00
cpv,1965,391.00
cpv,1966,382.00
cpv,1967,374.00
cpv,1968,365.00
cpv,1969,356.00
cpv,1970,347.00
cpv,1971,339.00
cpv,1972,332.00
cpv,1973,326.00
cpv,1974,323.00
cpv,1975,319.00
cpv,1976,316.00
cpv,1977,312.00
cpv,1978,308.00
cpv,1979,305.00
cpv,1980,303.00
cpv,1981,300.00
cpv,1982,296.00
cpv,1983,293.00
cpv,1984,289.00
cpv,1985,283.00
cpv,1986,272.00
cpv,1987,259.00
cpv,1988,243.00
cpv,1989,228.00
cpv,1990,214.00
cpv,1991,204.00
cpv,1992,196.00
cpv,1993,192.00
cpv,1994,188.00
cpv,1995,183.00
cpv,1996,175.00
cpv,1997,161.00
cpv,1998,143.00
cpv,1999,122.00
cpv,2000,103.00
cpv,2001,87.000
cpv,2002,74.000
cpv,2003,64.000
cpv,2004,57.000
cpv,2005,52.000
cpv,2006,47.000
cpv,2007,44.000
cpv,2008,41.000
cpv,2009,37.000
cpv,2010,33.000
cpv,2011,29.000
cpv,2012,26.000
cpv,2013,23.000
cpv,2014,20.000
cpv,2015,18.000
cpv,2016,15.000
cpv,2017,12.000
cpv,2018,10.000
cpv,2019,9.0000
cpv,2020,7.0000
cpv,2021,6.0000
cpv,2022,5.0000
cpv,2023,4.0000
cpv,2024,4.0000
cri,1956,1484.0
cri,1957,1474.0
cri,1958,1446.0
cri,1959,1406.0
cri,1960,1368.0
cri,1961,1341.0
cri,1962,1334.0
cri,1963,1348.0
cri,1964,1356.0
cri,1965,1346.0
cri,1966,1308.0
cri,1967,1247.0
cri,1968,1174.0
cri,1969,1091.0
cri,1970,1004.0
cri,1971,914.00
cri,1972,820.00
cri,1973,723.00
cri,1974,629.00
cri,1975,542.00
cri,1976,464.00
cri,1977,397.00
cri,1978,343.00
cri,1979,301.00
cri,1980,274.00
cri,1981,258.00
cri,1982,251.00
cri,1983,250.00
cri,1984,253.00
cri,1985,255.00
cri,1986,254.00
cri,1987,250.00
cri,1988,241.00
cri,1989,229.00
cri,1990,218.00
cri,1991,208.00
cri,1992,198.00
cri,1993,191.00
cri,1994,184.00
cri,1995,179.00
cri,1996,175.00
cri,1997,172.00
cri,1998,168.00
cri,1999,162.00
cri,2000,155.00
cri,2001,148.00
cri,2002,141.00
cri,2003,135.00
cri,2004,129.00
cri,2005,123.00
cri,2006,117.00
cri,2007,113.00
cri,2008,109.00
cri,2009,107.00
cri,2010,105.00
cri,2011,102.00
cri,2012,99.000
cri,2013,95.000
cri,2014,91.000
cri,2015,86.000
cri,2016,83.000
cri,2017,81.000
cri,2018,79.000
cri,2019,79.000
cri,2020,79.000
cri,2021,78.000
cri,2022,77.000
cri,2023,74.000
cri,2024,70.000
cub,1964,1659.0
cub,1965,1708.0
cub,1966,1737.0
cub,1967,1744.0
cub,1968,1727.0
cub,1969,1683.0
cub,1970,1619.0
cub,1971,1547.0
cub,1972,1472.0
cub,1973,1390.0
cub,1974,1302.0
cub,1975,1207.0
cub,1976,1107.0
cub,1977,1001.0
cub,1978,891.00
cub,1979,781.00
cub,1980,677.00
cub,1981,586.00
cub,1982,515.00
cub,1983,463.00
cub,1984,436.00
cub,1985,432.00
cub,1986,434.00
cub,1987,439.00
cub,1988,436.00
cub,1989,427.00
cub,1990,420.00
cub,1991,414.00
cub,1992,405.00
cub,1993,391.00
cub,1994,367.00
cub,1995,338.00
cub,1996,307.00
cub,1997,281.00
cub,1998,261.00
cub,1999,248.00
cub,2000,240.00
cub,2001,232.00
cub,2002,224.00
cub,2003,214.00
cub,2004,203.00
cub,2005,192.00
cub,2006,180.00
cub,2007,169.00
cub,2008,157.00
cub,2009,145.00
cub,2010,137.00
cub,2011,135.00
cub,2012,137.00
cub,2013,140.00
cub,2014,143.00
cub,2015,143.00
cub,2016,143.00
cub,2017,143.00
cub,2018,144.00
cub,2019,146.00
cub,2020,149.00
cub,2021,151.00
cub,2022,150.00
cub,2023,148.00
cub,2024,143.00
cyp,1977,30.000
cyp,1978,26.000
cyp,1979,24.000
cyp,1980,22.000
cyp,1981,21.000
cyp,1982,20.000
cyp,1983,19.000
cyp,1984,18.000
cyp,1985,18.000
cyp,1986,17.000
cyp,1987,17.000
cyp,1988,16.000
cyp,1989,16.000
cyp,1990,17.000
cyp,1991,17.000
cyp,1992,17.000
cyp,1993,17.000
cyp,1994,17.000
cyp,1995,16.000
cyp,1996,15.000
cyp,1997,14.000
cyp,1998,13.000
cyp,1999,12.000
cyp,2000,11.000
cyp,2001,10.000
cyp,2002,10.000
cyp,2003,9.0000
cyp,2004,8.0000
cyp,2005,8.0000
cyp,2006,7.0000
cyp,2007,7.0000
cyp,2008,6.0000
cyp,2009,6.0000
cyp,2010,6.0000
cyp,2011,6.0000
cyp,2012,6.0000
cyp,2013,6.0000
cyp,2014,6.0000
cyp,2015,6.0000
cyp,2016,6.0000
cyp,2017,6.0000
cyp,2018,6.0000
cyp,2019,7.0000
cyp,2020,7.0000
cyp,2021,7.0000
cyp,2022,8.0000
cyp,2023,8.0000
cyp,2024,8.0000
cze,1956,869.00
cze,1957,760.00
cze,1958,676.00
cze,1959,612.00
cze,1960,559.00
cze,1961,510.00
cze,1962,467.00
cze,1963,435.00
cze,1964,419.00
cze,1965,421.00
cze,1966,437.00
cze,1967,452.00
cze,1968,457.00
cze,1969,453.00
cze,1970,437.00
cze,1971,422.00
cze,1972,413.00
cze,1973,412.00
cze,1974,417.00
cze,1975,427.00
cze,1976,441.00
cze,1977,451.00
cze,1978,451.00
cze,1979,437.00
cze,1980,411.00
cze,1981,382.00
cze,1982,352.00
cze,1983,323.00
cze,1984,298.00
cze,1985,278.00
cze,1986,265.00
cze,1987,258.00
cze,1988,251.00
cze,1989,243.00
cze,1990,235.00
cze,1991,229.00
cze,1992,223.00
cze,1993,215.00
cze,1994,202.00
cze,1995,185.00
cze,1996,166.00
cze,1997,145.00
cze,1998,124.00
cze,1999,107.00
cze,2000,94.000
cze,2001,87.000
cze,2002,83.000
cze,2003,80.000
cze,2004,78.000
cze,2005,76.000
cze,2006,74.000
cze,2007,73.000
cze,2008,72.000
cze,2009,71.000
cze,2010,71.000
cze,2011,71.000
cze,2012,70.000
cze,2013,69.000
cze,2014,67.000
cze,2015,65.000
cze,2016,64.000
cze,2017,64.000
cze,2018,64.000
cze,2019,64.000
cze,2020,62.000
cze,2021,60.000
cze,2022,57.000
cze,2023,54.000
cze,2024,49.000
deu,1974,3434.0
deu,1975,3070.0
deu,1976,2736.0
deu,1977,2445.0
deu,1978,2217.0
deu,1979,2072.0
deu,1980,1967.0
deu,1981,1883.0
deu,1982,1825.0
deu,1983,1779.0
deu,1984,1733.0
deu,1985,1678.0
deu,1986,1604.0
deu,1987,1521.0
deu,1988,1447.0
deu,1989,1394.0
deu,1990,1355.0
deu,1991,1318.0
deu,1992,1274.0
deu,1993,1212.0
deu,1994,1131.0
deu,1995,1050.0
deu,1996,969.00
deu,1997,898.00
deu,1998,850.00
deu,1999,818.00
deu,2000,792.00
deu,2001,767.00
deu,2002,737.00
deu,2003,698.00
deu,2004,658.00
deu,2005,621.00
deu,2006,588.00
deu,2007,558.00
deu,2008,532.00
deu,2009,508.00
deu,2010,486.00
deu,2011,466.00
deu,2012,450.00
deu,2013,438.00
deu,2014,429.00
deu,2015,424.00
deu,2016,423.00
deu,2017,424.00
deu,2018,431.00
deu,2019,439.00
deu,2020,445.00
deu,2021,448.00
deu,2022,447.00
deu,2023,445.00
deu,2024,439.00
dji,1984,461.00
dji,1985,459.00
dji,1986,454.00
dji,1987,444.00
dji,1988,433.00
dji,1989,426.00
dji,1990,425.00
dji,1991,427.00
dji,1992,434.00
dji,1993,448.00
dji,1994,465.00
dji,1995,470.00
dji,1996,464.00
dji,1997,447.00
dji,1998,420.00
dji,1999,396.00
dji,2000,378.00
dji,2001,363.00
dji,2002,353.00
dji,2003,344.00
dji,2004,335.00
dji,2005,324.00
dji,2006,310.00
dji,2007,292.00
dji,2008,272.00
dji,2009,251.00
dji,2010,230.00
dji,2011,210.00
dji,2012,193.00
dji,2013,176.00
dji,2014,162.00
dji,2015,149.00
dji,2016,139.00
dji,2017,127.00
dji,2018,118.00
dji,2019,109.00
dji,2020,101.00
dji,2021,94.000
dji,2022,87.000
dji,2023,81.000
dji,2024,76.000
dma,1966,73.000
dma,1967,65.000
dma,1968,58.000
dma,1969,51.000
dma,1970,45.000
dma,1971,40.000
dma,1972,35.000
dma,1973,31.000
dma,1974,27.000
dma,1975,23.000
dma,1976,20.000
dma,1977,17.000
dma,1978,15.000
dma,1979,13.000
dma,1980,11.000
dma,1981,10.000
dma,1982,9.0000
dma,1983,8.0000
dma,1984,8.0000
dma,1985,8.0000
dma,1986,8.0000
dma,1987,7.0000
dma,1988,7.0000
dma,1989,7.0000
dma,1990,7.0000
dma,1991,6.0000
dma,1992,6.0000
dma,1993,6.0000
dma,1994,5.0000
dma,1995,5.0000
dma,1996,5.0000
dma,1997,5.0000
dma,1998,4.0000
dma,1999,4.0000
dma,2000,4.0000
dma,2001,3.0000
dma,2002,3.0000
dma,2003,3.0000
dma,2004,3.0000
dma,2005,3.0000
dma,2006,3.0000
dma,2007,2.0000
dma,2008,3.0000
dma,2009,2.0000
dma,2010,2.0000
dma,2011,2.0000
dma,2012,2.0000
dma,2013,2.0000
dma,2014,2.0000
dma,2015,2.0000
dma,2016,2.0000
dma,2017,2.0000
dma,2018,2.0000
dma,2019,2.0000
dma,2020,2.0000
dma,2021,2.0000
dma,2022,2.0000
dma,2023,2.0000
dma,2024,2.0000
dnk,1956,320.00
dnk,1957,306.00
dnk,1958,296.00
dnk,1959,285.00
dnk,1960,277.00
dnk,1961,270.00
dnk,1962,263.00
dnk,1963,258.00
dnk,1964,253.00
dnk,1965,251.00
dnk,1966,248.00
dnk,1967,245.00
dnk,1968,242.00
dnk,1969,236.00
dnk,1970,225.00
dnk,1971,211.00
dnk,1972,192.00
dnk,1973,176.00
dnk,1974,165.00
dnk,1975,157.00
dnk,1976,150.00
dnk,1977,142.00
dnk,1978,133.00
dnk,1979,124.00
dnk,1980,116.00
dnk,1981,109.00
dnk,1982,102.00
dnk,1983,98.000
dnk,1984,94.000
dnk,1985,90.000
dnk,1986,88.000
dnk,1987,88.000
dnk,1988,89.000
dnk,1989,89.000
dnk,1990,89.000
dnk,1991,88.000
dnk,1992,86.000
dnk,1993,83.000
dnk,1994,80.000
dnk,1995,77.000
dnk,1996,74.000
dnk,1997,72.000
dnk,1998,70.000
dnk,1999,67.000
dnk,2000,65.000
dnk,2001,62.000
dnk,2002,60.000
dnk,2003,57.000
dnk,2004,54.000
dnk,2005,51.000
dnk,2006,48.000
dnk,2007,45.000
dnk,2008,43.000
dnk,2009,41.000
dnk,2010,39.000
dnk,2011,37.000
dnk,2012,36.000
dnk,2013,35.000
dnk,2014,34.000
dnk,2015,32.000
dnk,2016,31.000
dnk,2017,29.000
dnk,2018,28.000
dnk,2019,28.000
dnk,2020,27.000
dnk,2021,26.000
dnk,2022,25.000
dnk,2023,24.000
dnk,2024,22.000
dom,1957,5900.0
dom,1958,6123.0
dom,1959,6303.0
dom,1960,6457.0
dom,1961,6575.0
dom,1962,6643.0
dom,1963,6668.0
dom,1964,6657.0
dom,1965,6603.0
dom,1966,6511.0
dom,1967,6396.0
dom,1968,6263.0
dom,1969,6121.0
dom,1970,5956.0
dom,1971,5766.0
dom,1972,5570.0
dom,1973,5363.0
dom,1974,5156.0
dom,1975,4950.0
dom,1976,4741.0
dom,1977,4536.0
dom,1978,4343.0
dom,1979,4141.0
dom,1980,3947.0
dom,1981,3761.0
dom,1982,3582.0
dom,1983,3411.0
dom,1984,3242.0
dom,1985,3090.0
dom,1986,2939.0
dom,1987,2794.0
dom,1988,2654.0
dom,1989,2515.0
dom,1990,2381.0
dom,1991,2263.0
dom,1992,2152.0
dom,1993,2042.0
dom,1994,1931.0
dom,1995,1814.0
dom,1996,1700.0
dom,1997,1592.0
dom,1998,1491.0
dom,1999,1395.0
dom,2000,1306.0
dom,2001,1226.0
dom,2002,1164.0
dom,2003,1117.0
dom,2004,1076.0
dom,2005,1038.0
dom,2006,993.00
dom,2007,947.00
dom,2008,904.00
dom,2009,862.00
dom,2010,831.00
dom,2011,811.00
dom,2012,795.00
dom,2013,781.00
dom,2014,760.00
dom,2015,733.00
dom,2016,702.00
dom,2017,674.00
dom,2018,643.00
dom,2019,613.00
dom,2020,583.00
dom,2021,548.00
dom,2022,513.00
dom,2023,477.00
dom,2024,441.00
dza,1960,34691
dza,1961,35986
dza,1962,37124
dza,1963,38165
dza,1964,39218
dza,1965,40263
dza,1966,41271
dza,1967,42085
dza,1968,42720
dza,1969,43235
dza,1970,43598
dza,1971,43773
dza,1972,43808
dza,1973,43666
dza,1974,43229
dza,1975,42596
dza,1976,41727
dza,1977,40668
dza,1978,39528
dza,1979,38241
dza,1980,36439
dza,1981,33976
dza,1982,30675
dza,1983,26703
dza,1984,22596
dza,1985,18909
dza,1986,15931
dza,1987,13603
dza,1988,11846
dza,1989,10552
dza,1990,9558.0
dza,1991,8783.0
dza,1992,8152.0
dza,1993,7657.0
dza,1994,7271.0
dza,1995,6925.0
dza,1996,6594.0
dza,1997,6203.0
dza,1998,5692.0
dza,1999,5128.0
dza,2000,4558.0
dza,2001,4069.0
dza,2002,3706.0
dza,2003,3436.0
dza,2004,3229.0
dza,2005,3052.0
dza,2006,2914.0
dza,2007,2817.0
dza,2008,2765.0
dza,2009,2745.0
dza,2010,2738.0
dza,2011,2739.0
dza,2012,2734.0
dza,2013,2720.0
dza,2014,2708.0
dza,2015,2696.0
dza,2016,2683.0
dza,2017,2672.0
dza,2018,2639.0
dza,2019,2595.0
dza,2020,2524.0
dza,2021,2432.0
dza,2022,2311.0
dza,2023,2162.0
dza,2024,2000.0
ecu,1961,7515.0
ecu,1962,7554.0
ecu,1963,7574.0
ecu,1964,7577.0
ecu,1965,7555.0
ecu,1966,7542.0
ecu,1967,7526.0
ecu,1968,7505.0
ecu,1969,7494.0
ecu,1970,7486.0
ecu,1971,7464.0
ecu,1972,7383.0
ecu,1973,7241.0
ecu,1974,7070.0
ecu,1975,6834.0
ecu,1976,6584.0
ecu,1977,6307.0
ecu,1978,6042.0
ecu,1979,5793.0
ecu,1980,5543.0
ecu,1981,5295.0
ecu,1982,5043.0
ecu,1983,4782.0
ecu,1984,4522.0
ecu,1985,4280.0
ecu,1986,4047.0
ecu,1987,3828.0
ecu,1988,3619.0
ecu,1989,3418.0
ecu,1990,3225.0
ecu,1991,3043.0
ecu,1992,2880.0
ecu,1993,2726.0
ecu,1994,2573.0
ecu,1995,2412.0
ecu,1996,2251.0
ecu,1997,2093.0
ecu,1998,1946.0
ecu,1999,1811.0
ecu,2000,1691.0
ecu,2001,1584.0
ecu,2002,1487.0
ecu,2003,1397.0
ecu,2004,1316.0
ecu,2005,1244.0
ecu,2006,1182.0
ecu,2007,1124.0
ecu,2008,1066.0
ecu,2009,1017.0
ecu,2010,971.00
ecu,2011,930.00
ecu,2012,893.00
ecu,2013,859.00
ecu,2014,826.00
ecu,2015,787.00
ecu,2016,748.00
ecu,2017,708.00
ecu,2018,666.00
ecu,2019,630.00
ecu,2020,603.00
ecu,2021,582.00
ecu,2022,561.00
ecu,2023,536.00
ecu,2024,507.00
egy,1961,169890
egy,1962,164110
egy,1963,158480
egy,1964,153210
egy,1965,148350
egy,1966,144000
egy,1967,139730
egy,1968,136390
egy,1969,133490
egy,1970,131060
egy,1971,128930
egy,1972,126530
egy,1973,123430
egy,1974,119390
egy,1975,114200
egy,1976,108310
egy,1977,102030
egy,1978,95757
egy,1979,89623
egy,1980,83874
egy,1981,78283
egy,1982,72685
egy,1983,67075
egy,1984,61454
egy,1985,56188
egy,1986,51203
egy,1987,46745
egy,1988,42923
egy,1989,39527
egy,1990,36590
egy,1991,33986
egy,1992,31364
egy,1993,28676
egy,1994,25955
egy,1995,23356
egy,1996,20912
egy,1997,18694
egy,1998,16768
egy,1999,15136
egy,2000,13813
egy,2001,12679
egy,2002,11664
egy,2003,10754
egy,2004,9912.0
egy,2005,9169.0
egy,2006,8508.0
egy,2007,7910.0
egy,2008,7362.0
egy,2009,6868.0
egy,2010,6409.0
egy,2011,6008.0
egy,2012,5595.0
egy,2013,5207.0
egy,2014,4840.0
egy,2015,4559.0
egy,2016,4281.0
egy,2017,4050.0
egy,2018,3808.0
egy,2019,3501.0
egy,2020,3188.0
egy,2021,2844.0
egy,2022,2542.0
egy,2023,2283.0
egy,2024,2065.0
eri,1981,6094.0
eri,1982,6118.0
eri,1983,6142.0
eri,1984,9326.0
eri,1985,9140.0
eri,1986,8789.0
eri,1987,8611.0
eri,1988,5683.0
eri,1989,5666.0
eri,1990,5613.0
eri,1991,5506.0
eri,1992,5325.0
eri,1993,5056.0
eri,1994,4657.0
eri,1995,4167.0
eri,1996,3730.0
eri,1997,3357.0
eri,1998,3136.0
eri,1999,3030.0
eri,2000,3806.0
eri,2001,2711.0
eri,2002,2511.0
eri,2003,2294.0
eri,2004,2126.0
eri,2005,1994.0
eri,2006,1892.0
eri,2007,1815.0
eri,2008,1734.0
eri,2009,1636.0
eri,2010,1524.0
eri,2011,1408.0
eri,2012,1302.0
eri,2013,1208.0
eri,2014,1120.0
eri,2015,1032.0
eri,2016,949.00
eri,2017,871.00
eri,2018,792.00
eri,2019,727.00
eri,2020,669.00
eri,2021,619.00
eri,2022,579.00
eri,2023,543.00
eri,2024,512.00
esp,1956,7273.0
esp,1957,6647.0
esp,1958,6093.0
esp,1959,5620.0
esp,1960,5251.0
esp,1961,4900.0
esp,1962,4558.0
esp,1963,4204.0
esp,1964,3851.0
esp,1965,3565.0
esp,1966,3347.0
esp,1967,3169.0
esp,1968,3011.0
esp,1969,2861.0
esp,1970,2706.0
esp,1971,2550.0
esp,1972,2415.0
esp,1973,2289.0
esp,1974,2177.0
esp,1975,2088.0
esp,1976,2017.0
esp,1977,1945.0
esp,1978,1872.0
esp,1979,1787.0
esp,1980,1683.0
esp,1981,1563.0
esp,1982,1436.0
esp,1983,1311.0
esp,1984,1193.0
esp,1985,1089.0
esp,1986,1001.0
esp,1987,930.00
esp,1988,870.00
esp,1989,817.00
esp,1990,772.00
esp,1991,729.00
esp,1992,688.00
esp,1993,649.00
esp,1994,610.00
esp,1995,570.00
esp,1996,528.00
esp,1997,488.00
esp,1998,453.00
esp,1999,423.00
esp,2000,402.00
esp,2001,388.00
esp,2002,381.00
esp,2003,377.00
esp,2004,373.00
esp,2005,370.00
esp,2006,365.00
esp,2007,359.00
esp,2008,353.00
esp,2009,346.00
esp,2010,338.00
esp,2011,329.00
esp,2012,316.00
esp,2013,301.00
esp,2014,283.00
esp,2015,265.00
esp,2016,250.00
esp,2017,237.00
esp,2018,228.00
esp,2019,220.00
esp,2020,212.00
esp,2021,203.00
esp,2022,193.00
esp,2023,183.00
esp,2024,174.00
est,1986,90.000
est,1987,89.000
est,1988,88.000
est,1989,87.000
est,1990,87.000
est,1991,86.000
est,1992,84.000
est,1993,80.000
est,1994,72.000
est,1995,64.000
est,1996,54.000
est,1997,46.000
est,1998,40.000
est,1999,34.000
est,2000,30.000
est,2001,27.000
est,2002,25.000
est,2003,23.000
est,2004,21.000
est,2005,20.000
est,2006,18.000
est,2007,17.000
est,2008,16.000
est,2009,16.000
est,2010,15.000
est,2011,14.000
est,2012,14.000
est,2013,13.000
est,2014,11.000
est,2015,10.000
est,2016,9.0000
est,2017,9.0000
est,2018,8.0000
est,2019,8.0000
est,2020,8.0000
est,2021,7.0000
est,2022,7.0000
est,2023,6.0000
est,2024,6.0000
eth,1972,115430
eth,1973,119170
eth,1974,123130
eth,1975,151530
eth,1976,154620
eth,1977,132980
eth,1978,136890
eth,1979,140620
eth,1980,143920
eth,1981,146110
eth,1982,146800
eth,1983,146010
eth,1984,222890
eth,1985,217890
eth,1986,209760
eth,1987,208210
eth,1988,139690
eth,1989,143510
eth,1990,147040
eth,1991,150000
eth,1992,152120
eth,1993,152700
eth,1994,152700
eth,1995,152200
eth,1996,150570
eth,1997,148270
eth,1998,145020
eth,1999,141100
eth,2000,136520
eth,2001,131250
eth,2002,125630
eth,2003,119530
eth,2004,113430
eth,2005,107040
eth,2006,100640
eth,2007,94649
eth,2008,88788
eth,2009,83173
eth,2010,77846
eth,2011,72631
eth,2012,67615
eth,2013,62847
eth,2014,58177
eth,2015,53818
eth,2016,49748
eth,2017,46074
eth,2018,42963
eth,2019,40460
eth,2020,38353
eth,2021,36245
eth,2022,34357
eth,2023,32589
eth,2024,30787
fin,1956,602.00
fin,1957,563.00
fin,1958,526.00
fin,1959,488.00
fin,1960,449.00
fin,1961,411.00
fin,1962,378.00
fin,1963,349.00
fin,1964,327.00
fin,1965,308.00
fin,1966,291.00
fin,1967,273.00
fin,1968,257.00
fin,1969,243.00
fin,1970,227.00
fin,1971,211.00
fin,1972,193.00
fin,1973,173.00
fin,1974,155.00
fin,1975,138.00
fin,1976,126.00
fin,1977,117.00
fin,1978,112.00
fin,1979,107.00
fin,1980,101.00
fin,1981,95.000
fin,1982,88.000
fin,1983,83.000
fin,1984,80.000
fin,1985,79.000
fin,1986,78.000
fin,1987,78.000
fin,1988,76.000
fin,1989,73.000
fin,1990,70.000
fin,1991,68.000
fin,1992,66.000
fin,1993,64.000
fin,1994,62.000
fin,1995,59.000
fin,1996,56.000
fin,1997,54.000
fin,1998,51.000
fin,1999,49.000
fin,2000,46.000
fin,2001,44.000
fin,2002,42.000
fin,2003,41.000
fin,2004,40.000
fin,2005,39.000
fin,2006,38.000
fin,2007,37.000
fin,2008,36.000
fin,2009,35.000
fin,2010,34.000
fin,2011,33.000
fin,2012,32.000
fin,2013,31.000
fin,2014,30.000
fin,2015,29.000
fin,2016,28.000
fin,2017,27.000
fin,2018,26.000
fin,2019,25.000
fin,2020,24.000
fin,2021,23.000
fin,2022,21.000
fin,2023,21.000
fin,2024,20.000
fji,1956,294.00
fji,1957,286.00
fji,1958,279.00
fji,1959,273.00
fji,1960,268.00
fji,1961,263.00
fji,1962,257.00
fji,1963,252.00
fji,1964,246.00
fji,1965,241.00
fji,1966,237.00
fji,1967,232.00
fji,1968,229.00
fji,1969,226.00
fji,1970,223.00
fji,1971,220.00
fji,1972,217.00
fji,1973,215.00
fji,1974,213.00
fji,1975,208.00
fji,1976,202.00
fji,1977,197.00
fji,1978,193.00
fji,1979,190.00
fji,1980,187.00
fji,1981,184.00
fji,1982,182.00
fji,1983,179.00
fji,1984,176.00
fji,1985,174.00
fji,1986,172.00
fji,1987,170.00
fji,1988,166.00
fji,1989,161.00
fji,1990,155.00
fji,1991,150.00
fji,1992,145.00
fji,1993,141.00
fji,1994,137.00
fji,1995,133.00
fji,1996,130.00
fji,1997,127.00
fji,1998,125.00
fji,1999,123.00
fji,2000,122.00
fji,2001,121.00
fji,2002,120.00
fji,2003,119.00
fji,2004,120.00
fji,2005,121.00
fji,2006,122.00
fji,2007,123.00
fji,2008,122.00
fji,2009,120.00
fji,2010,116.00
fji,2011,111.00
fji,2012,105.00
fji,2013,99.000
fji,2014,94.000
fji,2015,90.000
fji,2016,88.000
fji,2017,88.000
fji,2018,90.000
fji,2019,91.000
fji,2020,91.000
fji,2021,90.000
fji,2022,87.000
fji,2023,83.000
fji,2024,78.000
fra,1956,5427.0
fra,1957,5047.0
fra,1958,4712.0
fra,1959,4417.0
fra,1960,4149.0
fra,1961,3921.0
fra,1962,3721.0
fra,1963,3547.0
fra,1964,3392.0
fra,1965,3249.0
fra,1966,3136.0
fra,1967,3029.0
fra,1968,2934.0
fra,1969,2838.0
fra,1970,2722.0
fra,1971,2605.0
fra,1972,2499.0
fra,1973,2422.0
fra,1974,2381.0
fra,1975,2335.0
fra,1976,2262.0
fra,1977,2134.0
fra,1978,1971.0
fra,1979,1817.0
fra,1980,1696.0
fra,1981,1619.0
fra,1982,1585.0
fra,1983,1559.0
fra,1984,1525.0
fra,1985,1473.0
fra,1986,1404.0
fra,1987,1336.0
fra,1988,1280.0
fra,1989,1241.0
fra,1990,1206.0
fra,1991,1163.0
fra,1992,1112.0
fra,1993,1059.0
fra,1994,1005.0
fra,1995,948.00
fra,1996,899.00
fra,1997,870.00
fra,1998,865.00
fra,1999,883.00
fra,2000,913.00
fra,2001,944.00
fra,2002,971.00
fra,2003,993.00
fra,2004,999.00
fra,2005,989.00
fra,2006,969.00
fra,2007,944.00
fra,2008,923.00
fra,2009,904.00
fra,2010,882.00
fra,2011,859.00
fra,2012,834.00
fra,2013,811.00
fra,2014,793.00
fra,2015,776.00
fra,2016,759.00
fra,2017,741.00
fra,2018,721.00
fra,2019,698.00
fra,2020,674.00
fra,2021,655.00
fra,2022,641.00
fra,2023,631.00
fra,2024,620.00
fsm,1964,40.000
fsm,1965,39.000
fsm,1966,37.000
fsm,1967,36.000
fsm,1968,34.000
fsm,1969,33.000
fsm,1970,32.000
fsm,1971,31.000
fsm,1972,30.000
fsm,1973,29.000
fsm,1974,28.000
fsm,1975,28.000
fsm,1976,27.000
fsm,1977,27.000
fsm,1978,26.000
fsm,1979,26.000
fsm,1980,26.000
fsm,1981,26.000
fsm,1982,26.000
fsm,1983,26.000
fsm,1984,26.000
fsm,1985,25.000
fsm,1986,25.000
fsm,1987,25.000
fsm,1988,24.000
fsm,1989,23.000
fsm,1990,23.000
fsm,1991,22.000
fsm,1992,21.000
fsm,1993,21.000
fsm,1994,20.000
fsm,1995,19.000
fsm,1996,18.000
fsm,1997,18.000
fsm,1998,17.000
fsm,1999,16.000
fsm,2000,15.000
fsm,2001,15.000
fsm,2002,14.000
fsm,2003,21.000
fsm,2004,12.000
fsm,2005,12.000
fsm,2006,11.000
fsm,2007,10.000
fsm,2008,9.0000
fsm,2009,8.0000
fsm,2010,8.0000
fsm,2011,7.0000
fsm,2012,6.0000
fsm,2013,6.0000
fsm,2014,5.0000
fsm,2015,5.0000
fsm,2016,5.0000
fsm,2017,4.0000
fsm,2018,4.0000
fsm,2019,4.0000
fsm,2020,3.0000
fsm,2021,3.0000
fsm,2022,3.0000
fsm,2023,3.0000
fsm,2024,3.0000
gab,1956,1658.0
gab,1957,1590.0
gab,1958,1526.0
gab,1959,1465.0
gab,1960,1412.0
gab,1961,1366.0
gab,1962,1324.0
gab,1963,1282.0
gab,1964,1246.0
gab,1965,1211.0
gab,1966,1180.0
gab,1967,1147.0
gab,1968,1116.0
gab,1969,1089.0
gab,1970,1064.0
gab,1971,1039.0
gab,1972,1018.0
gab,1973,1001.0
gab,1974,986.00
gab,1975,972.00
gab,1976,959.00
gab,1977,945.00
gab,1978,929.00
gab,1979,915.00
gab,1980,902.00
gab,1981,888.00
gab,1982,875.00
gab,1983,860.00
gab,1984,847.00
gab,1985,838.00
gab,1986,827.00
gab,1987,817.00
gab,1988,807.00
gab,1989,799.00
gab,1990,795.00
gab,1991,792.00
gab,1992,792.00
gab,1993,792.00
gab,1994,795.00
gab,1995,804.00
gab,1996,812.00
gab,1997,815.00
gab,1998,819.00
gab,1999,821.00
gab,2000,819.00
gab,2001,815.00
gab,2002,811.00
gab,2003,804.00
gab,2004,794.00
gab,2005,779.00
gab,2006,762.00
gab,2007,750.00
gab,2008,737.00
gab,2009,715.00
gab,2010,681.00
gab,2011,658.00
gab,2012,639.00
gab,2013,616.00
gab,2014,586.00
gab,2015,552.00
gab,2016,540.00
gab,2017,517.00
gab,2018,476.00
gab,2019,453.00
gab,2020,427.00
gab,2021,398.00
gab,2022,361.00
gab,2023,347.00
gab,2024,328.00
gbr,1956,3180.0
gbr,1957,3060.0
gbr,1958,2985.0
gbr,1959,2959.0
gbr,1960,2968.0
gbr,1961,2992.0
gbr,1962,3023.0
gbr,1963,3043.0
gbr,1964,3052.0
gbr,1965,3053.0
gbr,1966,3042.0
gbr,1967,3018.0
gbr,1968,2971.0
gbr,1969,2910.0
gbr,1970,2833.0
gbr,1971,2739.0
gbr,1972,2634.0
gbr,1973,2518.0
gbr,1974,2385.0
gbr,1975,2226.0
gbr,1976,2054.0
gbr,1977,1876.0
gbr,1978,1706.0
gbr,1979,1560.0
gbr,1980,1448.0
gbr,1981,1379.0
gbr,1982,1343.0
gbr,1983,1317.0
gbr,1984,1292.0
gbr,1985,1259.0
gbr,1986,1224.0
gbr,1987,1202.0
gbr,1988,1184.0
gbr,1989,1162.0
gbr,1990,1132.0
gbr,1991,1088.0
gbr,1992,1036.0
gbr,1993,982.00
gbr,1994,934.00
gbr,1995,894.00
gbr,1996,857.00
gbr,1997,822.00
gbr,1998,789.00
gbr,1999,762.00
gbr,2000,738.00
gbr,2001,715.00
gbr,2002,691.00
gbr,2003,664.00
gbr,2004,639.00
gbr,2005,619.00
gbr,2006,607.00
gbr,2007,598.00
gbr,2008,591.00
gbr,2009,582.00
gbr,2010,571.00
gbr,2011,556.00
gbr,2012,539.00
gbr,2013,519.00
gbr,2014,500.00
gbr,2015,481.00
gbr,2016,462.00
gbr,2017,445.00
gbr,2018,429.00
gbr,2019,415.00
gbr,2020,402.00
gbr,2021,388.00
gbr,2022,370.00
gbr,2023,350.00
gbr,2024,328.00
geo,1981,891.00
geo,1982,891.00
geo,1983,891.00
geo,1984,891.00
geo,1985,890.00
geo,1986,894.00
geo,1987,900.00
geo,1988,907.00
geo,1989,908.00
geo,1990,902.00
geo,1991,886.00
geo,1992,866.00
geo,1993,837.00
geo,1994,794.00
geo,1995,736.00
geo,1996,666.00
geo,1997,596.00
geo,1998,532.00
geo,1999,477.00
geo,2000,429.00
geo,2001,383.00
geo,2002,338.00
geo,2003,297.00
geo,2004,259.00
geo,2005,227.00
geo,2006,201.00
geo,2007,179.00
geo,2008,160.00
geo,2009,145.00
geo,2010,133.00
geo,2011,125.00
geo,2012,118.00
geo,2013,111.00
geo,2014,103.00
geo,2015,95.000
geo,2016,89.000
geo,2017,86.000
geo,2018,83.000
geo,2019,81.000
geo,2020,76.000
geo,2021,70.000
geo,2022,63.000
geo,2023,57.000
geo,2024,50.000
gha,1956,22784
gha,1957,23254
gha,1958,23729
gha,1959,24259
gha,1960,24745
gha,1961,25263
gha,1962,25784
gha,1963,26397
gha,1964,27040
gha,1965,27779
gha,1966,28566
gha,1967,29481
gha,1968,30506
gha,1969,31533
gha,1970,32469
gha,1971,33292
gha,1972,34092
gha,1973,34904
gha,1974,35604
gha,1975,36007
gha,1976,36057
gha,1977,35770
gha,1978,35409
gha,1979,35108
gha,1980,35060
gha,1981,35357
gha,1982,35803
gha,1983,36320
gha,1984,36635
gha,1985,36659
gha,1986,36319
gha,1987,35591
gha,1988,34555
gha,1989,33371
gha,1990,32092
gha,1991,30919
gha,1992,29936
gha,1993,29223
gha,1994,28719
gha,1995,28315
gha,1996,27864
gha,1997,27259
gha,1998,26470
gha,1999,25519
gha,2000,24513
gha,2001,23537
gha,2002,22631
gha,2003,21872
gha,2004,21142
gha,2005,20409
gha,2006,19649
gha,2007,18842
gha,2008,18033
gha,2009,17166
gha,2010,16245
gha,2011,15302
gha,2012,14386
gha,2013,13622
gha,2014,12949
gha,2015,12318
gha,2016,11705
gha,2017,11051
gha,2018,10354
gha,2019,9592.0
gha,2020,8772.0
gha,2021,7989.0
gha,2022,7281.0
gha,2023,6685.0
gha,2024,6173.0
gin,1956,20315
gin,1957,20424
gin,1958,20534
gin,1959,20634
gin,1960,20746
gin,1961,20836
gin,1962,20942
gin,1963,21064
gin,1964,21174
gin,1965,21368
gin,1966,21548
gin,1967,21793
gin,1968,22048
gin,1969,22328
gin,1970,22641
gin,1971,22952
gin,1972,23263
gin,1973,23587
gin,1974,23838
gin,1975,24051
gin,1976,24206
gin,1977,24313
gin,1978,24380
gin,1979,24365
gin,1980,24324
gin,1981,24304
gin,1982,24290
gin,1983,24311
gin,1984,24363
gin,1985,24410
gin,1986,24506
gin,1987,24648
gin,1988,24774
gin,1989,24930
gin,1990,25047
gin,1991,25080
gin,1992,24988
gin,1993,24897
gin,1994,24810
gin,1995,24654
gin,1996,24465
gin,1997,24125
gin,1998,23669
gin,1999,23138
gin,2000,22458
gin,2001,21702
gin,2002,20892
gin,2003,20043
gin,2004,19252
gin,2005,18567
gin,2006,17987
gin,2007,17560
gin,2008,17304
gin,2009,17159
gin,2010,17064
gin,2011,16953
gin,2012,16869
gin,2013,16764
gin,2014,16584
gin,2015,16376
gin,2016,16149
gin,2017,15869
gin,2018,15593
gin,2019,15258
gin,2020,14806
gin,2021,14210
gin,2022,13556
gin,2023,12844
gin,2024,12124
gmb,1962,3296.0
gmb,1963,3298.0
gmb,1964,3294.0
gmb,1965,3278.0
gmb,1966,3255.0
gmb,1967,3229.0
gmb,1968,3193.0
gmb,1969,3152.0
gmb,1970,3109.0
gmb,1971,3066.0
gmb,1972,3029.0
gmb,1973,2993.0
gmb,1974,2964.0
gmb,1975,2940.0
gmb,1976,2911.0
gmb,1977,2887.0
gmb,1978,2865.0
gmb,1979,2842.0
gmb,1980,2826.0
gmb,1981,2816.0
gmb,1982,2809.0
gmb,1983,2802.0
gmb,1984,2801.0
gmb,1985,2800.0
gmb,1986,2801.0
gmb,1987,2794.0
gmb,1988,2787.0
gmb,1989,2771.0
gmb,1990,2751.0
gmb,1991,2728.0
gmb,1992,2704.0
gmb,1993,2678.0
gmb,1994,2645.0
gmb,1995,2600.0
gmb,1996,2543.0
gmb,1997,2475.0
gmb,1998,2395.0
gmb,1999,2302.0
gmb,2000,2199.0
gmb,2001,2096.0
gmb,2002,1994.0
gmb,2003,1898.0
gmb,2004,1803.0
gmb,2005,1716.0
gmb,2006,1636.0
gmb,2007,1563.0
gmb,2008,1500.0
gmb,2009,1442.0
gmb,2010,1384.0
gmb,2011,1326.0
gmb,2012,1267.0
gmb,2013,1212.0
gmb,2014,1160.0
gmb,2015,1111.0
gmb,2016,1054.0
gmb,2017,990.00
gmb,2018,924.00
gmb,2019,857.00
gmb,2020,794.00
gmb,2021,736.00
gmb,2022,684.00
gmb,2023,635.00
gmb,2024,594.00
gnb,1991,3854.0
gnb,1992,3788.0
gnb,1993,3711.0
gnb,1994,3645.0
gnb,1995,3596.0
gnb,1996,3565.0
gnb,1997,3546.0
gnb,1998,3515.0
gnb,1999,3468.0
gnb,2000,3401.0
gnb,2001,3316.0
gnb,2002,3226.0
gnb,2003,3122.0
gnb,2004,3012.0
gnb,2005,2907.0
gnb,2006,2799.0
gnb,2007,2686.0
gnb,2008,2569.0
gnb,2009,2455.0
gnb,2010,2323.0
gnb,2011,2188.0
gnb,2012,2052.0
gnb,2013,1923.0
gnb,2014,1806.0
gnb,2015,1698.0
gnb,2016,1597.0
gnb,2017,1501.0
gnb,2018,1404.0
gnb,2019,1308.0
gnb,2020,1217.0
gnb,2021,1130.0
gnb,2022,1057.0
gnb,2023,991.00
gnb,2024,933.00
gnq,1988,890.00
gnq,1989,946.00
gnq,1990,999.00
gnq,1991,1043.0
gnq,1992,1078.0
gnq,1993,1105.0
gnq,1994,1126.0
gnq,1995,1145.0
gnq,1996,1159.0
gnq,1997,1168.0
gnq,1998,1171.0
gnq,1999,1172.0
gnq,2000,1170.0
gnq,2001,1164.0
gnq,2002,1157.0
gnq,2003,1150.0
gnq,2004,1152.0
gnq,2005,1159.0
gnq,2006,1172.0
gnq,2007,1187.0
gnq,2008,1190.0
gnq,2009,1186.0
gnq,2010,1170.0
gnq,2011,1142.0
gnq,2012,1111.0
gnq,2013,1083.0
gnq,2014,1043.0
gnq,2015,1001.0
gnq,2016,953.00
gnq,2017,906.00
gnq,2018,858.00
gnq,2019,814.00
gnq,2020,773.00
gnq,2021,733.00
gnq,2022,691.00
gnq,2023,656.00
gnq,2024,620.00
grc,1957,1472.0
grc,1958,1415.0
grc,1959,1354.0
grc,1960,1283.0
grc,1961,1212.0
grc,1962,1144.0
grc,1963,1071.0
grc,1964,996.00
grc,1965,917.00
grc,1966,852.00
grc,1967,803.00
grc,1968,746.00
grc,1969,696.00
grc,1970,642.00
grc,1971,590.00
grc,1972,551.00
grc,1973,507.00
grc,1974,474.00
grc,1975,445.00
grc,1976,419.00
grc,1977,399.00
grc,1978,378.00
grc,1979,357.00
grc,1980,336.00
grc,1981,316.00
grc,1982,297.00
grc,1983,278.00
grc,1984,262.00
grc,1985,245.00
grc,1986,225.00
grc,1987,205.00
grc,1988,184.00
grc,1989,165.00
grc,1990,149.00
grc,1991,137.00
grc,1992,128.00
grc,1993,122.00
grc,1994,118.00
grc,1995,115.00
grc,1996,113.00
grc,1997,110.00
grc,1998,106.00
grc,1999,101.00
grc,2000,97.000
grc,2001,92.000
grc,2002,87.000
grc,2003,82.000
grc,2004,78.000
grc,2005,75.000
grc,2006,71.000
grc,2007,68.000
grc,2008,66.000
grc,2009,66.000
grc,2010,66.000
grc,2011,68.000
grc,2012,69.000
grc,2013,70.000
grc,2014,70.000
grc,2015,68.000
grc,2016,65.000
grc,2017,62.000
grc,2018,59.000
grc,2019,57.000
grc,2020,55.000
grc,2021,51.000
grc,2022,48.000
grc,2023,44.000
grc,2024,40.000
grd,1956,140.00
grd,1957,142.00
grd,1958,143.00
grd,1959,142.00
grd,1960,139.00
grd,1961,134.00
grd,1962,127.00
grd,1963,118.00
grd,1964,108.00
grd,1965,98.000
grd,1966,88.000
grd,1967,78.000
grd,1968,70.000
grd,1969,62.000
grd,1970,55.000
grd,1971,49.000
grd,1972,45.000
grd,1973,40.000
grd,1974,37.000
grd,1975,34.000
grd,1976,31.000
grd,1977,28.000
grd,1978,26.000
grd,1979,23.000
grd,1980,21.000
grd,1981,19.000
grd,1982,18.000
grd,1983,16.000
grd,1984,15.000
grd,1985,14.000
grd,1986,13.000
grd,1987,13.000
grd,1988,13.000
grd,1989,12.000
grd,1990,12.000
grd,1991,11.000
grd,1992,10.000
grd,1993,9.0000
grd,1994,8.0000
grd,1995,7.0000
grd,1996,7.0000
grd,1997,6.0000
grd,1998,5.0000
grd,1999,5.0000
grd,2000,5.0000
grd,2001,4.0000
grd,2002,4.0000
grd,2003,4.0000
grd,2004,3.0000
grd,2005,3.0000
grd,2006,3.0000
grd,2007,3.0000
grd,2008,3.0000
grd,2009,3.0000
grd,2010,3.0000
grd,2011,3.0000
grd,2012,3.0000
grd,2013,3.0000
grd,2014,3.0000
grd,2015,3.0000
grd,2016,3.0000
grd,2017,3.0000
grd,2018,3.0000
grd,2019,2.0000
grd,2020,2.0000
grd,2021,2.0000
grd,2022,2.0000
grd,2023,2.0000
grd,2024,2.0000
gtm,1963,10820
gtm,1964,10789
gtm,1965,10731
gtm,1966,10656
gtm,1967,10566
gtm,1968,10479
gtm,1969,10398
gtm,1970,10298
gtm,1971,10195
gtm,1972,10084
gtm,1973,9966.0
gtm,1974,9826.0
gtm,1975,9684.0
gtm,1976,9528.0
gtm,1977,13037
gtm,1978,9155.0
gtm,1979,8981.0
gtm,1980,8800.0
gtm,1981,8610.0
gtm,1982,8418.0
gtm,1983,12100
gtm,1984,7979.0
gtm,1985,7757.0
gtm,1986,7514.0
gtm,1987,7245.0
gtm,1988,6969.0
gtm,1989,6703.0
gtm,1990,6456.0
gtm,1991,6241.0
gtm,1992,6032.0
gtm,1993,5816.0
gtm,1994,5583.0
gtm,1995,5345.0
gtm,1996,5115.0
gtm,1997,4910.0
gtm,1998,4708.0
gtm,1999,4505.0
gtm,2000,4300.0
gtm,2001,4107.0
gtm,2002,3911.0
gtm,2003,3724.0
gtm,2004,3549.0
gtm,2005,3373.0
gtm,2006,3191.0
gtm,2007,3010.0
gtm,2008,2835.0
gtm,2009,2669.0
gtm,2010,2506.0
gtm,2011,2356.0
gtm,2012,2213.0
gtm,2013,2079.0
gtm,2014,1960.0
gtm,2015,1848.0
gtm,2016,1743.0
gtm,2017,1646.0
gtm,2018,1548.0
gtm,2019,1449.0
gtm,2020,1346.0
gtm,2021,1233.0
gtm,2022,1124.0
gtm,2023,1020.0
gtm,2024,926.00
guy,1956,501.00
guy,1957,481.00
guy,1958,461.00
guy,1959,441.00
guy,1960,423.00
guy,1961,406.00
guy,1962,391.00
guy,1963,378.00
guy,1964,366.00
guy,1965,355.00
guy,1966,345.00
guy,1967,336.00
guy,1968,328.00
guy,1969,321.00
guy,1970,315.00
guy,1971,309.00
guy,1972,305.00
guy,1973,301.00
guy,1974,297.00
guy,1975,291.00
guy,1976,285.00
guy,1977,277.00
guy,1978,269.00
guy,1979,259.00
guy,1980,250.00
guy,1981,243.00
guy,1982,235.00
guy,1983,228.00
guy,1984,223.00
guy,1985,218.00
guy,1986,213.00
guy,1987,207.00
guy,1988,200.00
guy,1989,191.00
guy,1990,181.00
guy,1991,172.00
guy,1992,162.00
guy,1993,153.00
guy,1994,145.00
guy,1995,138.00
guy,1996,131.00
guy,1997,126.00
guy,1998,120.00
guy,1999,114.00
guy,2000,107.00
guy,2001,101.00
guy,2002,94.000
guy,2003,87.000
guy,2004,79.000
guy,2005,72.000
guy,2006,66.000
guy,2007,60.000
guy,2008,55.000
guy,2009,51.000
guy,2010,47.000
guy,2011,44.000
guy,2012,41.000
guy,2013,38.000
guy,2014,36.000
guy,2015,34.000
guy,2016,32.000
guy,2017,30.000
guy,2018,28.000
guy,2019,26.000
guy,2020,24.000
guy,2021,23.000
guy,2022,21.000
guy,2023,20.000
guy,2024,19.000
hnd,1962,5501.0
hnd,1963,5401.0
hnd,1964,5294.0
hnd,1965,5170.0
hnd,1966,5040.0
hnd,1967,4913.0
hnd,1968,4793.0
hnd,1969,4668.0
hnd,1970,4543.0
hnd,1971,4419.0
hnd,1972,4303.0
hnd,1973,4190.0
hnd,1974,4085.0
hnd,1975,5925.0
hnd,1976,3872.0
hnd,1977,3782.0
hnd,1978,3697.0
hnd,1979,3611.0
hnd,1980,3524.0
hnd,1981,3427.0
hnd,1982,3324.0
hnd,1983,3206.0
hnd,1984,3089.0
hnd,1985,2966.0
hnd,1986,2850.0
hnd,1987,2733.0
hnd,1988,2618.0
hnd,1989,2506.0
hnd,1990,2396.0
hnd,1991,2291.0
hnd,1992,2197.0
hnd,1993,2109.0
hnd,1994,2031.0
hnd,1995,1961.0
hnd,1996,1892.0
hnd,1997,1824.0
hnd,1998,1757.0
hnd,1999,4668.0
hnd,2000,1597.0
hnd,2001,1522.0
hnd,2002,1448.0
hnd,2003,1379.0
hnd,2004,1309.0
hnd,2005,1237.0
hnd,2006,1162.0
hnd,2007,1090.0
hnd,2008,1022.0
hnd,2009,960.00
hnd,2010,900.00
hnd,2011,847.00
hnd,2012,796.00
hnd,2013,748.00
hnd,2014,705.00
hnd,2015,660.00
hnd,2016,615.00
hnd,2017,578.00
hnd,2018,542.00
hnd,2019,511.00
hnd,2020,482.00
hnd,2021,452.00
hnd,2022,424.00
hnd,2023,398.00
hnd,2024,371.00
hrv,1987,142.00
hrv,1988,132.00
hrv,1989,121.00
hrv,1990,110.00
hrv,1991,101.00
hrv,1992,157.00
hrv,1993,85.000
hrv,1994,78.000
hrv,1995,73.000
hrv,1996,68.000
hrv,1997,64.000
hrv,1998,62.000
hrv,1999,61.000
hrv,2000,58.000
hrv,2001,54.000
hrv,2002,50.000
hrv,2003,45.000
hrv,2004,63.000
hrv,2005,39.000
hrv,2006,37.000
hrv,2007,35.000
hrv,2008,34.000
hrv,2009,33.000
hrv,2010,33.000
hrv,2011,32.000
hrv,2012,32.000
hrv,2013,31.000
hrv,2014,31.000
hrv,2015,30.000
hrv,2016,29.000
hrv,2017,28.000
hrv,2018,27.000
hrv,2019,26.000
hrv,2020,25.000
hrv,2021,24.000
hrv,2022,23.000
hrv,2023,23.000
hrv,2024,22.000
hti,1966,13663
hti,1967,13575
hti,1968,13469
hti,1969,13316
hti,1970,13151
hti,1971,13001
hti,1972,12831
hti,1973,12682
hti,1974,12543
hti,1975,12444
hti,1976,12324
hti,1977,12221
hti,1978,12120
hti,1979,12030
hti,1980,11935
hti,1981,11825
hti,1982,11699
hti,1983,11590
hti,1984,11475
hti,1985,11374
hti,1986,11287
hti,1987,11194
hti,1988,11121
hti,1989,11042
hti,1990,10958
hti,1991,10852
hti,1992,10731
hti,1993,10551
hti,1994,10314
hti,1995,10004
hti,1996,9662.0
hti,1997,9290.0
hti,1998,8922.0
hti,1999,8564.0
hti,2000,8220.0
hti,2001,7888.0
hti,2002,7586.0
hti,2003,7317.0
hti,2004,7059.0
hti,2005,6828.0
hti,2006,6606.0
hti,2007,6381.0
hti,2008,6187.0
hti,2009,5988.0
hti,2010,5789.0
hti,2011,14280
hti,2012,5366.0
hti,2013,5174.0
hti,2014,4956.0
hti,2015,4736.0
hti,2016,4517.0
hti,2017,4264.0
hti,2018,4000.0
hti,2019,3742.0
hti,2020,3477.0
hti,2021,3234.0
hti,2022,3000.0
hti,2023,2768.0
hti,2024,2548.0
hun,1956,1585.0
hun,1957,1574.0
hun,1958,1519.0
hun,1959,1394.0
hun,1960,1210.0
hun,1961,1035.0
hun,1962,894.00
hun,1963,792.00
hun,1964,717.00
hun,1965,654.00
hun,1966,606.00
hun,1967,567.00
hun,1968,541.00
hun,1969,531.00
hun,1970,527.00
hun,1971,529.00
hun,1972,530.00
hun,1973,531.00
hun,1974,532.00
hun,1975,519.00
hun,1976,504.00
hun,1977,488.00
hun,1978,468.00
hun,1979,452.00
hun,1980,426.00
hun,1981,391.00
hun,1982,358.00
hun,1983,336.00
hun,1984,324.00
hun,1985,311.00
hun,1986,295.00
hun,1987,280.00
hun,1988,266.00
hun,1989,257.00
hun,1990,249.00
hun,1991,245.00
hun,1992,240.00
hun,1993,232.00
hun,1994,221.00
hun,1995,206.00
hun,1996,195.00
hun,1997,185.00
hun,1998,175.00
hun,1999,166.00
hun,2000,155.00
hun,2001,144.00
hun,2002,133.00
hun,2003,125.00
hun,2004,118.00
hun,2005,112.00
hun,2006,107.00
hun,2007,102.00
hun,2008,98.000
hun,2009,95.000
hun,2010,92.000
hun,2011,90.000
hun,2012,87.000
hun,2013,83.000
hun,2014,79.000
hun,2015,75.000
hun,2016,71.000
hun,2017,67.000
hun,2018,64.000
hun,2019,62.000
hun,2020,61.000
hun,2021,60.000
hun,2022,59.000
hun,2023,58.000
hun,2024,55.000
idn,1958,254340
idn,1959,256600
idn,1960,258430
idn,1961,259740
idn,1962,260260
idn,1963,260490
idn,1964,259880
idn,1965,258710
idn,1966,343390
idn,1967,251450
idn,1968,247720
idn,1969,243220
idn,1970,237660
idn,1971,231320
idn,1972,224250
idn,1973,216800
idn,1974,209330
idn,1975,201800
idn,1976,193900
idn,1977,186200
idn,1978,178920
idn,1979,171710
idn,1980,165030
idn,1981,158620
idn,1982,152250
idn,1983,145880
idn,1984,139340
idn,1985,132770
idn,1986,125890
idn,1987,118560
idn,1988,110700
idn,1989,102910
idn,1990,95553
idn,1991,89077
idn,1992,83332
idn,1993,78044
idn,1994,72975
idn,1995,68215
idn,1996,64091
idn,1997,60322
idn,1998,57044
idn,1999,54189
idn,2000,51390
idn,2001,48567
idn,2002,45667
idn,2003,42848
idn,2004,40246
idn,2005,54994
idn,2006,36025
idn,2007,34446
idn,2008,33083
idn,2009,31872
idn,2010,30714
idn,2011,29411
idn,2012,28118
idn,2013,26920
idn,2014,25803
idn,2015,24620
idn,2016,23258
idn,2017,21810
idn,2018,20352
idn,2019,18823
idn,2020,17350
idn,2021,15942
idn,2022,14652
idn,2023,13471
idn,2024,12362
ind,1959,1439100
ind,1960,1450300
ind,1961,1459600
ind,1962,1467700
ind,1963,1476200
ind,1964,1486900
ind,1965,1503900
ind,1966,1520400
ind,1967,1536000
ind,1968,1547900
ind,1969,1556400
ind,1970,1558300
ind,1971,1556800
ind,1972,1553000
ind,1973,1548900
ind,1974,1544100
ind,1975,1536500
ind,1976,1525500
ind,1977,1507100
ind,1978,1483900
ind,1979,1456600
ind,1980,1423800
ind,1981,1392400
ind,1982,1364100
ind,1983,1340600
ind,1984,1320300
ind,1985,1300000
ind,1986,1278700
ind,1987,1254900
ind,1988,1227300
ind,1989,1197900
ind,1990,1163600
ind,1991,1127400
ind,1992,1087900
ind,1993,1047700
ind,1994,1007600
ind,1995,965150
ind,1996,921300
ind,1997,877310
ind,1998,831960
ind,1999,786280
ind,2000,740670
ind,2001,695880
ind,2002,651650
ind,2003,610680
ind,2004,570540
ind,2005,529620
ind,2006,488540
ind,2007,446860
ind,2008,406010
ind,2009,367440
ind,2010,331630
ind,2011,299440
ind,2012,270530
ind,2013,243810
ind,2014,219070
ind,2015,196060
ind,2016,174310
ind,2017,154390
ind,2018,136740
ind,2019,120820
ind,2020,106780
ind,2021,94352
ind,2022,83348
ind,2023,73981
ind,2024,65897
irl,1956,417.00
irl,1957,387.00
irl,1958,359.00
irl,1959,332.00
irl,1960,309.00
irl,1961,289.00
irl,1962,274.00
irl,1963,262.00
irl,1964,251.00
irl,1965,242.00
irl,1966,233.00
irl,1967,224.00
irl,1968,214.00
irl,1969,203.00
irl,1970,194.00
irl,1971,189.00
irl,1972,189.00
irl,1973,193.00
irl,1974,198.00
irl,1975,201.00
irl,1976,201.00
irl,1977,197.00
irl,1978,189.00
irl,1979,179.00
irl,1980,168.00
irl,1981,158.00
irl,1982,150.00
irl,1983,144.00
irl,1984,138.00
irl,1985,131.00
irl,1986,123.00
irl,1987,115.00
irl,1988,109.00
irl,1989,103.00
irl,1990,96.000
irl,1991,88.000
irl,1992,79.000
irl,1993,72.000
irl,1994,65.000
irl,1995,62.000
irl,1996,60.000
irl,1997,58.000
irl,1998,58.000
irl,1999,58.000
irl,2000,58.000
irl,2001,58.000
irl,2002,57.000
irl,2003,54.000
irl,2004,51.000
irl,2005,48.000
irl,2006,46.000
irl,2007,43.000
irl,2008,41.000
irl,2009,40.000
irl,2010,40.000
irl,2011,41.000
irl,2012,41.000
irl,2013,40.000
irl,2014,38.000
irl,2015,36.000
irl,2016,34.000
irl,2017,31.000
irl,2018,29.000
irl,2019,27.000
irl,2020,26.000
irl,2021,25.000
irl,2022,24.000
irl,2023,23.000
irl,2024,22.000
irn,1977,34216
irn,1978,32263
irn,1979,30568
irn,1980,29068
irn,1981,27846
irn,1982,26731
irn,1983,25640
irn,1984,24748
irn,1985,23929
irn,1986,23085
irn,1987,22186
irn,1988,21080
irn,1989,19665
irn,1990,18241
irn,1991,16839
irn,1992,15510
irn,1993,14269
irn,1994,13010
irn,1995,11724
irn,1996,10302
irn,1997,8816.0
irn,1998,7437.0
irn,1999,6251.0
irn,2000,5343.0
irn,2001,4702.0
irn,2002,4227.0
irn,2003,3882.0
irn,2004,3600.0
irn,2005,3343.0
irn,2006,3119.0
irn,2007,2923.0
irn,2008,2762.0
irn,2009,2587.0
irn,2010,2417.0
irn,2011,2257.0
irn,2012,2106.0
irn,2013,1962.0
irn,2014,1838.0
irn,2015,1737.0
irn,2016,1646.0
irn,2017,1574.0
irn,2018,1489.0
irn,2019,1389.0
irn,2020,1269.0
irn,2021,1137.0
irn,2022,1003.0
irn,2023,875.00
irn,2024,771.00
irq,1956,18312
irq,1957,17222
irq,1958,15792
irq,1959,14038
irq,1960,12198
irq,1961,10928
irq,1962,10080
irq,1963,9721.0
irq,1964,10024
irq,1965,10454
irq,1966,10759
irq,1967,10914
irq,1968,10751
irq,1969,10395
irq,1970,10066
irq,1971,9773.0
irq,1972,9503.0
irq,1973,9232.0
irq,1974,8959.0
irq,1975,8685.0
irq,1976,8397.0
irq,1977,8105.0
irq,1978,7822.0
irq,1979,7548.0
irq,1980,7267.0
irq,1981,7007.0
irq,1982,6765.0
irq,1983,6545.0
irq,1984,6351.0
irq,1985,6176.0
irq,1986,6009.0
irq,1987,5866.0
irq,1988,5729.0
irq,1989,10098
irq,1990,14786
irq,1991,14776
irq,1992,9789.0
irq,1993,5224.0
irq,1994,5132.0
irq,1995,5031.0
irq,1996,4920.0
irq,1997,4829.0
irq,1998,4744.0
irq,1999,4661.0
irq,2000,4554.0
irq,2001,4434.0
irq,2002,4331.0
irq,2003,4222.0
irq,2004,4095.0
irq,2005,3968.0
irq,2006,3834.0
irq,2007,3706.0
irq,2008,3598.0
irq,2009,3467.0
irq,2010,3307.0
irq,2011,3147.0
irq,2012,2999.0
irq,2013,2887.0
irq,2014,2810.0
irq,2015,2736.0
irq,2016,2636.0
irq,2017,2486.0
irq,2018,2293.0
irq,2019,2101.0
irq,2020,1913.0
irq,2021,1752.0
irq,2022,1620.0
irq,2023,1503.0
irq,2024,1411.0
isl,1956,19.000
isl,1957,18.000
isl,1958,18.000
isl,1959,18.000
isl,1960,18.000
isl,1961,18.000
isl,1962,18.000
isl,1963,18.000
isl,1964,17.000
isl,1965,17.000
isl,1966,16.000
isl,1967,16.000
isl,1968,15.000
isl,1969,14.000
isl,1970,13.000
isl,1971,12.000
isl,1972,12.000
isl,1973,11.000
isl,1974,10.000
isl,1975,10.000
isl,1976,10.000
isl,1977,9.0000
isl,1978,9.0000
isl,1979,8.0000
isl,1980,7.0000
isl,1981,7.0000
isl,1982,7.0000
isl,1983,6.0000
isl,1984,6.0000
isl,1985,6.0000
isl,1986,6.0000
isl,1987,5.0000
isl,1988,5.0000
isl,1989,5.0000
isl,1990,5.0000
isl,1991,5.0000
isl,1992,5.0000
isl,1993,5.0000
isl,1994,5.0000
isl,1995,4.0000
isl,1996,4.0000
isl,1997,4.0000
isl,1998,4.0000
isl,1999,4.0000
isl,2000,3.0000
isl,2001,3.0000
isl,2002,3.0000
isl,2003,3.0000
isl,2004,3.0000
isl,2005,3.0000
isl,2006,2.0000
isl,2007,2.0000
isl,2008,2.0000
isl,2009,2.0000
isl,2010,2.0000
isl,2011,2.0000
isl,2012,3.0000
isl,2013,3.0000
isl,2014,3.0000
isl,2015,3.0000
isl,2016,2.0000
isl,2017,2.0000
isl,2018,2.0000
isl,2019,2.0000
isl,2020,2.0000
isl,2021,2.0000
isl,2022,2.0000
isl,2023,2.0000
isl,2024,2.0000
isr,1958,515.00
isr,1959,482.00
isr,1960,454.00
isr,1961,432.00
isr,1962,409.00
isr,1963,385.00
isr,1964,360.00
isr,1965,338.00
isr,1966,321.00
isr,1967,308.00
isr,1968,299.00
isr,1969,291.00
isr,1970,283.00
isr,1971,279.00
isr,1972,280.00
isr,1973,287.00
isr,1974,295.00
isr,1975,298.00
isr,1976,297.00
isr,1977,291.00
isr,1978,282.00
isr,1979,271.00
isr,1980,258.00
isr,1981,245.00
isr,1982,234.00
isr,1983,223.00
isr,1984,216.00
isr,1985,210.00
isr,1986,205.00
isr,1987,198.00
isr,1988,192.00
isr,1989,186.00
isr,1990,180.00
isr,1991,173.00
isr,1992,166.00
isr,1993,161.00
isr,1994,158.00
isr,1995,156.00
isr,1996,154.00
isr,1997,153.00
isr,1998,151.00
isr,1999,150.00
isr,2000,150.00
isr,2001,150.00
isr,2002,150.00
isr,2003,150.00
isr,2004,148.00
isr,2005,147.00
isr,2006,144.00
isr,2007,140.00
isr,2008,136.00
isr,2009,132.00
isr,2010,129.00
isr,2011,128.00
isr,2012,127.00
isr,2013,126.00
isr,2014,126.00
isr,2015,125.00
isr,2016,124.00
isr,2017,123.00
isr,2018,122.00
isr,2019,121.00
isr,2020,121.00
isr,2021,120.00
isr,2022,119.00
isr,2023,117.00
isr,2024,115.00
ita,1956,9014.0
ita,1957,8396.0
ita,1958,7937.0
ita,1959,7552.0
ita,1960,7135.0
ita,1961,6709.0
ita,1962,6288.0
ita,1963,5872.0
ita,1964,5495.0
ita,1965,5151.0
ita,1966,4882.0
ita,1967,4660.0
ita,1968,4443.0
ita,1969,4216.0
ita,1970,3939.0
ita,1971,3644.0
ita,1972,3343.0
ita,1973,3044.0
ita,1974,2757.0
ita,1975,2474.0
ita,1976,2227.0
ita,1977,2008.0
ita,1978,1808.0
ita,1979,1637.0
ita,1980,1479.0
ita,1981,1338.0
ita,1982,1215.0
ita,1983,1107.0
ita,1984,1018.0
ita,1985,944.00
ita,1986,885.00
ita,1987,836.00
ita,1988,792.00
ita,1989,755.00
ita,1990,729.00
ita,1991,713.00
ita,1992,700.00
ita,1993,686.00
ita,1994,663.00
ita,1995,631.00
ita,1996,594.00
ita,1997,555.00
ita,1998,518.00
ita,1999,484.00
ita,2000,458.00
ita,2001,437.00
ita,2002,420.00
ita,2003,402.00
ita,2004,386.00
ita,2005,370.00
ita,2006,360.00
ita,2007,352.00
ita,2008,346.00
ita,2009,342.00
ita,2010,336.00
ita,2011,330.00
ita,2012,323.00
ita,2013,314.00
ita,2014,302.00
ita,2015,288.00
ita,2016,273.00
ita,2017,257.00
ita,2018,241.00
ita,2019,225.00
ita,2020,210.00
ita,2021,197.00
ita,2022,185.00
ita,2023,175.00
ita,2024,165.00
jam,1962,930.00
jam,1963,892.00
jam,1964,849.00
jam,1965,807.00
jam,1966,765.00
jam,1967,722.00
jam,1968,681.00
jam,1969,641.00
jam,1970,598.00
jam,1971,556.00
jam,1972,514.00
jam,1973,474.00
jam,1974,436.00
jam,1975,404.00
jam,1976,374.00
jam,1977,347.00
jam,1978,320.00
jam,1979,296.00
jam,1980,274.00
jam,1981,255.00
jam,1982,239.00
jam,1983,225.00
jam,1984,214.00
jam,1985,205.00
jam,1986,196.00
jam,1987,189.00
jam,1988,180.00
jam,1989,171.00
jam,1990,162.00
jam,1991,153.00
jam,1992,144.00
jam,1993,137.00
jam,1994,132.00
jam,1995,127.00
jam,1996,121.00
jam,1997,114.00
jam,1998,106.00
jam,1999,98.000
jam,2000,90.000
jam,2001,82.000
jam,2002,75.000
jam,2003,70.000
jam,2004,65.000
jam,2005,61.000
jam,2006,58.000
jam,2007,55.000
jam,2008,53.000
jam,2009,52.000
jam,2010,50.000
jam,2011,48.000
jam,2012,46.000
jam,2013,45.000
jam,2014,43.000
jam,2015,42.000
jam,2016,40.000
jam,2017,39.000
jam,2018,38.000
jam,2019,37.000
jam,2020,36.000
jam,2021,35.000
jam,2022,34.000
jam,2023,33.000
jam,2024,32.000
jor,1956,1537.0
jor,1957,1523.0
jor,1958,1512.0
jor,1959,1495.0
jor,1960,1474.0
jor,1961,1450.0
jor,1962,1422.0
jor,1963,1392.0
jor,1964,1358.0
jor,1965,1318.0
jor,1966,1274.0
jor,1967,1224.0
jor,1968,1180.0
jor,1969,1140.0
jor,1970,1112.0
jor,1971,1089.0
jor,1972,1071.0
jor,1973,1047.0
jor,1974,1018.0
jor,1975,982.00
jor,1976,940.00
jor,1977,894.00
jor,1978,848.00
jor,1979,804.00
jor,1980,763.00
jor,1981,724.00
jor,1982,689.00
jor,1983,658.00
jor,1984,630.00
jor,1985,605.00
jor,1986,584.00
jor,1987,565.00
jor,1988,549.00
jor,1989,536.00
jor,1990,524.00
jor,1991,512.00
jor,1992,502.00
jor,1993,498.00
jor,1994,500.00
jor,1995,503.00
jor,1996,508.00
jor,1997,508.00
jor,1998,501.00
jor,1999,488.00
jor,2000,469.00
jor,2001,444.00
jor,2002,419.00
jor,2003,393.00
jor,2004,372.00
jor,2005,356.00
jor,2006,342.00
jor,2007,329.00
jor,2008,317.00
jor,2009,310.00
jor,2010,308.00
jor,2011,308.00
jor,2012,307.00
jor,2013,299.00
jor,2014,285.00
jor,2015,269.00
jor,2016,253.00
jor,2017,242.00
jor,2018,234.00
jor,2019,229.00
jor,2020,220.00
jor,2021,210.00
jor,2022,197.00
jor,2023,183.00
jor,2024,171.00
jpn,1956,34299
jpn,1957,28680
jpn,1958,24310
jpn,1959,20742
jpn,1960,17919
jpn,1961,15680
jpn,1962,13777
jpn,1963,12223
jpn,1964,10895
jpn,1965,9787.0
jpn,1966,9012.0
jpn,1967,8533.0
jpn,1968,8003.0
jpn,1969,7629.0
jpn,1970,7485.0
jpn,1971,7255.0
jpn,1972,7206.0
jpn,1973,7163.0
jpn,1974,6995.0
jpn,1975,6885.0
jpn,1976,6733.0
jpn,1977,6418.0
jpn,1978,5961.0
jpn,1979,5435.0
jpn,1980,4904.0
jpn,1981,4452.0
jpn,1982,4064.0
jpn,1983,3715.0
jpn,1984,3408.0
jpn,1985,3143.0
jpn,1986,2929.0
jpn,1987,2754.0
jpn,1988,2600.0
jpn,1989,2460.0
jpn,1990,2330.0
jpn,1991,2216.0
jpn,1992,2114.0
jpn,1993,2028.0
jpn,1994,1949.0
jpn,1995,1874.0
jpn,1996,1811.0
jpn,1997,1741.0
jpn,1998,1662.0
jpn,1999,1585.0
jpn,2000,1503.0
jpn,2001,1426.0
jpn,2002,1357.0
jpn,2003,1296.0
jpn,2004,1242.0
jpn,2005,1189.0
jpn,2006,1138.0
jpn,2007,1086.0
jpn,2008,1040.0
jpn,2009,1004.0
jpn,2010,973.00
jpn,2011,947.00
jpn,2012,1009.0
jpn,2013,884.00
jpn,2014,843.00
jpn,2015,800.00
jpn,2016,758.00
jpn,2017,717.00
jpn,2018,680.00
jpn,2019,642.00
jpn,2020,606.00
jpn,2021,572.00
jpn,2022,539.00
jpn,2023,510.00
jpn,2024,483.00
kaz,1977,2832.0
kaz,1978,2870.0
kaz,1979,2885.0
kaz,1980,2891.0
kaz,1981,2898.0
kaz,1982,2901.0
kaz,1983,2905.0
kaz,1984,2895.0
kaz,1985,2888.0
kaz,1986,2881.0
kaz,1987,2887.0
kaz,1988,2897.0
kaz,1989,2898.0
kaz,1990,2867.0
kaz,1991,2806.0
kaz,1992,2737.0
kaz,1993,2681.0
kaz,1994,2642.0
kaz,1995,2609.0
kaz,1996,2540.0
kaz,1997,2416.0
kaz,1998,2231.0
kaz,1999,2014.0
kaz,2000,1793.0
kaz,2001,1595.0
kaz,2002,1441.0
kaz,2003,1336.0
kaz,2004,1269.0
kaz,2005,1239.0
kaz,2006,1244.0
kaz,2007,1265.0
kaz,2008,1284.0
kaz,2009,1297.0
kaz,2010,1286.0
kaz,2011,1254.0
kaz,2012,1199.0
kaz,2013,1125.0
kaz,2014,1041.0
kaz,2015,962.00
kaz,2016,907.00
kaz,2017,870.00
kaz,2018,851.00
kaz,2019,848.00
kaz,2020,845.00
kaz,2021,845.00
kaz,2022,849.00
kaz,2023,863.00
kaz,2024,859.00
ken,1959,28924
ken,1960,28882
ken,1961,28853
ken,1962,28848
ken,1963,28875
ken,1964,29052
ken,1965,29375
ken,1966,29822
ken,1967,30368
ken,1968,30901
ken,1969,31340
ken,1970,31656
ken,1971,31854
ken,1972,31892
ken,1973,31851
ken,1974,31630
ken,1975,31252
ken,1976,30667
ken,1977,30003
ken,1978,29273
ken,1979,28550
ken,1980,27792
ken,1981,27151
ken,1982,26546
ken,1983,26026
ken,1984,25653
ken,1985,25391
ken,1986,25344
ken,1987,25585
ken,1988,26140
ken,1989,27182
ken,1990,28626
ken,1991,30490
ken,1992,32521
ken,1993,34484
ken,1994,36092
ken,1995,37101
ken,1996,37585
ken,1997,37615
ken,1998,37260
ken,1999,36615
ken,2000,35711
ken,2001,34468
ken,2002,33019
ken,2003,31456
ken,2004,29768
ken,2005,28054
ken,2006,26254
ken,2007,24506
ken,2008,22635
ken,2009,19982
ken,2010,17515
ken,2011,16031
ken,2012,15126
ken,2013,13679
ken,2014,12541
ken,2015,11824
ken,2016,11265
ken,2017,9852.0
ken,2018,8974.0
ken,2019,8524.0
ken,2020,7870.0
ken,2021,7614.0
ken,2022,7046.0
ken,2023,6623.0
ken,2024,6286.0
kgz,1984,1107.0
kgz,1985,1089.0
kgz,1986,1083.0
kgz,1987,1080.0
kgz,1988,1080.0
kgz,1989,1081.0
kgz,1990,1079.0
kgz,1991,1083.0
kgz,1992,1087.0
kgz,1993,1091.0
kgz,1994,1091.0
kgz,1995,1077.0
kgz,1996,1036.0
kgz,1997,977.00
kgz,1998,908.00
kgz,1999,837.00
kgz,2000,772.00
kgz,2001,717.00
kgz,2002,670.00
kgz,2003,633.00
kgz,2004,606.00
kgz,2005,585.00
kgz,2006,572.00
kgz,2007,560.00
kgz,2008,544.00
kgz,2009,525.00
kgz,2010,506.00
kgz,2011,488.00
kgz,2012,472.00
kgz,2013,462.00
kgz,2014,456.00
kgz,2015,443.00
kgz,2016,424.00
kgz,2017,399.00
kgz,2018,373.00
kgz,2019,352.00
kgz,2020,339.00
kgz,2021,337.00
kgz,2022,335.00
kgz,2023,329.00
kgz,2024,313.00
khm,1982,6463.0
khm,1983,6928.0
khm,1984,7495.0
khm,1985,7947.0
khm,1986,8161.0
khm,1987,8217.0
khm,1988,8272.0
khm,1989,8343.0
khm,1990,8372.0
khm,1991,8312.0
khm,1992,8259.0
khm,1993,8206.0
khm,1994,8204.0
khm,1995,8291.0
khm,1996,8441.0
khm,1997,8484.0
khm,1998,8363.0
khm,1999,7983.0
khm,2000,7324.0
khm,2001,6510.0
khm,2002,5618.0
khm,2003,4778.0
khm,2004,4110.0
khm,2005,3588.0
khm,2006,3181.0
khm,2007,2838.0
khm,2008,2536.0
khm,2009,2273.0
khm,2010,2037.0
khm,2011,1816.0
khm,2012,1599.0
khm,2013,1385.0
khm,2014,1205.0
khm,2015,1063.0
khm,2016,940.00
khm,2017,842.00
khm,2018,765.00
khm,2019,698.00
khm,2020,643.00
khm,2021,590.00
khm,2022,544.00
khm,2023,499.00
khm,2024,459.00
kir,1956,94.000
kir,1957,95.000
kir,1958,96.000
kir,1959,95.000
kir,1960,95.000
kir,1961,94.000
kir,1962,93.000
kir,1963,92.000
kir,1964,91.000
kir,1965,89.000
kir,1966,86.000
kir,1967,84.000
kir,1968,81.000
kir,1969,79.000
kir,1970,76.000
kir,1971,72.000
kir,1972,69.000
kir,1973,66.000
kir,1974,64.000
kir,1975,62.000
kir,1976,61.000
kir,1977,60.000
kir,1978,58.000
kir,1979,57.000
kir,1980,56.000
kir,1981,56.000
kir,1982,55.000
kir,1983,55.000
kir,1984,55.000
kir,1985,55.000
kir,1986,56.000
kir,1987,56.000
kir,1988,55.000
kir,1989,55.000
kir,1990,54.000
kir,1991,53.000
kir,1992,52.000
kir,1993,51.000
kir,1994,51.000
kir,1995,50.000
kir,1996,49.000
kir,1997,47.000
kir,1998,46.000
kir,1999,45.000
kir,2000,44.000
kir,2001,43.000
kir,2002,42.000
kir,2003,41.000
kir,2004,40.000
kir,2005,39.000
kir,2006,39.000
kir,2007,39.000
kir,2008,39.000
kir,2009,40.000
kir,2010,41.000
kir,2011,42.000
kir,2012,43.000
kir,2013,43.000
kir,2014,44.000
kir,2015,44.000
kir,2016,44.000
kir,2017,43.000
kir,2018,42.000
kir,2019,41.000
kir,2020,40.000
kir,2021,38.000
kir,2022,37.000
kir,2023,35.000
kir,2024,33.000
kna,1979,11.000
kna,1980,10.000
kna,1981,10.000
kna,1982,9.0000
kna,1983,9.0000
kna,1984,8.0000
kna,1985,7.0000
kna,1986,7.0000
kna,1987,6.0000
kna,1988,6.0000
kna,1989,5.0000
kna,1990,5.0000
kna,1991,5.0000
kna,1992,4.0000
kna,1993,4.0000
kna,1994,4.0000
kna,1995,4.0000
kna,1996,3.0000
kna,1997,3.0000
kna,1998,3.0000
kna,1999,3.0000
kna,2000,3.0000
kna,2001,3.0000
kna,2002,3.0000
kna,2003,2.0000
kna,2004,2.0000
kna,2005,2.0000
kna,2006,2.0000
kna,2007,2.0000
kna,2008,2.0000
kna,2009,2.0000
kna,2010,2.0000
kna,2011,2.0000
kna,2012,2.0000
kna,2013,2.0000
kna,2014,2.0000
kna,2015,2.0000
kna,2016,1.0000
kna,2017,1.0000
kna,2018,1.0000
kna,2019,1.0000
kna,2020,1.0000
kna,2021,1.0000
kna,2022,1.0000
kna,2023,1.0000
kna,2024,1.0000
kor,1957,43570
kor,1958,40352
kor,1959,37847
kor,1960,35964
kor,1961,34427
kor,1962,32949
kor,1963,31404
kor,1964,29440
kor,1965,27094
kor,1966,24547
kor,1967,21911
kor,1968,19481
kor,1969,17325
kor,1970,15486
kor,1971,13988
kor,1972,12833
kor,1973,11886
kor,1974,11041
kor,1975,10226
kor,1976,9411.0
kor,1977,8609.0
kor,1978,7896.0
kor,1979,7243.0
kor,1980,6642.0
kor,1981,6132.0
kor,1982,5744.0
kor,1983,5441.0
kor,1984,5164.0
kor,1985,4797.0
kor,1986,4288.0
kor,1987,3712.0
kor,1988,3168.0
kor,1989,2734.0
kor,1990,2424.0
kor,1991,2202.0
kor,1992,2032.0
kor,1993,1913.0
kor,1994,1825.0
kor,1995,1734.0
kor,1996,1631.0
kor,1997,1514.0
kor,1998,1389.0
kor,1999,1275.0
kor,2000,1173.0
kor,2001,1078.0
kor,2002,991.00
kor,2003,903.00
kor,2004,803.00
kor,2005,702.00
kor,2006,605.00
kor,2007,522.00
kor,2008,462.00
kor,2009,421.00
kor,2010,392.00
kor,2011,369.00
kor,2012,351.00
kor,2013,333.00
kor,2014,317.00
kor,2015,303.00
kor,2016,287.00
kor,2017,270.00
kor,2018,252.00
kor,2019,231.00
kor,2020,208.00
kor,2021,183.00
kor,2022,158.00
kor,2023,136.00
kor,2024,119.00
kwt,1965,235.00
kwt,1966,241.00
kwt,1967,247.00
kwt,1968,254.00
kwt,1969,262.00
kwt,1970,270.00
kwt,1971,280.00
kwt,1972,290.00
kwt,1973,296.00
kwt,1974,300.00
kwt,1975,299.00
kwt,1976,296.00
kwt,1977,291.00
kwt,1978,285.00
kwt,1979,277.00
kwt,1980,268.00
kwt,1981,256.00
kwt,1982,242.00
kwt,1983,227.00
kwt,1984,212.00
kwt,1985,199.00
kwt,1986,190.00
kwt,1987,183.00
kwt,1988,176.00
kwt,1989,167.00
kwt,1990,158.00
kwt,1991,148.00
kwt,1992,140.00
kwt,1993,125.00
kwt,1994,107.00
kwt,1995,95.000
kwt,1996,84.000
kwt,1997,84.000
kwt,1998,89.000
kwt,1999,90.000
kwt,2000,89.000
kwt,2001,88.000
kwt,2002,86.000
kwt,2003,85.000
kwt,2004,84.000
kwt,2005,83.000
kwt,2006,83.000
kwt,2007,84.000
kwt,2008,84.000
kwt,2009,84.000
kwt,2010,83.000
kwt,2011,82.000
kwt,2012,79.000
kwt,2013,77.000
kwt,2014,76.000
kwt,2015,75.000
kwt,2016,74.000
kwt,2017,73.000
kwt,2018,72.000
kwt,2019,71.000
kwt,2020,70.000
kwt,2021,67.000
kwt,2022,65.000
kwt,2023,60.000
kwt,2024,56.000
lao,1984,7861.0
lao,1985,7641.0
lao,1986,7432.0
lao,1987,7242.0
lao,1988,7031.0
lao,1989,6800.0
lao,1990,6557.0
lao,1991,6312.0
lao,1992,6073.0
lao,1993,5820.0
lao,1994,5580.0
lao,1995,5326.0
lao,1996,5058.0
lao,1997,4756.0
lao,1998,4436.0
lao,1999,4110.0
lao,2000,3792.0
lao,2001,3494.0
lao,2002,3206.0
lao,2003,2933.0
lao,2004,2672.0
lao,2005,2432.0
lao,2006,2217.0
lao,2007,2017.0
lao,2008,1827.0
lao,2009,1657.0
lao,2010,1506.0
lao,2011,1369.0
lao,2012,1254.0
lao,2013,1139.0
lao,2014,1032.0
lao,2015,927.00
lao,2016,833.00
lao,2017,757.00
lao,2018,693.00
lao,2019,638.00
lao,2020,587.00
lao,2021,540.00
lao,2022,497.00
lao,2023,458.00
lao,2024,423.00
lbn,1962,537.00
lbn,1963,535.00
lbn,1964,530.00
lbn,1965,522.00
lbn,1966,514.00
lbn,1967,504.00
lbn,1968,497.00
lbn,1969,488.00
lbn,1970,480.00
lbn,1971,476.00
lbn,1972,473.00
lbn,1973,472.00
lbn,1974,471.00
lbn,1975,471.00
lbn,1976,472.00
lbn,1977,6368.0
lbn,1978,1330.0
lbn,1979,1417.0
lbn,1980,1527.0
lbn,1981,1522.0
lbn,1982,1522.0
lbn,1983,4145.0
lbn,1984,857.00
lbn,1985,849.00
lbn,1986,834.00
lbn,1987,811.00
lbn,1988,1426.0
lbn,1989,1392.0
lbn,1990,328.00
lbn,1991,316.00
lbn,1992,304.00
lbn,1993,291.00
lbn,1994,276.00
lbn,1995,260.00
lbn,1996,243.00
lbn,1997,227.00
lbn,1998,212.00
lbn,1999,199.00
lbn,2000,188.00
lbn,2001,178.00
lbn,2002,170.00
lbn,2003,161.00
lbn,2004,152.00
lbn,2005,144.00
lbn,2006,135.00
lbn,2007,128.00
lbn,2008,121.00
lbn,2009,116.00
lbn,2010,112.00
lbn,2011,111.00
lbn,2012,113.00
lbn,2013,116.00
lbn,2014,122.00
lbn,2015,129.00
lbn,2016,141.00
lbn,2017,158.00
lbn,2018,176.00
lbn,2019,192.00
lbn,2020,205.00
lbn,2021,208.00
lbn,2022,209.00
lbn,2023,207.00
lbn,2024,206.00
lbr,1960,4849.0
lbr,1961,5052.0
lbr,1962,5220.0
lbr,1963,5360.0
lbr,1964,5488.0
lbr,1965,5597.0
lbr,1966,5707.0
lbr,1967,5812.0
lbr,1968,5887.0
lbr,1969,5945.0
lbr,1970,5982.0
lbr,1971,6018.0
lbr,1972,6040.0
lbr,1973,6063.0
lbr,1974,6085.0
lbr,1975,6121.0
lbr,1976,6175.0
lbr,1977,6266.0
lbr,1978,6386.0
lbr,1979,6518.0
lbr,1980,6665.0
lbr,1981,6827.0
lbr,1982,6997.0
lbr,1983,7186.0
lbr,1984,7399.0
lbr,1985,7647.0
lbr,1986,7970.0
lbr,1987,8364.0
lbr,1988,8809.0
lbr,1989,9279.0
lbr,1990,9721.0
lbr,1991,10088
lbr,1992,10354
lbr,1993,10091
lbr,1994,9390.0
lbr,1995,8710.0
lbr,1996,8033.0
lbr,1997,7590.0
lbr,1998,7353.0
lbr,1999,7029.0
lbr,2000,6747.0
lbr,2001,6616.0
lbr,2002,6496.0
lbr,2003,6328.0
lbr,2004,6053.0
lbr,2005,5686.0
lbr,2006,5305.0
lbr,2007,4972.0
lbr,2008,4741.0
lbr,2009,4601.0
lbr,2010,4526.0
lbr,2011,4467.0
lbr,2012,4386.0
lbr,2013,4259.0
lbr,2014,4141.0
lbr,2015,4034.0
lbr,2016,3886.0
lbr,2017,3720.0
lbr,2018,3512.0
lbr,2019,3297.0
lbr,2020,3091.0
lbr,2021,2897.0
lbr,2022,2715.0
lbr,2023,2540.0
lbr,2024,2377.0
lby,1962,4546.0
lby,1963,4413.0
lby,1964,4263.0
lby,1965,4110.0
lby,1966,3944.0
lby,1967,3760.0
lby,1968,3562.0
lby,1969,3334.0
lby,1970,3085.0
lby,1971,2852.0
lby,1972,2642.0
lby,1973,2472.0
lby,1974,2335.0
lby,1975,2219.0
lby,1976,2131.0
lby,1977,2070.0
lby,1978,2027.0
lby,1979,2006.0
lby,1980,1991.0
lby,1981,1978.0
lby,1982,1965.0
lby,1983,1942.0
lby,1984,1903.0
lby,1985,1828.0
lby,1986,1704.0
lby,1987,1548.0
lby,1988,1403.0
lby,1989,1278.0
lby,1990,1186.0
lby,1991,1112.0
lby,1992,1040.0
lby,1993,971.00
lby,1994,907.00
lby,1995,851.00
lby,1996,803.00
lby,1997,763.00
lby,1998,732.00
lby,1999,711.00
lby,2000,696.00
lby,2001,687.00
lby,2002,680.00
lby,2003,675.00
lby,2004,666.00
lby,2005,653.00
lby,2006,635.00
lby,2007,613.00
lby,2008,581.00
lby,2009,544.00
lby,2010,504.00
lby,2011,464.00
lby,2012,714.00
lby,2013,393.00
lby,2014,360.00
lby,2015,327.00
lby,2016,296.00
lby,2017,267.00
lby,2018,245.00
lby,2019,226.00
lby,2020,205.00
lby,2021,187.00
lby,2022,171.00
lby,2023,157.00
lby,2024,1089.0
lca,1956,236.00
lca,1957,223.00
lca,1958,211.00
lca,1959,201.00
lca,1960,193.00
lca,1961,184.00
lca,1962,173.00
lca,1963,160.00
lca,1964,147.00
lca,1965,133.00
lca,1966,120.00
lca,1967,108.00
lca,1968,97.000
lca,1969,87.000
lca,1970,79.000
lca,1971,71.000
lca,1972,65.000
lca,1973,58.000
lca,1974,52.000
lca,1975,46.000
lca,1976,41.000
lca,1977,37.000
lca,1978,34.000
lca,1979,31.000
lca,1980,28.000
lca,1981,26.000
lca,1982,24.000
lca,1983,22.000
lca,1984,21.000
lca,1985,19.000
lca,1986,18.000
lca,1987,18.000
lca,1988,17.000
lca,1989,16.000
lca,1990,15.000
lca,1991,14.000
lca,1992,13.000
lca,1993,12.000
lca,1994,12.000
lca,1995,11.000
lca,1996,11.000
lca,1997,10.000
lca,1998,10.000
lca,1999,10.000
lca,2000,9.0000
lca,2001,8.0000
lca,2002,8.0000
lca,2003,7.0000
lca,2004,7.0000
lca,2005,6.0000
lca,2006,6.0000
lca,2007,6.0000
lca,2008,5.0000
lca,2009,5.0000
lca,2010,5.0000
lca,2011,5.0000
lca,2012,4.0000
lca,2013,4.0000
lca,2014,4.0000
lca,2015,4.0000
lca,2016,3.0000
lca,2017,3.0000
lca,2018,3.0000
lca,2019,3.0000
lca,2020,3.0000
lca,2021,3.0000
lca,2022,3.0000
lca,2023,2.0000
lca,2024,2.0000
lka,1957,14633
lka,1958,13996
lka,1959,13196
lka,1960,12428
lka,1961,11767
lka,1962,11236
lka,1963,10861
lka,1964,10531
lka,1965,10153
lka,1966,9727.0
lka,1967,9282.0
lka,1968,8852.0
lka,1969,8458.0
lka,1970,8137.0
lka,1971,7893.0
lka,1972,7696.0
lka,1973,7515.0
lka,1974,7308.0
lka,1975,7076.0
lka,1976,6793.0
lka,1977,6459.0
lka,1978,6093.0
lka,1979,5716.0
lka,1980,5391.0
lka,1981,5123.0
lka,1982,4848.0
lka,1983,4548.0
lka,1984,4163.0
lka,1985,3665.0
lka,1986,3140.0
lka,1987,2665.0
lka,1988,2300.0
lka,1989,2047.0
lka,1990,2664.0
lka,1991,1771.0
lka,1992,1700.0
lka,1993,1626.0
lka,1994,1544.0
lka,1995,1462.0
lka,1996,1384.0
lka,1997,1311.0
lka,1998,1244.0
lka,1999,1178.0
lka,2000,1118.0
lka,2001,1073.0
lka,2002,1050.0
lka,2003,1050.0
lka,2004,1061.0
lka,2005,4358.0
lka,2006,1029.0
lka,2007,976.00
lka,2008,918.00
lka,2009,861.00
lka,2010,2903.0
lka,2011,757.00
lka,2012,703.00
lka,2013,642.00
lka,2014,582.00
lka,2015,530.00
lka,2016,483.00
lka,2017,440.00
lka,2018,401.00
lka,2019,365.00
lka,2020,331.00
lka,2021,299.00
lka,2022,269.00
lka,2023,242.00
lka,2024,219.00
lso,1958,1373.0
lso,1959,1352.0
lso,1960,1340.0
lso,1961,1337.0
lso,1962,1340.0
lso,1963,1352.0
lso,1964,1366.0
lso,1965,1376.0
lso,1966,1383.0
lso,1967,1379.0
lso,1968,1368.0
lso,1969,1349.0
lso,1970,1325.0
lso,1971,1297.0
lso,1972,1267.0
lso,1973,1237.0
lso,1974,1207.0
lso,1975,1173.0
lso,1976,1139.0
lso,1977,1101.0
lso,1978,1064.0
lso,1979,1022.0
lso,1980,974.00
lso,1981,924.00
lso,1982,871.00
lso,1983,819.00
lso,1984,770.00
lso,1985,725.00
lso,1986,686.00
lso,1987,650.00
lso,1988,619.00
lso,1989,599.00
lso,1990,589.00
lso,1991,591.00
lso,1992,613.00
lso,1993,663.00
lso,1994,755.00
lso,1995,892.00
lso,1996,1061.0
lso,1997,1236.0
lso,1998,1398.0
lso,1999,1530.0
lso,2000,1632.0
lso,2001,1710.0
lso,2002,1763.0
lso,2003,1798.0
lso,2004,1818.0
lso,2005,1824.0
lso,2006,1810.0
lso,2007,1769.0
lso,2008,1624.0
lso,2009,1323.0
lso,2010,924.00
lso,2011,719.00
lso,2012,650.00
lso,2013,496.00
lso,2014,397.00
lso,2015,379.00
lso,2016,318.00
lso,2017,193.00
lso,2018,159.00
lso,2019,222.00
lso,2020,278.00
lso,2021,273.00
lso,2022,213.00
lso,2023,171.00
lso,2024,146.00
ltu,1973,231.00
ltu,1974,242.00
ltu,1975,251.00
ltu,1976,253.00
ltu,1977,247.00
ltu,1978,242.00
ltu,1979,238.00
ltu,1980,232.00
ltu,1981,226.00
ltu,1982,218.00
ltu,1983,212.00
ltu,1984,208.00
ltu,1985,205.00
ltu,1986,202.00
ltu,1987,194.00
ltu,1988,183.00
ltu,1989,173.00
ltu,1990,171.00
ltu,1991,182.00
ltu,1992,196.00
ltu,1993,205.00
ltu,1994,202.00
ltu,1995,185.00
ltu,1996,155.00
ltu,1997,126.00
ltu,1998,106.00
ltu,1999,93.000
ltu,2000,85.000
ltu,2001,78.000
ltu,2002,72.000
ltu,2003,66.000
ltu,2004,60.000
ltu,2005,55.000
ltu,2006,51.000
ltu,2007,47.000
ltu,2008,43.000
ltu,2009,39.000
ltu,2010,35.000
ltu,2011,32.000
ltu,2012,30.000
ltu,2013,28.000
ltu,2014,27.000
ltu,2015,26.000
ltu,2016,25.000
ltu,2017,24.000
ltu,2018,22.000
ltu,2019,20.000
ltu,2020,18.000
ltu,2021,16.000
ltu,2022,15.000
ltu,2023,13.000
ltu,2024,12.000
lux,1956,31.000
lux,1957,30.000
lux,1958,29.000
lux,1959,28.000
lux,1960,27.000
lux,1961,25.000
lux,1962,24.000
lux,1963,23.000
lux,1964,22.000
lux,1965,21.000
lux,1966,20.000
lux,1967,20.000
lux,1968,19.000
lux,1969,18.000
lux,1970,17.000
lux,1971,15.000
lux,1972,14.000
lux,1973,13.000
lux,1974,12.000
lux,1975,11.000
lux,1976,10.000
lux,1977,9.0000
lux,1978,8.0000
lux,1979,8.0000
lux,1980,8.0000
lux,1981,8.0000
lux,1982,8.0000
lux,1983,8.0000
lux,1984,7.0000
lux,1985,7.0000
lux,1986,7.0000
lux,1987,7.0000
lux,1988,6.0000
lux,1989,6.0000
lux,1990,6.0000
lux,1991,6.0000
lux,1992,6.0000
lux,1993,6.0000
lux,1994,5.0000
lux,1995,5.0000
lux,1996,5.0000
lux,1997,5.0000
lux,1998,5.0000
lux,1999,4.0000
lux,2000,4.0000
lux,2001,4.0000
lux,2002,4.0000
lux,2003,3.0000
lux,2004,3.0000
lux,2005,3.0000
lux,2006,3.0000
lux,2007,3.0000
lux,2008,2.0000
lux,2009,2.0000
lux,2010,2.0000
lux,2011,2.0000
lux,2012,2.0000
lux,2013,2.0000
lux,2014,2.0000
lux,2015,2.0000
lux,2016,2.0000
lux,2017,2.0000
lux,2018,2.0000
lux,2019,2.0000
lux,2020,2.0000
lux,2021,2.0000
lux,2022,2.0000
lux,2023,2.0000
lux,2024,2.0000
lva,1985,162.00
lva,1986,155.00
lva,1987,146.00
lva,1988,139.00
lva,1989,136.00
lva,1990,140.00
lva,1991,148.00
lva,1992,154.00
lva,1993,154.00
lva,1994,147.00
lva,1995,135.00
lva,1996,119.00
lva,1997,100.00
lva,1998,82.000
lva,1999,67.000
lva,2000,56.000
lva,2001,49.000
lva,2002,45.000
lva,2003,42.000
lva,2004,40.000
lva,2005,38.000
lva,2006,36.000
lva,2007,34.000
lva,2008,33.000
lva,2009,32.000
lva,2010,31.000
lva,2011,29.000
lva,2012,26.000
lva,2013,23.000
lva,2014,19.000
lva,2015,17.000
lva,2016,15.000
lva,2017,15.000
lva,2018,14.000
lva,2019,13.000
lva,2020,12.000
lva,2021,11.000
lva,2022,10.000
lva,2023,8.0000
lva,2024,7.0000
mar,1963,46207
mar,1964,45848
mar,1965,45281
mar,1966,44519
mar,1967,43441
mar,1968,42214
mar,1969,40889
mar,1970,39668
mar,1971,38493
mar,1972,37458
mar,1973,36435
mar,1974,35331
mar,1975,34086
mar,1976,32697
mar,1977,31197
mar,1978,29547
mar,1979,27759
mar,1980,25939
mar,1981,24210
mar,1982,22579
mar,1983,21125
mar,1984,19752
mar,1985,18399
mar,1986,17024
mar,1987,15653
mar,1988,14298
mar,1989,13047
mar,1990,11881
mar,1991,10836
mar,1992,9906.0
mar,1993,9059.0
mar,1994,8292.0
mar,1995,7552.0
mar,1996,6848.0
mar,1997,6203.0
mar,1998,5632.0
mar,1999,5165.0
mar,2000,4749.0
mar,2001,4349.0
mar,2002,3955.0
mar,2003,3583.0
mar,2004,3233.0
mar,2005,2925.0
mar,2006,2661.0
mar,2007,2440.0
mar,2008,2241.0
mar,2009,2060.0
mar,2010,1888.0
mar,2011,1730.0
mar,2012,1576.0
mar,2013,1433.0
mar,2014,1295.0
mar,2015,1153.0
mar,2016,1019.0
mar,2017,900.00
mar,2018,806.00
mar,2019,728.00
mar,2020,660.00
mar,2021,604.00
mar,2022,549.00
mar,2023,503.00
mar,2024,462.00
mco,1991,0.0000
mco,1992,0.0000
mco,1993,0.0000
mco,1994,0.0000
mco,1995,0.0000
mco,1996,0.0000
mco,1997,0.0000
mco,1998,0.0000
mco,1999,0.0000
mco,2000,0.0000
mco,2001,0.0000
mco,2002,0.0000
mco,2003,0.0000
mco,2004,0.0000
mco,2005,0.0000
mco,2006,0.0000
mco,2007,0.0000
mco,2008,0.0000
mco,2009,0.0000
mco,2010,0.0000
mco,2011,0.0000
mco,2012,0.0000
mco,2013,0.0000
mco,2014,0.0000
mco,2015,0.0000
mco,2016,0.0000
mco,2017,0.0000
mco,2018,0.0000
mco,2019,0.0000
mco,2020,0.0000
mco,2021,0.0000
mco,2022,0.0000
mco,2023,0.0000
mco,2024,0.0000
mda,1977,602.00
mda,1978,595.00
mda,1979,585.00
mda,1980,570.00
mda,1981,552.00
mda,1982,529.00
mda,1983,506.00
mda,1984,486.00
mda,1985,465.00
mda,1986,450.00
mda,1987,436.00
mda,1988,425.00
mda,1989,411.00
mda,1990,393.00
mda,1991,372.00
mda,1992,352.00
mda,1993,334.00
mda,1994,320.00
mda,1995,309.00
mda,1996,296.00
mda,1997,272.00
mda,1998,244.00
mda,1999,215.00
mda,2000,186.00
mda,2001,160.00
mda,2002,138.00
mda,2003,117.00
mda,2004,101.00
mda,2005,90.000
mda,2006,84.000
mda,2007,81.000
mda,2008,80.000
mda,2009,79.000
mda,2010,77.000
mda,2011,74.000
mda,2012,72.000
mda,2013,68.000
mda,2014,64.000
mda,2015,59.000
mda,2016,56.000
mda,2017,53.000
mda,2018,51.000
mda,2019,50.000
mda,2020,47.000
mda,2021,44.000
mda,2022,41.000
mda,2023,37.000
mda,2024,33.000
mdg,1978,24427
mdg,1979,25375
mdg,1980,26390
mdg,1981,27496
mdg,1982,28590
mdg,1983,29568
mdg,1984,30329
mdg,1985,30874
mdg,1986,31132
mdg,1987,31111
mdg,1988,30803
mdg,1989,30239
mdg,1990,29582
mdg,1991,28914
mdg,1992,28395
mdg,1993,28051
mdg,1994,27698
mdg,1995,27338
mdg,1996,26957
mdg,1997,26502
mdg,1998,25990
mdg,1999,25435
mdg,2000,24825
mdg,2001,24131
mdg,2002,23315
mdg,2003,22452
mdg,2004,21523
mdg,2005,20604
mdg,2006,19757
mdg,2007,18998
mdg,2008,18349
mdg,2009,17788
mdg,2010,17333
mdg,2011,17052
mdg,2012,16820
mdg,2013,16664
mdg,2014,16537
mdg,2015,16424
mdg,2016,16378
mdg,2017,16416
mdg,2018,16479
mdg,2019,16520
mdg,2020,16584
mdg,2021,16589
mdg,2022,16466
mdg,2023,16183
mdg,2024,15710
mdv,1968,312.00
mdv,1969,305.00
mdv,1970,296.00
mdv,1971,286.00
mdv,1972,276.00
mdv,1973,265.00
mdv,1974,253.00
mdv,1975,241.00
mdv,1976,230.00
mdv,1977,219.00
mdv,1978,208.00
mdv,1979,199.00
mdv,1980,190.00
mdv,1981,182.00
mdv,1982,174.00
mdv,1983,167.00
mdv,1984,160.00
mdv,1985,154.00
mdv,1986,147.00
mdv,1987,141.00
mdv,1988,135.00
mdv,1989,128.00
mdv,1990,122.00
mdv,1991,115.00
mdv,1992,108.00
mdv,1993,100.00
mdv,1994,91.000
mdv,1995,83.000
mdv,1996,74.000
mdv,1997,65.000
mdv,1998,56.000
mdv,1999,48.000
mdv,2000,40.000
mdv,2001,33.000
mdv,2002,28.000
mdv,2003,23.000
mdv,2004,20.000
mdv,2005,26.000
mdv,2006,15.000
mdv,2007,14.000
mdv,2008,13.000
mdv,2009,12.000
mdv,2010,12.000
mdv,2011,12.000
mdv,2012,11.000
mdv,2013,11.000
mdv,2014,11.000
mdv,2015,10.000
mdv,2016,9.0000
mdv,2017,8.0000
mdv,2018,8.0000
mdv,2019,7.0000
mdv,2020,6.0000
mdv,2021,5.0000
mdv,2022,5.0000
mdv,2023,4.0000
mdv,2024,4.0000
mex,1959,76750
mex,1960,73203
mex,1961,70006
mex,1962,67046
mex,1963,64376
mex,1964,62038
mex,1965,59924
mex,1966,58039
mex,1967,56226
mex,1968,54508
mex,1969,52779
mex,1970,51053
mex,1971,49234
mex,1972,47489
mex,1973,45576
mex,1974,43588
mex,1975,41554
mex,1976,39594
mex,1977,37535
mex,1978,35522
mex,1979,33511
mex,1980,31584
mex,1981,29769
mex,1982,27966
mex,1983,26298
mex,1984,24722
mex,1985,23287
mex,1986,22070
mex,1987,20973
mex,1988,19966
mex,1989,18964
mex,1990,17932
mex,1991,16922
mex,1992,15930
mex,1993,15027
mex,1994,14234
mex,1995,13509
mex,1996,12854
mex,1997,12220
mex,1998,11564
mex,1999,10935
mex,2000,10316
mex,2001,9747.0
mex,2002,9251.0
mex,2003,8788.0
mex,2004,8397.0
mex,2005,8045.0
mex,2006,7708.0
mex,2007,7385.0
mex,2008,7065.0
mex,2009,6779.0
mex,2010,6526.0
mex,2011,6265.0
mex,2012,6042.0
mex,2013,5834.0
mex,2014,5628.0
mex,2015,5414.0
mex,2016,5180.0
mex,2017,4897.0
mex,2018,4585.0
mex,2019,4262.0
mex,2020,3939.0
mex,2021,3633.0
mex,2022,3352.0
mex,2023,3089.0
mex,2024,2842.0
mhl,1965,16.000
mhl,1966,16.000
mhl,1967,16.000
mhl,1968,16.000
mhl,1969,16.000
mhl,1970,16.000
mhl,1971,16.000
mhl,1972,16.000
mhl,1973,16.000
mhl,1974,16.000
mhl,1975,17.000
mhl,1976,17.000
mhl,1977,17.000
mhl,1978,18.000
mhl,1979,18.000
mhl,1980,18.000
mhl,1981,19.000
mhl,1982,19.000
mhl,1983,19.000
mhl,1984,18.000
mhl,1985,18.000
mhl,1986,18.000
mhl,1987,18.000
mhl,1988,18.000
mhl,1989,18.000
mhl,1990,17.000
mhl,1991,17.000
mhl,1992,16.000
mhl,1993,16.000
mhl,1994,15.000
mhl,1995,15.000
mhl,1996,14.000
mhl,1997,14.000
mhl,1998,14.000
mhl,1999,14.000
mhl,2000,14.000
mhl,2001,14.000
mhl,2002,14.000
mhl,2003,14.000
mhl,2004,14.000
mhl,2005,14.000
mhl,2006,14.000
mhl,2007,13.000
mhl,2008,13.000
mhl,2009,13.000
mhl,2010,12.000
mhl,2011,11.000
mhl,2012,10.000
mhl,2013,9.0000
mhl,2014,8.0000
mhl,2015,7.0000
mhl,2016,7.0000
mhl,2017,6.0000
mhl,2018,5.0000
mhl,2019,5.0000
mhl,2020,4.0000
mhl,2021,4.0000
mhl,2022,3.0000
mhl,2023,3.0000
mhl,2024,3.0000
mkd,1987,171.00
mkd,1988,165.00
mkd,1989,155.00
mkd,1990,145.00
mkd,1991,136.00
mkd,1992,128.00
mkd,1993,124.00
mkd,1994,118.00
mkd,1995,107.00
mkd,1996,92.000
mkd,1997,77.000
mkd,1998,69.000
mkd,1999,64.000
mkd,2000,58.000
mkd,2001,52.000
mkd,2002,46.000
mkd,2003,45.000
mkd,2004,44.000
mkd,2005,44.000
mkd,2006,41.000
mkd,2007,37.000
mkd,2008,34.000
mkd,2009,31.000
mkd,2010,29.000
mkd,2011,28.000
mkd,2012,27.000
mkd,2013,28.000
mkd,2014,30.000
mkd,2015,31.000
mkd,2016,32.000
mkd,2017,30.000
mkd,2018,27.000
mkd,2019,23.000
mkd,2020,19.000
mkd,2021,16.000
mkd,2022,13.000
mkd,2023,10.000
mkd,2024,7.0000
mli,1972,51562
mli,1973,51405
mli,1974,51161
mli,1975,50847
mli,1976,50482
mli,1977,50013
mli,1978,49575
mli,1979,49100
mli,1980,48583
mli,1981,48084
mli,1982,47580
mli,1983,47015
mli,1984,46398
mli,1985,45663
mli,1986,44878
mli,1987,44064
mli,1988,43363
mli,1989,42755
mli,1990,42258
mli,1991,41804
mli,1992,41319
mli,1993,40939
mli,1994,40678
mli,1995,40469
mli,1996,40358
mli,1997,40192
mli,1998,39849
mli,1999,39473
mli,2000,39101
mli,2001,38869
mli,2002,38724
mli,2003,38500
mli,2004,38207
mli,2005,37898
mli,2006,37587
mli,2007,37326
mli,2008,37036
mli,2009,36653
mli,2010,36183
mli,2011,35618
mli,2012,35041
mli,2013,34379
mli,2014,33711
mli,2015,32935
mli,2016,31973
mli,2017,30955
mli,2018,29912
mli,2019,28843
mli,2020,27807
mli,2021,26508
mli,2022,25117
mli,2023,23780
mli,2024,22442
mlt,1956,51.000
mlt,1957,47.000
mlt,1958,44.000
mlt,1959,41.000
mlt,1960,38.000
mlt,1961,36.000
mlt,1962,34.000
mlt,1963,33.000
mlt,1964,31.000
mlt,1965,29.000
mlt,1966,26.000
mlt,1967,23.000
mlt,1968,21.000
mlt,1969,19.000
mlt,1970,17.000
mlt,1971,15.000
mlt,1972,14.000
mlt,1973,14.000
mlt,1974,14.000
mlt,1975,13.000
mlt,1976,13.000
mlt,1977,13.000
mlt,1978,13.000
mlt,1979,12.000
mlt,1980,12.000
mlt,1981,12.000
mlt,1982,11.000
mlt,1983,11.000
mlt,1984,10.000
mlt,1985,10.000
mlt,1986,9.0000
mlt,1987,9.0000
mlt,1988,8.0000
mlt,1989,8.0000
mlt,1990,7.0000
mlt,1991,7.0000
mlt,1992,7.0000
mlt,1993,7.0000
mlt,1994,6.0000
mlt,1995,6.0000
mlt,1996,6.0000
mlt,1997,5.0000
mlt,1998,5.0000
mlt,1999,5.0000
mlt,2000,4.0000
mlt,2001,4.0000
mlt,2002,4.0000
mlt,2003,4.0000
mlt,2004,3.0000
mlt,2005,3.0000
mlt,2006,3.0000
mlt,2007,3.0000
mlt,2008,3.0000
mlt,2009,3.0000
mlt,2010,3.0000
mlt,2011,3.0000
mlt,2012,3.0000
mlt,2013,3.0000
mlt,2014,3.0000
mlt,2015,3.0000
mlt,2016,3.0000
mlt,2017,3.0000
mlt,2018,3.0000
mlt,2019,3.0000
mlt,2020,3.0000
mlt,2021,3.0000
mlt,2022,3.0000
mlt,2023,2.0000
mlt,2024,2.0000
mmr,1974,38319
mmr,1975,37747
mmr,1976,37153
mmr,1977,36404
mmr,1978,35598
mmr,1979,34828
mmr,1980,34054
mmr,1981,33227
mmr,1982,32523
mmr,1983,31765
mmr,1984,31061
mmr,1985,30595
mmr,1986,30083
mmr,1987,29538
mmr,1988,28693
mmr,1989,27463
mmr,1990,26036
mmr,1991,24613
mmr,1992,23338
mmr,1993,22290
mmr,1994,21346
mmr,1995,20438
mmr,1996,19570
mmr,1997,18648
mmr,1998,17753
mmr,1999,16854
mmr,2000,15981
mmr,2001,15153
mmr,2002,14334
mmr,2003,13597
mmr,2004,12881
mmr,2005,12160
mmr,2006,11425
mmr,2007,10613
mmr,2008,9787.0
mmr,2009,27212
mmr,2010,8212.0
mmr,2011,7533.0
mmr,2012,6893.0
mmr,2013,6278.0
mmr,2014,5729.0
mmr,2015,5251.0
mmr,2016,4827.0
mmr,2017,4469.0
mmr,2018,4148.0
mmr,2019,3841.0
mmr,2020,3553.0
mmr,2021,3297.0
mmr,2022,3036.0
mmr,2023,2811.0
mmr,2024,2589.0
mne,1990,18.000
mne,1991,17.000
mne,1992,15.000
mne,1993,15.000
mne,1994,15.000
mne,1995,15.000
mne,1996,15.000
mne,1997,15.000
mne,1998,14.000
mne,1999,14.000
mne,2000,14.000
mne,2001,14.000
mne,2002,13.000
mne,2003,13.000
mne,2004,12.000
mne,2005,11.000
mne,2006,10.000
mne,2007,9.0000
mne,2008,9.0000
mne,2009,8.0000
mne,2010,7.0000
mne,2011,7.0000
mne,2012,7.0000
mne,2013,6.0000
mne,2014,5.0000
mne,2015,5.0000
mne,2016,5.0000
mne,2017,4.0000
mne,2018,4.0000
mne,2019,4.0000
mne,2020,4.0000
mne,2021,3.0000
mne,2022,3.0000
mne,2023,3.0000
mne,2024,3.0000
mng,1986,2915.0
mng,1987,2800.0
mng,1988,2675.0
mng,1989,2538.0
mng,1990,2395.0
mng,1991,2252.0
mng,1992,2110.0
mng,1993,1957.0
mng,1994,1782.0
mng,1995,1586.0
mng,1996,1388.0
mng,1997,1210.0
mng,1998,1063.0
mng,1999,946.00
mng,2000,843.00
mng,2001,749.00
mng,2002,663.00
mng,2003,587.00
mng,2004,521.00
mng,2005,461.00
mng,2006,408.00
mng,2007,363.00
mng,2008,330.00
mng,2009,311.00
mng,2010,303.00
mng,2011,301.00
mng,2012,295.00
mng,2013,284.00
mng,2014,274.00
mng,2015,265.00
mng,2016,258.00
mng,2017,252.00
mng,2018,241.00
mng,2019,225.00
mng,2020,207.00
mng,2021,193.00
mng,2022,181.00
mng,2023,169.00
mng,2024,158.00
moz,1969,34073
moz,1970,34973
moz,1971,35761
moz,1972,36373
moz,1973,36959
moz,1974,37661
moz,1975,38383
moz,1976,39282
moz,1977,40494
moz,1978,42058
moz,1979,44020
moz,1980,46117
moz,1981,48419
moz,1982,50737
moz,1983,52595
moz,1984,53551
moz,1985,53749
moz,1986,53271
moz,1987,52619
moz,1988,52024
moz,1989,51403
moz,1990,50554
moz,1991,49458
moz,1992,48148
moz,1993,46755
moz,1994,45329
moz,1995,43817
moz,1996,42433
moz,1997,41474
moz,1998,40855
moz,1999,40321
moz,2000,39664
moz,2001,38733
moz,2002,37627
moz,2003,36406
moz,2004,35238
moz,2005,34117
moz,2006,32944
moz,2007,31552
moz,2008,30327
moz,2009,28030
moz,2010,26523
moz,2011,25509
moz,2012,25776
moz,2013,24912
moz,2014,23501
moz,2015,22076
moz,2016,19556
moz,2017,18021
moz,2018,18299
moz,2019,18005
moz,2020,17924
moz,2021,17632
moz,2022,17539
moz,2023,17276
moz,2024,15650
mrt,1956,3610.0
mrt,1957,3632.0
mrt,1958,3650.0
mrt,1959,3678.0
mrt,1960,3695.0
mrt,1961,3705.0
mrt,1962,3707.0
mrt,1963,3711.0
mrt,1964,3708.0
mrt,1965,3709.0
mrt,1966,3704.0
mrt,1967,3690.0
mrt,1968,3672.0
mrt,1969,3643.0
mrt,1970,3638.0
mrt,1971,3668.0
mrt,1972,3734.0
mrt,1973,3832.0
mrt,1974,3929.0
mrt,1975,4005.0
mrt,1976,4045.0
mrt,1977,4051.0
mrt,1978,4017.0
mrt,1979,3962.0
mrt,1980,3896.0
mrt,1981,3828.0
mrt,1982,3762.0
mrt,1983,3693.0
mrt,1984,3607.0
mrt,1985,3495.0
mrt,1986,3368.0
mrt,1987,3227.0
mrt,1988,3103.0
mrt,1989,3006.0
mrt,1990,2943.0
mrt,1991,2916.0
mrt,1992,2917.0
mrt,1993,2926.0
mrt,1994,2948.0
mrt,1995,2981.0
mrt,1996,3022.0
mrt,1997,3044.0
mrt,1998,3039.0
mrt,1999,2963.0
mrt,2000,2828.0
mrt,2001,2665.0
mrt,2002,2487.0
mrt,2003,2321.0
mrt,2004,2161.0
mrt,2005,2003.0
mrt,2006,1855.0
mrt,2007,1732.0
mrt,2008,1634.0
mrt,2009,1563.0
mrt,2010,1510.0
mrt,2011,1470.0
mrt,2012,1434.0
mrt,2013,1402.0
mrt,2014,1365.0
mrt,2015,1326.0
mrt,2016,1281.0
mrt,2017,1223.0
mrt,2018,1159.0
mrt,2019,1089.0
mrt,2020,1019.0
mrt,2021,959.00
mrt,2022,900.00
mrt,2023,843.00
mrt,2024,791.00
msr,1964,8.0000
msr,1965,7.0000
msr,1966,6.0000
msr,1967,5.0000
msr,1968,5.0000
msr,1969,4.0000
msr,1970,3.0000
msr,1971,3.0000
msr,1972,3.0000
msr,1973,2.0000
msr,1974,2.0000
msr,1975,2.0000
msr,1976,2.0000
msr,1977,1.0000
msr,1978,1.0000
msr,1979,1.0000
msr,1980,1.0000
msr,1981,1.0000
msr,1982,1.0000
msr,1983,1.0000
msr,1984,1.0000
msr,1985,0.0000
msr,1986,1.0000
msr,1987,0.0000
msr,1988,0.0000
msr,1989,0.0000
msr,1990,0.0000
msr,1991,0.0000
msr,1992,0.0000
msr,1993,0.0000
msr,1994,0.0000
msr,1995,0.0000
msr,1996,0.0000
msr,1997,0.0000
msr,1998,0.0000
msr,1999,0.0000
msr,2000,0.0000
msr,2001,0.0000
msr,2002,0.0000
msr,2003,0.0000
msr,2004,0.0000
msr,2005,0.0000
msr,2006,0.0000
msr,2007,0.0000
msr,2008,0.0000
msr,2009,0.0000
msr,2010,0.0000
msr,2011,0.0000
msr,2012,0.0000
msr,2013,0.0000
msr,2014,0.0000
msr,2015,0.0000
msr,2016,0.0000
msr,2017,0.0000
msr,2018,0.0000
msr,2019,0.0000
msr,2020,0.0000
msr,2021,0.0000
msr,2022,0.0000
msr,2023,0.0000
msr,2024,0.0000
mus,1962,785.00
mus,1963,745.00
mus,1964,697.00
mus,1965,665.00
mus,1966,688.00
mus,1967,725.00
mus,1968,731.00
mus,1969,681.00
mus,1970,599.00
mus,1971,538.00
mus,1972,489.00
mus,1973,447.00
mus,1974,408.00
mus,1975,359.00
mus,1976,313.00
mus,1977,271.00
mus,1978,236.00
mus,1979,214.00
mus,1980,195.00
mus,1981,179.00
mus,1982,163.00
mus,1983,144.00
mus,1984,124.00
mus,1985,108.00
mus,1986,100.00
mus,1987,94.000
mus,1988,86.000
mus,1989,77.000
mus,1990,67.000
mus,1991,62.000
mus,1992,59.000
mus,1993,58.000
mus,1994,59.000
mus,1995,61.000
mus,1996,62.000
mus,1997,62.000
mus,1998,59.000
mus,1999,55.000
mus,2000,50.000
mus,2001,45.000
mus,2002,41.000
mus,2003,38.000
mus,2004,37.000
mus,2005,36.000
mus,2006,35.000
mus,2007,34.000
mus,2008,33.000
mus,2009,31.000
mus,2010,30.000
mus,2011,28.000
mus,2012,27.000
mus,2013,26.000
mus,2014,25.000
mus,2015,24.000
mus,2016,23.000
mus,2017,23.000
mus,2018,22.000
mus,2019,22.000
mus,2020,22.000
mus,2021,22.000
mus,2022,22.000
mus,2023,21.000
mus,2024,19.000
mwi,1967,34544
mwi,1968,35629
mwi,1969,36660
mwi,1970,37492
mwi,1971,37985
mwi,1972,38088
mwi,1973,37882
mwi,1974,37594
mwi,1975,37184
mwi,1976,36648
mwi,1977,36110
mwi,1978,35491
mwi,1979,34809
mwi,1980,34128
mwi,1981,33689
mwi,1982,33726
mwi,1983,34313
mwi,1984,35577
mwi,1985,37229
mwi,1986,38820
mwi,1987,40216
mwi,1988,41133
mwi,1989,41649
mwi,1990,41885
mwi,1991,42088
mwi,1992,42234
mwi,1993,42168
mwi,1994,42153
mwi,1995,41967
mwi,1996,41247
mwi,1997,40378
mwi,1998,38997
mwi,1999,37326
mwi,2000,35348
mwi,2001,33012
mwi,2002,30421
mwi,2003,27725
mwi,2004,25170
mwi,2005,22976
mwi,2006,21442
mwi,2007,20496
mwi,2008,19424
mwi,2009,18476
mwi,2010,17114
mwi,2011,15710
mwi,2012,14421
mwi,2013,12544
mwi,2014,10972
mwi,2015,9940.0
mwi,2016,8825.0
mwi,2017,7633.0
mwi,2018,6569.0
mwi,2019,5553.0
mwi,2020,4810.0
mwi,2021,4236.0
mwi,2022,3845.0
mwi,2023,3466.0
mwi,2024,3243.0
mys,1957,9043.0
mys,1958,8733.0
mys,1959,8423.0
mys,1960,8073.0
mys,1961,7683.0
mys,1962,7277.0
mys,1963,6875.0
mys,1964,6488.0
mys,1965,6122.0
mys,1966,5801.0
mys,1967,5491.0
mys,1968,5209.0
mys,1969,4936.0
mys,1970,4686.0
mys,1971,4473.0
mys,1972,4275.0
mys,1973,4085.0
mys,1974,3883.0
mys,1975,3674.0
mys,1976,3478.0
mys,1977,3287.0
mys,1978,3103.0
mys,1979,2930.0
mys,1980,2757.0
mys,1981,2600.0
mys,1982,2456.0
mys,1983,2336.0
mys,1984,2240.0
mys,1985,2159.0
mys,1986,2095.0
mys,1987,2034.0
mys,1988,1974.0
mys,1989,1909.0
mys,1990,1842.0
mys,1991,1766.0
mys,1992,1688.0
mys,1993,1624.0
mys,1994,1575.0
mys,1995,1543.0
mys,1996,1527.0
mys,1997,1502.0
mys,1998,1452.0
mys,1999,1378.0
mys,2000,1285.0
mys,2001,1185.0
mys,2002,1089.0
mys,2003,1009.0
mys,2004,951.00
mys,2005,904.00
mys,2006,864.00
mys,2007,829.00
mys,2008,802.00
mys,2009,779.00
mys,2010,761.00
mys,2011,751.00
mys,2012,742.00
mys,2013,740.00
mys,2014,742.00
mys,2015,742.00
mys,2016,742.00
mys,2017,738.00
mys,2018,723.00
mys,2019,704.00
mys,2020,681.00
mys,2021,654.00
mys,2022,623.00
mys,2023,584.00
mys,2024,542.00
nam,1973,960.00
nam,1974,985.00
nam,1975,1014.0
nam,1976,1045.0
nam,1977,1082.0
nam,1978,1118.0
nam,1979,1148.0
nam,1980,1160.0
nam,1981,1146.0
nam,1982,1105.0
nam,1983,1049.0
nam,1984,979.00
nam,1985,908.00
nam,1986,845.00
nam,1987,793.00
nam,1988,755.00
nam,1989,733.00
nam,1990,720.00
nam,1991,725.00
nam,1992,756.00
nam,1993,813.00
nam,1994,880.00
nam,1995,969.00
nam,1996,1070.0
nam,1997,1173.0
nam,1998,1266.0
nam,1999,1365.0
nam,2000,1471.0
nam,2001,1566.0
nam,2002,1620.0
nam,2003,1628.0
nam,2004,1623.0
nam,2005,1618.0
nam,2006,1581.0
nam,2007,1377.0
nam,2008,1094.0
nam,2009,779.00
nam,2010,490.00
nam,2011,411.00
nam,2012,374.00
nam,2013,371.00
nam,2014,341.00
nam,2015,338.00
nam,2016,417.00
nam,2017,374.00
nam,2018,320.00
nam,2019,256.00
nam,2020,190.00
nam,2021,157.00
nam,2022,138.00
nam,2023,138.00
nam,2024,137.00
ner,1975,46020
ner,1976,47318
ner,1977,48370
ner,1978,49199
ner,1979,49948
ner,1980,51043
ner,1981,52497
ner,1982,54521
ner,1983,57251
ner,1984,60095
ner,1985,63073
ner,1986,65837
ner,1987,68248
ner,1988,70197
ner,1989,71505
ner,1990,72286
ner,1991,72581
ner,1992,72392
ner,1993,71805
ner,1994,70687
ner,1995,69192
ner,1996,67346
ner,1997,65642
ner,1998,64417
ner,1999,63390
ner,2000,62515
ner,2001,61538
ner,2002,60101
ner,2003,58305
ner,2004,56131
ner,2005,53783
ner,2006,51502
ner,2007,49418
ner,2008,47584
ner,2009,46103
ner,2010,45017
ner,2011,44360
ner,2012,43963
ner,2013,43747
ner,2014,43649
ner,2015,43677
ner,2016,43623
ner,2017,43519
ner,2018,43353
ner,2019,42857
ner,2020,42194
ner,2021,41142
ner,2022,39824
ner,2023,38209
ner,2024,36552
nga,1970,297140
nga,1971,297490
nga,1972,297540
nga,1973,297400
nga,1974,297940
nga,1975,298460
nga,1976,299410
nga,1977,301620
nga,1978,304420
nga,1979,308440
nga,1980,313050
nga,1981,318150
nga,1982,324490
nga,1983,331790
nga,1984,340160
nga,1985,349440
nga,1986,359240
nga,1987,368240
nga,1988,375900
nga,1989,381490
nga,1990,386830
nga,1991,392580
nga,1992,398530
nga,1993,404480
nga,1994,409690
nga,1995,413650
nga,1996,417000
nga,1997,418080
nga,1998,417380
nga,1999,414090
nga,2000,409280
nga,2001,403710
nga,2002,398690
nga,2003,394830
nga,2004,391470
nga,2005,387540
nga,2006,383110
nga,2007,378170
nga,2008,373820
nga,2009,370430
nga,2010,367350
nga,2011,366010
nga,2012,364340
nga,2013,363030
nga,2014,360840
nga,2015,356070
nga,2016,349540
nga,2017,340860
nga,2018,328370
nga,2019,313160
nga,2020,295980
nga,2021,276120
nga,2022,257540
nga,2023,239980
nga,2024,224450
nic,1961,4702.0
nic,1962,4720.0
nic,1963,4707.0
nic,1964,4686.0
nic,1965,4651.0
nic,1966,4618.0
nic,1967,4571.0
nic,1968,4530.0
nic,1969,4493.0
nic,1970,4444.0
nic,1971,4377.0
nic,1972,4308.0
nic,1973,5843.0
nic,1974,4114.0
nic,1975,4007.0
nic,1976,3883.0
nic,1977,3740.0
nic,1978,3593.0
nic,1979,3431.0
nic,1980,3263.0
nic,1981,3100.0
nic,1982,2938.0
nic,1983,2776.0
nic,1984,2627.0
nic,1985,2494.0
nic,1986,2375.0
nic,1987,2267.0
nic,1988,2163.0
nic,1989,2062.0
nic,1990,1963.0
nic,1991,1865.0
nic,1992,1764.0
nic,1993,1669.0
nic,1994,1569.0
nic,1995,1472.0
nic,1996,1376.0
nic,1997,1283.0
nic,1998,1193.0
nic,1999,1725.0
nic,2000,1031.0
nic,2001,961.00
nic,2002,900.00
nic,2003,846.00
nic,2004,797.00
nic,2005,752.00
nic,2006,711.00
nic,2007,678.00
nic,2008,652.00
nic,2009,631.00
nic,2010,613.00
nic,2011,596.00
nic,2012,581.00
nic,2013,567.00
nic,2014,553.00
nic,2015,540.00
nic,2016,527.00
nic,2017,512.00
nic,2018,497.00
nic,2019,481.00
nic,2020,466.00
nic,2021,449.00
nic,2022,432.00
nic,2023,412.00
nic,2024,389.00
niu,1956,4.0000
niu,1957,4.0000
niu,1958,4.0000
niu,1959,4.0000
niu,1960,4.0000
niu,1961,3.0000
niu,1962,3.0000
niu,1963,3.0000
niu,1964,3.0000
niu,1965,3.0000
niu,1966,2.0000
niu,1967,2.0000
niu,1968,2.0000
niu,1969,2.0000
niu,1970,2.0000
niu,1971,2.0000
niu,1972,2.0000
niu,1973,1.0000
niu,1974,1.0000
niu,1975,1.0000
niu,1976,1.0000
niu,1977,1.0000
niu,1978,1.0000
niu,1979,1.0000
niu,1980,0.0000
niu,1981,0.0000
niu,1982,0.0000
niu,1983,0.0000
niu,1984,0.0000
niu,1985,0.0000
niu,1986,0.0000
niu,1987,0.0000
niu,1988,0.0000
niu,1989,0.0000
niu,1990,0.0000
niu,1991,0.0000
niu,1992,0.0000
niu,1993,0.0000
niu,1994,0.0000
niu,1995,0.0000
niu,1996,0.0000
niu,1997,0.0000
niu,1998,0.0000
niu,1999,0.0000
niu,2000,0.0000
niu,2001,0.0000
niu,2002,0.0000
niu,2003,0.0000
niu,2004,0.0000
niu,2005,0.0000
niu,2006,0.0000
niu,2007,0.0000
niu,2008,0.0000
niu,2009,0.0000
niu,2010,0.0000
niu,2011,0.0000
niu,2012,0.0000
niu,2013,0.0000
niu,2014,0.0000
niu,2015,0.0000
niu,2016,0.0000
niu,2017,0.0000
niu,2018,0.0000
niu,2019,0.0000
niu,2020,0.0000
niu,2021,0.0000
niu,2022,0.0000
niu,2023,0.0000
niu,2024,0.0000
nld,1956,1188.0
nld,1957,1137.0
nld,1958,1092.0
nld,1959,1057.0
nld,1960,1030.0
nld,1961,1011.0
nld,1962,993.00
nld,1963,976.00
nld,1964,961.00
nld,1965,944.00
nld,1966,928.00
nld,1967,907.00
nld,1968,877.00
nld,1969,842.00
nld,1970,803.00
nld,1971,770.00
nld,1972,740.00
nld,1973,706.00
nld,1974,665.00
nld,1975,612.00
nld,1976,552.00
nld,1977,495.00
nld,1978,447.00
nld,1979,411.00
nld,1980,386.00
nld,1981,368.00
nld,1982,357.00
nld,1983,348.00
nld,1984,339.00
nld,1985,328.00
nld,1986,316.00
nld,1987,305.00
nld,1988,298.00
nld,1989,294.00
nld,1990,289.00
nld,1991,283.00
nld,1992,276.00
nld,1993,269.00
nld,1994,262.00
nld,1995,253.00
nld,1996,244.00
nld,1997,234.00
nld,1998,224.00
nld,1999,217.00
nld,2000,211.00
nld,2001,206.00
nld,2002,203.00
nld,2003,199.00
nld,2004,192.00
nld,2005,183.00
nld,2006,173.00
nld,2007,161.00
nld,2008,150.00
nld,2009,139.00
nld,2010,130.00
nld,2011,123.00
nld,2012,118.00
nld,2013,113.00
nld,2014,109.00
nld,2015,104.00
nld,2016,100.00
nld,2017,97.000
nld,2018,94.000
nld,2019,92.000
nld,2020,90.000
nld,2021,88.000
nld,2022,85.000
nld,2023,84.000
nld,2024,82.000
nor,1956,286.00
nor,1957,281.00
nor,1958,277.00
nor,1959,271.00
nor,1960,263.00
nor,1961,257.00
nor,1962,249.00
nor,1963,243.00
nor,1964,238.00
nor,1965,232.00
nor,1966,228.00
nor,1967,224.00
nor,1968,220.00
nor,1969,216.00
nor,1970,210.00
nor,1971,205.00
nor,1972,197.00
nor,1973,188.00
nor,1974,179.00
nor,1975,167.00
nor,1976,154.00
nor,1977,141.00
nor,1978,128.00
nor,1979,115.00
nor,1980,105.00
nor,1981,99.000
nor,1982,95.000
nor,1983,94.000
nor,1984,95.000
nor,1985,95.000
nor,1986,96.000
nor,1987,96.000
nor,1988,95.000
nor,1989,93.000
nor,1990,90.000
nor,1991,87.000
nor,1992,83.000
nor,1993,78.000
nor,1994,73.000
nor,1995,67.000
nor,1996,63.000
nor,1997,60.000
nor,1998,58.000
nor,1999,57.000
nor,2000,55.000
nor,2001,53.000
nor,2002,51.000
nor,2003,49.000
nor,2004,46.000
nor,2005,44.000
nor,2006,41.000
nor,2007,39.000
nor,2008,38.000
nor,2009,36.000
nor,2010,35.000
nor,2011,34.000
nor,2012,33.000
nor,2013,31.000
nor,2014,30.000
nor,2015,29.000
nor,2016,28.000
nor,2017,26.000
nor,2018,25.000
nor,2019,24.000
nor,2020,23.000
nor,2021,23.000
nor,2022,22.000
nor,2023,21.000
nor,2024,21.000
npl,1958,41639
npl,1959,42101
npl,1960,42437
npl,1961,42596
npl,1962,42623
npl,1963,42573
npl,1964,42462
npl,1965,42213
npl,1966,41894
npl,1967,41512
npl,1968,41034
npl,1969,40654
npl,1970,40363
npl,1971,40124
npl,1972,39844
npl,1973,39602
npl,1974,39292
npl,1975,38893
npl,1976,38438
npl,1977,37952
npl,1978,37441
npl,1979,36918
npl,1980,36257
npl,1981,35537
npl,1982,34725
npl,1983,33813
npl,1984,32900
npl,1985,31939
npl,1986,30920
npl,1987,29887
npl,1988,28747
npl,1989,27498
npl,1990,26179
npl,1991,24820
npl,1992,23521
npl,1993,22268
npl,1994,21050
npl,1995,19929
npl,1996,18856
npl,1997,17782
npl,1998,16645
npl,1999,15360
npl,2000,14012
npl,2001,12709
npl,2002,11492
npl,2003,10426
npl,2004,9464.0
npl,2005,8601.0
npl,2006,7804.0
npl,2007,7091.0
npl,2008,6444.0
npl,2009,5856.0
npl,2010,5326.0
npl,2011,4854.0
npl,2012,4424.0
npl,2013,4048.0
npl,2014,3708.0
npl,2015,3402.0
npl,2016,3127.0
npl,2017,2867.0
npl,2018,2618.0
npl,2019,2383.0
npl,2020,2155.0
npl,2021,1954.0
npl,2022,1776.0
npl,2023,1617.0
npl,2024,1485.0
nru,1991,2.0000
nru,1992,2.0000
nru,1993,2.0000
nru,1994,2.0000
nru,1995,2.0000
nru,1996,1.0000
nru,1997,1.0000
nru,1998,1.0000
nru,1999,1.0000
nru,2000,1.0000
nru,2001,1.0000
nru,2002,1.0000
nru,2003,1.0000
nru,2004,1.0000
nru,2005,1.0000
nru,2006,1.0000
nru,2007,0.0000
nru,2008,0.0000
nru,2009,0.0000
nru,2010,0.0000
nru,2011,0.0000
nru,2012,1.0000
nru,2013,0.0000
nru,2014,0.0000
nru,2015,0.0000
nru,2016,0.0000
nru,2017,0.0000
nru,2018,0.0000
nru,2019,0.0000
nru,2020,0.0000
nru,2021,0.0000
nru,2022,0.0000
nru,2023,0.0000
nru,2024,0.0000
nzl,1956,305.00
nzl,1957,304.00
nzl,1958,304.00
nzl,1959,304.00
nzl,1960,303.00
nzl,1961,300.00
nzl,1962,297.00
nzl,1963,292.00
nzl,1964,286.00
nzl,1965,278.00
nzl,1966,269.00
nzl,1967,259.00
nzl,1968,248.00
nzl,1969,240.00
nzl,1970,233.00
nzl,1971,229.00
nzl,1972,226.00
nzl,1973,223.00
nzl,1974,218.00
nzl,1975,211.00
nzl,1976,202.00
nzl,1977,190.00
nzl,1978,177.00
nzl,1979,166.00
nzl,1980,156.00
nzl,1981,147.00
nzl,1982,141.00
nzl,1983,135.00
nzl,1984,130.00
nzl,1985,125.00
nzl,1986,122.00
nzl,1987,118.00
nzl,1988,116.00
nzl,1989,113.00
nzl,1990,111.00
nzl,1991,108.00
nzl,1992,106.00
nzl,1993,103.00
nzl,1994,99.000
nzl,1995,95.000
nzl,1996,91.000
nzl,1997,87.000
nzl,1998,83.000
nzl,1999,79.000
nzl,2000,76.000
nzl,2001,73.000
nzl,2002,71.000
nzl,2003,69.000
nzl,2004,67.000
nzl,2005,64.000
nzl,2006,63.000
nzl,2007,62.000
nzl,2008,62.000
nzl,2009,62.000
nzl,2010,63.000
nzl,2011,63.000
nzl,2012,62.000
nzl,2013,61.000
nzl,2014,58.000
nzl,2015,56.000
nzl,2016,52.000
nzl,2017,50.000
nzl,2018,48.000
nzl,2019,46.000
nzl,2020,44.000
nzl,2021,42.000
nzl,2022,40.000
nzl,2023,38.000
nzl,2024,36.000
omn,1965,2396.0
omn,1966,2297.0
omn,1967,2200.0
omn,1968,2095.0
omn,1969,1991.0
omn,1970,1892.0
omn,1971,1795.0
omn,1972,1698.0
omn,1973,1606.0
omn,1974,1514.0
omn,1975,1421.0
omn,1976,1329.0
omn,1977,1242.0
omn,1978,1162.0
omn,1979,1091.0
omn,1980,1026.0
omn,1981,966.00
omn,1982,909.00
omn,1983,853.00
omn,1984,798.00
omn,1985,742.00
omn,1986,685.00
omn,1987,631.00
omn,1988,579.00
omn,1989,528.00
omn,1990,480.00
omn,1991,433.00
omn,1992,389.00
omn,1993,349.00
omn,1994,313.00
omn,1995,280.00
omn,1996,251.00
omn,1997,226.00
omn,1998,204.00
omn,1999,184.00
omn,2000,168.00
omn,2001,153.00
omn,2002,142.00
omn,2003,133.00
omn,2004,126.00
omn,2005,121.00
omn,2006,117.00
omn,2007,115.00
omn,2008,113.00
omn,2009,112.00
omn,2010,111.00
omn,2011,113.00
omn,2012,118.00
omn,2013,124.00
omn,2014,132.00
omn,2015,142.00
omn,2016,152.00
omn,2017,162.00
omn,2018,170.00
omn,2019,175.00
omn,2020,176.00
omn,2021,174.00
omn,2022,169.00
omn,2023,161.00
omn,2024,151.00
pak,1957,157990
pak,1958,155000
pak,1959,151940
pak,1960,149200
pak,1961,146710
pak,1962,144220
pak,1963,141630
pak,1964,139020
pak,1965,136550
pak,1966,134040
pak,1967,131840
pak,1968,129870
pak,1969,128130
pak,1970,126590
pak,1971,124870
pak,1972,123090
pak,1973,121470
pak,1974,119980
pak,1975,118640
pak,1976,117560
pak,1977,116680
pak,1978,116040
pak,1979,115400
pak,1980,115060
pak,1981,114920
pak,1982,115140
pak,1983,116140
pak,1984,117530
pak,1985,119090
pak,1986,120260
pak,1987,120840
pak,1988,120650
pak,1989,120390
pak,1990,120240
pak,1991,120010
pak,1992,119470
pak,1993,118720
pak,1994,117430
pak,1995,115760
pak,1996,113600
pak,1997,110980
pak,1998,107900
pak,1999,104690
pak,2000,101480
pak,2001,98667
pak,2002,96281
pak,2003,94109
pak,2004,92012
pak,2005,89861
pak,2006,87306
pak,2007,84802
pak,2008,82677
pak,2009,81161
pak,2010,80328
pak,2011,79837
pak,2012,79143
pak,2013,78089
pak,2014,76301
pak,2015,73914
pak,2016,70994
pak,2017,67721
pak,2018,64110
pak,2019,60715
pak,2020,57336
pak,2021,54228
pak,2022,51291
pak,2023,48362
pak,2024,45620
pan,1959,1049.0
pan,1960,1036.0
pan,1961,1022.0
pan,1962,1008.0
pan,1963,993.00
pan,1964,980.00
pan,1965,969.00
pan,1966,958.00
pan,1967,944.00
pan,1968,926.00
pan,1969,901.00
pan,1970,869.00
pan,1971,831.00
pan,1972,787.00
pan,1973,743.00
pan,1974,699.00
pan,1975,660.00
pan,1976,625.00
pan,1977,595.00
pan,1978,570.00
pan,1979,548.00
pan,1980,526.00
pan,1981,506.00
pan,1982,485.00
pan,1983,467.00
pan,1984,451.00
pan,1985,435.00
pan,1986,423.00
pan,1987,411.00
pan,1988,399.00
pan,1989,388.00
pan,1990,376.00
pan,1991,367.00
pan,1992,360.00
pan,1993,354.00
pan,1994,349.00
pan,1995,345.00
pan,1996,341.00
pan,1997,338.00
pan,1998,336.00
pan,1999,333.00
pan,2000,329.00
pan,2001,323.00
pan,2002,315.00
pan,2003,306.00
pan,2004,297.00
pan,2005,288.00
pan,2006,280.00
pan,2007,272.00
pan,2008,267.00
pan,2009,262.00
pan,2010,258.00
pan,2011,256.00
pan,2012,255.00
pan,2013,257.00
pan,2014,259.00
pan,2015,262.00
pan,2016,265.00
pan,2017,266.00
pan,2018,263.00
pan,2019,256.00
pan,2020,246.00
pan,2021,233.00
pan,2022,217.00
pan,2023,200.00
pan,2024,183.00
per,1960,30882
per,1961,30915
per,1962,30841
per,1963,30642
per,1964,30257
per,1965,29810
per,1966,29245
per,1967,28630
per,1968,28091
per,1969,27644
per,1970,27243
per,1971,37320
per,1972,26280
per,1973,25857
per,1974,25361
per,1975,24787
per,1976,24292
per,1977,23779
per,1978,23317
per,1979,22897
per,1980,22473
per,1981,22013
per,1982,21457
per,1983,20772
per,1984,19944
per,1985,18996
per,1986,17969
per,1987,16898
per,1988,15886
per,1989,14926
per,1990,14047
per,1991,13217
per,1992,12368
per,1993,11476
per,1994,10530
per,1995,9590.0
per,1996,8650.0
per,1997,7747.0
per,1998,6908.0
per,1999,6140.0
per,2000,5451.0
per,2001,4856.0
per,2002,4344.0
per,2003,3900.0
per,2004,3532.0
per,2005,3215.0
per,2006,2955.0
per,2007,2737.0
per,2008,2552.0
per,2009,2384.0
per,2010,2218.0
per,2011,2059.0
per,2012,1912.0
per,2013,1783.0
per,2014,1675.0
per,2015,1581.0
per,2016,1498.0
per,2017,1419.0
per,2018,1341.0
per,2019,1266.0
per,2020,1195.0
per,2021,1126.0
per,2022,1063.0
per,2023,1003.0
per,2024,942.00
phl,1960,41443
phl,1961,41368
phl,1962,41467
phl,1963,41706
phl,1964,41900
phl,1965,42020
phl,1966,41901
phl,1967,41592
phl,1968,41255
phl,1969,40835
phl,1970,40434
phl,1971,40139
phl,1972,40070
phl,1973,40174
phl,1974,40337
phl,1975,40503
phl,1976,40626
phl,1977,40733
phl,1978,40828
phl,1979,41026
phl,1980,41386
phl,1981,41768
phl,1982,42038
phl,1983,42167
phl,1984,42039
phl,1985,41725
phl,1986,41260
phl,1987,40464
phl,1988,39303
phl,1989,37698
phl,1990,35772
phl,1991,33786
phl,1992,31817
phl,1993,29982
phl,1994,28238
phl,1995,26594
phl,1996,25149
phl,1997,23877
phl,1998,22821
phl,1999,21966
phl,2000,21157
phl,2001,20408
phl,2002,19734
phl,2003,19094
phl,2004,18464
phl,2005,17836
phl,2006,17196
phl,2007,16553
phl,2008,15984
phl,2009,15464
phl,2010,15041
phl,2011,14684
phl,2012,14339
phl,2013,13980
phl,2014,13581
phl,2015,13129
phl,2016,12642
phl,2017,12095
phl,2018,11539
phl,2019,10902
phl,2020,10184
phl,2021,9406.0
phl,2022,8583.0
phl,2023,7743.0
phl,2024,6992.0
plw,1971,4.0000
plw,1972,4.0000
plw,1973,4.0000
plw,1974,4.0000
plw,1975,3.0000
plw,1976,3.0000
plw,1977,3.0000
plw,1978,3.0000
plw,1979,2.0000
plw,1980,2.0000
plw,1981,2.0000
plw,1982,2.0000
plw,1983,2.0000
plw,1984,2.0000
plw,1985,1.0000
plw,1986,1.0000
plw,1987,1.0000
plw,1988,1.0000
plw,1989,1.0000
plw,1990,2.0000
plw,1991,2.0000
plw,1992,1.0000
plw,1993,1.0000
plw,1994,1.0000
plw,1995,1.0000
plw,1996,1.0000
plw,1997,1.0000
plw,1998,1.0000
plw,1999,1.0000
plw,2000,1.0000
plw,2001,1.0000
plw,2002,1.0000
plw,2003,1.0000
plw,2004,1.0000
plw,2005,1.0000
plw,2006,1.0000
plw,2007,1.0000
plw,2008,1.0000
plw,2009,1.0000
plw,2010,1.0000
plw,2011,1.0000
plw,2012,1.0000
plw,2013,1.0000
plw,2014,1.0000
plw,2015,1.0000
plw,2016,1.0000
plw,2017,1.0000
plw,2018,1.0000
plw,2019,1.0000
plw,2020,0.0000
plw,2021,0.0000
plw,2022,0.0000
plw,2023,0.0000
plw,2024,0.0000
png,1956,4225.0
png,1957,4213.0
png,1958,4189.0
png,1959,4134.0
png,1960,4079.0
png,1961,4022.0
png,1962,3942.0
png,1963,3869.0
png,1964,3792.0
png,1965,3720.0
png,1966,3643.0
png,1967,3571.0
png,1968,3495.0
png,1969,3425.0
png,1970,3362.0
png,1971,3301.0
png,1972,3239.0
png,1973,3179.0
png,1974,3121.0
png,1975,3056.0
png,1976,2982.0
png,1977,2907.0
png,1978,2836.0
png,1979,2761.0
png,1980,2700.0
png,1981,2643.0
png,1982,2587.0
png,1983,2538.0
png,1984,2497.0
png,1985,2462.0
png,1986,2448.0
png,1987,2440.0
png,1988,2433.0
png,1989,2422.0
png,1990,2409.0
png,1991,2397.0
png,1992,2379.0
png,1993,2366.0
png,1994,2358.0
png,1995,2354.0
png,1996,2364.0
png,1997,2377.0
png,1998,2397.0
png,1999,2423.0
png,2000,2448.0
png,2001,2473.0
png,2002,2498.0
png,2003,2515.0
png,2004,2528.0
png,2005,2536.0
png,2006,2532.0
png,2007,2528.0
png,2008,2506.0
png,2009,2487.0
png,2010,2450.0
png,2011,2415.0
png,2012,2372.0
png,2013,2322.0
png,2014,2259.0
png,2015,2199.0
png,2016,2127.0
png,2017,2032.0
png,2018,1942.0
png,2019,1839.0
png,2020,1743.0
png,2021,1639.0
png,2022,1535.0
png,2023,1434.0
png,2024,1347.0
pol,1956,7318.0
pol,1957,6917.0
pol,1958,6499.0
pol,1959,6096.0
pol,1960,5671.0
pol,1961,5209.0
pol,1962,4715.0
pol,1963,4217.0
pol,1964,3749.0
pol,1965,3327.0
pol,1966,2978.0
pol,1967,2694.0
pol,1968,2477.0
pol,1969,2320.0
pol,1970,2187.0
pol,1971,2076.0
pol,1972,1988.0
pol,1973,1922.0
pol,1974,1876.0
pol,1975,1848.0
pol,1976,1852.0
pol,1977,1874.0
pol,1978,1901.0
pol,1979,1917.0
pol,1980,1911.0
pol,1981,1901.0
pol,1982,1883.0
pol,1983,1850.0
pol,1984,1817.0
pol,1985,1779.0
pol,1986,1732.0
pol,1987,1675.0
pol,1988,1600.0
pol,1989,1505.0
pol,1990,1405.0
pol,1991,1313.0
pol,1992,1231.0
pol,1993,1166.0
pol,1994,1105.0
pol,1995,1026.0
pol,1996,935.00
pol,1997,828.00
pol,1998,720.00
pol,1999,628.00
pol,2000,552.00
pol,2001,497.00
pol,2002,458.00
pol,2003,428.00
pol,2004,404.00
pol,2005,384.00
pol,2006,367.00
pol,2007,352.00
pol,2008,341.00
pol,2009,332.00
pol,2010,325.00
pol,2011,320.00
pol,2012,314.00
pol,2013,305.00
pol,2014,293.00
pol,2015,278.00
pol,2016,264.00
pol,2017,253.00
pol,2018,245.00
pol,2019,243.00
pol,2020,241.00
pol,2021,240.00
pol,2022,237.00
pol,2023,228.00
pol,2024,214.00
prk,1956,11039
prk,1957,10176
prk,1958,10196
prk,1959,10390
prk,1960,10679
prk,1961,10631
prk,1962,10424
prk,1963,9954.0
prk,1964,9225.0
prk,1965,8788.0
prk,1966,8504.0
prk,1967,8207.0
prk,1968,7928.0
prk,1969,7647.0
prk,1970,7345.0
prk,1971,7004.0
prk,1972,6631.0
prk,1973,6162.0
prk,1974,5708.0
prk,1975,5249.0
prk,1976,4708.0
prk,1977,4185.0
prk,1978,3657.0
prk,1979,3194.0
prk,1980,2867.0
prk,1981,2625.0
prk,1982,2464.0
prk,1983,2381.0
prk,1984,2344.0
prk,1985,2330.0
prk,1986,2344.0
prk,1987,2384.0
prk,1988,2510.0
prk,1989,2562.0
prk,1990,2693.0
prk,1991,2831.0
prk,1992,2960.0
prk,1993,3070.0
prk,1994,3147.0
prk,1995,3181.0
prk,1996,15665
prk,1997,15474
prk,1998,15237
prk,1999,14979
prk,2000,14635
prk,2001,14260
prk,2002,13833
prk,2003,13351
prk,2004,2259.0
prk,2005,2149.0
prk,2006,2063.0
prk,2007,1964.0
prk,2008,1902.0
prk,2009,1732.0
prk,2010,1641.0
prk,2011,1551.0
prk,2012,1456.0
prk,2013,1358.0
prk,2014,1250.0
prk,2015,1160.0
prk,2016,1096.0
prk,2017,1092.0
prk,2018,984.00
prk,2019,966.00
prk,2020,919.00
prk,2021,910.00
prk,2022,913.00
prk,2023,931.00
prk,2024,945.00
prt,1956,7630.0
prt,1957,7283.0
prt,1958,6932.0
prt,1959,6646.0
prt,1960,6415.0
prt,1961,6127.0
prt,1962,5757.0
prt,1963,5322.0
prt,1964,4840.0
prt,1965,4339.0
prt,1966,3910.0
prt,1967,3553.0
prt,1968,3254.0
prt,1969,3017.0
prt,1970,2770.0
prt,1971,2494.0
prt,1972,2205.0
prt,1973,1924.0
prt,1974,1681.0
prt,1975,1468.0
prt,1976,1292.0
prt,1977,1153.0
prt,1978,1051.0
prt,1979,972.00
prt,1980,898.00
prt,1981,829.00
prt,1982,759.00
prt,1983,694.00
prt,1984,643.00
prt,1985,602.00
prt,1986,566.00
prt,1987,530.00
prt,1988,490.00
prt,1989,451.00
prt,1990,413.00
prt,1991,380.00
prt,1992,350.00
prt,1993,323.00
prt,1994,296.00
prt,1995,272.00
prt,1996,251.00
prt,1997,233.00
prt,1998,217.00
prt,1999,203.00
prt,2000,190.00
prt,2001,179.00
prt,2002,167.00
prt,2003,153.00
prt,2004,137.00
prt,2005,123.00
prt,2006,111.00
prt,2007,101.00
prt,2008,93.000
prt,2009,86.000
prt,2010,81.000
prt,2011,77.000
prt,2012,73.000
prt,2013,70.000
prt,2014,67.000
prt,2015,64.000
prt,2016,60.000
prt,2017,57.000
prt,2018,55.000
prt,2019,54.000
prt,2020,54.000
prt,2021,53.000
prt,2022,51.000
prt,2023,49.000
prt,2024,47.000
pry,1962,1305.0
pry,1963,1316.0
pry,1964,1331.0
pry,1965,1345.0
pry,1966,1362.0
pry,1967,1373.0
pry,1968,1378.0
pry,1969,1375.0
pry,1970,1363.0
pry,1971,1346.0
pry,1972,1326.0
pry,1973,1303.0
pry,1974,1280.0
pry,1975,1256.0
pry,1976,1234.0
pry,1977,1214.0
pry,1978,1195.0
pry,1979,1178.0
pry,1980,1163.0
pry,1981,1149.0
pry,1982,1139.0
pry,1983,1133.0
pry,1984,1125.0
pry,1985,1110.0
pry,1986,1093.0
pry,1987,1068.0
pry,1988,1040.0
pry,1989,1009.0
pry,1990,975.00
pry,1991,940.00
pry,1992,903.00
pry,1993,865.00
pry,1994,826.00
pry,1995,788.00
pry,1996,752.00
pry,1997,719.00
pry,1998,684.00
pry,1999,651.00
pry,2000,619.00
pry,2001,584.00
pry,2002,548.00
pry,2003,511.00
pry,2004,471.00
pry,2005,432.00
pry,2006,398.00
pry,2007,367.00
pry,2008,341.00
pry,2009,318.00
pry,2010,296.00
pry,2011,278.00
pry,2012,261.00
pry,2013,245.00
pry,2014,229.00
pry,2015,217.00
pry,2016,205.00
pry,2017,195.00
pry,2018,184.00
pry,2019,174.00
pry,2020,164.00
pry,2021,154.00
pry,2022,144.00
pry,2023,134.00
pry,2024,125.00
pse,1981,598.00
pse,1982,580.00
pse,1983,561.00
pse,1984,544.00
pse,1985,528.00
pse,1986,514.00
pse,1987,501.00
pse,1988,489.00
pse,1989,478.00
pse,1990,471.00
pse,1991,467.00
pse,1992,465.00
pse,1993,464.00
pse,1994,464.00
pse,1995,463.00
pse,1996,459.00
pse,1997,453.00
pse,1998,445.00
pse,1999,437.00
pse,2000,429.00
pse,2001,422.00
pse,2002,416.00
pse,2003,410.00
pse,2004,403.00
pse,2005,396.00
pse,2006,388.00
pse,2007,378.00
pse,2008,365.00
pse,2009,354.00
pse,2010,342.00
pse,2011,333.00
pse,2012,324.00
pse,2013,318.00
pse,2014,310.00
pse,2015,520.00
pse,2016,287.00
pse,2017,276.00
pse,2018,264.00
pse,2019,252.00
pse,2020,238.00
pse,2021,222.00
pse,2022,208.00
pse,2023,193.00
pse,2024,1219.0
qat,1975,39.000
qat,1976,38.000
qat,1977,37.000
qat,1978,37.000
qat,1979,36.000
qat,1980,36.000
qat,1981,36.000
qat,1982,35.000
qat,1983,35.000
qat,1984,35.000
qat,1985,35.000
qat,1986,34.000
qat,1987,34.000
qat,1988,33.000
qat,1989,32.000
qat,1990,32.000
qat,1991,31.000
qat,1992,30.000
qat,1993,29.000
qat,1994,27.000
qat,1995,25.000
qat,1996,24.000
qat,1997,23.000
qat,1998,22.000
qat,1999,21.000
qat,2000,20.000
qat,2001,20.000
qat,2002,20.000
qat,2003,20.000
qat,2004,20.000
qat,2005,20.000
qat,2006,21.000
qat,2007,21.000
qat,2008,20.000
qat,2009,20.000
qat,2010,20.000
qat,2011,21.000
qat,2012,23.000
qat,2013,26.000
qat,2014,27.000
qat,2015,29.000
qat,2016,30.000
qat,2017,30.000
qat,2018,31.000
qat,2019,31.000
qat,2020,31.000
qat,2021,31.000
qat,2022,31.000
qat,2023,30.000
qat,2024,29.000
rks,1991,609.00
rks,1992,567.00
rks,1993,514.00
rks,1994,449.00
rks,1995,386.00
rks,1996,329.00
rks,1997,283.00
rks,1998,251.00
rks,1999,228.00
rks,2000,204.00
rks,2001,179.00
rks,2002,151.00
rks,2003,125.00
rks,2004,105.00
rks,2005,90.000
rks,2006,81.000
rks,2007,74.000
rks,2008,68.000
rks,2009,62.000
rks,2010,57.000
rks,2011,53.000
rks,2012,48.000
rks,2013,44.000
rks,2014,40.000
rks,2015,37.000
rks,2016,34.000
rks,2017,31.000
rks,2018,28.000
rks,2019,25.000
rks,2020,22.000
rks,2021,19.000
rks,2022,17.000
rks,2023,15.000
rks,2024,14.000
rou,1961,5296.0
rou,1962,4509.0
rou,1963,3682.0
rou,1964,2970.0
rou,1965,2508.0
rou,1966,2384.0
rou,1967,2467.0
rou,1968,2588.0
rou,1969,2934.0
rou,1970,3403.0
rou,1971,3600.0
rou,1972,3590.0
rou,1973,3394.0
rou,1974,3178.0
rou,1975,3033.0
rou,1976,2962.0
rou,1977,2919.0
rou,1978,2899.0
rou,1979,2950.0
rou,1980,2953.0
rou,1981,2905.0
rou,1982,2812.0
rou,1983,2652.0
rou,1984,2474.0
rou,1985,2321.0
rou,1986,2309.0
rou,1987,2399.0
rou,1988,2511.0
rou,1989,2594.0
rou,1990,2559.0
rou,1991,2433.0
rou,1992,2221.0
rou,1993,1962.0
rou,1994,1736.0
rou,1995,1524.0
rou,1996,1360.0
rou,1997,1230.0
rou,1998,1104.0
rou,1999,987.00
rou,2000,879.00
rou,2001,798.00
rou,2002,738.00
rou,2003,695.00
rou,2004,665.00
rou,2005,627.00
rou,2006,579.00
rou,2007,526.00
rou,2008,482.00
rou,2009,452.00
rou,2010,432.00
rou,2011,421.00
rou,2012,408.00
rou,2013,387.00
rou,2014,360.00
rou,2015,325.00
rou,2016,297.00
rou,2017,278.00
rou,2018,263.00
rou,2019,252.00
rou,2020,243.00
rou,2021,239.00
rou,2022,238.00
rou,2023,236.00
rou,2024,229.00
rus,1964,20172
rus,1965,18352
rus,1966,16507
rus,1967,14734
rus,1968,13263
rus,1969,12121
rus,1970,11255
rus,1971,10735
rus,1972,10443
rus,1973,10398
rus,1974,10567
rus,1975,10820
rus,1976,11067
rus,1977,11314
rus,1978,11558
rus,1979,11808
rus,1980,12011
rus,1981,12099
rus,1982,12074
rus,1983,11972
rus,1984,11871
rus,1985,11843
rus,1986,11788
rus,1987,11565
rus,1988,11258
rus,1989,10877
rus,1990,10471
rus,1991,10083
rus,1992,9595.0
rus,1993,9000.0
rus,1994,8310.0
rus,1995,7542.0
rus,1996,6805.0
rus,1997,6204.0
rus,1998,5757.0
rus,1999,5457.0
rus,2000,5204.0
rus,2001,4912.0
rus,2002,4604.0
rus,2003,4338.0
rus,2004,4115.0
rus,2005,3965.0
rus,2006,3856.0
rus,2007,3711.0
rus,2008,3536.0
rus,2009,3388.0
rus,2010,3320.0
rus,2011,3342.0
rus,2012,3393.0
rus,2013,3394.0
rus,2014,3323.0
rus,2015,3180.0
rus,2016,2974.0
rus,2017,2745.0
rus,2018,2508.0
rus,2019,2251.0
rus,2020,1982.0
rus,2021,1716.0
rus,2022,1466.0
rus,2023,1259.0
rus,2024,1089.0
rwa,1962,13246
rwa,1963,13467
rwa,1964,13749
rwa,1965,13993
rwa,1966,14265
rwa,1967,14535
rwa,1968,14993
rwa,1969,15556
rwa,1970,16243
rwa,1971,17043
rwa,1972,17937
rwa,1973,18976
rwa,1974,20104
rwa,1975,21512
rwa,1976,23042
rwa,1977,24305
rwa,1978,25162
rwa,1979,25329
rwa,1980,24759
rwa,1981,23580
rwa,1982,22257
rwa,1983,21118
rwa,1984,20182
rwa,1985,19709
rwa,1986,19512
rwa,1987,19302
rwa,1988,19027
rwa,1989,18825
rwa,1990,18940
rwa,1991,19620
rwa,1992,21008
rwa,1993,23154
rwa,1994,25556
rwa,1995,63574
rwa,1996,27602
rwa,1997,26819
rwa,1998,24899
rwa,1999,23144
rwa,2000,21905
rwa,2001,20997
rwa,2002,20233
rwa,2003,18775
rwa,2004,16753
rwa,2005,14788
rwa,2006,13005
rwa,2007,11485
rwa,2008,10230
rwa,2009,9027.0
rwa,2010,7887.0
rwa,2011,6922.0
rwa,2012,6172.0
rwa,2013,5468.0
rwa,2014,4943.0
rwa,2015,4549.0
rwa,2016,4233.0
rwa,2017,3983.0
rwa,2018,3803.0
rwa,2019,3693.0
rwa,2020,3600.0
rwa,2021,3472.0
rwa,2022,3310.0
rwa,2023,3129.0
rwa,2024,2880.0
sau,1978,1552.0
sau,1979,1543.0
sau,1980,1539.0
sau,1981,1538.0
sau,1982,1522.0
sau,1983,1502.0
sau,1984,1485.0
sau,1985,1461.0
sau,1986,1435.0
sau,1987,1400.0
sau,1988,1368.0
sau,1989,1326.0
sau,1990,1279.0
sau,1991,1220.0
sau,1992,1158.0
sau,1993,1104.0
sau,1994,1058.0
sau,1995,1020.0
sau,1996,984.00
sau,1997,960.00
sau,1998,930.00
sau,1999,906.00
sau,2000,883.00
sau,2001,858.00
sau,2002,836.00
sau,2003,814.00
sau,2004,790.00
sau,2005,764.00
sau,2006,729.00
sau,2007,706.00
sau,2008,697.00
sau,2009,706.00
sau,2010,724.00
sau,2011,745.00
sau,2012,756.00
sau,2013,765.00
sau,2014,770.00
sau,2015,770.00
sau,2016,768.00
sau,2017,759.00
sau,2018,744.00
sau,2019,724.00
sau,2020,697.00
sau,2021,652.00
sau,2022,595.00
sau,2023,535.00
sau,2024,473.00
sdn,1961,28755
sdn,1962,28839
sdn,1963,28945
sdn,1964,29063
sdn,1965,29298
sdn,1966,29662
sdn,1967,30092
sdn,1968,30577
sdn,1969,31122
sdn,1970,31731
sdn,1971,32355
sdn,1972,32995
sdn,1973,33693
sdn,1974,34341
sdn,1975,34868
sdn,1976,35288
sdn,1977,35585
sdn,1978,35891
sdn,1979,36156
sdn,1980,36561
sdn,1981,37137
sdn,1982,37924
sdn,1983,38884
sdn,1984,53104
sdn,1985,53861
sdn,1986,54361
sdn,1987,40901
sdn,1988,40902
sdn,1989,40762
sdn,1990,40450
sdn,1991,40059
sdn,1992,39599
sdn,1993,39034
sdn,1994,38466
sdn,1995,37815
sdn,1996,37047
sdn,1997,36287
sdn,1998,35343
sdn,1999,34328
sdn,2000,33192
sdn,2001,32056
sdn,2002,30901
sdn,2003,29827
sdn,2004,28842
sdn,2005,36149
sdn,2006,35584
sdn,2007,25752
sdn,2008,24817
sdn,2009,23839
sdn,2010,22951
sdn,2011,22022
sdn,2012,21125
sdn,2013,20190
sdn,2014,19210
sdn,2015,18198
sdn,2016,17214
sdn,2017,16269
sdn,2018,15423
sdn,2019,14658
sdn,2020,13988
sdn,2021,13388
sdn,2022,12769
sdn,2023,12084
sdn,2024,11423
sen,1956,20378
sen,1957,20813
sen,1958,21341
sen,1959,21956
sen,1960,22674
sen,1961,23499
sen,1962,24491
sen,1963,25540
sen,1964,26635
sen,1965,27683
sen,1966,28643
sen,1967,29494
sen,1968,30249
sen,1969,30912
sen,1970,31501
sen,1971,31859
sen,1972,32044
sen,1973,31998
sen,1974,31763
sen,1975,31393
sen,1976,30780
sen,1977,29965
sen,1978,29080
sen,1979,28185
sen,1980,27392
sen,1981,26702
sen,1982,26127
sen,1983,25559
sen,1984,24915
sen,1985,24170
sen,1986,23231
sen,1987,22151
sen,1988,21013
sen,1989,20012
sen,1990,19258
sen,1991,18775
sen,1992,18619
sen,1993,18692
sen,1994,18911
sen,1995,19260
sen,1996,19592
sen,1997,19870
sen,1998,20037
sen,1999,19981
sen,2000,19663
sen,2001,19052
sen,2002,18141
sen,2003,16894
sen,2004,15539
sen,2005,14230
sen,2006,12978
sen,2007,11892
sen,2008,10933
sen,2009,10088
sen,2010,9370.0
sen,2011,8789.0
sen,2012,8302.0
sen,2013,7880.0
sen,2014,7529.0
sen,2015,7210.0
sen,2016,6876.0
sen,2017,6527.0
sen,2018,6129.0
sen,2019,5695.0
sen,2020,5236.0
sen,2021,4761.0
sen,2022,4259.0
sen,2023,3790.0
sen,2024,3413.0
sgp,1960,774.00
sgp,1961,707.00
sgp,1962,639.00
sgp,1963,571.00
sgp,1964,512.00
sgp,1965,467.00
sgp,1966,430.00
sgp,1967,397.00
sgp,1968,365.00
sgp,1969,331.00
sgp,1970,296.00
sgp,1971,263.00
sgp,1972,233.00
sgp,1973,207.00
sgp,1974,187.00
sgp,1975,167.00
sgp,1976,148.00
sgp,1977,133.00
sgp,1978,123.00
sgp,1979,116.00
sgp,1980,111.00
sgp,1981,107.00
sgp,1982,104.00
sgp,1983,100.00
sgp,1984,96.000
sgp,1985,94.000
sgp,1986,90.000
sgp,1987,88.000
sgp,1988,82.000
sgp,1989,76.000
sgp,1990,72.000
sgp,1991,68.000
sgp,1992,64.000
sgp,1993,61.000
sgp,1994,57.000
sgp,1995,53.000
sgp,1996,51.000
sgp,1997,50.000
sgp,1998,48.000
sgp,1999,46.000
sgp,2000,43.000
sgp,2001,39.000
sgp,2002,36.000
sgp,2003,33.000
sgp,2004,31.000
sgp,2005,29.000
sgp,2006,27.000
sgp,2007,25.000
sgp,2008,24.000
sgp,2009,23.000
sgp,2010,23.000
sgp,2011,23.000
sgp,2012,23.000
sgp,2013,23.000
sgp,2014,23.000
sgp,2015,22.000
sgp,2016,22.000
sgp,2017,22.000
sgp,2018,21.000
sgp,2019,20.000
sgp,2020,19.000
sgp,2021,18.000
sgp,2022,17.000
sgp,2023,15.000
sgp,2024,13.000
slb,1956,288.00
slb,1957,284.00
slb,1958,280.00
slb,1959,275.00
slb,1960,269.00
slb,1961,263.00
slb,1962,257.00
slb,1963,250.00
slb,1964,243.00
slb,1965,234.00
slb,1966,225.00
slb,1967,216.00
slb,1968,207.00
slb,1969,197.00
slb,1970,186.00
slb,1971,175.00
slb,1972,165.00
slb,1973,155.00
slb,1974,147.00
slb,1975,139.00
slb,1976,168.00
slb,1977,127.00
slb,1978,122.00
slb,1979,118.00
slb,1980,114.00
slb,1981,110.00
slb,1982,108.00
slb,1983,106.00
slb,1984,105.00
slb,1985,104.00
slb,1986,103.00
slb,1987,103.00
slb,1988,103.00
slb,1989,103.00
slb,1990,102.00
slb,1991,101.00
slb,1992,101.00
slb,1993,100.00
slb,1994,99.000
slb,1995,98.000
slb,1996,98.000
slb,1997,98.000
slb,1998,99.000
slb,1999,99.000
slb,2000,100.00
slb,2001,99.000
slb,2002,99.000
slb,2003,99.000
slb,2004,98.000
slb,2005,97.000
slb,2006,97.000
slb,2007,96.000
slb,2008,94.000
slb,2009,93.000
slb,2010,91.000
slb,2011,89.000
slb,2012,87.000
slb,2013,85.000
slb,2014,83.000
slb,2015,82.000
slb,2016,81.000
slb,2017,80.000
slb,2018,78.000
slb,2019,75.000
slb,2020,72.000
slb,2021,68.000
slb,2022,64.000
slb,2023,60.000
slb,2024,57.000
sle,1962,20894
sle,1963,20904
sle,1964,20848
sle,1965,20774
sle,1966,20691
sle,1967,20551
sle,1968,20403
sle,1969,20242
sle,1970,20069
sle,1971,19908
sle,1972,19771
sle,1973,19635
sle,1974,19535
sle,1975,19452
sle,1976,19388
sle,1977,19352
sle,1978,19308
sle,1979,19252
sle,1980,19171
sle,1981,19144
sle,1982,19129
sle,1983,19153
sle,1984,19185
sle,1985,19253
sle,1986,19354
sle,1987,19489
sle,1988,19656
sle,1989,19840
sle,1990,20063
sle,1991,20282
sle,1992,20521
sle,1993,20831
sle,1994,21034
sle,1995,20974
sle,1996,20719
sle,1997,20232
sle,1998,19679
sle,1999,19189
sle,2000,18747
sle,2001,18302
sle,2002,17846
sle,2003,17445
sle,2004,17205
sle,2005,17084
sle,2006,16985
sle,2007,16793
sle,2008,16434
sle,2009,15923
sle,2010,15344
sle,2011,14770
sle,2012,14157
sle,2013,13592
sle,2014,13040
sle,2015,13138
sle,2016,13476
sle,2017,11215
sle,2018,10593
sle,2019,10029
sle,2020,9515.0
sle,2021,9018.0
sle,2022,8521.0
sle,2023,8023.0
sle,2024,7527.0
slv,1961,6400.0
slv,1962,6378.0
slv,1963,6319.0
slv,1964,6255.0
slv,1965,6202.0
slv,1966,6134.0
slv,1967,6067.0
slv,1968,5963.0
slv,1969,5854.0
slv,1970,5729.0
slv,1971,5572.0
slv,1972,5407.0
slv,1973,5237.0
slv,1974,5085.0
slv,1975,4927.0
slv,1976,4779.0
slv,1977,4620.0
slv,1978,4442.0
slv,1979,4260.0
slv,1980,4070.0
slv,1981,5831.0
slv,1982,3685.0
slv,1983,3494.0
slv,1984,3287.0
slv,1985,3068.0
slv,1986,2849.0
slv,1987,2627.0
slv,1988,2431.0
slv,1989,2262.0
slv,1990,2118.0
slv,1991,1991.0
slv,1992,1875.0
slv,1993,1752.0
slv,1994,1628.0
slv,1995,1507.0
slv,1996,1382.0
slv,1997,1270.0
slv,1998,1166.0
slv,1999,1071.0
slv,2000,983.00
slv,2001,899.00
slv,2002,818.00
slv,2003,738.00
slv,2004,658.00
slv,2005,582.00
slv,2006,513.00
slv,2007,452.00
slv,2008,400.00
slv,2009,358.00
slv,2010,322.00
slv,2011,292.00
slv,2012,265.00
slv,2013,241.00
slv,2014,219.00
slv,2015,200.00
slv,2016,181.00
slv,2017,164.00
slv,2018,147.00
slv,2019,132.00
slv,2020,117.00
slv,2021,104.00
slv,2022,94.000
slv,2023,85.000
slv,2024,79.000
smr,1991,0.0000
smr,1992,0.0000
smr,1993,0.0000
smr,1994,0.0000
smr,1995,0.0000
smr,1996,0.0000
smr,1997,0.0000
smr,1998,0.0000
smr,1999,0.0000
smr,2000,0.0000
smr,2001,0.0000
smr,2002,0.0000
smr,2003,0.0000
smr,2004,0.0000
smr,2005,0.0000
smr,2006,0.0000
smr,2007,0.0000
smr,2008,0.0000
smr,2009,0.0000
smr,2010,0.0000
smr,2011,0.0000
smr,2012,0.0000
smr,2013,0.0000
smr,2014,0.0000
smr,2015,0.0000
smr,2016,0.0000
smr,2017,0.0000
smr,2018,0.0000
smr,2019,0.0000
smr,2020,0.0000
smr,2021,0.0000
smr,2022,0.0000
smr,2023,0.0000
smr,2024,0.0000
som,1989,21097
som,1990,21352
som,1991,21052
som,1992,61792
som,1993,59404
som,1994,16883
som,1995,16734
som,1996,17072
som,1997,17917
som,1998,18930
som,1999,19795
som,2000,20576
som,2001,21350
som,2002,22165
som,2003,23009
som,2004,23901
som,2005,24798
som,2006,25675
som,2007,26331
som,2008,26369
som,2009,25724
som,2010,24620
som,2011,28659
som,2012,61037
som,2013,26430
som,2014,19067
som,2015,18123
som,2016,17276
som,2017,16722
som,2018,20898
som,2019,17559
som,2020,14625
som,2021,14006
som,2022,13403
som,2023,18375
som,2024,12341
srb,1990,423.00
srb,1991,373.00
srb,1992,328.00
srb,1993,295.00
srb,1994,270.00
srb,1995,242.00
srb,1996,214.00
srb,1997,185.00
srb,1998,160.00
srb,1999,142.00
srb,2000,129.00
srb,2001,120.00
srb,2002,113.00
srb,2003,105.00
srb,2004,97.000
srb,2005,90.000
srb,2006,83.000
srb,2007,78.000
srb,2008,75.000
srb,2009,72.000
srb,2010,69.000
srb,2011,67.000
srb,2012,66.000
srb,2013,64.000
srb,2014,63.000
srb,2015,61.000
srb,2016,59.000
srb,2017,57.000
srb,2018,55.000
srb,2019,54.000
srb,2020,52.000
srb,2021,51.000
srb,2022,49.000
srb,2023,48.000
srb,2024,46.000
ssd,1960,16943
ssd,1961,16969
ssd,1962,16939
ssd,1963,16998
ssd,1964,17047
ssd,1965,17089
ssd,1966,17243
ssd,1967,17482
ssd,1968,17697
ssd,1969,17933
ssd,1970,18249
ssd,1971,18561
ssd,1972,18848
ssd,1973,19110
ssd,1974,19467
ssd,1975,19843
ssd,1976,20246
ssd,1977,20706
ssd,1978,20981
ssd,1979,21293
ssd,1980,21598
ssd,1981,21946
ssd,1982,22260
ssd,1983,22442
ssd,1984,22586
ssd,1985,22683
ssd,1986,22672
ssd,1987,22690
ssd,1988,38966
ssd,1989,93575
ssd,1990,26146
ssd,1991,26054
ssd,1992,26264
ssd,1993,33995
ssd,1994,34666
ssd,1995,18278
ssd,1996,25951
ssd,1997,25487
ssd,1998,24927
ssd,1999,49857
ssd,2000,15100
ssd,2001,14557
ssd,2002,13977
ssd,2003,13413
ssd,2004,12941
ssd,2005,12276
ssd,2006,11548
ssd,2007,10770
ssd,2008,9935.0
ssd,2009,9089.0
ssd,2010,8327.0
ssd,2011,7572.0
ssd,2012,6939.0
ssd,2013,6506.0
ssd,2014,6195.0
ssd,2015,15330
ssd,2016,20283
ssd,2017,21493
ssd,2018,20445
ssd,2019,6619.0
ssd,2020,3679.0
ssd,2021,3197.0
ssd,2022,2830.0
ssd,2023,2569.0
ssd,2024,2370.0
stp,1971,80.000
stp,1972,82.000
stp,1973,85.000
stp,1974,89.000
stp,1975,93.000
stp,1976,97.000
stp,1977,101.00
stp,1978,105.00
stp,1979,110.00
stp,1980,114.00
stp,1981,120.00
stp,1982,125.00
stp,1983,132.00
stp,1984,138.00
stp,1985,144.00
stp,1986,150.00
stp,1987,187.00
stp,1988,161.00
stp,1989,167.00
stp,1990,173.00
stp,1991,178.00
stp,1992,183.00
stp,1993,187.00
stp,1994,189.00
stp,1995,189.00
stp,1996,186.00
stp,1997,181.00
stp,1998,175.00
stp,1999,167.00
stp,2000,158.00
stp,2001,149.00
stp,2002,140.00
stp,2003,131.00
stp,2004,122.00
stp,2005,114.00
stp,2006,105.00
stp,2007,97.000
stp,2008,89.000
stp,2009,82.000
stp,2010,75.000
stp,2011,69.000
stp,2012,62.000
stp,2013,55.000
stp,2014,49.000
stp,2015,44.000
stp,2016,38.000
stp,2017,33.000
stp,2018,29.000
stp,2019,25.000
stp,2020,23.000
stp,2021,20.000
stp,2022,18.000
stp,2023,17.000
stp,2024,16.000
sur,1989,94.000
sur,1990,88.000
sur,1991,82.000
sur,1992,77.000
sur,1993,71.000
sur,1994,65.000
sur,1995,59.000
sur,1996,53.000
sur,1997,48.000
sur,1998,44.000
sur,1999,41.000
sur,2000,38.000
sur,2001,36.000
sur,2002,34.000
sur,2003,32.000
sur,2004,31.000
sur,2005,29.000
sur,2006,27.000
sur,2007,25.000
sur,2008,23.000
sur,2009,21.000
sur,2010,20.000
sur,2011,19.000
sur,2012,18.000
sur,2013,16.000
sur,2014,15.000
sur,2015,14.000
sur,2016,13.000
sur,2017,12.000
sur,2018,11.000
sur,2019,10.000
sur,2020,9.0000
sur,2021,9.0000
sur,2022,8.0000
sur,2023,7.0000
sur,2024,7.0000
svk,1957,839.00
svk,1958,744.00
svk,1959,668.00
svk,1960,602.00
svk,1961,544.00
svk,1962,493.00
svk,1963,452.00
svk,1964,421.00
svk,1965,400.00
svk,1966,387.00
svk,1967,374.00
svk,1968,361.00
svk,1969,346.00
svk,1970,328.00
svk,1971,313.00
svk,1972,304.00
svk,1973,299.00
svk,1974,299.00
svk,1975,302.00
svk,1976,306.00
svk,1977,309.00
svk,1978,308.00
svk,1979,304.00
svk,1980,296.00
svk,1981,287.00
svk,1982,276.00
svk,1983,262.00
svk,1984,249.00
svk,1985,235.00
svk,1986,222.00
svk,1987,211.00
svk,1988,201.00
svk,1989,191.00
svk,1990,181.00
svk,1991,172.00
svk,1992,164.00
svk,1993,157.00
svk,1994,149.00
svk,1995,141.00
svk,1996,133.00
svk,1997,122.00
svk,1998,112.00
svk,1999,103.00
svk,2000,95.000
svk,2001,90.000
svk,2002,86.000
svk,2003,82.000
svk,2004,78.000
svk,2005,74.000
svk,2006,72.000
svk,2007,70.000
svk,2008,68.000
svk,2009,66.000
svk,2010,65.000
svk,2011,64.000
svk,2012,65.000
svk,2013,65.000
svk,2014,64.000
svk,2015,62.000
svk,2016,60.000
svk,2017,58.000
svk,2018,56.000
svk,2019,55.000
svk,2020,55.000
svk,2021,55.000
svk,2022,55.000
svk,2023,54.000
svk,2024,53.000
svn,1987,54.000
svn,1988,49.000
svn,1989,45.000
svn,1990,42.000
svn,1991,38.000
svn,1992,35.000
svn,1993,32.000
svn,1994,29.000
svn,1995,25.000
svn,1996,23.000
svn,1997,21.000
svn,1998,19.000
svn,1999,18.000
svn,2000,17.000
svn,2001,16.000
svn,2002,15.000
svn,2003,14.000
svn,2004,13.000
svn,2005,13.000
svn,2006,12.000
svn,2007,11.000
svn,2008,11.000
svn,2009,11.000
svn,2010,11.000
svn,2011,11.000
svn,2012,11.000
svn,2013,11.000
svn,2014,10.000
svn,2015,10.000
svn,2016,10.000
svn,2017,9.0000
svn,2018,9.0000
svn,2019,9.0000
svn,2020,8.0000
svn,2021,8.0000
svn,2022,8.0000
svn,2023,7.0000
svn,2024,7.0000
swe,1956,411.00
swe,1957,390.00
swe,1958,375.00
swe,1959,361.00
swe,1960,349.00
swe,1961,338.00
swe,1962,323.00
swe,1963,306.00
swe,1964,291.00
swe,1965,278.00
swe,1966,272.00
swe,1967,269.00
swe,1968,265.00
swe,1969,261.00
swe,1970,252.00
swe,1971,236.00
swe,1972,219.00
swe,1973,204.00
swe,1974,191.00
swe,1975,181.00
swe,1976,171.00
swe,1977,160.00
swe,1978,149.00
swe,1979,139.00
swe,1980,129.00
swe,1981,121.00
swe,1982,116.00
swe,1983,113.00
swe,1984,111.00
swe,1985,109.00
swe,1986,107.00
swe,1987,106.00
swe,1988,107.00
swe,1989,110.00
swe,1990,112.00
swe,1991,114.00
swe,1992,114.00
swe,1993,112.00
swe,1994,107.00
swe,1995,100.00
swe,1996,92.000
swe,1997,85.000
swe,1998,77.000
swe,1999,71.000
swe,2000,67.000
swe,2001,63.000
swe,2002,61.000
swe,2003,60.000
swe,2004,60.000
swe,2005,60.000
swe,2006,59.000
swe,2007,59.000
swe,2008,58.000
swe,2009,58.000
swe,2010,57.000
swe,2011,57.000
swe,2012,58.000
swe,2013,58.000
swe,2014,58.000
swe,2015,58.000
swe,2016,57.000
swe,2017,56.000
swe,2018,55.000
swe,2019,55.000
swe,2020,53.000
swe,2021,53.000
swe,2022,51.000
swe,2023,50.000
swe,2024,48.000
swz,1956,1034.0
swz,1957,1022.0
swz,1958,1006.0
swz,1959,990.00
swz,1960,975.00
swz,1961,958.00
swz,1962,942.00
swz,1963,925.00
swz,1964,908.00
swz,1965,893.00
swz,1966,874.00
swz,1967,852.00
swz,1968,835.00
swz,1969,817.00
swz,1970,799.00
swz,1971,785.00
swz,1972,771.00
swz,1973,754.00
swz,1974,738.00
swz,1975,720.00
swz,1976,701.00
swz,1977,680.00
swz,1978,659.00
swz,1979,636.00
swz,1980,612.00
swz,1981,587.00
swz,1982,561.00
swz,1983,531.00
swz,1984,627.00
swz,1985,473.00
swz,1986,443.00
swz,1987,414.00
swz,1988,387.00
swz,1989,361.00
swz,1990,338.00
swz,1991,325.00
swz,1992,328.00
swz,1993,356.00
swz,1994,414.00
swz,1995,507.00
swz,1996,610.00
swz,1997,709.00
swz,1998,806.00
swz,1999,905.00
swz,2000,990.00
swz,2001,1082.0
swz,2002,1153.0
swz,2003,1188.0
swz,2004,1217.0
swz,2005,1247.0
swz,2006,1259.0
swz,2007,1221.0
swz,2008,1039.0
swz,2009,918.00
swz,2010,832.00
swz,2011,606.00
swz,2012,312.00
swz,2013,173.00
swz,2014,124.00
swz,2015,108.00
swz,2016,103.00
swz,2017,89.000
swz,2018,71.000
swz,2019,61.000
swz,2020,82.000
swz,2021,62.000
swz,2022,39.000
swz,2023,33.000
swz,2024,30.000
syc,1956,35.000
syc,1957,37.000
syc,1958,38.000
syc,1959,39.000
syc,1960,41.000
syc,1961,42.000
syc,1962,43.000
syc,1963,44.000
syc,1964,45.000
syc,1965,46.000
syc,1966,47.000
syc,1967,47.000
syc,1968,47.000
syc,1969,46.000
syc,1970,44.000
syc,1971,41.000
syc,1972,37.000
syc,1973,34.000
syc,1974,31.000
syc,1975,27.000
syc,1976,24.000
syc,1977,22.000
syc,1978,19.000
syc,1979,16.000
syc,1980,14.000
syc,1981,12.000
syc,1982,11.000
syc,1983,10.000
syc,1984,9.0000
syc,1985,8.0000
syc,1986,7.0000
syc,1987,7.0000
syc,1988,6.0000
syc,1989,6.0000
syc,1990,5.0000
syc,1991,5.0000
syc,1992,5.0000
syc,1993,4.0000
syc,1994,4.0000
syc,1995,4.0000
syc,1996,4.0000
syc,1997,3.0000
syc,1998,3.0000
syc,1999,3.0000
syc,2000,3.0000
syc,2001,3.0000
syc,2002,2.0000
syc,2003,2.0000
syc,2004,2.0000
syc,2005,2.0000
syc,2006,2.0000
syc,2007,2.0000
syc,2008,2.0000
syc,2009,2.0000
syc,2010,2.0000
syc,2011,2.0000
syc,2012,2.0000
syc,2013,2.0000
syc,2014,2.0000
syc,2015,2.0000
syc,2016,2.0000
syc,2017,2.0000
syc,2018,2.0000
syc,2019,2.0000
syc,2020,2.0000
syc,2021,2.0000
syc,2022,2.0000
syc,2023,2.0000
syc,2024,2.0000
syr,1961,11531
syr,1962,10973
syr,1963,10487
syr,1964,10034
syr,1965,9582.0
syr,1966,9129.0
syr,1967,8684.0
syr,1968,8238.0
syr,1969,7798.0
syr,1970,7382.0
syr,1971,6986.0
syr,1972,6617.0
syr,1973,6278.0
syr,1974,5956.0
syr,1975,5650.0
syr,1976,5356.0
syr,1977,5067.0
syr,1978,4784.0
syr,1979,4504.0
syr,1980,4235.0
syr,1981,3979.0
syr,1982,5044.0
syr,1983,7050.0
syr,1984,3238.0
syr,1985,3035.0
syr,1986,2854.0
syr,1987,2705.0
syr,1988,2576.0
syr,1989,2460.0
syr,1990,2340.0
syr,1991,2211.0
syr,1992,2076.0
syr,1993,1934.0
syr,1994,1789.0
syr,1995,1658.0
syr,1996,1540.0
syr,1997,1435.0
syr,1998,1337.0
syr,1999,1244.0
syr,2000,1155.0
syr,2001,1075.0
syr,2002,1005.0
syr,2003,946.00
syr,2004,893.00
syr,2005,843.00
syr,2006,796.00
syr,2007,754.00
syr,2008,716.00
syr,2009,688.00
syr,2010,675.00
syr,2011,661.00
syr,2012,1430.0
syr,2013,4950.0
syr,2014,5385.0
syr,2015,4592.0
syr,2016,4460.0
syr,2017,2805.0
syr,2018,2422.0
syr,2019,1952.0
syr,2020,726.00
syr,2021,382.00
syr,2022,250.00
syr,2023,320.00
syr,2024,320.00
tca,1972,2.0000
tca,1973,2.0000
tca,1974,2.0000
tca,1975,1.0000
tca,1976,1.0000
tca,1977,1.0000
tca,1978,1.0000
tca,1979,1.0000
tca,1980,1.0000
tca,1981,1.0000
tca,1982,1.0000
tca,1983,1.0000
tca,1984,1.0000
tca,1985,1.0000
tca,1986,1.0000
tca,1987,1.0000
tca,1988,1.0000
tca,1989,1.0000
tca,1990,1.0000
tca,1991,1.0000
tca,1992,1.0000
tca,1993,1.0000
tca,1994,1.0000
tca,1995,1.0000
tca,1996,1.0000
tca,1997,1.0000
tca,1998,1.0000
tca,1999,1.0000
tca,2000,1.0000
tca,2001,1.0000
tca,2002,1.0000
tca,2003,1.0000
tca,2004,1.0000
tca,2005,1.0000
tca,2006,1.0000
tca,2007,1.0000
tca,2008,1.0000
tca,2009,1.0000
tca,2010,0.0000
tca,2011,1.0000
tca,2012,1.0000
tca,2013,1.0000
tca,2014,0.0000
tca,2015,0.0000
tca,2016,0.0000
tca,2017,0.0000
tca,2018,0.0000
tca,2019,0.0000
tca,2020,0.0000
tca,2021,0.0000
tca,2022,0.0000
tca,2023,0.0000
tca,2024,0.0000
tcd,1956,13908
tcd,1957,14034
tcd,1958,14158
tcd,1959,14273
tcd,1960,14398
tcd,1961,14509
tcd,1962,14666
tcd,1963,14816
tcd,1964,14965
tcd,1965,15148
tcd,1966,15338
tcd,1967,15548
tcd,1968,15785
tcd,1969,16073
tcd,1970,16386
tcd,1971,16741
tcd,1972,17126
tcd,1973,17565
tcd,1974,18083
tcd,1975,18668
tcd,1976,19251
tcd,1977,19768
tcd,1978,20146
tcd,1979,20406
tcd,1980,20618
tcd,1981,20804
tcd,1982,20978
tcd,1983,20936
tcd,1984,20755
tcd,1985,20968
tcd,1986,21528
tcd,1987,22144
tcd,1988,22789
tcd,1989,23196
tcd,1990,23537
tcd,1991,24152
tcd,1992,25021
tcd,1993,25770
tcd,1994,26508
tcd,1995,27304
tcd,1996,27882
tcd,1997,28273
tcd,1998,28718
tcd,1999,29084
tcd,2000,29529
tcd,2001,30055
tcd,2002,30406
tcd,2003,30632
tcd,2004,30818
tcd,2005,30933
tcd,2006,31129
tcd,2007,31437
tcd,2008,31787
tcd,2009,32110
tcd,2010,32253
tcd,2011,32165
tcd,2012,31959
tcd,2013,31630
tcd,2014,31270
tcd,2015,30851
tcd,2016,30286
tcd,2017,29462
tcd,2018,28349
tcd,2019,27179
tcd,2020,25899
tcd,2021,24625
tcd,2022,23471
tcd,2023,22408
tcd,2024,21496
tgo,1956,8499.0
tgo,1957,8565.0
tgo,1958,8619.0
tgo,1959,8661.0
tgo,1960,8702.0
tgo,1961,8750.0
tgo,1962,8786.0
tgo,1963,8817.0
tgo,1964,8848.0
tgo,1965,8877.0
tgo,1966,8897.0
tgo,1967,8912.0
tgo,1968,8931.0
tgo,1969,8986.0
tgo,1970,9058.0
tgo,1971,9161.0
tgo,1972,9280.0
tgo,1973,9402.0
tgo,1974,9508.0
tgo,1975,9574.0
tgo,1976,9602.0
tgo,1977,9578.0
tgo,1978,9528.0
tgo,1979,9464.0
tgo,1980,9366.0
tgo,1981,9264.0
tgo,1982,9148.0
tgo,1983,9043.0
tgo,1984,8965.0
tgo,1985,8918.0
tgo,1986,8886.0
tgo,1987,8878.0
tgo,1988,8883.0
tgo,1989,8919.0
tgo,1990,8950.0
tgo,1991,8993.0
tgo,1992,9027.0
tgo,1993,9040.0
tgo,1994,9033.0
tgo,1995,9012.0
tgo,1996,8885.0
tgo,1997,8676.0
tgo,1998,8485.0
tgo,1999,8312.0
tgo,2000,8220.0
tgo,2001,8180.0
tgo,2002,8113.0
tgo,2003,8052.0
tgo,2004,7986.0
tgo,2005,7913.0
tgo,2006,7818.0
tgo,2007,7720.0
tgo,2008,7664.0
tgo,2009,7628.0
tgo,2010,7615.0
tgo,2011,7591.0
tgo,2012,7545.0
tgo,2013,7452.0
tgo,2014,7284.0
tgo,2015,7043.0
tgo,2016,6765.0
tgo,2017,6485.0
tgo,2018,6241.0
tgo,2019,5969.0
tgo,2020,5683.0
tgo,2021,5381.0
tgo,2022,5071.0
tgo,2023,4761.0
tgo,2024,4468.0
tha,1957,34986
tha,1958,34772
tha,1959,34499
tha,1960,34189
tha,1961,33806
tha,1962,33331
tha,1963,32786
tha,1964,32216
tha,1965,31664
tha,1966,31024
tha,1967,30274
tha,1968,29405
tha,1969,28392
tha,1970,27237
tha,1971,25948
tha,1972,24479
tha,1973,22900
tha,1974,21382
tha,1975,19896
tha,1976,18502
tha,1977,17222
tha,1978,15966
tha,1979,14755
tha,1980,13610
tha,1981,12572
tha,1982,11666
tha,1983,10875
tha,1984,10167
tha,1985,9436.0
tha,1986,8697.0
tha,1987,7982.0
tha,1988,7334.0
tha,1989,6776.0
tha,1990,6281.0
tha,1991,5848.0
tha,1992,5436.0
tha,1993,5065.0
tha,1994,4748.0
tha,1995,4446.0
tha,1996,4164.0
tha,1997,3886.0
tha,1998,3621.0
tha,1999,3363.0
tha,2000,3119.0
tha,2001,2888.0
tha,2002,2669.0
tha,2003,2467.0
tha,2004,2285.0
tha,2005,2125.0
tha,2006,1986.0
tha,2007,1872.0
tha,2008,1759.0
tha,2009,1658.0
tha,2010,1564.0
tha,2011,1464.0
tha,2012,1380.0
tha,2013,1306.0
tha,2014,1243.0
tha,2015,1185.0
tha,2016,1131.0
tha,2017,1069.0
tha,2018,1005.0
tha,2019,938.00
tha,2020,879.00
tha,2021,817.00
tha,2022,761.00
tha,2023,710.00
tha,2024,658.00
tjk,1978,3858.0
tjk,1979,3900.0
tjk,1980,3955.0
tjk,1981,4013.0
tjk,1982,4084.0
tjk,1983,4114.0
tjk,1984,4120.0
tjk,1985,4110.0
tjk,1986,4087.0
tjk,1987,4073.0
tjk,1988,4088.0
tjk,1989,4133.0
tjk,1990,4239.0
tjk,1991,4476.0
tjk,1992,4820.0
tjk,1993,5150.0
tjk,1994,5381.0
tjk,1995,5412.0
tjk,1996,5253.0
tjk,1997,4929.0
tjk,1998,4476.0
tjk,1999,4004.0
tjk,2000,3564.0
tjk,2001,3148.0
tjk,2002,2780.0
tjk,2003,2463.0
tjk,2004,2185.0
tjk,2005,1952.0
tjk,2006,1793.0
tjk,2007,1673.0
tjk,2008,1564.0
tjk,2009,1485.0
tjk,2010,1421.0
tjk,2011,1368.0
tjk,2012,1332.0
tjk,2013,1303.0
tjk,2014,1276.0
tjk,2015,1248.0
tjk,2016,1219.0
tjk,2017,1190.0
tjk,2018,1160.0
tjk,2019,1131.0
tjk,2020,1105.0
tjk,2021,1078.0
tjk,2022,1036.0
tjk,2023,981.00
tjk,2024,920.00
tkm,1983,979.00
tkm,1984,993.00
tkm,1985,1010.0
tkm,1986,1032.0
tkm,1987,1057.0
tkm,1988,1091.0
tkm,1989,1130.0
tkm,1990,1164.0
tkm,1991,1197.0
tkm,1992,1222.0
tkm,1993,1251.0
tkm,1994,1279.0
tkm,1995,1303.0
tkm,1996,1317.0
tkm,1997,1308.0
tkm,1998,1280.0
tkm,1999,1231.0
tkm,2000,1171.0
tkm,2001,1101.0
tkm,2002,1040.0
tkm,2003,976.00
tkm,2004,915.00
tkm,2005,863.00
tkm,2006,824.00
tkm,2007,801.00
tkm,2008,794.00
tkm,2009,804.00
tkm,2010,822.00
tkm,2011,850.00
tkm,2012,893.00
tkm,2013,939.00
tkm,2014,1001.0
tkm,2015,1063.0
tkm,2016,1122.0
tkm,2017,1161.0
tkm,2018,1180.0
tkm,2019,1175.0
tkm,2020,1140.0
tkm,2021,1088.0
tkm,2022,1025.0
tkm,2023,955.00
tkm,2024,888.00
tls,1991,1690.0
tls,1992,1726.0
tls,1993,1660.0
tls,1994,1603.0
tls,1995,1585.0
tls,1996,1692.0
tls,1997,1664.0
tls,1998,1637.0
tls,1999,1764.0
tls,2000,2141.0
tls,2001,862.00
tls,2002,822.00
tls,2003,759.00
tls,2004,708.00
tls,2005,664.00
tls,2006,646.00
tls,2007,644.00
tls,2008,629.00
tls,2009,606.00
tls,2010,580.00
tls,2011,559.00
tls,2012,539.00
tls,2013,519.00
tls,2014,501.00
tls,2015,481.00
tls,2016,462.00
tls,2017,442.00
tls,2018,422.00
tls,2019,401.00
tls,2020,381.00
tls,2021,360.00
tls,2022,340.00
tls,2023,320.00
tls,2024,301.00
ton,1969,29.000
ton,1970,27.000
ton,1971,26.000
ton,1972,24.000
ton,1973,23.000
ton,1974,22.000
ton,1975,20.000
ton,1976,19.000
ton,1977,18.000
ton,1978,18.000
ton,1979,17.000
ton,1980,16.000
ton,1981,16.000
ton,1982,16.000
ton,1983,15.000
ton,1984,15.000
ton,1985,14.000
ton,1986,14.000
ton,1987,14.000
ton,1988,13.000
ton,1989,13.000
ton,1990,12.000
ton,1991,11.000
ton,1992,11.000
ton,1993,11.000
ton,1994,10.000
ton,1995,10.000
ton,1996,10.000
ton,1997,10.000
ton,1998,9.0000
ton,1999,9.0000
ton,2000,9.0000
ton,2001,8.0000
ton,2002,8.0000
ton,2003,8.0000
ton,2004,8.0000
ton,2005,8.0000
ton,2006,8.0000
ton,2007,7.0000
ton,2008,7.0000
ton,2009,7.0000
ton,2010,7.0000
ton,2011,7.0000
ton,2012,6.0000
ton,2013,6.0000
ton,2014,6.0000
ton,2015,6.0000
ton,2016,5.0000
ton,2017,5.0000
ton,2018,5.0000
ton,2019,4.0000
ton,2020,4.0000
ton,2021,4.0000
ton,2022,4.0000
ton,2023,3.0000
ton,2024,3.0000
tto,1959,135.00
tto,1960,135.00
tto,1961,135.00
tto,1962,135.00
tto,1963,136.00
tto,1964,137.00
tto,1965,137.00
tto,1966,135.00
tto,1967,133.00
tto,1968,129.00
tto,1969,124.00
tto,1970,119.00
tto,1971,113.00
tto,1972,108.00
tto,1973,104.00
tto,1974,100.00
tto,1975,98.000
tto,1976,97.000
tto,1977,96.000
tto,1978,94.000
tto,1979,92.000
tto,1980,91.000
tto,1981,91.000
tto,1982,91.000
tto,1983,92.000
tto,1984,92.000
tto,1985,91.000
tto,1986,90.000
tto,1987,88.000
tto,1988,87.000
tto,1989,84.000
tto,1990,81.000
tto,1991,78.000
tto,1992,74.000
tto,1993,70.000
tto,1994,66.000
tto,1995,63.000
tto,1996,60.000
tto,1997,57.000
tto,1998,55.000
tto,1999,52.000
tto,2000,50.000
tto,2001,48.000
tto,2002,46.000
tto,2003,45.000
tto,2004,44.000
tto,2005,42.000
tto,2006,41.000
tto,2007,41.000
tto,2008,40.000
tto,2009,39.000
tto,2010,39.000
tto,2011,38.000
tto,2012,37.000
tto,2013,36.000
tto,2014,35.000
tto,2015,33.000
tto,2016,32.000
tto,2017,31.000
tto,2018,29.000
tto,2019,28.000
tto,2020,26.000
tto,2021,25.000
tto,2022,24.000
tto,2023,22.000
tto,2024,21.000
tun,1968,15852
tun,1969,15022
tun,1970,14159
tun,1971,13275
tun,1972,12396
tun,1973,11583
tun,1974,10837
tun,1975,10207
tun,1976,9630.0
tun,1977,9104.0
tun,1978,8613.0
tun,1979,8129.0
tun,1980,7625.0
tun,1981,7120.0
tun,1982,6618.0
tun,1983,6158.0
tun,1984,5757.0
tun,1985,5398.0
tun,1986,5072.0
tun,1987,4767.0
tun,1988,4478.0
tun,1989,4189.0
tun,1990,3881.0
tun,1991,3547.0
tun,1992,3199.0
tun,1993,2866.0
tun,1994,2558.0
tun,1995,2267.0
tun,1996,1988.0
tun,1997,1710.0
tun,1998,1444.0
tun,1999,1198.0
tun,2000,988.00
tun,2001,816.00
tun,2002,681.00
tun,2003,579.00
tun,2004,503.00
tun,2005,448.00
tun,2006,411.00
tun,2007,385.00
tun,2008,368.00
tun,2009,357.00
tun,2010,349.00
tun,2011,347.00
tun,2012,352.00
tun,2013,367.00
tun,2014,391.00
tun,2015,423.00
tun,2016,457.00
tun,2017,488.00
tun,2018,510.00
tun,2019,522.00
tun,2020,522.00
tun,2021,510.00
tun,2022,489.00
tun,2023,454.00
tun,2024,414.00
tur,1959,89406
tur,1960,87724
tur,1961,85815
tur,1962,83545
tur,1963,80975
tur,1964,78424
tur,1965,75775
tur,1966,73150
tur,1967,70412
tur,1968,67826
tur,1969,65263
tur,1970,62636
tur,1971,59997
tur,1972,57405
tur,1973,54916
tur,1974,52467
tur,1975,49884
tur,1976,47176
tur,1977,44364
tur,1978,41482
tur,1979,38752
tur,1980,36354
tur,1981,34206
tur,1982,32243
tur,1983,30408
tur,1984,28652
tur,1985,26829
tur,1986,25092
tur,1987,23406
tur,1988,21879
tur,1989,20487
tur,1990,19175
tur,1991,17914
tur,1992,16640
tur,1993,15398
tur,1994,14216
tur,1995,13163
tur,1996,12271
tur,1997,11533
tur,1998,10836
tur,1999,10181
tur,2000,9521.0
tur,2001,8878.0
tur,2002,8191.0
tur,2003,7489.0
tur,2004,6780.0
tur,2005,6107.0
tur,2006,5512.0
tur,2007,5040.0
tur,2008,4663.0
tur,2009,4351.0
tur,2010,4079.0
tur,2011,3812.0
tur,2012,3554.0
tur,2013,3315.0
tur,2014,3106.0
tur,2015,2940.0
tur,2016,2816.0
tur,2017,2727.0
tur,2018,2640.0
tur,2019,2538.0
tur,2020,2415.0
tur,2021,2242.0
tur,2022,2042.0
tur,2023,1822.0
tur,2024,3857.0
tuv,1960,9.0000
tuv,1961,9.0000
tuv,1962,8.0000
tuv,1963,8.0000
tuv,1964,7.0000
tuv,1965,6.0000
tuv,1966,6.0000
tuv,1967,5.0000
tuv,1968,4.0000
tuv,1969,4.0000
tuv,1970,4.0000
tuv,1971,3.0000
tuv,1972,3.0000
tuv,1973,3.0000
tuv,1974,3.0000
tuv,1975,2.0000
tuv,1976,2.0000
tuv,1977,2.0000
tuv,1978,2.0000
tuv,1979,2.0000
tuv,1980,2.0000
tuv,1981,2.0000
tuv,1982,2.0000
tuv,1983,2.0000
tuv,1984,2.0000
tuv,1985,2.0000
tuv,1986,2.0000
tuv,1987,2.0000
tuv,1988,2.0000
tuv,1989,2.0000
tuv,1990,2.0000
tuv,1991,2.0000
tuv,1992,2.0000
tuv,1993,2.0000
tuv,1994,2.0000
tuv,1995,2.0000
tuv,1996,2.0000
tuv,1997,2.0000
tuv,1998,2.0000
tuv,1999,2.0000
tuv,2000,2.0000
tuv,2001,2.0000
tuv,2002,1.0000
tuv,2003,1.0000
tuv,2004,1.0000
tuv,2005,1.0000
tuv,2006,1.0000
tuv,2007,1.0000
tuv,2008,1.0000
tuv,2009,1.0000
tuv,2010,1.0000
tuv,2011,1.0000
tuv,2012,1.0000
tuv,2013,1.0000
tuv,2014,1.0000
tuv,2015,1.0000
tuv,2016,1.0000
tuv,2017,0.0000
tuv,2018,1.0000
tuv,2019,1.0000
tuv,2020,1.0000
tuv,2021,0.0000
tuv,2022,0.0000
tuv,2023,0.0000
tuv,2024,0.0000
tza,1957,42262
tza,1958,43332
tza,1959,44407
tza,1960,45470
tza,1961,46600
tza,1962,47612
tza,1963,48594
tza,1964,49630
tza,1965,50578
tza,1966,51621
tza,1967,52645
tza,1968,53565
tza,1969,54515
tza,1970,55302
tza,1971,56118
tza,1972,56831
tza,1973,57495
tza,1974,58112
tza,1975,58589
tza,1976,58985
tza,1977,59197
tza,1978,59208
tza,1979,59177
tza,1980,59320
tza,1981,59845
tza,1982,60454
tza,1983,61179
tza,1984,61885
tza,1985,62397
tza,1986,62629
tza,1987,62548
tza,1988,62279
tza,1989,61894
tza,1990,61681
tza,1991,61490
tza,1992,61319
tza,1993,61246
tza,1994,61026
tza,1995,60688
tza,1996,60270
tza,1997,59588
tza,1998,58592
tza,1999,57387
tza,2000,55581
tza,2001,53406
tza,2002,50896
tza,2003,48157
tza,2004,45544
tza,2005,43177
tza,2006,41356
tza,2007,39413
tza,2008,37644
tza,2009,35302
tza,2010,33059
tza,2011,30687
tza,2012,28420
tza,2013,26615
tza,2014,24893
tza,2015,23131
tza,2016,22343
tza,2017,21515
tza,2018,21334
tza,2019,20653
tza,2020,19648
tza,2021,18798
tza,2022,17196
tza,2023,16296
tza,2024,15474
uga,1959,29292
uga,1960,29503
uga,1961,29671
uga,1962,29817
uga,1963,30016
uga,1964,30269
uga,1965,30516
uga,1966,30825
uga,1967,31224
uga,1968,31715
uga,1969,32359
uga,1970,33161
uga,1971,34238
uga,1972,35590
uga,1973,37165
uga,1974,38922
uga,1975,40863
uga,1976,42974
uga,1977,45047
uga,1978,47103
uga,1979,49055
uga,1980,50549
uga,1981,52059
uga,1982,52620
uga,1983,52612
uga,1984,52153
uga,1985,51773
uga,1986,51944
uga,1987,52719
uga,1988,54126
uga,1989,55466
uga,1990,56406
uga,1991,57255
uga,1992,57673
uga,1993,57756
uga,1994,57754
uga,1995,57958
uga,1996,58515
uga,1997,59160
uga,1998,59326
uga,1999,58906
uga,2000,57842
uga,2001,56176
uga,2002,54282
uga,2003,52125
uga,2004,49827
uga,2005,47313
uga,2006,44699
uga,2007,42017
uga,2008,39691
uga,2009,37344
uga,2010,34588
uga,2011,32118
uga,2012,29694
uga,2013,27759
uga,2014,25158
uga,2015,23352
uga,2016,21332
uga,2017,19261
uga,2018,17870
uga,2019,16622
uga,2020,15321
uga,2021,14259
uga,2022,13301
uga,2023,12681
uga,2024,11900
ukr,1977,1437.0
ukr,1978,1368.0
ukr,1979,1302.0
ukr,1980,1241.0
ukr,1981,1188.0
ukr,1982,1116.0
ukr,1983,1046.0
ukr,1984,984.00
ukr,1985,936.00
ukr,1986,892.00
ukr,1987,849.00
ukr,1988,813.00
ukr,1989,762.00
ukr,1990,715.00
ukr,1991,671.00
ukr,1992,627.00
ukr,1993,582.00
ukr,1994,546.00
ukr,1995,511.00
ukr,1996,473.00
ukr,1997,434.00
ukr,1998,396.00
ukr,1999,356.00
ukr,2000,318.00
ukr,2001,282.00
ukr,2002,250.00
ukr,2003,222.00
ukr,2004,202.00
ukr,2005,189.00
ukr,2006,183.00
ukr,2007,177.00
ukr,2008,173.00
ukr,2009,170.00
ukr,2010,166.00
ukr,2011,163.00
ukr,2012,158.00
ukr,2013,151.00
ukr,2014,143.00
ukr,2015,136.00
ukr,2016,129.00
ukr,2017,121.00
ukr,2018,113.00
ukr,2019,103.00
ukr,2020,93.000
ukr,2021,84.000
ukr,2022,76.000
ukr,2023,186.00
ukr,2024,85.000
unicef_eap,1991,476900
unicef_eap,1992,466760
unicef_eap,1993,445850
unicef_eap,1994,416460
unicef_eap,1995,384380
unicef_eap,1996,365840
unicef_eap,1997,336540
unicef_eap,1998,314070
unicef_eap,1999,293770
unicef_eap,2000,274530
unicef_eap,2001,253870
unicef_eap,2002,236520
unicef_eap,2003,220350
unicef_eap,2004,192930
unicef_eap,2005,197450
unicef_eap,2006,168140
unicef_eap,2007,157990
unicef_eap,2008,149820
unicef_eap,2009,162550
unicef_eap,2010,137250
unicef_eap,2011,132220
unicef_eap,2012,127570
unicef_eap,2013,122640
unicef_eap,2014,118240
unicef_eap,2015,113910
unicef_eap,2016,109460
unicef_eap,2017,105020
unicef_eap,2018,100020
unicef_eap,2019,95152
unicef_eap,2020,89601
unicef_eap,2021,83474
unicef_eap,2022,76881
unicef_eap,2023,69564
unicef_eap,2024,62861
unicef_eapro,1991,471720
unicef_eapro,1992,461860
unicef_eapro,1993,441150
unicef_eapro,1994,412030
unicef_eapro,1995,380130
unicef_eapro,1996,361770
unicef_eapro,1997,332700
unicef_eapro,1998,310450
unicef_eapro,1999,290410
unicef_eapro,2000,271360
unicef_eapro,2001,250900
unicef_eapro,2002,233720
unicef_eapro,2003,217720
unicef_eapro,2004,190480
unicef_eapro,2005,195160
unicef_eapro,2006,166030
unicef_eapro,2007,156000
unicef_eapro,2008,147970
unicef_eapro,2009,160770
unicef_eapro,2010,135540
unicef_eapro,2011,130560
unicef_eapro,2012,125880
unicef_eapro,2013,121100
unicef_eapro,2014,116770
unicef_eapro,2015,112500
unicef_eapro,2016,108120
unicef_eapro,2017,103750
unicef_eapro,2018,98816
unicef_eapro,2019,94013
unicef_eapro,2020,88515
unicef_eapro,2021,82452
unicef_eapro,2022,75928
unicef_eapro,2023,68667
unicef_eapro,2024,62002
unicef_eca,1991,67167
unicef_eca,1992,64678
unicef_eca,1993,63709
unicef_eca,1994,60772
unicef_eca,1995,55671
unicef_eca,1996,52388
unicef_eca,1997,48604
unicef_eca,1998,45053
unicef_eca,1999,41694
unicef_eca,2000,38621
unicef_eca,2001,35640
unicef_eca,2002,32839
unicef_eca,2003,30284
unicef_eca,2004,27968
unicef_eca,2005,25962
unicef_eca,2006,24367
unicef_eca,2007,23066
unicef_eca,2008,21950
unicef_eca,2009,21022
unicef_eca,2010,20249
unicef_eca,2011,19576
unicef_eca,2012,18963
unicef_eca,2013,18314
unicef_eca,2014,17619
unicef_eca,2015,16930
unicef_eca,2016,16288
unicef_eca,2017,15696
unicef_eca,2018,15091
unicef_eca,2019,14434
unicef_eca,2020,13737
unicef_eca,2021,13017
unicef_eca,2022,12308
unicef_eca,2023,11774
unicef_eca,2024,13472
unicef_ecaro,1991,47703
unicef_ecaro,1992,46057
unicef_ecaro,1993,46090
unicef_ecaro,1994,44283
unicef_ecaro,1995,40446
unicef_ecaro,1996,38457
unicef_ecaro,1997,35767
unicef_ecaro,1998,33106
unicef_ecaro,1999,30389
unicef_ecaro,2000,27804
unicef_ecaro,2001,25319
unicef_ecaro,2002,22990
unicef_ecaro,2003,20884
unicef_ecaro,2004,18975
unicef_ecaro,2005,17278
unicef_ecaro,2006,15976
unicef_ecaro,2007,14961
unicef_ecaro,2008,14144
unicef_ecaro,2009,13476
unicef_ecaro,2010,12891
unicef_ecaro,2011,12306
unicef_ecaro,2012,11747
unicef_ecaro,2013,11210
unicef_ecaro,2014,10711
unicef_ecaro,2015,10291
unicef_ecaro,2016,9969.0
unicef_ecaro,2017,9711.0
unicef_ecaro,2018,9426.0
unicef_ecaro,2019,9110.0
unicef_ecaro,2020,8752.0
unicef_ecaro,2021,8353.0
unicef_ecaro,2022,7953.0
unicef_ecaro,2023,7672.0
unicef_ecaro,2024,9577.0
unicef_eeca,1991,57814
unicef_eeca,1992,55689
unicef_eeca,1993,55111
unicef_eeca,1994,52621
unicef_eeca,1995,48019
unicef_eeca,1996,45262
unicef_eeca,1997,41976
unicef_eeca,1998,38861
unicef_eeca,1999,35833
unicef_eeca,2000,33008
unicef_eeca,2001,30228
unicef_eeca,2002,27599
unicef_eeca,2003,25216
unicef_eeca,2004,23081
unicef_eeca,2005,21247
unicef_eeca,2006,19815
unicef_eeca,2007,18661
unicef_eeca,2008,17676
unicef_eeca,2009,16862
unicef_eeca,2010,16200
unicef_eeca,2011,15637
unicef_eeca,2012,15131
unicef_eeca,2013,14594
unicef_eeca,2014,14019
unicef_eeca,2015,13455
unicef_eeca,2016,12926
unicef_eeca,2017,12441
unicef_eeca,2018,11922
unicef_eeca,2019,11342
unicef_eeca,2020,10720
unicef_eeca,2021,10075
unicef_eeca,2022,9440.0
unicef_eeca,2023,8980.0
unicef_eeca,2024,10757
unicef_esa,1991,678410
unicef_esa,1992,734340
unicef_esa,1993,748190
unicef_esa,1994,710570
unicef_esa,1995,729010
unicef_esa,1996,698070
unicef_esa,1997,694550
unicef_esa,1998,687290
unicef_esa,1999,707380
unicef_esa,2000,655920
unicef_esa,2001,638970
unicef_esa,2002,619960
unicef_esa,2003,594870
unicef_esa,2004,573710
unicef_esa,2005,560350
unicef_esa,2006,537930
unicef_esa,2007,505000
unicef_esa,2008,478940
unicef_esa,2009,448880
unicef_esa,2010,418200
unicef_esa,2011,395420
unicef_esa,2012,410160
unicef_esa,2013,348880
unicef_esa,2014,319900
unicef_esa,2015,317620
unicef_esa,2016,311060
unicef_esa,2017,300280
unicef_esa,2018,298470
unicef_esa,2019,264740
unicef_esa,2020,250300
unicef_esa,2021,244560
unicef_esa,2022,237510
unicef_esa,2023,240920
unicef_esa,2024,226710
unicef_esaro,1991,634800
unicef_esaro,1992,691000
unicef_esaro,1993,705380
unicef_esaro,1994,668430
unicef_esaro,1995,687530
unicef_esaro,1996,657410
unicef_esaro,1997,654690
unicef_esaro,1998,648480
unicef_esaro,1999,669380
unicef_esaro,2000,619490
unicef_esaro,2001,603690
unicef_esaro,2002,586010
unicef_esaro,2003,562090
unicef_esaro,2004,541820
unicef_esaro,2005,520460
unicef_esaro,2006,498580
unicef_esaro,2007,476190
unicef_esaro,2008,451040
unicef_esaro,2009,421890
unicef_esaro,2010,391890
unicef_esaro,2011,370290
unicef_esaro,2012,385710
unicef_esaro,2013,325570
unicef_esaro,2014,297170
unicef_esaro,2015,295910
unicef_esaro,2016,289960
unicef_esaro,2017,279860
unicef_esaro,2018,278900
unicef_esaro,2019,245660
unicef_esaro,2020,231290
unicef_esaro,2021,226160
unicef_esaro,2022,219340
unicef_esaro,2023,222840
unicef_esaro,2024,209450
unicef_lac,1991,124730
unicef_lac,1992,118230
unicef_lac,1993,111640
unicef_lac,1994,105110
unicef_lac,1995,98764
unicef_lac,1996,92680
unicef_lac,1997,86841
unicef_lac,1998,81346
unicef_lac,1999,80018
unicef_lac,2000,71225
unicef_lac,2001,66706
unicef_lac,2002,62539
unicef_lac,2003,58608
unicef_lac,2004,54949
unicef_lac,2005,51521
unicef_lac,2006,48365
unicef_lac,2007,45565
unicef_lac,2008,43071
unicef_lac,2009,40833
unicef_lac,2010,38821
unicef_lac,2011,45814
unicef_lac,2012,35210
unicef_lac,2013,33702
unicef_lac,2014,32284
unicef_lac,2015,30955
unicef_lac,2016,29701
unicef_lac,2017,28762
unicef_lac,2018,27571
unicef_lac,2019,26403
unicef_lac,2020,25307
unicef_lac,2021,24142
unicef_lac,2022,22999
unicef_lac,2023,21848
unicef_lac,2024,20691
unicef_lacro,1991,124710
unicef_lacro,1992,118210
unicef_lacro,1993,111620
unicef_lacro,1994,105090
unicef_lacro,1995,98745
unicef_lacro,1996,92662
unicef_lacro,1997,86822
unicef_lacro,1998,81329
unicef_lacro,1999,80002
unicef_lacro,2000,71209
unicef_lacro,2001,66690
unicef_lacro,2002,62523
unicef_lacro,2003,58593
unicef_lacro,2004,54936
unicef_lacro,2005,51507
unicef_lacro,2006,48352
unicef_lacro,2007,45552
unicef_lacro,2008,43058
unicef_lacro,2009,40820
unicef_lacro,2010,38810
unicef_lacro,2011,45802
unicef_lacro,2012,35200
unicef_lacro,2013,33691
unicef_lacro,2014,32275
unicef_lacro,2015,30946
unicef_lacro,2016,29693
unicef_lacro,2017,28754
unicef_lacro,2018,27563
unicef_lacro,2019,26396
unicef_lacro,2020,25270
unicef_lacro,2021,24136
unicef_lacro,2022,22992
unicef_lacro,2023,21842
unicef_lacro,2024,20685
unicef_mena,1991,118360
unicef_mena,1992,106240
unicef_mena,1993,94857
unicef_mena,1994,88481
unicef_mena,1995,82217
unicef_mena,1996,76030
unicef_mena,1997,69960
unicef_mena,1998,64066
unicef_mena,1999,58649
unicef_mena,2000,53896
unicef_mena,2001,49785
unicef_mena,2002,46318
unicef_mena,2003,43276
unicef_mena,2004,40526
unicef_mena,2005,38052
unicef_mena,2006,35800
unicef_mena,2007,33808
unicef_mena,2008,32121
unicef_mena,2009,30631
unicef_mena,2010,29255
unicef_mena,2011,28061
unicef_mena,2012,28308
unicef_mena,2013,31234
unicef_mena,2014,30758
unicef_mena,2015,29748
unicef_mena,2016,29892
unicef_mena,2017,27334
unicef_mena,2018,26243
unicef_mena,2019,25874
unicef_mena,2020,23239
unicef_mena,2021,20538
unicef_mena,2022,19410
unicef_mena,2023,18187
unicef_mena,2024,19899
unicef_menaro,1991,160730
unicef_menaro,1992,148100
unicef_menaro,1993,136050
unicef_menaro,1994,129020
unicef_menaro,1995,122070
unicef_menaro,1996,115020
unicef_menaro,1997,108060
unicef_menaro,1998,101180
unicef_menaro,1999,94637
unicef_menaro,2000,88648
unicef_menaro,2001,83384
unicef_menaro,2002,78666
unicef_menaro,2003,74504
unicef_menaro,2004,70714
unicef_menaro,2005,75550
unicef_menaro,2006,72704
unicef_menaro,2007,60787
unicef_menaro,2008,58102
unicef_menaro,2009,55561
unicef_menaro,2010,53281
unicef_menaro,2011,51220
unicef_menaro,2012,50612
unicef_menaro,2013,52947
unicef_menaro,2014,51701
unicef_menaro,2015,49737
unicef_menaro,2016,49036
unicef_menaro,2017,45418
unicef_menaro,2018,43546
unicef_menaro,2019,42496
unicef_menaro,2020,39019
unicef_menaro,2021,35676
unicef_menaro,2022,33985
unicef_menaro,2023,32192
unicef_menaro,2024,33414
unicef_na,1991,7693.0
unicef_na,1992,7579.0
unicef_na,1993,7437.0
unicef_na,1994,7225.0
unicef_na,1995,6936.0
unicef_na,1996,6595.0
unicef_na,1997,6256.0
unicef_na,1998,5954.0
unicef_na,1999,5702.0
unicef_na,2000,5501.0
unicef_na,2001,5350.0
unicef_na,2002,5244.0
unicef_na,2003,5165.0
unicef_na,2004,5091.0
unicef_na,2005,5018.0
unicef_na,2006,4946.0
unicef_na,2007,4874.0
unicef_na,2008,4829.0
unicef_na,2009,4800.0
unicef_na,2010,4756.0
unicef_na,2011,4687.0
unicef_na,2012,4579.0
unicef_na,2013,4439.0
unicef_na,2014,4304.0
unicef_na,2015,4194.0
unicef_na,2016,4127.0
unicef_na,2017,4091.0
unicef_na,2018,4063.0
unicef_na,2019,4030.0
unicef_na,2020,3988.0
unicef_na,2021,3945.0
unicef_na,2022,3892.0
unicef_na,2023,3837.0
unicef_na,2024,3795.0
unicef_rosa,1991,1497600
unicef_rosa,1992,1445100
unicef_rosa,1993,1390600
unicef_rosa,1994,1335400
unicef_rosa,1995,1278000
unicef_rosa,1996,1219900
unicef_rosa,1997,1161700
unicef_rosa,1998,1103200
unicef_rosa,1999,1045200
unicef_rosa,2000,987800
unicef_rosa,2001,931260
unicef_rosa,2002,876340
unicef_rosa,2003,825120
unicef_rosa,2004,774600
unicef_rosa,2005,726930
unicef_rosa,2006,672300
unicef_rosa,2007,621230
unicef_rosa,2008,571510
unicef_rosa,2009,525390
unicef_rosa,2010,485260
unicef_rosa,2011,445480
unicef_rosa,2012,410980
unicef_rosa,2013,378930
unicef_rosa,2014,348690
unicef_rosa,2015,319830
unicef_rosa,2016,292130
unicef_rosa,2017,266340
unicef_rosa,2018,243040
unicef_rosa,2019,221760
unicef_rosa,2020,202870
unicef_rosa,2021,186220
unicef_rosa,2022,171570
unicef_rosa,2023,158890
unicef_rosa,2024,148240
unicef_sa,1991,1497600
unicef_sa,1992,1445100
unicef_sa,1993,1390600
unicef_sa,1994,1335400
unicef_sa,1995,1278000
unicef_sa,1996,1219900
unicef_sa,1997,1161700
unicef_sa,1998,1103200
unicef_sa,1999,1045200
unicef_sa,2000,987800
unicef_sa,2001,931260
unicef_sa,2002,876340
unicef_sa,2003,825120
unicef_sa,2004,774600
unicef_sa,2005,726930
unicef_sa,2006,672300
unicef_sa,2007,621230
unicef_sa,2008,571510
unicef_sa,2009,525390
unicef_sa,2010,485260
unicef_sa,2011,445480
unicef_sa,2012,410980
unicef_sa,2013,378930
unicef_sa,2014,348690
unicef_sa,2015,319830
unicef_sa,2016,292130
unicef_sa,2017,266340
unicef_sa,2018,243040
unicef_sa,2019,221760
unicef_sa,2020,202870
unicef_sa,2021,186220
unicef_sa,2022,171570
unicef_sa,2023,158890
unicef_sa,2024,148240
unicef_ssa,1991,1610600
unicef_ssa,1992,1680500
unicef_ssa,1993,1705000
unicef_ssa,1994,1672300
unicef_ssa,1995,1697500
unicef_ssa,1996,1671500
unicef_ssa,1997,1670700
unicef_ssa,1998,1664700
unicef_ssa,1999,1682200
unicef_ssa,2000,1620600
unicef_ssa,2001,1592600
unicef_ssa,2002,1561000
unicef_ssa,2003,1523800
unicef_ssa,2004,1490600
unicef_ssa,2005,1464200
unicef_ssa,2006,1429100
unicef_ssa,2007,1381800
unicef_ssa,2008,1343300
unicef_ssa,2009,1302200
unicef_ssa,2010,1311400
unicef_ssa,2011,1234300
unicef_ssa,2012,1246200
unicef_ssa,2013,1171300
unicef_ssa,2014,1135900
unicef_ssa,2015,1134000
unicef_ssa,2016,1110900
unicef_ssa,2017,1088000
unicef_ssa,2018,1074300
unicef_ssa,2019,1007100
unicef_ssa,2020,985440
unicef_ssa,2021,936270
unicef_ssa,2022,909330
unicef_ssa,2023,926630
unicef_ssa,2024,841130
unicef_wca,1991,920120
unicef_wca,1992,930080
unicef_wca,1993,939790
unicef_wca,1994,948430
unicef_wca,1995,955830
unicef_wca,1996,960720
unicef_wca,1997,963790
unicef_wca,1998,964460
unicef_wca,1999,960780
unicef_wca,2000,952810
unicef_wca,2001,941920
unicef_wca,2002,929490
unicef_wca,2003,917340
unicef_wca,2004,905310
unicef_wca,2005,892010
unicef_wca,2006,878030
unicef_wca,2007,863880
unicef_wca,2008,851170
unicef_wca,2009,839400
unicef_wca,2010,877510
unicef_wca,2011,821190
unicef_wca,2012,810880
unicef_wca,2013,803300
unicef_wca,2014,797000
unicef_wca,2015,793780
unicef_wca,2016,772700
unicef_wca,2017,756490
unicef_wca,2018,741140
unicef_wca,2019,714990
unicef_wca,2020,707370
unicef_wca,2021,662040
unicef_wca,2022,641470
unicef_wca,2023,651260
unicef_wca,2024,580850
unicef_wcaro,1991,920120
unicef_wcaro,1992,930080
unicef_wcaro,1993,939790
unicef_wcaro,1994,948430
unicef_wcaro,1995,955830
unicef_wcaro,1996,960720
unicef_wcaro,1997,963790
unicef_wcaro,1998,964460
unicef_wcaro,1999,960780
unicef_wcaro,2000,952810
unicef_wcaro,2001,941920
unicef_wcaro,2002,929490
unicef_wcaro,2003,917340
unicef_wcaro,2004,905310
unicef_wcaro,2005,892010
unicef_wcaro,2006,878030
unicef_wcaro,2007,863880
unicef_wcaro,2008,851170
unicef_wcaro,2009,839400
unicef_wcaro,2010,877510
unicef_wcaro,2011,821190
unicef_wcaro,2012,810880
unicef_wcaro,2013,803300
unicef_wcaro,2014,797000
unicef_wcaro,2015,793780
unicef_wcaro,2016,772700
unicef_wcaro,2017,756490
unicef_wcaro,2018,741140
unicef_wcaro,2019,714990
unicef_wcaro,2020,707370
unicef_wcaro,2021,662040
unicef_wcaro,2022,641470
unicef_wcaro,2023,651260
unicef_wcaro,2024,580850
unicef_we,1991,9293.0
unicef_we,1992,8930.0
unicef_we,1993,8543.0
unicef_we,1994,8098.0
unicef_we,1995,7606.0
unicef_we,1996,7091.0
unicef_we,1997,6586.0
unicef_we,1998,6158.0
unicef_we,1999,5828.0
unicef_we,2000,5576.0
unicef_we,2001,5376.0
unicef_we,2002,5208.0
unicef_we,2003,5039.0
unicef_we,2004,4861.0
unicef_we,2005,4687.0
unicef_we,2006,4522.0
unicef_we,2007,4372.0
unicef_we,2008,4246.0
unicef_we,2009,4132.0
unicef_we,2010,4022.0
unicef_we,2011,3916.0
unicef_we,2012,3807.0
unicef_we,2013,3694.0
unicef_we,2014,3576.0
unicef_we,2015,3453.0
unicef_we,2016,3336.0
unicef_we,2017,3232.0
unicef_we,2018,3145.0
unicef_we,2019,3069.0
unicef_we,2020,2994.0
unicef_we,2021,2919.0
unicef_we,2022,2839.0
unicef_we,2023,2762.0
unicef_we,2024,2681.0
unsdg_australianewzealand,1991,502.00
unsdg_australianewzealand,1992,484.00
unsdg_australianewzealand,1993,466.00
unsdg_australianewzealand,1994,449.00
unsdg_australianewzealand,1995,433.00
unsdg_australianewzealand,1996,416.00
unsdg_australianewzealand,1997,400.00
unsdg_australianewzealand,1998,384.00
unsdg_australianewzealand,1999,370.00
unsdg_australianewzealand,2000,356.00
unsdg_australianewzealand,2001,344.00
unsdg_australianewzealand,2002,334.00
unsdg_australianewzealand,2003,324.00
unsdg_australianewzealand,2004,316.00
unsdg_australianewzealand,2005,308.00
unsdg_australianewzealand,2006,301.00
unsdg_australianewzealand,2007,295.00
unsdg_australianewzealand,2008,290.00
unsdg_australianewzealand,2009,286.00
unsdg_australianewzealand,2010,285.00
unsdg_australianewzealand,2011,280.00
unsdg_australianewzealand,2012,273.00
unsdg_australianewzealand,2013,263.00
unsdg_australianewzealand,2014,252.00
unsdg_australianewzealand,2015,241.00
unsdg_australianewzealand,2016,233.00
unsdg_australianewzealand,2017,226.00
unsdg_australianewzealand,2018,222.00
unsdg_australianewzealand,2019,218.00
unsdg_australianewzealand,2020,216.00
unsdg_australianewzealand,2021,213.00
unsdg_australianewzealand,2022,207.00
unsdg_australianewzealand,2023,201.00
unsdg_australianewzealand,2024,193.00
unsdg_centralasia,1991,16334
unsdg_centralasia,1992,16473
unsdg_centralasia,1993,16662
unsdg_centralasia,1994,16741
unsdg_centralasia,1995,16601
unsdg_centralasia,1996,16115
unsdg_centralasia,1997,15297
unsdg_centralasia,1998,14194
unsdg_centralasia,1999,12954
unsdg_centralasia,2000,11753
unsdg_centralasia,2001,10561
unsdg_centralasia,2002,9485.0
unsdg_centralasia,2003,8556.0
unsdg_centralasia,2004,7770.0
unsdg_centralasia,2005,7136.0
unsdg_centralasia,2006,6663.0
unsdg_centralasia,2007,6304.0
unsdg_centralasia,2008,5997.0
unsdg_centralasia,2009,5755.0
unsdg_centralasia,2010,5560.0
unsdg_centralasia,2011,5380.0
unsdg_centralasia,2012,5214.0
unsdg_centralasia,2013,5051.0
unsdg_centralasia,2014,4877.0
unsdg_centralasia,2015,4729.0
unsdg_centralasia,2016,4625.0
unsdg_centralasia,2017,4529.0
unsdg_centralasia,2018,4442.0
unsdg_centralasia,2019,4349.0
unsdg_centralasia,2020,4238.0
unsdg_centralasia,2021,4135.0
unsdg_centralasia,2022,4032.0
unsdg_centralasia,2023,3937.0
unsdg_centralasia,2024,3812.0
unsdg_centralasiasouthernasia,1991,1533300
unsdg_centralasiasouthernasia,1992,1479400
unsdg_centralasiasouthernasia,1993,1423700
unsdg_centralasiasouthernasia,1994,1367200
unsdg_centralasiasouthernasia,1995,1308300
unsdg_centralasiasouthernasia,1996,1248200
unsdg_centralasiasouthernasia,1997,1187600
unsdg_centralasiasouthernasia,1998,1126400
unsdg_centralasiasouthernasia,1999,1066000
unsdg_centralasiasouthernasia,2000,1006000
unsdg_centralasiasouthernasia,2001,947570
unsdg_centralasiasouthernasia,2002,891250
unsdg_centralasiasouthernasia,2003,838660
unsdg_centralasiasouthernasia,2004,786900
unsdg_centralasiasouthernasia,2005,738400
unsdg_centralasiasouthernasia,2006,682980
unsdg_centralasiasouthernasia,2007,631260
unsdg_centralasiasouthernasia,2008,580950
unsdg_centralasiasouthernasia,2009,534430
unsdg_centralasiasouthernasia,2010,494030
unsdg_centralasiasouthernasia,2011,453900
unsdg_centralasiasouthernasia,2012,419100
unsdg_centralasiasouthernasia,2013,386750
unsdg_centralasiasouthernasia,2014,356270
unsdg_centralasiasouthernasia,2015,327260
unsdg_centralasiasouthernasia,2016,299430
unsdg_centralasiasouthernasia,2017,273490
unsdg_centralasiasouthernasia,2018,250030
unsdg_centralasiasouthernasia,2019,228710
unsdg_centralasiasouthernasia,2020,209680
unsdg_centralasiasouthernasia,2021,193020
unsdg_centralasiasouthernasia,2022,177970
unsdg_centralasiasouthernasia,2023,165060
unsdg_centralasiasouthernasia,2024,154170
unsdg_easternasia,1991,264870
unsdg_easternasia,1992,266740
unsdg_easternasia,1993,257030
unsdg_easternasia,1994,237830
unsdg_easternasia,1995,215360
unsdg_easternasia,1996,205480
unsdg_easternasia,1997,184630
unsdg_easternasia,1998,170270
unsdg_easternasia,1999,157480
unsdg_easternasia,2000,145240
unsdg_easternasia,2001,133490
unsdg_easternasia,2002,123120
unsdg_easternasia,2003,113520
unsdg_easternasia,2004,91777
unsdg_easternasia,2005,83805
unsdg_easternasia,2006,76407
unsdg_easternasia,2007,70167
unsdg_easternasia,2008,65639
unsdg_easternasia,2009,62119
unsdg_easternasia,2010,59372
unsdg_easternasia,2011,57085
unsdg_easternasia,2012,54935
unsdg_easternasia,2013,52436
unsdg_easternasia,2014,50363
unsdg_easternasia,2015,48260
unsdg_easternasia,2016,46166
unsdg_easternasia,2017,44107
unsdg_easternasia,2018,41587
unsdg_easternasia,2019,39448
unsdg_easternasia,2020,36750
unsdg_easternasia,2021,33675
unsdg_easternasia,2022,30019
unsdg_easternasia,2023,25471
unsdg_easternasia,2024,21310
unsdg_easternasiasoutheasternasia,1991,473260
unsdg_easternasiasoutheasternasia,1992,463100
unsdg_easternasiasoutheasternasia,1993,442330
unsdg_easternasiasoutheasternasia,1994,412990
unsdg_easternasiasoutheasternasia,1995,380850
unsdg_easternasiasoutheasternasia,1996,362370
unsdg_easternasiasoutheasternasia,1997,333080
unsdg_easternasiasoutheasternasia,1998,310590
unsdg_easternasiasoutheasternasia,1999,290350
unsdg_easternasiasoutheasternasia,2000,270990
unsdg_easternasiasoutheasternasia,2001,250370
unsdg_easternasiasoutheasternasia,2002,232970
unsdg_easternasiasoutheasternasia,2003,216790
unsdg_easternasiasoutheasternasia,2004,189350
unsdg_easternasiasoutheasternasia,2005,193850
unsdg_easternasiasoutheasternasia,2006,164580
unsdg_easternasiasoutheasternasia,2007,154400
unsdg_easternasiasoutheasternasia,2008,146290
unsdg_easternasiasoutheasternasia,2009,159060
unsdg_easternasiasoutheasternasia,2010,133780
unsdg_easternasiasoutheasternasia,2011,128770
unsdg_easternasiasoutheasternasia,2012,124130
unsdg_easternasiasoutheasternasia,2013,119240
unsdg_easternasiasoutheasternasia,2014,114950
unsdg_easternasiasoutheasternasia,2015,110610
unsdg_easternasiasoutheasternasia,2016,106200
unsdg_easternasiasoutheasternasia,2017,101890
unsdg_easternasiasoutheasternasia,2018,96936
unsdg_easternasiasoutheasternasia,2019,92157
unsdg_easternasiasoutheasternasia,2020,86671
unsdg_easternasiasoutheasternasia,2021,80619
unsdg_easternasiasoutheasternasia,2022,74091
unsdg_easternasiasoutheasternasia,2023,66881
unsdg_easternasiasoutheasternasia,2024,60293
unsdg_europe,1991,26594
unsdg_europe,1992,25361
unsdg_europe,1993,25611
unsdg_europe,1994,23979
unsdg_europe,1995,20396
unsdg_europe,1996,18895
unsdg_europe,1997,17149
unsdg_europe,1998,15881
unsdg_europe,1999,14877
unsdg_europe,2000,14018
unsdg_europe,2001,13209
unsdg_europe,2002,12459
unsdg_europe,2003,11788
unsdg_europe,2004,11209
unsdg_europe,2005,10684
unsdg_europe,2006,10243
unsdg_europe,2007,9794.0
unsdg_europe,2008,9364.0
unsdg_europe,2009,9001.0
unsdg_europe,2010,8746.0
unsdg_europe,2011,8601.0
unsdg_europe,2012,8484.0
unsdg_europe,2013,8304.0
unsdg_europe,2014,8037.0
unsdg_europe,2015,7691.0
unsdg_europe,2016,7297.0
unsdg_europe,2017,6909.0
unsdg_europe,2018,6530.0
unsdg_europe,2019,6139.0
unsdg_europe,2020,5745.0
unsdg_europe,2021,5360.0
unsdg_europe,2022,4993.0
unsdg_europe,2023,4807.0
unsdg_europe,2024,4438.0
unsdg_europenorthernamr,1991,34392
unsdg_europenorthernamr,1992,33034
unsdg_europenorthernamr,1993,33145
unsdg_europenorthernamr,1994,31297
unsdg_europenorthernamr,1995,27417
unsdg_europenorthernamr,1996,25572
unsdg_europenorthernamr,1997,23484
unsdg_europenorthernamr,1998,21908
unsdg_europenorthernamr,1999,20646
unsdg_europenorthernamr,2000,19584
unsdg_europenorthernamr,2001,18618
unsdg_europenorthernamr,2002,17757
unsdg_europenorthernamr,2003,17007
unsdg_europenorthernamr,2004,16352
unsdg_europenorthernamr,2005,15754
unsdg_europenorthernamr,2006,15237
unsdg_europenorthernamr,2007,14717
unsdg_europenorthernamr,2008,14238
unsdg_europenorthernamr,2009,13845
unsdg_europenorthernamr,2010,13542
unsdg_europenorthernamr,2011,13326
unsdg_europenorthernamr,2012,13101
unsdg_europenorthernamr,2013,12778
unsdg_europenorthernamr,2014,12377
unsdg_europenorthernamr,2015,11919
unsdg_europenorthernamr,2016,11457
unsdg_europenorthernamr,2017,11035
unsdg_europenorthernamr,2018,10628
unsdg_europenorthernamr,2019,10206
unsdg_europenorthernamr,2020,9768.0
unsdg_europenorthernamr,2021,9341.0
unsdg_europenorthernamr,2022,8929.0
unsdg_europenorthernamr,2023,8703.0
unsdg_europenorthernamr,2024,8311.0
unsdg_lac,1991,124730
unsdg_lac,1992,118230
unsdg_lac,1993,111640
unsdg_lac,1994,105110
unsdg_lac,1995,98764
unsdg_lac,1996,92680
unsdg_lac,1997,86841
unsdg_lac,1998,81346
unsdg_lac,1999,80018
unsdg_lac,2000,71225
unsdg_lac,2001,66706
unsdg_lac,2002,62539
unsdg_lac,2003,58608
unsdg_lac,2004,54949
unsdg_lac,2005,51521
unsdg_lac,2006,48365
unsdg_lac,2007,45565
unsdg_lac,2008,43071
unsdg_lac,2009,40833
unsdg_lac,2010,38821
unsdg_lac,2011,45814
unsdg_lac,2012,35210
unsdg_lac,2013,33702
unsdg_lac,2014,32284
unsdg_lac,2015,30955
unsdg_lac,2016,29701
unsdg_lac,2017,28762
unsdg_lac,2018,27571
unsdg_lac,2019,26403
unsdg_lac,2020,25307
unsdg_lac,2021,24142
unsdg_lac,2022,22999
unsdg_lac,2023,21848
unsdg_lac,2024,20691
unsdg_ldc,1991,1380800
unsdg_ldc,1992,1422000
unsdg_ldc,1993,1417800
unsdg_ldc,1994,1359300
unsdg_ldc,1995,1359000
unsdg_ldc,1996,1311100
unsdg_ldc,1997,1292200
unsdg_ldc,1998,1271700
unsdg_ldc,1999,1276700
unsdg_ldc,2000,1208100
unsdg_ldc,2001,1172000
unsdg_ldc,2002,1134500
unsdg_ldc,2003,1094800
unsdg_ldc,2004,1055200
unsdg_ldc,2005,1024500
unsdg_ldc,2006,986420
unsdg_ldc,2007,939170
unsdg_ldc,2008,903950
unsdg_ldc,2009,888520
unsdg_ldc,2010,881580
unsdg_ldc,2011,818440
unsdg_ldc,2012,820080
unsdg_ldc,2013,750080
unsdg_ldc,2014,715360
unsdg_ldc,2015,715010
unsdg_ldc,2016,695180
unsdg_ldc,2017,678540
unsdg_ldc,2018,673270
unsdg_ldc,2019,624590
unsdg_ldc,2020,618850
unsdg_ldc,2021,586340
unsdg_ldc,2022,578320
unsdg_ldc,2023,607450
unsdg_ldc,2024,538540
unsdg_lldc,1991,644410
unsdg_lldc,1992,649860
unsdg_lldc,1993,662290
unsdg_lldc,1994,669860
unsdg_lldc,1995,684700
unsdg_lldc,1996,650000
unsdg_lldc,1997,642110
unsdg_lldc,1998,630860
unsdg_lldc,1999,646100
unsdg_lldc,2000,592140
unsdg_lldc,2001,575350
unsdg_lldc,2002,556500
unsdg_lldc,2003,531570
unsdg_lldc,2004,510090
unsdg_lldc,2005,488230
unsdg_lldc,2006,466400
unsdg_lldc,2007,446490
unsdg_lldc,2008,427700
unsdg_lldc,2009,410170
unsdg_lldc,2010,438270
unsdg_lldc,2011,375210
unsdg_lldc,2012,357130
unsdg_lldc,2013,342080
unsdg_lldc,2014,329200
unsdg_lldc,2015,337130
unsdg_lldc,2016,323950
unsdg_lldc,2017,316540
unsdg_lldc,2018,309670
unsdg_lldc,2019,278600
unsdg_lldc,2020,283150
unsdg_lldc,2021,258540
unsdg_lldc,2022,255520
unsdg_lldc,2023,278780
unsdg_lldc,2024,230070
unsdg_northafr,1991,101700
unsdg_northafr,1992,96505
unsdg_northafr,1993,91397
unsdg_northafr,1994,86389
unsdg_northafr,1995,81480
unsdg_northafr,1996,76723
unsdg_northafr,1997,72097
unsdg_northafr,1998,67636
unsdg_northafr,1999,63473
unsdg_northafr,2000,59680
unsdg_northafr,2001,56171
unsdg_northafr,2002,52998
unsdg_northafr,2003,50178
unsdg_northafr,2004,47612
unsdg_northafr,2005,53575
unsdg_northafr,2006,51840
unsdg_northafr,2007,40982
unsdg_northafr,2008,39172
unsdg_northafr,2009,37486
unsdg_northafr,2010,35888
unsdg_northafr,2011,34399
unsdg_northafr,2012,33294
unsdg_northafr,2013,31528
unsdg_northafr,2014,30124
unsdg_northafr,2015,28760
unsdg_northafr,2016,27431
unsdg_northafr,2017,26203
unsdg_northafr,2018,25082
unsdg_northafr,2019,23957
unsdg_northafr,2020,22790
unsdg_northafr,2021,21656
unsdg_northafr,2022,20556
unsdg_northafr,2023,19432
unsdg_northafr,2024,20033
unsdg_northernamr,1991,7693.0
unsdg_northernamr,1992,7579.0
unsdg_northernamr,1993,7437.0
unsdg_northernamr,1994,7225.0
unsdg_northernamr,1995,6936.0
unsdg_northernamr,1996,6595.0
unsdg_northernamr,1997,6256.0
unsdg_northernamr,1998,5954.0
unsdg_northernamr,1999,5702.0
unsdg_northernamr,2000,5501.0
unsdg_northernamr,2001,5350.0
unsdg_northernamr,2002,5244.0
unsdg_northernamr,2003,5165.0
unsdg_northernamr,2004,5091.0
unsdg_northernamr,2005,5018.0
unsdg_northernamr,2006,4946.0
unsdg_northernamr,2007,4874.0
unsdg_northernamr,2008,4829.0
unsdg_northernamr,2009,4800.0
unsdg_northernamr,2010,4756.0
unsdg_northernamr,2011,4687.0
unsdg_northernamr,2012,4579.0
unsdg_northernamr,2013,4439.0
unsdg_northernamr,2014,4304.0
unsdg_northernamr,2015,4194.0
unsdg_northernamr,2016,4127.0
unsdg_northernamr,2017,4091.0
unsdg_northernamr,2018,4063.0
unsdg_northernamr,2019,4030.0
unsdg_northernamr,2020,3988.0
unsdg_northernamr,2021,3945.0
unsdg_northernamr,2022,3892.0
unsdg_northernamr,2023,3837.0
unsdg_northernamr,2024,3795.0
unsdg_oceania,1991,3408.0
unsdg_oceania,1992,3357.0
unsdg_oceania,1993,3315.0
unsdg_oceania,1994,3276.0
unsdg_oceania,1995,3246.0
unsdg_oceania,1996,3226.0
unsdg_oceania,1997,3211.0
unsdg_oceania,1998,3208.0
unsdg_oceania,1999,3211.0
unsdg_oceania,2000,3216.0
unsdg_oceania,2001,3221.0
unsdg_oceania,2002,3227.0
unsdg_oceania,2003,3240.0
unsdg_oceania,2004,3228.0
unsdg_oceania,2005,3227.0
unsdg_oceania,2006,3217.0
unsdg_oceania,2007,3201.0
unsdg_oceania,2008,3173.0
unsdg_oceania,2009,3148.0
unsdg_oceania,2010,3121.0
unsdg_oceania,2011,3057.0
unsdg_oceania,2012,2999.0
unsdg_oceania,2013,2932.0
unsdg_oceania,2014,2853.0
unsdg_oceania,2015,2777.0
unsdg_oceania,2016,2691.0
unsdg_oceania,2017,2589.0
unsdg_oceania,2018,2491.0
unsdg_oceania,2019,2387.0
unsdg_oceania,2020,2294.0
unsdg_oceania,2021,2173.0
unsdg_oceania,2022,2053.0
unsdg_oceania,2023,1941.0
unsdg_oceania,2024,1841.0
unsdg_oceaniaexausnzl,1991,2897.0
unsdg_oceaniaexausnzl,1992,2866.0
unsdg_oceaniaexausnzl,1993,2840.0
unsdg_oceaniaexausnzl,1994,2818.0
unsdg_oceaniaexausnzl,1995,2806.0
unsdg_oceaniaexausnzl,1996,2803.0
unsdg_oceaniaexausnzl,1997,2805.0
unsdg_oceaniaexausnzl,1998,2817.0
unsdg_oceaniaexausnzl,1999,2835.0
unsdg_oceaniaexausnzl,2000,2853.0
unsdg_oceaniaexausnzl,2001,2871.0
unsdg_oceaniaexausnzl,2002,2887.0
unsdg_oceaniaexausnzl,2003,2911.0
unsdg_oceaniaexausnzl,2004,2907.0
unsdg_oceaniaexausnzl,2005,2914.0
unsdg_oceaniaexausnzl,2006,2910.0
unsdg_oceaniaexausnzl,2007,2902.0
unsdg_oceaniaexausnzl,2008,2878.0
unsdg_oceaniaexausnzl,2009,2857.0
unsdg_oceaniaexausnzl,2010,2833.0
unsdg_oceaniaexausnzl,2011,2770.0
unsdg_oceaniaexausnzl,2012,2720.0
unsdg_oceaniaexausnzl,2013,2663.0
unsdg_oceaniaexausnzl,2014,2597.0
unsdg_oceaniaexausnzl,2015,2532.0
unsdg_oceaniaexausnzl,2016,2454.0
unsdg_oceaniaexausnzl,2017,2357.0
unsdg_oceaniaexausnzl,2018,2266.0
unsdg_oceaniaexausnzl,2019,2164.0
unsdg_oceaniaexausnzl,2020,2074.0
unsdg_oceaniaexausnzl,2021,1956.0
unsdg_oceaniaexausnzl,2022,1839.0
unsdg_oceaniaexausnzl,2023,1734.0
unsdg_oceaniaexausnzl,2024,1640.0
unsdg_sids,1991,24780
unsdg_sids,1992,24357
unsdg_sids,1993,23784
unsdg_sids,1994,23164
unsdg_sids,1995,22536
unsdg_sids,1996,22043
unsdg_sids,1997,21385
unsdg_sids,1998,20768
unsdg_sids,1999,20305
unsdg_sids,2000,20121
unsdg_sids,2001,18155
unsdg_sids,2002,17593
unsdg_sids,2003,17068
unsdg_sids,2004,16547
unsdg_sids,2005,16078
unsdg_sids,2006,15607
unsdg_sids,2007,15177
unsdg_sids,2008,14750
unsdg_sids,2009,14329
unsdg_sids,2010,13929
unsdg_sids,2011,22393
unsdg_sids,2012,13077
unsdg_sids,2013,12698
unsdg_sids,2014,12296
unsdg_sids,2015,11879
unsdg_sids,2016,11446
unsdg_sids,2017,10964
unsdg_sids,2018,10491
unsdg_sids,2019,10021
unsdg_sids,2020,9594.0
unsdg_sids,2021,9087.0
unsdg_sids,2022,8620.0
unsdg_sids,2023,8199.0
unsdg_sids,2024,7787.0
unsdg_southasia,1991,1515800
unsdg_southasia,1992,1461800
unsdg_southasia,1993,1406000
unsdg_southasia,1994,1349500
unsdg_southasia,1995,1290700
unsdg_southasia,1996,1231100
unsdg_southasia,1997,1171500
unsdg_southasia,1998,1111400
unsdg_southasia,1999,1052100
unsdg_southasia,2000,993670
unsdg_southasia,2001,936370
unsdg_southasia,2002,881080
unsdg_southasia,2003,829500
unsdg_southasia,2004,778610
unsdg_southasia,2005,730750
unsdg_southasia,2006,675880
unsdg_southasia,2007,624500
unsdg_southasia,2008,574530
unsdg_southasia,2009,528300
unsdg_southasia,2010,488130
unsdg_southasia,2011,448170
unsdg_southasia,2012,413490
unsdg_southasia,2013,381440
unsdg_southasia,2014,351010
unsdg_southasia,2015,322150
unsdg_southasia,2016,294460
unsdg_southasia,2017,268560
unsdg_southasia,2018,245170
unsdg_southasia,2019,223830
unsdg_southasia,2020,204870
unsdg_southasia,2021,188300
unsdg_southasia,2022,173330
unsdg_southasia,2023,160410
unsdg_southasia,2024,149710
unsdg_southeasternasia,1991,202780
unsdg_southeasternasia,1992,191190
unsdg_southeasternasia,1993,180810
unsdg_southeasternasia,1994,170980
unsdg_southeasternasia,1995,161650
unsdg_southeasternasia,1996,153150
unsdg_southeasternasia,1997,144800
unsdg_southeasternasia,1998,136980
unsdg_southeasternasia,1999,129610
unsdg_southeasternasia,2000,122670
unsdg_southeasternasia,2001,114020
unsdg_southeasternasia,2002,107000
unsdg_southeasternasia,2003,100660
unsdg_southeasternasia,2004,95153
unsdg_southeasternasia,2005,107570
unsdg_southeasternasia,2006,85952
unsdg_southeasternasia,2007,82040
unsdg_southeasternasia,2008,78484
unsdg_southeasternasia,2009,94479
unsdg_southeasternasia,2010,72478
unsdg_southeasternasia,2011,69825
unsdg_southeasternasia,2012,67298
unsdg_southeasternasia,2013,64956
unsdg_southeasternasia,2014,62748
unsdg_southeasternasia,2015,60590
unsdg_southeasternasia,2016,58309
unsdg_southeasternasia,2017,56030
unsdg_southeasternasia,2018,53643
unsdg_southeasternasia,2019,51098
unsdg_southeasternasia,2020,48303
unsdg_southeasternasia,2021,45334
unsdg_southeasternasia,2022,42511
unsdg_southeasternasia,2023,39789
unsdg_southeasternasia,2024,37215
unsdg_subsaharanafrica,1991,1567200
unsdg_subsaharanafrica,1992,1637900
unsdg_subsaharanafrica,1993,1662900
unsdg_subsaharanafrica,1994,1630800
unsdg_subsaharanafrica,1995,1656800
unsdg_subsaharanafrica,1996,1631200
unsdg_subsaharanafrica,1997,1631400
unsdg_subsaharanafrica,1998,1626500
unsdg_subsaharanafrica,1999,1645100
unsdg_subsaharanafrica,2000,1584400
unsdg_subsaharanafrica,2001,1557800
unsdg_subsaharanafrica,2002,1527400
unsdg_subsaharanafrica,2003,1491400
unsdg_subsaharanafrica,2004,1459000
unsdg_subsaharanafrica,2005,1424700
unsdg_subsaharanafrica,2006,1389700
unsdg_subsaharanafrica,2007,1353000
unsdg_subsaharanafrica,2008,1315300
unsdg_subsaharanafrica,2009,1275400
unsdg_subsaharanafrica,2010,1285500
unsdg_subsaharanafrica,2011,1209200
unsdg_subsaharanafrica,2012,1221600
unsdg_subsaharanafrica,2013,1147800
unsdg_subsaharanafrica,2014,1113000
unsdg_subsaharanafrica,2015,1112300
unsdg_subsaharanafrica,2016,1089400
unsdg_subsaharanafrica,2017,1067800
unsdg_subsaharanafrica,2018,1054700
unsdg_subsaharanafrica,2019,987610
unsdg_subsaharanafrica,2020,966360
unsdg_subsaharanafrica,2021,917560
unsdg_subsaharanafrica,2022,890780
unsdg_subsaharanafrica,2023,908460
unsdg_subsaharanafrica,2024,822910
unsdg_westernasia,1991,63200
unsdg_westernasia,1992,55912
unsdg_westernasia,1993,49044
unsdg_westernasia,1994,46997
unsdg_westernasia,1995,45017
unsdg_westernasia,1996,43026
unsdg_westernasia,1997,41114
unsdg_westernasia,1998,39044
unsdg_westernasia,1999,36861
unsdg_westernasia,2000,34715
unsdg_westernasia,2001,32635
unsdg_westernasia,2002,30720
unsdg_westernasia,2003,28857
unsdg_westernasia,2004,26987
unsdg_westernasia,2005,25257
unsdg_westernasia,2006,23741
unsdg_westernasia,2007,22476
unsdg_westernasia,2008,21449
unsdg_westernasia,2009,20555
unsdg_westernasia,2010,19684
unsdg_westernasia,2011,18863
unsdg_westernasia,2012,19108
unsdg_westernasia,2013,22503
unsdg_westernasia,2014,22231
unsdg_westernasia,2015,21477
unsdg_westernasia,2016,21840
unsdg_westernasia,2017,19648
unsdg_westernasia,2018,18819
unsdg_westernasia,2019,18753
unsdg_westernasia,2020,16607
unsdg_westernasia,2021,14368
unsdg_westernasia,2022,13663
unsdg_westernasia,2023,12797
unsdg_westernasia,2024,15743
unsdg_westernasianorthernafr,1991,166730
unsdg_westernasianorthernafr,1992,154020
unsdg_westernasianorthernafr,1993,141790
unsdg_westernasianorthernafr,1994,134750
unsdg_westernasianorthernafr,1995,127800
unsdg_westernasianorthernafr,1996,120990
unsdg_westernasianorthernafr,1997,114470
unsdg_westernasianorthernafr,1998,107890
unsdg_westernasianorthernafr,1999,101570
unsdg_westernasianorthernafr,2000,95570
unsdg_westernasianorthernafr,2001,89960
unsdg_westernasianorthernafr,2002,84802
unsdg_westernasianorthernafr,2003,80071
unsdg_westernasianorthernafr,2004,75624
unsdg_westernasianorthernafr,2005,79922
unsdg_westernasianorthernafr,2006,76666
unsdg_westernasianorthernafr,2007,64427
unsdg_westernasianorthernafr,2008,61559
unsdg_westernasianorthernafr,2009,58899
unsdg_westernasianorthernafr,2010,56427
unsdg_westernasianorthernafr,2011,54150
unsdg_westernasianorthernafr,2012,53322
unsdg_westernasianorthernafr,2013,55435
unsdg_westernasianorthernafr,2014,53994
unsdg_westernasianorthernafr,2015,51887
unsdg_westernasianorthernafr,2016,51118
unsdg_westernasianorthernafr,2017,47379
unsdg_westernasianorthernafr,2018,45429
unsdg_westernasianorthernafr,2019,44219
unsdg_westernasianorthernafr,2020,40701
unsdg_westernasianorthernafr,2021,37276
unsdg_westernasianorthernafr,2022,35476
unsdg_westernasianorthernafr,2023,33553
unsdg_westernasianorthernafr,2024,37308
ury,1956,329.00
ury,1957,337.00
ury,1958,345.00
ury,1959,350.00
ury,1960,351.00
ury,1961,347.00
ury,1962,341.00
ury,1963,333.00
ury,1964,327.00
ury,1965,323.00
ury,1966,321.00
ury,1967,319.00
ury,1968,316.00
ury,1969,309.00
ury,1970,301.00
ury,1971,292.00
ury,1972,288.00
ury,1973,289.00
ury,1974,293.00
ury,1975,301.00
ury,1976,309.00
ury,1977,313.00
ury,1978,310.00
ury,1979,296.00
ury,1980,273.00
ury,1981,246.00
ury,1982,221.00
ury,1983,200.00
ury,1984,185.00
ury,1985,176.00
ury,1986,170.00
ury,1987,165.00
ury,1988,160.00
ury,1989,155.00
ury,1990,153.00
ury,1991,153.00
ury,1992,153.00
ury,1993,154.00
ury,1994,153.00
ury,1995,150.00
ury,1996,147.00
ury,1997,142.00
ury,1998,137.00
ury,1999,131.00
ury,2000,126.00
ury,2001,121.00
ury,2002,117.00
ury,2003,114.00
ury,2004,110.00
ury,2005,105.00
ury,2006,99.000
ury,2007,93.000
ury,2008,87.000
ury,2009,82.000
ury,2010,77.000
ury,2011,73.000
ury,2012,71.000
ury,2013,69.000
ury,2014,67.000
ury,2015,65.000
ury,2016,63.000
ury,2017,61.000
ury,2018,59.000
ury,2019,56.000
ury,2020,52.000
ury,2021,49.000
ury,2022,44.000
ury,2023,41.000
ury,2024,37.000
usa,1956,17374
usa,1957,17327
usa,1958,17276
usa,1959,17275
usa,1960,17263
usa,1961,17218
usa,1962,17100
usa,1963,16906
usa,1964,16598
usa,1965,16172
usa,1966,15665
usa,1967,15008
usa,1968,14238
usa,1969,13460
usa,1970,12693
usa,1971,12095
usa,1972,11759
usa,1973,11494
usa,1974,11091
usa,1975,10493
usa,1976,9790.0
usa,1977,9126.0
usa,1978,8653.0
usa,1979,8396.0
usa,1980,8229.0
usa,1981,8120.0
usa,1982,8080.0
usa,1983,8027.0
usa,1984,7964.0
usa,1985,7880.0
usa,1986,7753.0
usa,1987,7630.0
usa,1988,7501.0
usa,1989,7370.0
usa,1990,7260.0
usa,1991,7156.0
usa,1992,7056.0
usa,1993,6925.0
usa,1994,6726.0
usa,1995,6455.0
usa,1996,6137.0
usa,1997,5823.0
usa,1998,5547.0
usa,1999,5320.0
usa,2000,5142.0
usa,2001,5012.0
usa,2002,4922.0
usa,2003,4856.0
usa,2004,4792.0
usa,2005,4727.0
usa,2006,4661.0
usa,2007,4594.0
usa,2008,4552.0
usa,2009,4525.0
usa,2010,4480.0
usa,2011,4410.0
usa,2012,4301.0
usa,2013,4164.0
usa,2014,4033.0
usa,2015,3927.0
usa,2016,3865.0
usa,2017,3831.0
usa,2018,3807.0
usa,2019,3778.0
usa,2020,3740.0
usa,2021,3700.0
usa,2022,3652.0
usa,2023,3602.0
usa,2024,3565.0
uzb,1985,7448.0
uzb,1986,7074.0
uzb,1987,6770.0
uzb,1988,6537.0
uzb,1989,6340.0
uzb,1990,6132.0
uzb,1991,5921.0
uzb,1992,5740.0
uzb,1993,5613.0
uzb,1994,5510.0
uzb,1995,5387.0
uzb,1996,5184.0
uzb,1997,4908.0
uzb,1998,4576.0
uzb,1999,4207.0
uzb,2000,3815.0
uzb,2001,3406.0
uzb,2002,2995.0
uzb,2003,2619.0
uzb,2004,2291.0
uzb,2005,2023.0
uzb,2006,1805.0
uzb,2007,1613.0
uzb,2008,1447.0
uzb,2009,1318.0
uzb,2010,1219.0
uzb,2011,1131.0
uzb,2012,1045.0
uzb,2013,960.00
uzb,2014,866.00
uzb,2015,787.00
uzb,2016,733.00
uzb,2017,688.00
uzb,2018,647.00
uzb,2019,611.00
uzb,2020,572.00
uzb,2021,544.00
uzb,2022,528.00
uzb,2023,520.00
uzb,2024,509.00
vct,1975,74.000
vct,1976,70.000
vct,1977,65.000
vct,1978,58.000
vct,1979,50.000
vct,1980,44.000
vct,1981,38.000
vct,1982,32.000
vct,1983,28.000
vct,1984,24.000
vct,1985,21.000
vct,1986,19.000
vct,1987,16.000
vct,1988,14.000
vct,1989,13.000
vct,1990,11.000
vct,1991,10.000
vct,1992,9.0000
vct,1993,9.0000
vct,1994,9.0000
vct,1995,8.0000
vct,1996,8.0000
vct,1997,8.0000
vct,1998,8.0000
vct,1999,7.0000
vct,2000,7.0000
vct,2001,6.0000
vct,2002,6.0000
vct,2003,6.0000
vct,2004,5.0000
vct,2005,5.0000
vct,2006,5.0000
vct,2007,5.0000
vct,2008,4.0000
vct,2009,4.0000
vct,2010,4.0000
vct,2011,4.0000
vct,2012,3.0000
vct,2013,3.0000
vct,2014,3.0000
vct,2015,3.0000
vct,2016,2.0000
vct,2017,2.0000
vct,2018,2.0000
vct,2019,2.0000
vct,2020,1.0000
vct,2021,1.0000
vct,2022,1.0000
vct,2023,1.0000
vct,2024,1.0000
ven,1959,6500.0
ven,1960,6432.0
ven,1961,6319.0
ven,1962,6194.0
ven,1963,6036.0
ven,1964,5866.0
ven,1965,5714.0
ven,1966,5587.0
ven,1967,5468.0
ven,1968,5346.0
ven,1969,5230.0
ven,1970,5105.0
ven,1971,4972.0
ven,1972,4814.0
ven,1973,4653.0
ven,1974,4490.0
ven,1975,4334.0
ven,1976,4195.0
ven,1977,4063.0
ven,1978,3946.0
ven,1979,3832.0
ven,1980,3718.0
ven,1981,3608.0
ven,1982,3503.0
ven,1983,3397.0
ven,1984,3300.0
ven,1985,3217.0
ven,1986,3140.0
ven,1987,3077.0
ven,1988,3025.0
ven,1989,2971.0
ven,1990,2922.0
ven,1991,2873.0
ven,1992,2827.0
ven,1993,2788.0
ven,1994,2756.0
ven,1995,2732.0
ven,1996,2694.0
ven,1997,2631.0
ven,1998,2543.0
ven,1999,2444.0
ven,2000,2347.0
ven,2001,2259.0
ven,2002,2186.0
ven,2003,2122.0
ven,2004,2048.0
ven,2005,1962.0
ven,2006,1867.0
ven,2007,1778.0
ven,2008,1698.0
ven,2009,1632.0
ven,2010,1582.0
ven,2011,1537.0
ven,2012,1496.0
ven,2013,1463.0
ven,2014,1437.0
ven,2015,1406.0
ven,2016,1326.0
ven,2017,1505.0
ven,2018,1432.0
ven,2019,1354.0
ven,2020,1266.0
ven,2021,1159.0
ven,2022,1038.0
ven,2023,922.00
ven,2024,822.00
vgb,1961,4.0000
vgb,1962,4.0000
vgb,1963,4.0000
vgb,1964,4.0000
vgb,1965,3.0000
vgb,1966,3.0000
vgb,1967,3.0000
vgb,1968,3.0000
vgb,1969,2.0000
vgb,1970,2.0000
vgb,1971,2.0000
vgb,1972,2.0000
vgb,1973,2.0000
vgb,1974,2.0000
vgb,1975,2.0000
vgb,1976,2.0000
vgb,1977,2.0000
vgb,1978,2.0000
vgb,1979,2.0000
vgb,1980,2.0000
vgb,1981,2.0000
vgb,1982,2.0000
vgb,1983,1.0000
vgb,1984,1.0000
vgb,1985,1.0000
vgb,1986,1.0000
vgb,1987,1.0000
vgb,1988,1.0000
vgb,1989,1.0000
vgb,1990,1.0000
vgb,1991,1.0000
vgb,1992,1.0000
vgb,1993,1.0000
vgb,1994,1.0000
vgb,1995,0.0000
vgb,1996,1.0000
vgb,1997,0.0000
vgb,1998,0.0000
vgb,1999,1.0000
vgb,2000,1.0000
vgb,2001,1.0000
vgb,2002,0.0000
vgb,2003,0.0000
vgb,2004,0.0000
vgb,2005,0.0000
vgb,2006,0.0000
vgb,2007,0.0000
vgb,2008,0.0000
vgb,2009,0.0000
vgb,2010,0.0000
vgb,2011,0.0000
vgb,2012,0.0000
vgb,2013,0.0000
vgb,2014,0.0000
vgb,2015,0.0000
vgb,2016,0.0000
vgb,2017,0.0000
vgb,2018,0.0000
vgb,2019,0.0000
vgb,2020,0.0000
vgb,2021,0.0000
vgb,2022,0.0000
vgb,2023,0.0000
vgb,2024,0.0000
vnm,1970,51682
vnm,1971,51827
vnm,1972,51098
vnm,1973,63723
vnm,1974,53860
vnm,1975,58619
vnm,1976,35243
vnm,1977,35152
vnm,1978,34840
vnm,1979,34308
vnm,1980,33758
vnm,1981,33298
vnm,1982,32736
vnm,1983,32176
vnm,1984,31682
vnm,1985,31218
vnm,1986,30796
vnm,1987,30179
vnm,1988,29138
vnm,1989,27572
vnm,1990,25778
vnm,1991,24187
vnm,1992,22777
vnm,1993,21618
vnm,1994,20489
vnm,1995,19174
vnm,1996,17634
vnm,1997,15959
vnm,1998,14249
vnm,1999,12678
vnm,2000,11255
vnm,2001,10079
vnm,2002,9261.0
vnm,2003,8761.0
vnm,2004,8503.0
vnm,2005,8410.0
vnm,2006,8392.0
vnm,2007,8350.0
vnm,2008,8343.0
vnm,2009,8396.0
vnm,2010,8512.0
vnm,2011,8712.0
vnm,2012,8937.0
vnm,2013,9117.0
vnm,2014,9263.0
vnm,2015,9421.0
vnm,2016,9630.0
vnm,2017,9842.0
vnm,2018,9911.0
vnm,2019,9807.0
vnm,2020,9469.0
vnm,2021,8951.0
vnm,2022,8476.0
vnm,2023,7981.0
vnm,2024,7470.0
vut,1958,93.000
vut,1959,92.000
vut,1960,91.000
vut,1961,89.000
vut,1962,87.000
vut,1963,85.000
vut,1964,83.000
vut,1965,81.000
vut,1966,78.000
vut,1967,76.000
vut,1968,74.000
vut,1969,72.000
vut,1970,70.000
vut,1971,69.000
vut,1972,67.000
vut,1973,66.000
vut,1974,64.000
vut,1975,63.000
vut,1976,61.000
vut,1977,60.000
vut,1978,59.000
vut,1979,57.000
vut,1980,55.000
vut,1981,53.000
vut,1982,51.000
vut,1983,49.000
vut,1984,47.000
vut,1985,45.000
vut,1986,43.000
vut,1987,41.000
vut,1988,40.000
vut,1989,38.000
vut,1990,37.000
vut,1991,35.000
vut,1992,34.000
vut,1993,33.000
vut,1994,32.000
vut,1995,32.000
vut,1996,31.000
vut,1997,30.000
vut,1998,30.000
vut,1999,29.000
vut,2000,28.000
vut,2001,27.000
vut,2002,27.000
vut,2003,26.000
vut,2004,26.000
vut,2005,26.000
vut,2006,25.000
vut,2007,25.000
vut,2008,24.000
vut,2009,24.000
vut,2010,24.000
vut,2011,23.000
vut,2012,23.000
vut,2013,23.000
vut,2014,23.000
vut,2015,22.000
vut,2016,22.000
vut,2017,22.000
vut,2018,21.000
vut,2019,21.000
vut,2020,20.000
vut,2021,19.000
vut,2022,19.000
vut,2023,18.000
vut,2024,17.000
wb_hi,1991,39583
wb_hi,1992,37941
wb_hi,1993,36017
wb_hi,1994,33992
wb_hi,1995,31824
wb_hi,1996,29656
wb_hi,1997,27709
wb_hi,1998,26023
wb_hi,1999,24658
wb_hi,2000,23498
wb_hi,2001,22425
wb_hi,2002,21481
wb_hi,2003,20653
wb_hi,2004,19901
wb_hi,2005,19185
wb_hi,2006,18529
wb_hi,2007,17883
wb_hi,2008,17319
wb_hi,2009,16885
wb_hi,2010,16570
wb_hi,2011,16347
wb_hi,2012,16201
wb_hi,2013,15769
wb_hi,2014,15337
wb_hi,2015,14847
wb_hi,2016,14345
wb_hi,2017,13875
wb_hi,2018,13411
wb_hi,2019,12921
wb_hi,2020,12429
wb_hi,2021,11863
wb_hi,2022,11328
wb_hi,2023,10855
wb_hi,2024,10456
wb_li,1991,894590
wb_li,1992,947990
wb_li,1993,956920
wb_li,1994,912200
wb_li,1995,925130
wb_li,1996,906000
wb_li,1997,899770
wb_li,1998,891650
wb_li,1999,909690
wb_li,2000,855040
wb_li,2001,835450
wb_li,2002,813980
wb_li,2003,790670
wb_li,2004,753420
wb_li,2005,738410
wb_li,2006,715110
wb_li,2007,682580
wb_li,2008,661030
wb_li,2009,638440
wb_li,2010,665280
wb_li,2011,604800
wb_li,2012,626220
wb_li,2013,571860
wb_li,2014,547600
wb_li,2015,553990
wb_li,2016,539870
wb_li,2017,525780
wb_li,2018,524420
wb_li,2019,479200
wb_li,2020,475320
wb_li,2021,446560
wb_li,2022,443020
wb_li,2023,475760
wb_li,2024,410240
wb_lmi,1991,2432300
wb_lmi,1992,2382400
wb_lmi,1993,2331800
wb_lmi,1994,2279500
wb_lmi,1995,2221800
wb_lmi,1996,2160800
wb_lmi,1997,2095400
wb_lmi,1998,2026400
wb_lmi,1999,1957000
wb_lmi,2000,1878000
wb_lmi,2001,1799700
wb_lmi,2002,1724900
wb_lmi,2003,1650300
wb_lmi,2004,1581700
wb_lmi,2005,1516200
wb_lmi,2006,1442500
wb_lmi,2007,1371700
wb_lmi,2008,1303800
wb_lmi,2009,1258900
wb_lmi,2010,1180100
wb_lmi,2011,1133500
wb_lmi,2012,1074200
wb_lmi,2013,1029000
wb_lmi,2014,984700
wb_lmi,2015,941980
wb_lmi,2016,899980
wb_lmi,2017,856960
wb_lmi,2018,816780
wb_lmi,2019,774180
wb_lmi,2020,733800
wb_lmi,2021,691920
wb_lmi,2022,648650
wb_lmi,2023,611960
wb_lmi,2024,582760
wb_umi,1991,545910
wb_umi,1992,527240
wb_umi,1993,500180
wb_umi,1994,467910
wb_umi,1995,431630
wb_umi,1996,395720
wb_umi,1997,364880
wb_umi,1998,341440
wb_umi,1999,320690
wb_umi,2000,301170
wb_umi,2001,282650
wb_umi,2002,266150
wb_umi,2003,250300
wb_umi,2004,235240
wb_umi,2005,239110
wb_umi,2006,208450
wb_umi,2007,196700
wb_umi,2008,184630
wb_umi,2009,173070
wb_umi,2010,162480
wb_umi,2011,151540
wb_umi,2012,142590
wb_umi,2013,135020
wb_umi,2014,129650
wb_umi,2015,124750
wb_umi,2016,120240
wb_umi,2017,115430
wb_umi,2018,110290
wb_umi,2019,105420
wb_umi,2020,100050
wb_umi,2021,94193
wb_umi,2022,88081
wb_umi,2023,81480
wb_umi,2024,79500
world,1991,3950800
world,1992,3937300
world,1993,3865300
world,1994,3727300
world,1995,3643300
world,1996,3523600
world,1997,3417900
world,1998,3314100
world,1999,3241900
world,2000,3084800
world,2001,2966500
world,2002,2851700
world,2003,2736200
world,2004,2613700
world,2005,2536800
world,2006,2407800
world,2007,2291500
world,2008,2189300
world,2009,2111100
world,2010,2048600
world,2011,1931700
world,2012,1891900
world,2013,1780600
world,2014,1707400
world,2015,1668900
world,2016,1611500
world,2017,1553200
world,2018,1509100
world,2019,1414600
world,2020,1365400
world,2021,1289100
world,2022,1238900
world,2023,1235900
world,2024,1136800
wsm,1956,160.00
wsm,1957,155.00
wsm,1958,151.00
wsm,1959,146.00
wsm,1960,141.00
wsm,1961,136.00
wsm,1962,132.00
wsm,1963,128.00
wsm,1964,124.00
wsm,1965,179.00
wsm,1966,115.00
wsm,1967,111.00
wsm,1968,106.00
wsm,1969,100.00
wsm,1970,95.000
wsm,1971,90.000
wsm,1972,84.000
wsm,1973,79.000
wsm,1974,75.000
wsm,1975,70.000
wsm,1976,65.000
wsm,1977,61.000
wsm,1978,57.000
wsm,1979,55.000
wsm,1980,52.000
wsm,1981,50.000
wsm,1982,48.000
wsm,1983,46.000
wsm,1984,45.000
wsm,1985,44.000
wsm,1986,43.000
wsm,1987,42.000
wsm,1988,40.000
wsm,1989,39.000
wsm,1990,38.000
wsm,1991,36.000
wsm,1992,35.000
wsm,1993,34.000
wsm,1994,32.000
wsm,1995,31.000
wsm,1996,30.000
wsm,1997,29.000
wsm,1998,28.000
wsm,1999,27.000
wsm,2000,26.000
wsm,2001,25.000
wsm,2002,24.000
wsm,2003,23.000
wsm,2004,22.000
wsm,2005,22.000
wsm,2006,21.000
wsm,2007,21.000
wsm,2008,20.000
wsm,2009,20.000
wsm,2010,39.000
wsm,2011,20.000
wsm,2012,20.000
wsm,2013,20.000
wsm,2014,20.000
wsm,2015,19.000
wsm,2016,19.000
wsm,2017,18.000
wsm,2018,17.000
wsm,2019,16.000
wsm,2020,23.000
wsm,2021,14.000
wsm,2022,13.000
wsm,2023,12.000
wsm,2024,11.000
yem,1964,39489
yem,1965,39389
yem,1966,39064
yem,1967,38618
yem,1968,38039
yem,1969,37282
yem,1970,36395
yem,1971,35513
yem,1972,34601
yem,1973,33714
yem,1974,32813
yem,1975,31859
yem,1976,30812
yem,1977,29645
yem,1978,28425
yem,1979,27175
yem,1980,25899
yem,1981,24694
yem,1982,23563
yem,1983,22454
yem,1984,21448
yem,1985,20522
yem,1986,19728
yem,1987,19051
yem,1988,18488
yem,1989,18022
yem,1990,17601
yem,1991,17192
yem,1992,16839
yem,1993,16529
yem,1994,16235
yem,1995,15923
yem,1996,15548
yem,1997,15118
yem,1998,14481
yem,1999,13695
yem,2000,12886
yem,2001,12076
yem,2002,11381
yem,2003,10733
yem,2004,10074
yem,2005,9451.0
yem,2006,8890.0
yem,2007,8360.0
yem,2008,7896.0
yem,2009,7485.0
yem,2010,7101.0
yem,2011,6781.0
yem,2012,6562.0
yem,2013,6400.0
yem,2014,5957.0
yem,2015,5939.0
yem,2016,6778.0
yem,2017,6559.0
yem,2018,6395.0
yem,2019,7085.0
yem,2020,6995.0
yem,2021,5793.0
yem,2022,5774.0
yem,2023,5259.0
yem,2024,4734.0
zaf,1982,4658.0
zaf,1983,4620.0
zaf,1984,4653.0
zaf,1985,4694.0
zaf,1986,4766.0
zaf,1987,4842.0
zaf,1988,4844.0
zaf,1989,4924.0
zaf,1990,5200.0
zaf,1991,5699.0
zaf,1992,6522.0
zaf,1993,7654.0
zaf,1994,9183.0
zaf,1995,11037
zaf,1996,13063
zaf,1997,15221
zaf,1998,17369
zaf,1999,20097
zaf,2000,22446
zaf,2001,24561
zaf,2002,26711
zaf,2003,28225
zaf,2004,29526
zaf,2005,30566
zaf,2006,31131
zaf,2007,31007
zaf,2008,28369
zaf,2009,24517
zaf,2010,20680
zaf,2011,15959
zaf,2012,12314
zaf,2013,10480
zaf,2014,9843.0
zaf,2015,9565.0
zaf,2016,9504.0
zaf,2017,9419.0
zaf,2018,9432.0
zaf,2019,9512.0
zaf,2020,9674.0
zaf,2021,9852.0
zaf,2022,10215
zaf,2023,10562
zaf,2024,10777
zmb,1958,12681
zmb,1959,12847
zmb,1960,12982
zmb,1961,13121
zmb,1962,13272
zmb,1963,13446
zmb,1964,13648
zmb,1965,13858
zmb,1966,14116
zmb,1967,14426
zmb,1968,14727
zmb,1969,15023
zmb,1970,15251
zmb,1971,15392
zmb,1972,15449
zmb,1973,15411
zmb,1974,15360
zmb,1975,15352
zmb,1976,15455
zmb,1977,15748
zmb,1978,16182
zmb,1979,16646
zmb,1980,17115
zmb,1981,17560
zmb,1982,17910
zmb,1983,18290
zmb,1984,18855
zmb,1985,19638
zmb,1986,20578
zmb,1987,21579
zmb,1988,22584
zmb,1989,23559
zmb,1990,24432
zmb,1991,25231
zmb,1992,25920
zmb,1993,26403
zmb,1994,26668
zmb,1995,26703
zmb,1996,26641
zmb,1997,26559
zmb,1998,26423
zmb,1999,26249
zmb,2000,25813
zmb,2001,24996
zmb,2002,23877
zmb,2003,22559
zmb,2004,21193
zmb,2005,19867
zmb,2006,18757
zmb,2007,17527
zmb,2008,16424
zmb,2009,15670
zmb,2010,14191
zmb,2011,13269
zmb,2012,12948
zmb,2013,12466
zmb,2014,11792
zmb,2015,10896
zmb,2016,10203
zmb,2017,9705.0
zmb,2018,9283.0
zmb,2019,9493.0
zmb,2020,9869.0
zmb,2021,9585.0
zmb,2022,8413.0
zmb,2023,7559.0
zmb,2024,7102.0
zwe,1960,10226
zwe,1961,10134
zwe,1962,10055
zwe,1963,9965.0
zwe,1964,9894.0
zwe,1965,9835.0
zwe,1966,9747.0
zwe,1967,9702.0
zwe,1968,9641.0
zwe,1969,9586.0
zwe,1970,9582.0
zwe,1971,9630.0
zwe,1972,9730.0
zwe,1973,9859.0
zwe,1974,9989.0
zwe,1975,10172
zwe,1976,10348
zwe,1977,10532
zwe,1978,10686
zwe,1979,10719
zwe,1980,10568
zwe,1981,10214
zwe,1982,9615.0
zwe,1983,9012.0
zwe,1984,8434.0
zwe,1985,7910.0
zwe,1986,7470.0
zwe,1987,7141.0
zwe,1988,7054.0
zwe,1989,7336.0
zwe,1990,7974.0
zwe,1991,8918.0
zwe,1992,10001
zwe,1993,11167
zwe,1994,12230
zwe,1995,12963
zwe,1996,13351
zwe,1997,13586
zwe,1998,13697
zwe,1999,13639
zwe,2000,13570
zwe,2001,13427
zwe,2002,13241
zwe,2003,9904.0
zwe,2004,10653
zwe,2005,10924
zwe,2006,10393
zwe,2007,10054
zwe,2008,9555.0
zwe,2009,8942.0
zwe,2010,8129.0
zwe,2011,7261.0
zwe,2012,6051.0
zwe,2013,5003.0
zwe,2014,3846.0
zwe,2015,3364.0
zwe,2016,3087.0
zwe,2017,2648.0
zwe,2018,2368.0
zwe,2019,1874.0
zwe,2020,1821.0
zwe,2021,1744.0
zwe,2022,1271.0
zwe,2023,1140.0
zwe,2024,1066.0
