geo,year,deaths_5_14_median
afg,1991,10029
afg,1992,9452.0
afg,1993,8820.0
afg,1994,6177.0
afg,1995,6219.0
afg,1996,6072.0
afg,1997,5895.0
afg,1998,5780.0
afg,1999,8143.0
afg,2000,5733.0
afg,2001,5643.0
afg,2002,5578.0
afg,2003,5813.0
afg,2004,6202.0
afg,2005,6512.0
afg,2006,6929.0
afg,2007,7454.0
afg,2008,7831.0
afg,2009,8164.0
afg,2010,8410.0
afg,2011,8358.0
afg,2012,8134.0
afg,2013,7814.0
afg,2014,8182.0
afg,2015,8260.0
afg,2016,8451.0
afg,2017,8202.0
afg,2018,6275.0
afg,2019,6220.0
afg,2020,6193.0
afg,2021,6163.0
afg,2022,7189.0
afg,2023,5943.0
afg,2024,5868.0
ago,1991,17911
ago,1992,15966
ago,1993,19541
ago,1994,17266
ago,1995,17929
ago,1996,18546
ago,1997,19096
ago,1998,19548
ago,1999,19881
ago,2000,20120
ago,2001,20256
ago,2002,20271
ago,2003,20166
ago,2004,19969
ago,2005,19661
ago,2006,19302
ago,2007,18830
ago,2008,18349
ago,2009,17893
ago,2010,17445
ago,2011,17002
ago,2012,16600
ago,2013,16220
ago,2014,15900
ago,2015,15677
ago,2016,15550
ago,2017,15460
ago,2018,15415
ago,2019,15389
ago,2020,15379
ago,2021,15342
ago,2022,15289
ago,2023,15196
ago,2024,15088
aia,1991,0.0000
aia,1992,0.0000
aia,1993,0.0000
aia,1994,0.0000
aia,1995,0.0000
aia,1996,0.0000
aia,1997,0.0000
aia,1998,0.0000
aia,1999,0.0000
aia,2000,0.0000
aia,2001,0.0000
aia,2002,0.0000
aia,2003,0.0000
aia,2004,0.0000
aia,2005,0.0000
aia,2006,0.0000
aia,2007,0.0000
aia,2008,0.0000
aia,2009,0.0000
aia,2010,0.0000
aia,2011,0.0000
aia,2012,0.0000
aia,2013,0.0000
aia,2014,0.0000
aia,2015,0.0000
aia,2016,0.0000
aia,2017,0.0000
aia,2018,0.0000
aia,2019,0.0000
aia,2020,0.0000
aia,2021,0.0000
aia,2022,0.0000
aia,2023,0.0000
aia,2024,0.0000
alb,1991,437.00
alb,1992,409.00
alb,1993,383.00
alb,1994,361.00
alb,1995,341.00
alb,1996,324.00
alb,1997,309.00
alb,1998,359.00
alb,1999,280.00
alb,2000,267.00
alb,2001,255.00
alb,2002,243.00
alb,2003,231.00
alb,2004,218.00
alb,2005,207.00
alb,2006,194.00
alb,2007,181.00
alb,2008,168.00
alb,2009,155.00
alb,2010,143.00
alb,2011,130.00
alb,2012,119.00
alb,2013,109.00
alb,2014,101.00
alb,2015,93.000
alb,2016,86.000
alb,2017,81.000
alb,2018,77.000
alb,2019,73.000
alb,2020,70.000
alb,2021,66.000
alb,2022,62.000
alb,2023,60.000
alb,2024,58.000
and,1991,2.0000
and,1992,1.0000
and,1993,1.0000
and,1994,1.0000
and,1995,1.0000
and,1996,0.0000
and,1997,0.0000
and,1998,0.0000
and,1999,0.0000
and,2000,0.0000
and,2001,0.0000
and,2002,0.0000
and,2003,0.0000
and,2004,0.0000
and,2005,0.0000
and,2006,0.0000
and,2007,0.0000
and,2008,0.0000
and,2009,0.0000
and,2010,0.0000
and,2011,0.0000
and,2012,0.0000
and,2013,0.0000
and,2014,0.0000
and,2015,0.0000
and,2016,0.0000
and,2017,0.0000
and,2018,0.0000
and,2019,0.0000
and,2020,0.0000
and,2021,0.0000
and,2022,0.0000
and,2023,0.0000
and,2024,0.0000
are,1991,114.00
are,1992,114.00
are,1993,114.00
are,1994,114.00
are,1995,113.00
are,1996,114.00
are,1997,116.00
are,1998,118.00
are,1999,119.00
are,2000,116.00
are,2001,113.00
are,2002,111.00
are,2003,110.00
are,2004,112.00
are,2005,113.00
are,2006,117.00
are,2007,123.00
are,2008,136.00
are,2009,150.00
are,2010,158.00
are,2011,162.00
are,2012,164.00
are,2013,167.00
are,2014,170.00
are,2015,175.00
are,2016,179.00
are,2017,180.00
are,2018,175.00
are,2019,170.00
are,2020,160.00
are,2021,154.00
are,2022,151.00
are,2023,152.00
are,2024,150.00
arg,1991,2248.0
arg,1992,2221.0
arg,1993,2184.0
arg,1994,2145.0
arg,1995,2104.0
arg,1996,2063.0
arg,1997,2028.0
arg,1998,1998.0
arg,1999,1973.0
arg,2000,1956.0
arg,2001,1945.0
arg,2002,1939.0
arg,2003,1934.0
arg,2004,1932.0
arg,2005,1930.0
arg,2006,1928.0
arg,2007,1921.0
arg,2008,1909.0
arg,2009,1887.0
arg,2010,1852.0
arg,2011,1807.0
arg,2012,1754.0
arg,2013,1691.0
arg,2014,1630.0
arg,2015,1565.0
arg,2016,1501.0
arg,2017,1445.0
arg,2018,1395.0
arg,2019,1363.0
arg,2020,1352.0
arg,2021,1367.0
arg,2022,1403.0
arg,2023,1451.0
arg,2024,1502.0
arm,1991,227.00
arm,1992,214.00
arm,1993,201.00
arm,1994,191.00
arm,1995,180.00
arm,1996,170.00
arm,1997,164.00
arm,1998,155.00
arm,1999,143.00
arm,2000,128.00
arm,2001,114.00
arm,2002,106.00
arm,2003,100.00
arm,2004,95.000
arm,2005,90.000
arm,2006,85.000
arm,2007,81.000
arm,2008,77.000
arm,2009,74.000
arm,2010,74.000
arm,2011,74.000
arm,2012,74.000
arm,2013,74.000
arm,2014,74.000
arm,2015,75.000
arm,2016,76.000
arm,2017,77.000
arm,2018,79.000
arm,2019,79.000
arm,2020,81.000
arm,2021,81.000
arm,2022,82.000
arm,2023,83.000
arm,2024,84.000
atg,1991,4.0000
atg,1992,4.0000
atg,1993,4.0000
atg,1994,4.0000
atg,1995,4.0000
atg,1996,4.0000
atg,1997,4.0000
atg,1998,4.0000
atg,1999,4.0000
atg,2000,4.0000
atg,2001,4.0000
atg,2002,4.0000
atg,2003,4.0000
atg,2004,4.0000
atg,2005,4.0000
atg,2006,4.0000
atg,2007,4.0000
atg,2008,4.0000
atg,2009,4.0000
atg,2010,4.0000
atg,2011,4.0000
atg,2012,4.0000
atg,2013,4.0000
atg,2014,4.0000
atg,2015,4.0000
atg,2016,4.0000
atg,2017,4.0000
atg,2018,4.0000
atg,2019,4.0000
atg,2020,3.0000
atg,2021,3.0000
atg,2022,3.0000
atg,2023,3.0000
atg,2024,3.0000
aus,1991,476.00
aus,1992,465.00
aus,1993,452.00
aus,1994,441.00
aus,1995,430.00
aus,1996,419.00
aus,1997,408.00
aus,1998,395.00
aus,1999,382.00
aus,2000,371.00
aus,2001,359.00
aus,2002,345.00
aus,2003,334.00
aus,2004,323.00
aus,2005,313.00
aus,2006,302.00
aus,2007,293.00
aus,2008,286.00
aus,2009,281.00
aus,2010,275.00
aus,2011,271.00
aus,2012,268.00
aus,2013,266.00
aus,2014,265.00
aus,2015,263.00
aus,2016,263.00
aus,2017,263.00
aus,2018,264.00
aus,2019,265.00
aus,2020,268.00
aus,2021,270.00
aus,2022,270.00
aus,2023,270.00
aus,2024,269.00
aut,1991,166.00
aut,1992,161.00
aut,1993,156.00
aut,1994,153.00
aut,1995,150.00
aut,1996,144.00
aut,1997,139.00
aut,1998,134.00
aut,1999,130.00
aut,2000,125.00
aut,2001,122.00
aut,2002,117.00
aut,2003,113.00
aut,2004,110.00
aut,2005,106.00
aut,2006,101.00
aut,2007,98.000
aut,2008,93.000
aut,2009,89.000
aut,2010,86.000
aut,2011,81.000
aut,2012,79.000
aut,2013,76.000
aut,2014,75.000
aut,2015,73.000
aut,2016,72.000
aut,2017,72.000
aut,2018,71.000
aut,2019,69.000
aut,2020,68.000
aut,2021,68.000
aut,2022,68.000
aut,2023,68.000
aut,2024,68.000
aze,1991,770.00
aze,1992,820.00
aze,1993,987.00
aze,1994,916.00
aze,1995,955.00
aze,1996,978.00
aze,1997,986.00
aze,1998,989.00
aze,1999,986.00
aze,2000,980.00
aze,2001,962.00
aze,2002,930.00
aze,2003,886.00
aze,2004,822.00
aze,2005,749.00
aze,2006,674.00
aze,2007,599.00
aze,2008,530.00
aze,2009,472.00
aze,2010,429.00
aze,2011,403.00
aze,2012,386.00
aze,2013,378.00
aze,2014,383.00
aze,2015,390.00
aze,2016,400.00
aze,2017,418.00
aze,2018,440.00
aze,2019,462.00
aze,2020,475.00
aze,2021,541.00
aze,2022,496.00
aze,2023,503.00
aze,2024,503.00
bdi,1991,10064
bdi,1992,10842
bdi,1993,11546
bdi,1994,20972
bdi,1995,12413
bdi,1996,12815
bdi,1997,12908
bdi,1998,12891
bdi,1999,12827
bdi,2000,12462
bdi,2001,11960
bdi,2002,11429
bdi,2003,10656
bdi,2004,9739.0
bdi,2005,8846.0
bdi,2006,8037.0
bdi,2007,7290.0
bdi,2008,6716.0
bdi,2009,6306.0
bdi,2010,6087.0
bdi,2011,6013.0
bdi,2012,6000.0
bdi,2013,6095.0
bdi,2014,6272.0
bdi,2015,6489.0
bdi,2016,6747.0
bdi,2017,6976.0
bdi,2018,7154.0
bdi,2019,7276.0
bdi,2020,7367.0
bdi,2021,7403.0
bdi,2022,7411.0
bdi,2023,7339.0
bdi,2024,7238.0
bel,1991,250.00
bel,1992,241.00
bel,1993,233.00
bel,1994,224.00
bel,1995,217.00
bel,1996,209.00
bel,1997,202.00
bel,1998,195.00
bel,1999,190.00
bel,2000,182.00
bel,2001,176.00
bel,2002,170.00
bel,2003,165.00
bel,2004,158.00
bel,2005,153.00
bel,2006,146.00
bel,2007,141.00
bel,2008,136.00
bel,2009,131.00
bel,2010,128.00
bel,2011,125.00
bel,2012,122.00
bel,2013,121.00
bel,2014,118.00
bel,2015,116.00
bel,2016,114.00
bel,2017,112.00
bel,2018,109.00
bel,2019,108.00
bel,2020,106.00
bel,2021,103.00
bel,2022,100.00
bel,2023,97.000
bel,2024,95.000
ben,1991,6250.0
ben,1992,6259.0
ben,1993,6269.0
ben,1994,6294.0
ben,1995,6311.0
ben,1996,6300.0
ben,1997,6300.0
ben,1998,6300.0
ben,1999,6306.0
ben,2000,6339.0
ben,2001,6383.0
ben,2002,6411.0
ben,2003,6436.0
ben,2004,6455.0
ben,2005,6474.0
ben,2006,6490.0
ben,2007,6513.0
ben,2008,6531.0
ben,2009,6556.0
ben,2010,6574.0
ben,2011,6593.0
ben,2012,6630.0
ben,2013,6678.0
ben,2014,6712.0
ben,2015,6744.0
ben,2016,6779.0
ben,2017,6818.0
ben,2018,6857.0
ben,2019,6895.0
ben,2020,6952.0
ben,2021,6989.0
ben,2022,7019.0
ben,2023,7029.0
ben,2024,7007.0
bfa,1991,9969.0
bfa,1992,10244
bfa,1993,10523
bfa,1994,10795
bfa,1995,11079
bfa,1996,11338
bfa,1997,11553
bfa,1998,11719
bfa,1999,11817
bfa,2000,11866
bfa,2001,11826
bfa,2002,11728
bfa,2003,11555
bfa,2004,11350
bfa,2005,11108
bfa,2006,10817
bfa,2007,10534
bfa,2008,10205
bfa,2009,9876.0
bfa,2010,9532.0
bfa,2011,9175.0
bfa,2012,8817.0
bfa,2013,8469.0
bfa,2014,8124.0
bfa,2015,7757.0
bfa,2016,7393.0
bfa,2017,7022.0
bfa,2018,6662.0
bfa,2019,6301.0
bfa,2020,5961.0
bfa,2021,5670.0
bfa,2022,5438.0
bfa,2023,5248.0
bfa,2024,5063.0
bgd,1991,76549
bgd,1992,118950
bgd,1993,72057
bgd,1994,70358
bgd,1995,68780
bgd,1996,66656
bgd,1997,63210
bgd,1998,57481
bgd,1999,49435
bgd,2000,41508
bgd,2001,35722
bgd,2002,32700
bgd,2003,31952
bgd,2004,32854
bgd,2005,34780
bgd,2006,36732
bgd,2007,37950
bgd,2008,37953
bgd,2009,36579
bgd,2010,34247
bgd,2011,31509
bgd,2012,28807
bgd,2013,26263
bgd,2014,23915
bgd,2015,21927
bgd,2016,20424
bgd,2017,19362
bgd,2018,18597
bgd,2019,17936
bgd,2020,17251
bgd,2021,16576
bgd,2022,15928
bgd,2023,15297
bgd,2024,14671
bgr,1991,493.00
bgr,1992,474.00
bgr,1993,453.00
bgr,1994,435.00
bgr,1995,422.00
bgr,1996,408.00
bgr,1997,392.00
bgr,1998,374.00
bgr,1999,351.00
bgr,2000,326.00
bgr,2001,302.00
bgr,2002,277.00
bgr,2003,255.00
bgr,2004,236.00
bgr,2005,219.00
bgr,2006,205.00
bgr,2007,193.00
bgr,2008,182.00
bgr,2009,171.00
bgr,2010,162.00
bgr,2011,155.00
bgr,2012,146.00
bgr,2013,141.00
bgr,2014,136.00
bgr,2015,131.00
bgr,2016,126.00
bgr,2017,124.00
bgr,2018,121.00
bgr,2019,119.00
bgr,2020,117.00
bgr,2021,116.00
bgr,2022,115.00
bgr,2023,113.00
bgr,2024,112.00
bhr,1991,39.000
bhr,1992,41.000
bhr,1993,42.000
bhr,1994,43.000
bhr,1995,42.000
bhr,1996,43.000
bhr,1997,43.000
bhr,1998,43.000
bhr,1999,43.000
bhr,2000,42.000
bhr,2001,41.000
bhr,2002,41.000
bhr,2003,42.000
bhr,2004,41.000
bhr,2005,40.000
bhr,2006,39.000
bhr,2007,38.000
bhr,2008,38.000
bhr,2009,37.000
bhr,2010,37.000
bhr,2011,37.000
bhr,2012,35.000
bhr,2013,34.000
bhr,2014,34.000
bhr,2015,36.000
bhr,2016,38.000
bhr,2017,38.000
bhr,2018,38.000
bhr,2019,38.000
bhr,2020,38.000
bhr,2021,37.000
bhr,2022,36.000
bhr,2023,36.000
bhr,2024,38.000
bhs,1991,21.000
bhs,1992,22.000
bhs,1993,22.000
bhs,1994,22.000
bhs,1995,22.000
bhs,1996,25.000
bhs,1997,25.000
bhs,1998,25.000
bhs,1999,26.000
bhs,2000,26.000
bhs,2001,27.000
bhs,2002,26.000
bhs,2003,26.000
bhs,2004,27.000
bhs,2005,26.000
bhs,2006,25.000
bhs,2007,24.000
bhs,2008,24.000
bhs,2009,21.000
bhs,2010,21.000
bhs,2011,20.000
bhs,2012,19.000
bhs,2013,19.000
bhs,2014,19.000
bhs,2015,19.000
bhs,2016,16.000
bhs,2017,15.000
bhs,2018,15.000
bhs,2019,15.000
bhs,2020,73.000
bhs,2021,15.000
bhs,2022,13.000
bhs,2023,13.000
bhs,2024,13.000
bih,1991,195.00
bih,1992,183.00
bih,1993,1691.0
bih,1994,1694.0
bih,1995,150.00
bih,1996,335.00
bih,1997,126.00
bih,1998,118.00
bih,1999,109.00
bih,2000,100.00
bih,2001,93.000
bih,2002,86.000
bih,2003,82.000
bih,2004,77.000
bih,2005,74.000
bih,2006,70.000
bih,2007,66.000
bih,2008,63.000
bih,2009,60.000
bih,2010,57.000
bih,2011,56.000
bih,2012,53.000
bih,2013,51.000
bih,2014,48.000
bih,2015,45.000
bih,2016,45.000
bih,2017,43.000
bih,2018,41.000
bih,2019,41.000
bih,2020,39.000
bih,2021,38.000
bih,2022,35.000
bih,2023,35.000
bih,2024,35.000
blr,1991,621.00
blr,1992,618.00
blr,1993,613.00
blr,1994,602.00
blr,1995,585.00
blr,1996,561.00
blr,1997,537.00
blr,1998,508.00
blr,1999,477.00
blr,2000,443.00
blr,2001,409.00
blr,2002,376.00
blr,2003,342.00
blr,2004,310.00
blr,2005,282.00
blr,2006,259.00
blr,2007,240.00
blr,2008,225.00
blr,2009,211.00
blr,2010,198.00
blr,2011,187.00
blr,2012,178.00
blr,2013,170.00
blr,2014,162.00
blr,2015,154.00
blr,2016,147.00
blr,2017,140.00
blr,2018,136.00
blr,2019,131.00
blr,2020,127.00
blr,2021,123.00
blr,2022,118.00
blr,2023,115.00
blr,2024,109.00
blz,1991,25.000
blz,1992,25.000
blz,1993,26.000
blz,1994,27.000
blz,1995,28.000
blz,1996,28.000
blz,1997,28.000
blz,1998,31.000
blz,1999,32.000
blz,2000,32.000
blz,2001,32.000
blz,2002,33.000
blz,2003,34.000
blz,2004,34.000
blz,2005,34.000
blz,2006,34.000
blz,2007,34.000
blz,2008,34.000
blz,2009,34.000
blz,2010,34.000
blz,2011,33.000
blz,2012,32.000
blz,2013,30.000
blz,2014,29.000
blz,2015,29.000
blz,2016,27.000
blz,2017,26.000
blz,2018,24.000
blz,2019,23.000
blz,2020,22.000
blz,2021,22.000
blz,2022,20.000
blz,2023,19.000
blz,2024,19.000
bol,1991,2139.0
bol,1992,2074.0
bol,1993,2013.0
bol,1994,1956.0
bol,1995,1901.0
bol,1996,1853.0
bol,1997,1808.0
bol,1998,1766.0
bol,1999,1728.0
bol,2000,1688.0
bol,2001,1652.0
bol,2002,1616.0
bol,2003,1583.0
bol,2004,1549.0
bol,2005,1512.0
bol,2006,1472.0
bol,2007,1427.0
bol,2008,1380.0
bol,2009,1334.0
bol,2010,1289.0
bol,2011,1245.0
bol,2012,1204.0
bol,2013,1169.0
bol,2014,1139.0
bol,2015,1110.0
bol,2016,1078.0
bol,2017,1050.0
bol,2018,1025.0
bol,2019,1000.0
bol,2020,975.00
bol,2021,953.00
bol,2022,931.00
bol,2023,907.00
bol,2024,884.00
bra,1991,14660
bra,1992,14689
bra,1993,14716
bra,1994,14690
bra,1995,14582
bra,1996,14376
bra,1997,14075
bra,1998,13700
bra,1999,13310
bra,2000,12955
bra,2001,12645
bra,2002,12380
bra,2003,12157
bra,2004,11969
bra,2005,11799
bra,2006,11639
bra,2007,11481
bra,2008,11323
bra,2009,11142
bra,2010,10919
bra,2011,10658
bra,2012,10343
bra,2013,9979.0
bra,2014,9583.0
bra,2015,9191.0
bra,2016,8825.0
bra,2017,8486.0
bra,2018,8178.0
bra,2019,7905.0
bra,2020,7668.0
bra,2021,7476.0
bra,2022,7339.0
bra,2023,7255.0
bra,2024,7202.0
brb,1991,12.000
brb,1992,12.000
brb,1993,11.000
brb,1994,11.000
brb,1995,11.000
brb,1996,11.000
brb,1997,11.000
brb,1998,11.000
brb,1999,11.000
brb,2000,10.000
brb,2001,10.000
brb,2002,10.000
brb,2003,9.0000
brb,2004,9.0000
brb,2005,9.0000
brb,2006,9.0000
brb,2007,9.0000
brb,2008,8.0000
brb,2009,8.0000
brb,2010,8.0000
brb,2011,8.0000
brb,2012,8.0000
brb,2013,7.0000
brb,2014,7.0000
brb,2015,7.0000
brb,2016,7.0000
brb,2017,7.0000
brb,2018,7.0000
brb,2019,7.0000
brb,2020,7.0000
brb,2021,7.0000
brb,2022,7.0000
brb,2023,6.0000
brb,2024,5.0000
brn,1991,20.000
brn,1992,20.000
brn,1993,20.000
brn,1994,20.000
brn,1995,20.000
brn,1996,20.000
brn,1997,20.000
brn,1998,20.000
brn,1999,20.000
brn,2000,19.000
brn,2001,19.000
brn,2002,19.000
brn,2003,19.000
brn,2004,17.000
brn,2005,16.000
brn,2006,16.000
brn,2007,16.000
brn,2008,16.000
brn,2009,16.000
brn,2010,16.000
brn,2011,16.000
brn,2012,16.000
brn,2013,16.000
brn,2014,15.000
brn,2015,15.000
brn,2016,15.000
brn,2017,14.000
brn,2018,14.000
brn,2019,13.000
brn,2020,13.000
brn,2021,13.000
brn,2022,13.000
brn,2023,13.000
brn,2024,13.000
btn,1991,273.00
btn,1992,272.00
btn,1993,258.00
btn,1994,241.00
btn,1995,236.00
btn,1996,229.00
btn,1997,224.00
btn,1998,223.00
btn,1999,221.00
btn,2000,219.00
btn,2001,245.00
btn,2002,213.00
btn,2003,207.00
btn,2004,199.00
btn,2005,192.00
btn,2006,184.00
btn,2007,176.00
btn,2008,167.00
btn,2009,159.00
btn,2010,153.00
btn,2011,147.00
btn,2012,139.00
btn,2013,134.00
btn,2014,129.00
btn,2015,125.00
btn,2016,120.00
btn,2017,117.00
btn,2018,113.00
btn,2019,107.00
btn,2020,102.00
btn,2021,98.000
btn,2022,93.000
btn,2023,90.000
btn,2024,86.000
bwa,1991,760.00
bwa,1992,753.00
bwa,1993,745.00
bwa,1994,732.00
bwa,1995,715.00
bwa,1996,696.00
bwa,1997,673.00
bwa,1998,652.00
bwa,1999,630.00
bwa,2000,608.00
bwa,2001,587.00
bwa,2002,563.00
bwa,2003,537.00
bwa,2004,513.00
bwa,2005,490.00
bwa,2006,471.00
bwa,2007,519.00
bwa,2008,440.00
bwa,2009,426.00
bwa,2010,412.00
bwa,2011,400.00
bwa,2012,393.00
bwa,2013,388.00
bwa,2014,385.00
bwa,2015,381.00
bwa,2016,376.00
bwa,2017,366.00
bwa,2018,356.00
bwa,2019,344.00
bwa,2020,332.00
bwa,2021,319.00
bwa,2022,304.00
bwa,2023,295.00
bwa,2024,286.00
caf,1991,2229.0
caf,1992,2284.0
caf,1993,2351.0
caf,1994,2430.0
caf,1995,2507.0
caf,1996,2579.0
caf,1997,2644.0
caf,1998,2715.0
caf,1999,2786.0
caf,2000,2860.0
caf,2001,2942.0
caf,2002,3011.0
caf,2003,3082.0
caf,2004,3161.0
caf,2005,3240.0
caf,2006,3333.0
caf,2007,3425.0
caf,2008,3498.0
caf,2009,3574.0
caf,2010,31897
caf,2011,4935.0
caf,2012,4127.0
caf,2013,3625.0
caf,2014,4548.0
caf,2015,8215.0
caf,2016,4212.0
caf,2017,4665.0
caf,2018,6864.0
caf,2019,4588.0
caf,2020,15225
caf,2021,5233.0
caf,2022,9542.0
caf,2023,31285
caf,2024,3449.0
can,1991,797.00
can,1992,778.00
can,1993,760.00
can,1994,739.00
can,1995,720.00
can,1996,701.00
can,1997,681.00
can,1998,661.00
can,1999,640.00
can,2000,615.00
can,2001,590.00
can,2002,569.00
can,2003,549.00
can,2004,529.00
can,2005,510.00
can,2006,491.00
can,2007,472.00
can,2008,454.00
can,2009,436.00
can,2010,420.00
can,2011,403.00
can,2012,390.00
can,2013,383.00
can,2014,379.00
can,2015,376.00
can,2016,376.00
can,2017,378.00
can,2018,380.00
can,2019,383.00
can,2020,390.00
can,2021,396.00
can,2022,403.00
can,2023,412.00
can,2024,415.00
che,1991,147.00
che,1992,145.00
che,1993,141.00
che,1994,138.00
che,1995,136.00
che,1996,133.00
che,1997,127.00
che,1998,124.00
che,1999,119.00
che,2000,115.00
che,2001,111.00
che,2002,107.00
che,2003,102.00
che,2004,98.000
che,2005,94.000
che,2006,89.000
che,2007,84.000
che,2008,81.000
che,2009,77.000
che,2010,73.000
che,2011,72.000
che,2012,70.000
che,2013,68.000
che,2014,66.000
che,2015,65.000
che,2016,64.000
che,2017,62.000
che,2018,62.000
che,2019,62.000
che,2020,62.000
che,2021,62.000
che,2022,62.000
che,2023,62.000
che,2024,62.000
chl,1991,808.00
chl,1992,781.00
chl,1993,758.00
chl,1994,739.00
chl,1995,723.00
chl,1996,708.00
chl,1997,693.00
chl,1998,676.00
chl,1999,658.00
chl,2000,638.00
chl,2001,618.00
chl,2002,597.00
chl,2003,577.00
chl,2004,555.00
chl,2005,534.00
chl,2006,510.00
chl,2007,490.00
chl,2008,469.00
chl,2009,449.00
chl,2010,431.00
chl,2011,413.00
chl,2012,397.00
chl,2013,382.00
chl,2014,370.00
chl,2015,359.00
chl,2016,347.00
chl,2017,338.00
chl,2018,331.00
chl,2019,325.00
chl,2020,324.00
chl,2021,324.00
chl,2022,325.00
chl,2023,326.00
chl,2024,327.00
chn,1991,146380
chn,1992,141250
chn,1993,137780
chn,1994,134840
chn,1995,131720
chn,1996,128420
chn,1997,123230
chn,1998,115550
chn,1999,107880
chn,2000,100620
chn,2001,93166
chn,2002,85768
chn,2003,78494
chn,2004,71600
chn,2005,65221
chn,2006,59220
chn,2007,54365
chn,2008,50644
chn,2009,47532
chn,2010,44840
chn,2011,42471
chn,2012,40411
chn,2013,38761
chn,2014,37490
chn,2015,36528
chn,2016,35665
chn,2017,34841
chn,2018,34271
chn,2019,33881
chn,2020,33436
chn,2021,32822
chn,2022,32155
chn,2023,31563
chn,2024,30722
civ,1991,10306
civ,1992,10527
civ,1993,10735
civ,1994,10948
civ,1995,11149
civ,1996,11355
civ,1997,11556
civ,1998,11756
civ,1999,11952
civ,2000,12099
civ,2001,12221
civ,2002,12352
civ,2003,12506
civ,2004,12691
civ,2005,12903
civ,2006,13136
civ,2007,13365
civ,2008,13613
civ,2009,13634
civ,2010,13418
civ,2011,13186
civ,2012,12955
civ,2013,12763
civ,2014,12625
civ,2015,12650
civ,2016,12820
civ,2017,12932
civ,2018,12990
civ,2019,13021
civ,2020,13110
civ,2021,13241
civ,2022,13323
civ,2023,13314
civ,2024,13224
cmr,1991,10377
cmr,1992,10646
cmr,1993,10916
cmr,1994,11174
cmr,1995,11438
cmr,1996,11683
cmr,1997,11912
cmr,1998,12113
cmr,1999,12294
cmr,2000,12466
cmr,2001,12605
cmr,2002,12709
cmr,2003,12793
cmr,2004,12874
cmr,2005,12968
cmr,2006,13069
cmr,2007,13170
cmr,2008,13286
cmr,2009,13413
cmr,2010,13554
cmr,2011,13706
cmr,2012,13874
cmr,2013,14033
cmr,2014,14177
cmr,2015,14319
cmr,2016,14442
cmr,2017,14530
cmr,2018,14615
cmr,2019,14644
cmr,2020,14661
cmr,2021,14639
cmr,2022,14619
cmr,2023,14606
cmr,2024,14520
cod,1991,37010
cod,1992,37659
cod,1993,38350
cod,1994,39028
cod,1995,39747
cod,1996,40369
cod,1997,40820
cod,1998,41227
cod,1999,41765
cod,2000,42416
cod,2001,43173
cod,2002,43985
cod,2003,44692
cod,2004,45245
cod,2005,45747
cod,2006,46285
cod,2007,46806
cod,2008,47297
cod,2009,47758
cod,2010,48173
cod,2011,48508
cod,2012,48920
cod,2013,49354
cod,2014,49938
cod,2015,50626
cod,2016,51253
cod,2017,51851
cod,2018,52450
cod,2019,53055
cod,2020,53596
cod,2021,54160
cod,2022,54628
cod,2023,54981
cod,2024,55218
cog,1991,2006.0
cog,1992,1957.0
cog,1993,1909.0
cog,1994,1867.0
cog,1995,1827.0
cog,1996,1789.0
cog,1997,1749.0
cog,1998,2054.0
cog,1999,1878.0
cog,2000,1634.0
cog,2001,1597.0
cog,2002,1555.0
cog,2003,1508.0
cog,2004,1458.0
cog,2005,1408.0
cog,2006,1357.0
cog,2007,1310.0
cog,2008,1268.0
cog,2009,1226.0
cog,2010,1187.0
cog,2011,1150.0
cog,2012,1115.0
cog,2013,1085.0
cog,2014,1065.0
cog,2015,1056.0
cog,2016,1051.0
cog,2017,1056.0
cog,2018,1057.0
cog,2019,1058.0
cog,2020,1688.0
cog,2021,1046.0
cog,2022,1037.0
cog,2023,1026.0
cog,2024,1012.0
cok,1991,2.0000
cok,1992,2.0000
cok,1993,2.0000
cok,1994,2.0000
cok,1995,2.0000
cok,1996,2.0000
cok,1997,2.0000
cok,1998,1.0000
cok,1999,1.0000
cok,2000,1.0000
cok,2001,1.0000
cok,2002,0.0000
cok,2003,0.0000
cok,2004,0.0000
cok,2005,0.0000
cok,2006,0.0000
cok,2007,0.0000
cok,2008,0.0000
cok,2009,0.0000
cok,2010,0.0000
cok,2011,0.0000
cok,2012,0.0000
cok,2013,0.0000
cok,2014,0.0000
cok,2015,0.0000
cok,2016,0.0000
cok,2017,0.0000
cok,2018,0.0000
cok,2019,0.0000
cok,2020,0.0000
cok,2021,0.0000
cok,2022,0.0000
cok,2023,0.0000
cok,2024,0.0000
col,1991,3434.0
col,1992,3475.0
col,1993,3505.0
col,1994,3518.0
col,1995,3509.0
col,1996,3476.0
col,1997,3432.0
col,1998,3394.0
col,1999,3373.0
col,2000,3358.0
col,2001,3335.0
col,2002,3292.0
col,2003,3230.0
col,2004,3155.0
col,2005,3070.0
col,2006,2982.0
col,2007,2895.0
col,2008,2808.0
col,2009,2726.0
col,2010,2643.0
col,2011,2561.0
col,2012,2481.0
col,2013,2404.0
col,2014,2332.0
col,2015,2264.0
col,2016,2204.0
col,2017,2152.0
col,2018,2108.0
col,2019,2073.0
col,2020,2046.0
col,2021,2026.0
col,2022,2007.0
col,2023,1992.0
col,2024,1976.0
com,1991,213.00
com,1992,213.00
com,1993,213.00
com,1994,214.00
com,1995,214.00
com,1996,215.00
com,1997,214.00
com,1998,214.00
com,1999,212.00
com,2000,207.00
com,2001,202.00
com,2002,198.00
com,2003,197.00
com,2004,193.00
com,2005,190.00
com,2006,185.00
com,2007,180.00
com,2008,174.00
com,2009,167.00
com,2010,159.00
com,2011,153.00
com,2012,146.00
com,2013,140.00
com,2014,136.00
com,2015,135.00
com,2016,131.00
com,2017,129.00
com,2018,124.00
com,2019,122.00
com,2020,118.00
com,2021,116.00
com,2022,114.00
com,2023,112.00
com,2024,109.00
cpv,1991,54.000
cpv,1992,54.000
cpv,1993,57.000
cpv,1994,58.000
cpv,1995,59.000
cpv,1996,102.00
cpv,1997,59.000
cpv,1998,60.000
cpv,1999,60.000
cpv,2000,59.000
cpv,2001,57.000
cpv,2002,56.000
cpv,2003,53.000
cpv,2004,52.000
cpv,2005,48.000
cpv,2006,46.000
cpv,2007,44.000
cpv,2008,41.000
cpv,2009,40.000
cpv,2010,36.000
cpv,2011,34.000
cpv,2012,31.000
cpv,2013,30.000
cpv,2014,28.000
cpv,2015,27.000
cpv,2016,25.000
cpv,2017,25.000
cpv,2018,23.000
cpv,2019,22.000
cpv,2020,21.000
cpv,2021,21.000
cpv,2022,21.000
cpv,2023,19.000
cpv,2024,19.000
cri,1991,206.00
cri,1992,209.00
cri,1993,211.00
cri,1994,212.00
cri,1995,213.00
cri,1996,213.00
cri,1997,211.00
cri,1998,210.00
cri,1999,207.00
cri,2000,205.00
cri,2001,201.00
cri,2002,198.00
cri,2003,192.00
cri,2004,189.00
cri,2005,183.00
cri,2006,179.00
cri,2007,175.00
cri,2008,170.00
cri,2009,166.00
cri,2010,161.00
cri,2011,156.00
cri,2012,152.00
cri,2013,147.00
cri,2014,143.00
cri,2015,138.00
cri,2016,135.00
cri,2017,130.00
cri,2018,128.00
cri,2019,126.00
cri,2020,122.00
cri,2021,121.00
cri,2022,118.00
cri,2023,114.00
cri,2024,112.00
cub,1991,599.00
cub,1992,576.00
cub,1993,564.00
cub,1994,558.00
cub,1995,555.00
cub,1996,553.00
cub,1997,548.00
cub,1998,535.00
cub,1999,514.00
cub,2000,489.00
cub,2001,460.00
cub,2002,430.00
cub,2003,401.00
cub,2004,374.00
cub,2005,350.00
cub,2006,329.00
cub,2007,312.00
cub,2008,299.00
cub,2009,289.00
cub,2010,283.00
cub,2011,276.00
cub,2012,270.00
cub,2013,263.00
cub,2014,256.00
cub,2015,251.00
cub,2016,247.00
cub,2017,244.00
cub,2018,242.00
cub,2019,241.00
cub,2020,242.00
cub,2021,246.00
cub,2022,253.00
cub,2023,258.00
cub,2024,263.00
cyp,1991,22.000
cyp,1992,22.000
cyp,1993,24.000
cyp,1994,24.000
cyp,1995,24.000
cyp,1996,25.000
cyp,1997,26.000
cyp,1998,26.000
cyp,1999,26.000
cyp,2000,26.000
cyp,2001,26.000
cyp,2002,26.000
cyp,2003,27.000
cyp,2004,27.000
cyp,2005,26.000
cyp,2006,23.000
cyp,2007,23.000
cyp,2008,22.000
cyp,2009,20.000
cyp,2010,20.000
cyp,2011,17.000
cyp,2012,17.000
cyp,2013,16.000
cyp,2014,15.000
cyp,2015,14.000
cyp,2016,14.000
cyp,2017,14.000
cyp,2018,14.000
cyp,2019,14.000
cyp,2020,14.000
cyp,2021,13.000
cyp,2022,13.000
cyp,2023,13.000
cyp,2024,13.000
cze,1991,373.00
cze,1992,355.00
cze,1993,336.00
cze,1994,319.00
cze,1995,303.00
cze,1996,287.00
cze,1997,273.00
cze,1998,258.00
cze,1999,245.00
cze,2000,230.00
cze,2001,215.00
cze,2002,200.00
cze,2003,185.00
cze,2004,170.00
cze,2005,158.00
cze,2006,145.00
cze,2007,134.00
cze,2008,124.00
cze,2009,114.00
cze,2010,108.00
cze,2011,103.00
cze,2012,101.00
cze,2013,99.000
cze,2014,99.000
cze,2015,98.000
cze,2016,99.000
cze,2017,100.00
cze,2018,98.000
cze,2019,98.000
cze,2020,98.000
cze,2021,98.000
cze,2022,98.000
cze,2023,98.000
cze,2024,98.000
deu,1991,1623.0
deu,1992,1593.0
deu,1993,1553.0
deu,1994,1506.0
deu,1995,1452.0
deu,1996,1392.0
deu,1997,1329.0
deu,1998,1268.0
deu,1999,1201.0
deu,2000,1144.0
deu,2001,1099.0
deu,2002,1055.0
deu,2003,1010.0
deu,2004,962.00
deu,2005,912.00
deu,2006,861.00
deu,2007,813.00
deu,2008,773.00
deu,2009,740.00
deu,2010,712.00
deu,2011,686.00
deu,2012,663.00
deu,2013,638.00
deu,2014,617.00
deu,2015,603.00
deu,2016,595.00
deu,2017,592.00
deu,2018,589.00
deu,2019,587.00
deu,2020,589.00
deu,2021,596.00
deu,2022,609.00
deu,2023,630.00
deu,2024,656.00
dji,1991,413.00
dji,1992,440.00
dji,1993,428.00
dji,1994,412.00
dji,1995,414.00
dji,1996,411.00
dji,1997,415.00
dji,1998,420.00
dji,1999,422.00
dji,2000,422.00
dji,2001,423.00
dji,2002,421.00
dji,2003,417.00
dji,2004,412.00
dji,2005,407.00
dji,2006,404.00
dji,2007,400.00
dji,2008,398.00
dji,2009,394.00
dji,2010,392.00
dji,2011,386.00
dji,2012,380.00
dji,2013,372.00
dji,2014,365.00
dji,2015,355.00
dji,2016,345.00
dji,2017,335.00
dji,2018,324.00
dji,2019,313.00
dji,2020,303.00
dji,2021,292.00
dji,2022,282.00
dji,2023,274.00
dji,2024,264.00
dma,1991,6.0000
dma,1992,6.0000
dma,1993,6.0000
dma,1994,6.0000
dma,1995,5.0000
dma,1996,5.0000
dma,1997,5.0000
dma,1998,5.0000
dma,1999,5.0000
dma,2000,5.0000
dma,2001,5.0000
dma,2002,5.0000
dma,2003,5.0000
dma,2004,5.0000
dma,2005,5.0000
dma,2006,5.0000
dma,2007,5.0000
dma,2008,5.0000
dma,2009,4.0000
dma,2010,4.0000
dma,2011,4.0000
dma,2012,3.0000
dma,2013,3.0000
dma,2014,3.0000
dma,2015,3.0000
dma,2016,3.0000
dma,2017,3.0000
dma,2018,12.000
dma,2019,2.0000
dma,2020,2.0000
dma,2021,2.0000
dma,2022,2.0000
dma,2023,1.0000
dma,2024,1.0000
dnk,1991,109.00
dnk,1992,105.00
dnk,1993,100.00
dnk,1994,97.000
dnk,1995,95.000
dnk,1996,93.000
dnk,1997,91.000
dnk,1998,90.000
dnk,1999,89.000
dnk,2000,87.000
dnk,2001,85.000
dnk,2002,83.000
dnk,2003,82.000
dnk,2004,78.000
dnk,2005,74.000
dnk,2006,72.000
dnk,2007,67.000
dnk,2008,64.000
dnk,2009,60.000
dnk,2010,56.000
dnk,2011,55.000
dnk,2012,51.000
dnk,2013,49.000
dnk,2014,48.000
dnk,2015,47.000
dnk,2016,44.000
dnk,2017,44.000
dnk,2018,44.000
dnk,2019,42.000
dnk,2020,42.000
dnk,2021,42.000
dnk,2022,41.000
dnk,2023,39.000
dnk,2024,39.000
dom,1991,1246.0
dom,1992,1209.0
dom,1993,1174.0
dom,1994,1143.0
dom,1995,1117.0
dom,1996,1094.0
dom,1997,1073.0
dom,1998,1057.0
dom,1999,1038.0
dom,2000,1018.0
dom,2001,1002.0
dom,2002,985.00
dom,2003,967.00
dom,2004,945.00
dom,2005,924.00
dom,2006,903.00
dom,2007,885.00
dom,2008,867.00
dom,2009,849.00
dom,2010,829.00
dom,2011,809.00
dom,2012,789.00
dom,2013,772.00
dom,2014,755.00
dom,2015,741.00
dom,2016,724.00
dom,2017,707.00
dom,2018,690.00
dom,2019,674.00
dom,2020,658.00
dom,2021,644.00
dom,2022,629.00
dom,2023,614.00
dom,2024,600.00
dza,1991,6468.0
dza,1992,6364.0
dza,1993,6268.0
dza,1994,6161.0
dza,1995,6019.0
dza,1996,5851.0
dza,1997,5664.0
dza,1998,5458.0
dza,1999,5224.0
dza,2000,4961.0
dza,2001,4682.0
dza,2002,4392.0
dza,2003,4100.0
dza,2004,4236.0
dza,2005,3528.0
dza,2006,3299.0
dza,2007,3112.0
dza,2008,2944.0
dza,2009,2800.0
dza,2010,2692.0
dza,2011,2619.0
dza,2012,2581.0
dza,2013,2572.0
dza,2014,2598.0
dza,2015,2634.0
dza,2016,2658.0
dza,2017,2665.0
dza,2018,2671.0
dza,2019,2673.0
dza,2020,2681.0
dza,2021,2702.0
dza,2022,2738.0
dza,2023,2784.0
dza,2024,2830.0
ecu,1991,1909.0
ecu,1992,1850.0
ecu,1993,1785.0
ecu,1994,1715.0
ecu,1995,1649.0
ecu,1996,1595.0
ecu,1997,1554.0
ecu,1998,1527.0
ecu,1999,1509.0
ecu,2000,1499.0
ecu,2001,1492.0
ecu,2002,1488.0
ecu,2003,1484.0
ecu,2004,1477.0
ecu,2005,1465.0
ecu,2006,1449.0
ecu,2007,1426.0
ecu,2008,1399.0
ecu,2009,1369.0
ecu,2010,1336.0
ecu,2011,1298.0
ecu,2012,1257.0
ecu,2013,1213.0
ecu,2014,1170.0
ecu,2015,1129.0
ecu,2016,1092.0
ecu,2017,1164.0
ecu,2018,1033.0
ecu,2019,1014.0
ecu,2020,1004.0
ecu,2021,1005.0
ecu,2022,1016.0
ecu,2023,1034.0
ecu,2024,1056.0
egy,1991,16722
egy,1992,16047
egy,1993,15354
egy,1994,14682
egy,1995,14011
egy,1996,13310
egy,1997,12586
egy,1998,11866
egy,1999,11178
egy,2000,10550
egy,2001,10006
egy,2002,9560.0
egy,2003,9207.0
egy,2004,8938.0
egy,2005,8743.0
egy,2006,8625.0
egy,2007,8581.0
egy,2008,8602.0
egy,2009,8669.0
egy,2010,8762.0
egy,2011,8861.0
egy,2012,8951.0
egy,2013,9010.0
egy,2014,9013.0
egy,2015,8975.0
egy,2016,8920.0
egy,2017,8865.0
egy,2018,8833.0
egy,2019,8854.0
egy,2020,8910.0
egy,2021,8976.0
egy,2022,9011.0
egy,2023,9003.0
egy,2024,8925.0
eri,1991,2346.0
eri,1992,2039.0
eri,1993,1774.0
eri,1994,1689.0
eri,1995,1608.0
eri,1996,1536.0
eri,1997,1460.0
eri,1998,1378.0
eri,1999,1302.0
eri,2000,1821.0
eri,2001,1332.0
eri,2002,1127.0
eri,2003,1085.0
eri,2004,1044.0
eri,2005,997.00
eri,2006,956.00
eri,2007,910.00
eri,2008,873.00
eri,2009,841.00
eri,2010,816.00
eri,2011,795.00
eri,2012,773.00
eri,2013,752.00
eri,2014,730.00
eri,2015,713.00
eri,2016,698.00
eri,2017,684.00
eri,2018,669.00
eri,2019,654.00
eri,2020,638.00
eri,2021,623.00
eri,2022,603.00
eri,2023,587.00
eri,2024,569.00
esp,1991,1274.0
esp,1992,1195.0
esp,1993,1113.0
esp,1994,1035.0
esp,1995,962.00
esp,1996,897.00
esp,1997,840.00
esp,1998,793.00
esp,1999,751.00
esp,2000,710.00
esp,2001,670.00
esp,2002,632.00
esp,2003,602.00
esp,2004,578.00
esp,2005,554.00
esp,2006,531.00
esp,2007,512.00
esp,2008,496.00
esp,2009,480.00
esp,2010,465.00
esp,2011,451.00
esp,2012,438.00
esp,2013,425.00
esp,2014,413.00
esp,2015,403.00
esp,2016,390.00
esp,2017,382.00
esp,2018,376.00
esp,2019,371.00
esp,2020,370.00
esp,2021,370.00
esp,2022,371.00
esp,2023,371.00
esp,2024,368.00
est,1991,110.00
est,1992,108.00
est,1993,105.00
est,1994,100.00
est,1995,97.000
est,1996,92.000
est,1997,86.000
est,1998,80.000
est,1999,73.000
est,2000,65.000
est,2001,58.000
est,2002,52.000
est,2003,46.000
est,2004,41.000
est,2005,36.000
est,2006,32.000
est,2007,29.000
est,2008,26.000
est,2009,25.000
est,2010,24.000
est,2011,23.000
est,2012,21.000
est,2013,20.000
est,2014,20.000
est,2015,20.000
est,2016,19.000
est,2017,19.000
est,2018,18.000
est,2019,19.000
est,2020,19.000
est,2021,19.000
est,2022,17.000
est,2023,17.000
est,2024,16.000
eth,1991,97878
eth,1992,96714
eth,1993,95834
eth,1994,94745
eth,1995,93384
eth,1996,91901
eth,1997,90207
eth,1998,88387
eth,1999,86492
eth,2000,84656
eth,2001,82562
eth,2002,80127
eth,2003,77378
eth,2004,74240
eth,2005,70877
eth,2006,67231
eth,2007,63344
eth,2008,59437
eth,2009,55452
eth,2010,51568
eth,2011,47917
eth,2012,44424
eth,2013,41092
eth,2014,37890
eth,2015,34895
eth,2016,32060
eth,2017,29543
eth,2018,27426
eth,2019,25733
eth,2020,24387
eth,2021,23338
eth,2022,22505
eth,2023,21851
eth,2024,21334
fin,1991,119.00
fin,1992,117.00
fin,1993,114.00
fin,1994,111.00
fin,1995,110.00
fin,1996,107.00
fin,1997,105.00
fin,1998,103.00
fin,1999,98.000
fin,2000,96.000
fin,2001,92.000
fin,2002,90.000
fin,2003,87.000
fin,2004,85.000
fin,2005,80.000
fin,2006,77.000
fin,2007,73.000
fin,2008,68.000
fin,2009,66.000
fin,2010,61.000
fin,2011,58.000
fin,2012,56.000
fin,2013,55.000
fin,2014,53.000
fin,2015,51.000
fin,2016,50.000
fin,2017,49.000
fin,2018,49.000
fin,2019,48.000
fin,2020,48.000
fin,2021,47.000
fin,2022,47.000
fin,2023,45.000
fin,2024,45.000
fji,1991,233.00
fji,1992,230.00
fji,1993,225.00
fji,1994,218.00
fji,1995,211.00
fji,1996,202.00
fji,1997,193.00
fji,1998,185.00
fji,1999,176.00
fji,2000,165.00
fji,2001,156.00
fji,2002,147.00
fji,2003,138.00
fji,2004,130.00
fji,2005,122.00
fji,2006,114.00
fji,2007,108.00
fji,2008,103.00
fji,2009,98.000
fji,2010,94.000
fji,2011,91.000
fji,2012,87.000
fji,2013,86.000
fji,2014,85.000
fji,2015,85.000
fji,2016,84.000
fji,2017,96.000
fji,2018,87.000
fji,2019,86.000
fji,2020,87.000
fji,2021,87.000
fji,2022,87.000
fji,2023,87.000
fji,2024,86.000
fra,1991,1526.0
fra,1992,1478.0
fra,1993,1433.0
fra,1994,1386.0
fra,1995,1339.0
fra,1996,1283.0
fra,1997,1226.0
fra,1998,1171.0
fra,1999,1116.0
fra,2000,1069.0
fra,2001,1026.0
fra,2002,980.00
fra,2003,933.00
fra,2004,889.00
fra,2005,847.00
fra,2006,808.00
fra,2007,776.00
fra,2008,750.00
fra,2009,729.00
fra,2010,714.00
fra,2011,700.00
fra,2012,688.00
fra,2013,679.00
fra,2014,669.00
fra,2015,658.00
fra,2016,649.00
fra,2017,636.00
fra,2018,627.00
fra,2019,621.00
fra,2020,616.00
fra,2021,613.00
fra,2022,612.00
fra,2023,611.00
fra,2024,605.00
fsm,1991,27.000
fsm,1992,27.000
fsm,1993,27.000
fsm,1994,27.000
fsm,1995,27.000
fsm,1996,27.000
fsm,1997,25.000
fsm,1998,24.000
fsm,1999,24.000
fsm,2000,23.000
fsm,2001,22.000
fsm,2002,21.000
fsm,2003,34.000
fsm,2004,20.000
fsm,2005,20.000
fsm,2006,20.000
fsm,2007,20.000
fsm,2008,19.000
fsm,2009,18.000
fsm,2010,18.000
fsm,2011,17.000
fsm,2012,17.000
fsm,2013,16.000
fsm,2014,16.000
fsm,2015,16.000
fsm,2016,15.000
fsm,2017,15.000
fsm,2018,15.000
fsm,2019,13.000
fsm,2020,13.000
fsm,2021,13.000
fsm,2022,13.000
fsm,2023,12.000
fsm,2024,12.000
gab,1991,459.00
gab,1992,473.00
gab,1993,485.00
gab,1994,497.00
gab,1995,510.00
gab,1996,522.00
gab,1997,533.00
gab,1998,543.00
gab,1999,552.00
gab,2000,558.00
gab,2001,566.00
gab,2002,572.00
gab,2003,578.00
gab,2004,582.00
gab,2005,588.00
gab,2006,593.00
gab,2007,599.00
gab,2008,602.00
gab,2009,604.00
gab,2010,605.00
gab,2011,606.00
gab,2012,606.00
gab,2013,608.00
gab,2014,610.00
gab,2015,611.00
gab,2016,612.00
gab,2017,618.00
gab,2018,621.00
gab,2019,621.00
gab,2020,625.00
gab,2021,627.00
gab,2022,627.00
gab,2023,627.00
gab,2024,626.00
gbr,1991,1320.0
gbr,1992,1296.0
gbr,1993,1268.0
gbr,1994,1232.0
gbr,1995,1194.0
gbr,1996,1160.0
gbr,1997,1128.0
gbr,1998,1099.0
gbr,1999,1071.0
gbr,2000,1038.0
gbr,2001,1003.0
gbr,2002,969.00
gbr,2003,939.00
gbr,2004,916.00
gbr,2005,890.00
gbr,2006,858.00
gbr,2007,823.00
gbr,2008,788.00
gbr,2009,761.00
gbr,2010,734.00
gbr,2011,711.00
gbr,2012,690.00
gbr,2013,672.00
gbr,2014,659.00
gbr,2015,646.00
gbr,2016,639.00
gbr,2017,633.00
gbr,2018,630.00
gbr,2019,623.00
gbr,2020,614.00
gbr,2021,602.00
gbr,2022,586.00
gbr,2023,574.00
gbr,2024,558.00
geo,1991,275.00
geo,1992,286.00
geo,1993,229.00
geo,1994,211.00
geo,1995,196.00
geo,1996,184.00
geo,1997,176.00
geo,1998,167.00
geo,1999,158.00
geo,2000,152.00
geo,2001,144.00
geo,2002,138.00
geo,2003,134.00
geo,2004,133.00
geo,2005,131.00
geo,2006,129.00
geo,2007,126.00
geo,2008,124.00
geo,2009,124.00
geo,2010,124.00
geo,2011,123.00
geo,2012,121.00
geo,2013,119.00
geo,2014,117.00
geo,2015,116.00
geo,2016,114.00
geo,2017,112.00
geo,2018,109.00
geo,2019,105.00
geo,2020,102.00
geo,2021,98.000
geo,2022,95.000
geo,2023,92.000
geo,2024,87.000
gha,1991,10755
gha,1992,10789
gha,1993,10781
gha,1994,10728
gha,1995,10645
gha,1996,10578
gha,1997,10523
gha,1998,10429
gha,1999,10298
gha,2000,10151
gha,2001,9976.0
gha,2002,9792.0
gha,2003,9602.0
gha,2004,9420.0
gha,2005,9267.0
gha,2006,9148.0
gha,2007,9045.0
gha,2008,8951.0
gha,2009,8869.0
gha,2010,8783.0
gha,2011,8728.0
gha,2012,8684.0
gha,2013,8646.0
gha,2014,8609.0
gha,2015,8578.0
gha,2016,8551.0
gha,2017,8534.0
gha,2018,8529.0
gha,2019,8521.0
gha,2020,8492.0
gha,2021,8469.0
gha,2022,8416.0
gha,2023,8335.0
gha,2024,8212.0
gin,1991,7388.0
gin,1992,7435.0
gin,1993,7434.0
gin,1994,7426.0
gin,1995,7427.0
gin,1996,7423.0
gin,1997,7415.0
gin,1998,7403.0
gin,1999,7387.0
gin,2000,7371.0
gin,2001,7348.0
gin,2002,7315.0
gin,2003,7283.0
gin,2004,7236.0
gin,2005,7170.0
gin,2006,7106.0
gin,2007,7034.0
gin,2008,6951.0
gin,2009,6879.0
gin,2010,6823.0
gin,2011,6784.0
gin,2012,6753.0
gin,2013,6732.0
gin,2014,6724.0
gin,2015,6725.0
gin,2016,6721.0
gin,2017,6722.0
gin,2018,6710.0
gin,2019,6693.0
gin,2020,6659.0
gin,2021,6627.0
gin,2022,6584.0
gin,2023,6540.0
gin,2024,6476.0
gmb,1991,951.00
gmb,1992,964.00
gmb,1993,974.00
gmb,1994,980.00
gmb,1995,983.00
gmb,1996,986.00
gmb,1997,987.00
gmb,1998,985.00
gmb,1999,980.00
gmb,2000,975.00
gmb,2001,967.00
gmb,2002,956.00
gmb,2003,941.00
gmb,2004,926.00
gmb,2005,907.00
gmb,2006,887.00
gmb,2007,866.00
gmb,2008,845.00
gmb,2009,825.00
gmb,2010,807.00
gmb,2011,789.00
gmb,2012,775.00
gmb,2013,762.00
gmb,2014,750.00
gmb,2015,740.00
gmb,2016,729.00
gmb,2017,720.00
gmb,2018,714.00
gmb,2019,708.00
gmb,2020,700.00
gmb,2021,691.00
gmb,2022,680.00
gmb,2023,667.00
gmb,2024,653.00
gnb,1991,1267.0
gnb,1992,1246.0
gnb,1993,1232.0
gnb,1994,1223.0
gnb,1995,1213.0
gnb,1996,1193.0
gnb,1997,1167.0
gnb,1998,1295.0
gnb,1999,1121.0
gnb,2000,1097.0
gnb,2001,1078.0
gnb,2002,1063.0
gnb,2003,1051.0
gnb,2004,1040.0
gnb,2005,1026.0
gnb,2006,1012.0
gnb,2007,996.00
gnb,2008,982.00
gnb,2009,962.00
gnb,2010,941.00
gnb,2011,917.00
gnb,2012,892.00
gnb,2013,868.00
gnb,2014,843.00
gnb,2015,814.00
gnb,2016,786.00
gnb,2017,762.00
gnb,2018,742.00
gnb,2019,726.00
gnb,2020,711.00
gnb,2021,699.00
gnb,2022,687.00
gnb,2023,673.00
gnb,2024,661.00
gnq,1991,407.00
gnq,1992,426.00
gnq,1993,448.00
gnq,1994,470.00
gnq,1995,492.00
gnq,1996,511.00
gnq,1997,529.00
gnq,1998,544.00
gnq,1999,556.00
gnq,2000,566.00
gnq,2001,579.00
gnq,2002,594.00
gnq,2003,603.00
gnq,2004,608.00
gnq,2005,608.00
gnq,2006,606.00
gnq,2007,600.00
gnq,2008,596.00
gnq,2009,596.00
gnq,2010,600.00
gnq,2011,607.00
gnq,2012,614.00
gnq,2013,621.00
gnq,2014,629.00
gnq,2015,638.00
gnq,2016,644.00
gnq,2017,650.00
gnq,2018,655.00
gnq,2019,659.00
gnq,2020,662.00
gnq,2021,658.00
gnq,2022,654.00
gnq,2023,648.00
gnq,2024,638.00
grc,1991,275.00
grc,1992,260.00
grc,1993,248.00
grc,1994,235.00
grc,1995,224.00
grc,1996,212.00
grc,1997,203.00
grc,1998,192.00
grc,1999,185.00
grc,2000,177.00
grc,2001,171.00
grc,2002,167.00
grc,2003,161.00
grc,2004,155.00
grc,2005,149.00
grc,2006,143.00
grc,2007,137.00
grc,2008,133.00
grc,2009,128.00
grc,2010,123.00
grc,2011,118.00
grc,2012,115.00
grc,2013,111.00
grc,2014,108.00
grc,2015,105.00
grc,2016,101.00
grc,2017,97.000
grc,2018,94.000
grc,2019,90.000
grc,2020,86.000
grc,2021,83.000
grc,2022,79.000
grc,2023,74.000
grc,2024,69.000
grd,1991,8.0000
grd,1992,8.0000
grd,1993,8.0000
grd,1994,8.0000
grd,1995,8.0000
grd,1996,8.0000
grd,1997,8.0000
grd,1998,8.0000
grd,1999,8.0000
grd,2000,9.0000
grd,2001,10.000
grd,2002,9.0000
grd,2003,9.0000
grd,2004,6.0000
grd,2005,6.0000
grd,2006,6.0000
grd,2007,6.0000
grd,2008,6.0000
grd,2009,6.0000
grd,2010,6.0000
grd,2011,6.0000
grd,2012,6.0000
grd,2013,6.0000
grd,2014,6.0000
grd,2015,6.0000
grd,2016,6.0000
grd,2017,6.0000
grd,2018,6.0000
grd,2019,7.0000
grd,2020,8.0000
grd,2021,8.0000
grd,2022,8.0000
grd,2023,8.0000
grd,2024,8.0000
gtm,1991,3443.0
gtm,1992,3242.0
gtm,1993,3013.0
gtm,1994,2792.0
gtm,1995,2606.0
gtm,1996,2462.0
gtm,1997,2356.0
gtm,1998,2283.0
gtm,1999,2227.0
gtm,2000,2172.0
gtm,2001,2116.0
gtm,2002,2060.0
gtm,2003,2010.0
gtm,2004,1965.0
gtm,2005,1933.0
gtm,2006,2361.0
gtm,2007,1881.0
gtm,2008,1850.0
gtm,2009,1812.0
gtm,2010,1768.0
gtm,2011,1723.0
gtm,2012,1682.0
gtm,2013,1652.0
gtm,2014,1624.0
gtm,2015,1598.0
gtm,2016,1568.0
gtm,2017,1532.0
gtm,2018,1492.0
gtm,2019,1451.0
gtm,2020,1415.0
gtm,2021,1385.0
gtm,2022,1366.0
gtm,2023,1355.0
gtm,2024,1343.0
guy,1991,95.000
guy,1992,91.000
guy,1993,85.000
guy,1994,81.000
guy,1995,80.000
guy,1996,77.000
guy,1997,76.000
guy,1998,75.000
guy,1999,76.000
guy,2000,77.000
guy,2001,78.000
guy,2002,79.000
guy,2003,80.000
guy,2004,82.000
guy,2005,84.000
guy,2006,85.000
guy,2007,84.000
guy,2008,85.000
guy,2009,83.000
guy,2010,81.000
guy,2011,80.000
guy,2012,77.000
guy,2013,75.000
guy,2014,72.000
guy,2015,68.000
guy,2016,66.000
guy,2017,65.000
guy,2018,62.000
guy,2019,61.000
guy,2020,60.000
guy,2021,58.000
guy,2022,56.000
guy,2023,56.000
guy,2024,55.000
hnd,1991,1273.0
hnd,1992,1238.0
hnd,1993,1203.0
hnd,1994,1171.0
hnd,1995,1140.0
hnd,1996,1111.0
hnd,1997,1087.0
hnd,1998,1068.0
hnd,1999,5468.0
hnd,2000,1040.0
hnd,2001,1034.0
hnd,2002,1031.0
hnd,2003,1030.0
hnd,2004,1031.0
hnd,2005,1036.0
hnd,2006,1041.0
hnd,2007,1047.0
hnd,2008,1054.0
hnd,2009,1060.0
hnd,2010,1066.0
hnd,2011,1076.0
hnd,2012,1086.0
hnd,2013,1098.0
hnd,2014,1108.0
hnd,2015,1117.0
hnd,2016,1122.0
hnd,2017,1123.0
hnd,2018,1119.0
hnd,2019,1111.0
hnd,2020,1096.0
hnd,2021,1079.0
hnd,2022,1055.0
hnd,2023,1038.0
hnd,2024,1015.0
hrv,1991,193.00
hrv,1992,239.00
hrv,1993,169.00
hrv,1994,157.00
hrv,1995,145.00
hrv,1996,146.00
hrv,1997,119.00
hrv,1998,108.00
hrv,1999,99.000
hrv,2000,90.000
hrv,2001,82.000
hrv,2002,77.000
hrv,2003,75.000
hrv,2004,90.000
hrv,2005,68.000
hrv,2006,65.000
hrv,2007,62.000
hrv,2008,60.000
hrv,2009,57.000
hrv,2010,54.000
hrv,2011,53.000
hrv,2012,51.000
hrv,2013,50.000
hrv,2014,48.000
hrv,2015,48.000
hrv,2016,49.000
hrv,2017,49.000
hrv,2018,49.000
hrv,2019,49.000
hrv,2020,49.000
hrv,2021,50.000
hrv,2022,49.000
hrv,2023,62.000
hrv,2024,49.000
hti,1991,4949.0
hti,1992,4917.0
hti,1993,4890.0
hti,1994,4859.0
hti,1995,4816.0
hti,1996,4771.0
hti,1997,4715.0
hti,1998,4639.0
hti,1999,4550.0
hti,2000,4452.0
hti,2001,4347.0
hti,2002,4237.0
hti,2003,4126.0
hti,2004,4016.0
hti,2005,4698.0
hti,2006,3789.0
hti,2007,3680.0
hti,2008,3570.0
hti,2009,3464.0
hti,2010,3359.0
hti,2011,21751
hti,2012,3551.0
hti,2013,3049.0
hti,2014,2961.0
hti,2015,2881.0
hti,2016,2803.0
hti,2017,2731.0
hti,2018,2657.0
hti,2019,2589.0
hti,2020,2524.0
hti,2021,2463.0
hti,2022,2879.0
hti,2023,2343.0
hti,2024,2278.0
hun,1991,374.00
hun,1992,352.00
hun,1993,332.00
hun,1994,314.00
hun,1995,296.00
hun,1996,283.00
hun,1997,272.00
hun,1998,261.00
hun,1999,251.00
hun,2000,240.00
hun,2001,230.00
hun,2002,218.00
hun,2003,208.00
hun,2004,197.00
hun,2005,184.00
hun,2006,174.00
hun,2007,164.00
hun,2008,155.00
hun,2009,145.00
hun,2010,138.00
hun,2011,131.00
hun,2012,126.00
hun,2013,121.00
hun,2014,116.00
hun,2015,114.00
hun,2016,111.00
hun,2017,109.00
hun,2018,104.00
hun,2019,102.00
hun,2020,99.000
hun,2021,96.000
hun,2022,92.000
hun,2023,91.000
hun,2024,88.000
idn,1991,58322
idn,1992,56352
idn,1993,54323
idn,1994,52342
idn,1995,50417
idn,1996,48554
idn,1997,46819
idn,1998,45123
idn,1999,43423
idn,2000,41817
idn,2001,40335
idn,2002,39030
idn,2003,37826
idn,2004,36628
idn,2005,64573
idn,2006,34088
idn,2007,32888
idn,2008,31754
idn,2009,30739
idn,2010,29797
idn,2011,28963
idn,2012,28264
idn,2013,27610
idn,2014,26983
idn,2015,26443
idn,2016,25906
idn,2017,25431
idn,2018,25004
idn,2019,24541
idn,2020,23997
idn,2021,23404
idn,2022,22785
idn,2023,22083
idn,2024,21364
ind,1991,443010
ind,1992,438490
ind,1993,433360
ind,1994,427310
ind,1995,420460
ind,1996,412730
ind,1997,404280
ind,1998,395340
ind,1999,385670
ind,2000,375460
ind,2001,364670
ind,2002,353170
ind,2003,341260
ind,2004,329090
ind,2005,316570
ind,2006,304000
ind,2007,291370
ind,2008,278330
ind,2009,264800
ind,2010,250890
ind,2011,236620
ind,2012,222090
ind,2013,207680
ind,2014,193650
ind,2015,180220
ind,2016,167120
ind,2017,154410
ind,2018,142350
ind,2019,130850
ind,2020,120060
ind,2021,110260
ind,2022,101980
ind,2023,95057
ind,2024,89268
irl,1991,133.00
irl,1992,128.00
irl,1993,124.00
irl,1994,116.00
irl,1995,110.00
irl,1996,105.00
irl,1997,99.000
irl,1998,94.000
irl,1999,89.000
irl,2000,85.000
irl,2001,82.000
irl,2002,78.000
irl,2003,74.000
irl,2004,70.000
irl,2005,69.000
irl,2006,66.000
irl,2007,64.000
irl,2008,64.000
irl,2009,62.000
irl,2010,62.000
irl,2011,59.000
irl,2012,58.000
irl,2013,57.000
irl,2014,54.000
irl,2015,54.000
irl,2016,52.000
irl,2017,51.000
irl,2018,51.000
irl,2019,49.000
irl,2020,48.000
irl,2021,46.000
irl,2022,45.000
irl,2023,44.000
irl,2024,43.000
irn,1991,22326
irn,1992,11900
irn,1993,11613
irn,1994,11263
irn,1995,10897
irn,1996,10536
irn,1997,10166
irn,1998,9787.0
irn,1999,9365.0
irn,2000,8922.0
irn,2001,8459.0
irn,2002,8024.0
irn,2003,7602.0
irn,2004,12291
irn,2005,7061.0
irn,2006,6951.0
irn,2007,6934.0
irn,2008,6927.0
irn,2009,6865.0
irn,2010,6741.0
irn,2011,6544.0
irn,2012,6292.0
irn,2013,5983.0
irn,2014,5660.0
irn,2015,5386.0
irn,2016,5175.0
irn,2017,5027.0
irn,2018,4937.0
irn,2019,4881.0
irn,2020,4848.0
irn,2021,4819.0
irn,2022,4781.0
irn,2023,4729.0
irn,2024,4648.0
irq,1991,11558
irq,1992,7916.0
irq,1993,4810.0
irq,1994,4808.0
irq,1995,4810.0
irq,1996,4772.0
irq,1997,4732.0
irq,1998,4698.0
irq,1999,4675.0
irq,2000,4667.0
irq,2001,4669.0
irq,2002,4683.0
irq,2003,4715.0
irq,2004,4754.0
irq,2005,4801.0
irq,2006,4858.0
irq,2007,4809.0
irq,2008,4695.0
irq,2009,4716.0
irq,2010,4829.0
irq,2011,4915.0
irq,2012,5017.0
irq,2013,5172.0
irq,2014,5315.0
irq,2015,5380.0
irq,2016,5405.0
irq,2017,5433.0
irq,2018,5465.0
irq,2019,5492.0
irq,2020,5500.0
irq,2021,5478.0
irq,2022,5441.0
irq,2023,5380.0
irq,2024,5313.0
isl,1991,7.0000
isl,1992,7.0000
isl,1993,7.0000
isl,1994,6.0000
isl,1995,6.0000
isl,1996,6.0000
isl,1997,6.0000
isl,1998,6.0000
isl,1999,6.0000
isl,2000,6.0000
isl,2001,6.0000
isl,2002,6.0000
isl,2003,6.0000
isl,2004,5.0000
isl,2005,5.0000
isl,2006,5.0000
isl,2007,5.0000
isl,2008,5.0000
isl,2009,5.0000
isl,2010,4.0000
isl,2011,4.0000
isl,2012,4.0000
isl,2013,4.0000
isl,2014,4.0000
isl,2015,4.0000
isl,2016,4.0000
isl,2017,4.0000
isl,2018,3.0000
isl,2019,3.0000
isl,2020,3.0000
isl,2021,3.0000
isl,2022,2.0000
isl,2023,2.0000
isl,2024,2.0000
isr,1991,182.00
isr,1992,184.00
isr,1993,180.00
isr,1994,178.00
isr,1995,177.00
isr,1996,173.00
isr,1997,172.00
isr,1998,170.00
isr,1999,169.00
isr,2000,169.00
isr,2001,167.00
isr,2002,167.00
isr,2003,163.00
isr,2004,163.00
isr,2005,160.00
isr,2006,159.00
isr,2007,158.00
isr,2008,156.00
isr,2009,153.00
isr,2010,151.00
isr,2011,150.00
isr,2012,148.00
isr,2013,147.00
isr,2014,144.00
isr,2015,144.00
isr,2016,142.00
isr,2017,142.00
isr,2018,140.00
isr,2019,140.00
isr,2020,139.00
isr,2021,138.00
isr,2022,137.00
isr,2023,139.00
isr,2024,139.00
ita,1991,1221.0
ita,1992,1186.0
ita,1993,1159.0
ita,1994,1136.0
ita,1995,1105.0
ita,1996,1055.0
ita,1997,992.00
ita,1998,923.00
ita,1999,859.00
ita,2000,802.00
ita,2001,757.00
ita,2002,724.00
ita,2003,694.00
ita,2004,661.00
ita,2005,628.00
ita,2006,603.00
ita,2007,581.00
ita,2008,566.00
ita,2009,555.00
ita,2010,544.00
ita,2011,531.00
ita,2012,513.00
ita,2013,497.00
ita,2014,482.00
ita,2015,471.00
ita,2016,464.00
ita,2017,454.00
ita,2018,437.00
ita,2019,415.00
ita,2020,394.00
ita,2021,381.00
ita,2022,379.00
ita,2023,386.00
ita,2024,398.00
jam,1991,245.00
jam,1992,241.00
jam,1993,238.00
jam,1994,236.00
jam,1995,232.00
jam,1996,228.00
jam,1997,225.00
jam,1998,222.00
jam,1999,218.00
jam,2000,213.00
jam,2001,210.00
jam,2002,206.00
jam,2003,204.00
jam,2004,200.00
jam,2005,198.00
jam,2006,196.00
jam,2007,193.00
jam,2008,189.00
jam,2009,185.00
jam,2010,180.00
jam,2011,176.00
jam,2012,171.00
jam,2013,167.00
jam,2014,162.00
jam,2015,159.00
jam,2016,155.00
jam,2017,152.00
jam,2018,149.00
jam,2019,146.00
jam,2020,143.00
jam,2021,139.00
jam,2022,138.00
jam,2023,133.00
jam,2024,130.00
jor,1991,488.00
jor,1992,496.00
jor,1993,502.00
jor,1994,507.00
jor,1995,511.00
jor,1996,513.00
jor,1997,516.00
jor,1998,522.00
jor,1999,526.00
jor,2000,531.00
jor,2001,536.00
jor,2002,538.00
jor,2003,537.00
jor,2004,533.00
jor,2005,527.00
jor,2006,518.00
jor,2007,528.00
jor,2008,536.00
jor,2009,524.00
jor,2010,514.00
jor,2011,504.00
jor,2012,498.00
jor,2013,487.00
jor,2014,493.00
jor,2015,515.00
jor,2016,510.00
jor,2017,472.00
jor,2018,411.00
jor,2019,350.00
jor,2020,293.00
jor,2021,246.00
jor,2022,211.00
jor,2023,185.00
jor,2024,166.00
jpn,1991,2612.0
jpn,1992,2494.0
jpn,1993,2382.0
jpn,1994,2268.0
jpn,1995,2149.0
jpn,1996,2423.0
jpn,1997,1911.0
jpn,1998,1801.0
jpn,1999,1695.0
jpn,2000,1596.0
jpn,2001,1504.0
jpn,2002,1422.0
jpn,2003,1351.0
jpn,2004,1291.0
jpn,2005,1241.0
jpn,2006,1200.0
jpn,2007,1164.0
jpn,2008,1132.0
jpn,2009,1104.0
jpn,2010,1077.0
jpn,2011,1050.0
jpn,2012,2251.0
jpn,2013,1004.0
jpn,2014,978.00
jpn,2015,951.00
jpn,2016,921.00
jpn,2017,893.00
jpn,2018,869.00
jpn,2019,848.00
jpn,2020,830.00
jpn,2021,818.00
jpn,2022,805.00
jpn,2023,796.00
jpn,2024,785.00
kaz,1991,1975.0
kaz,1992,2030.0
kaz,1993,2065.0
kaz,1994,2068.0
kaz,1995,2028.0
kaz,1996,1956.0
kaz,1997,1871.0
kaz,1998,1771.0
kaz,1999,1666.0
kaz,2000,1576.0
kaz,2001,1508.0
kaz,2002,1440.0
kaz,2003,1376.0
kaz,2004,1318.0
kaz,2005,1269.0
kaz,2006,1225.0
kaz,2007,1179.0
kaz,2008,1129.0
kaz,2009,1076.0
kaz,2010,1025.0
kaz,2011,981.00
kaz,2012,948.00
kaz,2013,929.00
kaz,2014,924.00
kaz,2015,924.00
kaz,2016,928.00
kaz,2017,935.00
kaz,2018,946.00
kaz,2019,951.00
kaz,2020,956.00
kaz,2021,965.00
kaz,2022,978.00
kaz,2023,993.00
kaz,2024,1008.0
ken,1991,11410
ken,1992,12046
ken,1993,12652
ken,1994,13210
ken,1995,13690
ken,1996,14072
ken,1997,14320
ken,1998,14438
ken,1999,14459
ken,2000,14353
ken,2001,14152
ken,2002,13895
ken,2003,13565
ken,2004,13182
ken,2005,12816
ken,2006,12487
ken,2007,12197
ken,2008,11972
ken,2009,11790
ken,2010,11635
ken,2011,11484
ken,2012,11325
ken,2013,11128
ken,2014,10879
ken,2015,10580
ken,2016,10167
ken,2017,9683.0
ken,2018,9156.0
ken,2019,8604.0
ken,2020,8018.0
ken,2021,7507.0
ken,2022,7048.0
ken,2023,6642.0
ken,2024,6311.0
kgz,1991,583.00
kgz,1992,585.00
kgz,1993,589.00
kgz,1994,598.00
kgz,1995,609.00
kgz,1996,616.00
kgz,1997,617.00
kgz,1998,612.00
kgz,1999,596.00
kgz,2000,577.00
kgz,2001,553.00
kgz,2002,525.00
kgz,2003,494.00
kgz,2004,463.00
kgz,2005,436.00
kgz,2006,414.00
kgz,2007,394.00
kgz,2008,377.00
kgz,2009,363.00
kgz,2010,352.00
kgz,2011,345.00
kgz,2012,341.00
kgz,2013,343.00
kgz,2014,347.00
kgz,2015,352.00
kgz,2016,362.00
kgz,2017,372.00
kgz,2018,380.00
kgz,2019,386.00
kgz,2020,391.00
kgz,2021,401.00
kgz,2022,414.00
kgz,2023,424.00
kgz,2024,434.00
khm,1991,6433.0
khm,1992,6521.0
khm,1993,6633.0
khm,1994,6719.0
khm,1995,6919.0
khm,1996,7172.0
khm,1997,7321.0
khm,1998,7370.0
khm,1999,7171.0
khm,2000,6764.0
khm,2001,6325.0
khm,2002,5853.0
khm,2003,5352.0
khm,2004,4851.0
khm,2005,4373.0
khm,2006,3935.0
khm,2007,3545.0
khm,2008,3205.0
khm,2009,2903.0
khm,2010,2635.0
khm,2011,2410.0
khm,2012,2216.0
khm,2013,2061.0
khm,2014,1936.0
khm,2015,1838.0
khm,2016,1760.0
khm,2017,1699.0
khm,2018,1644.0
khm,2019,1592.0
khm,2020,1537.0
khm,2021,1492.0
khm,2022,1445.0
khm,2023,1409.0
khm,2024,1370.0
kir,1991,29.000
kir,1992,29.000
kir,1993,29.000
kir,1994,29.000
kir,1995,28.000
kir,1996,27.000
kir,1997,28.000
kir,1998,28.000
kir,1999,28.000
kir,2000,28.000
kir,2001,28.000
kir,2002,28.000
kir,2003,27.000
kir,2004,27.000
kir,2005,28.000
kir,2006,28.000
kir,2007,28.000
kir,2008,27.000
kir,2009,27.000
kir,2010,27.000
kir,2011,27.000
kir,2012,27.000
kir,2013,27.000
kir,2014,27.000
kir,2015,28.000
kir,2016,28.000
kir,2017,29.000
kir,2018,30.000
kir,2019,30.000
kir,2020,30.000
kir,2021,30.000
kir,2022,31.000
kir,2023,31.000
kir,2024,31.000
kna,1991,4.0000
kna,1992,4.0000
kna,1993,4.0000
kna,1994,4.0000
kna,1995,4.0000
kna,1996,4.0000
kna,1997,4.0000
kna,1998,4.0000
kna,1999,4.0000
kna,2000,4.0000
kna,2001,4.0000
kna,2002,4.0000
kna,2003,4.0000
kna,2004,4.0000
kna,2005,4.0000
kna,2006,4.0000
kna,2007,4.0000
kna,2008,4.0000
kna,2009,4.0000
kna,2010,3.0000
kna,2011,3.0000
kna,2012,3.0000
kna,2013,3.0000
kna,2014,3.0000
kna,2015,3.0000
kna,2016,2.0000
kna,2017,2.0000
kna,2018,2.0000
kna,2019,2.0000
kna,2020,1.0000
kna,2021,2.0000
kna,2022,2.0000
kna,2023,1.0000
kna,2024,1.0000
kor,1991,3575.0
kor,1992,3330.0
kor,1993,3090.0
kor,1994,2859.0
kor,1995,2625.0
kor,1996,2388.0
kor,1997,2165.0
kor,1998,1967.0
kor,1999,1794.0
kor,2000,1643.0
kor,2001,1521.0
kor,2002,1414.0
kor,2003,1319.0
kor,2004,1231.0
kor,2005,1148.0
kor,2006,1071.0
kor,2007,995.00
kor,2008,913.00
kor,2009,832.00
kor,2010,754.00
kor,2011,680.00
kor,2012,613.00
kor,2013,553.00
kor,2014,504.00
kor,2015,463.00
kor,2016,429.00
kor,2017,402.00
kor,2018,388.00
kor,2019,379.00
kor,2020,372.00
kor,2021,372.00
kor,2022,373.00
kor,2023,370.00
kor,2024,363.00
kwt,1991,218.00
kwt,1992,134.00
kwt,1993,153.00
kwt,1994,140.00
kwt,1995,121.00
kwt,1996,112.00
kwt,1997,108.00
kwt,1998,106.00
kwt,1999,103.00
kwt,2000,101.00
kwt,2001,100.00
kwt,2002,98.000
kwt,2003,98.000
kwt,2004,97.000
kwt,2005,97.000
kwt,2006,97.000
kwt,2007,97.000
kwt,2008,98.000
kwt,2009,98.000
kwt,2010,95.000
kwt,2011,94.000
kwt,2012,92.000
kwt,2013,92.000
kwt,2014,94.000
kwt,2015,95.000
kwt,2016,99.000
kwt,2017,106.00
kwt,2018,112.00
kwt,2019,116.00
kwt,2020,118.00
kwt,2021,117.00
kwt,2022,110.00
kwt,2023,109.00
kwt,2024,111.00
lao,1991,4860.0
lao,1992,4733.0
lao,1993,4599.0
lao,1994,4480.0
lao,1995,4358.0
lao,1996,4241.0
lao,1997,4130.0
lao,1998,4032.0
lao,1999,3927.0
lao,2000,3814.0
lao,2001,3691.0
lao,2002,3550.0
lao,2003,3405.0
lao,2004,3251.0
lao,2005,3090.0
lao,2006,2919.0
lao,2007,2729.0
lao,2008,2533.0
lao,2009,2346.0
lao,2010,2171.0
lao,2011,2005.0
lao,2012,1854.0
lao,2013,1713.0
lao,2014,1585.0
lao,2015,1467.0
lao,2016,1361.0
lao,2017,1270.0
lao,2018,1195.0
lao,2019,1137.0
lao,2020,1092.0
lao,2021,1053.0
lao,2022,1019.0
lao,2023,988.00
lao,2024,958.00
lbn,1991,533.00
lbn,1992,520.00
lbn,1993,507.00
lbn,1994,495.00
lbn,1995,482.00
lbn,1996,471.00
lbn,1997,458.00
lbn,1998,444.00
lbn,1999,429.00
lbn,2000,412.00
lbn,2001,393.00
lbn,2002,374.00
lbn,2003,354.00
lbn,2004,334.00
lbn,2005,317.00
lbn,2006,301.00
lbn,2007,287.00
lbn,2008,277.00
lbn,2009,268.00
lbn,2010,260.00
lbn,2011,254.00
lbn,2012,250.00
lbn,2013,251.00
lbn,2014,271.00
lbn,2015,297.00
lbn,2016,306.00
lbn,2017,313.00
lbn,2018,325.00
lbn,2019,340.00
lbn,2020,357.00
lbn,2021,376.00
lbn,2022,395.00
lbn,2023,413.00
lbn,2024,428.00
lbr,1991,1888.0
lbr,1992,1674.0
lbr,1993,1776.0
lbr,1994,2106.0
lbr,1995,2243.0
lbr,1996,2049.0
lbr,1997,2151.0
lbr,1998,1954.0
lbr,1999,2105.0
lbr,2000,2151.0
lbr,2001,2152.0
lbr,2002,2132.0
lbr,2003,2108.0
lbr,2004,2328.0
lbr,2005,1997.0
lbr,2006,2014.0
lbr,2007,2050.0
lbr,2008,2076.0
lbr,2009,2083.0
lbr,2010,2078.0
lbr,2011,2084.0
lbr,2012,2105.0
lbr,2013,2139.0
lbr,2014,2169.0
lbr,2015,2546.0
lbr,2016,2656.0
lbr,2017,2274.0
lbr,2018,2307.0
lbr,2019,2338.0
lbr,2020,2354.0
lbr,2021,2347.0
lbr,2022,2331.0
lbr,2023,2298.0
lbr,2024,2262.0
lby,1991,937.00
lby,1992,905.00
lby,1993,869.00
lby,1994,828.00
lby,1995,780.00
lby,1996,734.00
lby,1997,686.00
lby,1998,642.00
lby,1999,604.00
lby,2000,571.00
lby,2001,544.00
lby,2002,526.00
lby,2003,510.00
lby,2004,498.00
lby,2005,489.00
lby,2006,480.00
lby,2007,468.00
lby,2008,454.00
lby,2009,442.00
lby,2010,433.00
lby,2011,426.00
lby,2012,646.00
lby,2013,407.00
lby,2014,402.00
lby,2015,467.00
lby,2016,471.00
lby,2017,470.00
lby,2018,435.00
lby,2019,376.00
lby,2020,443.00
lby,2021,413.00
lby,2022,352.00
lby,2023,343.00
lby,2024,3332.0
lca,1991,13.000
lca,1992,13.000
lca,1993,13.000
lca,1994,13.000
lca,1995,13.000
lca,1996,14.000
lca,1997,14.000
lca,1998,14.000
lca,1999,14.000
lca,2000,13.000
lca,2001,13.000
lca,2002,13.000
lca,2003,13.000
lca,2004,13.000
lca,2005,11.000
lca,2006,11.000
lca,2007,10.000
lca,2008,10.000
lca,2009,10.000
lca,2010,10.000
lca,2011,10.000
lca,2012,10.000
lca,2013,8.0000
lca,2014,7.0000
lca,2015,7.0000
lca,2016,6.0000
lca,2017,6.0000
lca,2018,6.0000
lca,2019,6.0000
lca,2020,6.0000
lca,2021,6.0000
lca,2022,6.0000
lca,2023,6.0000
lca,2024,6.0000
lka,1991,2425.0
lka,1992,2299.0
lka,1993,2175.0
lka,1994,2056.0
lka,1995,1947.0
lka,1996,1866.0
lka,1997,1811.0
lka,1998,1764.0
lka,1999,1718.0
lka,2000,1661.0
lka,2001,1593.0
lka,2002,1510.0
lka,2003,1420.0
lka,2004,1339.0
lka,2005,6629.0
lka,2006,1232.0
lka,2007,1215.0
lka,2008,1217.0
lka,2009,1223.0
lka,2010,2786.0
lka,2011,1203.0
lka,2012,1138.0
lka,2013,1046.0
lka,2014,942.00
lka,2015,843.00
lka,2016,758.00
lka,2017,691.00
lka,2018,639.00
lka,2019,597.00
lka,2020,563.00
lka,2021,534.00
lka,2022,508.00
lka,2023,483.00
lka,2024,461.00
lso,1991,789.00
lso,1992,794.00
lso,1993,799.00
lso,1994,802.00
lso,1995,801.00
lso,1996,795.00
lso,1997,789.00
lso,1998,775.00
lso,1999,755.00
lso,2000,733.00
lso,2001,709.00
lso,2002,686.00
lso,2003,660.00
lso,2004,632.00
lso,2005,607.00
lso,2006,580.00
lso,2007,558.00
lso,2008,544.00
lso,2009,534.00
lso,2010,525.00
lso,2011,517.00
lso,2012,506.00
lso,2013,499.00
lso,2014,493.00
lso,2015,489.00
lso,2016,486.00
lso,2017,482.00
lso,2018,479.00
lso,2019,476.00
lso,2020,471.00
lso,2021,465.00
lso,2022,461.00
lso,2023,455.00
lso,2024,446.00
ltu,1991,236.00
ltu,1992,234.00
ltu,1993,229.00
ltu,1994,221.00
ltu,1995,213.00
ltu,1996,203.00
ltu,1997,192.00
ltu,1998,184.00
ltu,1999,172.00
ltu,2000,163.00
ltu,2001,151.00
ltu,2002,140.00
ltu,2003,131.00
ltu,2004,120.00
ltu,2005,113.00
ltu,2006,105.00
ltu,2007,97.000
ltu,2008,89.000
ltu,2009,80.000
ltu,2010,73.000
ltu,2011,68.000
ltu,2012,62.000
ltu,2013,58.000
ltu,2014,53.000
ltu,2015,51.000
ltu,2016,47.000
ltu,2017,43.000
ltu,2018,42.000
ltu,2019,40.000
ltu,2020,38.000
ltu,2021,37.000
ltu,2022,35.000
ltu,2023,34.000
ltu,2024,34.000
lux,1991,7.0000
lux,1992,7.0000
lux,1993,6.0000
lux,1994,6.0000
lux,1995,6.0000
lux,1996,6.0000
lux,1997,5.0000
lux,1998,5.0000
lux,1999,5.0000
lux,2000,5.0000
lux,2001,4.0000
lux,2002,4.0000
lux,2003,4.0000
lux,2004,4.0000
lux,2005,4.0000
lux,2006,4.0000
lux,2007,4.0000
lux,2008,4.0000
lux,2009,4.0000
lux,2010,4.0000
lux,2011,4.0000
lux,2012,4.0000
lux,2013,4.0000
lux,2014,4.0000
lux,2015,4.0000
lux,2016,4.0000
lux,2017,4.0000
lux,2018,4.0000
lux,2019,4.0000
lux,2020,4.0000
lux,2021,4.0000
lux,2022,4.0000
lux,2023,4.0000
lux,2024,4.0000
lva,1991,199.00
lva,1992,199.00
lva,1993,197.00
lva,1994,188.00
lva,1995,180.00
lva,1996,170.00
lva,1997,160.00
lva,1998,149.00
lva,1999,138.00
lva,2000,126.00
lva,2001,113.00
lva,2002,104.00
lva,2003,92.000
lva,2004,83.000
lva,2005,74.000
lva,2006,68.000
lva,2007,60.000
lva,2008,55.000
lva,2009,51.000
lva,2010,46.000
lva,2011,43.000
lva,2012,41.000
lva,2013,38.000
lva,2014,36.000
lva,2015,35.000
lva,2016,32.000
lva,2017,30.000
lva,2018,28.000
lva,2019,26.000
lva,2020,26.000
lva,2021,24.000
lva,2022,22.000
lva,2023,21.000
lva,2024,21.000
mar,1991,5961.0
mar,1992,5713.0
mar,1993,5458.0
mar,1994,5201.0
mar,1995,4942.0
mar,1996,4688.0
mar,1997,4451.0
mar,1998,4229.0
mar,1999,4013.0
mar,2000,3811.0
mar,2001,3622.0
mar,2002,3437.0
mar,2003,3261.0
mar,2004,3093.0
mar,2005,2930.0
mar,2006,2773.0
mar,2007,2627.0
mar,2008,2491.0
mar,2009,2362.0
mar,2010,2245.0
mar,2011,2144.0
mar,2012,2061.0
mar,2013,1993.0
mar,2014,1934.0
mar,2015,1885.0
mar,2016,1844.0
mar,2017,1804.0
mar,2018,1764.0
mar,2019,1720.0
mar,2020,1678.0
mar,2021,1632.0
mar,2022,1581.0
mar,2023,1533.0
mar,2024,1893.0
mco,1991,0.0000
mco,1992,0.0000
mco,1993,0.0000
mco,1994,0.0000
mco,1995,0.0000
mco,1996,0.0000
mco,1997,0.0000
mco,1998,0.0000
mco,1999,0.0000
mco,2000,0.0000
mco,2001,0.0000
mco,2002,0.0000
mco,2003,0.0000
mco,2004,0.0000
mco,2005,0.0000
mco,2006,0.0000
mco,2007,0.0000
mco,2008,0.0000
mco,2009,0.0000
mco,2010,0.0000
mco,2011,0.0000
mco,2012,0.0000
mco,2013,0.0000
mco,2014,0.0000
mco,2015,0.0000
mco,2016,0.0000
mco,2017,0.0000
mco,2018,0.0000
mco,2019,0.0000
mco,2020,0.0000
mco,2021,0.0000
mco,2022,0.0000
mco,2023,0.0000
mco,2024,0.0000
mda,1991,434.00
mda,1992,440.00
mda,1993,444.00
mda,1994,443.00
mda,1995,437.00
mda,1996,425.00
mda,1997,410.00
mda,1998,390.00
mda,1999,367.00
mda,2000,343.00
mda,2001,315.00
mda,2002,287.00
mda,2003,257.00
mda,2004,230.00
mda,2005,206.00
mda,2006,185.00
mda,2007,168.00
mda,2008,154.00
mda,2009,142.00
mda,2010,131.00
mda,2011,122.00
mda,2012,115.00
mda,2013,108.00
mda,2014,104.00
mda,2015,101.00
mda,2016,100.00
mda,2017,100.00
mda,2018,100.00
mda,2019,98.000
mda,2020,98.000
mda,2021,98.000
mda,2022,97.000
mda,2023,96.000
mda,2024,95.000
mdg,1991,12461
mdg,1992,12107
mdg,1993,11760
mdg,1994,11462
mdg,1995,11257
mdg,1996,11138
mdg,1997,11078
mdg,1998,11067
mdg,1999,11080
mdg,2000,11125
mdg,2001,11160
mdg,2002,11197
mdg,2003,11206
mdg,2004,11203
mdg,2005,11165
mdg,2006,11095
mdg,2007,10987
mdg,2008,10849
mdg,2009,10717
mdg,2010,10574
mdg,2011,10464
mdg,2012,10399
mdg,2013,10396
mdg,2014,10477
mdg,2015,10657
mdg,2016,10943
mdg,2017,11315
mdg,2018,11783
mdg,2019,12294
mdg,2020,12829
mdg,2021,13334
mdg,2022,13764
mdg,2023,14073
mdg,2024,14269
mdv,1991,60.000
mdv,1992,59.000
mdv,1993,59.000
mdv,1994,57.000
mdv,1995,56.000
mdv,1996,54.000
mdv,1997,52.000
mdv,1998,50.000
mdv,1999,48.000
mdv,2000,46.000
mdv,2001,43.000
mdv,2002,40.000
mdv,2003,38.000
mdv,2004,37.000
mdv,2005,58.000
mdv,2006,32.000
mdv,2007,30.000
mdv,2008,28.000
mdv,2009,26.000
mdv,2010,24.000
mdv,2011,23.000
mdv,2012,21.000
mdv,2013,19.000
mdv,2014,18.000
mdv,2015,17.000
mdv,2016,17.000
mdv,2017,16.000
mdv,2018,15.000
mdv,2019,15.000
mdv,2020,14.000
mdv,2021,13.000
mdv,2022,13.000
mdv,2023,13.000
mdv,2024,12.000
mex,1991,10978
mex,1992,10068
mex,1993,9327.0
mex,1994,8772.0
mex,1995,8374.0
mex,1996,8114.0
mex,1997,7942.0
mex,1998,7801.0
mex,1999,7659.0
mex,2000,7511.0
mex,2001,7351.0
mex,2002,7184.0
mex,2003,7032.0
mex,2004,6911.0
mex,2005,6822.0
mex,2006,6760.0
mex,2007,6719.0
mex,2008,6693.0
mex,2009,6665.0
mex,2010,6607.0
mex,2011,6511.0
mex,2012,6381.0
mex,2013,6238.0
mex,2014,6093.0
mex,2015,5956.0
mex,2016,5838.0
mex,2017,5739.0
mex,2018,5663.0
mex,2019,5610.0
mex,2020,6228.0
mex,2021,6457.0
mex,2022,6597.0
mex,2023,6401.0
mex,2024,5747.0
mhl,1991,12.000
mhl,1992,12.000
mhl,1993,12.000
mhl,1994,12.000
mhl,1995,12.000
mhl,1996,12.000
mhl,1997,12.000
mhl,1998,12.000
mhl,1999,12.000
mhl,2000,11.000
mhl,2001,11.000
mhl,2002,11.000
mhl,2003,11.000
mhl,2004,10.000
mhl,2005,11.000
mhl,2006,11.000
mhl,2007,11.000
mhl,2008,11.000
mhl,2009,11.000
mhl,2010,11.000
mhl,2011,10.000
mhl,2012,9.0000
mhl,2013,9.0000
mhl,2014,9.0000
mhl,2015,8.0000
mhl,2016,8.0000
mhl,2017,8.0000
mhl,2018,8.0000
mhl,2019,7.0000
mhl,2020,7.0000
mhl,2021,6.0000
mhl,2022,6.0000
mhl,2023,6.0000
mhl,2024,6.0000
mkd,1991,125.00
mkd,1992,121.00
mkd,1993,114.00
mkd,1994,109.00
mkd,1995,104.00
mkd,1996,101.00
mkd,1997,97.000
mkd,1998,96.000
mkd,1999,92.000
mkd,2000,87.000
mkd,2001,82.000
mkd,2002,76.000
mkd,2003,71.000
mkd,2004,67.000
mkd,2005,63.000
mkd,2006,58.000
mkd,2007,54.000
mkd,2008,52.000
mkd,2009,48.000
mkd,2010,46.000
mkd,2011,44.000
mkd,2012,42.000
mkd,2013,39.000
mkd,2014,39.000
mkd,2015,37.000
mkd,2016,36.000
mkd,2017,33.000
mkd,2018,33.000
mkd,2019,31.000
mkd,2020,31.000
mkd,2021,31.000
mkd,2022,29.000
mkd,2023,27.000
mkd,2024,27.000
mli,1991,10657
mli,1992,10686
mli,1993,10705
mli,1994,10723
mli,1995,10730
mli,1996,10718
mli,1997,10708
mli,1998,10694
mli,1999,10677
mli,2000,10671
mli,2001,10660
mli,2002,10647
mli,2003,10647
mli,2004,10678
mli,2005,10753
mli,2006,10869
mli,2007,11009
mli,2008,11162
mli,2009,11337
mli,2010,11542
mli,2011,11768
mli,2012,12018
mli,2013,12262
mli,2014,12495
mli,2015,12734
mli,2016,12951
mli,2017,13145
mli,2018,13342
mli,2019,13492
mli,2020,13607
mli,2021,13678
mli,2022,13714
mli,2023,13718
mli,2024,13720
mlt,1991,8.0000
mlt,1992,8.0000
mlt,1993,8.0000
mlt,1994,8.0000
mlt,1995,8.0000
mlt,1996,8.0000
mlt,1997,8.0000
mlt,1998,8.0000
mlt,1999,7.0000
mlt,2000,7.0000
mlt,2001,7.0000
mlt,2002,7.0000
mlt,2003,7.0000
mlt,2004,6.0000
mlt,2005,6.0000
mlt,2006,6.0000
mlt,2007,5.0000
mlt,2008,5.0000
mlt,2009,5.0000
mlt,2010,5.0000
mlt,2011,5.0000
mlt,2012,5.0000
mlt,2013,5.0000
mlt,2014,4.0000
mlt,2015,4.0000
mlt,2016,4.0000
mlt,2017,4.0000
mlt,2018,4.0000
mlt,2019,4.0000
mlt,2020,4.0000
mlt,2021,4.0000
mlt,2022,4.0000
mlt,2023,4.0000
mlt,2024,4.0000
mmr,1991,28077
mmr,1992,27700
mmr,1993,27155
mmr,1994,26291
mmr,1995,25367
mmr,1996,24350
mmr,1997,23427
mmr,1998,22472
mmr,1999,21556
mmr,2000,20590
mmr,2001,19611
mmr,2002,18642
mmr,2003,17651
mmr,2004,16688
mmr,2005,15707
mmr,2006,14632
mmr,2007,13573
mmr,2008,12472
mmr,2009,43496
mmr,2010,10247
mmr,2011,9173.0
mmr,2012,8151.0
mmr,2013,7207.0
mmr,2014,6342.0
mmr,2015,5675.0
mmr,2016,5176.0
mmr,2017,4798.0
mmr,2018,4490.0
mmr,2019,4223.0
mmr,2020,4019.0
mmr,2021,3851.0
mmr,2022,3705.0
mmr,2023,3571.0
mmr,2024,3453.0
mne,1991,27.000
mne,1992,27.000
mne,1993,26.000
mne,1994,25.000
mne,1995,25.000
mne,1996,24.000
mne,1997,23.000
mne,1998,21.000
mne,1999,21.000
mne,2000,19.000
mne,2001,19.000
mne,2002,19.000
mne,2003,17.000
mne,2004,15.000
mne,2005,15.000
mne,2006,15.000
mne,2007,15.000
mne,2008,14.000
mne,2009,12.000
mne,2010,12.000
mne,2011,11.000
mne,2012,11.000
mne,2013,10.000
mne,2014,10.000
mne,2015,10.000
mne,2016,10.000
mne,2017,9.0000
mne,2018,9.0000
mne,2019,9.0000
mne,2020,9.0000
mne,2021,9.0000
mne,2022,8.0000
mne,2023,8.0000
mne,2024,8.0000
mng,1991,643.00
mng,1992,655.00
mng,1993,667.00
mng,1994,672.00
mng,1995,665.00
mng,1996,645.00
mng,1997,612.00
mng,1998,568.00
mng,1999,520.00
mng,2000,467.00
mng,2001,415.00
mng,2002,367.00
mng,2003,324.00
mng,2004,290.00
mng,2005,264.00
mng,2006,244.00
mng,2007,232.00
mng,2008,222.00
mng,2009,218.00
mng,2010,216.00
mng,2011,215.00
mng,2012,216.00
mng,2013,219.00
mng,2014,223.00
mng,2015,228.00
mng,2016,235.00
mng,2017,241.00
mng,2018,245.00
mng,2019,251.00
mng,2020,255.00
mng,2021,258.00
mng,2022,259.00
mng,2023,256.00
mng,2024,249.00
moz,1991,22867
moz,1992,21963
moz,1993,21111
moz,1994,20530
moz,1995,20640
moz,1996,20554
moz,1997,19894
moz,1998,19167
moz,1999,18408
moz,2000,17688
moz,2001,17017
moz,2002,16368
moz,2003,15765
moz,2004,15204
moz,2005,14677
moz,2006,14170
moz,2007,13665
moz,2008,13158
moz,2009,12651
moz,2010,12157
moz,2011,11694
moz,2012,11246
moz,2013,10845
moz,2014,10498
moz,2015,10204
moz,2016,9935.0
moz,2017,9681.0
moz,2018,9432.0
moz,2019,9166.0
moz,2020,8906.0
moz,2021,8646.0
moz,2022,8433.0
moz,2023,8238.0
moz,2024,8086.0
mrt,1991,1120.0
mrt,1992,1116.0
mrt,1993,1111.0
mrt,1994,1110.0
mrt,1995,1109.0
mrt,1996,1105.0
mrt,1997,1100.0
mrt,1998,1098.0
mrt,1999,1099.0
mrt,2000,1102.0
mrt,2001,1109.0
mrt,2002,1109.0
mrt,2003,1108.0
mrt,2004,1101.0
mrt,2005,1089.0
mrt,2006,1075.0
mrt,2007,1063.0
mrt,2008,1051.0
mrt,2009,1039.0
mrt,2010,1025.0
mrt,2011,1015.0
mrt,2012,1009.0
mrt,2013,1007.0
mrt,2014,1002.0
mrt,2015,999.00
mrt,2016,996.00
mrt,2017,993.00
mrt,2018,991.00
mrt,2019,986.00
mrt,2020,981.00
mrt,2021,974.00
mrt,2022,967.00
mrt,2023,960.00
mrt,2024,952.00
msr,1991,0.0000
msr,1992,0.0000
msr,1993,0.0000
msr,1994,0.0000
msr,1995,0.0000
msr,1996,0.0000
msr,1997,0.0000
msr,1998,0.0000
msr,1999,0.0000
msr,2000,0.0000
msr,2001,0.0000
msr,2002,0.0000
msr,2003,0.0000
msr,2004,0.0000
msr,2005,0.0000
msr,2006,0.0000
msr,2007,0.0000
msr,2008,0.0000
msr,2009,0.0000
msr,2010,0.0000
msr,2011,0.0000
msr,2012,0.0000
msr,2013,0.0000
msr,2014,0.0000
msr,2015,0.0000
msr,2016,0.0000
msr,2017,0.0000
msr,2018,0.0000
msr,2019,0.0000
msr,2020,0.0000
msr,2021,0.0000
msr,2022,0.0000
msr,2023,0.0000
msr,2024,0.0000
mus,1991,77.000
mus,1992,75.000
mus,1993,72.000
mus,1994,70.000
mus,1995,67.000
mus,1996,65.000
mus,1997,63.000
mus,1998,62.000
mus,1999,61.000
mus,2000,61.000
mus,2001,59.000
mus,2002,58.000
mus,2003,57.000
mus,2004,55.000
mus,2005,53.000
mus,2006,51.000
mus,2007,50.000
mus,2008,48.000
mus,2009,46.000
mus,2010,43.000
mus,2011,43.000
mus,2012,41.000
mus,2013,39.000
mus,2014,38.000
mus,2015,37.000
mus,2016,35.000
mus,2017,35.000
mus,2018,32.000
mus,2019,31.000
mus,2020,30.000
mus,2021,28.000
mus,2022,27.000
mus,2023,26.000
mus,2024,24.000
mwi,1991,10131
mwi,1992,10028
mwi,1993,9916.0
mwi,1994,9684.0
mwi,1995,9223.0
mwi,1996,8862.0
mwi,1997,8690.0
mwi,1998,8525.0
mwi,1999,8364.0
mwi,2000,8197.0
mwi,2001,8033.0
mwi,2002,7867.0
mwi,2003,7714.0
mwi,2004,7581.0
mwi,2005,7463.0
mwi,2006,7357.0
mwi,2007,7272.0
mwi,2008,7209.0
mwi,2009,7178.0
mwi,2010,7175.0
mwi,2011,7194.0
mwi,2012,7215.0
mwi,2013,7229.0
mwi,2014,7239.0
mwi,2015,7232.0
mwi,2016,7207.0
mwi,2017,7169.0
mwi,2018,7102.0
mwi,2019,7025.0
mwi,2020,6919.0
mwi,2021,6795.0
mwi,2022,6657.0
mwi,2023,6513.0
mwi,2024,6370.0
mys,1991,2111.0
mys,1992,2065.0
mys,1993,2012.0
mys,1994,1955.0
mys,1995,1909.0
mys,1996,1876.0
mys,1997,1851.0
mys,1998,1829.0
mys,1999,1802.0
mys,2000,1770.0
mys,2001,1740.0
mys,2002,1717.0
mys,2003,1697.0
mys,2004,1678.0
mys,2005,1657.0
mys,2006,1631.0
mys,2007,1598.0
mys,2008,1564.0
mys,2009,1528.0
mys,2010,1494.0
mys,2011,1469.0
mys,2012,1458.0
mys,2013,1456.0
mys,2014,1462.0
mys,2015,1466.0
mys,2016,1463.0
mys,2017,1445.0
mys,2018,1403.0
mys,2019,1323.0
mys,2020,1217.0
mys,2021,1097.0
mys,2022,979.00
mys,2023,875.00
mys,2024,792.00
nam,1991,514.00
nam,1992,509.00
nam,1993,510.00
nam,1994,515.00
nam,1995,527.00
nam,1996,548.00
nam,1997,572.00
nam,1998,598.00
nam,1999,627.00
nam,2000,654.00
nam,2001,679.00
nam,2002,697.00
nam,2003,713.00
nam,2004,722.00
nam,2005,727.00
nam,2006,727.00
nam,2007,719.00
nam,2008,708.00
nam,2009,692.00
nam,2010,678.00
nam,2011,666.00
nam,2012,655.00
nam,2013,651.00
nam,2014,647.00
nam,2015,641.00
nam,2016,632.00
nam,2017,623.00
nam,2018,610.00
nam,2019,593.00
nam,2020,575.00
nam,2021,555.00
nam,2022,532.00
nam,2023,509.00
nam,2024,488.00
ner,1991,15211
ner,1992,15360
ner,1993,15494
ner,1994,15619
ner,1995,15723
ner,1996,15835
ner,1997,15947
ner,1998,16066
ner,1999,16199
ner,2000,16333
ner,2001,16483
ner,2002,16660
ner,2003,16868
ner,2004,17102
ner,2005,17370
ner,2006,17666
ner,2007,17974
ner,2008,18307
ner,2009,18666
ner,2010,19042
ner,2011,19430
ner,2012,19835
ner,2013,20242
ner,2014,20656
ner,2015,21082
ner,2016,21499
ner,2017,21881
ner,2018,22251
ner,2019,22597
ner,2020,22918
ner,2021,23193
ner,2022,23419
ner,2023,23558
ner,2024,23624
nga,1991,104680
nga,1992,105160
nga,1993,105430
nga,1994,105470
nga,1995,105530
nga,1996,105640
nga,1997,105640
nga,1998,105580
nga,1999,105430
nga,2000,105360
nga,2001,105380
nga,2002,105580
nga,2003,105800
nga,2004,106090
nga,2005,106590
nga,2006,107330
nga,2007,108300
nga,2008,109250
nga,2009,110360
nga,2010,111500
nga,2011,112440
nga,2012,113500
nga,2013,114560
nga,2014,115790
nga,2015,116820
nga,2016,117730
nga,2017,118560
nga,2018,119200
nga,2019,119460
nga,2020,119380
nga,2021,118760
nga,2022,117820
nga,2023,116370
nga,2024,114200
nic,1991,899.00
nic,1992,896.00
nic,1993,893.00
nic,1994,887.00
nic,1995,879.00
nic,1996,870.00
nic,1997,857.00
nic,1998,841.00
nic,1999,1845.0
nic,2000,805.00
nic,2001,785.00
nic,2002,763.00
nic,2003,741.00
nic,2004,719.00
nic,2005,696.00
nic,2006,675.00
nic,2007,656.00
nic,2008,639.00
nic,2009,620.00
nic,2010,600.00
nic,2011,583.00
nic,2012,565.00
nic,2013,551.00
nic,2014,534.00
nic,2015,521.00
nic,2016,508.00
nic,2017,496.00
nic,2018,485.00
nic,2019,472.00
nic,2020,463.00
nic,2021,451.00
nic,2022,438.00
nic,2023,428.00
nic,2024,418.00
niu,1991,0.0000
niu,1992,0.0000
niu,1993,0.0000
niu,1994,0.0000
niu,1995,0.0000
niu,1996,0.0000
niu,1997,0.0000
niu,1998,0.0000
niu,1999,0.0000
niu,2000,0.0000
niu,2001,0.0000
niu,2002,0.0000
niu,2003,0.0000
niu,2004,0.0000
niu,2005,0.0000
niu,2006,0.0000
niu,2007,0.0000
niu,2008,0.0000
niu,2009,0.0000
niu,2010,0.0000
niu,2011,0.0000
niu,2012,0.0000
niu,2013,0.0000
niu,2014,0.0000
niu,2015,0.0000
niu,2016,0.0000
niu,2017,0.0000
niu,2018,0.0000
niu,2019,0.0000
niu,2020,0.0000
niu,2021,0.0000
niu,2022,0.0000
niu,2023,0.0000
niu,2024,0.0000
nld,1991,330.00
nld,1992,324.00
nld,1993,320.00
nld,1994,315.00
nld,1995,308.00
nld,1996,302.00
nld,1997,296.00
nld,1998,291.00
nld,1999,287.00
nld,2000,281.00
nld,2001,276.00
nld,2002,269.00
nld,2003,260.00
nld,2004,251.00
nld,2005,242.00
nld,2006,231.00
nld,2007,221.00
nld,2008,210.00
nld,2009,201.00
nld,2010,194.00
nld,2011,186.00
nld,2012,181.00
nld,2013,174.00
nld,2014,169.00
nld,2015,164.00
nld,2016,159.00
nld,2017,156.00
nld,2018,152.00
nld,2019,149.00
nld,2020,149.00
nld,2021,147.00
nld,2022,147.00
nld,2023,146.00
nld,2024,146.00
nor,1991,96.000
nor,1992,91.000
nor,1993,89.000
nor,1994,86.000
nor,1995,86.000
nor,1996,85.000
nor,1997,84.000
nor,1998,80.000
nor,1999,80.000
nor,2000,80.000
nor,2001,78.000
nor,2002,76.000
nor,2003,74.000
nor,2004,72.000
nor,2005,70.000
nor,2006,68.000
nor,2007,65.000
nor,2008,62.000
nor,2009,62.000
nor,2010,58.000
nor,2011,57.000
nor,2012,55.000
nor,2013,53.000
nor,2014,53.000
nor,2015,51.000
nor,2016,50.000
nor,2017,49.000
nor,2018,48.000
nor,2019,47.000
nor,2020,46.000
nor,2021,47.000
nor,2022,46.000
nor,2023,45.000
nor,2024,44.000
npl,1991,13340
npl,1992,13008
npl,1993,12650
npl,1994,12264
npl,1995,11841
npl,1996,11379
npl,1997,10900
npl,1998,10401
npl,1999,9895.0
npl,2000,9397.0
npl,2001,8900.0
npl,2002,8409.0
npl,2003,7899.0
npl,2004,7402.0
npl,2005,6926.0
npl,2006,6486.0
npl,2007,6081.0
npl,2008,5702.0
npl,2009,5364.0
npl,2010,5045.0
npl,2011,4756.0
npl,2012,4494.0
npl,2013,4251.0
npl,2014,4030.0
npl,2015,3823.0
npl,2016,5340.0
npl,2017,3441.0
npl,2018,3275.0
npl,2019,3115.0
npl,2020,2975.0
npl,2021,2852.0
npl,2022,2740.0
npl,2023,2631.0
npl,2024,2526.0
nru,1991,3.0000
nru,1992,3.0000
nru,1993,3.0000
nru,1994,3.0000
nru,1995,3.0000
nru,1996,3.0000
nru,1997,3.0000
nru,1998,3.0000
nru,1999,3.0000
nru,2000,3.0000
nru,2001,2.0000
nru,2002,1.0000
nru,2003,1.0000
nru,2004,1.0000
nru,2005,1.0000
nru,2006,1.0000
nru,2007,1.0000
nru,2008,0.0000
nru,2009,0.0000
nru,2010,0.0000
nru,2011,0.0000
nru,2012,0.0000
nru,2013,0.0000
nru,2014,0.0000
nru,2015,0.0000
nru,2016,0.0000
nru,2017,0.0000
nru,2018,0.0000
nru,2019,0.0000
nru,2020,0.0000
nru,2021,0.0000
nru,2022,0.0000
nru,2023,0.0000
nru,2024,0.0000
nzl,1991,133.00
nzl,1992,129.00
nzl,1993,125.00
nzl,1994,122.00
nzl,1995,120.00
nzl,1996,119.00
nzl,1997,119.00
nzl,1998,116.00
nzl,1999,115.00
nzl,2000,113.00
nzl,2001,108.00
nzl,2002,106.00
nzl,2003,103.00
nzl,2004,100.00
nzl,2005,96.000
nzl,2006,91.000
nzl,2007,89.000
nzl,2008,84.000
nzl,2009,80.000
nzl,2010,79.000
nzl,2011,75.000
nzl,2012,73.000
nzl,2013,70.000
nzl,2014,69.000
nzl,2015,68.000
nzl,2016,67.000
nzl,2017,67.000
nzl,2018,69.000
nzl,2019,69.000
nzl,2020,68.000
nzl,2021,69.000
nzl,2022,69.000
nzl,2023,69.000
nzl,2024,67.000
omn,1991,352.00
omn,1992,336.00
omn,1993,321.00
omn,1994,304.00
omn,1995,287.00
omn,1996,271.00
omn,1997,256.00
omn,1998,241.00
omn,1999,228.00
omn,2000,214.00
omn,2001,201.00
omn,2002,189.00
omn,2003,179.00
omn,2004,168.00
omn,2005,160.00
omn,2006,151.00
omn,2007,144.00
omn,2008,158.00
omn,2009,132.00
omn,2010,129.00
omn,2011,127.00
omn,2012,125.00
omn,2013,125.00
omn,2014,129.00
omn,2015,134.00
omn,2016,139.00
omn,2017,144.00
omn,2018,151.00
omn,2019,155.00
omn,2020,164.00
omn,2021,177.00
omn,2022,187.00
omn,2023,195.00
omn,2024,203.00
pak,1991,43166
pak,1992,44915
pak,1993,46683
pak,1994,48190
pak,1995,49303
pak,1996,49910
pak,1997,50041
pak,1998,49816
pak,1999,49443
pak,2000,48982
pak,2001,48445
pak,2002,47805
pak,2003,47085
pak,2004,46532
pak,2005,46295
pak,2006,63462
pak,2007,46594
pak,2008,46955
pak,2009,47214
pak,2010,47359
pak,2011,47309
pak,2012,47200
pak,2013,47128
pak,2014,47131
pak,2015,47206
pak,2016,47215
pak,2017,47123
pak,2018,46888
pak,2019,46627
pak,2020,46332
pak,2021,45873
pak,2022,45221
pak,2023,44468
pak,2024,43619
pan,1991,279.00
pan,1992,278.00
pan,1993,278.00
pan,1994,275.00
pan,1995,274.00
pan,1996,273.00
pan,1997,270.00
pan,1998,267.00
pan,1999,264.00
pan,2000,259.00
pan,2001,255.00
pan,2002,250.00
pan,2003,248.00
pan,2004,246.00
pan,2005,244.00
pan,2006,245.00
pan,2007,246.00
pan,2008,248.00
pan,2009,253.00
pan,2010,257.00
pan,2011,263.00
pan,2012,265.00
pan,2013,266.00
pan,2014,267.00
pan,2015,264.00
pan,2016,262.00
pan,2017,257.00
pan,2018,255.00
pan,2019,253.00
pan,2020,250.00
pan,2021,249.00
pan,2022,247.00
pan,2023,246.00
pan,2024,245.00
per,1991,5227.0
per,1992,5002.0
per,1993,4776.0
per,1994,4548.0
per,1995,4309.0
per,1996,4063.0
per,1997,3824.0
per,1998,3584.0
per,1999,3350.0
per,2000,3122.0
per,2001,2902.0
per,2002,2693.0
per,2003,2505.0
per,2004,2341.0
per,2005,2201.0
per,2006,2084.0
per,2007,1989.0
per,2008,1915.0
per,2009,1855.0
per,2010,1804.0
per,2011,1757.0
per,2012,1705.0
per,2013,1650.0
per,2014,1598.0
per,2015,1564.0
per,2016,1553.0
per,2017,1569.0
per,2018,1603.0
per,2019,1635.0
per,2020,1649.0
per,2021,1641.0
per,2022,1619.0
per,2023,1590.0
per,2024,1553.0
phl,1991,15054
phl,1992,16212
phl,1993,13756
phl,1994,13250
phl,1995,12890
phl,1996,12647
phl,1997,12463
phl,1998,12268
phl,1999,12034
phl,2000,11777
phl,2001,11523
phl,2002,11286
phl,2003,11066
phl,2004,10867
phl,2005,10690
phl,2006,10529
phl,2007,10377
phl,2008,10244
phl,2009,10139
phl,2010,10061
phl,2011,10017
phl,2012,10021
phl,2013,10084
phl,2014,12162
phl,2015,10344
phl,2016,10462
phl,2017,10497
phl,2018,10464
phl,2019,10382
phl,2020,10270
phl,2021,10184
phl,2022,10167
phl,2023,10175
phl,2024,10135
plw,1991,2.0000
plw,1992,2.0000
plw,1993,2.0000
plw,1994,2.0000
plw,1995,2.0000
plw,1996,2.0000
plw,1997,2.0000
plw,1998,2.0000
plw,1999,1.0000
plw,2000,1.0000
plw,2001,1.0000
plw,2002,1.0000
plw,2003,1.0000
plw,2004,1.0000
plw,2005,2.0000
plw,2006,1.0000
plw,2007,0.0000
plw,2008,0.0000
plw,2009,0.0000
plw,2010,0.0000
plw,2011,0.0000
plw,2012,0.0000
plw,2013,0.0000
plw,2014,0.0000
plw,2015,0.0000
plw,2016,0.0000
plw,2017,0.0000
plw,2018,0.0000
plw,2019,0.0000
plw,2020,0.0000
plw,2021,0.0000
plw,2022,0.0000
plw,2023,0.0000
plw,2024,0.0000
png,1991,1492.0
png,1992,1513.0
png,1993,1541.0
png,1994,1571.0
png,1995,1602.0
png,1996,1633.0
png,1997,1661.0
png,1998,1687.0
png,1999,2226.0
png,2000,1739.0
png,2001,1766.0
png,2002,1791.0
png,2003,1815.0
png,2004,1837.0
png,2005,1858.0
png,2006,1877.0
png,2007,1893.0
png,2008,1910.0
png,2009,1925.0
png,2010,1938.0
png,2011,1947.0
png,2012,1953.0
png,2013,1955.0
png,2014,1955.0
png,2015,1951.0
png,2016,1948.0
png,2017,1938.0
png,2018,1927.0
png,2019,1910.0
png,2020,1893.0
png,2021,1873.0
png,2022,1849.0
png,2023,1818.0
png,2024,1788.0
pol,1991,1825.0
pol,1992,1770.0
pol,1993,1683.0
pol,1994,1585.0
pol,1995,1491.0
pol,1996,1422.0
pol,1997,1366.0
pol,1998,1298.0
pol,1999,1210.0
pol,2000,1122.0
pol,2001,1044.0
pol,2002,978.00
pol,2003,921.00
pol,2004,866.00
pol,2005,814.00
pol,2006,764.00
pol,2007,716.00
pol,2008,666.00
pol,2009,620.00
pol,2010,573.00
pol,2011,535.00
pol,2012,504.00
pol,2013,477.00
pol,2014,454.00
pol,2015,435.00
pol,2016,422.00
pol,2017,412.00
pol,2018,404.00
pol,2019,401.00
pol,2020,400.00
pol,2021,407.00
pol,2022,416.00
pol,2023,435.00
pol,2024,458.00
prk,1991,2835.0
prk,1992,2917.0
prk,1993,2995.0
prk,1994,3056.0
prk,1995,3088.0
prk,1996,6843.0
prk,1997,6846.0
prk,1998,6833.0
prk,1999,6820.0
prk,2000,6788.0
prk,2001,6744.0
prk,2002,6693.0
prk,2003,6621.0
prk,2004,2767.0
prk,2005,2713.0
prk,2006,2665.0
prk,2007,2606.0
prk,2008,2548.0
prk,2009,2423.0
prk,2010,2313.0
prk,2011,2185.0
prk,2012,2049.0
prk,2013,1915.0
prk,2014,1783.0
prk,2015,1663.0
prk,2016,1559.0
prk,2017,1492.0
prk,2018,1386.0
prk,2019,1331.0
prk,2020,1282.0
prk,2021,1268.0
prk,2022,1270.0
prk,2023,1290.0
prk,2024,1310.0
prt,1991,566.00
prt,1992,531.00
prt,1993,495.00
prt,1994,463.00
prt,1995,434.00
prt,1996,404.00
prt,1997,379.00
prt,1998,352.00
prt,1999,326.00
prt,2000,301.00
prt,2001,277.00
prt,2002,256.00
prt,2003,236.00
prt,2004,218.00
prt,2005,200.00
prt,2006,187.00
prt,2007,172.00
prt,2008,159.00
prt,2009,148.00
prt,2010,139.00
prt,2011,130.00
prt,2012,122.00
prt,2013,114.00
prt,2014,108.00
prt,2015,102.00
prt,2016,97.000
prt,2017,93.000
prt,2018,90.000
prt,2019,87.000
prt,2020,85.000
prt,2021,84.000
prt,2022,81.000
prt,2023,81.000
prt,2024,81.000
pry,1991,495.00
pry,1992,480.00
pry,1993,468.00
pry,1994,456.00
pry,1995,444.00
pry,1996,435.00
pry,1997,425.00
pry,1998,416.00
pry,1999,409.00
pry,2000,403.00
pry,2001,399.00
pry,2002,399.00
pry,2003,401.00
pry,2004,404.00
pry,2005,405.00
pry,2006,405.00
pry,2007,403.00
pry,2008,395.00
pry,2009,386.00
pry,2010,373.00
pry,2011,360.00
pry,2012,347.00
pry,2013,334.00
pry,2014,324.00
pry,2015,316.00
pry,2016,309.00
pry,2017,303.00
pry,2018,298.00
pry,2019,295.00
pry,2020,291.00
pry,2021,289.00
pry,2022,286.00
pry,2023,284.00
pry,2024,282.00
pse,1991,333.00
pse,1992,340.00
pse,1993,347.00
pse,1994,354.00
pse,1995,364.00
pse,1996,374.00
pse,1997,384.00
pse,1998,393.00
pse,1999,401.00
pse,2000,408.00
pse,2001,414.00
pse,2002,419.00
pse,2003,421.00
pse,2004,422.00
pse,2005,421.00
pse,2006,422.00
pse,2007,424.00
pse,2008,423.00
pse,2009,507.00
pse,2010,527.00
pse,2011,423.00
pse,2012,424.00
pse,2013,424.00
pse,2014,427.00
pse,2015,596.00
pse,2016,429.00
pse,2017,430.00
pse,2018,432.00
pse,2019,434.00
pse,2020,435.00
pse,2021,435.00
pse,2022,436.00
pse,2023,434.00
pse,2024,3869.0
qat,1991,28.000
qat,1992,28.000
qat,1993,28.000
qat,1994,27.000
qat,1995,27.000
qat,1996,27.000
qat,1997,27.000
qat,1998,28.000
qat,1999,28.000
qat,2000,29.000
qat,2001,29.000
qat,2002,29.000
qat,2003,29.000
qat,2004,29.000
qat,2005,30.000
qat,2006,30.000
qat,2007,32.000
qat,2008,31.000
qat,2009,32.000
qat,2010,32.000
qat,2011,32.000
qat,2012,33.000
qat,2013,34.000
qat,2014,35.000
qat,2015,38.000
qat,2016,38.000
qat,2017,38.000
qat,2018,38.000
qat,2019,40.000
qat,2020,40.000
qat,2021,43.000
qat,2022,43.000
qat,2023,43.000
qat,2024,44.000
rks,1991,345.00
rks,1992,338.00
rks,1993,331.00
rks,1994,326.00
rks,1995,318.00
rks,1996,311.00
rks,1997,300.00
rks,1998,285.00
rks,1999,266.00
rks,2000,242.00
rks,2001,224.00
rks,2002,207.00
rks,2003,190.00
rks,2004,171.00
rks,2005,155.00
rks,2006,142.00
rks,2007,131.00
rks,2008,124.00
rks,2009,117.00
rks,2010,111.00
rks,2011,107.00
rks,2012,101.00
rks,2013,96.000
rks,2014,91.000
rks,2015,86.000
rks,2016,82.000
rks,2017,77.000
rks,2018,72.000
rks,2019,69.000
rks,2020,65.000
rks,2021,61.000
rks,2022,58.000
rks,2023,56.000
rks,2024,52.000
rou,1991,1880.0
rou,1992,1739.0
rou,1993,1690.0
rou,1994,1749.0
rou,1995,1891.0
rou,1996,2043.0
rou,1997,2121.0
rou,1998,2087.0
rou,1999,1963.0
rou,2000,1796.0
rou,2001,1599.0
rou,2002,1375.0
rou,2003,1141.0
rou,2004,935.00
rou,2005,783.00
rou,2006,695.00
rou,2007,650.00
rou,2008,623.00
rou,2009,604.00
rou,2010,578.00
rou,2011,545.00
rou,2012,507.00
rou,2013,475.00
rou,2014,455.00
rou,2015,440.00
rou,2016,430.00
rou,2017,422.00
rou,2018,410.00
rou,2019,397.00
rou,2020,379.00
rou,2021,361.00
rou,2022,341.00
rou,2023,319.00
rou,2024,294.00
rus,1991,11638
rus,1992,12090
rus,1993,12405
rus,1994,12497
rus,1995,12377
rus,1996,11976
rus,1997,11473
rus,1998,10960
rus,1999,10373
rus,2000,9793.0
rus,2001,9264.0
rus,2002,8666.0
rus,2003,8006.0
rus,2004,7329.0
rus,2005,6632.0
rus,2006,5971.0
rus,2007,5401.0
rus,2008,4958.0
rus,2009,4640.0
rus,2010,4406.0
rus,2011,4215.0
rus,2012,4070.0
rus,2013,3977.0
rus,2014,3916.0
rus,2015,3861.0
rus,2016,3779.0
rus,2017,3682.0
rus,2018,3579.0
rus,2019,3460.0
rus,2020,3335.0
rus,2021,3219.0
rus,2022,3119.0
rus,2023,3025.0
rus,2024,2911.0
rwa,1991,14187
rwa,1992,16374
rwa,1993,19255
rwa,1994,22576
rwa,1995,89798
rwa,1996,19667
rwa,1997,21556
rwa,1998,21589
rwa,1999,18840
rwa,2000,15800
rwa,2001,13399
rwa,2002,11628
rwa,2003,10329
rwa,2004,9331.0
rwa,2005,8457.0
rwa,2006,7654.0
rwa,2007,6908.0
rwa,2008,6257.0
rwa,2009,5661.0
rwa,2010,5116.0
rwa,2011,4672.0
rwa,2012,4335.0
rwa,2013,4118.0
rwa,2014,3995.0
rwa,2015,3941.0
rwa,2016,3909.0
rwa,2017,3846.0
rwa,2018,3702.0
rwa,2019,3450.0
rwa,2020,3084.0
rwa,2021,2657.0
rwa,2022,2227.0
rwa,2023,1867.0
rwa,2024,1609.0
sau,1991,2246.0
sau,1992,2220.0
sau,1993,2191.0
sau,1994,2159.0
sau,1995,2118.0
sau,1996,2075.0
sau,1997,2029.0
sau,1998,1978.0
sau,1999,1923.0
sau,2000,1867.0
sau,2001,1850.0
sau,2002,1855.0
sau,2003,1830.0
sau,2004,1781.0
sau,2005,1711.0
sau,2006,1629.0
sau,2007,1538.0
sau,2008,1448.0
sau,2009,1361.0
sau,2010,1283.0
sau,2011,1213.0
sau,2012,1152.0
sau,2013,1102.0
sau,2014,1061.0
sau,2015,1026.0
sau,2016,997.00
sau,2017,968.00
sau,2018,936.00
sau,2019,902.00
sau,2020,880.00
sau,2021,865.00
sau,2022,846.00
sau,2023,833.00
sau,2024,818.00
sdn,1991,16478
sdn,1992,16416
sdn,1993,16279
sdn,1994,16106
sdn,1995,15907
sdn,1996,15643
sdn,1997,15309
sdn,1998,14957
sdn,1999,14672
sdn,2000,14353
sdn,2001,14012
sdn,2002,13647
sdn,2003,13245
sdn,2004,15323
sdn,2005,17896
sdn,2006,17887
sdn,2007,13370
sdn,2008,11374
sdn,2009,12716
sdn,2010,10901
sdn,2011,10708
sdn,2012,10504
sdn,2013,10335
sdn,2014,10184
sdn,2015,10051
sdn,2016,9926.0
sdn,2017,9807.0
sdn,2018,9697.0
sdn,2019,9569.0
sdn,2020,9439.0
sdn,2021,9301.0
sdn,2022,9206.0
sdn,2023,9108.0
sdn,2024,8909.0
sen,1991,7586.0
sen,1992,7618.0
sen,1993,7727.0
sen,1994,7899.0
sen,1995,8140.0
sen,1996,8415.0
sen,1997,8690.0
sen,1998,8921.0
sen,1999,9059.0
sen,2000,9088.0
sen,2001,8994.0
sen,2002,8785.0
sen,2003,8483.0
sen,2004,8118.0
sen,2005,7737.0
sen,2006,7372.0
sen,2007,7033.0
sen,2008,6726.0
sen,2009,6441.0
sen,2010,6168.0
sen,2011,5905.0
sen,2012,5647.0
sen,2013,5389.0
sen,2014,5165.0
sen,2015,4961.0
sen,2016,4777.0
sen,2017,4621.0
sen,2018,4489.0
sen,2019,4379.0
sen,2020,4283.0
sen,2021,4198.0
sen,2022,4117.0
sen,2023,4012.0
sen,2024,3919.0
sgp,1991,98.000
sgp,1992,94.000
sgp,1993,90.000
sgp,1994,88.000
sgp,1995,85.000
sgp,1996,83.000
sgp,1997,81.000
sgp,1998,78.000
sgp,1999,76.000
sgp,2000,73.000
sgp,2001,72.000
sgp,2002,70.000
sgp,2003,67.000
sgp,2004,64.000
sgp,2005,61.000
sgp,2006,57.000
sgp,2007,56.000
sgp,2008,53.000
sgp,2009,51.000
sgp,2010,48.000
sgp,2011,47.000
sgp,2012,45.000
sgp,2013,44.000
sgp,2014,42.000
sgp,2015,40.000
sgp,2016,39.000
sgp,2017,38.000
sgp,2018,38.000
sgp,2019,38.000
sgp,2020,38.000
sgp,2021,37.000
sgp,2022,37.000
sgp,2023,38.000
sgp,2024,38.000
slb,1991,70.000
slb,1992,70.000
slb,1993,70.000
slb,1994,71.000
slb,1995,71.000
slb,1996,71.000
slb,1997,71.000
slb,1998,71.000
slb,1999,71.000
slb,2000,72.000
slb,2001,74.000
slb,2002,74.000
slb,2003,75.000
slb,2004,75.000
slb,2005,75.000
slb,2006,75.000
slb,2007,76.000
slb,2008,87.000
slb,2009,77.000
slb,2010,77.000
slb,2011,77.000
slb,2012,78.000
slb,2013,80.000
slb,2014,81.000
slb,2015,82.000
slb,2016,84.000
slb,2017,85.000
slb,2018,87.000
slb,2019,87.000
slb,2020,88.000
slb,2021,103.00
slb,2022,88.000
slb,2023,88.000
slb,2024,86.000
sle,1991,4798.0
sle,1992,4744.0
sle,1993,4533.0
sle,1994,4411.0
sle,1995,4310.0
sle,1996,4206.0
sle,1997,4108.0
sle,1998,4047.0
sle,1999,3977.0
sle,2000,3885.0
sle,2001,3871.0
sle,2002,3992.0
sle,2003,4119.0
sle,2004,4179.0
sle,2005,4215.0
sle,2006,4237.0
sle,2007,4240.0
sle,2008,4245.0
sle,2009,4265.0
sle,2010,4303.0
sle,2011,4360.0
sle,2012,4432.0
sle,2013,4521.0
sle,2014,4628.0
sle,2015,4740.0
sle,2016,4847.0
sle,2017,4941.0
sle,2018,5018.0
sle,2019,5070.0
sle,2020,5085.0
sle,2021,5085.0
sle,2022,5054.0
sle,2023,5004.0
sle,2024,4946.0
slv,1991,870.00
slv,1992,813.00
slv,1993,768.00
slv,1994,723.00
slv,1995,680.00
slv,1996,642.00
slv,1997,609.00
slv,1998,579.00
slv,1999,688.00
slv,2000,537.00
slv,2001,521.00
slv,2002,749.00
slv,2003,500.00
slv,2004,492.00
slv,2005,486.00
slv,2006,479.00
slv,2007,472.00
slv,2008,463.00
slv,2009,452.00
slv,2010,511.00
slv,2011,428.00
slv,2012,416.00
slv,2013,405.00
slv,2014,399.00
slv,2015,394.00
slv,2016,392.00
slv,2017,392.00
slv,2018,397.00
slv,2019,402.00
slv,2020,407.00
slv,2021,412.00
slv,2022,414.00
slv,2023,410.00
slv,2024,404.00
smr,1991,0.0000
smr,1992,0.0000
smr,1993,0.0000
smr,1994,0.0000
smr,1995,0.0000
smr,1996,0.0000
smr,1997,0.0000
smr,1998,0.0000
smr,1999,0.0000
smr,2000,0.0000
smr,2001,0.0000
smr,2002,0.0000
smr,2003,0.0000
smr,2004,0.0000
smr,2005,0.0000
smr,2006,0.0000
smr,2007,0.0000
smr,2008,0.0000
smr,2009,0.0000
smr,2010,0.0000
smr,2011,0.0000
smr,2012,0.0000
smr,2013,0.0000
smr,2014,0.0000
smr,2015,0.0000
smr,2016,0.0000
smr,2017,0.0000
smr,2018,0.0000
smr,2019,0.0000
smr,2020,0.0000
smr,2021,0.0000
smr,2022,0.0000
smr,2023,0.0000
smr,2024,0.0000
som,1991,7959.0
som,1992,31171
som,1993,31716
som,1994,7442.0
som,1995,7750.0
som,1996,7894.0
som,1997,7982.0
som,1998,8110.0
som,1999,8444.0
som,2000,8875.0
som,2001,9357.0
som,2002,9889.0
som,2003,10405
som,2004,10878
som,2005,11351
som,2006,11852
som,2007,12304
som,2008,12671
som,2009,12818
som,2010,12808
som,2011,16830
som,2012,45482
som,2013,17503
som,2014,12150
som,2015,12060
som,2016,11944
som,2017,11883
som,2018,16791
som,2019,14364
som,2020,12102
som,2021,12246
som,2022,12371
som,2023,19400
som,2024,12396
srb,1991,328.00
srb,1992,312.00
srb,1993,299.00
srb,1994,286.00
srb,1995,274.00
srb,1996,263.00
srb,1997,251.00
srb,1998,242.00
srb,1999,232.00
srb,2000,220.00
srb,2001,210.00
srb,2002,196.00
srb,2003,182.00
srb,2004,168.00
srb,2005,156.00
srb,2006,144.00
srb,2007,134.00
srb,2008,125.00
srb,2009,118.00
srb,2010,112.00
srb,2011,107.00
srb,2012,102.00
srb,2013,97.000
srb,2014,94.000
srb,2015,91.000
srb,2016,89.000
srb,2017,87.000
srb,2018,84.000
srb,2019,83.000
srb,2020,82.000
srb,2021,81.000
srb,2022,81.000
srb,2023,81.000
srb,2024,83.000
ssd,1991,22796
ssd,1992,22346
ssd,1993,36310
ssd,1994,35159
ssd,1995,6639.0
ssd,1996,20619
ssd,1997,20647
ssd,1998,20687
ssd,1999,44686
ssd,2000,10188
ssd,2001,8411.0
ssd,2002,8392.0
ssd,2003,8379.0
ssd,2004,6589.0
ssd,2005,6539.0
ssd,2006,6491.0
ssd,2007,6447.0
ssd,2008,6426.0
ssd,2009,6394.0
ssd,2010,6343.0
ssd,2011,6300.0
ssd,2012,6268.0
ssd,2013,6289.0
ssd,2014,6422.0
ssd,2015,17012
ssd,2016,24733
ssd,2017,29156
ssd,2018,31423
ssd,2019,12257
ssd,2020,6995.0
ssd,2021,6984.0
ssd,2022,6899.0
ssd,2023,6780.0
ssd,2024,6778.0
stp,1991,76.000
stp,1992,77.000
stp,1993,80.000
stp,1994,80.000
stp,1995,81.000
stp,1996,81.000
stp,1997,80.000
stp,1998,77.000
stp,1999,75.000
stp,2000,70.000
stp,2001,67.000
stp,2002,61.000
stp,2003,58.000
stp,2004,55.000
stp,2005,50.000
stp,2006,47.000
stp,2007,44.000
stp,2008,42.000
stp,2009,40.000
stp,2010,37.000
stp,2011,36.000
stp,2012,34.000
stp,2013,32.000
stp,2014,30.000
stp,2015,28.000
stp,2016,26.000
stp,2017,24.000
stp,2018,22.000
stp,2019,21.000
stp,2020,21.000
stp,2021,19.000
stp,2022,19.000
stp,2023,18.000
stp,2024,18.000
sur,1991,41.000
sur,1992,41.000
sur,1993,39.000
sur,1994,39.000
sur,1995,38.000
sur,1996,38.000
sur,1997,39.000
sur,1998,39.000
sur,1999,37.000
sur,2000,36.000
sur,2001,36.000
sur,2002,36.000
sur,2003,35.000
sur,2004,36.000
sur,2005,36.000
sur,2006,35.000
sur,2007,35.000
sur,2008,35.000
sur,2009,35.000
sur,2010,35.000
sur,2011,35.000
sur,2012,35.000
sur,2013,35.000
sur,2014,36.000
sur,2015,36.000
sur,2016,36.000
sur,2017,36.000
sur,2018,36.000
sur,2019,36.000
sur,2020,39.000
sur,2021,39.000
sur,2022,39.000
sur,2023,39.000
sur,2024,37.000
svk,1991,237.00
svk,1992,232.00
svk,1993,226.00
svk,1994,219.00
svk,1995,213.00
svk,1996,206.00
svk,1997,200.00
svk,1998,194.00
svk,1999,187.00
svk,2000,178.00
svk,2001,169.00
svk,2002,158.00
svk,2003,149.00
svk,2004,140.00
svk,2005,131.00
svk,2006,123.00
svk,2007,115.00
svk,2008,107.00
svk,2009,101.00
svk,2010,96.000
svk,2011,92.000
svk,2012,88.000
svk,2013,84.000
svk,2014,81.000
svk,2015,79.000
svk,2016,78.000
svk,2017,76.000
svk,2018,75.000
svk,2019,74.000
svk,2020,74.000
svk,2021,72.000
svk,2022,72.000
svk,2023,72.000
svk,2024,72.000
svn,1991,67.000
svn,1992,63.000
svn,1993,60.000
svn,1994,56.000
svn,1995,54.000
svn,1996,50.000
svn,1997,46.000
svn,1998,44.000
svn,1999,40.000
svn,2000,38.000
svn,2001,36.000
svn,2002,32.000
svn,2003,31.000
svn,2004,28.000
svn,2005,27.000
svn,2006,24.000
svn,2007,24.000
svn,2008,22.000
svn,2009,21.000
svn,2010,19.000
svn,2011,19.000
svn,2012,19.000
svn,2013,19.000
svn,2014,18.000
svn,2015,18.000
svn,2016,17.000
svn,2017,17.000
svn,2018,17.000
svn,2019,15.000
svn,2020,15.000
svn,2021,16.000
svn,2022,16.000
svn,2023,16.000
svn,2024,14.000
swe,1991,142.00
swe,1992,139.00
swe,1993,136.00
swe,1994,135.00
swe,1995,136.00
swe,1996,135.00
swe,1997,137.00
swe,1998,137.00
swe,1999,138.00
swe,2000,136.00
swe,2001,135.00
swe,2002,134.00
swe,2003,129.00
swe,2004,124.00
swe,2005,119.00
swe,2006,114.00
swe,2007,107.00
swe,2008,101.00
swe,2009,95.000
swe,2010,92.000
swe,2011,90.000
swe,2012,88.000
swe,2013,86.000
swe,2014,86.000
swe,2015,86.000
swe,2016,88.000
swe,2017,88.000
swe,2018,90.000
swe,2019,90.000
swe,2020,89.000
swe,2021,89.000
swe,2022,88.000
swe,2023,86.000
swe,2024,86.000
swz,1991,304.00
swz,1992,317.00
swz,1993,328.00
swz,1994,339.00
swz,1995,348.00
swz,1996,354.00
swz,1997,364.00
swz,1998,372.00
swz,1999,379.00
swz,2000,381.00
swz,2001,381.00
swz,2002,377.00
swz,2003,374.00
swz,2004,374.00
swz,2005,374.00
swz,2006,374.00
swz,2007,375.00
swz,2008,372.00
swz,2009,368.00
swz,2010,364.00
swz,2011,362.00
swz,2012,359.00
swz,2013,358.00
swz,2014,356.00
swz,2015,354.00
swz,2016,350.00
swz,2017,346.00
swz,2018,344.00
swz,2019,342.00
swz,2020,340.00
swz,2021,335.00
swz,2022,330.00
swz,2023,325.00
swz,2024,320.00
syc,1991,6.0000
syc,1992,6.0000
syc,1993,6.0000
syc,1994,6.0000
syc,1995,6.0000
syc,1996,6.0000
syc,1997,6.0000
syc,1998,6.0000
syc,1999,6.0000
syc,2000,5.0000
syc,2001,5.0000
syc,2002,5.0000
syc,2003,5.0000
syc,2004,5.0000
syc,2005,4.0000
syc,2006,4.0000
syc,2007,4.0000
syc,2008,4.0000
syc,2009,4.0000
syc,2010,4.0000
syc,2011,4.0000
syc,2012,4.0000
syc,2013,4.0000
syc,2014,4.0000
syc,2015,4.0000
syc,2016,4.0000
syc,2017,4.0000
syc,2018,4.0000
syc,2019,4.0000
syc,2020,4.0000
syc,2021,4.0000
syc,2022,4.0000
syc,2023,4.0000
syc,2024,4.0000
syr,1991,3496.0
syr,1992,3514.0
syr,1993,3518.0
syr,1994,3499.0
syr,1995,3456.0
syr,1996,3390.0
syr,1997,3304.0
syr,1998,3198.0
syr,1999,3067.0
syr,2000,2907.0
syr,2001,2719.0
syr,2002,2516.0
syr,2003,2313.0
syr,2004,2137.0
syr,2005,2022.0
syr,2006,1975.0
syr,2007,1982.0
syr,2008,2026.0
syr,2009,2070.0
syr,2010,2104.0
syr,2011,2135.0
syr,2012,2828.0
syr,2013,5980.0
syr,2014,6685.0
syr,2015,6333.0
syr,2016,6757.0
syr,2017,5439.0
syr,2018,5571.0
syr,2019,5387.0
syr,2020,3300.0
syr,2021,2610.0
syr,2022,2279.0
syr,2023,2346.0
syr,2024,3314.0
tca,1991,0.0000
tca,1992,0.0000
tca,1993,0.0000
tca,1994,0.0000
tca,1995,0.0000
tca,1996,0.0000
tca,1997,0.0000
tca,1998,0.0000
tca,1999,0.0000
tca,2000,0.0000
tca,2001,0.0000
tca,2002,0.0000
tca,2003,0.0000
tca,2004,0.0000
tca,2005,0.0000
tca,2006,0.0000
tca,2007,0.0000
tca,2008,0.0000
tca,2009,0.0000
tca,2010,0.0000
tca,2011,0.0000
tca,2012,0.0000
tca,2013,0.0000
tca,2014,0.0000
tca,2015,0.0000
tca,2016,0.0000
tca,2017,0.0000
tca,2018,0.0000
tca,2019,0.0000
tca,2020,0.0000
tca,2021,0.0000
tca,2022,0.0000
tca,2023,0.0000
tca,2024,0.0000
tcd,1991,8397.0
tcd,1992,8420.0
tcd,1993,8504.0
tcd,1994,8559.0
tcd,1995,8620.0
tcd,1996,8749.0
tcd,1997,8917.0
tcd,1998,9095.0
tcd,1999,9277.0
tcd,2000,9405.0
tcd,2001,9504.0
tcd,2002,9646.0
tcd,2003,9800.0
tcd,2004,9931.0
tcd,2005,10068
tcd,2006,10196
tcd,2007,10307
tcd,2008,10397
tcd,2009,10466
tcd,2010,10558
tcd,2011,10684
tcd,2012,10807
tcd,2013,10923
tcd,2014,11037
tcd,2015,11144
tcd,2016,11236
tcd,2017,11315
tcd,2018,11388
tcd,2019,11461
tcd,2020,11525
tcd,2021,11595
tcd,2022,11624
tcd,2023,11638
tcd,2024,11658
tgo,1991,3851.0
tgo,1992,3834.0
tgo,1993,3817.0
tgo,1994,3676.0
tgo,1995,3569.0
tgo,1996,3604.0
tgo,1997,3619.0
tgo,1998,3602.0
tgo,1999,3570.0
tgo,2000,3535.0
tgo,2001,3495.0
tgo,2002,3448.0
tgo,2003,3395.0
tgo,2004,3342.0
tgo,2005,3287.0
tgo,2006,3235.0
tgo,2007,3180.0
tgo,2008,3126.0
tgo,2009,3067.0
tgo,2010,3006.0
tgo,2011,2951.0
tgo,2012,2900.0
tgo,2013,2858.0
tgo,2014,2824.0
tgo,2015,2792.0
tgo,2016,2767.0
tgo,2017,2735.0
tgo,2018,2700.0
tgo,2019,2668.0
tgo,2020,2637.0
tgo,2021,2609.0
tgo,2022,2570.0
tgo,2023,2536.0
tgo,2024,2504.0
tha,1991,7297.0
tha,1992,7064.0
tha,1993,6906.0
tha,1994,6796.0
tha,1995,6686.0
tha,1996,6537.0
tha,1997,6374.0
tha,1998,6263.0
tha,1999,6244.0
tha,2000,6312.0
tha,2001,6425.0
tha,2002,6534.0
tha,2003,6576.0
tha,2004,6501.0
tha,2005,7443.0
tha,2006,6085.0
tha,2007,5831.0
tha,2008,5594.0
tha,2009,5385.0
tha,2010,5187.0
tha,2011,4975.0
tha,2012,4738.0
tha,2013,4502.0
tha,2014,4292.0
tha,2015,4127.0
tha,2016,3993.0
tha,2017,3870.0
tha,2018,3745.0
tha,2019,3613.0
tha,2020,3490.0
tha,2021,3389.0
tha,2022,3322.0
tha,2023,3290.0
tha,2024,3284.0
tjk,1991,874.00
tjk,1992,985.00
tjk,1993,1260.0
tjk,1994,1173.0
tjk,1995,1218.0
tjk,1996,1217.0
tjk,1997,1430.0
tjk,1998,1070.0
tjk,1999,952.00
tjk,2000,839.00
tjk,2001,753.00
tjk,2002,693.00
tjk,2003,642.00
tjk,2004,604.00
tjk,2005,572.00
tjk,2006,546.00
tjk,2007,524.00
tjk,2008,508.00
tjk,2009,498.00
tjk,2010,490.00
tjk,2011,483.00
tjk,2012,479.00
tjk,2013,476.00
tjk,2014,474.00
tjk,2015,472.00
tjk,2016,473.00
tjk,2017,473.00
tjk,2018,473.00
tjk,2019,473.00
tjk,2020,475.00
tjk,2021,476.00
tjk,2022,475.00
tjk,2023,470.00
tjk,2024,463.00
tkm,1991,613.00
tkm,1992,649.00
tkm,1993,689.00
tkm,1994,733.00
tkm,1995,775.00
tkm,1996,810.00
tkm,1997,833.00
tkm,1998,840.00
tkm,1999,834.00
tkm,2000,816.00
tkm,2001,790.00
tkm,2002,763.00
tkm,2003,734.00
tkm,2004,708.00
tkm,2005,679.00
tkm,2006,649.00
tkm,2007,618.00
tkm,2008,583.00
tkm,2009,547.00
tkm,2010,515.00
tkm,2011,487.00
tkm,2012,467.00
tkm,2013,454.00
tkm,2014,450.00
tkm,2015,452.00
tkm,2016,462.00
tkm,2017,474.00
tkm,2018,489.00
tkm,2019,504.00
tkm,2020,520.00
tkm,2021,537.00
tkm,2022,552.00
tkm,2023,563.00
tkm,2024,568.00
tls,1991,881.00
tls,1992,932.00
tls,1993,925.00
tls,1994,916.00
tls,1995,926.00
tls,1996,1010.0
tls,1997,998.00
tls,1998,983.00
tls,1999,1073.0
tls,2000,1142.0
tls,2001,357.00
tls,2002,373.00
tls,2003,385.00
tls,2004,385.00
tls,2005,373.00
tls,2006,369.00
tls,2007,371.00
tls,2008,372.00
tls,2009,373.00
tls,2010,372.00
tls,2011,373.00
tls,2012,370.00
tls,2013,366.00
tls,2014,360.00
tls,2015,353.00
tls,2016,347.00
tls,2017,339.00
tls,2018,330.00
tls,2019,324.00
tls,2020,317.00
tls,2021,311.00
tls,2022,306.00
tls,2023,303.00
tls,2024,298.00
ton,1991,8.0000
ton,1992,8.0000
ton,1993,9.0000
ton,1994,10.000
ton,1995,10.000
ton,1996,10.000
ton,1997,10.000
ton,1998,11.000
ton,1999,11.000
ton,2000,12.000
ton,2001,12.000
ton,2002,12.000
ton,2003,12.000
ton,2004,12.000
ton,2005,12.000
ton,2006,12.000
ton,2007,12.000
ton,2008,12.000
ton,2009,12.000
ton,2010,11.000
ton,2011,9.0000
ton,2012,9.0000
ton,2013,8.0000
ton,2014,8.0000
ton,2015,8.0000
ton,2016,8.0000
ton,2017,7.0000
ton,2018,5.0000
ton,2019,5.0000
ton,2020,5.0000
ton,2021,5.0000
ton,2022,5.0000
ton,2023,5.0000
ton,2024,5.0000
tto,1991,112.00
tto,1992,112.00
tto,1993,111.00
tto,1994,109.00
tto,1995,108.00
tto,1996,105.00
tto,1997,102.00
tto,1998,97.000
tto,1999,93.000
tto,2000,88.000
tto,2001,84.000
tto,2002,81.000
tto,2003,75.000
tto,2004,72.000
tto,2005,67.000
tto,2006,64.000
tto,2007,61.000
tto,2008,59.000
tto,2009,58.000
tto,2010,56.000
tto,2011,53.000
tto,2012,53.000
tto,2013,50.000
tto,2014,50.000
tto,2015,50.000
tto,2016,50.000
tto,2017,50.000
tto,2018,50.000
tto,2019,48.000
tto,2020,48.000
tto,2021,48.000
tto,2022,47.000
tto,2023,45.000
tto,2024,44.000
tun,1991,1384.0
tun,1992,1337.0
tun,1993,1290.0
tun,1994,1237.0
tun,1995,1177.0
tun,1996,1119.0
tun,1997,1068.0
tun,1998,1024.0
tun,1999,987.00
tun,2000,952.00
tun,2001,918.00
tun,2002,884.00
tun,2003,849.00
tun,2004,814.00
tun,2005,781.00
tun,2006,749.00
tun,2007,720.00
tun,2008,696.00
tun,2009,674.00
tun,2010,653.00
tun,2011,636.00
tun,2012,624.00
tun,2013,614.00
tun,2014,610.00
tun,2015,607.00
tun,2016,609.00
tun,2017,610.00
tun,2018,610.00
tun,2019,613.00
tun,2020,614.00
tun,2021,613.00
tun,2022,611.00
tun,2023,610.00
tun,2024,602.00
tur,1991,11341
tur,1992,11188
tur,1993,11035
tur,1994,10886
tur,1995,10718
tur,1996,10493
tur,1997,10198
tur,1998,9902.0
tur,1999,9620.0
tur,2000,12514
tur,2001,9067.0
tur,2002,8806.0
tur,2003,8519.0
tur,2004,8205.0
tur,2005,7860.0
tur,2006,7488.0
tur,2007,7084.0
tur,2008,6645.0
tur,2009,6183.0
tur,2010,5692.0
tur,2011,5165.0
tur,2012,4635.0
tur,2013,4133.0
tur,2014,3693.0
tur,2015,3335.0
tur,2016,3056.0
tur,2017,2837.0
tur,2018,2679.0
tur,2019,2581.0
tur,2020,2543.0
tur,2021,2553.0
tur,2022,2580.0
tur,2023,2605.0
tur,2024,8686.0
tuv,1991,2.0000
tuv,1992,2.0000
tuv,1993,1.0000
tuv,1994,1.0000
tuv,1995,1.0000
tuv,1996,1.0000
tuv,1997,1.0000
tuv,1998,1.0000
tuv,1999,1.0000
tuv,2000,1.0000
tuv,2001,1.0000
tuv,2002,1.0000
tuv,2003,1.0000
tuv,2004,1.0000
tuv,2005,1.0000
tuv,2006,1.0000
tuv,2007,1.0000
tuv,2008,1.0000
tuv,2009,1.0000
tuv,2010,0.0000
tuv,2011,0.0000
tuv,2012,0.0000
tuv,2013,0.0000
tuv,2014,0.0000
tuv,2015,0.0000
tuv,2016,0.0000
tuv,2017,0.0000
tuv,2018,0.0000
tuv,2019,0.0000
tuv,2020,0.0000
tuv,2021,0.0000
tuv,2022,0.0000
tuv,2023,0.0000
tuv,2024,0.0000
tza,1991,20869
tza,1992,21028
tza,1993,21062
tza,1994,21051
tza,1995,20947
tza,1996,20725
tza,1997,20357
tza,1998,19888
tza,1999,19397
tza,2000,18905
tza,2001,18465
tza,2002,18121
tza,2003,17838
tza,2004,17583
tza,2005,17373
tza,2006,17224
tza,2007,17149
tza,2008,17173
tza,2009,17335
tza,2010,17642
tza,2011,18075
tza,2012,18640
tza,2013,19295
tza,2014,19950
tza,2015,20509
tza,2016,20941
tza,2017,21259
tza,2018,21453
tza,2019,21624
tza,2020,21751
tza,2021,21835
tza,2022,21868
tza,2023,22016
tza,2024,22086
uga,1991,14703
uga,1992,14903
uga,1993,15140
uga,1994,15401
uga,1995,15671
uga,1996,15907
uga,1997,16141
uga,1998,16358
uga,1999,16565
uga,2000,16772
uga,2001,16965
uga,2002,17102
uga,2003,17204
uga,2004,17261
uga,2005,17291
uga,2006,17297
uga,2007,17327
uga,2008,17355
uga,2009,17376
uga,2010,17381
uga,2011,17396
uga,2012,17403
uga,2013,17419
uga,2014,17407
uga,2015,17401
uga,2016,17374
uga,2017,17360
uga,2018,17295
uga,2019,17230
uga,2020,17103
uga,2021,16963
uga,2022,16816
uga,2023,16641
uga,2024,16474
ukr,1991,3329.0
ukr,1992,3384.0
ukr,1993,3449.0
ukr,1994,3484.0
ukr,1995,3446.0
ukr,1996,3346.0
ukr,1997,3206.0
ukr,1998,3044.0
ukr,1999,2866.0
ukr,2000,2686.0
ukr,2001,2517.0
ukr,2002,2346.0
ukr,2003,2170.0
ukr,2004,1999.0
ukr,2005,1837.0
ukr,2006,1688.0
ukr,2007,1544.0
ukr,2008,1411.0
ukr,2009,1293.0
ukr,2010,1193.0
ukr,2011,1107.0
ukr,2012,1036.0
ukr,2013,983.00
ukr,2014,945.00
ukr,2015,917.00
ukr,2016,894.00
ukr,2017,876.00
ukr,2018,864.00
ukr,2019,853.00
ukr,2020,843.00
ukr,2021,832.00
ukr,2022,817.00
ukr,2023,1228.0
ukr,2024,780.00
unicef_eap,1991,299040
unicef_eap,1992,291490
unicef_eap,1993,281720
unicef_eap,1994,274130
unicef_eap,1995,266650
unicef_eap,1996,263330
unicef_eap,1997,253750
unicef_eap,1998,242040
unicef_eap,1999,230800
unicef_eap,2000,218770
unicef_eap,2001,206330
unicef_eap,2002,194900
unicef_eap,2003,183660
unicef_eap,2004,168970
unicef_eap,2005,188810
unicef_eap,2006,148330
unicef_eap,2007,139560
unicef_eap,2008,132100
unicef_eap,2009,157560
unicef_eap,2010,119430
unicef_eap,2011,113940
unicef_eap,2012,110340
unicef_eap,2013,105010
unicef_eap,2014,103550
unicef_eap,2015,98909
unicef_eap,2016,96533
unicef_eap,2017,94397
unicef_eap,2018,92590
unicef_eap,2019,90991
unicef_eap,2020,89256
unicef_eap,2021,87418
unicef_eap,2022,85584
unicef_eap,2023,83860
unicef_eap,2024,81848
unicef_eapro,1991,292120
unicef_eapro,1992,284950
unicef_eapro,1993,275560
unicef_eapro,1994,268340
unicef_eapro,1995,261220
unicef_eapro,1996,257880
unicef_eapro,1997,249040
unicef_eapro,1998,237660
unicef_eapro,1999,226720
unicef_eapro,2000,214960
unicef_eapro,2001,202750
unicef_eapro,2002,191530
unicef_eapro,2003,180470
unicef_eapro,2004,165940
unicef_eapro,2005,185930
unicef_eapro,2006,145600
unicef_eapro,2007,136950
unicef_eapro,2008,129620
unicef_eapro,2009,155200
unicef_eapro,2010,117180
unicef_eapro,2011,111800
unicef_eapro,2012,107070
unicef_eapro,2013,103050
unicef_eapro,2014,101680
unicef_eapro,2015,97109
unicef_eapro,2016,94799
unicef_eapro,2017,92720
unicef_eapro,2018,90948
unicef_eapro,2019,89379
unicef_eapro,2020,87667
unicef_eapro,2021,85839
unicef_eapro,2022,84017
unicef_eapro,2023,82304
unicef_eapro,2024,80313
unicef_eca,1991,52821
unicef_eca,1992,52960
unicef_eca,1993,54629
unicef_eca,1994,54076
unicef_eca,1995,51927
unicef_eca,1996,50964
unicef_eca,1997,49441
unicef_eca,1998,47378
unicef_eca,1999,45143
unicef_eca,2000,46062
unicef_eca,2001,40708
unicef_eca,2002,38467
unicef_eca,2003,36157
unicef_eca,2004,33896
unicef_eca,2005,31674
unicef_eca,2006,29620
unicef_eca,2007,27734
unicef_eca,2008,26053
unicef_eca,2009,24581
unicef_eca,2010,23260
unicef_eca,2011,22040
unicef_eca,2012,20937
unicef_eca,2013,20008
unicef_eca,2014,19284
unicef_eca,2015,18713
unicef_eca,2016,18249
unicef_eca,2017,17852
unicef_eca,2018,17527
unicef_eca,2019,17254
unicef_eca,2020,17102
unicef_eca,2021,17178
unicef_eca,2022,17280
unicef_eca,2023,18013
unicef_eca,2024,23990
unicef_ecaro,1991,28692
unicef_ecaro,1992,28780
unicef_ecaro,1993,30574
unicef_ecaro,1994,30397
unicef_ecaro,1995,28822
unicef_ecaro,1996,28724
unicef_ecaro,1997,28152
unicef_ecaro,1998,27049
unicef_ecaro,1999,25864
unicef_ecaro,2000,27810
unicef_ecaro,2001,23394
unicef_ecaro,2002,22134
unicef_ecaro,2003,20842
unicef_ecaro,2004,19608
unicef_ecaro,2005,18425
unicef_ecaro,2006,17363
unicef_ecaro,2007,16359
unicef_ecaro,2008,15403
unicef_ecaro,2009,14493
unicef_ecaro,2010,13625
unicef_ecaro,2011,12789
unicef_ecaro,2012,12001
unicef_ecaro,2013,11322
unicef_ecaro,2014,10794
unicef_ecaro,2015,10386
unicef_ecaro,2016,10092
unicef_ecaro,2017,9865.0
unicef_ecaro,2018,9712.0
unicef_ecaro,2019,9626.0
unicef_ecaro,2020,9647.0
unicef_ecaro,2021,9869.0
unicef_ecaro,2022,10088
unicef_ecaro,2023,10896
unicef_ecaro,2024,16961
unicef_eeca,1991,40055
unicef_eeca,1992,40610
unicef_eeca,1993,42731
unicef_eeca,1994,42659
unicef_eeca,1995,40975
unicef_eeca,1996,40488
unicef_eeca,1997,39422
unicef_eeca,1998,37817
unicef_eeca,1999,36052
unicef_eeca,2000,37426
unicef_eeca,2001,32487
unicef_eeca,2002,30633
unicef_eeca,2003,28687
unicef_eeca,2004,26782
unicef_eeca,2005,24908
unicef_eeca,2006,23191
unicef_eeca,2007,21623
unicef_eeca,2008,20228
unicef_eeca,2009,19005
unicef_eeca,2010,17908
unicef_eeca,2011,16886
unicef_eeca,2012,15956
unicef_eeca,2013,15188
unicef_eeca,2014,14602
unicef_eeca,2015,14142
unicef_eeca,2016,13770
unicef_eeca,2017,13450
unicef_eeca,2018,13197
unicef_eeca,2019,12996
unicef_eeca,2020,12896
unicef_eeca,2021,13005
unicef_eeca,2022,13128
unicef_eeca,2023,13847
unicef_eeca,2024,19803
unicef_esa,1991,302880
unicef_esa,1992,325450
unicef_esa,1993,346200
unicef_esa,1994,330220
unicef_esa,1995,360230
unicef_esa,1996,303720
unicef_esa,1997,303940
unicef_esa,1998,301720
unicef_esa,1999,320480
unicef_esa,2000,280690
unicef_esa,2001,272800
unicef_esa,2002,267210
unicef_esa,2003,261570
unicef_esa,2004,256260
unicef_esa,2005,252910
unicef_esa,2006,246640
unicef_esa,2007,235460
unicef_esa,2008,226730
unicef_esa,2009,221360
unicef_esa,2010,213120
unicef_esa,2011,211230
unicef_esa,2012,234460
unicef_esa,2013,201750
unicef_esa,2014,192250
unicef_esa,2015,198940
unicef_esa,2016,202990
unicef_esa,2017,204110
unicef_esa,2018,208340
unicef_esa,2019,184110
unicef_esa,2020,174080
unicef_esa,2021,171820
unicef_esa,2022,169620
unicef_esa,2023,174480
unicef_esa,2024,165520
unicef_esaro,1991,285910
unicef_esaro,1992,308510
unicef_esaro,1993,329410
unicef_esaro,1994,313620
unicef_esaro,1995,343830
unicef_esaro,1996,287600
unicef_esaro,1997,288140
unicef_esaro,1998,286270
unicef_esaro,1999,305320
unicef_esaro,2000,265850
unicef_esaro,2001,258310
unicef_esaro,2002,253080
unicef_esaro,2003,247850
unicef_esaro,2004,240460
unicef_esaro,2005,234550
unicef_esaro,2006,228290
unicef_esaro,2007,221640
unicef_esaro,2008,214910
unicef_esaro,2009,208200
unicef_esaro,2010,201780
unicef_esaro,2011,200090
unicef_esaro,2012,223530
unicef_esaro,2013,191000
unicef_esaro,2014,181660
unicef_esaro,2015,188490
unicef_esaro,2016,192680
unicef_esaro,2017,193930
unicef_esaro,2018,198280
unicef_esaro,2019,174190
unicef_esaro,2020,164300
unicef_esaro,2021,162190
unicef_esaro,2022,160100
unicef_esaro,2023,165070
unicef_esaro,2024,156320
unicef_lac,1991,58589
unicef_lac,1992,56909
unicef_lac,1993,55379
unicef_lac,1994,53985
unicef_lac,1995,52683
unicef_lac,1996,51464
unicef_lac,1997,50283
unicef_lac,1998,49109
unicef_lac,1999,53536
unicef_lac,2000,46879
unicef_lac,2001,45849
unicef_lac,2002,45102
unicef_lac,2003,43947
unicef_lac,2004,43104
unicef_lac,2005,43105
unicef_lac,2006,42018
unicef_lac,2007,40848
unicef_lac,2008,40144
unicef_lac,2009,39407
unicef_lac,2010,38647
unicef_lac,2011,56169
unicef_lac,2012,37082
unicef_lac,2013,35657
unicef_lac,2014,34654
unicef_lac,2015,33711
unicef_lac,2016,32849
unicef_lac,2017,32193
unicef_lac,2018,31698
unicef_lac,2019,31105
unicef_lac,2020,31031
unicef_lac,2021,30816
unicef_lac,2022,31118
unicef_lac,2023,30205
unicef_lac,2024,29329
unicef_lacro,1991,58568
unicef_lacro,1992,56887
unicef_lacro,1993,55357
unicef_lacro,1994,53963
unicef_lacro,1995,52661
unicef_lacro,1996,51439
unicef_lacro,1997,50258
unicef_lacro,1998,49084
unicef_lacro,1999,53510
unicef_lacro,2000,46853
unicef_lacro,2001,45822
unicef_lacro,2002,45076
unicef_lacro,2003,43921
unicef_lacro,2004,43077
unicef_lacro,2005,43079
unicef_lacro,2006,41993
unicef_lacro,2007,40824
unicef_lacro,2008,40120
unicef_lacro,2009,39386
unicef_lacro,2010,38626
unicef_lacro,2011,56149
unicef_lacro,2012,37063
unicef_lacro,2013,35638
unicef_lacro,2014,34635
unicef_lacro,2015,33692
unicef_lacro,2016,32833
unicef_lacro,2017,32178
unicef_lacro,2018,31683
unicef_lacro,2019,31090
unicef_lacro,2020,30958
unicef_lacro,2021,30801
unicef_lacro,2022,31105
unicef_lacro,2023,30192
unicef_lacro,2024,29316
unicef_mena,1991,80995
unicef_mena,1992,65762
unicef_mena,1993,61254
unicef_mena,1994,59724
unicef_mena,1995,58083
unicef_mena,1996,56329
unicef_mena,1997,54508
unicef_mena,1998,52658
unicef_mena,1999,50744
unicef_mena,2000,48822
unicef_mena,2001,46948
unicef_mena,2002,45186
unicef_mena,2003,43489
unicef_mena,2004,47443
unicef_mena,2005,40770
unicef_mena,2006,39873
unicef_mena,2007,39189
unicef_mena,2008,38632
unicef_mena,2009,38278
unicef_mena,2010,38021
unicef_mena,2011,37631
unicef_mena,2012,38353
unicef_mena,2013,41159
unicef_mena,2014,41574
unicef_mena,2015,41441
unicef_mena,2016,42293
unicef_mena,2017,40749
unicef_mena,2018,40721
unicef_mena,2019,41117
unicef_mena,2020,39282
unicef_mena,2021,37907
unicef_mena,2022,37720
unicef_mena,2023,37542
unicef_mena,2024,44971
unicef_menaro,1991,97704
unicef_menaro,1992,82434
unicef_menaro,1993,77781
unicef_menaro,1994,76064
unicef_menaro,1995,74227
unicef_menaro,1996,72210
unicef_menaro,1997,70060
unicef_menaro,1998,67865
unicef_menaro,1999,65669
unicef_menaro,2000,63428
unicef_menaro,2001,61216
unicef_menaro,2002,59087
unicef_menaro,2003,56988
unicef_menaro,2004,63015
unicef_menaro,2005,58913
unicef_menaro,2006,58005
unicef_menaro,2007,52801
unicef_menaro,2008,50248
unicef_menaro,2009,51235
unicef_menaro,2010,49163
unicef_menaro,2011,48575
unicef_menaro,2012,49089
unicef_menaro,2013,51719
unicef_menaro,2014,51979
unicef_menaro,2015,51703
unicef_menaro,2016,52422
unicef_menaro,2017,50749
unicef_menaro,2018,50602
unicef_menaro,2019,50859
unicef_menaro,2020,48885
unicef_menaro,2021,47362
unicef_menaro,2022,47071
unicef_menaro,2023,46785
unicef_menaro,2024,54005
unicef_na,1991,9371.0
unicef_na,1992,9361.0
unicef_na,1993,9346.0
unicef_na,1994,9330.0
unicef_na,1995,9288.0
unicef_na,1996,9201.0
unicef_na,1997,9062.0
unicef_na,1998,8856.0
unicef_na,1999,8606.0
unicef_na,2000,8341.0
unicef_na,2001,8083.0
unicef_na,2002,7843.0
unicef_na,2003,7616.0
unicef_na,2004,7397.0
unicef_na,2005,7173.0
unicef_na,2006,6922.0
unicef_na,2007,6659.0
unicef_na,2008,6397.0
unicef_na,2009,6158.0
unicef_na,2010,5962.0
unicef_na,2011,5823.0
unicef_na,2012,5748.0
unicef_na,2013,5740.0
unicef_na,2014,5779.0
unicef_na,2015,5844.0
unicef_na,2016,5917.0
unicef_na,2017,6000.0
unicef_na,2018,6096.0
unicef_na,2019,6193.0
unicef_na,2020,6303.0
unicef_na,2021,6402.0
unicef_na,2022,6484.0
unicef_na,2023,6551.0
unicef_na,2024,6586.0
unicef_rosa,1991,588850
unicef_rosa,1992,627440
unicef_rosa,1993,576060
unicef_rosa,1994,566650
unicef_rosa,1995,558840
unicef_rosa,1996,548900
unicef_rosa,1997,536410
unicef_rosa,1998,520860
unicef_rosa,1999,504570
unicef_rosa,2000,483000
unicef_rosa,2001,465260
unicef_rosa,2002,449430
unicef_rosa,2003,435680
unicef_rosa,2004,423650
unicef_rosa,2005,417960
unicef_rosa,2006,419060
unicef_rosa,2007,390870
unicef_rosa,2008,378180
unicef_rosa,2009,363530
unicef_rosa,2010,348910
unicef_rosa,2011,329930
unicef_rosa,2012,312020
unicef_rosa,2013,294330
unicef_rosa,2014,278000
unicef_rosa,2015,262430
unicef_rosa,2016,249450
unicef_rosa,2017,233360
unicef_rosa,2018,218160
unicef_rosa,2019,205460
unicef_rosa,2020,193490
unicef_rosa,2021,182370
unicef_rosa,2022,173680
unicef_rosa,2023,163980
unicef_rosa,2024,156510
unicef_sa,1991,588850
unicef_sa,1992,627440
unicef_sa,1993,576060
unicef_sa,1994,566650
unicef_sa,1995,558840
unicef_sa,1996,548900
unicef_sa,1997,536410
unicef_sa,1998,520860
unicef_sa,1999,504570
unicef_sa,2000,483000
unicef_sa,2001,465260
unicef_sa,2002,449430
unicef_sa,2003,435680
unicef_sa,2004,423650
unicef_sa,2005,417960
unicef_sa,2006,419060
unicef_sa,2007,390870
unicef_sa,2008,378180
unicef_sa,2009,363530
unicef_sa,2010,348910
unicef_sa,2011,329930
unicef_sa,2012,312020
unicef_sa,2013,294330
unicef_sa,2014,278000
unicef_sa,2015,262430
unicef_sa,2016,249450
unicef_sa,2017,233360
unicef_sa,2018,218160
unicef_sa,2019,205460
unicef_sa,2020,193490
unicef_sa,2021,182370
unicef_sa,2022,173680
unicef_sa,2023,163980
unicef_sa,2024,156510
unicef_ssa,1991,560580
unicef_ssa,1992,585100
unicef_ssa,1993,607840
unicef_ssa,1994,593790
unicef_ssa,1995,625660
unicef_ssa,1996,570850
unicef_ssa,1997,572650
unicef_ssa,1998,572000
unicef_ssa,1999,591700
unicef_ssa,2000,552740
unicef_ssa,2001,545830
unicef_ssa,2002,541370
unicef_ssa,2003,536640
unicef_ssa,2004,532280
unicef_ssa,2005,529520
unicef_ssa,2006,524560
unicef_ssa,2007,514960
unicef_ssa,2008,507780
unicef_ssa,2009,503930
unicef_ssa,2010,525310
unicef_ssa,2011,497620
unicef_ssa,2012,521540
unicef_ssa,2013,489950
unicef_ssa,2014,483430
unicef_ssa,2015,496280
unicef_ssa,2016,498490
unicef_ssa,2017,501510
unicef_ssa,2018,509530
unicef_ssa,2019,484100
unicef_ssa,2020,485930
unicef_ssa,2021,473050
unicef_ssa,2022,474530
unicef_ssa,2023,499590
unicef_ssa,2024,460110
unicef_wca,1991,257690
unicef_wca,1992,259660
unicef_wca,1993,261640
unicef_wca,1994,263570
unicef_wca,1995,265440
unicef_wca,1996,267130
unicef_wca,1997,268710
unicef_wca,1998,270280
unicef_wca,1999,271220
unicef_wca,2000,272050
unicef_wca,2001,273030
unicef_wca,2002,274160
unicef_wca,2003,275070
unicef_wca,2004,276020
unicef_wca,2005,276610
unicef_wca,2006,277930
unicef_wca,2007,279500
unicef_wca,2008,281040
unicef_wca,2009,282570
unicef_wca,2010,312180
unicef_wca,2011,286390
unicef_wca,2012,287080
unicef_wca,2013,288210
unicef_wca,2014,291180
unicef_wca,2015,297350
unicef_wca,2016,295500
unicef_wca,2017,297400
unicef_wca,2018,301190
unicef_wca,2019,299990
unicef_wca,2020,311850
unicef_wca,2021,301230
unicef_wca,2022,304910
unicef_wca,2023,325110
unicef_wca,2024,294590
unicef_wcaro,1991,257690
unicef_wcaro,1992,259660
unicef_wcaro,1993,261640
unicef_wcaro,1994,263570
unicef_wcaro,1995,265440
unicef_wcaro,1996,267130
unicef_wcaro,1997,268710
unicef_wcaro,1998,270280
unicef_wcaro,1999,271220
unicef_wcaro,2000,272050
unicef_wcaro,2001,273030
unicef_wcaro,2002,274160
unicef_wcaro,2003,275070
unicef_wcaro,2004,276020
unicef_wcaro,2005,276610
unicef_wcaro,2006,277930
unicef_wcaro,2007,279500
unicef_wcaro,2008,281040
unicef_wcaro,2009,282570
unicef_wcaro,2010,312180
unicef_wcaro,2011,286390
unicef_wcaro,2012,287080
unicef_wcaro,2013,288210
unicef_wcaro,2014,291180
unicef_wcaro,2015,297350
unicef_wcaro,2016,295500
unicef_wcaro,2017,297400
unicef_wcaro,2018,301190
unicef_wcaro,2019,299990
unicef_wcaro,2020,311850
unicef_wcaro,2021,301230
unicef_wcaro,2022,304910
unicef_wcaro,2023,325110
unicef_wcaro,2024,294590
unicef_we,1991,12764
unicef_we,1992,12348
unicef_we,1993,11896
unicef_we,1994,11415
unicef_we,1995,10950
unicef_we,1996,10474
unicef_we,1997,10017
unicef_we,1998,9559.0
unicef_we,1999,9089.0
unicef_we,2000,8634.0
unicef_we,2001,8219.0
unicef_we,2002,7832.0
unicef_we,2003,7468.0
unicef_we,2004,7112.0
unicef_we,2005,6765.0
unicef_we,2006,6428.0
unicef_we,2007,6110.0
unicef_we,2008,5824.0
unicef_we,2009,5575.0
unicef_we,2010,5351.0
unicef_we,2011,5154.0
unicef_we,2012,4981.0
unicef_we,2013,4820.0
unicef_we,2014,4682.0
unicef_we,2015,4571.0
unicef_we,2016,4479.0
unicef_we,2017,4402.0
unicef_we,2018,4330.0
unicef_we,2019,4258.0
unicef_we,2020,4206.0
unicef_we,2021,4173.0
unicef_we,2022,4152.0
unicef_we,2023,4166.0
unicef_we,2024,4187.0
unsdg_australianewzealand,1991,609.00
unsdg_australianewzealand,1992,594.00
unsdg_australianewzealand,1993,577.00
unsdg_australianewzealand,1994,563.00
unsdg_australianewzealand,1995,550.00
unsdg_australianewzealand,1996,538.00
unsdg_australianewzealand,1997,527.00
unsdg_australianewzealand,1998,511.00
unsdg_australianewzealand,1999,497.00
unsdg_australianewzealand,2000,484.00
unsdg_australianewzealand,2001,467.00
unsdg_australianewzealand,2002,451.00
unsdg_australianewzealand,2003,437.00
unsdg_australianewzealand,2004,423.00
unsdg_australianewzealand,2005,409.00
unsdg_australianewzealand,2006,393.00
unsdg_australianewzealand,2007,382.00
unsdg_australianewzealand,2008,370.00
unsdg_australianewzealand,2009,361.00
unsdg_australianewzealand,2010,354.00
unsdg_australianewzealand,2011,346.00
unsdg_australianewzealand,2012,341.00
unsdg_australianewzealand,2013,336.00
unsdg_australianewzealand,2014,334.00
unsdg_australianewzealand,2015,331.00
unsdg_australianewzealand,2016,330.00
unsdg_australianewzealand,2017,330.00
unsdg_australianewzealand,2018,333.00
unsdg_australianewzealand,2019,334.00
unsdg_australianewzealand,2020,336.00
unsdg_australianewzealand,2021,339.00
unsdg_australianewzealand,2022,339.00
unsdg_australianewzealand,2023,339.00
unsdg_australianewzealand,2024,336.00
unsdg_centralasia,1991,7397.0
unsdg_centralasia,1992,7728.0
unsdg_centralasia,1993,8212.0
unsdg_centralasia,1994,8287.0
unsdg_centralasia,1995,8411.0
unsdg_centralasia,1996,8400.0
unsdg_centralasia,1997,8534.0
unsdg_centralasia,1998,8012.0
unsdg_centralasia,1999,7649.0
unsdg_centralasia,2000,7240.0
unsdg_centralasia,2001,6829.0
unsdg_centralasia,2002,6422.0
unsdg_centralasia,2003,6029.0
unsdg_centralasia,2004,5682.0
unsdg_centralasia,2005,5381.0
unsdg_centralasia,2006,5124.0
unsdg_centralasia,2007,4894.0
unsdg_centralasia,2008,4693.0
unsdg_centralasia,2009,4524.0
unsdg_centralasia,2010,4386.0
unsdg_centralasia,2011,4282.0
unsdg_centralasia,2012,4209.0
unsdg_centralasia,2013,4178.0
unsdg_centralasia,2014,4186.0
unsdg_centralasia,2015,4212.0
unsdg_centralasia,2016,4251.0
unsdg_centralasia,2017,4283.0
unsdg_centralasia,2018,4315.0
unsdg_centralasia,2019,4356.0
unsdg_centralasia,2020,4451.0
unsdg_centralasia,2021,4647.0
unsdg_centralasia,2022,4946.0
unsdg_centralasia,2023,5339.0
unsdg_centralasia,2024,5830.0
unsdg_centralasiasouthernasia,1991,618580
unsdg_centralasiasouthernasia,1992,647070
unsdg_centralasiasouthernasia,1993,595890
unsdg_centralasiasouthernasia,1994,586200
unsdg_centralasiasouthernasia,1995,578150
unsdg_centralasiasouthernasia,1996,567830
unsdg_centralasiasouthernasia,1997,555110
unsdg_centralasiasouthernasia,1998,538660
unsdg_centralasiasouthernasia,1999,521590
unsdg_centralasiasouthernasia,2000,499160
unsdg_centralasiasouthernasia,2001,480550
unsdg_centralasiasouthernasia,2002,463870
unsdg_centralasiasouthernasia,2003,449310
unsdg_centralasiasouthernasia,2004,441620
unsdg_centralasiasouthernasia,2005,430410
unsdg_centralasiasouthernasia,2006,431140
unsdg_centralasiasouthernasia,2007,402700
unsdg_centralasiasouthernasia,2008,389800
unsdg_centralasiasouthernasia,2009,374920
unsdg_centralasiasouthernasia,2010,360040
unsdg_centralasiasouthernasia,2011,340750
unsdg_centralasiasouthernasia,2012,322530
unsdg_centralasiasouthernasia,2013,304490
unsdg_centralasiasouthernasia,2014,287840
unsdg_centralasiasouthernasia,2015,272020
unsdg_centralasiasouthernasia,2016,258870
unsdg_centralasiasouthernasia,2017,242670
unsdg_centralasiasouthernasia,2018,227410
unsdg_centralasiasouthernasia,2019,214700
unsdg_centralasiasouthernasia,2020,202790
unsdg_centralasiasouthernasia,2021,191830
unsdg_centralasiasouthernasia,2022,183400
unsdg_centralasiasouthernasia,2023,174050
unsdg_centralasiasouthernasia,2024,166990
unsdg_easternasia,1991,156040
unsdg_easternasia,1992,150640
unsdg_easternasia,1993,146910
unsdg_easternasia,1994,143700
unsdg_easternasia,1995,140250
unsdg_easternasia,1996,140710
unsdg_easternasia,1997,134760
unsdg_easternasia,1998,126720
unsdg_easternasia,1999,118710
unsdg_easternasia,2000,111110
unsdg_easternasia,2001,103350
unsdg_easternasia,2002,95664
unsdg_easternasia,2003,88109
unsdg_easternasia,2004,77179
unsdg_easternasia,2005,70587
unsdg_easternasia,2006,64400
unsdg_easternasia,2007,59362
unsdg_easternasia,2008,55459
unsdg_easternasia,2009,52109
unsdg_easternasia,2010,49200
unsdg_easternasia,2011,46601
unsdg_easternasia,2012,45540
unsdg_easternasia,2013,42452
unsdg_easternasia,2014,40978
unsdg_easternasia,2015,39833
unsdg_easternasia,2016,38809
unsdg_easternasia,2017,37869
unsdg_easternasia,2018,37159
unsdg_easternasia,2019,36690
unsdg_easternasia,2020,36175
unsdg_easternasia,2021,35538
unsdg_easternasia,2022,34862
unsdg_easternasia,2023,34275
unsdg_easternasia,2024,33429
unsdg_easternasiasoutheasternasia,1991,296500
unsdg_easternasiasoutheasternasia,1992,288950
unsdg_easternasiasoutheasternasia,1993,279170
unsdg_easternasiasoutheasternasia,1994,271580
unsdg_easternasiasoutheasternasia,1995,264080
unsdg_easternasiasoutheasternasia,1996,260760
unsdg_easternasiasoutheasternasia,1997,251160
unsdg_easternasiasoutheasternasia,1998,239450
unsdg_easternasiasoutheasternasia,1999,227700
unsdg_easternasiasoutheasternasia,2000,216180
unsdg_easternasiasoutheasternasia,2001,203740
unsdg_easternasiasoutheasternasia,2002,192320
unsdg_easternasiasoutheasternasia,2003,181060
unsdg_easternasiasoutheasternasia,2004,166380
unsdg_easternasiasoutheasternasia,2005,186220
unsdg_easternasiasoutheasternasia,2006,145750
unsdg_easternasiasoutheasternasia,2007,136980
unsdg_easternasiasoutheasternasia,2008,129510
unsdg_easternasiasoutheasternasia,2009,154990
unsdg_easternasiasoutheasternasia,2010,116830
unsdg_easternasiasoutheasternasia,2011,111380
unsdg_easternasiasoutheasternasia,2012,107780
unsdg_easternasiasoutheasternasia,2013,102450
unsdg_easternasiasoutheasternasia,2014,100990
unsdg_easternasiasoutheasternasia,2015,96360
unsdg_easternasiasoutheasternasia,2016,93989
unsdg_easternasiasoutheasternasia,2017,91850
unsdg_easternasiasoutheasternasia,2018,90060
unsdg_easternasiasoutheasternasia,2019,88480
unsdg_easternasiasoutheasternasia,2020,86758
unsdg_easternasiasoutheasternasia,2021,84920
unsdg_easternasiasoutheasternasia,2022,83124
unsdg_easternasiasoutheasternasia,2023,81432
unsdg_easternasiasoutheasternasia,2024,79456
unsdg_europe,1991,32788
unsdg_europe,1992,32701
unsdg_europe,1993,33940
unsdg_europe,1994,33560
unsdg_europe,1995,31442
unsdg_europe,1996,30713
unsdg_europe,1997,29356
unsdg_europe,1998,28126
unsdg_europe,1999,26560
unsdg_europe,2000,25021
unsdg_europe,2001,23565
unsdg_europe,2002,22038
unsdg_europe,2003,20461
unsdg_europe,2004,18931
unsdg_europe,2005,17437
unsdg_europe,2006,16096
unsdg_europe,2007,14926
unsdg_europe,2008,13961
unsdg_europe,2009,13183
unsdg_europe,2010,12534
unsdg_europe,2011,11976
unsdg_europe,2012,11495
unsdg_europe,2013,11110
unsdg_europe,2014,10816
unsdg_europe,2015,10571
unsdg_europe,2016,10338
unsdg_europe,2017,10111
unsdg_europe,2018,9891.0
unsdg_europe,2019,9657.0
unsdg_europe,2020,9436.0
unsdg_europe,2021,9245.0
unsdg_europe,2022,9068.0
unsdg_europe,2023,9378.0
unsdg_europe,2024,8787.0
unsdg_europenorthernamr,1991,42159
unsdg_europenorthernamr,1992,42062
unsdg_europenorthernamr,1993,43286
unsdg_europenorthernamr,1994,42890
unsdg_europenorthernamr,1995,40730
unsdg_europenorthernamr,1996,39914
unsdg_europenorthernamr,1997,38418
unsdg_europenorthernamr,1998,36982
unsdg_europenorthernamr,1999,35166
unsdg_europenorthernamr,2000,33362
unsdg_europenorthernamr,2001,31648
unsdg_europenorthernamr,2002,29881
unsdg_europenorthernamr,2003,28077
unsdg_europenorthernamr,2004,26328
unsdg_europenorthernamr,2005,24609
unsdg_europenorthernamr,2006,23018
unsdg_europenorthernamr,2007,21585
unsdg_europenorthernamr,2008,20358
unsdg_europenorthernamr,2009,19341
unsdg_europenorthernamr,2010,18496
unsdg_europenorthernamr,2011,17799
unsdg_europenorthernamr,2012,17243
unsdg_europenorthernamr,2013,16850
unsdg_europenorthernamr,2014,16595
unsdg_europenorthernamr,2015,16415
unsdg_europenorthernamr,2016,16255
unsdg_europenorthernamr,2017,16111
unsdg_europenorthernamr,2018,15987
unsdg_europenorthernamr,2019,15850
unsdg_europenorthernamr,2020,15739
unsdg_europenorthernamr,2021,15647
unsdg_europenorthernamr,2022,15552
unsdg_europenorthernamr,2023,15929
unsdg_europenorthernamr,2024,15373
unsdg_lac,1991,58589
unsdg_lac,1992,56909
unsdg_lac,1993,55379
unsdg_lac,1994,53985
unsdg_lac,1995,52683
unsdg_lac,1996,51464
unsdg_lac,1997,50283
unsdg_lac,1998,49109
unsdg_lac,1999,53536
unsdg_lac,2000,46879
unsdg_lac,2001,45849
unsdg_lac,2002,45102
unsdg_lac,2003,43947
unsdg_lac,2004,43104
unsdg_lac,2005,43105
unsdg_lac,2006,42018
unsdg_lac,2007,40848
unsdg_lac,2008,40144
unsdg_lac,2009,39407
unsdg_lac,2010,38647
unsdg_lac,2011,56169
unsdg_lac,2012,37082
unsdg_lac,2013,35657
unsdg_lac,2014,34654
unsdg_lac,2015,33711
unsdg_lac,2016,32849
unsdg_lac,2017,32193
unsdg_lac,2018,31698
unsdg_lac,2019,31105
unsdg_lac,2020,31031
unsdg_lac,2021,30816
unsdg_lac,2022,31118
unsdg_lac,2023,30205
unsdg_lac,2024,29329
unsdg_ldc,1991,549750
unsdg_ldc,1992,613240
unsdg_ldc,1993,585460
unsdg_ldc,1994,564190
unsdg_ldc,1995,591940
unsdg_ldc,1996,532200
unsdg_ldc,1997,527930
unsdg_ldc,1998,518690
unsdg_ldc,1999,530610
unsdg_ldc,2000,479120
unsdg_ldc,2001,463010
unsdg_ldc,2002,452680
unsdg_ldc,2003,444550
unsdg_ldc,2004,438560
unsdg_ldc,2005,435750
unsdg_ldc,2006,429200
unsdg_ldc,2007,418270
unsdg_ldc,2008,408770
unsdg_ldc,2009,433550
unsdg_ldc,2010,418600
unsdg_ldc,2011,404850
unsdg_ldc,2012,406120
unsdg_ldc,2013,369800
unsdg_ldc,2014,359580
unsdg_ldc,2015,369380
unsdg_ldc,2016,371710
unsdg_ldc,2017,370860
unsdg_ldc,2018,375690
unsdg_ldc,2019,350190
unsdg_ldc,2020,351230
unsdg_ldc,2021,338510
unsdg_ldc,2022,342360
unsdg_ldc,2023,366760
unsdg_ldc,2024,329040
unsdg_lldc,1991,269130
unsdg_lldc,1992,270560
unsdg_lldc,1993,287690
unsdg_lldc,1994,295780
unsdg_lldc,1995,324460
unsdg_lldc,1996,266840
unsdg_lldc,1997,267020
unsdg_lldc,1998,264480
unsdg_lldc,1999,285490
unsdg_lldc,2000,242520
unsdg_lldc,2001,234710
unsdg_lldc,2002,228800
unsdg_lldc,2003,223140
unsdg_lldc,2004,215730
unsdg_lldc,2005,210020
unsdg_lldc,2006,204380
unsdg_lldc,2007,198930
unsdg_lldc,2008,193470
unsdg_lldc,2009,188290
unsdg_lldc,2010,211740
unsdg_lldc,2011,180230
unsdg_lldc,2012,175140
unsdg_lldc,2013,170760
unsdg_lldc,2014,168950
unsdg_lldc,2015,180390
unsdg_lldc,2016,183300
unsdg_lldc,2017,183710
unsdg_lldc,2018,183980
unsdg_lldc,2019,160420
unsdg_lldc,2020,163840
unsdg_lldc,2021,152160
unsdg_lldc,2022,155850
unsdg_lldc,2023,174840
unsdg_lldc,2024,145810
unsdg_northafr,1991,47950
unsdg_northafr,1992,46782
unsdg_northafr,1993,45518
unsdg_northafr,1994,44215
unsdg_northafr,1995,42836
unsdg_northafr,1996,41345
unsdg_northafr,1997,39764
unsdg_northafr,1998,38176
unsdg_northafr,1999,36678
unsdg_northafr,2000,35198
unsdg_northafr,2001,33784
unsdg_northafr,2002,32446
unsdg_northafr,2003,31172
unsdg_northafr,2004,32902
unsdg_northafr,2005,34367
unsdg_northafr,2006,33813
unsdg_northafr,2007,28878
unsdg_northafr,2008,26561
unsdg_northafr,2009,27663
unsdg_northafr,2010,25686
unsdg_northafr,2011,25394
unsdg_northafr,2012,25367
unsdg_northafr,2013,24931
unsdg_northafr,2014,24741
unsdg_northafr,2015,24619
unsdg_northafr,2016,24428
unsdg_northafr,2017,24221
unsdg_northafr,2018,24010
unsdg_northafr,2019,23805
unsdg_northafr,2020,23765
unsdg_northafr,2021,23637
unsdg_northafr,2022,23499
unsdg_northafr,2023,23381
unsdg_northafr,2024,26491
unsdg_northernamr,1991,9371.0
unsdg_northernamr,1992,9361.0
unsdg_northernamr,1993,9346.0
unsdg_northernamr,1994,9330.0
unsdg_northernamr,1995,9288.0
unsdg_northernamr,1996,9201.0
unsdg_northernamr,1997,9062.0
unsdg_northernamr,1998,8856.0
unsdg_northernamr,1999,8606.0
unsdg_northernamr,2000,8341.0
unsdg_northernamr,2001,8083.0
unsdg_northernamr,2002,7843.0
unsdg_northernamr,2003,7616.0
unsdg_northernamr,2004,7397.0
unsdg_northernamr,2005,7173.0
unsdg_northernamr,2006,6922.0
unsdg_northernamr,2007,6659.0
unsdg_northernamr,2008,6397.0
unsdg_northernamr,2009,6158.0
unsdg_northernamr,2010,5962.0
unsdg_northernamr,2011,5823.0
unsdg_northernamr,2012,5748.0
unsdg_northernamr,2013,5740.0
unsdg_northernamr,2014,5779.0
unsdg_northernamr,2015,5844.0
unsdg_northernamr,2016,5917.0
unsdg_northernamr,2017,6000.0
unsdg_northernamr,2018,6096.0
unsdg_northernamr,2019,6193.0
unsdg_northernamr,2020,6303.0
unsdg_northernamr,2021,6402.0
unsdg_northernamr,2022,6484.0
unsdg_northernamr,2023,6551.0
unsdg_northernamr,2024,6586.0
unsdg_oceania,1991,2539.0
unsdg_oceania,1992,2541.0
unsdg_oceania,1993,2547.0
unsdg_oceania,1994,2559.0
unsdg_oceania,1995,2568.0
unsdg_oceania,1996,2577.0
unsdg_oceania,1997,2584.0
unsdg_oceania,1998,2585.0
unsdg_oceania,1999,3100.0
unsdg_oceania,2000,2590.0
unsdg_oceania,2001,2591.0
unsdg_oceania,2002,2588.0
unsdg_oceania,2003,2601.0
unsdg_oceania,2004,2586.0
unsdg_oceania,2005,2586.0
unsdg_oceania,2006,2579.0
unsdg_oceania,2007,2578.0
unsdg_oceania,2008,2585.0
unsdg_oceania,2009,2573.0
unsdg_oceania,2010,2604.0
unsdg_oceania,2011,2565.0
unsdg_oceania,2012,2562.0
unsdg_oceania,2013,2557.0
unsdg_oceania,2014,2555.0
unsdg_oceania,2015,2549.0
unsdg_oceania,2016,2544.0
unsdg_oceania,2017,2547.0
unsdg_oceania,2018,2530.0
unsdg_oceania,2019,2511.0
unsdg_oceania,2020,2498.0
unsdg_oceania,2021,2498.0
unsdg_oceania,2022,2460.0
unsdg_oceania,2023,2428.0
unsdg_oceania,2024,2392.0
unsdg_oceaniaexausnzl,1991,1930.0
unsdg_oceaniaexausnzl,1992,1947.0
unsdg_oceaniaexausnzl,1993,1970.0
unsdg_oceaniaexausnzl,1994,1996.0
unsdg_oceaniaexausnzl,1995,2018.0
unsdg_oceaniaexausnzl,1996,2039.0
unsdg_oceaniaexausnzl,1997,2057.0
unsdg_oceaniaexausnzl,1998,2074.0
unsdg_oceaniaexausnzl,1999,2603.0
unsdg_oceaniaexausnzl,2000,2106.0
unsdg_oceaniaexausnzl,2001,2124.0
unsdg_oceaniaexausnzl,2002,2137.0
unsdg_oceaniaexausnzl,2003,2164.0
unsdg_oceaniaexausnzl,2004,2163.0
unsdg_oceaniaexausnzl,2005,2177.0
unsdg_oceaniaexausnzl,2006,2186.0
unsdg_oceaniaexausnzl,2007,2196.0
unsdg_oceaniaexausnzl,2008,2215.0
unsdg_oceaniaexausnzl,2009,2212.0
unsdg_oceaniaexausnzl,2010,2250.0
unsdg_oceaniaexausnzl,2011,2219.0
unsdg_oceaniaexausnzl,2012,2221.0
unsdg_oceaniaexausnzl,2013,2221.0
unsdg_oceaniaexausnzl,2014,2221.0
unsdg_oceaniaexausnzl,2015,2218.0
unsdg_oceaniaexausnzl,2016,2214.0
unsdg_oceaniaexausnzl,2017,2217.0
unsdg_oceaniaexausnzl,2018,2197.0
unsdg_oceaniaexausnzl,2019,2177.0
unsdg_oceaniaexausnzl,2020,2162.0
unsdg_oceaniaexausnzl,2021,2159.0
unsdg_oceaniaexausnzl,2022,2121.0
unsdg_oceaniaexausnzl,2023,2089.0
unsdg_oceaniaexausnzl,2024,2056.0
unsdg_sids,1991,12054
unsdg_sids,1992,11996
unsdg_sids,1993,11910
unsdg_sids,1994,11838
unsdg_sids,1995,11776
unsdg_sids,1996,11823
unsdg_sids,1997,11664
unsdg_sids,1998,11675
unsdg_sids,1999,11975
unsdg_sids,2000,11352
unsdg_sids,2001,10396
unsdg_sids,2002,10229
unsdg_sids,2003,10077
unsdg_sids,2004,9886.0
unsdg_sids,2005,10506
unsdg_sids,2006,9498.0
unsdg_sids,2007,9327.0
unsdg_sids,2008,9166.0
unsdg_sids,2009,8983.0
unsdg_sids,2010,8835.0
unsdg_sids,2011,27125
unsdg_sids,2012,8844.0
unsdg_sids,2013,8262.0
unsdg_sids,2014,8098.0
unsdg_sids,2015,7945.0
unsdg_sids,2016,7784.0
unsdg_sids,2017,7651.0
unsdg_sids,2018,7497.0
unsdg_sids,2019,7349.0
unsdg_sids,2020,7280.0
unsdg_sids,2021,7116.0
unsdg_sids,2022,7458.0
unsdg_sids,2023,6847.0
unsdg_sids,2024,6709.0
unsdg_southasia,1991,611180
unsdg_southasia,1992,639340
unsdg_southasia,1993,587680
unsdg_southasia,1994,577910
unsdg_southasia,1995,569740
unsdg_southasia,1996,559430
unsdg_southasia,1997,546570
unsdg_southasia,1998,530640
unsdg_southasia,1999,513940
unsdg_southasia,2000,491920
unsdg_southasia,2001,473720
unsdg_southasia,2002,457450
unsdg_southasia,2003,443280
unsdg_southasia,2004,435940
unsdg_southasia,2005,425030
unsdg_southasia,2006,426010
unsdg_southasia,2007,397810
unsdg_southasia,2008,385110
unsdg_southasia,2009,370400
unsdg_southasia,2010,355650
unsdg_southasia,2011,336470
unsdg_southasia,2012,318320
unsdg_southasia,2013,300310
unsdg_southasia,2014,283660
unsdg_southasia,2015,267810
unsdg_southasia,2016,254620
unsdg_southasia,2017,238390
unsdg_southasia,2018,223090
unsdg_southasia,2019,210340
unsdg_southasia,2020,198330
unsdg_southasia,2021,187190
unsdg_southasia,2022,178460
unsdg_southasia,2023,168710
unsdg_southasia,2024,161160
unsdg_southeasternasia,1991,140460
unsdg_southeasternasia,1992,138300
unsdg_southeasternasia,1993,132260
unsdg_southeasternasia,1994,127880
unsdg_southeasternasia,1995,123830
unsdg_southeasternasia,1996,120040
unsdg_southeasternasia,1997,116400
unsdg_southeasternasia,1998,112730
unsdg_southeasternasia,1999,108990
unsdg_southeasternasia,2000,105070
unsdg_southeasternasia,2001,100390
unsdg_southeasternasia,2002,96652
unsdg_southeasternasia,2003,92949
unsdg_southeasternasia,2004,89201
unsdg_southeasternasia,2005,115640
unsdg_southeasternasia,2006,81353
unsdg_southeasternasia,2007,77618
unsdg_southeasternasia,2008,74055
unsdg_southeasternasia,2009,102880
unsdg_southeasternasia,2010,67629
unsdg_southeasternasia,2011,64775
unsdg_southeasternasia,2012,62237
unsdg_southeasternasia,2013,59998
unsdg_southeasternasia,2014,60016
unsdg_southeasternasia,2015,56527
unsdg_southeasternasia,2016,55180
unsdg_southeasternasia,2017,53981
unsdg_southeasternasia,2018,52901
unsdg_southeasternasia,2019,51790
unsdg_southeasternasia,2020,50583
unsdg_southeasternasia,2021,49382
unsdg_southeasternasia,2022,48262
unsdg_southeasternasia,2023,47157
unsdg_southeasternasia,2024,46027
unsdg_subsaharanafrica,1991,544100
unsdg_subsaharanafrica,1992,568690
unsdg_subsaharanafrica,1993,591560
unsdg_subsaharanafrica,1994,577680
unsdg_subsaharanafrica,1995,609760
unsdg_subsaharanafrica,1996,555210
unsdg_subsaharanafrica,1997,557340
unsdg_subsaharanafrica,1998,557040
unsdg_subsaharanafrica,1999,577030
unsdg_subsaharanafrica,2000,538390
unsdg_subsaharanafrica,2001,531820
unsdg_subsaharanafrica,2002,527720
unsdg_subsaharanafrica,2003,523390
unsdg_subsaharanafrica,2004,516950
unsdg_subsaharanafrica,2005,511620
unsdg_subsaharanafrica,2006,506680
unsdg_subsaharanafrica,2007,501590
unsdg_subsaharanafrica,2008,496400
unsdg_subsaharanafrica,2009,491210
unsdg_subsaharanafrica,2010,514410
unsdg_subsaharanafrica,2011,486910
unsdg_subsaharanafrica,2012,511040
unsdg_subsaharanafrica,2013,479620
unsdg_subsaharanafrica,2014,473240
unsdg_subsaharanafrica,2015,486230
unsdg_subsaharanafrica,2016,488560
unsdg_subsaharanafrica,2017,491700
unsdg_subsaharanafrica,2018,499830
unsdg_subsaharanafrica,2019,474530
unsdg_subsaharanafrica,2020,476490
unsdg_subsaharanafrica,2021,463750
unsdg_subsaharanafrica,2022,465320
unsdg_subsaharanafrica,2023,490480
unsdg_subsaharanafrica,2024,451200
unsdg_westernasia,1991,39832
unsdg_westernasia,1992,36026
unsdg_westernasia,1993,32878
unsdg_westernasia,1994,32580
unsdg_westernasia,1995,32330
unsdg_westernasia,1996,31941
unsdg_westernasia,1997,31437
unsdg_westernasia,1998,30891
unsdg_westernasia,1999,30306
unsdg_westernasia,2000,32855
unsdg_westernasia,2001,29030
unsdg_westernasia,2002,28369
unsdg_westernasia,2003,27626
unsdg_westernasia,2004,26855
unsdg_westernasia,2005,26094
unsdg_westernasia,2006,25395
unsdg_westernasia,2007,24660
unsdg_westernasia,2008,23916
unsdg_westernasia,2009,23339
unsdg_westernasia,2010,22834
unsdg_westernasia,2011,22183
unsdg_westernasia,2012,22431
unsdg_westernasia,2013,25300
unsdg_westernasia,2014,25639
unsdg_westernasia,2015,25417
unsdg_westernasia,2016,26276
unsdg_westernasia,2017,24766
unsdg_westernasia,2018,24792
unsdg_westernasia,2019,25241
unsdg_westernasia,2020,23323
unsdg_westernasia,2021,22038
unsdg_westernasia,2022,21912
unsdg_westernasia,2023,21836
unsdg_westernasia,2024,32114
unsdg_westernasianorthernafr,1991,87782
unsdg_westernasianorthernafr,1992,82808
unsdg_westernasianorthernafr,1993,78396
unsdg_westernasianorthernafr,1994,76795
unsdg_westernasianorthernafr,1995,75166
unsdg_westernasianorthernafr,1996,73286
unsdg_westernasianorthernafr,1997,71201
unsdg_westernasianorthernafr,1998,69067
unsdg_westernasianorthernafr,1999,66984
unsdg_westernasianorthernafr,2000,68053
unsdg_westernasianorthernafr,2001,62814
unsdg_westernasianorthernafr,2002,60815
unsdg_westernasianorthernafr,2003,58798
unsdg_westernasianorthernafr,2004,59757
unsdg_westernasianorthernafr,2005,60461
unsdg_westernasianorthernafr,2006,59208
unsdg_westernasianorthernafr,2007,53538
unsdg_westernasianorthernafr,2008,50477
unsdg_westernasianorthernafr,2009,51002
unsdg_westernasianorthernafr,2010,48520
unsdg_westernasianorthernafr,2011,47577
unsdg_westernasianorthernafr,2012,47798
unsdg_westernasianorthernafr,2013,50231
unsdg_westernasianorthernafr,2014,50380
unsdg_westernasianorthernafr,2015,50036
unsdg_westernasianorthernafr,2016,50704
unsdg_westernasianorthernafr,2017,48987
unsdg_westernasianorthernafr,2018,48802
unsdg_westernasianorthernafr,2019,49046
unsdg_westernasianorthernafr,2020,47088
unsdg_westernasianorthernafr,2021,45675
unsdg_westernasianorthernafr,2022,45411
unsdg_westernasianorthernafr,2023,45217
unsdg_westernasianorthernafr,2024,58605
ury,1991,172.00
ury,1992,167.00
ury,1993,162.00
ury,1994,158.00
ury,1995,155.00
ury,1996,152.00
ury,1997,148.00
ury,1998,146.00
ury,1999,144.00
ury,2000,142.00
ury,2001,139.00
ury,2002,136.00
ury,2003,134.00
ury,2004,130.00
ury,2005,126.00
ury,2006,124.00
ury,2007,119.00
ury,2008,116.00
ury,2009,112.00
ury,2010,108.00
ury,2011,105.00
ury,2012,100.00
ury,2013,97.000
ury,2014,94.000
ury,2015,90.000
ury,2016,88.000
ury,2017,85.000
ury,2018,82.000
ury,2019,81.000
ury,2020,77.000
ury,2021,77.000
ury,2022,74.000
ury,2023,72.000
ury,2024,71.000
usa,1991,8574.0
usa,1992,8583.0
usa,1993,8586.0
usa,1994,8591.0
usa,1995,8568.0
usa,1996,8500.0
usa,1997,8381.0
usa,1998,8195.0
usa,1999,7966.0
usa,2000,7726.0
usa,2001,7493.0
usa,2002,7274.0
usa,2003,7067.0
usa,2004,6868.0
usa,2005,6663.0
usa,2006,6431.0
usa,2007,6187.0
usa,2008,5943.0
usa,2009,5722.0
usa,2010,5542.0
usa,2011,5420.0
usa,2012,5358.0
usa,2013,5357.0
usa,2014,5400.0
usa,2015,5468.0
usa,2016,5541.0
usa,2017,5622.0
usa,2018,5716.0
usa,2019,5810.0
usa,2020,5913.0
usa,2021,6006.0
usa,2022,6081.0
usa,2023,6139.0
usa,2024,6171.0
uzb,1991,3352.0
uzb,1992,3479.0
uzb,1993,3609.0
uzb,1994,3715.0
uzb,1995,3781.0
uzb,1996,3801.0
uzb,1997,3783.0
uzb,1998,3719.0
uzb,1999,3601.0
uzb,2000,3432.0
uzb,2001,3225.0
uzb,2002,3001.0
uzb,2003,2783.0
uzb,2004,2589.0
uzb,2005,2425.0
uzb,2006,2290.0
uzb,2007,2179.0
uzb,2008,2096.0
uzb,2009,2040.0
uzb,2010,2004.0
uzb,2011,1986.0
uzb,2012,1974.0
uzb,2013,1976.0
uzb,2014,1991.0
uzb,2015,2012.0
uzb,2016,2026.0
uzb,2017,2029.0
uzb,2018,2027.0
uzb,2019,2042.0
uzb,2020,2109.0
uzb,2021,2268.0
uzb,2022,2527.0
uzb,2023,2889.0
uzb,2024,3357.0
vct,1991,12.000
vct,1992,12.000
vct,1993,11.000
vct,1994,10.000
vct,1995,10.000
vct,1996,10.000
vct,1997,10.000
vct,1998,10.000
vct,1999,10.000
vct,2000,10.000
vct,2001,10.000
vct,2002,10.000
vct,2003,10.000
vct,2004,10.000
vct,2005,10.000
vct,2006,10.000
vct,2007,10.000
vct,2008,8.0000
vct,2009,8.0000
vct,2010,8.0000
vct,2011,8.0000
vct,2012,8.0000
vct,2013,8.0000
vct,2014,8.0000
vct,2015,8.0000
vct,2016,8.0000
vct,2017,8.0000
vct,2018,8.0000
vct,2019,8.0000
vct,2020,8.0000
vct,2021,7.0000
vct,2022,7.0000
vct,2023,7.0000
vct,2024,7.0000
ven,1991,2157.0
ven,1992,2133.0
ven,1993,2113.0
ven,1994,2098.0
ven,1995,2090.0
ven,1996,2083.0
ven,1997,2077.0
ven,1998,2077.0
ven,1999,2084.0
ven,2000,2103.0
ven,2001,2127.0
ven,2002,2159.0
ven,2003,2187.0
ven,2004,2202.0
ven,2005,2197.0
ven,2006,2176.0
ven,2007,2145.0
ven,2008,2106.0
ven,2009,2057.0
ven,2010,2001.0
ven,2011,1949.0
ven,2012,1908.0
ven,2013,1882.0
ven,2014,1868.0
ven,2015,1863.0
ven,2016,1867.0
ven,2017,1870.0
ven,2018,2136.0
ven,2019,2120.0
ven,2020,1820.0
ven,2021,1795.0
ven,2022,1774.0
ven,2023,1750.0
ven,2024,1722.0
vgb,1991,0.0000
vgb,1992,0.0000
vgb,1993,0.0000
vgb,1994,0.0000
vgb,1995,0.0000
vgb,1996,0.0000
vgb,1997,0.0000
vgb,1998,0.0000
vgb,1999,0.0000
vgb,2000,0.0000
vgb,2001,0.0000
vgb,2002,0.0000
vgb,2003,0.0000
vgb,2004,0.0000
vgb,2005,0.0000
vgb,2006,0.0000
vgb,2007,0.0000
vgb,2008,0.0000
vgb,2009,0.0000
vgb,2010,0.0000
vgb,2011,0.0000
vgb,2012,0.0000
vgb,2013,0.0000
vgb,2014,0.0000
vgb,2015,0.0000
vgb,2016,0.0000
vgb,2017,0.0000
vgb,2018,0.0000
vgb,2019,0.0000
vgb,2020,0.0000
vgb,2021,0.0000
vgb,2022,0.0000
vgb,2023,0.0000
vgb,2024,0.0000
vnm,1991,17302
vnm,1992,16610
vnm,1993,15838
vnm,1994,15021
vnm,1995,14257
vnm,1996,13552
vnm,1997,12918
vnm,1998,12290
vnm,1999,11663
vnm,2000,10994
vnm,2001,10290
vnm,2002,9578.0
vnm,2003,8905.0
vnm,2004,8271.0
vnm,2005,7652.0
vnm,2006,7092.0
vnm,2007,6634.0
vnm,2008,6248.0
vnm,2009,5902.0
vnm,2010,5601.0
vnm,2011,5327.0
vnm,2012,5104.0
vnm,2013,4939.0
vnm,2014,4837.0
vnm,2015,4759.0
vnm,2016,4658.0
vnm,2017,4580.0
vnm,2018,4574.0
vnm,2019,4604.0
vnm,2020,4593.0
vnm,2021,4551.0
vnm,2022,4484.0
vnm,2023,4412.0
vnm,2024,4322.0
vut,1991,28.000
vut,1992,27.000
vut,1993,27.000
vut,1994,28.000
vut,1995,28.000
vut,1996,28.000
vut,1997,29.000
vut,1998,29.000
vut,1999,29.000
vut,2000,30.000
vut,2001,30.000
vut,2002,30.000
vut,2003,29.000
vut,2004,29.000
vut,2005,28.000
vut,2006,28.000
vut,2007,28.000
vut,2008,28.000
vut,2009,26.000
vut,2010,26.000
vut,2011,26.000
vut,2012,26.000
vut,2013,26.000
vut,2014,26.000
vut,2015,26.000
vut,2016,26.000
vut,2017,26.000
vut,2018,26.000
vut,2019,27.000
vut,2020,27.000
vut,2021,30.000
vut,2022,30.000
vut,2023,30.000
vut,2024,30.000
wb_hi,1991,47951
wb_hi,1992,47323
wb_hi,1993,46594
wb_hi,1994,45761
wb_hi,1995,44780
wb_hi,1996,43886
wb_hi,1997,41984
wb_hi,1998,40322
wb_hi,1999,38467
wb_hi,2000,36591
wb_hi,2001,34861
wb_hi,2002,33131
wb_hi,2003,31370
wb_hi,2004,29652
wb_hi,2005,27931
wb_hi,2006,26321
wb_hi,2007,24864
wb_hi,2008,23614
wb_hi,2009,22528
wb_hi,2010,21620
wb_hi,2011,20852
wb_hi,2012,21448
wb_hi,2013,19764
wb_hi,2014,19446
wb_hi,2015,19211
wb_hi,2016,18992
wb_hi,2017,18799
wb_hi,2018,18629
wb_hi,2019,18449
wb_hi,2020,18364
wb_hi,2021,18218
wb_hi,2022,18115
wb_hi,2023,18071
wb_hi,2024,17945
wb_li,1991,352070
wb_li,1992,375550
wb_li,1993,391920
wb_li,1994,375770
wb_li,1995,405530
wb_li,1996,352220
wb_li,1997,352280
wb_li,1998,350040
wb_li,1999,371650
wb_li,2000,330150
wb_li,2001,322950
wb_li,2002,318170
wb_li,2003,313540
wb_li,2004,305780
wb_li,2005,303360
wb_li,2006,298850
wb_li,2007,289840
wb_li,2008,283370
wb_li,2009,280060
wb_li,2010,302010
wb_li,2011,274620
wb_li,2012,299120
wb_li,2013,270370
wb_li,2014,264430
wb_li,2015,276820
wb_li,2016,280150
wb_li,2017,281470
wb_li,2018,287820
wb_li,2019,263400
wb_li,2020,263550
wb_li,2021,251370
wb_li,2022,255690
wb_li,2023,281860
wb_li,2024,246430
wb_lmi,1991,915360
wb_lmi,1992,953900
wb_lmi,1993,904000
wb_lmi,1994,893070
wb_lmi,1995,884000
wb_lmi,1996,872930
wb_lmi,1997,858990
wb_lmi,1998,841070
wb_lmi,1999,824940
wb_lmi,2000,795660
wb_lmi,2001,772910
wb_lmi,2002,752810
wb_lmi,2003,734450
wb_lmi,2004,717790
wb_lmi,2005,708680
wb_lmi,2006,705210
wb_lmi,2007,673700
wb_lmi,2008,658230
wb_lmi,2009,673400
wb_lmi,2010,624550
wb_lmi,2011,622260
wb_lmi,2012,585320
wb_lmi,2013,566730
wb_lmi,2014,551670
wb_lmi,2015,534160
wb_lmi,2016,520740
wb_lmi,2017,504610
wb_lmi,2018,490780
wb_lmi,2019,477220
wb_lmi,2020,464700
wb_lmi,2021,451410
wb_lmi,2022,440260
wb_lmi,2023,428980
wb_lmi,2024,422090
wb_umi,1991,332700
wb_umi,1992,310110
wb_umi,1993,301590
wb_umi,1994,294980
wb_umi,1995,286740
wb_umi,1996,279920
wb_umi,1997,270760
wb_umi,1998,259390
wb_umi,1999,247960
wb_umi,2000,240110
wb_umi,2001,226160
wb_umi,2002,216030
wb_umi,2003,205640
wb_umi,2004,201310
wb_umi,2005,216840
wb_umi,2006,177840
wb_umi,2007,169270
wb_umi,2008,161970
wb_umi,2009,155400
wb_umi,2010,149360
wb_umi,2011,143460
wb_umi,2012,138230
wb_umi,2013,133110
wb_umi,2014,128850
wb_umi,2015,125270
wb_umi,2016,122030
wb_umi,2017,119310
wb_umi,2018,116960
wb_umi,2019,115030
wb_umi,2020,113950
wb_umi,2021,112350
wb_umi,2022,110550
wb_umi,2023,109080
wb_umi,2024,115150
world,1991,1650200
world,1992,1689000
world,1993,1646200
world,1994,1611700
world,1995,1623100
world,1996,1551000
world,1997,1526100
world,1998,1492900
world,1999,1485100
world,2000,1404600
world,2001,1359000
world,2002,1322300
world,2003,1287200
world,2004,1256700
world,2005,1259000
world,2006,1210400
world,2007,1159800
world,2008,1129300
world,2009,1133400
world,2010,1099500
world,2011,1063100
world,2012,1046000
world,2013,991860
world,2014,966270
world,2015,957330
world,2016,943780
world,2017,926060
world,2018,916320
world,2019,876220
world,2020,862390
world,2021,835140
world,2022,826390
world,2023,839740
world,2024,803350
wsm,1991,22.000
wsm,1992,22.000
wsm,1993,22.000
wsm,1994,22.000
wsm,1995,21.000
wsm,1996,21.000
wsm,1997,20.000
wsm,1998,20.000
wsm,1999,20.000
wsm,2000,20.000
wsm,2001,20.000
wsm,2002,20.000
wsm,2003,20.000
wsm,2004,20.000
wsm,2005,19.000
wsm,2006,18.000
wsm,2007,18.000
wsm,2008,17.000
wsm,2009,17.000
wsm,2010,48.000
wsm,2011,15.000
wsm,2012,15.000
wsm,2013,14.000
wsm,2014,14.000
wsm,2015,14.000
wsm,2016,13.000
wsm,2017,13.000
wsm,2018,12.000
wsm,2019,12.000
wsm,2020,12.000
wsm,2021,12.000
wsm,2022,12.000
wsm,2023,12.000
wsm,2024,12.000
yem,1991,7610.0
yem,1992,7653.0
yem,1993,7689.0
yem,1994,7724.0
yem,1995,7749.0
yem,1996,7756.0
yem,1997,7742.0
yem,1998,7713.0
yem,1999,7662.0
yem,2000,7592.0
yem,2001,7485.0
yem,2002,7343.0
yem,2003,7169.0
yem,2004,7002.0
yem,2005,6839.0
yem,2006,6700.0
yem,2007,6587.0
yem,2008,6496.0
yem,2009,6418.0
yem,2010,6376.0
yem,2011,6355.0
yem,2012,6432.0
yem,2013,6565.0
yem,2014,6499.0
yem,2015,6718.0
yem,2016,7577.0
yem,2017,7605.0
yem,2018,7677.0
yem,2019,8436.0
yem,2020,8684.0
yem,2021,8076.0
yem,2022,8374.0
yem,2023,8275.0
yem,2024,8148.0
zaf,1991,7424.0
zaf,1992,7895.0
zaf,1993,8391.0
zaf,1994,8787.0
zaf,1995,9221.0
zaf,1996,9679.0
zaf,1997,10100
zaf,1998,10505
zaf,1999,10851
zaf,2000,11212
zaf,2001,11642
zaf,2002,12163
zaf,2003,12693
zaf,2004,13168
zaf,2005,13494
zaf,2006,13562
zaf,2007,13313
zaf,2008,12818
zaf,2009,12150
zaf,2010,11424
zaf,2011,10691
zaf,2012,9942.0
zaf,2013,9241.0
zaf,2014,8604.0
zaf,2015,8004.0
zaf,2016,7484.0
zaf,2017,7068.0
zaf,2018,6764.0
zaf,2019,6554.0
zaf,2020,6399.0
zaf,2021,6261.0
zaf,2022,6132.0
zaf,2023,6049.0
zaf,2024,6016.0
zmb,1991,6211.0
zmb,1992,6304.0
zmb,1993,6373.0
zmb,1994,6431.0
zmb,1995,6477.0
zmb,1996,6512.0
zmb,1997,6545.0
zmb,1998,6562.0
zmb,1999,6550.0
zmb,2000,6536.0
zmb,2001,6508.0
zmb,2002,6469.0
zmb,2003,6421.0
zmb,2004,6372.0
zmb,2005,6309.0
zmb,2006,6242.0
zmb,2007,6183.0
zmb,2008,6121.0
zmb,2009,6075.0
zmb,2010,6039.0
zmb,2011,6005.0
zmb,2012,5981.0
zmb,2013,5948.0
zmb,2014,5906.0
zmb,2015,5856.0
zmb,2016,5797.0
zmb,2017,5723.0
zmb,2018,5654.0
zmb,2019,5583.0
zmb,2020,5509.0
zmb,2021,5437.0
zmb,2022,5352.0
zmb,2023,5268.0
zmb,2024,5193.0
zwe,1991,4110.0
zwe,1992,4197.0
zwe,1993,4434.0
zwe,1994,4616.0
zwe,1995,4579.0
zwe,1996,4560.0
zwe,1997,4550.0
zwe,1998,4561.0
zwe,1999,4569.0
zwe,2000,4556.0
zwe,2001,4528.0
zwe,2002,4512.0
zwe,2003,4562.0
zwe,2004,4684.0
zwe,2005,4842.0
zwe,2006,4998.0
zwe,2007,5158.0
zwe,2008,5287.0
zwe,2009,5372.0
zwe,2010,5434.0
zwe,2011,5455.0
zwe,2012,5442.0
zwe,2013,5390.0
zwe,2014,5324.0
zwe,2015,5259.0
zwe,2016,5213.0
zwe,2017,5176.0
zwe,2018,5146.0
zwe,2019,5114.0
zwe,2020,5077.0
zwe,2021,5029.0
zwe,2022,4986.0
zwe,2023,4914.0
zwe,2024,4856.0
