geo,year,deaths_10_19_median
afg,1991,10808
afg,1992,10418
afg,1993,10356
afg,1994,7299.0
afg,1995,8356.0
afg,1996,7596.0
afg,1997,7265.0
afg,1998,7034.0
afg,1999,8190.0
afg,2000,6461.0
afg,2001,6225.0
afg,2002,5984.0
afg,2003,5608.0
afg,2004,5820.0
afg,2005,5967.0
afg,2006,6232.0
afg,2007,7074.0
afg,2008,7720.0
afg,2009,8087.0
afg,2010,8713.0
afg,2011,9458.0
afg,2012,10276
afg,2013,11187
afg,2014,11746
afg,2015,13752
afg,2016,15120
afg,2017,15638
afg,2018,16726
afg,2019,17373
afg,2020,17160
afg,2021,17091
afg,2022,18284
afg,2023,13870
afg,2024,13673
ago,1991,13058
ago,1992,11808
ago,1993,13802
ago,1994,13922
ago,1995,13736
ago,1996,12454
ago,1997,12900
ago,1998,13325
ago,1999,14647
ago,2000,15307
ago,2001,15336
ago,2002,15816
ago,2003,15745
ago,2004,14914
ago,2005,14934
ago,2006,14889
ago,2007,14741
ago,2008,14550
ago,2009,14338
ago,2010,14106
ago,2011,13865
ago,2012,13646
ago,2013,13445
ago,2014,13289
ago,2015,13201
ago,2016,13193
ago,2017,13241
ago,2018,13350
ago,2019,13500
ago,2020,13686
ago,2021,13874
ago,2022,14066
ago,2023,14244
ago,2024,14415
aia,1991,1.0000
aia,1992,0.0000
aia,1993,0.0000
aia,1994,0.0000
aia,1995,0.0000
aia,1996,0.0000
aia,1997,0.0000
aia,1998,0.0000
aia,1999,0.0000
aia,2000,0.0000
aia,2001,0.0000
aia,2002,0.0000
aia,2003,0.0000
aia,2004,0.0000
aia,2005,0.0000
aia,2006,0.0000
aia,2007,0.0000
aia,2008,0.0000
aia,2009,0.0000
aia,2010,0.0000
aia,2011,0.0000
aia,2012,0.0000
aia,2013,0.0000
aia,2014,0.0000
aia,2015,0.0000
aia,2016,0.0000
aia,2017,0.0000
aia,2018,0.0000
aia,2019,0.0000
aia,2020,0.0000
aia,2021,0.0000
aia,2022,0.0000
aia,2023,0.0000
aia,2024,0.0000
alb,1991,376.00
alb,1992,372.00
alb,1993,367.00
alb,1994,359.00
alb,1995,352.00
alb,1996,348.00
alb,1997,347.00
alb,1998,406.00
alb,1999,340.00
alb,2000,332.00
alb,2001,320.00
alb,2002,303.00
alb,2003,285.00
alb,2004,268.00
alb,2005,257.00
alb,2006,247.00
alb,2007,241.00
alb,2008,236.00
alb,2009,232.00
alb,2010,226.00
alb,2011,219.00
alb,2012,211.00
alb,2013,200.00
alb,2014,185.00
alb,2015,170.00
alb,2016,153.00
alb,2017,140.00
alb,2018,127.00
alb,2019,116.00
alb,2020,106.00
alb,2021,98.000
alb,2022,91.000
alb,2023,93.000
alb,2024,83.000
and,1991,4.0000
and,1992,4.0000
and,1993,4.0000
and,1994,4.0000
and,1995,4.0000
and,1996,3.0000
and,1997,3.0000
and,1998,2.0000
and,1999,2.0000
and,2000,2.0000
and,2001,2.0000
and,2002,1.0000
and,2003,1.0000
and,2004,1.0000
and,2005,1.0000
and,2006,1.0000
and,2007,1.0000
and,2008,1.0000
and,2009,1.0000
and,2010,1.0000
and,2011,1.0000
and,2012,1.0000
and,2013,1.0000
and,2014,1.0000
and,2015,1.0000
and,2016,1.0000
and,2017,1.0000
and,2018,1.0000
and,2019,1.0000
and,2020,1.0000
and,2021,1.0000
and,2022,1.0000
and,2023,1.0000
and,2024,1.0000
are,1991,152.00
are,1992,152.00
are,1993,152.00
are,1994,151.00
are,1995,148.00
are,1996,148.00
are,1997,166.00
are,1998,194.00
are,1999,217.00
are,2000,230.00
are,2001,235.00
are,2002,234.00
are,2003,226.00
are,2004,216.00
are,2005,201.00
are,2006,189.00
are,2007,185.00
are,2008,202.00
are,2009,225.00
are,2010,237.00
are,2011,244.00
are,2012,250.00
are,2013,256.00
are,2014,263.00
are,2015,271.00
are,2016,280.00
are,2017,284.00
are,2018,282.00
are,2019,278.00
are,2020,268.00
are,2021,263.00
are,2022,265.00
are,2023,269.00
are,2024,267.00
arg,1991,3224.0
arg,1992,3258.0
arg,1993,3310.0
arg,1994,3372.0
arg,1995,3422.0
arg,1996,3461.0
arg,1997,3498.0
arg,1998,3537.0
arg,1999,3572.0
arg,2000,3601.0
arg,2001,3608.0
arg,2002,3580.0
arg,2003,3520.0
arg,2004,3459.0
arg,2005,3427.0
arg,2006,3433.0
arg,2007,3480.0
arg,2008,3562.0
arg,2009,3652.0
arg,2010,3729.0
arg,2011,3778.0
arg,2012,3795.0
arg,2013,3779.0
arg,2014,3719.0
arg,2015,3612.0
arg,2016,3473.0
arg,2017,3332.0
arg,2018,3200.0
arg,2019,3082.0
arg,2020,2976.0
arg,2021,2899.0
arg,2022,2876.0
arg,2023,2899.0
arg,2024,2942.0
arm,1991,243.00
arm,1992,244.00
arm,1993,265.00
arm,1994,303.00
arm,1995,339.00
arm,1996,325.00
arm,1997,280.00
arm,1998,242.00
arm,1999,223.00
arm,2000,206.00
arm,2001,187.00
arm,2002,171.00
arm,2003,163.00
arm,2004,162.00
arm,2005,163.00
arm,2006,165.00
arm,2007,168.00
arm,2008,170.00
arm,2009,168.00
arm,2010,164.00
arm,2011,154.00
arm,2012,143.00
arm,2013,131.00
arm,2014,124.00
arm,2015,123.00
arm,2016,131.00
arm,2017,141.00
arm,2018,140.00
arm,2019,124.00
arm,2020,111.00
arm,2021,107.00
arm,2022,113.00
arm,2023,130.00
arm,2024,130.00
atg,1991,5.0000
atg,1992,5.0000
atg,1993,6.0000
atg,1994,6.0000
atg,1995,6.0000
atg,1996,6.0000
atg,1997,6.0000
atg,1998,7.0000
atg,1999,8.0000
atg,2000,8.0000
atg,2001,8.0000
atg,2002,8.0000
atg,2003,8.0000
atg,2004,8.0000
atg,2005,8.0000
atg,2006,8.0000
atg,2007,8.0000
atg,2008,8.0000
atg,2009,8.0000
atg,2010,8.0000
atg,2011,8.0000
atg,2012,6.0000
atg,2013,6.0000
atg,2014,6.0000
atg,2015,6.0000
atg,2016,6.0000
atg,2017,6.0000
atg,2018,5.0000
atg,2019,5.0000
atg,2020,5.0000
atg,2021,5.0000
atg,2022,5.0000
atg,2023,5.0000
atg,2024,5.0000
aus,1991,1159.0
aus,1992,1073.0
aus,1993,999.00
aus,1994,954.00
aus,1995,933.00
aus,1996,935.00
aus,1997,948.00
aus,1998,957.00
aus,1999,951.00
aus,2000,929.00
aus,2001,887.00
aus,2002,834.00
aus,2003,788.00
aus,2004,753.00
aus,2005,729.00
aus,2006,711.00
aus,2007,696.00
aus,2008,685.00
aus,2009,671.00
aus,2010,656.00
aus,2011,640.00
aus,2012,624.00
aus,2013,611.00
aus,2014,597.00
aus,2015,584.00
aus,2016,577.00
aus,2017,580.00
aus,2018,589.00
aus,2019,602.00
aus,2020,613.00
aus,2021,613.00
aus,2022,608.00
aus,2023,600.00
aus,2024,588.00
aut,1991,448.00
aut,1992,435.00
aut,1993,423.00
aut,1994,413.00
aut,1995,398.00
aut,1996,380.00
aut,1997,364.00
aut,1998,351.00
aut,1999,343.00
aut,2000,336.00
aut,2001,329.00
aut,2002,321.00
aut,2003,315.00
aut,2004,310.00
aut,2005,305.00
aut,2006,299.00
aut,2007,291.00
aut,2008,280.00
aut,2009,268.00
aut,2010,255.00
aut,2011,239.00
aut,2012,222.00
aut,2013,205.00
aut,2014,192.00
aut,2015,181.00
aut,2016,173.00
aut,2017,168.00
aut,2018,164.00
aut,2019,161.00
aut,2020,161.00
aut,2021,163.00
aut,2022,168.00
aut,2023,176.00
aut,2024,181.00
aze,1991,617.00
aze,1992,896.00
aze,1993,1607.0
aze,1994,1850.0
aze,1995,1599.0
aze,1996,1276.0
aze,1997,1010.0
aze,1998,902.00
aze,1999,926.00
aze,2000,991.00
aze,2001,993.00
aze,2002,937.00
aze,2003,896.00
aze,2004,889.00
aze,2005,900.00
aze,2006,898.00
aze,2007,871.00
aze,2008,817.00
aze,2009,780.00
aze,2010,679.00
aze,2011,631.00
aze,2012,599.00
aze,2013,597.00
aze,2014,539.00
aze,2015,532.00
aze,2016,507.00
aze,2017,498.00
aze,2018,507.00
aze,2019,512.00
aze,2020,543.00
aze,2021,919.00
aze,2022,644.00
aze,2023,683.00
aze,2024,686.00
bdi,1991,6404.0
bdi,1992,6943.0
bdi,1993,7539.0
bdi,1994,15232
bdi,1995,8275.0
bdi,1996,8882.0
bdi,1997,8979.0
bdi,1998,8957.0
bdi,1999,8914.0
bdi,2000,8733.0
bdi,2001,8828.0
bdi,2002,8407.0
bdi,2003,7683.0
bdi,2004,6919.0
bdi,2005,6318.0
bdi,2006,5727.0
bdi,2007,5215.0
bdi,2008,4772.0
bdi,2009,4423.0
bdi,2010,4190.0
bdi,2011,4050.0
bdi,2012,3961.0
bdi,2013,3947.0
bdi,2014,3985.0
bdi,2015,4092.0
bdi,2016,4214.0
bdi,2017,4314.0
bdi,2018,4444.0
bdi,2019,4606.0
bdi,2020,4789.0
bdi,2021,4954.0
bdi,2022,5109.0
bdi,2023,5232.0
bdi,2024,5325.0
bel,1991,530.00
bel,1992,510.00
bel,1993,492.00
bel,1994,475.00
bel,1995,462.00
bel,1996,449.00
bel,1997,437.00
bel,1998,425.00
bel,1999,418.00
bel,2000,410.00
bel,2001,399.00
bel,2002,383.00
bel,2003,365.00
bel,2004,347.00
bel,2005,329.00
bel,2006,316.00
bel,2007,308.00
bel,2008,302.00
bel,2009,293.00
bel,2010,285.00
bel,2011,273.00
bel,2012,260.00
bel,2013,248.00
bel,2014,236.00
bel,2015,225.00
bel,2016,218.00
bel,2017,211.00
bel,2018,204.00
bel,2019,198.00
bel,2020,194.00
bel,2021,191.00
bel,2022,188.00
bel,2023,187.00
bel,2024,186.00
ben,1991,3170.0
ben,1992,3170.0
ben,1993,3182.0
ben,1994,3228.0
ben,1995,3260.0
ben,1996,3262.0
ben,1997,3281.0
ben,1998,3312.0
ben,1999,3344.0
ben,2000,3376.0
ben,2001,3406.0
ben,2002,3435.0
ben,2003,3466.0
ben,2004,3494.0
ben,2005,3536.0
ben,2006,3587.0
ben,2007,3637.0
ben,2008,3690.0
ben,2009,3762.0
ben,2010,3846.0
ben,2011,3941.0
ben,2012,4059.0
ben,2013,4194.0
ben,2014,4332.0
ben,2015,4476.0
ben,2016,4622.0
ben,2017,4777.0
ben,2018,4911.0
ben,2019,5018.0
ben,2020,5094.0
ben,2021,5150.0
ben,2022,5195.0
ben,2023,5242.0
ben,2024,5288.0
bfa,1991,5460.0
bfa,1992,5607.0
bfa,1993,5767.0
bfa,1994,5934.0
bfa,1995,6104.0
bfa,1996,6273.0
bfa,1997,6407.0
bfa,1998,6513.0
bfa,1999,6586.0
bfa,2000,6623.0
bfa,2001,6622.0
bfa,2002,6602.0
bfa,2003,6549.0
bfa,2004,6480.0
bfa,2005,6393.0
bfa,2006,6290.0
bfa,2007,6186.0
bfa,2008,6058.0
bfa,2009,5929.0
bfa,2010,5793.0
bfa,2011,5661.0
bfa,2012,5534.0
bfa,2013,5410.0
bfa,2014,5308.0
bfa,2015,5213.0
bfa,2016,5130.0
bfa,2017,5052.0
bfa,2018,4982.0
bfa,2019,4907.0
bfa,2020,4848.0
bfa,2021,4798.0
bfa,2022,4770.0
bfa,2023,5097.0
bfa,2024,5445.0
bgd,1991,46076
bgd,1992,67477
bgd,1993,47074
bgd,1994,47589
bgd,1995,47896
bgd,1996,47416
bgd,1997,45720
bgd,1998,42524
bgd,1999,38010
bgd,2000,33239
bgd,2001,29685
bgd,2002,28033
bgd,2003,27917
bgd,2004,28565
bgd,2005,29674
bgd,2006,30755
bgd,2007,31527
bgd,2008,31668
bgd,2009,31107
bgd,2010,30005
bgd,2011,28821
bgd,2012,27853
bgd,2013,27324
bgd,2014,27298
bgd,2015,27672
bgd,2016,28291
bgd,2017,28925
bgd,2018,29170
bgd,2019,28836
bgd,2020,28110
bgd,2021,27256
bgd,2022,26532
bgd,2023,25919
bgd,2024,25246
bgr,1991,700.00
bgr,1992,691.00
bgr,1993,683.00
bgr,1994,675.00
bgr,1995,661.00
bgr,1996,637.00
bgr,1997,608.00
bgr,1998,576.00
bgr,1999,544.00
bgr,2000,513.00
bgr,2001,484.00
bgr,2002,457.00
bgr,2003,432.00
bgr,2004,412.00
bgr,2005,393.00
bgr,2006,378.00
bgr,2007,363.00
bgr,2008,344.00
bgr,2009,323.00
bgr,2010,300.00
bgr,2011,278.00
bgr,2012,255.00
bgr,2013,237.00
bgr,2014,222.00
bgr,2015,211.00
bgr,2016,205.00
bgr,2017,202.00
bgr,2018,201.00
bgr,2019,202.00
bgr,2020,202.00
bgr,2021,202.00
bgr,2022,203.00
bgr,2023,203.00
bgr,2024,205.00
bhr,1991,38.000
bhr,1992,38.000
bhr,1993,41.000
bhr,1994,44.000
bhr,1995,46.000
bhr,1996,48.000
bhr,1997,48.000
bhr,1998,49.000
bhr,1999,48.000
bhr,2000,46.000
bhr,2001,46.000
bhr,2002,48.000
bhr,2003,54.000
bhr,2004,58.000
bhr,2005,60.000
bhr,2006,60.000
bhr,2007,58.000
bhr,2008,57.000
bhr,2009,55.000
bhr,2010,53.000
bhr,2011,53.000
bhr,2012,51.000
bhr,2013,49.000
bhr,2014,48.000
bhr,2015,48.000
bhr,2016,50.000
bhr,2017,49.000
bhr,2018,49.000
bhr,2019,49.000
bhr,2020,48.000
bhr,2021,50.000
bhr,2022,51.000
bhr,2023,48.000
bhr,2024,48.000
bhs,1991,30.000
bhs,1992,31.000
bhs,1993,31.000
bhs,1994,32.000
bhs,1995,33.000
bhs,1996,36.000
bhs,1997,36.000
bhs,1998,36.000
bhs,1999,36.000
bhs,2000,36.000
bhs,2001,37.000
bhs,2002,37.000
bhs,2003,37.000
bhs,2004,38.000
bhs,2005,39.000
bhs,2006,40.000
bhs,2007,41.000
bhs,2008,43.000
bhs,2009,45.000
bhs,2010,46.000
bhs,2011,47.000
bhs,2012,48.000
bhs,2013,48.000
bhs,2014,48.000
bhs,2015,46.000
bhs,2016,42.000
bhs,2017,39.000
bhs,2018,36.000
bhs,2019,33.000
bhs,2020,65.000
bhs,2021,29.000
bhs,2022,27.000
bhs,2023,26.000
bhs,2024,25.000
bih,1991,282.00
bih,1992,289.00
bih,1993,2744.0
bih,1994,2743.0
bih,1995,772.00
bih,1996,485.00
bih,1997,216.00
bih,1998,205.00
bih,1999,192.00
bih,2000,179.00
bih,2001,168.00
bih,2002,160.00
bih,2003,155.00
bih,2004,148.00
bih,2005,142.00
bih,2006,137.00
bih,2007,133.00
bih,2008,128.00
bih,2009,120.00
bih,2010,112.00
bih,2011,106.00
bih,2012,100.00
bih,2013,95.000
bih,2014,94.000
bih,2015,94.000
bih,2016,95.000
bih,2017,93.000
bih,2018,90.000
bih,2019,86.000
bih,2020,81.000
bih,2021,77.000
bih,2022,72.000
bih,2023,69.000
bih,2024,66.000
blr,1991,893.00
blr,1992,925.00
blr,1993,937.00
blr,1994,940.00
blr,1995,937.00
blr,1996,927.00
blr,1997,922.00
blr,1998,918.00
blr,1999,924.00
blr,2000,930.00
blr,2001,917.00
blr,2002,887.00
blr,2003,843.00
blr,2004,793.00
blr,2005,744.00
blr,2006,698.00
blr,2007,646.00
blr,2008,593.00
blr,2009,549.00
blr,2010,506.00
blr,2011,465.00
blr,2012,421.00
blr,2013,374.00
blr,2014,332.00
blr,2015,295.00
blr,2016,267.00
blr,2017,245.00
blr,2018,231.00
blr,2019,219.00
blr,2020,209.00
blr,2021,200.00
blr,2022,193.00
blr,2023,192.00
blr,2024,192.00
blz,1991,23.000
blz,1992,25.000
blz,1993,28.000
blz,1994,30.000
blz,1995,34.000
blz,1996,37.000
blz,1997,40.000
blz,1998,43.000
blz,1999,47.000
blz,2000,48.000
blz,2001,50.000
blz,2002,51.000
blz,2003,54.000
blz,2004,55.000
blz,2005,55.000
blz,2006,56.000
blz,2007,58.000
blz,2008,59.000
blz,2009,60.000
blz,2010,62.000
blz,2011,63.000
blz,2012,64.000
blz,2013,63.000
blz,2014,62.000
blz,2015,62.000
blz,2016,62.000
blz,2017,59.000
blz,2018,58.000
blz,2019,57.000
blz,2020,54.000
blz,2021,54.000
blz,2022,53.000
blz,2023,52.000
blz,2024,52.000
bol,1991,2410.0
bol,1992,2372.0
bol,1993,2342.0
bol,1994,2313.0
bol,1995,2282.0
bol,1996,2253.0
bol,1997,2228.0
bol,1998,2204.0
bol,1999,2181.0
bol,2000,2155.0
bol,2001,2130.0
bol,2002,2102.0
bol,2003,2079.0
bol,2004,2056.0
bol,2005,2030.0
bol,2006,1999.0
bol,2007,1968.0
bol,2008,1931.0
bol,2009,1898.0
bol,2010,1862.0
bol,2011,1824.0
bol,2012,1786.0
bol,2013,1747.0
bol,2014,1707.0
bol,2015,1676.0
bol,2016,1636.0
bol,2017,1603.0
bol,2018,1568.0
bol,2019,1536.0
bol,2020,1505.0
bol,2021,1468.0
bol,2022,1442.0
bol,2023,1413.0
bol,2024,1390.0
bra,1991,23910
bra,1992,24388
bra,1993,24970
bra,1994,25634
bra,1995,26375
bra,1996,27074
bra,1997,27559
bra,1998,27767
bra,1999,27814
bra,2000,27855
bra,2001,27894
bra,2002,27900
bra,2003,27825
bra,2004,27615
bra,2005,27240
bra,2006,26814
bra,2007,26487
bra,2008,26367
bra,2009,26448
bra,2010,26686
bra,2011,27039
bra,2012,27499
bra,2013,28021
bra,2014,28505
bra,2015,28789
bra,2016,28662
bra,2017,27933
bra,2018,26600
bra,2019,24958
bra,2020,23370
bra,2021,22001
bra,2022,20829
bra,2023,19825
bra,2024,18986
brb,1991,27.000
brb,1992,26.000
brb,1993,23.000
brb,1994,22.000
brb,1995,22.000
brb,1996,20.000
brb,1997,19.000
brb,1998,19.000
brb,1999,19.000
brb,2000,19.000
brb,2001,19.000
brb,2002,20.000
brb,2003,20.000
brb,2004,20.000
brb,2005,19.000
brb,2006,19.000
brb,2007,19.000
brb,2008,18.000
brb,2009,18.000
brb,2010,18.000
brb,2011,17.000
brb,2012,17.000
brb,2013,15.000
brb,2014,15.000
brb,2015,15.000
brb,2016,15.000
brb,2017,15.000
brb,2018,15.000
brb,2019,14.000
brb,2020,14.000
brb,2021,14.000
brb,2022,12.000
brb,2023,11.000
brb,2024,10.000
brn,1991,30.000
brn,1992,30.000
brn,1993,31.000
brn,1994,31.000
brn,1995,33.000
brn,1996,33.000
brn,1997,32.000
brn,1998,31.000
brn,1999,30.000
brn,2000,29.000
brn,2001,28.000
brn,2002,28.000
brn,2003,26.000
brn,2004,25.000
brn,2005,24.000
brn,2006,23.000
brn,2007,23.000
brn,2008,23.000
brn,2009,22.000
brn,2010,22.000
brn,2011,22.000
brn,2012,20.000
brn,2013,20.000
brn,2014,20.000
brn,2015,20.000
brn,2016,20.000
brn,2017,18.000
brn,2018,18.000
brn,2019,17.000
brn,2020,17.000
brn,2021,17.000
brn,2022,17.000
brn,2023,17.000
brn,2024,17.000
btn,1991,232.00
btn,1992,228.00
btn,1993,213.00
btn,1994,198.00
btn,1995,192.00
btn,1996,184.00
btn,1997,181.00
btn,1998,181.00
btn,1999,181.00
btn,2000,183.00
btn,2001,197.00
btn,2002,191.00
btn,2003,194.00
btn,2004,196.00
btn,2005,197.00
btn,2006,198.00
btn,2007,198.00
btn,2008,196.00
btn,2009,193.00
btn,2010,191.00
btn,2011,187.00
btn,2012,183.00
btn,2013,178.00
btn,2014,174.00
btn,2015,170.00
btn,2016,165.00
btn,2017,161.00
btn,2018,157.00
btn,2019,151.00
btn,2020,146.00
btn,2021,142.00
btn,2022,137.00
btn,2023,132.00
btn,2024,127.00
bwa,1991,600.00
bwa,1992,611.00
bwa,1993,624.00
bwa,1994,633.00
bwa,1995,642.00
bwa,1996,649.00
bwa,1997,651.00
bwa,1998,652.00
bwa,1999,648.00
bwa,2000,638.00
bwa,2001,626.00
bwa,2002,610.00
bwa,2003,592.00
bwa,2004,573.00
bwa,2005,551.00
bwa,2006,529.00
bwa,2007,533.00
bwa,2008,483.00
bwa,2009,462.00
bwa,2010,444.00
bwa,2011,429.00
bwa,2012,415.00
bwa,2013,406.00
bwa,2014,404.00
bwa,2015,402.00
bwa,2016,402.00
bwa,2017,403.00
bwa,2018,404.00
bwa,2019,404.00
bwa,2020,405.00
bwa,2021,404.00
bwa,2022,401.00
bwa,2023,395.00
bwa,2024,386.00
caf,1991,1757.0
caf,1992,1794.0
caf,1993,1844.0
caf,1994,1909.0
caf,1995,1985.0
caf,1996,2061.0
caf,1997,2145.0
caf,1998,2246.0
caf,1999,2350.0
caf,2000,2458.0
caf,2001,2567.0
caf,2002,2654.0
caf,2003,2741.0
caf,2004,2838.0
caf,2005,2921.0
caf,2006,2999.0
caf,2007,3048.0
caf,2008,3066.0
caf,2009,3081.0
caf,2010,29285
caf,2011,4308.0
caf,2012,3541.0
caf,2013,3247.0
caf,2014,4034.0
caf,2015,7447.0
caf,2016,3590.0
caf,2017,4008.0
caf,2018,6084.0
caf,2019,3882.0
caf,2020,13442
caf,2021,4403.0
caf,2022,8449.0
caf,2023,28605
caf,2024,2841.0
can,1991,1743.0
can,1992,1673.0
can,1993,1609.0
can,1994,1554.0
can,1995,1518.0
can,1996,1494.0
can,1997,1471.0
can,1998,1448.0
can,1999,1425.0
can,2000,1400.0
can,2001,1375.0
can,2002,1350.0
can,2003,1325.0
can,2004,1301.0
can,2005,1287.0
can,2006,1278.0
can,2007,1259.0
can,2008,1226.0
can,2009,1184.0
can,2010,1143.0
can,2011,1102.0
can,2012,1055.0
can,2013,1006.0
can,2014,962.00
can,2015,935.00
can,2016,930.00
can,2017,938.00
can,2018,955.00
can,2019,976.00
can,2020,993.00
can,2021,1000.0
can,2022,1002.0
can,2023,1016.0
can,2024,1033.0
che,1991,346.00
che,1992,330.00
che,1993,315.00
che,1994,300.00
che,1995,287.00
che,1996,276.00
che,1997,264.00
che,1998,253.00
che,1999,244.00
che,2000,236.00
che,2001,230.00
che,2002,224.00
che,2003,217.00
che,2004,213.00
che,2005,208.00
che,2006,202.00
che,2007,197.00
che,2008,191.00
che,2009,182.00
che,2010,172.00
che,2011,163.00
che,2012,154.00
che,2013,146.00
che,2014,140.00
che,2015,135.00
che,2016,133.00
che,2017,130.00
che,2018,130.00
che,2019,130.00
che,2020,129.00
che,2021,130.00
che,2022,130.00
che,2023,130.00
che,2024,131.00
chl,1991,1237.0
chl,1992,1203.0
chl,1993,1176.0
chl,1994,1157.0
chl,1995,1142.0
chl,1996,1126.0
chl,1997,1107.0
chl,1998,1079.0
chl,1999,1044.0
chl,2000,1015.0
chl,2001,998.00
chl,2002,992.00
chl,2003,989.00
chl,2004,981.00
chl,2005,971.00
chl,2006,960.00
chl,2007,956.00
chl,2008,962.00
chl,2009,977.00
chl,2010,979.00
chl,2011,948.00
chl,2012,895.00
chl,2013,845.00
chl,2014,810.00
chl,2015,782.00
chl,2016,754.00
chl,2017,728.00
chl,2018,707.00
chl,2019,690.00
chl,2020,683.00
chl,2021,686.00
chl,2022,696.00
chl,2023,707.00
chl,2024,713.00
chn,1991,176280
chn,1992,163740
chn,1993,152710
chn,1994,142340
chn,1995,133120
chn,1996,126580
chn,1997,122350
chn,1998,120020
chn,1999,118140
chn,2000,115480
chn,2001,112970
chn,2002,109610
chn,2003,104910
chn,2004,100230
chn,2005,95792
chn,2006,90956
chn,2007,85091
chn,2008,78098
chn,2009,71178
chn,2010,64650
chn,2011,58417
chn,2012,53393
chn,2013,49884
chn,2014,47088
chn,2015,44762
chn,2016,43030
chn,2017,41390
chn,2018,40123
chn,2019,39159
chn,2020,38276
chn,2021,37457
chn,2022,36668
chn,2023,36209
chn,2024,35804
civ,1991,6667.0
civ,1992,6963.0
civ,1993,7274.0
civ,1994,7590.0
civ,1995,7906.0
civ,1996,8209.0
civ,1997,8511.0
civ,1998,8801.0
civ,1999,9084.0
civ,2000,9290.0
civ,2001,9429.0
civ,2002,9572.0
civ,2003,9713.0
civ,2004,9847.0
civ,2005,9971.0
civ,2006,10094
civ,2007,10215
civ,2008,10333
civ,2009,10360
civ,2010,10270
civ,2011,10085
civ,2012,9827.0
civ,2013,9520.0
civ,2014,9213.0
civ,2015,9063.0
civ,2016,9099.0
civ,2017,9176.0
civ,2018,9288.0
civ,2019,9392.0
civ,2020,9471.0
civ,2021,9551.0
civ,2022,9620.0
civ,2023,9659.0
civ,2024,9693.0
cmr,1991,6084.0
cmr,1992,6276.0
cmr,1993,6487.0
cmr,1994,6706.0
cmr,1995,6930.0
cmr,1996,7162.0
cmr,1997,7406.0
cmr,1998,7665.0
cmr,1999,7916.0
cmr,2000,8146.0
cmr,2001,8363.0
cmr,2002,8551.0
cmr,2003,8721.0
cmr,2004,8877.0
cmr,2005,9038.0
cmr,2006,9174.0
cmr,2007,9296.0
cmr,2008,9392.0
cmr,2009,9479.0
cmr,2010,9576.0
cmr,2011,9693.0
cmr,2012,9812.0
cmr,2013,9957.0
cmr,2014,10121
cmr,2015,10338
cmr,2016,10565
cmr,2017,10826
cmr,2018,11084
cmr,2019,11284
cmr,2020,11470
cmr,2021,11601
cmr,2022,11712
cmr,2023,11781
cmr,2024,11792
cod,1991,23595
cod,1992,24154
cod,1993,24751
cod,1994,25364
cod,1995,26292
cod,1996,27142
cod,1997,29529
cod,1998,28136
cod,1999,32323
cod,2000,33544
cod,2001,31314
cod,2002,32433
cod,2003,33459
cod,2004,34491
cod,2005,35581
cod,2006,36820
cod,2007,38128
cod,2008,39515
cod,2009,40979
cod,2010,42532
cod,2011,44400
cod,2012,46433
cod,2013,48354
cod,2014,50044
cod,2015,51376
cod,2016,52245
cod,2017,52909
cod,2018,53552
cod,2019,54339
cod,2020,54873
cod,2021,55385
cod,2022,55920
cod,2023,56520
cod,2024,57349
cog,1991,1840.0
cog,1992,1805.0
cog,1993,1766.0
cog,1994,1730.0
cog,1995,1700.0
cog,1996,1665.0
cog,1997,1621.0
cog,1998,2539.0
cog,1999,1863.0
cog,2000,1552.0
cog,2001,1446.0
cog,2002,1412.0
cog,2003,1361.0
cog,2004,1322.0
cog,2005,1290.0
cog,2006,1257.0
cog,2007,1226.0
cog,2008,1198.0
cog,2009,1162.0
cog,2010,1131.0
cog,2011,1098.0
cog,2012,1060.0
cog,2013,1027.0
cog,2014,997.00
cog,2015,978.00
cog,2016,964.00
cog,2017,963.00
cog,2018,963.00
cog,2019,970.00
cog,2020,1428.0
cog,2021,993.00
cog,2022,1007.0
cog,2023,1019.0
cog,2024,1028.0
cok,1991,4.0000
cok,1992,5.0000
cok,1993,4.0000
cok,1994,4.0000
cok,1995,4.0000
cok,1996,4.0000
cok,1997,4.0000
cok,1998,3.0000
cok,1999,3.0000
cok,2000,3.0000
cok,2001,3.0000
cok,2002,3.0000
cok,2003,3.0000
cok,2004,3.0000
cok,2005,3.0000
cok,2006,3.0000
cok,2007,3.0000
cok,2008,3.0000
cok,2009,3.0000
cok,2010,3.0000
cok,2011,2.0000
cok,2012,2.0000
cok,2013,2.0000
cok,2014,2.0000
cok,2015,2.0000
cok,2016,2.0000
cok,2017,2.0000
cok,2018,1.0000
cok,2019,1.0000
cok,2020,1.0000
cok,2021,1.0000
cok,2022,1.0000
cok,2023,1.0000
cok,2024,1.0000
col,1991,7053.0
col,1992,7635.0
col,1993,8180.0
col,1994,8605.0
col,1995,8836.0
col,1996,8842.0
col,1997,8731.0
col,1998,8692.0
col,1999,8817.0
col,2000,9013.0
col,2001,9159.0
col,2002,9100.0
col,2003,8676.0
col,2004,7933.0
col,2005,7184.0
col,2006,6641.0
col,2007,6324.0
col,2008,6218.0
col,2009,6287.0
col,2010,6402.0
col,2011,6424.0
col,2012,6325.0
col,2013,6151.0
col,2014,5945.0
col,2015,5733.0
col,2016,5548.0
col,2017,5408.0
col,2018,5317.0
col,2019,5260.0
col,2020,5224.0
col,2021,5201.0
col,2022,5181.0
col,2023,5158.0
col,2024,5108.0
com,1991,172.00
com,1992,169.00
com,1993,166.00
com,1994,163.00
com,1995,161.00
com,1996,160.00
com,1997,159.00
com,1998,159.00
com,1999,159.00
com,2000,159.00
com,2001,156.00
com,2002,155.00
com,2003,152.00
com,2004,150.00
com,2005,149.00
com,2006,146.00
com,2007,144.00
com,2008,142.00
com,2009,138.00
com,2010,135.00
com,2011,132.00
com,2012,128.00
com,2013,124.00
com,2014,118.00
com,2015,115.00
com,2016,111.00
com,2017,110.00
com,2018,107.00
com,2019,105.00
com,2020,102.00
com,2021,101.00
com,2022,99.000
com,2023,99.000
com,2024,97.000
cpv,1991,47.000
cpv,1992,48.000
cpv,1993,52.000
cpv,1994,54.000
cpv,1995,57.000
cpv,1996,89.000
cpv,1997,60.000
cpv,1998,62.000
cpv,1999,64.000
cpv,2000,64.000
cpv,2001,66.000
cpv,2002,65.000
cpv,2003,65.000
cpv,2004,65.000
cpv,2005,62.000
cpv,2006,63.000
cpv,2007,62.000
cpv,2008,60.000
cpv,2009,60.000
cpv,2010,58.000
cpv,2011,56.000
cpv,2012,53.000
cpv,2013,51.000
cpv,2014,46.000
cpv,2015,44.000
cpv,2016,42.000
cpv,2017,39.000
cpv,2018,35.000
cpv,2019,34.000
cpv,2020,34.000
cpv,2021,33.000
cpv,2022,33.000
cpv,2023,32.000
cpv,2024,32.000
cri,1991,255.00
cri,1992,263.00
cri,1993,273.00
cri,1994,286.00
cri,1995,299.00
cri,1996,313.00
cri,1997,326.00
cri,1998,337.00
cri,1999,345.00
cri,2000,348.00
cri,2001,348.00
cri,2002,348.00
cri,2003,346.00
cri,2004,345.00
cri,2005,339.00
cri,2006,337.00
cri,2007,339.00
cri,2008,348.00
cri,2009,355.00
cri,2010,347.00
cri,2011,329.00
cri,2012,310.00
cri,2013,297.00
cri,2014,290.00
cri,2015,293.00
cri,2016,302.00
cri,2017,308.00
cri,2018,308.00
cri,2019,301.00
cri,2020,289.00
cri,2021,278.00
cri,2022,272.00
cri,2023,273.00
cri,2024,278.00
cub,1991,1332.0
cub,1992,1246.0
cub,1993,1155.0
cub,1994,1066.0
cub,1995,980.00
cub,1996,902.00
cub,1997,834.00
cub,1998,781.00
cub,1999,744.00
cub,2000,717.00
cub,2001,694.00
cub,2002,671.00
cub,2003,644.00
cub,2004,615.00
cub,2005,588.00
cub,2006,564.00
cub,2007,541.00
cub,2008,520.00
cub,2009,498.00
cub,2010,478.00
cub,2011,459.00
cub,2012,444.00
cub,2013,435.00
cub,2014,426.00
cub,2015,420.00
cub,2016,415.00
cub,2017,408.00
cub,2018,404.00
cub,2019,400.00
cub,2020,400.00
cub,2021,403.00
cub,2022,409.00
cub,2023,417.00
cub,2024,424.00
cyp,1991,45.000
cyp,1992,45.000
cyp,1993,48.000
cyp,1994,51.000
cyp,1995,55.000
cyp,1996,59.000
cyp,1997,63.000
cyp,1998,65.000
cyp,1999,66.000
cyp,2000,66.000
cyp,2001,65.000
cyp,2002,62.000
cyp,2003,61.000
cyp,2004,60.000
cyp,2005,59.000
cyp,2006,54.000
cyp,2007,51.000
cyp,2008,47.000
cyp,2009,42.000
cyp,2010,38.000
cyp,2011,33.000
cyp,2012,29.000
cyp,2013,28.000
cyp,2014,24.000
cyp,2015,23.000
cyp,2016,22.000
cyp,2017,22.000
cyp,2018,21.000
cyp,2019,20.000
cyp,2020,20.000
cyp,2021,18.000
cyp,2022,18.000
cyp,2023,18.000
cyp,2024,18.000
cze,1991,692.00
cze,1992,711.00
cze,1993,716.00
cze,1994,705.00
cze,1995,677.00
cze,1996,637.00
cze,1997,592.00
cze,1998,550.00
cze,1999,514.00
cze,2000,481.00
cze,2001,456.00
cze,2002,439.00
cze,2003,423.00
cze,2004,406.00
cze,2005,389.00
cze,2006,369.00
cze,2007,349.00
cze,2008,329.00
cze,2009,310.00
cze,2010,291.00
cze,2011,270.00
cze,2012,249.00
cze,2013,230.00
cze,2014,214.00
cze,2015,200.00
cze,2016,193.00
cze,2017,191.00
cze,2018,189.00
cze,2019,188.00
cze,2020,189.00
cze,2021,190.00
cze,2022,191.00
cze,2023,198.00
cze,2024,203.00
deu,1991,3316.0
deu,1992,3202.0
deu,1993,3125.0
deu,1994,3077.0
deu,1995,3031.0
deu,1996,2998.0
deu,1997,2970.0
deu,1998,2949.0
deu,1999,2875.0
deu,2000,2777.0
deu,2001,2693.0
deu,2002,2582.0
deu,2003,2453.0
deu,2004,2314.0
deu,2005,2176.0
deu,2006,2048.0
deu,2007,1920.0
deu,2008,1796.0
deu,2009,1691.0
deu,2010,1603.0
deu,2011,1514.0
deu,2012,1434.0
deu,2013,1375.0
deu,2014,1329.0
deu,2015,1299.0
deu,2016,1290.0
deu,2017,1282.0
deu,2018,1253.0
deu,2019,1221.0
deu,2020,1198.0
deu,2021,1187.0
deu,2022,1188.0
deu,2023,1207.0
deu,2024,1238.0
dji,1991,361.00
dji,1992,406.00
dji,1993,425.00
dji,1994,366.00
dji,1995,370.00
dji,1996,368.00
dji,1997,374.00
dji,1998,382.00
dji,1999,389.00
dji,2000,393.00
dji,2001,397.00
dji,2002,399.00
dji,2003,402.00
dji,2004,400.00
dji,2005,396.00
dji,2006,394.00
dji,2007,393.00
dji,2008,393.00
dji,2009,392.00
dji,2010,392.00
dji,2011,390.00
dji,2012,390.00
dji,2013,387.00
dji,2014,386.00
dji,2015,384.00
dji,2016,383.00
dji,2017,380.00
dji,2018,378.00
dji,2019,375.00
dji,2020,371.00
dji,2021,364.00
dji,2022,356.00
dji,2023,347.00
dji,2024,336.00
dma,1991,10.000
dma,1992,10.000
dma,1993,9.0000
dma,1994,8.0000
dma,1995,7.0000
dma,1996,7.0000
dma,1997,7.0000
dma,1998,7.0000
dma,1999,7.0000
dma,2000,7.0000
dma,2001,7.0000
dma,2002,7.0000
dma,2003,7.0000
dma,2004,7.0000
dma,2005,6.0000
dma,2006,6.0000
dma,2007,6.0000
dma,2008,6.0000
dma,2009,5.0000
dma,2010,5.0000
dma,2011,5.0000
dma,2012,5.0000
dma,2013,5.0000
dma,2014,5.0000
dma,2015,6.0000
dma,2016,6.0000
dma,2017,5.0000
dma,2018,7.0000
dma,2019,5.0000
dma,2020,5.0000
dma,2021,5.0000
dma,2022,5.0000
dma,2023,4.0000
dma,2024,4.0000
dnk,1991,226.00
dnk,1992,218.00
dnk,1993,208.00
dnk,1994,199.00
dnk,1995,192.00
dnk,1996,185.00
dnk,1997,179.00
dnk,1998,173.00
dnk,1999,168.00
dnk,2000,163.00
dnk,2001,159.00
dnk,2002,156.00
dnk,2003,154.00
dnk,2004,152.00
dnk,2005,149.00
dnk,2006,147.00
dnk,2007,143.00
dnk,2008,139.00
dnk,2009,133.00
dnk,2010,127.00
dnk,2011,121.00
dnk,2012,112.00
dnk,2013,105.00
dnk,2014,99.000
dnk,2015,96.000
dnk,2016,91.000
dnk,2017,90.000
dnk,2018,88.000
dnk,2019,88.000
dnk,2020,88.000
dnk,2021,87.000
dnk,2022,86.000
dnk,2023,85.000
dnk,2024,86.000
dom,1991,1476.0
dom,1992,1502.0
dom,1993,1533.0
dom,1994,1565.0
dom,1995,1598.0
dom,1996,1628.0
dom,1997,1655.0
dom,1998,1681.0
dom,1999,1704.0
dom,2000,1723.0
dom,2001,1735.0
dom,2002,1748.0
dom,2003,1755.0
dom,2004,1757.0
dom,2005,1756.0
dom,2006,1752.0
dom,2007,1747.0
dom,2008,1730.0
dom,2009,1702.0
dom,2010,1658.0
dom,2011,1604.0
dom,2012,1546.0
dom,2013,1479.0
dom,2014,1417.0
dom,2015,1364.0
dom,2016,1318.0
dom,2017,1277.0
dom,2018,1242.0
dom,2019,1212.0
dom,2020,1181.0
dom,2021,1147.0
dom,2022,1105.0
dom,2023,1074.0
dom,2024,1041.0
dza,1991,5327.0
dza,1992,5345.0
dza,1993,5384.0
dza,1994,5443.0
dza,1995,5943.0
dza,1996,5819.0
dza,1997,5568.0
dza,1998,5815.0
dza,1999,5805.0
dza,2000,5278.0
dza,2001,5082.0
dza,2002,4858.0
dza,2003,4607.0
dza,2004,4557.0
dza,2005,4105.0
dza,2006,3908.0
dza,2007,3748.0
dza,2008,3604.0
dza,2009,3453.0
dza,2010,3306.0
dza,2011,3171.0
dza,2012,3054.0
dza,2013,2956.0
dza,2014,2875.0
dza,2015,2807.0
dza,2016,2752.0
dza,2017,2705.0
dza,2018,2673.0
dza,2019,2668.0
dza,2020,2698.0
dza,2021,2751.0
dza,2022,2839.0
dza,2023,2971.0
dza,2024,3142.0
ecu,1991,2234.0
ecu,1992,2194.0
ecu,1993,2159.0
ecu,1994,2132.0
ecu,1995,2117.0
ecu,1996,2114.0
ecu,1997,2120.0
ecu,1998,2133.0
ecu,1999,2145.0
ecu,2000,2163.0
ecu,2001,2183.0
ecu,2002,2209.0
ecu,2003,2239.0
ecu,2004,2275.0
ecu,2005,2312.0
ecu,2006,2346.0
ecu,2007,2381.0
ecu,2008,2406.0
ecu,2009,2413.0
ecu,2010,2393.0
ecu,2011,2346.0
ecu,2012,2274.0
ecu,2013,2185.0
ecu,2014,2091.0
ecu,2015,2004.0
ecu,2016,1931.0
ecu,2017,1916.0
ecu,2018,1811.0
ecu,2019,1765.0
ecu,2020,1758.0
ecu,2021,1814.0
ecu,2022,1956.0
ecu,2023,2212.0
ecu,2024,2594.0
egy,1991,14315
egy,1992,13785
egy,1993,13323
egy,1994,12996
egy,1995,12752
egy,1996,12510
egy,1997,12228
egy,1998,11921
egy,1999,11634
egy,2000,11369
egy,2001,11128
egy,2002,10929
egy,2003,10735
egy,2004,10510
egy,2005,10276
egy,2006,10078
egy,2007,9946.0
egy,2008,9900.0
egy,2009,9959.0
egy,2010,10125
egy,2011,10376
egy,2012,10691
egy,2013,10974
egy,2014,11112
egy,2015,11090
egy,2016,10937
egy,2017,10743
egy,2018,10590
egy,2019,10546
egy,2020,10645
egy,2021,10900
egy,2022,11294
egy,2023,11711
egy,2024,12048
eri,1991,1575.0
eri,1992,1436.0
eri,1993,1210.0
eri,1994,1188.0
eri,1995,1162.0
eri,1996,1157.0
eri,1997,1140.0
eri,1998,1090.0
eri,1999,1707.0
eri,2000,2452.0
eri,2001,1153.0
eri,2002,1003.0
eri,2003,1008.0
eri,2004,1021.0
eri,2005,1031.0
eri,2006,1027.0
eri,2007,1015.0
eri,2008,1005.0
eri,2009,1002.0
eri,2010,999.00
eri,2011,994.00
eri,2012,991.00
eri,2013,989.00
eri,2014,984.00
eri,2015,976.00
eri,2016,965.00
eri,2017,951.00
eri,2018,935.00
eri,2019,928.00
eri,2020,926.00
eri,2021,928.00
eri,2022,929.00
eri,2023,925.00
eri,2024,914.00
esp,1991,2892.0
esp,1992,2744.0
esp,1993,2509.0
esp,1994,2273.0
esp,1995,2088.0
esp,1996,1957.0
esp,1997,1866.0
esp,1998,1798.0
esp,1999,1731.0
esp,2000,1647.0
esp,2001,1547.0
esp,2002,1450.0
esp,2003,1381.0
esp,2004,1324.0
esp,2005,1262.0
esp,2006,1190.0
esp,2007,1118.0
esp,2008,1048.0
esp,2009,969.00
esp,2010,877.00
esp,2011,790.00
esp,2012,718.00
esp,2013,662.00
esp,2014,621.00
esp,2015,601.00
esp,2016,592.00
esp,2017,593.00
esp,2018,595.00
esp,2019,600.00
esp,2020,611.00
esp,2021,622.00
esp,2022,638.00
esp,2023,663.00
esp,2024,684.00
est,1991,168.00
est,1992,174.00
est,1993,176.00
est,1994,173.00
est,1995,167.00
est,1996,157.00
est,1997,147.00
est,1998,136.00
est,1999,128.00
est,2000,121.00
est,2001,115.00
est,2002,111.00
est,2003,106.00
est,2004,101.00
est,2005,96.000
est,2006,89.000
est,2007,83.000
est,2008,74.000
est,2009,66.000
est,2010,57.000
est,2011,50.000
est,2012,43.000
est,2013,39.000
est,2014,36.000
est,2015,35.000
est,2016,33.000
est,2017,33.000
est,2018,32.000
est,2019,33.000
est,2020,33.000
est,2021,33.000
est,2022,35.000
est,2023,37.000
est,2024,38.000
eth,1991,54003
eth,1992,52255
eth,1993,52993
eth,1994,53107
eth,1995,52916
eth,1996,52580
eth,1997,52130
eth,1998,51539
eth,1999,50878
eth,2000,52613
eth,2001,49533
eth,2002,48891
eth,2003,48496
eth,2004,48156
eth,2005,47867
eth,2006,47284
eth,2007,46469
eth,2008,45364
eth,2009,44053
eth,2010,42709
eth,2011,41302
eth,2012,39852
eth,2013,38368
eth,2014,36806
eth,2015,35300
eth,2016,33928
eth,2017,32809
eth,2018,31850
eth,2019,31252
eth,2020,30779
eth,2021,30352
eth,2022,30007
eth,2023,29552
eth,2024,29039
fin,1991,266.00
fin,1992,258.00
fin,1993,247.00
fin,1994,237.00
fin,1995,228.00
fin,1996,218.00
fin,1997,210.00
fin,1998,208.00
fin,1999,207.00
fin,2000,208.00
fin,2001,207.00
fin,2002,205.00
fin,2003,199.00
fin,2004,192.00
fin,2005,187.00
fin,2006,184.00
fin,2007,183.00
fin,2008,182.00
fin,2009,180.00
fin,2010,173.00
fin,2011,163.00
fin,2012,153.00
fin,2013,142.00
fin,2014,130.00
fin,2015,123.00
fin,2016,118.00
fin,2017,119.00
fin,2018,122.00
fin,2019,126.00
fin,2020,130.00
fin,2021,132.00
fin,2022,135.00
fin,2023,139.00
fin,2024,145.00
fji,1991,198.00
fji,1992,198.00
fji,1993,198.00
fji,1994,198.00
fji,1995,199.00
fji,1996,197.00
fji,1997,194.00
fji,1998,192.00
fji,1999,188.00
fji,2000,183.00
fji,2001,180.00
fji,2002,176.00
fji,2003,170.00
fji,2004,166.00
fji,2005,160.00
fji,2006,153.00
fji,2007,147.00
fji,2008,142.00
fji,2009,135.00
fji,2010,130.00
fji,2011,124.00
fji,2012,118.00
fji,2013,115.00
fji,2014,112.00
fji,2015,110.00
fji,2016,108.00
fji,2017,111.00
fji,2018,107.00
fji,2019,108.00
fji,2020,110.00
fji,2021,110.00
fji,2022,110.00
fji,2023,110.00
fji,2024,110.00
fra,1991,3164.0
fra,1992,3022.0
fra,1993,2871.0
fra,1994,2723.0
fra,1995,2600.0
fra,1996,2528.0
fra,1997,2499.0
fra,1998,2481.0
fra,1999,2446.0
fra,2000,2389.0
fra,2001,2303.0
fra,2002,2192.0
fra,2003,2071.0
fra,2004,1953.0
fra,2005,1847.0
fra,2006,1748.0
fra,2007,1658.0
fra,2008,1585.0
fra,2009,1526.0
fra,2010,1468.0
fra,2011,1410.0
fra,2012,1347.0
fra,2013,1288.0
fra,2014,1250.0
fra,2015,1223.0
fra,2016,1202.0
fra,2017,1193.0
fra,2018,1184.0
fra,2019,1166.0
fra,2020,1154.0
fra,2021,1152.0
fra,2022,1162.0
fra,2023,1181.0
fra,2024,1199.0
fsm,1991,27.000
fsm,1992,28.000
fsm,1993,28.000
fsm,1994,28.000
fsm,1995,28.000
fsm,1996,29.000
fsm,1997,29.000
fsm,1998,27.000
fsm,1999,27.000
fsm,2000,27.000
fsm,2001,27.000
fsm,2002,25.000
fsm,2003,29.000
fsm,2004,24.000
fsm,2005,23.000
fsm,2006,23.000
fsm,2007,22.000
fsm,2008,22.000
fsm,2009,23.000
fsm,2010,23.000
fsm,2011,23.000
fsm,2012,22.000
fsm,2013,21.000
fsm,2014,21.000
fsm,2015,20.000
fsm,2016,20.000
fsm,2017,20.000
fsm,2018,20.000
fsm,2019,19.000
fsm,2020,18.000
fsm,2021,18.000
fsm,2022,18.000
fsm,2023,16.000
fsm,2024,15.000
gab,1991,347.00
gab,1992,368.00
gab,1993,390.00
gab,1994,413.00
gab,1995,435.00
gab,1996,457.00
gab,1997,478.00
gab,1998,499.00
gab,1999,519.00
gab,2000,536.00
gab,2001,553.00
gab,2002,569.00
gab,2003,583.00
gab,2004,596.00
gab,2005,607.00
gab,2006,613.00
gab,2007,616.00
gab,2008,615.00
gab,2009,609.00
gab,2010,601.00
gab,2011,592.00
gab,2012,583.00
gab,2013,571.00
gab,2014,563.00
gab,2015,557.00
gab,2016,550.00
gab,2017,548.00
gab,2018,546.00
gab,2019,544.00
gab,2020,548.00
gab,2021,550.00
gab,2022,554.00
gab,2023,558.00
gab,2024,561.00
gbr,1991,2690.0
gbr,1992,2551.0
gbr,1993,2397.0
gbr,1994,2281.0
gbr,1995,2215.0
gbr,1996,2193.0
gbr,1997,2195.0
gbr,1998,2200.0
gbr,1999,2185.0
gbr,2000,2147.0
gbr,2001,2116.0
gbr,2002,2095.0
gbr,2003,2071.0
gbr,2004,2021.0
gbr,2005,1964.0
gbr,2006,1910.0
gbr,2007,1860.0
gbr,2008,1811.0
gbr,2009,1756.0
gbr,2010,1674.0
gbr,2011,1564.0
gbr,2012,1452.0
gbr,2013,1357.0
gbr,2014,1300.0
gbr,2015,1274.0
gbr,2016,1263.0
gbr,2017,1253.0
gbr,2018,1243.0
gbr,2019,1233.0
gbr,2020,1230.0
gbr,2021,1231.0
gbr,2022,1245.0
gbr,2023,1269.0
gbr,2024,1284.0
geo,1991,360.00
geo,1992,313.00
geo,1993,325.00
geo,1994,374.00
geo,1995,287.00
geo,1996,271.00
geo,1997,240.00
geo,1998,220.00
geo,1999,220.00
geo,2000,232.00
geo,2001,243.00
geo,2002,248.00
geo,2003,242.00
geo,2004,229.00
geo,2005,212.00
geo,2006,202.00
geo,2007,197.00
geo,2008,200.00
geo,2009,241.00
geo,2010,214.00
geo,2011,197.00
geo,2012,176.00
geo,2013,165.00
geo,2014,170.00
geo,2015,182.00
geo,2016,188.00
geo,2017,186.00
geo,2018,177.00
geo,2019,165.00
geo,2020,159.00
geo,2021,160.00
geo,2022,164.00
geo,2023,165.00
geo,2024,156.00
gha,1991,7278.0
gha,1992,7294.0
gha,1993,7316.0
gha,1994,7354.0
gha,1995,7382.0
gha,1996,7408.0
gha,1997,7433.0
gha,1998,7480.0
gha,1999,7519.0
gha,2000,7555.0
gha,2001,7621.0
gha,2002,7732.0
gha,2003,7837.0
gha,2004,7900.0
gha,2005,7938.0
gha,2006,7957.0
gha,2007,7958.0
gha,2008,7938.0
gha,2009,7936.0
gha,2010,7914.0
gha,2011,7902.0
gha,2012,7900.0
gha,2013,7912.0
gha,2014,7931.0
gha,2015,7950.0
gha,2016,7991.0
gha,2017,8027.0
gha,2018,8079.0
gha,2019,8100.0
gha,2020,8107.0
gha,2021,8103.0
gha,2022,8107.0
gha,2023,8106.0
gha,2024,8087.0
gin,1991,4554.0
gin,1992,4630.0
gin,1993,4667.0
gin,1994,4713.0
gin,1995,4769.0
gin,1996,4832.0
gin,1997,4909.0
gin,1998,4976.0
gin,1999,5056.0
gin,2000,5174.0
gin,2001,5281.0
gin,2002,5354.0
gin,2003,5445.0
gin,2004,5549.0
gin,2005,5622.0
gin,2006,5682.0
gin,2007,5744.0
gin,2008,5809.0
gin,2009,5872.0
gin,2010,5930.0
gin,2011,5981.0
gin,2012,6025.0
gin,2013,6056.0
gin,2014,6080.0
gin,2015,6095.0
gin,2016,6097.0
gin,2017,6085.0
gin,2018,6039.0
gin,2019,5996.0
gin,2020,5969.0
gin,2021,5950.0
gin,2022,5927.0
gin,2023,5910.0
gin,2024,5905.0
gmb,1991,661.00
gmb,1992,675.00
gmb,1993,687.00
gmb,1994,694.00
gmb,1995,699.00
gmb,1996,706.00
gmb,1997,715.00
gmb,1998,724.00
gmb,1999,733.00
gmb,2000,744.00
gmb,2001,753.00
gmb,2002,763.00
gmb,2003,770.00
gmb,2004,776.00
gmb,2005,781.00
gmb,2006,784.00
gmb,2007,786.00
gmb,2008,786.00
gmb,2009,785.00
gmb,2010,782.00
gmb,2011,776.00
gmb,2012,772.00
gmb,2013,765.00
gmb,2014,757.00
gmb,2015,749.00
gmb,2016,740.00
gmb,2017,734.00
gmb,2018,730.00
gmb,2019,727.00
gmb,2020,726.00
gmb,2021,725.00
gmb,2022,728.00
gmb,2023,732.00
gmb,2024,735.00
gnb,1991,624.00
gnb,1992,639.00
gnb,1993,658.00
gnb,1994,676.00
gnb,1995,692.00
gnb,1996,702.00
gnb,1997,708.00
gnb,1998,829.00
gnb,1999,823.00
gnb,2000,802.00
gnb,2001,739.00
gnb,2002,743.00
gnb,2003,746.00
gnb,2004,749.00
gnb,2005,753.00
gnb,2006,753.00
gnb,2007,754.00
gnb,2008,756.00
gnb,2009,755.00
gnb,2010,755.00
gnb,2011,754.00
gnb,2012,753.00
gnb,2013,753.00
gnb,2014,754.00
gnb,2015,753.00
gnb,2016,753.00
gnb,2017,754.00
gnb,2018,755.00
gnb,2019,757.00
gnb,2020,756.00
gnb,2021,759.00
gnb,2022,761.00
gnb,2023,763.00
gnb,2024,764.00
gnq,1991,283.00
gnq,1992,290.00
gnq,1993,298.00
gnq,1994,306.00
gnq,1995,317.00
gnq,1996,328.00
gnq,1997,342.00
gnq,1998,358.00
gnq,1999,371.00
gnq,2000,386.00
gnq,2001,409.00
gnq,2002,441.00
gnq,2003,470.00
gnq,2004,497.00
gnq,2005,519.00
gnq,2006,529.00
gnq,2007,530.00
gnq,2008,526.00
gnq,2009,523.00
gnq,2010,518.00
gnq,2011,515.00
gnq,2012,514.00
gnq,2013,514.00
gnq,2014,515.00
gnq,2015,522.00
gnq,2016,529.00
gnq,2017,537.00
gnq,2018,546.00
gnq,2019,558.00
gnq,2020,573.00
gnq,2021,584.00
gnq,2022,594.00
gnq,2023,604.00
gnq,2024,610.00
grc,1991,572.00
grc,1992,563.00
grc,1993,554.00
grc,1994,545.00
grc,1995,535.00
grc,1996,524.00
grc,1997,514.00
grc,1998,502.00
grc,1999,490.00
grc,2000,473.00
grc,2001,453.00
grc,2002,433.00
grc,2003,411.00
grc,2004,389.00
grc,2005,373.00
grc,2006,359.00
grc,2007,345.00
grc,2008,332.00
grc,2009,314.00
grc,2010,294.00
grc,2011,272.00
grc,2012,252.00
grc,2013,234.00
grc,2014,219.00
grc,2015,205.00
grc,2016,193.00
grc,2017,185.00
grc,2018,179.00
grc,2019,173.00
grc,2020,167.00
grc,2021,163.00
grc,2022,155.00
grc,2023,146.00
grc,2024,142.00
grd,1991,9.0000
grd,1992,9.0000
grd,1993,9.0000
grd,1994,9.0000
grd,1995,9.0000
grd,1996,9.0000
grd,1997,9.0000
grd,1998,9.0000
grd,1999,9.0000
grd,2000,10.000
grd,2001,12.000
grd,2002,12.000
grd,2003,12.000
grd,2004,10.000
grd,2005,11.000
grd,2006,11.000
grd,2007,11.000
grd,2008,10.000
grd,2009,10.000
grd,2010,10.000
grd,2011,9.0000
grd,2012,8.0000
grd,2013,8.0000
grd,2014,8.0000
grd,2015,8.0000
grd,2016,8.0000
grd,2017,8.0000
grd,2018,8.0000
grd,2019,8.0000
grd,2020,9.0000
grd,2021,9.0000
grd,2022,9.0000
grd,2023,9.0000
grd,2024,9.0000
gtm,1991,2838.0
gtm,1992,2884.0
gtm,1993,2880.0
gtm,1994,2840.0
gtm,1995,2783.0
gtm,1996,2729.0
gtm,1997,2699.0
gtm,1998,2698.0
gtm,1999,2716.0
gtm,2000,2734.0
gtm,2001,2747.0
gtm,2002,2774.0
gtm,2003,2830.0
gtm,2004,2909.0
gtm,2005,3007.0
gtm,2006,3247.0
gtm,2007,3170.0
gtm,2008,3195.0
gtm,2009,3185.0
gtm,2010,3156.0
gtm,2011,3124.0
gtm,2012,3102.0
gtm,2013,3103.0
gtm,2014,3122.0
gtm,2015,3167.0
gtm,2016,3204.0
gtm,2017,3187.0
gtm,2018,3093.0
gtm,2019,2954.0
gtm,2020,2807.0
gtm,2021,2682.0
gtm,2022,2600.0
gtm,2023,2563.0
gtm,2024,2546.0
guy,1991,141.00
guy,1992,130.00
guy,1993,120.00
guy,1994,115.00
guy,1995,117.00
guy,1996,120.00
guy,1997,125.00
guy,1998,127.00
guy,1999,125.00
guy,2000,119.00
guy,2001,115.00
guy,2002,113.00
guy,2003,115.00
guy,2004,121.00
guy,2005,126.00
guy,2006,131.00
guy,2007,129.00
guy,2008,129.00
guy,2009,129.00
guy,2010,134.00
guy,2011,140.00
guy,2012,147.00
guy,2013,154.00
guy,2014,155.00
guy,2015,151.00
guy,2016,143.00
guy,2017,133.00
guy,2018,122.00
guy,2019,116.00
guy,2020,114.00
guy,2021,112.00
guy,2022,109.00
guy,2023,108.00
guy,2024,106.00
hnd,1991,1279.0
hnd,1992,1292.0
hnd,1993,1305.0
hnd,1994,1320.0
hnd,1995,1331.0
hnd,1996,1342.0
hnd,1997,1349.0
hnd,1998,1356.0
hnd,1999,3502.0
hnd,2000,1364.0
hnd,2001,1369.0
hnd,2002,1375.0
hnd,2003,1382.0
hnd,2004,1392.0
hnd,2005,1405.0
hnd,2006,1418.0
hnd,2007,1434.0
hnd,2008,1450.0
hnd,2009,1467.0
hnd,2010,1487.0
hnd,2011,1509.0
hnd,2012,1532.0
hnd,2013,1553.0
hnd,2014,1570.0
hnd,2015,1584.0
hnd,2016,1594.0
hnd,2017,1600.0
hnd,2018,1598.0
hnd,2019,1592.0
hnd,2020,1576.0
hnd,2021,1556.0
hnd,2022,1528.0
hnd,2023,1503.0
hnd,2024,1474.0
hrv,1991,332.00
hrv,1992,491.00
hrv,1993,371.00
hrv,1994,356.00
hrv,1995,348.00
hrv,1996,332.00
hrv,1997,262.00
hrv,1998,236.00
hrv,1999,217.00
hrv,2000,203.00
hrv,2001,190.00
hrv,2002,183.00
hrv,2003,177.00
hrv,2004,195.00
hrv,2005,163.00
hrv,2006,157.00
hrv,2007,151.00
hrv,2008,144.00
hrv,2009,135.00
hrv,2010,127.00
hrv,2011,119.00
hrv,2012,111.00
hrv,2013,104.00
hrv,2014,99.000
hrv,2015,96.000
hrv,2016,94.000
hrv,2017,92.000
hrv,2018,90.000
hrv,2019,88.000
hrv,2020,89.000
hrv,2021,92.000
hrv,2022,93.000
hrv,2023,111.00
hrv,2024,96.000
hti,1991,4227.0
hti,1992,4181.0
hti,1993,4137.0
hti,1994,4092.0
hti,1995,4041.0
hti,1996,3986.0
hti,1997,3937.0
hti,1998,3885.0
hti,1999,3834.0
hti,2000,3781.0
hti,2001,3726.0
hti,2002,3668.0
hti,2003,3606.0
hti,2004,3547.0
hti,2005,3751.0
hti,2006,3432.0
hti,2007,3376.0
hti,2008,3319.0
hti,2009,3255.0
hti,2010,3190.0
hti,2011,18638
hti,2012,3201.0
hti,2013,2961.0
hti,2014,2892.0
hti,2015,2826.0
hti,2016,2761.0
hti,2017,2699.0
hti,2018,2634.0
hti,2019,2572.0
hti,2020,2517.0
hti,2021,2467.0
hti,2022,2640.0
hti,2023,2377.0
hti,2024,2453.0
hun,1991,752.00
hun,1992,753.00
hun,1993,732.00
hun,1994,692.00
hun,1995,636.00
hun,1996,578.00
hun,1997,527.00
hun,1998,489.00
hun,1999,459.00
hun,2000,435.00
hun,2001,416.00
hun,2002,398.00
hun,2003,385.00
hun,2004,373.00
hun,2005,360.00
hun,2006,351.00
hun,2007,339.00
hun,2008,326.00
hun,2009,310.00
hun,2010,292.00
hun,2011,274.00
hun,2012,258.00
hun,2013,243.00
hun,2014,227.00
hun,2015,213.00
hun,2016,204.00
hun,2017,197.00
hun,2018,191.00
hun,2019,189.00
hun,2020,188.00
hun,2021,186.00
hun,2022,181.00
hun,2023,178.00
hun,2024,172.00
idn,1991,44049
idn,1992,43655
idn,1993,43208
idn,1994,42804
idn,1995,42481
idn,1996,42206
idn,1997,41905
idn,1998,41659
idn,1999,41462
idn,2000,41279
idn,2001,41036
idn,2002,40668
idn,2003,40147
idn,2004,39551
idn,2005,60898
idn,2006,38354
idn,2007,37895
idn,2008,37542
idn,2009,37218
idn,2010,36842
idn,2011,36523
idn,2012,36143
idn,2013,35692
idn,2014,35221
idn,2015,34532
idn,2016,33763
idn,2017,33024
idn,2018,32186
idn,2019,31407
idn,2020,30816
idn,2021,30432
idn,2022,30047
idn,2023,29747
idn,2024,29315
ind,1991,318820
ind,1992,319170
ind,1993,319770
ind,1994,320490
ind,1995,321430
ind,1996,322710
ind,1997,324340
ind,1998,325790
ind,1999,326810
ind,2000,327080
ind,2001,325910
ind,2002,323340
ind,2003,319790
ind,2004,315120
ind,2005,309320
ind,2006,302690
ind,2007,294990
ind,2008,286350
ind,2009,277080
ind,2010,267300
ind,2011,257150
ind,2012,246730
ind,2013,235970
ind,2014,224960
ind,2015,213950
ind,2016,203000
ind,2017,192490
ind,2018,182540
ind,2019,172950
ind,2020,163810
ind,2021,155000
ind,2022,146960
ind,2023,139860
ind,2024,133850
irl,1991,234.00
irl,1992,231.00
irl,1993,227.00
irl,1994,224.00
irl,1995,225.00
irl,1996,230.00
irl,1997,237.00
irl,1998,243.00
irl,1999,244.00
irl,2000,240.00
irl,2001,230.00
irl,2002,217.00
irl,2003,204.00
irl,2004,194.00
irl,2005,186.00
irl,2006,180.00
irl,2007,173.00
irl,2008,168.00
irl,2009,160.00
irl,2010,151.00
irl,2011,139.00
irl,2012,128.00
irl,2013,120.00
irl,2014,111.00
irl,2015,105.00
irl,2016,99.000
irl,2017,94.000
irl,2018,92.000
irl,2019,92.000
irl,2020,92.000
irl,2021,93.000
irl,2022,95.000
irl,2023,100.00
irl,2024,105.00
irn,1991,19460
irn,1992,12410
irn,1993,12229
irn,1994,12026
irn,1995,11973
irn,1996,12120
irn,1997,12285
irn,1998,12509
irn,1999,12765
irn,2000,13019
irn,2001,13266
irn,2002,13510
irn,2003,13632
irn,2004,19185
irn,2005,13574
irn,2006,13496
irn,2007,13450
irn,2008,13371
irn,2009,13097
irn,2010,12525
irn,2011,11665
irn,2012,10616
irn,2013,9521.0
irn,2014,8596.0
irn,2015,7990.0
irn,2016,7696.0
irn,2017,7684.0
irn,2018,7875.0
irn,2019,8106.0
irn,2020,8243.0
irn,2021,8287.0
irn,2022,8304.0
irn,2023,8348.0
irn,2024,8367.0
irq,1991,10233
irq,1992,7154.0
irq,1993,4136.0
irq,1994,4222.0
irq,1995,4310.0
irq,1996,4343.0
irq,1997,4369.0
irq,1998,4397.0
irq,1999,4435.0
irq,2000,4490.0
irq,2001,4565.0
irq,2002,4648.0
irq,2003,4746.0
irq,2004,6041.0
irq,2005,6733.0
irq,2006,6966.0
irq,2007,8171.0
irq,2008,7973.0
irq,2009,6313.0
irq,2010,5230.0
irq,2011,5344.0
irq,2012,5453.0
irq,2013,5607.0
irq,2014,6028.0
irq,2015,5840.0
irq,2016,5873.0
irq,2017,7957.0
irq,2018,7164.0
irq,2019,5932.0
irq,2020,6179.0
irq,2021,5974.0
irq,2022,6034.0
irq,2023,6119.0
irq,2024,6207.0
isl,1991,17.000
isl,1992,17.000
isl,1993,16.000
isl,1994,16.000
isl,1995,14.000
isl,1996,14.000
isl,1997,14.000
isl,1998,14.000
isl,1999,14.000
isl,2000,14.000
isl,2001,13.000
isl,2002,13.000
isl,2003,12.000
isl,2004,11.000
isl,2005,11.000
isl,2006,11.000
isl,2007,11.000
isl,2008,11.000
isl,2009,11.000
isl,2010,10.000
isl,2011,9.0000
isl,2012,9.0000
isl,2013,9.0000
isl,2014,9.0000
isl,2015,9.0000
isl,2016,9.0000
isl,2017,9.0000
isl,2018,8.0000
isl,2019,7.0000
isl,2020,7.0000
isl,2021,7.0000
isl,2022,7.0000
isl,2023,7.0000
isl,2024,7.0000
isr,1991,275.00
isr,1992,280.00
isr,1993,283.00
isr,1994,289.00
isr,1995,296.00
isr,1996,302.00
isr,1997,304.00
isr,1998,296.00
isr,1999,283.00
isr,2000,279.00
isr,2001,294.00
isr,2002,323.00
isr,2003,333.00
isr,2004,312.00
isr,2005,283.00
isr,2006,264.00
isr,2007,255.00
isr,2008,249.00
isr,2009,241.00
isr,2010,233.00
isr,2011,222.00
isr,2012,212.00
isr,2013,210.00
isr,2014,214.00
isr,2015,221.00
isr,2016,226.00
isr,2017,227.00
isr,2018,224.00
isr,2019,224.00
isr,2020,223.00
isr,2021,224.00
isr,2022,228.00
isr,2023,238.00
isr,2024,247.00
ita,1991,3085.0
ita,1992,3036.0
ita,1993,2916.0
ita,1994,2727.0
ita,1995,2518.0
ita,1996,2324.0
ita,1997,2162.0
ita,1998,2018.0
ita,1999,1893.0
ita,2000,1793.0
ita,2001,1706.0
ita,2002,1629.0
ita,2003,1546.0
ita,2004,1473.0
ita,2005,1415.0
ita,2006,1372.0
ita,2007,1335.0
ita,2008,1303.0
ita,2009,1258.0
ita,2010,1197.0
ita,2011,1132.0
ita,2012,1066.0
ita,2013,1004.0
ita,2014,950.00
ita,2015,913.00
ita,2016,892.00
ita,2017,876.00
ita,2018,854.00
ita,2019,819.00
ita,2020,788.00
ita,2021,768.00
ita,2022,769.00
ita,2023,784.00
ita,2024,804.00
jam,1991,395.00
jam,1992,388.00
jam,1993,384.00
jam,1994,381.00
jam,1995,376.00
jam,1996,373.00
jam,1997,371.00
jam,1998,367.00
jam,1999,365.00
jam,2000,363.00
jam,2001,361.00
jam,2002,358.00
jam,2003,357.00
jam,2004,355.00
jam,2005,354.00
jam,2006,354.00
jam,2007,354.00
jam,2008,356.00
jam,2009,358.00
jam,2010,358.00
jam,2011,356.00
jam,2012,352.00
jam,2013,345.00
jam,2014,336.00
jam,2015,329.00
jam,2016,319.00
jam,2017,311.00
jam,2018,303.00
jam,2019,297.00
jam,2020,292.00
jam,2021,288.00
jam,2022,286.00
jam,2023,296.00
jam,2024,291.00
jor,1991,583.00
jor,1992,607.00
jor,1993,617.00
jor,1994,627.00
jor,1995,635.00
jor,1996,639.00
jor,1997,642.00
jor,1998,644.00
jor,1999,645.00
jor,2000,647.00
jor,2001,652.00
jor,2002,657.00
jor,2003,666.00
jor,2004,674.00
jor,2005,683.00
jor,2006,691.00
jor,2007,729.00
jor,2008,766.00
jor,2009,774.00
jor,2010,781.00
jor,2011,788.00
jor,2012,795.00
jor,2013,786.00
jor,2014,798.00
jor,2015,833.00
jor,2016,851.00
jor,2017,840.00
jor,2018,808.00
jor,2019,782.00
jor,2020,764.00
jor,2021,748.00
jor,2022,738.00
jor,2023,738.00
jor,2024,740.00
jpn,1991,5678.0
jpn,1992,5464.0
jpn,1993,5184.0
jpn,1994,4868.0
jpn,1995,4551.0
jpn,1996,4460.0
jpn,1997,4013.0
jpn,1998,3787.0
jpn,1999,3582.0
jpn,2000,3385.0
jpn,2001,3189.0
jpn,2002,3000.0
jpn,2003,2826.0
jpn,2004,2667.0
jpn,2005,2521.0
jpn,2006,2390.0
jpn,2007,2280.0
jpn,2008,2186.0
jpn,2009,2102.0
jpn,2010,2032.0
jpn,2011,1974.0
jpn,2012,2892.0
jpn,2013,1864.0
jpn,2014,1810.0
jpn,2015,1755.0
jpn,2016,1706.0
jpn,2017,1674.0
jpn,2018,1660.0
jpn,2019,1663.0
jpn,2020,1682.0
jpn,2021,1707.0
jpn,2022,1736.0
jpn,2023,1772.0
jpn,2024,1813.0
kaz,1991,2528.0
kaz,1992,2625.0
kaz,1993,2717.0
kaz,1994,2788.0
kaz,1995,2815.0
kaz,1996,2802.0
kaz,1997,2765.0
kaz,1998,2696.0
kaz,1999,2606.0
kaz,2000,2538.0
kaz,2001,2507.0
kaz,2002,2485.0
kaz,2003,2480.0
kaz,2004,2488.0
kaz,2005,2498.0
kaz,2006,2495.0
kaz,2007,2445.0
kaz,2008,2321.0
kaz,2009,2136.0
kaz,2010,1934.0
kaz,2011,1753.0
kaz,2012,1596.0
kaz,2013,1462.0
kaz,2014,1352.0
kaz,2015,1266.0
kaz,2016,1206.0
kaz,2017,1171.0
kaz,2018,1169.0
kaz,2019,1181.0
kaz,2020,1198.0
kaz,2021,1224.0
kaz,2022,1262.0
kaz,2023,1313.0
kaz,2024,1362.0
ken,1991,7810.0
ken,1992,8361.0
ken,1993,8907.0
ken,1994,9455.0
ken,1995,9999.0
ken,1996,10520
ken,1997,10996
ken,1998,11439
ken,1999,11826
ken,2000,12130
ken,2001,12360
ken,2002,12493
ken,2003,12568
ken,2004,12534
ken,2005,12472
ken,2006,12367
ken,2007,12232
ken,2008,12085
ken,2009,11924
ken,2010,11760
ken,2011,11589
ken,2012,11445
ken,2013,11306
ken,2014,11158
ken,2015,11029
ken,2016,10909
ken,2017,10765
ken,2018,10647
ken,2019,10517
ken,2020,10387
ken,2021,10231
ken,2022,10056
ken,2023,9899.0
ken,2024,9764.0
kgz,1991,602.00
kgz,1992,611.00
kgz,1993,622.00
kgz,1994,632.00
kgz,1995,644.00
kgz,1996,662.00
kgz,1997,676.00
kgz,1998,683.00
kgz,1999,680.00
kgz,2000,672.00
kgz,2001,661.00
kgz,2002,648.00
kgz,2003,635.00
kgz,2004,620.00
kgz,2005,606.00
kgz,2006,597.00
kgz,2007,590.00
kgz,2008,585.00
kgz,2009,577.00
kgz,2010,567.00
kgz,2011,551.00
kgz,2012,536.00
kgz,2013,522.00
kgz,2014,512.00
kgz,2015,501.00
kgz,2016,493.00
kgz,2017,484.00
kgz,2018,481.00
kgz,2019,480.00
kgz,2020,488.00
kgz,2021,505.00
kgz,2022,526.00
kgz,2023,544.00
kgz,2024,560.00
khm,1991,3644.0
khm,1992,3480.0
khm,1993,3353.0
khm,1994,3262.0
khm,1995,3422.0
khm,1996,3850.0
khm,1997,4331.0
khm,1998,4720.0
khm,1999,4792.0
khm,2000,4589.0
khm,2001,4331.0
khm,2002,4062.0
khm,2003,3804.0
khm,2004,3569.0
khm,2005,3365.0
khm,2006,3193.0
khm,2007,3035.0
khm,2008,2893.0
khm,2009,2771.0
khm,2010,2649.0
khm,2011,2532.0
khm,2012,2410.0
khm,2013,2294.0
khm,2014,2188.0
khm,2015,2095.0
khm,2016,2027.0
khm,2017,1988.0
khm,2018,1993.0
khm,2019,2023.0
khm,2020,2054.0
khm,2021,2089.0
khm,2022,2116.0
khm,2023,2122.0
khm,2024,2111.0
kir,1991,23.000
kir,1992,23.000
kir,1993,23.000
kir,1994,23.000
kir,1995,24.000
kir,1996,24.000
kir,1997,25.000
kir,1998,25.000
kir,1999,26.000
kir,2000,26.000
kir,2001,26.000
kir,2002,27.000
kir,2003,27.000
kir,2004,28.000
kir,2005,28.000
kir,2006,28.000
kir,2007,29.000
kir,2008,29.000
kir,2009,29.000
kir,2010,29.000
kir,2011,29.000
kir,2012,29.000
kir,2013,29.000
kir,2014,29.000
kir,2015,29.000
kir,2016,30.000
kir,2017,30.000
kir,2018,29.000
kir,2019,29.000
kir,2020,29.000
kir,2021,29.000
kir,2022,30.000
kir,2023,31.000
kir,2024,31.000
kna,1991,5.0000
kna,1992,5.0000
kna,1993,5.0000
kna,1994,5.0000
kna,1995,6.0000
kna,1996,6.0000
kna,1997,6.0000
kna,1998,6.0000
kna,1999,6.0000
kna,2000,6.0000
kna,2001,6.0000
kna,2002,6.0000
kna,2003,7.0000
kna,2004,8.0000
kna,2005,8.0000
kna,2006,8.0000
kna,2007,8.0000
kna,2008,7.0000
kna,2009,7.0000
kna,2010,7.0000
kna,2011,7.0000
kna,2012,8.0000
kna,2013,8.0000
kna,2014,8.0000
kna,2015,8.0000
kna,2016,7.0000
kna,2017,6.0000
kna,2018,6.0000
kna,2019,5.0000
kna,2020,5.0000
kna,2021,5.0000
kna,2022,5.0000
kna,2023,5.0000
kna,2024,5.0000
kor,1991,5040.0
kor,1992,4890.0
kor,1993,4702.0
kor,1994,4521.0
kor,1995,4387.0
kor,1996,4266.0
kor,1997,4093.0
kor,1998,3789.0
kor,1999,3377.0
kor,2000,2915.0
kor,2001,2478.0
kor,2002,2134.0
kor,2003,1900.0
kor,2004,1733.0
kor,2005,1613.0
kor,2006,1530.0
kor,2007,1488.0
kor,2008,1481.0
kor,2009,1483.0
kor,2010,1461.0
kor,2011,1408.0
kor,2012,1327.0
kor,2013,1224.0
kor,2014,1118.0
kor,2015,1023.0
kor,2016,944.00
kor,2017,887.00
kor,2018,847.00
kor,2019,816.00
kor,2020,788.00
kor,2021,766.00
kor,2022,747.00
kor,2023,742.00
kor,2024,746.00
kwt,1991,250.00
kwt,1992,202.00
kwt,1993,169.00
kwt,1994,163.00
kwt,1995,137.00
kwt,1996,125.00
kwt,1997,130.00
kwt,1998,139.00
kwt,1999,146.00
kwt,2000,148.00
kwt,2001,147.00
kwt,2002,144.00
kwt,2003,140.00
kwt,2004,135.00
kwt,2005,130.00
kwt,2006,130.00
kwt,2007,135.00
kwt,2008,138.00
kwt,2009,138.00
kwt,2010,136.00
kwt,2011,134.00
kwt,2012,134.00
kwt,2013,138.00
kwt,2014,141.00
kwt,2015,145.00
kwt,2016,149.00
kwt,2017,153.00
kwt,2018,156.00
kwt,2019,160.00
kwt,2020,160.00
kwt,2021,159.00
kwt,2022,149.00
kwt,2023,146.00
kwt,2024,148.00
lao,1991,2608.0
lao,1992,2629.0
lao,1993,2659.0
lao,1994,2695.0
lao,1995,2739.0
lao,1996,2783.0
lao,1997,2822.0
lao,1998,2865.0
lao,1999,2899.0
lao,2000,2925.0
lao,2001,2953.0
lao,2002,2968.0
lao,2003,2980.0
lao,2004,2972.0
lao,2005,2945.0
lao,2006,2897.0
lao,2007,2815.0
lao,2008,2699.0
lao,2009,2566.0
lao,2010,2423.0
lao,2011,2273.0
lao,2012,2124.0
lao,2013,1969.0
lao,2014,1818.0
lao,2015,1686.0
lao,2016,1579.0
lao,2017,1500.0
lao,2018,1437.0
lao,2019,1387.0
lao,2020,1342.0
lao,2021,1301.0
lao,2022,1266.0
lao,2023,1238.0
lao,2024,1213.0
lbn,1991,1161.0
lbn,1992,583.00
lbn,1993,575.00
lbn,1994,567.00
lbn,1995,560.00
lbn,1996,556.00
lbn,1997,550.00
lbn,1998,545.00
lbn,1999,538.00
lbn,2000,531.00
lbn,2001,522.00
lbn,2002,510.00
lbn,2003,496.00
lbn,2004,481.00
lbn,2005,468.00
lbn,2006,454.00
lbn,2007,528.00
lbn,2008,433.00
lbn,2009,423.00
lbn,2010,411.00
lbn,2011,399.00
lbn,2012,391.00
lbn,2013,392.00
lbn,2014,422.00
lbn,2015,462.00
lbn,2016,471.00
lbn,2017,469.00
lbn,2018,472.00
lbn,2019,479.00
lbn,2020,491.00
lbn,2021,510.00
lbn,2022,532.00
lbn,2023,558.00
lbn,2024,584.00
lbr,1991,2200.0
lbr,1992,1194.0
lbr,1993,1363.0
lbr,1994,1571.0
lbr,1995,1711.0
lbr,1996,1555.0
lbr,1997,1663.0
lbr,1998,1486.0
lbr,1999,1624.0
lbr,2000,1687.0
lbr,2001,1716.0
lbr,2002,1729.0
lbr,2003,1735.0
lbr,2004,1990.0
lbr,2005,1680.0
lbr,2006,1711.0
lbr,2007,1761.0
lbr,2008,1807.0
lbr,2009,1840.0
lbr,2010,1865.0
lbr,2011,1894.0
lbr,2012,1943.0
lbr,2013,1992.0
lbr,2014,2030.0
lbr,2015,2210.0
lbr,2016,2447.0
lbr,2017,2204.0
lbr,2018,2273.0
lbr,2019,2338.0
lbr,2020,2388.0
lbr,2021,2418.0
lbr,2022,2444.0
lbr,2023,2459.0
lbr,2024,2473.0
lby,1991,836.00
lby,1992,841.00
lby,1993,845.00
lby,1994,844.00
lby,1995,838.00
lby,1996,833.00
lby,1997,826.00
lby,1998,815.00
lby,1999,801.00
lby,2000,785.00
lby,2001,771.00
lby,2002,762.00
lby,2003,753.00
lby,2004,745.00
lby,2005,739.00
lby,2006,730.00
lby,2007,711.00
lby,2008,686.00
lby,2009,660.00
lby,2010,637.00
lby,2011,617.00
lby,2012,941.00
lby,2013,577.00
lby,2014,566.00
lby,2015,759.00
lby,2016,741.00
lby,2017,755.00
lby,2018,651.00
lby,2019,610.00
lby,2020,696.00
lby,2021,649.00
lby,2022,544.00
lby,2023,546.00
lby,2024,2159.0
lca,1991,19.000
lca,1992,19.000
lca,1993,19.000
lca,1994,19.000
lca,1995,19.000
lca,1996,20.000
lca,1997,20.000
lca,1998,20.000
lca,1999,20.000
lca,2000,19.000
lca,2001,19.000
lca,2002,19.000
lca,2003,19.000
lca,2004,19.000
lca,2005,17.000
lca,2006,17.000
lca,2007,17.000
lca,2008,16.000
lca,2009,16.000
lca,2010,16.000
lca,2011,16.000
lca,2012,16.000
lca,2013,14.000
lca,2014,14.000
lca,2015,14.000
lca,2016,14.000
lca,2017,14.000
lca,2018,14.000
lca,2019,14.000
lca,2020,14.000
lca,2021,14.000
lca,2022,14.000
lca,2023,14.000
lca,2024,14.000
lka,1991,4000.0
lka,1992,4002.0
lka,1993,3726.0
lka,1994,3318.0
lka,1995,3225.0
lka,1996,3507.0
lka,1997,3397.0
lka,1998,3394.0
lka,1999,3358.0
lka,2000,3256.0
lka,2001,3186.0
lka,2002,2762.0
lka,2003,2541.0
lka,2004,2301.0
lka,2005,6299.0
lka,2006,1967.0
lka,2007,2182.0
lka,2008,2277.0
lka,2009,2773.0
lka,2010,4043.0
lka,2011,2319.0
lka,2012,2146.0
lka,2013,1857.0
lka,2014,1569.0
lka,2015,1339.0
lka,2016,1173.0
lka,2017,1066.0
lka,2018,997.00
lka,2019,953.00
lka,2020,920.00
lka,2021,896.00
lka,2022,870.00
lka,2023,846.00
lka,2024,823.00
lso,1991,795.00
lso,1992,821.00
lso,1993,851.00
lso,1994,881.00
lso,1995,912.00
lso,1996,941.00
lso,1997,971.00
lso,1998,996.00
lso,1999,1017.0
lso,2000,1033.0
lso,2001,1040.0
lso,2002,1040.0
lso,2003,1031.0
lso,2004,1013.0
lso,2005,986.00
lso,2006,951.00
lso,2007,916.00
lso,2008,884.00
lso,2009,849.00
lso,2010,809.00
lso,2011,772.00
lso,2012,736.00
lso,2013,704.00
lso,2014,673.00
lso,2015,644.00
lso,2016,611.00
lso,2017,577.00
lso,2018,544.00
lso,2019,514.00
lso,2020,484.00
lso,2021,455.00
lso,2022,429.00
lso,2023,407.00
lso,2024,389.00
ltu,1991,376.00
ltu,1992,380.00
ltu,1993,378.00
ltu,1994,371.00
ltu,1995,363.00
ltu,1996,348.00
ltu,1997,333.00
ltu,1998,322.00
ltu,1999,314.00
ltu,2000,313.00
ltu,2001,312.00
ltu,2002,310.00
ltu,2003,309.00
ltu,2004,300.00
ltu,2005,289.00
ltu,2006,273.00
ltu,2007,260.00
ltu,2008,247.00
ltu,2009,232.00
ltu,2010,215.00
ltu,2011,195.00
ltu,2012,174.00
ltu,2013,155.00
ltu,2014,139.00
ltu,2015,126.00
ltu,2016,114.00
ltu,2017,102.00
ltu,2018,92.000
ltu,2019,84.000
ltu,2020,77.000
ltu,2021,74.000
ltu,2022,69.000
ltu,2023,68.000
ltu,2024,68.000
lux,1991,21.000
lux,1992,21.000
lux,1993,20.000
lux,1994,19.000
lux,1995,18.000
lux,1996,17.000
lux,1997,15.000
lux,1998,13.000
lux,1999,13.000
lux,2000,12.000
lux,2001,12.000
lux,2002,11.000
lux,2003,10.000
lux,2004,10.000
lux,2005,9.0000
lux,2006,9.0000
lux,2007,9.0000
lux,2008,9.0000
lux,2009,9.0000
lux,2010,9.0000
lux,2011,9.0000
lux,2012,9.0000
lux,2013,9.0000
lux,2014,9.0000
lux,2015,9.0000
lux,2016,9.0000
lux,2017,9.0000
lux,2018,9.0000
lux,2019,9.0000
lux,2020,9.0000
lux,2021,9.0000
lux,2022,9.0000
lux,2023,9.0000
lux,2024,9.0000
lva,1991,300.00
lva,1992,302.00
lva,1993,296.00
lva,1994,290.00
lva,1995,283.00
lva,1996,271.00
lva,1997,259.00
lva,1998,248.00
lva,1999,239.00
lva,2000,231.00
lva,2001,221.00
lva,2002,212.00
lva,2003,201.00
lva,2004,189.00
lva,2005,175.00
lva,2006,162.00
lva,2007,149.00
lva,2008,133.00
lva,2009,120.00
lva,2010,104.00
lva,2011,91.000
lva,2012,80.000
lva,2013,70.000
lva,2014,63.000
lva,2015,61.000
lva,2016,56.000
lva,2017,56.000
lva,2018,55.000
lva,2019,55.000
lva,2020,55.000
lva,2021,52.000
lva,2022,50.000
lva,2023,49.000
lva,2024,48.000
mar,1991,4985.0
mar,1992,4874.0
mar,1993,4770.0
mar,1994,4662.0
mar,1995,4546.0
mar,1996,4414.0
mar,1997,4276.0
mar,1998,4138.0
mar,1999,3996.0
mar,2000,3857.0
mar,2001,3718.0
mar,2002,3592.0
mar,2003,3473.0
mar,2004,3362.0
mar,2005,3257.0
mar,2006,3151.0
mar,2007,3043.0
mar,2008,2939.0
mar,2009,2843.0
mar,2010,2750.0
mar,2011,2650.0
mar,2012,2551.0
mar,2013,2447.0
mar,2014,2356.0
mar,2015,2281.0
mar,2016,2219.0
mar,2017,2157.0
mar,2018,2105.0
mar,2019,2041.0
mar,2020,1991.0
mar,2021,1959.0
mar,2022,1924.0
mar,2023,1899.0
mar,2024,2223.0
mco,1991,1.0000
mco,1992,1.0000
mco,1993,1.0000
mco,1994,0.0000
mco,1995,0.0000
mco,1996,0.0000
mco,1997,0.0000
mco,1998,0.0000
mco,1999,0.0000
mco,2000,0.0000
mco,2001,0.0000
mco,2002,0.0000
mco,2003,0.0000
mco,2004,0.0000
mco,2005,0.0000
mco,2006,0.0000
mco,2007,0.0000
mco,2008,0.0000
mco,2009,0.0000
mco,2010,0.0000
mco,2011,0.0000
mco,2012,0.0000
mco,2013,0.0000
mco,2014,0.0000
mco,2015,0.0000
mco,2016,0.0000
mco,2017,0.0000
mco,2018,0.0000
mco,2019,0.0000
mco,2020,0.0000
mco,2021,0.0000
mco,2022,0.0000
mco,2023,0.0000
mco,2024,0.0000
mda,1991,500.00
mda,1992,503.00
mda,1993,541.00
mda,1994,501.00
mda,1995,498.00
mda,1996,493.00
mda,1997,484.00
mda,1998,474.00
mda,1999,465.00
mda,2000,454.00
mda,2001,439.00
mda,2002,422.00
mda,2003,403.00
mda,2004,384.00
mda,2005,363.00
mda,2006,338.00
mda,2007,313.00
mda,2008,289.00
mda,2009,266.00
mda,2010,244.00
mda,2011,226.00
mda,2012,210.00
mda,2013,195.00
mda,2014,182.00
mda,2015,170.00
mda,2016,161.00
mda,2017,154.00
mda,2018,150.00
mda,2019,148.00
mda,2020,148.00
mda,2021,149.00
mda,2022,150.00
mda,2023,155.00
mda,2024,160.00
mdg,1991,7958.0
mdg,1992,7904.0
mdg,1993,7852.0
mdg,1994,7805.0
mdg,1995,7778.0
mdg,1996,7769.0
mdg,1997,7760.0
mdg,1998,7760.0
mdg,1999,7770.0
mdg,2000,7799.0
mdg,2001,7849.0
mdg,2002,7910.0
mdg,2003,7983.0
mdg,2004,8072.0
mdg,2005,8179.0
mdg,2006,8292.0
mdg,2007,8425.0
mdg,2008,8549.0
mdg,2009,8663.0
mdg,2010,8769.0
mdg,2011,8845.0
mdg,2012,8927.0
mdg,2013,9005.0
mdg,2014,9077.0
mdg,2015,9123.0
mdg,2016,9167.0
mdg,2017,9209.0
mdg,2018,9274.0
mdg,2019,9357.0
mdg,2020,9475.0
mdg,2021,9589.0
mdg,2022,9692.0
mdg,2023,9747.0
mdg,2024,9761.0
mdv,1991,45.000
mdv,1992,43.000
mdv,1993,42.000
mdv,1994,40.000
mdv,1995,41.000
mdv,1996,40.000
mdv,1997,39.000
mdv,1998,39.000
mdv,1999,39.000
mdv,2000,39.000
mdv,2001,39.000
mdv,2002,38.000
mdv,2003,37.000
mdv,2004,37.000
mdv,2005,56.000
mdv,2006,35.000
mdv,2007,36.000
mdv,2008,36.000
mdv,2009,36.000
mdv,2010,36.000
mdv,2011,35.000
mdv,2012,33.000
mdv,2013,32.000
mdv,2014,31.000
mdv,2015,29.000
mdv,2016,28.000
mdv,2017,26.000
mdv,2018,26.000
mdv,2019,24.000
mdv,2020,23.000
mdv,2021,22.000
mdv,2022,21.000
mdv,2023,21.000
mdv,2024,21.000
mex,1991,14268
mex,1992,13812
mex,1993,13341
mex,1994,12883
mex,1995,12525
mex,1996,12332
mex,1997,12233
mex,1998,12095
mex,1999,11857
mex,2000,11599
mex,2001,11385
mex,2002,11219
mex,2003,11104
mex,2004,11035
mex,2005,11020
mex,2006,11074
mex,2007,11246
mex,2008,11643
mex,2009,12300
mex,2010,12968
mex,2011,13361
mex,2012,13329
mex,2013,12892
mex,2014,12215
mex,2015,11648
mex,2016,11462
mex,2017,11620
mex,2018,11951
mex,2019,12296
mex,2020,12799
mex,2021,13053
mex,2022,13127
mex,2023,12940
mex,2024,12460
mhl,1991,11.000
mhl,1992,11.000
mhl,1993,12.000
mhl,1994,12.000
mhl,1995,12.000
mhl,1996,12.000
mhl,1997,12.000
mhl,1998,12.000
mhl,1999,12.000
mhl,2000,13.000
mhl,2001,14.000
mhl,2002,14.000
mhl,2003,14.000
mhl,2004,13.000
mhl,2005,12.000
mhl,2006,11.000
mhl,2007,11.000
mhl,2008,11.000
mhl,2009,11.000
mhl,2010,10.000
mhl,2011,10.000
mhl,2012,10.000
mhl,2013,10.000
mhl,2014,10.000
mhl,2015,9.0000
mhl,2016,9.0000
mhl,2017,9.0000
mhl,2018,9.0000
mhl,2019,9.0000
mhl,2020,9.0000
mhl,2021,8.0000
mhl,2022,8.0000
mhl,2023,8.0000
mhl,2024,7.0000
mkd,1991,145.00
mkd,1992,146.00
mkd,1993,142.00
mkd,1994,136.00
mkd,1995,130.00
mkd,1996,127.00
mkd,1997,125.00
mkd,1998,125.00
mkd,1999,123.00
mkd,2000,120.00
mkd,2001,118.00
mkd,2002,114.00
mkd,2003,110.00
mkd,2004,105.00
mkd,2005,101.00
mkd,2006,96.000
mkd,2007,91.000
mkd,2008,87.000
mkd,2009,82.000
mkd,2010,78.000
mkd,2011,74.000
mkd,2012,71.000
mkd,2013,69.000
mkd,2014,66.000
mkd,2015,63.000
mkd,2016,60.000
mkd,2017,55.000
mkd,2018,54.000
mkd,2019,52.000
mkd,2020,51.000
mkd,2021,51.000
mkd,2022,49.000
mkd,2023,50.000
mkd,2024,51.000
mli,1991,6316.0
mli,1992,6417.0
mli,1993,6521.0
mli,1994,6610.0
mli,1995,6702.0
mli,1996,6785.0
mli,1997,6851.0
mli,1998,6904.0
mli,1999,6944.0
mli,2000,6980.0
mli,2001,6999.0
mli,2002,7008.0
mli,2003,7013.0
mli,2004,7017.0
mli,2005,7025.0
mli,2006,7029.0
mli,2007,7042.0
mli,2008,7058.0
mli,2009,7101.0
mli,2010,7167.0
mli,2011,7275.0
mli,2012,7416.0
mli,2013,7575.0
mli,2014,7755.0
mli,2015,7988.0
mli,2016,8250.0
mli,2017,8531.0
mli,2018,8809.0
mli,2019,9063.0
mli,2020,9289.0
mli,2021,9469.0
mli,2022,9630.0
mli,2023,10179
mli,2024,10265
mlt,1991,16.000
mlt,1992,16.000
mlt,1993,16.000
mlt,1994,17.000
mlt,1995,17.000
mlt,1996,17.000
mlt,1997,17.000
mlt,1998,17.000
mlt,1999,16.000
mlt,2000,16.000
mlt,2001,15.000
mlt,2002,15.000
mlt,2003,15.000
mlt,2004,15.000
mlt,2005,14.000
mlt,2006,13.000
mlt,2007,12.000
mlt,2008,11.000
mlt,2009,11.000
mlt,2010,11.000
mlt,2011,10.000
mlt,2012,10.000
mlt,2013,10.000
mlt,2014,8.0000
mlt,2015,8.0000
mlt,2016,8.0000
mlt,2017,7.0000
mlt,2018,6.0000
mlt,2019,6.0000
mlt,2020,6.0000
mlt,2021,6.0000
mlt,2022,6.0000
mlt,2023,6.0000
mlt,2024,6.0000
mmr,1991,18104
mmr,1992,18214
mmr,1993,18321
mmr,1994,18384
mmr,1995,18350
mmr,1996,18211
mmr,1997,18054
mmr,1998,17786
mmr,1999,17443
mmr,2000,17079
mmr,2001,16610
mmr,2002,16066
mmr,2003,15414
mmr,2004,14705
mmr,2005,13892
mmr,2006,13065
mmr,2007,12228
mmr,2008,11387
mmr,2009,27998
mmr,2010,9799.0
mmr,2011,9028.0
mmr,2012,8290.0
mmr,2013,7588.0
mmr,2014,6933.0
mmr,2015,6365.0
mmr,2016,5908.0
mmr,2017,5573.0
mmr,2018,5330.0
mmr,2019,5109.0
mmr,2020,4925.0
mmr,2021,4752.0
mmr,2022,5099.0
mmr,2023,5347.0
mmr,2024,4990.0
mne,1991,38.000
mne,1992,37.000
mne,1993,37.000
mne,1994,36.000
mne,1995,36.000
mne,1996,34.000
mne,1997,34.000
mne,1998,34.000
mne,1999,34.000
mne,2000,33.000
mne,2001,35.000
mne,2002,35.000
mne,2003,32.000
mne,2004,31.000
mne,2005,30.000
mne,2006,29.000
mne,2007,28.000
mne,2008,25.000
mne,2009,24.000
mne,2010,22.000
mne,2011,20.000
mne,2012,20.000
mne,2013,17.000
mne,2014,17.000
mne,2015,17.000
mne,2016,17.000
mne,2017,17.000
mne,2018,17.000
mne,2019,17.000
mne,2020,17.000
mne,2021,19.000
mne,2022,19.000
mne,2023,20.000
mne,2024,23.000
mng,1991,542.00
mng,1992,575.00
mng,1993,605.00
mng,1994,626.00
mng,1995,633.00
mng,1996,631.00
mng,1997,615.00
mng,1998,588.00
mng,1999,553.00
mng,2000,514.00
mng,2001,477.00
mng,2002,446.00
mng,2003,424.00
mng,2004,413.00
mng,2005,406.00
mng,2006,395.00
mng,2007,384.00
mng,2008,370.00
mng,2009,356.00
mng,2010,345.00
mng,2011,337.00
mng,2012,332.00
mng,2013,329.00
mng,2014,324.00
mng,2015,319.00
mng,2016,313.00
mng,2017,307.00
mng,2018,301.00
mng,2019,296.00
mng,2020,295.00
mng,2021,298.00
mng,2022,305.00
mng,2023,312.00
mng,2024,319.00
moz,1991,11849
moz,1992,11773
moz,1993,11695
moz,1994,11750
moz,1995,12242
moz,1996,12672
moz,1997,12752
moz,1998,12754
moz,1999,12630
moz,2000,12444
moz,2001,12194
moz,2002,11919
moz,2003,11636
moz,2004,11354
moz,2005,11067
moz,2006,10775
moz,2007,10493
moz,2008,10213
moz,2009,9929.0
moz,2010,9669.0
moz,2011,9426.0
moz,2012,9216.0
moz,2013,9040.0
moz,2014,8885.0
moz,2015,8784.0
moz,2016,8716.0
moz,2017,8662.0
moz,2018,8621.0
moz,2019,8603.0
moz,2020,8598.0
moz,2021,8607.0
moz,2022,8628.0
moz,2023,8640.0
moz,2024,8657.0
mrt,1991,727.00
mrt,1992,716.00
mrt,1993,709.00
mrt,1994,707.00
mrt,1995,701.00
mrt,1996,693.00
mrt,1997,684.00
mrt,1998,678.00
mrt,1999,677.00
mrt,2000,676.00
mrt,2001,677.00
mrt,2002,676.00
mrt,2003,676.00
mrt,2004,680.00
mrt,2005,685.00
mrt,2006,692.00
mrt,2007,702.00
mrt,2008,712.00
mrt,2009,719.00
mrt,2010,726.00
mrt,2011,733.00
mrt,2012,744.00
mrt,2013,757.00
mrt,2014,777.00
mrt,2015,803.00
mrt,2016,831.00
mrt,2017,862.00
mrt,2018,896.00
mrt,2019,927.00
mrt,2020,959.00
mrt,2021,985.00
mrt,2022,1002.0
mrt,2023,1019.0
mrt,2024,1031.0
msr,1991,1.0000
msr,1992,1.0000
msr,1993,0.0000
msr,1994,0.0000
msr,1995,0.0000
msr,1996,0.0000
msr,1997,0.0000
msr,1998,0.0000
msr,1999,0.0000
msr,2000,0.0000
msr,2001,0.0000
msr,2002,0.0000
msr,2003,0.0000
msr,2004,0.0000
msr,2005,0.0000
msr,2006,0.0000
msr,2007,0.0000
msr,2008,0.0000
msr,2009,0.0000
msr,2010,0.0000
msr,2011,0.0000
msr,2012,0.0000
msr,2013,0.0000
msr,2014,0.0000
msr,2015,0.0000
msr,2016,0.0000
msr,2017,0.0000
msr,2018,0.0000
msr,2019,0.0000
msr,2020,0.0000
msr,2021,0.0000
msr,2022,0.0000
msr,2023,0.0000
msr,2024,0.0000
mus,1991,115.00
mus,1992,116.00
mus,1993,115.00
mus,1994,116.00
mus,1995,114.00
mus,1996,112.00
mus,1997,108.00
mus,1998,105.00
mus,1999,101.00
mus,2000,96.000
mus,2001,92.000
mus,2002,89.000
mus,2003,87.000
mus,2004,85.000
mus,2005,84.000
mus,2006,83.000
mus,2007,84.000
mus,2008,84.000
mus,2009,84.000
mus,2010,83.000
mus,2011,83.000
mus,2012,82.000
mus,2013,80.000
mus,2014,79.000
mus,2015,78.000
mus,2016,77.000
mus,2017,77.000
mus,2018,74.000
mus,2019,74.000
mus,2020,74.000
mus,2021,73.000
mus,2022,70.000
mus,2023,68.000
mus,2024,64.000
mwi,1991,6064.0
mwi,1992,6272.0
mwi,1993,6512.0
mwi,1994,6693.0
mwi,1995,6718.0
mwi,1996,6824.0
mwi,1997,7060.0
mwi,1998,7258.0
mwi,1999,7395.0
mwi,2000,7461.0
mwi,2001,7448.0
mwi,2002,7348.0
mwi,2003,7196.0
mwi,2004,7036.0
mwi,2005,6888.0
mwi,2006,6743.0
mwi,2007,6607.0
mwi,2008,6484.0
mwi,2009,6367.0
mwi,2010,6272.0
mwi,2011,6197.0
mwi,2012,6120.0
mwi,2013,6036.0
mwi,2014,5972.0
mwi,2015,5926.0
mwi,2016,5898.0
mwi,2017,5898.0
mwi,2018,5901.0
mwi,2019,5903.0
mwi,2020,5905.0
mwi,2021,5914.0
mwi,2022,5931.0
mwi,2023,5945.0
mwi,2024,5926.0
mys,1991,2679.0
mys,1992,2638.0
mys,1993,2627.0
mys,1994,2671.0
mys,1995,2762.0
mys,1996,2851.0
mys,1997,2894.0
mys,1998,2879.0
mys,1999,2818.0
mys,2000,2752.0
mys,2001,2740.0
mys,2002,2803.0
mys,2003,2871.0
mys,2004,2891.0
mys,2005,2856.0
mys,2006,2799.0
mys,2007,2742.0
mys,2008,2712.0
mys,2009,2730.0
mys,2010,2778.0
mys,2011,2813.0
mys,2012,2816.0
mys,2013,2809.0
mys,2014,2811.0
mys,2015,2823.0
mys,2016,2835.0
mys,2017,2820.0
mys,2018,2722.0
mys,2019,2503.0
mys,2020,2237.0
mys,2021,1999.0
mys,2022,1820.0
mys,2023,1691.0
mys,2024,1585.0
nam,1991,550.00
nam,1992,552.00
nam,1993,557.00
nam,1994,565.00
nam,1995,576.00
nam,1996,593.00
nam,1997,608.00
nam,1998,628.00
nam,1999,651.00
nam,2000,676.00
nam,2001,708.00
nam,2002,741.00
nam,2003,771.00
nam,2004,794.00
nam,2005,811.00
nam,2006,822.00
nam,2007,827.00
nam,2008,826.00
nam,2009,819.00
nam,2010,810.00
nam,2011,793.00
nam,2012,771.00
nam,2013,750.00
nam,2014,732.00
nam,2015,716.00
nam,2016,699.00
nam,2017,684.00
nam,2018,668.00
nam,2019,646.00
nam,2020,623.00
nam,2021,599.00
nam,2022,580.00
nam,2023,561.00
nam,2024,546.00
ner,1991,6843.0
ner,1992,6968.0
ner,1993,7118.0
ner,1994,7269.0
ner,1995,7441.0
ner,1996,7625.0
ner,1997,7813.0
ner,1998,8006.0
ner,1999,8224.0
ner,2000,8421.0
ner,2001,8632.0
ner,2002,8829.0
ner,2003,9021.0
ner,2004,9210.0
ner,2005,9402.0
ner,2006,9604.0
ner,2007,9823.0
ner,2008,10060
ner,2009,10320
ner,2010,10604
ner,2011,10894
ner,2012,11173
ner,2013,11460
ner,2014,11735
ner,2015,12030
ner,2016,12312
ner,2017,12569
ner,2018,12834
ner,2019,13064
ner,2020,13284
ner,2021,13510
ner,2022,13723
ner,2023,13927
ner,2024,14114
nga,1991,66423
nga,1992,66954
nga,1993,67380
nga,1994,67705
nga,1995,67854
nga,1996,67718
nga,1997,67401
nga,1998,67004
nga,1999,66500
nga,2000,66009
nga,2001,65620
nga,2002,65358
nga,2003,65085
nga,2004,64961
nga,2005,64917
nga,2006,65062
nga,2007,65259
nga,2008,65446
nga,2009,65698
nga,2010,66013
nga,2011,66504
nga,2012,67195
nga,2013,68010
nga,2014,68869
nga,2015,69750
nga,2016,70546
nga,2017,71344
nga,2018,72077
nga,2019,72851
nga,2020,73424
nga,2021,73824
nga,2022,74076
nga,2023,74281
nga,2024,74173
nic,1991,1162.0
nic,1992,1125.0
nic,1993,1138.0
nic,1994,1146.0
nic,1995,1154.0
nic,1996,1158.0
nic,1997,1156.0
nic,1998,1148.0
nic,1999,1656.0
nic,2000,1128.0
nic,2001,1113.0
nic,2002,1102.0
nic,2003,1088.0
nic,2004,1074.0
nic,2005,1057.0
nic,2006,1044.0
nic,2007,1032.0
nic,2008,1021.0
nic,2009,1006.0
nic,2010,987.00
nic,2011,968.00
nic,2012,945.00
nic,2013,922.00
nic,2014,898.00
nic,2015,875.00
nic,2016,854.00
nic,2017,833.00
nic,2018,815.00
nic,2019,796.00
nic,2020,781.00
nic,2021,766.00
nic,2022,752.00
nic,2023,741.00
nic,2024,732.00
niu,1991,0.0000
niu,1992,0.0000
niu,1993,0.0000
niu,1994,0.0000
niu,1995,0.0000
niu,1996,0.0000
niu,1997,0.0000
niu,1998,0.0000
niu,1999,0.0000
niu,2000,0.0000
niu,2001,0.0000
niu,2002,0.0000
niu,2003,0.0000
niu,2004,0.0000
niu,2005,0.0000
niu,2006,0.0000
niu,2007,0.0000
niu,2008,0.0000
niu,2009,0.0000
niu,2010,0.0000
niu,2011,0.0000
niu,2012,0.0000
niu,2013,0.0000
niu,2014,0.0000
niu,2015,0.0000
niu,2016,0.0000
niu,2017,0.0000
niu,2018,0.0000
niu,2019,0.0000
niu,2020,0.0000
niu,2021,0.0000
niu,2022,0.0000
niu,2023,0.0000
niu,2024,0.0000
nld,1991,601.00
nld,1992,571.00
nld,1993,546.00
nld,1994,528.00
nld,1995,514.00
nld,1996,506.00
nld,1997,500.00
nld,1998,497.00
nld,1999,494.00
nld,2000,489.00
nld,2001,482.00
nld,2002,471.00
nld,2003,458.00
nld,2004,442.00
nld,2005,422.00
nld,2006,403.00
nld,2007,385.00
nld,2008,367.00
nld,2009,354.00
nld,2010,344.00
nld,2011,332.00
nld,2012,321.00
nld,2013,311.00
nld,2014,304.00
nld,2015,299.00
nld,2016,296.00
nld,2017,296.00
nld,2018,297.00
nld,2019,297.00
nld,2020,300.00
nld,2021,299.00
nld,2022,299.00
nld,2023,302.00
nld,2024,305.00
nor,1991,222.00
nor,1992,207.00
nor,1993,193.00
nor,1994,180.00
nor,1995,173.00
nor,1996,167.00
nor,1997,165.00
nor,1998,166.00
nor,1999,170.00
nor,2000,173.00
nor,2001,174.00
nor,2002,173.00
nor,2003,169.00
nor,2004,166.00
nor,2005,162.00
nor,2006,159.00
nor,2007,155.00
nor,2008,152.00
nor,2009,151.00
nor,2010,147.00
nor,2011,141.00
nor,2012,136.00
nor,2013,126.00
nor,2014,119.00
nor,2015,112.00
nor,2016,109.00
nor,2017,106.00
nor,2018,105.00
nor,2019,105.00
nor,2020,105.00
nor,2021,108.00
nor,2022,108.00
nor,2023,110.00
nor,2024,114.00
npl,1991,7559.0
npl,1992,7475.0
npl,1993,7375.0
npl,1994,7273.0
npl,1995,7144.0
npl,1996,7002.0
npl,1997,6848.0
npl,1998,6687.0
npl,1999,6536.0
npl,2000,6381.0
npl,2001,6245.0
npl,2002,6118.0
npl,2003,6350.0
npl,2004,5860.0
npl,2005,5955.0
npl,2006,5655.0
npl,2007,5566.0
npl,2008,5485.0
npl,2009,5416.0
npl,2010,5352.0
npl,2011,5305.0
npl,2012,5267.0
npl,2013,5202.0
npl,2014,5108.0
npl,2015,4981.0
npl,2016,6409.0
npl,2017,4663.0
npl,2018,4482.0
npl,2019,4313.0
npl,2020,4138.0
npl,2021,3964.0
npl,2022,3837.0
npl,2023,3695.0
npl,2024,3527.0
nru,1991,2.0000
nru,1992,2.0000
nru,1993,2.0000
nru,1994,2.0000
nru,1995,2.0000
nru,1996,2.0000
nru,1997,2.0000
nru,1998,2.0000
nru,1999,2.0000
nru,2000,2.0000
nru,2001,1.0000
nru,2002,1.0000
nru,2003,1.0000
nru,2004,1.0000
nru,2005,1.0000
nru,2006,1.0000
nru,2007,1.0000
nru,2008,1.0000
nru,2009,1.0000
nru,2010,1.0000
nru,2011,1.0000
nru,2012,1.0000
nru,2013,1.0000
nru,2014,1.0000
nru,2015,1.0000
nru,2016,1.0000
nru,2017,1.0000
nru,2018,1.0000
nru,2019,0.0000
nru,2020,0.0000
nru,2021,0.0000
nru,2022,0.0000
nru,2023,0.0000
nru,2024,0.0000
nzl,1991,364.00
nzl,1992,345.00
nzl,1993,324.00
nzl,1994,310.00
nzl,1995,298.00
nzl,1996,292.00
nzl,1997,288.00
nzl,1998,281.00
nzl,1999,273.00
nzl,2000,263.00
nzl,2001,254.00
nzl,2002,252.00
nzl,2003,252.00
nzl,2004,254.00
nzl,2005,253.00
nzl,2006,251.00
nzl,2007,251.00
nzl,2008,246.00
nzl,2009,240.00
nzl,2010,233.00
nzl,2011,224.00
nzl,2012,214.00
nzl,2013,202.00
nzl,2014,192.00
nzl,2015,184.00
nzl,2016,179.00
nzl,2017,176.00
nzl,2018,175.00
nzl,2019,173.00
nzl,2020,171.00
nzl,2021,169.00
nzl,2022,165.00
nzl,2023,163.00
nzl,2024,162.00
omn,1991,336.00
omn,1992,331.00
omn,1993,324.00
omn,1994,315.00
omn,1995,310.00
omn,1996,305.00
omn,1997,300.00
omn,1998,294.00
omn,1999,290.00
omn,2000,281.00
omn,2001,273.00
omn,2002,266.00
omn,2003,260.00
omn,2004,252.00
omn,2005,251.00
omn,2006,249.00
omn,2007,246.00
omn,2008,245.00
omn,2009,230.00
omn,2010,223.00
omn,2011,213.00
omn,2012,204.00
omn,2013,197.00
omn,2014,194.00
omn,2015,194.00
omn,2016,192.00
omn,2017,194.00
omn,2018,195.00
omn,2019,196.00
omn,2020,202.00
omn,2021,212.00
omn,2022,221.00
omn,2023,228.00
omn,2024,240.00
pak,1991,39584
pak,1992,40206
pak,1993,40768
pak,1994,41225
pak,1995,41684
pak,1996,42022
pak,1997,42253
pak,1998,42460
pak,1999,42586
pak,2000,42716
pak,2001,42820
pak,2002,42894
pak,2003,42834
pak,2004,42872
pak,2005,43126
pak,2006,56981
pak,2007,44032
pak,2008,44567
pak,2009,44868
pak,2010,45005
pak,2011,44921
pak,2012,44690
pak,2013,44430
pak,2014,43795
pak,2015,43264
pak,2016,42745
pak,2017,42274
pak,2018,41867
pak,2019,41624
pak,2020,41497
pak,2021,41227
pak,2022,41023
pak,2023,40764
pak,2024,40505
pan,1991,370.00
pan,1992,375.00
pan,1993,384.00
pan,1994,389.00
pan,1995,393.00
pan,1996,393.00
pan,1997,390.00
pan,1998,385.00
pan,1999,379.00
pan,2000,372.00
pan,2001,368.00
pan,2002,363.00
pan,2003,362.00
pan,2004,363.00
pan,2005,366.00
pan,2006,376.00
pan,2007,392.00
pan,2008,418.00
pan,2009,448.00
pan,2010,476.00
pan,2011,498.00
pan,2012,508.00
pan,2013,508.00
pan,2014,498.00
pan,2015,480.00
pan,2016,460.00
pan,2017,442.00
pan,2018,431.00
pan,2019,423.00
pan,2020,417.00
pan,2021,412.00
pan,2022,406.00
pan,2023,402.00
pan,2024,397.00
per,1991,6551.0
per,1992,6410.0
per,1993,6209.0
per,1994,5980.0
per,1995,5703.0
per,1996,5403.0
per,1997,5093.0
per,1998,4782.0
per,1999,4495.0
per,2000,4221.0
per,2001,3964.0
per,2002,3728.0
per,2003,3514.0
per,2004,3317.0
per,2005,3142.0
per,2006,2985.0
per,2007,2854.0
per,2008,2749.0
per,2009,2662.0
per,2010,2590.0
per,2011,2531.0
per,2012,2460.0
per,2013,2376.0
per,2014,2290.0
per,2015,2224.0
per,2016,2203.0
per,2017,2247.0
per,2018,2353.0
per,2019,2475.0
per,2020,2555.0
per,2021,2576.0
per,2022,2565.0
per,2023,2538.0
per,2024,2493.0
phl,1991,13081
phl,1992,13137
phl,1993,12171
phl,1994,11929
phl,1995,11823
phl,1996,11827
phl,1997,11888
phl,1998,11962
phl,1999,12044
phl,2000,12122
phl,2001,12194
phl,2002,12266
phl,2003,12321
phl,2004,12354
phl,2005,12376
phl,2006,12405
phl,2007,12456
phl,2008,12535
phl,2009,12608
phl,2010,12659
phl,2011,12719
phl,2012,12768
phl,2013,12854
phl,2014,13637
phl,2015,13167
phl,2016,13327
phl,2017,13408
phl,2018,13406
phl,2019,13377
phl,2020,13408
phl,2021,13572
phl,2022,13916
phl,2023,14394
phl,2024,14844
plw,1991,2.0000
plw,1992,2.0000
plw,1993,2.0000
plw,1994,2.0000
plw,1995,2.0000
plw,1996,2.0000
plw,1997,2.0000
plw,1998,3.0000
plw,1999,2.0000
plw,2000,2.0000
plw,2001,2.0000
plw,2002,2.0000
plw,2003,2.0000
plw,2004,2.0000
plw,2005,4.0000
plw,2006,4.0000
plw,2007,3.0000
plw,2008,3.0000
plw,2009,3.0000
plw,2010,3.0000
plw,2011,3.0000
plw,2012,3.0000
plw,2013,3.0000
plw,2014,2.0000
plw,2015,2.0000
plw,2016,2.0000
plw,2017,2.0000
plw,2018,2.0000
plw,2019,2.0000
plw,2020,2.0000
plw,2021,2.0000
plw,2022,2.0000
plw,2023,2.0000
plw,2024,2.0000
png,1991,1324.0
png,1992,1349.0
png,1993,1381.0
png,1994,1417.0
png,1995,1452.0
png,1996,1489.0
png,1997,1526.0
png,1998,1564.0
png,1999,1951.0
png,2000,1641.0
png,2001,1680.0
png,2002,1719.0
png,2003,1761.0
png,2004,1802.0
png,2005,1843.0
png,2006,1878.0
png,2007,1909.0
png,2008,1937.0
png,2009,1963.0
png,2010,1987.0
png,2011,2008.0
png,2012,2027.0
png,2013,2043.0
png,2014,2057.0
png,2015,2069.0
png,2016,2081.0
png,2017,2085.0
png,2018,2091.0
png,2019,2092.0
png,2020,2092.0
png,2021,2088.0
png,2022,2081.0
png,2023,2067.0
png,2024,2051.0
pol,1991,2859.0
pol,1992,2925.0
pol,1993,2913.0
pol,1994,2843.0
pol,1995,2764.0
pol,1996,2714.0
pol,1997,2680.0
pol,1998,2641.0
pol,1999,2590.0
pol,2000,2510.0
pol,2001,2404.0
pol,2002,2284.0
pol,2003,2157.0
pol,2004,2029.0
pol,2005,1916.0
pol,2006,1827.0
pol,2007,1762.0
pol,2008,1704.0
pol,2009,1636.0
pol,2010,1547.0
pol,2011,1459.0
pol,2012,1373.0
pol,2013,1277.0
pol,2014,1183.0
pol,2015,1094.0
pol,2016,1019.0
pol,2017,957.00
pol,2018,914.00
pol,2019,895.00
pol,2020,892.00
pol,2021,904.00
pol,2022,923.00
pol,2023,957.00
pol,2024,990.00
prk,1991,4017.0
prk,1992,3918.0
prk,1993,3783.0
prk,1994,3655.0
prk,1995,3573.0
prk,1996,6234.0
prk,1997,6192.0
prk,1998,6208.0
prk,1999,6246.0
prk,2000,6278.0
prk,2001,6310.0
prk,2002,6341.0
prk,2003,6358.0
prk,2004,3405.0
prk,2005,3394.0
prk,2006,3394.0
prk,2007,3389.0
prk,2008,3388.0
prk,2009,3316.0
prk,2010,3252.0
prk,2011,3163.0
prk,2012,3048.0
prk,2013,2917.0
prk,2014,2773.0
prk,2015,2632.0
prk,2016,2497.0
prk,2017,2397.0
prk,2018,2248.0
prk,2019,2156.0
prk,2020,2062.0
prk,2021,2004.0
prk,2022,1966.0
prk,2023,1953.0
prk,2024,1948.0
prt,1991,1104.0
prt,1992,1089.0
prt,1993,1048.0
prt,1994,986.00
prt,1995,921.00
prt,1996,859.00
prt,1997,802.00
prt,1998,746.00
prt,1999,691.00
prt,2000,635.00
prt,2001,580.00
prt,2002,526.00
prt,2003,471.00
prt,2004,427.00
prt,2005,387.00
prt,2006,354.00
prt,2007,328.00
prt,2008,304.00
prt,2009,281.00
prt,2010,260.00
prt,2011,239.00
prt,2012,219.00
prt,2013,203.00
prt,2014,190.00
prt,2015,181.00
prt,2016,175.00
prt,2017,172.00
prt,2018,169.00
prt,2019,169.00
prt,2020,170.00
prt,2021,171.00
prt,2022,174.00
prt,2023,179.00
prt,2024,184.00
pry,1991,755.00
pry,1992,751.00
pry,1993,752.00
pry,1994,755.00
pry,1995,759.00
pry,1996,771.00
pry,1997,783.00
pry,1998,798.00
pry,1999,817.00
pry,2000,833.00
pry,2001,848.00
pry,2002,863.00
pry,2003,875.00
pry,2004,883.00
pry,2005,889.00
pry,2006,891.00
pry,2007,888.00
pry,2008,881.00
pry,2009,871.00
pry,2010,857.00
pry,2011,844.00
pry,2012,828.00
pry,2013,813.00
pry,2014,799.00
pry,2015,785.00
pry,2016,765.00
pry,2017,748.00
pry,2018,727.00
pry,2019,708.00
pry,2020,690.00
pry,2021,675.00
pry,2022,662.00
pry,2023,652.00
pry,2024,646.00
pse,1991,387.00
pse,1992,379.00
pse,1993,406.00
pse,1994,423.00
pse,1995,409.00
pse,1996,435.00
pse,1997,432.00
pse,1998,444.00
pse,1999,456.00
pse,2000,466.00
pse,2001,545.00
pse,2002,636.00
pse,2003,557.00
pse,2004,593.00
pse,2005,620.00
pse,2006,560.00
pse,2007,618.00
pse,2008,627.00
pse,2009,647.00
pse,2010,666.00
pse,2011,557.00
pse,2012,556.00
pse,2013,551.00
pse,2014,546.00
pse,2015,748.00
pse,2016,537.00
pse,2017,534.00
pse,2018,532.00
pse,2019,532.00
pse,2020,531.00
pse,2021,535.00
pse,2022,541.00
pse,2023,545.00
pse,2024,4209.0
qat,1991,39.000
qat,1992,39.000
qat,1993,38.000
qat,1994,37.000
qat,1995,36.000
qat,1996,36.000
qat,1997,35.000
qat,1998,38.000
qat,1999,41.000
qat,2000,44.000
qat,2001,47.000
qat,2002,48.000
qat,2003,49.000
qat,2004,50.000
qat,2005,51.000
qat,2006,54.000
qat,2007,59.000
qat,2008,62.000
qat,2009,62.000
qat,2010,60.000
qat,2011,60.000
qat,2012,62.000
qat,2013,62.000
qat,2014,64.000
qat,2015,68.000
qat,2016,68.000
qat,2017,64.000
qat,2018,61.000
qat,2019,59.000
qat,2020,58.000
qat,2021,62.000
qat,2022,63.000
qat,2023,66.000
qat,2024,71.000
rks,1991,359.00
rks,1992,358.00
rks,1993,354.00
rks,1994,350.00
rks,1995,344.00
rks,1996,340.00
rks,1997,333.00
rks,1998,327.00
rks,1999,307.00
rks,2000,280.00
rks,2001,275.00
rks,2002,276.00
rks,2003,270.00
rks,2004,254.00
rks,2005,240.00
rks,2006,223.00
rks,2007,209.00
rks,2008,194.00
rks,2009,180.00
rks,2010,169.00
rks,2011,162.00
rks,2012,156.00
rks,2013,152.00
rks,2014,147.00
rks,2015,141.00
rks,2016,134.00
rks,2017,129.00
rks,2018,126.00
rks,2019,123.00
rks,2020,117.00
rks,2021,113.00
rks,2022,108.00
rks,2023,101.00
rks,2024,96.000
rou,1991,2281.0
rou,1992,2168.0
rou,1993,2100.0
rou,1994,2043.0
rou,1995,1994.0
rou,1996,1949.0
rou,1997,1921.0
rou,1998,1936.0
rou,1999,1993.0
rou,2000,2027.0
rou,2001,1950.0
rou,2002,1782.0
rou,2003,1601.0
rou,2004,1472.0
rou,2005,1403.0
rou,2006,1366.0
rou,2007,1327.0
rou,2008,1268.0
rou,2009,1186.0
rou,2010,1078.0
rou,2011,959.00
rou,2012,855.00
rou,2013,778.00
rou,2014,730.00
rou,2015,702.00
rou,2016,689.00
rou,2017,685.00
rou,2018,672.00
rou,2019,653.00
rou,2020,631.00
rou,2021,617.00
rou,2022,602.00
rou,2023,583.00
rou,2024,550.00
rus,1991,16615
rus,1992,17728
rus,1993,19201
rus,1994,20977
rus,1995,22301
rus,1996,22354
rus,1997,21727
rus,1998,21505
rus,1999,21918
rus,2000,22418
rus,2001,22586
rus,2002,22478
rus,2003,21829
rus,2004,20373
rus,2005,18758
rus,2006,17477
rus,2007,16147
rus,2008,14472
rus,2009,12696
rus,2010,11119
rus,2011,9870.0
rus,2012,8894.0
rus,2013,8155.0
rus,2014,7646.0
rus,2015,7208.0
rus,2016,6746.0
rus,2017,6344.0
rus,2018,6047.0
rus,2019,5873.0
rus,2020,5828.0
rus,2021,5889.0
rus,2022,5989.0
rus,2023,6561.0
rus,2024,7142.0
rwa,1991,9721.0
rwa,1992,11315
rwa,1993,12544
rwa,1994,14419
rwa,1995,141590
rwa,1996,12276
rwa,1997,14117
rwa,1998,15736
rwa,1999,14596
rwa,2000,11939
rwa,2001,10190
rwa,2002,8695.0
rwa,2003,7446.0
rwa,2004,6478.0
rwa,2005,5720.0
rwa,2006,5104.0
rwa,2007,4573.0
rwa,2008,4123.0
rwa,2009,3756.0
rwa,2010,3460.0
rwa,2011,3246.0
rwa,2012,3107.0
rwa,2013,3021.0
rwa,2014,2963.0
rwa,2015,2928.0
rwa,2016,2907.0
rwa,2017,2880.0
rwa,2018,2821.0
rwa,2019,2711.0
rwa,2020,2548.0
rwa,2021,2360.0
rwa,2022,2169.0
rwa,2023,2008.0
rwa,2024,1879.0
sau,1991,2453.0
sau,1992,2483.0
sau,1993,2527.0
sau,1994,2570.0
sau,1995,2618.0
sau,1996,2662.0
sau,1997,2710.0
sau,1998,2756.0
sau,1999,2800.0
sau,2000,2847.0
sau,2001,2993.0
sau,2002,3225.0
sau,2003,3443.0
sau,2004,3634.0
sau,2005,3788.0
sau,2006,3898.0
sau,2007,3942.0
sau,2008,3920.0
sau,2009,3837.0
sau,2010,3706.0
sau,2011,3536.0
sau,2012,3343.0
sau,2013,3150.0
sau,2014,2962.0
sau,2015,2788.0
sau,2016,2639.0
sau,2017,2511.0
sau,2018,2400.0
sau,2019,2310.0
sau,2020,2275.0
sau,2021,2256.0
sau,2022,2246.0
sau,2023,2282.0
sau,2024,2340.0
sdn,1991,13053
sdn,1992,13075
sdn,1993,13052
sdn,1994,13083
sdn,1995,13202
sdn,1996,13350
sdn,1997,13449
sdn,1998,13518
sdn,1999,13603
sdn,2000,13621
sdn,2001,13591
sdn,2002,13528
sdn,2003,14260
sdn,2004,16007
sdn,2005,18550
sdn,2006,18478
sdn,2007,14729
sdn,2008,13158
sdn,2009,14736
sdn,2010,13324
sdn,2011,13406
sdn,2012,13456
sdn,2013,13517
sdn,2014,13581
sdn,2015,13680
sdn,2016,13803
sdn,2017,13911
sdn,2018,14044
sdn,2019,14158
sdn,2020,14176
sdn,2021,14139
sdn,2022,14105
sdn,2023,14035
sdn,2024,14886
sen,1991,3928.0
sen,1992,4045.0
sen,1993,4183.0
sen,1994,4340.0
sen,1995,4519.0
sen,1996,4706.0
sen,1997,4886.0
sen,1998,5052.0
sen,1999,5190.0
sen,2000,5290.0
sen,2001,5348.0
sen,2002,5357.0
sen,2003,5321.0
sen,2004,5244.0
sen,2005,5134.0
sen,2006,5012.0
sen,2007,4891.0
sen,2008,4773.0
sen,2009,4659.0
sen,2010,4550.0
sen,2011,4444.0
sen,2012,4344.0
sen,2013,4250.0
sen,2014,4200.0
sen,2015,4164.0
sen,2016,4137.0
sen,2017,4124.0
sen,2018,4119.0
sen,2019,4130.0
sen,2020,4155.0
sen,2021,4170.0
sen,2022,4201.0
sen,2023,4206.0
sen,2024,4204.0
sgp,1991,180.00
sgp,1992,166.00
sgp,1993,155.00
sgp,1994,147.00
sgp,1995,140.00
sgp,1996,137.00
sgp,1997,137.00
sgp,1998,135.00
sgp,1999,136.00
sgp,2000,135.00
sgp,2001,135.00
sgp,2002,136.00
sgp,2003,132.00
sgp,2004,128.00
sgp,2005,125.00
sgp,2006,121.00
sgp,2007,121.00
sgp,2008,120.00
sgp,2009,120.00
sgp,2010,119.00
sgp,2011,117.00
sgp,2012,115.00
sgp,2013,114.00
sgp,2014,112.00
sgp,2015,108.00
sgp,2016,107.00
sgp,2017,105.00
sgp,2018,104.00
sgp,2019,103.00
sgp,2020,104.00
sgp,2021,104.00
sgp,2022,105.00
sgp,2023,110.00
sgp,2024,112.00
slb,1991,75.000
slb,1992,76.000
slb,1993,77.000
slb,1994,78.000
slb,1995,78.000
slb,1996,79.000
slb,1997,79.000
slb,1998,79.000
slb,1999,80.000
slb,2000,82.000
slb,2001,83.000
slb,2002,83.000
slb,2003,84.000
slb,2004,84.000
slb,2005,84.000
slb,2006,84.000
slb,2007,84.000
slb,2008,87.000
slb,2009,84.000
slb,2010,85.000
slb,2011,86.000
slb,2012,88.000
slb,2013,91.000
slb,2014,93.000
slb,2015,96.000
slb,2016,100.00
slb,2017,102.00
slb,2018,104.00
slb,2019,106.00
slb,2020,107.00
slb,2021,113.00
slb,2022,109.00
slb,2023,109.00
slb,2024,110.00
sle,1991,3527.0
sle,1992,3523.0
sle,1993,3414.0
sle,1994,3364.0
sle,1995,3464.0
sle,1996,3491.0
sle,1997,3249.0
sle,1998,3235.0
sle,1999,3550.0
sle,2000,3883.0
sle,2001,3224.0
sle,2002,3396.0
sle,2003,3580.0
sle,2004,3719.0
sle,2005,3833.0
sle,2006,3920.0
sle,2007,3979.0
sle,2008,4027.0
sle,2009,4081.0
sle,2010,4147.0
sle,2011,4225.0
sle,2012,4301.0
sle,2013,4397.0
sle,2014,4493.0
sle,2015,4580.0
sle,2016,4647.0
sle,2017,4699.0
sle,2018,4734.0
sle,2019,4757.0
sle,2020,4764.0
sle,2021,4763.0
sle,2022,4741.0
sle,2023,4715.0
sle,2024,4691.0
slv,1991,1606.0
slv,1992,1317.0
slv,1993,1266.0
slv,1994,1257.0
slv,1995,1282.0
slv,1996,1312.0
slv,1997,1311.0
slv,1998,1272.0
slv,1999,1255.0
slv,2000,1147.0
slv,2001,1087.0
slv,2002,1150.0
slv,2003,1029.0
slv,2004,1046.0
slv,2005,1095.0
slv,2006,1156.0
slv,2007,1205.0
slv,2008,1237.0
slv,2009,1259.0
slv,2010,1291.0
slv,2011,1252.0
slv,2012,1216.0
slv,2013,1189.0
slv,2014,1218.0
slv,2015,1314.0
slv,2016,1404.0
slv,2017,1387.0
slv,2018,1263.0
slv,2019,1089.0
slv,2020,922.00
slv,2021,796.00
slv,2022,717.00
slv,2023,672.00
slv,2024,644.00
smr,1991,1.0000
smr,1992,1.0000
smr,1993,1.0000
smr,1994,1.0000
smr,1995,1.0000
smr,1996,1.0000
smr,1997,1.0000
smr,1998,0.0000
smr,1999,0.0000
smr,2000,0.0000
smr,2001,0.0000
smr,2002,0.0000
smr,2003,0.0000
smr,2004,0.0000
smr,2005,0.0000
smr,2006,0.0000
smr,2007,0.0000
smr,2008,0.0000
smr,2009,0.0000
smr,2010,0.0000
smr,2011,0.0000
smr,2012,0.0000
smr,2013,0.0000
smr,2014,0.0000
smr,2015,0.0000
smr,2016,0.0000
smr,2017,0.0000
smr,2018,0.0000
smr,2019,0.0000
smr,2020,0.0000
smr,2021,0.0000
smr,2022,0.0000
smr,2023,0.0000
smr,2024,0.0000
som,1991,6702.0
som,1992,17760
som,1993,17554
som,1994,5411.0
som,1995,5703.0
som,1996,5934.0
som,1997,6172.0
som,1998,6404.0
som,1999,6673.0
som,2000,6920.0
som,2001,7135.0
som,2002,7318.0
som,2003,7510.0
som,2004,7772.0
som,2005,8068.0
som,2006,8331.0
som,2007,8520.0
som,2008,8703.0
som,2009,8876.0
som,2010,9039.0
som,2011,10667
som,2012,25657
som,2013,12113
som,2014,9599.0
som,2015,10086
som,2016,9783.0
som,2017,10451
som,2018,13090
som,2019,11504
som,2020,10256
som,2021,10326
som,2022,10376
som,2023,14431
som,2024,11243
srb,1991,470.00
srb,1992,507.00
srb,1993,508.00
srb,1994,462.00
srb,1995,413.00
srb,1996,389.00
srb,1997,389.00
srb,1998,405.00
srb,1999,424.00
srb,2000,428.00
srb,2001,403.00
srb,2002,362.00
srb,2003,326.00
srb,2004,305.00
srb,2005,294.00
srb,2006,287.00
srb,2007,280.00
srb,2008,266.00
srb,2009,247.00
srb,2010,227.00
srb,2011,209.00
srb,2012,197.00
srb,2013,186.00
srb,2014,178.00
srb,2015,170.00
srb,2016,163.00
srb,2017,156.00
srb,2018,152.00
srb,2019,152.00
srb,2020,154.00
srb,2021,158.00
srb,2022,159.00
srb,2023,158.00
srb,2024,154.00
ssd,1991,19159
ssd,1992,19089
ssd,1993,32634
ssd,1994,32322
ssd,1995,5235.0
ssd,1996,18330
ssd,1997,17984
ssd,1998,17473
ssd,1999,33953
ssd,2000,7742.0
ssd,2001,6227.0
ssd,2002,6187.0
ssd,2003,6128.0
ssd,2004,4636.0
ssd,2005,4643.0
ssd,2006,4702.0
ssd,2007,4795.0
ssd,2008,4932.0
ssd,2009,5064.0
ssd,2010,5136.0
ssd,2011,5206.0
ssd,2012,5286.0
ssd,2013,5353.0
ssd,2014,5465.0
ssd,2015,11996
ssd,2016,16061
ssd,2017,18604
ssd,2018,19773
ssd,2019,9135.0
ssd,2020,6234.0
ssd,2021,6530.0
ssd,2022,6747.0
ssd,2023,6932.0
ssd,2024,7253.0
stp,1991,53.000
stp,1992,53.000
stp,1993,55.000
stp,1994,54.000
stp,1995,55.000
stp,1996,56.000
stp,1997,56.000
stp,1998,55.000
stp,1999,55.000
stp,2000,53.000
stp,2001,53.000
stp,2002,51.000
stp,2003,50.000
stp,2004,48.000
stp,2005,47.000
stp,2006,44.000
stp,2007,44.000
stp,2008,43.000
stp,2009,42.000
stp,2010,41.000
stp,2011,42.000
stp,2012,43.000
stp,2013,43.000
stp,2014,42.000
stp,2015,41.000
stp,2016,41.000
stp,2017,40.000
stp,2018,40.000
stp,2019,39.000
stp,2020,40.000
stp,2021,39.000
stp,2022,39.000
stp,2023,39.000
stp,2024,40.000
sur,1991,62.000
sur,1992,63.000
sur,1993,61.000
sur,1994,60.000
sur,1995,59.000
sur,1996,57.000
sur,1997,56.000
sur,1998,56.000
sur,1999,55.000
sur,2000,55.000
sur,2001,55.000
sur,2002,55.000
sur,2003,54.000
sur,2004,54.000
sur,2005,54.000
sur,2006,54.000
sur,2007,54.000
sur,2008,56.000
sur,2009,56.000
sur,2010,58.000
sur,2011,59.000
sur,2012,59.000
sur,2013,59.000
sur,2014,61.000
sur,2015,61.000
sur,2016,62.000
sur,2017,63.000
sur,2018,65.000
sur,2019,66.000
sur,2020,68.000
sur,2021,68.000
sur,2022,67.000
sur,2023,67.000
sur,2024,65.000
svk,1991,363.00
svk,1992,369.00
svk,1993,370.00
svk,1994,368.00
svk,1995,364.00
svk,1996,356.00
svk,1997,347.00
svk,1998,336.00
svk,1999,324.00
svk,2000,311.00
svk,2001,299.00
svk,2002,288.00
svk,2003,276.00
svk,2004,264.00
svk,2005,252.00
svk,2006,240.00
svk,2007,228.00
svk,2008,218.00
svk,2009,208.00
svk,2010,199.00
svk,2011,187.00
svk,2012,176.00
svk,2013,166.00
svk,2014,155.00
svk,2015,149.00
svk,2016,143.00
svk,2017,138.00
svk,2018,134.00
svk,2019,131.00
svk,2020,128.00
svk,2021,126.00
svk,2022,124.00
svk,2023,124.00
svk,2024,125.00
svn,1991,131.00
svn,1992,131.00
svn,1993,131.00
svn,1994,129.00
svn,1995,127.00
svn,1996,124.00
svn,1997,120.00
svn,1998,115.00
svn,1999,108.00
svn,2000,104.00
svn,2001,98.000
svn,2002,91.000
svn,2003,86.000
svn,2004,80.000
svn,2005,76.000
svn,2006,70.000
svn,2007,66.000
svn,2008,61.000
svn,2009,56.000
svn,2010,50.000
svn,2011,47.000
svn,2012,44.000
svn,2013,41.000
svn,2014,39.000
svn,2015,37.000
svn,2016,35.000
svn,2017,34.000
svn,2018,33.000
svn,2019,32.000
svn,2020,32.000
svn,2021,32.000
svn,2022,32.000
svn,2023,32.000
svn,2024,31.000
swe,1991,318.00
swe,1992,298.00
swe,1993,277.00
swe,1994,258.00
swe,1995,243.00
swe,1996,233.00
swe,1997,228.00
swe,1998,227.00
swe,1999,231.00
swe,2000,234.00
swe,2001,239.00
swe,2002,246.00
swe,2003,249.00
swe,2004,254.00
swe,2005,256.00
swe,2006,257.00
swe,2007,254.00
swe,2008,249.00
swe,2009,240.00
swe,2010,231.00
swe,2011,220.00
swe,2012,207.00
swe,2013,194.00
swe,2014,186.00
swe,2015,179.00
swe,2016,177.00
swe,2017,176.00
swe,2018,182.00
swe,2019,186.00
swe,2020,188.00
swe,2021,190.00
swe,2022,191.00
swe,2023,191.00
swe,2024,190.00
swz,1991,272.00
swz,1992,281.00
swz,1993,290.00
swz,1994,301.00
swz,1995,306.00
swz,1996,312.00
swz,1997,327.00
swz,1998,341.00
swz,1999,354.00
swz,2000,366.00
swz,2001,376.00
swz,2002,383.00
swz,2003,391.00
swz,2004,397.00
swz,2005,402.00
swz,2006,407.00
swz,2007,413.00
swz,2008,420.00
swz,2009,424.00
swz,2010,426.00
swz,2011,429.00
swz,2012,430.00
swz,2013,430.00
swz,2014,431.00
swz,2015,435.00
swz,2016,438.00
swz,2017,441.00
swz,2018,446.00
swz,2019,449.00
swz,2020,449.00
swz,2021,446.00
swz,2022,444.00
swz,2023,440.00
swz,2024,438.00
syc,1991,7.0000
syc,1992,7.0000
syc,1993,7.0000
syc,1994,7.0000
syc,1995,8.0000
syc,1996,8.0000
syc,1997,8.0000
syc,1998,9.0000
syc,1999,9.0000
syc,2000,8.0000
syc,2001,7.0000
syc,2002,7.0000
syc,2003,7.0000
syc,2004,7.0000
syc,2005,7.0000
syc,2006,7.0000
syc,2007,7.0000
syc,2008,7.0000
syc,2009,7.0000
syc,2010,7.0000
syc,2011,7.0000
syc,2012,8.0000
syc,2013,8.0000
syc,2014,8.0000
syc,2015,8.0000
syc,2016,8.0000
syc,2017,8.0000
syc,2018,9.0000
syc,2019,9.0000
syc,2020,9.0000
syc,2021,9.0000
syc,2022,9.0000
syc,2023,9.0000
syc,2024,9.0000
syr,1991,3546.0
syr,1992,3551.0
syr,1993,3546.0
syr,1994,3520.0
syr,1995,3473.0
syr,1996,3392.0
syr,1997,3275.0
syr,1998,3122.0
syr,1999,2934.0
syr,2000,2719.0
syr,2001,2492.0
syr,2002,2282.0
syr,2003,2111.0
syr,2004,1994.0
syr,2005,1947.0
syr,2006,1969.0
syr,2007,2043.0
syr,2008,2135.0
syr,2009,2169.0
syr,2010,2175.0
syr,2011,2210.0
syr,2012,3051.0
syr,2013,7124.0
syr,2014,7608.0
syr,2015,7064.0
syr,2016,8539.0
syr,2017,7367.0
syr,2018,7329.0
syr,2019,6419.0
syr,2020,4093.0
syr,2021,3331.0
syr,2022,2698.0
syr,2023,3103.0
syr,2024,4232.0
tca,1991,1.0000
tca,1992,1.0000
tca,1993,1.0000
tca,1994,1.0000
tca,1995,1.0000
tca,1996,1.0000
tca,1997,1.0000
tca,1998,1.0000
tca,1999,1.0000
tca,2000,1.0000
tca,2001,1.0000
tca,2002,1.0000
tca,2003,1.0000
tca,2004,1.0000
tca,2005,1.0000
tca,2006,1.0000
tca,2007,1.0000
tca,2008,1.0000
tca,2009,1.0000
tca,2010,1.0000
tca,2011,1.0000
tca,2012,1.0000
tca,2013,1.0000
tca,2014,1.0000
tca,2015,1.0000
tca,2016,1.0000
tca,2017,1.0000
tca,2018,1.0000
tca,2019,1.0000
tca,2020,1.0000
tca,2021,1.0000
tca,2022,1.0000
tca,2023,1.0000
tca,2024,1.0000
tcd,1991,5637.0
tcd,1992,5156.0
tcd,1993,5258.0
tcd,1994,5295.0
tcd,1995,5359.0
tcd,1996,5506.0
tcd,1997,5632.0
tcd,1998,5716.0
tcd,1999,5838.0
tcd,2000,5999.0
tcd,2001,6169.0
tcd,2002,6344.0
tcd,2003,6569.0
tcd,2004,6808.0
tcd,2005,7026.0
tcd,2006,7234.0
tcd,2007,7450.0
tcd,2008,7683.0
tcd,2009,7916.0
tcd,2010,8150.0
tcd,2011,8372.0
tcd,2012,8613.0
tcd,2013,8843.0
tcd,2014,9052.0
tcd,2015,9273.0
tcd,2016,9476.0
tcd,2017,9673.0
tcd,2018,9846.0
tcd,2019,10019
tcd,2020,10179
tcd,2021,10348
tcd,2022,10517
tcd,2023,10680
tcd,2024,10894
tgo,1991,1847.0
tgo,1992,1898.0
tgo,1993,1954.0
tgo,1994,1944.0
tgo,1995,1953.0
tgo,1996,2040.0
tgo,1997,2116.0
tgo,1998,2181.0
tgo,1999,2240.0
tgo,2000,2291.0
tgo,2001,2338.0
tgo,2002,2377.0
tgo,2003,2405.0
tgo,2004,2428.0
tgo,2005,2443.0
tgo,2006,2453.0
tgo,2007,2458.0
tgo,2008,2451.0
tgo,2009,2442.0
tgo,2010,2423.0
tgo,2011,2400.0
tgo,2012,2370.0
tgo,2013,2344.0
tgo,2014,2324.0
tgo,2015,2314.0
tgo,2016,2315.0
tgo,2017,2320.0
tgo,2018,2334.0
tgo,2019,2341.0
tgo,2020,2350.0
tgo,2021,2365.0
tgo,2022,2367.0
tgo,2023,2370.0
tgo,2024,2369.0
tha,1991,11889
tha,1992,12065
tha,1993,12449
tha,1994,13019
tha,1995,13438
tha,1996,13317
tha,1997,12703
tha,1998,11859
tha,1999,11049
tha,2000,10556
tha,2001,10542
tha,2002,10824
tha,2003,11118
tha,2004,11236
tha,2005,11601
tha,2006,10829
tha,2007,10439
tha,2008,10108
tha,2009,9879.0
tha,2010,9656.0
tha,2011,9388.0
tha,2012,9111.0
tha,2013,8884.0
tha,2014,8716.0
tha,2015,8611.0
tha,2016,8567.0
tha,2017,8508.0
tha,2018,8327.0
tha,2019,8010.0
tha,2020,7641.0
tha,2021,7262.0
tha,2022,6900.0
tha,2023,6604.0
tha,2024,6389.0
tjk,1991,726.00
tjk,1992,845.00
tjk,1993,1830.0
tjk,1994,2360.0
tjk,1995,1373.0
tjk,1996,1106.0
tjk,1997,1278.0
tjk,1998,970.00
tjk,1999,898.00
tjk,2000,834.00
tjk,2001,833.00
tjk,2002,761.00
tjk,2003,741.00
tjk,2004,721.00
tjk,2005,700.00
tjk,2006,677.00
tjk,2007,652.00
tjk,2008,624.00
tjk,2009,598.00
tjk,2010,573.00
tjk,2011,591.00
tjk,2012,567.00
tjk,2013,510.00
tjk,2014,499.00
tjk,2015,492.00
tjk,2016,488.00
tjk,2017,490.00
tjk,2018,496.00
tjk,2019,504.00
tjk,2020,510.00
tjk,2021,512.00
tjk,2022,512.00
tjk,2023,510.00
tjk,2024,513.00
tkm,1991,594.00
tkm,1992,623.00
tkm,1993,658.00
tkm,1994,705.00
tkm,1995,764.00
tkm,1996,832.00
tkm,1997,897.00
tkm,1998,941.00
tkm,1999,964.00
tkm,2000,971.00
tkm,2001,968.00
tkm,2002,968.00
tkm,2003,975.00
tkm,2004,990.00
tkm,2005,1000.0
tkm,2006,1001.0
tkm,2007,985.00
tkm,2008,944.00
tkm,2009,892.00
tkm,2010,847.00
tkm,2011,812.00
tkm,2012,789.00
tkm,2013,768.00
tkm,2014,747.00
tkm,2015,724.00
tkm,2016,698.00
tkm,2017,672.00
tkm,2018,647.00
tkm,2019,625.00
tkm,2020,608.00
tkm,2021,599.00
tkm,2022,594.00
tkm,2023,598.00
tkm,2024,610.00
tls,1991,469.00
tls,1992,509.00
tls,1993,514.00
tls,1994,529.00
tls,1995,549.00
tls,1996,613.00
tls,1997,631.00
tls,1998,646.00
tls,1999,704.00
tls,2000,805.00
tls,2001,268.00
tls,2002,268.00
tls,2003,265.00
tls,2004,256.00
tls,2005,242.00
tls,2006,233.00
tls,2007,230.00
tls,2008,231.00
tls,2009,236.00
tls,2010,246.00
tls,2011,262.00
tls,2012,285.00
tls,2013,315.00
tls,2014,356.00
tls,2015,415.00
tls,2016,483.00
tls,2017,543.00
tls,2018,580.00
tls,2019,601.00
tls,2020,605.00
tls,2021,605.00
tls,2022,601.00
tls,2023,591.00
tls,2024,577.00
ton,1991,8.0000
ton,1992,8.0000
ton,1993,10.000
ton,1994,11.000
ton,1995,11.000
ton,1996,12.000
ton,1997,12.000
ton,1998,12.000
ton,1999,12.000
ton,2000,13.000
ton,2001,13.000
ton,2002,14.000
ton,2003,15.000
ton,2004,15.000
ton,2005,15.000
ton,2006,15.000
ton,2007,15.000
ton,2008,15.000
ton,2009,15.000
ton,2010,13.000
ton,2011,11.000
ton,2012,11.000
ton,2013,11.000
ton,2014,10.000
ton,2015,10.000
ton,2016,10.000
ton,2017,9.0000
ton,2018,9.0000
ton,2019,9.0000
ton,2020,9.0000
ton,2021,9.0000
ton,2022,9.0000
ton,2023,9.0000
ton,2024,9.0000
tto,1991,145.00
tto,1992,148.00
tto,1993,148.00
tto,1994,152.00
tto,1995,155.00
tto,1996,159.00
tto,1997,161.00
tto,1998,164.00
tto,1999,166.00
tto,2000,165.00
tto,2001,167.00
tto,2002,167.00
tto,2003,167.00
tto,2004,167.00
tto,2005,166.00
tto,2006,166.00
tto,2007,166.00
tto,2008,166.00
tto,2009,162.00
tto,2010,154.00
tto,2011,142.00
tto,2012,132.00
tto,2013,120.00
tto,2014,115.00
tto,2015,111.00
tto,2016,109.00
tto,2017,109.00
tto,2018,109.00
tto,2019,111.00
tto,2020,112.00
tto,2021,110.00
tto,2022,108.00
tto,2023,108.00
tto,2024,114.00
tun,1991,1217.0
tun,1992,1218.0
tun,1993,1218.0
tun,1994,1216.0
tun,1995,1206.0
tun,1996,1193.0
tun,1997,1181.0
tun,1998,1169.0
tun,1999,1158.0
tun,2000,1144.0
tun,2001,1125.0
tun,2002,1104.0
tun,2003,1083.0
tun,2004,1058.0
tun,2005,1025.0
tun,2006,985.00
tun,2007,945.00
tun,2008,907.00
tun,2009,873.00
tun,2010,843.00
tun,2011,818.00
tun,2012,796.00
tun,2013,778.00
tun,2014,764.00
tun,2015,752.00
tun,2016,745.00
tun,2017,741.00
tun,2018,737.00
tun,2019,737.00
tun,2020,739.00
tun,2021,748.00
tun,2022,766.00
tun,2023,798.00
tun,2024,833.00
tur,1991,14040
tur,1992,13667
tur,1993,13348
tur,1994,13010
tur,1995,12736
tur,1996,12960
tur,1997,12098
tur,1998,11720
tur,1999,11287
tur,2000,13597
tur,2001,10274
tur,2002,9716.0
tur,2003,9148.0
tur,2004,8590.0
tur,2005,8068.0
tur,2006,7586.0
tur,2007,7131.0
tur,2008,6715.0
tur,2009,6359.0
tur,2010,6046.0
tur,2011,5745.0
tur,2012,5452.0
tur,2013,5179.0
tur,2014,4969.0
tur,2015,4848.0
tur,2016,4765.0
tur,2017,4606.0
tur,2018,4362.0
tur,2019,4119.0
tur,2020,3950.0
tur,2021,3890.0
tur,2022,3932.0
tur,2023,4041.0
tur,2024,9306.0
tuv,1991,1.0000
tuv,1992,1.0000
tuv,1993,1.0000
tuv,1994,1.0000
tuv,1995,1.0000
tuv,1996,1.0000
tuv,1997,1.0000
tuv,1998,1.0000
tuv,1999,1.0000
tuv,2000,1.0000
tuv,2001,1.0000
tuv,2002,1.0000
tuv,2003,1.0000
tuv,2004,1.0000
tuv,2005,1.0000
tuv,2006,1.0000
tuv,2007,1.0000
tuv,2008,1.0000
tuv,2009,1.0000
tuv,2010,1.0000
tuv,2011,1.0000
tuv,2012,1.0000
tuv,2013,1.0000
tuv,2014,1.0000
tuv,2015,1.0000
tuv,2016,1.0000
tuv,2017,1.0000
tuv,2018,1.0000
tuv,2019,1.0000
tuv,2020,1.0000
tuv,2021,1.0000
tuv,2022,1.0000
tuv,2023,1.0000
tuv,2024,1.0000
tza,1991,13108
tza,1992,13790
tza,1993,14406
tza,1994,14990
tza,1995,15507
tza,1996,15766
tza,1997,15734
tza,1998,15625
tza,1999,15525
tza,2000,15370
tza,2001,15173
tza,2002,14898
tza,2003,14545
tza,2004,14155
tza,2005,13742
tza,2006,13337
tza,2007,12974
tza,2008,12665
tza,2009,12419
tza,2010,12242
tza,2011,12219
tza,2012,12330
tza,2013,12512
tza,2014,12742
tza,2015,12998
tza,2016,13230
tza,2017,13464
tza,2018,13683
tza,2019,13854
tza,2020,14009
tza,2021,14185
tza,2022,14299
tza,2023,14417
tza,2024,14485
uga,1991,11299
uga,1992,11764
uga,1993,12215
uga,1994,12633
uga,1995,13013
uga,1996,13232
uga,1997,13423
uga,1998,13608
uga,1999,13767
uga,2000,13904
uga,2001,13991
uga,2002,14023
uga,2003,14031
uga,2004,14020
uga,2005,13987
uga,2006,13948
uga,2007,13945
uga,2008,13984
uga,2009,14103
uga,2010,14327
uga,2011,14657
uga,2012,15122
uga,2013,15697
uga,2014,16419
uga,2015,17189
uga,2016,17973
uga,2017,18709
uga,2018,19286
uga,2019,19665
uga,2020,19925
uga,2021,20108
uga,2022,20262
uga,2023,20269
uga,2024,20222
ukr,1991,4659.0
ukr,1992,4745.0
ukr,1993,4885.0
ukr,1994,5113.0
ukr,1995,5307.0
ukr,1996,5302.0
ukr,1997,5114.0
ukr,1998,4920.0
ukr,1999,4857.0
ukr,2000,4873.0
ukr,2001,4852.0
ukr,2002,4755.0
ukr,2003,4580.0
ukr,2004,4317.0
ukr,2005,4034.0
ukr,2006,3832.0
ukr,2007,3683.0
ukr,2008,3464.0
ukr,2009,3099.0
ukr,2010,2690.0
ukr,2011,2359.0
ukr,2012,2128.0
ukr,2013,1964.0
ukr,2014,1835.0
ukr,2015,1844.0
ukr,2016,1595.0
ukr,2017,1482.0
ukr,2018,1399.0
ukr,2019,1361.0
ukr,2020,1373.0
ukr,2021,1423.0
ukr,2022,1509.0
ukr,2023,3270.0
ukr,2024,2730.0
unicef_eap,1991,304070
unicef_eap,1992,290740
unicef_eap,1993,277910
unicef_eap,1994,266750
unicef_eap,1995,257130
unicef_eap,1996,253020
unicef_eap,1997,247570
unicef_eap,1998,243680
unicef_eap,1999,240230
unicef_eap,2000,235330
unicef_eap,2001,230600
unicef_eap,2002,225810
unicef_eap,2003,219500
unicef_eap,2004,209920
unicef_eap,2005,225580
unicef_eap,2006,195850
unicef_eap,2007,187660
unicef_eap,2008,178600
unicef_eap,2009,187190
unicef_eap,2010,161280
unicef_eap,2011,152940
unicef_eap,2012,146620
unicef_eap,2013,139870
unicef_eap,2014,135600
unicef_eap,2015,130620
unicef_eap,2016,127150
unicef_eap,2017,123930
unicef_eap,2018,120860
unicef_eap,2019,118130
unicef_eap,2020,115770
unicef_eap,2021,113870
unicef_eap,2022,112800
unicef_eap,2023,112400
unicef_eap,2024,111370
unicef_eapro,1991,291620
unicef_eapro,1992,278770
unicef_eapro,1993,266520
unicef_eapro,1994,255920
unicef_eapro,1995,246790
unicef_eapro,1996,242900
unicef_eapro,1997,238060
unicef_eapro,1998,234700
unicef_eapro,1999,231880
unicef_eapro,2000,227670
unicef_eapro,2001,223630
unicef_eapro,2002,219420
unicef_eapro,2003,213580
unicef_eapro,2004,204360
unicef_eapro,2005,220320
unicef_eapro,2006,190830
unicef_eapro,2007,182800
unicef_eapro,2008,173860
unicef_eapro,2009,182550
unicef_eapro,2010,156760
unicef_eapro,2011,148560
unicef_eapro,2012,141430
unicef_eapro,2013,135830
unicef_eapro,2014,131750
unicef_eapro,2015,126950
unicef_eapro,2016,123620
unicef_eapro,2017,120490
unicef_eapro,2018,117470
unicef_eapro,2019,114760
unicef_eapro,2020,112400
unicef_eapro,2021,110500
unicef_eapro,2022,109420
unicef_eapro,2023,109000
unicef_eapro,2024,107930
unicef_eca,1991,76305
unicef_eca,1992,77221
unicef_eca,1993,81864
unicef_eca,1994,83390
unicef_eca,1995,80438
unicef_eca,1996,79018
unicef_eca,1997,76236
unicef_eca,1998,74461
unicef_eca,1999,73602
unicef_eca,2000,75611
unicef_eca,2001,71424
unicef_eca,2002,69326
unicef_eca,2003,66589
unicef_eca,2004,63055
unicef_eca,2005,59456
unicef_eca,2006,56461
unicef_eca,2007,53524
unicef_eca,2008,50120
unicef_eca,2009,46494
unicef_eca,2010,42837
unicef_eca,2011,39686
unicef_eca,2012,36962
unicef_eca,2013,34691
unicef_eca,2014,32954
unicef_eca,2015,31787
unicef_eca,2016,30540
unicef_eca,2017,29534
unicef_eca,2018,28618
unicef_eca,2019,27885
unicef_eca,2020,27569
unicef_eca,2021,28075
unicef_eca,2022,28315
unicef_eca,2023,31362
unicef_eca,2024,37277
unicef_ecaro,1991,34500
unicef_ecaro,1992,34939
unicef_ecaro,1993,39049
unicef_ecaro,1994,39851
unicef_ecaro,1995,36550
unicef_ecaro,1996,35864
unicef_ecaro,1997,34312
unicef_ecaro,1998,33272
unicef_ecaro,1999,32556
unicef_ecaro,2000,34699
unicef_ecaro,2001,31015
unicef_ecaro,2002,29742
unicef_ecaro,2003,28394
unicef_ecaro,2004,27060
unicef_ecaro,2005,25795
unicef_ecaro,2006,24745
unicef_ecaro,2007,23748
unicef_ecaro,2008,22599
unicef_ecaro,2009,21343
unicef_ecaro,2010,19929
unicef_ecaro,2011,18740
unicef_ecaro,2012,17683
unicef_ecaro,2013,16771
unicef_ecaro,2014,16043
unicef_ecaro,2015,15667
unicef_ecaro,2016,15119
unicef_ecaro,2017,14674
unicef_ecaro,2018,14203
unicef_ecaro,2019,13771
unicef_ecaro,2020,13566
unicef_ecaro,2021,14024
unicef_ecaro,2022,14104
unicef_ecaro,2023,16413
unicef_ecaro,2024,21582
unicef_eeca,1991,50543
unicef_eeca,1992,52104
unicef_eeca,1993,57696
unicef_eeca,1994,60283
unicef_eeca,1995,58316
unicef_eeca,1996,57694
unicef_eeca,1997,55525
unicef_eeca,1998,54275
unicef_eeca,1999,53984
unicef_eeca,2000,56644
unicef_eeca,2001,53148
unicef_eeca,2002,51787
unicef_eeca,2003,49812
unicef_eeca,2004,47044
unicef_eeca,2005,44180
unicef_eeca,2006,41863
unicef_eeca,2007,39550
unicef_eeca,2008,36739
unicef_eeca,2009,33725
unicef_eeca,2010,30754
unicef_eeca,2011,28338
unicef_eeca,2012,26325
unicef_eeca,2013,24692
unicef_eeca,2014,23470
unicef_eeca,2015,22670
unicef_eeca,2016,21672
unicef_eeca,2017,20833
unicef_eeca,2018,20071
unicef_eeca,2019,19471
unicef_eeca,2020,19227
unicef_eeca,2021,19750
unicef_eeca,2022,19938
unicef_eeca,2023,22828
unicef_eeca,2024,28582
unicef_esa,1991,201340
unicef_esa,1992,213770
unicef_esa,1993,233940
unicef_esa,1994,233620
unicef_esa,1995,329590
unicef_esa,1996,215570
unicef_esa,1997,219800
unicef_esa,1998,223070
unicef_esa,1999,241620
unicef_esa,2000,217310
unicef_esa,2001,210990
unicef_esa,2002,209410
unicef_esa,2003,207980
unicef_esa,2004,205260
unicef_esa,2005,205710
unicef_esa,2006,202940
unicef_esa,2007,196160
unicef_esa,2008,191300
unicef_esa,2009,189530
unicef_esa,2010,185000
unicef_esa,2011,183810
unicef_esa,2012,196450
unicef_esa,2013,180970
unicef_esa,2014,176990
unicef_esa,2015,182940
unicef_esa,2016,186080
unicef_esa,2017,188860
unicef_esa,2018,192480
unicef_esa,2019,180440
unicef_esa,2020,176470
unicef_esa,2021,176940
unicef_esa,2022,177340
unicef_esa,2023,181440
unicef_esa,2024,179140
unicef_esaro,1991,187800
unicef_esaro,1992,200170
unicef_esaro,1993,220340
unicef_esaro,1994,220050
unicef_esaro,1995,315900
unicef_esaro,1996,201740
unicef_esaro,1997,205860
unicef_esaro,1998,209050
unicef_esaro,1999,227510
unicef_esaro,2000,203190
unicef_esaro,2001,196910
unicef_esaro,2002,195390
unicef_esaro,2003,193230
unicef_esaro,2004,188760
unicef_esaro,2005,186670
unicef_esaro,2006,183980
unicef_esaro,2007,180950
unicef_esaro,2008,177650
unicef_esaro,2009,174310
unicef_esaro,2010,171190
unicef_esaro,2011,169930
unicef_esaro,2012,182520
unicef_esaro,2013,166980
unicef_esaro,2014,162940
unicef_esaro,2015,168790
unicef_esaro,2016,171810
unicef_esaro,2017,174480
unicef_esaro,2018,177980
unicef_esaro,2019,165820
unicef_esaro,2020,161840
unicef_esaro,2021,162360
unicef_esaro,2022,162800
unicef_esaro,2023,166980
unicef_esaro,2024,163850
unicef_lac,1991,80585
unicef_lac,1992,80793
unicef_lac,1993,81289
unicef_lac,1994,81731
unicef_lac,1995,82042
unicef_lac,1996,82147
unicef_lac,1997,81922
unicef_lac,1998,81466
unicef_lac,1999,83765
unicef_lac,2000,80894
unicef_lac,2001,80861
unicef_lac,2002,80815
unicef_lac,2003,80158
unicef_lac,2004,79118
unicef_lac,2005,78134
unicef_lac,2006,77057
unicef_lac,2007,76588
unicef_lac,2008,77024
unicef_lac,2009,78008
unicef_lac,2010,78980
unicef_lac,2011,94943
unicef_lac,2012,79467
unicef_lac,2013,78737
unicef_lac,2014,77906
unicef_lac,2015,77070
unicef_lac,2016,76214
unicef_lac,2017,75074
unicef_lac,2018,73556
unicef_lac,2019,71395
unicef_lac,2020,69268
unicef_lac,2021,67581
unicef_lac,2022,66460
unicef_lac,2023,65105
unicef_lac,2024,64071
unicef_lacro,1991,80555
unicef_lacro,1992,80762
unicef_lacro,1993,81258
unicef_lacro,1994,81699
unicef_lacro,1995,82009
unicef_lacro,1996,82111
unicef_lacro,1997,81886
unicef_lacro,1998,81430
unicef_lacro,1999,83729
unicef_lacro,2000,80858
unicef_lacro,2001,80824
unicef_lacro,2002,80778
unicef_lacro,2003,80121
unicef_lacro,2004,79080
unicef_lacro,2005,78095
unicef_lacro,2006,77017
unicef_lacro,2007,76547
unicef_lacro,2008,76981
unicef_lacro,2009,77963
unicef_lacro,2010,78934
unicef_lacro,2011,94896
unicef_lacro,2012,79419
unicef_lacro,2013,78689
unicef_lacro,2014,77858
unicef_lacro,2015,77024
unicef_lacro,2016,76172
unicef_lacro,2017,75035
unicef_lacro,2018,73520
unicef_lacro,2019,71362
unicef_lacro,2020,69203
unicef_lacro,2021,67552
unicef_lacro,2022,66433
unicef_lacro,2023,65079
unicef_lacro,2024,64046
unicef_mena,1991,70012
unicef_mena,1992,58792
unicef_mena,1993,55213
unicef_mena,1994,54865
unicef_mena,1995,55281
unicef_mena,1996,54900
unicef_mena,1997,54475
unicef_mena,1998,54561
unicef_mena,1999,54384
unicef_mena,2000,53678
unicef_mena,2001,53481
unicef_mena,2002,53434
unicef_mena,2003,53083
unicef_mena,2004,59643
unicef_mena,2005,54037
unicef_mena,2006,53736
unicef_mena,2007,54775
unicef_mena,2008,54235
unicef_mena,2009,52073
unicef_mena,2010,50238
unicef_mena,2011,49259
unicef_mena,2012,49576
unicef_mena,2013,52363
unicef_mena,2014,52052
unicef_mena,2015,51153
unicef_mena,2016,53415
unicef_mena,2017,53918
unicef_mena,2018,53177
unicef_mena,2019,52822
unicef_mena,2020,50793
unicef_mena,2021,49436
unicef_mena,2022,49359
unicef_mena,2023,49684
unicef_mena,2024,56968
unicef_menaro,1991,83151
unicef_menaro,1992,71993
unicef_menaro,1993,68407
unicef_menaro,1994,68025
unicef_menaro,1995,68557
unicef_menaro,1996,68316
unicef_menaro,1997,67994
unicef_menaro,1998,68165
unicef_menaro,1999,68093
unicef_menaro,2000,67413
unicef_menaro,2001,67175
unicef_menaro,2002,67038
unicef_menaro,2003,67412
unicef_menaro,2004,75738
unicef_menaro,2005,72700
unicef_menaro,2006,72344
unicef_menaro,2007,69642
unicef_menaro,2008,67537
unicef_menaro,2009,66960
unicef_menaro,2010,63721
unicef_menaro,2011,62833
unicef_menaro,2012,63210
unicef_menaro,2013,66057
unicef_menaro,2014,65805
unicef_menaro,2015,64996
unicef_menaro,2016,67375
unicef_menaro,2017,67982
unicef_menaro,2018,67375
unicef_menaro,2019,67131
unicef_menaro,2020,65117
unicef_menaro,2021,63715
unicef_menaro,2022,63592
unicef_menaro,2023,63828
unicef_menaro,2024,71943
unicef_na,1991,21426
unicef_na,1992,21069
unicef_na,1993,21020
unicef_na,1994,21231
unicef_na,1995,21374
unicef_na,1996,21266
unicef_na,1997,20913
unicef_na,1998,20415
unicef_na,1999,19943
unicef_na,2000,19570
unicef_na,2001,19352
unicef_na,2002,19251
unicef_na,2003,19147
unicef_na,2004,19040
unicef_na,2005,18953
unicef_na,2006,18843
unicef_na,2007,18573
unicef_na,2008,17964
unicef_na,2009,17020
unicef_na,2010,15978
unicef_na,2011,15058
unicef_na,2012,14348
unicef_na,2013,13901
unicef_na,2014,13740
unicef_na,2015,13833
unicef_na,2016,14152
unicef_na,2017,14615
unicef_na,2018,15110
unicef_na,2019,15600
unicef_na,2020,16210
unicef_na,2021,16999
unicef_na,2022,17748
unicef_na,2023,17993
unicef_na,2024,17421
unicef_rosa,1991,427120
unicef_rosa,1992,449020
unicef_rosa,1993,429330
unicef_rosa,1994,427430
unicef_rosa,1995,429970
unicef_rosa,1996,430480
unicef_rosa,1997,430050
unicef_rosa,1998,428110
unicef_rosa,1999,425710
unicef_rosa,2000,419350
unicef_rosa,2001,414310
unicef_rosa,2002,409360
unicef_rosa,2003,405270
unicef_rosa,2004,400770
unicef_rosa,2005,400590
unicef_rosa,2006,404510
unicef_rosa,2007,385610
unicef_rosa,2008,378300
unicef_rosa,2009,369560
unicef_rosa,2010,360650
unicef_rosa,2011,348190
unicef_rosa,2012,337180
unicef_rosa,2013,326180
unicef_rosa,2014,314680
unicef_rosa,2015,305160
unicef_rosa,2016,296930
unicef_rosa,2017,285250
unicef_rosa,2018,275970
unicef_rosa,2019,266220
unicef_rosa,2020,255810
unicef_rosa,2021,245590
unicef_rosa,2022,237660
unicef_rosa,2023,225110
unicef_rosa,2024,217770
unicef_sa,1991,427120
unicef_sa,1992,449020
unicef_sa,1993,429330
unicef_sa,1994,427430
unicef_sa,1995,429970
unicef_sa,1996,430480
unicef_sa,1997,430050
unicef_sa,1998,428110
unicef_sa,1999,425710
unicef_sa,2000,419350
unicef_sa,2001,414310
unicef_sa,2002,409360
unicef_sa,2003,405270
unicef_sa,2004,400770
unicef_sa,2005,400590
unicef_sa,2006,404510
unicef_sa,2007,385610
unicef_sa,2008,378300
unicef_sa,2009,369560
unicef_sa,2010,360650
unicef_sa,2011,348190
unicef_sa,2012,337180
unicef_sa,2013,326180
unicef_sa,2014,314680
unicef_sa,2015,305160
unicef_sa,2016,296930
unicef_sa,2017,285250
unicef_sa,2018,275970
unicef_sa,2019,266220
unicef_sa,2020,255810
unicef_sa,2021,245590
unicef_sa,2022,237660
unicef_sa,2023,225110
unicef_sa,2024,217770
unicef_ssa,1991,361210
unicef_ssa,1992,374410
unicef_ssa,1993,397030
unicef_ssa,1994,399150
unicef_ssa,1995,497880
unicef_ssa,1996,386040
unicef_ssa,1997,393700
unicef_ssa,1998,397520
unicef_ssa,1999,421010
unicef_ssa,2000,398850
unicef_ssa,2001,390340
unicef_ssa,2002,390860
unicef_ssa,2003,391360
unicef_ssa,2004,390840
unicef_ssa,2005,392910
unicef_ssa,2006,392310
unicef_ssa,2007,387760
unicef_ssa,2008,385100
unicef_ssa,2009,385640
unicef_ssa,2010,409670
unicef_ssa,2011,386360
unicef_ssa,2012,401460
unicef_ssa,2013,388970
unicef_ssa,2014,388960
unicef_ssa,2015,401660
unicef_ssa,2016,404000
unicef_ssa,2017,409660
unicef_ssa,2018,418040
unicef_ssa,2019,406480
unicef_ssa,2020,414640
unicef_ssa,2021,407420
unicef_ssa,2022,413460
unicef_ssa,2023,439950
unicef_ssa,2024,413530
unicef_wca,1991,159870
unicef_wca,1992,160640
unicef_wca,1993,163090
unicef_wca,1994,165530
unicef_wca,1995,168290
unicef_wca,1996,170470
unicef_wca,1997,173900
unicef_wca,1998,174460
unicef_wca,1999,179390
unicef_wca,2000,181540
unicef_wca,2001,179350
unicef_wca,2002,181450
unicef_wca,2003,183380
unicef_wca,2004,185590
unicef_wca,2005,187200
unicef_wca,2006,189360
unicef_wca,2007,191600
unicef_wca,2008,193800
unicef_wca,2009,196110
unicef_wca,2010,224680
unicef_wca,2011,202550
unicef_wca,2012,205010
unicef_wca,2013,208000
unicef_wca,2014,211970
unicef_wca,2015,218710
unicef_wca,2016,217920
unicef_wca,2017,220800
unicef_wca,2018,225560
unicef_wca,2019,226040
unicef_wca,2020,238170
unicef_wca,2021,230480
unicef_wca,2022,236120
unicef_wca,2023,258500
unicef_wca,2024,234380
unicef_wcaro,1991,159870
unicef_wcaro,1992,160640
unicef_wcaro,1993,163090
unicef_wcaro,1994,165530
unicef_wcaro,1995,168290
unicef_wcaro,1996,170470
unicef_wcaro,1997,173900
unicef_wcaro,1998,174460
unicef_wcaro,1999,179390
unicef_wcaro,2000,181540
unicef_wcaro,2001,179350
unicef_wcaro,2002,181450
unicef_wcaro,2003,183380
unicef_wcaro,2004,185590
unicef_wcaro,2005,187200
unicef_wcaro,2006,189360
unicef_wcaro,2007,191600
unicef_wcaro,2008,193800
unicef_wcaro,2009,196110
unicef_wcaro,2010,224680
unicef_wcaro,2011,202550
unicef_wcaro,2012,205010
unicef_wcaro,2013,208000
unicef_wcaro,2014,211970
unicef_wcaro,2015,218710
unicef_wcaro,2016,217920
unicef_wcaro,2017,220800
unicef_wcaro,2018,225560
unicef_wcaro,2019,226040
unicef_wcaro,2020,238170
unicef_wcaro,2021,230480
unicef_wcaro,2022,236120
unicef_wcaro,2023,258500
unicef_wcaro,2024,234380
unicef_we,1991,25761
unicef_we,1992,25116
unicef_we,1993,24167
unicef_we,1994,23106
unicef_we,1995,22121
unicef_we,1996,21324
unicef_we,1997,20711
unicef_we,1998,20186
unicef_we,1999,19618
unicef_we,2000,18967
unicef_we,2001,18276
unicef_we,2002,17539
unicef_we,2003,16777
unicef_we,2004,16011
unicef_we,2005,15276
unicef_we,2006,14598
unicef_we,2007,13974
unicef_we,2008,13381
unicef_we,2009,12769
unicef_we,2010,12082
unicef_we,2011,11347
unicef_we,2012,10636
unicef_we,2013,9998.0
unicef_we,2014,9483.0
unicef_we,2015,9116.0
unicef_we,2016,8867.0
unicef_we,2017,8700.0
unicef_we,2018,8546.0
unicef_we,2019,8414.0
unicef_we,2020,8342.0
unicef_we,2021,8325.0
unicef_we,2022,8377.0
unicef_we,2023,8533.0
unicef_we,2024,8694.0
unsdg_australianewzealand,1991,1523.0
unsdg_australianewzealand,1992,1418.0
unsdg_australianewzealand,1993,1323.0
unsdg_australianewzealand,1994,1264.0
unsdg_australianewzealand,1995,1231.0
unsdg_australianewzealand,1996,1227.0
unsdg_australianewzealand,1997,1236.0
unsdg_australianewzealand,1998,1238.0
unsdg_australianewzealand,1999,1224.0
unsdg_australianewzealand,2000,1192.0
unsdg_australianewzealand,2001,1141.0
unsdg_australianewzealand,2002,1086.0
unsdg_australianewzealand,2003,1040.0
unsdg_australianewzealand,2004,1007.0
unsdg_australianewzealand,2005,982.00
unsdg_australianewzealand,2006,962.00
unsdg_australianewzealand,2007,947.00
unsdg_australianewzealand,2008,931.00
unsdg_australianewzealand,2009,911.00
unsdg_australianewzealand,2010,889.00
unsdg_australianewzealand,2011,864.00
unsdg_australianewzealand,2012,838.00
unsdg_australianewzealand,2013,813.00
unsdg_australianewzealand,2014,789.00
unsdg_australianewzealand,2015,768.00
unsdg_australianewzealand,2016,756.00
unsdg_australianewzealand,2017,756.00
unsdg_australianewzealand,2018,764.00
unsdg_australianewzealand,2019,775.00
unsdg_australianewzealand,2020,784.00
unsdg_australianewzealand,2021,782.00
unsdg_australianewzealand,2022,773.00
unsdg_australianewzealand,2023,763.00
unsdg_australianewzealand,2024,750.00
unsdg_centralasia,1991,7633.0
unsdg_centralasia,1992,8024.0
unsdg_centralasia,1993,9281.0
unsdg_centralasia,1994,10055
unsdg_centralasia,1995,9262.0
unsdg_centralasia,1996,9145.0
unsdg_centralasia,1997,9415.0
unsdg_centralasia,1998,9124.0
unsdg_centralasia,1999,8990.0
unsdg_centralasia,2000,8828.0
unsdg_centralasia,2001,8714.0
unsdg_centralasia,2002,8501.0
unsdg_centralasia,2003,8320.0
unsdg_centralasia,2004,8117.0
unsdg_centralasia,2005,7915.0
unsdg_centralasia,2006,7747.0
unsdg_centralasia,2007,7571.0
unsdg_centralasia,2008,7327.0
unsdg_centralasia,2009,7038.0
unsdg_centralasia,2010,6753.0
unsdg_centralasia,2011,6545.0
unsdg_centralasia,2012,6326.0
unsdg_centralasia,2013,6094.0
unsdg_centralasia,2014,5935.0
unsdg_centralasia,2015,5804.0
unsdg_centralasia,2016,5702.0
unsdg_centralasia,2017,5608.0
unsdg_centralasia,2018,5529.0
unsdg_centralasia,2019,5461.0
unsdg_centralasia,2020,5458.0
unsdg_centralasia,2021,5586.0
unsdg_centralasia,2022,5848.0
unsdg_centralasia,2023,6243.0
unsdg_centralasia,2024,6756.0
unsdg_centralasiasouthernasia,1991,454210
unsdg_centralasiasouthernasia,1992,469460
unsdg_centralasiasouthernasia,1993,450840
unsdg_centralasiasouthernasia,1994,449520
unsdg_centralasiasouthernasia,1995,451200
unsdg_centralasiasouthernasia,1996,451740
unsdg_centralasiasouthernasia,1997,451750
unsdg_centralasiasouthernasia,1998,449740
unsdg_centralasiasouthernasia,1999,447460
unsdg_centralasiasouthernasia,2000,441200
unsdg_centralasiasouthernasia,2001,436290
unsdg_centralasiasouthernasia,2002,431370
unsdg_centralasiasouthernasia,2003,427220
unsdg_centralasiasouthernasia,2004,428070
unsdg_centralasiasouthernasia,2005,422080
unsdg_centralasiasouthernasia,2006,425760
unsdg_centralasiasouthernasia,2007,406630
unsdg_centralasiasouthernasia,2008,398990
unsdg_centralasiasouthernasia,2009,389700
unsdg_centralasiasouthernasia,2010,379930
unsdg_centralasiasouthernasia,2011,366400
unsdg_centralasiasouthernasia,2012,354120
unsdg_centralasiasouthernasia,2013,341790
unsdg_centralasiasouthernasia,2014,329210
unsdg_centralasiasouthernasia,2015,318950
unsdg_centralasiasouthernasia,2016,310330
unsdg_centralasiasouthernasia,2017,298540
unsdg_centralasiasouthernasia,2018,289370
unsdg_centralasiasouthernasia,2019,279790
unsdg_centralasiasouthernasia,2020,269510
unsdg_centralasiasouthernasia,2021,259470
unsdg_centralasiasouthernasia,2022,251820
unsdg_centralasiasouthernasia,2023,239700
unsdg_centralasiasouthernasia,2024,232900
unsdg_easternasia,1991,191560
unsdg_easternasia,1992,178580
unsdg_easternasia,1993,166980
unsdg_easternasia,1994,156010
unsdg_easternasia,1995,146260
unsdg_easternasia,1996,142170
unsdg_easternasia,1997,137270
unsdg_easternasia,1998,134400
unsdg_easternasia,1999,131900
unsdg_easternasia,2000,128580
unsdg_easternasia,2001,125430
unsdg_easternasia,2002,121540
unsdg_easternasia,2003,116420
unsdg_easternasia,2004,108450
unsdg_easternasia,2005,103730
unsdg_easternasia,2006,98665
unsdg_easternasia,2007,92632
unsdg_easternasia,2008,85523
unsdg_easternasia,2009,78435
unsdg_easternasia,2010,71740
unsdg_easternasia,2011,65299
unsdg_easternasia,2012,60992
unsdg_easternasia,2013,56218
unsdg_easternasia,2014,53113
unsdg_easternasia,2015,50491
unsdg_easternasia,2016,48490
unsdg_easternasia,2017,46655
unsdg_easternasia,2018,45179
unsdg_easternasia,2019,44090
unsdg_easternasia,2020,43103
unsdg_easternasia,2021,42232
unsdg_easternasia,2022,41422
unsdg_easternasia,2023,40988
unsdg_easternasia,2024,40630
unsdg_easternasiasoutheasternasia,1991,300800
unsdg_easternasiasoutheasternasia,1992,287550
unsdg_easternasiasoutheasternasia,1993,274790
unsdg_easternasiasoutheasternasia,1994,263650
unsdg_easternasiasoutheasternasia,1995,254030
unsdg_easternasiasoutheasternasia,1996,249890
unsdg_easternasiasoutheasternasia,1997,244390
unsdg_easternasiasoutheasternasia,1998,240470
unsdg_easternasiasoutheasternasia,1999,236650
unsdg_easternasiasoutheasternasia,2000,232080
unsdg_easternasiasoutheasternasia,2001,227370
unsdg_easternasiasoutheasternasia,2002,222600
unsdg_easternasiasoutheasternasia,2003,216300
unsdg_easternasiasoutheasternasia,2004,206710
unsdg_easternasiasoutheasternasia,2005,222370
unsdg_easternasiasoutheasternasia,2006,192630
unsdg_easternasiasoutheasternasia,2007,184430
unsdg_easternasiasoutheasternasia,2008,175360
unsdg_easternasiasoutheasternasia,2009,183950
unsdg_easternasiasoutheasternasia,2010,158030
unsdg_easternasiasoutheasternasia,2011,149730
unsdg_easternasiasoutheasternasia,2012,143420
unsdg_easternasiasoutheasternasia,2013,136670
unsdg_easternasiasoutheasternasia,2014,132420
unsdg_easternasiasoutheasternasia,2015,127450
unsdg_easternasiasoutheasternasia,2016,123980
unsdg_easternasiasoutheasternasia,2017,120760
unsdg_easternasiasoutheasternasia,2018,117680
unsdg_easternasiasoutheasternasia,2019,114930
unsdg_easternasiasoutheasternasia,2020,112560
unsdg_easternasiasoutheasternasia,2021,110660
unsdg_easternasiasoutheasternasia,2022,109600
unsdg_easternasiasoutheasternasia,2023,109230
unsdg_easternasiasoutheasternasia,2024,108230
unsdg_europe,1991,53366
unsdg_europe,1992,54031
unsdg_europe,1993,56989
unsdg_europe,1994,57746
unsdg_europe,1995,56159
unsdg_europe,1996,54982
unsdg_europe,1997,53130
unsdg_europe,1998,52188
unsdg_europe,1999,51890
unsdg_europe,2000,51691
unsdg_europe,2001,50948
unsdg_europe,2002,49691
unsdg_europe,2003,47759
unsdg_europe,2004,45008
unsdg_europe,2005,42139
unsdg_europe,2006,39809
unsdg_europe,2007,37535
unsdg_europe,2008,34844
unsdg_europe,2009,31866
unsdg_europe,2010,28943
unsdg_europe,2011,26381
unsdg_europe,2012,24237
unsdg_europe,2013,22497
unsdg_europe,2014,21193
unsdg_europe,2015,20275
unsdg_europe,2016,19225
unsdg_europe,2017,18472
unsdg_europe,2018,17881
unsdg_europe,2019,17484
unsdg_europe,2020,17328
unsdg_europe,2021,17395
unsdg_europe,2022,17596
unsdg_europe,2023,20082
unsdg_europe,2024,20225
unsdg_europenorthernamr,1991,74792
unsdg_europenorthernamr,1992,75100
unsdg_europenorthernamr,1993,78009
unsdg_europenorthernamr,1994,78977
unsdg_europenorthernamr,1995,77533
unsdg_europenorthernamr,1996,76248
unsdg_europenorthernamr,1997,74043
unsdg_europenorthernamr,1998,72603
unsdg_europenorthernamr,1999,71833
unsdg_europenorthernamr,2000,71261
unsdg_europenorthernamr,2001,70300
unsdg_europenorthernamr,2002,68942
unsdg_europenorthernamr,2003,66906
unsdg_europenorthernamr,2004,64048
unsdg_europenorthernamr,2005,61092
unsdg_europenorthernamr,2006,58652
unsdg_europenorthernamr,2007,56108
unsdg_europenorthernamr,2008,52808
unsdg_europenorthernamr,2009,48886
unsdg_europenorthernamr,2010,44921
unsdg_europenorthernamr,2011,41439
unsdg_europenorthernamr,2012,38585
unsdg_europenorthernamr,2013,36398
unsdg_europenorthernamr,2014,34933
unsdg_europenorthernamr,2015,34108
unsdg_europenorthernamr,2016,33377
unsdg_europenorthernamr,2017,33088
unsdg_europenorthernamr,2018,32992
unsdg_europenorthernamr,2019,33085
unsdg_europenorthernamr,2020,33539
unsdg_europenorthernamr,2021,34395
unsdg_europenorthernamr,2022,35345
unsdg_europenorthernamr,2023,38075
unsdg_europenorthernamr,2024,37646
unsdg_lac,1991,80585
unsdg_lac,1992,80793
unsdg_lac,1993,81289
unsdg_lac,1994,81731
unsdg_lac,1995,82042
unsdg_lac,1996,82147
unsdg_lac,1997,81922
unsdg_lac,1998,81466
unsdg_lac,1999,83765
unsdg_lac,2000,80894
unsdg_lac,2001,80861
unsdg_lac,2002,80815
unsdg_lac,2003,80158
unsdg_lac,2004,79118
unsdg_lac,2005,78134
unsdg_lac,2006,77057
unsdg_lac,2007,76588
unsdg_lac,2008,77024
unsdg_lac,2009,78008
unsdg_lac,2010,78980
unsdg_lac,2011,94943
unsdg_lac,2012,79467
unsdg_lac,2013,78737
unsdg_lac,2014,77906
unsdg_lac,2015,77070
unsdg_lac,2016,76214
unsdg_lac,2017,75074
unsdg_lac,2018,73556
unsdg_lac,2019,71395
unsdg_lac,2020,69268
unsdg_lac,2021,67581
unsdg_lac,2022,66460
unsdg_lac,2023,65105
unsdg_lac,2024,64071
unsdg_ldc,1991,349470
unsdg_ldc,1992,381640
unsdg_ldc,1993,381640
unsdg_ldc,1994,379250
unsdg_ldc,1995,477580
unsdg_ldc,1996,362450
unsdg_ldc,1997,366360
unsdg_ldc,1998,363900
unsdg_ldc,1999,382810
unsdg_ldc,2000,352460
unsdg_ldc,2001,337490
unsdg_ldc,2002,333890
unsdg_ldc,2003,332220
unsdg_ldc,2004,330430
unsdg_ldc,2005,332700
unsdg_ldc,2006,331740
unsdg_ldc,2007,327800
unsdg_ldc,2008,325200
unsdg_ldc,2009,342440
unsdg_ldc,2010,348220
unsdg_ldc,2011,339520
unsdg_ldc,2012,338640
unsdg_ldc,2013,325630
unsdg_ldc,2014,325000
unsdg_ldc,2015,339020
unsdg_ldc,2016,345110
unsdg_ldc,2017,349020
unsdg_ldc,2018,357760
unsdg_ldc,2019,346870
unsdg_ldc,2020,352220
unsdg_ldc,2021,342910
unsdg_ldc,2022,349460
unsdg_ldc,2023,369490
unsdg_ldc,2024,341440
unsdg_lldc,1991,176800
unsdg_lldc,1992,178360
unsdg_lldc,1993,198050
unsdg_lldc,1994,206820
unsdg_lldc,1995,301040
unsdg_lldc,1996,185110
unsdg_lldc,1997,187130
unsdg_lldc,1998,188050
unsdg_lldc,1999,204660
unsdg_lldc,2000,176240
unsdg_lldc,2001,170140
unsdg_lldc,2002,167240
unsdg_lldc,2003,164640
unsdg_lldc,2004,160680
unsdg_lldc,2005,159040
unsdg_lldc,2006,156950
unsdg_lldc,2007,155680
unsdg_lldc,2008,154040
unsdg_lldc,2009,152250
unsdg_lldc,2010,177150
unsdg_lldc,2011,151430
unsdg_lldc,2012,150300
unsdg_lldc,2013,149930
unsdg_lldc,2014,150540
unsdg_lldc,2015,162050
unsdg_lldc,2016,165000
unsdg_lldc,2017,166940
unsdg_lldc,2018,171310
unsdg_lldc,2019,159210
unsdg_lldc,2020,165780
unsdg_lldc,2021,157480
unsdg_lldc,2022,163020
unsdg_lldc,2023,179960
unsdg_lldc,2024,154820
unsdg_northafr,1991,39733
unsdg_northafr,1992,39138
unsdg_northafr,1993,38592
unsdg_northafr,1994,38244
unsdg_northafr,1995,38487
unsdg_northafr,1996,38119
unsdg_northafr,1997,37528
unsdg_northafr,1998,37376
unsdg_northafr,1999,36997
unsdg_northafr,2000,36054
unsdg_northafr,2001,35415
unsdg_northafr,2002,34773
unsdg_northafr,2003,34911
unsdg_northafr,2004,36239
unsdg_northafr,2005,37952
unsdg_northafr,2006,37330
unsdg_northafr,2007,33122
unsdg_northafr,2008,31194
unsdg_northafr,2009,32524
unsdg_northafr,2010,30985
unsdg_northafr,2011,31038
unsdg_northafr,2012,31489
unsdg_northafr,2013,31249
unsdg_northafr,2014,31254
unsdg_northafr,2015,31369
unsdg_northafr,2016,31197
unsdg_northafr,2017,31012
unsdg_northafr,2018,30800
unsdg_northafr,2019,30760
unsdg_northafr,2020,30945
unsdg_northafr,2021,31146
unsdg_northafr,2022,31472
unsdg_northafr,2023,31960
unsdg_northafr,2024,35291
unsdg_northernamr,1991,21426
unsdg_northernamr,1992,21069
unsdg_northernamr,1993,21020
unsdg_northernamr,1994,21231
unsdg_northernamr,1995,21374
unsdg_northernamr,1996,21266
unsdg_northernamr,1997,20913
unsdg_northernamr,1998,20415
unsdg_northernamr,1999,19943
unsdg_northernamr,2000,19570
unsdg_northernamr,2001,19352
unsdg_northernamr,2002,19251
unsdg_northernamr,2003,19147
unsdg_northernamr,2004,19040
unsdg_northernamr,2005,18953
unsdg_northernamr,2006,18843
unsdg_northernamr,2007,18573
unsdg_northernamr,2008,17964
unsdg_northernamr,2009,17020
unsdg_northernamr,2010,15978
unsdg_northernamr,2011,15058
unsdg_northernamr,2012,14348
unsdg_northernamr,2013,13901
unsdg_northernamr,2014,13740
unsdg_northernamr,2015,13833
unsdg_northernamr,2016,14152
unsdg_northernamr,2017,14615
unsdg_northernamr,2018,15110
unsdg_northernamr,2019,15600
unsdg_northernamr,2020,16210
unsdg_northernamr,2021,16999
unsdg_northernamr,2022,17748
unsdg_northernamr,2023,17993
unsdg_northernamr,2024,17421
unsdg_oceania,1991,3268.0
unsdg_oceania,1992,3190.0
unsdg_oceania,1993,3127.0
unsdg_oceania,1994,3103.0
unsdg_oceania,1995,3104.0
unsdg_oceania,1996,3136.0
unsdg_oceania,1997,3179.0
unsdg_oceania,1998,3214.0
unsdg_oceania,1999,3585.0
unsdg_oceania,2000,3244.0
unsdg_oceania,2001,3228.0
unsdg_oceania,2002,3209.0
unsdg_oceania,2003,3204.0
unsdg_oceania,2004,3204.0
unsdg_oceania,2005,3214.0
unsdg_oceania,2006,3221.0
unsdg_oceania,2007,3230.0
unsdg_oceania,2008,3239.0
unsdg_oceania,2009,3234.0
unsdg_oceania,2010,3251.0
unsdg_oceania,2011,3216.0
unsdg_oceania,2012,3204.0
unsdg_oceania,2013,3193.0
unsdg_oceania,2014,3179.0
unsdg_oceania,2015,3168.0
unsdg_oceania,2016,3170.0
unsdg_oceania,2017,3178.0
unsdg_oceania,2018,3188.0
unsdg_oceania,2019,3202.0
unsdg_oceania,2020,3213.0
unsdg_oceania,2021,3213.0
unsdg_oceania,2022,3196.0
unsdg_oceania,2023,3171.0
unsdg_oceania,2024,3143.0
unsdg_oceaniaexausnzl,1991,1745.0
unsdg_oceaniaexausnzl,1992,1772.0
unsdg_oceaniaexausnzl,1993,1804.0
unsdg_oceaniaexausnzl,1994,1839.0
unsdg_oceaniaexausnzl,1995,1873.0
unsdg_oceaniaexausnzl,1996,1909.0
unsdg_oceaniaexausnzl,1997,1943.0
unsdg_oceaniaexausnzl,1998,1976.0
unsdg_oceaniaexausnzl,1999,2361.0
unsdg_oceaniaexausnzl,2000,2052.0
unsdg_oceaniaexausnzl,2001,2087.0
unsdg_oceaniaexausnzl,2002,2123.0
unsdg_oceaniaexausnzl,2003,2164.0
unsdg_oceaniaexausnzl,2004,2197.0
unsdg_oceaniaexausnzl,2005,2232.0
unsdg_oceaniaexausnzl,2006,2259.0
unsdg_oceaniaexausnzl,2007,2283.0
unsdg_oceaniaexausnzl,2008,2308.0
unsdg_oceaniaexausnzl,2009,2323.0
unsdg_oceaniaexausnzl,2010,2362.0
unsdg_oceaniaexausnzl,2011,2352.0
unsdg_oceaniaexausnzl,2012,2366.0
unsdg_oceaniaexausnzl,2013,2380.0
unsdg_oceaniaexausnzl,2014,2390.0
unsdg_oceaniaexausnzl,2015,2400.0
unsdg_oceaniaexausnzl,2016,2414.0
unsdg_oceaniaexausnzl,2017,2422.0
unsdg_oceaniaexausnzl,2018,2424.0
unsdg_oceaniaexausnzl,2019,2427.0
unsdg_oceaniaexausnzl,2020,2429.0
unsdg_oceaniaexausnzl,2021,2431.0
unsdg_oceaniaexausnzl,2022,2423.0
unsdg_oceaniaexausnzl,2023,2408.0
unsdg_oceaniaexausnzl,2024,2393.0
unsdg_sids,1991,11381
unsdg_sids,1992,11327
unsdg_sids,1993,11252
unsdg_sids,1994,11203
unsdg_sids,1995,11168
unsdg_sids,1996,11208
unsdg_sids,1997,11146
unsdg_sids,1998,11238
unsdg_sids,1999,11610
unsdg_sids,2000,11303
unsdg_sids,2001,10667
unsdg_sids,2002,10629
unsdg_sids,2003,10580
unsdg_sids,2004,10516
unsdg_sids,2005,10728
unsdg_sids,2006,10375
unsdg_sids,2007,10313
unsdg_sids,2008,10243
unsdg_sids,2009,10143
unsdg_sids,2010,10058
unsdg_sids,2011,25424
unsdg_sids,2012,9933.0
unsdg_sids,2013,9634.0
unsdg_sids,2014,9518.0
unsdg_sids,2015,9433.0
unsdg_sids,2016,9367.0
unsdg_sids,2017,9291.0
unsdg_sids,2018,9197.0
unsdg_sids,2019,9103.0
unsdg_sids,2020,9046.0
unsdg_sids,2021,8921.0
unsdg_sids,2022,9030.0
unsdg_sids,2023,8728.0
unsdg_sids,2024,8742.0
unsdg_southasia,1991,446580
unsdg_southasia,1992,461430
unsdg_southasia,1993,441560
unsdg_southasia,1994,439460
unsdg_southasia,1995,441940
unsdg_southasia,1996,442600
unsdg_southasia,1997,442330
unsdg_southasia,1998,440620
unsdg_southasia,1999,438470
unsdg_southasia,2000,432370
unsdg_southasia,2001,427570
unsdg_southasia,2002,422870
unsdg_southasia,2003,418900
unsdg_southasia,2004,419960
unsdg_southasia,2005,414170
unsdg_southasia,2006,418010
unsdg_southasia,2007,399060
unsdg_southasia,2008,391670
unsdg_southasia,2009,382660
unsdg_southasia,2010,373170
unsdg_southasia,2011,359860
unsdg_southasia,2012,347790
unsdg_southasia,2013,335700
unsdg_southasia,2014,323280
unsdg_southasia,2015,313150
unsdg_southasia,2016,304620
unsdg_southasia,2017,292930
unsdg_southasia,2018,283840
unsdg_southasia,2019,274330
unsdg_southasia,2020,264050
unsdg_southasia,2021,253880
unsdg_southasia,2022,245970
unsdg_southasia,2023,233460
unsdg_southasia,2024,226140
unsdg_southeasternasia,1991,109250
unsdg_southeasternasia,1992,108970
unsdg_southeasternasia,1993,107800
unsdg_southeasternasia,1994,107640
unsdg_southeasternasia,1995,107760
unsdg_southeasternasia,1996,107720
unsdg_southeasternasia,1997,107130
unsdg_southeasternasia,1998,106070
unsdg_southeasternasia,1999,104750
unsdg_southeasternasia,2000,103510
unsdg_southeasternasia,2001,101940
unsdg_southeasternasia,2002,101060
unsdg_southeasternasia,2003,99878
unsdg_southeasternasia,2004,98261
unsdg_southeasternasia,2005,118640
unsdg_southeasternasia,2006,93968
unsdg_southeasternasia,2007,91793
unsdg_southeasternasia,2008,89837
unsdg_southeasternasia,2009,105520
unsdg_southeasternasia,2010,86291
unsdg_southeasternasia,2011,84427
unsdg_southeasternasia,2012,82428
unsdg_southeasternasia,2013,80456
unsdg_southeasternasia,2014,79306
unsdg_southeasternasia,2015,76963
unsdg_southeasternasia,2016,75490
unsdg_southeasternasia,2017,74100
unsdg_southeasternasia,2018,72496
unsdg_southeasternasia,2019,70841
unsdg_southeasternasia,2020,69456
unsdg_southeasternasia,2021,68427
unsdg_southeasternasia,2022,68181
unsdg_southeasternasia,2023,68245
unsdg_southeasternasia,2024,67598
unsdg_subsaharanafrica,1991,348160
unsdg_subsaharanafrica,1992,361340
unsdg_subsaharanafrica,1993,383980
unsdg_subsaharanafrica,1994,386070
unsdg_subsaharanafrica,1995,484680
unsdg_subsaharanafrica,1996,372690
unsdg_subsaharanafrica,1997,380250
unsdg_subsaharanafrica,1998,384010
unsdg_subsaharanafrica,1999,407410
unsdg_subsaharanafrica,2000,385230
unsdg_subsaharanafrica,2001,376750
unsdg_subsaharanafrica,2002,377340
unsdg_subsaharanafrica,2003,377100
unsdg_subsaharanafrica,2004,374830
unsdg_subsaharanafrica,2005,374360
unsdg_subsaharanafrica,2006,373830
unsdg_subsaharanafrica,2007,373030
unsdg_subsaharanafrica,2008,371940
unsdg_subsaharanafrica,2009,370900
unsdg_subsaharanafrica,2010,396350
unsdg_subsaharanafrica,2011,372950
unsdg_subsaharanafrica,2012,388010
unsdg_subsaharanafrica,2013,375460
unsdg_subsaharanafrica,2014,375380
unsdg_subsaharanafrica,2015,387980
unsdg_subsaharanafrica,2016,390200
unsdg_subsaharanafrica,2017,395750
unsdg_subsaharanafrica,2018,403990
unsdg_subsaharanafrica,2019,392320
unsdg_subsaharanafrica,2020,400470
unsdg_subsaharanafrica,2021,393280
unsdg_subsaharanafrica,2022,399360
unsdg_subsaharanafrica,2023,425910
unsdg_subsaharanafrica,2024,398640
unsdg_westernasia,1991,39177
unsdg_westernasia,1992,35484
unsdg_westernasia,1993,33037
unsdg_westernasia,1994,33266
unsdg_westernasia,1995,33039
unsdg_westernasia,1996,32902
unsdg_westernasia,1997,31802
unsdg_westernasia,1998,31343
unsdg_westernasia,1999,30947
unsdg_westernasia,2000,33318
unsdg_westernasia,2001,30153
unsdg_westernasia,2002,29813
unsdg_westernasia,2003,29310
unsdg_westernasia,2004,30156
unsdg_westernasia,2005,30463
unsdg_westernasia,2006,30293
unsdg_westernasia,2007,31350
unsdg_westernasia,2008,30777
unsdg_westernasia,2009,28778
unsdg_westernasia,2010,27193
unsdg_westernasia,2011,26722
unsdg_westernasia,2012,27326
unsdg_westernasia,2013,31210
unsdg_westernasia,2014,31609
unsdg_westernasia,2015,31182
unsdg_westernasia,2016,33938
unsdg_westernasia,2017,34586
unsdg_westernasia,2018,33753
unsdg_westernasia,2019,33054
unsdg_westernasia,2020,30564
unsdg_westernasia,2021,29236
unsdg_westernasia,2022,28559
unsdg_westernasia,2023,28448
unsdg_westernasia,2024,38492
unsdg_westernasianorthernafr,1991,78910
unsdg_westernasianorthernafr,1992,74622
unsdg_westernasianorthernafr,1993,71629
unsdg_westernasianorthernafr,1994,71510
unsdg_westernasianorthernafr,1995,71526
unsdg_westernasianorthernafr,1996,71021
unsdg_westernasianorthernafr,1997,69330
unsdg_westernasianorthernafr,1998,68719
unsdg_westernasianorthernafr,1999,67944
unsdg_westernasianorthernafr,2000,69372
unsdg_westernasianorthernafr,2001,65568
unsdg_westernasianorthernafr,2002,64586
unsdg_westernasianorthernafr,2003,64221
unsdg_westernasianorthernafr,2004,66395
unsdg_westernasianorthernafr,2005,68415
unsdg_westernasianorthernafr,2006,67623
unsdg_westernasianorthernafr,2007,64472
unsdg_westernasianorthernafr,2008,61971
unsdg_westernasianorthernafr,2009,61302
unsdg_westernasianorthernafr,2010,58178
unsdg_westernasianorthernafr,2011,57760
unsdg_westernasianorthernafr,2012,58815
unsdg_westernasianorthernafr,2013,62459
unsdg_westernasianorthernafr,2014,62863
unsdg_westernasianorthernafr,2015,62551
unsdg_westernasianorthernafr,2016,65135
unsdg_westernasianorthernafr,2017,65598
unsdg_westernasianorthernafr,2018,64553
unsdg_westernasianorthernafr,2019,63814
unsdg_westernasianorthernafr,2020,61509
unsdg_westernasianorthernafr,2021,60382
unsdg_westernasianorthernafr,2022,60031
unsdg_westernasianorthernafr,2023,60408
unsdg_westernasianorthernafr,2024,73783
ury,1991,291.00
ury,1992,293.00
ury,1993,296.00
ury,1994,298.00
ury,1995,300.00
ury,1996,298.00
ury,1997,291.00
ury,1998,284.00
ury,1999,276.00
ury,2000,265.00
ury,2001,255.00
ury,2002,245.00
ury,2003,236.00
ury,2004,231.00
ury,2005,227.00
ury,2006,228.00
ury,2007,230.00
ury,2008,236.00
ury,2009,242.00
ury,2010,250.00
ury,2011,256.00
ury,2012,258.00
ury,2013,257.00
ury,2014,253.00
ury,2015,246.00
ury,2016,237.00
ury,2017,231.00
ury,2018,225.00
ury,2019,222.00
ury,2020,219.00
ury,2021,219.00
ury,2022,218.00
ury,2023,217.00
ury,2024,217.00
usa,1991,19683
usa,1992,19396
usa,1993,19411
usa,1994,19677
usa,1995,19856
usa,1996,19772
usa,1997,19442
usa,1998,18967
usa,1999,18518
usa,2000,18170
usa,2001,17977
usa,2002,17901
usa,2003,17822
usa,2004,17739
usa,2005,17666
usa,2006,17565
usa,2007,17314
usa,2008,16738
usa,2009,15836
usa,2010,14835
usa,2011,13956
usa,2012,13293
usa,2013,12895
usa,2014,12778
usa,2015,12898
usa,2016,13222
usa,2017,13677
usa,2018,14155
usa,2019,14624
usa,2020,15217
usa,2021,15999
usa,2022,16746
usa,2023,16977
usa,2024,16388
uzb,1991,3183.0
uzb,1992,3320.0
uzb,1993,3454.0
uzb,1994,3570.0
uzb,1995,3666.0
uzb,1996,3743.0
uzb,1997,3799.0
uzb,1998,3834.0
uzb,1999,3842.0
uzb,2000,3813.0
uzb,2001,3745.0
uzb,2002,3639.0
uzb,2003,3489.0
uzb,2004,3298.0
uzb,2005,3111.0
uzb,2006,2977.0
uzb,2007,2899.0
uzb,2008,2853.0
uzb,2009,2835.0
uzb,2010,2832.0
uzb,2011,2838.0
uzb,2012,2838.0
uzb,2013,2832.0
uzb,2014,2825.0
uzb,2015,2821.0
uzb,2016,2817.0
uzb,2017,2791.0
uzb,2018,2736.0
uzb,2019,2671.0
uzb,2020,2654.0
uzb,2021,2746.0
uzb,2022,2954.0
uzb,2023,3278.0
uzb,2024,3711.0
vct,1991,15.000
vct,1992,15.000
vct,1993,15.000
vct,1994,15.000
vct,1995,15.000
vct,1996,15.000
vct,1997,14.000
vct,1998,14.000
vct,1999,13.000
vct,2000,13.000
vct,2001,13.000
vct,2002,13.000
vct,2003,12.000
vct,2004,12.000
vct,2005,12.000
vct,2006,12.000
vct,2007,12.000
vct,2008,12.000
vct,2009,12.000
vct,2010,13.000
vct,2011,13.000
vct,2012,13.000
vct,2013,13.000
vct,2014,13.000
vct,2015,13.000
vct,2016,14.000
vct,2017,14.000
vct,2018,14.000
vct,2019,13.000
vct,2020,13.000
vct,2021,13.000
vct,2022,13.000
vct,2023,13.000
vct,2024,13.000
ven,1991,3217.0
ven,1992,3415.0
ven,1993,3623.0
ven,1994,3785.0
ven,1995,3860.0
ven,1996,3843.0
ven,1997,3750.0
ven,1998,3675.0
ven,1999,3734.0
ven,2000,3990.0
ven,2001,4379.0
ven,2002,4810.0
ven,2003,5188.0
ven,2004,5409.0
ven,2005,5451.0
ven,2006,5476.0
ven,2007,5653.0
ven,2008,5943.0
ven,2009,6195.0
ven,2010,6303.0
ven,2011,6327.0
ven,2012,6337.0
ven,2013,6364.0
ven,2014,6393.0
ven,2015,6415.0
ven,2016,6421.0
ven,2017,6383.0
ven,2018,6545.0
ven,2019,6317.0
ven,2020,5826.0
ven,2021,5753.0
ven,2022,5763.0
ven,2023,5801.0
ven,2024,5817.0
vgb,1991,1.0000
vgb,1992,1.0000
vgb,1993,1.0000
vgb,1994,1.0000
vgb,1995,1.0000
vgb,1996,1.0000
vgb,1997,1.0000
vgb,1998,1.0000
vgb,1999,1.0000
vgb,2000,1.0000
vgb,2001,1.0000
vgb,2002,1.0000
vgb,2003,1.0000
vgb,2004,1.0000
vgb,2005,1.0000
vgb,2006,1.0000
vgb,2007,1.0000
vgb,2008,1.0000
vgb,2009,1.0000
vgb,2010,1.0000
vgb,2011,1.0000
vgb,2012,1.0000
vgb,2013,1.0000
vgb,2014,1.0000
vgb,2015,2.0000
vgb,2016,2.0000
vgb,2017,1.0000
vgb,2018,1.0000
vgb,2019,2.0000
vgb,2020,2.0000
vgb,2021,2.0000
vgb,2022,2.0000
vgb,2023,2.0000
vgb,2024,2.0000
vnm,1991,12513
vnm,1992,12442
vnm,1993,12314
vnm,1994,12166
vnm,1995,12026
vnm,1996,11891
vnm,1997,11730
vnm,1998,11532
vnm,1999,11372
vnm,2000,11235
vnm,2001,11107
vnm,2002,10972
vnm,2003,10800
vnm,2004,10574
vnm,2005,10320
vnm,2006,10049
vnm,2007,9809.0
vnm,2008,9587.0
vnm,2009,9368.0
vnm,2010,9098.0
vnm,2011,8750.0
vnm,2012,8346.0
vnm,2013,7917.0
vnm,2014,7494.0
vnm,2015,7141.0
vnm,2016,6874.0
vnm,2017,6613.0
vnm,2018,6393.0
vnm,2019,6304.0
vnm,2020,6307.0
vnm,2021,6294.0
vnm,2022,6294.0
vnm,2023,6384.0
vnm,2024,6445.0
vut,1991,29.000
vut,1992,29.000
vut,1993,28.000
vut,1994,27.000
vut,1995,27.000
vut,1996,26.000
vut,1997,28.000
vut,1998,29.000
vut,1999,31.000
vut,2000,33.000
vut,2001,33.000
vut,2002,34.000
vut,2003,34.000
vut,2004,35.000
vut,2005,36.000
vut,2006,36.000
vut,2007,36.000
vut,2008,36.000
vut,2009,34.000
vut,2010,34.000
vut,2011,34.000
vut,2012,34.000
vut,2013,33.000
vut,2014,33.000
vut,2015,32.000
vut,2016,31.000
vut,2017,31.000
vut,2018,31.000
vut,2019,32.000
vut,2020,32.000
vut,2021,34.000
vut,2022,36.000
vut,2023,36.000
vut,2024,37.000
wb_hi,1991,85373
wb_hi,1992,84985
wb_hi,1993,84673
wb_hi,1994,84977
wb_hi,1995,84920
wb_hi,1996,83789
wb_hi,1997,81501
wb_hi,1998,79723
wb_hi,1999,78481
wb_hi,2000,77248
wb_hi,2001,75829
wb_hi,2002,74325
wb_hi,2003,72345
wb_hi,2004,69669
wb_hi,2005,66919
wb_hi,2006,64639
wb_hi,2007,62236
wb_hi,2008,59187
wb_hi,2009,55604
wb_hi,2010,51941
wb_hi,2011,48555
wb_hi,2012,46581
wb_hi,2013,43246
wb_hi,2014,41577
wb_hi,2015,40435
wb_hi,2016,39678
wb_hi,2017,39283
wb_hi,2018,39097
wb_hi,2019,39114
wb_hi,2020,39560
wb_hi,2021,40333
wb_hi,2022,41214
wb_hi,2023,42269
wb_hi,2024,42514
wb_li,1991,229040
wb_li,1992,240020
wb_li,1993,257450
wb_li,1994,253500
wb_li,1995,350680
wb_li,1996,239130
wb_li,1997,243680
wb_li,1998,243710
wb_li,1999,265880
wb_li,2000,240020
wb_li,2001,229820
wb_li,2002,228370
wb_li,2003,227760
wb_li,2004,224980
wb_li,2005,227310
wb_li,2006,227510
wb_li,2007,224670
wb_li,2008,223820
wb_li,2009,225850
wb_li,2010,251680
wb_li,2011,229990
wb_li,2012,247340
wb_li,2013,240040
wb_li,2014,240640
wb_li,2015,254250
wb_li,2016,259930
wb_li,2017,263740
wb_li,2018,272150
wb_li,2019,260660
wb_li,2020,264310
wb_li,2021,254990
wb_li,2022,260880
wb_li,2023,281760
wb_li,2024,255760
wb_lmi,1991,649210
wb_lmi,1992,672100
wb_lmi,1993,656690
wb_lmi,1994,660430
wb_lmi,1995,662750
wb_lmi,1996,664260
wb_lmi,1997,665940
wb_lmi,1998,666010
wb_lmi,1999,666190
wb_lmi,2000,658430
wb_lmi,2001,652160
wb_lmi,2002,646720
wb_lmi,2003,641120
wb_lmi,2004,633520
wb_lmi,2005,631140
wb_lmi,2006,632230
wb_lmi,2007,610530
wb_lmi,2008,600580
wb_lmi,2009,607210
wb_lmi,2010,578690
wb_lmi,2011,579620
wb_lmi,2012,551510
wb_lmi,2013,538720
wb_lmi,2014,526900
wb_lmi,2015,515080
wb_lmi,2016,505730
wb_lmi,2017,494110
wb_lmi,2018,484410
wb_lmi,2019,474820
wb_lmi,2020,466020
wb_lmi,2021,456540
wb_lmi,2022,449460
wb_lmi,2023,443060
wb_lmi,2024,440910
wb_umi,1991,373880
wb_umi,1992,351520
wb_umi,1993,341210
wb_umi,1994,331860
wb_umi,1995,321890
wb_umi,1996,315840
wb_umi,1997,309990
wb_umi,1998,307090
wb_umi,1999,304350
wb_umi,2000,303600
wb_umi,2001,298170
wb_umi,2002,294630
wb_umi,2003,288700
wb_umi,2004,288800
wb_umi,2005,298850
wb_umi,2006,268920
wb_umi,2007,261380
wb_umi,2008,251800
wb_umi,2009,241120
wb_umi,2010,231020
wb_umi,2011,221950
wb_umi,2012,213840
wb_umi,2013,206340
wb_umi,2014,200370
wb_umi,2015,195090
wb_umi,2016,190640
wb_umi,2017,188460
wb_umi,2018,183120
wb_umi,2019,177630
wb_umi,2020,174340
wb_umi,2021,171350
wb_umi,2022,168500
wb_umi,2023,168720
wb_umi,2024,173400
world,1991,1340700
world,1992,1352000
world,1993,1343700
world,1994,1334600
world,1995,1424100
world,1996,1306900
world,1997,1304900
world,1998,1300200
world,1999,1318600
world,2000,1283300
world,2001,1260400
world,2002,1248900
world,2003,1235100
world,2004,1222400
world,2005,1229700
world,2006,1198800
world,2007,1164500
world,2008,1141300
world,2009,1136000
world,2010,1119600
world,2011,1086400
world,2012,1065600
world,2013,1034700
world,2014,1015900
world,2015,1011300
world,2016,1002400
world,2017,991980
world,2018,985330
world,2019,958540
world,2020,950060
world,2021,928980
world,2022,925810
world,2023,941610
world,2024,918410
wsm,1991,41.000
wsm,1992,40.000
wsm,1993,38.000
wsm,1994,36.000
wsm,1995,33.000
wsm,1996,32.000
wsm,1997,29.000
wsm,1998,27.000
wsm,1999,26.000
wsm,2000,26.000
wsm,2001,24.000
wsm,2002,24.000
wsm,2003,23.000
wsm,2004,23.000
wsm,2005,22.000
wsm,2006,22.000
wsm,2007,22.000
wsm,2008,21.000
wsm,2009,21.000
wsm,2010,43.000
wsm,2011,20.000
wsm,2012,20.000
wsm,2013,20.000
wsm,2014,19.000
wsm,2015,19.000
wsm,2016,19.000
wsm,2017,19.000
wsm,2018,19.000
wsm,2019,19.000
wsm,2020,19.000
wsm,2021,18.000
wsm,2022,18.000
wsm,2023,18.000
wsm,2024,19.000
yem,1991,4419.0
yem,1992,4520.0
yem,1993,4630.0
yem,1994,4750.0
yem,1995,5045.0
yem,1996,5020.0
yem,1997,5150.0
yem,1998,5276.0
yem,1999,5392.0
yem,2000,5498.0
yem,2001,5580.0
yem,2002,5658.0
yem,2003,5719.0
yem,2004,5786.0
yem,2005,5846.0
yem,2006,5904.0
yem,2007,5963.0
yem,2008,6021.0
yem,2009,6074.0
yem,2010,6141.0
yem,2011,6202.0
yem,2012,6425.0
yem,2013,6588.0
yem,2014,6495.0
yem,2015,6792.0
yem,2016,8450.0
yem,2017,8484.0
yem,2018,8874.0
yem,2019,10694
yem,2020,10489
yem,2021,9818.0
yem,2022,9922.0
yem,2023,9071.0
yem,2024,8863.0
zaf,1991,8286.0
zaf,1992,8462.0
zaf,1993,8782.0
zaf,1994,9000.0
zaf,1995,9521.0
zaf,1996,10437
zaf,1997,11416
zaf,1998,12427
zaf,1999,13293
zaf,2000,14230
zaf,2001,15216
zaf,2002,16155
zaf,2003,16965
zaf,2004,17519
zaf,2005,17775
zaf,2006,17709
zaf,2007,17356
zaf,2008,16777
zaf,2009,16016
zaf,2010,15173
zaf,2011,14333
zaf,2012,13527
zaf,2013,12811
zaf,2014,12219
zaf,2015,11727
zaf,2016,11344
zaf,2017,10914
zaf,2018,10624
zaf,2019,10600
zaf,2020,10635
zaf,2021,10720
zaf,2022,10882
zaf,2023,11118
zaf,2024,11386
zmb,1991,5274.0
zmb,1992,5414.0
zmb,1993,5536.0
zmb,1994,5640.0
zmb,1995,5706.0
zmb,1996,5742.0
zmb,1997,5751.0
zmb,1998,5742.0
zmb,1999,5718.0
zmb,2000,5698.0
zmb,2001,5681.0
zmb,2002,5670.0
zmb,2003,5644.0
zmb,2004,5613.0
zmb,2005,5565.0
zmb,2006,5517.0
zmb,2007,5480.0
zmb,2008,5449.0
zmb,2009,5427.0
zmb,2010,5414.0
zmb,2011,5409.0
zmb,2012,5402.0
zmb,2013,5387.0
zmb,2014,5385.0
zmb,2015,5375.0
zmb,2016,5370.0
zmb,2017,5361.0
zmb,2018,5356.0
zmb,2019,5351.0
zmb,2020,5363.0
zmb,2021,5397.0
zmb,2022,5401.0
zmb,2023,5421.0
zmb,2024,5413.0
zwe,1991,3145.0
zwe,1992,3390.0
zwe,1993,3667.0
zwe,1994,3942.0
zwe,1995,4201.0
zwe,1996,4505.0
zwe,1997,4833.0
zwe,1998,5140.0
zwe,1999,5393.0
zwe,2000,5579.0
zwe,2001,5687.0
zwe,2002,5727.0
zwe,2003,5704.0
zwe,2004,5630.0
zwe,2005,5516.0
zwe,2006,5375.0
zwe,2007,5276.0
zwe,2008,5243.0
zwe,2009,5256.0
zwe,2010,5300.0
zwe,2011,5368.0
zwe,2012,5449.0
zwe,2013,5535.0
zwe,2014,5630.0
zwe,2015,5749.0
zwe,2016,5892.0
zwe,2017,6033.0
zwe,2018,6152.0
zwe,2019,6220.0
zwe,2020,6265.0
zwe,2021,6278.0
zwe,2022,6296.0
zwe,2023,6302.0
zwe,2024,6308.0
