geo,year,deaths_10_19_lower
afg,1991,6762.0
afg,1992,6596.0
afg,1993,6686.0
afg,1994,4839.0
afg,1995,5722.0
afg,1996,5216.0
afg,1997,5077.0
afg,1998,4982.0
afg,1999,5675.0
afg,2000,4722.0
afg,2001,4634.0
afg,2002,4540.0
afg,2003,4224.0
afg,2004,4404.0
afg,2005,4562.0
afg,2006,4824.0
afg,2007,5600.0
afg,2008,6179.0
afg,2009,6406.0
afg,2010,6874.0
afg,2011,7538.0
afg,2012,8233.0
afg,2013,8934.0
afg,2014,9240.0
afg,2015,10617
afg,2016,11435
afg,2017,11586
afg,2018,12152
afg,2019,12343
afg,2020,11831
afg,2021,11520
afg,2022,11928
afg,2023,8915.0
afg,2024,8595.0
ago,1991,10101
ago,1992,9141.0
ago,1993,10666
ago,1994,10775
ago,1995,10633
ago,1996,9657.0
ago,1997,10005
ago,1998,10336
ago,1999,11343
ago,2000,11863
ago,2001,11886
ago,2002,12274
ago,2003,12202
ago,2004,11576
ago,2005,11595
ago,2006,11563
ago,2007,11450
ago,2008,11306
ago,2009,11143
ago,2010,10964
ago,2011,10778
ago,2012,10611
ago,2013,10456
ago,2014,10336
ago,2015,10269
ago,2016,10264
ago,2017,10301
ago,2018,10388
ago,2019,10505
ago,2020,10651
ago,2021,10798
ago,2022,10948
ago,2023,11087
ago,2024,11221
aia,1991,0.0000
aia,1992,0.0000
aia,1993,0.0000
aia,1994,0.0000
aia,1995,0.0000
aia,1996,0.0000
aia,1997,0.0000
aia,1998,0.0000
aia,1999,0.0000
aia,2000,0.0000
aia,2001,0.0000
aia,2002,0.0000
aia,2003,0.0000
aia,2004,0.0000
aia,2005,0.0000
aia,2006,0.0000
aia,2007,0.0000
aia,2008,0.0000
aia,2009,0.0000
aia,2010,0.0000
aia,2011,0.0000
aia,2012,0.0000
aia,2013,0.0000
aia,2014,0.0000
aia,2015,0.0000
aia,2016,0.0000
aia,2017,0.0000
aia,2018,0.0000
aia,2019,0.0000
aia,2020,0.0000
aia,2021,0.0000
aia,2022,0.0000
aia,2023,0.0000
aia,2024,0.0000
alb,1991,355.00
alb,1992,355.00
alb,1993,350.00
alb,1994,343.00
alb,1995,337.00
alb,1996,332.00
alb,1997,330.00
alb,1998,388.00
alb,1999,325.00
alb,2000,317.00
alb,2001,304.00
alb,2002,287.00
alb,2003,267.00
alb,2004,250.00
alb,2005,235.00
alb,2006,226.00
alb,2007,219.00
alb,2008,214.00
alb,2009,210.00
alb,2010,206.00
alb,2011,202.00
alb,2012,196.00
alb,2013,187.00
alb,2014,174.00
alb,2015,160.00
alb,2016,145.00
alb,2017,131.00
alb,2018,118.00
alb,2019,106.00
alb,2020,97.000
alb,2021,88.000
alb,2022,80.000
alb,2023,80.000
alb,2024,69.000
and,1991,3.0000
and,1992,3.0000
and,1993,3.0000
and,1994,2.0000
and,1995,2.0000
and,1996,1.0000
and,1997,1.0000
and,1998,1.0000
and,1999,1.0000
and,2000,1.0000
and,2001,1.0000
and,2002,1.0000
and,2003,1.0000
and,2004,1.0000
and,2005,1.0000
and,2006,1.0000
and,2007,1.0000
and,2008,1.0000
and,2009,1.0000
and,2010,1.0000
and,2011,1.0000
and,2012,1.0000
and,2013,1.0000
and,2014,1.0000
and,2015,1.0000
and,2016,1.0000
and,2017,1.0000
and,2018,1.0000
and,2019,1.0000
and,2020,1.0000
and,2021,1.0000
and,2022,1.0000
and,2023,1.0000
and,2024,1.0000
are,1991,118.00
are,1992,118.00
are,1993,118.00
are,1994,117.00
are,1995,115.00
are,1996,115.00
are,1997,129.00
are,1998,152.00
are,1999,169.00
are,2000,179.00
are,2001,183.00
are,2002,182.00
are,2003,176.00
are,2004,167.00
are,2005,157.00
are,2006,146.00
are,2007,144.00
are,2008,157.00
are,2009,175.00
are,2010,185.00
are,2011,189.00
are,2012,194.00
are,2013,199.00
are,2014,205.00
are,2015,211.00
are,2016,218.00
are,2017,221.00
are,2018,220.00
are,2019,215.00
are,2020,209.00
are,2021,204.00
are,2022,206.00
are,2023,209.00
are,2024,208.00
arg,1991,3156.0
arg,1992,3199.0
arg,1993,3253.0
arg,1994,3314.0
arg,1995,3362.0
arg,1996,3400.0
arg,1997,3438.0
arg,1998,3482.0
arg,1999,3519.0
arg,2000,3546.0
arg,2001,3554.0
arg,2002,3528.0
arg,2003,3470.0
arg,2004,3407.0
arg,2005,3373.0
arg,2006,3379.0
arg,2007,3427.0
arg,2008,3509.0
arg,2009,3598.0
arg,2010,3674.0
arg,2011,3722.0
arg,2012,3740.0
arg,2013,3725.0
arg,2014,3664.0
arg,2015,3558.0
arg,2016,3421.0
arg,2017,3281.0
arg,2018,3149.0
arg,2019,3029.0
arg,2020,2921.0
arg,2021,2848.0
arg,2022,2821.0
arg,2023,2821.0
arg,2024,2825.0
arm,1991,228.00
arm,1992,227.00
arm,1993,245.00
arm,1994,285.00
arm,1995,323.00
arm,1996,310.00
arm,1997,265.00
arm,1998,229.00
arm,1999,210.00
arm,2000,195.00
arm,2001,177.00
arm,2002,162.00
arm,2003,153.00
arm,2004,151.00
arm,2005,152.00
arm,2006,154.00
arm,2007,157.00
arm,2008,159.00
arm,2009,159.00
arm,2010,153.00
arm,2011,145.00
arm,2012,133.00
arm,2013,121.00
arm,2014,114.00
arm,2015,114.00
arm,2016,123.00
arm,2017,133.00
arm,2018,131.00
arm,2019,115.00
arm,2020,101.00
arm,2021,97.000
arm,2022,102.00
arm,2023,117.00
arm,2024,115.00
atg,1991,4.0000
atg,1992,4.0000
atg,1993,5.0000
atg,1994,5.0000
atg,1995,5.0000
atg,1996,5.0000
atg,1997,6.0000
atg,1998,6.0000
atg,1999,6.0000
atg,2000,6.0000
atg,2001,6.0000
atg,2002,6.0000
atg,2003,6.0000
atg,2004,6.0000
atg,2005,6.0000
atg,2006,6.0000
atg,2007,6.0000
atg,2008,6.0000
atg,2009,6.0000
atg,2010,6.0000
atg,2011,6.0000
atg,2012,6.0000
atg,2013,6.0000
atg,2014,5.0000
atg,2015,5.0000
atg,2016,5.0000
atg,2017,5.0000
atg,2018,4.0000
atg,2019,4.0000
atg,2020,4.0000
atg,2021,3.0000
atg,2022,3.0000
atg,2023,3.0000
atg,2024,3.0000
aus,1991,1139.0
aus,1992,1052.0
aus,1993,980.00
aus,1994,935.00
aus,1995,914.00
aus,1996,917.00
aus,1997,930.00
aus,1998,938.00
aus,1999,933.00
aus,2000,911.00
aus,2001,870.00
aus,2002,818.00
aus,2003,771.00
aus,2004,736.00
aus,2005,711.00
aus,2006,693.00
aus,2007,680.00
aus,2008,668.00
aus,2009,656.00
aus,2010,641.00
aus,2011,625.00
aus,2012,610.00
aus,2013,596.00
aus,2014,582.00
aus,2015,570.00
aus,2016,564.00
aus,2017,565.00
aus,2018,574.00
aus,2019,587.00
aus,2020,596.00
aus,2021,596.00
aus,2022,589.00
aus,2023,578.00
aus,2024,562.00
aut,1991,437.00
aut,1992,424.00
aut,1993,413.00
aut,1994,402.00
aut,1995,387.00
aut,1996,370.00
aut,1997,355.00
aut,1998,343.00
aut,1999,334.00
aut,2000,327.00
aut,2001,320.00
aut,2002,313.00
aut,2003,306.00
aut,2004,301.00
aut,2005,297.00
aut,2006,290.00
aut,2007,281.00
aut,2008,272.00
aut,2009,260.00
aut,2010,246.00
aut,2011,231.00
aut,2012,214.00
aut,2013,198.00
aut,2014,185.00
aut,2015,173.00
aut,2016,166.00
aut,2017,162.00
aut,2018,157.00
aut,2019,154.00
aut,2020,154.00
aut,2021,156.00
aut,2022,159.00
aut,2023,165.00
aut,2024,170.00
aze,1991,589.00
aze,1992,866.00
aze,1993,1564.0
aze,1994,1797.0
aze,1995,1555.0
aze,1996,1243.0
aze,1997,977.00
aze,1998,868.00
aze,1999,894.00
aze,2000,959.00
aze,2001,960.00
aze,2002,907.00
aze,2003,865.00
aze,2004,860.00
aze,2005,869.00
aze,2006,868.00
aze,2007,842.00
aze,2008,790.00
aze,2009,754.00
aze,2010,656.00
aze,2011,610.00
aze,2012,577.00
aze,2013,575.00
aze,2014,518.00
aze,2015,512.00
aze,2016,489.00
aze,2017,479.00
aze,2018,488.00
aze,2019,491.00
aze,2020,522.00
aze,2021,884.00
aze,2022,619.00
aze,2023,652.00
aze,2024,647.00
bdi,1991,4434.0
bdi,1992,4820.0
bdi,1993,5265.0
bdi,1994,10945
bdi,1995,5771.0
bdi,1996,6255.0
bdi,1997,6311.0
bdi,1998,6333.0
bdi,1999,6344.0
bdi,2000,6246.0
bdi,2001,6370.0
bdi,2002,6103.0
bdi,2003,5610.0
bdi,2004,5040.0
bdi,2005,4636.0
bdi,2006,4191.0
bdi,2007,3763.0
bdi,2008,3393.0
bdi,2009,3092.0
bdi,2010,2874.0
bdi,2011,2742.0
bdi,2012,2677.0
bdi,2013,2645.0
bdi,2014,2593.0
bdi,2015,2562.0
bdi,2016,2517.0
bdi,2017,2424.0
bdi,2018,2384.0
bdi,2019,2409.0
bdi,2020,2439.0
bdi,2021,2508.0
bdi,2022,2555.0
bdi,2023,2600.0
bdi,2024,2626.0
bel,1991,517.00
bel,1992,498.00
bel,1993,480.00
bel,1994,464.00
bel,1995,450.00
bel,1996,438.00
bel,1997,426.00
bel,1998,416.00
bel,1999,407.00
bel,2000,400.00
bel,2001,389.00
bel,2002,373.00
bel,2003,355.00
bel,2004,337.00
bel,2005,320.00
bel,2006,307.00
bel,2007,299.00
bel,2008,293.00
bel,2009,285.00
bel,2010,275.00
bel,2011,265.00
bel,2012,252.00
bel,2013,240.00
bel,2014,228.00
bel,2015,218.00
bel,2016,210.00
bel,2017,203.00
bel,2018,195.00
bel,2019,189.00
bel,2020,184.00
bel,2021,180.00
bel,2022,177.00
bel,2023,174.00
bel,2024,170.00
ben,1991,2250.0
ben,1992,2268.0
ben,1993,2297.0
ben,1994,2350.0
ben,1995,2385.0
ben,1996,2399.0
ben,1997,2414.0
ben,1998,2443.0
ben,1999,2480.0
ben,2000,2511.0
ben,2001,2551.0
ben,2002,2581.0
ben,2003,2610.0
ben,2004,2642.0
ben,2005,2679.0
ben,2006,2720.0
ben,2007,2750.0
ben,2008,2798.0
ben,2009,2847.0
ben,2010,2919.0
ben,2011,2982.0
ben,2012,3063.0
ben,2013,3139.0
ben,2014,3223.0
ben,2015,3294.0
ben,2016,3352.0
ben,2017,3412.0
ben,2018,3451.0
ben,2019,3468.0
ben,2020,3444.0
ben,2021,3413.0
ben,2022,3374.0
ben,2023,3361.0
ben,2024,3350.0
bfa,1991,3886.0
bfa,1992,4016.0
bfa,1993,4175.0
bfa,1994,4326.0
bfa,1995,4452.0
bfa,1996,4572.0
bfa,1997,4662.0
bfa,1998,4722.0
bfa,1999,4749.0
bfa,2000,4710.0
bfa,2001,4686.0
bfa,2002,4680.0
bfa,2003,4669.0
bfa,2004,4641.0
bfa,2005,4560.0
bfa,2006,4493.0
bfa,2007,4390.0
bfa,2008,4278.0
bfa,2009,4140.0
bfa,2010,4027.0
bfa,2011,3880.0
bfa,2012,3785.0
bfa,2013,3675.0
bfa,2014,3588.0
bfa,2015,3512.0
bfa,2016,3468.0
bfa,2017,3418.0
bfa,2018,3378.0
bfa,2019,3315.0
bfa,2020,3270.0
bfa,2021,3223.0
bfa,2022,3181.0
bfa,2023,3445.0
bfa,2024,3716.0
bgd,1991,37342
bgd,1992,54862
bgd,1993,39598
bgd,1994,41063
bgd,1995,41778
bgd,1996,41343
bgd,1997,39796
bgd,1998,37330
bgd,1999,34171
bgd,2000,29694
bgd,2001,25881
bgd,2002,24438
bgd,2003,24544
bgd,2004,25613
bgd,2005,26862
bgd,2006,27863
bgd,2007,28446
bgd,2008,28565
bgd,2009,28322
bgd,2010,27440
bgd,2011,26210
bgd,2012,25197
bgd,2013,24519
bgd,2014,24708
bgd,2015,25348
bgd,2016,25954
bgd,2017,26479
bgd,2018,26527
bgd,2019,26075
bgd,2020,25049
bgd,2021,23229
bgd,2022,20479
bgd,2023,17501
bgd,2024,15417
bgr,1991,680.00
bgr,1992,671.00
bgr,1993,663.00
bgr,1994,656.00
bgr,1995,642.00
bgr,1996,618.00
bgr,1997,589.00
bgr,1998,557.00
bgr,1999,526.00
bgr,2000,494.00
bgr,2001,462.00
bgr,2002,432.00
bgr,2003,407.00
bgr,2004,389.00
bgr,2005,376.00
bgr,2006,363.00
bgr,2007,349.00
bgr,2008,332.00
bgr,2009,311.00
bgr,2010,289.00
bgr,2011,268.00
bgr,2012,247.00
bgr,2013,228.00
bgr,2014,213.00
bgr,2015,202.00
bgr,2016,195.00
bgr,2017,191.00
bgr,2018,190.00
bgr,2019,192.00
bgr,2020,192.00
bgr,2021,192.00
bgr,2022,192.00
bgr,2023,191.00
bgr,2024,188.00
bhr,1991,33.000
bhr,1992,34.000
bhr,1993,36.000
bhr,1994,39.000
bhr,1995,42.000
bhr,1996,43.000
bhr,1997,44.000
bhr,1998,44.000
bhr,1999,43.000
bhr,2000,42.000
bhr,2001,41.000
bhr,2002,43.000
bhr,2003,49.000
bhr,2004,53.000
bhr,2005,55.000
bhr,2006,55.000
bhr,2007,54.000
bhr,2008,52.000
bhr,2009,50.000
bhr,2010,49.000
bhr,2011,48.000
bhr,2012,46.000
bhr,2013,44.000
bhr,2014,44.000
bhr,2015,45.000
bhr,2016,45.000
bhr,2017,45.000
bhr,2018,45.000
bhr,2019,44.000
bhr,2020,44.000
bhr,2021,45.000
bhr,2022,46.000
bhr,2023,43.000
bhr,2024,41.000
bhs,1991,23.000
bhs,1992,25.000
bhs,1993,27.000
bhs,1994,28.000
bhs,1995,30.000
bhs,1996,31.000
bhs,1997,32.000
bhs,1998,32.000
bhs,1999,33.000
bhs,2000,33.000
bhs,2001,33.000
bhs,2002,33.000
bhs,2003,34.000
bhs,2004,34.000
bhs,2005,35.000
bhs,2006,36.000
bhs,2007,37.000
bhs,2008,39.000
bhs,2009,41.000
bhs,2010,42.000
bhs,2011,44.000
bhs,2012,44.000
bhs,2013,44.000
bhs,2014,43.000
bhs,2015,41.000
bhs,2016,39.000
bhs,2017,36.000
bhs,2018,32.000
bhs,2019,29.000
bhs,2020,42.000
bhs,2021,23.000
bhs,2022,21.000
bhs,2023,20.000
bhs,2024,18.000
bih,1991,262.00
bih,1992,270.00
bih,1993,2524.0
bih,1994,2508.0
bih,1995,710.00
bih,1996,441.00
bih,1997,198.00
bih,1998,190.00
bih,1999,178.00
bih,2000,167.00
bih,2001,158.00
bih,2002,150.00
bih,2003,145.00
bih,2004,140.00
bih,2005,134.00
bih,2006,129.00
bih,2007,125.00
bih,2008,120.00
bih,2009,113.00
bih,2010,106.00
bih,2011,99.000
bih,2012,93.000
bih,2013,89.000
bih,2014,87.000
bih,2015,88.000
bih,2016,88.000
bih,2017,87.000
bih,2018,84.000
bih,2019,79.000
bih,2020,75.000
bih,2021,71.000
bih,2022,66.000
bih,2023,62.000
bih,2024,58.000
blr,1991,868.00
blr,1992,900.00
blr,1993,912.00
blr,1994,915.00
blr,1995,912.00
blr,1996,902.00
blr,1997,895.00
blr,1998,893.00
blr,1999,898.00
blr,2000,902.00
blr,2001,890.00
blr,2002,861.00
blr,2003,818.00
blr,2004,769.00
blr,2005,723.00
blr,2006,677.00
blr,2007,625.00
blr,2008,575.00
blr,2009,531.00
blr,2010,491.00
blr,2011,450.00
blr,2012,407.00
blr,2013,362.00
blr,2014,320.00
blr,2015,285.00
blr,2016,256.00
blr,2017,235.00
blr,2018,219.00
blr,2019,206.00
blr,2020,194.00
blr,2021,181.00
blr,2022,172.00
blr,2023,164.00
blr,2024,160.00
blz,1991,18.000
blz,1992,21.000
blz,1993,23.000
blz,1994,27.000
blz,1995,30.000
blz,1996,33.000
blz,1997,37.000
blz,1998,39.000
blz,1999,42.000
blz,2000,44.000
blz,2001,46.000
blz,2002,47.000
blz,2003,49.000
blz,2004,50.000
blz,2005,51.000
blz,2006,52.000
blz,2007,53.000
blz,2008,54.000
blz,2009,55.000
blz,2010,57.000
blz,2011,58.000
blz,2012,59.000
blz,2013,58.000
blz,2014,58.000
blz,2015,57.000
blz,2016,56.000
blz,2017,55.000
blz,2018,54.000
blz,2019,52.000
blz,2020,50.000
blz,2021,49.000
blz,2022,47.000
blz,2023,46.000
blz,2024,46.000
bol,1991,1919.0
bol,1992,1901.0
bol,1993,1888.0
bol,1994,1870.0
bol,1995,1853.0
bol,1996,1838.0
bol,1997,1825.0
bol,1998,1806.0
bol,1999,1781.0
bol,2000,1759.0
bol,2001,1731.0
bol,2002,1687.0
bol,2003,1649.0
bol,2004,1609.0
bol,2005,1560.0
bol,2006,1509.0
bol,2007,1454.0
bol,2008,1397.0
bol,2009,1343.0
bol,2010,1289.0
bol,2011,1240.0
bol,2012,1196.0
bol,2013,1149.0
bol,2014,1105.0
bol,2015,1063.0
bol,2016,1023.0
bol,2017,989.00
bol,2018,952.00
bol,2019,922.00
bol,2020,891.00
bol,2021,857.00
bol,2022,835.00
bol,2023,806.00
bol,2024,781.00
bra,1991,22918
bra,1992,23707
bra,1993,24472
bra,1994,25178
bra,1995,25917
bra,1996,26610
bra,1997,27090
bra,1998,27308
bra,1999,27344
bra,2000,27384
bra,2001,27428
bra,2002,27438
bra,2003,27374
bra,2004,27156
bra,2005,26792
bra,2006,26374
bra,2007,26048
bra,2008,25933
bra,2009,26011
bra,2010,26252
bra,2011,26596
bra,2012,27050
bra,2013,27582
bra,2014,28049
bra,2015,28341
bra,2016,28205
bra,2017,27477
bra,2018,26165
bra,2019,24530
bra,2020,22970
bra,2021,21625
bra,2022,20422
bra,2023,19290
bra,2024,18152
brb,1991,23.000
brb,1992,22.000
brb,1993,21.000
brb,1994,20.000
brb,1995,19.000
brb,1996,18.000
brb,1997,17.000
brb,1998,17.000
brb,1999,17.000
brb,2000,17.000
brb,2001,17.000
brb,2002,17.000
brb,2003,18.000
brb,2004,18.000
brb,2005,17.000
brb,2006,17.000
brb,2007,17.000
brb,2008,17.000
brb,2009,16.000
brb,2010,16.000
brb,2011,15.000
brb,2012,14.000
brb,2013,13.000
brb,2014,12.000
brb,2015,12.000
brb,2016,11.000
brb,2017,11.000
brb,2018,10.000
brb,2019,10.000
brb,2020,9.0000
brb,2021,9.0000
brb,2022,8.0000
brb,2023,8.0000
brb,2024,7.0000
brn,1991,26.000
brn,1992,27.000
brn,1993,28.000
brn,1994,29.000
brn,1995,29.000
brn,1996,29.000
brn,1997,29.000
brn,1998,29.000
brn,1999,28.000
brn,2000,27.000
brn,2001,25.000
brn,2002,24.000
brn,2003,24.000
brn,2004,23.000
brn,2005,22.000
brn,2006,21.000
brn,2007,20.000
brn,2008,19.000
brn,2009,19.000
brn,2010,19.000
brn,2011,18.000
brn,2012,18.000
brn,2013,18.000
brn,2014,17.000
brn,2015,17.000
brn,2016,16.000
brn,2017,16.000
brn,2018,15.000
brn,2019,14.000
brn,2020,14.000
brn,2021,14.000
brn,2022,13.000
brn,2023,13.000
brn,2024,12.000
btn,1991,164.00
btn,1992,164.00
btn,1993,154.00
btn,1994,145.00
btn,1995,141.00
btn,1996,136.00
btn,1997,131.00
btn,1998,130.00
btn,1999,128.00
btn,2000,128.00
btn,2001,133.00
btn,2002,132.00
btn,2003,134.00
btn,2004,136.00
btn,2005,137.00
btn,2006,138.00
btn,2007,139.00
btn,2008,138.00
btn,2009,136.00
btn,2010,133.00
btn,2011,130.00
btn,2012,125.00
btn,2013,119.00
btn,2014,113.00
btn,2015,107.00
btn,2016,103.00
btn,2017,99.000
btn,2018,94.000
btn,2019,91.000
btn,2020,87.000
btn,2021,84.000
btn,2022,80.000
btn,2023,76.000
btn,2024,72.000
bwa,1991,400.00
bwa,1992,411.00
bwa,1993,420.00
bwa,1994,426.00
bwa,1995,434.00
bwa,1996,438.00
bwa,1997,443.00
bwa,1998,448.00
bwa,1999,449.00
bwa,2000,448.00
bwa,2001,442.00
bwa,2002,435.00
bwa,2003,426.00
bwa,2004,416.00
bwa,2005,403.00
bwa,2006,390.00
bwa,2007,390.00
bwa,2008,361.00
bwa,2009,348.00
bwa,2010,337.00
bwa,2011,328.00
bwa,2012,318.00
bwa,2013,311.00
bwa,2014,308.00
bwa,2015,306.00
bwa,2016,305.00
bwa,2017,304.00
bwa,2018,305.00
bwa,2019,305.00
bwa,2020,302.00
bwa,2021,299.00
bwa,2022,294.00
bwa,2023,285.00
bwa,2024,273.00
caf,1991,1256.0
caf,1992,1258.0
caf,1993,1283.0
caf,1994,1324.0
caf,1995,1372.0
caf,1996,1413.0
caf,1997,1459.0
caf,1998,1539.0
caf,1999,1622.0
caf,2000,1705.0
caf,2001,1796.0
caf,2002,1874.0
caf,2003,1939.0
caf,2004,2006.0
caf,2005,2050.0
caf,2006,2059.0
caf,2007,2048.0
caf,2008,2020.0
caf,2009,1983.0
caf,2010,17014
caf,2011,2641.0
caf,2012,2145.0
caf,2013,1969.0
caf,2014,2349.0
caf,2015,4142.0
caf,2016,2009.0
caf,2017,2193.0
caf,2018,3187.0
caf,2019,2034.0
caf,2020,6438.0
caf,2021,2189.0
caf,2022,3984.0
caf,2023,12669
caf,2024,1380.0
can,1991,1716.0
can,1992,1648.0
can,1993,1583.0
can,1994,1530.0
can,1995,1494.0
can,1996,1470.0
can,1997,1449.0
can,1998,1426.0
can,1999,1402.0
can,2000,1378.0
can,2001,1353.0
can,2002,1327.0
can,2003,1301.0
can,2004,1277.0
can,2005,1264.0
can,2006,1255.0
can,2007,1236.0
can,2008,1203.0
can,2009,1162.0
can,2010,1122.0
can,2011,1082.0
can,2012,1036.0
can,2013,986.00
can,2014,943.00
can,2015,918.00
can,2016,911.00
can,2017,918.00
can,2018,935.00
can,2019,955.00
can,2020,970.00
can,2021,976.00
can,2022,974.00
can,2023,979.00
can,2024,986.00
che,1991,334.00
che,1992,319.00
che,1993,304.00
che,1994,290.00
che,1995,277.00
che,1996,265.00
che,1997,254.00
che,1998,244.00
che,1999,235.00
che,2000,228.00
che,2001,222.00
che,2002,215.00
che,2003,210.00
che,2004,205.00
che,2005,201.00
che,2006,195.00
che,2007,189.00
che,2008,183.00
che,2009,175.00
che,2010,165.00
che,2011,156.00
che,2012,147.00
che,2013,139.00
che,2014,133.00
che,2015,129.00
che,2016,126.00
che,2017,125.00
che,2018,124.00
che,2019,124.00
che,2020,123.00
che,2021,122.00
che,2022,122.00
che,2023,121.00
che,2024,121.00
chl,1991,1212.0
chl,1992,1180.0
chl,1993,1152.0
chl,1994,1133.0
chl,1995,1118.0
chl,1996,1104.0
chl,1997,1085.0
chl,1998,1056.0
chl,1999,1021.0
chl,2000,990.00
chl,2001,974.00
chl,2002,968.00
chl,2003,965.00
chl,2004,958.00
chl,2005,948.00
chl,2006,939.00
chl,2007,935.00
chl,2008,941.00
chl,2009,956.00
chl,2010,958.00
chl,2011,927.00
chl,2012,875.00
chl,2013,825.00
chl,2014,790.00
chl,2015,762.00
chl,2016,735.00
chl,2017,710.00
chl,2018,688.00
chl,2019,672.00
chl,2020,663.00
chl,2021,666.00
chl,2022,674.00
chl,2023,681.00
chl,2024,680.00
chn,1991,141740
chn,1992,132700
chn,1993,124470
chn,1994,116270
chn,1995,109240
chn,1996,104840
chn,1997,102000
chn,1998,100870
chn,1999,100530
chn,2000,99461
chn,2001,98281
chn,2002,96636
chn,2003,93698
chn,2004,90819
chn,2005,87934
chn,2006,84359
chn,2007,79386
chn,2008,73048
chn,2009,66225
chn,2010,59493
chn,2011,52834
chn,2012,47330
chn,2013,43248
chn,2014,39737
chn,2015,36737
chn,2016,34299
chn,2017,32132
chn,2018,30289
chn,2019,28772
chn,2020,27354
chn,2021,26089
chn,2022,24903
chn,2023,24261
chn,2024,23443
civ,1991,4834.0
civ,1992,5092.0
civ,1993,5400.0
civ,1994,5705.0
civ,1995,5993.0
civ,1996,6287.0
civ,1997,6556.0
civ,1998,6802.0
civ,1999,7041.0
civ,2000,7228.0
civ,2001,7378.0
civ,2002,7507.0
civ,2003,7617.0
civ,2004,7752.0
civ,2005,7872.0
civ,2006,7970.0
civ,2007,8053.0
civ,2008,8148.0
civ,2009,8117.0
civ,2010,8000.0
civ,2011,7791.0
civ,2012,7526.0
civ,2013,7221.0
civ,2014,6906.0
civ,2015,6709.0
civ,2016,6609.0
civ,2017,6548.0
civ,2018,6449.0
civ,2019,6308.0
civ,2020,6099.0
civ,2021,5912.0
civ,2022,5707.0
civ,2023,5597.0
civ,2024,5582.0
cmr,1991,4662.0
cmr,1992,4828.0
cmr,1993,4993.0
cmr,1994,5174.0
cmr,1995,5357.0
cmr,1996,5559.0
cmr,1997,5768.0
cmr,1998,6004.0
cmr,1999,6218.0
cmr,2000,6408.0
cmr,2001,6590.0
cmr,2002,6746.0
cmr,2003,6888.0
cmr,2004,7016.0
cmr,2005,7126.0
cmr,2006,7232.0
cmr,2007,7303.0
cmr,2008,7348.0
cmr,2009,7364.0
cmr,2010,7400.0
cmr,2011,7398.0
cmr,2012,7404.0
cmr,2013,7380.0
cmr,2014,7346.0
cmr,2015,7307.0
cmr,2016,7298.0
cmr,2017,7345.0
cmr,2018,7350.0
cmr,2019,7325.0
cmr,2020,7315.0
cmr,2021,7320.0
cmr,2022,7298.0
cmr,2023,7242.0
cmr,2024,7190.0
cod,1991,14151
cod,1992,14695
cod,1993,15258
cod,1994,15899
cod,1995,16850
cod,1996,17686
cod,1997,19886
cod,1998,19077
cod,1999,22882
cod,2000,24242
cod,2001,22569
cod,2002,23739
cod,2003,24831
cod,2004,25906
cod,2005,26873
cod,2006,27990
cod,2007,28986
cod,2008,30081
cod,2009,31259
cod,2010,32554
cod,2011,33684
cod,2012,34850
cod,2013,35912
cod,2014,36573
cod,2015,36744
cod,2016,36715
cod,2017,36586
cod,2018,36315
cod,2019,36250
cod,2020,35906
cod,2021,35436
cod,2022,35106
cod,2023,34731
cod,2024,34868
cog,1991,1147.0
cog,1992,1166.0
cog,1993,1168.0
cog,1994,1168.0
cog,1995,1158.0
cog,1996,1142.0
cog,1997,1128.0
cog,1998,1861.0
cog,1999,1342.0
cog,2000,1123.0
cog,2001,1048.0
cog,2002,1035.0
cog,2003,1002.0
cog,2004,981.00
cog,2005,959.00
cog,2006,938.00
cog,2007,914.00
cog,2008,870.00
cog,2009,832.00
cog,2010,796.00
cog,2011,754.00
cog,2012,705.00
cog,2013,656.00
cog,2014,610.00
cog,2015,572.00
cog,2016,551.00
cog,2017,538.00
cog,2018,529.00
cog,2019,525.00
cog,2020,717.00
cog,2021,522.00
cog,2022,525.00
cog,2023,524.00
cog,2024,524.00
cok,1991,3.0000
cok,1992,3.0000
cok,1993,3.0000
cok,1994,3.0000
cok,1995,3.0000
cok,1996,3.0000
cok,1997,3.0000
cok,1998,3.0000
cok,1999,3.0000
cok,2000,2.0000
cok,2001,2.0000
cok,2002,2.0000
cok,2003,1.0000
cok,2004,1.0000
cok,2005,1.0000
cok,2006,1.0000
cok,2007,1.0000
cok,2008,1.0000
cok,2009,1.0000
cok,2010,1.0000
cok,2011,1.0000
cok,2012,1.0000
cok,2013,1.0000
cok,2014,1.0000
cok,2015,1.0000
cok,2016,1.0000
cok,2017,1.0000
cok,2018,1.0000
cok,2019,1.0000
cok,2020,0.0000
cok,2021,0.0000
cok,2022,0.0000
cok,2023,0.0000
cok,2024,0.0000
col,1991,6911.0
col,1992,7500.0
col,1993,8039.0
col,1994,8459.0
col,1995,8687.0
col,1996,8697.0
col,1997,8588.0
col,1998,8545.0
col,1999,8671.0
col,2000,8857.0
col,2001,8999.0
col,2002,8944.0
col,2003,8529.0
col,2004,7799.0
col,2005,7060.0
col,2006,6530.0
col,2007,6218.0
col,2008,6112.0
col,2009,6184.0
col,2010,6298.0
col,2011,6321.0
col,2012,6221.0
col,2013,6047.0
col,2014,5847.0
col,2015,5640.0
col,2016,5458.0
col,2017,5319.0
col,2018,5228.0
col,2019,5174.0
col,2020,5133.0
col,2021,5110.0
col,2022,5094.0
col,2023,5059.0
col,2024,4966.0
com,1991,116.00
com,1992,114.00
com,1993,112.00
com,1994,110.00
com,1995,108.00
com,1996,107.00
com,1997,107.00
com,1998,107.00
com,1999,107.00
com,2000,108.00
com,2001,107.00
com,2002,106.00
com,2003,106.00
com,2004,104.00
com,2005,103.00
com,2006,102.00
com,2007,101.00
com,2008,99.000
com,2009,96.000
com,2010,94.000
com,2011,91.000
com,2012,88.000
com,2013,85.000
com,2014,82.000
com,2015,78.000
com,2016,75.000
com,2017,73.000
com,2018,71.000
com,2019,68.000
com,2020,66.000
com,2021,64.000
com,2022,61.000
com,2023,60.000
com,2024,59.000
cpv,1991,38.000
cpv,1992,41.000
cpv,1993,44.000
cpv,1994,46.000
cpv,1995,49.000
cpv,1996,78.000
cpv,1997,54.000
cpv,1998,56.000
cpv,1999,58.000
cpv,2000,59.000
cpv,2001,59.000
cpv,2002,60.000
cpv,2003,59.000
cpv,2004,59.000
cpv,2005,58.000
cpv,2006,58.000
cpv,2007,57.000
cpv,2008,56.000
cpv,2009,55.000
cpv,2010,53.000
cpv,2011,51.000
cpv,2012,48.000
cpv,2013,45.000
cpv,2014,42.000
cpv,2015,39.000
cpv,2016,36.000
cpv,2017,33.000
cpv,2018,31.000
cpv,2019,29.000
cpv,2020,28.000
cpv,2021,27.000
cpv,2022,26.000
cpv,2023,25.000
cpv,2024,24.000
cri,1991,242.00
cri,1992,251.00
cri,1993,262.00
cri,1994,275.00
cri,1995,288.00
cri,1996,302.00
cri,1997,316.00
cri,1998,327.00
cri,1999,335.00
cri,2000,338.00
cri,2001,338.00
cri,2002,337.00
cri,2003,337.00
cri,2004,335.00
cri,2005,331.00
cri,2006,327.00
cri,2007,329.00
cri,2008,338.00
cri,2009,345.00
cri,2010,338.00
cri,2011,320.00
cri,2012,302.00
cri,2013,288.00
cri,2014,281.00
cri,2015,284.00
cri,2016,292.00
cri,2017,299.00
cri,2018,298.00
cri,2019,291.00
cri,2020,278.00
cri,2021,266.00
cri,2022,258.00
cri,2023,258.00
cri,2024,260.00
cub,1991,1296.0
cub,1992,1217.0
cub,1993,1129.0
cub,1994,1041.0
cub,1995,957.00
cub,1996,880.00
cub,1997,813.00
cub,1998,760.00
cub,1999,722.00
cub,2000,694.00
cub,2001,671.00
cub,2002,648.00
cub,2003,623.00
cub,2004,595.00
cub,2005,569.00
cub,2006,546.00
cub,2007,524.00
cub,2008,503.00
cub,2009,483.00
cub,2010,463.00
cub,2011,445.00
cub,2012,430.00
cub,2013,419.00
cub,2014,411.00
cub,2015,406.00
cub,2016,401.00
cub,2017,395.00
cub,2018,390.00
cub,2019,386.00
cub,2020,385.00
cub,2021,386.00
cub,2022,389.00
cub,2023,392.00
cub,2024,392.00
cyp,1991,39.000
cyp,1992,41.000
cyp,1993,43.000
cyp,1994,46.000
cyp,1995,50.000
cyp,1996,54.000
cyp,1997,58.000
cyp,1998,61.000
cyp,1999,62.000
cyp,2000,62.000
cyp,2001,61.000
cyp,2002,58.000
cyp,2003,56.000
cyp,2004,55.000
cyp,2005,53.000
cyp,2006,50.000
cyp,2007,46.000
cyp,2008,42.000
cyp,2009,38.000
cyp,2010,34.000
cyp,2011,30.000
cyp,2012,26.000
cyp,2013,24.000
cyp,2014,22.000
cyp,2015,20.000
cyp,2016,19.000
cyp,2017,18.000
cyp,2018,17.000
cyp,2019,17.000
cyp,2020,16.000
cyp,2021,16.000
cyp,2022,15.000
cyp,2023,14.000
cyp,2024,14.000
cze,1991,672.00
cze,1992,692.00
cze,1993,699.00
cze,1994,688.00
cze,1995,660.00
cze,1996,620.00
cze,1997,576.00
cze,1998,536.00
cze,1999,499.00
cze,2000,467.00
cze,2001,442.00
cze,2002,424.00
cze,2003,409.00
cze,2004,393.00
cze,2005,376.00
cze,2006,357.00
cze,2007,338.00
cze,2008,320.00
cze,2009,301.00
cze,2010,282.00
cze,2011,261.00
cze,2012,240.00
cze,2013,222.00
cze,2014,206.00
cze,2015,193.00
cze,2016,186.00
cze,2017,182.00
cze,2018,181.00
cze,2019,180.00
cze,2020,180.00
cze,2021,181.00
cze,2022,181.00
cze,2023,185.00
cze,2024,189.00
deu,1991,3264.0
deu,1992,3151.0
deu,1993,3078.0
deu,1994,3033.0
deu,1995,2988.0
deu,1996,2955.0
deu,1997,2927.0
deu,1998,2904.0
deu,1999,2832.0
deu,2000,2736.0
deu,2001,2653.0
deu,2002,2544.0
deu,2003,2416.0
deu,2004,2278.0
deu,2005,2141.0
deu,2006,2015.0
deu,2007,1889.0
deu,2008,1765.0
deu,2009,1661.0
deu,2010,1573.0
deu,2011,1486.0
deu,2012,1406.0
deu,2013,1348.0
deu,2014,1304.0
deu,2015,1273.0
deu,2016,1265.0
deu,2017,1257.0
deu,2018,1229.0
deu,2019,1195.0
deu,2020,1172.0
deu,2021,1160.0
deu,2022,1159.0
deu,2023,1174.0
deu,2024,1195.0
dji,1991,280.00
dji,1992,314.00
dji,1993,329.00
dji,1994,285.00
dji,1995,287.00
dji,1996,287.00
dji,1997,290.00
dji,1998,296.00
dji,1999,302.00
dji,2000,306.00
dji,2001,309.00
dji,2002,310.00
dji,2003,312.00
dji,2004,311.00
dji,2005,309.00
dji,2006,307.00
dji,2007,306.00
dji,2008,306.00
dji,2009,305.00
dji,2010,304.00
dji,2011,304.00
dji,2012,302.00
dji,2013,302.00
dji,2014,300.00
dji,2015,299.00
dji,2016,297.00
dji,2017,296.00
dji,2018,295.00
dji,2019,292.00
dji,2020,288.00
dji,2021,283.00
dji,2022,277.00
dji,2023,270.00
dji,2024,262.00
dma,1991,7.0000
dma,1992,7.0000
dma,1993,6.0000
dma,1994,6.0000
dma,1995,6.0000
dma,1996,6.0000
dma,1997,6.0000
dma,1998,6.0000
dma,1999,5.0000
dma,2000,5.0000
dma,2001,5.0000
dma,2002,5.0000
dma,2003,5.0000
dma,2004,5.0000
dma,2005,5.0000
dma,2006,5.0000
dma,2007,5.0000
dma,2008,4.0000
dma,2009,4.0000
dma,2010,4.0000
dma,2011,4.0000
dma,2012,4.0000
dma,2013,4.0000
dma,2014,4.0000
dma,2015,4.0000
dma,2016,4.0000
dma,2017,3.0000
dma,2018,3.0000
dma,2019,3.0000
dma,2020,3.0000
dma,2021,2.0000
dma,2022,2.0000
dma,2023,2.0000
dma,2024,2.0000
dnk,1991,218.00
dnk,1992,209.00
dnk,1993,200.00
dnk,1994,191.00
dnk,1995,184.00
dnk,1996,177.00
dnk,1997,171.00
dnk,1998,166.00
dnk,1999,161.00
dnk,2000,156.00
dnk,2001,152.00
dnk,2002,149.00
dnk,2003,147.00
dnk,2004,145.00
dnk,2005,143.00
dnk,2006,140.00
dnk,2007,137.00
dnk,2008,133.00
dnk,2009,127.00
dnk,2010,121.00
dnk,2011,113.00
dnk,2012,106.00
dnk,2013,99.000
dnk,2014,94.000
dnk,2015,89.000
dnk,2016,86.000
dnk,2017,84.000
dnk,2018,83.000
dnk,2019,82.000
dnk,2020,80.000
dnk,2021,79.000
dnk,2022,78.000
dnk,2023,77.000
dnk,2024,75.000
dom,1991,1045.0
dom,1992,1099.0
dom,1993,1150.0
dom,1994,1197.0
dom,1995,1240.0
dom,1996,1283.0
dom,1997,1323.0
dom,1998,1356.0
dom,1999,1388.0
dom,2000,1416.0
dom,2001,1431.0
dom,2002,1444.0
dom,2003,1451.0
dom,2004,1452.0
dom,2005,1453.0
dom,2006,1450.0
dom,2007,1442.0
dom,2008,1421.0
dom,2009,1389.0
dom,2010,1342.0
dom,2011,1289.0
dom,2012,1223.0
dom,2013,1143.0
dom,2014,1063.0
dom,2015,990.00
dom,2016,935.00
dom,2017,886.00
dom,2018,841.00
dom,2019,803.00
dom,2020,769.00
dom,2021,728.00
dom,2022,689.00
dom,2023,654.00
dom,2024,623.00
dza,1991,4841.0
dza,1992,4832.0
dza,1993,4856.0
dza,1994,4928.0
dza,1995,5444.0
dza,1996,5390.0
dza,1997,5226.0
dza,1998,5539.0
dza,1999,5596.0
dza,2000,5123.0
dza,2001,4952.0
dza,2002,4743.0
dza,2003,4500.0
dza,2004,4452.0
dza,2005,4013.0
dza,2006,3823.0
dza,2007,3667.0
dza,2008,3529.0
dza,2009,3387.0
dza,2010,3240.0
dza,2011,3109.0
dza,2012,2996.0
dza,2013,2898.0
dza,2014,2817.0
dza,2015,2747.0
dza,2016,2693.0
dza,2017,2648.0
dza,2018,2615.0
dza,2019,2611.0
dza,2020,2636.0
dza,2021,2685.0
dza,2022,2762.0
dza,2023,2881.0
dza,2024,3024.0
ecu,1991,2159.0
ecu,1992,2140.0
ecu,1993,2112.0
ecu,1994,2088.0
ecu,1995,2073.0
ecu,1996,2071.0
ecu,1997,2080.0
ecu,1998,2091.0
ecu,1999,2104.0
ecu,2000,2116.0
ecu,2001,2125.0
ecu,2002,2132.0
ecu,2003,2143.0
ecu,2004,2158.0
ecu,2005,2179.0
ecu,2006,2210.0
ecu,2007,2249.0
ecu,2008,2284.0
ecu,2009,2309.0
ecu,2010,2313.0
ecu,2011,2285.0
ecu,2012,2228.0
ecu,2013,2146.0
ecu,2014,2053.0
ecu,2015,1964.0
ecu,2016,1892.0
ecu,2017,1878.0
ecu,2018,1774.0
ecu,2019,1729.0
ecu,2020,1720.0
ecu,2021,1776.0
ecu,2022,1917.0
ecu,2023,2165.0
ecu,2024,2518.0
egy,1991,13929
egy,1992,13460
egy,1993,13019
egy,1994,12713
egy,1995,12479
egy,1996,12250
egy,1997,11980
egy,1998,11680
egy,1999,11405
egy,2000,11144
egy,2001,10913
egy,2002,10720
egy,2003,10526
egy,2004,10307
egy,2005,10081
egy,2006,9886.0
egy,2007,9762.0
egy,2008,9701.0
egy,2009,9753.0
egy,2010,9910.0
egy,2011,10166
egy,2012,10495
egy,2013,10770
egy,2014,10908
egy,2015,10879
egy,2016,10731
egy,2017,10543
egy,2018,10392
egy,2019,10349
egy,2020,10440
egy,2021,10656
egy,2022,10948
egy,2023,11195
egy,2024,11277
eri,1991,1094.0
eri,1992,1012.0
eri,1993,853.00
eri,1994,849.00
eri,1995,839.00
eri,1996,843.00
eri,1997,837.00
eri,1998,800.00
eri,1999,1324.0
eri,2000,1883.0
eri,2001,842.00
eri,2002,728.00
eri,2003,736.00
eri,2004,747.00
eri,2005,757.00
eri,2006,750.00
eri,2007,737.00
eri,2008,721.00
eri,2009,711.00
eri,2010,702.00
eri,2011,696.00
eri,2012,694.00
eri,2013,694.00
eri,2014,696.00
eri,2015,688.00
eri,2016,678.00
eri,2017,666.00
eri,2018,656.00
eri,2019,652.00
eri,2020,652.00
eri,2021,656.00
eri,2022,659.00
eri,2023,658.00
eri,2024,652.00
esp,1991,2841.0
esp,1992,2693.0
esp,1993,2459.0
esp,1994,2222.0
esp,1995,2041.0
esp,1996,1918.0
esp,1997,1829.0
esp,1998,1763.0
esp,1999,1696.0
esp,2000,1614.0
esp,2001,1515.0
esp,2002,1420.0
esp,2003,1350.0
esp,2004,1294.0
esp,2005,1233.0
esp,2006,1165.0
esp,2007,1094.0
esp,2008,1024.0
esp,2009,945.00
esp,2010,856.00
esp,2011,770.00
esp,2012,698.00
esp,2013,642.00
esp,2014,602.00
esp,2015,581.00
esp,2016,574.00
esp,2017,573.00
esp,2018,575.00
esp,2019,580.00
esp,2020,590.00
esp,2021,599.00
esp,2022,612.00
esp,2023,628.00
esp,2024,636.00
est,1991,159.00
est,1992,165.00
est,1993,167.00
est,1994,164.00
est,1995,158.00
est,1996,149.00
est,1997,138.00
est,1998,128.00
est,1999,122.00
est,2000,115.00
est,2001,109.00
est,2002,104.00
est,2003,100.00
est,2004,95.000
est,2005,90.000
est,2006,84.000
est,2007,77.000
est,2008,69.000
est,2009,61.000
est,2010,53.000
est,2011,46.000
est,2012,40.000
est,2013,36.000
est,2014,33.000
est,2015,32.000
est,2016,31.000
est,2017,30.000
est,2018,30.000
est,2019,29.000
est,2020,30.000
est,2021,30.000
est,2022,31.000
est,2023,32.000
est,2024,33.000
eth,1991,34833
eth,1992,33723
eth,1993,35467
eth,1994,36193
eth,1995,37102
eth,1996,37770
eth,1997,38157
eth,1998,38464
eth,1999,38208
eth,2000,40182
eth,2001,37590
eth,2002,37208
eth,2003,37086
eth,2004,37275
eth,2005,37134
eth,2006,36757
eth,2007,36300
eth,2008,35499
eth,2009,34330
eth,2010,32898
eth,2011,31356
eth,2012,29717
eth,2013,28058
eth,2014,26389
eth,2015,24647
eth,2016,23154
eth,2017,21783
eth,2018,20815
eth,2019,20256
eth,2020,19776
eth,2021,19203
eth,2022,18701
eth,2023,18217
eth,2024,17680
fin,1991,258.00
fin,1992,250.00
fin,1993,240.00
fin,1994,229.00
fin,1995,219.00
fin,1996,210.00
fin,1997,203.00
fin,1998,199.00
fin,1999,199.00
fin,2000,200.00
fin,2001,200.00
fin,2002,196.00
fin,2003,191.00
fin,2004,185.00
fin,2005,179.00
fin,2006,177.00
fin,2007,176.00
fin,2008,175.00
fin,2009,172.00
fin,2010,166.00
fin,2011,157.00
fin,2012,146.00
fin,2013,135.00
fin,2014,125.00
fin,2015,117.00
fin,2016,114.00
fin,2017,114.00
fin,2018,116.00
fin,2019,120.00
fin,2020,123.00
fin,2021,125.00
fin,2022,127.00
fin,2023,131.00
fin,2024,136.00
fji,1991,121.00
fji,1992,126.00
fji,1993,132.00
fji,1994,138.00
fji,1995,145.00
fji,1996,150.00
fji,1997,154.00
fji,1998,158.00
fji,1999,161.00
fji,2000,163.00
fji,2001,163.00
fji,2002,162.00
fji,2003,159.00
fji,2004,155.00
fji,2005,150.00
fji,2006,145.00
fji,2007,139.00
fji,2008,134.00
fji,2009,128.00
fji,2010,122.00
fji,2011,117.00
fji,2012,112.00
fji,2013,108.00
fji,2014,105.00
fji,2015,102.00
fji,2016,100.00
fji,2017,102.00
fji,2018,99.000
fji,2019,98.000
fji,2020,97.000
fji,2021,96.000
fji,2022,94.000
fji,2023,92.000
fji,2024,89.000
fra,1991,3114.0
fra,1992,2973.0
fra,1993,2824.0
fra,1994,2676.0
fra,1995,2551.0
fra,1996,2482.0
fra,1997,2455.0
fra,1998,2439.0
fra,1999,2403.0
fra,2000,2345.0
fra,2001,2261.0
fra,2002,2153.0
fra,2003,2035.0
fra,2004,1920.0
fra,2005,1810.0
fra,2006,1711.0
fra,2007,1625.0
fra,2008,1553.0
fra,2009,1495.0
fra,2010,1438.0
fra,2011,1381.0
fra,2012,1319.0
fra,2013,1261.0
fra,2014,1222.0
fra,2015,1195.0
fra,2016,1175.0
fra,2017,1166.0
fra,2018,1156.0
fra,2019,1137.0
fra,2020,1125.0
fra,2021,1123.0
fra,2022,1133.0
fra,2023,1145.0
fra,2024,1153.0
fsm,1991,22.000
fsm,1992,22.000
fsm,1993,22.000
fsm,1994,22.000
fsm,1995,22.000
fsm,1996,22.000
fsm,1997,22.000
fsm,1998,21.000
fsm,1999,21.000
fsm,2000,21.000
fsm,2001,20.000
fsm,2002,20.000
fsm,2003,23.000
fsm,2004,19.000
fsm,2005,18.000
fsm,2006,18.000
fsm,2007,18.000
fsm,2008,18.000
fsm,2009,18.000
fsm,2010,18.000
fsm,2011,17.000
fsm,2012,17.000
fsm,2013,17.000
fsm,2014,16.000
fsm,2015,16.000
fsm,2016,15.000
fsm,2017,15.000
fsm,2018,15.000
fsm,2019,14.000
fsm,2020,14.000
fsm,2021,14.000
fsm,2022,14.000
fsm,2023,13.000
fsm,2024,13.000
gab,1991,193.00
gab,1992,211.00
gab,1993,232.00
gab,1994,252.00
gab,1995,274.00
gab,1996,298.00
gab,1997,318.00
gab,1998,339.00
gab,1999,357.00
gab,2000,373.00
gab,2001,386.00
gab,2002,400.00
gab,2003,410.00
gab,2004,415.00
gab,2005,414.00
gab,2006,409.00
gab,2007,399.00
gab,2008,391.00
gab,2009,378.00
gab,2010,364.00
gab,2011,350.00
gab,2012,335.00
gab,2013,322.00
gab,2014,309.00
gab,2015,299.00
gab,2016,290.00
gab,2017,282.00
gab,2018,277.00
gab,2019,274.00
gab,2020,271.00
gab,2021,270.00
gab,2022,270.00
gab,2023,267.00
gab,2024,269.00
gbr,1991,2656.0
gbr,1992,2517.0
gbr,1993,2365.0
gbr,1994,2248.0
gbr,1995,2182.0
gbr,1996,2159.0
gbr,1997,2161.0
gbr,1998,2166.0
gbr,1999,2149.0
gbr,2000,2115.0
gbr,2001,2084.0
gbr,2002,2064.0
gbr,2003,2040.0
gbr,2004,1992.0
gbr,2005,1936.0
gbr,2006,1882.0
gbr,2007,1833.0
gbr,2008,1785.0
gbr,2009,1729.0
gbr,2010,1647.0
gbr,2011,1539.0
gbr,2012,1428.0
gbr,2013,1335.0
gbr,2014,1277.0
gbr,2015,1252.0
gbr,2016,1241.0
gbr,2017,1232.0
gbr,2018,1220.0
gbr,2019,1209.0
gbr,2020,1203.0
gbr,2021,1200.0
gbr,2022,1207.0
gbr,2023,1221.0
gbr,2024,1209.0
geo,1991,339.00
geo,1992,296.00
geo,1993,308.00
geo,1994,355.00
geo,1995,271.00
geo,1996,258.00
geo,1997,227.00
geo,1998,208.00
geo,1999,209.00
geo,2000,219.00
geo,2001,229.00
geo,2002,232.00
geo,2003,228.00
geo,2004,216.00
geo,2005,201.00
geo,2006,190.00
geo,2007,184.00
geo,2008,186.00
geo,2009,225.00
geo,2010,199.00
geo,2011,185.00
geo,2012,166.00
geo,2013,157.00
geo,2014,162.00
geo,2015,172.00
geo,2016,178.00
geo,2017,176.00
geo,2018,168.00
geo,2019,157.00
geo,2020,151.00
geo,2021,151.00
geo,2022,154.00
geo,2023,153.00
geo,2024,142.00
gha,1991,4845.0
gha,1992,5003.0
gha,1993,5163.0
gha,1994,5318.0
gha,1995,5484.0
gha,1996,5564.0
gha,1997,5674.0
gha,1998,5764.0
gha,1999,5836.0
gha,2000,5913.0
gha,2001,6019.0
gha,2002,6162.0
gha,2003,6288.0
gha,2004,6364.0
gha,2005,6405.0
gha,2006,6435.0
gha,2007,6427.0
gha,2008,6411.0
gha,2009,6365.0
gha,2010,6315.0
gha,2011,6249.0
gha,2012,6172.0
gha,2013,6066.0
gha,2014,5970.0
gha,2015,5848.0
gha,2016,5743.0
gha,2017,5649.0
gha,2018,5558.0
gha,2019,5466.0
gha,2020,5379.0
gha,2021,5242.0
gha,2022,5130.0
gha,2023,4983.0
gha,2024,4881.0
gin,1991,3165.0
gin,1992,3278.0
gin,1993,3378.0
gin,1994,3471.0
gin,1995,3569.0
gin,1996,3666.0
gin,1997,3778.0
gin,1998,3876.0
gin,1999,3972.0
gin,2000,4080.0
gin,2001,4175.0
gin,2002,4251.0
gin,2003,4306.0
gin,2004,4365.0
gin,2005,4416.0
gin,2006,4444.0
gin,2007,4474.0
gin,2008,4524.0
gin,2009,4565.0
gin,2010,4590.0
gin,2011,4580.0
gin,2012,4564.0
gin,2013,4530.0
gin,2014,4463.0
gin,2015,4367.0
gin,2016,4280.0
gin,2017,4172.0
gin,2018,4015.0
gin,2019,3893.0
gin,2020,3805.0
gin,2021,3747.0
gin,2022,3685.0
gin,2023,3607.0
gin,2024,3582.0
gmb,1991,515.00
gmb,1992,526.00
gmb,1993,536.00
gmb,1994,543.00
gmb,1995,546.00
gmb,1996,552.00
gmb,1997,558.00
gmb,1998,565.00
gmb,1999,573.00
gmb,2000,581.00
gmb,2001,589.00
gmb,2002,596.00
gmb,2003,602.00
gmb,2004,606.00
gmb,2005,610.00
gmb,2006,613.00
gmb,2007,614.00
gmb,2008,615.00
gmb,2009,614.00
gmb,2010,612.00
gmb,2011,608.00
gmb,2012,603.00
gmb,2013,598.00
gmb,2014,592.00
gmb,2015,586.00
gmb,2016,580.00
gmb,2017,575.00
gmb,2018,572.00
gmb,2019,569.00
gmb,2020,568.00
gmb,2021,568.00
gmb,2022,570.00
gmb,2023,572.00
gmb,2024,576.00
gnb,1991,482.00
gnb,1992,490.00
gnb,1993,498.00
gnb,1994,511.00
gnb,1995,511.00
gnb,1996,514.00
gnb,1997,512.00
gnb,1998,592.00
gnb,1999,597.00
gnb,2000,577.00
gnb,2001,520.00
gnb,2002,523.00
gnb,2003,529.00
gnb,2004,536.00
gnb,2005,542.00
gnb,2006,547.00
gnb,2007,550.00
gnb,2008,548.00
gnb,2009,550.00
gnb,2010,545.00
gnb,2011,544.00
gnb,2012,539.00
gnb,2013,532.00
gnb,2014,530.00
gnb,2015,524.00
gnb,2016,519.00
gnb,2017,514.00
gnb,2018,509.00
gnb,2019,509.00
gnb,2020,505.00
gnb,2021,507.00
gnb,2022,507.00
gnb,2023,508.00
gnb,2024,510.00
gnq,1991,220.00
gnq,1992,225.00
gnq,1993,232.00
gnq,1994,239.00
gnq,1995,247.00
gnq,1996,257.00
gnq,1997,267.00
gnq,1998,278.00
gnq,1999,290.00
gnq,2000,301.00
gnq,2001,319.00
gnq,2002,344.00
gnq,2003,367.00
gnq,2004,388.00
gnq,2005,405.00
gnq,2006,412.00
gnq,2007,412.00
gnq,2008,411.00
gnq,2009,408.00
gnq,2010,404.00
gnq,2011,402.00
gnq,2012,401.00
gnq,2013,401.00
gnq,2014,403.00
gnq,2015,407.00
gnq,2016,413.00
gnq,2017,419.00
gnq,2018,427.00
gnq,2019,436.00
gnq,2020,447.00
gnq,2021,455.00
gnq,2022,463.00
gnq,2023,471.00
gnq,2024,477.00
grc,1991,552.00
grc,1992,545.00
grc,1993,538.00
grc,1994,530.00
grc,1995,521.00
grc,1996,511.00
grc,1997,500.00
grc,1998,489.00
grc,1999,476.00
grc,2000,460.00
grc,2001,441.00
grc,2002,420.00
grc,2003,399.00
grc,2004,378.00
grc,2005,362.00
grc,2006,347.00
grc,2007,333.00
grc,2008,319.00
grc,2009,302.00
grc,2010,282.00
grc,2011,263.00
grc,2012,243.00
grc,2013,225.00
grc,2014,210.00
grc,2015,196.00
grc,2016,185.00
grc,2017,176.00
grc,2018,170.00
grc,2019,163.00
grc,2020,157.00
grc,2021,151.00
grc,2022,141.00
grc,2023,132.00
grc,2024,123.00
grd,1991,7.0000
grd,1992,7.0000
grd,1993,7.0000
grd,1994,7.0000
grd,1995,7.0000
grd,1996,7.0000
grd,1997,7.0000
grd,1998,7.0000
grd,1999,8.0000
grd,2000,8.0000
grd,2001,9.0000
grd,2002,9.0000
grd,2003,9.0000
grd,2004,10.000
grd,2005,10.000
grd,2006,10.000
grd,2007,10.000
grd,2008,9.0000
grd,2009,9.0000
grd,2010,8.0000
grd,2011,8.0000
grd,2012,8.0000
grd,2013,7.0000
grd,2014,7.0000
grd,2015,7.0000
grd,2016,7.0000
grd,2017,7.0000
grd,2018,7.0000
grd,2019,7.0000
grd,2020,6.0000
grd,2021,6.0000
grd,2022,6.0000
grd,2023,6.0000
grd,2024,6.0000
gtm,1991,2759.0
gtm,1992,2815.0
gtm,1993,2816.0
gtm,1994,2779.0
gtm,1995,2726.0
gtm,1996,2675.0
gtm,1997,2645.0
gtm,1998,2647.0
gtm,1999,2665.0
gtm,2000,2684.0
gtm,2001,2696.0
gtm,2002,2722.0
gtm,2003,2779.0
gtm,2004,2857.0
gtm,2005,2951.0
gtm,2006,3184.0
gtm,2007,3114.0
gtm,2008,3141.0
gtm,2009,3131.0
gtm,2010,3102.0
gtm,2011,3068.0
gtm,2012,3047.0
gtm,2013,3050.0
gtm,2014,3069.0
gtm,2015,3114.0
gtm,2016,3150.0
gtm,2017,3133.0
gtm,2018,3042.0
gtm,2019,2901.0
gtm,2020,2756.0
gtm,2021,2634.0
gtm,2022,2546.0
gtm,2023,2490.0
gtm,2024,2436.0
guy,1991,130.00
guy,1992,122.00
guy,1993,113.00
guy,1994,109.00
guy,1995,110.00
guy,1996,113.00
guy,1997,117.00
guy,1998,120.00
guy,1999,118.00
guy,2000,113.00
guy,2001,108.00
guy,2002,107.00
guy,2003,109.00
guy,2004,114.00
guy,2005,119.00
guy,2006,123.00
guy,2007,123.00
guy,2008,122.00
guy,2009,123.00
guy,2010,127.00
guy,2011,133.00
guy,2012,139.00
guy,2013,144.00
guy,2014,147.00
guy,2015,144.00
guy,2016,136.00
guy,2017,125.00
guy,2018,114.00
guy,2019,108.00
guy,2020,104.00
guy,2021,99.000
guy,2022,96.000
guy,2023,92.000
guy,2024,88.000
hnd,1991,970.00
hnd,1992,989.00
hnd,1993,1005.0
hnd,1994,1020.0
hnd,1995,1034.0
hnd,1996,1043.0
hnd,1997,1049.0
hnd,1998,1059.0
hnd,1999,2351.0
hnd,2000,1075.0
hnd,2001,1085.0
hnd,2002,1095.0
hnd,2003,1104.0
hnd,2004,1115.0
hnd,2005,1126.0
hnd,2006,1136.0
hnd,2007,1149.0
hnd,2008,1162.0
hnd,2009,1177.0
hnd,2010,1193.0
hnd,2011,1210.0
hnd,2012,1222.0
hnd,2013,1226.0
hnd,2014,1224.0
hnd,2015,1221.0
hnd,2016,1205.0
hnd,2017,1188.0
hnd,2018,1168.0
hnd,2019,1148.0
hnd,2020,1124.0
hnd,2021,1098.0
hnd,2022,1071.0
hnd,2023,1048.0
hnd,2024,1026.0
hrv,1991,316.00
hrv,1992,468.00
hrv,1993,355.00
hrv,1994,341.00
hrv,1995,333.00
hrv,1996,316.00
hrv,1997,250.00
hrv,1998,225.00
hrv,1999,207.00
hrv,2000,193.00
hrv,2001,182.00
hrv,2002,174.00
hrv,2003,168.00
hrv,2004,185.00
hrv,2005,155.00
hrv,2006,148.00
hrv,2007,143.00
hrv,2008,136.00
hrv,2009,129.00
hrv,2010,121.00
hrv,2011,112.00
hrv,2012,104.00
hrv,2013,98.000
hrv,2014,94.000
hrv,2015,90.000
hrv,2016,88.000
hrv,2017,85.000
hrv,2018,83.000
hrv,2019,83.000
hrv,2020,83.000
hrv,2021,84.000
hrv,2022,84.000
hrv,2023,98.000
hrv,2024,83.000
hti,1991,3090.0
hti,1992,3111.0
hti,1993,3119.0
hti,1994,3116.0
hti,1995,3108.0
hti,1996,3085.0
hti,1997,3059.0
hti,1998,3037.0
hti,1999,3004.0
hti,2000,2956.0
hti,2001,2903.0
hti,2002,2843.0
hti,2003,2781.0
hti,2004,2704.0
hti,2005,2751.0
hti,2006,2569.0
hti,2007,2506.0
hti,2008,2439.0
hti,2009,2371.0
hti,2010,2299.0
hti,2011,12819
hti,2012,2184.0
hti,2013,2028.0
hti,2014,1937.0
hti,2015,1845.0
hti,2016,1767.0
hti,2017,1693.0
hti,2018,1621.0
hti,2019,1556.0
hti,2020,1499.0
hti,2021,1446.0
hti,2022,1493.0
hti,2023,1366.0
hti,2024,1405.0
hun,1991,732.00
hun,1992,733.00
hun,1993,713.00
hun,1994,673.00
hun,1995,619.00
hun,1996,561.00
hun,1997,512.00
hun,1998,475.00
hun,1999,446.00
hun,2000,423.00
hun,2001,404.00
hun,2002,387.00
hun,2003,373.00
hun,2004,361.00
hun,2005,351.00
hun,2006,340.00
hun,2007,328.00
hun,2008,315.00
hun,2009,300.00
hun,2010,282.00
hun,2011,264.00
hun,2012,248.00
hun,2013,234.00
hun,2014,219.00
hun,2015,205.00
hun,2016,195.00
hun,2017,188.00
hun,2018,183.00
hun,2019,181.00
hun,2020,179.00
hun,2021,176.00
hun,2022,172.00
hun,2023,165.00
hun,2024,158.00
idn,1991,35771
idn,1992,35505
idn,1993,35296
idn,1994,35120
idn,1995,34945
idn,1996,34801
idn,1997,34648
idn,1998,34565
idn,1999,34559
idn,2000,34496
idn,2001,34280
idn,2002,33891
idn,2003,33430
idn,2004,32833
idn,2005,49693
idn,2006,31645
idn,2007,31050
idn,2008,30567
idn,2009,29981
idn,2010,29401
idn,2011,28813
idn,2012,28063
idn,2013,27268
idn,2014,26439
idn,2015,25372
idn,2016,24234
idn,2017,23135
idn,2018,22128
idn,2019,21169
idn,2020,20355
idn,2021,19779
idn,2022,19127
idn,2023,18784
idn,2024,18208
ind,1991,291360
ind,1992,293570
ind,1993,295080
ind,1994,297040
ind,1995,298370
ind,1996,300330
ind,1997,301830
ind,1998,303610
ind,1999,305420
ind,2000,305580
ind,2001,304950
ind,2002,303210
ind,2003,299950
ind,2004,295400
ind,2005,290240
ind,2006,283980
ind,2007,276760
ind,2008,268820
ind,2009,260270
ind,2010,251110
ind,2011,241900
ind,2012,231970
ind,2013,222230
ind,2014,212070
ind,2015,201750
ind,2016,191710
ind,2017,181540
ind,2018,171500
ind,2019,161350
ind,2020,151340
ind,2021,141330
ind,2022,132030
ind,2023,123900
ind,2024,115950
irl,1991,224.00
irl,1992,221.00
irl,1993,217.00
irl,1994,214.00
irl,1995,215.00
irl,1996,221.00
irl,1997,228.00
irl,1998,234.00
irl,1999,235.00
irl,2000,230.00
irl,2001,220.00
irl,2002,208.00
irl,2003,196.00
irl,2004,186.00
irl,2005,178.00
irl,2006,172.00
irl,2007,166.00
irl,2008,160.00
irl,2009,153.00
irl,2010,144.00
irl,2011,132.00
irl,2012,121.00
irl,2013,112.00
irl,2014,104.00
irl,2015,98.000
irl,2016,92.000
irl,2017,88.000
irl,2018,86.000
irl,2019,85.000
irl,2020,85.000
irl,2021,86.000
irl,2022,88.000
irl,2023,90.000
irl,2024,92.000
irn,1991,14424
irn,1992,9381.0
irn,1993,9287.0
irn,1994,9203.0
irn,1995,9229.0
irn,1996,9465.0
irn,1997,9785.0
irn,1998,10133
irn,1999,10542
irn,2000,10977
irn,2001,11418
irn,2002,11844
irn,2003,12224
irn,2004,17521
irn,2005,12692
irn,2006,12845
irn,2007,12981
irn,2008,13043
irn,2009,12845
irn,2010,12294
irn,2011,11436
irn,2012,10402
irn,2013,9333.0
irn,2014,8430.0
irn,2015,7841.0
irn,2016,7555.0
irn,2017,7523.0
irn,2018,7644.0
irn,2019,7757.0
irn,2020,7712.0
irn,2021,7511.0
irn,2022,7288.0
irn,2023,7112.0
irn,2024,6919.0
irq,1991,6614.0
irq,1992,4688.0
irq,1993,2708.0
irq,1994,2817.0
irq,1995,2924.0
irq,1996,3006.0
irq,1997,3055.0
irq,1998,3124.0
irq,1999,3191.0
irq,2000,3271.0
irq,2001,3368.0
irq,2002,3484.0
irq,2003,3583.0
irq,2004,4713.0
irq,2005,5290.0
irq,2006,5481.0
irq,2007,6469.0
irq,2008,6292.0
irq,2009,4905.0
irq,2010,3929.0
irq,2011,3962.0
irq,2012,3949.0
irq,2013,3979.0
irq,2014,4249.0
irq,2015,4009.0
irq,2016,3984.0
irq,2017,5801.0
irq,2018,5081.0
irq,2019,3947.0
irq,2020,4157.0
irq,2021,3956.0
irq,2022,3983.0
irq,2023,4010.0
irq,2024,4041.0
isl,1991,16.000
isl,1992,15.000
isl,1993,15.000
isl,1994,14.000
isl,1995,13.000
isl,1996,13.000
isl,1997,13.000
isl,1998,13.000
isl,1999,12.000
isl,2000,12.000
isl,2001,11.000
isl,2002,11.000
isl,2003,10.000
isl,2004,10.000
isl,2005,10.000
isl,2006,10.000
isl,2007,9.0000
isl,2008,9.0000
isl,2009,9.0000
isl,2010,9.0000
isl,2011,8.0000
isl,2012,8.0000
isl,2013,8.0000
isl,2014,7.0000
isl,2015,7.0000
isl,2016,7.0000
isl,2017,6.0000
isl,2018,6.0000
isl,2019,6.0000
isl,2020,6.0000
isl,2021,5.0000
isl,2022,5.0000
isl,2023,5.0000
isl,2024,5.0000
isr,1991,266.00
isr,1992,270.00
isr,1993,274.00
isr,1994,279.00
isr,1995,285.00
isr,1996,291.00
isr,1997,293.00
isr,1998,286.00
isr,1999,274.00
isr,2000,269.00
isr,2001,285.00
isr,2002,312.00
isr,2003,322.00
isr,2004,302.00
isr,2005,274.00
isr,2006,255.00
isr,2007,246.00
isr,2008,240.00
isr,2009,233.00
isr,2010,224.00
isr,2011,213.00
isr,2012,205.00
isr,2013,202.00
isr,2014,206.00
isr,2015,213.00
isr,2016,217.00
isr,2017,218.00
isr,2018,216.00
isr,2019,213.00
isr,2020,212.00
isr,2021,214.00
isr,2022,218.00
isr,2023,224.00
isr,2024,232.00
ita,1991,3037.0
ita,1992,2990.0
ita,1993,2870.0
ita,1994,2685.0
ita,1995,2477.0
ita,1996,2286.0
ita,1997,2126.0
ita,1998,1983.0
ita,1999,1861.0
ita,2000,1759.0
ita,2001,1676.0
ita,2002,1598.0
ita,2003,1516.0
ita,2004,1444.0
ita,2005,1387.0
ita,2006,1345.0
ita,2007,1310.0
ita,2008,1277.0
ita,2009,1233.0
ita,2010,1172.0
ita,2011,1108.0
ita,2012,1043.0
ita,2013,980.00
ita,2014,928.00
ita,2015,891.00
ita,2016,870.00
ita,2017,855.00
ita,2018,833.00
ita,2019,799.00
ita,2020,763.00
ita,2021,744.00
ita,2022,744.00
ita,2023,757.00
ita,2024,767.00
jam,1991,310.00
jam,1992,304.00
jam,1993,301.00
jam,1994,298.00
jam,1995,295.00
jam,1996,293.00
jam,1997,290.00
jam,1998,288.00
jam,1999,286.00
jam,2000,284.00
jam,2001,282.00
jam,2002,280.00
jam,2003,279.00
jam,2004,279.00
jam,2005,277.00
jam,2006,277.00
jam,2007,278.00
jam,2008,279.00
jam,2009,280.00
jam,2010,280.00
jam,2011,279.00
jam,2012,276.00
jam,2013,271.00
jam,2014,264.00
jam,2015,258.00
jam,2016,250.00
jam,2017,243.00
jam,2018,237.00
jam,2019,232.00
jam,2020,228.00
jam,2021,225.00
jam,2022,223.00
jam,2023,232.00
jam,2024,228.00
jor,1991,463.00
jor,1992,486.00
jor,1993,498.00
jor,1994,508.00
jor,1995,517.00
jor,1996,524.00
jor,1997,528.00
jor,1998,533.00
jor,1999,537.00
jor,2000,542.00
jor,2001,547.00
jor,2002,556.00
jor,2003,565.00
jor,2004,574.00
jor,2005,583.00
jor,2006,590.00
jor,2007,621.00
jor,2008,651.00
jor,2009,658.00
jor,2010,662.00
jor,2011,667.00
jor,2012,671.00
jor,2013,662.00
jor,2014,671.00
jor,2015,700.00
jor,2016,714.00
jor,2017,701.00
jor,2018,670.00
jor,2019,645.00
jor,2020,626.00
jor,2021,609.00
jor,2022,598.00
jor,2023,594.00
jor,2024,594.00
jpn,1991,5591.0
jpn,1992,5380.0
jpn,1993,5103.0
jpn,1994,4793.0
jpn,1995,4477.0
jpn,1996,4383.0
jpn,1997,3950.0
jpn,1998,3729.0
jpn,1999,3528.0
jpn,2000,3334.0
jpn,2001,3141.0
jpn,2002,2954.0
jpn,2003,2782.0
jpn,2004,2626.0
jpn,2005,2480.0
jpn,2006,2351.0
jpn,2007,2242.0
jpn,2008,2149.0
jpn,2009,2064.0
jpn,2010,1994.0
jpn,2011,1936.0
jpn,2012,2821.0
jpn,2013,1825.0
jpn,2014,1773.0
jpn,2015,1720.0
jpn,2016,1674.0
jpn,2017,1643.0
jpn,2018,1628.0
jpn,2019,1631.0
jpn,2020,1649.0
jpn,2021,1674.0
jpn,2022,1701.0
jpn,2023,1731.0
jpn,2024,1758.0
kaz,1991,2472.0
kaz,1992,2575.0
kaz,1993,2668.0
kaz,1994,2739.0
kaz,1995,2765.0
kaz,1996,2752.0
kaz,1997,2714.0
kaz,1998,2647.0
kaz,1999,2560.0
kaz,2000,2492.0
kaz,2001,2462.0
kaz,2002,2441.0
kaz,2003,2433.0
kaz,2004,2441.0
kaz,2005,2449.0
kaz,2006,2448.0
kaz,2007,2402.0
kaz,2008,2282.0
kaz,2009,2098.0
kaz,2010,1899.0
kaz,2011,1720.0
kaz,2012,1566.0
kaz,2013,1434.0
kaz,2014,1325.0
kaz,2015,1240.0
kaz,2016,1180.0
kaz,2017,1148.0
kaz,2018,1143.0
kaz,2019,1154.0
kaz,2020,1170.0
kaz,2021,1194.0
kaz,2022,1232.0
kaz,2023,1277.0
kaz,2024,1314.0
ken,1991,5773.0
ken,1992,6259.0
ken,1993,6723.0
ken,1994,7148.0
ken,1995,7594.0
ken,1996,8014.0
ken,1997,8398.0
ken,1998,8789.0
ken,1999,9109.0
ken,2000,9375.0
ken,2001,9679.0
ken,2002,9839.0
ken,2003,9976.0
ken,2004,10034
ken,2005,10012
ken,2006,9905.0
ken,2007,9753.0
ken,2008,9568.0
ken,2009,9408.0
ken,2010,9250.0
ken,2011,9074.0
ken,2012,8836.0
ken,2013,8586.0
ken,2014,8330.0
ken,2015,8065.0
ken,2016,7794.0
ken,2017,7537.0
ken,2018,7323.0
ken,2019,7060.0
ken,2020,6827.0
ken,2021,6589.0
ken,2022,6308.0
ken,2023,6074.0
ken,2024,5931.0
kgz,1991,577.00
kgz,1992,591.00
kgz,1993,603.00
kgz,1994,612.00
kgz,1995,624.00
kgz,1996,642.00
kgz,1997,656.00
kgz,1998,663.00
kgz,1999,660.00
kgz,2000,652.00
kgz,2001,641.00
kgz,2002,628.00
kgz,2003,615.00
kgz,2004,600.00
kgz,2005,587.00
kgz,2006,577.00
kgz,2007,572.00
kgz,2008,567.00
kgz,2009,561.00
kgz,2010,550.00
kgz,2011,535.00
kgz,2012,521.00
kgz,2013,507.00
kgz,2014,497.00
kgz,2015,488.00
kgz,2016,479.00
kgz,2017,471.00
kgz,2018,466.00
kgz,2019,466.00
kgz,2020,473.00
kgz,2021,489.00
kgz,2022,507.00
kgz,2023,522.00
kgz,2024,531.00
khm,1991,2623.0
khm,1992,2476.0
khm,1993,2317.0
khm,1994,2194.0
khm,1995,2268.0
khm,1996,2619.0
khm,1997,3025.0
khm,1998,3396.0
khm,1999,3546.0
khm,2000,3407.0
khm,2001,3221.0
khm,2002,3010.0
khm,2003,2802.0
khm,2004,2609.0
khm,2005,2443.0
khm,2006,2292.0
khm,2007,2169.0
khm,2008,2077.0
khm,2009,1993.0
khm,2010,1921.0
khm,2011,1836.0
khm,2012,1750.0
khm,2013,1660.0
khm,2014,1573.0
khm,2015,1498.0
khm,2016,1439.0
khm,2017,1401.0
khm,2018,1385.0
khm,2019,1391.0
khm,2020,1406.0
khm,2021,1413.0
khm,2022,1427.0
khm,2023,1420.0
khm,2024,1402.0
kir,1991,18.000
kir,1992,18.000
kir,1993,18.000
kir,1994,18.000
kir,1995,18.000
kir,1996,19.000
kir,1997,19.000
kir,1998,19.000
kir,1999,20.000
kir,2000,20.000
kir,2001,20.000
kir,2002,20.000
kir,2003,21.000
kir,2004,21.000
kir,2005,21.000
kir,2006,21.000
kir,2007,22.000
kir,2008,22.000
kir,2009,22.000
kir,2010,23.000
kir,2011,23.000
kir,2012,23.000
kir,2013,23.000
kir,2014,23.000
kir,2015,23.000
kir,2016,23.000
kir,2017,23.000
kir,2018,22.000
kir,2019,22.000
kir,2020,23.000
kir,2021,22.000
kir,2022,22.000
kir,2023,23.000
kir,2024,23.000
kna,1991,3.0000
kna,1992,4.0000
kna,1993,4.0000
kna,1994,5.0000
kna,1995,5.0000
kna,1996,5.0000
kna,1997,5.0000
kna,1998,6.0000
kna,1999,6.0000
kna,2000,6.0000
kna,2001,6.0000
kna,2002,6.0000
kna,2003,6.0000
kna,2004,6.0000
kna,2005,6.0000
kna,2006,6.0000
kna,2007,6.0000
kna,2008,6.0000
kna,2009,6.0000
kna,2010,6.0000
kna,2011,6.0000
kna,2012,6.0000
kna,2013,5.0000
kna,2014,5.0000
kna,2015,5.0000
kna,2016,5.0000
kna,2017,5.0000
kna,2018,4.0000
kna,2019,4.0000
kna,2020,4.0000
kna,2021,4.0000
kna,2022,3.0000
kna,2023,3.0000
kna,2024,3.0000
kor,1991,4924.0
kor,1992,4792.0
kor,1993,4613.0
kor,1994,4436.0
kor,1995,4306.0
kor,1996,4187.0
kor,1997,4019.0
kor,1998,3726.0
kor,1999,3319.0
kor,2000,2865.0
kor,2001,2430.0
kor,2002,2091.0
kor,2003,1861.0
kor,2004,1697.0
kor,2005,1578.0
kor,2006,1496.0
kor,2007,1453.0
kor,2008,1448.0
kor,2009,1449.0
kor,2010,1428.0
kor,2011,1376.0
kor,2012,1297.0
kor,2013,1197.0
kor,2014,1092.0
kor,2015,999.00
kor,2016,922.00
kor,2017,866.00
kor,2018,825.00
kor,2019,793.00
kor,2020,767.00
kor,2021,742.00
kor,2022,719.00
kor,2023,708.00
kor,2024,700.00
kwt,1991,228.00
kwt,1992,186.00
kwt,1993,156.00
kwt,1994,152.00
kwt,1995,129.00
kwt,1996,116.00
kwt,1997,122.00
kwt,1998,130.00
kwt,1999,135.00
kwt,2000,137.00
kwt,2001,137.00
kwt,2002,134.00
kwt,2003,131.00
kwt,2004,127.00
kwt,2005,122.00
kwt,2006,122.00
kwt,2007,127.00
kwt,2008,130.00
kwt,2009,130.00
kwt,2010,128.00
kwt,2011,126.00
kwt,2012,127.00
kwt,2013,129.00
kwt,2014,132.00
kwt,2015,136.00
kwt,2016,139.00
kwt,2017,143.00
kwt,2018,146.00
kwt,2019,148.00
kwt,2020,148.00
kwt,2021,145.00
kwt,2022,137.00
kwt,2023,131.00
kwt,2024,131.00
lao,1991,1189.0
lao,1992,1273.0
lao,1993,1386.0
lao,1994,1489.0
lao,1995,1574.0
lao,1996,1670.0
lao,1997,1774.0
lao,1998,1871.0
lao,1999,1955.0
lao,2000,2037.0
lao,2001,2114.0
lao,2002,2192.0
lao,2003,2240.0
lao,2004,2269.0
lao,2005,2266.0
lao,2006,2240.0
lao,2007,2176.0
lao,2008,2092.0
lao,2009,1981.0
lao,2010,1857.0
lao,2011,1722.0
lao,2012,1589.0
lao,2013,1446.0
lao,2014,1302.0
lao,2015,1172.0
lao,2016,1060.0
lao,2017,973.00
lao,2018,906.00
lao,2019,854.00
lao,2020,809.00
lao,2021,770.00
lao,2022,738.00
lao,2023,712.00
lao,2024,690.00
lbn,1991,899.00
lbn,1992,453.00
lbn,1993,447.00
lbn,1994,441.00
lbn,1995,436.00
lbn,1996,432.00
lbn,1997,428.00
lbn,1998,424.00
lbn,1999,418.00
lbn,2000,413.00
lbn,2001,406.00
lbn,2002,397.00
lbn,2003,386.00
lbn,2004,374.00
lbn,2005,363.00
lbn,2006,353.00
lbn,2007,411.00
lbn,2008,337.00
lbn,2009,329.00
lbn,2010,320.00
lbn,2011,311.00
lbn,2012,304.00
lbn,2013,305.00
lbn,2014,328.00
lbn,2015,359.00
lbn,2016,367.00
lbn,2017,365.00
lbn,2018,368.00
lbn,2019,373.00
lbn,2020,383.00
lbn,2021,396.00
lbn,2022,414.00
lbn,2023,434.00
lbn,2024,454.00
lbr,1991,1470.0
lbr,1992,758.00
lbr,1993,890.00
lbr,1994,1035.0
lbr,1995,1147.0
lbr,1996,1057.0
lbr,1997,1145.0
lbr,1998,1034.0
lbr,1999,1154.0
lbr,2000,1221.0
lbr,2001,1270.0
lbr,2002,1309.0
lbr,2003,1337.0
lbr,2004,1556.0
lbr,2005,1317.0
lbr,2006,1341.0
lbr,2007,1374.0
lbr,2008,1396.0
lbr,2009,1396.0
lbr,2010,1401.0
lbr,2011,1408.0
lbr,2012,1436.0
lbr,2013,1456.0
lbr,2014,1470.0
lbr,2015,1548.0
lbr,2016,1706.0
lbr,2017,1522.0
lbr,2018,1533.0
lbr,2019,1532.0
lbr,2020,1514.0
lbr,2021,1510.0
lbr,2022,1494.0
lbr,2023,1483.0
lbr,2024,1468.0
lby,1991,554.00
lby,1992,562.00
lby,1993,571.00
lby,1994,572.00
lby,1995,575.00
lby,1996,574.00
lby,1997,575.00
lby,1998,569.00
lby,1999,558.00
lby,2000,549.00
lby,2001,539.00
lby,2002,535.00
lby,2003,528.00
lby,2004,522.00
lby,2005,515.00
lby,2006,505.00
lby,2007,488.00
lby,2008,468.00
lby,2009,450.00
lby,2010,433.00
lby,2011,418.00
lby,2012,626.00
lby,2013,390.00
lby,2014,382.00
lby,2015,522.00
lby,2016,506.00
lby,2017,517.00
lby,2018,437.00
lby,2019,422.00
lby,2020,468.00
lby,2021,437.00
lby,2022,369.00
lby,2023,370.00
lby,2024,863.00
lca,1991,16.000
lca,1992,16.000
lca,1993,16.000
lca,1994,16.000
lca,1995,16.000
lca,1996,16.000
lca,1997,16.000
lca,1998,16.000
lca,1999,16.000
lca,2000,16.000
lca,2001,16.000
lca,2002,16.000
lca,2003,16.000
lca,2004,16.000
lca,2005,15.000
lca,2006,15.000
lca,2007,14.000
lca,2008,14.000
lca,2009,13.000
lca,2010,13.000
lca,2011,13.000
lca,2012,13.000
lca,2013,12.000
lca,2014,12.000
lca,2015,12.000
lca,2016,12.000
lca,2017,11.000
lca,2018,11.000
lca,2019,11.000
lca,2020,11.000
lca,2021,10.000
lca,2022,10.000
lca,2023,10.000
lca,2024,9.0000
lka,1991,3911.0
lka,1992,3925.0
lka,1993,3655.0
lka,1994,3253.0
lka,1995,3166.0
lka,1996,3443.0
lka,1997,3336.0
lka,1998,3332.0
lka,1999,3296.0
lka,2000,3199.0
lka,2001,3128.0
lka,2002,2712.0
lka,2003,2492.0
lka,2004,2251.0
lka,2005,6096.0
lka,2006,1918.0
lka,2007,2132.0
lka,2008,2227.0
lka,2009,2710.0
lka,2010,3944.0
lka,2011,2274.0
lka,2012,2105.0
lka,2013,1818.0
lka,2014,1527.0
lka,2015,1291.0
lka,2016,1112.0
lka,2017,986.00
lka,2018,897.00
lka,2019,833.00
lka,2020,780.00
lka,2021,737.00
lka,2022,695.00
lka,2023,658.00
lka,2024,624.00
lso,1991,552.00
lso,1992,585.00
lso,1993,620.00
lso,1994,659.00
lso,1995,697.00
lso,1996,737.00
lso,1997,774.00
lso,1998,807.00
lso,1999,833.00
lso,2000,854.00
lso,2001,862.00
lso,2002,863.00
lso,2003,854.00
lso,2004,836.00
lso,2005,811.00
lso,2006,780.00
lso,2007,750.00
lso,2008,724.00
lso,2009,698.00
lso,2010,664.00
lso,2011,631.00
lso,2012,598.00
lso,2013,567.00
lso,2014,535.00
lso,2015,503.00
lso,2016,469.00
lso,2017,432.00
lso,2018,399.00
lso,2019,366.00
lso,2020,335.00
lso,2021,307.00
lso,2022,279.00
lso,2023,256.00
lso,2024,239.00
ltu,1991,363.00
ltu,1992,366.00
ltu,1993,364.00
ltu,1994,358.00
ltu,1995,348.00
ltu,1996,335.00
ltu,1997,320.00
ltu,1998,309.00
ltu,1999,302.00
ltu,2000,299.00
ltu,2001,299.00
ltu,2002,298.00
ltu,2003,296.00
ltu,2004,289.00
ltu,2005,276.00
ltu,2006,262.00
ltu,2007,249.00
ltu,2008,236.00
ltu,2009,222.00
ltu,2010,205.00
ltu,2011,186.00
ltu,2012,166.00
ltu,2013,147.00
ltu,2014,131.00
ltu,2015,118.00
ltu,2016,107.00
ltu,2017,96.000
ltu,2018,86.000
ltu,2019,79.000
ltu,2020,72.000
ltu,2021,67.000
ltu,2022,63.000
ltu,2023,61.000
ltu,2024,59.000
lux,1991,20.000
lux,1992,19.000
lux,1993,18.000
lux,1994,17.000
lux,1995,16.000
lux,1996,14.000
lux,1997,13.000
lux,1998,12.000
lux,1999,11.000
lux,2000,10.000
lux,2001,10.000
lux,2002,9.0000
lux,2003,9.0000
lux,2004,9.0000
lux,2005,8.0000
lux,2006,8.0000
lux,2007,8.0000
lux,2008,8.0000
lux,2009,8.0000
lux,2010,7.0000
lux,2011,7.0000
lux,2012,7.0000
lux,2013,7.0000
lux,2014,7.0000
lux,2015,7.0000
lux,2016,7.0000
lux,2017,7.0000
lux,2018,6.0000
lux,2019,6.0000
lux,2020,6.0000
lux,2021,6.0000
lux,2022,6.0000
lux,2023,6.0000
lux,2024,6.0000
lva,1991,288.00
lva,1992,289.00
lva,1993,284.00
lva,1994,279.00
lva,1995,271.00
lva,1996,259.00
lva,1997,246.00
lva,1998,234.00
lva,1999,225.00
lva,2000,218.00
lva,2001,209.00
lva,2002,199.00
lva,2003,190.00
lva,2004,178.00
lva,2005,166.00
lva,2006,153.00
lva,2007,140.00
lva,2008,126.00
lva,2009,112.00
lva,2010,98.000
lva,2011,85.000
lva,2012,74.000
lva,2013,66.000
lva,2014,59.000
lva,2015,55.000
lva,2016,53.000
lva,2017,52.000
lva,2018,51.000
lva,2019,51.000
lva,2020,50.000
lva,2021,47.000
lva,2022,45.000
lva,2023,44.000
lva,2024,42.000
mar,1991,3917.0
mar,1992,3824.0
mar,1993,3742.0
mar,1994,3646.0
mar,1995,3536.0
mar,1996,3412.0
mar,1997,3286.0
mar,1998,3161.0
mar,1999,3032.0
mar,2000,2904.0
mar,2001,2768.0
mar,2002,2643.0
mar,2003,2539.0
mar,2004,2437.0
mar,2005,2344.0
mar,2006,2243.0
mar,2007,2144.0
mar,2008,2059.0
mar,2009,1971.0
mar,2010,1889.0
mar,2011,1786.0
mar,2012,1695.0
mar,2013,1595.0
mar,2014,1511.0
mar,2015,1447.0
mar,2016,1387.0
mar,2017,1323.0
mar,2018,1278.0
mar,2019,1226.0
mar,2020,1187.0
mar,2021,1150.0
mar,2022,1106.0
mar,2023,1085.0
mar,2024,1255.0
mco,1991,0.0000
mco,1992,0.0000
mco,1993,0.0000
mco,1994,0.0000
mco,1995,0.0000
mco,1996,0.0000
mco,1997,0.0000
mco,1998,0.0000
mco,1999,0.0000
mco,2000,0.0000
mco,2001,0.0000
mco,2002,0.0000
mco,2003,0.0000
mco,2004,0.0000
mco,2005,0.0000
mco,2006,0.0000
mco,2007,0.0000
mco,2008,0.0000
mco,2009,0.0000
mco,2010,0.0000
mco,2011,0.0000
mco,2012,0.0000
mco,2013,0.0000
mco,2014,0.0000
mco,2015,0.0000
mco,2016,0.0000
mco,2017,0.0000
mco,2018,0.0000
mco,2019,0.0000
mco,2020,0.0000
mco,2021,0.0000
mco,2022,0.0000
mco,2023,0.0000
mco,2024,0.0000
mda,1991,477.00
mda,1992,483.00
mda,1993,521.00
mda,1994,483.00
mda,1995,481.00
mda,1996,476.00
mda,1997,467.00
mda,1998,457.00
mda,1999,448.00
mda,2000,436.00
mda,2001,422.00
mda,2002,406.00
mda,2003,388.00
mda,2004,369.00
mda,2005,348.00
mda,2006,325.00
mda,2007,301.00
mda,2008,277.00
mda,2009,255.00
mda,2010,235.00
mda,2011,217.00
mda,2012,201.00
mda,2013,187.00
mda,2014,174.00
mda,2015,162.00
mda,2016,153.00
mda,2017,146.00
mda,2018,142.00
mda,2019,141.00
mda,2020,140.00
mda,2021,140.00
mda,2022,141.00
mda,2023,144.00
mda,2024,148.00
mdg,1991,5803.0
mdg,1992,5884.0
mdg,1993,5949.0
mdg,1994,5965.0
mdg,1995,5961.0
mdg,1996,5947.0
mdg,1997,5954.0
mdg,1998,6005.0
mdg,1999,6017.0
mdg,2000,6021.0
mdg,2001,6035.0
mdg,2002,6076.0
mdg,2003,6123.0
mdg,2004,6202.0
mdg,2005,6268.0
mdg,2006,6359.0
mdg,2007,6472.0
mdg,2008,6556.0
mdg,2009,6633.0
mdg,2010,6690.0
mdg,2011,6669.0
mdg,2012,6648.0
mdg,2013,6653.0
mdg,2014,6624.0
mdg,2015,6661.0
mdg,2016,6700.0
mdg,2017,6612.0
mdg,2018,6450.0
mdg,2019,6222.0
mdg,2020,6005.0
mdg,2021,5687.0
mdg,2022,5480.0
mdg,2023,5381.0
mdg,2024,5223.0
mdv,1991,38.000
mdv,1992,37.000
mdv,1993,36.000
mdv,1994,36.000
mdv,1995,35.000
mdv,1996,35.000
mdv,1997,35.000
mdv,1998,35.000
mdv,1999,34.000
mdv,2000,34.000
mdv,2001,33.000
mdv,2002,33.000
mdv,2003,33.000
mdv,2004,32.000
mdv,2005,49.000
mdv,2006,31.000
mdv,2007,32.000
mdv,2008,32.000
mdv,2009,32.000
mdv,2010,32.000
mdv,2011,31.000
mdv,2012,30.000
mdv,2013,29.000
mdv,2014,27.000
mdv,2015,25.000
mdv,2016,25.000
mdv,2017,24.000
mdv,2018,22.000
mdv,2019,21.000
mdv,2020,19.000
mdv,2021,18.000
mdv,2022,17.000
mdv,2023,16.000
mdv,2024,15.000
mex,1991,13954
mex,1992,13559
mex,1993,13104
mex,1994,12661
mex,1995,12310
mex,1996,12128
mex,1997,12037
mex,1998,11902
mex,1999,11670
mex,2000,11418
mex,2001,11203
mex,2002,11042
mex,2003,10926
mex,2004,10864
mex,2005,10849
mex,2006,10900
mex,2007,11076
mex,2008,11469
mex,2009,12116
mex,2010,12777
mex,2011,13162
mex,2012,13137
mex,2013,12705
mex,2014,12038
mex,2015,11470
mex,2016,11281
mex,2017,11434
mex,2018,11756
mex,2019,12091
mex,2020,12578
mex,2021,12838
mex,2022,12916
mex,2023,12692
mex,2024,12141
mhl,1991,8.0000
mhl,1992,9.0000
mhl,1993,9.0000
mhl,1994,9.0000
mhl,1995,9.0000
mhl,1996,9.0000
mhl,1997,10.000
mhl,1998,10.000
mhl,1999,10.000
mhl,2000,10.000
mhl,2001,10.000
mhl,2002,10.000
mhl,2003,10.000
mhl,2004,9.0000
mhl,2005,9.0000
mhl,2006,9.0000
mhl,2007,9.0000
mhl,2008,8.0000
mhl,2009,8.0000
mhl,2010,8.0000
mhl,2011,7.0000
mhl,2012,7.0000
mhl,2013,7.0000
mhl,2014,7.0000
mhl,2015,7.0000
mhl,2016,7.0000
mhl,2017,7.0000
mhl,2018,7.0000
mhl,2019,7.0000
mhl,2020,6.0000
mhl,2021,6.0000
mhl,2022,6.0000
mhl,2023,6.0000
mhl,2024,6.0000
mkd,1991,133.00
mkd,1992,136.00
mkd,1993,133.00
mkd,1994,127.00
mkd,1995,122.00
mkd,1996,120.00
mkd,1997,118.00
mkd,1998,116.00
mkd,1999,115.00
mkd,2000,114.00
mkd,2001,111.00
mkd,2002,108.00
mkd,2003,103.00
mkd,2004,98.000
mkd,2005,94.000
mkd,2006,89.000
mkd,2007,85.000
mkd,2008,81.000
mkd,2009,77.000
mkd,2010,73.000
mkd,2011,70.000
mkd,2012,67.000
mkd,2013,64.000
mkd,2014,61.000
mkd,2015,58.000
mkd,2016,55.000
mkd,2017,51.000
mkd,2018,49.000
mkd,2019,47.000
mkd,2020,46.000
mkd,2021,45.000
mkd,2022,44.000
mkd,2023,44.000
mkd,2024,45.000
mli,1991,4769.0
mli,1992,4904.0
mli,1993,5036.0
mli,1994,5138.0
mli,1995,5242.0
mli,1996,5352.0
mli,1997,5439.0
mli,1998,5496.0
mli,1999,5548.0
mli,2000,5554.0
mli,2001,5556.0
mli,2002,5546.0
mli,2003,5545.0
mli,2004,5512.0
mli,2005,5490.0
mli,2006,5446.0
mli,2007,5429.0
mli,2008,5424.0
mli,2009,5411.0
mli,2010,5413.0
mli,2011,5438.0
mli,2012,5473.0
mli,2013,5479.0
mli,2014,5522.0
mli,2015,5567.0
mli,2016,5633.0
mli,2017,5716.0
mli,2018,5782.0
mli,2019,5823.0
mli,2020,5873.0
mli,2021,5922.0
mli,2022,5948.0
mli,2023,6319.0
mli,2024,6231.0
mlt,1991,11.000
mlt,1992,12.000
mlt,1993,13.000
mlt,1994,13.000
mlt,1995,14.000
mlt,1996,14.000
mlt,1997,14.000
mlt,1998,14.000
mlt,1999,14.000
mlt,2000,14.000
mlt,2001,13.000
mlt,2002,13.000
mlt,2003,13.000
mlt,2004,12.000
mlt,2005,12.000
mlt,2006,11.000
mlt,2007,11.000
mlt,2008,10.000
mlt,2009,10.000
mlt,2010,9.0000
mlt,2011,9.0000
mlt,2012,8.0000
mlt,2013,8.0000
mlt,2014,7.0000
mlt,2015,7.0000
mlt,2016,6.0000
mlt,2017,6.0000
mlt,2018,6.0000
mlt,2019,5.0000
mlt,2020,5.0000
mlt,2021,5.0000
mlt,2022,5.0000
mlt,2023,5.0000
mlt,2024,5.0000
mmr,1991,11680
mmr,1992,11669
mmr,1993,11728
mmr,1994,11676
mmr,1995,11702
mmr,1996,11596
mmr,1997,11495
mmr,1998,11238
mmr,1999,11193
mmr,2000,11066
mmr,2001,10750
mmr,2002,10457
mmr,2003,10066
mmr,2004,9606.0
mmr,2005,9088.0
mmr,2006,8554.0
mmr,2007,7963.0
mmr,2008,7437.0
mmr,2009,14878
mmr,2010,6520.0
mmr,2011,6125.0
mmr,2012,5695.0
mmr,2013,5193.0
mmr,2014,4706.0
mmr,2015,4193.0
mmr,2016,3771.0
mmr,2017,3474.0
mmr,2018,3264.0
mmr,2019,3083.0
mmr,2020,2926.0
mmr,2021,2788.0
mmr,2022,3030.0
mmr,2023,3171.0
mmr,2024,2909.0
mne,1991,32.000
mne,1992,32.000
mne,1993,32.000
mne,1994,31.000
mne,1995,30.000
mne,1996,30.000
mne,1997,30.000
mne,1998,30.000
mne,1999,31.000
mne,2000,31.000
mne,2001,31.000
mne,2002,30.000
mne,2003,30.000
mne,2004,29.000
mne,2005,27.000
mne,2006,26.000
mne,2007,24.000
mne,2008,23.000
mne,2009,21.000
mne,2010,19.000
mne,2011,18.000
mne,2012,17.000
mne,2013,16.000
mne,2014,15.000
mne,2015,15.000
mne,2016,14.000
mne,2017,14.000
mne,2018,14.000
mne,2019,14.000
mne,2020,15.000
mne,2021,15.000
mne,2022,16.000
mne,2023,17.000
mne,2024,18.000
mng,1991,495.00
mng,1992,540.00
mng,1993,577.00
mng,1994,602.00
mng,1995,612.00
mng,1996,609.00
mng,1997,594.00
mng,1998,567.00
mng,1999,532.00
mng,2000,494.00
mng,2001,459.00
mng,2002,429.00
mng,2003,408.00
mng,2004,397.00
mng,2005,389.00
mng,2006,381.00
mng,2007,369.00
mng,2008,356.00
mng,2009,343.00
mng,2010,331.00
mng,2011,324.00
mng,2012,319.00
mng,2013,316.00
mng,2014,312.00
mng,2015,307.00
mng,2016,301.00
mng,2017,295.00
mng,2018,289.00
mng,2019,285.00
mng,2020,284.00
mng,2021,287.00
mng,2022,291.00
mng,2023,295.00
mng,2024,298.00
moz,1991,6553.0
moz,1992,6709.0
moz,1993,7022.0
moz,1994,7378.0
moz,1995,8069.0
moz,1996,8640.0
moz,1997,8978.0
moz,1998,9207.0
moz,1999,9323.0
moz,2000,9327.0
moz,2001,9235.0
moz,2002,9151.0
moz,2003,9004.0
moz,2004,8792.0
moz,2005,8553.0
moz,2006,8334.0
moz,2007,8075.0
moz,2008,7827.0
moz,2009,7549.0
moz,2010,7269.0
moz,2011,6969.0
moz,2012,6737.0
moz,2013,6518.0
moz,2014,6355.0
moz,2015,6238.0
moz,2016,6147.0
moz,2017,6064.0
moz,2018,5973.0
moz,2019,5871.0
moz,2020,5787.0
moz,2021,5674.0
moz,2022,5595.0
moz,2023,5514.0
moz,2024,5476.0
mrt,1991,508.00
mrt,1992,496.00
mrt,1993,488.00
mrt,1994,486.00
mrt,1995,479.00
mrt,1996,471.00
mrt,1997,464.00
mrt,1998,458.00
mrt,1999,457.00
mrt,2000,458.00
mrt,2001,459.00
mrt,2002,459.00
mrt,2003,459.00
mrt,2004,458.00
mrt,2005,462.00
mrt,2006,463.00
mrt,2007,472.00
mrt,2008,481.00
mrt,2009,487.00
mrt,2010,495.00
mrt,2011,504.00
mrt,2012,513.00
mrt,2013,523.00
mrt,2014,536.00
mrt,2015,553.00
mrt,2016,567.00
mrt,2017,580.00
mrt,2018,596.00
mrt,2019,608.00
mrt,2020,621.00
mrt,2021,630.00
mrt,2022,634.00
mrt,2023,637.00
mrt,2024,635.00
msr,1991,0.0000
msr,1992,0.0000
msr,1993,0.0000
msr,1994,0.0000
msr,1995,0.0000
msr,1996,0.0000
msr,1997,0.0000
msr,1998,0.0000
msr,1999,0.0000
msr,2000,0.0000
msr,2001,0.0000
msr,2002,0.0000
msr,2003,0.0000
msr,2004,0.0000
msr,2005,0.0000
msr,2006,0.0000
msr,2007,0.0000
msr,2008,0.0000
msr,2009,0.0000
msr,2010,0.0000
msr,2011,0.0000
msr,2012,0.0000
msr,2013,0.0000
msr,2014,0.0000
msr,2015,0.0000
msr,2016,0.0000
msr,2017,0.0000
msr,2018,0.0000
msr,2019,0.0000
msr,2020,0.0000
msr,2021,0.0000
msr,2022,0.0000
msr,2023,0.0000
msr,2024,0.0000
mus,1991,106.00
mus,1992,107.00
mus,1993,108.00
mus,1994,108.00
mus,1995,108.00
mus,1996,106.00
mus,1997,103.00
mus,1998,99.000
mus,1999,95.000
mus,2000,91.000
mus,2001,87.000
mus,2002,84.000
mus,2003,81.000
mus,2004,80.000
mus,2005,79.000
mus,2006,79.000
mus,2007,79.000
mus,2008,79.000
mus,2009,79.000
mus,2010,79.000
mus,2011,78.000
mus,2012,77.000
mus,2013,75.000
mus,2014,74.000
mus,2015,73.000
mus,2016,72.000
mus,2017,71.000
mus,2018,70.000
mus,2019,70.000
mus,2020,68.000
mus,2021,67.000
mus,2022,65.000
mus,2023,62.000
mus,2024,58.000
mwi,1991,4830.0
mwi,1992,5044.0
mwi,1993,5289.0
mwi,1994,5493.0
mwi,1995,5562.0
mwi,1996,5701.0
mwi,1997,5953.0
mwi,1998,6166.0
mwi,1999,6313.0
mwi,2000,6395.0
mwi,2001,6387.0
mwi,2002,6311.0
mwi,2003,6175.0
mwi,2004,6029.0
mwi,2005,5894.0
mwi,2006,5760.0
mwi,2007,5639.0
mwi,2008,5522.0
mwi,2009,5416.0
mwi,2010,5313.0
mwi,2011,5215.0
mwi,2012,5109.0
mwi,2013,4993.0
mwi,2014,4876.0
mwi,2015,4753.0
mwi,2016,4658.0
mwi,2017,4568.0
mwi,2018,4486.0
mwi,2019,4381.0
mwi,2020,4279.0
mwi,2021,4177.0
mwi,2022,4109.0
mwi,2023,4039.0
mwi,2024,3985.0
mys,1991,2554.0
mys,1992,2559.0
mys,1993,2569.0
mys,1994,2619.0
mys,1995,2711.0
mys,1996,2798.0
mys,1997,2841.0
mys,1998,2825.0
mys,1999,2763.0
mys,2000,2695.0
mys,2001,2685.0
mys,2002,2750.0
mys,2003,2819.0
mys,2004,2840.0
mys,2005,2807.0
mys,2006,2750.0
mys,2007,2695.0
mys,2008,2664.0
mys,2009,2682.0
mys,2010,2730.0
mys,2011,2764.0
mys,2012,2769.0
mys,2013,2760.0
mys,2014,2762.0
mys,2015,2774.0
mys,2016,2785.0
mys,2017,2771.0
mys,2018,2670.0
mys,2019,2457.0
mys,2020,2193.0
mys,2021,1952.0
mys,2022,1759.0
mys,2023,1601.0
mys,2024,1463.0
nam,1991,410.00
nam,1992,416.00
nam,1993,423.00
nam,1994,432.00
nam,1995,444.00
nam,1996,456.00
nam,1997,470.00
nam,1998,489.00
nam,1999,510.00
nam,2000,537.00
nam,2001,570.00
nam,2002,598.00
nam,2003,623.00
nam,2004,641.00
nam,2005,652.00
nam,2006,657.00
nam,2007,659.00
nam,2008,658.00
nam,2009,653.00
nam,2010,643.00
nam,2011,625.00
nam,2012,603.00
nam,2013,581.00
nam,2014,561.00
nam,2015,545.00
nam,2016,530.00
nam,2017,513.00
nam,2018,497.00
nam,2019,478.00
nam,2020,454.00
nam,2021,433.00
nam,2022,413.00
nam,2023,393.00
nam,2024,373.00
ner,1991,4416.0
ner,1992,4542.0
ner,1993,4678.0
ner,1994,4861.0
ner,1995,5083.0
ner,1996,5296.0
ner,1997,5558.0
ner,1998,5811.0
ner,1999,6051.0
ner,2000,6266.0
ner,2001,6453.0
ner,2002,6611.0
ner,2003,6733.0
ner,2004,6829.0
ner,2005,6903.0
ner,2006,6974.0
ner,2007,7041.0
ner,2008,7172.0
ner,2009,7302.0
ner,2010,7419.0
ner,2011,7570.0
ner,2012,7672.0
ner,2013,7778.0
ner,2014,7858.0
ner,2015,7860.0
ner,2016,7822.0
ner,2017,7755.0
ner,2018,7645.0
ner,2019,7516.0
ner,2020,7323.0
ner,2021,7243.0
ner,2022,7137.0
ner,2023,7081.0
ner,2024,7062.0
nga,1991,46971
nga,1992,48190
nga,1993,48957
nga,1994,49770
nga,1995,50366
nga,1996,50911
nga,1997,51165
nga,1998,51307
nga,1999,51379
nga,2000,51324
nga,2001,51531
nga,2002,51376
nga,2003,51470
nga,2004,51391
nga,2005,51320
nga,2006,51227
nga,2007,51217
nga,2008,51152
nga,2009,50866
nga,2010,50665
nga,2011,50499
nga,2012,50413
nga,2013,49940
nga,2014,49603
nga,2015,49112
nga,2016,48607
nga,2017,47786
nga,2018,47306
nga,2019,46681
nga,2020,46077
nga,2021,46054
nga,2022,45083
nga,2023,44146
nga,2024,43430
nic,1991,876.00
nic,1992,847.00
nic,1993,863.00
nic,1994,880.00
nic,1995,894.00
nic,1996,906.00
nic,1997,914.00
nic,1998,913.00
nic,1999,1253.0
nic,2000,903.00
nic,2001,892.00
nic,2002,877.00
nic,2003,856.00
nic,2004,833.00
nic,2005,809.00
nic,2006,785.00
nic,2007,766.00
nic,2008,748.00
nic,2009,733.00
nic,2010,715.00
nic,2011,697.00
nic,2012,680.00
nic,2013,661.00
nic,2014,644.00
nic,2015,624.00
nic,2016,607.00
nic,2017,591.00
nic,2018,577.00
nic,2019,564.00
nic,2020,552.00
nic,2021,541.00
nic,2022,532.00
nic,2023,523.00
nic,2024,516.00
niu,1991,0.0000
niu,1992,0.0000
niu,1993,0.0000
niu,1994,0.0000
niu,1995,0.0000
niu,1996,0.0000
niu,1997,0.0000
niu,1998,0.0000
niu,1999,0.0000
niu,2000,0.0000
niu,2001,0.0000
niu,2002,0.0000
niu,2003,0.0000
niu,2004,0.0000
niu,2005,0.0000
niu,2006,0.0000
niu,2007,0.0000
niu,2008,0.0000
niu,2009,0.0000
niu,2010,0.0000
niu,2011,0.0000
niu,2012,0.0000
niu,2013,0.0000
niu,2014,0.0000
niu,2015,0.0000
niu,2016,0.0000
niu,2017,0.0000
niu,2018,0.0000
niu,2019,0.0000
niu,2020,0.0000
niu,2021,0.0000
niu,2022,0.0000
niu,2023,0.0000
niu,2024,0.0000
nld,1991,585.00
nld,1992,557.00
nld,1993,532.00
nld,1994,513.00
nld,1995,500.00
nld,1996,492.00
nld,1997,487.00
nld,1998,483.00
nld,1999,480.00
nld,2000,476.00
nld,2001,468.00
nld,2002,459.00
nld,2003,446.00
nld,2004,429.00
nld,2005,410.00
nld,2006,390.00
nld,2007,372.00
nld,2008,356.00
nld,2009,342.00
nld,2010,331.00
nld,2011,320.00
nld,2012,310.00
nld,2013,301.00
nld,2014,294.00
nld,2015,289.00
nld,2016,286.00
nld,2017,285.00
nld,2018,286.00
nld,2019,287.00
nld,2020,287.00
nld,2021,286.00
nld,2022,285.00
nld,2023,286.00
nld,2024,287.00
nor,1991,214.00
nor,1992,200.00
nor,1993,186.00
nor,1994,175.00
nor,1995,166.00
nor,1996,161.00
nor,1997,159.00
nor,1998,160.00
nor,1999,163.00
nor,2000,166.00
nor,2001,167.00
nor,2002,166.00
nor,2003,163.00
nor,2004,158.00
nor,2005,155.00
nor,2006,151.00
nor,2007,148.00
nor,2008,146.00
nor,2009,143.00
nor,2010,140.00
nor,2011,135.00
nor,2012,128.00
nor,2013,120.00
nor,2014,112.00
nor,2015,106.00
nor,2016,102.00
nor,2017,100.00
nor,2018,100.00
nor,2019,100.00
nor,2020,100.00
nor,2021,101.00
nor,2022,101.00
nor,2023,102.00
nor,2024,105.00
npl,1991,5469.0
npl,1992,5470.0
npl,1993,5452.0
npl,1994,5409.0
npl,1995,5347.0
npl,1996,5299.0
npl,1997,5240.0
npl,1998,5161.0
npl,1999,5076.0
npl,2000,4980.0
npl,2001,4845.0
npl,2002,4724.0
npl,2003,4932.0
npl,2004,4497.0
npl,2005,4572.0
npl,2006,4306.0
npl,2007,4238.0
npl,2008,4222.0
npl,2009,4217.0
npl,2010,4224.0
npl,2011,4212.0
npl,2012,4175.0
npl,2013,4088.0
npl,2014,3941.0
npl,2015,3755.0
npl,2016,4723.0
npl,2017,3341.0
npl,2018,3117.0
npl,2019,2919.0
npl,2020,2729.0
npl,2021,2560.0
npl,2022,2429.0
npl,2023,2298.0
npl,2024,2152.0
nru,1991,1.0000
nru,1992,1.0000
nru,1993,1.0000
nru,1994,1.0000
nru,1995,1.0000
nru,1996,1.0000
nru,1997,1.0000
nru,1998,1.0000
nru,1999,1.0000
nru,2000,1.0000
nru,2001,1.0000
nru,2002,1.0000
nru,2003,1.0000
nru,2004,1.0000
nru,2005,1.0000
nru,2006,1.0000
nru,2007,1.0000
nru,2008,1.0000
nru,2009,1.0000
nru,2010,1.0000
nru,2011,1.0000
nru,2012,0.0000
nru,2013,0.0000
nru,2014,0.0000
nru,2015,0.0000
nru,2016,0.0000
nru,2017,0.0000
nru,2018,0.0000
nru,2019,0.0000
nru,2020,0.0000
nru,2021,0.0000
nru,2022,0.0000
nru,2023,0.0000
nru,2024,0.0000
nzl,1991,350.00
nzl,1992,332.00
nzl,1993,312.00
nzl,1994,297.00
nzl,1995,287.00
nzl,1996,281.00
nzl,1997,276.00
nzl,1998,270.00
nzl,1999,261.00
nzl,2000,252.00
nzl,2001,245.00
nzl,2002,242.00
nzl,2003,242.00
nzl,2004,243.00
nzl,2005,243.00
nzl,2006,242.00
nzl,2007,240.00
nzl,2008,236.00
nzl,2009,230.00
nzl,2010,223.00
nzl,2011,214.00
nzl,2012,204.00
nzl,2013,193.00
nzl,2014,183.00
nzl,2015,176.00
nzl,2016,170.00
nzl,2017,168.00
nzl,2018,166.00
nzl,2019,165.00
nzl,2020,162.00
nzl,2021,158.00
nzl,2022,152.00
nzl,2023,146.00
nzl,2024,141.00
omn,1991,262.00
omn,1992,258.00
omn,1993,253.00
omn,1994,247.00
omn,1995,242.00
omn,1996,238.00
omn,1997,235.00
omn,1998,231.00
omn,1999,226.00
omn,2000,220.00
omn,2001,214.00
omn,2002,208.00
omn,2003,202.00
omn,2004,198.00
omn,2005,196.00
omn,2006,195.00
omn,2007,192.00
omn,2008,192.00
omn,2009,181.00
omn,2010,174.00
omn,2011,166.00
omn,2012,159.00
omn,2013,154.00
omn,2014,151.00
omn,2015,151.00
omn,2016,151.00
omn,2017,152.00
omn,2018,152.00
omn,2019,154.00
omn,2020,158.00
omn,2021,166.00
omn,2022,173.00
omn,2023,179.00
omn,2024,188.00
pak,1991,35217
pak,1992,36169
pak,1993,36643
pak,1994,36923
pak,1995,37211
pak,1996,37518
pak,1997,37850
pak,1998,38061
pak,1999,37929
pak,2000,37632
pak,2001,37293
pak,2002,36961
pak,2003,36448
pak,2004,36001
pak,2005,36101
pak,2006,47340
pak,2007,36450
pak,2008,36196
pak,2009,35861
pak,2010,35234
pak,2011,34436
pak,2012,33197
pak,2013,31981
pak,2014,30505
pak,2015,29035
pak,2016,27697
pak,2017,26575
pak,2018,25709
pak,2019,24798
pak,2020,24150
pak,2021,23552
pak,2022,22949
pak,2023,22421
pak,2024,22030
pan,1991,347.00
pan,1992,357.00
pan,1993,366.00
pan,1994,374.00
pan,1995,378.00
pan,1996,378.00
pan,1997,375.00
pan,1998,370.00
pan,1999,365.00
pan,2000,359.00
pan,2001,354.00
pan,2002,350.00
pan,2003,348.00
pan,2004,349.00
pan,2005,354.00
pan,2006,363.00
pan,2007,379.00
pan,2008,404.00
pan,2009,434.00
pan,2010,461.00
pan,2011,482.00
pan,2012,492.00
pan,2013,492.00
pan,2014,482.00
pan,2015,465.00
pan,2016,445.00
pan,2017,428.00
pan,2018,416.00
pan,2019,407.00
pan,2020,400.00
pan,2021,394.00
pan,2022,387.00
pan,2023,378.00
pan,2024,367.00
per,1991,5637.0
per,1992,5542.0
per,1993,5390.0
per,1994,5202.0
per,1995,4983.0
per,1996,4736.0
per,1997,4476.0
per,1998,4223.0
per,1999,3981.0
per,2000,3763.0
per,2001,3554.0
per,2002,3365.0
per,2003,3201.0
per,2004,3055.0
per,2005,2927.0
per,2006,2818.0
per,2007,2727.0
per,2008,2656.0
per,2009,2595.0
per,2010,2537.0
per,2011,2483.0
per,2012,2415.0
per,2013,2331.0
per,2014,2246.0
per,2015,2182.0
per,2016,2158.0
per,2017,2195.0
per,2018,2281.0
per,2019,2364.0
per,2020,2385.0
per,2021,2331.0
per,2022,2245.0
per,2023,2146.0
per,2024,2045.0
phl,1991,12700
phl,1992,12763
phl,1993,11867
phl,1994,11641
phl,1995,11551
phl,1996,11567
phl,1997,11627
phl,1998,11708
phl,1999,11791
phl,2000,11876
phl,2001,11948
phl,2002,12013
phl,2003,12076
phl,2004,12107
phl,2005,12136
phl,2006,12170
phl,2007,12215
phl,2008,12296
phl,2009,12367
phl,2010,12424
phl,2011,12481
phl,2012,12523
phl,2013,12607
phl,2014,13344
phl,2015,12914
phl,2016,13076
phl,2017,13153
phl,2018,13161
phl,2019,13123
phl,2020,13153
phl,2021,13312
phl,2022,13616
phl,2023,13965
phl,2024,14182
plw,1991,1.0000
plw,1992,1.0000
plw,1993,1.0000
plw,1994,1.0000
plw,1995,1.0000
plw,1996,1.0000
plw,1997,1.0000
plw,1998,1.0000
plw,1999,1.0000
plw,2000,1.0000
plw,2001,1.0000
plw,2002,1.0000
plw,2003,1.0000
plw,2004,2.0000
plw,2005,2.0000
plw,2006,2.0000
plw,2007,2.0000
plw,2008,2.0000
plw,2009,2.0000
plw,2010,2.0000
plw,2011,2.0000
plw,2012,1.0000
plw,2013,1.0000
plw,2014,1.0000
plw,2015,1.0000
plw,2016,1.0000
plw,2017,1.0000
plw,2018,0.0000
plw,2019,0.0000
plw,2020,0.0000
plw,2021,0.0000
plw,2022,0.0000
plw,2023,0.0000
plw,2024,0.0000
png,1991,1035.0
png,1992,1055.0
png,1993,1080.0
png,1994,1108.0
png,1995,1136.0
png,1996,1165.0
png,1997,1194.0
png,1998,1223.0
png,1999,1527.0
png,2000,1284.0
png,2001,1315.0
png,2002,1345.0
png,2003,1378.0
png,2004,1410.0
png,2005,1441.0
png,2006,1470.0
png,2007,1494.0
png,2008,1516.0
png,2009,1537.0
png,2010,1555.0
png,2011,1572.0
png,2012,1587.0
png,2013,1599.0
png,2014,1611.0
png,2015,1620.0
png,2016,1628.0
png,2017,1632.0
png,2018,1637.0
png,2019,1637.0
png,2020,1638.0
png,2021,1635.0
png,2022,1629.0
png,2023,1618.0
png,2024,1605.0
pol,1991,2809.0
pol,1992,2876.0
pol,1993,2864.0
pol,1994,2793.0
pol,1995,2712.0
pol,1996,2667.0
pol,1997,2634.0
pol,1998,2596.0
pol,1999,2546.0
pol,2000,2465.0
pol,2001,2360.0
pol,2002,2240.0
pol,2003,2113.0
pol,2004,1989.0
pol,2005,1877.0
pol,2006,1793.0
pol,2007,1729.0
pol,2008,1672.0
pol,2009,1606.0
pol,2010,1519.0
pol,2011,1432.0
pol,2012,1347.0
pol,2013,1252.0
pol,2014,1160.0
pol,2015,1074.0
pol,2016,998.00
pol,2017,936.00
pol,2018,894.00
pol,2019,874.00
pol,2020,870.00
pol,2021,879.00
pol,2022,897.00
pol,2023,928.00
pol,2024,951.00
prk,1991,3144.0
prk,1992,3065.0
prk,1993,2960.0
prk,1994,2859.0
prk,1995,2796.0
prk,1996,4872.0
prk,1997,4839.0
prk,1998,4851.0
prk,1999,4882.0
prk,2000,4906.0
prk,2001,4934.0
prk,2002,4957.0
prk,2003,4970.0
prk,2004,2664.0
prk,2005,2656.0
prk,2006,2656.0
prk,2007,2651.0
prk,2008,2651.0
prk,2009,2595.0
prk,2010,2546.0
prk,2011,2474.0
prk,2012,2386.0
prk,2013,2283.0
prk,2014,2170.0
prk,2015,2061.0
prk,2016,1954.0
prk,2017,1876.0
prk,2018,1759.0
prk,2019,1688.0
prk,2020,1615.0
prk,2021,1568.0
prk,2022,1539.0
prk,2023,1530.0
prk,2024,1525.0
prt,1991,1077.0
prt,1992,1063.0
prt,1993,1021.0
prt,1994,960.00
prt,1995,896.00
prt,1996,836.00
prt,1997,780.00
prt,1998,724.00
prt,1999,670.00
prt,2000,616.00
prt,2001,563.00
prt,2002,508.00
prt,2003,456.00
prt,2004,412.00
prt,2005,374.00
prt,2006,342.00
prt,2007,315.00
prt,2008,292.00
prt,2009,270.00
prt,2010,248.00
prt,2011,228.00
prt,2012,210.00
prt,2013,193.00
prt,2014,180.00
prt,2015,171.00
prt,2016,166.00
prt,2017,163.00
prt,2018,161.00
prt,2019,160.00
prt,2020,161.00
prt,2021,162.00
prt,2022,165.00
prt,2023,168.00
prt,2024,169.00
pry,1991,603.00
pry,1992,602.00
pry,1993,605.00
pry,1994,610.00
pry,1995,618.00
pry,1996,627.00
pry,1997,640.00
pry,1998,655.00
pry,1999,671.00
pry,2000,687.00
pry,2001,701.00
pry,2002,714.00
pry,2003,726.00
pry,2004,733.00
pry,2005,738.00
pry,2006,740.00
pry,2007,739.00
pry,2008,734.00
pry,2009,725.00
pry,2010,713.00
pry,2011,701.00
pry,2012,688.00
pry,2013,676.00
pry,2014,663.00
pry,2015,650.00
pry,2016,635.00
pry,2017,620.00
pry,2018,605.00
pry,2019,589.00
pry,2020,575.00
pry,2021,563.00
pry,2022,553.00
pry,2023,545.00
pry,2024,538.00
pse,1991,290.00
pse,1992,285.00
pse,1993,310.00
pse,1994,328.00
pse,1995,317.00
pse,1996,340.00
pse,1997,337.00
pse,1998,348.00
pse,1999,358.00
pse,2000,368.00
pse,2001,434.00
pse,2002,511.00
pse,2003,445.00
pse,2004,474.00
pse,2005,497.00
pse,2006,448.00
pse,2007,495.00
pse,2008,501.00
pse,2009,507.00
pse,2010,516.00
pse,2011,435.00
pse,2012,426.00
pse,2013,417.00
pse,2014,406.00
pse,2015,539.00
pse,2016,387.00
pse,2017,379.00
pse,2018,373.00
pse,2019,371.00
pse,2020,369.00
pse,2021,369.00
pse,2022,369.00
pse,2023,372.00
pse,2024,2659.0
qat,1991,32.000
qat,1992,33.000
qat,1993,33.000
qat,1994,32.000
qat,1995,32.000
qat,1996,31.000
qat,1997,31.000
qat,1998,33.000
qat,1999,36.000
qat,2000,39.000
qat,2001,41.000
qat,2002,43.000
qat,2003,45.000
qat,2004,46.000
qat,2005,47.000
qat,2006,50.000
qat,2007,55.000
qat,2008,57.000
qat,2009,57.000
qat,2010,56.000
qat,2011,56.000
qat,2012,58.000
qat,2013,58.000
qat,2014,59.000
qat,2015,62.000
qat,2016,62.000
qat,2017,58.000
qat,2018,55.000
qat,2019,53.000
qat,2020,54.000
qat,2021,56.000
qat,2022,57.000
qat,2023,59.000
qat,2024,63.000
rks,1991,280.00
rks,1992,280.00
rks,1993,277.00
rks,1994,273.00
rks,1995,269.00
rks,1996,265.00
rks,1997,260.00
rks,1998,255.00
rks,1999,240.00
rks,2000,220.00
rks,2001,215.00
rks,2002,216.00
rks,2003,211.00
rks,2004,199.00
rks,2005,187.00
rks,2006,175.00
rks,2007,164.00
rks,2008,152.00
rks,2009,141.00
rks,2010,133.00
rks,2011,127.00
rks,2012,122.00
rks,2013,119.00
rks,2014,115.00
rks,2015,110.00
rks,2016,104.00
rks,2017,101.00
rks,2018,99.000
rks,2019,96.000
rks,2020,92.000
rks,2021,89.000
rks,2022,84.000
rks,2023,79.000
rks,2024,75.000
rou,1991,2202.0
rou,1992,2100.0
rou,1993,2031.0
rou,1994,1984.0
rou,1995,1928.0
rou,1996,1880.0
rou,1997,1849.0
rou,1998,1857.0
rou,1999,1923.0
rou,2000,1950.0
rou,2001,1883.0
rou,2002,1720.0
rou,2003,1542.0
rou,2004,1425.0
rou,2005,1357.0
rou,2006,1321.0
rou,2007,1283.0
rou,2008,1225.0
rou,2009,1148.0
rou,2010,1039.0
rou,2011,924.00
rou,2012,821.00
rou,2013,745.00
rou,2014,700.00
rou,2015,672.00
rou,2016,662.00
rou,2017,657.00
rou,2018,644.00
rou,2019,626.00
rou,2020,603.00
rou,2021,588.00
rou,2022,574.00
rou,2023,554.00
rou,2024,512.00
rus,1991,16313
rus,1992,17402
rus,1993,18856
rus,1994,20606
rus,1995,21911
rus,1996,21982
rus,1997,21340
rus,1998,21115
rus,1999,21530
rus,2000,22034
rus,2001,22212
rus,2002,22094
rus,2003,21456
rus,2004,20025
rus,2005,18442
rus,2006,17198
rus,2007,15891
rus,2008,14244
rus,2009,12492
rus,2010,10939
rus,2011,9718.0
rus,2012,8752.0
rus,2013,8021.0
rus,2014,7519.0
rus,2015,7086.0
rus,2016,6637.0
rus,2017,6237.0
rus,2018,5946.0
rus,2019,5770.0
rus,2020,5715.0
rus,2021,5736.0
rus,2022,5750.0
rus,2023,6136.0
rus,2024,6435.0
rwa,1991,7076.0
rwa,1992,8333.0
rwa,1993,9198.0
rwa,1994,10589
rwa,1995,113660
rwa,1996,8989.0
rwa,1997,10656
rwa,1998,12405
rwa,1999,11650
rwa,2000,9480.0
rwa,2001,8095.0
rwa,2002,6898.0
rwa,2003,5897.0
rwa,2004,5117.0
rwa,2005,4528.0
rwa,2006,4005.0
rwa,2007,3575.0
rwa,2008,3186.0
rwa,2009,2884.0
rwa,2010,2680.0
rwa,2011,2508.0
rwa,2012,2413.0
rwa,2013,2327.0
rwa,2014,2226.0
rwa,2015,2131.0
rwa,2016,2031.0
rwa,2017,1921.0
rwa,2018,1837.0
rwa,2019,1762.0
rwa,2020,1690.0
rwa,2021,1618.0
rwa,2022,1517.0
rwa,2023,1374.0
rwa,2024,1247.0
sau,1991,1564.0
sau,1992,1630.0
sau,1993,1708.0
sau,1994,1790.0
sau,1995,1886.0
sau,1996,1971.0
sau,1997,2061.0
sau,1998,2141.0
sau,1999,2217.0
sau,2000,2300.0
sau,2001,2447.0
sau,2002,2669.0
sau,2003,2877.0
sau,2004,3054.0
sau,2005,3203.0
sau,2006,3305.0
sau,2007,3345.0
sau,2008,3322.0
sau,2009,3239.0
sau,2010,3111.0
sau,2011,2947.0
sau,2012,2750.0
sau,2013,2555.0
sau,2014,2367.0
sau,2015,2188.0
sau,2016,2033.0
sau,2017,1890.0
sau,2018,1751.0
sau,2019,1636.0
sau,2020,1567.0
sau,2021,1519.0
sau,2022,1480.0
sau,2023,1473.0
sau,2024,1477.0
sdn,1991,9491.0
sdn,1992,9478.0
sdn,1993,9472.0
sdn,1994,9545.0
sdn,1995,9694.0
sdn,1996,9840.0
sdn,1997,9969.0
sdn,1998,10093
sdn,1999,10208
sdn,2000,10285
sdn,2001,10264
sdn,2002,10253
sdn,2003,10851
sdn,2004,12087
sdn,2005,13862
sdn,2006,13749
sdn,2007,11029
sdn,2008,9884.0
sdn,2009,10969
sdn,2010,9971.0
sdn,2011,10016
sdn,2012,10067
sdn,2013,10057
sdn,2014,10124
sdn,2015,10149
sdn,2016,10209
sdn,2017,10288
sdn,2018,10370
sdn,2019,10507
sdn,2020,10547
sdn,2021,10545
sdn,2022,10487
sdn,2023,10449
sdn,2024,11255
sen,1991,2801.0
sen,1992,2880.0
sen,1993,2973.0
sen,1994,3141.0
sen,1995,3363.0
sen,1996,3582.0
sen,1997,3789.0
sen,1998,3927.0
sen,1999,4033.0
sen,2000,4118.0
sen,2001,4205.0
sen,2002,4263.0
sen,2003,4302.0
sen,2004,4295.0
sen,2005,4247.0
sen,2006,4168.0
sen,2007,4072.0
sen,2008,3971.0
sen,2009,3885.0
sen,2010,3805.0
sen,2011,3708.0
sen,2012,3601.0
sen,2013,3496.0
sen,2014,3419.0
sen,2015,3342.0
sen,2016,3259.0
sen,2017,3192.0
sen,2018,3124.0
sen,2019,3059.0
sen,2020,3006.0
sen,2021,2904.0
sen,2022,2818.0
sen,2023,2734.0
sen,2024,2665.0
sgp,1991,167.00
sgp,1992,156.00
sgp,1993,146.00
sgp,1994,138.00
sgp,1995,133.00
sgp,1996,130.00
sgp,1997,129.00
sgp,1998,129.00
sgp,1999,128.00
sgp,2000,128.00
sgp,2001,128.00
sgp,2002,128.00
sgp,2003,125.00
sgp,2004,121.00
sgp,2005,118.00
sgp,2006,115.00
sgp,2007,113.00
sgp,2008,113.00
sgp,2009,113.00
sgp,2010,111.00
sgp,2011,109.00
sgp,2012,108.00
sgp,2013,107.00
sgp,2014,105.00
sgp,2015,102.00
sgp,2016,100.00
sgp,2017,98.000
sgp,2018,97.000
sgp,2019,96.000
sgp,2020,96.000
sgp,2021,96.000
sgp,2022,95.000
sgp,2023,99.000
sgp,2024,99.000
slb,1991,59.000
slb,1992,60.000
slb,1993,60.000
slb,1994,61.000
slb,1995,61.000
slb,1996,61.000
slb,1997,62.000
slb,1998,63.000
slb,1999,63.000
slb,2000,64.000
slb,2001,65.000
slb,2002,65.000
slb,2003,65.000
slb,2004,65.000
slb,2005,65.000
slb,2006,65.000
slb,2007,65.000
slb,2008,69.000
slb,2009,65.000
slb,2010,65.000
slb,2011,66.000
slb,2012,68.000
slb,2013,70.000
slb,2014,72.000
slb,2015,74.000
slb,2016,76.000
slb,2017,77.000
slb,2018,78.000
slb,2019,79.000
slb,2020,80.000
slb,2021,84.000
slb,2022,81.000
slb,2023,81.000
slb,2024,81.000
sle,1991,1945.0
sle,1992,1980.0
sle,1993,1989.0
sle,1994,1992.0
sle,1995,2121.0
sle,1996,2212.0
sle,1997,2086.0
sle,1998,2137.0
sle,1999,2484.0
sle,2000,2824.0
sle,2001,2308.0
sle,2002,2487.0
sle,2003,2697.0
sle,2004,2875.0
sle,2005,3021.0
sle,2006,3136.0
sle,2007,3199.0
sle,2008,3258.0
sle,2009,3304.0
sle,2010,3348.0
sle,2011,3400.0
sle,2012,3451.0
sle,2013,3497.0
sle,2014,3529.0
sle,2015,3540.0
sle,2016,3525.0
sle,2017,3480.0
sle,2018,3379.0
sle,2019,3282.0
sle,2020,3150.0
sle,2021,3050.0
sle,2022,2962.0
sle,2023,2883.0
sle,2024,2809.0
slv,1991,1559.0
slv,1992,1283.0
slv,1993,1235.0
slv,1994,1228.0
slv,1995,1253.0
slv,1996,1283.0
slv,1997,1282.0
slv,1998,1246.0
slv,1999,1225.0
slv,2000,1121.0
slv,2001,1061.0
slv,2002,1120.0
slv,2003,1003.0
slv,2004,1021.0
slv,2005,1070.0
slv,2006,1130.0
slv,2007,1178.0
slv,2008,1210.0
slv,2009,1232.0
slv,2010,1262.0
slv,2011,1224.0
slv,2012,1189.0
slv,2013,1163.0
slv,2014,1191.0
slv,2015,1286.0
slv,2016,1374.0
slv,2017,1358.0
slv,2018,1232.0
slv,2019,1056.0
slv,2020,883.00
slv,2021,748.00
slv,2022,658.00
slv,2023,598.00
slv,2024,556.00
smr,1991,1.0000
smr,1992,1.0000
smr,1993,1.0000
smr,1994,0.0000
smr,1995,0.0000
smr,1996,0.0000
smr,1997,0.0000
smr,1998,0.0000
smr,1999,0.0000
smr,2000,0.0000
smr,2001,0.0000
smr,2002,0.0000
smr,2003,0.0000
smr,2004,0.0000
smr,2005,0.0000
smr,2006,0.0000
smr,2007,0.0000
smr,2008,0.0000
smr,2009,0.0000
smr,2010,0.0000
smr,2011,0.0000
smr,2012,0.0000
smr,2013,0.0000
smr,2014,0.0000
smr,2015,0.0000
smr,2016,0.0000
smr,2017,0.0000
smr,2018,0.0000
smr,2019,0.0000
smr,2020,0.0000
smr,2021,0.0000
smr,2022,0.0000
smr,2023,0.0000
smr,2024,0.0000
som,1991,5215.0
som,1992,13594
som,1993,13422
som,1994,4206.0
som,1995,4432.0
som,1996,4612.0
som,1997,4796.0
som,1998,4977.0
som,1999,5187.0
som,2000,5379.0
som,2001,5546.0
som,2002,5689.0
som,2003,5838.0
som,2004,6042.0
som,2005,6272.0
som,2006,6475.0
som,2007,6621.0
som,2008,6764.0
som,2009,6899.0
som,2010,7026.0
som,2011,8282.0
som,2012,19725
som,2013,9401.0
som,2014,7467.0
som,2015,7843.0
som,2016,7611.0
som,2017,8120.0
som,2018,10160
som,2019,8947.0
som,2020,7982.0
som,2021,8037.0
som,2022,8077.0
som,2023,11233
som,2024,8749.0
srb,1991,448.00
srb,1992,487.00
srb,1993,490.00
srb,1994,445.00
srb,1995,396.00
srb,1996,373.00
srb,1997,375.00
srb,1998,391.00
srb,1999,410.00
srb,2000,413.00
srb,2001,388.00
srb,2002,347.00
srb,2003,313.00
srb,2004,293.00
srb,2005,282.00
srb,2006,275.00
srb,2007,267.00
srb,2008,254.00
srb,2009,236.00
srb,2010,216.00
srb,2011,200.00
srb,2012,188.00
srb,2013,178.00
srb,2014,170.00
srb,2015,162.00
srb,2016,155.00
srb,2017,148.00
srb,2018,145.00
srb,2019,144.00
srb,2020,146.00
srb,2021,149.00
srb,2022,150.00
srb,2023,148.00
srb,2024,142.00
ssd,1991,14626
ssd,1992,14572
ssd,1993,24590
ssd,1994,24348
ssd,1995,4043.0
ssd,1996,14004
ssd,1997,13736
ssd,1998,13360
ssd,1999,25449
ssd,2000,5970.0
ssd,2001,4806.0
ssd,2002,4780.0
ssd,2003,4732.0
ssd,2004,3586.0
ssd,2005,3592.0
ssd,2006,3640.0
ssd,2007,3711.0
ssd,2008,3818.0
ssd,2009,3920.0
ssd,2010,3977.0
ssd,2011,4031.0
ssd,2012,4094.0
ssd,2013,4147.0
ssd,2014,4234.0
ssd,2015,9245.0
ssd,2016,12323
ssd,2017,14270
ssd,2018,15143
ssd,2019,7062.0
ssd,2020,4830.0
ssd,2021,5058.0
ssd,2022,5226.0
ssd,2023,5370.0
ssd,2024,5619.0
stp,1991,32.000
stp,1992,34.000
stp,1993,36.000
stp,1994,37.000
stp,1995,38.000
stp,1996,39.000
stp,1997,40.000
stp,1998,41.000
stp,1999,41.000
stp,2000,41.000
stp,2001,41.000
stp,2002,40.000
stp,2003,39.000
stp,2004,38.000
stp,2005,37.000
stp,2006,36.000
stp,2007,35.000
stp,2008,35.000
stp,2009,34.000
stp,2010,33.000
stp,2011,33.000
stp,2012,32.000
stp,2013,32.000
stp,2014,30.000
stp,2015,29.000
stp,2016,28.000
stp,2017,27.000
stp,2018,27.000
stp,2019,26.000
stp,2020,25.000
stp,2021,24.000
stp,2022,24.000
stp,2023,23.000
stp,2024,22.000
sur,1991,56.000
sur,1992,57.000
sur,1993,57.000
sur,1994,56.000
sur,1995,54.000
sur,1996,53.000
sur,1997,51.000
sur,1998,51.000
sur,1999,50.000
sur,2000,51.000
sur,2001,51.000
sur,2002,51.000
sur,2003,50.000
sur,2004,49.000
sur,2005,49.000
sur,2006,49.000
sur,2007,50.000
sur,2008,51.000
sur,2009,52.000
sur,2010,53.000
sur,2011,54.000
sur,2012,55.000
sur,2013,55.000
sur,2014,55.000
sur,2015,56.000
sur,2016,57.000
sur,2017,58.000
sur,2018,59.000
sur,2019,59.000
sur,2020,59.000
sur,2021,58.000
sur,2022,57.000
sur,2023,55.000
sur,2024,52.000
svk,1991,351.00
svk,1992,356.00
svk,1993,358.00
svk,1994,357.00
svk,1995,352.00
svk,1996,344.00
svk,1997,335.00
svk,1998,324.00
svk,1999,312.00
svk,2000,300.00
svk,2001,288.00
svk,2002,277.00
svk,2003,265.00
svk,2004,254.00
svk,2005,242.00
svk,2006,231.00
svk,2007,220.00
svk,2008,210.00
svk,2009,200.00
svk,2010,190.00
svk,2011,179.00
svk,2012,169.00
svk,2013,158.00
svk,2014,149.00
svk,2015,142.00
svk,2016,136.00
svk,2017,132.00
svk,2018,127.00
svk,2019,123.00
svk,2020,120.00
svk,2021,118.00
svk,2022,116.00
svk,2023,115.00
svk,2024,114.00
svn,1991,124.00
svn,1992,125.00
svn,1993,124.00
svn,1994,123.00
svn,1995,121.00
svn,1996,118.00
svn,1997,114.00
svn,1998,109.00
svn,1999,104.00
svn,2000,99.000
svn,2001,93.000
svn,2002,87.000
svn,2003,82.000
svn,2004,77.000
svn,2005,72.000
svn,2006,67.000
svn,2007,61.000
svn,2008,56.000
svn,2009,51.000
svn,2010,46.000
svn,2011,43.000
svn,2012,40.000
svn,2013,38.000
svn,2014,36.000
svn,2015,34.000
svn,2016,33.000
svn,2017,32.000
svn,2018,31.000
svn,2019,30.000
svn,2020,29.000
svn,2021,28.000
svn,2022,28.000
svn,2023,27.000
svn,2024,27.000
swe,1991,308.00
swe,1992,289.00
swe,1993,268.00
swe,1994,250.00
swe,1995,235.00
swe,1996,226.00
swe,1997,221.00
swe,1998,220.00
swe,1999,223.00
swe,2000,226.00
swe,2001,231.00
swe,2002,236.00
swe,2003,241.00
swe,2004,246.00
swe,2005,248.00
swe,2006,248.00
swe,2007,245.00
swe,2008,240.00
swe,2009,232.00
swe,2010,223.00
swe,2011,211.00
swe,2012,198.00
swe,2013,187.00
swe,2014,178.00
swe,2015,172.00
swe,2016,169.00
swe,2017,170.00
swe,2018,174.00
swe,2019,178.00
swe,2020,181.00
swe,2021,182.00
swe,2022,181.00
swe,2023,180.00
swe,2024,178.00
swz,1991,216.00
swz,1992,218.00
swz,1993,223.00
swz,1994,226.00
swz,1995,226.00
swz,1996,229.00
swz,1997,238.00
swz,1998,247.00
swz,1999,257.00
swz,2000,265.00
swz,2001,273.00
swz,2002,281.00
swz,2003,287.00
swz,2004,291.00
swz,2005,296.00
swz,2006,300.00
swz,2007,305.00
swz,2008,310.00
swz,2009,314.00
swz,2010,316.00
swz,2011,315.00
swz,2012,313.00
swz,2013,311.00
swz,2014,310.00
swz,2015,307.00
swz,2016,305.00
swz,2017,304.00
swz,2018,301.00
swz,2019,297.00
swz,2020,294.00
swz,2021,287.00
swz,2022,281.00
swz,2023,278.00
swz,2024,273.00
syc,1991,5.0000
syc,1992,5.0000
syc,1993,5.0000
syc,1994,5.0000
syc,1995,6.0000
syc,1996,6.0000
syc,1997,6.0000
syc,1998,6.0000
syc,1999,7.0000
syc,2000,7.0000
syc,2001,7.0000
syc,2002,7.0000
syc,2003,7.0000
syc,2004,7.0000
syc,2005,7.0000
syc,2006,6.0000
syc,2007,6.0000
syc,2008,6.0000
syc,2009,6.0000
syc,2010,6.0000
syc,2011,6.0000
syc,2012,6.0000
syc,2013,6.0000
syc,2014,6.0000
syc,2015,6.0000
syc,2016,6.0000
syc,2017,6.0000
syc,2018,6.0000
syc,2019,6.0000
syc,2020,6.0000
syc,2021,6.0000
syc,2022,5.0000
syc,2023,5.0000
syc,2024,5.0000
syr,1991,2808.0
syr,1992,2911.0
syr,1993,2991.0
syr,1994,3052.0
syr,1995,3094.0
syr,1996,3100.0
syr,1997,3062.0
syr,1998,2970.0
syr,1999,2829.0
syr,2000,2641.0
syr,2001,2429.0
syr,2002,2226.0
syr,2003,2061.0
syr,2004,1947.0
syr,2005,1901.0
syr,2006,1924.0
syr,2007,1996.0
syr,2008,2086.0
syr,2009,2117.0
syr,2010,2115.0
syr,2011,2124.0
syr,2012,2881.0
syr,2013,6547.0
syr,2014,6730.0
syr,2015,5995.0
syr,2016,7007.0
syr,2017,5860.0
syr,2018,5563.0
syr,2019,4624.0
syr,2020,2848.0
syr,2021,2245.0
syr,2022,1714.0
syr,2023,1947.0
syr,2024,2549.0
tca,1991,1.0000
tca,1992,1.0000
tca,1993,1.0000
tca,1994,1.0000
tca,1995,1.0000
tca,1996,1.0000
tca,1997,0.0000
tca,1998,0.0000
tca,1999,0.0000
tca,2000,0.0000
tca,2001,0.0000
tca,2002,0.0000
tca,2003,0.0000
tca,2004,0.0000
tca,2005,1.0000
tca,2006,1.0000
tca,2007,1.0000
tca,2008,0.0000
tca,2009,0.0000
tca,2010,0.0000
tca,2011,0.0000
tca,2012,1.0000
tca,2013,1.0000
tca,2014,1.0000
tca,2015,1.0000
tca,2016,1.0000
tca,2017,1.0000
tca,2018,1.0000
tca,2019,1.0000
tca,2020,1.0000
tca,2021,1.0000
tca,2022,1.0000
tca,2023,1.0000
tca,2024,1.0000
tcd,1991,4005.0
tcd,1992,3593.0
tcd,1993,3731.0
tcd,1994,3813.0
tcd,1995,3903.0
tcd,1996,4093.0
tcd,1997,4239.0
tcd,1998,4319.0
tcd,1999,4433.0
tcd,2000,4597.0
tcd,2001,4764.0
tcd,2002,4920.0
tcd,2003,5128.0
tcd,2004,5332.0
tcd,2005,5523.0
tcd,2006,5698.0
tcd,2007,5870.0
tcd,2008,6042.0
tcd,2009,6202.0
tcd,2010,6379.0
tcd,2011,6518.0
tcd,2012,6640.0
tcd,2013,6740.0
tcd,2014,6792.0
tcd,2015,6859.0
tcd,2016,6891.0
tcd,2017,6895.0
tcd,2018,6879.0
tcd,2019,6879.0
tcd,2020,6870.0
tcd,2021,6835.0
tcd,2022,6804.0
tcd,2023,6772.0
tcd,2024,6828.0
tgo,1991,1164.0
tgo,1992,1221.0
tgo,1993,1274.0
tgo,1994,1280.0
tgo,1995,1302.0
tgo,1996,1380.0
tgo,1997,1455.0
tgo,1998,1520.0
tgo,1999,1582.0
tgo,2000,1635.0
tgo,2001,1686.0
tgo,2002,1724.0
tgo,2003,1766.0
tgo,2004,1792.0
tgo,2005,1813.0
tgo,2006,1826.0
tgo,2007,1841.0
tgo,2008,1839.0
tgo,2009,1828.0
tgo,2010,1803.0
tgo,2011,1770.0
tgo,2012,1721.0
tgo,2013,1672.0
tgo,2014,1612.0
tgo,2015,1556.0
tgo,2016,1514.0
tgo,2017,1483.0
tgo,2018,1461.0
tgo,2019,1436.0
tgo,2020,1413.0
tgo,2021,1395.0
tgo,2022,1387.0
tgo,2023,1375.0
tgo,2024,1352.0
tha,1991,11533
tha,1992,11807
tha,1993,12216
tha,1994,12785
tha,1995,13202
tha,1996,13089
tha,1997,12488
tha,1998,11650
tha,1999,10852
tha,2000,10364
tha,2001,10356
tha,2002,10633
tha,2003,10917
tha,2004,11042
tha,2005,11389
tha,2006,10641
tha,2007,10256
tha,2008,9933.0
tha,2009,9716.0
tha,2010,9495.0
tha,2011,9236.0
tha,2012,8962.0
tha,2013,8733.0
tha,2014,8573.0
tha,2015,8471.0
tha,2016,8431.0
tha,2017,8370.0
tha,2018,8192.0
tha,2019,7880.0
tha,2020,7512.0
tha,2021,7140.0
tha,2022,6781.0
tha,2023,6475.0
tha,2024,6216.0
tjk,1991,697.00
tjk,1992,817.00
tjk,1993,1763.0
tjk,1994,2267.0
tjk,1995,1334.0
tjk,1996,1074.0
tjk,1997,1239.0
tjk,1998,940.00
tjk,1999,869.00
tjk,2000,808.00
tjk,2001,807.00
tjk,2002,737.00
tjk,2003,718.00
tjk,2004,698.00
tjk,2005,676.00
tjk,2006,652.00
tjk,2007,623.00
tjk,2008,592.00
tjk,2009,563.00
tjk,2010,536.00
tjk,2011,548.00
tjk,2012,524.00
tjk,2013,471.00
tjk,2014,463.00
tjk,2015,459.00
tjk,2016,458.00
tjk,2017,464.00
tjk,2018,473.00
tjk,2019,483.00
tjk,2020,490.00
tjk,2021,490.00
tjk,2022,483.00
tjk,2023,471.00
tjk,2024,462.00
tkm,1991,568.00
tkm,1992,600.00
tkm,1993,637.00
tkm,1994,682.00
tkm,1995,739.00
tkm,1996,805.00
tkm,1997,869.00
tkm,1998,915.00
tkm,1999,937.00
tkm,2000,940.00
tkm,2001,938.00
tkm,2002,937.00
tkm,2003,947.00
tkm,2004,962.00
tkm,2005,973.00
tkm,2006,974.00
tkm,2007,955.00
tkm,2008,917.00
tkm,2009,867.00
tkm,2010,821.00
tkm,2011,789.00
tkm,2012,763.00
tkm,2013,743.00
tkm,2014,723.00
tkm,2015,697.00
tkm,2016,663.00
tkm,2017,625.00
tkm,2018,585.00
tkm,2019,547.00
tkm,2020,516.00
tkm,2021,493.00
tkm,2022,476.00
tkm,2023,468.00
tkm,2024,465.00
tls,1991,358.00
tls,1992,394.00
tls,1993,402.00
tls,1994,418.00
tls,1995,438.00
tls,1996,494.00
tls,1997,513.00
tls,1998,530.00
tls,1999,580.00
tls,2000,663.00
tls,2001,221.00
tls,2002,222.00
tls,2003,222.00
tls,2004,214.00
tls,2005,203.00
tls,2006,195.00
tls,2007,193.00
tls,2008,194.00
tls,2009,199.00
tls,2010,207.00
tls,2011,221.00
tls,2012,239.00
tls,2013,263.00
tls,2014,294.00
tls,2015,336.00
tls,2016,381.00
tls,2017,419.00
tls,2018,436.00
tls,2019,439.00
tls,2020,433.00
tls,2021,425.00
tls,2022,414.00
tls,2023,398.00
tls,2024,382.00
ton,1991,6.0000
ton,1992,6.0000
ton,1993,6.0000
ton,1994,7.0000
ton,1995,7.0000
ton,1996,8.0000
ton,1997,9.0000
ton,1998,10.000
ton,1999,10.000
ton,2000,10.000
ton,2001,11.000
ton,2002,11.000
ton,2003,12.000
ton,2004,12.000
ton,2005,12.000
ton,2006,12.000
ton,2007,12.000
ton,2008,12.000
ton,2009,11.000
ton,2010,11.000
ton,2011,10.000
ton,2012,10.000
ton,2013,9.0000
ton,2014,9.0000
ton,2015,8.0000
ton,2016,8.0000
ton,2017,7.0000
ton,2018,7.0000
ton,2019,7.0000
ton,2020,6.0000
ton,2021,6.0000
ton,2022,6.0000
ton,2023,6.0000
ton,2024,5.0000
tto,1991,135.00
tto,1992,137.00
tto,1993,140.00
tto,1994,143.00
tto,1995,146.00
tto,1996,150.00
tto,1997,153.00
tto,1998,156.00
tto,1999,157.00
tto,2000,158.00
tto,2001,158.00
tto,2002,159.00
tto,2003,159.00
tto,2004,159.00
tto,2005,159.00
tto,2006,159.00
tto,2007,159.00
tto,2008,159.00
tto,2009,155.00
tto,2010,147.00
tto,2011,136.00
tto,2012,125.00
tto,2013,115.00
tto,2014,109.00
tto,2015,105.00
tto,2016,103.00
tto,2017,102.00
tto,2018,101.00
tto,2019,102.00
tto,2020,101.00
tto,2021,98.000
tto,2022,95.000
tto,2023,92.000
tto,2024,94.000
tun,1991,1055.0
tun,1992,1087.0
tun,1993,1120.0
tun,1994,1143.0
tun,1995,1154.0
tun,1996,1152.0
tun,1997,1145.0
tun,1998,1136.0
tun,1999,1123.0
tun,2000,1104.0
tun,2001,1078.0
tun,2002,1048.0
tun,2003,1014.0
tun,2004,976.00
tun,2005,934.00
tun,2006,888.00
tun,2007,847.00
tun,2008,810.00
tun,2009,778.00
tun,2010,755.00
tun,2011,737.00
tun,2012,724.00
tun,2013,716.00
tun,2014,712.00
tun,2015,711.00
tun,2016,712.00
tun,2017,713.00
tun,2018,714.00
tun,2019,714.00
tun,2020,717.00
tun,2021,724.00
tun,2022,738.00
tun,2023,759.00
tun,2024,781.00
tur,1991,6966.0
tur,1992,7268.0
tur,1993,7495.0
tur,1994,7700.0
tur,1995,7882.0
tur,1996,8383.0
tur,1997,8178.0
tur,1998,8242.0
tur,1999,8220.0
tur,2000,10334
tur,2001,8006.0
tur,2002,7772.0
tur,2003,7518.0
tur,2004,7222.0
tur,2005,6946.0
tur,2006,6687.0
tur,2007,6412.0
tur,2008,6163.0
tur,2009,5958.0
tur,2010,5771.0
tur,2011,5561.0
tur,2012,5319.0
tur,2013,5074.0
tur,2014,4872.0
tur,2015,4759.0
tur,2016,4681.0
tur,2017,4524.0
tur,2018,4287.0
tur,2019,4043.0
tur,2020,3879.0
tur,2021,3820.0
tur,2022,3847.0
tur,2023,3920.0
tur,2024,8822.0
tuv,1991,0.0000
tuv,1992,0.0000
tuv,1993,0.0000
tuv,1994,0.0000
tuv,1995,0.0000
tuv,1996,1.0000
tuv,1997,1.0000
tuv,1998,1.0000
tuv,1999,1.0000
tuv,2000,1.0000
tuv,2001,1.0000
tuv,2002,1.0000
tuv,2003,1.0000
tuv,2004,1.0000
tuv,2005,1.0000
tuv,2006,1.0000
tuv,2007,1.0000
tuv,2008,1.0000
tuv,2009,1.0000
tuv,2010,1.0000
tuv,2011,1.0000
tuv,2012,1.0000
tuv,2013,1.0000
tuv,2014,1.0000
tuv,2015,1.0000
tuv,2016,1.0000
tuv,2017,1.0000
tuv,2018,1.0000
tuv,2019,0.0000
tuv,2020,0.0000
tuv,2021,0.0000
tuv,2022,0.0000
tuv,2023,0.0000
tuv,2024,0.0000
tza,1991,9700.0
tza,1992,10373
tza,1993,10983
tza,1994,11570
tza,1995,12116
tza,1996,12384
tza,1997,12458
tza,1998,12467
tza,1999,12386
tza,2000,12263
tza,2001,12082
tza,2002,11828
tza,2003,11458
tza,2004,11051
tza,2005,10684
tza,2006,10269
tza,2007,9873.0
tza,2008,9558.0
tza,2009,9294.0
tza,2010,9144.0
tza,2011,9034.0
tza,2012,9010.0
tza,2013,8908.0
tza,2014,8782.0
tza,2015,8669.0
tza,2016,8612.0
tza,2017,8589.0
tza,2018,8597.0
tza,2019,8570.0
tza,2020,8686.0
tza,2021,8744.0
tza,2022,8866.0
tza,2023,8841.0
tza,2024,8839.0
uga,1991,8831.0
uga,1992,9325.0
uga,1993,9779.0
uga,1994,10222
uga,1995,10627
uga,1996,10865
uga,1997,11056
uga,1998,11231
uga,1999,11358
uga,2000,11479
uga,2001,11528
uga,2002,11528
uga,2003,11468
uga,2004,11414
uga,2005,11318
uga,2006,11172
uga,2007,11041
uga,2008,10920
uga,2009,10911
uga,2010,10984
uga,2011,11114
uga,2012,11359
uga,2013,11670
uga,2014,12073
uga,2015,12554
uga,2016,13016
uga,2017,13390
uga,2018,13631
uga,2019,13690
uga,2020,13705
uga,2021,13758
uga,2022,13657
uga,2023,13458
uga,2024,13214
ukr,1991,4577.0
ukr,1992,4665.0
ukr,1993,4802.0
ukr,1994,5029.0
ukr,1995,5222.0
ukr,1996,5215.0
ukr,1997,5033.0
ukr,1998,4841.0
ukr,1999,4778.0
ukr,2000,4792.0
ukr,2001,4769.0
ukr,2002,4675.0
ukr,2003,4503.0
ukr,2004,4246.0
ukr,2005,3970.0
ukr,2006,3770.0
ukr,2007,3625.0
ukr,2008,3408.0
ukr,2009,3050.0
ukr,2010,2648.0
ukr,2011,2319.0
ukr,2012,2093.0
ukr,2013,1929.0
ukr,2014,1802.0
ukr,2015,1811.0
ukr,2016,1565.0
ukr,2017,1453.0
ukr,2018,1370.0
ukr,2019,1335.0
ukr,2020,1343.0
ukr,2021,1386.0
ukr,2022,1459.0
ukr,2023,3130.0
ukr,2024,2555.0
unicef_eap,1991,267660
unicef_eap,1992,257200
unicef_eap,1993,247020
unicef_eap,1994,237850
unicef_eap,1995,230510
unicef_eap,1996,228100
unicef_eap,1997,224130
unicef_eap,1998,221550
unicef_eap,1999,219680
unicef_eap,2000,216070
unicef_eap,2001,212580
unicef_eap,2002,209480
unicef_eap,2003,204850
unicef_eap,2004,196820
unicef_eap,2005,210950
unicef_eap,2006,185060
unicef_eap,2007,177560
unicef_eap,2008,168950
unicef_eap,2009,170350
unicef_eap,2010,151680
unicef_eap,2011,142880
unicef_eap,2012,136180
unicef_eap,2013,128930
unicef_eap,2014,123980
unicef_eap,2015,118210
unicef_eap,2016,113800
unicef_eap,2017,109870
unicef_eap,2018,106210
unicef_eap,2019,102870
unicef_eap,2020,99961
unicef_eap,2021,97666
unicef_eap,2022,96327
unicef_eap,2023,95632
unicef_eap,2024,94340
unicef_eapro,1991,255240
unicef_eapro,1992,245190
unicef_eapro,1993,235750
unicef_eapro,1994,227050
unicef_eapro,1995,220130
unicef_eapro,1996,217970
unicef_eapro,1997,214680
unicef_eapro,1998,212570
unicef_eapro,1999,211330
unicef_eapro,2000,208420
unicef_eapro,2001,205650
unicef_eapro,2002,203100
unicef_eapro,2003,198910
unicef_eapro,2004,191250
unicef_eapro,2005,205680
unicef_eapro,2006,180020
unicef_eapro,2007,172700
unicef_eapro,2008,164220
unicef_eapro,2009,165700
unicef_eapro,2010,147170
unicef_eapro,2011,138520
unicef_eapro,2012,131000
unicef_eapro,2013,124890
unicef_eapro,2014,120130
unicef_eapro,2015,114550
unicef_eapro,2016,110280
unicef_eapro,2017,106430
unicef_eapro,2018,102810
unicef_eapro,2019,99513
unicef_eapro,2020,96600
unicef_eapro,2021,94302
unicef_eapro,2022,92962
unicef_eapro,2023,92255
unicef_eapro,2024,90889
unicef_eca,1991,66303
unicef_eca,1992,68048
unicef_eca,1993,73361
unicef_eca,1994,75923
unicef_eca,1995,73685
unicef_eca,1996,72960
unicef_eca,1997,71360
unicef_eca,1998,70392
unicef_eca,1999,70119
unicef_eca,2000,72043
unicef_eca,2001,69011
unicef_eca,2002,67266
unicef_eca,2003,64889
unicef_eca,2004,61625
unicef_eca,2005,58289
unicef_eca,2006,55489
unicef_eca,2007,52734
unicef_eca,2008,49508
unicef_eca,2009,46025
unicef_eca,2010,42486
unicef_eca,2011,39418
unicef_eca,2012,36729
unicef_eca,2013,34487
unicef_eca,2014,32761
unicef_eca,2015,31596
unicef_eca,2016,30360
unicef_eca,2017,29357
unicef_eca,2018,28447
unicef_eca,2019,27705
unicef_eca,2020,27376
unicef_eca,2021,27842
unicef_eca,2022,28021
unicef_eca,2023,30885
unicef_eca,2024,36403
unicef_ecaro,1991,24510
unicef_ecaro,1992,25781
unicef_ecaro,1993,30557
unicef_ecaro,1994,32320
unicef_ecaro,1995,29718
unicef_ecaro,1996,29850
unicef_ecaro,1997,29457
unicef_ecaro,1998,29182
unicef_ecaro,1999,29072
unicef_ecaro,2000,31141
unicef_ecaro,2001,28623
unicef_ecaro,2002,27737
unicef_ecaro,2003,26727
unicef_ecaro,2004,25693
unicef_ecaro,2005,24667
unicef_ecaro,2006,23825
unicef_ecaro,2007,23017
unicef_ecaro,2008,22043
unicef_ecaro,2009,20926
unicef_ecaro,2010,19633
unicef_ecaro,2011,18529
unicef_ecaro,2012,17515
unicef_ecaro,2013,16635
unicef_ecaro,2014,15908
unicef_ecaro,2015,15541
unicef_ecaro,2016,14992
unicef_ecaro,2017,14548
unicef_ecaro,2018,14073
unicef_ecaro,2019,13634
unicef_ecaro,2020,13430
unicef_ecaro,2021,13868
unicef_ecaro,2022,13932
unicef_ecaro,2023,16173
unicef_ecaro,2024,21040
unicef_eeca,1991,40547
unicef_eeca,1992,42947
unicef_eeca,1993,49193
unicef_eeca,1994,52852
unicef_eeca,1995,51580
unicef_eeca,1996,51597
unicef_eeca,1997,50654
unicef_eeca,1998,50192
unicef_eeca,1999,50498
unicef_eeca,2000,53076
unicef_eeca,2001,50728
unicef_eeca,2002,49734
unicef_eeca,2003,48106
unicef_eeca,2004,45620
unicef_eeca,2005,43008
unicef_eeca,2006,40891
unicef_eeca,2007,38761
unicef_eeca,2008,36129
unicef_eeca,2009,33260
unicef_eeca,2010,30417
unicef_eeca,2011,28083
unicef_eeca,2012,26103
unicef_eeca,2013,24500
unicef_eeca,2014,23289
unicef_eeca,2015,22497
unicef_eeca,2016,21507
unicef_eeca,2017,20668
unicef_eeca,2018,19910
unicef_eeca,2019,19304
unicef_eeca,2020,19051
unicef_eeca,2021,19529
unicef_eeca,2022,19649
unicef_eeca,2023,22354
unicef_eeca,2024,27703
unicef_esa,1991,178860
unicef_esa,1992,192650
unicef_esa,1993,213060
unicef_esa,1994,213660
unicef_esa,1995,297170
unicef_esa,1996,198530
unicef_esa,1997,203360
unicef_esa,1998,207180
unicef_esa,1999,224610
unicef_esa,2000,202270
unicef_esa,2001,196470
unicef_esa,2002,195230
unicef_esa,2003,193990
unicef_esa,2004,191710
unicef_esa,2005,192310
unicef_esa,2006,189840
unicef_esa,2007,183500
unicef_esa,2008,178910
unicef_esa,2009,177210
unicef_esa,2010,172780
unicef_esa,2011,171320
unicef_esa,2012,182740
unicef_esa,2013,168020
unicef_esa,2014,163700
unicef_esa,2015,169050
unicef_esa,2016,171380
unicef_esa,2017,173120
unicef_esa,2018,175990
unicef_esa,2019,163670
unicef_esa,2020,159450
unicef_esa,2021,159670
unicef_esa,2022,159680
unicef_esa,2023,163360
unicef_esa,2024,161410
unicef_esaro,1991,165510
unicef_esaro,1992,179110
unicef_esaro,1993,199540
unicef_esaro,1994,200150
unicef_esaro,1995,283440
unicef_esaro,1996,184880
unicef_esaro,1997,189730
unicef_esaro,1998,193560
unicef_esaro,1999,210850
unicef_esaro,2000,188570
unicef_esaro,2001,182710
unicef_esaro,2002,181670
unicef_esaro,2003,179720
unicef_esaro,2004,175790
unicef_esaro,2005,173920
unicef_esaro,2006,171530
unicef_esaro,2007,168640
unicef_esaro,2008,165520
unicef_esaro,2009,162450
unicef_esaro,2010,159300
unicef_esaro,2011,157870
unicef_esaro,2012,169200
unicef_esaro,2013,154310
unicef_esaro,2014,149910
unicef_esaro,2015,155130
unicef_esaro,2016,157190
unicef_esaro,2017,158810
unicef_esaro,2018,161660
unicef_esaro,2019,149230
unicef_esaro,2020,144830
unicef_esaro,2021,144980
unicef_esaro,2022,145280
unicef_esaro,2023,148940
unicef_esaro,2024,145950
unicef_lac,1991,78646
unicef_lac,1992,79097
unicef_lac,1993,79724
unicef_lac,1994,80252
unicef_lac,1995,80602
unicef_lac,1996,80796
unicef_lac,1997,80618
unicef_lac,1998,80194
unicef_lac,1999,82064
unicef_lac,2000,79674
unicef_lac,2001,79665
unicef_lac,2002,79639
unicef_lac,2003,78986
unicef_lac,2004,77933
unicef_lac,2005,76841
unicef_lac,2006,75831
unicef_lac,2007,75360
unicef_lac,2008,75784
unicef_lac,2009,76722
unicef_lac,2010,77672
unicef_lac,2011,89007
unicef_lac,2012,78049
unicef_lac,2013,77387
unicef_lac,2014,76535
unicef_lac,2015,75664
unicef_lac,2016,74755
unicef_lac,2017,73562
unicef_lac,2018,71929
unicef_lac,2019,69678
unicef_lac,2020,67502
unicef_lac,2021,65765
unicef_lac,2022,64397
unicef_lac,2023,62931
unicef_lac,2024,61550
unicef_lacro,1991,78620
unicef_lacro,1992,79065
unicef_lacro,1993,79692
unicef_lacro,1994,80220
unicef_lacro,1995,80567
unicef_lacro,1996,80764
unicef_lacro,1997,80580
unicef_lacro,1998,80160
unicef_lacro,1999,82027
unicef_lacro,2000,79638
unicef_lacro,2001,79628
unicef_lacro,2002,79602
unicef_lacro,2003,78948
unicef_lacro,2004,77896
unicef_lacro,2005,76802
unicef_lacro,2006,75792
unicef_lacro,2007,75320
unicef_lacro,2008,75743
unicef_lacro,2009,76677
unicef_lacro,2010,77627
unicef_lacro,2011,88958
unicef_lacro,2012,78001
unicef_lacro,2013,77340
unicef_lacro,2014,76490
unicef_lacro,2015,75618
unicef_lacro,2016,74711
unicef_lacro,2017,73521
unicef_lacro,2018,71891
unicef_lacro,2019,69643
unicef_lacro,2020,67441
unicef_lacro,2021,65734
unicef_lacro,2022,64369
unicef_lacro,2023,62901
unicef_lacro,2024,61527
unicef_mena,1991,63035
unicef_mena,1992,54138
unicef_mena,1993,51223
unicef_mena,1994,51036
unicef_mena,1995,51596
unicef_mena,1996,51355
unicef_mena,1997,51114
unicef_mena,1998,51334
unicef_mena,1999,51337
unicef_mena,2000,50769
unicef_mena,2001,50707
unicef_mena,2002,50806
unicef_mena,2003,50597
unicef_mena,2004,56931
unicef_mena,2005,51582
unicef_mena,2006,51342
unicef_mena,2007,52266
unicef_mena,2008,51749
unicef_mena,2009,49750
unicef_mena,2010,47917
unicef_mena,2011,46899
unicef_mena,2012,47122
unicef_mena,2013,49760
unicef_mena,2014,49311
unicef_mena,2015,48274
unicef_mena,2016,50129
unicef_mena,2017,50335
unicef_mena,2018,49185
unicef_mena,2019,48351
unicef_mena,2020,46530
unicef_mena,2021,45206
unicef_mena,2022,45037
unicef_mena,2023,45011
unicef_mena,2024,51158
unicef_menaro,1991,75280
unicef_menaro,1992,66030
unicef_menaro,1993,62925
unicef_menaro,1994,62678
unicef_menaro,1995,63336
unicef_menaro,1996,63283
unicef_menaro,1997,63125
unicef_menaro,1998,63451
unicef_menaro,1999,63507
unicef_menaro,2000,62970
unicef_menaro,2001,62863
unicef_menaro,2002,62845
unicef_menaro,2003,63216
unicef_menaro,2004,71017
unicef_menaro,2005,67456
unicef_menaro,2006,67056
unicef_menaro,2007,65163
unicef_menaro,2008,63447
unicef_menaro,2009,62555
unicef_menaro,2010,59619
unicef_menaro,2011,58669
unicef_menaro,2012,58988
unicef_menaro,2013,61640
unicef_menaro,2014,61281
unicef_menaro,2015,60314
unicef_menaro,2016,62333
unicef_menaro,2017,62693
unicef_menaro,2018,61746
unicef_menaro,2019,61180
unicef_menaro,2020,59445
unicef_menaro,2021,58020
unicef_menaro,2022,57817
unicef_menaro,2023,57856
unicef_menaro,2024,65048
unicef_na,1991,21146
unicef_na,1992,20790
unicef_na,1993,20736
unicef_na,1994,20956
unicef_na,1995,21096
unicef_na,1996,20987
unicef_na,1997,20637
unicef_na,1998,20146
unicef_na,1999,19681
unicef_na,2000,19310
unicef_na,2001,19093
unicef_na,2002,18988
unicef_na,2003,18887
unicef_na,2004,18789
unicef_na,2005,18701
unicef_na,2006,18597
unicef_na,2007,18328
unicef_na,2008,17726
unicef_na,2009,16797
unicef_na,2010,15768
unicef_na,2011,14855
unicef_na,2012,14148
unicef_na,2013,13700
unicef_na,2014,13543
unicef_na,2015,13637
unicef_na,2016,13951
unicef_na,2017,14409
unicef_na,2018,14895
unicef_na,2019,15376
unicef_na,2020,15977
unicef_na,2021,16763
unicef_na,2022,17484
unicef_na,2023,17669
unicef_na,2024,16998
unicef_rosa,1991,398280
unicef_rosa,1992,420060
unicef_rosa,1993,403580
unicef_rosa,1994,403150
unicef_rosa,1995,405990
unicef_rosa,1996,406800
unicef_rosa,1997,406820
unicef_rosa,1998,405210
unicef_rosa,1999,403400
unicef_rosa,2000,397110
unicef_rosa,2001,392530
unicef_rosa,2002,388150
unicef_rosa,2003,384020
unicef_rosa,2004,379580
unicef_rosa,2005,379720
unicef_rosa,2006,383360
unicef_rosa,2007,365580
unicef_rosa,2008,358820
unicef_rosa,2009,350470
unicef_rosa,2010,341850
unicef_rosa,2011,329470
unicef_rosa,2012,318440
unicef_rosa,2013,307290
unicef_rosa,2014,296080
unicef_rosa,2015,286290
unicef_rosa,2016,277880
unicef_rosa,2017,265630
unicef_rosa,2018,255210
unicef_rosa,2019,244360
unicef_rosa,2020,232550
unicef_rosa,2021,221290
unicef_rosa,2022,211640
unicef_rosa,2023,197960
unicef_rosa,2024,189070
unicef_sa,1991,398280
unicef_sa,1992,420060
unicef_sa,1993,403580
unicef_sa,1994,403150
unicef_sa,1995,405990
unicef_sa,1996,406800
unicef_sa,1997,406820
unicef_sa,1998,405210
unicef_sa,1999,403400
unicef_sa,2000,397110
unicef_sa,2001,392530
unicef_sa,2002,388150
unicef_sa,2003,384020
unicef_sa,2004,379580
unicef_sa,2005,379720
unicef_sa,2006,383360
unicef_sa,2007,365580
unicef_sa,2008,358820
unicef_sa,2009,350470
unicef_sa,2010,341850
unicef_sa,2011,329470
unicef_sa,2012,318440
unicef_sa,2013,307290
unicef_sa,2014,296080
unicef_sa,2015,286290
unicef_sa,2016,277880
unicef_sa,2017,265630
unicef_sa,2018,255210
unicef_sa,2019,244360
unicef_sa,2020,232550
unicef_sa,2021,221290
unicef_sa,2022,211640
unicef_sa,2023,197960
unicef_sa,2024,189070
unicef_ssa,1991,330450
unicef_ssa,1992,344500
unicef_ssa,1993,367910
unicef_ssa,1994,371000
unicef_ssa,1995,460060
unicef_ssa,1996,360770
unicef_ssa,1997,369080
unicef_ssa,1998,373810
unicef_ssa,1999,397020
unicef_ssa,2000,376510
unicef_ssa,2001,368840
unicef_ssa,2002,369880
unicef_ssa,2003,370750
unicef_ssa,2004,370510
unicef_ssa,2005,372540
unicef_ssa,2006,371820
unicef_ssa,2007,367040
unicef_ssa,2008,364490
unicef_ssa,2009,364440
unicef_ssa,2010,385100
unicef_ssa,2011,363810
unicef_ssa,2012,377420
unicef_ssa,2013,364400
unicef_ssa,2014,362530
unicef_ssa,2015,373280
unicef_ssa,2016,373890
unicef_ssa,2017,378160
unicef_ssa,2018,385250
unicef_ssa,2019,371510
unicef_ssa,2020,378730
unicef_ssa,2021,370940
unicef_ssa,2022,376510
unicef_ssa,2023,399870
unicef_ssa,2024,374850
unicef_wca,1991,137480
unicef_wca,1992,138790
unicef_wca,1993,141500
unicef_wca,1994,144620
unicef_wca,1995,148030
unicef_wca,1996,150840
unicef_wca,1997,154940
unicef_wca,1998,156080
unicef_wca,1999,161350
unicef_wca,2000,164020
unicef_wca,2001,162250
unicef_wca,2002,164660
unicef_wca,2003,166870
unicef_wca,2004,169290
unicef_wca,2005,170720
unicef_wca,2006,172650
unicef_wca,2007,174620
unicef_wca,2008,176360
unicef_wca,2009,178000
unicef_wca,2010,202330
unicef_wca,2011,182780
unicef_wca,2012,183960
unicef_wca,2013,185850
unicef_wca,2014,187760
unicef_wca,2015,192600
unicef_wca,2016,189870
unicef_wca,2017,191110
unicef_wca,2018,194370
unicef_wca,2019,192820
unicef_wca,2020,203340
unicef_wca,2021,194490
unicef_wca,2022,198580
unicef_wca,2023,217050
unicef_wca,2024,194130
unicef_wcaro,1991,137480
unicef_wcaro,1992,138790
unicef_wcaro,1993,141500
unicef_wcaro,1994,144620
unicef_wcaro,1995,148030
unicef_wcaro,1996,150840
unicef_wcaro,1997,154940
unicef_wcaro,1998,156080
unicef_wcaro,1999,161350
unicef_wcaro,2000,164020
unicef_wcaro,2001,162250
unicef_wcaro,2002,164660
unicef_wcaro,2003,166870
unicef_wcaro,2004,169290
unicef_wcaro,2005,170720
unicef_wcaro,2006,172650
unicef_wcaro,2007,174620
unicef_wcaro,2008,176360
unicef_wcaro,2009,178000
unicef_wcaro,2010,202330
unicef_wcaro,2011,182780
unicef_wcaro,2012,183960
unicef_wcaro,2013,185850
unicef_wcaro,2014,187760
unicef_wcaro,2015,192600
unicef_wcaro,2016,189870
unicef_wcaro,2017,191110
unicef_wcaro,2018,194370
unicef_wcaro,2019,192820
unicef_wcaro,2020,203340
unicef_wcaro,2021,194490
unicef_wcaro,2022,198580
unicef_wcaro,2023,217050
unicef_wcaro,2024,194130
unicef_we,1991,25631
unicef_we,1992,24988
unicef_we,1993,24042
unicef_we,1994,22984
unicef_we,1995,21995
unicef_we,1996,21209
unicef_we,1997,20603
unicef_we,1998,20081
unicef_we,1999,19516
unicef_we,2000,18866
unicef_we,2001,18179
unicef_we,2002,17442
unicef_we,2003,16685
unicef_we,2004,15924
unicef_we,2005,15187
unicef_we,2006,14515
unicef_we,2007,13893
unicef_we,2008,13303
unicef_we,2009,12690
unicef_we,2010,12002
unicef_we,2011,11275
unicef_we,2012,10566
unicef_we,2013,9928.0
unicef_we,2014,9417.0
unicef_we,2015,9047.0
unicef_we,2016,8803.0
unicef_we,2017,8636.0
unicef_we,2018,8483.0
unicef_we,2019,8351.0
unicef_we,2020,8272.0
unicef_we,2021,8251.0
unicef_we,2022,8303.0
unicef_we,2023,8444.0
unicef_we,2024,8576.0
unsdg_australianewzealand,1991,1498.0
unsdg_australianewzealand,1992,1394.0
unsdg_australianewzealand,1993,1301.0
unsdg_australianewzealand,1994,1240.0
unsdg_australianewzealand,1995,1210.0
unsdg_australianewzealand,1996,1206.0
unsdg_australianewzealand,1997,1214.0
unsdg_australianewzealand,1998,1216.0
unsdg_australianewzealand,1999,1201.0
unsdg_australianewzealand,2000,1171.0
unsdg_australianewzealand,2001,1122.0
unsdg_australianewzealand,2002,1067.0
unsdg_australianewzealand,2003,1020.0
unsdg_australianewzealand,2004,986.00
unsdg_australianewzealand,2005,961.00
unsdg_australianewzealand,2006,942.00
unsdg_australianewzealand,2007,927.00
unsdg_australianewzealand,2008,911.00
unsdg_australianewzealand,2009,893.00
unsdg_australianewzealand,2010,871.00
unsdg_australianewzealand,2011,846.00
unsdg_australianewzealand,2012,820.00
unsdg_australianewzealand,2013,795.00
unsdg_australianewzealand,2014,771.00
unsdg_australianewzealand,2015,752.00
unsdg_australianewzealand,2016,740.00
unsdg_australianewzealand,2017,739.00
unsdg_australianewzealand,2018,747.00
unsdg_australianewzealand,2019,758.00
unsdg_australianewzealand,2020,765.00
unsdg_australianewzealand,2021,762.00
unsdg_australianewzealand,2022,750.00
unsdg_australianewzealand,2023,735.00
unsdg_australianewzealand,2024,716.00
unsdg_centralasia,1991,7523.0
unsdg_centralasia,1992,7928.0
unsdg_centralasia,1993,9168.0
unsdg_centralasia,1994,9924.0
unsdg_centralasia,1995,9159.0
unsdg_centralasia,1996,9044.0
unsdg_centralasia,1997,9308.0
unsdg_centralasia,1998,9020.0
unsdg_centralasia,1999,8889.0
unsdg_centralasia,2000,8727.0
unsdg_centralasia,2001,8618.0
unsdg_centralasia,2002,8411.0
unsdg_centralasia,2003,8228.0
unsdg_centralasia,2004,8028.0
unsdg_centralasia,2005,7829.0
unsdg_centralasia,2006,7662.0
unsdg_centralasia,2007,7487.0
unsdg_centralasia,2008,7250.0
unsdg_centralasia,2009,6960.0
unsdg_centralasia,2010,6675.0
unsdg_centralasia,2011,6466.0
unsdg_centralasia,2012,6247.0
unsdg_centralasia,2013,6019.0
unsdg_centralasia,2014,5863.0
unsdg_centralasia,2015,5734.0
unsdg_centralasia,2016,5629.0
unsdg_centralasia,2017,5532.0
unsdg_centralasia,2018,5444.0
unsdg_centralasia,2019,5364.0
unsdg_centralasia,2020,5350.0
unsdg_centralasia,2021,5462.0
unsdg_centralasia,2022,5709.0
unsdg_centralasia,2023,6082.0
unsdg_centralasia,2024,6557.0
unsdg_centralasiasouthernasia,1991,425120
unsdg_centralasiasouthernasia,1992,440620
unsdg_centralasiasouthernasia,1993,424840
unsdg_centralasiasouthernasia,1994,424990
unsdg_centralasiasouthernasia,1995,427020
unsdg_centralasiasouthernasia,1996,428170
unsdg_centralasiasouthernasia,1997,428280
unsdg_centralasiasouthernasia,1998,426950
unsdg_centralasiasouthernasia,1999,424980
unsdg_centralasiasouthernasia,2000,418830
unsdg_centralasiasouthernasia,2001,414280
unsdg_centralasiasouthernasia,2002,410030
unsdg_centralasiasouthernasia,2003,405960
unsdg_centralasiasouthernasia,2004,407010
unsdg_centralasiasouthernasia,2005,401120
unsdg_centralasiasouthernasia,2006,404550
unsdg_centralasiasouthernasia,2007,386710
unsdg_centralasiasouthernasia,2008,379510
unsdg_centralasiasouthernasia,2009,370560
unsdg_centralasiasouthernasia,2010,361140
unsdg_centralasiasouthernasia,2011,347690
unsdg_centralasiasouthernasia,2012,335460
unsdg_centralasiasouthernasia,2013,322960
unsdg_centralasiasouthernasia,2014,310590
unsdg_centralasiasouthernasia,2015,300120
unsdg_centralasiasouthernasia,2016,291270
unsdg_centralasiasouthernasia,2017,278910
unsdg_centralasiasouthernasia,2018,268620
unsdg_centralasiasouthernasia,2019,257980
unsdg_centralasiasouthernasia,2020,246340
unsdg_centralasiasouthernasia,2021,235020
unsdg_centralasiasouthernasia,2022,225890
unsdg_centralasiasouthernasia,2023,212480
unsdg_centralasiasouthernasia,2024,204360
unsdg_easternasia,1991,156580
unsdg_easternasia,1992,147450
unsdg_easternasia,1993,138530
unsdg_easternasia,1994,129740
unsdg_easternasia,1995,122290
unsdg_easternasia,1996,120080
unsdg_easternasia,1997,116880
unsdg_easternasia,1998,115240
unsdg_easternasia,1999,114380
unsdg_easternasia,2000,112390
unsdg_easternasia,2001,110660
unsdg_easternasia,2002,108520
unsdg_easternasia,2003,105180
unsdg_easternasia,2004,98973
unsdg_easternasia,2005,95866
unsdg_easternasia,2006,92003
unsdg_easternasia,2007,86944
unsdg_easternasia,2008,80416
unsdg_easternasia,2009,73452
unsdg_easternasia,2010,66527
unsdg_easternasia,2011,59651
unsdg_easternasia,2012,54920
unsdg_easternasia,2013,49563
unsdg_easternasia,2014,45814
unsdg_easternasia,2015,42508
unsdg_easternasia,2016,39782
unsdg_easternasia,2017,37339
unsdg_easternasia,2018,35236
unsdg_easternasia,2019,33633
unsdg_easternasia,2020,32118
unsdg_easternasia,2021,30845
unsdg_easternasia,2022,29716
unsdg_easternasia,2023,28966
unsdg_easternasia,2024,28219
unsdg_easternasiasoutheasternasia,1991,264480
unsdg_easternasiasoutheasternasia,1992,254100
unsdg_easternasiasoutheasternasia,1993,243890
unsdg_easternasiasoutheasternasia,1994,234730
unsdg_easternasiasoutheasternasia,1995,227310
unsdg_easternasiasoutheasternasia,1996,225010
unsdg_easternasiasoutheasternasia,1997,220920
unsdg_easternasiasoutheasternasia,1998,218360
unsdg_easternasiasoutheasternasia,1999,216050
unsdg_easternasiasoutheasternasia,2000,212810
unsdg_easternasiasoutheasternasia,2001,209320
unsdg_easternasiasoutheasternasia,2002,206280
unsdg_easternasiasoutheasternasia,2003,201650
unsdg_easternasiasoutheasternasia,2004,193630
unsdg_easternasiasoutheasternasia,2005,207670
unsdg_easternasiasoutheasternasia,2006,181920
unsdg_easternasiasoutheasternasia,2007,174280
unsdg_easternasiasoutheasternasia,2008,165660
unsdg_easternasiasoutheasternasia,2009,167100
unsdg_easternasiasoutheasternasia,2010,148500
unsdg_easternasiasoutheasternasia,2011,139650
unsdg_easternasiasoutheasternasia,2012,132980
unsdg_easternasiasoutheasternasia,2013,125720
unsdg_easternasiasoutheasternasia,2014,120700
unsdg_easternasiasoutheasternasia,2015,114990
unsdg_easternasiasoutheasternasia,2016,110670
unsdg_easternasiasoutheasternasia,2017,106700
unsdg_easternasiasoutheasternasia,2018,102960
unsdg_easternasiasoutheasternasia,2019,99628
unsdg_easternasiasoutheasternasia,2020,96760
unsdg_easternasiasoutheasternasia,2021,94505
unsdg_easternasiasoutheasternasia,2022,93199
unsdg_easternasiasoutheasternasia,2023,92391
unsdg_easternasiasoutheasternasia,2024,91170
unsdg_europe,1991,53011
unsdg_europe,1992,53652
unsdg_europe,1993,56533
unsdg_europe,1994,57277
unsdg_europe,1995,55725
unsdg_europe,1996,54562
unsdg_europe,1997,52710
unsdg_europe,1998,51771
unsdg_europe,1999,51477
unsdg_europe,2000,51275
unsdg_europe,2001,50539
unsdg_europe,2002,49273
unsdg_europe,2003,47358
unsdg_europe,2004,44634
unsdg_europe,2005,41791
unsdg_europe,2006,39504
unsdg_europe,2007,37255
unsdg_europe,2008,34596
unsdg_europe,2009,31639
unsdg_europe,2010,28739
unsdg_europe,2011,26207
unsdg_europe,2012,24066
unsdg_europe,2013,22334
unsdg_europe,2014,21041
unsdg_europe,2015,20122
unsdg_europe,2016,19086
unsdg_europe,2017,18337
unsdg_europe,2018,17750
unsdg_europe,2019,17356
unsdg_europe,2020,17186
unsdg_europe,2021,17211
unsdg_europe,2022,17346
unsdg_europe,2023,19646
unsdg_europe,2024,19503
unsdg_europenorthernamr,1991,74346
unsdg_europenorthernamr,1992,74641
unsdg_europenorthernamr,1993,77479
unsdg_europenorthernamr,1994,78443
unsdg_europenorthernamr,1995,77020
unsdg_europenorthernamr,1996,75753
unsdg_europenorthernamr,1997,73540
unsdg_europenorthernamr,1998,72112
unsdg_europenorthernamr,1999,71339
unsdg_europenorthernamr,2000,70774
unsdg_europenorthernamr,2001,69813
unsdg_europenorthernamr,2002,68446
unsdg_europenorthernamr,2003,66424
unsdg_europenorthernamr,2004,63600
unsdg_europenorthernamr,2005,60661
unsdg_europenorthernamr,2006,58257
unsdg_europenorthernamr,2007,55731
unsdg_europenorthernamr,2008,52463
unsdg_europenorthernamr,2009,48562
unsdg_europenorthernamr,2010,44631
unsdg_europenorthernamr,2011,41169
unsdg_europenorthernamr,2012,38321
unsdg_europenorthernamr,2013,36138
unsdg_europenorthernamr,2014,34682
unsdg_europenorthernamr,2015,33856
unsdg_europenorthernamr,2016,33135
unsdg_europenorthernamr,2017,32843
unsdg_europenorthernamr,2018,32739
unsdg_europenorthernamr,2019,32828
unsdg_europenorthernamr,2020,33263
unsdg_europenorthernamr,2021,34093
unsdg_europenorthernamr,2022,34989
unsdg_europenorthernamr,2023,37538
unsdg_europenorthernamr,2024,36814
unsdg_lac,1991,78646
unsdg_lac,1992,79097
unsdg_lac,1993,79724
unsdg_lac,1994,80252
unsdg_lac,1995,80602
unsdg_lac,1996,80796
unsdg_lac,1997,80618
unsdg_lac,1998,80194
unsdg_lac,1999,82064
unsdg_lac,2000,79674
unsdg_lac,2001,79665
unsdg_lac,2002,79639
unsdg_lac,2003,78986
unsdg_lac,2004,77933
unsdg_lac,2005,76841
unsdg_lac,2006,75831
unsdg_lac,2007,75360
unsdg_lac,2008,75784
unsdg_lac,2009,76722
unsdg_lac,2010,77672
unsdg_lac,2011,89007
unsdg_lac,2012,78049
unsdg_lac,2013,77387
unsdg_lac,2014,76535
unsdg_lac,2015,75664
unsdg_lac,2016,74755
unsdg_lac,2017,73562
unsdg_lac,2018,71929
unsdg_lac,2019,69678
unsdg_lac,2020,67502
unsdg_lac,2021,65765
unsdg_lac,2022,64397
unsdg_lac,2023,62931
unsdg_lac,2024,61550
unsdg_ldc,1991,322900
unsdg_ldc,1992,354890
unsdg_ldc,1993,356850
unsdg_ldc,1994,355230
unsdg_ldc,1995,443520
unsdg_ldc,1996,340870
unsdg_ldc,1997,345550
unsdg_ldc,1998,344150
unsdg_ldc,1999,362410
unsdg_ldc,2000,334010
unsdg_ldc,2001,319480
unsdg_ldc,2002,316420
unsdg_ldc,2003,315270
unsdg_ldc,2004,313770
unsdg_ldc,2005,316190
unsdg_ldc,2006,315450
unsdg_ldc,2007,311660
unsdg_ldc,2008,309090
unsdg_ldc,2009,321540
unsdg_ldc,2010,328810
unsdg_ldc,2011,321960
unsdg_ldc,2012,320410
unsdg_ldc,2013,307230
unsdg_ldc,2014,305920
unsdg_ldc,2015,318450
unsdg_ldc,2016,323010
unsdg_ldc,2017,325590
unsdg_ldc,2018,333330
unsdg_ldc,2019,321440
unsdg_ldc,2020,325840
unsdg_ldc,2021,316110
unsdg_ldc,2022,321910
unsdg_ldc,2023,338770
unsdg_ldc,2024,313560
unsdg_lldc,1991,154920
unsdg_lldc,1992,157820
unsdg_lldc,1993,177600
unsdg_lldc,1994,187440
unsdg_lldc,1995,268840
unsdg_lldc,1996,169010
unsdg_lldc,1997,171570
unsdg_lldc,1998,173260
unsdg_lldc,1999,188700
unsdg_lldc,2000,162440
unsdg_lldc,2001,156910
unsdg_lldc,2002,154440
unsdg_lldc,2003,152140
unsdg_lldc,2004,148630
unsdg_lldc,2005,147150
unsdg_lldc,2006,145290
unsdg_lldc,2007,144290
unsdg_lldc,2008,142880
unsdg_lldc,2009,141200
unsdg_lldc,2010,160420
unsdg_lldc,2011,139850
unsdg_lldc,2012,138540
unsdg_lldc,2013,137690
unsdg_lldc,2014,137580
unsdg_lldc,2015,148180
unsdg_lldc,2016,149920
unsdg_lldc,2017,151080
unsdg_lldc,2018,154500
unsdg_lldc,2019,142010
unsdg_lldc,2020,147350
unsdg_lldc,2021,139530
unsdg_lldc,2022,144200
unsdg_lldc,2023,156320
unsdg_lldc,2024,136510
unsdg_northafr,1991,35837
unsdg_northafr,1992,35247
unsdg_northafr,1993,34744
unsdg_northafr,1994,34402
unsdg_northafr,1995,34657
unsdg_northafr,1996,34339
unsdg_northafr,1997,33781
unsdg_northafr,1998,33682
unsdg_northafr,1999,33370
unsdg_northafr,2000,32498
unsdg_northafr,2001,31915
unsdg_northafr,2002,31311
unsdg_northafr,2003,31337
unsdg_northafr,2004,32165
unsdg_northafr,2005,33091
unsdg_northafr,2006,32435
unsdg_northafr,2007,29250
unsdg_northafr,2008,27720
unsdg_northafr,2009,28554
unsdg_northafr,2010,27339
unsdg_northafr,2011,27353
unsdg_northafr,2012,27701
unsdg_northafr,2013,27368
unsdg_northafr,2014,27301
unsdg_northafr,2015,27307
unsdg_northafr,2016,27057
unsdg_northafr,2017,26826
unsdg_northafr,2018,26592
unsdg_northafr,2019,26557
unsdg_northafr,2020,26735
unsdg_northafr,2021,26984
unsdg_northafr,2022,27310
unsdg_northafr,2023,27826
unsdg_northafr,2024,30658
unsdg_northernamr,1991,21146
unsdg_northernamr,1992,20790
unsdg_northernamr,1993,20736
unsdg_northernamr,1994,20956
unsdg_northernamr,1995,21096
unsdg_northernamr,1996,20987
unsdg_northernamr,1997,20637
unsdg_northernamr,1998,20146
unsdg_northernamr,1999,19681
unsdg_northernamr,2000,19310
unsdg_northernamr,2001,19093
unsdg_northernamr,2002,18988
unsdg_northernamr,2003,18887
unsdg_northernamr,2004,18789
unsdg_northernamr,2005,18701
unsdg_northernamr,2006,18597
unsdg_northernamr,2007,18328
unsdg_northernamr,2008,17726
unsdg_northernamr,2009,16797
unsdg_northernamr,2010,15768
unsdg_northernamr,2011,14855
unsdg_northernamr,2012,14148
unsdg_northernamr,2013,13700
unsdg_northernamr,2014,13543
unsdg_northernamr,2015,13637
unsdg_northernamr,2016,13951
unsdg_northernamr,2017,14409
unsdg_northernamr,2018,14895
unsdg_northernamr,2019,15376
unsdg_northernamr,2020,15977
unsdg_northernamr,2021,16763
unsdg_northernamr,2022,17484
unsdg_northernamr,2023,17669
unsdg_northernamr,2024,16998
unsdg_oceania,1991,2966.0
unsdg_oceania,1992,2882.0
unsdg_oceania,1993,2817.0
unsdg_oceania,1994,2784.0
unsdg_oceania,1995,2784.0
unsdg_oceania,1996,2810.0
unsdg_oceania,1997,2845.0
unsdg_oceania,1998,2874.0
unsdg_oceania,1999,3160.0
unsdg_oceania,2000,2886.0
unsdg_oceania,2001,2864.0
unsdg_oceania,2002,2837.0
unsdg_oceania,2003,2821.0
unsdg_oceania,2004,2810.0
unsdg_oceania,2005,2809.0
unsdg_oceania,2006,2811.0
unsdg_oceania,2007,2813.0
unsdg_oceania,2008,2816.0
unsdg_oceania,2009,2804.0
unsdg_oceania,2010,2813.0
unsdg_oceania,2011,2777.0
unsdg_oceania,2012,2762.0
unsdg_oceania,2013,2746.0
unsdg_oceania,2014,2730.0
unsdg_oceania,2015,2717.0
unsdg_oceania,2016,2713.0
unsdg_oceania,2017,2718.0
unsdg_oceania,2018,2726.0
unsdg_oceania,2019,2739.0
unsdg_oceania,2020,2749.0
unsdg_oceania,2021,2749.0
unsdg_oceania,2022,2733.0
unsdg_oceania,2023,2712.0
unsdg_oceania,2024,2684.0
unsdg_oceaniaexausnzl,1991,1444.0
unsdg_oceaniaexausnzl,1992,1465.0
unsdg_oceaniaexausnzl,1993,1492.0
unsdg_oceaniaexausnzl,1994,1521.0
unsdg_oceaniaexausnzl,1995,1551.0
unsdg_oceaniaexausnzl,1996,1580.0
unsdg_oceaniaexausnzl,1997,1608.0
unsdg_oceaniaexausnzl,1998,1635.0
unsdg_oceaniaexausnzl,1999,1935.0
unsdg_oceaniaexausnzl,2000,1693.0
unsdg_oceaniaexausnzl,2001,1721.0
unsdg_oceaniaexausnzl,2002,1747.0
unsdg_oceaniaexausnzl,2003,1779.0
unsdg_oceaniaexausnzl,2004,1801.0
unsdg_oceaniaexausnzl,2005,1827.0
unsdg_oceaniaexausnzl,2006,1848.0
unsdg_oceaniaexausnzl,2007,1867.0
unsdg_oceaniaexausnzl,2008,1885.0
unsdg_oceaniaexausnzl,2009,1894.0
unsdg_oceaniaexausnzl,2010,1925.0
unsdg_oceaniaexausnzl,2011,1915.0
unsdg_oceaniaexausnzl,2012,1925.0
unsdg_oceaniaexausnzl,2013,1934.0
unsdg_oceaniaexausnzl,2014,1944.0
unsdg_oceaniaexausnzl,2015,1950.0
unsdg_oceaniaexausnzl,2016,1957.0
unsdg_oceaniaexausnzl,2017,1964.0
unsdg_oceaniaexausnzl,2018,1965.0
unsdg_oceaniaexausnzl,2019,1966.0
unsdg_oceaniaexausnzl,2020,1967.0
unsdg_oceaniaexausnzl,2021,1968.0
unsdg_oceaniaexausnzl,2022,1959.0
unsdg_oceaniaexausnzl,2023,1951.0
unsdg_oceaniaexausnzl,2024,1940.0
unsdg_sids,1991,10171
unsdg_sids,1992,10201
unsdg_sids,1993,10168
unsdg_sids,1994,10144
unsdg_sids,1995,10136
unsdg_sids,1996,10206
unsdg_sids,1997,10157
unsdg_sids,1998,10232
unsdg_sids,1999,10609
unsdg_sids,2000,10339
unsdg_sids,2001,9694.0
unsdg_sids,2002,9652.0
unsdg_sids,2003,9597.0
unsdg_sids,2004,9517.0
unsdg_sids,2005,9601.0
unsdg_sids,2006,9373.0
unsdg_sids,2007,9290.0
unsdg_sids,2008,9221.0
unsdg_sids,2009,9108.0
unsdg_sids,2010,8999.0
unsdg_sids,2011,19537
unsdg_sids,2012,8764.0
unsdg_sids,2013,8524.0
unsdg_sids,2014,8382.0
unsdg_sids,2015,8247.0
unsdg_sids,2016,8134.0
unsdg_sids,2017,8031.0
unsdg_sids,2018,7910.0
unsdg_sids,2019,7794.0
unsdg_sids,2020,7724.0
unsdg_sids,2021,7587.0
unsdg_sids,2022,7579.0
unsdg_sids,2023,7400.0
unsdg_sids,2024,7382.0
unsdg_southasia,1991,417470
unsdg_southasia,1992,432600
unsdg_southasia,1993,415600
unsdg_southasia,1994,414970
unsdg_southasia,1995,417750
unsdg_southasia,1996,419050
unsdg_southasia,1997,418800
unsdg_southasia,1998,417830
unsdg_southasia,1999,415990
unsdg_southasia,2000,409950
unsdg_southasia,2001,405600
unsdg_southasia,2002,401550
unsdg_southasia,2003,397640
unsdg_southasia,2004,398870
unsdg_southasia,2005,393210
unsdg_southasia,2006,396820
unsdg_southasia,2007,379150
unsdg_southasia,2008,372190
unsdg_southasia,2009,363520
unsdg_southasia,2010,354370
unsdg_southasia,2011,341140
unsdg_southasia,2012,329130
unsdg_southasia,2013,316850
unsdg_southasia,2014,304670
unsdg_southasia,2015,294280
unsdg_southasia,2016,285600
unsdg_southasia,2017,273300
unsdg_southasia,2018,263070
unsdg_southasia,2019,252520
unsdg_southasia,2020,240830
unsdg_southasia,2021,229470
unsdg_southasia,2022,220010
unsdg_southasia,2023,206140
unsdg_southasia,2024,197570
unsdg_southeasternasia,1991,95896
unsdg_southeasternasia,1992,95797
unsdg_southeasternasia,1993,94555
unsdg_southeasternasia,1994,94470
unsdg_southeasternasia,1995,94700
unsdg_southeasternasia,1996,94906
unsdg_southeasternasia,1997,94350
unsdg_southeasternasia,1998,93740
unsdg_southeasternasia,1999,92889
unsdg_southeasternasia,2000,92184
unsdg_southeasternasia,2001,91193
unsdg_southeasternasia,2002,90714
unsdg_southeasternasia,2003,89966
unsdg_southeasternasia,2004,88752
unsdg_southeasternasia,2005,106040
unsdg_southeasternasia,2006,85114
unsdg_southeasternasia,2007,83201
unsdg_southeasternasia,2008,81473
unsdg_southeasternasia,2009,89308
unsdg_southeasternasia,2010,78039
unsdg_southeasternasia,2011,76087
unsdg_southeasternasia,2012,73870
unsdg_southeasternasia,2013,71626
unsdg_southeasternasia,2014,70099
unsdg_southeasternasia,2015,67265
unsdg_southeasternasia,2016,65256
unsdg_southeasternasia,2017,63530
unsdg_southeasternasia,2018,61746
unsdg_southeasternasia,2019,59879
unsdg_southeasternasia,2020,58378
unsdg_southeasternasia,2021,57006
unsdg_southeasternasia,2022,56355
unsdg_southeasternasia,2023,56121
unsdg_southeasternasia,2024,55212
unsdg_subsaharanafrica,1991,317560
unsdg_subsaharanafrica,1992,331950
unsdg_subsaharanafrica,1993,355010
unsdg_subsaharanafrica,1994,358110
unsdg_subsaharanafrica,1995,446870
unsdg_subsaharanafrica,1996,347700
unsdg_subsaharanafrica,1997,356150
unsdg_subsaharanafrica,1998,360650
unsdg_subsaharanafrica,1999,383740
unsdg_subsaharanafrica,2000,363080
unsdg_subsaharanafrica,2001,355480
unsdg_subsaharanafrica,2002,356540
unsdg_subsaharanafrica,2003,356610
unsdg_subsaharanafrica,2004,354780
unsdg_subsaharanafrica,2005,354200
unsdg_subsaharanafrica,2006,353640
unsdg_subsaharanafrica,2007,352580
unsdg_subsaharanafrica,2008,351450
unsdg_subsaharanafrica,2009,350210
unsdg_subsaharanafrica,2010,371570
unsdg_subsaharanafrica,2011,350510
unsdg_subsaharanafrica,2012,364280
unsdg_subsaharanafrica,2013,350750
unsdg_subsaharanafrica,2014,348850
unsdg_subsaharanafrica,2015,359710
unsdg_subsaharanafrica,2016,360320
unsdg_subsaharanafrica,2017,364220
unsdg_subsaharanafrica,2018,371010
unsdg_subsaharanafrica,2019,357370
unsdg_subsaharanafrica,2020,364750
unsdg_subsaharanafrica,2021,356750
unsdg_subsaharanafrica,2022,361750
unsdg_subsaharanafrica,2023,385660
unsdg_subsaharanafrica,2024,359530
unsdg_westernasia,1991,28490
unsdg_westernasia,1992,25992
unsdg_westernasia,1993,24359
unsdg_westernasia,1994,25408
unsdg_westernasia,1995,25808
unsdg_westernasia,1996,26223
unsdg_westernasia,1997,26354
unsdg_westernasia,1998,26663
unsdg_westernasia,1999,26880
unsdg_westernasia,2000,29227
unsdg_westernasia,2001,27061
unsdg_westernasia,2002,27004
unsdg_westernasia,2003,26745
unsdg_westernasia,2004,27683
unsdg_westernasia,2005,28054
unsdg_westernasia,2006,27946
unsdg_westernasia,2007,28935
unsdg_westernasia,2008,28409
unsdg_westernasia,2009,26584
unsdg_westernasia,2010,25041
unsdg_westernasia,2011,24509
unsdg_westernasia,2012,25033
unsdg_westernasia,2013,28717
unsdg_westernasia,2014,28994
unsdg_westernasia,2015,28428
unsdg_westernasia,2016,30755
unsdg_westernasia,2017,31127
unsdg_westernasia,2018,29872
unsdg_westernasia,2019,28633
unsdg_westernasia,2020,26355
unsdg_westernasia,2021,25133
unsdg_westernasia,2022,24385
unsdg_westernasia,2023,23920
unsdg_westernasia,2024,33008
unsdg_westernasianorthernafr,1991,67725
unsdg_westernasianorthernafr,1992,64562
unsdg_westernasianorthernafr,1993,62375
unsdg_westernasianorthernafr,1994,62953
unsdg_westernasianorthernafr,1995,63509
unsdg_westernasianorthernafr,1996,63407
unsdg_westernasianorthernafr,1997,62624
unsdg_westernasianorthernafr,1998,62607
unsdg_westernasianorthernafr,1999,62326
unsdg_westernasianorthernafr,2000,63847
unsdg_westernasianorthernafr,2001,60817
unsdg_westernasianorthernafr,2002,60109
unsdg_westernasianorthernafr,2003,59887
unsdg_westernasianorthernafr,2004,61753
unsdg_westernasianorthernafr,2005,63061
unsdg_westernasianorthernafr,2006,62288
unsdg_westernasianorthernafr,2007,60034
unsdg_westernasianorthernafr,2008,57892
unsdg_westernasianorthernafr,2009,56877
unsdg_westernasianorthernafr,2010,54086
unsdg_westernasianorthernafr,2011,53621
unsdg_westernasianorthernafr,2012,54591
unsdg_westernasianorthernafr,2013,58080
unsdg_westernasianorthernafr,2014,58317
unsdg_westernasianorthernafr,2015,57852
unsdg_westernasianorthernafr,2016,60087
unsdg_westernasianorthernafr,2017,60325
unsdg_westernasianorthernafr,2018,58906
unsdg_westernasianorthernafr,2019,57878
unsdg_westernasianorthernafr,2020,55852
unsdg_westernasianorthernafr,2021,54719
unsdg_westernasianorthernafr,2022,54332
unsdg_westernasianorthernafr,2023,54457
unsdg_westernasianorthernafr,2024,66972
ury,1991,275.00
ury,1992,280.00
ury,1993,284.00
ury,1994,288.00
ury,1995,289.00
ury,1996,287.00
ury,1997,282.00
ury,1998,274.00
ury,1999,266.00
ury,2000,255.00
ury,2001,245.00
ury,2002,235.00
ury,2003,227.00
ury,2004,221.00
ury,2005,218.00
ury,2006,219.00
ury,2007,222.00
ury,2008,227.00
ury,2009,234.00
ury,2010,241.00
ury,2011,247.00
ury,2012,249.00
ury,2013,248.00
ury,2014,243.00
ury,2015,236.00
ury,2016,229.00
ury,2017,221.00
ury,2018,216.00
ury,2019,213.00
ury,2020,210.00
ury,2021,208.00
ury,2022,206.00
ury,2023,204.00
ury,2024,200.00
usa,1991,19403
usa,1992,19118
usa,1993,19128
usa,1994,19403
usa,1995,19576
usa,1996,19491
usa,1997,19165
usa,1998,18697
usa,1999,18254
usa,2000,17907
usa,2001,17718
usa,2002,17638
usa,2003,17561
usa,2004,17489
usa,2005,17416
usa,2006,17320
usa,2007,17070
usa,2008,16503
usa,2009,15616
usa,2010,14626
usa,2011,13753
usa,2012,13092
usa,2013,12695
usa,2014,12581
usa,2015,12702
usa,2016,13024
usa,2017,13473
usa,2018,13943
usa,2019,14400
usa,2020,14985
usa,2021,15763
usa,2022,16483
usa,2023,16657
usa,2024,15969
uzb,1991,3099.0
uzb,1992,3247.0
uzb,1993,3380.0
uzb,1994,3495.0
uzb,1995,3591.0
uzb,1996,3667.0
uzb,1997,3723.0
uzb,1998,3756.0
uzb,1999,3765.0
uzb,2000,3738.0
uzb,2001,3672.0
uzb,2002,3571.0
uzb,2003,3423.0
uzb,2004,3236.0
uzb,2005,3052.0
uzb,2006,2921.0
uzb,2007,2844.0
uzb,2008,2800.0
uzb,2009,2783.0
uzb,2010,2781.0
uzb,2011,2788.0
uzb,2012,2788.0
uzb,2013,2782.0
uzb,2014,2776.0
uzb,2015,2771.0
uzb,2016,2767.0
uzb,2017,2744.0
uzb,2018,2690.0
uzb,2019,2625.0
uzb,2020,2605.0
uzb,2021,2692.0
uzb,2022,2895.0
uzb,2023,3203.0
uzb,2024,3597.0
vct,1991,11.000
vct,1992,11.000
vct,1993,11.000
vct,1994,12.000
vct,1995,11.000
vct,1996,11.000
vct,1997,11.000
vct,1998,11.000
vct,1999,11.000
vct,2000,10.000
vct,2001,10.000
vct,2002,10.000
vct,2003,10.000
vct,2004,10.000
vct,2005,10.000
vct,2006,10.000
vct,2007,10.000
vct,2008,10.000
vct,2009,10.000
vct,2010,10.000
vct,2011,11.000
vct,2012,11.000
vct,2013,11.000
vct,2014,11.000
vct,2015,11.000
vct,2016,11.000
vct,2017,11.000
vct,2018,11.000
vct,2019,11.000
vct,2020,10.000
vct,2021,10.000
vct,2022,10.000
vct,2023,9.0000
vct,2024,9.0000
ven,1991,3123.0
ven,1992,3342.0
ven,1993,3557.0
ven,1994,3718.0
ven,1995,3794.0
ven,1996,3775.0
ven,1997,3687.0
ven,1998,3613.0
ven,1999,3669.0
ven,2000,3922.0
ven,2001,4306.0
ven,2002,4733.0
ven,2003,5100.0
ven,2004,5316.0
ven,2005,5358.0
ven,2006,5381.0
ven,2007,5557.0
ven,2008,5845.0
ven,2009,6095.0
ven,2010,6199.0
ven,2011,6217.0
ven,2012,6231.0
ven,2013,6255.0
ven,2014,6268.0
ven,2015,6235.0
ven,2016,6130.0
ven,2017,5931.0
ven,2018,5849.0
ven,2019,5427.0
ven,2020,4812.0
ven,2021,4566.0
ven,2022,4411.0
ven,2023,4283.0
ven,2024,4142.0
vgb,1991,1.0000
vgb,1992,1.0000
vgb,1993,1.0000
vgb,1994,1.0000
vgb,1995,1.0000
vgb,1996,1.0000
vgb,1997,1.0000
vgb,1998,1.0000
vgb,1999,1.0000
vgb,2000,1.0000
vgb,2001,1.0000
vgb,2002,1.0000
vgb,2003,1.0000
vgb,2004,1.0000
vgb,2005,1.0000
vgb,2006,1.0000
vgb,2007,1.0000
vgb,2008,1.0000
vgb,2009,1.0000
vgb,2010,1.0000
vgb,2011,1.0000
vgb,2012,1.0000
vgb,2013,1.0000
vgb,2014,1.0000
vgb,2015,1.0000
vgb,2016,1.0000
vgb,2017,1.0000
vgb,2018,1.0000
vgb,2019,1.0000
vgb,2020,1.0000
vgb,2021,1.0000
vgb,2022,1.0000
vgb,2023,1.0000
vgb,2024,1.0000
vnm,1991,8894.0
vnm,1992,8930.0
vnm,1993,8941.0
vnm,1994,8921.0
vnm,1995,8826.0
vnm,1996,8788.0
vnm,1997,8741.0
vnm,1998,8690.0
vnm,1999,8609.0
vnm,2000,8555.0
vnm,2001,8525.0
vnm,2002,8500.0
vnm,2003,8429.0
vnm,2004,8330.0
vnm,2005,8232.0
vnm,2006,8128.0
vnm,2007,8075.0
vnm,2008,8017.0
vnm,2009,7945.0
vnm,2010,7829.0
vnm,2011,7636.0
vnm,2012,7367.0
vnm,2013,7036.0
vnm,2014,6677.0
vnm,2015,6360.0
vnm,2016,6085.0
vnm,2017,5793.0
vnm,2018,5520.0
vnm,2019,5346.0
vnm,2020,5247.0
vnm,2021,5130.0
vnm,2022,5019.0
vnm,2023,4977.0
vnm,2024,4913.0
vut,1991,23.000
vut,1992,23.000
vut,1993,22.000
vut,1994,21.000
vut,1995,21.000
vut,1996,21.000
vut,1997,22.000
vut,1998,23.000
vut,1999,24.000
vut,2000,25.000
vut,2001,26.000
vut,2002,26.000
vut,2003,27.000
vut,2004,27.000
vut,2005,27.000
vut,2006,28.000
vut,2007,28.000
vut,2008,28.000
vut,2009,27.000
vut,2010,27.000
vut,2011,27.000
vut,2012,26.000
vut,2013,25.000
vut,2014,25.000
vut,2015,24.000
vut,2016,24.000
vut,2017,24.000
vut,2018,25.000
vut,2019,25.000
vut,2020,26.000
vut,2021,27.000
vut,2022,27.000
vut,2023,28.000
vut,2024,29.000
wb_hi,1991,83903
wb_hi,1992,83506
wb_hi,1993,83221
wb_hi,1994,83585
wb_hi,1995,83624
wb_hi,1996,82667
wb_hi,1997,80549
wb_hi,1998,78890
wb_hi,1999,77710
wb_hi,2000,76517
wb_hi,2001,75109
wb_hi,2002,73587
wb_hi,2003,71613
wb_hi,2004,68948
wb_hi,2005,66208
wb_hi,2006,63947
wb_hi,2007,61552
wb_hi,2008,58516
wb_hi,2009,54944
wb_hi,2010,51276
wb_hi,2011,47892
wb_hi,2012,45919
wb_hi,2013,42579
wb_hi,2014,40920
wb_hi,2015,39771
wb_hi,2016,39010
wb_hi,2017,38588
wb_hi,2018,38369
wb_hi,2019,38351
wb_hi,2020,38719
wb_hi,2021,39431
wb_hi,2022,40259
wb_hi,2023,41155
wb_hi,2024,41124
wb_li,1991,204540
wb_li,1992,216730
wb_li,1993,234510
wb_li,1994,231470
wb_li,1995,317310
wb_li,1996,219860
wb_li,1997,225040
wb_li,1998,226130
wb_li,1999,247450
wb_li,2000,223190
wb_li,2001,213640
wb_li,2002,212510
wb_li,2003,212540
wb_li,2004,209820
wb_li,2005,212250
wb_li,2006,212520
wb_li,2007,209920
wb_li,2008,209080
wb_li,2009,210980
wb_li,2010,232770
wb_li,2011,214220
wb_li,2012,230000
wb_li,2013,222720
wb_li,2014,222030
wb_li,2015,233840
wb_li,2016,237950
wb_li,2017,240460
wb_li,2018,247220
wb_li,2019,234570
wb_li,2020,236900
wb_li,2021,227440
wb_li,2022,232570
wb_li,2023,249950
wb_li,2024,226100
wb_lmi,1991,613540
wb_lmi,1992,636560
wb_lmi,1993,624250
wb_lmi,1994,629050
wb_lmi,1995,632030
wb_lmi,1996,633990
wb_lmi,1997,636390
wb_lmi,1998,637630
wb_lmi,1999,637950
wb_lmi,2000,630530
wb_lmi,2001,624760
wb_lmi,2002,620180
wb_lmi,2003,614540
wb_lmi,2004,607140
wb_lmi,2005,605620
wb_lmi,2006,606230
wb_lmi,2007,585620
wb_lmi,2008,575900
wb_lmi,2009,578660
wb_lmi,2010,554070
wb_lmi,2011,554420
wb_lmi,2012,526700
wb_lmi,2013,513360
wb_lmi,2014,500910
wb_lmi,2015,487950
wb_lmi,2016,477350
wb_lmi,2017,464450
wb_lmi,2018,453240
wb_lmi,2019,442160
wb_lmi,2020,431520
wb_lmi,2021,420790
wb_lmi,2022,412310
wb_lmi,2023,404440
wb_lmi,2024,401880
wb_umi,1991,336120
wb_umi,1992,317780
wb_umi,1993,310010
wb_umi,1994,303210
wb_umi,1995,295460
wb_umi,1996,291220
wb_umi,1997,287350
wb_umi,1998,286100
wb_umi,1999,284690
wb_umi,2000,285240
wb_umi,2001,281420
wb_umi,2002,279650
wb_umi,2003,275500
wb_umi,2004,277060
wb_umi,2005,285210
wb_umi,2006,259460
wb_umi,2007,252340
wb_umi,2008,243000
wb_umi,2009,232220
wb_umi,2010,221980
wb_umi,2011,212360
wb_umi,2012,203820
wb_umi,2013,195590
wb_umi,2014,188850
wb_umi,2015,182790
wb_umi,2016,177530
wb_umi,2017,174630
wb_umi,2018,168780
wb_umi,2019,162700
wb_umi,2020,158990
wb_umi,2021,155570
wb_umi,2022,152580
wb_umi,2023,152470
wb_umi,2024,156820
world,1991,1288300
world,1992,1302300
world,1993,1297400
world,1994,1290600
world,1995,1374500
world,1996,1266200
world,1997,1266300
world,1998,1263100
world,1999,1282200
world,2000,1247900
world,2001,1226300
world,2002,1216500
world,2003,1203800
world,2004,1191700
world,2005,1198800
world,2006,1168600
world,2007,1135400
world,2008,1112700
world,2009,1104300
world,2010,1090100
world,2011,1056600
world,2012,1035500
world,2013,1004100
world,2014,984090
world,2015,977990
world,2016,967210
world,2017,955040
world,2018,947520
world,2019,919020
world,2020,910150
world,2021,888580
world,2022,884070
world,2023,898350
world,2024,875180
wsm,1991,17.000
wsm,1992,17.000
wsm,1993,17.000
wsm,1994,17.000
wsm,1995,17.000
wsm,1996,17.000
wsm,1997,16.000
wsm,1998,16.000
wsm,1999,16.000
wsm,2000,16.000
wsm,2001,16.000
wsm,2002,16.000
wsm,2003,16.000
wsm,2004,16.000
wsm,2005,16.000
wsm,2006,16.000
wsm,2007,15.000
wsm,2008,15.000
wsm,2009,15.000
wsm,2010,29.000
wsm,2011,15.000
wsm,2012,14.000
wsm,2013,14.000
wsm,2014,14.000
wsm,2015,13.000
wsm,2016,13.000
wsm,2017,13.000
wsm,2018,12.000
wsm,2019,12.000
wsm,2020,12.000
wsm,2021,11.000
wsm,2022,11.000
wsm,2023,11.000
wsm,2024,11.000
yem,1991,3194.0
yem,1992,3287.0
yem,1993,3391.0
yem,1994,3497.0
yem,1995,3754.0
yem,1996,3720.0
yem,1997,3831.0
yem,1998,3939.0
yem,1999,4022.0
yem,2000,4094.0
yem,2001,4168.0
yem,2002,4231.0
yem,2003,4270.0
yem,2004,4293.0
yem,2005,4327.0
yem,2006,4354.0
yem,2007,4378.0
yem,2008,4422.0
yem,2009,4472.0
yem,2010,4532.0
yem,2011,4580.0
yem,2012,4790.0
yem,2013,4945.0
yem,2014,4905.0
yem,2015,5132.0
yem,2016,6450.0
yem,2017,6431.0
yem,2018,6705.0
yem,2019,8045.0
yem,2020,7714.0
yem,2021,7130.0
yem,2022,7023.0
yem,2023,6190.0
yem,2024,5958.0
zaf,1991,6082.0
zaf,1992,6294.0
zaf,1993,6570.0
zaf,1994,6776.0
zaf,1995,7271.0
zaf,1996,8164.0
zaf,1997,9163.0
zaf,1998,10246
zaf,1999,11275
zaf,2000,12437
zaf,2001,13662
zaf,2002,14749
zaf,2003,15662
zaf,2004,16232
zaf,2005,16444
zaf,2006,16376
zaf,2007,16025
zaf,2008,15498
zaf,2009,14853
zaf,2010,14132
zaf,2011,13409
zaf,2012,12699
zaf,2013,12029
zaf,2014,11494
zaf,2015,11027
zaf,2016,10670
zaf,2017,10265
zaf,2018,9993.0
zaf,2019,9973.0
zaf,2020,9992.0
zaf,2021,10078
zaf,2022,10195
zaf,2023,10281
zaf,2024,10306
zmb,1991,4091.0
zmb,1992,4253.0
zmb,1993,4395.0
zmb,1994,4488.0
zmb,1995,4554.0
zmb,1996,4581.0
zmb,1997,4576.0
zmb,1998,4549.0
zmb,1999,4531.0
zmb,2000,4506.0
zmb,2001,4486.0
zmb,2002,4491.0
zmb,2003,4491.0
zmb,2004,4459.0
zmb,2005,4405.0
zmb,2006,4354.0
zmb,2007,4297.0
zmb,2008,4241.0
zmb,2009,4204.0
zmb,2010,4162.0
zmb,2011,4115.0
zmb,2012,4076.0
zmb,2013,4017.0
zmb,2014,3953.0
zmb,2015,3849.0
zmb,2016,3786.0
zmb,2017,3698.0
zmb,2018,3608.0
zmb,2019,3537.0
zmb,2020,3494.0
zmb,2021,3478.0
zmb,2022,3448.0
zmb,2023,3424.0
zmb,2024,3383.0
zwe,1991,2261.0
zwe,1992,2503.0
zwe,1993,2750.0
zwe,1994,2966.0
zwe,1995,3204.0
zwe,1996,3462.0
zwe,1997,3755.0
zwe,1998,4036.0
zwe,1999,4281.0
zwe,2000,4492.0
zwe,2001,4637.0
zwe,2002,4719.0
zwe,2003,4732.0
zwe,2004,4673.0
zwe,2005,4572.0
zwe,2006,4443.0
zwe,2007,4345.0
zwe,2008,4313.0
zwe,2009,4352.0
zwe,2010,4412.0
zwe,2011,4499.0
zwe,2012,4567.0
zwe,2013,4591.0
zwe,2014,4571.0
zwe,2015,4569.0
zwe,2016,4544.0
zwe,2017,4507.0
zwe,2018,4443.0
zwe,2019,4348.0
zwe,2020,4263.0
zwe,2021,4168.0
zwe,2022,4075.0
zwe,2023,3998.0
zwe,2024,3901.0
