geo,year,mr_15_19_lower
afg,1991,18.426
afg,1992,17.853
afg,1993,17.052
afg,1994,10.629
afg,1995,12.206
afg,1996,10.540
afg,1997,9.9168
afg,1998,9.4734
afg,1999,9.9147
afg,2000,8.2286
afg,2001,7.9383
afg,2002,7.5652
afg,2003,6.3492
afg,2004,6.0471
afg,2005,5.8335
afg,2006,5.6946
afg,2007,6.3412
afg,2008,6.8276
afg,2009,6.8341
afg,2010,7.0711
afg,2011,7.5978
afg,2012,8.1279
afg,2013,8.7126
afg,2014,8.6785
afg,2015,10.083
afg,2016,10.715
afg,2017,10.759
afg,2018,11.617
afg,2019,11.573
afg,2020,10.826
afg,2021,10.206
afg,2022,10.319
afg,2023,7.3548
afg,2024,6.9380
ago,1991,27.663
ago,1992,24.660
ago,1993,26.999
ago,1994,28.464
ago,1995,26.330
ago,1996,21.113
ago,1997,20.998
ago,1998,20.819
ago,1999,22.938
ago,2000,23.290
ago,2001,22.160
ago,2002,22.160
ago,2003,21.035
ago,2004,18.486
ago,2005,17.885
ago,2006,17.253
ago,2007,16.553
ago,2008,15.847
ago,2009,15.157
ago,2010,14.479
ago,2011,13.813
ago,2012,13.184
ago,2013,12.584
ago,2014,12.037
ago,2015,11.563
ago,2016,11.160
ago,2017,10.797
ago,2018,10.475
ago,2019,10.182
ago,2020,9.9158
ago,2021,9.6580
ago,2022,9.4130
ago,2023,9.1689
ago,2024,8.9351
aia,1991,3.4198
aia,1992,3.3321
aia,1993,3.2412
aia,1994,3.1558
aia,1995,3.0750
aia,1996,2.9979
aia,1997,2.9264
aia,1998,2.8587
aia,1999,2.7939
aia,2000,2.7358
aia,2001,2.6801
aia,2002,2.6280
aia,2003,2.5769
aia,2004,2.5293
aia,2005,2.4851
aia,2006,2.4438
aia,2007,2.4054
aia,2008,2.3646
aia,2009,2.3272
aia,2010,2.2924
aia,2011,2.2577
aia,2012,2.2244
aia,2013,2.1923
aia,2014,2.1610
aia,2015,2.1292
aia,2016,2.0949
aia,2017,2.0618
aia,2018,2.0294
aia,2019,1.9964
aia,2020,1.9677
aia,2021,1.9355
aia,2022,1.9014
aia,2023,1.8691
aia,2024,1.8399
alb,1991,3.0776
alb,1992,3.2858
alb,1993,3.4388
alb,1994,3.5248
alb,1995,3.5659
alb,1996,3.6123
alb,1997,3.6711
alb,1998,4.3871
alb,1999,3.6299
alb,2000,3.4672
alb,2001,3.2322
alb,2002,2.9640
alb,2003,2.7113
alb,2004,2.5266
alb,2005,2.4050
alb,2006,2.3354
alb,2007,2.3113
alb,2008,2.3129
alb,2009,2.3365
alb,2010,2.3675
alb,2011,2.3936
alb,2012,2.3954
alb,2013,2.3640
alb,2014,2.2803
alb,2015,2.1591
alb,2016,2.0175
alb,2017,1.8751
alb,2018,1.7413
alb,2019,1.6268
alb,2020,1.5271
alb,2021,1.4380
alb,2022,1.3551
alb,2023,1.4416
alb,2024,1.2068
and,1991,2.8398
and,1992,2.7293
and,1993,2.6255
and,1994,2.5327
and,1995,2.4435
and,1996,2.3547
and,1997,2.2651
and,1998,2.1882
and,1999,2.1105
and,2000,2.0368
and,2001,1.9677
and,2002,1.9044
and,2003,1.8431
and,2004,1.7831
and,2005,1.7243
and,2006,1.6707
and,2007,1.6105
and,2008,1.5554
and,2009,1.5003
and,2010,1.4483
and,2011,1.3994
and,2012,1.3524
and,2013,1.3059
and,2014,1.2620
and,2015,1.2164
and,2016,1.1752
and,2017,1.1355
and,2018,1.0999
and,2019,1.0705
and,2020,1.0427
and,2021,1.0165
and,2022,0.99391
and,2023,0.97081
and,2024,0.94835
are,1991,2.4573
are,1992,2.4024
are,1993,2.3546
are,1994,2.3121
are,1995,2.2744
are,1996,2.2412
are,1997,2.2123
are,1998,2.1874
are,1999,2.1655
are,2000,2.1455
are,2001,2.1273
are,2002,2.1107
are,2003,2.0942
are,2004,2.0785
are,2005,2.0623
are,2006,2.0455
are,2007,2.0293
are,2008,2.0123
are,2009,1.9954
are,2010,1.9778
are,2011,1.9593
are,2012,1.9410
are,2013,1.9214
are,2014,1.8996
are,2015,1.8755
are,2016,1.8480
are,2017,1.8166
are,2018,1.7816
are,2019,1.7435
are,2020,1.7039
are,2021,1.6638
are,2022,1.6245
are,2023,1.5860
are,2024,1.5503
arg,1991,3.5762
arg,1992,3.5456
arg,1993,3.5501
arg,1994,3.5757
arg,1995,3.5983
arg,1996,3.6218
arg,1997,3.6628
arg,1998,3.7250
arg,1999,3.7894
arg,2000,3.8399
arg,2001,3.8565
arg,2002,3.8097
arg,2003,3.7039
arg,2004,3.5823
arg,2005,3.4953
arg,2006,3.4624
arg,2007,3.4891
arg,2008,3.5730
arg,2009,3.6788
arg,2010,3.7767
arg,2011,3.8513
arg,2012,3.9046
arg,2013,3.9334
arg,2014,3.9123
arg,2015,3.8309
arg,2016,3.7045
arg,2017,3.5591
arg,2018,3.4146
arg,2019,3.2701
arg,2020,3.1271
arg,2021,3.0059
arg,2022,2.9244
arg,2023,2.8788
arg,2024,2.8237
arm,1991,2.3606
arm,1992,2.4018
arm,1993,2.8802
arm,1994,3.8559
arm,1995,4.6525
arm,1996,4.3648
arm,1997,3.4295
arm,1998,2.7025
arm,1999,2.3584
arm,2000,2.1533
arm,2001,1.9497
arm,2002,1.7509
arm,2003,1.6290
arm,2004,1.6094
arm,2005,1.6534
arm,2006,1.7422
arm,2007,1.8512
arm,2008,1.9597
arm,2009,2.0584
arm,2010,2.1102
arm,2011,2.1263
arm,2012,2.0882
arm,2013,2.0104
arm,2014,1.9823
arm,2015,2.0981
arm,2016,2.4481
arm,2017,2.8238
arm,2018,2.8333
arm,2019,2.3986
arm,2020,1.9450
arm,2021,1.8054
arm,2022,1.9166
arm,2023,2.2565
arm,2024,2.0521
atg,1991,1.6433
atg,1992,1.8639
atg,1993,2.1067
atg,1994,2.3581
atg,1995,2.6123
atg,1996,2.8721
atg,1997,3.0993
atg,1998,3.3000
atg,1999,3.4432
atg,2000,3.5164
atg,2001,3.5505
atg,2002,3.5297
atg,2003,3.4713
atg,2004,3.3979
atg,2005,3.3153
atg,2006,3.2432
atg,2007,3.1656
atg,2008,3.0953
atg,2009,3.0312
atg,2010,2.9533
atg,2011,2.8554
atg,2012,2.7466
atg,2013,2.6206
atg,2014,2.4866
atg,2015,2.3437
atg,2016,2.1737
atg,2017,1.9964
atg,2018,1.8157
atg,2019,1.6400
atg,2020,1.4661
atg,2021,1.3148
atg,2022,1.1918
atg,2023,1.1026
atg,2024,1.0299
aus,1991,3.1982
aus,1992,2.9856
aus,1993,2.8199
aus,1994,2.7301
aus,1995,2.7083
aus,1996,2.7499
aus,1997,2.8189
aus,1998,2.8683
aus,1999,2.8547
aus,2000,2.7594
aus,2001,2.5811
aus,2002,2.3715
aus,2003,2.1920
aus,2004,2.0707
aus,2005,1.9874
aus,2006,1.9249
aus,2007,1.8695
aus,2008,1.8132
aus,2009,1.7524
aus,2010,1.6945
aus,2011,1.6468
aus,2012,1.6052
aus,2013,1.5617
aus,2014,1.5144
aus,2015,1.4760
aus,2016,1.4572
aus,2017,1.4594
aus,2018,1.4778
aus,2019,1.5044
aus,2020,1.5224
aus,2021,1.5162
aus,2022,1.4802
aus,2023,1.4125
aus,2024,1.3241
aut,1991,3.4740
aut,1992,3.4705
aut,1993,3.4629
aut,1994,3.4336
aut,1995,3.3613
aut,1996,3.2353
aut,1997,3.0825
aut,1998,2.9372
aut,1999,2.8201
aut,2000,2.7309
aut,2001,2.6621
aut,2002,2.6094
aut,2003,2.5644
aut,2004,2.5217
aut,2005,2.4688
aut,2006,2.3968
aut,2007,2.3073
aut,2008,2.2084
aut,2009,2.1019
aut,2010,1.9867
aut,2011,1.8613
aut,2012,1.7349
aut,2013,1.6182
aut,2014,1.5177
aut,2015,1.4373
aut,2016,1.3790
aut,2017,1.3409
aut,2018,1.3206
aut,2019,1.3171
aut,2020,1.3317
aut,2021,1.3630
aut,2022,1.4101
aut,2023,1.4686
aut,2024,1.5278
aze,1991,2.4132
aze,1992,4.3847
aze,1993,9.1909
aze,1994,10.991
aze,1995,8.8890
aze,1996,6.3356
aze,1997,4.2282
aze,1998,3.2978
aze,1999,3.3211
aze,2000,3.5803
aze,2001,3.4340
aze,2002,2.9883
aze,2003,2.6820
aze,2004,2.6508
aze,2005,2.7378
aze,2006,2.8209
aze,2007,2.8308
aze,2008,2.7337
aze,2009,2.7444
aze,2010,2.4256
aze,2011,2.3745
aze,2012,2.3840
aze,2013,2.5765
aze,2014,2.4260
aze,2015,2.5684
aze,2016,2.5260
aze,2017,2.4672
aze,2018,2.4389
aze,2019,2.3128
aze,2020,2.4252
aze,2021,4.9180
aze,2022,2.8654
aze,2023,2.9233
aze,2024,2.7345
bdi,1991,22.203
bdi,1992,23.451
bdi,1993,24.675
bdi,1994,45.561
bdi,1995,26.592
bdi,1996,26.694
bdi,1997,26.283
bdi,1998,25.380
bdi,1999,23.912
bdi,2000,22.191
bdi,2001,22.305
bdi,2002,20.463
bdi,2003,17.700
bdi,2004,15.044
bdi,2005,13.539
bdi,2006,12.112
bdi,2007,10.767
bdi,2008,9.6127
bdi,2009,8.7096
bdi,2010,8.0054
bdi,2011,7.5455
bdi,2012,7.2595
bdi,2013,7.0522
bdi,2014,6.8859
bdi,2015,6.7067
bdi,2016,6.5022
bdi,2017,6.2897
bdi,2018,6.0308
bdi,2019,5.8094
bdi,2020,5.5798
bdi,2021,5.3213
bdi,2022,5.0524
bdi,2023,4.7836
bdi,2024,4.5324
bel,1991,2.9792
bel,1992,2.9463
bel,1993,2.9009
bel,1994,2.8465
bel,1995,2.7835
bel,1996,2.7085
bel,1997,2.6276
bel,1998,2.5616
bel,1999,2.5258
bel,2000,2.5018
bel,2001,2.4535
bel,2002,2.3601
bel,2003,2.2332
bel,2004,2.0887
bel,2005,1.9497
bel,2006,1.8412
bel,2007,1.7690
bel,2008,1.7146
bel,2009,1.6613
bel,2010,1.6021
bel,2011,1.5366
bel,2012,1.4661
bel,2013,1.3960
bel,2014,1.3304
bel,2015,1.2702
bel,2016,1.2138
bel,2017,1.1626
bel,2018,1.1154
bel,2019,1.0728
bel,2020,1.0346
bel,2021,1.0034
bel,2022,0.97700
bel,2023,0.94987
bel,2024,0.90619
ben,1991,10.494
ben,1992,10.187
ben,1993,9.9132
ben,1994,9.6908
ben,1995,9.4726
ben,1996,9.2837
ben,1997,9.0529
ben,1998,8.7970
ben,1999,8.5576
ben,2000,8.3116
ben,2001,8.1473
ben,2002,7.9255
ben,2003,7.7481
ben,2004,7.6015
ben,2005,7.4320
ben,2006,7.2902
ben,2007,7.2128
ben,2008,7.1558
ben,2009,7.1483
ben,2010,7.1871
ben,2011,7.2867
ben,2012,7.4344
ben,2013,7.6077
ben,2014,7.7322
ben,2015,7.8278
ben,2016,7.8885
ben,2017,7.9247
ben,2018,7.8496
ben,2019,7.6928
ben,2020,7.4545
ben,2021,7.1253
ben,2022,6.8115
ben,2023,6.5143
ben,2024,6.2219
bfa,1991,14.724
bfa,1992,14.537
bfa,1993,14.334
bfa,1994,14.139
bfa,1995,13.915
bfa,1996,13.618
bfa,1997,13.243
bfa,1998,12.833
bfa,1999,12.402
bfa,2000,11.916
bfa,2001,11.440
bfa,2002,10.950
bfa,2003,10.505
bfa,2004,10.079
bfa,2005,9.6832
bfa,2006,9.2942
bfa,2007,8.9133
bfa,2008,8.5358
bfa,2009,8.1502
bfa,2010,7.7802
bfa,2011,7.4305
bfa,2012,7.0860
bfa,2013,6.7765
bfa,2014,6.5037
bfa,2015,6.2489
bfa,2016,6.0186
bfa,2017,5.7910
bfa,2018,5.5681
bfa,2019,5.3347
bfa,2020,5.1108
bfa,2021,4.8594
bfa,2022,4.6319
bfa,2023,4.9024
bfa,2024,5.1420
bgd,1991,8.4670
bgd,1992,11.094
bgd,1993,8.8285
bgd,1994,8.9061
bgd,1995,8.6712
bgd,1996,8.2526
bgd,1997,7.7492
bgd,1998,7.1834
bgd,1999,6.4050
bgd,2000,5.4108
bgd,2001,4.6908
bgd,2002,4.5002
bgd,2003,4.5551
bgd,2004,4.7356
bgd,2005,4.9212
bgd,2006,5.0191
bgd,2007,5.0539
bgd,2008,5.0395
bgd,2009,5.0065
bgd,2010,4.9175
bgd,2011,4.7253
bgd,2012,4.5838
bgd,2013,4.5620
bgd,2014,4.7817
bgd,2015,5.0896
bgd,2016,5.2814
bgd,2017,5.3660
bgd,2018,5.3812
bgd,2019,5.3309
bgd,2020,5.1555
bgd,2021,4.6390
bgd,2022,3.8844
bgd,2023,3.1634
bgd,2024,2.6196
bgr,1991,3.4321
bgr,1992,3.4579
bgr,1993,3.4863
bgr,1994,3.4997
bgr,1995,3.4848
bgr,1996,3.4242
bgr,1997,3.3280
bgr,1998,3.2054
bgr,1999,3.0725
bgr,2000,2.9344
bgr,2001,2.7991
bgr,2002,2.6756
bgr,2003,2.5751
bgr,2004,2.5057
bgr,2005,2.4740
bgr,2006,2.4768
bgr,2007,2.4971
bgr,2008,2.5113
bgr,2009,2.5014
bgr,2010,2.4694
bgr,2011,2.4167
bgr,2012,2.3546
bgr,2013,2.2944
bgr,2014,2.2412
bgr,2015,2.1979
bgr,2016,2.1637
bgr,2017,2.1405
bgr,2018,2.1281
bgr,2019,2.1247
bgr,2020,2.1202
bgr,2021,2.1074
bgr,2022,2.0778
bgr,2023,2.0214
bgr,2024,1.9480
bhr,1991,2.5978
bhr,1992,2.6417
bhr,1993,2.6703
bhr,1994,2.6908
bhr,1995,2.6906
bhr,1996,2.6811
bhr,1997,2.6620
bhr,1998,2.6308
bhr,1999,2.5952
bhr,2000,2.5525
bhr,2001,2.5083
bhr,2002,2.4662
bhr,2003,2.4260
bhr,2004,2.3899
bhr,2005,2.3631
bhr,2006,2.3388
bhr,2007,2.3176
bhr,2008,2.2972
bhr,2009,2.2741
bhr,2010,2.2477
bhr,2011,2.2218
bhr,2012,2.1890
bhr,2013,2.1478
bhr,2014,2.0980
bhr,2015,2.0415
bhr,2016,1.9807
bhr,2017,1.9179
bhr,2018,1.8547
bhr,2019,1.7937
bhr,2020,1.7345
bhr,2021,1.6745
bhr,2022,1.6165
bhr,2023,1.5564
bhr,2024,1.4986
bhs,1991,3.1652
bhs,1992,3.4600
bhs,1993,3.7359
bhs,1994,3.9981
bhs,1995,4.2239
bhs,1996,4.4171
bhs,1997,4.5567
bhs,1998,4.6410
bhs,1999,4.6635
bhs,2000,4.6304
bhs,2001,4.5604
bhs,2002,4.4744
bhs,2003,4.4119
bhs,2004,4.3835
bhs,2005,4.3967
bhs,2006,4.4632
bhs,2007,4.5672
bhs,2008,4.7133
bhs,2009,4.8827
bhs,2010,5.0568
bhs,2011,5.2229
bhs,2012,5.3464
bhs,2013,5.4161
bhs,2014,5.3972
bhs,2015,5.2831
bhs,2016,5.0678
bhs,2017,4.7601
bhs,2018,4.3608
bhs,2019,3.9273
bhs,2020,5.2748
bhs,2021,3.0215
bhs,2022,2.6561
bhs,2023,2.3993
bhs,2024,2.2005
bih,1991,2.4103
bih,1992,2.5925
bih,1993,29.444
bih,1994,31.969
bih,1995,10.645
bih,1996,5.0815
bih,1997,2.0080
bih,1998,1.8139
bih,1999,1.6556
bih,2000,1.5396
bih,2001,1.4602
bih,2002,1.4144
bih,2003,1.3982
bih,2004,1.4080
bih,2005,1.4340
bih,2006,1.4660
bih,2007,1.4933
bih,2008,1.5055
bih,2009,1.5012
bih,2010,1.4837
bih,2011,1.4650
bih,2012,1.4532
bih,2013,1.4540
bih,2014,1.4716
bih,2015,1.4976
bih,2016,1.5266
bih,2017,1.5498
bih,2018,1.5552
bih,2019,1.5358
bih,2020,1.4985
bih,2021,1.4397
bih,2022,1.3680
bih,2023,1.2847
bih,2024,1.1994
blr,1991,4.1392
blr,1992,4.3509
blr,1993,4.4452
blr,1994,4.4503
blr,1995,4.4006
blr,1996,4.3316
blr,1997,4.2760
blr,1998,4.2388
blr,1999,4.2221
blr,2000,4.2134
blr,2001,4.1624
blr,2002,4.0257
blr,2003,3.8363
blr,2004,3.6640
blr,2005,3.5410
blr,2006,3.4343
blr,2007,3.3163
blr,2008,3.1948
blr,2009,3.0996
blr,2010,3.0309
blr,2011,2.9495
blr,2012,2.8247
blr,2013,2.6557
blr,2014,2.4547
blr,2015,2.2466
blr,2016,2.0519
blr,2017,1.8860
blr,2018,1.7480
blr,2019,1.6340
blr,2020,1.5423
blr,2021,1.4639
blr,2022,1.3822
blr,2023,1.2897
blr,2024,1.1982
blz,1991,2.3130
blz,1992,2.7127
blz,1993,3.1440
blz,1994,3.6155
blz,1995,4.1014
blz,1996,4.5789
blz,1997,5.0359
blz,1998,5.4185
blz,1999,5.6927
blz,2000,5.8676
blz,2001,5.9649
blz,2002,6.0076
blz,2003,6.0171
blz,2004,6.0154
blz,2005,6.0013
blz,2006,5.9974
blz,2007,5.9949
blz,2008,6.0112
blz,2009,6.0588
blz,2010,6.1055
blz,2011,6.1435
blz,2012,6.1296
blz,2013,6.0636
blz,2014,5.9363
blz,2015,5.7735
blz,2016,5.5998
blz,2017,5.4363
blz,2018,5.2700
blz,2019,5.1173
blz,2020,4.9826
blz,2021,4.8727
blz,2022,4.7885
blz,2023,4.7184
blz,2024,4.6580
bol,1991,9.0606
bol,1992,8.7624
bol,1993,8.5266
bol,1994,8.3163
bol,1995,8.1062
bol,1996,7.9014
bol,1997,7.7125
bol,1998,7.5153
bol,1999,7.3133
bol,2000,7.0740
bol,2001,6.8183
bol,2002,6.5397
bol,2003,6.2468
bol,2004,5.8938
bol,2005,5.5549
bol,2006,5.2068
bol,2007,4.8617
bol,2008,4.5372
bol,2009,4.2577
bol,2010,4.0077
bol,2011,3.7941
bol,2012,3.5898
bol,2013,3.3877
bol,2014,3.2093
bol,2015,3.0630
bol,2016,2.8944
bol,2017,2.7435
bol,2018,2.6070
bol,2019,2.4855
bol,2020,2.3476
bol,2021,2.2278
bol,2022,2.1222
bol,2023,1.9980
bol,2024,1.8990
bra,1991,5.2091
bra,1992,5.3148
bra,1993,5.4069
bra,1994,5.4844
bra,1995,5.5825
bra,1996,5.6753
bra,1997,5.7237
bra,1998,5.7210
bra,1999,5.6889
bra,2000,5.6824
bra,2001,5.6977
bra,2002,5.7200
bra,2003,5.7469
bra,2004,5.7449
bra,2005,5.7104
bra,2006,5.6658
bra,2007,5.6475
bra,2008,5.6860
bra,2009,5.7704
bra,2010,5.8977
bra,2011,6.0530
bra,2012,6.2337
bra,2013,6.4340
bra,2014,6.6138
bra,2015,6.7526
bra,2016,6.7914
bra,2017,6.6831
bra,2018,6.4228
bra,2019,6.0865
bra,2020,5.7640
bra,2021,5.4736
bra,2022,5.2021
bra,2023,4.9295
bra,2024,4.6362
brb,1991,3.7046
brb,1992,3.5692
brb,1993,3.4411
brb,1994,3.3138
brb,1995,3.2028
brb,1996,3.0983
brb,1997,3.0253
brb,1998,2.9805
brb,1999,2.9705
brb,2000,2.9822
brb,2001,3.0143
brb,2002,3.0522
brb,2003,3.0964
brb,2004,3.1297
brb,2005,3.1468
brb,2006,3.1409
brb,2007,3.1064
brb,2008,3.0423
brb,2009,2.9503
brb,2010,2.8344
brb,2011,2.7005
brb,2012,2.5521
brb,2013,2.3763
brb,2014,2.2006
brb,2015,2.0518
brb,2016,1.9196
brb,2017,1.8036
brb,2018,1.6953
brb,2019,1.5968
brb,2020,1.4963
brb,2021,1.4213
brb,2022,1.3374
brb,2023,1.2687
brb,2024,1.1974
brn,1991,3.6686
brn,1992,3.9019
brn,1993,4.0661
brn,1994,4.1530
brn,1995,4.1325
brn,1996,4.0158
brn,1997,3.8306
brn,1998,3.6005
brn,1999,3.3538
brn,2000,3.1058
brn,2001,2.8657
brn,2002,2.6467
brn,2003,2.4558
brn,2004,2.2878
brn,2005,2.1431
brn,2006,2.0215
brn,2007,1.9147
brn,2008,1.8282
brn,2009,1.7593
brn,2010,1.6917
brn,2011,1.6291
brn,2012,1.5681
brn,2013,1.5036
brn,2014,1.4454
brn,2015,1.3885
brn,2016,1.3377
brn,2017,1.2967
brn,2018,1.2679
brn,2019,1.2525
brn,2020,1.2513
brn,2021,1.2556
brn,2022,1.2638
brn,2023,1.2627
brn,2024,1.2534
btn,1991,10.185
btn,1992,10.109
btn,1993,9.9497
btn,1994,9.7111
btn,1995,9.4000
btn,1996,9.0734
btn,1997,8.7052
btn,1998,8.3373
btn,1999,7.9858
btn,2000,7.6769
btn,2001,7.3636
btn,2002,7.0894
btn,2003,6.8307
btn,2004,6.5828
btn,2005,6.3622
btn,2006,6.1387
btn,2007,5.9089
btn,2008,5.7047
btn,2009,5.4473
btn,2010,5.2180
btn,2011,4.9864
btn,2012,4.7307
btn,2013,4.4330
btn,2014,4.1820
btn,2015,3.9718
btn,2016,3.7601
btn,2017,3.5780
btn,2018,3.3835
btn,2019,3.2326
btn,2020,3.0476
btn,2021,2.8902
btn,2022,2.7405
btn,2023,2.5943
btn,2024,2.4470
bwa,1991,9.3138
bwa,1992,9.0902
bwa,1993,8.8371
bwa,1994,8.5316
bwa,1995,8.2010
bwa,1996,7.8671
bwa,1997,7.6173
bwa,1998,7.3572
bwa,1999,7.1722
bwa,2000,7.0202
bwa,2001,6.8467
bwa,2002,6.6414
bwa,2003,6.4306
bwa,2004,6.2204
bwa,2005,6.0064
bwa,2006,5.8071
bwa,2007,5.5896
bwa,2008,5.3889
bwa,2009,5.2286
bwa,2010,5.0499
bwa,2011,4.8850
bwa,2012,4.7240
bwa,2013,4.5549
bwa,2014,4.4110
bwa,2015,4.2655
bwa,2016,4.1398
bwa,2017,4.0441
bwa,2018,3.9452
bwa,2019,3.8517
bwa,2020,3.7680
bwa,2021,3.6778
bwa,2022,3.5870
bwa,2023,3.4722
bwa,2024,3.3513
caf,1991,14.050
caf,1992,14.042
caf,1993,13.969
caf,1994,13.912
caf,1995,13.822
caf,1996,13.670
caf,1997,13.541
caf,1998,13.378
caf,1999,13.221
caf,2000,13.053
caf,2001,12.873
caf,2002,12.692
caf,2003,12.444
caf,2004,12.155
caf,2005,11.791
caf,2006,11.356
caf,2007,10.822
caf,2008,10.243
caf,2009,9.6158
caf,2010,98.409
caf,2011,13.114
caf,2012,9.8366
caf,2013,8.7069
caf,2014,10.488
caf,2015,20.077
caf,2016,8.2692
caf,2017,9.0457
caf,2018,13.936
caf,2019,7.8646
caf,2020,29.558
caf,2021,8.3401
caf,2022,16.628
caf,2023,55.098
caf,2024,4.1466
can,1991,3.3600
can,1992,3.2129
can,1993,3.0653
can,1994,2.9344
can,1995,2.8350
can,1996,2.7584
can,1997,2.6953
can,1998,2.6347
can,1999,2.5743
can,2000,2.5138
can,2001,2.4509
can,2002,2.3892
can,2003,2.3311
can,2004,2.2829
can,2005,2.2496
can,2006,2.2169
can,2007,2.1657
can,2008,2.0910
can,2009,2.0096
can,2010,1.9405
can,2011,1.8788
can,2012,1.8120
can,2013,1.7410
can,2014,1.6843
can,2015,1.6595
can,2016,1.6643
can,2017,1.6860
can,2018,1.7156
can,2019,1.7458
can,2020,1.7688
can,2021,1.7833
can,2022,1.7898
can,2023,1.7859
can,2024,1.7615
che,1991,3.0685
che,1992,2.9950
che,1993,2.8945
che,1994,2.7724
che,1995,2.6391
che,1996,2.5054
che,1997,2.3767
che,1998,2.2595
che,1999,2.1536
che,2000,2.0633
che,2001,1.9873
che,2002,1.9225
che,2003,1.8637
che,2004,1.8074
che,2005,1.7501
che,2006,1.6887
che,2007,1.6210
che,2008,1.5452
che,2009,1.4641
che,2010,1.3811
che,2011,1.3004
che,2012,1.2277
che,2013,1.1676
che,2014,1.1210
che,2015,1.0895
che,2016,1.0715
che,2017,1.0649
che,2018,1.0658
che,2019,1.0720
che,2020,1.0768
che,2021,1.0781
che,2022,1.0736
che,2023,1.0626
che,2024,1.0480
chl,1991,3.2343
chl,1992,3.1626
chl,1993,3.1004
chl,1994,3.0622
chl,1995,3.0314
chl,1996,2.9925
chl,1997,2.9295
chl,1998,2.8272
chl,1999,2.6949
chl,2000,2.5762
chl,2001,2.5068
chl,2002,2.4755
chl,2003,2.4513
chl,2004,2.4168
chl,2005,2.3759
chl,2006,2.3405
chl,2007,2.3294
chl,2008,2.3657
chl,2009,2.4444
chl,2010,2.4914
chl,2011,2.4346
chl,2012,2.3082
chl,2013,2.1940
chl,2014,2.1297
chl,2015,2.0935
chl,2016,2.0601
chl,2017,2.0227
chl,2018,1.9791
chl,2019,1.9388
chl,2020,1.9257
chl,2021,1.9629
chl,2022,2.0286
chl,2023,2.0781
chl,2024,2.0795
chn,1991,4.2577
chn,1992,4.1266
chn,1993,3.9975
chn,1994,3.8609
chn,1995,3.7160
chn,1996,3.5761
chn,1997,3.4392
chn,1998,3.2920
chn,1999,3.1587
chn,2000,3.0228
chn,2001,2.8916
chn,2002,2.7679
chn,2003,2.6473
chn,2004,2.5312
chn,2005,2.4191
chn,2006,2.3107
chn,2007,2.1996
chn,2008,2.0834
chn,2009,1.9640
chn,2010,1.8385
chn,2011,1.7128
chn,2012,1.5930
chn,2013,1.4820
chn,2014,1.3733
chn,2015,1.2750
chn,2016,1.1935
chn,2017,1.1095
chn,2018,1.0362
chn,2019,0.96266
chn,2020,0.90757
chn,2021,0.84970
chn,2022,0.80330
chn,2023,0.75460
chn,2024,0.70581
civ,1991,9.7942
civ,1992,9.8723
civ,1993,9.9766
civ,1994,10.081
civ,1995,10.213
civ,1996,10.352
civ,1997,10.463
civ,1998,10.551
civ,1999,10.614
civ,2000,10.634
civ,2001,10.593
civ,2002,10.517
civ,2003,10.403
civ,2004,10.255
civ,2005,10.075
civ,2006,9.8929
civ,2007,9.7243
civ,2008,9.4967
civ,2009,9.2148
civ,2010,8.9228
civ,2011,8.6070
civ,2012,8.2424
civ,2013,7.9135
civ,2014,7.5452
civ,2015,7.1939
civ,2016,6.8867
civ,2017,6.5576
civ,2018,6.2253
civ,2019,5.8821
civ,2020,5.5133
civ,2021,5.1811
civ,2022,4.8388
civ,2023,4.5714
civ,2024,4.2942
cmr,1991,10.900
cmr,1992,10.879
cmr,1993,10.893
cmr,1994,10.915
cmr,1995,10.950
cmr,1996,11.022
cmr,1997,11.132
cmr,1998,11.268
cmr,1999,11.359
cmr,2000,11.414
cmr,2001,11.446
cmr,2002,11.436
cmr,2003,11.402
cmr,2004,11.302
cmr,2005,11.223
cmr,2006,11.098
cmr,2007,10.932
cmr,2008,10.770
cmr,2009,10.564
cmr,2010,10.349
cmr,2011,10.142
cmr,2012,9.9391
cmr,2013,9.7787
cmr,2014,9.5938
cmr,2015,9.4211
cmr,2016,9.2158
cmr,2017,9.0019
cmr,2018,8.7790
cmr,2019,8.5124
cmr,2020,8.2358
cmr,2021,7.9092
cmr,2022,7.4959
cmr,2023,7.1165
cmr,2024,6.7179
cod,1991,11.121
cod,1992,11.396
cod,1993,11.680
cod,1994,11.960
cod,1995,12.367
cod,1996,12.765
cod,1997,14.712
cod,1998,13.555
cod,1999,16.552
cod,2000,16.806
cod,2001,14.431
cod,2002,14.548
cod,2003,14.600
cod,2004,14.595
cod,2005,14.484
cod,2006,14.421
cod,2007,14.355
cod,2008,14.341
cod,2009,14.361
cod,2010,14.340
cod,2011,14.308
cod,2012,14.215
cod,2013,14.047
cod,2014,13.801
cod,2015,13.456
cod,2016,13.009
cod,2017,12.413
cod,2018,11.761
cod,2019,11.142
cod,2020,10.629
cod,2021,10.154
cod,2022,9.5962
cod,2023,9.0263
cod,2024,8.5807
cog,1991,13.731
cog,1992,14.099
cog,1993,14.349
cog,1994,14.299
cog,1995,14.236
cog,1996,14.018
cog,1997,13.687
cog,1998,23.377
cog,1999,16.019
cog,2000,12.913
cog,2001,11.316
cog,2002,10.609
cog,2003,9.9100
cog,2004,9.2649
cog,2005,8.6310
cog,2006,8.0334
cog,2007,7.4800
cog,2008,6.9283
cog,2009,6.3661
cog,2010,5.7619
cog,2011,5.2053
cog,2012,4.6719
cog,2013,4.1415
cog,2014,3.6865
cog,2015,3.3486
cog,2016,3.0863
cog,2017,2.8737
cog,2018,2.6862
cog,2019,2.5128
cog,2020,3.2906
cog,2021,2.2034
cog,2022,2.0959
cog,2023,1.9761
cog,2024,1.8589
cok,1991,5.6491
cok,1992,5.9489
cok,1993,6.1887
cok,1994,6.3868
cok,1995,6.5317
cok,1996,6.6856
cok,1997,6.7956
cok,1998,6.8476
cok,1999,6.8770
cok,2000,6.8723
cok,2001,6.8702
cok,2002,6.7366
cok,2003,6.5898
cok,2004,6.3705
cok,2005,6.1308
cok,2006,5.8021
cok,2007,5.4870
cok,2008,5.1338
cok,2009,4.7981
cok,2010,4.5260
cok,2011,4.2930
cok,2012,4.0844
cok,2013,3.9049
cok,2014,3.7338
cok,2015,3.5720
cok,2016,3.4097
cok,2017,3.2351
cok,2018,3.0560
cok,2019,2.8998
cok,2020,2.7671
cok,2021,2.6597
cok,2022,2.5417
cok,2023,2.4310
cok,2024,2.3014
col,1991,7.6303
col,1992,8.3664
col,1993,8.9916
col,1994,9.4337
col,1995,9.6014
col,1996,9.4790
col,1997,9.2148
col,1998,9.0413
col,1999,9.0780
col,2000,9.2112
col,2001,9.3240
col,2002,9.2150
col,2003,8.6722
col,2004,7.7478
col,2005,6.7986
col,2006,6.1054
col,2007,5.6912
col,2008,5.5295
col,2009,5.5765
col,2010,5.6780
col,2011,5.6972
col,2012,5.6086
col,2013,5.4539
col,2014,5.2789
col,2015,5.1052
col,2016,4.9633
col,2017,4.8472
col,2018,4.7534
col,2019,4.6864
col,2020,4.6534
col,2021,4.6682
col,2022,4.7114
col,2023,4.7437
col,2024,4.7160
com,1991,8.5010
com,1992,8.1459
com,1993,7.8077
com,1994,7.4960
com,1995,7.2074
com,1996,6.9458
com,1997,6.7187
com,1998,6.4783
com,1999,6.2571
com,2000,6.0355
com,2001,5.8340
com,2002,5.6292
com,2003,5.4161
com,2004,5.1931
com,2005,4.9655
com,2006,4.7491
com,2007,4.5572
com,2008,4.3516
com,2009,4.1617
com,2010,3.9718
com,2011,3.7959
com,2012,3.6326
com,2013,3.4809
com,2014,3.3094
com,2015,3.1542
com,2016,2.9893
com,2017,2.8313
com,2018,2.6802
com,2019,2.5224
com,2020,2.3869
com,2021,2.2870
com,2022,2.1695
com,2023,2.0701
com,2024,1.9647
cpv,1991,2.3347
cpv,1992,2.5312
cpv,1993,2.7123
cpv,1994,2.8865
cpv,1995,3.0360
cpv,1996,4.6156
cpv,1997,3.2706
cpv,1998,3.3267
cpv,1999,3.3464
cpv,2000,3.3296
cpv,2001,3.2782
cpv,2002,3.2099
cpv,2003,3.1452
cpv,2004,3.0840
cpv,2005,3.0340
cpv,2006,2.9973
cpv,2007,2.9666
cpv,2008,2.9376
cpv,2009,2.8982
cpv,2010,2.8461
cpv,2011,2.7805
cpv,2012,2.7062
cpv,2013,2.6264
cpv,2014,2.5433
cpv,2015,2.4503
cpv,2016,2.3606
cpv,2017,2.2650
cpv,2018,2.1741
cpv,2019,2.0818
cpv,2020,1.9881
cpv,2021,1.8942
cpv,2022,1.7935
cpv,2023,1.7023
cpv,2024,1.6105
cri,1991,2.5760
cri,1992,2.6500
cri,1993,2.7287
cri,1994,2.8109
cri,1995,2.8935
cri,1996,2.9696
cri,1997,3.0372
cri,1998,3.0866
cri,1999,3.0957
cri,2000,3.0524
cri,2001,2.9757
cri,2002,2.9099
cri,2003,2.8685
cri,2004,2.8265
cri,2005,2.7705
cri,2006,2.7345
cri,2007,2.7843
cri,2008,2.9229
cri,2009,3.0343
cri,2010,2.9856
cri,2011,2.8086
cri,2012,2.6233
cri,2013,2.5003
cri,2014,2.4705
cri,2015,2.5519
cri,2016,2.7002
cri,2017,2.8304
cri,2018,2.8742
cri,2019,2.8379
cri,2020,2.7487
cri,2021,2.6534
cri,2022,2.6142
cri,2023,2.6538
cri,2024,2.7025
cub,1991,4.4886
cub,1992,4.4797
cub,1993,4.4305
cub,1994,4.3404
cub,1995,4.2091
cub,1996,4.0330
cub,1997,3.8184
cub,1998,3.5729
cub,1999,3.3140
cub,2000,3.0661
cub,2001,2.8419
cub,2002,2.6499
cub,2003,2.4955
cub,2004,2.3715
cub,2005,2.2698
cub,2006,2.1857
cub,2007,2.1114
cub,2008,2.0470
cub,2009,1.9953
cub,2010,1.9584
cub,2011,1.9349
cub,2012,1.9187
cub,2013,1.9045
cub,2014,1.8931
cub,2015,1.8835
cub,2016,1.8758
cub,2017,1.8754
cub,2018,1.8853
cub,2019,1.9098
cub,2020,1.9489
cub,2021,2.0067
cub,2022,2.0802
cub,2023,2.1613
cub,2024,2.2189
cyp,1991,2.4982
cyp,1992,2.7017
cyp,1993,2.9003
cyp,1994,3.0720
cyp,1995,3.2088
cyp,1996,3.2945
cyp,1997,3.3320
cyp,1998,3.3219
cyp,1999,3.2773
cyp,2000,3.2024
cyp,2001,3.0991
cyp,2002,2.9681
cyp,2003,2.8171
cyp,2004,2.6390
cyp,2005,2.4407
cyp,2006,2.2221
cyp,2007,1.9967
cyp,2008,1.7784
cyp,2009,1.5804
cyp,2010,1.4113
cyp,2011,1.2732
cyp,2012,1.1626
cyp,2013,1.0785
cyp,2014,1.0162
cyp,2015,0.96877
cyp,2016,0.93077
cyp,2017,0.89919
cyp,2018,0.87132
cyp,2019,0.84432
cyp,2020,0.81451
cyp,2021,0.78352
cyp,2022,0.75132
cyp,2023,0.71241
cyp,2024,0.67495
cze,1991,2.8792
cze,1992,2.9224
cze,1993,2.9364
cze,1994,2.9111
cze,1995,2.8488
cze,1996,2.7626
cze,1997,2.6662
cze,1998,2.5778
cze,1999,2.5046
cze,2000,2.4437
cze,2001,2.3914
cze,2002,2.3388
cze,2003,2.2802
cze,2004,2.2124
cze,2005,2.1385
cze,2006,2.0646
cze,2007,1.9917
cze,2008,1.9225
cze,2009,1.8599
cze,2010,1.8020
cze,2011,1.7489
cze,2012,1.6976
cze,2013,1.6473
cze,2014,1.5975
cze,2015,1.5505
cze,2016,1.5086
cze,2017,1.4722
cze,2018,1.4407
cze,2019,1.4108
cze,2020,1.3828
cze,2021,1.3549
cze,2022,1.3260
cze,2023,1.2960
cze,2024,1.2636
deu,1991,2.7819
deu,1992,2.7860
deu,1993,2.7729
deu,1994,2.7343
deu,1995,2.6772
deu,1996,2.6130
deu,1997,2.5455
deu,1998,2.4771
deu,1999,2.4078
deu,2000,2.3323
deu,2001,2.2434
deu,2002,2.1389
deu,2003,2.0160
deu,2004,1.8817
deu,2005,1.7513
deu,2006,1.6389
deu,2007,1.5461
deu,2008,1.4735
deu,2009,1.4175
deu,2010,1.3702
deu,2011,1.3238
deu,2012,1.2776
deu,2013,1.2359
deu,2014,1.2007
deu,2015,1.1721
deu,2016,1.1491
deu,2017,1.1307
deu,2018,1.1139
deu,2019,1.1002
deu,2020,1.0931
deu,2021,1.0978
deu,2022,1.1119
deu,2023,1.1307
deu,2024,1.1466
dji,1991,13.518
dji,1992,14.374
dji,1993,15.752
dji,1994,13.055
dji,1995,12.943
dji,1996,12.830
dji,1997,12.721
dji,1998,12.601
dji,1999,12.455
dji,2000,12.298
dji,2001,12.127
dji,2002,11.935
dji,2003,11.730
dji,2004,11.521
dji,2005,11.315
dji,2006,11.107
dji,2007,10.895
dji,2008,10.672
dji,2009,10.452
dji,2010,10.252
dji,2011,10.047
dji,2012,9.8388
dji,2013,9.6344
dji,2014,9.4329
dji,2015,9.2363
dji,2016,9.0357
dji,2017,8.8537
dji,2018,8.6594
dji,2019,8.4760
dji,2020,8.2833
dji,2021,8.0958
dji,2022,7.9143
dji,2023,7.7426
dji,2024,7.5628
dma,1991,2.8717
dma,1992,2.8838
dma,1993,2.8929
dma,1994,2.9073
dma,1995,2.8768
dma,1996,2.8470
dma,1997,2.7955
dma,1998,2.7396
dma,1999,2.6802
dma,2000,2.5964
dma,2001,2.5128
dma,2002,2.4202
dma,2003,2.3264
dma,2004,2.2286
dma,2005,2.1415
dma,2006,2.0616
dma,2007,2.0000
dma,2008,1.9654
dma,2009,1.9473
dma,2010,1.9402
dma,2011,1.9553
dma,2012,1.9757
dma,2013,1.9910
dma,2014,2.0056
dma,2015,2.0203
dma,2016,2.0357
dma,2017,2.0451
dma,2018,2.0446
dma,2019,2.0334
dma,2020,2.0182
dma,2021,1.9948
dma,2022,1.9465
dma,2023,1.8690
dma,2024,1.7746
dnk,1991,2.1806
dnk,1992,2.1312
dnk,1993,2.0994
dnk,1994,2.0803
dnk,1995,2.0718
dnk,1996,2.0664
dnk,1997,2.0610
dnk,1998,2.0531
dnk,1999,2.0411
dnk,2000,2.0224
dnk,2001,1.9924
dnk,2002,1.9477
dnk,2003,1.8897
dnk,2004,1.8218
dnk,2005,1.7516
dnk,2006,1.6772
dnk,2007,1.5993
dnk,2008,1.5136
dnk,2009,1.4208
dnk,2010,1.3176
dnk,2011,1.2143
dnk,2012,1.1183
dnk,2013,1.0369
dnk,2014,0.97451
dnk,2015,0.92969
dnk,2016,0.90271
dnk,2017,0.88593
dnk,2018,0.87560
dnk,2019,0.86745
dnk,2020,0.86083
dnk,2021,0.85336
dnk,2022,0.84274
dnk,2023,0.82866
dnk,2024,0.81327
dom,1991,3.9246
dom,1992,4.2473
dom,1993,4.5554
dom,1994,4.8536
dom,1995,5.1046
dom,1996,5.3210
dom,1997,5.5028
dom,1998,5.6523
dom,1999,5.7538
dom,2000,5.8125
dom,2001,5.8528
dom,2002,5.8774
dom,2003,5.8705
dom,2004,5.8034
dom,2005,5.7305
dom,2006,5.6565
dom,2007,5.5434
dom,2008,5.4069
dom,2009,5.2356
dom,2010,5.0244
dom,2011,4.7809
dom,2012,4.4797
dom,2013,4.1396
dom,2014,3.7884
dom,2015,3.4826
dom,2016,3.2423
dom,2017,3.0210
dom,2018,2.8422
dom,2019,2.6648
dom,2020,2.4915
dom,2021,2.3410
dom,2022,2.1898
dom,2023,2.0595
dom,2024,1.9398
dza,1991,4.7233
dza,1992,4.6351
dza,1993,4.5753
dza,1994,4.5303
dza,1995,5.1379
dza,1996,4.8334
dza,1997,4.3845
dza,1998,4.6449
dza,1999,4.6183
dza,2000,3.9756
dza,2001,3.8013
dza,2002,3.6197
dza,2003,3.4258
dza,2004,3.2341
dza,2005,3.0685
dza,2006,2.9579
dza,2007,2.8896
dza,2008,2.8437
dza,2009,2.8068
dza,2010,2.7689
dza,2011,2.7313
dza,2012,2.6977
dza,2013,2.6760
dza,2014,2.6694
dza,2015,2.6668
dza,2016,2.6575
dza,2017,2.6378
dza,2018,2.6056
dza,2019,2.5628
dza,2020,2.5163
dza,2021,2.4768
dza,2022,2.4524
dza,2023,2.4556
dza,2024,2.4714
ecu,1991,5.7080
ecu,1992,5.5899
ecu,1993,5.4673
ecu,1994,5.3789
ecu,1995,5.3302
ecu,1996,5.3206
ecu,1997,5.3294
ecu,1998,5.3342
ecu,1999,5.3249
ecu,2000,5.2979
ecu,2001,5.2615
ecu,2002,5.2241
ecu,2003,5.1999
ecu,2004,5.2193
ecu,2005,5.2636
ecu,2006,5.3339
ecu,2007,5.4165
ecu,2008,5.4728
ecu,2009,5.5018
ecu,2010,5.4775
ecu,2011,5.3761
ecu,2012,5.1925
ecu,2013,4.9441
ecu,2014,4.6759
ecu,2015,4.4233
ecu,2016,4.2268
ecu,2017,4.0625
ecu,2018,3.8992
ecu,2019,3.7555
ecu,2020,3.7079
ecu,2021,3.8579
ecu,2022,4.2643
ecu,2023,5.0008
ecu,2024,6.0707
egy,1991,6.0972
egy,1992,5.6813
egy,1993,5.3408
egy,1994,5.1042
egy,1995,4.9228
egy,1996,4.7553
egy,1997,4.5820
egy,1998,4.4013
egy,1999,4.2249
egy,2000,4.0573
egy,2001,3.9109
egy,2002,3.7926
egy,2003,3.6735
egy,2004,3.5491
egy,2005,3.4285
egy,2006,3.3289
egy,2007,3.2639
egy,2008,3.2317
egy,2009,3.2533
egy,2010,3.3327
egy,2011,3.4658
egy,2012,3.6276
egy,2013,3.7516
egy,2014,3.7850
egy,2015,3.7297
egy,2016,3.6160
egy,2017,3.4824
egy,2018,3.3628
egy,2019,3.2920
egy,2020,3.2811
egy,2021,3.3283
egy,2022,3.4087
egy,2023,3.4680
egy,2024,3.4202
eri,1991,18.018
eri,1992,17.575
eri,1993,15.310
eri,1994,14.687
eri,1995,14.048
eri,1996,13.417
eri,1997,12.820
eri,1998,12.273
eri,1999,23.134
eri,2000,32.708
eri,2001,12.638
eri,2002,10.540
eri,2003,10.195
eri,2004,9.8708
eri,2005,9.5654
eri,2006,9.2746
eri,2007,9.0002
eri,2008,8.7355
eri,2009,8.4884
eri,2010,8.2595
eri,2011,8.0477
eri,2012,7.8497
eri,2013,7.6622
eri,2014,7.4715
eri,2015,7.2975
eri,2016,7.1213
eri,2017,6.9564
eri,2018,6.8067
eri,2019,6.6436
eri,2020,6.4895
eri,2021,6.3440
eri,2022,6.2120
eri,2023,6.0696
eri,2024,5.9238
esp,1991,3.2254
esp,1992,3.0457
esp,1993,2.7548
esp,1994,2.4739
esp,1995,2.2932
esp,1996,2.2077
esp,1997,2.1876
esp,1998,2.2090
esp,1999,2.2354
esp,2000,2.2319
esp,2001,2.1942
esp,2002,2.1416
esp,2003,2.0917
esp,2004,2.0336
esp,2005,1.9598
esp,2006,1.8672
esp,2007,1.7555
esp,2008,1.6303
esp,2009,1.4895
esp,2010,1.3373
esp,2011,1.1882
esp,2012,1.0621
esp,2013,0.96748
esp,2014,0.90392
esp,2015,0.87082
esp,2016,0.85708
esp,2017,0.84943
esp,2018,0.84114
esp,2019,0.83254
esp,2020,0.82594
esp,2021,0.82629
esp,2022,0.83672
esp,2023,0.85684
esp,2024,0.86884
est,1991,5.0711
est,1992,5.3890
est,1993,5.6310
est,1994,5.7135
est,1995,5.5993
est,1996,5.2853
est,1997,4.8630
est,1998,4.4648
est,1999,4.1590
est,2000,3.9410
est,2001,3.8057
est,2002,3.7137
est,2003,3.6284
est,2004,3.5307
est,2005,3.4051
est,2006,3.2656
est,2007,3.1026
est,2008,2.9098
est,2009,2.6910
est,2010,2.4771
est,2011,2.2960
est,2012,2.1473
est,2013,2.0311
est,2014,1.9442
est,2015,1.8797
est,2016,1.8237
est,2017,1.7733
est,2018,1.7311
est,2019,1.6985
est,2020,1.6744
est,2021,1.6641
est,2022,1.6632
est,2023,1.6597
est,2024,1.6498
eth,1991,23.998
eth,1992,22.025
eth,1993,22.174
eth,1994,22.071
eth,1995,21.705
eth,1996,21.173
eth,1997,20.507
eth,1998,19.797
eth,1999,18.993
eth,2000,19.716
eth,2001,17.278
eth,2002,16.453
eth,2003,15.695
eth,2004,14.951
eth,2005,14.247
eth,2006,13.514
eth,2007,12.798
eth,2008,12.065
eth,2009,11.295
eth,2010,10.510
eth,2011,9.7213
eth,2012,8.9592
eth,2013,8.2295
eth,2014,7.5218
eth,2015,6.8256
eth,2016,6.2173
eth,2017,5.7340
eth,2018,5.3488
eth,2019,5.0671
eth,2020,4.8186
eth,2021,4.6140
eth,2022,4.3648
eth,2023,4.1535
eth,2024,3.9174
fin,1991,3.3335
fin,1992,3.1775
fin,1993,2.9595
fin,1994,2.7363
fin,1995,2.5448
fin,1996,2.4087
fin,1997,2.3297
fin,1998,2.3028
fin,1999,2.3128
fin,2000,2.3327
fin,2001,2.3367
fin,2002,2.3145
fin,2003,2.2701
fin,2004,2.2173
fin,2005,2.1710
fin,2006,2.1481
fin,2007,2.1381
fin,2008,2.1215
fin,2009,2.0811
fin,2010,2.0110
fin,2011,1.9120
fin,2012,1.7910
fin,2013,1.6664
fin,2014,1.5538
fin,2015,1.4788
fin,2016,1.4593
fin,2017,1.4880
fin,2018,1.5446
fin,2019,1.6094
fin,2020,1.6633
fin,2021,1.6916
fin,2022,1.7075
fin,2023,1.7372
fin,2024,1.7943
fji,1991,3.1534
fji,1992,3.3826
fji,1993,3.6448
fji,1994,3.8720
fji,1995,4.1008
fji,1996,4.3322
fji,1997,4.5363
fji,1998,4.7238
fji,1999,4.9027
fji,2000,5.0455
fji,2001,5.1629
fji,2002,5.2487
fji,2003,5.2892
fji,2004,5.2856
fji,2005,5.2227
fji,2006,5.1173
fji,2007,4.9707
fji,2008,4.7909
fji,2009,4.6016
fji,2010,4.4219
fji,2011,4.2533
fji,2012,4.1087
fji,2013,3.9855
fji,2014,3.8776
fji,2015,3.7898
fji,2016,3.7156
fji,2017,3.6722
fji,2018,3.6448
fji,2019,3.6187
fji,2020,3.5645
fji,2021,3.4878
fji,2022,3.3573
fji,2023,3.1861
fji,2024,2.9979
fra,1991,2.7352
fra,1992,2.6750
fra,1993,2.6012
fra,1994,2.5156
fra,1995,2.4323
fra,1996,2.3717
fra,1997,2.3371
fra,1998,2.3182
fra,1999,2.3038
fra,2000,2.2727
fra,2001,2.2095
fra,2002,2.1135
fra,2003,1.9924
fra,2004,1.8581
fra,2005,1.7287
fra,2006,1.6242
fra,2007,1.5452
fra,2008,1.4855
fra,2009,1.4386
fra,2010,1.3904
fra,2011,1.3340
fra,2012,1.2708
fra,2013,1.2068
fra,2014,1.1472
fra,2015,1.0997
fra,2016,1.0685
fra,2017,1.0488
fra,2018,1.0332
fra,2019,1.0188
fra,2020,1.0086
fra,2021,1.0063
fra,2022,1.0115
fra,2023,1.0210
fra,2024,1.0283
fsm,1991,5.4689
fsm,1992,5.3942
fsm,1993,5.3308
fsm,1994,5.2737
fsm,1995,5.2160
fsm,1996,5.1579
fsm,1997,5.0912
fsm,1998,5.0155
fsm,1999,4.9379
fsm,2000,4.8580
fsm,2001,4.7819
fsm,2002,4.7189
fsm,2003,4.6682
fsm,2004,4.6328
fsm,2005,4.6089
fsm,2006,4.5934
fsm,2007,4.5956
fsm,2008,4.5836
fsm,2009,4.5586
fsm,2010,4.5209
fsm,2011,4.4729
fsm,2012,4.4197
fsm,2013,4.3529
fsm,2014,4.2856
fsm,2015,4.2170
fsm,2016,4.1439
fsm,2017,4.0726
fsm,2018,4.0038
fsm,2019,3.9389
fsm,2020,3.8763
fsm,2021,3.8064
fsm,2022,3.7408
fsm,2023,3.6734
fsm,2024,3.6046
gab,1991,5.6513
gab,1992,6.1290
gab,1993,6.5713
gab,1994,6.9533
gab,1995,7.3050
gab,1996,7.5823
gab,1997,7.7880
gab,1998,7.9342
gab,1999,8.0554
gab,2000,8.1330
gab,2001,8.1318
gab,2002,8.1409
gab,2003,8.0781
gab,2004,7.9661
gab,2005,7.7862
gab,2006,7.5424
gab,2007,7.2402
gab,2008,6.8865
gab,2009,6.4980
gab,2010,6.1222
gab,2011,5.7200
gab,2012,5.2853
gab,2013,4.8549
gab,2014,4.4177
gab,2015,4.0364
gab,2016,3.7086
gab,2017,3.4416
gab,2018,3.2426
gab,2019,3.0630
gab,2020,2.8864
gab,2021,2.7410
gab,2022,2.6052
gab,2023,2.4641
gab,2024,2.3464
gbr,1991,2.4928
gbr,1992,2.4194
gbr,1993,2.3342
gbr,1994,2.2633
gbr,1995,2.2161
gbr,1996,2.1883
gbr,1997,2.1751
gbr,1998,2.1612
gbr,1999,2.1360
gbr,2000,2.0991
gbr,2001,2.0614
gbr,2002,2.0260
gbr,2003,1.9856
gbr,2004,1.9368
gbr,2005,1.8824
gbr,2006,1.8321
gbr,2007,1.7849
gbr,2008,1.7258
gbr,2009,1.6421
gbr,2010,1.5379
gbr,2011,1.4259
gbr,2012,1.3207
gbr,2013,1.2403
gbr,2014,1.1984
gbr,2015,1.1872
gbr,2016,1.1891
gbr,2017,1.1919
gbr,2018,1.1919
gbr,2019,1.1868
gbr,2020,1.1800
gbr,2021,1.1768
gbr,2022,1.1759
gbr,2023,1.1685
gbr,2024,1.1253
geo,1991,2.8059
geo,1992,2.2737
geo,1993,2.7321
geo,1994,3.4764
geo,1995,2.5013
geo,1996,2.4076
geo,1997,2.0443
geo,1998,1.8208
geo,1999,1.8638
geo,2000,2.0318
geo,2001,2.1802
geo,2002,2.2355
geo,2003,2.1893
geo,2004,2.0615
geo,2005,1.8905
geo,2006,1.7633
geo,2007,1.7406
geo,2008,1.8531
geo,2009,2.5603
geo,2010,2.2739
geo,2011,2.2068
geo,2012,2.0192
geo,2013,1.9732
geo,2014,2.1798
geo,2015,2.5067
geo,2016,2.7460
geo,2017,2.8099
geo,2018,2.7110
geo,2019,2.5441
geo,2020,2.4263
geo,2021,2.4603
geo,2022,2.5466
geo,2023,2.4791
geo,2024,2.1870
gha,1991,6.4261
gha,1992,6.6430
gha,1993,6.8620
gha,1994,6.9750
gha,1995,7.0655
gha,1996,7.1500
gha,1997,7.1502
gha,1998,7.1220
gha,1999,7.0554
gha,2000,7.0616
gha,2001,7.0997
gha,2002,7.1382
gha,2003,7.1937
gha,2004,7.2150
gha,2005,7.2031
gha,2006,7.2007
gha,2007,7.1495
gha,2008,7.0279
gha,2009,6.8897
gha,2010,6.7222
gha,2011,6.5172
gha,2012,6.2790
gha,2013,6.0026
gha,2014,5.6835
gha,2015,5.3910
gha,2016,5.0774
gha,2017,4.7926
gha,2018,4.5468
gha,2019,4.3197
gha,2020,4.0950
gha,2021,3.8978
gha,2022,3.7053
gha,2023,3.5191
gha,2024,3.3573
gin,1991,13.526
gin,1992,13.676
gin,1993,13.819
gin,1994,13.934
gin,1995,14.087
gin,1996,14.247
gin,1997,14.412
gin,1998,14.658
gin,1999,14.906
gin,2000,15.129
gin,2001,15.252
gin,2002,15.280
gin,2003,15.171
gin,2004,14.945
gin,2005,14.621
gin,2006,14.259
gin,2007,13.865
gin,2008,13.505
gin,2009,13.144
gin,2010,12.877
gin,2011,12.552
gin,2012,12.249
gin,2013,11.903
gin,2014,11.416
gin,2015,10.933
gin,2016,10.442
gin,2017,9.9461
gin,2018,9.4031
gin,2019,8.9241
gin,2020,8.4361
gin,2021,7.9748
gin,2022,7.5757
gin,2023,7.1422
gin,2024,6.7412
gmb,1991,14.170
gmb,1992,13.844
gmb,1993,13.517
gmb,1994,13.193
gmb,1995,12.867
gmb,1996,12.541
gmb,1997,12.214
gmb,1998,11.890
gmb,1999,11.570
gmb,2000,11.258
gmb,2001,10.949
gmb,2002,10.647
gmb,2003,10.346
gmb,2004,10.048
gmb,2005,9.7572
gmb,2006,9.4720
gmb,2007,9.1912
gmb,2008,8.9233
gmb,2009,8.6650
gmb,2010,8.4176
gmb,2011,8.1740
gmb,2012,7.9472
gmb,2013,7.7285
gmb,2014,7.5114
gmb,2015,7.3054
gmb,2016,7.1056
gmb,2017,6.9136
gmb,2018,6.7325
gmb,2019,6.5626
gmb,2020,6.3981
gmb,2021,6.2449
gmb,2022,6.0968
gmb,2023,5.9554
gmb,2024,5.8220
gnb,1991,17.094
gnb,1992,16.866
gnb,1993,16.629
gnb,1994,16.380
gnb,1995,16.141
gnb,1996,15.885
gnb,1997,15.619
gnb,1998,16.999
gnb,1999,18.036
gnb,2000,16.807
gnb,2001,14.493
gnb,2002,14.188
gnb,2003,13.870
gnb,2004,13.539
gnb,2005,13.192
gnb,2006,12.828
gnb,2007,12.449
gnb,2008,12.064
gnb,2009,11.687
gnb,2010,11.305
gnb,2011,10.936
gnb,2012,10.578
gnb,2013,10.248
gnb,2014,9.9599
gnb,2015,9.6881
gnb,2016,9.4466
gnb,2017,9.2088
gnb,2018,8.9894
gnb,2019,8.7639
gnb,2020,8.5494
gnb,2021,8.3642
gnb,2022,8.1860
gnb,2023,7.9992
gnb,2024,7.8236
gnq,1991,14.854
gnq,1992,14.771
gnq,1993,14.695
gnq,1994,14.618
gnq,1995,14.540
gnq,1996,14.443
gnq,1997,14.326
gnq,1998,14.188
gnq,1999,14.008
gnq,2000,13.796
gnq,2001,13.554
gnq,2002,13.297
gnq,2003,13.033
gnq,2004,12.761
gnq,2005,12.475
gnq,2006,12.194
gnq,2007,11.911
gnq,2008,11.625
gnq,2009,11.336
gnq,2010,11.064
gnq,2011,10.797
gnq,2012,10.540
gnq,2013,10.292
gnq,2014,10.058
gnq,2015,9.8316
gnq,2016,9.6032
gnq,2017,9.3706
gnq,2018,9.1666
gnq,2019,8.9658
gnq,2020,8.7879
gnq,2021,8.5786
gnq,2022,8.3811
gnq,2023,8.1791
gnq,2024,7.9705
grc,1991,2.6528
grc,1992,2.6288
grc,1993,2.5995
grc,1994,2.5652
grc,1995,2.5286
grc,1996,2.4935
grc,1997,2.4631
grc,1998,2.4404
grc,1999,2.4204
grc,2000,2.3963
grc,2001,2.3633
grc,2002,2.3252
grc,2003,2.2819
grc,2004,2.2358
grc,2005,2.1869
grc,2006,2.1337
grc,2007,2.0766
grc,2008,2.0106
grc,2009,1.9318
grc,2010,1.8388
grc,2011,1.7358
grc,2012,1.6266
grc,2013,1.5175
grc,2014,1.4157
grc,2015,1.3273
grc,2016,1.2535
grc,2017,1.1892
grc,2018,1.1336
grc,2019,1.0827
grc,2020,1.0338
grc,2021,0.98610
grc,2022,0.93889
grc,2023,0.88688
grc,2024,0.82761
grd,1991,2.3684
grd,1992,2.4389
grd,1993,2.4789
grd,1994,2.4896
grd,1995,2.4972
grd,1996,2.4890
grd,1997,2.4841
grd,1998,2.4788
grd,1999,2.4868
grd,2000,2.4971
grd,2001,2.5132
grd,2002,2.5383
grd,2003,2.5641
grd,2004,2.5833
grd,2005,2.6008
grd,2006,2.6144
grd,2007,2.6186
grd,2008,2.6066
grd,2009,2.5789
grd,2010,2.5442
grd,2011,2.5002
grd,2012,2.4508
grd,2013,2.3972
grd,2014,2.3480
grd,2015,2.2913
grd,2016,2.2267
grd,2017,2.1592
grd,2018,2.0827
grd,2019,1.9993
grd,2020,1.9127
grd,2021,1.8200
grd,2022,1.7360
grd,2023,1.6543
grd,2024,1.5722
gtm,1991,8.0717
gtm,1992,8.2972
gtm,1993,8.3140
gtm,1994,8.1520
gtm,1995,7.8812
gtm,1996,7.5707
gtm,1997,7.3101
gtm,1998,7.1409
gtm,1999,7.0115
gtm,2000,6.8942
gtm,2001,6.7966
gtm,2002,6.7685
gtm,2003,6.8362
gtm,2004,6.9519
gtm,2005,7.0883
gtm,2006,7.1860
gtm,2007,7.1965
gtm,2008,7.0968
gtm,2009,6.9228
gtm,2010,6.7193
gtm,2011,6.5191
gtm,2012,6.3515
gtm,2013,6.2500
gtm,2014,6.2126
gtm,2015,6.2692
gtm,2016,6.3226
gtm,2017,6.2469
gtm,2018,5.9926
gtm,2019,5.6349
gtm,2020,5.2726
gtm,2021,4.9676
gtm,2022,4.7536
gtm,2023,4.6138
gtm,2024,4.4768
guy,1991,5.0871
guy,1992,4.8050
guy,1993,4.4740
guy,1994,4.3517
guy,1995,4.5322
guy,1996,4.8925
guy,1997,5.2713
guy,1998,5.5287
guy,1999,5.5146
guy,2000,5.2554
guy,2001,4.9735
guy,2002,4.8799
guy,2003,4.9865
guy,2004,5.2101
guy,2005,5.4512
guy,2006,5.5331
guy,2007,5.3670
guy,2008,5.0956
guy,2009,4.9792
guy,2010,5.1497
guy,2011,5.5087
guy,2012,5.9306
guy,2013,6.2977
guy,2014,6.4786
guy,2015,6.3971
guy,2016,6.0816
guy,2017,5.6108
guy,2018,5.1346
guy,2019,4.8153
guy,2020,4.6959
guy,2021,4.6527
guy,2022,4.5558
guy,2023,4.3346
guy,2024,4.0876
hnd,1991,6.1192
hnd,1992,5.9690
hnd,1993,5.8278
hnd,1994,5.6933
hnd,1995,5.5650
hnd,1996,5.4407
hnd,1997,5.3207
hnd,1998,5.2039
hnd,1999,9.2171
hnd,2000,4.9743
hnd,2001,4.8610
hnd,2002,4.7487
hnd,2003,4.6372
hnd,2004,4.5294
hnd,2005,4.4267
hnd,2006,4.3289
hnd,2007,4.2367
hnd,2008,4.1491
hnd,2009,4.0668
hnd,2010,3.9890
hnd,2011,3.9130
hnd,2012,3.8404
hnd,2013,3.7685
hnd,2014,3.6987
hnd,2015,3.6297
hnd,2016,3.5624
hnd,2017,3.4952
hnd,2018,3.4298
hnd,2019,3.3671
hnd,2020,3.3077
hnd,2021,3.2501
hnd,2022,3.1928
hnd,2023,3.1360
hnd,2024,3.0828
hrv,1991,3.3878
hrv,1992,5.4466
hrv,1993,4.1621
hrv,1994,4.1109
hrv,1995,4.1305
hrv,1996,3.9426
hrv,1997,3.1082
hrv,1998,2.8444
hrv,1999,2.6789
hrv,2000,2.5801
hrv,2001,2.5209
hrv,2002,2.4809
hrv,2003,2.4409
hrv,2004,2.6642
hrv,2005,2.3301
hrv,2006,2.2759
hrv,2007,2.2156
hrv,2008,2.1328
hrv,2009,2.0281
hrv,2010,1.9046
hrv,2011,1.7747
hrv,2012,1.6523
hrv,2013,1.5505
hrv,2014,1.4800
hrv,2015,1.4395
hrv,2016,1.4314
hrv,2017,1.4486
hrv,2018,1.4871
hrv,2019,1.5417
hrv,2020,1.5919
hrv,2021,1.6222
hrv,2022,1.6236
hrv,2023,1.8218
hrv,2024,1.5442
hti,1991,12.745
hti,1992,12.602
hti,1993,12.392
hti,1994,12.161
hti,1995,11.880
hti,1996,11.558
hti,1997,11.184
hti,1998,10.764
hti,1999,10.347
hti,2000,9.9160
hti,2001,9.4464
hti,2002,9.0136
hti,2003,8.5908
hti,2004,8.2564
hti,2005,7.9174
hti,2006,7.6069
hti,2007,7.3007
hti,2008,7.0438
hti,2009,6.7831
hti,2010,6.5386
hti,2011,30.415
hti,2012,6.0141
hti,2013,5.7296
hti,2014,5.4591
hti,2015,5.1477
hti,2016,4.8403
hti,2017,4.5489
hti,2018,4.3184
hti,2019,4.0571
hti,2020,3.8303
hti,2021,3.6342
hti,2022,3.4740
hti,2023,3.2914
hti,2024,3.4245
hun,1991,3.3180
hun,1992,3.2556
hun,1993,3.1109
hun,1994,2.9000
hun,1995,2.6752
hun,1996,2.4814
hun,1997,2.3307
hun,1998,2.2272
hun,1999,2.1660
hun,2000,2.1230
hun,2001,2.0812
hun,2002,2.0375
hun,2003,1.9973
hun,2004,1.9655
hun,2005,1.9399
hun,2006,1.9158
hun,2007,1.8854
hun,2008,1.8405
hun,2009,1.7796
hun,2010,1.7059
hun,2011,1.6248
hun,2012,1.5448
hun,2013,1.4744
hun,2014,1.4186
hun,2015,1.3745
hun,2016,1.3434
hun,2017,1.3233
hun,2018,1.3126
hun,2019,1.3081
hun,2020,1.3027
hun,2021,1.2907
hun,2022,1.2667
hun,2023,1.2235
hun,2024,1.1594
idn,1991,5.2741
idn,1992,5.1981
idn,1993,5.1168
idn,1994,5.0447
idn,1995,4.9792
idn,1996,4.9491
idn,1997,4.9326
idn,1998,4.9312
idn,1999,4.9495
idn,2000,4.9783
idn,2001,4.9981
idn,2002,5.0054
idn,2003,5.0081
idn,2004,4.9883
idn,2005,6.9429
idn,2006,4.8887
idn,2007,4.8070
idn,2008,4.7357
idn,2009,4.6453
idn,2010,4.5560
idn,2011,4.4449
idn,2012,4.3201
idn,2013,4.1743
idn,2014,3.9939
idn,2015,3.8069
idn,2016,3.6159
idn,2017,3.4310
idn,2018,3.2505
idn,2019,3.0902
idn,2020,2.9357
idn,2021,2.8020
idn,2022,2.6452
idn,2023,2.5222
idn,2024,2.3900
ind,1991,9.7248
ind,1992,9.5405
ind,1993,9.3716
ind,1994,9.2223
ind,1995,9.0868
ind,1996,8.9653
ind,1997,8.8477
ind,1998,8.7370
ind,1999,8.6160
ind,2000,8.4736
ind,2001,8.3223
ind,2002,8.1507
ind,2003,7.9614
ind,2004,7.7656
ind,2005,7.5595
ind,2006,7.3370
ind,2007,7.1012
ind,2008,6.8518
ind,2009,6.5862
ind,2010,6.3042
ind,2011,6.0037
ind,2012,5.6972
ind,2013,5.3843
ind,2014,5.0735
ind,2015,4.7718
ind,2016,4.4843
ind,2017,4.2084
ind,2018,3.9542
ind,2019,3.7198
ind,2020,3.4975
ind,2021,3.2901
ind,2022,3.1081
ind,2023,2.9208
ind,2024,2.7192
irl,1991,2.3700
irl,1992,2.3259
irl,1993,2.2919
irl,1994,2.2840
irl,1995,2.3315
irl,1996,2.4233
irl,1997,2.5356
irl,1998,2.6422
irl,1999,2.7137
irl,2000,2.7217
irl,2001,2.6734
irl,2002,2.5904
irl,2003,2.5014
irl,2004,2.4224
irl,2005,2.3696
irl,2006,2.3256
irl,2007,2.2656
irl,2008,2.1709
irl,2009,2.0506
irl,2010,1.9137
irl,2011,1.7652
irl,2012,1.6136
irl,2013,1.4657
irl,2014,1.3284
irl,2015,1.2116
irl,2016,1.1111
irl,2017,1.0345
irl,2018,0.98061
irl,2019,0.94952
irl,2020,0.94285
irl,2021,0.95256
irl,2022,0.96906
irl,2023,0.98458
irl,2024,0.99241
irn,1991,7.2176
irn,1992,5.0206
irn,1993,4.7241
irn,1994,4.4656
irn,1995,4.2459
irn,1996,4.0805
irn,1997,3.9742
irn,1998,3.9141
irn,1999,3.8926
irn,2000,3.9238
irn,2001,4.0006
irn,2002,4.1127
irn,2003,4.2680
irn,2004,5.7295
irn,2005,4.6059
irn,2006,4.8009
irn,2007,5.0258
irn,2008,5.2809
irn,2009,5.4657
irn,2010,5.4996
irn,2011,5.3680
irn,2012,5.1000
irn,2013,4.7684
irn,2014,4.4830
irn,2015,4.3397
irn,2016,4.3408
irn,2017,4.4605
irn,2018,4.6458
irn,2019,4.7928
irn,2020,4.7761
irn,2021,4.6030
irn,2022,4.3461
irn,2023,4.1032
irn,2024,3.8598
irq,1991,12.058
irq,1992,8.2053
irq,1993,4.1259
irq,1994,4.0937
irq,1995,4.0627
irq,1996,4.0322
irq,1997,4.0001
irq,1998,3.9681
irq,1999,3.9347
irq,2000,3.9006
irq,2001,3.8676
irq,2002,3.8333
irq,2003,3.7996
irq,2004,5.3927
irq,2005,6.0915
irq,2006,6.1291
irq,2007,7.5631
irq,2008,7.3458
irq,2009,5.0868
irq,2010,3.5317
irq,2011,3.4868
irq,2012,3.4415
irq,2013,3.3955
irq,2014,3.6243
irq,2015,3.3037
irq,2016,3.2582
irq,2017,5.1835
irq,2018,4.3465
irq,2019,3.1268
irq,2020,3.2949
irq,2021,3.0408
irq,2022,3.0013
irq,2023,2.9593
irq,2024,2.9207
isl,1991,3.0248
isl,1992,2.9061
isl,1993,2.7814
isl,1994,2.6611
isl,1995,2.5509
isl,1996,2.4559
isl,1997,2.3724
isl,1998,2.2937
isl,1999,2.2143
isl,2000,2.1304
isl,2001,2.0440
isl,2002,1.9540
isl,2003,1.8642
isl,2004,1.7762
isl,2005,1.6919
isl,2006,1.6219
isl,2007,1.5468
isl,2008,1.4758
isl,2009,1.4152
isl,2010,1.3620
isl,2011,1.3116
isl,2012,1.2789
isl,2013,1.2530
isl,2014,1.2291
isl,2015,1.2103
isl,2016,1.1850
isl,2017,1.1510
isl,2018,1.1129
isl,2019,1.0637
isl,2020,1.0045
isl,2021,0.93497
isl,2022,0.86450
isl,2023,0.80008
isl,2024,0.73918
isr,1991,2.1192
isr,1992,2.0701
isr,1993,2.0471
isr,1994,2.0595
isr,1995,2.0936
isr,1996,2.1349
isr,1997,2.1386
isr,1998,2.0507
isr,1999,1.8969
isr,2000,1.8163
isr,2001,1.9316
isr,2002,2.1490
isr,2003,2.2279
isr,2004,2.0438
isr,2005,1.7938
isr,2006,1.6288
isr,2007,1.5488
isr,2008,1.4905
isr,2009,1.4202
isr,2010,1.3345
isr,2011,1.2381
isr,2012,1.1571
isr,2013,1.1226
isr,2014,1.1426
isr,2015,1.1786
isr,2016,1.1902
isr,2017,1.1716
isr,2018,1.1365
isr,2019,1.1006
isr,2020,1.0722
isr,2021,1.0605
isr,2022,1.0678
isr,2023,1.0902
isr,2024,1.1231
ita,1991,2.6969
ita,1992,2.7197
ita,1993,2.6792
ita,1994,2.5771
ita,1995,2.4621
ita,1996,2.3715
ita,1997,2.3066
ita,1998,2.2499
ita,1999,2.1928
ita,2000,2.1364
ita,2001,2.0812
ita,2002,2.0260
ita,2003,1.9656
ita,2004,1.9004
ita,2005,1.8347
ita,2006,1.7722
ita,2007,1.7080
ita,2008,1.6372
ita,2009,1.5593
ita,2010,1.4761
ita,2011,1.3928
ita,2012,1.3122
ita,2013,1.2380
ita,2014,1.1727
ita,2015,1.1219
ita,2016,1.0889
ita,2017,1.0633
ita,2018,1.0309
ita,2019,0.98772
ita,2020,0.94927
ita,2021,0.92942
ita,2022,0.92704
ita,2023,0.93440
ita,2024,0.94491
jam,1991,4.1701
jam,1992,4.1128
jam,1993,4.0570
jam,1994,3.9957
jam,1995,3.9354
jam,1996,3.8737
jam,1997,3.8073
jam,1998,3.7389
jam,1999,3.6710
jam,2000,3.6069
jam,2001,3.5513
jam,2002,3.5039
jam,2003,3.4685
jam,2004,3.4440
jam,2005,3.4309
jam,2006,3.4236
jam,2007,3.4214
jam,2008,3.4228
jam,2009,3.4223
jam,2010,3.4186
jam,2011,3.4159
jam,2012,3.4115
jam,2013,3.4028
jam,2014,3.3942
jam,2015,3.3844
jam,2016,3.3757
jam,2017,3.3723
jam,2018,3.3744
jam,2019,3.3820
jam,2020,3.3930
jam,2021,3.4058
jam,2022,3.4204
jam,2023,3.6926
jam,2024,3.7123
jor,1991,3.5304
jor,1992,3.4789
jor,1993,3.4304
jor,1994,3.3838
jor,1995,3.3388
jor,1996,3.2954
jor,1997,3.2535
jor,1998,3.2132
jor,1999,3.1724
jor,2000,3.1315
jor,2001,3.0915
jor,2002,3.0522
jor,2003,3.0120
jor,2004,2.9722
jor,2005,2.9324
jor,2006,2.8933
jor,2007,2.8553
jor,2008,2.8181
jor,2009,2.7818
jor,2010,2.7472
jor,2011,2.7138
jor,2012,2.6811
jor,2013,2.6503
jor,2014,2.6209
jor,2015,2.5916
jor,2016,2.5626
jor,2017,2.5341
jor,2018,2.5060
jor,2019,2.4790
jor,2020,2.4514
jor,2021,2.4226
jor,2022,2.3953
jor,2023,2.3665
jor,2024,2.3374
jpn,1991,2.1165
jpn,1992,2.0699
jpn,1993,2.0199
jpn,1994,1.9688
jpn,1995,1.9193
jpn,1996,1.8735
jpn,1997,1.8308
jpn,1998,1.7894
jpn,1999,1.7471
jpn,2000,1.6991
jpn,2001,1.6426
jpn,2002,1.5807
jpn,2003,1.5203
jpn,2004,1.4679
jpn,2005,1.4215
jpn,2006,1.3806
jpn,2007,1.3422
jpn,2008,1.3044
jpn,2009,1.2657
jpn,2010,1.2255
jpn,2011,1.1838
jpn,2012,1.5226
jpn,2013,1.0980
jpn,2014,1.0562
jpn,2015,1.0189
jpn,2016,0.98987
jpn,2017,0.97239
jpn,2018,0.96989
jpn,2019,0.98419
jpn,2020,1.0112
jpn,2021,1.0482
jpn,2022,1.0907
jpn,2023,1.1334
jpn,2024,1.1695
kaz,1991,5.2714
kaz,1992,5.4672
kaz,1993,5.6892
kaz,1994,5.9252
kaz,1995,6.1289
kaz,1996,6.2484
kaz,1997,6.2719
kaz,1998,6.2031
kaz,1999,6.0628
kaz,2000,5.8607
kaz,2001,5.6488
kaz,2002,5.4636
kaz,2003,5.3433
kaz,2004,5.3089
kaz,2005,5.3332
kaz,2006,5.4049
kaz,2007,5.4176
kaz,2008,5.2784
kaz,2009,4.9734
kaz,2010,4.6082
kaz,2011,4.2878
kaz,2012,4.0204
kaz,2013,3.7845
kaz,2014,3.5715
kaz,2015,3.3753
kaz,2016,3.2044
kaz,2017,3.0674
kaz,2018,2.9745
kaz,2019,2.9204
kaz,2020,2.8910
kaz,2021,2.8652
kaz,2022,2.8351
kaz,2023,2.7859
kaz,2024,2.7111
ken,1991,6.7389
ken,1992,7.1426
ken,1993,7.5277
ken,1994,7.8903
ken,1995,8.1974
ken,1996,8.4696
ken,1997,8.6812
ken,1998,8.8190
ken,1999,8.9109
ken,2000,8.9003
ken,2001,8.8465
ken,2002,8.7279
ken,2003,8.5883
ken,2004,8.4314
ken,2005,8.2525
ken,2006,8.0484
ken,2007,7.8124
ken,2008,7.5619
ken,2009,7.2472
ken,2010,6.9254
ken,2011,6.5597
ken,2012,6.1807
ken,2013,5.7894
ken,2014,5.4182
ken,2015,5.0696
ken,2016,4.8049
ken,2017,4.5052
ken,2018,4.2436
ken,2019,4.0204
ken,2020,3.8146
ken,2021,3.5967
ken,2022,3.3845
ken,2023,3.1984
ken,2024,3.0210
kgz,1991,3.9864
kgz,1992,4.0666
kgz,1993,4.1345
kgz,1994,4.1932
kgz,1995,4.2298
kgz,1996,4.2269
kgz,1997,4.1752
kgz,1998,4.0757
kgz,1999,3.9353
kgz,2000,3.7778
kgz,2001,3.6260
kgz,2002,3.4829
kgz,2003,3.3467
kgz,2004,3.2223
kgz,2005,3.1246
kgz,2006,3.0655
kgz,2007,3.0407
kgz,2008,3.0360
kgz,2009,3.0380
kgz,2010,3.0285
kgz,2011,3.0030
kgz,2012,2.9686
kgz,2013,2.9345
kgz,2014,2.9073
kgz,2015,2.8834
kgz,2016,2.8559
kgz,2017,2.8273
kgz,2018,2.8073
kgz,2019,2.7957
kgz,2020,2.7905
kgz,2021,2.7885
kgz,2022,2.7740
kgz,2023,2.7320
kgz,2024,2.6556
khm,1991,12.998
khm,1992,12.726
khm,1993,12.367
khm,1994,11.927
khm,1995,11.398
khm,1996,10.769
khm,1997,10.067
khm,1998,9.3243
khm,1999,8.5550
khm,2000,7.7889
khm,2001,7.0728
khm,2002,6.3837
khm,2003,5.8092
khm,2004,5.3209
khm,2005,4.9423
khm,2006,4.6701
khm,2007,4.4717
khm,2008,4.3451
khm,2009,4.2341
khm,2010,4.1352
khm,2011,4.0569
khm,2012,3.9627
khm,2013,3.8847
khm,2014,3.8105
khm,2015,3.7578
khm,2016,3.7097
khm,2017,3.6677
khm,2018,3.6214
khm,2019,3.5820
khm,2020,3.5290
khm,2021,3.4842
khm,2022,3.3976
khm,2023,3.2982
khm,2024,3.1622
kir,1991,7.7033
kir,1992,7.5381
kir,1993,7.3777
kir,1994,7.2285
kir,1995,7.0998
kir,1996,6.9839
kir,1997,6.8772
kir,1998,6.7742
kir,1999,6.6713
kir,2000,6.5678
kir,2001,6.4662
kir,2002,6.3700
kir,2003,6.2885
kir,2004,6.2281
kir,2005,6.1879
kir,2006,6.1585
kir,2007,6.1335
kir,2008,6.1097
kir,2009,6.0786
kir,2010,6.0466
kir,2011,6.0162
kir,2012,6.0003
kir,2013,5.9937
kir,2014,6.0032
kir,2015,6.0284
kir,2016,6.0573
kir,2017,6.0906
kir,2018,6.1099
kir,2019,6.1082
kir,2020,6.0786
kir,2021,6.0379
kir,2022,5.9823
kir,2023,5.9168
kir,2024,5.8407
kna,1991,1.8928
kna,1992,2.1851
kna,1993,2.5221
kna,1994,2.8958
kna,1995,3.2719
kna,1996,3.6660
kna,1997,3.9963
kna,1998,4.2883
kna,1999,4.4734
kna,2000,4.6010
kna,2001,4.6332
kna,2002,4.6727
kna,2003,4.7057
kna,2004,4.7422
kna,2005,4.8010
kna,2006,4.8854
kna,2007,4.9932
kna,2008,5.1245
kna,2009,5.2597
kna,2010,5.4088
kna,2011,5.5061
kna,2012,5.5406
kna,2013,5.5065
kna,2014,5.4202
kna,2015,5.2584
kna,2016,5.0601
kna,2017,4.8480
kna,2018,4.6154
kna,2019,4.3942
kna,2020,4.1658
kna,2021,3.9402
kna,2022,3.7094
kna,2023,3.4997
kna,2024,3.3205
kor,1991,3.7449
kor,1992,3.7563
kor,1993,3.7378
kor,1994,3.7373
kor,1995,3.8008
kor,1996,3.8490
kor,1997,3.7549
kor,1998,3.4690
kor,1999,3.0791
kor,2000,2.6797
kor,2001,2.3295
kor,2002,2.0622
kor,2003,1.8781
kor,2004,1.7424
kor,2005,1.6347
kor,2006,1.5577
kor,2007,1.5226
kor,2008,1.5265
kor,2009,1.5332
kor,2010,1.5103
kor,2011,1.4512
kor,2012,1.3697
kor,2013,1.2803
kor,2014,1.1965
kor,2015,1.1287
kor,2016,1.0806
kor,2017,1.0536
kor,2018,1.0461
kor,2019,1.0520
kor,2020,1.0681
kor,2021,1.0865
kor,2022,1.0989
kor,2023,1.1019
kor,2024,1.0893
kwt,1991,4.6340
kwt,1992,4.9288
kwt,1993,2.8181
kwt,1994,2.9459
kwt,1995,3.0145
kwt,1996,3.0359
kwt,1997,3.0141
kwt,1998,2.9559
kwt,1999,2.8821
kwt,2000,2.7893
kwt,2001,2.6902
kwt,2002,2.6004
kwt,2003,2.5257
kwt,2004,2.4750
kwt,2005,2.4440
kwt,2006,2.4264
kwt,2007,2.4029
kwt,2008,2.3670
kwt,2009,2.3251
kwt,2010,2.2839
kwt,2011,2.2550
kwt,2012,2.2394
kwt,2013,2.2328
kwt,2014,2.2293
kwt,2015,2.2214
kwt,2016,2.2003
kwt,2017,2.1584
kwt,2018,2.1011
kwt,2019,2.0299
kwt,2020,1.9432
kwt,2021,1.8445
kwt,2022,1.7337
kwt,2023,1.6117
kwt,2024,1.4752
lao,1991,5.2511
lao,1992,5.9742
lao,1993,6.5962
lao,1994,7.2393
lao,1995,7.8245
lao,1996,8.3117
lao,1997,8.7124
lao,1998,9.0444
lao,1999,9.2652
lao,2000,9.4157
lao,2001,9.4860
lao,2002,9.4743
lao,2003,9.4337
lao,2004,9.2562
lao,2005,8.9772
lao,2006,8.6342
lao,2007,8.1776
lao,2008,7.6474
lao,2009,7.1195
lao,2010,6.6022
lao,2011,6.0541
lao,2012,5.5590
lao,2013,5.0111
lao,2014,4.4621
lao,2015,3.9541
lao,2016,3.4755
lao,2017,3.1193
lao,2018,2.8533
lao,2019,2.6504
lao,2020,2.4868
lao,2021,2.3411
lao,2022,2.2230
lao,2023,2.1122
lao,2024,2.0013
lbn,1991,9.2841
lbn,1992,3.2845
lbn,1993,3.2189
lbn,1994,3.1579
lbn,1995,3.0978
lbn,1996,3.0411
lbn,1997,2.9839
lbn,1998,2.9279
lbn,1999,2.8720
lbn,2000,2.8143
lbn,2001,2.7556
lbn,2002,2.6952
lbn,2003,2.6336
lbn,2004,2.5733
lbn,2005,2.5142
lbn,2006,2.4601
lbn,2007,3.1122
lbn,2008,2.3681
lbn,2009,2.3320
lbn,2010,2.3038
lbn,2011,2.2830
lbn,2012,2.2699
lbn,2013,2.2630
lbn,2014,2.2645
lbn,2015,2.2731
lbn,2016,2.2882
lbn,2017,2.3116
lbn,2018,2.3427
lbn,2019,2.3819
lbn,2020,2.4280
lbn,2021,2.4806
lbn,2022,2.5389
lbn,2023,2.6008
lbn,2024,2.6628
lbr,1991,20.924
lbr,1992,9.4163
lbr,1993,10.832
lbr,1994,11.990
lbr,1995,13.549
lbr,1996,12.200
lbr,1997,13.071
lbr,1998,10.573
lbr,1999,10.764
lbr,2000,10.995
lbr,2001,11.169
lbr,2002,11.265
lbr,2003,11.351
lbr,2004,13.823
lbr,2005,11.318
lbr,2006,11.214
lbr,2007,11.053
lbr,2008,10.873
lbr,2009,10.675
lbr,2010,10.469
lbr,2011,10.269
lbr,2012,10.083
lbr,2013,9.8887
lbr,2014,9.6644
lbr,2015,9.4153
lbr,2016,10.308
lbr,2017,8.9807
lbr,2018,8.7203
lbr,2019,8.4402
lbr,2020,8.1452
lbr,2021,7.8333
lbr,2022,7.5108
lbr,2023,7.1297
lbr,2024,6.7894
lby,1991,3.7758
lby,1992,3.6940
lby,1993,3.6184
lby,1994,3.5485
lby,1995,3.4849
lby,1996,3.4245
lby,1997,3.3715
lby,1998,3.3236
lby,1999,3.2785
lby,2000,3.2362
lby,2001,3.1960
lby,2002,3.1564
lby,2003,3.1155
lby,2004,3.0685
lby,2005,3.0121
lby,2006,2.9446
lby,2007,2.8670
lby,2008,2.7829
lby,2009,2.7008
lby,2010,2.6285
lby,2011,2.5662
lby,2012,4.5090
lby,2013,2.7046
lby,2014,2.5915
lby,2015,3.7362
lby,2016,3.5492
lby,2017,3.5937
lby,2018,2.9028
lby,2019,2.6870
lby,2020,3.0227
lby,2021,2.7191
lby,2022,2.1455
lby,2023,2.1144
lby,2024,5.5786
lca,1991,3.3742
lca,1992,3.3639
lca,1993,3.3446
lca,1994,3.3226
lca,1995,3.2917
lca,1996,3.2648
lca,1997,3.2341
lca,1998,3.2106
lca,1999,3.2016
lca,2000,3.1955
lca,2001,3.1869
lca,2002,3.1740
lca,2003,3.1546
lca,2004,3.1266
lca,2005,3.0879
lca,2006,3.0460
lca,2007,3.0073
lca,2008,2.9745
lca,2009,2.9434
lca,2010,2.9182
lca,2011,2.8997
lca,2012,2.8804
lca,2013,2.8663
lca,2014,2.8631
lca,2015,2.8747
lca,2016,2.9128
lca,2017,2.9608
lca,2018,3.0211
lca,2019,3.0642
lca,2020,3.1021
lca,2021,3.1146
lca,2022,3.0850
lca,2023,3.0165
lca,2024,2.9063
lka,1991,8.2679
lka,1992,8.3239
lka,1993,7.4788
lka,1994,6.2911
lka,1995,6.0104
lka,1996,6.7151
lka,1997,6.4032
lka,1998,6.3987
lka,1999,6.3556
lka,2000,6.1853
lka,2001,6.0909
lka,2002,5.1327
lka,2003,4.7648
lka,2004,4.3466
lka,2005,9.5414
lka,2006,3.7460
lka,2007,4.4453
lka,2008,4.7584
lka,2009,6.1933
lka,2010,8.3887
lka,2011,4.8707
lka,2012,4.4414
lka,2013,3.7316
lka,2014,3.0460
lka,2015,2.5105
lka,2016,2.1220
lka,2017,1.8554
lka,2018,1.6565
lka,2019,1.5055
lka,2020,1.3876
lka,2021,1.2906
lka,2022,1.2049
lka,2023,1.1249
lka,2024,1.0532
lso,1991,8.0484
lso,1992,8.6022
lso,1993,9.1160
lso,1994,9.6275
lso,1995,10.075
lso,1996,10.547
lso,1997,10.936
lso,1998,11.292
lso,1999,11.502
lso,2000,11.667
lso,2001,11.681
lso,2002,11.610
lso,2003,11.440
lso,2004,11.188
lso,2005,10.871
lso,2006,10.581
lso,2007,10.261
lso,2008,9.9624
lso,2009,9.6433
lso,2010,9.3156
lso,2011,8.9374
lso,2012,8.5128
lso,2013,8.0374
lso,2014,7.4669
lso,2015,6.8702
lso,2016,6.2407
lso,2017,5.5841
lso,2018,4.9381
lso,2019,4.2943
lso,2020,3.6976
lso,2021,3.1443
lso,2022,2.6613
lso,2023,2.2544
lso,2024,1.9630
ltu,1991,4.7179
ltu,1992,4.9004
ltu,1993,5.0183
ltu,1994,5.0405
ltu,1995,4.9580
ltu,1996,4.7960
ltu,1997,4.5967
ltu,1998,4.4273
ltu,1999,4.3223
ltu,2000,4.2633
ltu,2001,4.2454
ltu,2002,4.2369
ltu,2003,4.2096
ltu,2004,4.1577
ltu,2005,4.0999
ltu,2006,4.0450
ltu,2007,3.9771
ltu,2008,3.8704
ltu,2009,3.7143
ltu,2010,3.5323
ltu,2011,3.3451
ltu,2012,3.1639
ltu,2013,2.9952
ltu,2014,2.8402
ltu,2015,2.6817
ltu,2016,2.5200
ltu,2017,2.3668
ltu,2018,2.2334
ltu,2019,2.1249
ltu,2020,2.0248
ltu,2021,1.9227
ltu,2022,1.8129
ltu,2023,1.6903
ltu,2024,1.5587
lux,1991,3.7423
lux,1992,3.6233
lux,1993,3.4599
lux,1994,3.2482
lux,1995,3.0105
lux,1996,2.7549
lux,1997,2.4904
lux,1998,2.2324
lux,1999,2.0045
lux,2000,1.8111
lux,2001,1.6518
lux,2002,1.5230
lux,2003,1.4149
lux,2004,1.3300
lux,2005,1.2603
lux,2006,1.2029
lux,2007,1.1550
lux,2008,1.1138
lux,2009,1.0737
lux,2010,1.0340
lux,2011,0.99801
lux,2012,0.96156
lux,2013,0.92790
lux,2014,0.89808
lux,2015,0.87364
lux,2016,0.85350
lux,2017,0.83893
lux,2018,0.82617
lux,2019,0.81972
lux,2020,0.81400
lux,2021,0.80596
lux,2022,0.79689
lux,2023,0.78431
lux,2024,0.76520
lva,1991,5.4861
lva,1992,5.7505
lva,1993,5.9280
lva,1994,5.9719
lva,1995,5.8665
lva,1996,5.6393
lva,1997,5.3343
lva,1998,5.0231
lva,1999,4.7318
lva,2000,4.4710
lva,2001,4.2323
lva,2002,4.0094
lva,2003,3.8019
lva,2004,3.6103
lva,2005,3.4336
lva,2006,3.2796
lva,2007,3.1343
lva,2008,2.9900
lva,2009,2.8481
lva,2010,2.7066
lva,2011,2.5718
lva,2012,2.4575
lva,2013,2.3713
lva,2014,2.3185
lva,2015,2.2899
lva,2016,2.2757
lva,2017,2.2685
lva,2018,2.2495
lva,2019,2.2092
lva,2020,2.1459
lva,2021,2.0534
lva,2022,1.9407
lva,2023,1.8111
lva,2024,1.6837
mar,1991,4.1047
mar,1992,3.9804
mar,1993,3.8649
mar,1994,3.7435
mar,1995,3.6090
mar,1996,3.4857
mar,1997,3.3534
mar,1998,3.2209
mar,1999,3.0830
mar,2000,2.9398
mar,2001,2.8127
mar,2002,2.6877
mar,2003,2.5718
mar,2004,2.4719
mar,2005,2.3850
mar,2006,2.3067
mar,2007,2.2240
mar,2008,2.1451
mar,2009,2.0685
mar,2010,1.9820
mar,2011,1.8906
mar,2012,1.8045
mar,2013,1.7201
mar,2014,1.6448
mar,2015,1.5619
mar,2016,1.4826
mar,2017,1.4059
mar,2018,1.3378
mar,2019,1.2635
mar,2020,1.1934
mar,2021,1.1400
mar,2022,1.0790
mar,2023,1.0219
mar,2024,1.0810
mco,1991,1.9920
mco,1992,1.9335
mco,1993,1.8770
mco,1994,1.8221
mco,1995,1.7706
mco,1996,1.7205
mco,1997,1.6736
mco,1998,1.6294
mco,1999,1.5872
mco,2000,1.5486
mco,2001,1.5134
mco,2002,1.4804
mco,2003,1.4506
mco,2004,1.4242
mco,2005,1.3994
mco,2006,1.3763
mco,2007,1.3540
mco,2008,1.3333
mco,2009,1.3125
mco,2010,1.2925
mco,2011,1.2732
mco,2012,1.2539
mco,2013,1.2340
mco,2014,1.2138
mco,2015,1.1934
mco,2016,1.1712
mco,2017,1.1484
mco,2018,1.1254
mco,2019,1.1019
mco,2020,1.0789
mco,2021,1.0550
mco,2022,1.0330
mco,2023,1.0105
mco,2024,0.98813
mda,1991,4.4657
mda,1992,4.4399
mda,1993,4.9337
mda,1994,4.3664
mda,1995,4.2971
mda,1996,4.1844
mda,1997,4.0349
mda,1998,3.8767
mda,1999,3.7268
mda,2000,3.5758
mda,2001,3.4201
mda,2002,3.2674
mda,2003,3.1272
mda,2004,3.0105
mda,2005,2.9257
mda,2006,2.8718
mda,2007,2.8379
mda,2008,2.8074
mda,2009,2.7742
mda,2010,2.7325
mda,2011,2.6881
mda,2012,2.6480
mda,2013,2.6240
mda,2014,2.6200
mda,2015,2.6332
mda,2016,2.6581
mda,2017,2.6924
mda,2018,2.7299
mda,2019,2.7622
mda,2020,2.7878
mda,2021,2.8003
mda,2022,2.7927
mda,2023,2.7635
mda,2024,2.7153
mdg,1991,11.359
mdg,1992,11.382
mdg,1993,11.378
mdg,1994,11.311
mdg,1995,11.208
mdg,1996,11.059
mdg,1997,10.880
mdg,1998,10.712
mdg,1999,10.530
mdg,2000,10.391
mdg,2001,10.282
mdg,2002,10.178
mdg,2003,10.067
mdg,2004,9.9972
mdg,2005,9.8959
mdg,2006,9.7630
mdg,2007,9.5775
mdg,2008,9.3439
mdg,2009,9.0838
mdg,2010,8.8264
mdg,2011,8.5229
mdg,2012,8.2390
mdg,2013,7.9152
mdg,2014,7.6190
mdg,2015,7.2760
mdg,2016,6.9208
mdg,2017,6.5800
mdg,2018,6.2127
mdg,2019,5.8444
mdg,2020,5.5162
mdg,2021,5.2241
mdg,2022,4.9550
mdg,2023,4.7128
mdg,2024,4.4491
mdv,1991,4.6180
mdv,1992,4.2166
mdv,1993,3.8594
mdv,1994,3.5494
mdv,1995,3.2839
mdv,1996,3.0585
mdv,1997,2.8590
mdv,1998,2.6740
mdv,1999,2.4974
mdv,2000,2.3377
mdv,2001,2.1937
mdv,2002,2.0676
mdv,2003,1.9681
mdv,2004,1.9037
mdv,2005,2.9024
mdv,2006,1.8865
mdv,2007,1.9333
mdv,2008,1.9992
mdv,2009,2.0851
mdv,2010,2.1829
mdv,2011,2.2732
mdv,2012,2.3469
mdv,2013,2.4079
mdv,2014,2.4374
mdv,2015,2.4473
mdv,2016,2.4188
mdv,2017,2.3519
mdv,2018,2.2631
mdv,2019,2.1576
mdv,2020,2.0346
mdv,2021,1.9006
mdv,2022,1.7726
mdv,2023,1.6530
mdv,2024,1.5511
mex,1991,4.5358
mex,1992,4.4665
mex,1993,4.3772
mex,1994,4.2753
mex,1995,4.1885
mex,1996,4.1456
mex,1997,4.1185
mex,1998,4.0480
mex,1999,3.9181
mex,2000,3.7747
mex,2001,3.6599
mex,2002,3.5798
mex,2003,3.5221
mex,2004,3.4845
mex,2005,3.4604
mex,2006,3.4581
mex,2007,3.5056
mex,2008,3.6512
mex,2009,3.9074
mex,2010,4.1751
mex,2011,4.3380
mex,2012,4.3349
mex,2013,4.1677
mex,2014,3.8992
mex,2015,3.6762
mex,2016,3.6185
mex,2017,3.7001
mex,2018,3.8422
mex,2019,3.9812
mex,2020,4.0970
mex,2021,4.1717
mex,2022,4.1805
mex,2023,4.1009
mex,2024,3.9427
mhl,1991,5.3870
mhl,1992,5.2786
mhl,1993,5.1774
mhl,1994,5.0915
mhl,1995,5.0322
mhl,1996,4.9994
mhl,1997,4.9898
mhl,1998,4.9984
mhl,1999,5.0239
mhl,2000,5.0473
mhl,2001,5.0605
mhl,2002,5.0629
mhl,2003,5.0549
mhl,2004,5.0385
mhl,2005,5.0166
mhl,2006,4.9917
mhl,2007,4.9644
mhl,2008,4.9372
mhl,2009,4.9094
mhl,2010,4.8796
mhl,2011,4.8541
mhl,2012,4.8203
mhl,2013,4.7756
mhl,2014,4.7253
mhl,2015,4.6649
mhl,2016,4.5985
mhl,2017,4.5347
mhl,2018,4.4650
mhl,2019,4.3959
mhl,2020,4.3265
mhl,2021,4.2593
mhl,2022,4.1838
mhl,2023,4.1143
mhl,2024,4.0396
mkd,1991,2.1683
mkd,1992,2.2817
mkd,1993,2.3315
mkd,1994,2.3244
mkd,1995,2.2829
mkd,1996,2.2489
mkd,1997,2.2284
mkd,1998,2.2186
mkd,1999,2.2153
mkd,2000,2.2088
mkd,2001,2.1878
mkd,2002,2.1468
mkd,2003,2.0820
mkd,2004,1.9989
mkd,2005,1.9150
mkd,2006,1.8414
mkd,2007,1.7800
mkd,2008,1.7185
mkd,2009,1.6560
mkd,2010,1.5901
mkd,2011,1.5265
mkd,2012,1.4700
mkd,2013,1.4236
mkd,2014,1.3894
mkd,2015,1.3637
mkd,2016,1.3418
mkd,2017,1.3252
mkd,2018,1.3205
mkd,2019,1.3292
mkd,2020,1.3532
mkd,2021,1.3882
mkd,2022,1.4335
mkd,2023,1.4783
mkd,2024,1.5117
mli,1991,14.587
mli,1992,14.490
mli,1993,14.326
mli,1994,14.155
mli,1995,13.971
mli,1996,13.751
mli,1997,13.469
mli,1998,13.172
mli,1999,12.792
mli,2000,12.453
mli,2001,12.103
mli,2002,11.715
mli,2003,11.344
mli,2004,10.940
mli,2005,10.583
mli,2006,10.224
mli,2007,9.8715
mli,2008,9.5380
mli,2009,9.2389
mli,2010,8.9372
mli,2011,8.6884
mli,2012,8.4470
mli,2013,8.2165
mli,2014,7.9957
mli,2015,7.7761
mli,2016,7.5697
mli,2017,7.3463
mli,2018,7.0735
mli,2019,6.8150
mli,2020,6.5504
mli,2021,6.2811
mli,2022,5.9794
mli,2023,6.1893
mli,2024,5.8275
mlt,1991,1.5616
mlt,1992,1.6395
mlt,1993,1.7027
mlt,1994,1.7515
mlt,1995,1.7831
mlt,1996,1.8004
mlt,1997,1.8011
mlt,1998,1.7844
mlt,1999,1.7590
mlt,2000,1.7203
mlt,2001,1.6673
mlt,2002,1.6139
mlt,2003,1.5612
mlt,2004,1.5070
mlt,2005,1.4467
mlt,2006,1.3868
mlt,2007,1.3252
mlt,2008,1.2633
mlt,2009,1.2069
mlt,2010,1.1528
mlt,2011,1.1056
mlt,2012,1.0587
mlt,2013,1.0158
mlt,2014,0.97431
mlt,2015,0.93280
mlt,2016,0.89598
mlt,2017,0.86195
mlt,2018,0.82870
mlt,2019,0.79535
mlt,2020,0.76605
mlt,2021,0.73489
mlt,2022,0.70725
mlt,2023,0.68407
mlt,2024,0.65993
mmr,1991,9.1766
mmr,1992,9.2103
mmr,1993,9.1737
mmr,1994,9.0828
mmr,1995,8.9429
mmr,1996,8.7579
mmr,1997,8.5700
mmr,1998,8.3828
mmr,1999,8.1888
mmr,2000,8.0007
mmr,2001,7.7446
mmr,2002,7.5151
mmr,2003,7.2794
mmr,2004,7.0142
mmr,2005,6.7007
mmr,2006,6.3988
mmr,2007,6.0296
mmr,2008,5.6374
mmr,2009,10.443
mmr,2010,4.8530
mmr,2011,4.4437
mmr,2012,4.0920
mmr,2013,3.7188
mmr,2014,3.3535
mmr,2015,2.9815
mmr,2016,2.6561
mmr,2017,2.4150
mmr,2018,2.2506
mmr,2019,2.1078
mmr,2020,1.9699
mmr,2021,1.8586
mmr,2022,2.0700
mmr,2023,2.2244
mmr,2024,2.0032
mne,1991,2.0268
mne,1992,2.0399
mne,1993,2.0247
mne,1994,1.9783
mne,1995,1.9315
mne,1996,1.9110
mne,1997,1.9169
mne,1998,1.9456
mne,1999,1.9903
mne,2000,2.0345
mne,2001,2.0696
mne,2002,2.0860
mne,2003,2.0804
mne,2004,2.0583
mne,2005,2.0141
mne,2006,1.9541
mne,2007,1.8744
mne,2008,1.7709
mne,2009,1.6562
mne,2010,1.5384
mne,2011,1.4284
mne,2012,1.3359
mne,2013,1.2709
mne,2014,1.2344
mne,2015,1.2182
mne,2016,1.2194
mne,2017,1.2420
mne,2018,1.2854
mne,2019,1.3523
mne,2020,1.4331
mne,2021,1.5309
mne,2022,1.6450
mne,2023,1.7596
mne,2024,1.8709
mng,1991,5.5487
mng,1992,6.1294
mng,1993,6.6101
mng,1994,6.9184
mng,1995,7.0349
mng,1996,6.9709
mng,1997,6.7217
mng,1998,6.3031
mng,1999,5.7734
mng,2000,5.2268
mng,2001,4.7547
mng,2002,4.4026
mng,2003,4.2025
mng,2004,4.1442
mng,2005,4.1390
mng,2006,4.1213
mng,2007,4.0677
mng,2008,3.9993
mng,2009,3.9452
mng,2010,3.9213
mng,2011,3.9451
mng,2012,3.9975
mng,2013,4.0491
mng,2014,4.0757
mng,2015,4.0747
mng,2016,4.0568
mng,2017,4.0197
mng,2018,3.9739
mng,2019,3.9251
mng,2020,3.8700
mng,2021,3.8181
mng,2022,3.7424
mng,2023,3.6077
mng,2024,3.4192
moz,1991,13.418
moz,1992,13.765
moz,1993,14.137
moz,1994,14.383
moz,1995,14.520
moz,1996,14.654
moz,1997,14.706
moz,1998,14.644
moz,1999,14.481
moz,2000,14.208
moz,2001,13.844
moz,2002,13.382
moz,2003,12.787
moz,2004,12.156
moz,2005,11.518
moz,2006,10.895
moz,2007,10.281
moz,2008,9.6793
moz,2009,9.0988
moz,2010,8.5724
moz,2011,8.0784
moz,2012,7.6494
moz,2013,7.2851
moz,2014,7.0115
moz,2015,6.7999
moz,2016,6.6216
moz,2017,6.4466
moz,2018,6.2672
moz,2019,6.0358
moz,2020,5.8179
moz,2021,5.5723
moz,2022,5.3286
moz,2023,5.0708
moz,2024,4.8406
mrt,1991,6.5919
mrt,1992,6.1958
mrt,1993,5.8254
mrt,1994,5.5242
mrt,1995,5.2470
mrt,1996,5.0251
mrt,1997,4.8312
mrt,1998,4.6606
mrt,1999,4.5381
mrt,2000,4.4066
mrt,2001,4.3123
mrt,2002,4.2346
mrt,2003,4.1788
mrt,2004,4.1186
mrt,2005,4.0931
mrt,2006,4.0644
mrt,2007,4.0577
mrt,2008,4.0744
mrt,2009,4.1170
mrt,2010,4.1500
mrt,2011,4.2032
mrt,2012,4.2669
mrt,2013,4.3026
mrt,2014,4.3432
mrt,2015,4.4037
mrt,2016,4.4228
mrt,2017,4.4384
mrt,2018,4.4296
mrt,2019,4.3734
mrt,2020,4.3055
mrt,2021,4.1710
mrt,2022,4.0071
mrt,2023,3.8473
mrt,2024,3.6626
msr,1991,3.5246
msr,1992,3.4476
msr,1993,3.3778
msr,1994,3.3112
msr,1995,3.2472
msr,1996,3.1807
msr,1997,3.1232
msr,1998,3.0643
msr,1999,3.0053
msr,2000,2.9475
msr,2001,2.8924
msr,2002,2.8385
msr,2003,2.7879
msr,2004,2.7383
msr,2005,2.6911
msr,2006,2.6436
msr,2007,2.5978
msr,2008,2.5555
msr,2009,2.5106
msr,2010,2.4684
msr,2011,2.4272
msr,2012,2.3864
msr,2013,2.3463
msr,2014,2.3043
msr,2015,2.2650
msr,2016,2.2238
msr,2017,2.1849
msr,2018,2.1506
msr,2019,2.1133
msr,2020,2.0732
msr,2021,2.0430
msr,2022,2.0088
msr,2023,1.9750
msr,2024,1.9428
mus,1991,3.3003
mus,1992,3.3194
mus,1993,3.3178
mus,1994,3.2947
mus,1995,3.2405
mus,1996,3.1709
mus,1997,3.0883
mus,1998,2.9947
mus,1999,2.9038
mus,2000,2.8187
mus,2001,2.7446
mus,2002,2.6814
mus,2003,2.6333
mus,2004,2.6004
mus,2005,2.5779
mus,2006,2.5684
mus,2007,2.5685
mus,2008,2.5742
mus,2009,2.5836
mus,2010,2.5934
mus,2011,2.6079
mus,2012,2.6246
mus,2013,2.6432
mus,2014,2.6671
mus,2015,2.6936
mus,2016,2.7182
mus,2017,2.7368
mus,2018,2.7506
mus,2019,2.7505
mus,2020,2.7383
mus,2021,2.7089
mus,2022,2.6676
mus,2023,2.6128
mus,2024,2.5506
mwi,1991,14.982
mwi,1992,15.324
mwi,1993,15.712
mwi,1994,16.226
mwi,1995,16.795
mwi,1996,17.377
mwi,1997,17.856
mwi,1998,18.168
mwi,1999,18.248
mwi,2000,18.042
mwi,2001,17.564
mwi,2002,16.860
mwi,2003,15.981
mwi,2004,15.121
mwi,2005,14.248
mwi,2006,13.395
mwi,2007,12.568
mwi,2008,11.811
mwi,2009,11.098
mwi,2010,10.430
mwi,2011,9.8112
mwi,2012,9.2159
mwi,2013,8.6262
mwi,2014,8.0822
mwi,2015,7.5395
mwi,2016,7.0537
mwi,2017,6.5971
mwi,2018,6.1322
mwi,2019,5.7030
mwi,2020,5.3334
mwi,2021,5.0328
mwi,2022,4.7519
mwi,2023,4.4804
mwi,2024,4.2229
mys,1991,4.3241
mys,1992,4.2621
mys,1993,4.2380
mys,1994,4.3474
mys,1995,4.5455
mys,1996,4.6992
mys,1997,4.7207
mys,1998,4.5886
mys,1999,4.3529
mys,2000,4.0982
mys,2001,3.9343
mys,2002,3.8960
mys,2003,3.8690
mys,2004,3.7747
mys,2005,3.6133
mys,2006,3.4392
mys,2007,3.2990
mys,2008,3.2236
mys,2009,3.2505
mys,2010,3.3354
mys,2011,3.4017
mys,2012,3.4143
mys,2013,3.3932
mys,2014,3.3807
mys,2015,3.3793
mys,2016,3.3810
mys,2017,3.3538
mys,2018,3.2120
mys,2019,2.9201
mys,2020,2.5718
mys,2021,2.2868
mys,2022,2.0967
mys,2023,1.9475
mys,2024,1.8043
nam,1991,9.2065
nam,1992,9.2154
nam,1993,9.2395
nam,1994,9.3060
nam,1995,9.3751
nam,1996,9.4949
nam,1997,9.5900
nam,1998,9.7076
nam,1999,9.8143
nam,2000,9.8961
nam,2001,9.9805
nam,2002,9.9948
nam,2003,9.9576
nam,2004,9.8629
nam,2005,9.6868
nam,2006,9.4733
nam,2007,9.2256
nam,2008,8.9539
nam,2009,8.7109
nam,2010,8.4776
nam,2011,8.2531
nam,2012,8.0395
nam,2013,7.8395
nam,2014,7.6082
nam,2015,7.3738
nam,2016,7.1119
nam,2017,6.8302
nam,2018,6.5403
nam,2019,6.2038
nam,2020,5.8584
nam,2021,5.4950
nam,2022,5.1460
nam,2023,4.7915
nam,2024,4.4547
ner,1991,14.972
ner,1992,14.583
ner,1993,14.282
ner,1994,13.979
ner,1995,13.775
ner,1996,13.612
ner,1997,13.477
ner,1998,13.418
ner,1999,13.411
ner,2000,13.367
ner,2001,13.287
ner,2002,13.174
ner,2003,12.923
ner,2004,12.634
ner,2005,12.283
ner,2006,11.910
ner,2007,11.505
ner,2008,11.091
ner,2009,10.640
ner,2010,10.143
ner,2011,9.6296
ner,2012,9.1069
ner,2013,8.6767
ner,2014,8.2513
ner,2015,7.8513
ner,2016,7.4607
ner,2017,7.0130
ner,2018,6.6640
ner,2019,6.2390
ner,2020,5.8904
ner,2021,5.5586
ner,2022,5.2164
ner,2023,4.9084
ner,2024,4.6339
nga,1991,12.033
nga,1992,11.842
nga,1993,11.620
nga,1994,11.484
nga,1995,11.301
nga,1996,11.143
nga,1997,10.938
nga,1998,10.766
nga,1999,10.553
nga,2000,10.342
nga,2001,10.158
nga,2002,9.9603
nga,2003,9.7749
nga,2004,9.5881
nga,2005,9.4016
nga,2006,9.2075
nga,2007,9.0026
nga,2008,8.7543
nga,2009,8.5117
nga,2010,8.2506
nga,2011,8.0052
nga,2012,7.7795
nga,2013,7.5637
nga,2014,7.3311
nga,2015,7.0901
nga,2016,6.8584
nga,2017,6.5825
nga,2018,6.3037
nga,2019,6.0458
nga,2020,5.7965
nga,2021,5.5115
nga,2022,5.1895
nga,2023,4.8916
nga,2024,4.6127
nic,1991,6.9161
nic,1992,6.3381
nic,1993,6.1732
nic,1994,6.0037
nic,1995,5.8358
nic,1996,5.6682
nic,1997,5.5033
nic,1998,5.3394
nic,1999,6.4089
nic,2000,5.0285
nic,2001,4.8841
nic,2002,4.7477
nic,2003,4.6194
nic,2004,4.4973
nic,2005,4.3789
nic,2006,4.2680
nic,2007,4.1606
nic,2008,4.0589
nic,2009,3.9617
nic,2010,3.8673
nic,2011,3.7756
nic,2012,3.6877
nic,2013,3.6032
nic,2014,3.5208
nic,2015,3.4399
nic,2016,3.3620
nic,2017,3.2861
nic,2018,3.2146
nic,2019,3.1453
nic,2020,3.0796
nic,2021,3.0159
nic,2022,2.9534
nic,2023,2.8929
nic,2024,2.8386
niu,1991,3.8587
niu,1992,3.8866
niu,1993,3.9174
niu,1994,3.9586
niu,1995,4.0099
niu,1996,4.0698
niu,1997,4.1360
niu,1998,4.2073
niu,1999,4.2811
niu,2000,4.3522
niu,2001,4.4192
niu,2002,4.4880
niu,2003,4.5505
niu,2004,4.6129
niu,2005,4.6710
niu,2006,4.7166
niu,2007,4.7356
niu,2008,4.7321
niu,2009,4.7051
niu,2010,4.6672
niu,2011,4.6175
niu,2012,4.5561
niu,2013,4.4867
niu,2014,4.4257
niu,2015,4.3587
niu,2016,4.2884
niu,2017,4.2141
niu,2018,4.1491
niu,2019,4.0829
niu,2020,4.0118
niu,2021,3.9454
niu,2022,3.8771
niu,2023,3.8121
niu,2024,3.7495
nld,1991,1.9458
nld,1992,1.9253
nld,1993,1.9041
nld,1994,1.8850
nld,1995,1.8674
nld,1996,1.8500
nld,1997,1.8331
nld,1998,1.8178
nld,1999,1.8007
nld,2000,1.7746
nld,2001,1.7342
nld,2002,1.6768
nld,2003,1.6019
nld,2004,1.5138
nld,2005,1.4239
nld,2006,1.3413
nld,2007,1.2699
nld,2008,1.2072
nld,2009,1.1559
nld,2010,1.1120
nld,2011,1.0743
nld,2012,1.0419
nld,2013,1.0140
nld,2014,0.99018
nld,2015,0.97234
nld,2016,0.96135
nld,2017,0.95613
nld,2018,0.95546
nld,2019,0.95832
nld,2020,0.96484
nld,2021,0.97483
nld,2022,0.98757
nld,2023,1.0011
nld,2024,1.0133
nor,1991,2.6638
nor,1992,2.5424
nor,1993,2.4381
nor,1994,2.3523
nor,1995,2.2920
nor,1996,2.2621
nor,1997,2.2656
nor,1998,2.3032
nor,1999,2.3673
nor,2000,2.4251
nor,2001,2.4397
nor,2002,2.3994
nor,2003,2.3172
nor,2004,2.2024
nor,2005,2.0808
nor,2006,1.9682
nor,2007,1.8744
nor,2008,1.8050
nor,2009,1.7512
nor,2010,1.6978
nor,2011,1.6235
nor,2012,1.5278
nor,2013,1.4225
nor,2014,1.3165
nor,2015,1.2312
nor,2016,1.1779
nor,2017,1.1535
nor,2018,1.1497
nor,2019,1.1600
nor,2020,1.1741
nor,2021,1.1864
nor,2022,1.1976
nor,2023,1.2112
nor,2024,1.2283
npl,1991,7.9314
npl,1992,7.7214
npl,1993,7.4723
npl,1994,7.2089
npl,1995,6.9274
npl,1996,6.6669
npl,1997,6.4110
npl,1998,6.1528
npl,1999,5.8969
npl,2000,5.6552
npl,2001,5.4596
npl,2002,5.2794
npl,2003,5.6557
npl,2004,4.9356
npl,2005,5.1159
npl,2006,4.6854
npl,2007,4.5873
npl,2008,4.4928
npl,2009,4.4050
npl,2010,4.3004
npl,2011,4.2007
npl,2012,4.0581
npl,2013,3.9092
npl,2014,3.7424
npl,2015,3.5582
npl,2016,4.1690
npl,2017,3.2103
npl,2018,3.0365
npl,2019,2.8828
npl,2020,2.7225
npl,2021,2.5827
npl,2022,2.4364
npl,2023,2.3009
npl,2024,2.1735
nru,1991,6.5191
nru,1992,6.3431
nru,1993,6.1680
nru,1994,5.9909
nru,1995,5.8251
nru,1996,5.6665
nru,1997,5.5153
nru,1998,5.3717
nru,1999,5.2338
nru,2000,5.1043
nru,2001,4.9825
nru,2002,4.8711
nru,2003,4.7644
nru,2004,4.6640
nru,2005,4.5727
nru,2006,4.4845
nru,2007,4.3937
nru,2008,4.2946
nru,2009,4.1814
nru,2010,4.0540
nru,2011,3.9124
nru,2012,3.7626
nru,2013,3.6057
nru,2014,3.4448
nru,2015,3.2821
nru,2016,3.1217
nru,2017,2.9679
nru,2018,2.8212
nru,2019,2.6805
nru,2020,2.5455
nru,2021,2.4243
nru,2022,2.3171
nru,2023,2.2263
nru,2024,2.1497
nzl,1991,4.7978
nzl,1992,4.6031
nzl,1993,4.4121
nzl,1994,4.2738
nzl,1995,4.1758
nzl,1996,4.0916
nzl,1997,3.9997
nzl,1998,3.8809
nzl,1999,3.7293
nzl,2000,3.5630
nzl,2001,3.4131
nzl,2002,3.3061
nzl,2003,3.2302
nzl,2004,3.1767
nzl,2005,3.1348
nzl,2006,3.0902
nzl,2007,3.0396
nzl,2008,2.9780
nzl,2009,2.9098
nzl,2010,2.8234
nzl,2011,2.7115
nzl,2012,2.5826
nzl,2013,2.4429
nzl,2014,2.3078
nzl,2015,2.1903
nzl,2016,2.1045
nzl,2017,2.0560
nzl,2018,2.0221
nzl,2019,1.9847
nzl,2020,1.9378
nzl,2021,1.8694
nzl,2022,1.7868
nzl,2023,1.6934
nzl,2024,1.5947
omn,1991,3.6701
omn,1992,3.5205
omn,1993,3.3774
omn,1994,3.2405
omn,1995,3.1141
omn,1996,2.9992
omn,1997,2.8945
omn,1998,2.7979
omn,1999,2.7101
omn,2000,2.6274
omn,2001,2.5518
omn,2002,2.4836
omn,2003,2.4244
omn,2004,2.3744
omn,2005,2.3333
omn,2006,2.3004
omn,2007,2.2747
omn,2008,2.2553
omn,2009,2.2404
omn,2010,2.2287
omn,2011,2.2185
omn,2012,2.2082
omn,2013,2.1972
omn,2014,2.1873
omn,2015,2.1798
omn,2016,2.1747
omn,2017,2.1692
omn,2018,2.1625
omn,2019,2.1550
omn,2020,2.1460
omn,2021,2.1373
omn,2022,2.1288
omn,2023,2.1209
omn,2024,2.1106
pak,1991,8.9711
pak,1992,8.7607
pak,1993,8.4873
pak,1994,8.1750
pak,1995,7.8634
pak,1996,7.5607
pak,1997,7.2622
pak,1998,6.9539
pak,1999,6.6508
pak,2000,6.3423
pak,2001,6.0544
pak,2002,5.8440
pak,2003,5.6303
pak,2004,5.4424
pak,2005,5.2904
pak,2006,6.3240
pak,2007,4.9081
pak,2008,4.6716
pak,2009,4.4448
pak,2010,4.2307
pak,2011,3.9955
pak,2012,3.7708
pak,2013,3.5929
pak,2014,3.3841
pak,2015,3.1797
pak,2016,2.9808
pak,2017,2.8054
pak,2018,2.6354
pak,2019,2.4797
pak,2020,2.3470
pak,2021,2.2361
pak,2022,2.1191
pak,2023,2.0127
pak,2024,1.8986
pan,1991,4.3248
pan,1992,4.4445
pan,1993,4.5825
pan,1994,4.6872
pan,1995,4.7199
pan,1996,4.6675
pan,1997,4.5610
pan,1998,4.4231
pan,1999,4.2648
pan,2000,4.1131
pan,2001,3.9775
pan,2002,3.8790
pan,2003,3.8219
pan,2004,3.8107
pan,2005,3.8443
pan,2006,3.9443
pan,2007,4.1541
pan,2008,4.4856
pan,2009,4.8697
pan,2010,5.2146
pan,2011,5.4465
pan,2012,5.5226
pan,2013,5.4416
pan,2014,5.2268
pan,2015,4.9298
pan,2016,4.6058
pan,2017,4.3229
pan,2018,4.1097
pan,2019,3.9523
pan,2020,3.8343
pan,2021,3.7329
pan,2022,3.6212
pan,2023,3.4856
pan,2024,3.3354
per,1991,7.4834
per,1992,7.2871
per,1993,7.0185
per,1994,6.6805
per,1995,6.3058
per,1996,5.8971
per,1997,5.4871
per,1998,5.0828
per,1999,4.7200
per,2000,4.3867
per,2001,4.0952
per,2002,3.8383
per,2003,3.6200
per,2004,3.4323
per,2005,3.2782
per,2006,3.1568
per,2007,3.0627
per,2008,3.0003
per,2009,2.9677
per,2010,2.9560
per,2011,2.9467
per,2012,2.9132
per,2013,2.8494
per,2014,2.7651
per,2015,2.6849
per,2016,2.6375
per,2017,2.6609
per,2018,2.7483
per,2019,2.8286
per,2020,2.8084
per,2021,2.6873
per,2022,2.5222
per,2023,2.3614
per,2024,2.2059
phl,1991,5.1833
phl,1992,4.9223
phl,1993,4.6983
phl,1994,4.5156
phl,1995,4.3857
phl,1996,4.2921
phl,1997,4.2148
phl,1998,4.1492
phl,1999,4.0912
phl,2000,4.0420
phl,2001,3.9998
phl,2002,3.9618
phl,2003,3.9313
phl,2004,3.8939
phl,2005,3.8609
phl,2006,3.8334
phl,2007,3.8204
phl,2008,3.8264
phl,2009,3.8291
phl,2010,3.8204
phl,2011,3.7907
phl,2012,3.7560
phl,2013,3.7312
phl,2014,3.7170
phl,2015,3.7282
phl,2016,3.7482
phl,2017,3.7484
phl,2018,3.7244
phl,2019,3.6975
phl,2020,3.7118
phl,2021,3.7732
phl,2022,3.8808
phl,2023,3.9989
phl,2024,4.0622
plw,1991,4.3788
plw,1992,4.5365
plw,1993,4.6876
plw,1994,4.8367
plw,1995,4.9660
plw,1996,5.0865
plw,1997,5.2023
plw,1998,5.2980
plw,1999,5.4236
plw,2000,5.5337
plw,2001,5.6092
plw,2002,5.6963
plw,2003,5.7622
plw,2004,5.8317
plw,2005,5.8611
plw,2006,5.8342
plw,2007,5.7727
plw,2008,5.6836
plw,2009,5.6049
plw,2010,5.4765
plw,2011,5.3251
plw,2012,5.1700
plw,2013,4.9844
plw,2014,4.7610
plw,2015,4.5234
plw,2016,4.2322
plw,2017,3.9580
plw,2018,3.7475
plw,2019,3.6215
plw,2020,3.4963
plw,2021,3.4063
plw,2022,3.2558
plw,2023,3.0760
plw,2024,2.8949
png,1991,7.4114
png,1992,7.3368
png,1993,7.2663
png,1994,7.1978
png,1995,7.1316
png,1996,7.0685
png,1997,7.0066
png,1998,6.9453
png,1999,7.9861
png,2000,6.8305
png,2001,6.7761
png,2002,6.7171
png,2003,6.6539
png,2004,6.5896
png,2005,6.5244
png,2006,6.4537
png,2007,6.3797
png,2008,6.3041
png,2009,6.2264
png,2010,6.1472
png,2011,6.0643
png,2012,5.9805
png,2013,5.8976
png,2014,5.8156
png,2015,5.7330
png,2016,5.6507
png,2017,5.5601
png,2018,5.4730
png,2019,5.3796
png,2020,5.2919
png,2021,5.2033
png,2022,5.1145
png,2023,5.0215
png,2024,4.9302
pol,1991,3.4044
pol,1992,3.4359
pol,1993,3.3744
pol,1994,3.2405
pol,1995,3.0994
pol,1996,3.0106
pol,1997,2.9657
pol,1998,2.9285
pol,1999,2.8726
pol,2000,2.7873
pol,2001,2.6703
pol,2002,2.5420
pol,2003,2.4317
pol,2004,2.3568
pol,2005,2.3194
pol,2006,2.3191
pol,2007,2.3371
pol,2008,2.3533
pol,2009,2.3539
pol,2010,2.3338
pol,2011,2.2915
pol,2012,2.2323
pol,2013,2.1619
pol,2014,2.0838
pol,2015,1.9986
pol,2016,1.9106
pol,2017,1.8348
pol,2018,1.7916
pol,2019,1.7877
pol,2020,1.8059
pol,2021,1.8288
pol,2022,1.8382
pol,2023,1.8208
pol,2024,1.7733
prk,1991,4.9566
prk,1992,5.0261
prk,1993,5.0709
prk,1994,5.0866
prk,1995,5.0735
prk,1996,8.4530
prk,1997,8.3886
prk,1998,8.3196
prk,1999,8.2566
prk,2000,8.1898
prk,2001,8.1269
prk,2002,8.0725
prk,2003,8.0157
prk,2004,4.5259
prk,2005,4.4732
prk,2006,4.4370
prk,2007,4.3978
prk,2008,4.3708
prk,2009,4.2681
prk,2010,4.1869
prk,2011,4.0860
prk,2012,3.9730
prk,2013,3.8498
prk,2014,3.7161
prk,2015,3.5886
prk,2016,3.4760
prk,2017,3.4086
prk,2018,3.2713
prk,2019,3.2047
prk,2020,3.1357
prk,2021,3.1111
prk,2022,3.1107
prk,2023,3.1380
prk,2024,3.1644
prt,1991,4.6373
prt,1992,4.5995
prt,1993,4.4744
prt,1994,4.2816
prt,1995,4.0741
prt,1996,3.9076
prt,1997,3.7694
prt,1998,3.6187
prt,1999,3.4412
prt,2000,3.2315
prt,2001,3.0050
prt,2002,2.7789
prt,2003,2.5696
prt,2004,2.3881
prt,2005,2.2287
prt,2006,2.0867
prt,2007,1.9491
prt,2008,1.8116
prt,2009,1.6736
prt,2010,1.5368
prt,2011,1.4083
prt,2012,1.2931
prt,2013,1.1955
prt,2014,1.1194
prt,2015,1.0636
prt,2016,1.0305
prt,2017,1.0131
prt,2018,1.0098
prt,2019,1.0225
prt,2020,1.0466
prt,2021,1.0825
prt,2022,1.1259
prt,2023,1.1681
prt,2024,1.2034
pry,1991,5.3508
pry,1992,5.2459
pry,1993,5.1477
pry,1994,5.0553
pry,1995,4.9692
pry,1996,4.8886
pry,1997,4.8159
pry,1998,4.7510
pry,1999,4.6894
pry,2000,4.6300
pry,2001,4.5724
pry,2002,4.5196
pry,2003,4.4691
pry,2004,4.4133
pry,2005,4.3583
pry,2006,4.3005
pry,2007,4.2422
pry,2008,4.1821
pry,2009,4.1190
pry,2010,4.0536
pry,2011,3.9948
pry,2012,3.9274
pry,2013,3.8715
pry,2014,3.8117
pry,2015,3.7505
pry,2016,3.6844
pry,2017,3.6224
pry,2018,3.5603
pry,2019,3.4978
pry,2020,3.4366
pry,2021,3.3834
pry,2022,3.3239
pry,2023,3.2646
pry,2024,3.2107
pse,1991,4.1477
pse,1992,3.7852
pse,1993,3.9845
pse,1994,4.0112
pse,1995,3.5878
pse,1996,3.7338
pse,1997,3.4737
pse,1998,3.4205
pse,1999,3.3699
pse,2000,3.3217
pse,2001,4.0113
pse,2002,4.7982
pse,2003,3.7497
pse,2004,3.9328
pse,2005,4.0270
pse,2006,3.3025
pse,2007,3.6804
pse,2008,3.6338
pse,2009,3.4892
pse,2010,3.5190
pse,2011,2.8644
pse,2012,2.8213
pse,2013,2.7793
pse,2014,2.7366
pse,2015,3.9403
pse,2016,2.6511
pse,2017,2.6088
pse,2018,2.5691
pse,2019,2.5292
pse,2020,2.4915
pse,2021,2.4558
pse,2022,2.4198
pse,2023,2.3850
pse,2024,16.816
qat,1991,3.0775
qat,1992,3.0929
qat,1993,3.1022
qat,1994,3.1057
qat,1995,3.0829
qat,1996,3.0467
qat,1997,2.9846
qat,1998,2.9396
qat,1999,2.9287
qat,2000,2.9729
qat,2001,3.0829
qat,2002,3.2585
qat,2003,3.4650
qat,2004,3.6481
qat,2005,3.7570
qat,2006,3.7933
qat,2007,3.7433
qat,2008,3.6273
qat,2009,3.4628
qat,2010,3.2711
qat,2011,3.0909
qat,2012,2.9221
qat,2013,2.7647
qat,2014,2.6244
qat,2015,2.4942
qat,2016,2.3837
qat,2017,2.2908
qat,2018,2.2174
qat,2019,2.1681
qat,2020,2.1376
qat,2021,2.1222
qat,2022,2.1159
qat,2023,2.1109
qat,2024,2.0892
rks,1991,3.9278
rks,1992,3.8454
rks,1993,3.7633
rks,1994,3.6830
rks,1995,3.6005
rks,1996,3.5172
rks,1997,3.4327
rks,1998,3.3464
rks,1999,3.2610
rks,2000,3.1734
rks,2001,3.0859
rks,2002,2.9988
rks,2003,2.9119
rks,2004,2.8286
rks,2005,2.7481
rks,2006,2.6708
rks,2007,2.5970
rks,2008,2.5275
rks,2009,2.4615
rks,2010,2.3996
rks,2011,2.3412
rks,2012,2.2871
rks,2013,2.2369
rks,2014,2.1898
rks,2015,2.1448
rks,2016,2.1022
rks,2017,2.0618
rks,2018,2.0215
rks,2019,1.9825
rks,2020,1.9444
rks,2021,1.9090
rks,2022,1.8768
rks,2023,1.8493
rks,2024,1.8242
rou,1991,3.5533
rou,1992,3.3177
rou,1993,3.1914
rou,1994,3.1662
rou,1995,3.1830
rou,1996,3.2274
rou,1997,3.2542
rou,1998,3.2409
rou,1999,3.1777
rou,2000,3.0317
rou,2001,2.8467
rou,2002,2.6558
rou,2003,2.5817
rou,2004,2.6957
rou,2005,2.8732
rou,2006,3.0501
rou,2007,3.1886
rou,2008,3.2589
rou,2009,3.2318
rou,2010,3.0469
rou,2011,2.7544
rou,2012,2.4402
rou,2013,2.2138
rou,2014,2.1104
rou,2015,2.0677
rou,2016,2.0676
rou,2017,2.0704
rou,2018,2.0552
rou,2019,2.0266
rou,2020,1.9796
rou,2021,1.9374
rou,2022,1.8831
rou,2023,1.7907
rou,2024,1.6386
rus,1991,5.4116
rus,1992,5.7923
rus,1993,6.4167
rus,1994,7.1412
rus,1995,7.5552
rus,1996,7.4382
rus,1997,7.1191
rus,1998,6.9447
rus,1999,6.9384
rus,2000,6.9809
rus,2001,6.9672
rus,2002,6.8210
rus,2003,6.4987
rus,2004,6.1147
rus,2005,5.8202
rus,2006,5.6639
rus,2007,5.5137
rus,2008,5.2584
rus,2009,4.9309
rus,2010,4.6158
rus,2011,4.3638
rus,2012,4.1642
rus,2013,4.0122
rus,2014,3.8713
rus,2015,3.6911
rus,2016,3.4596
rus,2017,3.2193
rus,2018,3.0118
rus,2019,2.8623
rus,2020,2.7880
rus,2021,2.7780
rus,2022,2.7732
rus,2023,2.9847
rus,2024,3.1108
rwa,1991,27.575
rwa,1992,31.329
rwa,1993,31.702
rwa,1994,33.321
rwa,1995,393.09
rwa,1996,34.288
rwa,1997,33.083
rwa,1998,33.762
rwa,1999,30.529
rwa,2000,23.624
rwa,2001,19.909
rwa,2002,16.755
rwa,2003,14.146
rwa,2004,12.146
rwa,2005,10.574
rwa,2006,9.3762
rwa,2007,8.3904
rwa,2008,7.5936
rwa,2009,6.9794
rwa,2010,6.5421
rwa,2011,6.1887
rwa,2012,5.9189
rwa,2013,5.6726
rwa,2014,5.4145
rwa,2015,5.1342
rwa,2016,4.8314
rwa,2017,4.5151
rwa,2018,4.1873
rwa,2019,3.8786
rwa,2020,3.5886
rwa,2021,3.3349
rwa,2022,3.0945
rwa,2023,2.8852
rwa,2024,2.7233
sau,1991,2.6470
sau,1992,2.9289
sau,1993,3.2355
sau,1994,3.5026
sau,1995,3.7697
sau,1996,4.0080
sau,1997,4.1691
sau,1998,4.3042
sau,1999,4.4278
sau,2000,4.5314
sau,2001,4.5900
sau,2002,4.6328
sau,2003,4.6918
sau,2004,4.7284
sau,2005,4.7393
sau,2006,4.7448
sau,2007,4.7210
sau,2008,4.6694
sau,2009,4.5717
sau,2010,4.4774
sau,2011,4.3660
sau,2012,4.2210
sau,2013,4.0739
sau,2014,3.9093
sau,2015,3.7423
sau,2016,3.5637
sau,2017,3.3949
sau,2018,3.1812
sau,2019,2.9904
sau,2020,2.8345
sau,2021,2.6778
sau,2022,2.5547
sau,2023,2.4544
sau,2024,2.3491
sdn,1991,14.801
sdn,1992,14.619
sdn,1993,14.430
sdn,1994,14.232
sdn,1995,14.026
sdn,1996,13.807
sdn,1997,13.578
sdn,1998,13.328
sdn,1999,13.067
sdn,2000,12.792
sdn,2001,12.504
sdn,2002,12.209
sdn,2003,12.927
sdn,2004,13.963
sdn,2005,15.709
sdn,2006,15.184
sdn,2007,12.027
sdn,2008,10.583
sdn,2009,11.483
sdn,2010,10.134
sdn,2011,9.9307
sdn,2012,9.7401
sdn,2013,9.5558
sdn,2014,9.3736
sdn,2015,9.1876
sdn,2016,9.0042
sdn,2017,8.8208
sdn,2018,8.6321
sdn,2019,8.4565
sdn,2020,8.2732
sdn,2021,8.0948
sdn,2022,7.9156
sdn,2023,7.7316
sdn,2024,8.3432
sen,1991,9.1376
sen,1992,9.1693
sen,1993,9.1650
sen,1994,9.1592
sen,1995,9.1233
sen,1996,9.1048
sen,1997,9.0628
sen,1998,9.0320
sen,1999,8.9795
sen,2000,8.9600
sen,2001,8.8911
sen,2002,8.8022
sen,2003,8.7081
sen,2004,8.5699
sen,2005,8.4176
sen,2006,8.2076
sen,2007,7.9495
sen,2008,7.6739
sen,2009,7.3786
sen,2010,7.0715
sen,2011,6.7590
sen,2012,6.4503
sen,2013,6.1262
sen,2014,5.8331
sen,2015,5.5324
sen,2016,5.2367
sen,2017,4.9514
sen,2018,4.6868
sen,2019,4.4870
sen,2020,4.2785
sen,2021,4.0602
sen,2022,3.8599
sen,2023,3.6505
sen,2024,3.4688
sgp,1991,2.2474
sgp,1992,2.0569
sgp,1993,1.9130
sgp,1994,1.8077
sgp,1995,1.7307
sgp,1996,1.6741
sgp,1997,1.6281
sgp,1998,1.5849
sgp,1999,1.5477
sgp,2000,1.5265
sgp,2001,1.5124
sgp,2002,1.4962
sgp,2003,1.4679
sgp,2004,1.4154
sgp,2005,1.3364
sgp,2006,1.2460
sgp,2007,1.1627
sgp,2008,1.0969
sgp,2009,1.0483
sgp,2010,1.0143
sgp,2011,0.98951
sgp,2012,0.97067
sgp,2013,0.95419
sgp,2014,0.93871
sgp,2015,0.92484
sgp,2016,0.91167
sgp,2017,0.90319
sgp,2018,0.90054
sgp,2019,0.90728
sgp,2020,0.92315
sgp,2021,0.94785
sgp,2022,0.98074
sgp,2023,1.0147
sgp,2024,1.0373
slb,1991,4.7810
slb,1992,4.7100
slb,1993,4.6392
slb,1994,4.5716
slb,1995,4.5072
slb,1996,4.4466
slb,1997,4.3927
slb,1998,4.3450
slb,1999,4.3046
slb,2000,4.2672
slb,2001,4.2366
slb,2002,4.2073
slb,2003,4.1829
slb,2004,4.1624
slb,2005,4.1410
slb,2006,4.1195
slb,2007,4.0960
slb,2008,4.0685
slb,2009,4.0375
slb,2010,4.0032
slb,2011,3.9677
slb,2012,3.9277
slb,2013,3.8889
slb,2014,3.8521
slb,2015,3.8148
slb,2016,3.7825
slb,2017,3.7475
slb,2018,3.7110
slb,2019,3.6696
slb,2020,3.6209
slb,2021,3.5669
slb,2022,3.5161
slb,2023,3.4623
slb,2024,3.4013
sle,1991,12.473
sle,1992,13.123
sle,1993,13.794
sle,1994,14.475
sle,1995,16.029
sle,1996,17.177
sle,1997,15.960
sle,1998,16.264
sle,1999,19.238
sle,2000,22.366
sle,2001,16.667
sle,2002,16.933
sle,2003,17.363
sle,2004,17.836
sle,2005,18.123
sle,2006,18.303
sle,2007,18.317
sle,2008,18.232
sle,2009,17.978
sle,2010,17.576
sle,2011,17.153
sle,2012,16.679
sle,2013,16.277
sle,2014,15.861
sle,2015,15.328
sle,2016,14.695
sle,2017,13.955
sle,2018,13.026
sle,2019,12.078
sle,2020,11.192
sle,2021,10.452
sle,2022,9.8136
sle,2023,9.2624
sle,2024,8.7840
slv,1991,9.6141
slv,1992,7.3380
slv,1993,6.9406
slv,1994,6.9105
slv,1995,7.1863
slv,1996,7.4990
slv,1997,7.5823
slv,1998,7.3930
slv,1999,7.0480
slv,2000,6.6609
slv,2001,6.3102
slv,2002,6.0827
slv,2003,6.0214
slv,2004,6.1725
slv,2005,6.5397
slv,2006,6.9521
slv,2007,7.2387
slv,2008,7.3378
slv,2009,7.3085
slv,2010,7.1864
slv,2011,6.9416
slv,2012,6.5934
slv,2013,6.3593
slv,2014,6.5357
slv,2015,7.2184
slv,2016,7.9090
slv,2017,7.9208
slv,2018,7.1892
slv,2019,6.0818
slv,2020,4.9481
slv,2021,4.0338
slv,2022,3.4148
slv,2023,2.9915
slv,2024,2.6922
smr,1991,2.7792
smr,1992,2.6164
smr,1993,2.4636
smr,1994,2.3192
smr,1995,2.1816
smr,1996,2.0559
smr,1997,1.9377
smr,1998,1.8319
smr,1999,1.7317
smr,2000,1.6387
smr,2001,1.5514
smr,2002,1.4707
smr,2003,1.3970
smr,2004,1.3255
smr,2005,1.2617
smr,2006,1.2039
smr,2007,1.1504
smr,2008,1.1009
smr,2009,1.0542
smr,2010,1.0125
smr,2011,0.97149
smr,2012,0.93616
smr,2013,0.89965
smr,2014,0.86630
smr,2015,0.83508
smr,2016,0.80511
smr,2017,0.77837
smr,2018,0.75176
smr,2019,0.72832
smr,2020,0.70612
smr,2021,0.68713
smr,2022,0.66832
smr,2023,0.65039
smr,2024,0.63548
som,1991,24.097
som,1992,41.424
som,1993,39.658
som,1994,17.821
som,1995,17.801
som,1996,17.801
som,1997,17.801
som,1998,17.801
som,1999,17.801
som,2000,17.801
som,2001,17.801
som,2002,17.801
som,2003,17.801
som,2004,17.801
som,2005,17.801
som,2006,17.798
som,2007,17.743
som,2008,17.612
som,2009,17.352
som,2010,17.038
som,2011,16.680
som,2012,29.953
som,2013,18.156
som,2014,15.608
som,2015,16.275
som,2016,14.911
som,2017,15.874
som,2018,17.191
som,2019,15.067
som,2020,13.689
som,2021,13.394
som,2022,13.100
som,2023,16.070
som,2024,13.996
srb,1991,2.8303
srb,1992,3.2164
srb,1993,3.2731
srb,1994,2.8960
srb,1995,2.4828
srb,1996,2.3093
srb,1997,2.3595
srb,1998,2.5439
srb,1999,2.7637
srb,2000,2.8681
srb,2001,2.7120
srb,2002,2.4164
srb,2003,2.1842
srb,2004,2.0908
srb,2005,2.0843
srb,2006,2.1134
srb,2007,2.1310
srb,2008,2.0849
srb,2009,1.9664
srb,2010,1.8294
srb,2011,1.7185
srb,2012,1.6403
srb,2013,1.5866
srb,2014,1.5477
srb,2015,1.5117
srb,2016,1.4702
srb,2017,1.4323
srb,2018,1.4111
srb,2019,1.4158
srb,2020,1.4403
srb,2021,1.4800
srb,2022,1.5099
srb,2023,1.4978
srb,2024,1.4339
ssd,1991,67.561
ssd,1992,66.293
ssd,1993,105.79
ssd,1994,104.59
ssd,1995,21.649
ssd,1996,61.447
ssd,1997,60.037
ssd,1998,58.478
ssd,1999,101.90
ssd,2000,28.373
ssd,2001,22.903
ssd,2002,22.077
ssd,2003,21.261
ssd,2004,16.567
ssd,2005,15.961
ssd,2006,15.389
ssd,2007,14.832
ssd,2008,14.324
ssd,2009,13.823
ssd,2010,13.347
ssd,2011,12.912
ssd,2012,12.512
ssd,2013,12.211
ssd,2014,12.068
ssd,2015,22.678
ssd,2016,27.628
ssd,2017,31.062
ssd,2018,32.378
ssd,2019,16.921
ssd,2020,12.026
ssd,2021,12.026
ssd,2022,12.026
ssd,2023,12.026
ssd,2024,12.026
stp,1991,2.8215
stp,1992,3.0167
stp,1993,3.2079
stp,1994,3.3738
stp,1995,3.5484
stp,1996,3.6983
stp,1997,3.8746
stp,1998,4.0136
stp,1999,4.1736
stp,2000,4.3014
stp,2001,4.4045
stp,2002,4.5123
stp,2003,4.5625
stp,2004,4.6392
stp,2005,4.7105
stp,2006,4.7469
stp,2007,4.7774
stp,2008,4.7833
stp,2009,4.7735
stp,2010,4.7511
stp,2011,4.6963
stp,2012,4.5873
stp,2013,4.4484
stp,2014,4.2701
stp,2015,4.0660
stp,2016,3.8764
stp,2017,3.6603
stp,2018,3.4732
stp,2019,3.2669
stp,2020,3.0757
stp,2021,2.8968
stp,2022,2.7326
stp,2023,2.5449
stp,2024,2.4000
sur,1991,4.2852
sur,1992,4.5116
sur,1993,4.6497
sur,1994,4.6626
sur,1995,4.5364
sur,1996,4.3100
sur,1997,4.0551
sur,1998,3.8293
sur,1999,3.6487
sur,2000,3.5362
sur,2001,3.4582
sur,2002,3.4039
sur,2003,3.3726
sur,2004,3.3688
sur,2005,3.4066
sur,2006,3.4787
sur,2007,3.5802
sur,2008,3.6910
sur,2009,3.7888
sur,2010,3.8509
sur,2011,3.8651
sur,2012,3.8198
sur,2013,3.7575
sur,2014,3.6967
sur,2015,3.6660
sur,2016,3.6549
sur,2017,3.6660
sur,2018,3.6875
sur,2019,3.7075
sur,2020,3.6926
sur,2021,3.6475
sur,2022,3.5380
sur,2023,3.3772
sur,2024,3.1758
svk,1991,2.7824
svk,1992,2.7600
svk,1993,2.7278
svk,1994,2.6841
svk,1995,2.6319
svk,1996,2.5759
svk,1997,2.5158
svk,1998,2.4523
svk,1999,2.3866
svk,2000,2.3223
svk,2001,2.2592
svk,2002,2.2005
svk,2003,2.1454
svk,2004,2.0969
svk,2005,2.0542
svk,2006,2.0160
svk,2007,1.9813
svk,2008,1.9487
svk,2009,1.9182
svk,2010,1.8881
svk,2011,1.8590
svk,2012,1.8300
svk,2013,1.8025
svk,2014,1.7762
svk,2015,1.7518
svk,2016,1.7280
svk,2017,1.7031
svk,2018,1.6772
svk,2019,1.6476
svk,2020,1.6147
svk,2021,1.5794
svk,2022,1.5396
svk,2023,1.4958
svk,2024,1.4504
svn,1991,3.1714
svn,1992,3.1814
svn,1993,3.1872
svn,1994,3.1763
svn,1995,3.1455
svn,1996,3.0919
svn,1997,3.0201
svn,1998,2.9381
svn,1999,2.8536
svn,2000,2.7666
svn,2001,2.6769
svn,2002,2.5859
svn,2003,2.4873
svn,2004,2.3851
svn,2005,2.2759
svn,2006,2.1610
svn,2007,2.0416
svn,2008,1.9202
svn,2009,1.7987
svn,2010,1.6854
svn,2011,1.5870
svn,2012,1.5056
svn,2013,1.4373
svn,2014,1.3852
svn,2015,1.3417
svn,2016,1.3021
svn,2017,1.2678
svn,2018,1.2297
svn,2019,1.1872
svn,2020,1.1443
svn,2021,1.1017
svn,2022,1.0605
svn,2023,1.0191
svn,2024,0.97947
swe,1991,2.0942
swe,1992,1.9700
swe,1993,1.8440
swe,1994,1.7314
swe,1995,1.6416
swe,1996,1.5804
swe,1997,1.5496
swe,1998,1.5429
swe,1999,1.5569
swe,2000,1.5777
swe,2001,1.5996
swe,2002,1.6158
swe,2003,1.6206
swe,2004,1.6113
swe,2005,1.5869
swe,2006,1.5495
swe,2007,1.5017
swe,2008,1.4489
swe,2009,1.3956
swe,2010,1.3454
swe,2011,1.2989
swe,2012,1.2572
swe,2013,1.2218
swe,2014,1.1947
swe,2015,1.1759
swe,2016,1.1672
swe,2017,1.1654
swe,2018,1.1677
swe,2019,1.1706
swe,2020,1.1680
swe,2021,1.1535
swe,2022,1.1292
swe,2023,1.1018
swe,2024,1.0732
swz,1991,9.1139
swz,1992,8.8794
swz,1993,8.6732
swz,1994,8.5002
swz,1995,8.3469
swz,1996,8.2156
swz,1997,8.1044
swz,1998,8.0056
swz,1999,7.9222
swz,2000,7.8548
swz,2001,7.8043
swz,2002,7.7674
swz,2003,7.7409
swz,2004,7.7243
swz,2005,7.7140
swz,2006,7.7045
swz,2007,7.6907
swz,2008,7.6820
swz,2009,7.6707
swz,2010,7.6572
swz,2011,7.6420
swz,2012,7.6269
swz,2013,7.6011
swz,2014,7.5655
swz,2015,7.5196
swz,2016,7.4616
swz,2017,7.4032
swz,2018,7.3351
swz,2019,7.2704
swz,2020,7.1973
swz,2021,7.1037
swz,2022,6.9951
swz,2023,6.8743
swz,2024,6.7524
syc,1991,2.0500
syc,1992,2.1637
syc,1993,2.2894
syc,1994,2.4346
syc,1995,2.5760
syc,1996,2.7224
syc,1997,2.8651
syc,1998,2.9959
syc,1999,3.1033
syc,2000,3.1793
syc,2001,3.2188
syc,2002,3.2308
syc,2003,3.2044
syc,2004,3.1673
syc,2005,3.1187
syc,2006,3.0596
syc,2007,2.9971
syc,2008,2.9588
syc,2009,2.9255
syc,2010,2.9133
syc,2011,2.9218
syc,2012,2.9518
syc,2013,2.9891
syc,2014,3.0443
syc,2015,3.0981
syc,2016,3.1416
syc,2017,3.1828
syc,2018,3.1867
syc,2019,3.1294
syc,2020,3.0327
syc,2021,2.9319
syc,2022,2.8117
syc,2023,2.6994
syc,2024,2.5646
syr,1991,5.9662
syr,1992,6.0100
syr,1993,6.0061
syr,1994,5.9534
syr,1995,5.8412
syr,1996,5.6465
syr,1997,5.3568
syr,1998,4.9838
syr,1999,4.5312
syr,2000,4.0284
syr,2001,3.5298
syr,2002,3.1025
syr,2003,2.7953
syr,2004,2.6084
syr,2005,2.5377
syr,2006,2.5682
syr,2007,2.6326
syr,2008,2.6672
syr,2009,2.6686
syr,2010,2.6658
syr,2011,2.6695
syr,2012,3.8765
syr,2013,10.035
syr,2014,10.816
syr,2015,10.142
syr,2016,12.517
syr,2017,10.162
syr,2018,9.1737
syr,2019,6.9463
syr,2020,3.8754
syr,2021,2.8085
syr,2022,1.8735
syr,2023,2.1485
syr,2024,2.4801
tca,1991,3.3648
tca,1992,3.2573
tca,1993,3.1588
tca,1994,3.0615
tca,1995,2.9713
tca,1996,2.8848
tca,1997,2.8014
tca,1998,2.7257
tca,1999,2.6520
tca,2000,2.5859
tca,2001,2.5210
tca,2002,2.4586
tca,2003,2.4027
tca,2004,2.3512
tca,2005,2.3048
tca,2006,2.2620
tca,2007,2.2243
tca,2008,2.1902
tca,2009,2.1597
tca,2010,2.1330
tca,2011,2.1057
tca,2012,2.0816
tca,2013,2.0595
tca,2014,2.0375
tca,2015,2.0183
tca,2016,2.0002
tca,2017,1.9811
tca,2018,1.9608
tca,2019,1.9385
tca,2020,1.9155
tca,2021,1.8884
tca,2022,1.8634
tca,2023,1.8363
tca,2024,1.8064
tcd,1991,21.157
tcd,1992,17.708
tcd,1993,17.809
tcd,1994,17.887
tcd,1995,17.921
tcd,1996,17.968
tcd,1997,17.904
tcd,1998,17.816
tcd,1999,17.660
tcd,2000,17.464
tcd,2001,17.270
tcd,2002,17.054
tcd,2003,16.748
tcd,2004,16.411
tcd,2005,16.095
tcd,2006,15.808
tcd,2007,15.531
tcd,2008,15.270
tcd,2009,14.992
tcd,2010,14.695
tcd,2011,14.354
tcd,2012,13.952
tcd,2013,13.464
tcd,2014,12.945
tcd,2015,12.358
tcd,2016,11.870
tcd,2017,11.322
tcd,2018,10.716
tcd,2019,10.153
tcd,2020,9.6406
tcd,2021,9.0924
tcd,2022,8.6095
tcd,2023,8.1528
tcd,2024,7.7454
tgo,1991,9.1541
tgo,1992,9.2110
tgo,1993,9.3273
tgo,1994,9.3889
tgo,1995,9.5136
tgo,1996,9.6674
tgo,1997,9.8149
tgo,1998,9.9136
tgo,1999,10.008
tgo,2000,10.073
tgo,2001,10.141
tgo,2002,10.119
tgo,2003,10.058
tgo,2004,9.9354
tgo,2005,9.7659
tgo,2006,9.5699
tgo,2007,9.2969
tgo,2008,8.9970
tgo,2009,8.6594
tgo,2010,8.2790
tgo,2011,7.8463
tgo,2012,7.3501
tgo,2013,6.7921
tgo,2014,6.2870
tgo,2015,5.8738
tgo,2016,5.5228
tgo,2017,5.2264
tgo,2018,4.9087
tgo,2019,4.6175
tgo,2020,4.3874
tgo,2021,4.1985
tgo,2022,3.9598
tgo,2023,3.7146
tgo,2024,3.5089
tha,1991,6.9353
tha,1992,7.3225
tha,1993,7.8494
tha,1994,8.5451
tha,1995,9.1054
tha,1996,9.1783
tha,1997,8.7319
tha,1998,7.9832
tha,1999,7.2030
tha,2000,6.6596
tha,2001,6.5577
tha,2002,6.7713
tha,2003,7.0889
tha,2004,7.3323
tha,2005,7.4087
tha,2006,7.2852
tha,2007,7.0399
tha,2008,6.8124
tha,2009,6.6682
tha,2010,6.5408
tha,2011,6.3760
tha,2012,6.1880
tha,2013,6.0416
tha,2014,5.9798
tha,2015,5.9998
tha,2016,6.1114
tha,2017,6.2317
tha,2018,6.2501
tha,2019,6.1075
tha,2020,5.8487
tha,2021,5.5478
tha,2022,5.2494
tha,2023,4.9874
tha,2024,4.7596
tjk,1991,3.4223
tjk,1992,4.1127
tjk,1993,12.024
tjk,1994,16.863
tjk,1995,7.9302
tjk,1996,5.4235
tjk,1997,6.1809
tjk,1998,4.2354
tjk,1999,3.7199
tjk,2000,3.3425
tjk,2001,3.3999
tjk,2002,2.9032
tjk,2003,2.7640
tjk,2004,2.6255
tjk,2005,2.4718
tjk,2006,2.3146
tjk,2007,2.1575
tjk,2008,2.0056
tjk,2009,1.8678
tjk,2010,1.7389
tjk,2011,1.8518
tjk,2012,1.7550
tjk,2013,1.4740
tjk,2014,1.4313
tjk,2015,1.4103
tjk,2016,1.4153
tjk,2017,1.4469
tjk,2018,1.4981
tjk,2019,1.5621
tjk,2020,1.6193
tjk,2021,1.6391
tjk,2022,1.6119
tjk,2023,1.5520
tjk,2024,1.4809
tkm,1991,4.4164
tkm,1992,4.5859
tkm,1993,4.7639
tkm,1994,4.9967
tkm,1995,5.3202
tkm,1996,5.7352
tkm,1997,6.0945
tkm,1998,6.2510
tkm,1999,6.1511
tkm,2000,5.8865
tkm,2001,5.6207
tkm,2002,5.4270
tkm,2003,5.3839
tkm,2004,5.4309
tkm,2005,5.4832
tkm,2006,5.4951
tkm,2007,5.4021
tkm,2008,5.1736
tkm,2009,4.8674
tkm,2010,4.5919
tkm,2011,4.4206
tkm,2012,4.3033
tkm,2013,4.2264
tkm,2014,4.1504
tkm,2015,4.0453
tkm,2016,3.8833
tkm,2017,3.6766
tkm,2018,3.4588
tkm,2019,3.2138
tkm,2020,2.9920
tkm,2021,2.7973
tkm,2022,2.5968
tkm,2023,2.4277
tkm,2024,2.2612
tls,1991,7.3012
tls,1992,8.6769
tls,1993,9.3051
tls,1994,10.189
tls,1995,10.795
tls,1996,12.000
tls,1997,12.438
tls,1998,12.613
tls,1999,12.893
tls,2000,17.623
tls,2001,6.8520
tls,2002,6.0209
tls,2003,5.2813
tls,2004,4.7070
tls,2005,4.2536
tls,2006,3.9213
tls,2007,3.7141
tls,2008,3.6354
tls,2009,3.6691
tls,2010,3.8388
tls,2011,4.1490
tls,2012,4.6568
tls,2013,5.3461
tls,2014,6.3092
tls,2015,7.5471
tls,2016,8.8108
tls,2017,9.8299
tls,2018,10.248
tls,2019,10.109
tls,2020,9.8070
tls,2021,9.3764
tls,2022,8.9999
tls,2023,8.5742
tls,2024,8.1479
ton,1991,1.4270
ton,1992,1.6027
ton,1993,1.7791
ton,1994,1.9680
ton,1995,2.1488
ton,1996,2.3178
ton,1997,2.4908
ton,1998,2.6589
ton,1999,2.8346
ton,2000,3.0271
ton,2001,3.2240
ton,2002,3.4221
ton,2003,3.6119
ton,2004,3.7801
ton,2005,3.9057
ton,2006,3.9671
ton,2007,3.9566
ton,2008,3.8586
ton,2009,3.7159
ton,2010,3.5400
ton,2011,3.3514
ton,2012,3.1795
ton,2013,3.0309
ton,2014,2.9074
ton,2015,2.8051
ton,2016,2.7064
ton,2017,2.5986
ton,2018,2.4828
ton,2019,2.3552
ton,2020,2.2246
ton,2021,2.1011
ton,2022,1.9746
ton,2023,1.8674
ton,2024,1.7502
tto,1991,3.7777
tto,1992,3.7884
tto,1993,3.8110
tto,1994,3.8379
tto,1995,3.8665
tto,1996,3.8931
tto,1997,3.9044
tto,1998,3.9109
tto,1999,3.9189
tto,2000,3.9386
tto,2001,3.9790
tto,2002,4.0573
tto,2003,4.1744
tto,2004,4.3223
tto,2005,4.4930
tto,2006,4.7114
tto,2007,4.9838
tto,2008,5.2485
tto,2009,5.3647
tto,2010,5.2597
tto,2011,5.0054
tto,2012,4.6977
tto,2013,4.4198
tto,2014,4.2290
tto,2015,4.1436
tto,2016,4.1351
tto,2017,4.1380
tto,2018,4.1359
tto,2019,4.1255
tto,2020,4.0874
tto,2021,4.0152
tto,2022,3.8799
tto,2023,3.6644
tto,2024,3.7927
tun,1991,3.0634
tun,1992,3.1620
tun,1993,3.2406
tun,1994,3.3031
tun,1995,3.3317
tun,1996,3.3310
tun,1997,3.3047
tun,1998,3.2674
tun,1999,3.2117
tun,2000,3.1307
tun,2001,3.0271
tun,2002,2.9144
tun,2003,2.8006
tun,2004,2.6929
tun,2005,2.5914
tun,2006,2.4992
tun,2007,2.4196
tun,2008,2.3562
tun,2009,2.3076
tun,2010,2.2761
tun,2011,2.2678
tun,2012,2.2786
tun,2013,2.3167
tun,2014,2.3775
tun,2015,2.4587
tun,2016,2.5446
tun,2017,2.6153
tun,2018,2.6602
tun,2019,2.6785
tun,2020,2.6879
tun,2021,2.7040
tun,2022,2.7494
tun,2023,2.8211
tun,2024,2.8716
tur,1991,3.6646
tur,1992,3.7692
tur,1993,3.8654
tur,1994,3.9653
tur,1995,4.0267
tur,1996,4.3158
tur,1997,4.0962
tur,1998,4.0875
tur,1999,4.0488
tur,2000,4.6928
tur,2001,3.9192
tur,2002,3.8213
tur,2003,3.6907
tur,2004,3.5443
tur,2005,3.3973
tur,2006,3.2411
tur,2007,3.0886
tur,2008,2.9487
tur,2009,2.8319
tur,2010,2.7292
tur,2011,2.6357
tur,2012,2.5462
tur,2013,2.4624
tur,2014,2.4018
tur,2015,2.3809
tur,2016,2.3668
tur,2017,2.3084
tur,2018,2.1938
tur,2019,2.0686
tur,2020,1.9815
tur,2021,1.9445
tur,2022,1.9583
tur,2023,2.0082
tur,2024,3.8236
tuv,1991,5.7694
tuv,1992,5.7333
tuv,1993,5.6897
tuv,1994,5.6386
tuv,1995,5.5795
tuv,1996,5.5095
tuv,1997,5.4300
tuv,1998,5.3434
tuv,1999,5.2498
tuv,2000,5.1619
tuv,2001,5.0807
tuv,2002,5.0122
tuv,2003,4.9515
tuv,2004,4.8946
tuv,2005,4.8331
tuv,2006,4.7677
tuv,2007,4.6883
tuv,2008,4.5991
tuv,2009,4.4993
tuv,2010,4.3974
tuv,2011,4.2988
tuv,2012,4.2062
tuv,2013,4.1193
tuv,2014,4.0369
tuv,2015,3.9594
tuv,2016,3.8826
tuv,2017,3.8075
tuv,2018,3.7320
tuv,2019,3.6643
tuv,2020,3.5952
tuv,2021,3.5265
tuv,2022,3.4657
tuv,2023,3.4033
tuv,2024,3.3430
tza,1991,10.325
tza,1992,10.887
tza,1993,11.398
tza,1994,11.795
tza,1995,12.071
tza,1996,12.172
tza,1997,12.162
tza,1998,12.018
tza,1999,11.825
tza,2000,11.563
tza,2001,11.227
tza,2002,10.844
tza,2003,10.429
tza,2004,9.9295
tza,2005,9.4159
tza,2006,8.8821
tza,2007,8.3417
tza,2008,7.8417
tza,2009,7.3841
tza,2010,6.9839
tza,2011,6.6601
tza,2012,6.4057
tza,2013,6.1640
tza,2014,5.9337
tza,2015,5.7128
tza,2016,5.4942
tza,2017,5.2713
tza,2018,5.0817
tza,2019,4.8919
tza,2020,4.7320
tza,2021,4.5731
tza,2022,4.4157
tza,2023,4.2639
tza,2024,4.0889
uga,1991,14.739
uga,1992,15.385
uga,1993,15.960
uga,1994,16.412
uga,1995,16.738
uga,1996,16.803
uga,1997,16.688
uga,1998,16.440
uga,1999,16.019
uga,2000,15.474
uga,2001,14.849
uga,2002,14.149
uga,2003,13.389
uga,2004,12.631
uga,2005,11.884
uga,2006,11.186
uga,2007,10.574
uga,2008,10.102
uga,2009,9.7326
uga,2010,9.5250
uga,2011,9.4190
uga,2012,9.4255
uga,2013,9.5483
uga,2014,9.7145
uga,2015,9.8722
uga,2016,9.9863
uga,2017,10.010
uga,2018,9.8939
uga,2019,9.5866
uga,2020,9.2118
uga,2021,8.8228
uga,2022,8.4040
uga,2023,7.9410
uga,2024,7.5120
ukr,1991,4.3994
ukr,1992,4.5124
ukr,1993,4.6169
ukr,1994,4.8194
ukr,1995,5.0383
ukr,1996,5.0592
ukr,1997,4.8222
ukr,1998,4.5460
ukr,1999,4.4247
ukr,2000,4.4282
ukr,2001,4.4262
ukr,2002,4.3410
ukr,2003,4.1744
ukr,2004,3.9628
ukr,2005,3.7746
ukr,2006,3.7032
ukr,2007,3.7562
ukr,2008,3.7660
ukr,2009,3.5876
ukr,2010,3.2938
ukr,2011,3.0500
ukr,2012,2.9259
ukr,2013,2.8661
ukr,2014,2.8223
ukr,2015,3.0402
ukr,2016,2.6636
ukr,2017,2.5330
ukr,2018,2.4146
ukr,2019,2.3430
ukr,2020,2.3297
ukr,2021,2.3777
ukr,2022,2.4758
ukr,2023,6.1041
ukr,2024,5.4336
unicef_eap,1991,4.8491
unicef_eap,1992,4.7612
unicef_eap,1993,4.6816
unicef_eap,1994,4.6087
unicef_eap,1995,4.5400
unicef_eap,1996,4.4994
unicef_eap,1997,4.3834
unicef_eap,1998,4.2417
unicef_eap,1999,4.1007
unicef_eap,2000,3.9624
unicef_eap,2001,3.8335
unicef_eap,2002,3.7171
unicef_eap,2003,3.6040
unicef_eap,2004,3.4430
unicef_eap,2005,3.5609
unicef_eap,2006,3.1888
unicef_eap,2007,3.0711
unicef_eap,2008,2.9806
unicef_eap,2009,3.0571
unicef_eap,2010,2.8214
unicef_eap,2011,2.7531
unicef_eap,2012,2.6921
unicef_eap,2013,2.5972
unicef_eap,2014,2.5181
unicef_eap,2015,2.4413
unicef_eap,2016,2.3720
unicef_eap,2017,2.3025
unicef_eap,2018,2.2393
unicef_eap,2019,2.1719
unicef_eap,2020,2.1113
unicef_eap,2021,2.0568
unicef_eap,2022,2.0263
unicef_eap,2023,1.9882
unicef_eap,2024,1.9262
unicef_eapro,1991,5.0514
unicef_eapro,1992,4.9646
unicef_eapro,1993,4.8853
unicef_eapro,1994,4.8084
unicef_eapro,1995,4.7325
unicef_eapro,1996,4.6847
unicef_eapro,1997,4.5548
unicef_eapro,1998,4.4026
unicef_eapro,1999,4.2546
unicef_eapro,2000,4.1126
unicef_eapro,2001,3.9795
unicef_eapro,2002,3.8572
unicef_eapro,2003,3.7379
unicef_eapro,2004,3.5655
unicef_eapro,2005,3.6899
unicef_eapro,2006,3.2920
unicef_eapro,2007,3.1685
unicef_eapro,2008,3.0759
unicef_eapro,2009,3.1624
unicef_eapro,2010,2.9174
unicef_eapro,2011,2.8529
unicef_eapro,2012,2.7804
unicef_eapro,2013,2.7005
unicef_eapro,2014,2.6216
unicef_eapro,2015,2.5435
unicef_eapro,2016,2.4719
unicef_eapro,2017,2.3993
unicef_eapro,2018,2.3309
unicef_eapro,2019,2.2563
unicef_eapro,2020,2.1878
unicef_eapro,2021,2.1252
unicef_eapro,2022,2.0889
unicef_eapro,2023,2.0444
unicef_eapro,2024,1.9762
unicef_eca,1991,3.6913
unicef_eca,1992,3.8124
unicef_eca,1993,4.1995
unicef_eca,1994,4.3808
unicef_eca,1995,4.2267
unicef_eca,1996,4.1378
unicef_eca,1997,3.9797
unicef_eca,1998,3.8826
unicef_eca,1999,3.8522
unicef_eca,2000,3.9130
unicef_eca,2001,3.7934
unicef_eca,2002,3.7020
unicef_eca,2003,3.5707
unicef_eca,2004,3.4081
unicef_eca,2005,3.2593
unicef_eca,2006,3.1525
unicef_eca,2007,3.0532
unicef_eca,2008,2.9217
unicef_eca,2009,2.7642
unicef_eca,2010,2.5937
unicef_eca,2011,2.4531
unicef_eca,2012,2.3323
unicef_eca,2013,2.2329
unicef_eca,2014,2.1531
unicef_eca,2015,2.1022
unicef_eca,2016,2.0266
unicef_eca,2017,1.9616
unicef_eca,2018,1.8971
unicef_eca,2019,1.8400
unicef_eca,2020,1.8098
unicef_eca,2021,1.8424
unicef_eca,2022,1.8356
unicef_eca,2023,2.0392
unicef_eca,2024,2.2704
unicef_ecaro,1991,3.8803
unicef_ecaro,1992,4.0568
unicef_ecaro,1993,4.9289
unicef_ecaro,1994,5.1865
unicef_ecaro,1995,4.6312
unicef_ecaro,1996,4.4956
unicef_ecaro,1997,4.2751
unicef_ecaro,1998,4.1261
unicef_ecaro,1999,4.0414
unicef_ecaro,2000,4.1770
unicef_ecaro,2001,3.8944
unicef_ecaro,2002,3.7505
unicef_ecaro,2003,3.6051
unicef_ecaro,2004,3.4774
unicef_ecaro,2005,3.3714
unicef_ecaro,2006,3.3045
unicef_ecaro,2007,3.2553
unicef_ecaro,2008,3.1855
unicef_ecaro,2009,3.0846
unicef_ecaro,2010,2.9358
unicef_ecaro,2011,2.8256
unicef_ecaro,2012,2.7334
unicef_ecaro,2013,2.6611
unicef_ecaro,2014,2.6078
unicef_ecaro,2015,2.6175
unicef_ecaro,2016,2.5619
unicef_ecaro,2017,2.5177
unicef_ecaro,2018,2.4442
unicef_ecaro,2019,2.3567
unicef_ecaro,2020,2.3043
unicef_ecaro,2021,2.3844
unicef_ecaro,2022,2.3456
unicef_ecaro,2023,2.7920
unicef_ecaro,2024,3.3330
unicef_eeca,1991,4.4351
unicef_eeca,1992,4.6886
unicef_eeca,1993,5.5007
unicef_eeca,1994,5.9241
unicef_eeca,1995,5.6845
unicef_eeca,1996,5.5594
unicef_eeca,1997,5.2979
unicef_eeca,1998,5.1338
unicef_eeca,1999,5.0871
unicef_eeca,2000,5.2094
unicef_eeca,2001,5.0169
unicef_eeca,2002,4.8823
unicef_eeca,2003,4.6874
unicef_eeca,2004,4.4589
unicef_eeca,2005,4.2703
unicef_eeca,2006,4.1560
unicef_eeca,2007,4.0556
unicef_eeca,2008,3.9008
unicef_eeca,2009,3.7008
unicef_eeca,2010,3.4749
unicef_eeca,2011,3.3023
unicef_eeca,2012,3.1633
unicef_eeca,2013,3.0566
unicef_eeca,2014,2.9738
unicef_eeca,2015,2.9325
unicef_eeca,2016,2.8301
unicef_eeca,2017,2.7372
unicef_eeca,2018,2.6312
unicef_eeca,2019,2.5296
unicef_eeca,2020,2.4755
unicef_eeca,2021,2.5376
unicef_eeca,2022,2.5124
unicef_eeca,2023,2.9103
unicef_eeca,2024,3.3634
unicef_esa,1991,18.305
unicef_esa,1992,18.562
unicef_esa,1993,19.671
unicef_esa,1994,19.762
unicef_esa,1995,28.486
unicef_esa,1996,17.738
unicef_esa,1997,17.570
unicef_esa,1998,17.391
unicef_esa,1999,18.122
unicef_esa,2000,16.429
unicef_esa,2001,15.423
unicef_esa,2002,14.929
unicef_esa,2003,14.460
unicef_esa,2004,13.892
unicef_esa,2005,13.598
unicef_esa,2006,13.102
unicef_esa,2007,12.361
unicef_esa,2008,11.773
unicef_esa,2009,11.405
unicef_esa,2010,10.867
unicef_esa,2011,10.459
unicef_esa,2012,10.521
unicef_esa,2013,9.8246
unicef_esa,2014,9.4342
unicef_esa,2015,9.4349
unicef_esa,2016,9.2610
unicef_esa,2017,9.1470
unicef_esa,2018,8.9946
unicef_esa,2019,8.3907
unicef_esa,2020,8.0527
unicef_esa,2021,7.8585
unicef_esa,2022,7.6580
unicef_esa,2023,7.5912
unicef_esa,2024,7.4165
unicef_esaro,1991,18.354
unicef_esaro,1992,18.644
unicef_esaro,1993,19.873
unicef_esaro,1994,20.005
unicef_esaro,1995,29.473
unicef_esaro,1996,17.847
unicef_esaro,1997,17.670
unicef_esaro,1998,17.510
unicef_esaro,1999,18.313
unicef_esaro,2000,16.532
unicef_esaro,2001,15.462
unicef_esaro,2002,14.945
unicef_esaro,2003,14.371
unicef_esaro,2004,13.650
unicef_esaro,2005,13.163
unicef_esaro,2006,12.676
unicef_esaro,2007,12.178
unicef_esaro,2008,11.676
unicef_esaro,2009,11.199
unicef_esaro,2010,10.745
unicef_esaro,2011,10.316
unicef_esaro,2012,10.397
unicef_esaro,2013,9.6539
unicef_esaro,2014,9.2558
unicef_esaro,2015,9.2816
unicef_esaro,2016,9.1024
unicef_esaro,2017,9.0003
unicef_esaro,2018,8.8613
unicef_esaro,2019,8.2097
unicef_esaro,2020,7.8636
unicef_esaro,2021,7.6729
unicef_esaro,2022,7.4832
unicef_esaro,2023,7.4335
unicef_esaro,2024,7.1754
unicef_lac,1991,5.7422
unicef_lac,1992,5.7528
unicef_lac,1993,5.7828
unicef_lac,1994,5.7987
unicef_lac,1995,5.7960
unicef_lac,1996,5.7694
unicef_lac,1997,5.7082
unicef_lac,1998,5.6259
unicef_lac,1999,5.6359
unicef_lac,2000,5.4998
unicef_lac,2001,5.4747
unicef_lac,2002,5.4472
unicef_lac,2003,5.3897
unicef_lac,2004,5.2913
unicef_lac,2005,5.1758
unicef_lac,2006,5.0844
unicef_lac,2007,5.0526
unicef_lac,2008,5.0933
unicef_lac,2009,5.1866
unicef_lac,2010,5.2843
unicef_lac,2011,5.8650
unicef_lac,2012,5.3661
unicef_lac,2013,5.3536
unicef_lac,2014,5.3155
unicef_lac,2015,5.2776
unicef_lac,2016,5.2406
unicef_lac,2017,5.1698
unicef_lac,2018,5.0568
unicef_lac,2019,4.8979
unicef_lac,2020,4.7331
unicef_lac,2021,4.6033
unicef_lac,2022,4.4978
unicef_lac,2023,4.4038
unicef_lac,2024,4.3244
unicef_lacro,1991,5.7432
unicef_lacro,1992,5.7536
unicef_lacro,1993,5.7834
unicef_lacro,1994,5.7994
unicef_lacro,1995,5.7967
unicef_lacro,1996,5.7698
unicef_lacro,1997,5.7086
unicef_lacro,1998,5.6263
unicef_lacro,1999,5.6362
unicef_lacro,2000,5.5000
unicef_lacro,2001,5.4750
unicef_lacro,2002,5.4474
unicef_lacro,2003,5.3900
unicef_lacro,2004,5.2916
unicef_lacro,2005,5.1758
unicef_lacro,2006,5.0845
unicef_lacro,2007,5.0527
unicef_lacro,2008,5.0934
unicef_lacro,2009,5.1867
unicef_lacro,2010,5.2842
unicef_lacro,2011,5.8650
unicef_lacro,2012,5.3657
unicef_lacro,2013,5.3533
unicef_lacro,2014,5.3151
unicef_lacro,2015,5.2773
unicef_lacro,2016,5.2404
unicef_lacro,2017,5.1696
unicef_lacro,2018,5.0568
unicef_lacro,2019,4.8982
unicef_lacro,2020,4.7320
unicef_lacro,2021,4.6037
unicef_lacro,2022,4.4985
unicef_lacro,2023,4.4048
unicef_lacro,2024,4.3252
unicef_mena,1991,6.8464
unicef_mena,1992,5.7420
unicef_mena,1993,5.1719
unicef_mena,1994,5.0086
unicef_mena,1995,4.9626
unicef_mena,1996,4.7761
unicef_mena,1997,4.5992
unicef_mena,1998,4.5043
unicef_mena,1999,4.3867
unicef_mena,2000,4.2226
unicef_mena,2001,4.1436
unicef_mena,2002,4.0911
unicef_mena,2003,4.0314
unicef_mena,2004,4.4487
unicef_mena,2005,4.1504
unicef_mena,2006,4.1311
unicef_mena,2007,4.2656
unicef_mena,2008,4.2434
unicef_mena,2009,4.0598
unicef_mena,2010,3.9035
unicef_mena,2011,3.8494
unicef_mena,2012,3.9178
unicef_mena,2013,4.2184
unicef_mena,2014,4.2020
unicef_mena,2015,4.1121
unicef_mena,2016,4.3293
unicef_mena,2017,4.4027
unicef_mena,2018,4.2585
unicef_mena,2019,4.1175
unicef_mena,2020,3.8620
unicef_mena,2021,3.6597
unicef_mena,2022,3.5461
unicef_mena,2023,3.4497
unicef_mena,2024,3.7377
unicef_menaro,1991,7.8692
unicef_menaro,1992,6.7862
unicef_menaro,1993,6.2128
unicef_menaro,1994,6.0166
unicef_menaro,1995,5.9469
unicef_menaro,1996,5.7441
unicef_menaro,1997,5.5400
unicef_menaro,1998,5.4224
unicef_menaro,1999,5.2854
unicef_menaro,2000,5.0970
unicef_menaro,2001,4.9864
unicef_menaro,2002,4.8997
unicef_menaro,2003,4.8929
unicef_menaro,2004,5.3805
unicef_menaro,2005,5.2377
unicef_menaro,2006,5.1856
unicef_menaro,2007,5.0705
unicef_menaro,2008,4.9418
unicef_menaro,2009,4.8599
unicef_menaro,2010,4.6175
unicef_menaro,2011,4.5774
unicef_menaro,2012,4.6459
unicef_menaro,2013,4.9263
unicef_menaro,2014,4.9138
unicef_menaro,2015,4.8347
unicef_menaro,2016,5.0466
unicef_menaro,2017,5.1169
unicef_menaro,2018,4.9734
unicef_menaro,2019,4.8429
unicef_menaro,2020,4.5916
unicef_menaro,2021,4.3847
unicef_menaro,2022,4.2572
unicef_menaro,2023,4.1490
unicef_menaro,2024,4.4831
unicef_na,1991,4.1933
unicef_na,1992,4.1524
unicef_na,1993,4.1232
unicef_na,1994,4.1058
unicef_na,1995,4.0555
unicef_na,1996,3.9368
unicef_na,1997,3.7688
unicef_na,1998,3.5924
unicef_na,1999,3.4441
unicef_na,2000,3.3314
unicef_na,2001,3.2627
unicef_na,2002,3.2267
unicef_na,2003,3.2017
unicef_na,2004,3.1745
unicef_na,2005,3.1434
unicef_na,2006,3.1061
unicef_na,2007,3.0401
unicef_na,2008,2.9183
unicef_na,2009,2.7450
unicef_na,2010,2.5641
unicef_na,2011,2.4146
unicef_na,2012,2.3067
unicef_na,2013,2.2426
unicef_na,2014,2.2229
unicef_na,2015,2.2401
unicef_na,2016,2.2868
unicef_na,2017,2.3479
unicef_na,2018,2.4066
unicef_na,2019,2.4615
unicef_na,2020,2.5424
unicef_na,2021,2.6796
unicef_na,2022,2.8111
unicef_na,2023,2.8166
unicef_na,2024,2.6531
unicef_rosa,1991,9.9549
unicef_rosa,1992,10.045
unicef_rosa,1993,9.5758
unicef_rosa,1994,9.2961
unicef_rosa,1995,9.1487
unicef_rosa,1996,8.9467
unicef_rosa,1997,8.7392
unicef_rosa,1998,8.5262
unicef_rosa,1999,8.3109
unicef_rosa,2000,8.0419
unicef_rosa,2001,7.8154
unicef_rosa,2002,7.6196
unicef_rosa,2003,7.4399
unicef_rosa,2004,7.2562
unicef_rosa,2005,7.1481
unicef_rosa,2006,7.0637
unicef_rosa,2007,6.7309
unicef_rosa,2008,6.5347
unicef_rosa,2009,6.3192
unicef_rosa,2010,6.0951
unicef_rosa,2011,5.8109
unicef_rosa,2012,5.5610
unicef_rosa,2013,5.3209
unicef_rosa,2014,5.0825
unicef_rosa,2015,4.9027
unicef_rosa,2016,4.7362
unicef_rosa,2017,4.5172
unicef_rosa,2018,4.3540
unicef_rosa,2019,4.1677
unicef_rosa,2020,3.9714
unicef_rosa,2021,3.7803
unicef_rosa,2022,3.6166
unicef_rosa,2023,3.3568
unicef_rosa,2024,3.1872
unicef_sa,1991,9.9549
unicef_sa,1992,10.045
unicef_sa,1993,9.5758
unicef_sa,1994,9.2961
unicef_sa,1995,9.1487
unicef_sa,1996,8.9467
unicef_sa,1997,8.7392
unicef_sa,1998,8.5262
unicef_sa,1999,8.3109
unicef_sa,2000,8.0419
unicef_sa,2001,7.8154
unicef_sa,2002,7.6196
unicef_sa,2003,7.4399
unicef_sa,2004,7.2562
unicef_sa,2005,7.1481
unicef_sa,2006,7.0637
unicef_sa,2007,6.7309
unicef_sa,2008,6.5347
unicef_sa,2009,6.3192
unicef_sa,2010,6.0951
unicef_sa,2011,5.8109
unicef_sa,2012,5.5610
unicef_sa,2013,5.3209
unicef_sa,2014,5.0825
unicef_sa,2015,4.9027
unicef_sa,2016,4.7362
unicef_sa,2017,4.5172
unicef_sa,2018,4.3540
unicef_sa,2019,4.1677
unicef_sa,2020,3.9714
unicef_sa,2021,3.7803
unicef_sa,2022,3.6166
unicef_sa,2023,3.3568
unicef_sa,2024,3.1872
unicef_ssa,1991,17.133
unicef_ssa,1992,16.984
unicef_ssa,1993,17.479
unicef_ssa,1994,17.395
unicef_ssa,1995,22.159
unicef_ssa,1996,16.103
unicef_ssa,1997,16.045
unicef_ssa,1998,15.798
unicef_ssa,1999,16.284
unicef_ssa,2000,15.311
unicef_ssa,2001,14.419
unicef_ssa,2002,14.073
unicef_ssa,2003,13.748
unicef_ssa,2004,13.380
unicef_ssa,2005,13.128
unicef_ssa,2006,12.775
unicef_ssa,2007,12.293
unicef_ssa,2008,11.887
unicef_ssa,2009,11.619
unicef_ssa,2010,12.027
unicef_ssa,2011,10.996
unicef_ssa,2012,10.935
unicef_ssa,2013,10.492
unicef_ssa,2014,10.232
unicef_ssa,2015,10.258
unicef_ssa,2016,9.9350
unicef_ssa,2017,9.7639
unicef_ssa,2018,9.6331
unicef_ssa,2019,9.1128
unicef_ssa,2020,9.0588
unicef_ssa,2021,8.5814
unicef_ssa,2022,8.4495
unicef_ssa,2023,8.7181
unicef_ssa,2024,7.9526
unicef_wca,1991,14.668
unicef_wca,1992,14.175
unicef_wca,1993,13.970
unicef_wca,1994,13.797
unicef_wca,1995,13.659
unicef_wca,1996,13.515
unicef_wca,1997,13.588
unicef_wca,1998,13.270
unicef_wca,1999,13.513
unicef_wca,2000,13.383
unicef_wca,2001,12.707
unicef_wca,2002,12.574
unicef_wca,2003,12.419
unicef_wca,2004,12.286
unicef_wca,2005,12.094
unicef_wca,2006,11.920
unicef_wca,2007,11.738
unicef_wca,2008,11.547
unicef_wca,2009,11.358
unicef_wca,2010,12.749
unicef_wca,2011,11.092
unicef_wca,2012,10.867
unicef_wca,2013,10.680
unicef_wca,2014,10.553
unicef_wca,2015,10.558
unicef_wca,2016,10.101
unicef_wca,2017,9.8333
unicef_wca,2018,9.6791
unicef_wca,2019,9.2714
unicef_wca,2020,9.4741
unicef_wca,2021,8.7097
unicef_wca,2022,8.5931
unicef_wca,2023,9.1615
unicef_wca,2024,7.8401
unicef_wcaro,1991,14.668
unicef_wcaro,1992,14.175
unicef_wcaro,1993,13.970
unicef_wcaro,1994,13.797
unicef_wcaro,1995,13.659
unicef_wcaro,1996,13.515
unicef_wcaro,1997,13.588
unicef_wcaro,1998,13.270
unicef_wcaro,1999,13.513
unicef_wcaro,2000,13.383
unicef_wcaro,2001,12.707
unicef_wcaro,2002,12.574
unicef_wcaro,2003,12.419
unicef_wcaro,2004,12.286
unicef_wcaro,2005,12.094
unicef_wcaro,2006,11.920
unicef_wcaro,2007,11.738
unicef_wcaro,2008,11.547
unicef_wcaro,2009,11.358
unicef_wcaro,2010,12.749
unicef_wcaro,2011,11.092
unicef_wcaro,2012,10.867
unicef_wcaro,2013,10.680
unicef_wcaro,2014,10.553
unicef_wcaro,2015,10.558
unicef_wcaro,2016,10.101
unicef_wcaro,2017,9.8333
unicef_wcaro,2018,9.6791
unicef_wcaro,2019,9.2714
unicef_wcaro,2020,9.4741
unicef_wcaro,2021,8.7097
unicef_wcaro,2022,8.5931
unicef_wcaro,2023,9.1615
unicef_wcaro,2024,7.8401
unicef_we,1991,2.9461
unicef_we,1992,2.9184
unicef_we,1993,2.8468
unicef_we,1994,2.7482
unicef_we,1995,2.6521
unicef_we,1996,2.5768
unicef_we,1997,2.5228
unicef_we,1998,2.4812
unicef_we,1999,2.4418
unicef_we,2000,2.3922
unicef_we,2001,2.3263
unicef_we,2002,2.2474
unicef_we,2003,2.1605
unicef_we,2004,2.0690
unicef_we,2005,1.9799
unicef_we,2006,1.9003
unicef_we,2007,1.8299
unicef_we,2008,1.7626
unicef_we,2009,1.6910
unicef_we,2010,1.6118
unicef_we,2011,1.5278
unicef_we,2012,1.4449
unicef_we,2013,1.3693
unicef_we,2014,1.3065
unicef_we,2015,1.2585
unicef_we,2016,1.2235
unicef_we,2017,1.1973
unicef_we,2018,1.1770
unicef_we,2019,1.1613
unicef_we,2020,1.1514
unicef_we,2021,1.1500
unicef_we,2022,1.1565
unicef_we,2023,1.1665
unicef_we,2024,1.1705
unsdg_australianewzealand,1991,3.4981
unsdg_australianewzealand,1992,3.2888
unsdg_australianewzealand,1993,3.1166
unsdg_australianewzealand,1994,3.0186
unsdg_australianewzealand,1995,2.9831
unsdg_australianewzealand,1996,3.0038
unsdg_australianewzealand,1997,3.0466
unsdg_australianewzealand,1998,3.0675
unsdg_australianewzealand,1999,3.0267
unsdg_australianewzealand,2000,2.9191
unsdg_australianewzealand,2001,2.7448
unsdg_australianewzealand,2002,2.5510
unsdg_australianewzealand,2003,2.3898
unsdg_australianewzealand,2004,2.2841
unsdg_australianewzealand,2005,2.2102
unsdg_australianewzealand,2006,2.1529
unsdg_australianewzealand,2007,2.0988
unsdg_australianewzealand,2008,2.0407
unsdg_australianewzealand,2009,1.9756
unsdg_australianewzealand,2010,1.9101
unsdg_australianewzealand,2011,1.8510
unsdg_australianewzealand,2012,1.7933
unsdg_australianewzealand,2013,1.7324
unsdg_australianewzealand,2014,1.6683
unsdg_australianewzealand,2015,1.6141
unsdg_australianewzealand,2016,1.5857
unsdg_australianewzealand,2017,1.5775
unsdg_australianewzealand,2018,1.5874
unsdg_australianewzealand,2019,1.6037
unsdg_australianewzealand,2020,1.6098
unsdg_australianewzealand,2021,1.5957
unsdg_australianewzealand,2022,1.5521
unsdg_australianewzealand,2023,1.4844
unsdg_australianewzealand,2024,1.3982
unsdg_centralasia,1991,4.4814
unsdg_centralasia,1992,4.6906
unsdg_centralasia,1993,5.6938
unsdg_centralasia,1994,6.3339
unsdg_centralasia,1995,5.4545
unsdg_centralasia,1996,5.2354
unsdg_centralasia,1997,5.3266
unsdg_centralasia,1998,5.0537
unsdg_centralasia,1999,4.8921
unsdg_centralasia,2000,4.7095
unsdg_centralasia,2001,4.5586
unsdg_centralasia,2002,4.3234
unsdg_centralasia,2003,4.1282
unsdg_centralasia,2004,3.9491
unsdg_centralasia,2005,3.8047
unsdg_centralasia,2006,3.7093
unsdg_centralasia,2007,3.6301
unsdg_centralasia,2008,3.5247
unsdg_centralasia,2009,3.3950
unsdg_centralasia,2010,3.2728
unsdg_centralasia,2011,3.2165
unsdg_centralasia,2012,3.1632
unsdg_centralasia,2013,3.1038
unsdg_centralasia,2014,3.0890
unsdg_centralasia,2015,3.0870
unsdg_centralasia,2016,3.0911
unsdg_centralasia,2017,3.0845
unsdg_centralasia,2018,3.0450
unsdg_centralasia,2019,2.9767
unsdg_centralasia,2020,2.9227
unsdg_centralasia,2021,2.9197
unsdg_centralasia,2022,2.9615
unsdg_centralasia,2023,3.0336
unsdg_centralasia,2024,3.1145
unsdg_centralasiasouthernasia,1991,9.7228
unsdg_centralasiasouthernasia,1992,9.6935
unsdg_centralasiasouthernasia,1993,9.2814
unsdg_centralasiasouthernasia,1994,9.0305
unsdg_centralasiasouthernasia,1995,8.8454
unsdg_centralasiasouthernasia,1996,8.6348
unsdg_centralasiasouthernasia,1997,8.4342
unsdg_centralasiasouthernasia,1998,8.2205
unsdg_centralasiasouthernasia,1999,8.0032
unsdg_centralasiasouthernasia,2000,7.7430
unsdg_centralasiasouthernasia,2001,7.5280
unsdg_centralasiasouthernasia,2002,7.3353
unsdg_centralasiasouthernasia,2003,7.1700
unsdg_centralasiasouthernasia,2004,7.0794
unsdg_centralasiasouthernasia,2005,6.9046
unsdg_centralasiasouthernasia,2006,6.8344
unsdg_centralasiasouthernasia,2007,6.5390
unsdg_centralasiasouthernasia,2008,6.3691
unsdg_centralasiasouthernasia,2009,6.1778
unsdg_centralasiasouthernasia,2010,5.9707
unsdg_centralasiasouthernasia,2011,5.7046
unsdg_centralasiasouthernasia,2012,5.4633
unsdg_centralasiasouthernasia,2013,5.2293
unsdg_centralasiasouthernasia,2014,4.9988
unsdg_centralasiasouthernasia,2015,4.8288
unsdg_centralasiasouthernasia,2016,4.6752
unsdg_centralasiasouthernasia,2017,4.4764
unsdg_centralasiasouthernasia,2018,4.3299
unsdg_centralasiasouthernasia,2019,4.1606
unsdg_centralasiasouthernasia,2020,3.9780
unsdg_centralasiasouthernasia,2021,3.7998
unsdg_centralasiasouthernasia,2022,3.6429
unsdg_centralasiasouthernasia,2023,3.4018
unsdg_centralasiasouthernasia,2024,3.2382
unsdg_easternasia,1991,4.1266
unsdg_easternasia,1992,4.0064
unsdg_easternasia,1993,3.8859
unsdg_easternasia,1994,3.7624
unsdg_easternasia,1995,3.6389
unsdg_easternasia,1996,3.5850
unsdg_easternasia,1997,3.4554
unsdg_easternasia,1998,3.3187
unsdg_easternasia,1999,3.1846
unsdg_easternasia,2000,3.0501
unsdg_easternasia,2001,2.9170
unsdg_easternasia,2002,2.7965
unsdg_easternasia,2003,2.6833
unsdg_easternasia,2004,2.5105
unsdg_easternasia,2005,2.4073
unsdg_easternasia,2006,2.3035
unsdg_easternasia,2007,2.1990
unsdg_easternasia,2008,2.0914
unsdg_easternasia,2009,1.9807
unsdg_easternasia,2010,1.8631
unsdg_easternasia,2011,1.7480
unsdg_easternasia,2012,1.6571
unsdg_easternasia,2013,1.5319
unsdg_easternasia,2014,1.4262
unsdg_easternasia,2015,1.3314
unsdg_easternasia,2016,1.2544
unsdg_easternasia,2017,1.1730
unsdg_easternasia,2018,1.1059
unsdg_easternasia,2019,1.0447
unsdg_easternasia,2020,0.98993
unsdg_easternasia,2021,0.94008
unsdg_easternasia,2022,0.90102
unsdg_easternasia,2023,0.86365
unsdg_easternasia,2024,0.81716
unsdg_easternasiasoutheasternasia,1991,4.8484
unsdg_easternasiasoutheasternasia,1992,4.7613
unsdg_easternasiasoutheasternasia,1993,4.6824
unsdg_easternasiasoutheasternasia,1994,4.6090
unsdg_easternasiasoutheasternasia,1995,4.5375
unsdg_easternasiasoutheasternasia,1996,4.4984
unsdg_easternasiasoutheasternasia,1997,4.3795
unsdg_easternasiasoutheasternasia,1998,4.2361
unsdg_easternasiasoutheasternasia,1999,4.0883
unsdg_easternasiasoutheasternasia,2000,3.9532
unsdg_easternasiasoutheasternasia,2001,3.8240
unsdg_easternasiasoutheasternasia,2002,3.7075
unsdg_easternasiasoutheasternasia,2003,3.5949
unsdg_easternasiasoutheasternasia,2004,3.4316
unsdg_easternasiasoutheasternasia,2005,3.5518
unsdg_easternasiasoutheasternasia,2006,3.1748
unsdg_easternasiasoutheasternasia,2007,3.0572
unsdg_easternasiasoutheasternasia,2008,2.9654
unsdg_easternasiasoutheasternasia,2009,3.0436
unsdg_easternasiasoutheasternasia,2010,2.8039
unsdg_easternasiasoutheasternasia,2011,2.7352
unsdg_easternasiasoutheasternasia,2012,2.6745
unsdg_easternasiasoutheasternasia,2013,2.5752
unsdg_easternasiasoutheasternasia,2014,2.4972
unsdg_easternasiasoutheasternasia,2015,2.4196
unsdg_easternasiasoutheasternasia,2016,2.3502
unsdg_easternasiasoutheasternasia,2017,2.2795
unsdg_easternasiasoutheasternasia,2018,2.2130
unsdg_easternasiasoutheasternasia,2019,2.1444
unsdg_easternasiasoutheasternasia,2020,2.0826
unsdg_easternasiasoutheasternasia,2021,2.0263
unsdg_easternasiasoutheasternasia,2022,1.9952
unsdg_easternasiasoutheasternasia,2023,1.9603
unsdg_easternasiasoutheasternasia,2024,1.8984
unsdg_europe,1991,3.6185
unsdg_europe,1992,3.7124
unsdg_europe,1993,3.9995
unsdg_europe,1994,4.1097
unsdg_europe,1995,4.0317
unsdg_europe,1996,3.9430
unsdg_europe,1997,3.7999
unsdg_europe,1998,3.7230
unsdg_europe,1999,3.7071
unsdg_europe,2000,3.7114
unsdg_europe,2001,3.6807
unsdg_europe,2002,3.6081
unsdg_europe,2003,3.4854
unsdg_europe,2004,3.3221
unsdg_europe,2005,3.1683
unsdg_europe,2006,3.0629
unsdg_europe,2007,2.9646
unsdg_europe,2008,2.8266
unsdg_europe,2009,2.6481
unsdg_europe,2010,2.4626
unsdg_europe,2011,2.2973
unsdg_europe,2012,2.1561
unsdg_europe,2013,2.0392
unsdg_europe,2014,1.9450
unsdg_europe,2015,1.8755
unsdg_europe,2016,1.7743
unsdg_europe,2017,1.6990
unsdg_europe,2018,1.6408
unsdg_europe,2019,1.6027
unsdg_europe,2020,1.5867
unsdg_europe,2021,1.5926
unsdg_europe,2022,1.6059
unsdg_europe,2023,1.8495
unsdg_europe,2024,1.8389
unsdg_europenorthernamr,1991,3.7845
unsdg_europenorthernamr,1992,3.8416
unsdg_europenorthernamr,1993,4.0449
unsdg_europenorthernamr,1994,4.1207
unsdg_europenorthernamr,1995,4.0495
unsdg_europenorthernamr,1996,3.9516
unsdg_europenorthernamr,1997,3.8013
unsdg_europenorthernamr,1998,3.6948
unsdg_europenorthernamr,1999,3.6376
unsdg_europenorthernamr,2000,3.6061
unsdg_europenorthernamr,2001,3.5627
unsdg_europenorthernamr,2002,3.5009
unsdg_europenorthernamr,2003,3.4086
unsdg_europenorthernamr,2004,3.2862
unsdg_europenorthernamr,2005,3.1695
unsdg_europenorthernamr,2006,3.0861
unsdg_europenorthernamr,2007,2.9982
unsdg_europenorthernamr,2008,2.8658
unsdg_europenorthernamr,2009,2.6890
unsdg_europenorthernamr,2010,2.5057
unsdg_europenorthernamr,2011,2.3463
unsdg_europenorthernamr,2012,2.2176
unsdg_europenorthernamr,2013,2.1208
unsdg_europenorthernamr,2014,2.0545
unsdg_europenorthernamr,2015,2.0179
unsdg_europenorthernamr,2016,1.9735
unsdg_europenorthernamr,2017,1.9515
unsdg_europenorthernamr,2018,1.9401
unsdg_europenorthernamr,2019,1.9403
unsdg_europenorthernamr,2020,1.9633
unsdg_europenorthernamr,2021,2.0212
unsdg_europenorthernamr,2022,2.0823
unsdg_europenorthernamr,2023,2.2384
unsdg_europenorthernamr,2024,2.1743
unsdg_lac,1991,5.7422
unsdg_lac,1992,5.7528
unsdg_lac,1993,5.7828
unsdg_lac,1994,5.7987
unsdg_lac,1995,5.7960
unsdg_lac,1996,5.7694
unsdg_lac,1997,5.7082
unsdg_lac,1998,5.6259
unsdg_lac,1999,5.6359
unsdg_lac,2000,5.4998
unsdg_lac,2001,5.4747
unsdg_lac,2002,5.4472
unsdg_lac,2003,5.3897
unsdg_lac,2004,5.2913
unsdg_lac,2005,5.1758
unsdg_lac,2006,5.0844
unsdg_lac,2007,5.0526
unsdg_lac,2008,5.0933
unsdg_lac,2009,5.1866
unsdg_lac,2010,5.2843
unsdg_lac,2011,5.8650
unsdg_lac,2012,5.3661
unsdg_lac,2013,5.3536
unsdg_lac,2014,5.3155
unsdg_lac,2015,5.2776
unsdg_lac,2016,5.2406
unsdg_lac,2017,5.1698
unsdg_lac,2018,5.0568
unsdg_lac,2019,4.8979
unsdg_lac,2020,4.7331
unsdg_lac,2021,4.6033
unsdg_lac,2022,4.4978
unsdg_lac,2023,4.4038
unsdg_lac,2024,4.3244
unsdg_ldc,1991,17.048
unsdg_ldc,1992,17.498
unsdg_ldc,1993,17.401
unsdg_ldc,1994,17.054
unsdg_ldc,1995,21.794
unsdg_ldc,1996,15.602
unsdg_ldc,1997,15.372
unsdg_ldc,1998,14.854
unsdg_ldc,1999,15.205
unsdg_ldc,2000,13.974
unsdg_ldc,2001,12.925
unsdg_ldc,2002,12.522
unsdg_ldc,2003,12.178
unsdg_ldc,2004,11.802
unsdg_ldc,2005,11.594
unsdg_ldc,2006,11.273
unsdg_ldc,2007,10.869
unsdg_ldc,2008,10.541
unsdg_ldc,2009,10.657
unsdg_ldc,2010,10.794
unsdg_ldc,2011,10.200
unsdg_ldc,2012,9.8653
unsdg_ldc,2013,9.5038
unsdg_ldc,2014,9.3261
unsdg_ldc,2015,9.5299
unsdg_ldc,2016,9.4598
unsdg_ldc,2017,9.3392
unsdg_ldc,2018,9.3481
unsdg_ldc,2019,8.9719
unsdg_ldc,2020,8.9110
unsdg_ldc,2021,8.4386
unsdg_ldc,2022,8.3751
unsdg_ldc,2023,8.5057
unsdg_ldc,2024,7.7152
unsdg_lldc,1991,16.807
unsdg_lldc,1992,16.529
unsdg_lldc,1993,17.827
unsdg_lldc,1994,18.067
unsdg_lldc,1995,27.181
unsdg_lldc,1996,15.925
unsdg_lldc,1997,15.651
unsdg_lldc,1998,15.356
unsdg_lldc,1999,15.860
unsdg_lldc,2000,13.782
unsdg_lldc,2001,12.835
unsdg_lldc,2002,12.221
unsdg_lldc,2003,11.617
unsdg_lldc,2004,10.966
unsdg_lldc,2005,10.559
unsdg_lldc,2006,10.143
unsdg_lldc,2007,9.8330
unsdg_lldc,2008,9.5259
unsdg_lldc,2009,9.2086
unsdg_lldc,2010,10.361
unsdg_lldc,2011,8.8043
unsdg_lldc,2012,8.5765
unsdg_lldc,2013,8.4222
unsdg_lldc,2014,8.2906
unsdg_lldc,2015,8.7768
unsdg_lldc,2016,8.6820
unsdg_lldc,2017,8.5991
unsdg_lldc,2018,8.6942
unsdg_lldc,2019,8.0421
unsdg_lldc,2020,8.1924
unsdg_lldc,2021,7.5743
unsdg_lldc,2022,7.6286
unsdg_lldc,2023,7.9786
unsdg_lldc,2024,6.7918
unsdg_northafr,1991,6.9367
unsdg_northafr,1992,6.6708
unsdg_northafr,1993,6.4402
unsdg_northafr,1994,6.2598
unsdg_northafr,1995,6.2412
unsdg_northafr,1996,6.0545
unsdg_northafr,1997,5.8240
unsdg_northafr,1998,5.7336
unsdg_northafr,1999,5.5897
unsdg_northafr,2000,5.3304
unsdg_northafr,2001,5.1675
unsdg_northafr,2002,5.0159
unsdg_northafr,2003,5.0247
unsdg_northafr,2004,5.0876
unsdg_northafr,2005,5.2827
unsdg_northafr,2006,5.1474
unsdg_northafr,2007,4.6088
unsdg_northafr,2008,4.3668
unsdg_northafr,2009,4.5627
unsdg_northafr,2010,4.3864
unsdg_northafr,2011,4.4280
unsdg_northafr,2012,4.5506
unsdg_northafr,2013,4.5260
unsdg_northafr,2014,4.5274
unsdg_northafr,2015,4.5373
unsdg_northafr,2016,4.4753
unsdg_northafr,2017,4.3993
unsdg_northafr,2018,4.3023
unsdg_northafr,2019,4.2374
unsdg_northafr,2020,4.2084
unsdg_northafr,2021,4.1791
unsdg_northafr,2022,4.1559
unsdg_northafr,2023,4.1534
unsdg_northafr,2024,4.4374
unsdg_northernamr,1991,4.1933
unsdg_northernamr,1992,4.1524
unsdg_northernamr,1993,4.1232
unsdg_northernamr,1994,4.1058
unsdg_northernamr,1995,4.0555
unsdg_northernamr,1996,3.9368
unsdg_northernamr,1997,3.7688
unsdg_northernamr,1998,3.5924
unsdg_northernamr,1999,3.4441
unsdg_northernamr,2000,3.3314
unsdg_northernamr,2001,3.2627
unsdg_northernamr,2002,3.2267
unsdg_northernamr,2003,3.2017
unsdg_northernamr,2004,3.1745
unsdg_northernamr,2005,3.1434
unsdg_northernamr,2006,3.1061
unsdg_northernamr,2007,3.0401
unsdg_northernamr,2008,2.9183
unsdg_northernamr,2009,2.7450
unsdg_northernamr,2010,2.5641
unsdg_northernamr,2011,2.4146
unsdg_northernamr,2012,2.3067
unsdg_northernamr,2013,2.2426
unsdg_northernamr,2014,2.2229
unsdg_northernamr,2015,2.2401
unsdg_northernamr,2016,2.2868
unsdg_northernamr,2017,2.3479
unsdg_northernamr,2018,2.4066
unsdg_northernamr,2019,2.4615
unsdg_northernamr,2020,2.5424
unsdg_northernamr,2021,2.6796
unsdg_northernamr,2022,2.8111
unsdg_northernamr,2023,2.8166
unsdg_northernamr,2024,2.6531
unsdg_oceania,1991,4.4763
unsdg_oceania,1992,4.3358
unsdg_oceania,1993,4.2406
unsdg_oceania,1994,4.1911
unsdg_oceania,1995,4.1800
unsdg_oceania,1996,4.2044
unsdg_oceania,1997,4.2378
unsdg_oceania,1998,4.2537
unsdg_oceania,1999,4.4872
unsdg_oceania,2000,4.1503
unsdg_oceania,2001,4.0256
unsdg_oceania,2002,3.8911
unsdg_oceania,2003,3.7793
unsdg_oceania,2004,3.7077
unsdg_oceania,2005,3.6584
unsdg_oceania,2006,3.6128
unsdg_oceania,2007,3.5611
unsdg_oceania,2008,3.4988
unsdg_oceania,2009,3.4336
unsdg_oceania,2010,3.3901
unsdg_oceania,2011,3.3220
unsdg_oceania,2012,3.2763
unsdg_oceania,2013,3.2241
unsdg_oceania,2014,3.1700
unsdg_oceania,2015,3.1236
unsdg_oceania,2016,3.0901
unsdg_oceania,2017,3.0697
unsdg_oceania,2018,3.0579
unsdg_oceania,2019,3.0482
unsdg_oceania,2020,3.0381
unsdg_oceania,2021,3.0144
unsdg_oceania,2022,2.9685
unsdg_oceania,2023,2.8915
unsdg_oceania,2024,2.7964
unsdg_oceaniaexausnzl,1991,7.0647
unsdg_oceaniaexausnzl,1992,6.9996
unsdg_oceaniaexausnzl,1993,6.9385
unsdg_oceaniaexausnzl,1994,6.8810
unsdg_oceaniaexausnzl,1995,6.8158
unsdg_oceaniaexausnzl,1996,6.7508
unsdg_oceaniaexausnzl,1997,6.6888
unsdg_oceaniaexausnzl,1998,6.6296
unsdg_oceaniaexausnzl,1999,7.3631
unsdg_oceaniaexausnzl,2000,6.5129
unsdg_oceaniaexausnzl,2001,6.4704
unsdg_oceaniaexausnzl,2002,6.4177
unsdg_oceaniaexausnzl,2003,6.3635
unsdg_oceaniaexausnzl,2004,6.3112
unsdg_oceaniaexausnzl,2005,6.2603
unsdg_oceaniaexausnzl,2006,6.1999
unsdg_oceaniaexausnzl,2007,6.1247
unsdg_oceaniaexausnzl,2008,6.0478
unsdg_oceaniaexausnzl,2009,5.9640
unsdg_oceaniaexausnzl,2010,5.9285
unsdg_oceaniaexausnzl,2011,5.7983
unsdg_oceaniaexausnzl,2012,5.7112
unsdg_oceaniaexausnzl,2013,5.6339
unsdg_oceaniaexausnzl,2014,5.5565
unsdg_oceaniaexausnzl,2015,5.4870
unsdg_oceaniaexausnzl,2016,5.4182
unsdg_oceaniaexausnzl,2017,5.3429
unsdg_oceaniaexausnzl,2018,5.2684
unsdg_oceaniaexausnzl,2019,5.1925
unsdg_oceaniaexausnzl,2020,5.1122
unsdg_oceaniaexausnzl,2021,5.0346
unsdg_oceaniaexausnzl,2022,4.9485
unsdg_oceaniaexausnzl,2023,4.8581
unsdg_oceaniaexausnzl,2024,4.7703
unsdg_sids,1991,7.1133
unsdg_sids,1992,7.1520
unsdg_sids,1993,7.1751
unsdg_sids,1994,7.1912
unsdg_sids,1995,7.1839
unsdg_sids,1996,7.1813
unsdg_sids,1997,7.0988
unsdg_sids,1998,7.0574
unsdg_sids,1999,7.1296
unsdg_sids,2000,6.8850
unsdg_sids,2001,6.4068
unsdg_sids,2002,6.2460
unsdg_sids,2003,6.1023
unsdg_sids,2004,5.9707
unsdg_sids,2005,5.8489
unsdg_sids,2006,5.7153
unsdg_sids,2007,5.5852
unsdg_sids,2008,5.4601
unsdg_sids,2009,5.3523
unsdg_sids,2010,5.2700
unsdg_sids,2011,10.018
unsdg_sids,2012,5.0704
unsdg_sids,2013,4.9690
unsdg_sids,2014,4.8775
unsdg_sids,2015,4.8033
unsdg_sids,2016,4.7450
unsdg_sids,2017,4.6885
unsdg_sids,2018,4.6251
unsdg_sids,2019,4.5544
unsdg_sids,2020,4.4944
unsdg_sids,2021,4.4248
unsdg_sids,2022,4.3666
unsdg_sids,2023,4.3114
unsdg_sids,2024,4.3105
unsdg_southasia,1991,9.9344
unsdg_southasia,1992,9.8942
unsdg_southasia,1993,9.4227
unsdg_southasia,1994,9.1348
unsdg_southasia,1995,8.9746
unsdg_southasia,1996,8.7626
unsdg_southasia,1997,8.5494
unsdg_southasia,1998,8.3359
unsdg_southasia,1999,8.1159
unsdg_southasia,2000,7.8521
unsdg_southasia,2001,7.6374
unsdg_southasia,2002,7.4483
unsdg_southasia,2003,7.2865
unsdg_southasia,2004,7.2005
unsdg_southasia,2005,7.0258
unsdg_southasia,2006,6.9572
unsdg_southasia,2007,6.6522
unsdg_southasia,2008,6.4794
unsdg_southasia,2009,6.2846
unsdg_southasia,2010,6.0728
unsdg_southasia,2011,5.7975
unsdg_southasia,2012,5.5467
unsdg_southasia,2013,5.3044
unsdg_southasia,2014,5.0641
unsdg_southasia,2015,4.8865
unsdg_southasia,2016,4.7259
unsdg_southasia,2017,4.5184
unsdg_southasia,2018,4.3679
unsdg_southasia,2019,4.1945
unsdg_southasia,2020,4.0080
unsdg_southasia,2021,3.8239
unsdg_southasia,2022,3.6608
unsdg_southasia,2023,3.4113
unsdg_southasia,2024,3.2384
unsdg_southeasternasia,1991,6.4436
unsdg_southeasternasia,1992,6.3367
unsdg_southeasternasia,1993,6.2638
unsdg_southeasternasia,1994,6.2144
unsdg_southeasternasia,1995,6.1693
unsdg_southeasternasia,1996,6.1017
unsdg_southeasternasia,1997,5.9870
unsdg_southeasternasia,1998,5.8399
unsdg_southeasternasia,1999,5.6868
unsdg_southeasternasia,2000,5.5660
unsdg_southeasternasia,2001,5.4694
unsdg_southeasternasia,2002,5.4180
unsdg_southeasternasia,2003,5.3726
unsdg_southeasternasia,2004,5.3112
unsdg_southeasternasia,2005,6.0234
unsdg_southeasternasia,2006,5.0908
unsdg_southeasternasia,2007,4.9629
unsdg_southeasternasia,2008,4.8359
unsdg_southeasternasia,2009,5.2248
unsdg_southeasternasia,2010,4.6050
unsdg_southeasternasia,2011,4.4808
unsdg_southeasternasia,2012,4.3505
unsdg_southeasternasia,2013,4.2181
unsdg_southeasternasia,2014,4.0986
unsdg_southeasternasia,2015,3.9899
unsdg_southeasternasia,2016,3.8966
unsdg_southeasternasia,2017,3.8052
unsdg_southeasternasia,2018,3.7058
unsdg_southeasternasia,2019,3.5806
unsdg_southeasternasia,2020,3.4682
unsdg_southeasternasia,2021,3.3670
unsdg_southeasternasia,2022,3.3267
unsdg_southeasternasia,2023,3.2832
unsdg_southeasternasia,2024,3.1985
unsdg_subsaharanafrica,1991,17.037
unsdg_subsaharanafrica,1992,16.914
unsdg_subsaharanafrica,1993,17.427
unsdg_subsaharanafrica,1994,17.371
unsdg_subsaharanafrica,1995,22.343
unsdg_subsaharanafrica,1996,16.052
unsdg_subsaharanafrica,1997,16.000
unsdg_subsaharanafrica,1998,15.760
unsdg_subsaharanafrica,1999,16.286
unsdg_subsaharanafrica,2000,15.269
unsdg_subsaharanafrica,2001,14.363
unsdg_subsaharanafrica,2002,14.026
unsdg_subsaharanafrica,2003,13.648
unsdg_subsaharanafrica,2004,13.210
unsdg_subsaharanafrica,2005,12.864
unsdg_subsaharanafrica,2006,12.524
unsdg_subsaharanafrica,2007,12.168
unsdg_subsaharanafrica,2008,11.829
unsdg_subsaharanafrica,2009,11.494
unsdg_subsaharanafrica,2010,12.004
unsdg_subsaharanafrica,2011,10.931
unsdg_subsaharanafrica,2012,10.877
unsdg_subsaharanafrica,2013,10.424
unsdg_subsaharanafrica,2014,10.167
unsdg_subsaharanafrica,2015,10.195
unsdg_subsaharanafrica,2016,9.8776
unsdg_subsaharanafrica,2017,9.7053
unsdg_subsaharanafrica,2018,9.5704
unsdg_subsaharanafrica,2019,9.0455
unsdg_subsaharanafrica,2020,8.9939
unsdg_subsaharanafrica,2021,8.5119
unsdg_subsaharanafrica,2022,8.3889
unsdg_subsaharanafrica,2023,8.6784
unsdg_subsaharanafrica,2024,7.8413
unsdg_westernasia,1991,6.2773
unsdg_westernasia,1992,5.5267
unsdg_westernasia,1993,5.0757
unsdg_westernasia,1994,5.1907
unsdg_westernasia,1995,5.1182
unsdg_westernasia,1996,5.0219
unsdg_westernasia,1997,4.7537
unsdg_westernasia,1998,4.6150
unsdg_westernasia,1999,4.5118
unsdg_westernasia,2000,4.6713
unsdg_westernasia,2001,4.3190
unsdg_westernasia,2002,4.2180
unsdg_westernasia,2003,4.0880
unsdg_westernasia,2004,4.2447
unsdg_westernasia,2005,4.2773
unsdg_westernasia,2006,4.2024
unsdg_westernasia,2007,4.3771
unsdg_westernasia,2008,4.2404
unsdg_westernasia,2009,3.8352
unsdg_westernasia,2010,3.5076
unsdg_westernasia,2011,3.4197
unsdg_westernasia,2012,3.5093
unsdg_westernasia,2013,4.1286
unsdg_westernasia,2014,4.1590
unsdg_westernasia,2015,4.0408
unsdg_westernasia,2016,4.4406
unsdg_westernasia,2017,4.5615
unsdg_westernasia,2018,4.3181
unsdg_westernasia,2019,4.0605
unsdg_westernasia,2020,3.6167
unsdg_westernasia,2021,3.3688
unsdg_westernasia,2022,3.1501
unsdg_westernasia,2023,3.0255
unsdg_westernasia,2024,3.8768
unsdg_westernasianorthernafr,1991,6.9027
unsdg_westernasianorthernafr,1992,6.3847
unsdg_westernasianorthernafr,1993,6.0298
unsdg_westernasianorthernafr,1994,5.9846
unsdg_westernasianorthernafr,1995,5.9236
unsdg_westernasianorthernafr,1996,5.7724
unsdg_westernasianorthernafr,1997,5.5153
unsdg_westernasianorthernafr,1998,5.3910
unsdg_westernasianorthernafr,1999,5.2508
unsdg_westernasianorthernafr,2000,5.1901
unsdg_westernasianorthernafr,2001,4.9056
unsdg_westernasianorthernafr,2002,4.7679
unsdg_westernasianorthernafr,2003,4.6965
unsdg_westernasianorthernafr,2004,4.8131
unsdg_westernasianorthernafr,2005,4.9296
unsdg_westernasianorthernafr,2006,4.8183
unsdg_westernasianorthernafr,2007,4.6338
unsdg_westernasianorthernafr,2008,4.4366
unsdg_westernasianorthernafr,2009,4.3114
unsdg_westernasianorthernafr,2010,4.0405
unsdg_westernasianorthernafr,2011,4.0131
unsdg_westernasianorthernafr,2012,4.1182
unsdg_westernasianorthernafr,2013,4.4355
unsdg_westernasianorthernafr,2014,4.4547
unsdg_westernasianorthernafr,2015,4.3974
unsdg_westernasianorthernafr,2016,4.5958
unsdg_westernasianorthernafr,2017,4.6376
unsdg_westernasianorthernafr,2018,4.4611
unsdg_westernasianorthernafr,2019,4.2904
unsdg_westernasianorthernafr,2020,4.0391
unsdg_westernasianorthernafr,2021,3.8878
unsdg_westernasianorthernafr,2022,3.7660
unsdg_westernasianorthernafr,2023,3.6974
unsdg_westernasianorthernafr,2024,4.2847
ury,1991,3.6662
ury,1992,3.6944
ury,1993,3.7480
ury,1994,3.8191
ury,1995,3.8868
ury,1996,3.9338
ury,1997,3.9461
ury,1998,3.9033
ury,1999,3.8095
ury,2000,3.6604
ury,2001,3.4789
ury,2002,3.2982
ury,2003,3.1406
ury,2004,3.0299
ury,2005,2.9769
ury,2006,2.9819
ury,2007,3.0473
ury,2008,3.1640
ury,2009,3.3119
ury,2010,3.4693
ury,2011,3.6082
ury,2012,3.6891
ury,2013,3.6999
ury,2014,3.6574
ury,2015,3.5844
ury,2016,3.5052
ury,2017,3.4405
ury,2018,3.4095
ury,2019,3.4028
ury,2020,3.4123
ury,2021,3.4298
ury,2022,3.4428
ury,2023,3.4389
ury,2024,3.4040
usa,1991,4.2813
usa,1992,4.2534
usa,1993,4.2382
usa,1994,4.2322
usa,1995,4.1860
usa,1996,4.0610
usa,1997,3.8796
usa,1998,3.6899
usa,1999,3.5318
usa,2000,3.4134
usa,2001,3.3441
usa,2002,3.3100
usa,2003,3.2888
usa,2004,3.2632
usa,2005,3.2317
usa,2006,3.1940
usa,2007,3.1260
usa,2008,2.9990
usa,2009,2.8168
usa,2010,2.6245
usa,2011,2.4669
usa,2012,2.3550
usa,2013,2.2914
usa,2014,2.2751
usa,2015,2.2955
usa,2016,2.3455
usa,2017,2.4096
usa,2018,2.4706
usa,2019,2.5275
usa,2020,2.6131
usa,2021,2.7608
usa,2022,2.9021
usa,2023,2.9075
usa,2024,2.7302
uzb,1991,4.1461
uzb,1992,4.2917
uzb,1993,4.4049
uzb,1994,4.4739
uzb,1995,4.5041
uzb,1996,4.5013
uzb,1997,4.4697
uzb,1998,4.4191
uzb,1999,4.3560
uzb,2000,4.2603
uzb,2001,4.1168
uzb,2002,3.9094
uzb,2003,3.6299
uzb,2004,3.3162
uzb,2005,3.0401
uzb,2006,2.8597
uzb,2007,2.7648
uzb,2008,2.7242
uzb,2009,2.7218
uzb,2010,2.7475
uzb,2011,2.8036
uzb,2012,2.8813
uzb,2013,2.9778
uzb,2014,3.0922
uzb,2015,3.2181
uzb,2016,3.3525
uzb,2017,3.4549
uzb,2018,3.4638
uzb,2019,3.3783
uzb,2020,3.2941
uzb,2021,3.3157
uzb,2022,3.4556
uzb,2023,3.6750
uzb,2024,3.9239
vct,1991,3.0510
vct,1992,3.1436
vct,1993,3.2054
vct,1994,3.2257
vct,1995,3.2258
vct,1996,3.1891
vct,1997,3.1392
vct,1998,3.0777
vct,1999,3.0099
vct,2000,2.9397
vct,2001,2.8691
vct,2002,2.8049
vct,2003,2.7632
vct,2004,2.7468
vct,2005,2.7639
vct,2006,2.8102
vct,2007,2.8755
vct,2008,2.9585
vct,2009,3.0607
vct,2010,3.1785
vct,2011,3.3127
vct,2012,3.4673
vct,2013,3.6470
vct,2014,3.8410
vct,2015,4.0288
vct,2016,4.1860
vct,2017,4.3051
vct,2018,4.3593
vct,2019,4.3564
vct,2020,4.2866
vct,2021,4.1912
vct,2022,4.0548
vct,2023,3.9119
vct,2024,3.7482
ven,1991,5.0312
ven,1992,5.4472
ven,1993,5.8278
ven,1994,6.0688
ven,1995,6.1017
ven,1996,5.9320
ven,1997,5.6169
ven,1998,5.3442
ven,1999,5.3456
ven,2000,5.7365
ven,2001,6.3672
ven,2002,7.0517
ven,2003,7.6032
ven,2004,7.8608
ven,2005,7.8186
ven,2006,7.7693
ven,2007,8.0319
ven,2008,8.5351
ven,2009,8.9914
ven,2010,9.2161
ven,2011,9.2814
ven,2012,9.3261
ven,2013,9.3710
ven,2014,9.3812
ven,2015,9.2877
ven,2016,9.0709
ven,2017,8.7165
ven,2018,8.4432
ven,2019,7.9501
ven,2020,7.2769
ven,2021,6.8486
ven,2022,6.4949
ven,2023,6.1725
ven,2024,5.8455
vgb,1991,3.7413
vgb,1992,3.6530
vgb,1993,3.5728
vgb,1994,3.4995
vgb,1995,3.4368
vgb,1996,3.3799
vgb,1997,3.3304
vgb,1998,3.2881
vgb,1999,3.2497
vgb,2000,3.2154
vgb,2001,3.1859
vgb,2002,3.1626
vgb,2003,3.1378
vgb,2004,3.1173
vgb,2005,3.0999
vgb,2006,3.0887
vgb,2007,3.0807
vgb,2008,3.0726
vgb,2009,3.0689
vgb,2010,3.0673
vgb,2011,3.0637
vgb,2012,3.0635
vgb,2013,3.0647
vgb,2014,3.0675
vgb,2015,3.0622
vgb,2016,3.0509
vgb,2017,3.0261
vgb,2018,2.9966
vgb,2019,2.9603
vgb,2020,2.9235
vgb,2021,2.8868
vgb,2022,2.8436
vgb,2023,2.8014
vgb,2024,2.7568
vnm,1991,4.4317
vnm,1992,4.2844
vnm,1993,4.0981
vnm,1994,3.9533
vnm,1995,3.8063
vnm,1996,3.6795
vnm,1997,3.5646
vnm,1998,3.4518
vnm,1999,3.3795
vnm,2000,3.3217
vnm,2001,3.2778
vnm,2002,3.2377
vnm,2003,3.2184
vnm,2004,3.1972
vnm,2005,3.1893
vnm,2006,3.1804
vnm,2007,3.1738
vnm,2008,3.1585
vnm,2009,3.1292
vnm,2010,3.0968
vnm,2011,3.0490
vnm,2012,2.9987
vnm,2013,2.9382
vnm,2014,2.8783
vnm,2015,2.8024
vnm,2016,2.7265
vnm,2017,2.6498
vnm,2018,2.5542
vnm,2019,2.4582
vnm,2020,2.3545
vnm,2021,2.2488
vnm,2022,2.1482
vnm,2023,2.0348
vnm,2024,1.9253
vut,1991,4.6129
vut,1992,4.5041
vut,1993,4.4053
vut,1994,4.3198
vut,1995,4.2472
vut,1996,4.1824
vut,1997,4.1269
vut,1998,4.0762
vut,1999,4.0258
vut,2000,3.9799
vut,2001,3.9345
vut,2002,3.8943
vut,2003,3.8568
vut,2004,3.8200
vut,2005,3.7844
vut,2006,3.7465
vut,2007,3.7041
vut,2008,3.6516
vut,2009,3.5921
vut,2010,3.5267
vut,2011,3.4589
vut,2012,3.3940
vut,2013,3.3381
vut,2014,3.2929
vut,2015,3.2545
vut,2016,3.2252
vut,2017,3.2025
vut,2018,3.1823
vut,2019,3.1646
vut,2020,3.1465
vut,2021,3.1289
vut,2022,3.1054
vut,2023,3.0789
vut,2024,3.0439
wb_hi,1991,3.5564
wb_hi,1992,3.5827
wb_hi,1993,3.6173
wb_hi,1994,3.6782
wb_hi,1995,3.7092
wb_hi,1996,3.6593
wb_hi,1997,3.5568
wb_hi,1998,3.4645
wb_hi,1999,3.4029
wb_hi,2000,3.3529
wb_hi,2001,3.2995
wb_hi,2002,3.2443
wb_hi,2003,3.1704
wb_hi,2004,3.0738
wb_hi,2005,2.9798
wb_hi,2006,2.9092
wb_hi,2007,2.8307
wb_hi,2008,2.7154
wb_hi,2009,2.5701
wb_hi,2010,2.4198
wb_hi,2011,2.2817
wb_hi,2012,2.1925
wb_hi,2013,2.0675
wb_hi,2014,1.9988
wb_hi,2015,1.9489
wb_hi,2016,1.9119
wb_hi,2017,1.8885
wb_hi,2018,1.8758
wb_hi,2019,1.8743
wb_hi,2020,1.8955
wb_hi,2021,1.9438
wb_hi,2022,1.9968
wb_hi,2023,2.0346
wb_hi,2024,2.0073
wb_li,1991,19.587
wb_li,1992,19.578
wb_li,1993,20.421
wb_li,1994,19.889
wb_li,1995,28.495
wb_li,1996,18.297
wb_li,1997,18.237
wb_li,1998,17.734
wb_li,1999,18.688
wb_li,2000,16.876
wb_li,2001,15.416
wb_li,2002,14.861
wb_li,2003,14.348
wb_li,2004,13.700
wb_li,2005,13.414
wb_li,2006,12.992
wb_li,2007,12.403
wb_li,2008,11.965
wb_li,2009,11.740
wb_li,2010,12.665
wb_li,2011,11.216
wb_li,2012,11.433
wb_li,2013,11.171
wb_li,2014,10.961
wb_li,2015,11.268
wb_li,2016,11.190
wb_li,2017,10.990
wb_li,2018,10.964
wb_li,2019,10.303
wb_li,2020,10.126
wb_li,2021,9.3863
wb_li,2022,9.3135
wb_li,2023,9.5929
wb_li,2024,8.5186
wb_lmi,1991,9.9380
wb_lmi,1992,9.9113
wb_lmi,1993,9.6001
wb_lmi,1994,9.4614
wb_lmi,1995,9.2581
wb_lmi,1996,9.0549
wb_lmi,1997,8.8756
wb_lmi,1998,8.7040
wb_lmi,1999,8.5266
wb_lmi,2000,8.2873
wb_lmi,2001,8.0696
wb_lmi,2002,7.8828
wb_lmi,2003,7.7001
wb_lmi,2004,7.4956
wb_lmi,2005,7.3611
wb_lmi,2006,7.2408
wb_lmi,2007,6.9512
wb_lmi,2008,6.7514
wb_lmi,2009,6.6756
wb_lmi,2010,6.3522
wb_lmi,2011,6.2439
wb_lmi,2012,5.8964
wb_lmi,2013,5.6902
wb_lmi,2014,5.4973
wb_lmi,2015,5.3187
wb_lmi,2016,5.1552
wb_lmi,2017,4.9755
wb_lmi,2018,4.8153
wb_lmi,2019,4.6548
wb_lmi,2020,4.5121
wb_lmi,2021,4.3584
wb_lmi,2022,4.2324
wb_lmi,2023,4.1168
wb_lmi,2024,4.0336
wb_umi,1991,5.1851
wb_umi,1992,5.0252
wb_umi,1993,4.9934
wb_umi,1994,4.9655
wb_umi,1995,4.8898
wb_umi,1996,4.8094
wb_umi,1997,4.6784
wb_umi,1998,4.5553
wb_umi,1999,4.4333
wb_umi,2000,4.3483
wb_umi,2001,4.2290
wb_umi,2002,4.1404
wb_umi,2003,4.0433
wb_umi,2004,4.0123
wb_umi,2005,4.0357
wb_umi,2006,3.7237
wb_umi,2007,3.6508
wb_umi,2008,3.5938
wb_umi,2009,3.5231
wb_umi,2010,3.4632
wb_umi,2011,3.4379
wb_umi,2012,3.4051
wb_umi,2013,3.3362
wb_umi,2014,3.2798
wb_umi,2015,3.2227
wb_umi,2016,3.1696
wb_umi,2017,3.1622
wb_umi,2018,3.0661
wb_umi,2019,2.9469
wb_umi,2020,2.8695
wb_umi,2021,2.7951
wb_umi,2022,2.7139
wb_umi,2023,2.6877
wb_umi,2024,2.6863
world,1991,7.5994
world,1992,7.5818
world,1993,7.5769
world,1994,7.5503
world,1995,8.1237
world,1996,7.3077
world,1997,7.1896
world,1998,7.0322
world,1999,6.9922
world,2000,6.7469
world,2001,6.5171
world,2002,6.3747
world,2003,6.2320
world,2004,6.0938
world,2005,6.0304
world,2006,5.8291
world,2007,5.6555
world,2008,5.5490
world,2009,5.5045
world,2010,5.4741
world,2011,5.3233
world,2012,5.2262
world,2013,5.1172
world,2014,5.0198
world,2015,4.9870
world,2016,4.9192
world,2017,4.8448
world,2018,4.7745
world,2019,4.6178
world,2020,4.5365
world,2021,4.3897
world,2022,4.3306
world,2023,4.3352
world,2024,4.1696
wsm,1991,2.3940
wsm,1992,2.5639
wsm,1993,2.7304
wsm,1994,2.8825
wsm,1995,3.0342
wsm,1996,3.1506
wsm,1997,3.2372
wsm,1998,3.3251
wsm,1999,3.3927
wsm,2000,3.4243
wsm,2001,3.4435
wsm,2002,3.4428
wsm,2003,3.4207
wsm,2004,3.3660
wsm,2005,3.2918
wsm,2006,3.2080
wsm,2007,3.1007
wsm,2008,3.0126
wsm,2009,2.9128
wsm,2010,4.5365
wsm,2011,2.6842
wsm,2012,2.5897
wsm,2013,2.5129
wsm,2014,2.4338
wsm,2015,2.3712
wsm,2016,2.2874
wsm,2017,2.2077
wsm,2018,2.1103
wsm,2019,2.0131
wsm,2020,1.9332
wsm,2021,1.8535
wsm,2022,1.7630
wsm,2023,1.6682
wsm,2024,1.5743
yem,1991,5.9493
yem,1992,5.8768
yem,1993,5.8124
yem,1994,5.7547
yem,1995,6.0728
yem,1996,5.6511
yem,1997,5.5981
yem,1998,5.5373
yem,1999,5.4588
yem,2000,5.3664
yem,2001,5.2608
yem,2002,5.1462
yem,2003,5.0281
yem,2004,4.9115
yem,2005,4.7975
yem,2006,4.6861
yem,2007,4.5783
yem,2008,4.4767
yem,2009,4.3825
yem,2010,4.2969
yem,2011,4.2187
yem,2012,4.3154
yem,2013,4.3257
yem,2014,4.1023
yem,2015,4.2002
yem,2016,5.5783
yem,2017,5.3504
yem,2018,5.4777
yem,2019,6.8761
yem,2020,6.2479
yem,2021,5.4858
yem,2022,5.2612
yem,2023,4.2477
yem,2024,3.9085
zaf,1991,5.8006
zaf,1992,5.9538
zaf,1993,6.1735
zaf,1994,6.3973
zaf,1995,6.6525
zaf,1996,6.9493
zaf,1997,7.2824
zaf,1998,7.6798
zaf,1999,8.0941
zaf,2000,8.5318
zaf,2001,8.9573
zaf,2002,9.2971
zaf,2003,9.5625
zaf,2004,9.6781
zaf,2005,9.6904
zaf,2006,9.5913
zaf,2007,9.3781
zaf,2008,9.1064
zaf,2009,8.8025
zaf,2010,8.4797
zaf,2011,8.1630
zaf,2012,7.8831
zaf,2013,7.6333
zaf,2014,7.4553
zaf,2015,7.3135
zaf,2016,7.2117
zaf,2017,7.1344
zaf,2018,7.0794
zaf,2019,7.0385
zaf,2020,7.0190
zaf,2021,7.0120
zaf,2022,7.0147
zaf,2023,6.9739
zaf,2024,6.8576
zmb,1991,14.903
zmb,1992,15.315
zmb,1993,15.617
zmb,1994,15.807
zmb,1995,15.853
zmb,1996,15.742
zmb,1997,15.525
zmb,1998,15.165
zmb,1999,14.710
zmb,2000,14.286
zmb,2001,13.881
zmb,2002,13.453
zmb,2003,13.034
zmb,2004,12.625
zmb,2005,12.143
zmb,2006,11.650
zmb,2007,11.205
zmb,2008,10.762
zmb,2009,10.358
zmb,2010,9.9523
zmb,2011,9.5862
zmb,2012,9.1642
zmb,2013,8.7435
zmb,2014,8.3394
zmb,2015,7.8884
zmb,2016,7.4536
zmb,2017,7.0316
zmb,2018,6.6216
zmb,2019,6.2414
zmb,2020,5.9332
zmb,2021,5.6808
zmb,2022,5.3693
zmb,2023,5.0556
zmb,2024,4.7394
zwe,1991,6.1137
zwe,1992,6.5312
zwe,1993,6.9482
zwe,1994,7.3952
zwe,1995,7.7931
zwe,1996,8.1439
zwe,1997,8.4447
zwe,1998,8.7087
zwe,1999,8.9325
zwe,2000,9.0919
zwe,2001,9.2250
zwe,2002,9.2997
zwe,2003,9.3175
zwe,2004,9.3098
zwe,2005,9.2417
zwe,2006,9.1313
zwe,2007,9.0447
zwe,2008,8.9447
zwe,2009,8.8300
zwe,2010,8.7034
zwe,2011,8.5916
zwe,2012,8.4655
zwe,2013,8.3529
zwe,2014,8.2059
zwe,2015,8.0718
zwe,2016,7.9233
zwe,2017,7.7513
zwe,2018,7.5555
zwe,2019,7.2497
zwe,2020,6.9240
zwe,2021,6.5476
zwe,2022,6.1817
zwe,2023,5.8344
zwe,2024,5.4936
