geo,year,mr_10_19_lower
afg,1991,23.792
afg,1992,22.977
afg,1993,21.780
afg,1994,13.806
afg,1995,15.394
afg,1996,13.496
afg,1997,12.869
afg,1998,12.314
afg,1999,13.743
afg,2000,11.112
afg,2001,10.796
afg,2002,10.434
afg,2003,9.1284
afg,2004,8.8324
afg,2005,8.6946
afg,2006,8.7078
afg,2007,9.5354
afg,2008,10.211
afg,2009,10.224
afg,2010,10.448
afg,2011,11.008
afg,2012,11.498
afg,2013,11.934
afg,2014,11.886
afg,2015,13.189
afg,2016,13.789
afg,2017,13.665
afg,2018,14.045
afg,2019,13.857
afg,2020,12.987
afg,2021,12.269
afg,2022,12.517
afg,2023,9.2298
afg,2024,8.7930
ago,1991,41.498
ago,1992,36.497
ago,1993,40.915
ago,1994,40.235
ago,1995,38.110
ago,1996,32.916
ago,1997,32.732
ago,1998,32.446
ago,1999,34.390
ago,2000,34.557
ago,2001,33.225
ago,2002,32.970
ago,2003,31.562
ago,2004,28.712
ago,2005,27.750
ago,2006,26.739
ago,2007,25.618
ago,2008,24.488
ago,2009,23.384
ago,2010,22.299
ago,2011,21.233
ago,2012,20.229
ago,2013,19.271
ago,2014,18.397
ago,2015,17.641
ago,2016,17.000
ago,2017,16.422
ago,2018,15.909
ago,2019,15.444
ago,2020,15.021
ago,2021,14.612
ago,2022,14.223
ago,2023,13.836
ago,2024,13.466
aia,1991,4.8353
aia,1992,4.7063
aia,1993,4.5728
aia,1994,4.4474
aia,1995,4.3288
aia,1996,4.2157
aia,1997,4.1109
aia,1998,4.0117
aia,1999,3.9169
aia,2000,3.8319
aia,2001,3.7504
aia,2002,3.6744
aia,2003,3.5998
aia,2004,3.5303
aia,2005,3.4658
aia,2006,3.4057
aia,2007,3.3497
aia,2008,3.2904
aia,2009,3.2360
aia,2010,3.1854
aia,2011,3.1348
aia,2012,3.0865
aia,2013,3.0399
aia,2014,2.9945
aia,2015,2.9484
aia,2016,2.8986
aia,2017,2.8507
aia,2018,2.8038
aia,2019,2.7560
aia,2020,2.7145
aia,2021,2.6680
aia,2022,2.6187
aia,2023,2.5722
aia,2024,2.5300
alb,1991,5.4973
alb,1992,5.6097
alb,1993,5.6460
alb,1994,5.6249
alb,1995,5.5644
alb,1996,5.5237
alb,1997,5.5142
alb,1998,6.4561
alb,1999,5.3690
alb,2000,5.1720
alb,2001,4.9000
alb,2002,4.5914
alb,2003,4.3000
alb,2004,4.0756
alb,2005,3.9106
alb,2006,3.8003
alb,2007,3.7367
alb,2008,3.7052
alb,2009,3.6958
alb,2010,3.6929
alb,2011,3.6841
alb,2012,3.6570
alb,2013,3.5871
alb,2014,3.4694
alb,2015,3.3161
alb,2016,3.1346
alb,2017,2.9597
alb,2018,2.7891
alb,2019,2.6382
alb,2020,2.4996
alb,2021,2.3687
alb,2022,2.2402
alb,2023,2.2989
alb,2024,2.0191
and,1991,3.9326
and,1992,3.7728
and,1993,3.6229
and,1994,3.4893
and,1995,3.3610
and,1996,3.2334
and,1997,3.1050
and,1998,2.9950
and,1999,2.8840
and,2000,2.7789
and,2001,2.6804
and,2002,2.5904
and,2003,2.5035
and,2004,2.4184
and,2005,2.3353
and,2006,2.2595
and,2007,2.1746
and,2008,2.0970
and,2009,2.0195
and,2010,1.9465
and,2011,1.8781
and,2012,1.8123
and,2013,1.7472
and,2014,1.6861
and,2015,1.6226
and,2016,1.5653
and,2017,1.5102
and,2018,1.4609
and,2019,1.4201
and,2020,1.3817
and,2021,1.3456
and,2022,1.3144
and,2023,1.2826
and,2024,1.2517
are,1991,3.7767
are,1992,3.6555
are,1993,3.5514
are,1994,3.4602
are,1995,3.3801
are,1996,3.3103
are,1997,3.2502
are,1998,3.1986
are,1999,3.1536
are,2000,3.1128
are,2001,3.0759
are,2002,3.0424
are,2003,3.0094
are,2004,2.9779
are,2005,2.9457
are,2006,2.9125
are,2007,2.8805
are,2008,2.8473
are,2009,2.8144
are,2010,2.7801
are,2011,2.7446
are,2012,2.7096
are,2013,2.6722
are,2014,2.6308
are,2015,2.5856
are,2016,2.5343
are,2017,2.4762
are,2018,2.4122
are,2019,2.3434
are,2020,2.2727
are,2021,2.2021
are,2022,2.1337
are,2023,2.0676
are,2024,2.0070
arg,1991,5.3159
arg,1992,5.2601
arg,1993,5.2355
arg,1994,5.2318
arg,1995,5.2232
arg,1996,5.2163
arg,1997,5.2277
arg,1998,5.2634
arg,1999,5.3023
arg,2000,5.3312
arg,2001,5.3320
arg,2002,5.2777
arg,2003,5.1670
arg,2004,5.0410
arg,2005,4.9520
arg,2006,4.9178
arg,2007,4.9467
arg,2008,5.0285
arg,2009,5.1269
arg,2010,5.2069
arg,2011,5.2545
arg,2012,5.2728
arg,2013,5.2583
arg,2014,5.1892
arg,2015,5.0574
arg,2016,4.8786
arg,2017,4.6867
arg,2018,4.5021
arg,2019,4.3259
arg,2020,4.1679
arg,2021,4.0530
arg,2022,3.9964
arg,2023,3.9773
arg,2024,3.9563
arm,1991,3.8208
arm,1992,3.7751
arm,1993,4.1582
arm,1994,5.0401
arm,1995,5.7585
arm,1996,5.4037
arm,1997,4.4136
arm,1998,3.6420
arm,1999,3.2591
arm,2000,3.0253
arm,2001,2.7953
arm,2002,2.5841
arm,2003,2.4539
arm,2004,2.4423
arm,2005,2.4970
arm,2006,2.6003
arm,2007,2.7291
arm,2008,2.8566
arm,2009,2.9744
arm,2010,3.0431
arm,2011,3.0713
arm,2012,3.0485
arm,2013,2.9842
arm,2014,2.9606
arm,2015,3.0718
arm,2016,3.4158
arm,2017,3.7936
arm,2018,3.8026
arm,2019,3.3667
arm,2020,2.9163
arm,2021,2.7874
arm,2022,2.9083
arm,2023,3.2562
arm,2024,3.0516
atg,1991,3.0868
atg,1992,3.3186
atg,1993,3.5700
atg,1994,3.8521
atg,1995,4.1293
atg,1996,4.4025
atg,1997,4.6421
atg,1998,4.8215
atg,1999,4.9669
atg,2000,5.0293
atg,2001,5.0473
atg,2002,5.0100
atg,2003,4.9379
atg,2004,4.8428
atg,2005,4.7471
atg,2006,4.6583
atg,2007,4.5593
atg,2008,4.4588
atg,2009,4.3720
atg,2010,4.2728
atg,2011,4.1637
atg,2012,4.0327
atg,2013,3.8996
atg,2014,3.7514
atg,2015,3.5935
atg,2016,3.4123
atg,2017,3.2262
atg,2018,3.0422
atg,2019,2.8598
atg,2020,2.6751
atg,2021,2.4966
atg,2022,2.3610
atg,2023,2.2528
atg,2024,2.1687
aus,1991,4.1598
aus,1992,3.9151
aus,1993,3.7219
aus,1994,3.6055
aus,1995,3.5589
aus,1996,3.5746
aus,1997,3.6168
aus,1998,3.6397
aus,1999,3.5984
aus,2000,3.4753
aus,2001,3.2694
aus,2002,3.0314
aus,2003,2.8258
aus,2004,2.6785
aus,2005,2.5729
aus,2006,2.4904
aus,2007,2.4195
aus,2008,2.3490
aus,2009,2.2765
aus,2010,2.2083
aus,2011,2.1517
aus,2012,2.1014
aus,2013,2.0494
aus,2014,1.9935
aus,2015,1.9473
aus,2016,1.9203
aus,2017,1.9144
aus,2018,1.9254
aus,2019,1.9480
aus,2020,1.9631
aus,2021,1.9570
aus,2022,1.9201
aus,2023,1.8505
aus,2024,1.7577
aut,1991,4.3781
aut,1992,4.3422
aut,1993,4.3075
aut,1994,4.2480
aut,1995,4.1488
aut,1996,3.9992
aut,1997,3.8218
aut,1998,3.6502
aut,1999,3.5108
aut,2000,3.3990
aut,2001,3.3099
aut,2002,3.2395
aut,2003,3.1772
aut,2004,3.1188
aut,2005,3.0505
aut,2006,2.9630
aut,2007,2.8609
aut,2008,2.7491
aut,2009,2.6319
aut,2010,2.5063
aut,2011,2.3713
aut,2012,2.2358
aut,2013,2.1094
aut,2014,1.9997
aut,2015,1.9109
aut,2016,1.8442
aut,2017,1.7977
aut,2018,1.7695
aut,2019,1.7607
aut,2020,1.7679
aut,2021,1.7933
aut,2022,1.8345
aut,2023,1.8870
aut,2024,1.9405
aze,1991,4.3138
aze,1992,6.3947
aze,1993,11.528
aze,1994,13.170
aze,1995,11.119
aze,1996,8.5694
aze,1997,6.4607
aze,1998,5.5196
aze,1999,5.5236
aze,2000,5.7632
aze,2001,5.6003
aze,2002,5.1345
aze,2003,4.7918
aze,2004,4.7064
aze,2005,4.7243
aze,2006,4.7131
aze,2007,4.6091
aze,2008,4.4032
aze,2009,4.3122
aze,2010,3.9042
aze,2011,3.7815
aze,2012,3.7432
aze,2013,3.9065
aze,2014,3.7369
aze,2015,3.8782
aze,2016,3.8397
aze,2017,3.7922
aze,2018,3.7758
aze,2019,3.6649
aze,2020,3.7984
aze,2021,6.4407
aze,2022,4.2801
aze,2023,4.3597
aze,2024,4.1917
bdi,1991,35.250
bdi,1992,37.138
bdi,1993,39.174
bdi,1994,78.969
bdi,1995,41.662
bdi,1996,41.765
bdi,1997,41.258
bdi,1998,40.291
bdi,1999,38.643
bdi,2000,36.654
bdi,2001,36.392
bdi,2002,33.899
bdi,2003,30.509
bdi,2004,26.842
bdi,2005,24.329
bdi,2006,21.736
bdi,2007,19.233
bdi,2008,17.109
bdi,2009,15.376
bdi,2010,14.056
bdi,2011,13.269
bdi,2012,12.813
bdi,2013,12.477
bdi,2014,12.118
bdi,2015,11.608
bdi,2016,10.988
bdi,2017,10.255
bdi,2018,9.6126
bdi,2019,9.0527
bdi,2020,8.5465
bdi,2021,8.1951
bdi,2022,7.7922
bdi,2023,7.4412
bdi,2024,7.1866
bel,1991,3.9882
bel,1992,3.9220
bel,1993,3.8451
bel,1994,3.7604
bel,1995,3.6690
bel,1996,3.5649
bel,1997,3.4561
bel,1998,3.3622
bel,1999,3.3015
bel,2000,3.2529
bel,2001,3.1786
bel,2002,3.0601
bel,2003,2.9081
bel,2004,2.7402
bel,2005,2.5794
bel,2006,2.4496
bel,2007,2.3578
bel,2008,2.2855
bel,2009,2.2165
bel,2010,2.1417
bel,2011,2.0618
bel,2012,1.9780
bel,2013,1.8936
bel,2014,1.8142
bel,2015,1.7395
bel,2016,1.6692
bel,2017,1.6037
bel,2018,1.5432
bel,2019,1.4877
bel,2020,1.4358
bel,2021,1.3909
bel,2022,1.3514
bel,2023,1.3120
bel,2024,1.2629
ben,1991,19.052
ben,1992,18.600
ben,1993,18.156
ben,1994,17.812
ben,1995,17.430
ben,1996,17.046
ben,1997,16.562
ben,1998,16.239
ben,1999,15.898
ben,2000,15.547
ben,2001,15.242
ben,2002,14.957
ben,2003,14.686
ben,2004,14.415
ben,2005,14.184
ben,2006,13.956
ben,2007,13.693
ben,2008,13.578
ben,2009,13.461
ben,2010,13.409
ben,2011,13.331
ben,2012,13.332
ben,2013,13.361
ben,2014,13.357
ben,2015,13.300
ben,2016,13.290
ben,2017,13.170
ben,2018,12.948
ben,2019,12.658
ben,2020,12.190
ben,2021,11.728
ben,2022,11.244
ben,2023,10.804
ben,2024,10.432
bfa,1991,19.488
bfa,1992,19.515
bfa,1993,19.563
bfa,1994,19.534
bfa,1995,19.365
bfa,1996,19.164
bfa,1997,18.762
bfa,1998,18.307
bfa,1999,17.753
bfa,2000,17.119
bfa,2001,16.474
bfa,2002,15.877
bfa,2003,15.386
bfa,2004,14.847
bfa,2005,14.299
bfa,2006,13.750
bfa,2007,13.142
bfa,2008,12.490
bfa,2009,11.857
bfa,2010,11.255
bfa,2011,10.592
bfa,2012,9.9718
bfa,2013,9.3935
bfa,2014,8.8821
bfa,2015,8.4014
bfa,2016,7.9743
bfa,2017,7.6166
bfa,2018,7.2945
bfa,2019,6.9500
bfa,2020,6.5899
bfa,2021,6.2597
bfa,2022,5.9141
bfa,2023,6.1986
bfa,2024,6.4696
bgd,1991,14.861
bgd,1992,20.956
bgd,1993,14.883
bgd,1994,15.022
bgd,1995,14.852
bgd,1996,14.321
bgd,1997,13.477
bgd,1998,12.398
bgd,1999,11.164
bgd,2000,9.5761
bgd,2001,8.2937
bgd,2002,7.7964
bgd,2003,7.8008
bgd,2004,8.1085
bgd,2005,8.4697
bgd,2006,8.7571
bgd,2007,8.9157
bgd,2008,8.9101
bgd,2009,8.7823
bgd,2010,8.4649
bgd,2011,8.0378
bgd,2012,7.6717
bgd,2013,7.3986
bgd,2014,7.3822
bgd,2015,7.5011
bgd,2016,7.6025
bgd,2017,7.6811
bgd,2018,7.6790
bgd,2019,7.5874
bgd,2020,7.3277
bgd,2021,6.8149
bgd,2022,6.0087
bgd,2023,5.1397
bgd,2024,4.5531
bgr,1991,5.2634
bgr,1992,5.2799
bgr,1993,5.2980
bgr,1994,5.2984
bgr,1995,5.2675
bgr,1996,5.1843
bgr,1997,5.0584
bgr,1998,4.9005
bgr,1999,4.7248
bgr,2000,4.5250
bgr,2001,4.3082
bgr,2002,4.1012
bgr,2003,3.9522
bgr,2004,3.8792
bgr,2005,3.8547
bgr,2006,3.8502
bgr,2007,3.8444
bgr,2008,3.8197
bgr,2009,3.7706
bgr,2010,3.6974
bgr,2011,3.6044
bgr,2012,3.4956
bgr,2013,3.3803
bgr,2014,3.2739
bgr,2015,3.1770
bgr,2016,3.1006
bgr,2017,3.0455
bgr,2018,3.0169
bgr,2019,3.0048
bgr,2020,2.9953
bgr,2021,2.9781
bgr,2022,2.9417
bgr,2023,2.8734
bgr,2024,2.7884
bhr,1991,4.0381
bhr,1992,4.0826
bhr,1993,4.1138
bhr,1994,4.1192
bhr,1995,4.1048
bhr,1996,4.0792
bhr,1997,4.0357
bhr,1998,3.9723
bhr,1999,3.9062
bhr,2000,3.8368
bhr,2001,3.7697
bhr,2002,3.7035
bhr,2003,3.6343
bhr,2004,3.5699
bhr,2005,3.5087
bhr,2006,3.4469
bhr,2007,3.3922
bhr,2008,3.3472
bhr,2009,3.3006
bhr,2010,3.2554
bhr,2011,3.2119
bhr,2012,3.1642
bhr,2013,3.1112
bhr,2014,3.0540
bhr,2015,2.9866
bhr,2016,2.9184
bhr,2017,2.8508
bhr,2018,2.7756
bhr,2019,2.7033
bhr,2020,2.6297
bhr,2021,2.5527
bhr,2022,2.4748
bhr,2023,2.3955
bhr,2024,2.3058
bhs,1991,4.2941
bhs,1992,4.6710
bhs,1993,5.0324
bhs,1994,5.3727
bhs,1995,5.6799
bhs,1996,5.9500
bhs,1997,6.1471
bhs,1998,6.2812
bhs,1999,6.3365
bhs,2000,6.3343
bhs,2001,6.2852
bhs,2002,6.2098
bhs,2003,6.1472
bhs,2004,6.1113
bhs,2005,6.1222
bhs,2006,6.1558
bhs,2007,6.2296
bhs,2008,6.3548
bhs,2009,6.5116
bhs,2010,6.6678
bhs,2011,6.8021
bhs,2012,6.8969
bhs,2013,6.9249
bhs,2014,6.8736
bhs,2015,6.7252
bhs,2016,6.4517
bhs,2017,6.0895
bhs,2018,5.6261
bhs,2019,5.1366
bhs,2020,7.5228
bhs,2021,4.1740
bhs,2022,3.7919
bhs,2023,3.5104
bhs,2024,3.2868
bih,1991,3.5433
bih,1992,3.6802
bih,1993,36.399
bih,1994,39.203
bih,1995,11.719
bih,1996,6.8186
bih,1997,2.8504
bih,1998,2.6182
bih,1999,2.4324
bih,2000,2.2880
bih,2001,2.1890
bih,2002,2.1261
bih,2003,2.1001
bih,2004,2.1017
bih,2005,2.1215
bih,2006,2.1521
bih,2007,2.1768
bih,2008,2.1843
bih,2009,2.1741
bih,2010,2.1458
bih,2011,2.1174
bih,2012,2.0988
bih,2013,2.0949
bih,2014,2.1105
bih,2015,2.1370
bih,2016,2.1653
bih,2017,2.1874
bih,2018,2.1910
bih,2019,2.1706
bih,2020,2.1263
bih,2021,2.0591
bih,2022,1.9798
bih,2023,1.8872
bih,2024,1.7882
blr,1991,5.9396
blr,1992,6.1330
blr,1993,6.1914
blr,1994,6.1473
blr,1995,6.0442
blr,1996,5.9160
blr,1997,5.8058
blr,1998,5.7186
blr,1999,5.6650
blr,2000,5.6190
blr,2001,5.5229
blr,2002,5.3447
blr,2003,5.1047
blr,2004,4.8849
blr,2005,4.7194
blr,2006,4.5718
blr,2007,4.4221
blr,2008,4.2740
blr,2009,4.1503
blr,2010,4.0524
blr,2011,3.9340
blr,2012,3.7690
blr,2013,3.5535
blr,2014,3.3040
blr,2015,3.0460
blr,2016,2.8016
blr,2017,2.5917
blr,2018,2.4112
blr,2019,2.2531
blr,2020,2.1143
blr,2021,1.9893
blr,2022,1.8725
blr,2023,1.7560
blr,2024,1.6435
blz,1991,4.2677
blz,1992,4.7237
blz,1993,5.2251
blz,1994,5.7573
blz,1995,6.3051
blz,1996,6.8425
blz,1997,7.3375
blz,1998,7.7461
blz,1999,8.0628
blz,2000,8.2698
blz,2001,8.3784
blz,2002,8.4167
blz,2003,8.4095
blz,2004,8.3866
blz,2005,8.3521
blz,2006,8.3218
blz,2007,8.2859
blz,2008,8.2580
blz,2009,8.2510
blz,2010,8.2363
blz,2011,8.2124
blz,2012,8.1335
blz,2013,7.9784
blz,2014,7.7803
blz,2015,7.5471
blz,2016,7.3107
blz,2017,7.0832
blz,2018,6.8549
blz,2019,6.6298
blz,2020,6.4272
blz,2021,6.2508
blz,2022,6.1106
blz,2023,6.0100
blz,2024,5.8929
bol,1991,12.429
bol,1992,12.042
bol,1993,11.688
bol,1994,11.382
bol,1995,11.108
bol,1996,10.838
bol,1997,10.603
bol,1998,10.351
bol,1999,10.048
bol,2000,9.7672
bol,2001,9.4423
bol,2002,9.0523
bol,2003,8.6872
bol,2004,8.2771
bol,2005,7.8576
bol,2006,7.4262
bol,2007,7.0181
bol,2008,6.6117
bol,2009,6.2577
bol,2010,5.9470
bol,2011,5.6309
bol,2012,5.3751
bol,2013,5.1070
bol,2014,4.8495
bol,2015,4.6399
bol,2016,4.4207
bol,2017,4.2533
bol,2018,4.0579
bol,2019,3.8854
bol,2020,3.7355
bol,2021,3.5785
bol,2022,3.4088
bol,2023,3.2812
bol,2024,3.1688
bra,1991,7.3538
bra,1992,7.4625
bra,1993,7.5524
bra,1994,7.6247
bra,1995,7.7068
bra,1996,7.7763
bra,1997,7.7924
bra,1998,7.7526
bra,1999,7.6826
bra,2000,7.6398
bra,2001,7.6261
bra,2002,7.6284
bra,2003,7.6344
bra,2004,7.6182
bra,2005,7.5693
bra,2006,7.5106
bra,2007,7.4803
bra,2008,7.5075
bra,2009,7.5804
bra,2010,7.6925
bra,2011,7.8264
bra,2012,7.9820
bra,2013,8.1493
bra,2014,8.2935
bra,2015,8.3969
bra,2016,8.3986
bra,2017,8.2534
bra,2018,7.9591
bra,2019,7.5927
bra,2020,7.2421
bra,2021,6.9284
bra,2022,6.6424
bra,2023,6.3630
bra,2024,6.0638
brb,1991,4.9942
brb,1992,4.8637
brb,1993,4.7491
brb,1994,4.6368
brb,1995,4.5456
brb,1996,4.4687
brb,1997,4.4046
brb,1998,4.3649
brb,1999,4.3522
brb,2000,4.3739
brb,2001,4.4158
brb,2002,4.4647
brb,2003,4.5099
brb,2004,4.5456
brb,2005,4.5666
brb,2006,4.5493
brb,2007,4.4949
brb,2008,4.3937
brb,2009,4.2654
brb,2010,4.1151
brb,2011,3.9508
brb,2012,3.7624
brb,2013,3.5622
brb,2014,3.3527
brb,2015,3.1708
brb,2016,3.0117
brb,2017,2.8721
brb,2018,2.7408
brb,2019,2.6122
brb,2020,2.4944
brb,2021,2.3956
brb,2022,2.2802
brb,2023,2.1984
brb,2024,2.1116
brn,1991,5.4642
brn,1992,5.6325
brn,1993,5.7327
brn,1994,5.7523
brn,1995,5.6778
brn,1996,5.5179
brn,1997,5.2828
brn,1998,5.0105
brn,1999,4.7265
brn,2000,4.4332
brn,2001,4.1578
brn,2002,3.9086
brn,2003,3.6865
brn,2004,3.4855
brn,2005,3.3113
brn,2006,3.1521
brn,2007,3.0188
brn,2008,2.9049
brn,2009,2.8062
brn,2010,2.7206
brn,2011,2.6354
brn,2012,2.5578
brn,2013,2.4709
brn,2014,2.3933
brn,2015,2.3127
brn,2016,2.2410
brn,2017,2.1724
brn,2018,2.1149
brn,2019,2.0699
brn,2020,2.0421
brn,2021,2.0219
brn,2022,1.9991
brn,2023,1.9761
brn,2024,1.9340
btn,1991,12.022
btn,1992,11.789
btn,1993,11.538
btn,1994,11.240
btn,1995,10.876
btn,1996,10.485
btn,1997,10.088
btn,1998,9.7256
btn,1999,9.3632
btn,2000,9.0737
btn,2001,8.9325
btn,2002,8.6188
btn,2003,8.4911
btn,2004,8.3585
btn,2005,8.2800
btn,2006,8.2824
btn,2007,8.2826
btn,2008,8.2437
btn,2009,8.2273
btn,2010,8.1129
btn,2011,7.9835
btn,2012,7.7387
btn,2013,7.4892
btn,2014,7.2195
btn,2015,6.9509
btn,2016,6.7134
btn,2017,6.4691
btn,2018,6.1800
btn,2019,5.9819
btn,2020,5.7707
btn,2021,5.5556
btn,2022,5.3327
btn,2023,5.1624
btn,2024,4.9520
bwa,1991,13.015
bwa,1992,12.786
bwa,1993,12.518
bwa,1994,12.199
bwa,1995,11.886
bwa,1996,11.581
bwa,1997,11.264
bwa,1998,10.996
bwa,1999,10.776
bwa,2000,10.528
bwa,2001,10.267
bwa,2002,10.028
bwa,2003,9.7274
bwa,2004,9.4505
bwa,2005,9.1615
bwa,2006,8.8403
bwa,2007,8.8750
bwa,2008,8.3028
bwa,2009,8.0674
bwa,2010,7.8291
bwa,2011,7.6375
bwa,2012,7.4244
bwa,2013,7.2221
bwa,2014,7.0435
bwa,2015,6.8690
bwa,2016,6.7040
bwa,2017,6.5459
bwa,2018,6.4363
bwa,2019,6.2991
bwa,2020,6.1397
bwa,2021,6.0244
bwa,2022,5.8633
bwa,2023,5.6808
bwa,2024,5.4613
caf,1991,21.083
caf,1992,20.746
caf,1993,20.511
caf,1994,20.417
caf,1995,20.291
caf,1996,20.081
caf,1997,19.928
caf,1998,19.927
caf,1999,20.062
caf,2000,20.203
caf,2001,20.318
caf,2002,20.539
caf,2003,20.569
caf,2004,20.502
caf,2005,20.273
caf,2006,19.903
caf,2007,19.283
caf,2008,18.657
caf,2009,17.922
caf,2010,147.19
caf,2011,23.572
caf,2012,18.737
caf,2013,16.889
caf,2014,19.939
caf,2015,34.828
caf,2016,16.614
caf,2017,17.601
caf,2018,25.079
caf,2019,15.318
caf,2020,48.770
caf,2021,16.008
caf,2022,28.948
caf,2023,90.508
caf,2024,9.0059
can,1991,4.4315
can,1992,4.2528
can,1993,4.0733
can,1994,3.9091
can,1995,3.7777
can,1996,3.6734
can,1997,3.5814
can,1998,3.4902
can,1999,3.3983
can,2000,3.3070
can,2001,3.2142
can,2002,3.1218
can,2003,3.0391
can,2004,2.9690
can,2005,2.9207
can,2006,2.8737
can,2007,2.8081
can,2008,2.7171
can,2009,2.6198
can,2010,2.5358
can,2011,2.4597
can,2012,2.3799
can,2013,2.2992
can,2014,2.2341
can,2015,2.2031
can,2016,2.2028
can,2017,2.2214
can,2018,2.2481
can,2019,2.2763
can,2020,2.3010
can,2021,2.3206
can,2022,2.3339
can,2023,2.3329
can,2024,2.3119
che,1991,4.0189
che,1992,3.9159
che,1993,3.7876
che,1994,3.6381
che,1995,3.4762
che,1996,3.3123
che,1997,3.1532
che,1998,3.0061
che,1999,2.8726
che,2000,2.7532
che,2001,2.6486
che,2002,2.5577
che,2003,2.4732
che,2004,2.3952
che,2005,2.3166
che,2006,2.2352
che,2007,2.1475
che,2008,2.0531
che,2009,1.9536
che,2010,1.8525
che,2011,1.7559
che,2012,1.6695
che,2013,1.5966
che,2014,1.5397
che,2015,1.4989
che,2016,1.4734
che,2017,1.4587
che,2018,1.4548
che,2019,1.4546
che,2020,1.4532
che,2021,1.4469
che,2022,1.4341
che,2023,1.4147
che,2024,1.3916
chl,1991,4.7769
chl,1992,4.6497
chl,1993,4.5364
chl,1994,4.4510
chl,1995,4.3777
chl,1996,4.3021
chl,1997,4.2017
chl,1998,4.0603
chl,1999,3.8874
chl,2000,3.7287
chl,2001,3.6220
chl,2002,3.5560
chl,2003,3.5015
chl,2004,3.4368
chl,2005,3.3682
chl,2006,3.3069
chl,2007,3.2705
chl,2008,3.2839
chl,2009,3.3448
chl,2010,3.3746
chl,2011,3.3003
chl,2012,3.1567
chl,2013,3.0233
chl,2014,2.9419
chl,2015,2.8871
chl,2016,2.8342
chl,2017,2.7766
chl,2018,2.7137
chl,2019,2.6563
chl,2020,2.6342
chl,2021,2.6723
chl,2022,2.7423
chl,2023,2.7931
chl,2024,2.7933
chn,1991,6.0276
chn,1992,5.8947
chn,1993,5.7430
chn,1994,5.5870
chn,1995,5.4130
chn,1996,5.2422
chn,1997,5.0581
chn,1998,4.8707
chn,1999,4.7064
chn,2000,4.5469
chn,2001,4.3754
chn,2002,4.2212
chn,2003,4.0622
chn,2004,3.9117
chn,2005,3.7637
chn,2006,3.6187
chn,2007,3.4692
chn,2008,3.3185
chn,2009,3.1489
chn,2010,2.9682
chn,2011,2.7905
chn,2012,2.6219
chn,2013,2.4685
chn,2014,2.3265
chn,2015,2.1956
chn,2016,2.0805
chn,2017,1.9704
chn,2018,1.8674
chn,2019,1.7742
chn,2020,1.6805
chn,2021,1.5969
chn,2022,1.5180
chn,2023,1.4505
chn,2024,1.3846
civ,1991,16.997
civ,1992,17.090
civ,1993,17.216
civ,1994,17.405
civ,1995,17.538
civ,1996,17.667
civ,1997,17.738
civ,1998,17.755
civ,1999,17.732
civ,2000,17.718
civ,2001,17.626
civ,2002,17.516
civ,2003,17.351
civ,2004,17.174
civ,2005,16.990
civ,2006,16.759
civ,2007,16.517
civ,2008,16.209
civ,2009,15.842
civ,2010,15.462
civ,2011,14.972
civ,2012,14.518
civ,2013,14.053
civ,2014,13.590
civ,2015,13.093
civ,2016,12.581
civ,2017,12.061
civ,2018,11.416
civ,2019,10.707
civ,2020,9.9976
civ,2021,9.3077
civ,2022,8.6345
civ,2023,8.1172
civ,2024,7.6751
cmr,1991,18.174
cmr,1992,18.162
cmr,1993,18.188
cmr,1994,18.195
cmr,1995,18.226
cmr,1996,18.307
cmr,1997,18.429
cmr,1998,18.533
cmr,1999,18.597
cmr,2000,18.627
cmr,2001,18.611
cmr,2002,18.542
cmr,2003,18.430
cmr,2004,18.296
cmr,2005,18.132
cmr,2006,17.929
cmr,2007,17.741
cmr,2008,17.463
cmr,2009,17.153
cmr,2010,16.856
cmr,2011,16.532
cmr,2012,16.189
cmr,2013,15.792
cmr,2014,15.401
cmr,2015,14.911
cmr,2016,14.396
cmr,2017,13.936
cmr,2018,13.478
cmr,2019,12.978
cmr,2020,12.564
cmr,2021,12.095
cmr,2022,11.620
cmr,2023,11.197
cmr,2024,10.784
cod,1991,17.217
cod,1992,17.491
cod,1993,17.806
cod,1994,18.162
cod,1995,18.493
cod,1996,18.918
cod,1997,21.107
cod,1998,19.831
cod,1999,23.248
cod,2000,23.638
cod,2001,20.959
cod,2002,21.263
cod,2003,21.486
cod,2004,21.614
cod,2005,21.588
cod,2006,21.583
cod,2007,21.617
cod,2008,21.721
cod,2009,21.859
cod,2010,21.887
cod,2011,21.896
cod,2012,21.785
cod,2013,21.612
cod,2014,21.256
cod,2015,20.799
cod,2016,20.193
cod,2017,19.482
cod,2018,18.764
cod,2019,18.030
cod,2020,17.280
cod,2021,16.540
cod,2022,15.740
cod,2023,15.013
cod,2024,14.517
cog,1991,18.182
cog,1992,18.086
cog,1993,17.925
cog,1994,17.647
cog,1995,17.513
cog,1996,17.159
cog,1997,16.787
cog,1998,28.051
cog,1999,19.871
cog,2000,16.213
cog,2001,14.638
cog,2002,14.041
cog,2003,13.337
cog,2004,12.734
cog,2005,12.128
cog,2006,11.526
cog,2007,10.881
cog,2008,10.072
cog,2009,9.4158
cog,2010,8.7276
cog,2011,8.0212
cog,2012,7.3283
cog,2013,6.6013
cog,2014,5.9894
cog,2015,5.5203
cog,2016,5.0970
cog,2017,4.8064
cog,2018,4.5747
cog,2019,4.3550
cog,2020,5.8032
cog,2021,3.9821
cog,2022,3.7998
cog,2023,3.6285
cog,2024,3.4847
cok,1991,7.9007
cok,1992,8.1747
cok,1993,8.3978
cok,1994,8.5837
cok,1995,8.7293
cok,1996,8.8297
cok,1997,8.9004
cok,1998,8.9192
cok,1999,8.8863
cok,2000,8.8022
cok,2001,8.7275
cok,2002,8.5580
cok,2003,8.3478
cok,2004,8.0906
cok,2005,7.7683
cok,2006,7.4309
cok,2007,7.0539
cok,2008,6.6676
cok,2009,6.2982
cok,2010,6.0068
cok,2011,5.7441
cok,2012,5.5542
cok,2013,5.3824
cok,2014,5.2294
cok,2015,5.1108
cok,2016,4.9735
cok,2017,4.8454
cok,2018,4.7159
cok,2019,4.5987
cok,2020,4.5014
cok,2021,4.3656
cok,2022,4.2318
cok,2023,4.0841
cok,2024,3.9436
col,1991,9.9877
col,1992,10.738
col,1993,11.370
col,1994,11.798
col,1995,11.945
col,1996,11.787
col,1997,11.478
col,1998,11.262
col,1999,11.269
col,2000,11.370
col,2001,11.445
col,2002,11.296
col,2003,10.703
col,2004,9.7177
col,2005,8.7110
col,2006,7.9627
col,2007,7.4979
col,2008,7.2928
col,2009,7.3027
col,2010,7.3715
col,2011,7.3557
col,2012,7.2320
col,2013,7.0461
col,2014,6.8472
col,2015,6.6528
col,2016,6.4912
col,2017,6.3637
col,2018,6.2641
col,2019,6.1975
col,2020,6.1650
col,2021,6.1857
col,2022,6.2417
col,2023,6.2843
col,2024,6.2595
com,1991,11.521
com,1992,11.130
com,1993,10.762
com,1994,10.403
com,1995,10.068
com,1996,9.7293
com,1997,9.3829
com,1998,9.0730
com,1999,8.8146
com,2000,8.4897
com,2001,8.2979
com,2002,8.0148
com,2003,7.7735
com,2004,7.5254
com,2005,7.2548
com,2006,6.9392
com,2007,6.7030
com,2008,6.4472
com,2009,6.1684
com,2010,5.9381
com,2011,5.6711
com,2012,5.4287
com,2013,5.2038
com,2014,4.9943
com,2015,4.7990
com,2016,4.5655
com,2017,4.3459
com,2018,4.1092
com,2019,3.8827
com,2020,3.6544
com,2021,3.4797
com,2022,3.3131
com,2023,3.1639
com,2024,3.0413
cpv,1991,4.3830
cpv,1992,4.6275
cpv,1993,4.8398
cpv,1994,5.0304
cpv,1995,5.1963
cpv,1996,8.0000
cpv,1997,5.3972
cpv,1998,5.4350
cpv,1999,5.4245
cpv,2000,5.3737
cpv,2001,5.2808
cpv,2002,5.1678
cpv,2003,5.0383
cpv,2004,4.9145
cpv,2005,4.8061
cpv,2006,4.7133
cpv,2007,4.6223
cpv,2008,4.5361
cpv,2009,4.4380
cpv,2010,4.3308
cpv,2011,4.2190
cpv,2012,4.0941
cpv,2013,3.9622
cpv,2014,3.8278
cpv,2015,3.6921
cpv,2016,3.5644
cpv,2017,3.4326
cpv,2018,3.2974
cpv,2019,3.1752
cpv,2020,3.0406
cpv,2021,2.9026
cpv,2022,2.7575
cpv,2023,2.6282
cpv,2024,2.4923
cri,1991,4.0164
cri,1992,4.0797
cri,1993,4.1422
cri,1994,4.2101
cri,1995,4.2764
cri,1996,4.3391
cri,1997,4.3904
cri,1998,4.4217
cri,1999,4.4155
cri,2000,4.3522
cri,2001,4.2573
cri,2002,4.1717
cri,2003,4.1093
cri,2004,4.0490
cri,2005,3.9770
cri,2006,3.9251
cri,2007,3.9601
cri,2008,4.0825
cri,2009,4.1772
cri,2010,4.1106
cri,2011,3.9149
cri,2012,3.7115
cri,2013,3.5722
cri,2014,3.5253
cri,2015,3.5913
cri,2016,3.7240
cri,2017,3.8422
cri,2018,3.8747
cri,2019,3.8232
cri,2020,3.7155
cri,2021,3.6032
cri,2022,3.5476
cri,2023,3.5713
cri,2024,3.6108
cub,1991,6.4914
cub,1992,6.4382
cub,1993,6.3423
cub,1994,6.2018
cub,1995,6.0174
cub,1996,5.7847
cub,1997,5.5070
cub,1998,5.1974
cub,1999,4.8756
cub,2000,4.5638
cub,2001,4.2751
cub,2002,4.0150
cub,2003,3.7900
cub,2004,3.5932
cub,2005,3.4329
cub,2006,3.3028
cub,2007,3.1911
cub,2008,3.1000
cub,2009,3.0289
cub,2010,2.9801
cub,2011,2.9466
cub,2012,2.9229
cub,2013,2.9087
cub,2014,2.8943
cub,2015,2.8856
cub,2016,2.8796
cub,2017,2.8821
cub,2018,2.8957
cub,2019,2.9213
cub,2020,2.9727
cub,2021,3.0425
cub,2022,3.1296
cub,2023,3.2184
cub,2024,3.2752
cyp,1991,3.1335
cyp,1992,3.3487
cyp,1993,3.5552
cyp,1994,3.7299
cyp,1995,3.8699
cyp,1996,3.9665
cyp,1997,4.0150
cyp,1998,4.0257
cyp,1999,3.9905
cyp,2000,3.9216
cyp,2001,3.8234
cyp,2002,3.6938
cyp,2003,3.5356
cyp,2004,3.3544
cyp,2005,3.1402
cyp,2006,2.9054
cyp,2007,2.6600
cyp,2008,2.4188
cyp,2009,2.1926
cyp,2010,1.9949
cyp,2011,1.8289
cyp,2012,1.6978
cyp,2013,1.5937
cyp,2014,1.5142
cyp,2015,1.4486
cyp,2016,1.3954
cyp,2017,1.3520
cyp,2018,1.3119
cyp,2019,1.2722
cyp,2020,1.2298
cyp,2021,1.1862
cyp,2022,1.1369
cyp,2023,1.0863
cyp,2024,1.0371
cze,1991,3.9522
cze,1992,3.9886
cze,1993,3.9933
cze,1994,3.9535
cze,1995,3.8704
cze,1996,3.7593
cze,1997,3.6338
cze,1998,3.5163
cze,1999,3.4116
cze,2000,3.3168
cze,2001,3.2324
cze,2002,3.1474
cze,2003,3.0589
cze,2004,2.9612
cze,2005,2.8591
cze,2006,2.7588
cze,2007,2.6623
cze,2008,2.5692
cze,2009,2.4813
cze,2010,2.3979
cze,2011,2.3217
cze,2012,2.2482
cze,2013,2.1761
cze,2014,2.1053
cze,2015,2.0391
cze,2016,1.9815
cze,2017,1.9324
cze,2018,1.8916
cze,2019,1.8549
cze,2020,1.8206
cze,2021,1.7843
cze,2022,1.7467
cze,2023,1.7057
cze,2024,1.6586
deu,1991,3.6975
deu,1992,3.6748
deu,1993,3.6316
deu,1994,3.5591
deu,1995,3.4665
deu,1996,3.3662
deu,1997,3.2658
deu,1998,3.1693
deu,1999,3.0793
deu,2000,2.9851
deu,2001,2.8796
deu,2002,2.7576
deu,2003,2.6162
deu,2004,2.4626
deu,2005,2.3133
deu,2006,2.1809
deu,2007,2.0689
deu,2008,1.9782
deu,2009,1.9075
deu,2010,1.8460
deu,2011,1.7870
deu,2012,1.7293
deu,2013,1.6767
deu,2014,1.6317
deu,2015,1.5939
deu,2016,1.5646
deu,2017,1.5410
deu,2018,1.5195
deu,2019,1.5007
deu,2020,1.4902
deu,2021,1.4952
deu,2022,1.5137
deu,2023,1.5374
deu,2024,1.5562
dji,1991,20.765
dji,1992,21.502
dji,1993,22.782
dji,1994,20.025
dji,1995,19.846
dji,1996,19.666
dji,1997,19.492
dji,1998,19.300
dji,1999,19.066
dji,2000,18.816
dji,2001,18.543
dji,2002,18.237
dji,2003,17.910
dji,2004,17.576
dji,2005,17.248
dji,2006,16.917
dji,2007,16.579
dji,2008,16.224
dji,2009,15.875
dji,2010,15.556
dji,2011,15.230
dji,2012,14.900
dji,2013,14.576
dji,2014,14.256
dji,2015,13.944
dji,2016,13.627
dji,2017,13.339
dji,2018,13.031
dji,2019,12.741
dji,2020,12.437
dji,2021,12.140
dji,2022,11.854
dji,2023,11.583
dji,2024,11.300
dma,1991,4.6794
dma,1992,4.6868
dma,1993,4.6736
dma,1994,4.6496
dma,1995,4.6107
dma,1996,4.5466
dma,1997,4.4891
dma,1998,4.4092
dma,1999,4.3169
dma,2000,4.2177
dma,2001,4.1085
dma,2002,3.9801
dma,2003,3.8618
dma,2004,3.7361
dma,2005,3.6082
dma,2006,3.4930
dma,2007,3.3865
dma,2008,3.2995
dma,2009,3.2318
dma,2010,3.1754
dma,2011,3.1314
dma,2012,3.1023
dma,2013,3.0846
dma,2014,3.0738
dma,2015,3.0762
dma,2016,3.0797
dma,2017,3.0798
dma,2018,2.7086
dma,2019,3.0817
dma,2020,3.0920
dma,2021,3.0527
dma,2022,3.0057
dma,2023,2.9121
dma,2024,2.8094
dnk,1991,3.0766
dnk,1992,3.0083
dnk,1993,2.9557
dnk,1994,2.9144
dnk,1995,2.8842
dnk,1996,2.8580
dnk,1997,2.8283
dnk,1998,2.7975
dnk,1999,2.7618
dnk,2000,2.7195
dnk,2001,2.6603
dnk,2002,2.5870
dnk,2003,2.4994
dnk,2004,2.4032
dnk,2005,2.3041
dnk,2006,2.2016
dnk,2007,2.0941
dnk,2008,1.9846
dnk,2009,1.8660
dnk,2010,1.7399
dnk,2011,1.6140
dnk,2012,1.5006
dnk,2013,1.4047
dnk,2014,1.3296
dnk,2015,1.2765
dnk,2016,1.2420
dnk,2017,1.2186
dnk,2018,1.2031
dnk,2019,1.1889
dnk,2020,1.1740
dnk,2021,1.1597
dnk,2022,1.1415
dnk,2023,1.1203
dnk,2024,1.0944
dom,1991,6.3241
dom,1992,6.5511
dom,1993,6.7739
dom,1994,6.9780
dom,1995,7.1581
dom,1996,7.3279
dom,1997,7.4717
dom,1998,7.5931
dom,1999,7.6918
dom,2000,7.7369
dom,2001,7.7395
dom,2002,7.7351
dom,2003,7.6761
dom,2004,7.6154
dom,2005,7.5341
dom,2006,7.4304
dom,2007,7.3038
dom,2008,7.1275
dom,2009,6.9210
dom,2010,6.6521
dom,2011,6.3717
dom,2012,6.0347
dom,2013,5.6480
dom,2014,5.2769
dom,2015,4.9349
dom,2016,4.6756
dom,2017,4.4210
dom,2018,4.2066
dom,2019,4.0137
dom,2020,3.8369
dom,2021,3.6389
dom,2022,3.4515
dom,2023,3.2813
dom,2024,3.1261
dza,1991,8.1028
dza,1992,7.8912
dza,1993,7.7260
dza,1994,7.6048
dza,1995,8.1693
dza,1996,7.8058
dza,1997,7.3128
dza,1998,7.5381
dza,1999,7.4541
dza,2000,6.7399
dza,2001,6.4761
dza,2002,6.1946
dza,2003,5.8967
dza,2004,5.8813
dza,2005,5.3515
dza,2006,5.1697
dza,2007,5.0411
dza,2008,4.9427
dza,2009,4.8549
dza,2010,4.7688
dza,2011,4.6919
dza,2012,4.6292
dza,2013,4.5823
dza,2014,4.5525
dza,2015,4.5155
dza,2016,4.4663
dza,2017,4.3921
dza,2018,4.2987
dza,2019,4.1972
dza,2020,4.0971
dza,2021,4.0187
dza,2022,3.9712
dza,2023,3.9578
dza,2024,3.9661
ecu,1991,9.0935
ecu,1992,8.8675
ecu,1993,8.6180
ecu,1994,8.3982
ecu,1995,8.2217
ecu,1996,8.1032
ecu,1997,8.0293
ecu,1998,7.9720
ecu,1999,7.9229
ecu,2000,7.8661
ecu,2001,7.7993
ecu,2002,7.7368
ecu,2003,7.6862
ecu,2004,7.6639
ecu,2005,7.6690
ecu,2006,7.7060
ecu,2007,7.7535
ecu,2008,7.7774
ecu,2009,7.7713
ecu,2010,7.7031
ecu,2011,7.5487
ecu,2012,7.3050
ecu,2013,6.9948
ecu,2014,6.6591
ecu,2015,6.3368
ecu,2016,6.0744
ecu,2017,6.0031
ecu,2018,5.6521
ecu,2019,5.4805
ecu,2020,5.4259
ecu,2021,5.5925
ecu,2022,6.0364
ecu,2023,6.8202
ecu,2024,7.9392
egy,1991,11.016
egy,1992,10.312
egy,1993,9.6845
egy,1994,9.1733
egy,1995,8.7393
egy,1996,8.3309
egy,1997,7.9256
egy,1998,7.5287
egy,1999,7.1609
egy,2000,6.8258
egy,2001,6.5397
egy,2002,6.3035
egy,2003,6.0914
egy,2004,5.8949
egy,2005,5.7193
egy,2006,5.5809
egy,2007,5.4972
egy,2008,5.4556
egy,2009,5.4783
egy,2010,5.5568
egy,2011,5.6870
egy,2012,5.8410
egy,2013,5.9406
egy,2014,5.9428
egy,2015,5.8434
egy,2016,5.6799
egy,2017,5.4912
egy,2018,5.3193
egy,2019,5.2056
egy,2020,5.1579
egy,2021,5.1670
egy,2022,5.2050
egy,2023,5.2110
egy,2024,5.1149
eri,1991,24.153
eri,1992,23.744
eri,1993,21.231
eri,1994,20.521
eri,1995,19.693
eri,1996,18.772
eri,1997,18.003
eri,1998,17.218
eri,1999,28.702
eri,2000,40.448
eri,2001,17.426
eri,2002,14.545
eri,2003,13.969
eri,2004,13.413
eri,2005,12.926
eri,2006,12.415
eri,2007,11.981
eri,2008,11.521
eri,2009,11.087
eri,2010,10.648
eri,2011,10.265
eri,2012,9.9262
eri,2013,9.6191
eri,2014,9.3457
eri,2015,9.0789
eri,2016,8.8473
eri,2017,8.6360
eri,2018,8.4534
eri,2019,8.2538
eri,2020,8.0448
eri,2021,7.8544
eri,2022,7.6757
eri,2023,7.5106
eri,2024,7.3179
esp,1991,4.3385
esp,1992,4.1324
esp,1993,3.8114
esp,1994,3.4951
esp,1995,3.2775
esp,1996,3.1593
esp,1997,3.1093
esp,1998,3.1070
esp,1999,3.1064
esp,2000,3.0748
esp,2001,3.0080
esp,2002,2.9266
esp,2003,2.8464
esp,2004,2.7575
esp,2005,2.6518
esp,2006,2.5285
esp,2007,2.3876
esp,2008,2.2337
esp,2009,2.0648
esp,2010,1.8855
esp,2011,1.7126
esp,2012,1.5635
esp,2013,1.4487
esp,2014,1.3662
esp,2015,1.3156
esp,2016,1.2866
esp,2017,1.2660
esp,2018,1.2485
esp,2019,1.2332
esp,2020,1.2259
esp,2021,1.2270
esp,2022,1.2413
esp,2023,1.2628
esp,2024,1.2733
est,1991,7.2244
est,1992,7.5251
est,1993,7.7253
est,1994,7.7672
est,1995,7.5901
est,1996,7.2012
est,1997,6.7012
est,1998,6.2095
est,1999,5.8119
est,2000,5.4985
est,2001,5.2743
est,2002,5.0979
est,2003,4.9308
est,2004,4.7579
est,2005,4.5656
est,2006,4.3615
est,2007,4.1366
est,2008,3.8918
est,2009,3.6273
est,2010,3.3733
est,2011,3.1514
est,2012,2.9650
est,2013,2.8148
est,2014,2.6989
est,2015,2.6045
est,2016,2.5242
est,2017,2.4538
est,2018,2.3903
est,2019,2.3361
est,2020,2.2968
est,2021,2.2662
est,2022,2.2479
est,2023,2.2351
est,2024,2.2101
eth,1991,32.329
eth,1992,30.554
eth,1993,31.095
eth,1994,31.262
eth,1995,31.160
eth,1996,30.734
eth,1997,30.078
eth,1998,29.364
eth,1999,28.438
eth,2000,29.052
eth,2001,26.181
eth,2002,25.015
eth,2003,23.837
eth,2004,22.771
eth,2005,21.674
eth,2006,20.529
eth,2007,19.473
eth,2008,18.253
eth,2009,17.006
eth,2010,15.773
eth,2011,14.506
eth,2012,13.354
eth,2013,12.178
eth,2014,11.070
eth,2015,10.044
eth,2016,9.1296
eth,2017,8.3233
eth,2018,7.6697
eth,2019,7.2434
eth,2020,6.9261
eth,2021,6.5776
eth,2022,6.3004
eth,2023,5.9951
eth,2024,5.7360
fin,1991,4.1907
fin,1992,4.0218
fin,1993,3.7906
fin,1994,3.5514
fin,1995,3.3435
fin,1996,3.1923
fin,1997,3.0983
fin,1998,3.0543
fin,1999,3.0455
fin,2000,3.0477
fin,2001,3.0303
fin,2002,2.9882
fin,2003,2.9250
fin,2004,2.8519
fin,2005,2.7858
fin,2006,2.7426
fin,2007,2.7127
fin,2008,2.6754
fin,2009,2.6135
fin,2010,2.5269
fin,2011,2.4063
fin,2012,2.2670
fin,2013,2.1250
fin,2014,1.9979
fin,2015,1.9103
fin,2016,1.8797
fin,2017,1.9001
fin,2018,1.9510
fin,2019,2.0120
fin,2020,2.0626
fin,2021,2.0869
fin,2022,2.0981
fin,2023,2.1206
fin,2024,2.1680
fji,1991,7.5291
fji,1992,7.7556
fji,1993,7.9394
fji,1994,8.1332
fji,1995,8.3193
fji,1996,8.4651
fji,1997,8.6048
fji,1998,8.7187
fji,1999,8.8078
fji,2000,8.8358
fji,2001,8.8207
fji,2002,8.7665
fji,2003,8.6513
fji,2004,8.4778
fji,2005,8.2812
fji,2006,8.0400
fji,2007,7.7746
fji,2008,7.4886
fji,2009,7.2116
fji,2010,6.9605
fji,2011,6.7349
fji,2012,6.5460
fji,2013,6.3945
fji,2014,6.2776
fji,2015,6.1818
fji,2016,6.1205
fji,2017,6.2562
fji,2018,6.0967
fji,2019,6.0980
fji,2020,6.0624
fji,2021,5.9663
fji,2022,5.8160
fji,2023,5.6369
fji,2024,5.4044
fra,1991,3.7184
fra,1992,3.6283
fra,1993,3.5258
fra,1994,3.4125
fra,1995,3.3006
fra,1996,3.2114
fra,1997,3.1454
fra,1998,3.0973
fra,1999,3.0547
fra,2000,2.9976
fra,2001,2.9055
fra,2002,2.7780
fra,2003,2.6240
fra,2004,2.4585
fra,2005,2.2977
fra,2006,2.1635
fra,2007,2.0586
fra,2008,1.9767
fra,2009,1.9118
fra,2010,1.8488
fra,2011,1.7803
fra,2012,1.7061
fra,2013,1.6324
fra,2014,1.5646
fra,2015,1.5084
fra,2016,1.4694
fra,2017,1.4423
fra,2018,1.4209
fra,2019,1.4024
fra,2020,1.3898
fra,2021,1.3873
fra,2022,1.3934
fra,2023,1.4029
fra,2024,1.4105
fsm,1991,8.4719
fsm,1992,8.3444
fsm,1993,8.2364
fsm,1994,8.1392
fsm,1995,8.0410
fsm,1996,7.9423
fsm,1997,7.8291
fsm,1998,7.7009
fsm,1999,7.5694
fsm,2000,7.4345
fsm,2001,7.3062
fsm,2002,7.1999
fsm,2003,8.3535
fsm,2004,7.0551
fsm,2005,7.0150
fsm,2006,6.9889
fsm,2007,6.9926
fsm,2008,6.9725
fsm,2009,6.9305
fsm,2010,6.8673
fsm,2011,6.7869
fsm,2012,6.6978
fsm,2013,6.5861
fsm,2014,6.4739
fsm,2015,6.3595
fsm,2016,6.2379
fsm,2017,6.1196
fsm,2018,6.0056
fsm,2019,5.8982
fsm,2020,5.7946
fsm,2021,5.6794
fsm,2022,5.5715
fsm,2023,5.4607
fsm,2024,5.3478
gab,1991,8.5373
gab,1992,9.3217
gab,1993,10.033
gab,1994,10.701
gab,1995,11.288
gab,1996,11.899
gab,1997,12.374
gab,1998,12.789
gab,1999,13.059
gab,2000,13.265
gab,2001,13.387
gab,2002,13.410
gab,2003,13.358
gab,2004,13.196
gab,2005,12.771
gab,2006,12.274
gab,2007,11.671
gab,2008,11.089
gab,2009,10.384
gab,2010,9.7859
gab,2011,9.1844
gab,2012,8.6267
gab,2013,8.0771
gab,2014,7.5723
gab,2015,7.1367
gab,2016,6.7803
gab,2017,6.4732
gab,2018,6.1875
gab,2019,5.9861
gab,2020,5.7823
gab,2021,5.6025
gab,2022,5.3907
gab,2023,5.1746
gab,2024,4.9745
gbr,1991,3.4503
gbr,1992,3.3507
gbr,1993,3.2397
gbr,1994,3.1441
gbr,1995,3.0721
gbr,1996,3.0196
gbr,1997,2.9808
gbr,1998,2.9439
gbr,1999,2.8952
gbr,2000,2.8377
gbr,2001,2.7779
gbr,2002,2.7218
gbr,2003,2.6611
gbr,2004,2.5912
gbr,2005,2.5163
gbr,2006,2.4461
gbr,2007,2.3791
gbr,2008,2.3015
gbr,2009,2.1982
gbr,2010,2.0761
gbr,2011,1.9465
gbr,2012,1.8245
gbr,2013,1.7296
gbr,2014,1.6739
gbr,2015,1.6498
gbr,2016,1.6391
gbr,2017,1.6298
gbr,2018,1.6180
gbr,2019,1.6006
gbr,2020,1.5829
gbr,2021,1.5680
gbr,2022,1.5570
gbr,2023,1.5395
gbr,2024,1.4898
geo,1991,4.1003
geo,1992,3.6287
geo,1993,3.8526
geo,1994,4.5457
geo,1995,3.5144
geo,1996,3.3883
geo,1997,2.9994
geo,1998,2.7603
geo,1999,2.8011
geo,2000,2.9808
geo,2001,3.1516
geo,2002,3.2341
geo,2003,3.2159
geo,2004,3.1154
geo,2005,2.9855
geo,2006,2.9109
geo,2007,2.9393
geo,2008,3.0997
geo,2009,3.8553
geo,2010,3.5983
geo,2011,3.5520
geo,2012,3.3730
geo,2013,3.3296
geo,2014,3.5298
geo,2015,3.8427
geo,2016,4.0513
geo,2017,4.0665
geo,2018,3.9114
geo,2019,3.6863
geo,2020,3.5056
geo,2021,3.4724
geo,2022,3.4987
geo,2023,3.3664
geo,2024,3.0176
gha,1991,13.423
gha,1992,13.550
gha,1993,13.645
gha,1994,13.636
gha,1995,13.569
gha,1996,13.462
gha,1997,13.326
gha,1998,13.158
gha,1999,12.980
gha,2000,12.895
gha,2001,12.829
gha,2002,12.794
gha,2003,12.747
gha,2004,12.683
gha,2005,12.550
gha,2006,12.419
gha,2007,12.242
gha,2008,12.052
gha,2009,11.801
gha,2010,11.542
gha,2011,11.248
gha,2012,10.953
gha,2013,10.583
gha,2014,10.249
gha,2015,9.8728
gha,2016,9.4810
gha,2017,9.0888
gha,2018,8.7539
gha,2019,8.4109
gha,2020,8.0919
gha,2021,7.7514
gha,2022,7.4219
gha,2023,7.0628
gha,2024,6.7769
gin,1991,22.536
gin,1992,22.604
gin,1993,22.718
gin,1994,22.621
gin,1995,22.697
gin,1996,22.696
gin,1997,22.747
gin,1998,22.777
gin,1999,22.804
gin,2000,22.817
gin,2001,22.739
gin,2002,22.590
gin,2003,22.227
gin,2004,21.862
gin,2005,21.292
gin,2006,20.743
gin,2007,20.240
gin,2008,19.819
gin,2009,19.337
gin,2010,18.898
gin,2011,18.353
gin,2012,17.871
gin,2013,17.354
gin,2014,16.686
gin,2015,16.031
gin,2016,15.394
gin,2017,14.703
gin,2018,13.858
gin,2019,13.220
gin,2020,12.598
gin,2021,12.077
gin,2022,11.540
gin,2023,11.009
gin,2024,10.594
gmb,1991,22.974
gmb,1992,22.445
gmb,1993,21.911
gmb,1994,21.381
gmb,1995,20.847
gmb,1996,20.313
gmb,1997,19.775
gmb,1998,19.241
gmb,1999,18.714
gmb,2000,18.197
gmb,2001,17.687
gmb,2002,17.186
gmb,2003,16.687
gmb,2004,16.191
gmb,2005,15.708
gmb,2006,15.233
gmb,2007,14.765
gmb,2008,14.318
gmb,2009,13.887
gmb,2010,13.474
gmb,2011,13.067
gmb,2012,12.688
gmb,2013,12.322
gmb,2014,11.959
gmb,2015,11.615
gmb,2016,11.281
gmb,2017,10.960
gmb,2018,10.657
gmb,2019,10.374
gmb,2020,10.099
gmb,2021,9.8433
gmb,2022,9.5961
gmb,2023,9.3604
gmb,2024,9.1380
gnb,1991,18.639
gnb,1992,18.516
gnb,1993,18.302
gnb,1994,18.072
gnb,1995,17.869
gnb,1996,17.730
gnb,1997,17.520
gnb,1998,19.586
gnb,1999,20.513
gnb,2000,19.480
gnb,2001,17.192
gnb,2002,17.242
gnb,2003,17.259
gnb,2004,17.270
gnb,2005,17.277
gnb,2006,17.095
gnb,2007,16.860
gnb,2008,16.546
gnb,2009,16.215
gnb,2010,15.720
gnb,2011,15.311
gnb,2012,14.809
gnb,2013,14.266
gnb,2014,13.737
gnb,2015,13.118
gnb,2016,12.614
gnb,2017,12.015
gnb,2018,11.539
gnb,2019,11.151
gnb,2020,10.741
gnb,2021,10.456
gnb,2022,10.184
gnb,2023,9.8996
gnb,2024,9.6633
gnq,1991,24.105
gnq,1992,23.970
gnq,1993,23.847
gnq,1994,23.722
gnq,1995,23.596
gnq,1996,23.438
gnq,1997,23.249
gnq,1998,23.024
gnq,1999,22.732
gnq,2000,22.385
gnq,2001,21.991
gnq,2002,21.569
gnq,2003,21.138
gnq,2004,20.692
gnq,2005,20.221
gnq,2006,19.759
gnq,2007,19.292
gnq,2008,18.820
gnq,2009,18.343
gnq,2010,17.892
gnq,2011,17.449
gnq,2012,17.023
gnq,2013,16.611
gnq,2014,16.220
gnq,2015,15.844
gnq,2016,15.464
gnq,2017,15.076
gnq,2018,14.735
gnq,2019,14.400
gnq,2020,14.103
gnq,2021,13.753
gnq,2022,13.423
gnq,2023,13.085
gnq,2024,12.736
grc,1991,3.5899
grc,1992,3.5371
grc,1993,3.4796
grc,1994,3.4206
grc,1995,3.3621
grc,1996,3.3091
grc,1997,3.2616
grc,1998,3.2224
grc,1999,3.1851
grc,2000,3.1444
grc,2001,3.0949
grc,2002,3.0391
grc,2003,2.9793
grc,2004,2.9181
grc,2005,2.8533
grc,2006,2.7856
grc,2007,2.7140
grc,2008,2.6307
grc,2009,2.5344
grc,2010,2.4247
grc,2011,2.3039
grc,2012,2.1759
grc,2013,2.0500
grc,2014,1.9298
grc,2015,1.8229
grc,2016,1.7308
grc,2017,1.6491
grc,2018,1.5747
grc,2019,1.5047
grc,2020,1.4364
grc,2021,1.3693
grc,2022,1.3035
grc,2023,1.2383
grc,2024,1.1657
grd,1991,3.4490
grd,1992,3.5298
grd,1993,3.6095
grd,1994,3.6441
grd,1995,3.6595
grd,1996,3.6652
grd,1997,3.6752
grd,1998,3.6971
grd,1999,3.7120
grd,2000,3.7249
grd,2001,3.7625
grd,2002,3.8103
grd,2003,3.8605
grd,2004,3.9139
grd,2005,3.9629
grd,2006,4.0039
grd,2007,4.0334
grd,2008,4.0488
grd,2009,4.0573
grd,2010,4.0513
grd,2011,4.0385
grd,2012,4.0265
grd,2013,4.0100
grd,2014,3.9998
grd,2015,3.9715
grd,2016,3.9394
grd,2017,3.8924
grd,2018,3.8493
grd,2019,3.7700
grd,2020,3.6926
grd,2021,3.5973
grd,2022,3.4773
grd,2023,3.3593
grd,2024,3.2321
gtm,1991,13.320
gtm,1992,13.218
gtm,1993,12.859
gtm,1994,12.335
gtm,1995,11.742
gtm,1996,11.172
gtm,1997,10.721
gtm,1998,10.413
gtm,1999,10.176
gtm,2000,9.9549
gtm,2001,9.7484
gtm,2002,9.6154
gtm,2003,9.5877
gtm,2004,9.6252
gtm,2005,9.7009
gtm,2006,10.159
gtm,2007,9.7238
gtm,2008,9.5810
gtm,2009,9.3543
gtm,2010,9.0965
gtm,2011,8.8354
gtm,2012,8.6253
gtm,2013,8.4960
gtm,2014,8.4365
gtm,2015,8.4686
gtm,2016,8.4951
gtm,2017,8.3825
gtm,2018,8.0844
gtm,2019,7.6783
gtm,2020,7.2746
gtm,2021,6.9342
gtm,2022,6.6926
gtm,2023,6.5310
gtm,2024,6.3752
guy,1991,7.5825
guy,1992,7.1927
guy,1993,6.7845
guy,1994,6.6010
guy,1995,6.7543
guy,1996,7.0999
guy,1997,7.4743
guy,1998,7.7341
guy,1999,7.7306
guy,2000,7.4737
guy,2001,7.2094
guy,2002,7.1449
guy,2003,7.2730
guy,2004,7.5325
guy,2005,7.8119
guy,2006,7.9471
guy,2007,7.8259
guy,2008,7.5904
guy,2009,7.5134
guy,2010,7.7133
guy,2011,8.0911
guy,2012,8.5184
guy,2013,8.8779
guy,2014,9.0352
guy,2015,8.9107
guy,2016,8.5314
guy,2017,7.9899
guy,2018,7.4300
guy,2019,7.0279
guy,2020,6.8251
guy,2021,6.7001
guy,2022,6.5345
guy,2023,6.2600
guy,2024,5.9651
hnd,1991,8.4549
hnd,1992,8.2837
hnd,1993,8.1162
hnd,1994,7.9456
hnd,1995,7.7683
hnd,1996,7.5870
hnd,1997,7.4325
hnd,1998,7.2899
hnd,1999,15.555
hnd,2000,7.0614
hnd,2001,6.9708
hnd,2002,6.8780
hnd,2003,6.7850
hnd,2004,6.6974
hnd,2005,6.5990
hnd,2006,6.5187
hnd,2007,6.4417
hnd,2008,6.3692
hnd,2009,6.3199
hnd,2010,6.2697
hnd,2011,6.2167
hnd,2012,6.1788
hnd,2013,6.0804
hnd,2014,6.0059
hnd,2015,5.8979
hnd,2016,5.7693
hnd,2017,5.6338
hnd,2018,5.4956
hnd,2019,5.3651
hnd,2020,5.2283
hnd,2021,5.0970
hnd,2022,4.9868
hnd,2023,4.8711
hnd,2024,4.7804
hrv,1991,4.7257
hrv,1992,7.0092
hrv,1993,5.3887
hrv,1994,5.2711
hrv,1995,5.2269
hrv,1996,5.0426
hrv,1997,4.0662
hrv,1998,3.7405
hrv,1999,3.5212
hrv,2000,3.3727
hrv,2001,3.2693
hrv,2002,3.1910
hrv,2003,3.1142
hrv,2004,3.4838
hrv,2005,2.9500
hrv,2006,2.8744
hrv,2007,2.7958
hrv,2008,2.6974
hrv,2009,2.5782
hrv,2010,2.4409
hrv,2011,2.2985
hrv,2012,2.1657
hrv,2013,2.0591
hrv,2014,1.9834
hrv,2015,1.9390
hrv,2016,1.9284
hrv,2017,1.9472
hrv,2018,1.9846
hrv,2019,2.0394
hrv,2020,2.0917
hrv,2021,2.1206
hrv,2022,2.1207
hrv,2023,2.4567
hrv,2024,2.0413
hti,1991,20.365
hti,1992,20.046
hti,1993,19.651
hti,1994,19.164
hti,1995,18.715
hti,1996,18.179
hti,1997,17.644
hti,1998,17.093
hti,1999,16.507
hti,2000,15.891
hti,2001,15.251
hti,2002,14.607
hti,2003,13.966
hti,2004,13.325
hti,2005,13.289
hti,2006,12.165
hti,2007,11.676
hti,2008,11.188
hti,2009,10.779
hti,2010,10.341
hti,2011,55.710
hti,2012,9.6947
hti,2013,8.9634
hti,2014,8.4668
hti,2015,8.0164
hti,2016,7.5688
hti,2017,7.1765
hti,2018,6.8130
hti,2019,6.4999
hti,2020,6.2138
hti,2021,5.9705
hti,2022,6.0264
hti,2023,5.5258
hti,2024,5.7030
hun,1991,4.5616
hun,1992,4.4721
hun,1993,4.3007
hun,1994,4.0632
hun,1995,3.8122
hun,1996,3.5887
hun,1997,3.4108
hun,1998,3.2806
hun,1999,3.1907
hun,2000,3.1180
hun,2001,3.0482
hun,2002,2.9763
hun,2003,2.9097
hun,2004,2.8493
hun,2005,2.7947
hun,2006,2.7434
hun,2007,2.6869
hun,2008,2.6155
hun,2009,2.5280
hun,2010,2.4270
hun,2011,2.3198
hun,2012,2.2144
hun,2013,2.1217
hun,2014,2.0454
hun,2015,1.9827
hun,2016,1.9338
hun,2017,1.8972
hun,2018,1.8696
hun,2019,1.8486
hun,2020,1.8259
hun,2021,1.7975
hun,2022,1.7565
hun,2023,1.6941
hun,2024,1.6132
idn,1991,8.7885
idn,1992,8.6025
idn,1993,8.4604
idn,1994,8.3110
idn,1995,8.1703
idn,1996,8.0606
idn,1997,7.9641
idn,1998,7.8989
idn,1999,7.8532
idn,2000,7.8114
idn,2001,7.7539
idn,2002,7.6844
idn,2003,7.6060
idn,2004,7.5044
idn,2005,11.392
idn,2006,7.2811
idn,2007,7.1250
idn,2008,6.9930
idn,2009,6.8342
idn,2010,6.6861
idn,2011,6.5344
idn,2012,6.3458
idn,2013,6.1336
idn,2014,5.9186
idn,2015,5.6637
idn,2016,5.4014
idn,2017,5.1559
idn,2018,4.9283
idn,2019,4.6983
idn,2020,4.5083
idn,2021,4.3491
idn,2022,4.1463
idn,2023,4.0229
idn,2024,3.8359
ind,1991,15.796
ind,1992,15.548
ind,1993,15.299
ind,1994,15.068
ind,1995,14.826
ind,1996,14.607
ind,1997,14.369
ind,1998,14.152
ind,1999,13.945
ind,2000,13.681
ind,2001,13.421
ind,2002,13.130
ind,2003,12.803
ind,2004,12.448
ind,2005,12.090
ind,2006,11.719
ind,2007,11.326
ind,2008,10.920
ind,2009,10.504
ind,2010,10.064
ind,2011,9.6217
ind,2012,9.1550
ind,2013,8.7072
ind,2014,8.2531
ind,2015,7.8082
ind,2016,7.3883
ind,2017,6.9750
ind,2018,6.5761
ind,2019,6.1845
ind,2020,5.8036
ind,2021,5.4323
ind,2022,5.0974
ind,2023,4.8161
ind,2024,4.5396
irl,1991,3.3404
irl,1992,3.2707
irl,1993,3.2136
irl,1994,3.1832
irl,1995,3.2105
irl,1996,3.2831
irl,1997,3.3757
irl,1998,3.4616
irl,1999,3.5118
irl,2000,3.4967
irl,2001,3.4241
irl,2002,3.3177
irl,2003,3.2074
irl,2004,3.1047
irl,2005,3.0282
irl,2006,2.9615
irl,2007,2.8753
irl,2008,2.7575
irl,2009,2.6149
irl,2010,2.4535
irl,2011,2.2831
irl,2012,2.1094
irl,2013,1.9423
irl,2014,1.7861
irl,2015,1.6468
irl,2016,1.5291
irl,2017,1.4371
irl,2018,1.3704
irl,2019,1.3248
irl,2020,1.3054
irl,2021,1.3028
irl,2022,1.3096
irl,2023,1.3155
irl,2024,1.3148
irn,1991,12.161
irn,1992,7.7141
irn,1993,7.2770
irn,1994,6.9081
irn,1995,6.6076
irn,1996,6.3633
irn,1997,6.2184
irn,1998,6.1126
irn,1999,6.0704
irn,2000,6.1030
irn,2001,6.1821
irn,2002,6.3083
irn,2003,6.5033
irn,2004,9.4839
irn,2005,6.9862
irn,2006,7.2712
irn,2007,7.5994
irn,2008,7.9529
irn,2009,8.2054
irn,2010,8.2514
irn,2011,8.0757
irn,2012,7.7153
irn,2013,7.2524
irn,2014,6.8236
irn,2015,6.5473
irn,2016,6.4361
irn,2017,6.4612
irn,2018,6.5653
irn,2019,6.6413
irn,2020,6.5625
irn,2021,6.3205
irn,2022,6.0170
irn,2023,5.7145
irn,2024,5.4104
irq,1991,15.534
irq,1992,10.917
irq,1993,6.0948
irq,1994,6.1407
irq,1995,6.1467
irq,1996,6.1512
irq,1997,6.1426
irq,1998,6.1398
irq,1999,6.1363
irq,2000,6.1168
irq,2001,6.1165
irq,2002,6.1163
irq,2003,6.1069
irq,2004,7.8199
irq,2005,8.5453
irq,2006,8.5994
irq,2007,10.148
irq,2008,9.8865
irq,2009,7.4400
irq,2010,5.6990
irq,2011,5.5875
irq,2012,5.4321
irq,2013,5.2692
irq,2014,5.4192
irq,2015,4.9591
irq,2016,4.8200
irq,2017,6.9502
irq,2018,5.9552
irq,2019,4.5089
irq,2020,4.6595
irq,2021,4.3374
irq,2022,4.2521
irq,2023,4.1722
irq,2024,4.0975
isl,1991,3.7907
isl,1992,3.6543
isl,1993,3.5157
isl,1994,3.3828
isl,1995,3.2598
isl,1996,3.1622
isl,1997,3.0637
isl,1998,2.9737
isl,1999,2.8866
isl,2000,2.7923
isl,2001,2.6969
isl,2002,2.5896
isl,2003,2.4786
isl,2004,2.3731
isl,2005,2.2726
isl,2006,2.1798
isl,2007,2.0891
isl,2008,2.0041
isl,2009,1.9160
isl,2010,1.8449
isl,2011,1.7761
isl,2012,1.7243
isl,2013,1.6803
isl,2014,1.6386
isl,2015,1.5979
isl,2016,1.5558
isl,2017,1.5109
isl,2018,1.4573
isl,2019,1.3939
isl,2020,1.3210
isl,2021,1.2426
isl,2022,1.1621
isl,2023,1.0885
isl,2024,1.0218
isr,1991,3.0356
isr,1992,2.9593
isr,1993,2.9074
isr,1994,2.8951
isr,1995,2.9079
isr,1996,2.9312
isr,1997,2.9190
isr,1998,2.8161
isr,1999,2.6473
isr,2000,2.5537
isr,2001,2.6560
isr,2002,2.8624
isr,2003,2.9289
isr,2004,2.7302
isr,2005,2.4625
isr,2006,2.2810
isr,2007,2.1850
isr,2008,2.1108
isr,2009,2.0237
isr,2010,1.9201
isr,2011,1.8065
isr,2012,1.7084
isr,2013,1.6574
isr,2014,1.6619
isr,2015,1.6850
isr,2016,1.6837
isr,2017,1.6516
isr,2018,1.6027
isr,2019,1.5541
isr,2020,1.5160
isr,2021,1.4970
isr,2022,1.4986
isr,2023,1.5138
isr,2024,1.5391
ita,1991,3.6396
ita,1992,3.6853
ita,1993,3.6652
ita,1994,3.5765
ita,1995,3.4530
ita,1996,3.3367
ita,1997,3.2295
ita,1998,3.1160
ita,1999,2.9999
ita,2000,2.8873
ita,2001,2.7962
ita,2002,2.7109
ita,2003,2.6218
ita,2004,2.5279
ita,2005,2.4325
ita,2006,2.3477
ita,2007,2.2661
ita,2008,2.1817
ita,2009,2.0918
ita,2010,1.9944
ita,2011,1.8954
ita,2012,1.7976
ita,2013,1.7041
ita,2014,1.6248
ita,2015,1.5620
ita,2016,1.5246
ita,2017,1.4915
ita,2018,1.4470
ita,2019,1.3869
ita,2020,1.3273
ita,2021,1.2987
ita,2022,1.3026
ita,2023,1.3252
ita,2024,1.3443
jam,1991,5.9528
jam,1992,5.8680
jam,1993,5.7854
jam,1994,5.6947
jam,1995,5.6056
jam,1996,5.5143
jam,1997,5.4163
jam,1998,5.3151
jam,1999,5.2148
jam,2000,5.1203
jam,2001,5.0382
jam,2002,4.9682
jam,2003,4.9160
jam,2004,4.8798
jam,2005,4.8605
jam,2006,4.8497
jam,2007,4.8466
jam,2008,4.8486
jam,2009,4.8478
jam,2010,4.8425
jam,2011,4.8384
jam,2012,4.8320
jam,2013,4.8192
jam,2014,4.8064
jam,2015,4.7920
jam,2016,4.7792
jam,2017,4.7741
jam,2018,4.7773
jam,2019,4.7884
jam,2020,4.8046
jam,2021,4.8235
jam,2022,4.8450
jam,2023,5.1226
jam,2024,5.1453
jor,1991,5.3475
jor,1992,5.3082
jor,1993,5.2651
jor,1994,5.2014
jor,1995,5.1469
jor,1996,5.0863
jor,1997,5.0376
jor,1998,4.9893
jor,1999,4.9237
jor,2000,4.8663
jor,2001,4.8122
jor,2002,4.7553
jor,2003,4.6870
jor,2004,4.6161
jor,2005,4.5353
jor,2006,4.4470
jor,2007,4.3618
jor,2008,4.2817
jor,2009,4.2140
jor,2010,4.1552
jor,2011,4.0997
jor,2012,4.0478
jor,2013,3.9908
jor,2014,3.9153
jor,2015,3.8077
jor,2016,3.6671
jor,2017,3.5052
jor,2018,3.3345
jor,2019,3.1708
jor,2020,3.0242
jor,2021,2.8965
jor,2022,2.7964
jor,2023,2.7180
jor,2024,2.6501
jpn,1991,2.8371
jpn,1992,2.7826
jpn,1993,2.7238
jpn,1994,2.6612
jpn,1995,2.5963
jpn,1996,2.6611
jpn,1997,2.4726
jpn,1998,2.4124
jpn,1999,2.3511
jpn,2000,2.2830
jpn,2001,2.2053
jpn,2002,2.1222
jpn,2003,2.0430
jpn,2004,1.9746
jpn,2005,1.9131
jpn,2006,1.8591
jpn,2007,1.8087
jpn,2008,1.7606
jpn,2009,1.7140
jpn,2010,1.6671
jpn,2011,1.6203
jpn,2012,2.3600
jpn,2013,1.5258
jpn,2014,1.4800
jpn,2015,1.4375
jpn,2016,1.4032
jpn,2017,1.3795
jpn,2018,1.3710
jpn,2019,1.3802
jpn,2020,1.4047
jpn,2021,1.4415
jpn,2022,1.4858
jpn,2023,1.5304
jpn,2024,1.5673
kaz,1991,7.8741
kaz,1992,8.1242
kaz,1993,8.3755
kaz,1994,8.6132
kaz,1995,8.7918
kaz,1996,8.8759
kaz,1997,8.8448
kaz,1998,8.7178
kaz,1999,8.5124
kaz,2000,8.2509
kaz,2001,7.9867
kaz,2002,7.7636
kaz,2003,7.6209
kaz,2004,7.5817
kaz,2005,7.6014
kaz,2006,7.6626
kaz,2007,7.6576
kaz,2008,7.4707
kaz,2009,7.0895
kaz,2010,6.6312
kaz,2011,6.2098
kaz,2012,5.8437
kaz,2013,5.5198
kaz,2014,5.2304
kaz,2015,4.9691
kaz,2016,4.7433
kaz,2017,4.5585
kaz,2018,4.4226
kaz,2019,4.3335
kaz,2020,4.2731
kaz,2021,4.2272
kaz,2022,4.1846
kaz,2023,4.1255
kaz,2024,4.0358
ken,1991,10.354
ken,1992,10.918
ken,1993,11.346
ken,1994,11.752
ken,1995,12.117
ken,1996,12.388
ken,1997,12.593
ken,1998,12.751
ken,1999,12.769
ken,2000,12.776
ken,2001,12.777
ken,2002,12.605
ken,2003,12.403
ken,2004,12.177
ken,2005,11.861
ken,2006,11.526
ken,2007,11.117
ken,2008,10.735
ken,2009,10.392
ken,2010,10.022
ken,2011,9.6326
ken,2012,9.1919
ken,2013,8.7490
ken,2014,8.2699
ken,2015,7.7871
ken,2016,7.3374
ken,2017,6.8931
ken,2018,6.4835
ken,2019,6.0917
ken,2020,5.7386
ken,2021,5.3529
ken,2022,4.9706
ken,2023,4.6532
ken,2024,4.4043
kgz,1991,6.4678
kgz,1992,6.5231
kgz,1993,6.5611
kgz,1994,6.6071
kgz,1995,6.6364
kgz,1996,6.6225
kgz,1997,6.5567
kgz,1998,6.4229
kgz,1999,6.2283
kgz,2000,5.9992
kgz,2001,5.7651
kgz,2002,5.5300
kgz,2003,5.3045
kgz,2004,5.0970
kgz,2005,4.9315
kgz,2006,4.8219
kgz,2007,4.7607
kgz,2008,4.7281
kgz,2009,4.7104
kgz,2010,4.6856
kgz,2011,4.6529
kgz,2012,4.6115
kgz,2013,4.5743
kgz,2014,4.5468
kgz,2015,4.5194
kgz,2016,4.4864
kgz,2017,4.4443
kgz,2018,4.4053
kgz,2019,4.3725
kgz,2020,4.3468
kgz,2021,4.3324
kgz,2022,4.3103
kgz,2023,4.2632
kgz,2024,4.1768
khm,1991,17.044
khm,1992,16.868
khm,1993,16.617
khm,1994,16.164
khm,1995,15.505
khm,1996,14.797
khm,1997,13.887
khm,1998,13.024
khm,1999,12.102
khm,2000,11.132
khm,2001,10.218
khm,2002,9.3605
khm,2003,8.5949
khm,2004,7.9002
khm,2005,7.2914
khm,2006,6.7982
khm,2007,6.3983
khm,2008,6.0476
khm,2009,5.7383
khm,2010,5.4583
khm,2011,5.2074
khm,2012,4.9873
khm,2013,4.7856
khm,2014,4.6642
khm,2015,4.5641
khm,2016,4.5013
khm,2017,4.4554
khm,2018,4.4366
khm,2019,4.4140
khm,2020,4.3843
khm,2021,4.3425
khm,2022,4.2562
khm,2023,4.1633
khm,2024,4.0393
kir,1991,12.334
kir,1992,12.044
kir,1993,11.763
kir,1994,11.502
kir,1995,11.278
kir,1996,11.076
kir,1997,10.890
kir,1998,10.711
kir,1999,10.532
kir,2000,10.353
kir,2001,10.177
kir,2002,10.010
kir,2003,9.8694
kir,2004,9.7650
kir,2005,9.6959
kir,2006,9.6451
kir,2007,9.6020
kir,2008,9.5611
kir,2009,9.5075
kir,2010,9.4525
kir,2011,9.4000
kir,2012,9.3728
kir,2013,9.3614
kir,2014,9.3778
kir,2015,9.4210
kir,2016,9.4708
kir,2017,9.5281
kir,2018,9.5614
kir,2019,9.5584
kir,2020,9.5075
kir,2021,9.4374
kir,2022,9.3419
kir,2023,9.2292
kir,2024,9.0986
kna,1991,4.1842
kna,1992,4.4521
kna,1993,4.7562
kna,1994,5.0996
kna,1995,5.4475
kna,1996,5.7958
kna,1997,6.1170
kna,1998,6.3644
kna,1999,6.5230
kna,2000,6.6138
kna,2001,6.6245
kna,2002,6.6173
kna,2003,6.5923
kna,2004,6.5849
kna,2005,6.6183
kna,2006,6.6735
kna,2007,6.7583
kna,2008,6.8661
kna,2009,6.9995
kna,2010,7.1276
kna,2011,7.2394
kna,2012,7.2804
kna,2013,7.2719
kna,2014,7.2045
kna,2015,7.0545
kna,2016,6.8437
kna,2017,6.6337
kna,2018,6.3956
kna,2019,6.1477
kna,2020,5.8966
kna,2021,5.6202
kna,2022,5.3707
kna,2023,5.1637
kna,2024,4.9357
kor,1991,5.5826
kor,1992,5.5266
kor,1993,5.4403
kor,1994,5.3721
kor,1995,5.3623
kor,1996,5.3303
kor,1997,5.1449
kor,1998,4.7614
kor,1999,4.2731
kor,2000,3.7828
kor,2001,3.3519
kor,2002,3.0124
kor,2003,2.7654
kor,2004,2.5738
kor,2005,2.4175
kor,2006,2.2950
kor,2007,2.2210
kor,2008,2.1894
kor,2009,2.1621
kor,2010,2.1072
kor,2011,2.0182
kor,2012,1.9072
kor,2013,1.7902
kor,2014,1.6806
kor,2015,1.5925
kor,2016,1.5275
kor,2017,1.4869
kor,2018,1.4699
kor,2019,1.4712
kor,2020,1.4854
kor,2021,1.5053
kor,2022,1.5218
kor,2023,1.5278
kor,2024,1.5157
kwt,1991,6.8720
kwt,1992,6.7978
kwt,1993,4.5554
kwt,1994,4.6193
kwt,1995,4.5775
kwt,1996,4.4673
kwt,1997,4.3487
kwt,1998,4.2282
kwt,1999,4.1219
kwt,2000,4.0183
kwt,2001,3.9374
kwt,2002,3.8612
kwt,2003,3.8017
kwt,2004,3.7574
kwt,2005,3.7112
kwt,2006,3.6717
kwt,2007,3.6263
kwt,2008,3.5670
kwt,2009,3.4967
kwt,2010,3.4260
kwt,2011,3.3538
kwt,2012,3.2854
kwt,2013,3.2176
kwt,2014,3.1681
kwt,2015,3.1385
kwt,2016,3.1279
kwt,2017,3.0997
kwt,2018,3.0513
kwt,2019,2.9757
kwt,2020,2.8685
kwt,2021,2.7496
kwt,2022,2.6123
kwt,2023,2.4581
kwt,2024,2.2813
lao,1991,10.508
lao,1992,11.457
lao,1993,12.520
lao,1994,13.464
lao,1995,14.246
lao,1996,14.973
lao,1997,15.644
lao,1998,15.974
lao,1999,16.324
lao,2000,16.564
lao,2001,16.683
lao,2002,16.697
lao,2003,16.585
lao,2004,16.288
lao,2005,15.823
lao,2006,15.273
lao,2007,14.574
lao,2008,13.860
lao,2009,13.076
lao,2010,12.260
lao,2011,11.407
lao,2012,10.608
lao,2013,9.7377
lao,2014,8.8338
lao,2015,7.9980
lao,2016,7.2587
lao,2017,6.6345
lao,2018,6.1539
lao,2019,5.7793
lao,2020,5.4571
lao,2021,5.1685
lao,2022,4.9725
lao,2023,4.7794
lao,2024,4.5920
lbn,1991,11.931
lbn,1992,5.8281
lbn,1993,5.6490
lbn,1994,5.4854
lbn,1995,5.3261
lbn,1996,5.1781
lbn,1997,5.0310
lbn,1998,4.8888
lbn,1999,4.7490
lbn,2000,4.6068
lbn,2001,4.4645
lbn,2002,4.3201
lbn,2003,4.1751
lbn,2004,4.0358
lbn,2005,3.9012
lbn,2006,3.7800
lbn,2007,4.3711
lbn,2008,3.5781
lbn,2009,3.5001
lbn,2010,3.4400
lbn,2011,3.3958
lbn,2012,3.3682
lbn,2013,3.3536
lbn,2014,3.3568
lbn,2015,3.3749
lbn,2016,3.4069
lbn,2017,3.4565
lbn,2018,3.5231
lbn,2019,3.6080
lbn,2020,3.7089
lbn,2021,3.8257
lbn,2022,3.9572
lbn,2023,4.0990
lbn,2024,4.2436
lbr,1991,30.257
lbr,1992,17.358
lbr,1993,19.284
lbr,1994,21.405
lbr,1995,23.568
lbr,1996,21.374
lbr,1997,22.505
lbr,1998,18.781
lbr,1999,19.005
lbr,2000,19.112
lbr,2001,19.291
lbr,2002,19.388
lbr,2003,19.395
lbr,2004,22.524
lbr,2005,18.960
lbr,2006,18.625
lbr,2007,18.139
lbr,2008,17.628
lbr,2009,17.034
lbr,2010,16.576
lbr,2011,16.178
lbr,2012,15.813
lbr,2013,15.461
lbr,2014,15.200
lbr,2015,15.466
lbr,2016,16.553
lbr,2017,14.325
lbr,2018,13.930
lbr,2019,13.449
lbr,2020,12.962
lbr,2021,12.446
lbr,2022,11.933
lbr,2023,11.438
lbr,2024,11.001
lby,1991,4.7986
lby,1992,4.7412
lby,1993,4.6793
lby,1994,4.6045
lby,1995,4.5137
lby,1996,4.4377
lby,1997,4.3543
lby,1998,4.2803
lby,1999,4.2070
lby,2000,4.1396
lby,2001,4.0857
lby,2002,4.0292
lby,2003,3.9692
lby,2004,3.8731
lby,2005,3.7650
lby,2006,3.6518
lby,2007,3.5278
lby,2008,3.4150
lby,2009,3.2959
lby,2010,3.2004
lby,2011,3.1230
lby,2012,5.1958
lby,2013,3.2616
lby,2014,3.1205
lby,2015,4.3697
lby,2016,4.1520
lby,2017,4.2025
lby,2018,3.4297
lby,2019,3.2140
lby,2020,3.5643
lby,2021,3.2210
lby,2022,2.5832
lby,2023,2.5474
lby,2024,6.3399
lca,1991,4.8690
lca,1992,4.8877
lca,1993,4.9015
lca,1994,4.9017
lca,1995,4.8830
lca,1996,4.8653
lca,1997,4.8345
lca,1998,4.8063
lca,1999,4.7811
lca,2000,4.7477
lca,2001,4.7060
lca,2002,4.6584
lca,2003,4.5954
lca,2004,4.5186
lca,2005,4.4263
lca,2006,4.3397
lca,2007,4.2643
lca,2008,4.1868
lca,2009,4.1259
lca,2010,4.0613
lca,2011,3.9986
lca,2012,3.9439
lca,2013,3.8937
lca,2014,3.8659
lca,2015,3.8464
lca,2016,3.8596
lca,2017,3.8774
lca,2018,3.9078
lca,2019,3.9372
lca,2020,3.9449
lca,2021,3.9420
lca,2022,3.9226
lca,2023,3.8596
lca,2024,3.7538
lka,1991,11.170
lka,1992,11.139
lka,1993,10.195
lka,1994,8.9224
lka,1995,8.5705
lka,1996,9.2231
lka,1997,8.8645
lka,1998,8.8148
lka,1999,8.7213
lka,2000,8.4805
lka,2001,8.3009
lka,2002,7.2421
lka,2003,6.7672
lka,2004,6.2572
lka,2005,17.303
lka,2006,5.5376
lka,2007,6.2255
lka,2008,6.5473
lka,2009,8.0054
lka,2010,11.581
lka,2011,6.6648
lka,2012,6.1452
lka,2013,5.2971
lka,2014,4.4516
lka,2015,3.7605
lka,2016,3.2337
lka,2017,2.8580
lka,2018,2.5845
lka,2019,2.3794
lka,2020,2.2095
lka,2021,2.0722
lka,2022,1.9409
lka,2023,1.8294
lka,2024,1.7301
lso,1991,13.763
lso,1992,14.185
lso,1993,14.580
lso,1994,15.013
lso,1995,15.426
lso,1996,15.876
lso,1997,16.214
lso,1998,16.560
lso,1999,16.762
lso,2000,16.942
lso,2001,16.943
lso,2002,16.826
lso,2003,16.584
lso,2004,16.289
lso,2005,15.943
lso,2006,15.546
lso,2007,15.141
lso,2008,14.761
lso,2009,14.413
lso,2010,13.943
lso,2011,13.471
lso,2012,12.944
lso,2013,12.334
lso,2014,11.675
lso,2015,10.996
lso,2016,10.253
lso,2017,9.4592
lso,2018,8.6521
lso,2019,7.8707
lso,2020,7.0945
lso,2021,6.3879
lso,2022,5.7152
lso,2023,5.1737
lso,2024,4.7517
ltu,1991,6.6524
ltu,1992,6.8118
ltu,1993,6.8926
ltu,1994,6.8561
ltu,1995,6.7135
ltu,1996,6.4812
ltu,1997,6.2097
ltu,1998,5.9704
ltu,1999,5.8011
ltu,2000,5.6826
ltu,2001,5.6128
ltu,2002,5.5603
ltu,2003,5.5005
ltu,2004,5.4177
ltu,2005,5.3295
ltu,2006,5.2509
ltu,2007,5.1605
ltu,2008,5.0295
ltu,2009,4.8436
ltu,2010,4.6223
ltu,2011,4.3903
ltu,2012,4.1669
ltu,2013,3.9565
ltu,2014,3.7639
ltu,2015,3.5658
ltu,2016,3.3668
ltu,2017,3.1737
ltu,2018,3.0016
ltu,2019,2.8544
ltu,2020,2.7199
ltu,2021,2.5810
ltu,2022,2.4341
ltu,2023,2.2713
ltu,2024,2.1044
lux,1991,4.4501
lux,1992,4.2852
lux,1993,4.0796
lux,1994,3.8310
lux,1995,3.5498
lux,1996,3.2512
lux,1997,2.9505
lux,1998,2.6632
lux,1999,2.4046
lux,2000,2.1848
lux,2001,2.0034
lux,2002,1.8523
lux,2003,1.7306
lux,2004,1.6280
lux,2005,1.5414
lux,2006,1.4740
lux,2007,1.4142
lux,2008,1.3585
lux,2009,1.3087
lux,2010,1.2634
lux,2011,1.2201
lux,2012,1.1768
lux,2013,1.1395
lux,2014,1.1003
lux,2015,1.0700
lux,2016,1.0462
lux,2017,1.0270
lux,2018,1.0167
lux,2019,1.0094
lux,2020,1.0050
lux,2021,0.99848
lux,2022,0.98608
lux,2023,0.96861
lux,2024,0.95097
lva,1991,7.9159
lva,1992,8.1221
lva,1993,8.2349
lva,1994,8.1939
lva,1995,7.9894
lva,1996,7.6516
lva,1997,7.2286
lva,1998,6.8063
lva,1999,6.4265
lva,2000,6.0744
lva,2001,5.7629
lva,2002,5.4854
lva,2003,5.2212
lva,2004,4.9831
lva,2005,4.7633
lva,2006,4.5559
lva,2007,4.3553
lva,2008,4.1563
lva,2009,3.9598
lva,2010,3.7644
lva,2011,3.5723
lva,2012,3.3961
lva,2013,3.2496
lva,2014,3.1391
lva,2015,3.0580
lva,2016,2.9953
lva,2017,2.9416
lva,2018,2.8789
lva,2019,2.8013
lva,2020,2.7022
lva,2021,2.5735
lva,2022,2.4220
lva,2023,2.2640
lva,2024,2.1056
mar,1991,6.9051
mar,1992,6.6371
mar,1993,6.3845
mar,1994,6.1278
mar,1995,5.8551
mar,1996,5.5994
mar,1997,5.3392
mar,1998,5.0695
mar,1999,4.8254
mar,2000,4.5753
mar,2001,4.3220
mar,2002,4.0986
mar,2003,3.8979
mar,2004,3.7091
mar,2005,3.5560
mar,2006,3.4012
mar,2007,3.2562
mar,2008,3.1254
mar,2009,2.9897
mar,2010,2.8745
mar,2011,2.7561
mar,2012,2.6141
mar,2013,2.4858
mar,2014,2.3767
mar,2015,2.2741
mar,2016,2.1770
mar,2017,2.0934
mar,2018,2.0103
mar,2019,1.9323
mar,2020,1.8513
mar,2021,1.7854
mar,2022,1.7043
mar,2023,1.6358
mar,2024,1.8239
mco,1991,2.7163
mco,1992,2.6331
mco,1993,2.5527
mco,1994,2.4748
mco,1995,2.4018
mco,1996,2.3308
mco,1997,2.2646
mco,1998,2.2022
mco,1999,2.1427
mco,2000,2.0883
mco,2001,2.0388
mco,2002,1.9924
mco,2003,1.9507
mco,2004,1.9135
mco,2005,1.8788
mco,2006,1.8465
mco,2007,1.8153
mco,2008,1.7863
mco,2009,1.7572
mco,2010,1.7293
mco,2011,1.7024
mco,2012,1.6755
mco,2013,1.6477
mco,2014,1.6196
mco,2015,1.5913
mco,2016,1.5604
mco,2017,1.5288
mco,2018,1.4968
mco,2019,1.4642
mco,2020,1.4325
mco,2021,1.3994
mco,2022,1.3689
mco,2023,1.3378
mco,2024,1.3070
mda,1991,6.6734
mda,1992,6.6824
mda,1993,7.1991
mda,1994,6.6230
mda,1995,6.5379
mda,1996,6.3953
mda,1997,6.2000
mda,1998,5.9900
mda,1999,5.7805
mda,2000,5.5627
mda,2001,5.3393
mda,2002,5.1184
mda,2003,4.9131
mda,2004,4.7361
mda,2005,4.5911
mda,2006,4.4834
mda,2007,4.4003
mda,2008,4.3266
mda,2009,4.2565
mda,2010,4.1848
mda,2011,4.1155
mda,2012,4.0552
mda,2013,4.0142
mda,2014,4.0007
mda,2015,4.0081
mda,2016,4.0298
mda,2017,4.0593
mda,2018,4.0844
mda,2019,4.1040
mda,2020,4.1131
mda,2021,4.1007
mda,2022,4.0634
mda,2023,4.0034
mda,2024,3.9169
mdg,1991,20.310
mdg,1992,20.032
mdg,1993,19.723
mdg,1994,19.268
mdg,1995,18.759
mdg,1996,18.249
mdg,1997,17.901
mdg,1998,17.578
mdg,1999,17.210
mdg,2000,16.863
mdg,2001,16.517
mdg,2002,16.184
mdg,2003,15.912
mdg,2004,15.640
mdg,2005,15.346
mdg,2006,15.039
mdg,2007,14.755
mdg,2008,14.420
mdg,2009,14.033
mdg,2010,13.622
mdg,2011,13.058
mdg,2012,12.618
mdg,2013,12.193
mdg,2014,11.767
mdg,2015,11.448
mdg,2016,11.214
mdg,2017,10.843
mdg,2018,10.353
mdg,2019,9.7925
mdg,2020,9.1647
mdg,2021,8.4178
mdg,2022,7.8327
mdg,2023,7.3281
mdg,2024,6.9190
mdv,1991,7.6203
mdv,1992,7.1422
mdv,1993,6.6888
mdv,1994,6.2852
mdv,1995,5.9079
mdv,1996,5.5835
mdv,1997,5.2834
mdv,1998,5.0070
mdv,1999,4.7577
mdv,2000,4.5288
mdv,2001,4.3219
mdv,2002,4.1341
mdv,2003,3.9918
mdv,2004,3.8886
mdv,2005,5.9184
mdv,2006,3.8099
mdv,2007,3.8306
mdv,2008,3.8681
mdv,2009,3.9174
mdv,2010,3.9749
mdv,2011,4.0088
mdv,2012,4.0268
mdv,2013,4.0193
mdv,2014,3.9775
mdv,2015,3.9033
mdv,2016,3.7882
mdv,2017,3.6334
mdv,2018,3.4541
mdv,2019,3.2624
mdv,2020,3.0617
mdv,2021,2.8582
mdv,2022,2.6490
mdv,2023,2.4665
mdv,2024,2.3206
mex,1991,7.0055
mex,1992,6.7621
mex,1993,6.5169
mex,1994,6.2954
mex,1995,6.1192
mex,1996,6.0175
mex,1997,5.9472
mex,1998,5.8399
mex,1999,5.6770
mex,2000,5.4977
mex,2001,5.3472
mex,2002,5.2359
mex,2003,5.1514
mex,2004,5.0952
mex,2005,5.0582
mex,2006,5.0504
mex,2007,5.0991
mex,2008,5.2449
mex,2009,5.5002
mex,2010,5.7616
mex,2011,5.9069
mex,2012,5.8785
mex,2013,5.6798
mex,2014,5.3797
mex,2015,5.1270
mex,2016,5.0459
mex,2017,5.1107
mex,2018,5.2426
mex,2019,5.3751
mex,2020,5.5784
mex,2021,5.6928
mex,2022,5.7360
mex,2023,5.6475
mex,2024,5.4105
mhl,1991,8.3129
mhl,1992,8.1288
mhl,1993,7.9572
mhl,1994,7.8119
mhl,1995,7.7116
mhl,1996,7.6563
mhl,1997,7.6400
mhl,1998,7.6546
mhl,1999,7.6977
mhl,2000,7.7371
mhl,2001,7.7594
mhl,2002,7.7636
mhl,2003,7.7499
mhl,2004,7.7222
mhl,2005,7.6853
mhl,2006,7.6433
mhl,2007,7.5971
mhl,2008,7.5513
mhl,2009,7.5044
mhl,2010,7.4543
mhl,2011,7.4113
mhl,2012,7.3544
mhl,2013,7.2792
mhl,2014,7.1947
mhl,2015,7.0935
mhl,2016,6.9822
mhl,2017,6.8755
mhl,2018,6.7590
mhl,2019,6.6436
mhl,2020,6.5280
mhl,2021,6.4162
mhl,2022,6.2908
mhl,2023,6.1756
mhl,2024,6.0521
mkd,1991,3.5607
mkd,1992,3.6904
mkd,1993,3.7354
mkd,1994,3.7087
mkd,1995,3.6410
mkd,1996,3.5738
mkd,1997,3.5149
mkd,1998,3.4715
mkd,1999,3.4279
mkd,2000,3.3766
mkd,2001,3.3091
mkd,2002,3.2185
mkd,2003,3.1018
mkd,2004,2.9674
mkd,2005,2.8337
mkd,2006,2.7165
mkd,2007,2.6127
mkd,2008,2.5189
mkd,2009,2.4292
mkd,2010,2.3451
mkd,2011,2.2687
mkd,2012,2.2021
mkd,2013,2.1497
mkd,2014,2.1124
mkd,2015,2.0847
mkd,2016,2.0605
mkd,2017,2.0414
mkd,2018,2.0315
mkd,2019,2.0315
mkd,2020,2.0451
mkd,2021,2.0646
mkd,2022,2.0950
mkd,2023,2.1250
mkd,2024,2.1364
mli,1991,22.911
mli,1992,22.768
mli,1993,22.615
mli,1994,22.364
mli,1995,22.134
mli,1996,21.913
mli,1997,21.532
mli,1998,21.160
mli,1999,20.730
mli,2000,20.254
mli,2001,19.749
mli,2002,19.277
mli,2003,18.773
mli,2004,18.242
mli,2005,17.745
mli,2006,17.210
mli,2007,16.805
mli,2008,16.408
mli,2009,15.997
mli,2010,15.591
mli,2011,15.253
mli,2012,14.884
mli,2013,14.511
mli,2014,14.159
mli,2015,13.755
mli,2016,13.361
mli,2017,12.998
mli,2018,12.587
mli,2019,12.156
mli,2020,11.754
mli,2021,11.293
mli,2022,10.918
mli,2023,11.113
mli,2024,10.619
mlt,1991,2.0854
mlt,1992,2.1740
mlt,1993,2.2480
mlt,1994,2.3108
mlt,1995,2.3578
mlt,1996,2.3850
mlt,1997,2.3987
mlt,1998,2.3913
mlt,1999,2.3705
mlt,2000,2.3308
mlt,2001,2.2867
mlt,2002,2.2356
mlt,2003,2.1749
mlt,2004,2.1143
mlt,2005,2.0478
mlt,2006,1.9792
mlt,2007,1.9089
mlt,2008,1.8387
mlt,2009,1.7716
mlt,2010,1.7095
mlt,2011,1.6474
mlt,2012,1.5832
mlt,2013,1.5242
mlt,2014,1.4638
mlt,2015,1.4070
mlt,2016,1.3567
mlt,2017,1.3051
mlt,2018,1.2616
mlt,2019,1.2155
mlt,2020,1.1675
mlt,2021,1.1273
mlt,2022,1.0892
mlt,2023,1.0555
mlt,2024,1.0253
mmr,1991,11.671
mmr,1992,11.657
mmr,1993,11.526
mmr,1994,11.334
mmr,1995,11.135
mmr,1996,10.921
mmr,1997,10.701
mmr,1998,10.448
mmr,1999,10.245
mmr,2000,10.049
mmr,2001,9.8087
mmr,2002,9.5112
mmr,2003,9.1903
mmr,2004,8.8983
mmr,2005,8.5575
mmr,2006,8.2264
mmr,2007,7.8255
mmr,2008,7.4044
mmr,2009,14.509
mmr,2010,6.6617
mmr,2011,6.2769
mmr,2012,5.8767
mmr,2013,5.4174
mmr,2014,4.9099
mmr,2015,4.2899
mmr,2016,3.7891
mmr,2017,3.4333
mmr,2018,3.1838
mmr,2019,2.9934
mmr,2020,2.8380
mmr,2021,2.6755
mmr,2022,2.9665
mmr,2023,3.1870
mmr,2024,2.9031
mne,1991,3.0354
mne,1992,3.0655
mne,1993,3.0453
mne,1994,2.9980
mne,1995,2.9429
mne,1996,2.9106
mne,1997,2.8992
mne,1998,2.9092
mne,1999,2.9374
mne,2000,2.9672
mne,2001,2.9766
mne,2002,2.9657
mne,2003,2.9350
mne,2004,2.8856
mne,2005,2.8202
mne,2006,2.7342
mne,2007,2.6296
mne,2008,2.4998
mne,2009,2.3579
mne,2010,2.2131
mne,2011,2.0748
mne,2012,1.9627
mne,2013,1.8768
mne,2014,1.8221
mne,2015,1.7886
mne,2016,1.7765
mne,2017,1.7847
mne,2018,1.8151
mne,2019,1.8682
mne,2020,1.9386
mne,2021,2.0267
mne,2022,2.1310
mne,2023,2.2437
mne,2024,2.3568
mng,1991,9.9281
mng,1992,10.673
mng,1993,11.235
mng,1994,11.554
mng,1995,11.592
mng,1996,11.370
mng,1997,10.910
mng,1998,10.222
mng,1999,9.3956
mng,2000,8.5407
mng,2001,7.7704
mng,2002,7.1490
mng,2003,6.7256
mng,2004,6.4951
mng,2005,6.3669
mng,2006,6.2769
mng,2007,6.1962
mng,2008,6.1330
mng,2009,6.1090
mng,2010,6.1280
mng,2011,6.1997
mng,2012,6.3078
mng,2013,6.4005
mng,2014,6.4575
mng,2015,6.4654
mng,2016,6.4311
mng,2017,6.3621
mng,2018,6.2608
mng,2019,6.1371
mng,2020,6.0057
mng,2021,5.8666
mng,2022,5.7058
mng,2023,5.4829
mng,2024,5.1976
moz,1991,19.812
moz,1992,20.847
moz,1993,21.937
moz,1994,22.639
moz,1995,23.229
moz,1996,23.468
moz,1997,23.536
moz,1998,23.411
moz,1999,23.130
moz,2000,22.636
moz,2001,22.020
moz,2002,21.297
moz,2003,20.413
moz,2004,19.453
moz,2005,18.463
moz,2006,17.553
moz,2007,16.614
moz,2008,15.690
moz,2009,14.752
moz,2010,13.830
moz,2011,12.945
moz,2012,12.177
moz,2013,11.477
moz,2014,10.886
moz,2015,10.381
moz,2016,9.9233
moz,2017,9.4927
moz,2018,9.0845
moz,2019,8.6952
moz,2020,8.2836
moz,2021,7.9081
moz,2022,7.5129
moz,2023,7.1767
moz,2024,6.8875
mrt,1991,11.186
mrt,1992,10.587
mrt,1993,10.059
mrt,1994,9.6229
mrt,1995,9.2201
mrt,1996,8.8434
mrt,1997,8.5264
mrt,1998,8.2347
mrt,1999,8.0139
mrt,2000,7.7775
mrt,2001,7.5815
mrt,2002,7.3599
mrt,2003,7.1886
mrt,2004,7.0239
mrt,2005,6.8820
mrt,2006,6.7244
mrt,2007,6.6642
mrt,2008,6.6421
mrt,2009,6.5836
mrt,2010,6.5669
mrt,2011,6.5482
mrt,2012,6.5633
mrt,2013,6.5869
mrt,2014,6.6051
mrt,2015,6.5639
mrt,2016,6.5251
mrt,2017,6.4458
mrt,2018,6.3542
mrt,2019,6.2499
mrt,2020,6.1179
mrt,2021,5.9628
mrt,2022,5.7479
mrt,2023,5.5454
mrt,2024,5.3479
msr,1991,4.9908
msr,1992,4.8775
msr,1993,4.7747
msr,1994,4.6769
msr,1995,4.5827
msr,1996,4.4851
msr,1997,4.4007
msr,1998,4.3142
msr,1999,4.2276
msr,2000,4.1429
msr,2001,4.0622
msr,2002,3.9832
msr,2003,3.9091
msr,2004,3.8366
msr,2005,3.7676
msr,2006,3.6982
msr,2007,3.6313
msr,2008,3.5695
msr,2009,3.5039
msr,2010,3.4425
msr,2011,3.3824
msr,2012,3.3230
msr,2013,3.2646
msr,2014,3.2035
msr,2015,3.1463
msr,2016,3.0864
msr,2017,3.0301
msr,2018,2.9803
msr,2019,2.9261
msr,2020,2.8680
msr,2021,2.8242
msr,2022,2.7748
msr,2023,2.7259
msr,2024,2.6793
mus,1991,5.0262
mus,1992,5.0219
mus,1993,4.9966
mus,1994,4.9411
mus,1995,4.8591
mus,1996,4.7619
mus,1997,4.6452
mus,1998,4.5208
mus,1999,4.3942
mus,2000,4.2774
mus,2001,4.1698
mus,2002,4.0750
mus,2003,3.9948
mus,2004,3.9342
mus,2005,3.8799
mus,2006,3.8432
mus,2007,3.8126
mus,2008,3.7906
mus,2009,3.7733
mus,2010,3.7572
mus,2011,3.7411
mus,2012,3.7331
mus,2013,3.7231
mus,2014,3.7201
mus,2015,3.7267
mus,2016,3.7311
mus,2017,3.7375
mus,2018,3.7331
mus,2019,3.7197
mus,2020,3.6866
mus,2021,3.6402
mus,2022,3.5857
mus,2023,3.5151
mus,2024,3.4338
mwi,1991,23.575
mwi,1992,23.809
mwi,1993,24.143
mwi,1994,24.548
mwi,1995,24.958
mwi,1996,25.411
mwi,1997,25.768
mwi,1998,25.912
mwi,1999,25.786
mwi,2000,25.354
mwi,2001,24.639
mwi,2002,23.691
mwi,2003,22.594
mwi,2004,21.465
mwi,2005,20.382
mwi,2006,19.416
mwi,2007,18.435
mwi,2008,17.561
mwi,2009,16.761
mwi,2010,16.005
mwi,2011,15.251
mwi,2012,14.504
mwi,2013,13.766
mwi,2014,13.027
mwi,2015,12.304
mwi,2016,11.619
mwi,2017,10.992
mwi,2018,10.399
mwi,2019,9.8220
mwi,2020,9.2832
mwi,2021,8.7983
mwi,2022,8.3561
mwi,2023,7.9772
mwi,2024,7.6315
mys,1991,6.8204
mys,1992,6.6456
mys,1993,6.5267
mys,1994,6.5455
mys,1995,6.6657
mys,1996,6.7547
mys,1997,6.7168
mys,1998,6.5305
mys,1999,6.2341
mys,2000,5.9177
mys,2001,5.6971
mys,2002,5.6092
mys,2003,5.5385
mys,2004,5.4120
mys,2005,5.2225
mys,2006,5.0201
mys,2007,4.8484
mys,2008,4.7411
mys,2009,4.7392
mys,2010,4.7990
mys,2011,4.8465
mys,2012,4.8449
mys,2013,4.8198
mys,2014,4.8154
mys,2015,4.8245
mys,2016,4.8265
mys,2017,4.7857
mys,2018,4.6017
mys,2019,4.2313
mys,2020,3.7774
mys,2021,3.3706
mys,2022,3.0592
mys,2023,2.8039
mys,2024,2.5816
nam,1991,12.554
nam,1992,12.511
nam,1993,12.483
nam,1994,12.486
nam,1995,12.581
nam,1996,12.677
nam,1997,12.826
nam,1998,13.092
nam,1999,13.363
nam,2000,13.702
nam,2001,14.024
nam,2002,14.224
nam,2003,14.309
nam,2004,14.244
nam,2005,14.056
nam,2006,13.786
nam,2007,13.475
nam,2008,13.172
nam,2009,12.854
nam,2010,12.540
nam,2011,12.222
nam,2012,11.919
nam,2013,11.611
nam,2014,11.236
nam,2015,10.886
nam,2016,10.479
nam,2017,10.035
nam,2018,9.5792
nam,2019,9.1120
nam,2020,8.6035
nam,2021,8.0984
nam,2022,7.5247
nam,2023,6.9305
nam,2024,6.3692
ner,1991,23.725
ner,1992,23.599
ner,1993,23.583
ner,1994,23.733
ner,1995,23.987
ner,1996,24.203
ner,1997,24.587
ner,1998,24.813
ner,1999,25.042
ner,2000,25.173
ner,2001,25.189
ner,2002,25.003
ner,2003,24.720
ner,2004,24.218
ner,2005,23.667
ner,2006,23.075
ner,2007,22.434
ner,2008,21.930
ner,2009,21.328
ner,2010,20.761
ner,2011,20.134
ner,2012,19.549
ner,2013,18.932
ner,2014,18.224
ner,2015,17.424
ner,2016,16.544
ner,2017,15.736
ner,2018,14.911
ner,2019,14.018
ner,2020,13.039
ner,2021,12.209
ner,2022,11.417
ner,2023,10.726
ner,2024,10.217
nga,1991,21.658
nga,1992,21.321
nga,1993,20.942
nga,1994,20.555
nga,1995,20.209
nga,1996,19.739
nga,1997,19.357
nga,1998,18.987
nga,1999,18.600
nga,2000,18.256
nga,2001,17.929
nga,2002,17.575
nga,2003,17.225
nga,2004,16.888
nga,2005,16.500
nga,2006,16.113
nga,2007,15.748
nga,2008,15.310
nga,2009,14.849
nga,2010,14.409
nga,2011,13.947
nga,2012,13.513
nga,2013,13.034
nga,2014,12.538
nga,2015,12.077
nga,2016,11.596
nga,2017,11.065
nga,2018,10.548
nga,2019,10.044
nga,2020,9.5453
nga,2021,9.1095
nga,2022,8.6682
nga,2023,8.2498
nga,2024,7.8402
nic,1991,8.5690
nic,1992,8.0758
nic,1993,8.0211
nic,1994,7.9630
nic,1995,7.8723
nic,1996,7.7856
nic,1997,7.7142
nic,1998,7.6080
nic,1999,10.270
nic,2000,7.3615
nic,2001,7.2221
nic,2002,7.0575
nic,2003,6.8655
nic,2004,6.6622
nic,2005,6.4482
nic,2006,6.2275
nic,2007,6.0222
nic,2008,5.8176
nic,2009,5.6411
nic,2010,5.4696
nic,2011,5.3144
nic,2012,5.1780
nic,2013,5.0196
nic,2014,4.8881
nic,2015,4.7589
nic,2016,4.6448
nic,2017,4.5352
nic,2018,4.4218
nic,2019,4.3241
nic,2020,4.2358
nic,2021,4.1408
nic,2022,4.0632
nic,2023,3.9656
nic,2024,3.8844
niu,1991,5.7423
niu,1992,5.7882
niu,1993,5.8387
niu,1994,5.9065
niu,1995,5.9911
niu,1996,6.0898
niu,1997,6.1991
niu,1998,6.3171
niu,1999,6.4395
niu,2000,6.5575
niu,2001,6.6688
niu,2002,6.7834
niu,2003,6.8877
niu,2004,6.9919
niu,2005,7.0890
niu,2006,7.1653
niu,2007,7.1973
niu,2008,7.1914
niu,2009,7.1461
niu,2010,7.0827
niu,2011,6.9995
niu,2012,6.8970
niu,2013,6.7813
niu,2014,6.6797
niu,2015,6.5683
niu,2016,6.4516
niu,2017,6.3284
niu,2018,6.2208
niu,2019,6.1115
niu,2020,5.9942
niu,2021,5.8849
niu,2022,5.7726
niu,2023,5.6659
niu,2024,5.5633
nld,1991,2.8395
nld,1992,2.8040
nld,1993,2.7672
nld,1994,2.7297
nld,1995,2.6916
nld,1996,2.6549
nld,1997,2.6167
nld,1998,2.5826
nld,1999,2.5463
nld,2000,2.5030
nld,2001,2.4430
nld,2002,2.3648
nld,2003,2.2671
nld,2004,2.1565
nld,2005,2.0422
nld,2006,1.9345
nld,2007,1.8378
nld,2008,1.7514
nld,2009,1.6784
nld,2010,1.6163
nld,2011,1.5629
nld,2012,1.5169
nld,2013,1.4768
nld,2014,1.4431
nld,2015,1.4162
nld,2016,1.3968
nld,2017,1.3843
nld,2018,1.3782
nld,2019,1.3797
nld,2020,1.3845
nld,2021,1.3954
nld,2022,1.4087
nld,2023,1.4210
nld,2024,1.4314
nor,1991,3.5194
nor,1992,3.3739
nor,1993,3.2450
nor,1994,3.1376
nor,1995,3.0550
nor,1996,3.0033
nor,1997,2.9873
nor,1998,3.0058
nor,1999,3.0501
nor,2000,3.0898
nor,2001,3.0876
nor,2002,3.0309
nor,2003,2.9305
nor,2004,2.7981
nor,2005,2.6580
nor,2006,2.5271
nor,2007,2.4149
nor,2008,2.3292
nor,2009,2.2586
nor,2010,2.1870
nor,2011,2.0967
nor,2012,1.9863
nor,2013,1.8650
nor,2014,1.7473
nor,2015,1.6498
nor,2016,1.5877
nor,2017,1.5569
nor,2018,1.5503
nor,2019,1.5565
nor,2020,1.5655
nor,2021,1.5722
nor,2022,1.5765
nor,2023,1.5817
nor,2024,1.5917
npl,1991,13.041
npl,1992,12.657
npl,1993,12.244
npl,1994,11.852
npl,1995,11.427
npl,1996,11.021
npl,1997,10.606
npl,1998,10.208
npl,1999,9.7870
npl,2000,9.3694
npl,2001,8.9053
npl,2002,8.4778
npl,2003,8.6868
npl,2004,7.7547
npl,2005,7.7665
npl,2006,7.1624
npl,2007,6.9536
npl,2008,6.7895
npl,2009,6.6652
npl,2010,6.5562
npl,2011,6.4386
npl,2012,6.3020
npl,2013,6.0981
npl,2014,5.8728
npl,2015,5.6178
npl,2016,7.1179
npl,2017,5.0904
npl,2018,4.8228
npl,2019,4.5687
npl,2020,4.3301
npl,2021,4.1143
npl,2022,3.9269
npl,2023,3.7476
npl,2024,3.5708
nru,1991,10.247
nru,1992,9.9435
nru,1993,9.6421
nru,1994,9.3381
nru,1995,9.0542
nru,1996,8.7832
nru,1997,8.5255
nru,1998,8.2814
nru,1999,8.0475
nru,2000,7.8285
nru,2001,7.6229
nru,2002,7.4352
nru,2003,7.2559
nru,2004,7.0874
nru,2005,6.9347
nru,2006,6.7872
nru,2007,6.6359
nru,2008,6.4710
nru,2009,6.2831
nru,2010,6.0722
nru,2011,5.8387
nru,2012,5.5925
nru,2013,5.3358
nru,2014,5.0736
nru,2015,4.8099
nru,2016,4.5513
nru,2017,4.3045
nru,2018,4.0705
nru,2019,3.8473
nru,2020,3.6342
nru,2021,3.4439
nru,2022,3.2767
nru,2023,3.1354
nru,2024,3.0170
nzl,1991,6.1057
nzl,1992,5.8755
nzl,1993,5.6456
nzl,1994,5.4686
nzl,1995,5.3400
nzl,1996,5.2261
nzl,1997,5.1015
nzl,1998,4.9534
nzl,1999,4.7736
nzl,2000,4.5790
nzl,2001,4.3993
nzl,2002,4.2590
nzl,2003,4.1478
nzl,2004,4.0623
nzl,2005,3.9892
nzl,2006,3.9184
nzl,2007,3.8388
nzl,2008,3.7484
nzl,2009,3.6534
nzl,2010,3.5446
nzl,2011,3.4113
nzl,2012,3.2637
nzl,2013,3.1064
nzl,2014,2.9561
nzl,2015,2.8268
nzl,2016,2.7343
nzl,2017,2.6782
nzl,2018,2.6377
nzl,2019,2.5938
nzl,2020,2.5383
nzl,2021,2.4615
nzl,2022,2.3713
nzl,2023,2.2680
nzl,2024,2.1607
omn,1991,6.9171
omn,1992,6.4769
omn,1993,6.0695
omn,1994,5.6923
omn,1995,5.3550
omn,1996,5.0571
omn,1997,4.7931
omn,1998,4.5557
omn,1999,4.3451
omn,2000,4.1510
omn,2001,3.9775
omn,2002,3.8238
omn,2003,3.6929
omn,2004,3.5838
omn,2005,3.4955
omn,2006,3.4254
omn,2007,3.3712
omn,2008,3.4335
omn,2009,3.2995
omn,2010,3.2750
omn,2011,3.2539
omn,2012,3.2325
omn,2013,3.2100
omn,2014,3.1897
omn,2015,3.1743
omn,2016,3.1639
omn,2017,3.1526
omn,2018,3.1390
omn,2019,3.1237
omn,2020,3.1055
omn,2021,3.0878
omn,2022,3.0707
omn,2023,3.0548
omn,2024,3.0341
pak,1991,14.267
pak,1992,14.116
pak,1993,13.812
pak,1994,13.429
pak,1995,13.042
pak,1996,12.634
pak,1997,12.239
pak,1998,11.818
pak,1999,11.331
pak,2000,10.840
pak,2001,10.362
pak,2002,9.9396
pak,2003,9.5157
pak,2004,9.1644
pak,2005,8.9352
pak,2006,11.358
pak,2007,8.5610
pak,2008,8.3115
pak,2009,8.0519
pak,2010,7.7735
pak,2011,7.4728
pak,2012,7.1100
pak,2013,6.7864
pak,2014,6.4094
pak,2015,6.0454
pak,2016,5.6905
pak,2017,5.3702
pak,2018,5.0715
pak,2019,4.8039
pak,2020,4.5686
pak,2021,4.3614
pak,2022,4.1793
pak,2023,3.9754
pak,2024,3.8132
pan,1991,6.4289
pan,1992,6.5582
pan,1993,6.6908
pan,1994,6.7774
pan,1995,6.7874
pan,1996,6.7168
pan,1997,6.5854
pan,1998,6.4129
pan,1999,6.2182
pan,2000,6.0313
pan,2001,5.8619
pan,2002,5.7275
pan,2003,5.6421
pan,2004,5.6073
pan,2005,5.6325
pan,2006,5.7365
pan,2007,5.9495
pan,2008,6.2969
pan,2009,6.7044
pan,2010,7.0764
pan,2011,7.3381
pan,2012,7.4348
pan,2013,7.3586
pan,2014,7.1366
pan,2015,6.8167
pan,2016,6.4634
pan,2017,6.1551
pan,2018,5.9207
pan,2019,5.7368
pan,2020,5.5977
pan,2021,5.4660
pan,2022,5.3259
pan,2023,5.1530
pan,2024,4.9633
per,1991,11.239
per,1992,10.853
per,1993,10.386
per,1994,9.8771
per,1995,9.3293
per,1996,8.7517
per,1997,8.1634
per,1998,7.5975
per,1999,7.0651
per,2000,6.5909
per,2001,6.1619
per,2002,5.7876
per,2003,5.4714
per,2004,5.2049
per,2005,4.9871
per,2006,4.8135
per,2007,4.6856
per,2008,4.6017
per,2009,4.5519
per,2010,4.5204
per,2011,4.4876
per,2012,4.4188
per,2013,4.3107
per,2014,4.1841
per,2015,4.0757
per,2016,4.0160
per,2017,4.0437
per,2018,4.1516
per,2019,4.2447
per,2020,4.2339
per,2021,4.1117
per,2022,3.9355
per,2023,3.7417
per,2024,3.5564
phl,1991,8.8858
phl,1992,8.7507
phl,1993,8.0021
phl,1994,7.6658
phl,1995,7.4201
phl,1996,7.2394
phl,1997,7.0859
phl,1998,6.9491
phl,1999,6.8187
phl,2000,6.6949
phl,2001,6.5791
phl,2002,6.4723
phl,2003,6.3809
phl,2004,6.2898
phl,2005,6.2091
phl,2006,6.1376
phl,2007,6.0827
phl,2008,6.0504
phl,2009,6.0224
phl,2010,5.9875
phl,2011,5.9434
phl,2012,5.9001
phl,2013,5.8756
phl,2014,6.1432
phl,2015,5.9040
phl,2016,5.9453
phl,2017,5.9565
phl,2018,5.9341
phl,2019,5.9001
phl,2020,5.9036
phl,2021,5.9570
phl,2022,6.0582
phl,2023,6.1718
phl,2024,6.2185
plw,1991,7.3358
plw,1992,7.4673
plw,1993,7.5391
plw,1994,7.6105
plw,1995,7.7116
plw,1996,7.7823
plw,1997,7.8427
plw,1998,7.8948
plw,1999,7.9695
plw,2000,8.0152
plw,2001,8.0316
plw,2002,8.0479
plw,2003,8.0441
plw,2004,8.0315
plw,2005,8.0268
plw,2006,7.9431
plw,2007,7.8515
plw,2008,7.7304
plw,2009,7.5945
plw,2010,7.4364
plw,2011,7.3023
plw,2012,7.1240
plw,2013,6.9642
plw,2014,6.7761
plw,2015,6.5692
plw,2016,6.3055
plw,2017,6.0927
plw,2018,5.9665
plw,2019,5.8674
plw,2020,5.7768
plw,2021,5.6589
plw,2022,5.5006
plw,2023,5.3117
plw,2024,5.1280
png,1991,11.820
png,1992,11.689
png,1993,11.566
png,1994,11.446
png,1995,11.331
png,1996,11.221
png,1997,11.113
png,1998,11.006
png,1999,13.212
png,2000,10.806
png,2001,10.712
png,2002,10.609
png,2003,10.500
png,2004,10.388
png,2005,10.275
png,2006,10.153
png,2007,10.025
png,2008,9.8942
png,2009,9.7601
png,2010,9.6237
png,2011,9.4809
png,2012,9.3367
png,2013,9.1943
png,2014,9.0537
png,2015,8.9122
png,2016,8.7713
png,2017,8.6165
png,2018,8.4679
png,2019,8.3087
png,2020,8.1596
png,2021,8.0091
png,2022,7.8585
png,2023,7.7011
png,2024,7.5468
pol,1991,4.7280
pol,1992,4.7318
pol,1993,4.6227
pol,1994,4.4327
pol,1995,4.2416
pol,1996,4.1290
pol,1997,4.0646
pol,1998,4.0010
pol,1999,3.9116
pol,2000,3.7857
pol,2001,3.6432
pol,2002,3.4970
pol,2003,3.3677
pol,2004,3.2741
pol,2005,3.2143
pol,2006,3.1956
pol,2007,3.1937
pol,2008,3.1869
pol,2009,3.1640
pol,2010,3.1140
pol,2011,3.0417
pol,2012,2.9507
pol,2013,2.8498
pol,2014,2.7434
pol,2015,2.6307
pol,2016,2.5217
pol,2017,2.4291
pol,2018,2.3709
pol,2019,2.3568
pol,2020,2.3688
pol,2021,2.3949
pol,2022,2.4194
pol,2023,2.4244
pol,2024,2.3956
prk,1991,7.5726
prk,1992,7.6895
prk,1993,7.7652
prk,1994,7.7916
prk,1995,7.7695
prk,1996,13.610
prk,1997,13.496
prk,1998,13.375
prk,1999,13.264
prk,2000,13.147
prk,2001,13.036
prk,2002,12.941
prk,2003,12.841
prk,2004,6.8505
prk,2005,6.7627
prk,2006,6.7023
prk,2007,6.6371
prk,2008,6.5921
prk,2009,6.4215
prk,2010,6.2869
prk,2011,6.1201
prk,2012,5.9336
prk,2013,5.7309
prk,2014,5.5118
prk,2015,5.3035
prk,2016,5.1203
prk,2017,5.0109
prk,2018,4.7887
prk,2019,4.6814
prk,2020,4.5702
prk,2021,4.5306
prk,2022,4.5301
prk,2023,4.5739
prk,2024,4.6164
prt,1991,6.4795
prt,1992,6.4131
prt,1993,6.2443
prt,1994,6.0045
prt,1995,5.7436
prt,1996,5.5210
prt,1997,5.3148
prt,1998,5.0897
prt,1999,4.8312
prt,2000,4.5378
prt,2001,4.2279
prt,2002,3.9155
prt,2003,3.6259
prt,2004,3.3696
prt,2005,3.1384
prt,2006,2.9292
prt,2007,2.7321
prt,2008,2.5427
prt,2009,2.3559
prt,2010,2.1749
prt,2011,2.0088
prt,2012,1.8605
prt,2013,1.7343
prt,2014,1.6329
prt,2015,1.5563
prt,2016,1.5070
prt,2017,1.4796
prt,2018,1.4710
prt,2019,1.4768
prt,2020,1.4989
prt,2021,1.5331
prt,2022,1.5766
prt,2023,1.6184
prt,2024,1.6514
pry,1991,7.1815
pry,1992,7.0228
pry,1993,6.8655
pry,1994,6.7304
pry,1995,6.6020
pry,1996,6.4846
pry,1997,6.3697
pry,1998,6.2749
pry,1999,6.1971
pry,2000,6.1244
pry,2001,6.0666
pry,2002,6.0233
pry,2003,5.9875
pry,2004,5.9567
pry,2005,5.9221
pry,2006,5.8889
pry,2007,5.8502
pry,2008,5.7957
pry,2009,5.7171
pry,2010,5.6327
pry,2011,5.5467
pry,2012,5.4507
pry,2013,5.3733
pry,2014,5.2912
pry,2015,5.2115
pry,2016,5.1302
pry,2017,5.0561
pry,2018,4.9842
pry,2019,4.9127
pry,2020,4.8386
pry,2021,4.7677
pry,2022,4.6880
pry,2023,4.6080
pry,2024,4.5231
pse,1991,5.9341
pse,1992,5.5807
pse,1993,5.8328
pse,1994,5.8981
pse,1995,5.4496
pse,1996,5.6131
pse,1997,5.3314
pse,1998,5.2816
pse,1999,5.2151
pse,2000,5.1630
pse,2001,5.8932
pse,2002,6.7250
pse,2003,5.5963
pse,2004,5.7681
pse,2005,5.8628
pse,2006,5.0742
pse,2007,5.4636
pse,2008,5.3977
pse,2009,5.3324
pse,2010,5.3410
pse,2011,4.4415
pse,2012,4.3233
pse,2013,4.2057
pse,2014,4.0828
pse,2015,5.4240
pse,2016,3.8368
pse,2017,3.7345
pse,2018,3.6357
pse,2019,3.5491
pse,2020,3.4614
pse,2021,3.3789
pse,2022,3.3106
pse,2023,3.2546
pse,2024,22.712
qat,1991,4.8124
qat,1992,4.8003
qat,1993,4.7724
qat,1994,4.6915
qat,1995,4.6022
qat,1996,4.5158
qat,1997,4.4498
qat,1998,4.4086
qat,1999,4.4066
qat,2000,4.4453
qat,2001,4.5438
qat,2002,4.6763
qat,2003,4.8354
qat,2004,4.9725
qat,2005,5.0388
qat,2006,5.0370
qat,2007,4.9583
qat,2008,4.7971
qat,2009,4.5923
qat,2010,4.3573
qat,2011,4.1350
qat,2012,3.9279
qat,2013,3.7267
qat,2014,3.5362
qat,2015,3.3560
qat,2016,3.1927
qat,2017,3.0453
qat,2018,2.9307
qat,2019,2.8561
qat,2020,2.8096
qat,2021,2.7925
qat,2022,2.7769
qat,2023,2.7571
qat,2024,2.7170
rks,1991,6.4673
rks,1992,6.3080
rks,1993,6.1497
rks,1994,5.9957
rks,1995,5.8380
rks,1996,5.6796
rks,1997,5.5195
rks,1998,5.3570
rks,1999,5.1967
rks,2000,5.0332
rks,2001,4.8707
rks,2002,4.7097
rks,2003,4.5503
rks,2004,4.3980
rks,2005,4.2518
rks,2006,4.1122
rks,2007,3.9796
rks,2008,3.8554
rks,2009,3.7380
rks,2010,3.6285
rks,2011,3.5256
rks,2012,3.4309
rks,2013,3.3433
rks,2014,3.2614
rks,2015,3.1836
rks,2016,3.1101
rks,2017,3.0406
rks,2018,2.9717
rks,2019,2.9053
rks,2020,2.8406
rks,2021,2.7806
rks,2022,2.7263
rks,2023,2.6801
rks,2024,2.6379
rou,1991,5.7256
rou,1992,5.4612
rou,1993,5.3045
rou,1994,5.2691
rou,1995,5.2293
rou,1996,5.2027
rou,1997,5.1998
rou,1998,5.3247
rou,1999,5.6290
rou,2000,5.7798
rou,2001,5.6642
rou,2002,5.3030
rou,2003,4.8799
rou,2004,4.5859
rou,2005,4.4030
rou,2006,4.3898
rou,2007,4.4427
rou,2008,4.4817
rou,2009,4.4696
rou,2010,4.2931
rou,2011,4.0039
rou,2012,3.6636
rou,2013,3.3900
rou,2014,3.2440
rou,2015,3.1612
rou,2016,3.1513
rou,2017,3.1409
rou,2018,3.0977
rou,2019,3.0203
rou,2020,2.9115
rou,2021,2.8255
rou,2022,2.7314
rou,2023,2.5978
rou,2024,2.3748
rus,1991,7.7392
rus,1992,8.1794
rus,1993,8.8503
rus,1994,9.5930
rus,1995,9.9836
rus,1996,9.8134
rus,1997,9.4227
rus,1998,9.2022
rus,1999,9.1754
rus,2000,9.2176
rus,2001,9.2078
rus,2002,9.0530
rus,2003,8.7070
rus,2004,8.2696
rus,2005,7.9032
rus,2006,7.6566
rus,2007,7.4067
rus,2008,7.0599
rus,2009,6.6482
rus,2010,6.2616
rus,2011,5.9544
rus,2012,5.7062
rus,2013,5.5130
rus,2014,5.3287
rus,2015,5.1033
rus,2016,4.8233
rus,2017,4.5249
rus,2018,4.2568
rus,2019,4.0425
rus,2020,3.9064
rus,2021,3.8344
rus,2022,3.7676
rus,2023,3.9259
rus,2024,4.0169
rwa,1991,42.615
rwa,1992,48.249
rwa,1993,50.775
rwa,1994,54.582
rwa,1995,503.30
rwa,1996,57.738
rwa,1997,56.199
rwa,1998,55.442
rwa,1999,49.537
rwa,2000,40.028
rwa,2001,34.324
rwa,2002,29.643
rwa,2003,25.816
rwa,2004,22.669
rwa,2005,20.164
rwa,2006,17.851
rwa,2007,15.922
rwa,2008,14.160
rwa,2009,12.751
rwa,2010,11.715
rwa,2011,10.793
rwa,2012,10.148
rwa,2013,9.5967
rwa,2014,9.0117
rwa,2015,8.4576
rwa,2016,7.8879
rwa,2017,7.2859
rwa,2018,6.7574
rwa,2019,6.2772
rwa,2020,5.8120
rwa,2021,5.3695
rwa,2022,4.9074
rwa,2023,4.2921
rwa,2024,3.7759
sau,1991,7.4622
sau,1992,7.3709
sau,1993,7.3396
sau,1994,7.3028
sau,1995,7.2643
sau,1996,7.2240
sau,1997,7.1831
sau,1998,7.1161
sau,1999,7.0501
sau,2000,6.9960
sau,2001,6.9221
sau,2002,6.8388
sau,2003,6.7542
sau,2004,6.6614
sau,2005,6.5770
sau,2006,6.4831
sau,2007,6.3652
sau,2008,6.2100
sau,2009,6.0490
sau,2010,5.8768
sau,2011,5.6902
sau,2012,5.4665
sau,2013,5.2518
sau,2014,5.0272
sau,2015,4.7959
sau,2016,4.5758
sau,2017,4.3411
sau,2018,4.0883
sau,2019,3.8505
sau,2020,3.6519
sau,2021,3.4724
sau,2022,3.3196
sau,2023,3.1715
sau,2024,3.0415
sdn,1991,19.429
sdn,1992,19.189
sdn,1993,18.920
sdn,1994,18.708
sdn,1995,18.486
sdn,1996,18.225
sdn,1997,17.890
sdn,1998,17.594
sdn,1999,17.245
sdn,2000,16.799
sdn,2001,16.379
sdn,2002,15.970
sdn,2003,16.603
sdn,2004,18.033
sdn,2005,20.294
sdn,2006,19.610
sdn,2007,15.359
sdn,2008,13.391
sdn,2009,14.489
sdn,2010,12.654
sdn,2011,12.269
sdn,2012,11.961
sdn,2013,11.653
sdn,2014,11.325
sdn,2015,11.003
sdn,2016,10.702
sdn,2017,10.458
sdn,2018,10.208
sdn,2019,9.9726
sdn,2020,9.7310
sdn,2021,9.5181
sdn,2022,9.2881
sdn,2023,9.0787
sdn,2024,9.7181
sen,1991,15.437
sen,1992,15.334
sen,1993,15.284
sen,1994,15.544
sen,1995,16.033
sen,1996,16.540
sen,1997,16.976
sen,1998,17.157
sen,1999,17.221
sen,2000,17.192
sen,2001,17.177
sen,2002,17.083
sen,2003,16.915
sen,2004,16.617
sen,2005,16.226
sen,2006,15.726
sen,2007,15.177
sen,2008,14.607
sen,2009,14.069
sen,2010,13.547
sen,2011,12.957
sen,2012,12.345
sen,2013,11.724
sen,2014,11.115
sen,2015,10.483
sen,2016,9.8795
sen,2017,9.3315
sen,2018,8.8702
sen,2019,8.4172
sen,2020,8.0153
sen,2021,7.5299
sen,2022,7.1169
sen,2023,6.6966
sen,2024,6.3571
sgp,1991,3.4833
sgp,1992,3.2428
sgp,1993,3.0497
sgp,1994,2.8896
sgp,1995,2.7614
sgp,1996,2.6562
sgp,1997,2.5584
sgp,1998,2.4677
sgp,1999,2.3887
sgp,2000,2.3248
sgp,2001,2.2728
sgp,2002,2.2191
sgp,2003,2.1568
sgp,2004,2.0734
sgp,2005,1.9668
sgp,2006,1.8541
sgp,2007,1.7498
sgp,2008,1.6673
sgp,2009,1.5980
sgp,2010,1.5466
sgp,2011,1.5041
sgp,2012,1.4687
sgp,2013,1.4378
sgp,2014,1.4094
sgp,2015,1.3840
sgp,2016,1.3620
sgp,2017,1.3481
sgp,2018,1.3412
sgp,2019,1.3462
sgp,2020,1.3629
sgp,2021,1.3894
sgp,2022,1.4229
sgp,2023,1.4567
sgp,2024,1.4756
slb,1991,7.2922
slb,1992,7.1728
slb,1993,7.0540
slb,1994,6.9406
slb,1995,6.8329
slb,1996,6.7315
slb,1997,6.6415
slb,1998,6.5620
slb,1999,6.4948
slb,2000,6.4326
slb,2001,6.3816
slb,2002,6.3330
slb,2003,6.2924
slb,2004,6.2584
slb,2005,6.2228
slb,2006,6.1872
slb,2007,6.1483
slb,2008,6.3893
slb,2009,6.0514
slb,2010,5.9947
slb,2011,5.9360
slb,2012,5.8701
slb,2013,5.8062
slb,2014,5.7454
slb,2015,5.6841
slb,2016,5.6310
slb,2017,5.5735
slb,2018,5.5135
slb,2019,5.4458
slb,2020,5.3661
slb,2021,5.4797
slb,2022,5.1949
slb,2023,5.1071
slb,2024,5.0079
sle,1991,18.468
sle,1992,19.089
sle,1993,19.673
sle,1994,20.290
sle,1995,22.134
sle,1996,23.515
sle,1997,22.148
sle,1998,22.750
sle,1999,26.336
sle,2000,30.069
sle,2001,23.828
sle,2002,24.236
sle,2003,24.770
sle,2004,25.330
sle,2005,25.718
sle,2006,25.915
sle,2007,25.820
sle,2008,25.612
sle,2009,25.274
sle,2010,24.847
sle,2011,24.420
sle,2012,24.013
sle,2013,23.635
sle,2014,23.173
sle,2015,22.578
sle,2016,21.877
sle,2017,20.973
sle,2018,19.810
sle,2019,18.664
sle,2020,17.455
sle,2021,16.408
sle,2022,15.571
sle,2023,14.870
sle,2024,14.223
slv,1991,12.649
slv,1992,10.158
slv,1993,9.5857
slv,1994,9.4103
slv,1995,9.5669
slv,1996,9.7712
slv,1997,9.7679
slv,1998,9.5067
slv,1999,9.3777
slv,2000,8.6619
slv,2001,8.2732
slv,2002,8.7261
slv,2003,7.9298
slv,2004,8.0711
slv,2005,8.4260
slv,2006,8.8281
slv,2007,9.1063
slv,2008,9.1967
slv,2009,9.1536
slv,2010,9.1820
slv,2011,8.7759
slv,2012,8.4297
slv,2013,8.2090
slv,2014,8.4193
slv,2015,9.1502
slv,2016,9.8973
slv,2017,9.9790
slv,2018,9.3193
slv,2019,8.2813
slv,2020,7.1970
slv,2021,6.3067
slv,2022,5.6932
slv,2023,5.2575
slv,2024,4.9332
smr,1991,3.8521
smr,1992,3.6165
smr,1993,3.3961
smr,1994,3.1883
smr,1995,2.9910
smr,1996,2.8111
smr,1997,2.6425
smr,1998,2.4920
smr,1999,2.3497
smr,2000,2.2182
smr,2001,2.0949
smr,2002,1.9813
smr,2003,1.8778
smr,2004,1.7775
smr,2005,1.6884
smr,2006,1.6078
smr,2007,1.5334
smr,2008,1.4646
smr,2009,1.3999
smr,2010,1.3422
smr,2011,1.2855
smr,2012,1.2369
smr,2013,1.1866
smr,2014,1.1408
smr,2015,1.0980
smr,2016,1.0570
smr,2017,1.0204
smr,2018,0.98411
smr,2019,0.95218
smr,2020,0.92198
smr,2021,0.89617
smr,2022,0.87064
smr,2023,0.84634
smr,2024,0.82615
som,1991,34.226
som,1992,85.062
som,1993,85.587
som,1994,27.693
som,1995,27.662
som,1996,27.662
som,1997,27.662
som,1998,27.662
som,1999,27.662
som,2000,27.662
som,2001,27.662
som,2002,27.662
som,2003,27.662
som,2004,27.662
som,2005,27.662
som,2006,27.657
som,2007,27.568
som,2008,27.359
som,2009,26.941
som,2010,26.437
som,2011,29.182
som,2012,64.294
som,2013,31.077
som,2014,24.142
som,2015,24.577
som,2016,23.025
som,2017,23.794
som,2018,28.315
som,2019,24.218
som,2020,21.067
som,2021,20.594
som,2022,20.125
som,2023,26.937
som,2024,20.671
srb,1991,4.2105
srb,1992,4.5751
srb,1993,4.5979
srb,1994,4.1767
srb,1995,3.7213
srb,1996,3.5210
srb,1997,3.5584
srb,1998,3.7347
srb,1999,3.9444
srb,2000,4.0204
srb,2001,3.8315
srb,2002,3.4993
srb,2003,3.2243
srb,2004,3.0834
srb,2005,3.0290
srb,2006,3.0114
srb,2007,2.9884
srb,2008,2.9072
srb,2009,2.7595
srb,2010,2.5970
srb,2011,2.4637
srb,2012,2.3642
srb,2013,2.2903
srb,2014,2.2353
srb,2015,2.1859
srb,2016,2.1341
srb,2017,2.0866
srb,2018,2.0612
srb,2019,2.0630
srb,2020,2.0899
srb,2021,2.1363
srb,2022,2.1731
srb,2023,2.1635
srb,2024,2.0954
ssd,1991,120.24
ssd,1992,117.97
ssd,1993,188.91
ssd,1994,186.87
ssd,1995,33.863
ssd,1996,109.39
ssd,1997,106.89
ssd,1998,104.13
ssd,1999,189.96
ssd,2000,47.669
ssd,2001,37.341
ssd,2002,35.949
ssd,2003,34.576
ssd,2004,25.703
ssd,2005,24.730
ssd,2006,23.811
ssd,2007,22.918
ssd,2008,22.103
ssd,2009,21.299
ssd,2010,20.537
ssd,2011,19.839
ssd,2012,19.200
ssd,2013,18.717
ssd,2014,18.489
ssd,2015,38.820
ssd,2016,50.404
ssd,2017,57.294
ssd,2018,60.427
ssd,2019,28.108
ssd,2020,18.422
ssd,2021,18.422
ssd,2022,18.422
ssd,2023,18.422
ssd,2024,18.422
stp,1991,11.013
stp,1992,11.187
stp,1993,11.327
stp,1994,11.441
stp,1995,11.506
stp,1996,11.535
stp,1997,11.514
stp,1998,11.403
stp,1999,11.257
stp,2000,11.058
stp,2001,10.826
stp,2002,10.607
stp,2003,10.327
stp,2004,10.067
stp,2005,9.8096
stp,2006,9.5501
stp,2007,9.2709
stp,2008,9.0027
stp,2009,8.7545
stp,2010,8.4939
stp,2011,8.2266
stp,2012,7.9176
stp,2013,7.5393
stp,2014,7.1693
stp,2015,6.7675
stp,2016,6.3785
stp,2017,5.9942
stp,2018,5.6403
stp,2019,5.3377
stp,2020,5.0462
stp,2021,4.7734
stp,2022,4.5243
stp,2023,4.3035
stp,2024,4.0802
sur,1991,6.3529
sur,1992,6.5302
sur,1993,6.6224
sur,1994,6.5759
sur,1995,6.3930
sur,1996,6.1223
sur,1997,5.8305
sur,1998,5.5804
sur,1999,5.3782
sur,2000,5.2425
sur,2001,5.1493
sur,2002,5.0802
sur,2003,5.0404
sur,2004,5.0202
sur,2005,5.0463
sur,2006,5.1011
sur,2007,5.1839
sur,2008,5.2747
sur,2009,5.3587
sur,2010,5.4049
sur,2011,5.4032
sur,2012,5.3466
sur,2013,5.2734
sur,2014,5.2126
sur,2015,5.1862
sur,2016,5.1996
sur,2017,5.2267
sur,2018,5.2629
sur,2019,5.2955
sur,2020,5.2927
sur,2021,5.2526
sur,2022,5.1436
sur,2023,4.9650
sur,2024,4.7465
svk,1991,3.9421
svk,1992,3.9139
svk,1993,3.8737
svk,1994,3.8193
svk,1995,3.7543
svk,1996,3.6836
svk,1997,3.6091
svk,1998,3.5285
svk,1999,3.4443
svk,2000,3.3587
svk,2001,3.2746
svk,2002,3.1911
svk,2003,3.1122
svk,2004,3.0391
svk,2005,2.9733
svk,2006,2.9132
svk,2007,2.8580
svk,2008,2.8034
svk,2009,2.7530
svk,2010,2.7007
svk,2011,2.6507
svk,2012,2.6013
svk,2013,2.5494
svk,2014,2.5018
svk,2015,2.4566
svk,2016,2.4145
svk,2017,2.3728
svk,2018,2.3338
svk,2019,2.2951
svk,2020,2.2512
svk,2021,2.2046
svk,2022,2.1521
svk,2023,2.0916
svk,2024,2.0295
svn,1991,4.2195
svn,1992,4.1958
svn,1993,4.1647
svn,1994,4.1225
svn,1995,4.0598
svn,1996,3.9747
svn,1997,3.8743
svn,1998,3.7637
svn,1999,3.6515
svn,2000,3.5369
svn,2001,3.4200
svn,2002,3.3020
svn,2003,3.1773
svn,2004,3.0483
svn,2005,2.9165
svn,2006,2.7798
svn,2007,2.6380
svn,2008,2.4945
svn,2009,2.3556
svn,2010,2.2238
svn,2011,2.1079
svn,2012,2.0097
svn,2013,1.9259
svn,2014,1.8534
svn,2015,1.7939
svn,2016,1.7421
svn,2017,1.6917
svn,2018,1.6387
svn,2019,1.5819
svn,2020,1.5235
svn,2021,1.4662
svn,2022,1.4099
svn,2023,1.3551
svn,2024,1.3033
swe,1991,2.8122
swe,1992,2.6725
swe,1993,2.5315
swe,1994,2.4037
swe,1995,2.2994
swe,1996,2.2275
swe,1997,2.1860
swe,1998,2.1701
swe,1999,2.1739
swe,2000,2.1853
swe,2001,2.1978
swe,2002,2.2023
swe,2003,2.1974
swe,2004,2.1773
swe,2005,2.1429
swe,2006,2.0942
swe,2007,2.0337
swe,2008,1.9682
swe,2009,1.9022
swe,2010,1.8388
swe,2011,1.7804
swe,2012,1.7275
swe,2013,1.6832
swe,2014,1.6469
swe,2015,1.6204
swe,2016,1.6039
swe,2017,1.5941
swe,2018,1.5895
swe,2019,1.5849
swe,2020,1.5758
swe,2021,1.5557
swe,2022,1.5242
swe,2023,1.4890
swe,2024,1.4513
swz,1991,9.9836
swz,1992,9.7928
swz,1993,9.6464
swz,1994,9.5467
swz,1995,9.4986
swz,1996,9.4839
swz,1997,9.5578
swz,1998,9.6121
swz,1999,9.7221
swz,2000,9.8295
swz,2001,9.9314
swz,2002,10.131
swz,2003,10.327
swz,2004,10.477
swz,2005,10.652
swz,2006,10.794
swz,2007,10.967
swz,2008,11.135
swz,2009,11.298
swz,2010,11.413
swz,2011,11.513
swz,2012,11.555
swz,2013,11.600
swz,2014,11.648
swz,2015,11.610
swz,2016,11.479
swz,2017,11.387
swz,2018,11.225
swz,2019,11.029
swz,2020,10.851
swz,2021,10.604
swz,2022,10.293
swz,2023,10.006
swz,2024,9.8099
syc,1991,3.1419
syc,1992,3.2891
syc,1993,3.4379
syc,1994,3.5972
syc,1995,3.7722
syc,1996,3.9301
syc,1997,4.0843
syc,1998,4.2257
syc,1999,4.3301
syc,2000,4.3927
syc,2001,4.4404
syc,2002,4.4416
syc,2003,4.4315
syc,2004,4.3822
syc,2005,4.3154
syc,2006,4.2243
syc,2007,4.1580
syc,2008,4.0872
syc,2009,4.0273
syc,2010,3.9939
syc,2011,3.9730
syc,2012,3.9772
syc,2013,4.0016
syc,2014,4.0424
syc,2015,4.0970
syc,2016,4.1422
syc,2017,4.1691
syc,2018,4.1718
syc,2019,4.1105
syc,2020,4.0040
syc,2021,3.8804
syc,2022,3.7483
syc,2023,3.5897
syc,2024,3.4407
syr,1991,9.2993
syr,1992,9.3059
syr,1993,9.2459
syr,1994,9.1291
syr,1995,8.9770
syr,1996,8.7277
syr,1997,8.3660
syr,1998,7.8997
syr,1999,7.3269
syr,2000,6.6665
syr,2001,5.9877
syr,2002,5.3686
syr,2003,4.8723
syr,2004,4.5214
syr,2005,4.3387
syr,2006,4.3162
syr,2007,4.3667
syr,2008,4.4134
syr,2009,4.4362
syr,2010,4.4476
syr,2011,4.4417
syr,2012,6.0050
syr,2013,13.842
syr,2014,14.854
syr,2015,13.853
syr,2016,16.345
syr,2017,13.254
syr,2018,12.091
syr,2019,9.5094
syr,2020,5.5239
syr,2021,4.1618
syr,2022,3.0281
syr,2023,3.3334
syr,2024,4.0603
tca,1991,4.7521
tca,1992,4.5942
tca,1993,4.4496
tca,1994,4.3069
tca,1995,4.1747
tca,1996,4.0481
tca,1997,3.9261
tca,1998,3.8155
tca,1999,3.7079
tca,2000,3.6113
tca,2001,3.5166
tca,2002,3.4258
tca,2003,3.3445
tca,2004,3.2695
tca,2005,3.2020
tca,2006,3.1398
tca,2007,3.0851
tca,2008,3.0357
tca,2009,2.9914
tca,2010,2.9528
tca,2011,2.9131
tca,2012,2.8783
tca,2013,2.8462
tca,2014,2.8145
tca,2015,2.7866
tca,2016,2.7605
tca,2017,2.7328
tca,2018,2.7035
tca,2019,2.6714
tca,2020,2.6382
tca,2021,2.5991
tca,2022,2.5630
tca,2023,2.5239
tca,2024,2.4809
tcd,1991,28.867
tcd,1992,25.191
tcd,1993,25.370
tcd,1994,25.693
tcd,1995,25.959
tcd,1996,26.199
tcd,1997,26.338
tcd,1998,26.419
tcd,1999,26.336
tcd,2000,26.249
tcd,2001,26.175
tcd,2002,26.027
tcd,2003,25.819
tcd,2004,25.570
tcd,2005,25.280
tcd,2006,24.944
tcd,2007,24.588
tcd,2008,24.272
tcd,2009,23.971
tcd,2010,23.734
tcd,2011,23.314
tcd,2012,22.869
tcd,2013,22.385
tcd,2014,21.815
tcd,2015,21.192
tcd,2016,20.528
tcd,2017,19.836
tcd,2018,19.089
tcd,2019,18.369
tcd,2020,17.655
tcd,2021,16.979
tcd,2022,16.206
tcd,2023,15.531
tcd,2024,14.874
tgo,1991,12.122
tgo,1992,12.278
tgo,1993,12.474
tgo,1994,12.684
tgo,1995,12.926
tgo,1996,13.204
tgo,1997,13.507
tgo,1998,13.768
tgo,1999,14.021
tgo,2000,14.123
tgo,2001,14.296
tgo,2002,14.352
tgo,2003,14.381
tgo,2004,14.265
tgo,2005,14.164
tgo,2006,13.968
tgo,2007,13.723
tgo,2008,13.441
tgo,2009,13.073
tgo,2010,12.628
tgo,2011,12.117
tgo,2012,11.545
tgo,2013,10.920
tgo,2014,10.305
tgo,2015,9.7210
tgo,2016,9.1848
tgo,2017,8.6813
tgo,2018,8.2466
tgo,2019,7.8503
tgo,2020,7.5041
tgo,2021,7.1650
tgo,2022,6.8595
tgo,2023,6.5722
tgo,2024,6.2797
tha,1991,9.7991
tha,1992,10.160
tha,1993,10.670
tha,1994,11.349
tha,1995,11.895
tha,1996,11.928
tha,1997,11.440
tha,1998,10.669
tha,1999,9.9059
tha,2000,9.4241
tha,2001,9.4088
tha,2002,9.7188
tha,2003,10.099
tha,2004,10.361
tha,2005,10.835
tha,2006,10.233
tha,2007,9.9239
tha,2008,9.6366
tha,2009,9.4459
tha,2010,9.2690
tha,2011,9.0601
tha,2012,8.8224
tha,2013,8.6287
tha,2014,8.5245
tha,2015,8.5138
tha,2016,8.6031
tha,2017,8.7046
tha,2018,8.7031
tha,2019,8.5358
tha,2020,8.2561
tha,2021,7.9497
tha,2022,7.6666
tha,2023,7.4449
tha,2024,7.2692
tjk,1991,6.0694
tjk,1992,7.0090
tjk,1993,15.494
tjk,1994,20.122
tjk,1995,11.216
tjk,1996,8.5874
tjk,1997,9.5883
tjk,1998,6.8986
tjk,1999,6.1035
tjk,2000,5.4680
tjk,2001,5.3213
tjk,2002,4.6660
tjk,2003,4.4049
tjk,2004,4.1712
tjk,2005,3.9488
tjk,2006,3.7390
tjk,2007,3.5448
tjk,2008,3.3647
tjk,2009,3.1974
tjk,2010,3.0454
tjk,2011,3.1366
tjk,2012,3.0165
tjk,2013,2.7066
tjk,2014,2.6421
tjk,2015,2.6034
tjk,2016,2.5880
tjk,2017,2.6018
tjk,2018,2.6326
tjk,2019,2.6687
tjk,2020,2.6939
tjk,2021,2.6740
tjk,2022,2.5953
tjk,2023,2.4846
tjk,2024,2.3659
tkm,1991,7.1623
tkm,1992,7.4078
tkm,1993,7.6701
tkm,1994,7.9948
tkm,1995,8.4112
tkm,1996,8.8947
tkm,1997,9.2999
tkm,1998,9.4446
tkm,1999,9.3071
tkm,2000,8.9845
tkm,2001,8.6349
tkm,2002,8.3542
tkm,2003,8.2238
tkm,2004,8.1919
tkm,2005,8.1661
tkm,2006,8.0900
tkm,2007,7.8941
tkm,2008,7.5596
tkm,2009,7.1363
tkm,2010,6.7596
tkm,2011,6.5072
tkm,2012,6.3260
tkm,2013,6.2059
tkm,2014,6.1174
tkm,2015,6.0062
tkm,2016,5.8375
tkm,2017,5.6259
tkm,2018,5.3836
tkm,2019,5.1122
tkm,2020,4.8427
tkm,2021,4.5993
tkm,2022,4.3603
tkm,2023,4.1584
tkm,2024,3.9520
tls,1991,22.931
tls,1992,24.556
tls,1993,24.371
tls,1994,24.534
tls,1995,24.801
tls,1996,26.835
tls,1997,26.791
tls,1998,26.525
tls,1999,27.641
tls,2000,35.115
tls,2001,13.154
tls,2002,12.045
tls,2003,11.119
tls,2004,10.295
tls,2005,9.6094
tls,2006,9.1042
tls,2007,8.7141
tls,2008,8.4885
tls,2009,8.3966
tls,2010,8.4450
tls,2011,8.6892
tls,2012,9.1344
tls,2013,9.7793
tls,2014,10.694
tls,2015,11.854
tls,2016,13.138
tls,2017,14.126
tls,2018,14.505
tls,2019,14.375
tls,2020,14.033
tls,2021,13.637
tls,2022,13.190
tls,2023,12.654
tls,2024,12.187
ton,1991,2.3920
ton,1992,2.6314
ton,1993,2.8736
ton,1994,3.1239
ton,1995,3.3724
ton,1996,3.6083
ton,1997,3.8530
ton,1998,4.0853
ton,1999,4.3334
ton,2000,4.5877
ton,2001,4.8288
ton,2002,5.0705
ton,2003,5.2802
ton,2004,5.4461
ton,2005,5.5457
ton,2006,5.5440
ton,2007,5.4758
ton,2008,5.3091
ton,2009,5.0597
ton,2010,4.7834
ton,2011,4.4882
ton,2012,4.2079
ton,2013,3.9700
ton,2014,3.7695
ton,2015,3.5800
ton,2016,3.4025
ton,2017,3.2436
ton,2018,3.0881
ton,2019,2.9196
ton,2020,2.7655
ton,2021,2.6272
ton,2022,2.5075
ton,2023,2.3842
ton,2024,2.2517
tto,1991,5.6620
tto,1992,5.6566
tto,1993,5.6604
tto,1994,5.6646
tto,1995,5.6712
tto,1996,5.6727
tto,1997,5.6649
tto,1998,5.6499
tto,1999,5.6309
tto,2000,5.6225
tto,2001,5.6408
tto,2002,5.6954
tto,2003,5.7922
tto,2004,5.9185
tto,2005,6.0746
tto,2006,6.2742
tto,2007,6.5295
tto,2008,6.7739
tto,2009,6.8673
tto,2010,6.7403
tto,2011,6.4604
tto,2012,6.1297
tto,2013,5.8306
tto,2014,5.6207
tto,2015,5.5260
tto,2016,5.5024
tto,2017,5.4869
tto,2018,5.4733
tto,2019,5.4343
tto,2020,5.3659
tto,2021,5.2650
tto,2022,5.0940
tto,2023,4.8663
tto,2024,4.9937
tun,1991,5.7020
tun,1992,5.7222
tun,1993,5.7321
tun,1994,5.7138
tun,1995,5.6587
tun,1996,5.5721
tun,1997,5.4697
tun,1998,5.3674
tun,1999,5.2587
tun,2000,5.1318
tun,2001,4.9858
tun,2002,4.8328
tun,2003,4.6792
tun,2004,4.5255
tun,2005,4.3833
tun,2006,4.2565
tun,2007,4.1505
tun,2008,4.0632
tun,2009,4.0018
tun,2010,3.9619
tun,2011,3.9444
tun,2012,3.9536
tun,2013,3.9904
tun,2014,4.0481
tun,2015,4.1248
tun,2016,4.2033
tun,2017,4.2617
tun,2018,4.2831
tun,2019,4.2737
tun,2020,4.2490
tun,2021,4.2280
tun,2022,4.2389
tun,2023,4.2767
tun,2024,4.2938
tur,1991,5.7933
tur,1992,5.9119
tur,1993,6.0255
tur,1994,6.1110
tur,1995,6.1757
tur,1996,6.4657
tur,1997,6.2463
tur,1998,6.2272
tur,1999,6.1856
tur,2000,7.7674
tur,2001,6.0573
tur,2002,5.9342
tur,2003,5.8013
tur,2004,5.6295
tur,2005,5.4599
tur,2006,5.2889
tur,2007,5.0977
tur,2008,4.9108
tur,2009,4.7322
tur,2010,4.5494
tur,2011,4.3531
tur,2012,4.1410
tur,2013,3.9297
tur,2014,3.7485
tur,2015,3.6282
tur,2016,3.5333
tur,2017,3.4113
tur,2018,3.2529
tur,2019,3.0985
tur,2020,3.0002
tur,2021,2.9641
tur,2022,2.9845
tur,2023,3.0459
tur,2024,6.8097
tuv,1991,8.9832
tuv,1992,8.9213
tuv,1993,8.8465
tuv,1994,8.7590
tuv,1995,8.6579
tuv,1996,8.5382
tuv,1997,8.4026
tuv,1998,8.2549
tuv,1999,8.0956
tuv,2000,7.9462
tuv,2001,7.8085
tuv,2002,7.6923
tuv,2003,7.5897
tuv,2004,7.4935
tuv,2005,7.3896
tuv,2006,7.2794
tuv,2007,7.1458
tuv,2008,6.9959
tuv,2009,6.8285
tuv,2010,6.6579
tuv,2011,6.4932
tuv,2012,6.3390
tuv,2013,6.1947
tuv,2014,6.0578
tuv,2015,5.9296
tuv,2016,5.8027
tuv,2017,5.6790
tuv,2018,5.5546
tuv,2019,5.4435
tuv,2020,5.3301
tuv,2021,5.2179
tuv,2022,5.1186
tuv,2023,5.0170
tuv,2024,4.9188
tza,1991,15.833
tza,1992,16.381
tza,1993,16.849
tza,1994,17.177
tza,1995,17.345
tza,1996,17.266
tza,1997,17.149
tza,1998,16.864
tza,1999,16.373
tza,2000,15.829
tza,2001,15.289
tza,2002,14.606
tza,2003,13.869
tza,2004,13.115
tza,2005,12.433
tza,2006,11.669
tza,2007,10.987
tza,2008,10.314
tza,2009,9.7928
tza,2010,9.3703
tza,2011,9.0745
tza,2012,8.7086
tza,2013,8.2766
tza,2014,7.8172
tza,2015,7.3365
tza,2016,6.9129
tza,2017,6.6002
tza,2018,6.3265
tza,2019,6.0813
tza,2020,5.8799
tza,2021,5.7215
tza,2022,5.5762
tza,2023,5.4186
tza,2024,5.2175
uga,1991,21.505
uga,1992,22.135
uga,1993,22.675
uga,1994,23.083
uga,1995,23.325
uga,1996,23.348
uga,1997,23.146
uga,1998,22.813
uga,1999,22.295
uga,2000,21.696
uga,2001,20.936
uga,2002,20.105
uga,2003,19.175
uga,2004,18.302
uga,2005,17.387
uga,2006,16.532
uga,2007,15.728
uga,2008,15.069
uga,2009,14.518
uga,2010,14.144
uga,2011,13.831
uga,2012,13.676
uga,2013,13.655
uga,2014,13.680
uga,2015,13.743
uga,2016,13.790
uga,2017,13.706
uga,2018,13.454
uga,2019,13.085
uga,2020,12.665
uga,2021,12.273
uga,2022,11.839
uga,2023,11.334
uga,2024,10.880
ukr,1991,6.4139
ukr,1992,6.5493
ukr,1993,6.6666
ukr,1994,6.8687
ukr,1995,7.0699
ukr,1996,7.0546
ukr,1997,6.7712
ukr,1998,6.4449
ukr,1999,6.2790
ukr,2000,6.2442
ukr,2001,6.2112
ukr,2002,6.0995
ukr,2003,5.9081
ukr,2004,5.6701
ukr,2005,5.4511
ukr,2006,5.3450
ukr,2007,5.3526
ukr,2008,5.3098
ukr,2009,5.0685
ukr,2010,4.7073
ukr,2011,4.3957
ukr,2012,4.2086
ukr,2013,4.0890
ukr,2014,3.9896
ukr,2015,4.1573
ukr,2016,3.7322
ukr,2017,3.5591
ukr,2018,3.4023
ukr,2019,3.3025
ukr,2020,3.2662
ukr,2021,3.2946
ukr,2022,3.3759
ukr,2023,7.5965
ukr,2024,6.4844
unicef_eap,1991,7.3511
unicef_eap,1992,7.2359
unicef_eap,1993,7.0905
unicef_eap,1994,6.9691
unicef_eap,1995,6.8533
unicef_eap,1996,6.8007
unicef_eap,1997,6.6264
unicef_eap,1998,6.4252
unicef_eap,1999,6.2309
unicef_eap,2000,6.0285
unicef_eap,2001,5.8308
unicef_eap,2002,5.6665
unicef_eap,2003,5.5134
unicef_eap,2004,5.2864
unicef_eap,2005,5.6447
unicef_eap,2006,4.9554
unicef_eap,2007,4.7978
unicef_eap,2008,4.6719
unicef_eap,2009,4.8393
unicef_eap,2010,4.4311
unicef_eap,2011,4.3176
unicef_eap,2012,4.2317
unicef_eap,2013,4.0819
unicef_eap,2014,3.9891
unicef_eap,2015,3.8545
unicef_eap,2016,3.7555
unicef_eap,2017,3.6577
unicef_eap,2018,3.5565
unicef_eap,2019,3.4528
unicef_eap,2020,3.3592
unicef_eap,2021,3.2767
unicef_eap,2022,3.2240
unicef_eap,2023,3.1666
unicef_eap,2024,3.0874
unicef_eapro,1991,7.6897
unicef_eapro,1992,7.5693
unicef_eapro,1993,7.4157
unicef_eapro,1994,7.2891
unicef_eapro,1995,7.1556
unicef_eapro,1996,7.0875
unicef_eapro,1997,6.9009
unicef_eapro,1998,6.6817
unicef_eapro,1999,6.4766
unicef_eapro,2000,6.2651
unicef_eapro,2001,6.0578
unicef_eapro,2002,5.8859
unicef_eapro,2003,5.7266
unicef_eapro,2004,5.4862
unicef_eapro,2005,5.8719
unicef_eapro,2006,5.1407
unicef_eapro,2007,4.9800
unicef_eapro,2008,4.8525
unicef_eapro,2009,5.0395
unicef_eapro,2010,4.6114
unicef_eapro,2011,4.5003
unicef_eapro,2012,4.3842
unicef_eapro,2013,4.2629
unicef_eapro,2014,4.1693
unicef_eapro,2015,4.0289
unicef_eapro,2016,3.9261
unicef_eapro,2017,3.8212
unicef_eapro,2018,3.7119
unicef_eapro,2019,3.5978
unicef_eapro,2020,3.4933
unicef_eapro,2021,3.3992
unicef_eapro,2022,3.3408
unicef_eapro,2023,3.2741
unicef_eapro,2024,3.1860
unicef_eca,1991,5.4019
unicef_eca,1992,5.5354
unicef_eca,1993,5.9615
unicef_eca,1994,6.1363
unicef_eca,1995,5.9294
unicef_eca,1996,5.8203
unicef_eca,1997,5.6371
unicef_eca,1998,5.5126
unicef_eca,1999,5.4590
unicef_eca,2000,5.5956
unicef_eca,2001,5.3436
unicef_eca,2002,5.2053
unicef_eca,2003,5.0208
unicef_eca,2004,4.8003
unicef_eca,2005,4.5954
unicef_eca,2006,4.4368
unicef_eca,2007,4.2918
unicef_eca,2008,4.1158
unicef_eca,2009,3.9152
unicef_eca,2010,3.7029
unicef_eca,2011,3.5199
unicef_eca,2012,3.3570
unicef_eca,2013,3.2183
unicef_eca,2014,3.1036
unicef_eca,2015,3.0213
unicef_eca,2016,2.9181
unicef_eca,2017,2.8273
unicef_eca,2018,2.7401
unicef_eca,2019,2.6625
unicef_eca,2020,2.6175
unicef_eca,2021,2.6452
unicef_eca,2022,2.6389
unicef_eca,2023,2.8785
unicef_eca,2024,3.3422
unicef_ecaro,1991,6.0686
unicef_ecaro,1992,6.2599
unicef_ecaro,1993,7.2432
unicef_ecaro,1994,7.5027
unicef_ecaro,1995,6.8318
unicef_ecaro,1996,6.6946
unicef_ecaro,1997,6.4392
unicef_ecaro,1998,6.2588
unicef_ecaro,1999,6.1490
unicef_ecaro,2000,6.5208
unicef_ecaro,2001,5.9483
unicef_ecaro,2002,5.7425
unicef_ecaro,2003,5.5290
unicef_ecaro,2004,5.3384
unicef_ecaro,2005,5.1758
unicef_ecaro,2006,5.0659
unicef_ecaro,2007,4.9801
unicef_ecaro,2008,4.8713
unicef_ecaro,2009,4.7286
unicef_ecaro,2010,4.5345
unicef_ecaro,2011,4.3733
unicef_ecaro,2012,4.2214
unicef_ecaro,2013,4.0864
unicef_ecaro,2014,3.9724
unicef_ecaro,2015,3.9292
unicef_ecaro,2016,3.8296
unicef_ecaro,2017,3.7496
unicef_ecaro,2018,3.6461
unicef_ecaro,2019,3.5357
unicef_ecaro,2020,3.4711
unicef_ecaro,2021,3.5582
unicef_ecaro,2022,3.5316
unicef_ecaro,2023,4.0799
unicef_ecaro,2024,5.2233
unicef_eeca,1991,6.7016
unicef_eeca,1992,6.9955
unicef_eeca,1993,7.8986
unicef_eeca,1994,8.3280
unicef_eeca,1995,8.0041
unicef_eeca,1996,7.8546
unicef_eeca,1997,7.5500
unicef_eeca,1998,7.3481
unicef_eeca,1999,7.2772
unicef_eeca,2000,7.5595
unicef_eeca,2001,7.1644
unicef_eeca,2002,6.9837
unicef_eeca,2003,6.7287
unicef_eeca,2004,6.4368
unicef_eeca,2005,6.1834
unicef_eeca,2006,6.0077
unicef_eeca,2007,5.8521
unicef_eeca,2008,5.6453
unicef_eeca,2009,5.3922
unicef_eeca,2010,5.1154
unicef_eeca,2011,4.8879
unicef_eeca,2012,4.6893
unicef_eeca,2013,4.5235
unicef_eeca,2014,4.3845
unicef_eeca,2015,4.2922
unicef_eeca,2016,4.1444
unicef_eeca,2017,4.0085
unicef_eeca,2018,3.8636
unicef_eeca,2019,3.7277
unicef_eeca,2020,3.6461
unicef_eeca,2021,3.6953
unicef_eeca,2022,3.6629
unicef_eeca,2023,4.1205
unicef_eeca,2024,5.0045
unicef_esa,1991,28.636
unicef_esa,1992,29.865
unicef_esa,1993,32.023
unicef_esa,1994,31.389
unicef_esa,1995,42.544
unicef_esa,1996,27.571
unicef_esa,1997,27.236
unicef_esa,1998,26.816
unicef_esa,1999,28.177
unicef_esa,2000,24.829
unicef_esa,2001,23.475
unicef_esa,2002,22.753
unicef_esa,2003,22.054
unicef_esa,2004,21.268
unicef_esa,2005,20.827
unicef_esa,2006,20.089
unicef_esa,2007,18.982
unicef_esa,2008,18.092
unicef_esa,2009,17.520
unicef_esa,2010,16.687
unicef_esa,2011,16.136
unicef_esa,2012,16.742
unicef_esa,2013,15.067
unicef_esa,2014,14.353
unicef_esa,2015,14.438
unicef_esa,2016,14.291
unicef_esa,2017,14.123
unicef_esa,2018,14.007
unicef_esa,2019,12.779
unicef_esa,2020,12.142
unicef_esa,2021,11.868
unicef_esa,2022,11.602
unicef_esa,2023,11.611
unicef_esa,2024,11.237
unicef_esaro,1991,28.979
unicef_esaro,1992,30.336
unicef_esaro,1993,32.722
unicef_esaro,1994,32.037
unicef_esaro,1995,44.218
unicef_esaro,1996,27.951
unicef_esaro,1997,27.662
unicef_esaro,1998,27.265
unicef_esaro,1999,28.784
unicef_esaro,2000,25.187
unicef_esaro,2001,23.746
unicef_esaro,2002,23.007
unicef_esaro,2003,22.201
unicef_esaro,2004,21.181
unicef_esaro,2005,20.456
unicef_esaro,2006,19.736
unicef_esaro,2007,18.975
unicef_esaro,2008,18.194
unicef_esaro,2009,17.455
unicef_esaro,2010,16.723
unicef_esaro,2011,16.174
unicef_esaro,2012,16.852
unicef_esaro,2013,15.070
unicef_esaro,2014,14.304
unicef_esaro,2015,14.428
unicef_esaro,2016,14.275
unicef_esaro,2017,14.104
unicef_esaro,2018,14.013
unicef_esaro,2019,12.680
unicef_esaro,2020,12.027
unicef_esaro,2021,11.776
unicef_esaro,2022,11.510
unicef_esaro,2023,11.554
unicef_esaro,2024,11.084
unicef_lac,1991,8.3500
unicef_lac,1992,8.2767
unicef_lac,1993,8.2317
unicef_lac,1994,8.1803
unicef_lac,1995,8.1154
unicef_lac,1996,8.0342
unicef_lac,1997,7.9207
unicef_lac,1998,7.7877
unicef_lac,1999,7.8768
unicef_lac,2000,7.5733
unicef_lac,2001,7.5099
unicef_lac,2002,7.4585
unicef_lac,2003,7.3611
unicef_lac,2004,7.2340
unicef_lac,2005,7.1061
unicef_lac,2006,6.9901
unicef_lac,2007,6.9267
unicef_lac,2008,6.9497
unicef_lac,2009,7.0208
unicef_lac,2010,7.0992
unicef_lac,2011,8.1167
unicef_lac,2012,7.1310
unicef_lac,2013,7.0763
unicef_lac,2014,7.0057
unicef_lac,2015,6.9381
unicef_lac,2016,6.8749
unicef_lac,2017,6.7862
unicef_lac,2018,6.6614
unicef_lac,2019,6.4865
unicef_lac,2020,6.3236
unicef_lac,2021,6.1967
unicef_lac,2022,6.1047
unicef_lac,2023,5.9964
unicef_lac,2024,5.8992
unicef_lacro,1991,8.3517
unicef_lacro,1992,8.2782
unicef_lacro,1993,8.2327
unicef_lacro,1994,8.1816
unicef_lacro,1995,8.1163
unicef_lacro,1996,8.0349
unicef_lacro,1997,7.9213
unicef_lacro,1998,7.7878
unicef_lacro,1999,7.8773
unicef_lacro,2000,7.5736
unicef_lacro,2001,7.5103
unicef_lacro,2002,7.4587
unicef_lacro,2003,7.3615
unicef_lacro,2004,7.2343
unicef_lacro,2005,7.1062
unicef_lacro,2006,6.9903
unicef_lacro,2007,6.9267
unicef_lacro,2008,6.9496
unicef_lacro,2009,7.0209
unicef_lacro,2010,7.0990
unicef_lacro,2011,8.1173
unicef_lacro,2012,7.1307
unicef_lacro,2013,7.0759
unicef_lacro,2014,7.0053
unicef_lacro,2015,6.9377
unicef_lacro,2016,6.8745
unicef_lacro,2017,6.7860
unicef_lacro,2018,6.6614
unicef_lacro,2019,6.4865
unicef_lacro,2020,6.3208
unicef_lacro,2021,6.1971
unicef_lacro,2022,6.1052
unicef_lacro,2023,5.9970
unicef_lacro,2024,5.8997
unicef_mena,1991,11.347
unicef_mena,1992,9.4458
unicef_mena,1993,8.6149
unicef_mena,1994,8.3001
unicef_mena,1995,8.1103
unicef_mena,1996,7.7919
unicef_mena,1997,7.4898
unicef_mena,1998,7.2818
unicef_mena,1999,7.0662
unicef_mena,2000,6.8113
unicef_mena,2001,6.6496
unicef_mena,2002,6.5241
unicef_mena,2003,6.3994
unicef_mena,2004,7.1265
unicef_mena,2005,6.4246
unicef_mena,2006,6.3764
unicef_mena,2007,6.4938
unicef_mena,2008,6.4553
unicef_mena,2009,6.2521
unicef_mena,2010,6.0739
unicef_mena,2011,5.9956
unicef_mena,2012,6.0714
unicef_mena,2013,6.4482
unicef_mena,2014,6.4112
unicef_mena,2015,6.2781
unicef_mena,2016,6.4965
unicef_mena,2017,6.4948
unicef_mena,2018,6.3044
unicef_mena,2019,6.1323
unicef_mena,2020,5.7828
unicef_mena,2021,5.5039
unicef_mena,2022,5.3484
unicef_mena,2023,5.2292
unicef_mena,2024,5.8100
unicef_menaro,1991,12.611
unicef_menaro,1992,10.745
unicef_menaro,1993,9.8878
unicef_menaro,1994,9.5441
unicef_menaro,1995,9.3319
unicef_menaro,1996,8.9948
unicef_menaro,1997,8.6663
unicef_menaro,1998,8.4311
unicef_menaro,1999,8.1841
unicef_menaro,2000,7.8989
unicef_menaro,2001,7.7023
unicef_menaro,2002,7.5352
unicef_menaro,2003,7.4592
unicef_menaro,2004,8.2794
unicef_menaro,2005,7.8119
unicef_menaro,2006,7.7294
unicef_menaro,2007,7.4947
unicef_menaro,2008,7.2980
unicef_menaro,2009,7.2294
unicef_menaro,2010,6.9260
unicef_menaro,2011,6.8510
unicef_menaro,2012,6.9279
unicef_menaro,2013,7.2688
unicef_menaro,2014,7.2280
unicef_menaro,2015,7.1057
unicef_menaro,2016,7.3043
unicef_menaro,2017,7.2875
unicef_menaro,2018,7.1052
unicef_menaro,2019,6.9460
unicef_menaro,2020,6.6057
unicef_menaro,2021,6.3283
unicef_menaro,2022,6.1616
unicef_menaro,2023,6.0181
unicef_menaro,2024,6.6345
unicef_na,1991,5.4688
unicef_na,1992,5.4078
unicef_na,1993,5.3602
unicef_na,1994,5.3260
unicef_na,1995,5.2557
unicef_na,1996,5.1114
unicef_na,1997,4.9115
unicef_na,1998,4.7009
unicef_na,1999,4.5133
unicef_na,2000,4.3607
unicef_na,2001,4.2546
unicef_na,2002,4.1857
unicef_na,2003,4.1318
unicef_na,2004,4.0781
unicef_na,2005,4.0212
unicef_na,2006,3.9573
unicef_na,2007,3.8622
unicef_na,2008,3.7106
unicef_na,2009,3.5081
unicef_na,2010,3.3011
unicef_na,2011,3.1314
unicef_na,2012,3.0076
unicef_na,2013,2.9354
unicef_na,2014,2.9149
unicef_na,2015,2.9355
unicef_na,2016,2.9894
unicef_na,2017,3.0600
unicef_na,2018,3.1292
unicef_na,2019,3.1961
unicef_na,2020,3.2911
unicef_na,2021,3.4447
unicef_na,2022,3.5949
unicef_na,2023,3.6182
unicef_na,2024,3.4669
unicef_rosa,1991,16.240
unicef_rosa,1992,16.681
unicef_rosa,1993,15.665
unicef_rosa,1994,15.265
unicef_rosa,1995,15.017
unicef_rosa,1996,14.692
unicef_rosa,1997,14.340
unicef_rosa,1998,13.968
unicef_rosa,1999,13.600
unicef_rosa,2000,13.111
unicef_rosa,2001,12.720
unicef_rosa,2002,12.368
unicef_rosa,2003,12.049
unicef_rosa,2004,11.742
unicef_rosa,2005,11.593
unicef_rosa,2006,11.563
unicef_rosa,2007,10.919
unicef_rosa,2008,10.612
unicef_rosa,2009,10.274
unicef_rosa,2010,9.9289
unicef_rosa,2011,9.4845
unicef_rosa,2012,9.0831
unicef_rosa,2013,8.6895
unicef_rosa,2014,8.3064
unicef_rosa,2015,7.9811
unicef_rosa,2016,7.7037
unicef_rosa,2017,7.3335
unicef_rosa,2018,7.0239
unicef_rosa,2019,6.7151
unicef_rosa,2020,6.3817
unicef_rosa,2021,6.0696
unicef_rosa,2022,5.8098
unicef_rosa,2023,5.4438
unicef_rosa,2024,5.2173
unicef_sa,1991,16.240
unicef_sa,1992,16.681
unicef_sa,1993,15.665
unicef_sa,1994,15.265
unicef_sa,1995,15.017
unicef_sa,1996,14.692
unicef_sa,1997,14.340
unicef_sa,1998,13.968
unicef_sa,1999,13.600
unicef_sa,2000,13.111
unicef_sa,2001,12.720
unicef_sa,2002,12.368
unicef_sa,2003,12.049
unicef_sa,2004,11.742
unicef_sa,2005,11.593
unicef_sa,2006,11.563
unicef_sa,2007,10.919
unicef_sa,2008,10.612
unicef_sa,2009,10.274
unicef_sa,2010,9.9289
unicef_sa,2011,9.4845
unicef_sa,2012,9.0831
unicef_sa,2013,8.6895
unicef_sa,2014,8.3064
unicef_sa,2015,7.9811
unicef_sa,2016,7.7037
unicef_sa,2017,7.3335
unicef_sa,2018,7.0239
unicef_sa,2019,6.7151
unicef_sa,2020,6.3817
unicef_sa,2021,6.0696
unicef_sa,2022,5.8098
unicef_sa,2023,5.4438
unicef_sa,2024,5.2173
unicef_ssa,1991,28.025
unicef_ssa,1992,28.277
unicef_ssa,1993,29.190
unicef_ssa,1994,28.624
unicef_ssa,1995,34.511
unicef_ssa,1996,26.198
unicef_ssa,1997,25.968
unicef_ssa,1998,25.516
unicef_ssa,1999,26.317
unicef_ssa,2000,24.360
unicef_ssa,2001,23.216
unicef_ssa,2002,22.701
unicef_ssa,2003,22.184
unicef_ssa,2004,21.628
unicef_ssa,2005,21.228
unicef_ssa,2006,20.671
unicef_ssa,2007,19.912
unicef_ssa,2008,19.283
unicef_ssa,2009,18.835
unicef_ssa,2010,19.433
unicef_ssa,2011,17.866
unicef_ssa,2012,18.032
unicef_ssa,2013,16.993
unicef_ssa,2014,16.516
unicef_ssa,2015,16.561
unicef_ssa,2016,16.145
unicef_ssa,2017,15.881
unicef_ssa,2018,15.731
unicef_ssa,2019,14.798
unicef_ssa,2020,14.667
unicef_ssa,2021,13.979
unicef_ssa,2022,13.804
unicef_ssa,2023,14.305
unicef_ssa,2024,13.095
unicef_wca,1991,25.040
unicef_wca,1992,24.354
unicef_wca,1993,23.956
unicef_wca,1994,23.644
unicef_wca,1995,23.356
unicef_wca,1996,23.079
unicef_wca,1997,23.036
unicef_wca,1998,22.624
unicef_wca,1999,22.767
unicef_wca,2000,22.509
unicef_wca,2001,21.664
unicef_wca,2002,21.416
unicef_wca,2003,21.158
unicef_wca,2004,20.929
unicef_wca,2005,20.578
unicef_wca,2006,20.263
unicef_wca,2007,19.961
unicef_wca,2008,19.646
unicef_wca,2009,19.316
unicef_wca,2010,21.480
unicef_wca,2011,18.828
unicef_wca,2012,18.436
unicef_wca,2013,18.106
unicef_wca,2014,17.828
unicef_wca,2015,17.780
unicef_wca,2016,17.077
unicef_wca,2017,16.688
unicef_wca,2018,16.441
unicef_wca,2019,15.823
unicef_wca,2020,16.190
unicef_wca,2021,15.010
unicef_wca,2022,14.863
unicef_wca,2023,15.815
unicef_wca,2024,13.753
unicef_wcaro,1991,25.040
unicef_wcaro,1992,24.354
unicef_wcaro,1993,23.956
unicef_wcaro,1994,23.644
unicef_wcaro,1995,23.356
unicef_wcaro,1996,23.079
unicef_wcaro,1997,23.036
unicef_wcaro,1998,22.624
unicef_wcaro,1999,22.767
unicef_wcaro,2000,22.509
unicef_wcaro,2001,21.664
unicef_wcaro,2002,21.416
unicef_wcaro,2003,21.158
unicef_wcaro,2004,20.929
unicef_wcaro,2005,20.578
unicef_wcaro,2006,20.263
unicef_wcaro,2007,19.961
unicef_wcaro,2008,19.646
unicef_wcaro,2009,19.316
unicef_wcaro,2010,21.480
unicef_wcaro,2011,18.828
unicef_wcaro,2012,18.436
unicef_wcaro,2013,18.106
unicef_wcaro,2014,17.828
unicef_wcaro,2015,17.780
unicef_wcaro,2016,17.077
unicef_wcaro,2017,16.688
unicef_wcaro,2018,16.441
unicef_wcaro,2019,15.823
unicef_wcaro,2020,16.190
unicef_wcaro,2021,15.010
unicef_wcaro,2022,14.863
unicef_wcaro,2023,15.815
unicef_wcaro,2024,13.753
unicef_we,1991,4.0257
unicef_we,1992,3.9754
unicef_we,1993,3.8773
unicef_we,1994,3.7493
unicef_we,1995,3.6229
unicef_we,1996,3.5177
unicef_we,1997,3.4327
unicef_we,1998,3.3587
unicef_we,1999,3.2866
unicef_we,2000,3.2046
unicef_we,2001,3.1094
unicef_we,2002,3.0030
unicef_we,2003,2.8893
unicef_we,2004,2.7713
unicef_we,2005,2.6557
unicef_we,2006,2.5508
unicef_we,2007,2.4558
unicef_we,2008,2.3651
unicef_we,2009,2.2715
unicef_we,2010,2.1712
unicef_we,2011,2.0673
unicef_we,2012,1.9660
unicef_we,2013,1.8732
unicef_we,2014,1.7948
unicef_we,2015,1.7332
unicef_we,2016,1.6865
unicef_we,2017,1.6505
unicef_we,2018,1.6209
unicef_we,2019,1.5966
unicef_we,2020,1.5798
unicef_we,2021,1.5745
unicef_we,2022,1.5800
unicef_we,2023,1.5923
unicef_we,2024,1.6003
unsdg_australianewzealand,1991,4.5242
unsdg_australianewzealand,1992,4.2836
unsdg_australianewzealand,1993,4.0832
unsdg_australianewzealand,1994,3.9555
unsdg_australianewzealand,1995,3.8940
unsdg_australianewzealand,1996,3.8863
unsdg_australianewzealand,1997,3.8996
unsdg_australianewzealand,1998,3.8934
unsdg_australianewzealand,1999,3.8278
unsdg_australianewzealand,2000,3.6896
unsdg_australianewzealand,2001,3.4873
unsdg_australianewzealand,2002,3.2660
unsdg_australianewzealand,2003,3.0807
unsdg_australianewzealand,2004,2.9476
unsdg_australianewzealand,2005,2.8494
unsdg_australianewzealand,2006,2.7706
unsdg_australianewzealand,2007,2.6993
unsdg_australianewzealand,2008,2.6239
unsdg_australianewzealand,2009,2.5435
unsdg_australianewzealand,2010,2.4657
unsdg_australianewzealand,2011,2.3941
unsdg_australianewzealand,2012,2.3256
unsdg_australianewzealand,2013,2.2530
unsdg_australianewzealand,2014,2.1794
unsdg_australianewzealand,2015,2.1178
unsdg_australianewzealand,2016,2.0797
unsdg_australianewzealand,2017,2.0648
unsdg_australianewzealand,2018,2.0673
unsdg_australianewzealand,2019,2.0784
unsdg_australianewzealand,2020,2.0825
unsdg_australianewzealand,2021,2.0665
unsdg_australianewzealand,2022,2.0234
unsdg_australianewzealand,2023,1.9510
unsdg_australianewzealand,2024,1.8604
unsdg_centralasia,1991,7.2704
unsdg_centralasia,1992,7.5413
unsdg_centralasia,1993,8.6362
unsdg_centralasia,1994,9.2666
unsdg_centralasia,1995,8.3848
unsdg_centralasia,1996,8.1323
unsdg_centralasia,1997,8.2106
unsdg_centralasia,1998,7.7867
unsdg_centralasia,1999,7.5117
unsdg_centralasia,2000,7.2064
unsdg_centralasia,2001,6.9318
unsdg_centralasia,2002,6.5822
unsdg_centralasia,2003,6.2839
unsdg_centralasia,2004,6.0201
unsdg_centralasia,2005,5.8071
unsdg_centralasia,2006,5.6570
unsdg_centralasia,2007,5.5350
unsdg_centralasia,2008,5.3944
unsdg_centralasia,2009,5.2316
unsdg_centralasia,2010,5.0817
unsdg_centralasia,2011,5.0029
unsdg_centralasia,2012,4.9287
unsdg_centralasia,2013,4.8479
unsdg_centralasia,2014,4.8119
unsdg_centralasia,2015,4.7844
unsdg_centralasia,2016,4.7611
unsdg_centralasia,2017,4.7229
unsdg_centralasia,2018,4.6516
unsdg_centralasia,2019,4.5542
unsdg_centralasia,2020,4.4852
unsdg_centralasia,2021,4.4938
unsdg_centralasia,2022,4.5791
unsdg_centralasia,2023,4.7268
unsdg_centralasia,2024,4.9072
unsdg_centralasiasouthernasia,1991,15.884
unsdg_centralasiasouthernasia,1992,16.032
unsdg_centralasiasouthernasia,1993,15.111
unsdg_centralasiasouthernasia,1994,14.734
unsdg_centralasiasouthernasia,1995,14.446
unsdg_centralasiasouthernasia,1996,14.123
unsdg_centralasiasouthernasia,1997,13.773
unsdg_centralasiasouthernasia,1998,13.410
unsdg_centralasiasouthernasia,1999,13.038
unsdg_centralasiasouthernasia,2000,12.572
unsdg_centralasiasouthernasia,2001,12.204
unsdg_centralasiasouthernasia,2002,11.872
unsdg_centralasiasouthernasia,2003,11.579
unsdg_centralasiasouthernasia,2004,11.459
unsdg_centralasiasouthernasia,2005,11.171
unsdg_centralasiasouthernasia,2006,11.160
unsdg_centralasiasouthernasia,2007,10.586
unsdg_centralasiasouthernasia,2008,10.320
unsdg_centralasiasouthernasia,2009,10.018
unsdg_centralasiasouthernasia,2010,9.7048
unsdg_centralasiasouthernasia,2011,9.2904
unsdg_centralasiasouthernasia,2012,8.9063
unsdg_centralasiasouthernasia,2013,8.5241
unsdg_centralasiasouthernasia,2014,8.1541
unsdg_centralasiasouthernasia,2015,7.8425
unsdg_centralasiasouthernasia,2016,7.5811
unsdg_centralasiasouthernasia,2017,7.2352
unsdg_centralasiasouthernasia,2018,6.9457
unsdg_centralasiasouthernasia,2019,6.6590
unsdg_centralasiasouthernasia,2020,6.3427
unsdg_centralasiasouthernasia,2021,6.0450
unsdg_centralasiasouthernasia,2022,5.8038
unsdg_centralasiasouthernasia,2023,5.4618
unsdg_centralasiasouthernasia,2024,5.2574
unsdg_easternasia,1991,5.8552
unsdg_easternasia,1992,5.7283
unsdg_easternasia,1993,5.5837
unsdg_easternasia,1994,5.4382
unsdg_easternasia,1995,5.2938
unsdg_easternasia,1996,5.2613
unsdg_easternasia,1997,5.0897
unsdg_easternasia,1998,4.9135
unsdg_easternasia,1999,4.7573
unsdg_easternasia,2000,4.5850
unsdg_easternasia,2001,4.4192
unsdg_easternasia,2002,4.2663
unsdg_easternasia,2003,4.1155
unsdg_easternasia,2004,3.8598
unsdg_easternasia,2005,3.7226
unsdg_easternasia,2006,3.5838
unsdg_easternasia,2007,3.4401
unsdg_easternasia,2008,3.2972
unsdg_easternasia,2009,3.1380
unsdg_easternasia,2010,2.9692
unsdg_easternasia,2011,2.8027
unsdg_easternasia,2012,2.6954
unsdg_easternasia,2013,2.4990
unsdg_easternasia,2014,2.3646
unsdg_easternasia,2015,2.2368
unsdg_easternasia,2016,2.1273
unsdg_easternasia,2017,2.0208
unsdg_easternasia,2018,1.9172
unsdg_easternasia,2019,1.8371
unsdg_easternasia,2020,1.7529
unsdg_easternasia,2021,1.6818
unsdg_easternasia,2022,1.6153
unsdg_easternasia,2023,1.5593
unsdg_easternasia,2024,1.4965
unsdg_easternasiasoutheasternasia,1991,7.3550
unsdg_easternasiasoutheasternasia,1992,7.2360
unsdg_easternasiasoutheasternasia,1993,7.0918
unsdg_easternasiasoutheasternasia,1994,6.9738
unsdg_easternasiasoutheasternasia,1995,6.8518
unsdg_easternasiasoutheasternasia,1996,6.7980
unsdg_easternasiasoutheasternasia,1997,6.6202
unsdg_easternasiasoutheasternasia,1998,6.4199
unsdg_easternasiasoutheasternasia,1999,6.2126
unsdg_easternasiasoutheasternasia,2000,6.0175
unsdg_easternasiasoutheasternasia,2001,5.8185
unsdg_easternasiasoutheasternasia,2002,5.6543
unsdg_easternasiasoutheasternasia,2003,5.5026
unsdg_easternasiasoutheasternasia,2004,5.2727
unsdg_easternasiasoutheasternasia,2005,5.6368
unsdg_easternasiasoutheasternasia,2006,4.9385
unsdg_easternasiasoutheasternasia,2007,4.7806
unsdg_easternasiasoutheasternasia,2008,4.6515
unsdg_easternasiasoutheasternasia,2009,4.8221
unsdg_easternasiasoutheasternasia,2010,4.4083
unsdg_easternasiasoutheasternasia,2011,4.2933
unsdg_easternasiasoutheasternasia,2012,4.2057
unsdg_easternasiasoutheasternasia,2013,4.0527
unsdg_easternasiasoutheasternasia,2014,3.9566
unsdg_easternasiasoutheasternasia,2015,3.8223
unsdg_easternasiasoutheasternasia,2016,3.7219
unsdg_easternasiasoutheasternasia,2017,3.6247
unsdg_easternasiasoutheasternasia,2018,3.5178
unsdg_easternasiasoutheasternasia,2019,3.4154
unsdg_easternasiasoutheasternasia,2020,3.3215
unsdg_easternasiasoutheasternasia,2021,3.2387
unsdg_easternasiasoutheasternasia,2022,3.1809
unsdg_easternasiasoutheasternasia,2023,3.1309
unsdg_easternasiasoutheasternasia,2024,3.0506
unsdg_europe,1991,5.1495
unsdg_europe,1992,5.2423
unsdg_europe,1993,5.5661
unsdg_europe,1994,5.6657
unsdg_europe,1995,5.5183
unsdg_europe,1996,5.4046
unsdg_europe,1997,5.2226
unsdg_europe,1998,5.1254
unsdg_europe,1999,5.0935
unsdg_europe,2000,5.0815
unsdg_europe,2001,5.0239
unsdg_europe,2002,4.9083
unsdg_europe,2003,4.7283
unsdg_europe,2004,4.4983
unsdg_europe,2005,4.2764
unsdg_europe,2006,4.1112
unsdg_europe,2007,3.9587
unsdg_europe,2008,3.7709
unsdg_europe,2009,3.5490
unsdg_europe,2010,3.3250
unsdg_europe,2011,3.1260
unsdg_europe,2012,2.9543
unsdg_europe,2013,2.8119
unsdg_europe,2014,2.6962
unsdg_europe,2015,2.6068
unsdg_europe,2016,2.4866
unsdg_europe,2017,2.3916
unsdg_europe,2018,2.3132
unsdg_europe,2019,2.2547
unsdg_europe,2020,2.2198
unsdg_europe,2021,2.2100
unsdg_europe,2022,2.2114
unsdg_europe,2023,2.4833
unsdg_europe,2024,2.4393
unsdg_europenorthernamr,1991,5.2493
unsdg_europenorthernamr,1992,5.2985
unsdg_europenorthernamr,1993,5.5201
unsdg_europenorthernamr,1994,5.5815
unsdg_europenorthernamr,1995,5.4547
unsdg_europenorthernamr,1996,5.3320
unsdg_europenorthernamr,1997,5.1434
unsdg_europenorthernamr,1998,5.0122
unsdg_europenorthernamr,1999,4.9310
unsdg_europenorthernamr,2000,4.8742
unsdg_europenorthernamr,2001,4.7981
unsdg_europenorthernamr,2002,4.6940
unsdg_europenorthernamr,2003,4.5500
unsdg_europenorthernamr,2004,4.3726
unsdg_europenorthernamr,2005,4.2005
unsdg_europenorthernamr,2006,4.0663
unsdg_europenorthernamr,2007,3.9326
unsdg_europenorthernamr,2008,3.7572
unsdg_europenorthernamr,2009,3.5417
unsdg_europenorthernamr,2010,3.3242
unsdg_europenorthernamr,2011,3.1348
unsdg_europenorthernamr,2012,2.9812
unsdg_europenorthernamr,2013,2.8649
unsdg_europenorthernamr,2014,2.7848
unsdg_europenorthernamr,2015,2.7374
unsdg_europenorthernamr,2016,2.6841
unsdg_europenorthernamr,2017,2.6536
unsdg_europenorthernamr,2018,2.6336
unsdg_europenorthernamr,2019,2.6257
unsdg_europenorthernamr,2020,2.6422
unsdg_europenorthernamr,2021,2.6965
unsdg_europenorthernamr,2022,2.7563
unsdg_europenorthernamr,2023,2.9355
unsdg_europenorthernamr,2024,2.8545
unsdg_lac,1991,8.3500
unsdg_lac,1992,8.2767
unsdg_lac,1993,8.2317
unsdg_lac,1994,8.1803
unsdg_lac,1995,8.1154
unsdg_lac,1996,8.0342
unsdg_lac,1997,7.9207
unsdg_lac,1998,7.7877
unsdg_lac,1999,7.8768
unsdg_lac,2000,7.5733
unsdg_lac,2001,7.5099
unsdg_lac,2002,7.4585
unsdg_lac,2003,7.3611
unsdg_lac,2004,7.2340
unsdg_lac,2005,7.1061
unsdg_lac,2006,6.9901
unsdg_lac,2007,6.9267
unsdg_lac,2008,6.9497
unsdg_lac,2009,7.0208
unsdg_lac,2010,7.0992
unsdg_lac,2011,8.1167
unsdg_lac,2012,7.1310
unsdg_lac,2013,7.0763
unsdg_lac,2014,7.0057
unsdg_lac,2015,6.9381
unsdg_lac,2016,6.8749
unsdg_lac,2017,6.7862
unsdg_lac,2018,6.6614
unsdg_lac,2019,6.4865
unsdg_lac,2020,6.3236
unsdg_lac,2021,6.1967
unsdg_lac,2022,6.1047
unsdg_lac,2023,5.9964
unsdg_lac,2024,5.8992
unsdg_ldc,1991,27.705
unsdg_ldc,1992,29.420
unsdg_ldc,1993,28.787
unsdg_ldc,1994,27.855
unsdg_ldc,1995,33.819
unsdg_ldc,1996,25.223
unsdg_ldc,1997,24.807
unsdg_ldc,1998,23.992
unsdg_ldc,1999,24.543
unsdg_ldc,2000,22.112
unsdg_ldc,2001,20.660
unsdg_ldc,2002,19.999
unsdg_ldc,2003,19.452
unsdg_ldc,2004,18.899
unsdg_ldc,2005,18.593
unsdg_ldc,2006,18.122
unsdg_ldc,2007,17.491
unsdg_ldc,2008,16.948
unsdg_ldc,2009,17.251
unsdg_ldc,2010,17.271
unsdg_ldc,2011,16.479
unsdg_ldc,2012,16.008
unsdg_ldc,2013,15.037
unsdg_ldc,2014,14.648
unsdg_ldc,2015,14.910
unsdg_ldc,2016,14.822
unsdg_ldc,2017,14.640
unsdg_ldc,2018,14.680
unsdg_ldc,2019,13.903
unsdg_ldc,2020,13.820
unsdg_ldc,2021,13.171
unsdg_ldc,2022,13.133
unsdg_ldc,2023,13.549
unsdg_ldc,2024,12.319
unsdg_lldc,1991,26.485
unsdg_lldc,1992,26.160
unsdg_lldc,1993,28.513
unsdg_lldc,1994,29.178
unsdg_lldc,1995,40.947
unsdg_lldc,1996,25.197
unsdg_lldc,1997,24.798
unsdg_lldc,1998,24.242
unsdg_lldc,1999,25.585
unsdg_lldc,2000,21.586
unsdg_lldc,2001,20.285
unsdg_lldc,2002,19.454
unsdg_lldc,2003,18.635
unsdg_lldc,2004,17.681
unsdg_lldc,2005,17.070
unsdg_lldc,2006,16.474
unsdg_lldc,2007,15.998
unsdg_lldc,2008,15.528
unsdg_lldc,2009,15.055
unsdg_lldc,2010,16.851
unsdg_lldc,2011,14.341
unsdg_lldc,2012,13.937
unsdg_lldc,2013,13.605
unsdg_lldc,2014,13.362
unsdg_lldc,2015,14.126
unsdg_lldc,2016,14.062
unsdg_lldc,2017,13.933
unsdg_lldc,2018,14.009
unsdg_lldc,2019,12.670
unsdg_lldc,2020,12.844
unsdg_lldc,2021,11.906
unsdg_lldc,2022,12.033
unsdg_lldc,2023,12.735
unsdg_lldc,2024,10.902
unsdg_northafr,1991,11.176
unsdg_northafr,1992,10.715
unsdg_northafr,1993,10.307
unsdg_northafr,1994,9.9603
unsdg_northafr,1995,9.7822
unsdg_northafr,1996,9.4367
unsdg_northafr,1997,9.0544
unsdg_northafr,1998,8.8366
unsdg_northafr,1999,8.5566
unsdg_northafr,2000,8.1768
unsdg_northafr,2001,7.9031
unsdg_northafr,2002,7.6444
unsdg_northafr,2003,7.5699
unsdg_northafr,2004,7.6977
unsdg_northafr,2005,7.8868
unsdg_northafr,2006,7.6951
unsdg_northafr,2007,6.9147
unsdg_northafr,2008,6.5546
unsdg_northafr,2009,6.7620
unsdg_northafr,2010,6.4789
unsdg_northafr,2011,6.4860
unsdg_northafr,2012,6.5806
unsdg_northafr,2013,6.4898
unsdg_northafr,2014,6.4438
unsdg_northafr,2015,6.4110
unsdg_northafr,2016,6.2939
unsdg_northafr,2017,6.1687
unsdg_northafr,2018,6.0193
unsdg_northafr,2019,5.9082
unsdg_northafr,2020,5.8452
unsdg_northafr,2021,5.7859
unsdg_northafr,2022,5.7349
unsdg_northafr,2023,5.7128
unsdg_northafr,2024,6.1835
unsdg_northernamr,1991,5.4688
unsdg_northernamr,1992,5.4078
unsdg_northernamr,1993,5.3602
unsdg_northernamr,1994,5.3260
unsdg_northernamr,1995,5.2557
unsdg_northernamr,1996,5.1114
unsdg_northernamr,1997,4.9115
unsdg_northernamr,1998,4.7009
unsdg_northernamr,1999,4.5133
unsdg_northernamr,2000,4.3607
unsdg_northernamr,2001,4.2546
unsdg_northernamr,2002,4.1857
unsdg_northernamr,2003,4.1318
unsdg_northernamr,2004,4.0781
unsdg_northernamr,2005,4.0212
unsdg_northernamr,2006,3.9573
unsdg_northernamr,2007,3.8622
unsdg_northernamr,2008,3.7106
unsdg_northernamr,2009,3.5081
unsdg_northernamr,2010,3.3011
unsdg_northernamr,2011,3.1314
unsdg_northernamr,2012,3.0076
unsdg_northernamr,2013,2.9354
unsdg_northernamr,2014,2.9149
unsdg_northernamr,2015,2.9355
unsdg_northernamr,2016,2.9894
unsdg_northernamr,2017,3.0600
unsdg_northernamr,2018,3.1292
unsdg_northernamr,2019,3.1961
unsdg_northernamr,2020,3.2911
unsdg_northernamr,2021,3.4447
unsdg_northernamr,2022,3.5949
unsdg_northernamr,2023,3.6182
unsdg_northernamr,2024,3.4669
unsdg_oceania,1991,6.5448
unsdg_oceania,1992,6.3794
unsdg_oceania,1993,6.2569
unsdg_oceania,1994,6.1889
unsdg_oceania,1995,6.1560
unsdg_oceania,1996,6.1542
unsdg_oceania,1997,6.1613
unsdg_oceania,1998,6.1507
unsdg_oceania,1999,6.6665
unsdg_oceania,2000,5.9999
unsdg_oceania,2001,5.8463
unsdg_oceania,2002,5.6788
unsdg_oceania,2003,5.5496
unsdg_oceania,2004,5.4412
unsdg_oceania,2005,5.3650
unsdg_oceania,2006,5.2975
unsdg_oceania,2007,5.2301
unsdg_oceania,2008,5.1593
unsdg_oceania,2009,5.0696
unsdg_oceania,2010,5.0331
unsdg_oceania,2011,4.9264
unsdg_oceania,2012,4.8670
unsdg_oceania,2013,4.8020
unsdg_oceania,2014,4.7307
unsdg_oceania,2015,4.6675
unsdg_oceania,2016,4.6178
unsdg_oceania,2017,4.5772
unsdg_oceania,2018,4.5310
unsdg_oceania,2019,4.4913
unsdg_oceania,2020,4.4496
unsdg_oceania,2021,4.4097
unsdg_oceania,2022,4.3359
unsdg_oceania,2023,4.2399
unsdg_oceania,2024,4.1284
unsdg_oceaniaexausnzl,1991,11.361
unsdg_oceaniaexausnzl,1992,11.235
unsdg_oceaniaexausnzl,1993,11.112
unsdg_oceaniaexausnzl,1994,10.988
unsdg_oceaniaexausnzl,1995,10.874
unsdg_oceaniaexausnzl,1996,10.751
unsdg_oceaniaexausnzl,1997,10.636
unsdg_oceaniaexausnzl,1998,10.509
unsdg_oceaniaexausnzl,1999,12.053
unsdg_oceaniaexausnzl,2000,10.289
unsdg_oceaniaexausnzl,2001,10.193
unsdg_oceaniaexausnzl,2002,10.085
unsdg_oceaniaexausnzl,2003,10.003
unsdg_oceaniaexausnzl,2004,9.8773
unsdg_oceaniaexausnzl,2005,9.7721
unsdg_oceaniaexausnzl,2006,9.6597
unsdg_oceaniaexausnzl,2007,9.5369
unsdg_oceaniaexausnzl,2008,9.4245
unsdg_oceaniaexausnzl,2009,9.2669
unsdg_oceaniaexausnzl,2010,9.2328
unsdg_oceaniaexausnzl,2011,8.9952
unsdg_oceaniaexausnzl,2012,8.8600
unsdg_oceaniaexausnzl,2013,8.7309
unsdg_oceaniaexausnzl,2014,8.6093
unsdg_oceaniaexausnzl,2015,8.4873
unsdg_oceaniaexausnzl,2016,8.3707
unsdg_oceaniaexausnzl,2017,8.2568
unsdg_oceaniaexausnzl,2018,8.1199
unsdg_oceaniaexausnzl,2019,7.9915
unsdg_oceaniaexausnzl,2020,7.8615
unsdg_oceaniaexausnzl,2021,7.7399
unsdg_oceaniaexausnzl,2022,7.5838
unsdg_oceaniaexausnzl,2023,7.4403
unsdg_oceaniaexausnzl,2024,7.2969
unsdg_sids,1991,11.296
unsdg_sids,1992,11.294
unsdg_sids,1993,11.242
unsdg_sids,1994,11.164
unsdg_sids,1995,11.101
unsdg_sids,1996,11.065
unsdg_sids,1997,10.892
unsdg_sids,1998,10.814
unsdg_sids,1999,10.989
unsdg_sids,2000,10.538
unsdg_sids,2001,9.7227
unsdg_sids,2002,9.4889
unsdg_sids,2003,9.2772
unsdg_sids,2004,9.0676
unsdg_sids,2005,9.0291
unsdg_sids,2006,8.7066
unsdg_sids,2007,8.5330
unsdg_sids,2008,8.3773
unsdg_sids,2009,8.2065
unsdg_sids,2010,8.0697
unsdg_sids,2011,17.361
unsdg_sids,2012,7.8251
unsdg_sids,2013,7.6019
unsdg_sids,2014,7.4654
unsdg_sids,2015,7.3438
unsdg_sids,2016,7.2340
unsdg_sids,2017,7.1382
unsdg_sids,2018,7.0429
unsdg_sids,2019,6.9295
unsdg_sids,2020,6.8583
unsdg_sids,2021,6.7447
unsdg_sids,2022,6.7345
unsdg_sids,2023,6.5598
unsdg_sids,2024,6.5406
unsdg_southasia,1991,16.228
unsdg_southasia,1992,16.368
unsdg_southasia,1993,15.362
unsdg_southasia,1994,14.942
unsdg_southasia,1995,14.676
unsdg_southasia,1996,14.348
unsdg_southasia,1997,13.982
unsdg_southasia,1998,13.620
unsdg_southasia,1999,13.243
unsdg_southasia,2000,12.773
unsdg_southasia,2001,12.403
unsdg_southasia,2002,12.073
unsdg_southasia,2003,11.783
unsdg_southasia,2004,11.668
unsdg_southasia,2005,11.378
unsdg_southasia,2006,11.370
unsdg_southasia,2007,10.777
unsdg_southasia,2008,10.504
unsdg_southasia,2009,10.195
unsdg_southasia,2010,9.8706
unsdg_southasia,2011,9.4408
unsdg_southasia,2012,9.0414
unsdg_southasia,2013,8.6465
unsdg_southasia,2014,8.2630
unsdg_southasia,2015,7.9393
unsdg_southasia,2016,7.6677
unsdg_southasia,2017,7.3110
unsdg_southasia,2018,7.0151
unsdg_southasia,2019,6.7222
unsdg_southasia,2020,6.3983
unsdg_southasia,2021,6.0918
unsdg_southasia,2022,5.8401
unsdg_southasia,2023,5.4826
unsdg_southasia,2024,5.2622
unsdg_southeasternasia,1991,10.090
unsdg_southeasternasia,1992,9.9287
unsdg_southeasternasia,1993,9.6986
unsdg_southeasternasia,1994,9.5706
unsdg_southeasternasia,1995,9.4565
unsdg_southeasternasia,1996,9.3200
unsdg_southeasternasia,1997,9.1400
unsdg_southeasternasia,1998,8.9259
unsdg_southeasternasia,1999,8.7112
unsdg_southeasternasia,2000,8.5358
unsdg_southeasternasia,2001,8.3432
unsdg_southeasternasia,2002,8.2312
unsdg_southeasternasia,2003,8.1255
unsdg_southeasternasia,2004,7.9897
unsdg_southeasternasia,2005,9.5157
unsdg_southeasternasia,2006,7.6459
unsdg_southeasternasia,2007,7.4496
unsdg_southeasternasia,2008,7.2703
unsdg_southeasternasia,2009,7.9602
unsdg_southeasternasia,2010,6.9288
unsdg_southeasternasia,2011,6.7567
unsdg_southeasternasia,2012,6.5713
unsdg_southeasternasia,2013,6.3883
unsdg_southeasternasia,2014,6.2814
unsdg_southeasternasia,2015,6.0572
unsdg_southeasternasia,2016,5.9109
unsdg_southeasternasia,2017,5.7798
unsdg_southeasternasia,2018,5.6392
unsdg_southeasternasia,2019,5.4786
unsdg_southeasternasia,2020,5.3362
unsdg_southeasternasia,2021,5.1917
unsdg_southeasternasia,2022,5.1124
unsdg_southeasternasia,2023,5.0582
unsdg_southeasternasia,2024,4.9493
unsdg_subsaharanafrica,1991,28.121
unsdg_subsaharanafrica,1992,28.396
unsdg_subsaharanafrica,1993,29.389
unsdg_subsaharanafrica,1994,28.793
unsdg_subsaharanafrica,1995,34.927
unsdg_subsaharanafrica,1996,26.316
unsdg_subsaharanafrica,1997,26.107
unsdg_subsaharanafrica,1998,25.653
unsdg_subsaharanafrica,1999,26.500
unsdg_subsaharanafrica,2000,24.470
unsdg_subsaharanafrica,2001,23.310
unsdg_subsaharanafrica,2002,22.790
unsdg_subsaharanafrica,2003,22.237
unsdg_subsaharanafrica,2004,21.565
unsdg_subsaharanafrica,2005,21.017
unsdg_subsaharanafrica,2006,20.476
unsdg_subsaharanafrica,2007,19.917
unsdg_subsaharanafrica,2008,19.365
unsdg_subsaharanafrica,2009,18.825
unsdg_subsaharanafrica,2010,19.539
unsdg_subsaharanafrica,2011,17.935
unsdg_subsaharanafrica,2012,18.122
unsdg_subsaharanafrica,2013,17.050
unsdg_subsaharanafrica,2014,16.544
unsdg_subsaharanafrica,2015,16.615
unsdg_subsaharanafrica,2016,16.203
unsdg_subsaharanafrica,2017,15.935
unsdg_subsaharanafrica,2018,15.786
unsdg_subsaharanafrica,2019,14.840
unsdg_subsaharanafrica,2020,14.713
unsdg_subsaharanafrica,2021,14.000
unsdg_subsaharanafrica,2022,13.836
unsdg_subsaharanafrica,2023,14.360
unsdg_subsaharanafrica,2024,13.075
unsdg_westernasia,1991,9.7575
unsdg_westernasia,1992,8.7804
unsdg_westernasia,1993,8.0865
unsdg_westernasia,1994,8.1200
unsdg_westernasia,1995,7.9764
unsdg_westernasia,1996,7.8150
unsdg_westernasia,1997,7.4814
unsdg_westernasia,1998,7.2800
unsdg_westernasia,1999,7.1056
unsdg_westernasia,2000,7.5043
unsdg_westernasia,2001,6.7924
unsdg_westernasia,2002,6.6267
unsdg_westernasia,2003,6.4198
unsdg_westernasia,2004,6.5297
unsdg_westernasia,2005,6.5146
unsdg_westernasia,2006,6.3969
unsdg_westernasia,2007,6.5422
unsdg_westernasia,2008,6.3536
unsdg_westernasia,2009,5.8937
unsdg_westernasia,2010,5.5069
unsdg_westernasia,2011,5.3609
unsdg_westernasia,2012,5.4517
unsdg_westernasia,2013,6.2326
unsdg_westernasia,2014,6.2588
unsdg_westernasia,2015,6.0941
unsdg_westernasia,2016,6.5321
unsdg_westernasia,2017,6.5719
unsdg_westernasia,2018,6.2996
unsdg_westernasia,2019,6.0285
unsdg_westernasia,2020,5.4576
unsdg_westernasia,2021,5.1265
unsdg_westernasia,2022,4.8795
unsdg_westernasia,2023,4.7324
unsdg_westernasia,2024,6.3642
unsdg_westernasianorthernafr,1991,10.936
unsdg_westernasianorthernafr,1992,10.170
unsdg_westernasianorthernafr,1993,9.5915
unsdg_westernasianorthernafr,1994,9.4117
unsdg_westernasianorthernafr,1995,9.2400
unsdg_westernasianorthernafr,1996,8.9632
unsdg_westernasianorthernafr,1997,8.5826
unsdg_westernasianorthernafr,1998,8.3514
unsdg_westernasianorthernafr,1999,8.1075
unsdg_westernasianorthernafr,2000,8.1116
unsdg_westernasianorthernafr,2001,7.5847
unsdg_westernasianorthernafr,2002,7.3508
unsdg_westernasianorthernafr,2003,7.2068
unsdg_westernasianorthernafr,2004,7.3318
unsdg_westernasianorthernafr,2005,7.4126
unsdg_westernasianorthernafr,2006,7.2559
unsdg_westernasianorthernafr,2007,6.9377
unsdg_westernasianorthernafr,2008,6.6531
unsdg_westernasianorthernafr,2009,6.5074
unsdg_westernasianorthernafr,2010,6.1673
unsdg_westernasianorthernafr,2011,6.0994
unsdg_westernasianorthernafr,2012,6.1989
unsdg_westernasianorthernafr,2013,6.5753
unsdg_westernasianorthernafr,2014,6.5715
unsdg_westernasianorthernafr,2015,6.4737
unsdg_westernasianorthernafr,2016,6.6668
unsdg_westernasianorthernafr,2017,6.6330
unsdg_westernasianorthernafr,2018,6.4246
unsdg_westernasianorthernafr,2019,6.2355
unsdg_westernasianorthernafr,2020,5.9005
unsdg_westernasianorthernafr,2021,5.6894
unsdg_westernasianorthernafr,2022,5.5338
unsdg_westernasianorthernafr,2023,5.4468
unsdg_westernasianorthernafr,2024,6.5570
ury,1991,5.2546
ury,1992,5.2808
ury,1993,5.3211
ury,1994,5.3739
ury,1995,5.4229
ury,1996,5.4500
ury,1997,5.4367
ury,1998,5.3704
ury,1999,5.2479
ury,2000,5.0676
ury,2001,4.8538
ury,2002,4.6422
ury,2003,4.4575
ury,2004,4.3160
ury,2005,4.2363
ury,2006,4.2138
ury,2007,4.2522
ury,2008,4.3444
ury,2009,4.4687
ury,2010,4.6046
ury,2011,4.7182
ury,2012,4.7769
ury,2013,4.7617
ury,2014,4.6924
ury,2015,4.5932
ury,2016,4.4909
ury,2017,4.4011
ury,2018,4.3490
ury,2019,4.3239
ury,2020,4.3157
ury,2021,4.3138
ury,2022,4.3099
ury,2023,4.2977
ury,2024,4.2437
usa,1991,5.5768
usa,1992,5.5307
usa,1993,5.4971
usa,1994,5.4766
usa,1995,5.4108
usa,1996,5.2604
usa,1997,5.0470
usa,1998,4.8226
usa,1999,4.6233
usa,2000,4.4640
usa,2001,4.3570
usa,2002,4.2900
usa,2003,4.2387
usa,2004,4.1871
usa,2005,4.1290
usa,2006,4.0633
usa,2007,3.9649
usa,2008,3.8069
usa,2009,3.5938
usa,2010,3.3748
usa,2011,3.1953
usa,2012,3.0674
usa,2013,2.9955
usa,2014,2.9788
usa,2015,3.0038
usa,2016,3.0620
usa,2017,3.1367
usa,2018,3.2098
usa,2019,3.2792
usa,2020,3.3805
usa,2021,3.5457
usa,2022,3.7073
usa,2023,3.7315
usa,2024,3.5672
uzb,1991,7.0814
uzb,1992,7.2704
uzb,1993,7.4122
uzb,1994,7.4957
uzb,1995,7.5179
uzb,1996,7.4738
uzb,1997,7.3704
uzb,1998,7.2200
uzb,1999,7.0347
uzb,2000,6.7974
uzb,2001,6.5023
uzb,2002,6.1438
uzb,2003,5.7251
uzb,2004,5.2954
uzb,2005,4.9262
uzb,2006,4.6825
uzb,2007,4.5480
uzb,2008,4.4920
uzb,2009,4.4919
uzb,2010,4.5313
uzb,2011,4.6091
uzb,2012,4.7092
uzb,2013,4.8191
uzb,2014,4.9367
uzb,2015,5.0523
uzb,2016,5.1672
uzb,2017,5.2392
uzb,2018,5.2091
uzb,2019,5.0917
uzb,2020,5.0096
uzb,2021,5.0984
uzb,2022,5.3776
uzb,2023,5.8094
uzb,2024,6.3288
vct,1991,4.1103
vct,1992,4.2556
vct,1993,4.3598
vct,1994,4.4413
vct,1995,4.4750
vct,1996,4.4990
vct,1997,4.5051
vct,1998,4.5008
vct,1999,4.4771
vct,2000,4.4468
vct,2001,4.4242
vct,2002,4.4098
vct,2003,4.4162
vct,2004,4.4478
vct,2005,4.5203
vct,2006,4.6203
vct,2007,4.7328
vct,2008,4.8753
vct,2009,5.0332
vct,2010,5.2041
vct,2011,5.3971
vct,2012,5.6245
vct,2013,5.8482
vct,2014,6.0813
vct,2015,6.3017
vct,2016,6.4816
vct,2017,6.6170
vct,2018,6.6842
vct,2019,6.7000
vct,2020,6.6449
vct,2021,6.5506
vct,2022,6.4077
vct,2023,6.2372
vct,2024,6.0381
ven,1991,7.2775
ven,1992,7.6499
ven,1993,7.9860
ven,1994,8.1868
ven,1995,8.1879
ven,1996,7.9880
ven,1997,7.6496
ven,1998,7.3621
ven,1999,7.3554
ven,2000,7.7508
ven,2001,8.3998
ven,2002,9.1112
ven,2003,9.6866
ven,2004,9.9583
ven,2005,9.9136
ven,2006,9.8495
ven,2007,10.092
ven,2008,10.560
ven,2009,10.976
ven,2010,11.144
ven,2011,11.162
ven,2012,11.173
ven,2013,11.196
ven,2014,11.190
ven,2015,11.101
ven,2016,10.888
ven,2017,10.540
ven,2018,10.505
ven,2019,10.012
ven,2020,9.1038
ven,2021,8.6578
ven,2022,8.2957
ven,2023,7.9438
ven,2024,7.6215
vgb,1991,5.3166
vgb,1992,5.1862
vgb,1993,5.0678
vgb,1994,4.9598
vgb,1995,4.8674
vgb,1996,4.7836
vgb,1997,4.7107
vgb,1998,4.6484
vgb,1999,4.5919
vgb,2000,4.5414
vgb,2001,4.4979
vgb,2002,4.4637
vgb,2003,4.4272
vgb,2004,4.3971
vgb,2005,4.3715
vgb,2006,4.3550
vgb,2007,4.3433
vgb,2008,4.3314
vgb,2009,4.3260
vgb,2010,4.3236
vgb,2011,4.3183
vgb,2012,4.3181
vgb,2013,4.3198
vgb,2014,4.3239
vgb,2015,4.3162
vgb,2016,4.2995
vgb,2017,4.2632
vgb,2018,4.2197
vgb,2019,4.1664
vgb,2020,4.1125
vgb,2021,4.0587
vgb,2022,3.9952
vgb,2023,3.9335
vgb,2024,3.8680
vnm,1991,6.0927
vnm,1992,6.0163
vnm,1993,5.9135
vnm,1994,5.7904
vnm,1995,5.6344
vnm,1996,5.5112
vnm,1997,5.3871
vnm,1998,5.2698
vnm,1999,5.1467
vnm,2000,5.0396
vnm,2001,4.9600
vnm,2002,4.8968
vnm,2003,4.8435
vnm,2004,4.8039
vnm,2005,4.7778
vnm,2006,4.7452
vnm,2007,4.7396
vnm,2008,4.7159
vnm,2009,4.6886
vnm,2010,4.6613
vnm,2011,4.6347
vnm,2012,4.6022
vnm,2013,4.5573
vnm,2014,4.4919
vnm,2015,4.4183
vnm,2016,4.3274
vnm,2017,4.2180
vnm,2018,4.1003
vnm,2019,3.9647
vnm,2020,3.8314
vnm,2021,3.6889
vnm,2022,3.5500
vnm,2023,3.3969
vnm,2024,3.2386
vut,1991,7.0105
vut,1992,6.8283
vut,1993,6.6633
vut,1994,6.5207
vut,1995,6.3999
vut,1996,6.2922
vut,1997,6.2002
vut,1998,6.1160
vut,1999,6.0326
vut,2000,5.9567
vut,2001,5.8818
vut,2002,5.8155
vut,2003,5.7538
vut,2004,5.6931
vut,2005,5.6347
vut,2006,5.5724
vut,2007,5.5029
vut,2008,5.4168
vut,2009,5.3195
vut,2010,5.2126
vut,2011,5.1021
vut,2012,4.9966
vut,2013,4.9058
vut,2014,4.8325
vut,2015,4.7704
vut,2016,4.7230
vut,2017,4.6863
vut,2018,4.6537
vut,2019,4.6251
vut,2020,4.5959
vut,2021,4.5676
vut,2022,4.5297
vut,2023,4.4871
vut,2024,4.4308
wb_hi,1991,4.9775
wb_hi,1992,4.9903
wb_hi,1993,5.0063
wb_hi,1994,5.0471
wb_hi,1995,5.0522
wb_hi,1996,4.9826
wb_hi,1997,4.8338
wb_hi,1998,4.7119
wb_hi,1999,4.6244
wb_hi,2000,4.5468
wb_hi,2001,4.4618
wb_hi,2002,4.3663
wb_hi,2003,4.2446
wb_hi,2004,4.0966
wb_hi,2005,3.9522
wb_hi,2006,3.8360
wb_hi,2007,3.7149
wb_hi,2008,3.5614
wb_hi,2009,3.3814
wb_hi,2010,3.2003
wb_hi,2011,3.0363
wb_hi,2012,2.9590
wb_hi,2013,2.7832
wb_hi,2014,2.7018
wb_hi,2015,2.6415
wb_hi,2016,2.5961
wb_hi,2017,2.5638
wb_hi,2018,2.5427
wb_hi,2019,2.5330
wb_hi,2020,2.5495
wb_hi,2021,2.5924
wb_hi,2022,2.6449
wb_hi,2023,2.6840
wb_hi,2024,2.6580
wb_li,1991,31.252
wb_li,1992,32.212
wb_li,1993,33.828
wb_li,1994,32.441
wb_li,1995,43.226
wb_li,1996,29.147
wb_li,1997,28.893
wb_li,1998,28.107
wb_li,1999,29.742
wb_li,2000,26.154
wb_li,2001,24.290
wb_li,2002,23.467
wb_li,2003,22.720
wb_li,2004,21.704
wb_li,2005,21.257
wb_li,2006,20.613
wb_li,2007,19.712
wb_li,2008,19.031
wb_li,2009,18.650
wb_li,2010,20.052
wb_li,2011,17.851
wb_li,2012,18.557
wb_li,2013,17.535
wb_li,2014,17.084
wb_li,2015,17.554
wb_li,2016,17.436
wb_li,2017,17.187
wb_li,2018,17.239
wb_li,2019,15.965
wb_li,2020,15.708
wb_li,2021,14.693
wb_li,2022,14.665
wb_li,2023,15.353
wb_li,2024,13.629
wb_lmi,1991,16.434
wb_lmi,1992,16.590
wb_lmi,1993,15.881
wb_lmi,1994,15.620
wb_lmi,1995,15.309
wb_lmi,1996,14.971
wb_lmi,1997,14.665
wb_lmi,1998,14.341
wb_lmi,1999,14.034
wb_lmi,2000,13.583
wb_lmi,2001,13.203
wb_lmi,2002,12.876
wb_lmi,2003,12.559
wb_lmi,2004,12.238
wb_lmi,2005,12.052
wb_lmi,2006,11.922
wb_lmi,2007,11.398
wb_lmi,2008,11.095
wb_lmi,2009,11.044
wb_lmi,2010,10.473
wb_lmi,2011,10.380
wb_lmi,2012,9.7725
wb_lmi,2013,9.4397
wb_lmi,2014,9.1304
wb_lmi,2015,8.8145
wb_lmi,2016,8.5539
wb_lmi,2017,8.2547
wb_lmi,2018,7.9875
wb_lmi,2019,7.7307
wb_lmi,2020,7.4923
wb_lmi,2021,7.2461
wb_lmi,2022,7.0489
wb_lmi,2023,6.8749
wb_lmi,2024,6.7748
wb_umi,1991,7.7984
wb_umi,1992,7.4731
wb_umi,1993,7.3709
wb_umi,1994,7.2909
wb_umi,1995,7.1495
wb_umi,1996,7.0168
wb_umi,1997,6.8270
wb_umi,1998,6.6551
wb_umi,1999,6.4799
wb_umi,2000,6.3819
wb_umi,2001,6.1917
wb_umi,2002,6.0736
wb_umi,2003,5.9554
wb_umi,2004,5.9714
wb_umi,2005,6.1352
wb_umi,2006,5.5902
wb_umi,2007,5.4951
wb_umi,2008,5.4080
wb_umi,2009,5.3007
wb_umi,2010,5.2043
wb_umi,2011,5.1330
wb_umi,2012,5.0562
wb_umi,2013,4.9336
wb_umi,2014,4.8312
wb_umi,2015,4.7368
wb_umi,2016,4.6449
wb_umi,2017,4.6006
wb_umi,2018,4.4721
wb_umi,2019,4.3197
wb_umi,2020,4.2176
wb_umi,2021,4.1167
wb_umi,2022,4.0207
wb_umi,2023,3.9826
wb_umi,2024,4.0598
world,1991,12.369
world,1992,12.438
world,1993,12.303
world,1994,12.148
world,1995,12.814
world,1996,11.645
world,1997,11.439
world,1998,11.183
world,1999,11.128
world,2000,10.652
world,2001,10.299
world,2002,10.077
world,2003,9.8738
world,2004,9.6973
world,2005,9.6855
world,2006,9.3967
world,2007,9.1158
world,2008,8.9530
world,2009,8.9200
world,2010,8.8411
world,2011,8.6091
world,2012,8.4614
world,2013,8.2061
world,2014,8.0354
world,2015,7.9637
world,2016,7.8522
world,2017,7.7199
world,2018,7.6101
world,2019,7.3373
world,2020,7.2075
world,2021,6.9832
world,2022,6.8916
world,2023,6.9376
world,2024,6.7025
wsm,1991,3.4848
wsm,1992,3.6413
wsm,1993,3.7621
wsm,1994,3.8500
wsm,1995,3.9439
wsm,1996,4.0471
wsm,1997,4.1034
wsm,1998,4.1676
wsm,1999,4.2116
wsm,2000,4.2595
wsm,2001,4.2460
wsm,2002,4.2064
wsm,2003,4.1602
wsm,2004,4.1202
wsm,2005,4.0725
wsm,2006,4.0012
wsm,2007,3.9060
wsm,2008,3.7949
wsm,2009,3.6804
wsm,2010,6.7388
wsm,2011,3.4767
wsm,2012,3.3892
wsm,2013,3.3165
wsm,2014,3.2473
wsm,2015,3.1924
wsm,2016,3.1267
wsm,2017,3.0726
wsm,2018,2.9860
wsm,2019,2.8896
wsm,2020,2.7857
wsm,2021,2.6835
wsm,2022,2.5786
wsm,2023,2.4689
wsm,2024,2.3612
yem,1991,10.164
yem,1992,9.9798
yem,1993,9.8383
yem,1994,9.6939
yem,1995,9.9591
yem,1996,9.4088
yem,1997,9.2486
yem,1998,9.0722
yem,1999,8.8875
yem,2000,8.6777
yem,2001,8.4617
yem,2002,8.2482
yem,2003,8.0552
yem,2004,7.8167
yem,2005,7.5946
yem,2006,7.4241
yem,2007,7.2596
yem,2008,7.1113
yem,2009,7.0275
yem,2010,6.9501
yem,2011,6.9070
yem,2012,7.0993
yem,2013,7.2201
yem,2014,7.0595
yem,2015,7.2741
yem,2016,9.0427
yem,2017,8.8316
yem,2018,8.9896
yem,2019,10.635
yem,2020,9.9518
yem,2021,8.9846
yem,2022,8.6766
yem,2023,7.4355
yem,2024,6.9973
zaf,1991,7.2446
zaf,1992,7.4965
zaf,1993,7.7852
zaf,1994,8.0981
zaf,1995,8.5021
zaf,1996,8.9834
zaf,1997,9.5283
zaf,1998,10.116
zaf,1999,10.767
zaf,2000,11.498
zaf,2001,12.249
zaf,2002,12.915
zaf,2003,13.502
zaf,2004,13.923
zaf,2005,14.150
zaf,2006,14.236
zaf,2007,14.113
zaf,2008,13.857
zaf,2009,13.503
zaf,2010,13.070
zaf,2011,12.597
zaf,2012,12.117
zaf,2013,11.613
zaf,2014,11.186
zaf,2015,10.802
zaf,2016,10.498
zaf,2017,10.264
zaf,2018,10.093
zaf,2019,9.9779
zaf,2020,9.9102
zaf,2021,9.9098
zaf,2022,9.9202
zaf,2023,9.8745
zaf,2024,9.7324
zmb,1991,21.496
zmb,1992,21.764
zmb,1993,21.910
zmb,1994,21.830
zmb,1995,21.668
zmb,1996,21.360
zmb,1997,20.947
zmb,1998,20.357
zmb,1999,19.777
zmb,2000,19.178
zmb,2001,18.570
zmb,2002,18.037
zmb,2003,17.530
zmb,2004,16.922
zmb,2005,16.287
zmb,2006,15.664
zmb,2007,15.041
zmb,2008,14.458
zmb,2009,13.903
zmb,2010,13.393
zmb,2011,12.874
zmb,2012,12.365
zmb,2013,11.805
zmb,2014,11.226
zmb,2015,10.616
zmb,2016,9.9978
zmb,2017,9.4046
zmb,2018,8.8164
zmb,2019,8.3336
zmb,2020,7.9342
zmb,2021,7.6034
zmb,2022,7.2175
zmb,2023,6.9208
zmb,2024,6.5671
zwe,1991,9.1084
zwe,1992,9.6670
zwe,1993,10.234
zwe,1994,10.720
zwe,1995,11.218
zwe,1996,11.696
zwe,1997,12.120
zwe,1998,12.531
zwe,1999,12.919
zwe,2000,13.314
zwe,2001,13.675
zwe,2002,13.994
zwe,2003,14.277
zwe,2004,14.450
zwe,2005,14.585
zwe,2006,14.625
zwe,2007,14.671
zwe,2008,14.692
zwe,2009,14.760
zwe,2010,14.835
zwe,2011,14.890
zwe,2012,14.873
zwe,2013,14.719
zwe,2014,14.469
zwe,2015,14.172
zwe,2016,13.789
zwe,2017,13.386
zwe,2018,12.854
zwe,2019,12.306
zwe,2020,11.804
zwe,2021,11.279
zwe,2022,10.775
zwe,2023,10.355
zwe,2024,9.8528
