geo,year,mr_5_14_lower
afg,1991,15.167
afg,1992,14.123
afg,1993,12.396
afg,1994,7.9536
afg,1995,7.6295
afg,1996,7.4376
afg,1997,7.2978
afg,1998,7.2139
afg,1999,10.200
afg,2000,7.1070
afg,2001,7.0143
afg,2002,6.9511
afg,2003,6.9325
afg,2004,6.9989
afg,2005,7.1808
afg,2006,7.4857
afg,2007,7.8460
afg,2008,8.1381
afg,2009,8.2607
afg,2010,8.1805
afg,2011,7.9638
afg,2012,7.5924
afg,2013,7.0928
afg,2014,7.1309
afg,2015,6.8279
afg,2016,6.6603
afg,2017,6.2002
afg,2018,4.5023
afg,2019,4.1176
afg,2020,3.7313
afg,2021,3.4008
afg,2022,3.6517
afg,2023,2.8325
afg,2024,2.5898
ago,1991,43.201
ago,1992,37.094
ago,1993,43.423
ago,1994,37.014
ago,1995,36.952
ago,1996,36.795
ago,1997,36.520
ago,1998,36.095
ago,1999,35.509
ago,2000,34.810
ago,2001,33.988
ago,2002,33.015
ago,2003,31.897
ago,2004,30.671
ago,2005,29.313
ago,2006,27.905
ago,2007,26.365
ago,2008,24.838
ago,2009,23.369
ago,2010,21.948
ago,2011,20.576
ago,2012,19.304
ago,2013,18.112
ago,2014,17.040
ago,2015,16.128
ago,2016,15.363
ago,2017,14.683
ago,2018,14.087
ago,2019,13.550
ago,2020,13.067
ago,2021,12.604
ago,2022,12.168
ago,2023,11.737
ago,2024,11.329
aia,1991,2.6430
aia,1992,2.5535
aia,1993,2.4615
aia,1994,2.3759
aia,1995,2.2956
aia,1996,2.2196
aia,1997,2.1497
aia,1998,2.0839
aia,1999,2.0216
aia,2000,1.9660
aia,2001,1.9131
aia,2002,1.8639
aia,2003,1.8161
aia,2004,1.7717
aia,2005,1.7307
aia,2006,1.6927
aia,2007,1.6575
aia,2008,1.6204
aia,2009,1.5865
aia,2010,1.5551
aia,2011,1.5239
aia,2012,1.4942
aia,2013,1.4657
aia,2014,1.4380
aia,2015,1.4100
aia,2016,1.3799
aia,2017,1.3511
aia,2018,1.3231
aia,2019,1.2945
aia,2020,1.2700
aia,2021,1.2425
aia,2022,1.2135
aia,2023,1.1863
aia,2024,1.1617
alb,1991,6.0993
alb,1992,5.7584
alb,1993,5.4059
alb,1994,5.0677
alb,1995,4.7650
alb,1996,4.5029
alb,1997,4.2918
alb,1998,5.0221
alb,1999,3.9721
alb,2000,3.8526
alb,2001,3.7356
alb,2002,3.6216
alb,2003,3.5029
alb,2004,3.3755
alb,2005,3.2451
alb,2006,3.1182
alb,2007,2.9969
alb,2008,2.8847
alb,2009,2.7821
alb,2010,2.6861
alb,2011,2.6008
alb,2012,2.5142
alb,2013,2.4339
alb,2014,2.3552
alb,2015,2.2724
alb,2016,2.1889
alb,2017,2.1014
alb,2018,2.0110
alb,2019,1.9154
alb,2020,1.8147
alb,2021,1.7096
alb,2022,1.6031
alb,2023,1.5011
alb,2024,1.4100
and,1991,2.1563
and,1992,2.0531
and,1993,1.9570
and,1994,1.8720
and,1995,1.7908
and,1996,1.7107
and,1997,1.6307
and,1998,1.5625
and,1999,1.4943
and,2000,1.4301
and,2001,1.3703
and,2002,1.3160
and,2003,1.2639
and,2004,1.2132
and,2005,1.1640
and,2006,1.1195
and,2007,1.0698
and,2008,1.0248
and,2009,0.98011
and,2010,0.93829
and,2011,0.89935
and,2012,0.86215
and,2013,0.82562
and,2014,0.79152
and,2015,0.75634
and,2016,0.72477
and,2017,0.69464
and,2018,0.66784
and,2019,0.64582
and,2020,0.62516
and,2021,0.60581
and,2022,0.58924
and,2023,0.57236
and,2024,0.55604
are,1991,2.5812
are,1992,2.4629
are,1993,2.3622
are,1994,2.2747
are,1995,2.1983
are,1996,2.1322
are,1997,2.0756
are,1998,2.0273
are,1999,1.9854
are,2000,1.9476
are,2001,1.9134
are,2002,1.8825
are,2003,1.8522
are,2004,1.8235
are,2005,1.7941
are,2006,1.7639
are,2007,1.7349
are,2008,1.7050
are,2009,1.6754
are,2010,1.6448
are,2011,1.6131
are,2012,1.5820
are,2013,1.5491
are,2014,1.5128
are,2015,1.4733
are,2016,1.4288
are,2017,1.3787
are,2018,1.3242
are,2019,1.2661
are,2020,1.2072
are,2021,1.1490
are,2022,1.0933
are,2023,1.0402
are,2024,0.99216
arg,1991,3.3500
arg,1992,3.2932
arg,1993,3.2281
arg,1994,3.1585
arg,1995,3.0847
arg,1996,3.0144
arg,1997,2.9513
arg,1998,2.8917
arg,1999,2.8354
arg,2000,2.7843
arg,2001,2.7472
arg,2002,2.7238
arg,2003,2.7075
arg,2004,2.6929
arg,2005,2.6804
arg,2006,2.6728
arg,2007,2.6690
arg,2008,2.6576
arg,2009,2.6301
arg,2010,2.5881
arg,2011,2.5327
arg,2012,2.4622
arg,2013,2.3772
arg,2014,2.2803
arg,2015,2.1798
arg,2016,2.0833
arg,2017,1.9943
arg,2018,1.9143
arg,2019,1.8517
arg,2020,1.8193
arg,2021,1.8265
arg,2022,1.8604
arg,2023,1.8956
arg,2024,1.9284
arm,1991,3.1927
arm,1992,2.9478
arm,1993,2.7192
arm,1994,2.5182
arm,1995,2.3461
arm,1996,2.1979
arm,1997,2.0712
arm,1998,1.9663
arm,1999,1.8828
arm,2000,1.8175
arm,2001,1.7692
arm,2002,1.7406
arm,2003,1.7282
arm,2004,1.7287
arm,2005,1.7409
arm,2006,1.7664
arm,2007,1.7965
arm,2008,1.8291
arm,2009,1.8618
arm,2010,1.8923
arm,2011,1.9141
arm,2012,1.9308
arm,2013,1.9404
arm,2014,1.9426
arm,2015,1.9370
arm,2016,1.9275
arm,2017,1.9164
arm,2018,1.9078
arm,2019,1.9031
arm,2020,1.9037
arm,2021,1.9097
arm,2022,1.9138
arm,2023,1.9112
arm,2024,1.9002
atg,1991,2.0889
atg,1992,2.1286
atg,1993,2.1705
atg,1994,2.2122
atg,1995,2.2487
atg,1996,2.2777
atg,1997,2.2948
atg,1998,2.2961
atg,1999,2.2853
atg,2000,2.2623
atg,2001,2.2341
atg,2002,2.2012
atg,2003,2.1679
atg,2004,2.1337
atg,2005,2.0994
atg,2006,2.0659
atg,2007,2.0318
atg,2008,2.0000
atg,2009,1.9713
atg,2010,1.9428
atg,2011,1.9161
atg,2012,1.8921
atg,2013,1.8693
atg,2014,1.8483
atg,2015,1.8286
atg,2016,1.8072
atg,2017,1.7889
atg,2018,1.7696
atg,2019,1.7511
atg,2020,1.7280
atg,2021,1.7029
atg,2022,1.6754
atg,2023,1.6467
atg,2024,1.6167
aus,1991,1.8509
aus,1992,1.7898
aus,1993,1.7326
aus,1994,1.6787
aus,1995,1.6247
aus,1996,1.5697
aus,1997,1.5152
aus,1998,1.4604
aus,1999,1.4048
aus,2000,1.3496
aus,2001,1.2962
aus,2002,1.2430
aus,2003,1.1929
aus,2004,1.1460
aus,2005,1.1031
aus,2006,1.0669
aus,2007,1.0355
aus,2008,1.0098
aus,2009,0.98863
aus,2010,0.96909
aus,2011,0.94935
aus,2012,0.93017
aus,2013,0.91129
aus,2014,0.89363
aus,2015,0.87631
aus,2016,0.85907
aus,2017,0.84219
aus,2018,0.82711
aus,2019,0.81493
aus,2020,0.80698
aus,2021,0.80249
aus,2022,0.79784
aus,2023,0.78922
aus,2024,0.77922
aut,1991,1.7807
aut,1992,1.7123
aut,1993,1.6475
aut,1994,1.5857
aut,1995,1.5273
aut,1996,1.4700
aut,1997,1.4154
aut,1998,1.3630
aut,1999,1.3152
aut,2000,1.2696
aut,2001,1.2264
aut,2002,1.1852
aut,2003,1.1468
aut,2004,1.1115
aut,2005,1.0788
aut,2006,1.0477
aut,2007,1.0187
aut,2008,0.99124
aut,2009,0.96565
aut,2010,0.94185
aut,2011,0.92022
aut,2012,0.89981
aut,2013,0.88057
aut,2014,0.86270
aut,2015,0.84532
aut,2016,0.82843
aut,2017,0.81206
aut,2018,0.79581
aut,2019,0.78056
aut,2020,0.76430
aut,2021,0.74790
aut,2022,0.73125
aut,2023,0.71426
aut,2024,0.69604
aze,1991,4.8548
aze,1992,5.0607
aze,1993,5.9369
aze,1994,5.3752
aze,1995,5.4551
aze,1996,5.4562
aze,1997,5.3989
aze,1998,5.3231
aze,1999,5.2583
aze,2000,5.1952
aze,2001,5.1330
aze,2002,5.0580
aze,2003,4.9466
aze,2004,4.7874
aze,2005,4.5722
aze,2006,4.3165
aze,2007,4.0372
aze,2008,3.7565
aze,2009,3.4974
aze,2010,3.2693
aze,2011,3.0874
aze,2012,2.9487
aze,2013,2.8532
aze,2014,2.7984
aze,2015,2.7739
aze,2016,2.7711
aze,2017,2.7794
aze,2018,2.7927
aze,2019,2.8073
aze,2020,2.8250
aze,2021,3.1620
aze,2022,2.8737
aze,2023,2.9003
aze,2024,2.9165
bdi,1991,46.908
bdi,1992,49.321
bdi,1993,51.048
bdi,1994,90.014
bdi,1995,52.757
bdi,1996,52.907
bdi,1997,52.782
bdi,1998,52.279
bdi,1999,51.593
bdi,2000,50.123
bdi,2001,48.271
bdi,2002,45.708
bdi,2003,42.649
bdi,2004,39.189
bdi,2005,35.326
bdi,2006,31.494
bdi,2007,27.784
bdi,2008,24.670
bdi,2009,22.247
bdi,2010,20.445
bdi,2011,19.152
bdi,2012,18.209
bdi,2013,17.574
bdi,2014,17.020
bdi,2015,16.449
bdi,2016,15.650
bdi,2017,14.778
bdi,2018,13.902
bdi,2019,13.032
bdi,2020,12.197
bdi,2021,11.453
bdi,2022,10.765
bdi,2023,10.183
bdi,2024,9.5426
bel,1991,2.0028
bel,1992,1.9287
bel,1993,1.8591
bel,1994,1.7921
bel,1995,1.7276
bel,1996,1.6661
bel,1997,1.6067
bel,1998,1.5493
bel,1999,1.4936
bel,2000,1.4388
bel,2001,1.3858
bel,2002,1.3354
bel,2003,1.2858
bel,2004,1.2392
bel,2005,1.1948
bel,2006,1.1533
bel,2007,1.1145
bel,2008,1.0792
bel,2009,1.0475
bel,2010,1.0170
bel,2011,0.98813
bel,2012,0.96054
bel,2013,0.93483
bel,2014,0.90930
bel,2015,0.88323
bel,2016,0.85728
bel,2017,0.83144
bel,2018,0.80564
bel,2019,0.77956
bel,2020,0.75399
bel,2021,0.72814
bel,2022,0.70215
bel,2023,0.67646
bel,2024,0.64803
ben,1991,35.481
ben,1992,34.502
ben,1993,33.434
ben,1994,32.461
ben,1995,31.560
ben,1996,30.720
ben,1997,29.847
ben,1998,29.083
ben,1999,28.325
ben,2000,27.652
ben,2001,27.019
ben,2002,26.403
ben,2003,25.845
ben,2004,25.290
ben,2005,24.754
ben,2006,24.219
ben,2007,23.675
ben,2008,23.116
ben,2009,22.558
ben,2010,22.009
ben,2011,21.460
ben,2012,20.940
ben,2013,20.396
ben,2014,19.840
ben,2015,19.312
ben,2016,18.735
ben,2017,18.192
ben,2018,17.594
ben,2019,17.038
ben,2020,16.465
ben,2021,15.900
ben,2022,15.324
ben,2023,14.767
ben,2024,14.175
bfa,1991,31.100
bfa,1992,31.206
bfa,1993,31.268
bfa,1994,31.395
bfa,1995,31.372
bfa,1996,31.317
bfa,1997,31.094
bfa,1998,30.684
bfa,1999,30.159
bfa,2000,29.460
bfa,2001,28.656
bfa,2002,27.722
bfa,2003,26.680
bfa,2004,25.552
bfa,2005,24.340
bfa,2006,23.100
bfa,2007,21.767
bfa,2008,20.390
bfa,2009,19.057
bfa,2010,17.716
bfa,2011,16.450
bfa,2012,15.174
bfa,2013,13.962
bfa,2014,12.772
bfa,2015,11.690
bfa,2016,10.674
bfa,2017,9.7418
bfa,2018,8.8713
bfa,2019,7.9811
bfa,2020,7.1937
bfa,2021,6.4604
bfa,2022,5.8652
bfa,2023,5.3897
bfa,2024,4.9894
bgd,1991,21.790
bgd,1992,33.286
bgd,1993,20.183
bgd,1994,19.745
bgd,1995,19.295
bgd,1996,18.619
bgd,1997,17.566
bgd,1998,15.954
bgd,1999,13.981
bgd,2000,11.774
bgd,2001,10.011
bgd,2002,9.1176
bgd,2003,8.8650
bgd,2004,9.1369
bgd,2005,9.6352
bgd,2006,10.055
bgd,2007,10.261
bgd,2008,10.160
bgd,2009,9.7675
bgd,2010,9.0979
bgd,2011,8.3164
bgd,2012,7.5749
bgd,2013,6.8590
bgd,2014,6.2643
bgd,2015,5.7965
bgd,2016,5.4870
bgd,2017,5.3404
bgd,2018,5.1923
bgd,2019,5.0422
bgd,2020,4.8653
bgd,2021,4.6480
bgd,2022,4.3200
bgd,2023,3.8881
bgd,2024,3.4534
bgr,1991,3.8736
bgr,1992,3.8392
bgr,1993,3.8015
bgr,1994,3.7609
bgr,1995,3.7136
bgr,1996,3.6587
bgr,1997,3.5878
bgr,1998,3.4979
bgr,1999,3.3918
bgr,2000,3.2529
bgr,2001,3.0853
bgr,2002,2.9288
bgr,2003,2.8200
bgr,2004,2.7684
bgr,2005,2.7464
bgr,2006,2.7198
bgr,2007,2.6627
bgr,2008,2.5848
bgr,2009,2.4990
bgr,2010,2.4059
bgr,2011,2.3086
bgr,2012,2.2020
bgr,2013,2.0857
bgr,2014,1.9725
bgr,2015,1.8698
bgr,2016,1.7833
bgr,2017,1.7175
bgr,2018,1.6687
bgr,2019,1.6377
bgr,2020,1.6126
bgr,2021,1.5911
bgr,2022,1.5655
bgr,2023,1.5251
bgr,2024,1.4780
bhr,1991,3.3085
bhr,1992,3.3233
bhr,1993,3.3142
bhr,1994,3.3023
bhr,1995,3.2795
bhr,1996,3.2510
bhr,1997,3.2094
bhr,1998,3.1551
bhr,1999,3.0900
bhr,2000,3.0216
bhr,2001,2.9463
bhr,2002,2.8667
bhr,2003,2.7786
bhr,2004,2.6820
bhr,2005,2.5777
bhr,2006,2.4737
bhr,2007,2.3780
bhr,2008,2.2946
bhr,2009,2.2198
bhr,2010,2.1591
bhr,2011,2.1058
bhr,2012,2.0620
bhr,2013,2.0195
bhr,2014,1.9835
bhr,2015,1.9486
bhr,2016,1.9189
bhr,2017,1.8912
bhr,2018,1.8589
bhr,2019,1.8317
bhr,2020,1.7982
bhr,2021,1.7605
bhr,2022,1.7215
bhr,2023,1.6728
bhr,2024,1.6215
bhs,1991,3.3409
bhs,1992,3.4891
bhs,1993,3.6238
bhs,1994,3.7456
bhs,1995,3.8451
bhs,1996,3.9289
bhs,1997,3.9915
bhs,1998,4.0296
bhs,1999,4.0527
bhs,2000,4.0526
bhs,2001,4.0317
bhs,2002,3.9879
bhs,2003,3.9229
bhs,2004,3.8473
bhs,2005,3.7555
bhs,2006,3.6560
bhs,2007,3.5588
bhs,2008,3.4573
bhs,2009,3.3575
bhs,2010,3.2638
bhs,2011,3.1632
bhs,2012,3.0579
bhs,2013,2.9560
bhs,2014,2.8472
bhs,2015,2.7285
bhs,2016,2.6006
bhs,2017,2.4703
bhs,2018,2.3366
bhs,2019,2.2058
bhs,2020,10.136
bhs,2021,1.9783
bhs,2022,1.8768
bhs,2023,1.7795
bhs,2024,1.6831
bih,1991,2.4555
bih,1992,2.3244
bih,1993,21.475
bih,1994,22.066
bih,1995,2.0073
bih,1996,4.5755
bih,1997,1.7209
bih,1998,1.6411
bih,1999,1.5726
bih,2000,1.5156
bih,2001,1.4664
bih,2002,1.4274
bih,2003,1.3952
bih,2004,1.3717
bih,2005,1.3513
bih,2006,1.3335
bih,2007,1.3146
bih,2008,1.2937
bih,2009,1.2710
bih,2010,1.2454
bih,2011,1.2237
bih,2012,1.2019
bih,2013,1.1854
bih,2014,1.1736
bih,2015,1.1636
bih,2016,1.1559
bih,2017,1.1494
bih,2018,1.1412
bih,2019,1.1290
bih,2020,1.1127
bih,2021,1.0910
bih,2022,1.0625
bih,2023,1.0301
bih,2024,0.99420
blr,1991,3.8685
blr,1992,3.8029
blr,1993,3.7107
blr,1994,3.5991
blr,1995,3.4754
blr,1996,3.3404
blr,1997,3.2268
blr,1998,3.1194
blr,1999,3.0166
blr,2000,2.9218
blr,2001,2.8206
blr,2002,2.7203
blr,2003,2.6190
blr,2004,2.5192
blr,2005,2.4242
blr,2006,2.3334
blr,2007,2.2601
blr,2008,2.1972
blr,2009,2.1311
blr,2010,2.0613
blr,2011,1.9810
blr,2012,1.8892
blr,2013,1.7848
blr,2014,1.6767
blr,2015,1.5696
blr,2016,1.4640
blr,2017,1.3683
blr,2018,1.2782
blr,2019,1.1852
blr,2020,1.0872
blr,2021,0.99139
blr,2022,0.90768
blr,2023,0.83268
blr,2024,0.76491
blz,1991,4.1423
blz,1992,4.2752
blz,1993,4.3913
blz,1994,4.4771
blz,1995,4.5597
blz,1996,4.6215
blz,1997,4.6837
blz,1998,4.7311
blz,1999,4.7546
blz,2000,4.7705
blz,2001,4.7740
blz,2002,4.7547
blz,2003,4.7155
blz,2004,4.6649
blz,2005,4.6001
blz,2006,4.5230
blz,2007,4.4325
blz,2008,4.3282
blz,2009,4.2117
blz,2010,4.0836
blz,2011,3.9440
blz,2012,3.8011
blz,2013,3.6486
blz,2014,3.4949
blz,2015,3.3409
blz,2016,3.1962
blz,2017,3.0468
blz,2018,2.9038
blz,2019,2.7649
blz,2020,2.6313
blz,2021,2.4998
blz,2022,2.3712
blz,2023,2.2412
blz,2024,2.1068
bol,1991,9.9427
bol,1992,9.4446
bol,1993,9.0019
bol,1994,8.5950
bol,1995,8.2015
bol,1996,7.8680
bol,1997,7.5495
bol,1998,7.2632
bol,1999,7.0095
bol,2000,6.7732
bol,2001,6.5315
bol,2002,6.3153
bol,2003,6.0672
bol,2004,5.8030
bol,2005,5.5401
bol,2006,5.2811
bol,2007,5.0094
bol,2008,4.7475
bol,2009,4.4849
bol,2010,4.1997
bol,2011,3.9349
bol,2012,3.6808
bol,2013,3.4655
bol,2014,3.2644
bol,2015,3.0874
bol,2016,2.9311
bol,2017,2.7746
bol,2018,2.6186
bol,2019,2.4779
bol,2020,2.3451
bol,2021,2.2164
bol,2022,2.1161
bol,2023,1.9988
bol,2024,1.9059
bra,1991,4.0186
bra,1992,4.0339
bra,1993,4.0350
bra,1994,4.0161
bra,1995,3.9785
bra,1996,3.9234
bra,1997,3.8516
bra,1998,3.7721
bra,1999,3.6901
bra,2000,3.6181
bra,2001,3.5566
bra,2002,3.5031
bra,2003,3.4583
bra,2004,3.4157
bra,2005,3.3790
bra,2006,3.3458
bra,2007,3.3124
bra,2008,3.2835
bra,2009,3.2481
bra,2010,3.2087
bra,2011,3.1585
bra,2012,3.0975
bra,2013,3.0294
bra,2014,2.9526
bra,2015,2.8782
bra,2016,2.8050
bra,2017,2.7329
bra,2018,2.6663
bra,2019,2.6030
bra,2020,2.5476
bra,2021,2.5019
bra,2022,2.4659
bra,2023,2.4310
bra,2024,2.3843
brb,1991,2.3258
brb,1992,2.3496
brb,1993,2.3672
brb,1994,2.3723
brb,1995,2.3623
brb,1996,2.3485
brb,1997,2.3352
brb,1998,2.3169
brb,1999,2.2953
brb,2000,2.2735
brb,2001,2.2533
brb,2002,2.2313
brb,2003,2.2087
brb,2004,2.1800
brb,2005,2.1496
brb,2006,2.1123
brb,2007,2.0662
brb,2008,2.0161
brb,2009,1.9602
brb,2010,1.8968
brb,2011,1.8239
brb,2012,1.7447
brb,2013,1.6634
brb,2014,1.5834
brb,2015,1.5036
brb,2016,1.4284
brb,2017,1.3573
brb,2018,1.2889
brb,2019,1.2260
brb,2020,1.1627
brb,2021,1.1032
brb,2022,1.0439
brb,2023,0.98750
brb,2024,0.93312
brn,1991,3.5253
brn,1992,3.4146
brn,1993,3.3057
brn,1994,3.2044
brn,1995,3.1010
brn,1996,3.0001
brn,1997,2.9072
brn,1998,2.8244
brn,1999,2.7428
brn,2000,2.6720
brn,2001,2.6074
brn,2002,2.5472
brn,2003,2.4885
brn,2004,2.4317
brn,2005,2.3767
brn,2006,2.3228
brn,2007,2.2745
brn,2008,2.2278
brn,2009,2.1843
brn,2010,2.1445
brn,2011,2.1080
brn,2012,2.0724
brn,2013,2.0325
brn,2014,1.9958
brn,2015,1.9573
brn,2016,1.9206
brn,2017,1.8731
brn,2018,1.8216
brn,2019,1.7647
brn,2020,1.7007
brn,2021,1.6324
brn,2022,1.5596
brn,2023,1.4877
brn,2024,1.4126
btn,1991,11.259
btn,1992,11.462
btn,1993,11.572
btn,1994,11.612
btn,1995,11.592
btn,1996,11.502
btn,1997,11.383
btn,1998,11.239
btn,1999,11.105
btn,2000,10.915
btn,2001,12.088
btn,2002,10.478
btn,2003,10.262
btn,2004,10.042
btn,2005,9.8142
btn,2006,9.5663
btn,2007,9.3016
btn,2008,9.0118
btn,2009,8.7029
btn,2010,8.3698
btn,2011,7.9977
btn,2012,7.6138
btn,2013,7.2327
btn,2014,6.8328
btn,2015,6.4640
btn,2016,6.1145
btn,2017,5.7844
btn,2018,5.4793
btn,2019,5.1811
btn,2020,4.9391
btn,2021,4.6906
btn,2022,4.4599
btn,2023,4.2146
btn,2024,3.9886
bwa,1991,15.633
bwa,1992,15.172
bwa,1993,14.695
bwa,1994,14.202
bwa,1995,13.706
bwa,1996,13.229
bwa,1997,12.774
bwa,1998,12.302
bwa,1999,11.817
bwa,2000,11.362
bwa,2001,10.939
bwa,2002,10.511
bwa,2003,10.084
bwa,2004,9.6913
bwa,2005,9.3295
bwa,2006,8.9533
bwa,2007,9.8279
bwa,2008,8.2971
bwa,2009,8.0165
bwa,2010,7.7398
bwa,2011,7.5096
bwa,2012,7.2714
bwa,2013,7.0358
bwa,2014,6.7973
bwa,2015,6.5706
bwa,2016,6.3149
bwa,2017,6.0565
bwa,2018,5.8023
bwa,2019,5.5534
bwa,2020,5.2914
bwa,2021,5.0307
bwa,2022,4.7592
bwa,2023,4.5080
bwa,2024,4.2624
caf,1991,22.901
caf,1992,22.002
caf,1993,21.335
caf,1994,20.869
caf,1995,20.427
caf,1996,20.145
caf,1997,20.103
caf,1998,20.143
caf,1999,20.343
caf,2000,20.539
caf,2001,20.851
caf,2002,21.292
caf,2003,21.632
caf,2004,21.929
caf,2005,22.083
caf,2006,22.078
caf,2007,22.023
caf,2008,21.874
caf,2009,21.677
caf,2010,169.85
caf,2011,28.849
caf,2012,23.692
caf,2013,20.454
caf,2014,25.145
caf,2015,43.955
caf,2016,22.338
caf,2017,23.630
caf,2018,32.766
caf,2019,21.086
caf,2020,63.864
caf,2021,21.839
caf,2022,37.466
caf,2023,110.97
caf,2024,12.890
can,1991,2.0408
can,1992,1.9707
can,1993,1.9000
can,1994,1.8302
can,1995,1.7655
can,1996,1.7031
can,1997,1.6419
can,1998,1.5802
can,1999,1.5163
can,2000,1.4531
can,2001,1.3904
can,2002,1.3324
can,2003,1.2823
can,2004,1.2403
can,2005,1.2070
can,2006,1.1778
can,2007,1.1478
can,2008,1.1175
can,2009,1.0868
can,2010,1.0564
can,2011,1.0264
can,2012,0.99914
can,2013,0.97772
can,2014,0.96148
can,2015,0.94815
can,2016,0.93742
can,2017,0.92866
can,2018,0.92056
can,2019,0.91542
can,2020,0.91574
can,2021,0.92217
can,2022,0.92934
can,2023,0.93131
can,2024,0.92624
che,1991,1.8695
che,1992,1.8042
che,1993,1.7390
che,1994,1.6736
che,1995,1.6091
che,1996,1.5464
che,1997,1.4834
che,1998,1.4210
che,1999,1.3613
che,2000,1.3036
che,2001,1.2474
che,2002,1.1947
che,2003,1.1441
che,2004,1.0980
che,2005,1.0539
che,2006,1.0121
che,2007,0.97356
che,2008,0.93663
che,2009,0.90242
che,2010,0.87008
che,2011,0.84204
che,2012,0.81485
che,2013,0.79100
che,2014,0.77092
che,2015,0.75292
che,2016,0.73796
che,2017,0.72528
che,2018,0.71276
che,2019,0.70098
che,2020,0.68779
che,2021,0.67376
che,2022,0.65712
che,2023,0.64053
che,2024,0.62263
chl,1991,3.0517
chl,1992,2.9300
chl,1993,2.8179
chl,1994,2.7154
chl,1995,2.6200
chl,1996,2.5347
chl,1997,2.4514
chl,1998,2.3659
chl,1999,2.2792
chl,2000,2.1943
chl,2001,2.1155
chl,2002,2.0440
chl,2003,1.9773
chl,2004,1.9159
chl,2005,1.8564
chl,2006,1.8015
chl,2007,1.7508
chl,2008,1.7037
chl,2009,1.6621
chl,2010,1.6224
chl,2011,1.5853
chl,2012,1.5509
chl,2013,1.5156
chl,2014,1.4801
chl,2015,1.4419
chl,2016,1.4038
chl,2017,1.3643
chl,2018,1.3259
chl,2019,1.2969
chl,2020,1.2789
chl,2021,1.2738
chl,2022,1.2737
chl,2023,1.2689
chl,2024,1.2556
chn,1991,5.8925
chn,1992,5.6269
chn,1993,5.3673
chn,1994,5.1300
chn,1995,4.8968
chn,1996,4.6764
chn,1997,4.4696
chn,1998,4.2616
chn,1999,4.0735
chn,2000,3.8945
chn,2001,3.7198
chn,2002,3.5551
chn,2003,3.4044
chn,2004,3.2622
chn,2005,3.1249
chn,2006,2.9955
chn,2007,2.8711
chn,2008,2.7546
chn,2009,2.6286
chn,2010,2.4949
chn,2011,2.3606
chn,2012,2.2316
chn,2013,2.1075
chn,2014,1.9800
chn,2015,1.8628
chn,2016,1.7483
chn,2017,1.6404
chn,2018,1.5421
chn,2019,1.4466
chn,2020,1.3573
chn,2021,1.2717
chn,2022,1.1970
chn,2023,1.1291
chn,2024,1.0671
civ,1991,24.052
civ,1992,23.714
civ,1993,23.409
civ,1994,23.051
civ,1995,22.694
civ,1996,22.383
civ,1997,21.935
civ,1998,21.581
civ,1999,21.266
civ,2000,20.894
civ,2001,20.594
civ,2002,20.292
civ,2003,20.014
civ,2004,19.831
civ,2005,19.624
civ,2006,19.478
civ,2007,19.256
civ,2008,19.053
civ,2009,18.817
civ,2010,18.537
civ,2011,18.219
civ,2012,17.866
civ,2013,17.465
civ,2014,17.017
civ,2015,16.527
civ,2016,16.014
civ,2017,15.376
civ,2018,14.699
civ,2019,13.968
civ,2020,13.268
civ,2021,12.485
civ,2022,11.795
civ,2023,11.097
civ,2024,10.546
cmr,1991,27.703
cmr,1992,27.601
cmr,1993,27.511
cmr,1994,27.424
cmr,1995,27.241
cmr,1996,27.094
cmr,1997,26.900
cmr,1998,26.696
cmr,1999,26.469
cmr,2000,26.226
cmr,2001,25.965
cmr,2002,25.675
cmr,2003,25.383
cmr,2004,25.034
cmr,2005,24.663
cmr,2006,24.274
cmr,2007,23.856
cmr,2008,23.407
cmr,2009,22.966
cmr,2010,22.475
cmr,2011,21.927
cmr,2012,21.331
cmr,2013,20.664
cmr,2014,19.944
cmr,2015,19.189
cmr,2016,18.443
cmr,2017,17.654
cmr,2018,16.865
cmr,2019,16.084
cmr,2020,15.342
cmr,2021,14.616
cmr,2022,13.959
cmr,2023,13.338
cmr,2024,12.639
cod,1991,27.318
cod,1992,27.202
cod,1993,27.095
cod,1994,26.962
cod,1995,26.740
cod,1996,26.632
cod,1997,26.400
cod,1998,26.105
cod,1999,25.806
cod,2000,25.431
cod,2001,25.082
cod,2002,24.721
cod,2003,24.368
cod,2004,24.082
cod,2005,23.732
cod,2006,23.368
cod,2007,22.947
cod,2008,22.474
cod,2009,21.995
cod,2010,21.492
cod,2011,20.951
cod,2012,20.382
cod,2013,19.803
cod,2014,19.199
cod,2015,18.507
cod,2016,17.809
cod,2017,17.103
cod,2018,16.405
cod,2019,15.648
cod,2020,14.951
cod,2021,14.224
cod,2022,13.478
cod,2023,12.846
cod,2024,12.172
cog,1991,15.625
cog,1992,16.047
cog,1993,16.319
cog,1994,16.554
cog,1995,16.670
cog,1996,16.754
cog,1997,16.647
cog,1998,19.682
cog,1999,17.977
cog,2000,15.587
cog,2001,15.056
cog,2002,14.503
cog,2003,13.853
cog,2004,13.206
cog,2005,12.502
cog,2006,11.768
cog,2007,11.030
cog,2008,10.315
cog,2009,9.6210
cog,2010,8.9162
cog,2011,8.2288
cog,2012,7.5388
cog,2013,6.8783
cog,2014,6.3058
cog,2015,5.8109
cog,2016,5.3932
cog,2017,5.0414
cog,2018,4.7142
cog,2019,4.3940
cog,2020,6.5574
cog,2021,3.8995
cog,2022,3.6810
cog,2023,3.4836
cog,2024,3.2860
cok,1991,3.9091
cok,1992,3.9026
cok,1993,3.8922
cok,1994,3.8700
cok,1995,3.8255
cok,1996,3.7585
cok,1997,3.6684
cok,1998,3.5578
cok,1999,3.4379
cok,2000,3.3188
cok,2001,3.2049
cok,2002,3.0967
cok,2003,2.9942
cok,2004,2.8947
cok,2005,2.7959
cok,2006,2.6974
cok,2007,2.6056
cok,2008,2.5216
cok,2009,2.4478
cok,2010,2.3899
cok,2011,2.3505
cok,2012,2.3343
cok,2013,2.3395
cok,2014,2.3594
cok,2015,2.3916
cok,2016,2.4309
cok,2017,2.4737
cok,2018,2.5174
cok,2019,2.5513
cok,2020,2.5692
cok,2021,2.5661
cok,2022,2.5422
cok,2023,2.5082
cok,2024,2.4652
col,1991,4.4445
col,1992,4.4608
col,1993,4.4552
col,1994,4.4273
col,1995,4.3676
col,1996,4.2861
col,1997,4.1911
col,1998,4.1067
col,1999,4.0416
col,2000,3.9795
col,2001,3.9119
col,2002,3.8283
col,2003,3.7267
col,2004,3.6134
col,2005,3.4966
col,2006,3.3882
col,2007,3.2901
col,2008,3.2032
col,2009,3.1276
col,2010,3.0544
col,2011,2.9852
col,2012,2.9165
col,2013,2.8516
col,2014,2.7981
col,2015,2.7498
col,2016,2.7110
col,2017,2.6790
col,2018,2.6555
col,2019,2.6429
col,2020,2.6371
col,2021,2.6423
col,2022,2.6502
col,2023,2.6527
col,2024,2.6339
com,1991,12.379
com,1992,12.095
com,1993,11.850
com,1994,11.601
com,1995,11.342
com,1996,11.083
com,1997,10.814
com,1998,10.593
com,1999,10.385
com,2000,10.130
com,2001,9.9016
com,2002,9.6831
com,2003,9.4551
com,2004,9.2144
com,2005,8.9329
com,2006,8.6578
com,2007,8.3751
com,2008,8.0641
com,2009,7.7716
com,2010,7.4599
com,2011,7.1757
com,2012,6.8866
com,2013,6.6001
com,2014,6.2988
com,2015,6.0110
com,2016,5.7123
com,2017,5.4070
com,2018,5.0667
com,2019,4.7311
com,2020,4.4450
com,2021,4.1522
com,2022,3.8921
com,2023,3.6626
com,2024,3.4425
cpv,1991,4.4482
cpv,1992,4.5231
cpv,1993,4.5712
cpv,1994,4.5822
cpv,1995,4.5763
cpv,1996,7.7503
cpv,1997,4.5012
cpv,1998,4.4352
cpv,1999,4.3473
cpv,2000,4.2471
cpv,2001,4.1318
cpv,2002,4.0047
cpv,2003,3.8791
cpv,2004,3.7481
cpv,2005,3.6156
cpv,2006,3.4892
cpv,2007,3.3594
cpv,2008,3.2291
cpv,2009,3.0930
cpv,2010,2.9598
cpv,2011,2.8306
cpv,2012,2.7083
cpv,2013,2.5883
cpv,2014,2.4801
cpv,2015,2.3808
cpv,2016,2.2884
cpv,2017,2.2012
cpv,2018,2.1146
cpv,2019,2.0293
cpv,2020,1.9368
cpv,2021,1.8397
cpv,2022,1.7386
cpv,2023,1.6394
cpv,2024,1.5437
cri,1991,2.7773
cri,1992,2.7444
cri,1993,2.7082
cri,1994,2.6675
cri,1995,2.6262
cri,1996,2.5833
cri,1997,2.5385
cri,1998,2.4928
cri,1999,2.4466
cri,2000,2.4014
cri,2001,2.3547
cri,2002,2.3091
cri,2003,2.2654
cri,2004,2.2240
cri,2005,2.1824
cri,2006,2.1418
cri,2007,2.1023
cri,2008,2.0632
cri,2009,2.0240
cri,2010,1.9851
cri,2011,1.9471
cri,2012,1.9098
cri,2013,1.8727
cri,2014,1.8354
cri,2015,1.7994
cri,2016,1.7648
cri,2017,1.7292
cri,2018,1.6947
cri,2019,1.6591
cri,2020,1.6233
cri,2021,1.5851
cri,2022,1.5436
cri,2023,1.5026
cri,2024,1.4589
cub,1991,3.7624
cub,1992,3.6890
cub,1993,3.6083
cub,1994,3.5181
cub,1995,3.4226
cub,1996,3.3175
cub,1997,3.2066
cub,1998,3.0893
cub,1999,2.9655
cub,2000,2.8375
cub,2001,2.7044
cub,2002,2.5673
cub,2003,2.4318
cub,2004,2.3030
cub,2005,2.1937
cub,2006,2.1044
cub,2007,2.0346
cub,2008,1.9838
cub,2009,1.9444
cub,2010,1.9179
cub,2011,1.8991
cub,2012,1.8871
cub,2013,1.8817
cub,2014,1.8786
cub,2015,1.8809
cub,2016,1.8844
cub,2017,1.8870
cub,2018,1.8923
cub,2019,1.8983
cub,2020,1.9176
cub,2021,1.9437
cub,2022,1.9666
cub,2023,1.9821
cub,2024,1.9799
cyp,1991,1.5379
cyp,1992,1.5583
cyp,1993,1.5739
cyp,1994,1.5820
cyp,1995,1.5914
cyp,1996,1.6012
cyp,1997,1.6131
cyp,1998,1.6274
cyp,1999,1.6427
cyp,2000,1.6563
cyp,2001,1.6648
cyp,2002,1.6636
cyp,2003,1.6515
cyp,2004,1.6256
cyp,2005,1.5886
cyp,2006,1.5397
cyp,2007,1.4853
cyp,2008,1.4225
cyp,2009,1.3593
cyp,2010,1.2970
cyp,2011,1.2382
cyp,2012,1.1827
cyp,2013,1.1331
cyp,2014,1.0888
cyp,2015,1.0472
cyp,2016,1.0060
cyp,2017,0.96818
cyp,2018,0.93148
cyp,2019,0.89330
cyp,2020,0.85290
cyp,2021,0.80923
cyp,2022,0.76412
cyp,2023,0.72153
cyp,2024,0.68274
cze,1991,2.3211
cze,1992,2.2786
cze,1993,2.2348
cze,1994,2.1850
cze,1995,2.1261
cze,1996,2.0575
cze,1997,1.9827
cze,1998,1.9049
cze,1999,1.8247
cze,2000,1.7392
cze,2001,1.6581
cze,2002,1.5791
cze,2003,1.5060
cze,2004,1.4378
cze,2005,1.3746
cze,2006,1.3158
cze,2007,1.2597
cze,2008,1.2060
cze,2009,1.1552
cze,2010,1.1060
cze,2011,1.0596
cze,2012,1.0163
cze,2013,0.97588
cze,2014,0.93973
cze,2015,0.90804
cze,2016,0.88271
cze,2017,0.86334
cze,2018,0.84803
cze,2019,0.83820
cze,2020,0.82956
cze,2021,0.81978
cze,2022,0.80849
cze,2023,0.79173
cze,2024,0.77122
deu,1991,1.8976
deu,1992,1.8233
deu,1993,1.7436
deu,1994,1.6582
deu,1995,1.5703
deu,1996,1.4858
deu,1997,1.4086
deu,1998,1.3437
deu,1999,1.2943
deu,2000,1.2518
deu,2001,1.2144
deu,2002,1.1778
deu,2003,1.1404
deu,2004,1.1026
deu,2005,1.0643
deu,2006,1.0267
deu,2007,0.98988
deu,2008,0.95632
deu,2009,0.92870
deu,2010,0.90299
deu,2011,0.88027
deu,2012,0.85889
deu,2013,0.83891
deu,2014,0.82141
deu,2015,0.80562
deu,2016,0.79426
deu,2017,0.78524
deu,2018,0.77743
deu,2019,0.77048
deu,2020,0.76621
deu,2021,0.76790
deu,2022,0.77704
deu,2023,0.78832
deu,2024,0.79642
dji,1991,19.986
dji,1992,19.608
dji,1993,19.319
dji,1994,19.054
dji,1995,18.830
dji,1996,18.606
dji,1997,18.390
dji,1998,18.153
dji,1999,17.864
dji,2000,17.557
dji,2001,17.222
dji,2002,16.850
dji,2003,16.456
dji,2004,16.055
dji,2005,15.662
dji,2006,15.270
dji,2007,14.872
dji,2008,14.456
dji,2009,14.051
dji,2010,13.683
dji,2011,13.309
dji,2012,12.933
dji,2013,12.567
dji,2014,12.208
dji,2015,11.861
dji,2016,11.509
dji,2017,11.193
dji,2018,10.858
dji,2019,10.544
dji,2020,10.217
dji,2021,9.9017
dji,2022,9.5988
dji,2023,9.3147
dji,2024,9.0197
dma,1991,3.1188
dma,1992,3.1278
dma,1993,3.1328
dma,1994,3.1183
dma,1995,3.0892
dma,1996,3.0543
dma,1997,3.0059
dma,1998,2.9561
dma,1999,2.9095
dma,2000,2.8590
dma,2001,2.8003
dma,2002,2.7435
dma,2003,2.6929
dma,2004,2.6425
dma,2005,2.5936
dma,2006,2.5481
dma,2007,2.4840
dma,2008,2.4189
dma,2009,2.3435
dma,2010,2.2655
dma,2011,2.1830
dma,2012,2.0946
dma,2013,2.0072
dma,2014,1.9190
dma,2015,1.8256
dma,2016,1.7416
dma,2017,1.6564
dma,2018,8.0686
dma,2019,1.5024
dma,2020,1.4300
dma,2021,1.3528
dma,2022,1.2813
dma,2023,1.2120
dma,2024,1.1517
dnk,1991,1.7774
dnk,1992,1.7305
dnk,1993,1.6830
dnk,1994,1.6337
dnk,1995,1.5828
dnk,1996,1.5315
dnk,1997,1.4789
dnk,1998,1.4246
dnk,1999,1.3690
dnk,2000,1.3134
dnk,2001,1.2563
dnk,2002,1.1994
dnk,2003,1.1391
dnk,2004,1.0794
dnk,2005,1.0219
dnk,2006,0.96594
dnk,2007,0.91288
dnk,2008,0.86243
dnk,2009,0.81629
dnk,2010,0.77451
dnk,2011,0.73679
dnk,2012,0.70348
dnk,2013,0.67641
dnk,2014,0.65463
dnk,2015,0.63753
dnk,2016,0.62534
dnk,2017,0.61559
dnk,2018,0.60669
dnk,2019,0.59707
dnk,2020,0.58482
dnk,2021,0.56967
dnk,2022,0.55280
dnk,2023,0.53335
dnk,2024,0.51352
dom,1991,5.6987
dom,1992,5.4420
dom,1993,5.2024
dom,1994,4.9888
dom,1995,4.8087
dom,1996,4.6535
dom,1997,4.5153
dom,1998,4.3992
dom,1999,4.2917
dom,2000,4.2012
dom,2001,4.1170
dom,2002,4.0372
dom,2003,3.9689
dom,2004,3.8922
dom,2005,3.8079
dom,2006,3.7286
dom,2007,3.6500
dom,2008,3.5649
dom,2009,3.4625
dom,2010,3.3512
dom,2011,3.2421
dom,2012,3.1323
dom,2013,3.0193
dom,2014,2.9022
dom,2015,2.7746
dom,2016,2.6603
dom,2017,2.5441
dom,2018,2.4245
dom,2019,2.3192
dom,2020,2.2187
dom,2021,2.1111
dom,2022,2.0030
dom,2023,1.8983
dom,2024,1.8010
dza,1991,8.5345
dza,1992,8.1771
dza,1993,7.8740
dza,1994,7.6214
dza,1995,7.3959
dza,1996,7.2145
dza,1997,7.0491
dza,1998,6.8767
dza,1999,6.6906
dza,2000,6.4761
dza,2001,6.2255
dza,2002,5.9524
dza,2003,5.6733
dza,2004,6.0201
dza,2005,5.1684
dza,2006,4.9709
dza,2007,4.8036
dza,2008,4.6457
dza,2009,4.4972
dza,2010,4.3577
dza,2011,4.2427
dza,2012,4.1459
dza,2013,4.0580
dza,2014,3.9733
dza,2015,3.8737
dza,2016,3.7539
dza,2017,3.6145
dza,2018,3.4650
dza,2019,3.3191
dza,2020,3.1839
dza,2021,3.0798
dza,2022,3.0049
dza,2023,2.9512
dza,2024,2.9043
ecu,1991,7.0525
ecu,1992,6.7985
ecu,1993,6.5001
ecu,1994,6.1816
ecu,1995,5.8792
ecu,1996,5.6243
ecu,1997,5.4223
ecu,1998,5.2686
ecu,1999,5.1552
ecu,2000,5.0574
ecu,2001,4.9629
ecu,2002,4.8616
ecu,2003,4.7589
ecu,2004,4.6537
ecu,2005,4.5535
ecu,2006,4.4614
ecu,2007,4.3712
ecu,2008,4.2912
ecu,2009,4.2106
ecu,2010,4.1248
ecu,2011,4.0294
ecu,2012,3.9157
ecu,2013,3.7841
ecu,2014,3.6437
ecu,2015,3.5007
ecu,2016,3.3698
ecu,2017,3.5786
ecu,2018,3.1621
ecu,2019,3.1006
ecu,2020,3.0734
ecu,2021,3.0901
ecu,2022,3.1422
ecu,2023,3.2087
ecu,2024,3.2677
egy,1991,10.872
egy,1992,10.168
egy,1993,9.4793
egy,1994,8.8454
egy,1995,8.2536
egy,1996,7.6945
egy,1997,7.1630
egy,1998,6.6659
egy,1999,6.2268
egy,2000,5.8478
egy,2001,5.5300
egy,2002,5.2742
egy,2003,5.0659
egy,2004,4.9008
egy,2005,4.7727
egy,2006,4.6790
egy,2007,4.6221
egy,2008,4.5881
egy,2009,4.5688
egy,2010,4.5555
egy,2011,4.5389
egy,2012,4.5101
egy,2013,4.4569
egy,2014,4.3786
egy,2015,4.2774
egy,2016,4.1612
egy,2017,4.0462
egy,2018,3.9327
egy,2019,3.8353
egy,2020,3.7499
egy,2021,3.6635
egy,2022,3.5576
egy,2023,3.4288
egy,2024,3.2730
eri,1991,34.302
eri,1992,31.793
eri,1993,29.441
eri,1994,27.151
eri,1995,24.946
eri,1996,22.906
eri,1997,20.991
eri,1998,19.256
eri,1999,17.663
eri,2000,23.752
eri,2001,16.811
eri,2002,13.580
eri,2003,12.456
eri,2004,11.487
eri,2005,10.605
eri,2006,9.8471
eri,2007,9.1115
eri,2008,8.4431
eri,2009,7.7983
eri,2010,7.2115
eri,2011,6.6959
eri,2012,6.2366
eri,2013,5.8757
eri,2014,5.5362
eri,2015,5.2601
eri,2016,4.9563
eri,2017,4.6739
eri,2018,4.4279
eri,2019,4.2049
eri,2020,3.9877
eri,2021,3.7739
eri,2022,3.5662
eri,2023,3.3727
eri,2024,3.2118
esp,1991,2.2041
esp,1992,2.1424
esp,1993,2.0719
esp,1994,1.9922
esp,1995,1.9179
esp,1996,1.8510
esp,1997,1.7886
esp,1998,1.7311
esp,1999,1.6713
esp,2000,1.6121
esp,2001,1.5509
esp,2002,1.4883
esp,2003,1.4264
esp,2004,1.3635
esp,2005,1.3009
esp,2006,1.2405
esp,2007,1.1810
esp,2008,1.1253
esp,2009,1.0715
esp,2010,1.0208
esp,2011,0.97355
esp,2012,0.92926
esp,2013,0.88929
esp,2014,0.85260
esp,2015,0.82017
esp,2016,0.79048
esp,2017,0.76612
esp,2018,0.74808
esp,2019,0.73600
esp,2020,0.73289
esp,2021,0.73572
esp,2022,0.73816
esp,2023,0.73621
esp,2024,0.72753
est,1991,4.5209
est,1992,4.4534
est,1993,4.3589
est,1994,4.2358
est,1995,4.0838
est,1996,3.9168
est,1997,3.7305
est,1998,3.5341
est,1999,3.3325
est,2000,3.1309
est,2001,2.9376
est,2002,2.7487
est,2003,2.5695
est,2004,2.4034
est,2005,2.2518
est,2006,2.1171
est,2007,1.9912
est,2008,1.8800
est,2009,1.7771
est,2010,1.6848
est,2011,1.6008
est,2012,1.5224
est,2013,1.4552
est,2014,1.3904
est,2015,1.3324
est,2016,1.2815
est,2017,1.2350
est,2018,1.1900
est,2019,1.1480
est,2020,1.1076
est,2021,1.0675
est,2022,1.0258
est,2023,0.98289
est,2024,0.93844
eth,1991,58.666
eth,1992,56.817
eth,1993,54.653
eth,1994,52.322
eth,1995,49.923
eth,1996,47.423
eth,1997,44.886
eth,1998,42.424
eth,1999,40.116
eth,2000,37.734
eth,2001,35.366
eth,2002,33.169
eth,2003,31.021
eth,2004,28.887
eth,2005,26.771
eth,2006,24.695
eth,2007,22.717
eth,2008,20.719
eth,2009,18.779
eth,2010,16.911
eth,2011,15.157
eth,2012,13.511
eth,2013,11.982
eth,2014,10.604
eth,2015,9.2841
eth,2016,8.1122
eth,2017,7.0876
eth,2018,6.2513
eth,2019,5.6011
eth,2020,5.0601
eth,2021,4.6336
eth,2022,4.2913
eth,2023,4.0175
eth,2024,3.7865
fin,1991,1.7521
fin,1992,1.7180
fin,1993,1.6829
fin,1994,1.6480
fin,1995,1.6119
fin,1996,1.5744
fin,1997,1.5362
fin,1998,1.4955
fin,1999,1.4523
fin,2000,1.4081
fin,2001,1.3643
fin,2002,1.3188
fin,2003,1.2749
fin,2004,1.2322
fin,2005,1.1882
fin,2006,1.1448
fin,2007,1.0991
fin,2008,1.0522
fin,2009,1.0087
fin,2010,0.96649
fin,2011,0.92633
fin,2012,0.88999
fin,2013,0.85686
fin,2014,0.82916
fin,2015,0.80275
fin,2016,0.78046
fin,2017,0.76111
fin,2018,0.74377
fin,2019,0.72884
fin,2020,0.71615
fin,2021,0.70310
fin,2022,0.68872
fin,2023,0.67125
fin,2024,0.65240
fji,1991,9.0734
fji,1992,9.0466
fji,1993,8.9938
fji,1994,8.9198
fji,1995,8.8138
fji,1996,8.6985
fji,1997,8.5376
fji,1998,8.3567
fji,1999,8.1339
fji,2000,7.8954
fji,2001,7.5953
fji,2002,7.2697
fji,2003,6.9116
fji,2004,6.5480
fji,2005,6.2002
fji,2006,5.8742
fji,2007,5.5874
fji,2008,5.3316
fji,2009,5.1056
fji,2010,4.9202
fji,2011,4.7632
fji,2012,4.6404
fji,2013,4.5532
fji,2014,4.4977
fji,2015,4.4729
fji,2016,4.4739
fji,2017,5.0485
fji,2018,4.5096
fji,2019,4.5264
fji,2020,4.5162
fji,2021,4.4652
fji,2022,4.3763
fji,2023,4.2460
fji,2024,4.0791
fra,1991,1.9497
fra,1992,1.8804
fra,1993,1.8139
fra,1994,1.7513
fra,1995,1.6884
fra,1996,1.6257
fra,1997,1.5628
fra,1998,1.5027
fra,1999,1.4466
fra,2000,1.3901
fra,2001,1.3334
fra,2002,1.2746
fra,2003,1.2147
fra,2004,1.1538
fra,2005,1.0934
fra,2006,1.0390
fra,2007,0.99110
fra,2008,0.95097
fra,2009,0.91904
fra,2010,0.89196
fra,2011,0.86938
fra,2012,0.84960
fra,2013,0.83182
fra,2014,0.81548
fra,2015,0.80025
fra,2016,0.78596
fra,2017,0.77223
fra,2018,0.76046
fra,2019,0.75174
fra,2020,0.74716
fra,2021,0.74666
fra,2022,0.74757
fra,2023,0.74744
fra,2024,0.74355
fsm,1991,7.1526
fsm,1992,7.0051
fsm,1993,6.8808
fsm,1994,6.7695
fsm,1995,6.6575
fsm,1996,6.5454
fsm,1997,6.4176
fsm,1998,6.2737
fsm,1999,6.1270
fsm,2000,5.9775
fsm,2001,5.8363
fsm,2002,5.7200
fsm,2003,9.3029
fsm,2004,5.5627
fsm,2005,5.5192
fsm,2006,5.4911
fsm,2007,5.4951
fsm,2008,5.4734
fsm,2009,5.4281
fsm,2010,5.3603
fsm,2011,5.2744
fsm,2012,5.1795
fsm,2013,5.0613
fsm,2014,4.9433
fsm,2015,4.8239
fsm,2016,4.6977
fsm,2017,4.5759
fsm,2018,4.4592
fsm,2019,4.3502
fsm,2020,4.2457
fsm,2021,4.1303
fsm,2022,4.0230
fsm,2023,3.9136
fsm,2024,3.8031
gab,1991,11.890
gab,1992,12.248
gab,1993,12.547
gab,1994,12.753
gab,1995,12.911
gab,1996,13.022
gab,1997,13.104
gab,1998,13.120
gab,1999,13.136
gab,2000,13.078
gab,2001,13.037
gab,2002,12.957
gab,2003,12.823
gab,2004,12.600
gab,2005,12.340
gab,2006,12.009
gab,2007,11.546
gab,2008,11.048
gab,2009,10.530
gab,2010,10.062
gab,2011,9.5859
gab,2012,9.2016
gab,2013,8.7182
gab,2014,8.2916
gab,2015,7.9208
gab,2016,7.4883
gab,2017,7.1260
gab,2018,6.7741
gab,2019,6.4869
gab,2020,6.1563
gab,2021,5.8404
gab,2022,5.5354
gab,2023,5.2696
gab,2024,5.0232
gbr,1991,1.8050
gbr,1992,1.7453
gbr,1993,1.6863
gbr,1994,1.6285
gbr,1995,1.5719
gbr,1996,1.5177
gbr,1997,1.4665
gbr,1998,1.4188
gbr,1999,1.3750
gbr,2000,1.3342
gbr,2001,1.2958
gbr,2002,1.2590
gbr,2003,1.2228
gbr,2004,1.1874
gbr,2005,1.1525
gbr,2006,1.1185
gbr,2007,1.0851
gbr,2008,1.0526
gbr,2009,1.0206
gbr,2010,0.98909
gbr,2011,0.95859
gbr,2012,0.92968
gbr,2013,0.90185
gbr,2014,0.87559
gbr,2015,0.85033
gbr,2016,0.82588
gbr,2017,0.80167
gbr,2018,0.77782
gbr,2019,0.75407
gbr,2020,0.73041
gbr,2021,0.70717
gbr,2022,0.68368
gbr,2023,0.65936
gbr,2024,0.63051
geo,1991,2.8804
geo,1992,3.0143
geo,1993,2.4318
geo,1994,2.2736
geo,1995,2.1549
geo,1996,2.0691
geo,1997,2.0107
geo,1998,1.9733
geo,1999,1.9546
geo,2000,1.9537
geo,2001,1.9718
geo,2002,2.0043
geo,2003,2.0531
geo,2004,2.1127
geo,2005,2.1831
geo,2006,2.2581
geo,2007,2.3377
geo,2008,2.4117
geo,2009,2.4775
geo,2010,2.5281
geo,2011,2.5615
geo,2012,2.5737
geo,2013,2.5636
geo,2014,2.5314
geo,2015,2.4751
geo,2016,2.3940
geo,2017,2.2943
geo,2018,2.1798
geo,2019,2.0558
geo,2020,1.9286
geo,2021,1.8000
geo,2022,1.6726
geo,2023,1.5456
geo,2024,1.4192
gha,1991,21.245
gha,1992,20.765
gha,1993,20.283
gha,1994,19.803
gha,1995,19.350
gha,1996,18.874
gha,1997,18.378
gha,1998,17.900
gha,1999,17.439
gha,2000,16.973
gha,2001,16.497
gha,2002,16.026
gha,2003,15.563
gha,2004,15.102
gha,2005,14.647
gha,2006,14.223
gha,2007,13.772
gha,2008,13.349
gha,2009,12.941
gha,2010,12.555
gha,2011,12.159
gha,2012,11.786
gha,2013,11.443
gha,2014,11.104
gha,2015,10.753
gha,2016,10.424
gha,2017,10.099
gha,2018,9.7659
gha,2019,9.4341
gha,2020,9.1019
gha,2021,8.7514
gha,2022,8.4162
gha,2023,8.0874
gha,2024,7.7749
gin,1991,36.352
gin,1992,35.330
gin,1993,34.341
gin,1994,33.326
gin,1995,32.350
gin,1996,31.403
gin,1997,30.469
gin,1998,29.517
gin,1999,28.576
gin,2000,27.659
gin,2001,26.787
gin,2002,25.931
gin,2003,25.075
gin,2004,24.247
gin,2005,23.483
gin,2006,22.765
gin,2007,22.123
gin,2008,21.482
gin,2009,20.895
gin,2010,20.362
gin,2011,19.822
gin,2012,19.248
gin,2013,18.694
gin,2014,18.105
gin,2015,17.521
gin,2016,16.872
gin,2017,16.263
gin,2018,15.651
gin,2019,15.040
gin,2020,14.465
gin,2021,13.858
gin,2022,13.264
gin,2023,12.643
gin,2024,11.974
gmb,1991,25.456
gmb,1992,24.622
gmb,1993,23.791
gmb,1994,22.977
gmb,1995,22.167
gmb,1996,21.367
gmb,1997,20.571
gmb,1998,19.792
gmb,1999,19.033
gmb,2000,18.300
gmb,2001,17.585
gmb,2002,16.893
gmb,2003,16.212
gmb,2004,15.546
gmb,2005,14.905
gmb,2006,14.284
gmb,2007,13.680
gmb,2008,13.112
gmb,2009,12.571
gmb,2010,12.059
gmb,2011,11.562
gmb,2012,11.104
gmb,2013,10.668
gmb,2014,10.241
gmb,2015,9.8406
gmb,2016,9.4567
gmb,2017,9.0924
gmb,2018,8.7527
gmb,2019,8.4375
gmb,2020,8.1357
gmb,2021,7.8578
gmb,2022,7.5917
gmb,2023,7.3404
gmb,2024,7.1056
gnb,1991,15.729
gnb,1992,16.498
gnb,1993,17.271
gnb,1994,17.986
gnb,1995,18.673
gnb,1996,19.512
gnb,1997,20.252
gnb,1998,23.907
gnb,1999,21.570
gnb,2000,22.213
gnb,2001,22.494
gnb,2002,22.739
gnb,2003,22.780
gnb,2004,22.645
gnb,2005,22.320
gnb,2006,21.809
gnb,2007,21.168
gnb,2008,20.388
gnb,2009,19.617
gnb,2010,18.739
gnb,2011,17.774
gnb,2012,16.762
gnb,2013,15.712
gnb,2014,14.634
gnb,2015,13.469
gnb,2016,12.315
gnb,2017,11.180
gnb,2018,10.127
gnb,2019,9.2511
gnb,2020,8.5459
gnb,2021,7.9315
gnb,2022,7.4329
gnb,2023,7.0026
gnb,2024,6.6318
gnq,1991,27.283
gnq,1992,27.065
gnq,1993,26.864
gnq,1994,26.663
gnq,1995,26.459
gnq,1996,26.206
gnq,1997,25.903
gnq,1998,25.545
gnq,1999,25.082
gnq,2000,24.537
gnq,2001,23.924
gnq,2002,23.274
gnq,2003,22.615
gnq,2004,21.942
gnq,2005,21.238
gnq,2006,20.556
gnq,2007,19.875
gnq,2008,19.194
gnq,2009,18.514
gnq,2010,17.879
gnq,2011,17.263
gnq,2012,16.678
gnq,2013,16.118
gnq,2014,15.593
gnq,2015,15.093
gnq,2016,14.592
gnq,2017,14.088
gnq,2018,13.650
gnq,2019,13.223
gnq,2020,12.848
gnq,2021,12.412
gnq,2022,12.004
gnq,2023,11.591
gnq,2024,11.169
grc,1991,1.8172
grc,1992,1.7583
grc,1993,1.7069
grc,1994,1.6602
grc,1995,1.6165
grc,1996,1.5765
grc,1997,1.5373
grc,1998,1.4987
grc,1999,1.4607
grc,2000,1.4244
grc,2001,1.3903
grc,2002,1.3568
grc,2003,1.3245
grc,2004,1.2927
grc,2005,1.2610
grc,2006,1.2284
grc,2007,1.1945
grc,2008,1.1607
grc,2009,1.1265
grc,2010,1.0923
grc,2011,1.0585
grc,2012,1.0252
grc,2013,0.99135
grc,2014,0.95736
grc,2015,0.92344
grc,2016,0.88985
grc,2017,0.85528
grc,2018,0.81946
grc,2019,0.78206
grc,2020,0.74294
grc,2021,0.70234
grc,2022,0.66407
grc,2023,0.62897
grc,2024,0.59245
grd,1991,2.9441
grd,1992,2.9646
grd,1993,2.9617
grd,1994,2.9478
grd,1995,2.9316
grd,1996,2.9108
grd,1997,2.8893
grd,1998,2.8687
grd,1999,2.8542
grd,2000,2.8494
grd,2001,2.8464
grd,2002,2.8551
grd,2003,2.8711
grd,2004,2.8849
grd,2005,2.9093
grd,2006,2.9318
grd,2007,2.9672
grd,2008,3.0085
grd,2009,3.0417
grd,2010,3.0794
grd,2011,3.1240
grd,2012,3.1790
grd,2013,3.2281
grd,2014,3.2761
grd,2015,3.3195
grd,2016,3.3592
grd,2017,3.3894
grd,2018,3.4045
grd,2019,3.4016
grd,2020,3.3846
grd,2021,3.3575
grd,2022,3.3168
grd,2023,3.2555
grd,2024,3.1683
gtm,1991,13.081
gtm,1992,12.065
gtm,1993,10.967
gtm,1994,9.9181
gtm,1995,9.0268
gtm,1996,8.3080
gtm,1997,7.7536
gtm,1998,7.3437
gtm,1999,6.9969
gtm,2000,6.6706
gtm,2001,6.3507
gtm,2002,6.0519
gtm,2003,5.7886
gtm,2004,5.5575
gtm,2005,5.3742
gtm,2006,6.4523
gtm,2007,5.0832
gtm,2008,4.9410
gtm,2009,4.7886
gtm,2010,4.6335
gtm,2011,4.4863
gtm,2012,4.3595
gtm,2013,4.2620
gtm,2014,4.1772
gtm,2015,4.1009
gtm,2016,4.0182
gtm,2017,3.9185
gtm,2018,3.8076
gtm,2019,3.6923
gtm,2020,3.5905
gtm,2021,3.5015
gtm,2022,3.4219
gtm,2023,3.3428
gtm,2024,3.2445
guy,1991,4.9728
guy,1992,4.7686
guy,1993,4.5794
guy,1994,4.4209
guy,1995,4.3034
guy,1996,4.2148
guy,1997,4.1624
guy,1998,4.1230
guy,1999,4.1026
guy,2000,4.0956
guy,2001,4.1014
guy,2002,4.1198
guy,2003,4.1518
guy,2004,4.1947
guy,2005,4.2477
guy,2006,4.3104
guy,2007,4.3769
guy,2008,4.4403
guy,2009,4.4926
guy,2010,4.5294
guy,2011,4.5386
guy,2012,4.5237
guy,2013,4.4732
guy,2014,4.3948
guy,2015,4.2891
guy,2016,4.1546
guy,2017,4.0025
guy,2018,3.8307
guy,2019,3.6379
guy,2020,3.4414
guy,2021,3.2541
guy,2022,3.0658
guy,2023,2.8911
guy,2024,2.7290
hnd,1991,7.1823
hnd,1992,6.8257
hnd,1993,6.4763
hnd,1994,6.1348
hnd,1995,5.8099
hnd,1996,5.5168
hnd,1997,5.2859
hnd,1998,5.0940
hnd,1999,25.119
hnd,2000,4.8054
hnd,2001,4.7073
hnd,2002,4.6260
hnd,2003,4.5529
hnd,2004,4.4906
hnd,2005,4.4209
hnd,2006,4.3666
hnd,2007,4.3237
hnd,2008,4.2968
hnd,2009,4.2668
hnd,2010,4.2515
hnd,2011,4.2325
hnd,2012,4.2028
hnd,2013,4.1495
hnd,2014,4.0858
hnd,2015,3.9987
hnd,2016,3.9083
hnd,2017,3.7846
hnd,2018,3.6727
hnd,2019,3.5423
hnd,2020,3.4054
hnd,2021,3.2602
hnd,2022,3.1144
hnd,2023,2.9660
hnd,2024,2.8148
hrv,1991,2.7524
hrv,1992,3.4887
hrv,1993,2.5220
hrv,1994,2.3930
hrv,1995,2.2576
hrv,1996,2.3553
hrv,1997,1.9915
hrv,1998,1.8690
hrv,1999,1.7556
hrv,2000,1.6527
hrv,2001,1.5610
hrv,2002,1.4788
hrv,2003,1.4072
hrv,2004,1.7241
hrv,2005,1.2970
hrv,2006,1.2546
hrv,2007,1.2190
hrv,2008,1.1893
hrv,2009,1.1629
hrv,2010,1.1409
hrv,2011,1.1225
hrv,2012,1.1100
hrv,2013,1.0984
hrv,2014,1.0922
hrv,2015,1.0918
hrv,2016,1.0933
hrv,2017,1.0995
hrv,2018,1.1057
hrv,2019,1.1148
hrv,2020,1.1212
hrv,2021,1.1250
hrv,2022,1.1209
hrv,2023,1.4151
hrv,2024,1.0959
hti,1991,22.969
hti,1992,22.493
hti,1993,21.982
hti,1994,21.426
hti,1995,20.814
hti,1996,20.205
hti,1997,19.562
hti,1998,18.935
hti,1999,18.265
hti,2000,17.591
hti,2001,16.904
hti,2002,16.235
hti,2003,15.574
hti,2004,14.938
hti,2005,17.230
hti,2006,13.737
hti,2007,13.147
hti,2008,12.581
hti,2009,12.022
hti,2010,11.494
hti,2011,70.737
hti,2012,11.812
hti,2013,9.9718
hti,2014,9.4648
hti,2015,8.9744
hti,2016,8.5220
hti,2017,8.0998
hti,2018,7.7191
hti,2019,7.3292
hti,2020,6.9790
hti,2021,6.6339
hti,2022,7.5602
hti,2023,6.0298
hti,2024,5.7112
hun,1991,2.4405
hun,1992,2.3806
hun,1993,2.3190
hun,1994,2.2558
hun,1995,2.1929
hun,1996,2.1297
hun,1997,2.0681
hun,1998,2.0062
hun,1999,1.9446
hun,2000,1.8844
hun,2001,1.8248
hun,2002,1.7656
hun,2003,1.7056
hun,2004,1.6481
hun,2005,1.5900
hun,2006,1.5336
hun,2007,1.4786
hun,2008,1.4244
hun,2009,1.3712
hun,2010,1.3195
hun,2011,1.2705
hun,2012,1.2250
hun,2013,1.1849
hun,2014,1.1479
hun,2015,1.1156
hun,2016,1.0857
hun,2017,1.0585
hun,2018,1.0315
hun,2019,1.0044
hun,2020,0.97865
hun,2021,0.95109
hun,2022,0.92364
hun,2023,0.89521
hun,2024,0.86655
idn,1991,11.793
idn,1992,11.365
idn,1993,10.947
idn,1994,10.548
idn,1995,10.181
idn,1996,9.8104
idn,1997,9.4650
idn,1998,9.1215
idn,1999,8.7935
idn,2000,8.4667
idn,2001,8.1380
idn,2002,7.8195
idn,2003,7.5224
idn,2004,7.2297
idn,2005,12.649
idn,2006,6.6720
idn,2007,6.4050
idn,2008,6.1528
idn,2009,5.9090
idn,2010,5.6824
idn,2011,5.4730
idn,2012,5.2799
idn,2013,5.0838
idn,2014,4.8938
idn,2015,4.6991
idn,2016,4.5099
idn,2017,4.3223
idn,2018,4.1472
idn,2019,3.9641
idn,2020,3.7951
idn,2021,3.6237
idn,2022,3.4504
idn,2023,3.2802
idn,2024,3.1149
ind,1991,19.472
ind,1992,18.937
ind,1993,18.383
ind,1994,17.835
ind,1995,17.265
ind,1996,16.718
ind,1997,16.151
ind,1998,15.621
ind,1999,15.084
ind,2000,14.559
ind,2001,14.023
ind,2002,13.491
ind,2003,12.955
ind,2004,12.414
ind,2005,11.869
ind,2006,11.316
ind,2007,10.753
ind,2008,10.203
ind,2009,9.6564
ind,2010,9.1135
ind,2011,8.5781
ind,2012,8.0542
ind,2013,7.5441
ind,2014,7.0499
ind,2015,6.5672
ind,2016,6.1012
ind,2017,5.6436
ind,2018,5.2016
ind,2019,4.7745
ind,2020,4.3587
ind,2021,3.9634
ind,2022,3.6113
ind,2023,3.3177
ind,2024,3.0614
irl,1991,1.8796
irl,1992,1.8137
irl,1993,1.7565
irl,1994,1.7042
irl,1995,1.6560
irl,1996,1.6095
irl,1997,1.5633
irl,1998,1.5173
irl,1999,1.4693
irl,2000,1.4210
irl,2001,1.3728
irl,2002,1.3244
irl,2003,1.2769
irl,2004,1.2294
irl,2005,1.1826
irl,2006,1.1364
irl,2007,1.0907
irl,2008,1.0456
irl,2009,1.0009
irl,2010,0.95688
irl,2011,0.91421
irl,2012,0.87252
irl,2013,0.83344
irl,2014,0.79806
irl,2015,0.76442
irl,2016,0.73465
irl,2017,0.70792
irl,2018,0.68329
irl,2019,0.65918
irl,2020,0.63457
irl,2021,0.60941
irl,2022,0.58459
irl,2023,0.56011
irl,2024,0.53588
irn,1991,10.735
irn,1992,5.5273
irn,1993,5.2308
irn,1994,4.9733
irn,1995,4.7583
irn,1996,4.5970
irn,1997,4.4710
irn,1998,4.3885
irn,1999,4.3459
irn,2000,4.3263
irn,2001,4.3506
irn,2002,4.4112
irn,2003,4.5109
irn,2004,7.8778
irn,2005,4.8173
irn,2006,5.0133
irn,2007,5.2197
irn,2008,5.4203
irn,2009,5.5468
irn,2010,5.5575
irn,2011,5.4459
irn,2012,5.2359
irn,2013,4.9582
irn,2014,4.6569
irn,2015,4.3822
irn,2016,4.1458
irn,2017,3.9403
irn,2018,3.7530
irn,2019,3.5704
irn,2020,3.3750
irn,2021,3.1680
irn,2022,2.9641
irn,2023,2.7682
irn,2024,2.5903
irq,1991,15.577
irq,1992,10.838
irq,1993,6.5828
irq,1994,6.4146
irq,1995,6.2486
irq,1996,6.1097
irq,1997,5.9661
irq,1998,5.8231
irq,1999,5.6920
irq,2000,5.5764
irq,2001,5.4436
irq,2002,5.3509
irq,2003,5.2837
irq,2004,5.2182
irq,2005,5.1831
irq,2006,5.1440
irq,2007,5.0873
irq,2008,5.0142
irq,2009,4.9396
irq,2010,4.8251
irq,2011,4.6867
irq,2012,4.5261
irq,2013,4.3663
irq,2014,4.2009
irq,2015,4.0427
irq,2016,3.8752
irq,2017,3.7283
irq,2018,3.5569
irq,2019,3.4043
irq,2020,3.2546
irq,2021,3.0739
irq,2022,2.9300
irq,2023,2.7974
irq,2024,2.6641
isl,1991,1.5904
isl,1992,1.5380
isl,1993,1.4901
isl,1994,1.4450
isl,1995,1.4035
isl,1996,1.3634
isl,1997,1.3217
isl,1998,1.2829
isl,1999,1.2423
isl,2000,1.2018
isl,2001,1.1608
isl,2002,1.1190
isl,2003,1.0747
isl,2004,1.0352
isl,2005,0.99399
isl,2006,0.95377
isl,2007,0.91264
isl,2008,0.87061
isl,2009,0.82874
isl,2010,0.78799
isl,2011,0.74764
isl,2012,0.70982
isl,2013,0.67187
isl,2014,0.63622
isl,2015,0.59949
isl,2016,0.56192
isl,2017,0.52410
isl,2018,0.48784
isl,2019,0.45275
isl,2020,0.42005
isl,2021,0.39200
isl,2022,0.36878
isl,2023,0.34834
isl,2024,0.32830
isr,1991,1.8882
isr,1992,1.8231
isr,1993,1.7629
isr,1994,1.7067
isr,1995,1.6547
isr,1996,1.6102
isr,1997,1.5717
isr,1998,1.5362
isr,1999,1.5050
isr,2000,1.4747
isr,2001,1.4444
isr,2002,1.4131
isr,2003,1.3807
isr,2004,1.3474
isr,2005,1.3136
isr,2006,1.2798
isr,2007,1.2447
isr,2008,1.2092
isr,2009,1.1743
isr,2010,1.1380
isr,2011,1.1034
isr,2012,1.0692
isr,2013,1.0356
isr,2014,1.0042
isr,2015,0.97433
isr,2016,0.94532
isr,2017,0.91700
isr,2018,0.88912
isr,2019,0.86474
isr,2020,0.84207
isr,2021,0.82372
isr,2022,0.80619
isr,2023,0.78582
isr,2024,0.76460
ita,1991,1.7831
ita,1992,1.8216
ita,1993,1.8581
ita,1994,1.8780
ita,1995,1.8609
ita,1996,1.8093
ita,1997,1.7238
ita,1998,1.6144
ita,1999,1.4998
ita,2000,1.3929
ita,2001,1.3197
ita,2002,1.2634
ita,2003,1.2068
ita,2004,1.1508
ita,2005,1.0944
ita,2006,1.0511
ita,2007,1.0173
ita,2008,0.98981
ita,2009,0.96806
ita,2010,0.94194
ita,2011,0.91223
ita,2012,0.87826
ita,2013,0.84368
ita,2014,0.81600
ita,2015,0.79418
ita,2016,0.78430
ita,2017,0.77045
ita,2018,0.74741
ita,2019,0.71406
ita,2020,0.67645
ita,2021,0.65919
ita,2022,0.66727
ita,2023,0.69160
ita,2024,0.71074
jam,1991,3.4518
jam,1992,3.3890
jam,1993,3.3282
jam,1994,3.2617
jam,1995,3.1966
jam,1996,3.1303
jam,1997,3.0594
jam,1998,2.9866
jam,1999,2.9149
jam,2000,2.8477
jam,2001,2.7896
jam,2002,2.7403
jam,2003,2.7037
jam,2004,2.6783
jam,2005,2.6648
jam,2006,2.6573
jam,2007,2.6551
jam,2008,2.6565
jam,2009,2.6560
jam,2010,2.6522
jam,2011,2.6494
jam,2012,2.6449
jam,2013,2.6360
jam,2014,2.6271
jam,2015,2.6171
jam,2016,2.6082
jam,2017,2.6047
jam,2018,2.6069
jam,2019,2.6146
jam,2020,2.6259
jam,2021,2.6390
jam,2022,2.6540
jam,2023,2.6664
jam,2024,2.6729
jor,1991,3.9184
jor,1992,3.8924
jor,1993,3.8609
jor,1994,3.8337
jor,1995,3.7888
jor,1996,3.7464
jor,1997,3.7034
jor,1998,3.6679
jor,1999,3.6299
jor,2000,3.5957
jor,2001,3.5589
jor,2002,3.5191
jor,2003,3.4718
jor,2004,3.4105
jor,2005,3.3329
jor,2006,3.2409
jor,2007,3.1492
jor,2008,3.0679
jor,2009,2.9990
jor,2010,2.9456
jor,2011,2.9006
jor,2012,2.8595
jor,2013,2.8068
jor,2014,2.7078
jor,2015,2.5410
jor,2016,2.3090
jor,2017,2.0275
jor,2018,1.7254
jor,2019,1.4340
jor,2020,1.1742
jor,2021,0.96047
jor,2022,0.79890
jor,2023,0.68102
jor,2024,0.59315
jpn,1991,1.6281
jpn,1992,1.6035
jpn,1993,1.5744
jpn,1994,1.5407
jpn,1995,1.4992
jpn,1996,1.7366
jpn,1997,1.4042
jpn,1998,1.3531
jpn,1999,1.3020
jpn,2000,1.2498
jpn,2001,1.1981
jpn,2002,1.1475
jpn,2003,1.1011
jpn,2004,1.0604
jpn,2005,1.0235
jpn,2006,0.99047
jpn,2007,0.96053
jpn,2008,0.93363
jpn,2009,0.91164
jpn,2010,0.89191
jpn,2011,0.87574
jpn,2012,1.8948
jpn,2013,0.84803
jpn,2014,0.83368
jpn,2015,0.81807
jpn,2016,0.80100
jpn,2017,0.78352
jpn,2018,0.76613
jpn,2019,0.75199
jpn,2020,0.74091
jpn,2021,0.73506
jpn,2022,0.73251
jpn,2023,0.72985
jpn,2024,0.72444
kaz,1991,5.5713
kaz,1992,5.6584
kaz,1993,5.6840
kaz,1994,5.6595
kaz,1995,5.5839
kaz,1996,5.4746
kaz,1997,5.3411
kaz,1998,5.1918
kaz,1999,5.0442
kaz,2000,4.8996
kaz,2001,4.7790
kaz,2002,4.6820
kaz,2003,4.6135
kaz,2004,4.5759
kaz,2005,4.5504
kaz,2006,4.5220
kaz,2007,4.4648
kaz,2008,4.3592
kaz,2009,4.1972
kaz,2010,3.9958
kaz,2011,3.7859
kaz,2012,3.5800
kaz,2013,3.3930
kaz,2014,3.2348
kaz,2015,3.0966
kaz,2016,2.9801
kaz,2017,2.8807
kaz,2018,2.7904
kaz,2019,2.7117
kaz,2020,2.6464
kaz,2021,2.6000
kaz,2022,2.5681
kaz,2023,2.5414
kaz,2024,2.5081
ken,1991,13.683
ken,1992,14.032
ken,1993,14.303
ken,1994,14.421
ken,1995,14.492
ken,1996,14.475
ken,1997,14.369
ken,1998,14.204
ken,1999,13.948
ken,2000,13.630
ken,2001,13.258
ken,2002,12.800
ken,2003,12.282
ken,2004,11.737
ken,2005,11.135
ken,2006,10.536
ken,2007,9.9605
ken,2008,9.4667
ken,2009,9.0905
ken,2010,8.7096
ken,2011,8.3458
ken,2012,7.9934
ken,2013,7.6330
ken,2014,7.2350
ken,2015,6.7964
ken,2016,6.3031
ken,2017,5.7983
ken,2018,5.3068
ken,2019,4.8050
ken,2020,4.3195
ken,2021,3.8505
ken,2022,3.4408
ken,2023,3.0830
ken,2024,2.8071
kgz,1991,5.4512
kgz,1992,5.3666
kgz,1993,5.2823
kgz,1994,5.2176
kgz,1995,5.1633
kgz,1996,5.1118
kgz,1997,5.0433
kgz,1998,4.9396
kgz,1999,4.7969
kgz,2000,4.6208
kgz,2001,4.4181
kgz,2002,4.2019
kgz,2003,3.9908
kgz,2004,3.7975
kgz,2005,3.6324
kgz,2006,3.5058
kgz,2007,3.4073
kgz,2008,3.3327
kgz,2009,3.2766
kgz,2010,3.2305
kgz,2011,3.1956
kgz,2012,3.1663
kgz,2013,3.1405
kgz,2014,3.1197
kgz,2015,3.0947
kgz,2016,3.0624
kgz,2017,3.0197
kgz,2018,2.9676
kgz,2019,2.9109
kgz,2020,2.8556
kgz,2021,2.8151
kgz,2022,2.7845
kgz,2023,2.7556
kgz,2024,2.7208
khm,1991,25.191
khm,1992,24.430
khm,1993,23.544
khm,1994,22.602
khm,1995,21.581
khm,1996,20.505
khm,1997,19.360
khm,1998,18.246
khm,1999,17.098
khm,2000,15.990
khm,2001,14.873
khm,2002,13.799
khm,2003,12.757
khm,2004,11.757
khm,2005,10.775
khm,2006,9.8580
khm,2007,8.9745
khm,2008,8.1559
khm,2009,7.3919
khm,2010,6.6643
khm,2011,5.9866
khm,2012,5.3313
khm,2013,4.7322
khm,2014,4.2334
khm,2015,3.8331
khm,2016,3.5340
khm,2017,3.2592
khm,2018,3.0316
khm,2019,2.8515
khm,2020,2.6790
khm,2021,2.5337
khm,2022,2.3961
khm,2023,2.2633
khm,2024,2.1417
kir,1991,11.984
kir,1992,11.597
kir,1993,11.225
kir,1994,10.883
kir,1995,10.590
kir,1996,10.330
kir,1997,10.091
kir,1998,9.8633
kir,1999,9.6371
kir,2000,9.4114
kir,2001,9.1918
kir,2002,8.9853
kir,2003,8.8117
kir,2004,8.6836
kir,2005,8.5990
kir,2006,8.5371
kir,2007,8.4846
kir,2008,8.4349
kir,2009,8.3698
kir,2010,8.3032
kir,2011,8.2399
kir,2012,8.2070
kir,2013,8.1934
kir,2014,8.2131
kir,2015,8.2652
kir,2016,8.3255
kir,2017,8.3949
kir,2018,8.4352
kir,2019,8.4316
kir,2020,8.3699
kir,2021,8.2850
kir,2022,8.1698
kir,2023,8.0345
kir,2024,7.8785
kna,1991,3.6342
kna,1992,3.5736
kna,1993,3.5235
kna,1994,3.4833
kna,1995,3.4457
kna,1996,3.4053
kna,1997,3.3586
kna,1998,3.3048
kna,1999,3.2401
kna,2000,3.1660
kna,2001,3.0836
kna,2002,2.9978
kna,2003,2.9137
kna,2004,2.8338
kna,2005,2.7610
kna,2006,2.7034
kna,2007,2.6586
kna,2008,2.6292
kna,2009,2.6138
kna,2010,2.6108
kna,2011,2.6157
kna,2012,2.6291
kna,2013,2.6454
kna,2014,2.6651
kna,2015,2.6804
kna,2016,2.6781
kna,2017,2.6595
kna,2018,2.6310
kna,2019,2.5997
kna,2020,2.5612
kna,2021,2.5138
kna,2022,2.4646
kna,2023,2.4169
kna,2024,2.3695
kor,1991,4.3646
kor,1992,4.1742
kor,1993,3.9847
kor,1994,3.7926
kor,1995,3.5958
kor,1996,3.3845
kor,1997,3.1522
kor,1998,2.9090
kor,1999,2.6686
kor,2000,2.4489
kor,2001,2.2522
kor,2002,2.0781
kor,2003,1.9269
kor,2004,1.7914
kor,2005,1.6734
kor,2006,1.5681
kor,2007,1.4728
kor,2008,1.3855
kor,2009,1.3043
kor,2010,1.2289
kor,2011,1.1569
kor,2012,1.0884
kor,2013,1.0249
kor,2014,0.96602
kor,2015,0.91590
kor,2016,0.87394
kor,2017,0.84013
kor,2018,0.81655
kor,2019,0.80075
kor,2020,0.79189
kor,2021,0.78791
kor,2022,0.78597
kor,2023,0.78089
kor,2024,0.77289
kwt,1991,4.9838
kwt,1992,3.8418
kwt,1993,3.6767
kwt,1994,3.4774
kwt,1995,3.2235
kwt,1996,2.9691
kwt,1997,2.7543
kwt,1998,2.6050
kwt,1999,2.5203
kwt,2000,2.4761
kwt,2001,2.4779
kwt,2002,2.4976
kwt,2003,2.5222
kwt,2004,2.5372
kwt,2005,2.5226
kwt,2006,2.4925
kwt,2007,2.4423
kwt,2008,2.3834
kwt,2009,2.3166
kwt,2010,2.2323
kwt,2011,2.1345
kwt,2012,2.0191
kwt,2013,1.9099
kwt,2014,1.8352
kwt,2015,1.7907
kwt,2016,1.7854
kwt,2017,1.7964
kwt,2018,1.7942
kwt,2019,1.7785
kwt,2020,1.7501
kwt,2021,1.7154
kwt,2022,1.6766
kwt,2023,1.6224
kwt,2024,1.5371
lao,1991,27.173
lao,1992,27.131
lao,1993,26.889
lao,1994,26.423
lao,1995,25.804
lao,1996,24.992
lao,1997,24.150
lao,1998,23.212
lao,1999,22.341
lao,2000,21.367
lao,2001,20.412
lao,2002,19.499
lao,2003,18.536
lao,2004,17.590
lao,2005,16.581
lao,2006,15.627
lao,2007,14.638
lao,2008,13.661
lao,2009,12.720
lao,2010,11.802
lao,2011,10.904
lao,2012,10.036
lao,2013,9.2095
lao,2014,8.3886
lao,2015,7.5995
lao,2016,6.8857
lao,2017,6.2090
lao,2018,5.6420
lao,2019,5.1578
lao,2020,4.7564
lao,2021,4.4172
lao,2022,4.1267
lao,2023,3.8860
lao,2024,3.6448
lbn,1991,4.9097
lbn,1992,4.7069
lbn,1993,4.5138
lbn,1994,4.3383
lbn,1995,4.1685
lbn,1996,4.0116
lbn,1997,3.8567
lbn,1998,3.7078
lbn,1999,3.5624
lbn,2000,3.4155
lbn,2001,3.2694
lbn,2002,3.1224
lbn,2003,2.9760
lbn,2004,2.8364
lbn,2005,2.7028
lbn,2006,2.5835
lbn,2007,2.4762
lbn,2008,2.3871
lbn,2009,2.3120
lbn,2010,2.2545
lbn,2011,2.2124
lbn,2012,2.1862
lbn,2013,2.1723
lbn,2014,2.1753
lbn,2015,2.1925
lbn,2016,2.2229
lbn,2017,2.2702
lbn,2018,2.3341
lbn,2019,2.4160
lbn,2020,2.5140
lbn,2021,2.6284
lbn,2022,2.7582
lbn,2023,2.8996
lbn,2024,3.0449
lbr,1991,23.686
lbr,1992,24.167
lbr,1993,24.441
lbr,1994,28.077
lbr,1995,30.126
lbr,1996,27.451
lbr,1997,28.219
lbr,1998,24.025
lbr,1999,23.639
lbr,2000,23.275
lbr,2001,22.841
lbr,2002,22.270
lbr,2003,21.703
lbr,2004,23.903
lbr,2005,20.362
lbr,2006,19.466
lbr,2007,18.579
lbr,2008,17.674
lbr,2009,16.816
lbr,2010,16.056
lbr,2011,15.481
lbr,2012,15.046
lbr,2013,14.673
lbr,2014,14.305
lbr,2015,16.144
lbr,2016,16.107
lbr,2017,13.280
lbr,2018,12.854
lbr,2019,12.372
lbr,2020,11.877
lbr,2021,11.378
lbr,2022,10.912
lbr,2023,10.368
lbr,2024,9.8980
lby,1991,5.3915
lby,1992,5.2210
lby,1993,5.0201
lby,1994,4.8332
lby,1995,4.5860
lby,1996,4.3247
lby,1997,4.0446
lby,1998,3.7903
lby,1999,3.5480
lby,2000,3.3425
lby,2001,3.1970
lby,2002,3.0689
lby,2003,2.9695
lby,2004,2.8553
lby,2005,2.7101
lby,2006,2.5471
lby,2007,2.3797
lby,2008,2.2316
lby,2009,2.1011
lby,2010,1.9860
lby,2011,1.8764
lby,2012,2.7260
lby,2013,1.6613
lby,2014,1.5764
lby,2015,1.7593
lby,2016,1.7030
lby,2017,1.6408
lby,2018,1.4698
lby,2019,1.2370
lby,2020,1.4147
lby,2021,1.2904
lby,2022,1.0749
lby,2023,1.0260
lby,2024,9.7576
lca,1991,3.0814
lca,1992,3.1961
lca,1993,3.2869
lca,1994,3.3617
lca,1995,3.4128
lca,1996,3.4419
lca,1997,3.4565
lca,1998,3.4442
lca,1999,3.4100
lca,2000,3.3625
lca,2001,3.3044
lca,2002,3.2390
lca,2003,3.1687
lca,2004,3.0847
lca,2005,3.0042
lca,2006,2.9222
lca,2007,2.8477
lca,2008,2.7805
lca,2009,2.7144
lca,2010,2.6573
lca,2011,2.6043
lca,2012,2.5592
lca,2013,2.5148
lca,2014,2.4695
lca,2015,2.4244
lca,2016,2.3763
lca,2017,2.3167
lca,2018,2.2560
lca,2019,2.1833
lca,2020,2.1046
lca,2021,2.0180
lca,2022,1.9341
lca,2023,1.8502
lca,2024,1.7618
lka,1991,6.3922
lka,1992,6.1451
lka,1993,5.8896
lka,1994,5.6547
lka,1995,5.4605
lka,1996,5.2961
lka,1997,5.1582
lka,1998,5.0247
lka,1999,4.8716
lka,2000,4.6896
lka,2001,4.4744
lka,2002,4.2406
lka,2003,4.0075
lka,2004,3.7939
lka,2005,18.684
lka,2006,3.5000
lka,2007,3.4473
lka,2008,3.4424
lka,2009,3.4544
lka,2010,7.8064
lka,2011,3.3739
lka,2012,3.1843
lka,2013,2.9050
lka,2014,2.5850
lka,2015,2.2728
lka,2016,1.9944
lka,2017,1.7684
lka,2018,1.5823
lka,2019,1.4289
lka,2020,1.3032
lka,2021,1.1943
lka,2022,1.1012
lka,2023,1.0193
lka,2024,0.94557
lso,1991,12.492
lso,1992,12.344
lso,1993,12.223
lso,1994,12.101
lso,1995,11.976
lso,1996,11.866
lso,1997,11.736
lso,1998,11.621
lso,1999,11.542
lso,2000,11.409
lso,2001,11.285
lso,2002,11.141
lso,2003,10.978
lso,2004,10.798
lso,2005,10.618
lso,2006,10.424
lso,2007,10.224
lso,2008,10.001
lso,2009,9.8061
lso,2010,9.6029
lso,2011,9.3849
lso,2012,9.1749
lso,2013,8.9491
lso,2014,8.7157
lso,2015,8.4903
lso,2016,8.2406
lso,2017,7.9611
lso,2018,7.6769
lso,2019,7.3955
lso,2020,7.0855
lso,2021,6.7966
lso,2022,6.5059
lso,2023,6.1986
lso,2024,5.9175
ltu,1991,4.1629
ltu,1992,4.0844
ltu,1993,3.9779
ltu,1994,3.8450
ltu,1995,3.6937
ltu,1996,3.5282
ltu,1997,3.3605
ltu,1998,3.1987
ltu,1999,3.0487
ltu,2000,2.9149
ltu,2001,2.7980
ltu,2002,2.6950
ltu,2003,2.6097
ltu,2004,2.5373
ltu,2005,2.4728
ltu,2006,2.4139
ltu,2007,2.3488
ltu,2008,2.2767
ltu,2009,2.1989
ltu,2010,2.1139
ltu,2011,2.0246
ltu,2012,1.9318
ltu,2013,1.8414
ltu,2014,1.7547
ltu,2015,1.6705
ltu,2016,1.5885
ltu,2017,1.5084
ltu,2018,1.4298
ltu,2019,1.3529
ltu,2020,1.2745
ltu,2021,1.1960
ltu,2022,1.1164
ltu,2023,1.0365
ltu,2024,0.95951
lux,1991,1.4673
lux,1992,1.3682
lux,1993,1.2731
lux,1994,1.1815
lux,1995,1.0959
lux,1996,1.0139
lux,1997,0.93710
lux,1998,0.86842
lux,1999,0.80398
lux,2000,0.74535
lux,2001,0.69462
lux,2002,0.64903
lux,2003,0.60813
lux,2004,0.57245
lux,2005,0.54032
lux,2006,0.51246
lux,2007,0.48900
lux,2008,0.46763
lux,2009,0.44941
lux,2010,0.43318
lux,2011,0.42021
lux,2012,0.40937
lux,2013,0.39926
lux,2014,0.39105
lux,2015,0.38323
lux,2016,0.37586
lux,2017,0.36688
lux,2018,0.35919
lux,2019,0.34953
lux,2020,0.34173
lux,2021,0.33123
lux,2022,0.32028
lux,2023,0.31067
lux,2024,0.29911
lva,1991,5.2109
lva,1992,5.1022
lva,1993,4.9565
lva,1994,4.7762
lva,1995,4.5575
lva,1996,4.3109
lva,1997,4.0634
lva,1998,3.8221
lva,1999,3.6200
lva,2000,3.4491
lva,2001,3.2992
lva,2002,3.1670
lva,2003,3.0543
lva,2004,2.9539
lva,2005,2.8496
lva,2006,2.7394
lva,2007,2.6208
lva,2008,2.4987
lva,2009,2.3704
lva,2010,2.2406
lva,2011,2.1078
lva,2012,1.9734
lva,2013,1.8382
lva,2014,1.7118
lva,2015,1.5914
lva,2016,1.4804
lva,2017,1.3785
lva,2018,1.2845
lva,2019,1.1971
lva,2020,1.1138
lva,2021,1.0364
lva,2022,0.95950
lva,2023,0.88120
lva,2024,0.80603
mar,1991,7.9724
mar,1992,7.5843
mar,1993,7.2112
mar,1994,6.8425
mar,1995,6.4835
mar,1996,6.1349
mar,1997,5.7919
mar,1998,5.4707
mar,1999,5.1604
mar,2000,4.8781
mar,2001,4.5987
mar,2002,4.3489
mar,2003,4.1106
mar,2004,3.8952
mar,2005,3.6820
mar,2006,3.4808
mar,2007,3.2956
mar,2008,3.1129
mar,2009,2.9396
mar,2010,2.7704
mar,2011,2.6106
mar,2012,2.4567
mar,2013,2.3235
mar,2014,2.1968
mar,2015,2.0832
mar,2016,1.9683
mar,2017,1.8674
mar,2018,1.7707
mar,2019,1.6786
mar,2020,1.5844
mar,2021,1.5014
mar,2022,1.4213
mar,2023,1.3467
mar,2024,1.6272
mco,1991,1.3927
mco,1992,1.3424
mco,1993,1.2940
mco,1994,1.2474
mco,1995,1.2040
mco,1996,1.1620
mco,1997,1.1230
mco,1998,1.0865
mco,1999,1.0518
mco,2000,1.0203
mco,2001,0.99172
mco,2002,0.96506
mco,2003,0.94115
mco,2004,0.91999
mco,2005,0.90023
mco,2006,0.88195
mco,2007,0.86429
mco,2008,0.84797
mco,2009,0.83166
mco,2010,0.81602
mco,2011,0.80100
mco,2012,0.78602
mco,2013,0.77062
mco,2014,0.75505
mco,2015,0.73947
mco,2016,0.72250
mco,2017,0.70516
mco,2018,0.68774
mco,2019,0.67000
mco,2020,0.65282
mco,2021,0.63499
mco,2022,0.61861
mco,2023,0.60200
mco,2024,0.58560
mda,1991,5.1929
mda,1992,5.2254
mda,1993,5.2146
mda,1994,5.1686
mda,1995,5.0839
mda,1996,4.9678
mda,1997,4.8211
mda,1998,4.6576
mda,1999,4.4824
mda,2000,4.2997
mda,2001,4.1134
mda,2002,3.9300
mda,2003,3.7531
mda,2004,3.5843
mda,2005,3.4256
mda,2006,3.2847
mda,2007,3.1559
mda,2008,3.0416
mda,2009,2.9449
mda,2010,2.8545
mda,2011,2.7786
mda,2012,2.7132
mda,2013,2.6600
mda,2014,2.6206
mda,2015,2.5834
mda,2016,2.5503
mda,2017,2.5130
mda,2018,2.4689
mda,2019,2.4167
mda,2020,2.3539
mda,2021,2.2834
mda,2022,2.1987
mda,2023,2.1067
mda,2024,2.0107
mdg,1991,30.545
mdg,1992,29.278
mdg,1993,27.849
mdg,1994,26.420
mdg,1995,25.280
mdg,1996,24.306
mdg,1997,23.483
mdg,1998,22.744
mdg,1999,21.989
mdg,2000,21.210
mdg,2001,20.440
mdg,2002,19.724
mdg,2003,18.978
mdg,2004,18.224
mdg,2005,17.505
mdg,2006,16.817
mdg,2007,16.206
mdg,2008,15.624
mdg,2009,15.097
mdg,2010,14.563
mdg,2011,14.020
mdg,2012,13.588
mdg,2013,13.225
mdg,2014,13.046
mdg,2015,13.032
mdg,2016,13.266
mdg,2017,13.424
mdg,2018,13.533
mdg,2019,13.503
mdg,2020,13.285
mdg,2021,13.019
mdg,2022,12.691
mdg,2023,12.263
mdg,2024,11.837
mdv,1991,8.1834
mdv,1992,7.8308
mdv,1993,7.4466
mdv,1994,7.0486
mdv,1995,6.6573
mdv,1996,6.2844
mdv,1997,5.9398
mdv,1998,5.6200
mdv,1999,5.3322
mdv,2000,5.0699
mdv,2001,4.8428
mdv,2002,4.6440
mdv,2003,4.4607
mdv,2004,4.3032
mdv,2005,7.0183
mdv,2006,4.0329
mdv,2007,3.9048
mdv,2008,3.7789
mdv,2009,3.6464
mdv,2010,3.5031
mdv,2011,3.3515
mdv,2012,3.1868
mdv,2013,3.0084
mdv,2014,2.8269
mdv,2015,2.6370
mdv,2016,2.4418
mdv,2017,2.2486
mdv,2018,2.0549
mdv,2019,1.8687
mdv,2020,1.6851
mdv,2021,1.5154
mdv,2022,1.3556
mdv,2023,1.2212
mdv,2024,1.1097
mex,1991,5.0796
mex,1992,4.6743
mex,1993,4.3223
mex,1994,4.0470
mex,1995,3.8392
mex,1996,3.6910
mex,1997,3.5815
mex,1998,3.4874
mex,1999,3.3960
mex,2000,3.3044
mex,2001,3.2160
mex,2002,3.1342
mex,2003,3.0643
mex,2004,3.0133
mex,2005,2.9736
mex,2006,2.9493
mex,2007,2.9342
mex,2008,2.9213
mex,2009,2.9058
mex,2010,2.8779
mex,2011,2.8352
mex,2012,2.7766
mex,2013,2.7099
mex,2014,2.6445
mex,2015,2.5823
mex,2016,2.5320
mex,2017,2.4934
mex,2018,2.4631
mex,2019,2.4437
mex,2020,2.7133
mex,2021,2.8208
mex,2022,2.8945
mex,2023,2.8153
mex,2024,2.5180
mhl,1991,6.9596
mhl,1992,6.7484
mhl,1993,6.5533
mhl,1994,6.3893
mhl,1995,6.2768
mhl,1996,6.2150
mhl,1997,6.1968
mhl,1998,6.2132
mhl,1999,6.2613
mhl,2000,6.3054
mhl,2001,6.3304
mhl,2002,6.3351
mhl,2003,6.3198
mhl,2004,6.2887
mhl,2005,6.2475
mhl,2006,6.2006
mhl,2007,6.1491
mhl,2008,6.0982
mhl,2009,6.0462
mhl,2010,5.9908
mhl,2011,5.9434
mhl,2012,5.8807
mhl,2013,5.7982
mhl,2014,5.7060
mhl,2015,5.5959
mhl,2016,5.4756
mhl,2017,5.3610
mhl,2018,5.2366
mhl,2019,5.1143
mhl,2020,4.9924
mhl,2021,4.8754
mhl,2022,4.7450
mhl,2023,4.6261
mhl,2024,4.4995
mkd,1991,3.1398
mkd,1992,3.1207
mkd,1993,3.0803
mkd,1994,3.0172
mkd,1995,2.9347
mkd,1996,2.8469
mkd,1997,2.7491
mkd,1998,2.6450
mkd,1999,2.5368
mkd,2000,2.4223
mkd,2001,2.3049
mkd,2002,2.1861
mkd,2003,2.0657
mkd,2004,1.9505
mkd,2005,1.8408
mkd,2006,1.7404
mkd,2007,1.6551
mkd,2008,1.5840
mkd,2009,1.5246
mkd,2010,1.4772
mkd,2011,1.4427
mkd,2012,1.4166
mkd,2013,1.3971
mkd,2014,1.3831
mkd,2015,1.3711
mkd,2016,1.3581
mkd,2017,1.3439
mkd,2018,1.3253
mkd,2019,1.3002
mkd,2020,1.2680
mkd,2021,1.2310
mkd,2022,1.1841
mkd,2023,1.1326
mkd,2024,1.0794
mli,1991,34.803
mli,1992,34.122
mli,1993,33.425
mli,1994,32.796
mli,1995,32.172
mli,1996,31.553
mli,1997,30.916
mli,1998,30.271
mli,1999,29.583
mli,2000,28.869
mli,2001,28.161
mli,2002,27.443
mli,2003,26.767
mli,2004,26.105
mli,2005,25.432
mli,2006,24.792
mli,2007,24.185
mli,2008,23.602
mli,2009,23.075
mli,2010,22.536
mli,2011,22.019
mli,2012,21.474
mli,2013,20.961
mli,2014,20.438
mli,2015,19.872
mli,2016,19.251
mli,2017,18.608
mli,2018,17.968
mli,2019,17.331
mli,2020,16.697
mli,2021,16.111
mli,2022,15.420
mli,2023,14.694
mli,2024,13.937
mlt,1991,0.91893
mlt,1992,0.94587
mlt,1993,0.96966
mlt,1994,0.99113
mlt,1995,1.0104
mlt,1996,1.0238
mlt,1997,1.0353
mlt,1998,1.0421
mlt,1999,1.0438
mlt,2000,1.0415
mlt,2001,1.0376
mlt,2002,1.0318
mlt,2003,1.0213
mlt,2004,1.0111
mlt,2005,0.99812
mlt,2006,0.98359
mlt,2007,0.96908
mlt,2008,0.95111
mlt,2009,0.93182
mlt,2010,0.90973
mlt,2011,0.89074
mlt,2012,0.87082
mlt,2013,0.84997
mlt,2014,0.82722
mlt,2015,0.80293
mlt,2016,0.77741
mlt,2017,0.74937
mlt,2018,0.72155
mlt,2019,0.69131
mlt,2020,0.66059
mlt,2021,0.62837
mlt,2022,0.59675
mlt,2023,0.56705
mlt,2024,0.53699
mmr,1991,20.855
mmr,1992,20.314
mmr,1993,19.276
mmr,1994,18.315
mmr,1995,17.382
mmr,1996,16.665
mmr,1997,15.968
mmr,1998,15.305
mmr,1999,14.673
mmr,2000,14.174
mmr,2001,13.642
mmr,2002,13.116
mmr,2003,12.568
mmr,2004,12.003
mmr,2005,11.401
mmr,2006,10.802
mmr,2007,10.153
mmr,2008,9.5094
mmr,2009,33.217
mmr,2010,8.1524
mmr,2011,7.4965
mmr,2012,6.8470
mmr,2013,6.1572
mmr,2014,5.3793
mmr,2015,4.4829
mmr,2016,3.7099
mmr,2017,3.1498
mmr,2018,2.7138
mmr,2019,2.3861
mmr,2020,2.1152
mmr,2021,1.9270
mmr,2022,1.7814
mmr,2023,1.6390
mmr,2024,1.5314
mne,1991,2.1341
mne,1992,2.1418
mne,1993,2.1371
mne,1994,2.1150
mne,1995,2.0810
mne,1996,2.0351
mne,1997,1.9863
mne,1998,1.9337
mne,1999,1.8777
mne,2000,1.8184
mne,2001,1.7630
mne,2002,1.7049
mne,2003,1.6485
mne,2004,1.5938
mne,2005,1.5391
mne,2006,1.4847
mne,2007,1.4314
mne,2008,1.3786
mne,2009,1.3264
mne,2010,1.2748
mne,2011,1.2287
mne,2012,1.1839
mne,2013,1.1437
mne,2014,1.1074
mne,2015,1.0770
mne,2016,1.0475
mne,2017,1.0174
mne,2018,0.99244
mne,2019,0.96385
mne,2020,0.93308
mne,2021,0.90070
mne,2022,0.86633
mne,2023,0.82720
mne,2024,0.78744
mng,1991,10.727
mng,1992,10.952
mng,1993,11.022
mng,1994,10.910
mng,1995,10.603
mng,1996,10.135
mng,1997,9.5222
mng,1998,8.8198
mng,1999,8.0641
mng,2000,7.2951
mng,2001,6.5733
mng,2002,5.9316
mng,2003,5.3929
mng,2004,4.9737
mng,2005,4.6628
mng,2006,4.4590
mng,2007,4.3465
mng,2008,4.3067
mng,2009,4.3255
mng,2010,4.3697
mng,2011,4.4318
mng,2012,4.4894
mng,2013,4.5325
mng,2014,4.5481
mng,2015,4.5217
mng,2016,4.4545
mng,2017,4.3459
mng,2018,4.2022
mng,2019,4.0359
mng,2020,3.8540
mng,2021,3.6669
mng,2022,3.4758
mng,2023,3.2768
mng,2024,3.0664
moz,1991,44.487
moz,1992,43.642
moz,1993,42.387
moz,1994,40.914
moz,1995,39.323
moz,1996,37.701
moz,1997,35.885
moz,1998,33.997
moz,1999,32.141
moz,2000,30.387
moz,2001,28.659
moz,2002,26.975
moz,2003,25.367
moz,2004,23.861
moz,2005,22.388
moz,2006,20.978
moz,2007,19.676
moz,2008,18.403
moz,2009,17.205
moz,2010,16.032
moz,2011,14.930
moz,2012,13.917
moz,2013,12.967
moz,2014,12.096
moz,2015,11.250
moz,2016,10.485
moz,2017,9.7718
moz,2018,9.0902
moz,2019,8.4351
moz,2020,7.7768
moz,2021,7.1801
moz,2022,6.6534
moz,2023,6.1792
moz,2024,5.7642
mrt,1991,16.716
mrt,1992,16.194
mrt,1993,15.696
mrt,1994,15.223
mrt,1995,14.788
mrt,1996,14.403
mrt,1997,13.996
mrt,1998,13.626
mrt,1999,13.291
mrt,2000,12.941
mrt,2001,12.619
mrt,2002,12.278
mrt,2003,11.938
mrt,2004,11.575
mrt,2005,11.234
mrt,2006,10.871
mrt,2007,10.535
mrt,2008,10.193
mrt,2009,9.8232
mrt,2010,9.4611
mrt,2011,9.1029
mrt,2012,8.7312
mrt,2013,8.3640
mrt,2014,7.9571
mrt,2015,7.5706
mrt,2016,7.1466
mrt,2017,6.7182
mrt,2018,6.3138
mrt,2019,5.9053
mrt,2020,5.5588
mrt,2021,5.2754
mrt,2022,4.9758
mrt,2023,4.7033
mrt,2024,4.4612
msr,1991,2.7558
msr,1992,2.6763
msr,1993,2.6046
msr,1994,2.5367
msr,1995,2.4719
msr,1996,2.4050
msr,1997,2.3476
msr,1998,2.2890
msr,1999,2.2307
msr,2000,2.1740
msr,2001,2.1203
msr,2002,2.0681
msr,2003,2.0193
msr,2004,1.9719
msr,2005,1.9269
msr,2006,1.8820
msr,2007,1.8388
msr,2008,1.7992
msr,2009,1.7574
msr,2010,1.7184
msr,2011,1.6804
msr,2012,1.6431
msr,2013,1.6065
msr,2014,1.5686
msr,2015,1.5331
msr,2016,1.4962
msr,2017,1.4617
msr,2018,1.4314
msr,2019,1.3985
msr,2020,1.3634
msr,2021,1.3371
msr,2022,1.3076
msr,2023,1.2785
msr,2024,1.2509
mus,1991,3.1954
mus,1992,3.1546
mus,1993,3.1122
mus,1994,3.0585
mus,1995,3.0016
mus,1996,2.9404
mus,1997,2.8787
mus,1998,2.8141
mus,1999,2.7497
mus,2000,2.6875
mus,2001,2.6274
mus,2002,2.5677
mus,2003,2.5071
mus,2004,2.4460
mus,2005,2.3870
mus,2006,2.3304
mus,2007,2.2737
mus,2008,2.2205
mus,2009,2.1698
mus,2010,2.1168
mus,2011,2.0641
mus,2012,2.0146
mus,2013,1.9648
mus,2014,1.9212
mus,2015,1.8823
mus,2016,1.8507
mus,2017,1.8174
mus,2018,1.7870
mus,2019,1.7590
mus,2020,1.7293
mus,2021,1.6938
mus,2022,1.6567
mus,2023,1.6162
mus,2024,1.5740
mwi,1991,33.547
mwi,1992,32.265
mwi,1993,31.014
mwi,1994,29.800
mwi,1995,28.619
mwi,1996,27.443
mwi,1997,26.331
mwi,1998,25.218
mwi,1999,24.134
mwi,2000,23.075
mwi,2001,22.057
mwi,2002,21.100
mwi,2003,20.190
mwi,2004,19.356
mwi,2005,18.608
mwi,2006,17.916
mwi,2007,17.298
mwi,2008,16.748
mwi,2009,16.172
mwi,2010,15.663
mwi,2011,15.124
mwi,2012,14.589
mwi,2013,14.060
mwi,2014,13.554
mwi,2015,13.013
mwi,2016,12.499
mwi,2017,11.997
mwi,2018,11.475
mwi,2019,10.985
mwi,2020,10.522
mwi,2021,10.070
mwi,2022,9.5983
mwi,2023,9.1577
mwi,2024,8.7031
mys,1991,4.7570
mys,1992,4.5746
mys,1993,4.3862
mys,1994,4.2026
mys,1995,4.0365
mys,1996,3.8929
mys,1997,3.7729
mys,1998,3.6539
mys,1999,3.5275
mys,2000,3.3994
mys,2001,3.2829
mys,2002,3.1868
mys,2003,3.1040
mys,2004,3.0352
mys,2005,2.9739
mys,2006,2.9121
mys,2007,2.8489
mys,2008,2.7841
mys,2009,2.7246
mys,2010,2.6719
mys,2011,2.6302
mys,2012,2.6034
mys,2013,2.5909
mys,2014,2.5973
mys,2015,2.6097
mys,2016,2.6112
mys,2017,2.5837
mys,2018,2.5033
mys,2019,2.3599
mys,2020,2.1626
mys,2021,1.9347
mys,2022,1.7005
mys,2023,1.4885
mys,2024,1.3165
nam,1991,11.057
nam,1992,10.794
nam,1993,10.496
nam,1994,10.253
nam,1995,10.139
nam,1996,10.053
nam,1997,10.081
nam,1998,10.215
nam,1999,10.483
nam,2000,10.854
nam,2001,11.230
nam,2002,11.529
nam,2003,11.718
nam,2004,11.790
nam,2005,11.802
nam,2006,11.699
nam,2007,11.544
nam,2008,11.382
nam,2009,11.214
nam,2010,11.004
nam,2011,10.801
nam,2012,10.524
nam,2013,10.256
nam,2014,9.9177
nam,2015,9.5182
nam,2016,9.1072
nam,2017,8.6628
nam,2018,8.1540
nam,2019,7.6408
nam,2020,7.1149
nam,2021,6.5605
nam,2022,5.9967
nam,2023,5.4431
nam,2024,4.8971
ner,1991,55.080
ner,1992,54.246
ner,1993,53.424
ner,1994,52.565
ner,1995,51.594
ner,1996,50.610
ner,1997,49.489
ner,1998,48.321
ner,1999,47.171
ner,2000,45.978
ner,2001,44.703
ner,2002,43.295
ner,2003,41.873
ner,2004,40.559
ner,2005,39.249
ner,2006,37.919
ner,2007,36.659
ner,2008,35.597
ner,2009,34.635
ner,2010,33.759
ner,2011,33.064
ner,2012,32.305
ner,2013,31.512
ner,2014,30.706
ner,2015,30.008
ner,2016,29.305
ner,2017,28.544
ner,2018,27.714
ner,2019,26.841
ner,2020,26.027
ner,2021,25.051
ner,2022,24.176
ner,2023,23.245
ner,2024,22.337
nga,1991,32.330
nga,1992,32.005
nga,1993,31.636
nga,1994,31.267
nga,1995,30.804
nga,1996,30.280
nga,1997,29.693
nga,1998,29.119
nga,1999,28.528
nga,2000,27.933
nga,2001,27.276
nga,2002,26.640
nga,2003,26.044
nga,2004,25.432
nga,2005,24.819
nga,2006,24.244
nga,2007,23.641
nga,2008,23.043
nga,2009,22.420
nga,2010,21.773
nga,2011,21.170
nga,2012,20.582
nga,2013,19.969
nga,2014,19.398
nga,2015,18.812
nga,2016,18.231
nga,2017,17.689
nga,2018,17.125
nga,2019,16.574
nga,2020,15.986
nga,2021,15.378
nga,2022,14.725
nga,2023,14.026
nga,2024,13.352
nic,1991,5.6751
nic,1992,5.6997
nic,1993,5.6821
nic,1994,5.6378
nic,1995,5.5780
nic,1996,5.5175
nic,1997,5.4282
nic,1998,5.3343
nic,1999,11.598
nic,2000,5.0749
nic,2001,4.9235
nic,2002,4.7422
nic,2003,4.5396
nic,2004,4.3171
nic,2005,4.0881
nic,2006,3.8453
nic,2007,3.6061
nic,2008,3.3995
nic,2009,3.2156
nic,2010,3.0396
nic,2011,2.8688
nic,2012,2.7117
nic,2013,2.5588
nic,2014,2.4301
nic,2015,2.3048
nic,2016,2.1844
nic,2017,2.0658
nic,2018,1.9594
nic,2019,1.8669
nic,2020,1.7742
nic,2021,1.6854
nic,2022,1.6082
nic,2023,1.5402
nic,2024,1.4542
niu,1991,4.1750
niu,1992,4.2210
niu,1993,4.2717
niu,1994,4.3399
niu,1995,4.4255
niu,1996,4.5260
niu,1997,4.6380
niu,1998,4.7597
niu,1999,4.8869
niu,2000,5.0103
niu,2001,5.1276
niu,2002,5.2490
niu,2003,5.3603
niu,2004,5.4720
niu,2005,5.5768
niu,2006,5.6595
niu,2007,5.6942
niu,2008,5.6878
niu,2009,5.6386
niu,2010,5.5700
niu,2011,5.4803
niu,2012,5.3702
niu,2013,5.2468
niu,2014,5.1390
niu,2015,5.0216
niu,2016,4.8994
niu,2017,4.7714
niu,2018,4.6603
niu,2019,4.5481
niu,2020,4.4287
niu,2021,4.3181
niu,2022,4.2053
niu,2023,4.0989
niu,2024,3.9973
nld,1991,1.7650
nld,1992,1.7272
nld,1993,1.6860
nld,1994,1.6414
nld,1995,1.5934
nld,1996,1.5467
nld,1997,1.4977
nld,1998,1.4513
nld,1999,1.4097
nld,2000,1.3697
nld,2001,1.3290
nld,2002,1.2865
nld,2003,1.2406
nld,2004,1.1922
nld,2005,1.1414
nld,2006,1.0907
nld,2007,1.0403
nld,2008,0.99225
nld,2009,0.95073
nld,2010,0.91406
nld,2011,0.88262
nld,2012,0.85630
nld,2013,0.83268
nld,2014,0.81170
nld,2015,0.79223
nld,2016,0.77593
nld,2017,0.76240
nld,2018,0.75125
nld,2019,0.74363
nld,2020,0.73942
nld,2021,0.73798
nld,2022,0.73511
nld,2023,0.72916
nld,2024,0.72033
nor,1991,1.7344
nor,1992,1.6773
nor,1993,1.6225
nor,1994,1.5696
nor,1995,1.5173
nor,1996,1.4657
nor,1997,1.4162
nor,1998,1.3689
nor,1999,1.3224
nor,2000,1.2784
nor,2001,1.2354
nor,2002,1.1948
nor,2003,1.1549
nor,2004,1.1146
nor,2005,1.0747
nor,2006,1.0360
nor,2007,0.99788
nor,2008,0.96118
nor,2009,0.92707
nor,2010,0.89206
nor,2011,0.85889
nor,2012,0.82801
nor,2013,0.79947
nor,2014,0.77290
nor,2015,0.75002
nor,2016,0.73194
nor,2017,0.71780
nor,2018,0.70799
nor,2019,0.69834
nor,2020,0.68626
nor,2021,0.67117
nor,2022,0.65250
nor,2023,0.63387
nor,2024,0.61516
npl,1991,22.453
npl,1992,21.372
npl,1993,20.240
npl,1994,19.108
npl,1995,18.036
npl,1996,16.951
npl,1997,15.894
npl,1998,14.831
npl,1999,13.768
npl,2000,12.729
npl,2001,11.709
npl,2002,10.725
npl,2003,9.8340
npl,2004,9.0218
npl,2005,8.2890
npl,2006,7.6833
npl,2007,7.1960
npl,2008,6.7935
npl,2009,6.4858
npl,2010,6.2565
npl,2011,6.0571
npl,2012,5.8677
npl,2013,5.6580
npl,2014,5.3998
npl,2015,5.1193
npl,2016,7.1085
npl,2017,4.5641
npl,2018,4.2845
npl,2019,4.0113
npl,2020,3.7508
npl,2021,3.5157
npl,2022,3.3136
npl,2023,3.1227
npl,2024,2.9633
nru,1991,9.2861
nru,1992,8.9090
nru,1993,8.5388
nru,1994,8.1703
nru,1995,7.8301
nru,1996,7.5093
nru,1997,7.2077
nru,1998,6.9252
nru,1999,6.6577
nru,2000,6.4097
nru,2001,6.1794
nru,2002,5.9711
nru,2003,5.7741
nru,2004,5.5907
nru,2005,5.4258
nru,2006,5.2679
nru,2007,5.1072
nru,2008,4.9336
nru,2009,4.7379
nru,2010,4.5209
nru,2011,4.2838
nru,2012,4.0377
nru,2013,3.7854
nru,2014,3.5323
nru,2015,3.2826
nru,2016,3.0426
nru,2017,2.8183
nru,2018,2.6100
nru,2019,2.4153
nru,2020,2.2334
nru,2021,2.0742
nru,2022,1.9369
nru,2023,1.8230
nru,2024,1.7288
nzl,1991,2.4415
nzl,1992,2.3581
nzl,1993,2.2735
nzl,1994,2.1966
nzl,1995,2.1218
nzl,1996,2.0515
nzl,1997,1.9883
nzl,1998,1.9269
nzl,1999,1.8650
nzl,2000,1.8032
nzl,2001,1.7381
nzl,2002,1.6746
nzl,2003,1.6097
nzl,2004,1.5455
nzl,2005,1.4852
nzl,2006,1.4259
nzl,2007,1.3720
nzl,2008,1.3208
nzl,2009,1.2720
nzl,2010,1.2249
nzl,2011,1.1815
nzl,2012,1.1437
nzl,2013,1.1097
nzl,2014,1.0817
nzl,2015,1.0589
nzl,2016,1.0411
nzl,2017,1.0271
nzl,2018,1.0127
nzl,2019,0.99809
nzl,2020,0.97896
nzl,2021,0.95441
nzl,2022,0.92505
nzl,2023,0.89134
nzl,2024,0.85649
omn,1991,5.8974
omn,1992,5.4095
omn,1993,4.9630
omn,1994,4.5545
omn,1995,4.1936
omn,1996,3.8787
omn,1997,3.6030
omn,1998,3.3578
omn,1999,3.1429
omn,2000,2.9470
omn,2001,2.7739
omn,2002,2.6221
omn,2003,2.4940
omn,2004,2.3884
omn,2005,2.3035
omn,2006,2.2365
omn,2007,2.1850
omn,2008,2.4530
omn,2009,2.1172
omn,2010,2.0942
omn,2011,2.0744
omn,2012,2.0544
omn,2013,2.0333
omn,2014,2.0144
omn,2015,2.0000
omn,2016,1.9904
omn,2017,1.9798
omn,2018,1.9672
omn,2019,1.9530
omn,2020,1.9362
omn,2021,1.9199
omn,2022,1.9041
omn,2023,1.8895
omn,2024,1.8705
pak,1991,12.855
pak,1992,13.005
pak,1993,12.974
pak,1994,12.810
pak,1995,12.587
pak,1996,12.340
pak,1997,12.041
pak,1998,11.672
pak,1999,11.216
pak,2000,10.728
pak,2001,10.290
pak,2002,9.8269
pak,2003,9.3643
pak,2004,8.9599
pak,2005,8.7507
pak,2006,11.832
pak,2007,8.5634
pak,2008,8.4696
pak,2009,8.3426
pak,2010,8.1745
pak,2011,7.9730
pak,2012,7.7283
pak,2013,7.4626
pak,2014,7.1567
pak,2015,6.8459
pak,2016,6.5134
pak,2017,6.1631
pak,2018,5.8006
pak,2019,5.4964
pak,2020,5.2068
pak,2021,4.9154
pak,2022,4.6656
pak,2023,4.4012
pak,2024,4.1657
pan,1991,4.5636
pan,1992,4.5597
pan,1993,4.5178
pan,1994,4.4525
pan,1995,4.3784
pan,1996,4.3008
pan,1997,4.2184
pan,1998,4.1338
pan,1999,4.0438
pan,2000,3.9506
pan,2001,3.8567
pan,2002,3.7661
pan,2003,3.6865
pan,2004,3.6224
pan,2005,3.5757
pan,2006,3.5477
pan,2007,3.5397
pan,2008,3.5525
pan,2009,3.5785
pan,2010,3.6150
pan,2011,3.6466
pan,2012,3.6624
pan,2013,3.6547
pan,2014,3.6185
pan,2015,3.5597
pan,2016,3.4845
pan,2017,3.4079
pan,2018,3.3394
pan,2019,3.2763
pan,2020,3.2213
pan,2021,3.1637
pan,2022,3.0935
pan,2023,3.0099
pan,2024,2.9141
per,1991,8.1742
per,1992,7.7264
per,1993,7.2783
per,1994,6.8470
per,1995,6.4298
per,1996,6.0173
per,1997,5.6200
per,1998,5.2338
per,1999,4.8750
per,2000,4.5450
per,2001,4.2531
per,2002,3.9917
per,2003,3.7709
per,2004,3.5871
per,2005,3.4436
per,2006,3.3365
per,2007,3.2667
per,2008,3.2221
per,2009,3.1832
per,2010,3.1396
per,2011,3.0801
per,2012,2.9994
per,2013,2.9008
per,2014,2.8074
per,2015,2.7435
per,2016,2.7120
per,2017,2.7130
per,2018,2.7281
per,2019,2.7312
per,2020,2.6925
per,2021,2.6121
per,2022,2.5029
per,2023,2.3833
per,2024,2.2616
phl,1991,8.8568
phl,1992,9.3032
phl,1993,7.7254
phl,1994,7.2798
phl,1995,6.9380
phl,1996,6.6709
phl,1997,6.4381
phl,1998,6.2215
phl,1999,6.0055
phl,2000,5.7941
phl,2001,5.5883
phl,2002,5.4001
phl,2003,5.2380
phl,2004,5.0880
phl,2005,4.9558
phl,2006,4.8368
phl,2007,4.7239
phl,2008,4.6245
phl,2009,4.5339
phl,2010,4.4637
phl,2011,4.4107
phl,2012,4.3769
phl,2013,4.3656
phl,2014,5.2053
phl,2015,4.3918
phl,2016,4.4164
phl,2017,4.4210
phl,2018,4.4045
phl,2019,4.3673
phl,2020,4.3278
phl,2021,4.2918
phl,2022,4.2612
phl,2023,4.2195
phl,2024,4.1482
plw,1991,5.4339
plw,1992,5.3524
plw,1993,5.2601
plw,1994,5.1635
plw,1995,5.0479
plw,1996,4.9277
plw,1997,4.7985
plw,1998,4.6643
plw,1999,4.5327
plw,2000,4.4030
plw,2001,4.2739
plw,2002,4.1448
plw,2003,4.0251
plw,2004,3.9083
plw,2005,3.7920
plw,2006,3.6805
plw,2007,3.5779
plw,2008,3.4898
plw,2009,3.4179
plw,2010,3.3636
plw,2011,3.3403
plw,2012,3.3411
plw,2013,3.3690
plw,2014,3.4205
plw,2015,3.4928
plw,2016,3.5855
plw,2017,3.6812
plw,2018,3.7726
plw,2019,3.8338
plw,2020,3.8539
plw,2021,3.8420
plw,2022,3.8090
plw,2023,3.7655
plw,2024,3.7055
png,1991,11.288
png,1992,11.116
png,1993,10.955
png,1994,10.798
png,1995,10.648
png,1996,10.506
png,1997,10.367
png,1998,10.230
png,1999,13.101
png,2000,9.9746
png,2001,9.8545
png,2002,9.7246
png,2003,9.5865
png,2004,9.4464
png,2005,9.3052
png,2006,9.1528
png,2007,8.9943
png,2008,8.8332
png,2009,8.6687
png,2010,8.5023
png,2011,8.3292
png,2012,8.1553
png,2013,7.9846
png,2014,7.8170
png,2015,7.6494
png,2016,7.4836
png,2017,7.3026
png,2018,7.1300
png,2019,6.9463
png,2020,6.7755
png,2021,6.6044
png,2022,6.4343
png,2023,6.2578
png,2024,6.0863
pol,1991,2.6894
pol,1992,2.6162
pol,1993,2.5043
pol,1994,2.3806
pol,1995,2.2709
pol,1996,2.2062
pol,1997,2.1558
pol,1998,2.0920
pol,1999,2.0134
pol,2000,1.9281
pol,2001,1.8634
pol,2002,1.8127
pol,2003,1.7670
pol,2004,1.7231
pol,2005,1.6752
pol,2006,1.6334
pol,2007,1.5891
pol,2008,1.5385
pol,2009,1.4836
pol,2010,1.4205
pol,2011,1.3560
pol,2012,1.2916
pol,2013,1.2285
pol,2014,1.1726
pol,2015,1.1190
pol,2016,1.0760
pol,2017,1.0385
pol,2018,1.0055
pol,2019,0.98175
pol,2020,0.96568
pol,2021,0.96785
pol,2022,0.98684
pol,2023,1.0182
pol,2024,1.0455
prk,1991,6.1182
prk,1992,6.2486
prk,1993,6.3333
prk,1994,6.3630
prk,1995,6.3382
prk,1996,13.738
prk,1997,13.579
prk,1998,13.410
prk,1999,13.257
prk,2000,13.095
prk,2001,12.942
prk,2002,12.811
prk,2003,12.675
prk,2004,5.3309
prk,2005,5.2371
prk,2006,5.1729
prk,2007,5.1039
prk,2008,5.0564
prk,2009,4.8775
prk,2010,4.7376
prk,2011,4.5658
prk,2012,4.3757
prk,2013,4.1717
prk,2014,3.9542
prk,2015,3.7504
prk,2016,3.5736
prk,2017,3.4692
prk,2018,3.2596
prk,2019,3.1596
prk,2020,3.0570
prk,2021,3.0207
prk,2022,3.0202
prk,2023,3.0604
prk,2024,3.0996
prt,1991,3.7281
prt,1992,3.6454
prt,1993,3.5496
prt,1994,3.4406
prt,1995,3.3143
prt,1996,3.1799
prt,1997,3.0303
prt,1998,2.8693
prt,1999,2.7015
prt,2000,2.5245
prt,2001,2.3507
prt,2002,2.1816
prt,2003,2.0184
prt,2004,1.8665
prt,2005,1.7247
prt,2006,1.5942
prt,2007,1.4759
prt,2008,1.3691
prt,2009,1.2742
prt,2010,1.1906
prt,2011,1.1167
prt,2012,1.0517
prt,2013,0.99602
prt,2014,0.94989
prt,2015,0.91028
prt,2016,0.87901
prt,2017,0.85417
prt,2018,0.83712
prt,2019,0.82610
prt,2020,0.81840
prt,2021,0.81157
prt,2022,0.80599
prt,2023,0.79821
prt,2024,0.78562
pry,1991,3.7893
pry,1992,3.5991
pry,1993,3.4206
pry,1994,3.2674
pry,1995,3.1379
pry,1996,3.0312
pry,1997,2.9471
pry,1998,2.8785
pry,1999,2.8353
pry,2000,2.8130
pry,2001,2.8104
pry,2002,2.8278
pry,2003,2.8609
pry,2004,2.9035
pry,2005,2.9432
pry,2006,2.9670
pry,2007,2.9714
pry,2008,2.9505
pry,2009,2.9074
pry,2010,2.8441
pry,2011,2.7702
pry,2012,2.6944
pry,2013,2.6240
pry,2014,2.5647
pry,2015,2.5163
pry,2016,2.4727
pry,2017,2.4300
pry,2018,2.3874
pry,2019,2.3441
pry,2020,2.2947
pry,2021,2.2341
pry,2022,2.1591
pry,2023,2.0755
pry,2024,1.9798
pse,1991,4.1356
pse,1992,4.0991
pse,1993,4.0519
pse,1994,4.0062
pse,1995,3.9659
pse,1996,3.9155
pse,1997,3.8679
pse,1998,3.8098
pse,1999,3.7555
pse,2000,3.7002
pse,2001,3.6510
pse,2002,3.6014
pse,2003,3.5674
pse,2004,3.5322
pse,2005,3.5010
pse,2006,3.4649
pse,2007,3.4252
pse,2008,3.3809
pse,2009,3.9769
pse,2010,4.0488
pse,2011,3.1937
pse,2012,3.1114
pse,2013,3.0248
pse,2014,2.9378
pse,2015,3.9333
pse,2016,2.7448
pse,2017,2.6393
pse,2018,2.5238
pse,2019,2.4131
pse,2020,2.3037
pse,2021,2.1922
pse,2022,2.0965
pse,2023,1.9783
pse,2024,16.579
qat,1991,3.3488
qat,1992,3.2751
qat,1993,3.1745
qat,1994,3.0330
qat,1995,2.8840
qat,1996,2.7842
qat,1997,2.7285
qat,1998,2.7087
qat,1999,2.7091
qat,2000,2.6973
qat,2001,2.6653
qat,2002,2.6192
qat,2003,2.5647
qat,2004,2.5000
qat,2005,2.4343
qat,2006,2.3703
qat,2007,2.3118
qat,2008,2.2479
qat,2009,2.1838
qat,2010,2.1144
qat,2011,2.0434
qat,2012,1.9704
qat,2013,1.8929
qat,2014,1.8093
qat,2015,1.7178
qat,2016,1.6235
qat,2017,1.5367
qat,2018,1.4641
qat,2019,1.4176
qat,2020,1.3925
qat,2021,1.3855
qat,2022,1.3752
qat,2023,1.3443
qat,2024,1.3002
rks,1991,5.7339
rks,1992,5.5318
rks,1993,5.3332
rks,1994,5.1420
rks,1995,4.9486
rks,1996,4.7564
rks,1997,4.5645
rks,1998,4.3721
rks,1999,4.1849
rks,2000,3.9965
rks,2001,3.8116
rks,2002,3.6312
rks,2003,3.4551
rks,2004,3.2893
rks,2005,3.1325
rks,2006,2.9847
rks,2007,2.8466
rks,2008,2.7188
rks,2009,2.5996
rks,2010,2.4900
rks,2011,2.3882
rks,2012,2.2956
rks,2013,2.2110
rks,2014,2.1328
rks,2015,2.0592
rks,2016,1.9904
rks,2017,1.9260
rks,2018,1.8627
rks,2019,1.8024
rks,2020,1.7441
rks,2021,1.6907
rks,2022,1.6427
rks,2023,1.6022
rks,2024,1.5655
rou,1991,5.1340
rou,1992,4.8202
rou,1993,4.7260
rou,1994,4.9507
rou,1995,5.3518
rou,1996,5.8535
rou,1997,6.2745
rou,1998,6.4000
rou,1999,6.1716
rou,2000,5.6777
rou,2001,5.1374
rou,2002,4.5717
rou,2003,4.0133
rou,2004,3.5157
rou,2005,3.1111
rou,2006,2.8818
rou,2007,2.7614
rou,2008,2.6927
rou,2009,2.6462
rou,2010,2.5587
rou,2011,2.4321
rou,2012,2.2719
rou,2013,2.1356
rou,2014,2.0521
rou,2015,1.9900
rou,2016,1.9534
rou,2017,1.9127
rou,2018,1.8547
rou,2019,1.7887
rou,2020,1.7033
rou,2021,1.6268
rou,2022,1.5407
rou,2023,1.4395
rou,2024,1.3005
rus,1991,5.0533
rus,1992,5.1524
rus,1993,5.2203
rus,1994,5.2212
rus,1995,5.1413
rus,1996,4.9880
rus,1997,4.8003
rus,1998,4.6692
rus,1999,4.5952
rus,2000,4.5532
rus,2001,4.5297
rus,2002,4.4824
rus,2003,4.4022
rus,2004,4.2720
rus,2005,4.0961
rus,2006,3.8918
rus,2007,3.6707
rus,2008,3.4672
rus,2009,3.2843
rus,2010,3.1254
rus,2011,2.9964
rus,2012,2.8799
rus,2013,2.7760
rus,2014,2.6751
rus,2015,2.5682
rus,2016,2.4561
rus,2017,2.3309
rus,2018,2.2008
rus,2019,2.0681
rus,2020,1.9374
rus,2021,1.8037
rus,2022,1.6654
rus,2023,1.5310
rus,2024,1.4022
rwa,1991,50.030
rwa,1992,56.142
rwa,1993,64.692
rwa,1994,73.043
rwa,1995,288.50
rwa,1996,80.995
rwa,1997,77.193
rwa,1998,69.365
rwa,1999,60.431
rwa,2000,53.185
rwa,2001,47.052
rwa,2002,42.131
rwa,2003,38.070
rwa,2004,34.318
rwa,2005,30.737
rwa,2006,27.230
rwa,2007,23.935
rwa,2008,20.991
rwa,2009,18.348
rwa,2010,16.153
rwa,2011,14.273
rwa,2012,12.857
rwa,2013,11.766
rwa,2014,10.959
rwa,2015,10.391
rwa,2016,9.8778
rwa,2017,9.3576
rwa,2018,8.7950
rwa,2019,8.0337
rwa,2020,7.1206
rwa,2021,6.1452
rwa,2022,5.0677
rwa,2023,3.9638
rwa,2024,2.9679
sau,1991,6.5751
sau,1992,6.1449
sau,1993,5.7535
sau,1994,5.3984
sau,1995,5.0644
sau,1996,4.7641
sau,1997,4.4872
sau,1998,4.2337
sau,1999,3.9998
sau,2000,3.7858
sau,2001,3.5901
sau,2002,3.4091
sau,2003,3.2406
sau,2004,3.0820
sau,2005,2.9299
sau,2006,2.7870
sau,2007,2.6496
sau,2008,2.5162
sau,2009,2.3872
sau,2010,2.2645
sau,2011,2.1486
sau,2012,2.0372
sau,2013,1.9320
sau,2014,1.8334
sau,2015,1.7400
sau,2016,1.6525
sau,2017,1.5696
sau,2018,1.4928
sau,2019,1.4246
sau,2020,1.3654
sau,2021,1.3135
sau,2022,1.2667
sau,2023,1.2254
sau,2024,1.1852
sdn,1991,20.817
sdn,1992,20.217
sdn,1993,19.603
sdn,1994,18.941
sdn,1995,18.240
sdn,1996,17.547
sdn,1997,16.853
sdn,1998,16.143
sdn,1999,15.455
sdn,2000,14.785
sdn,2001,14.102
sdn,2002,13.450
sdn,2003,12.800
sdn,2004,14.481
sdn,2005,16.468
sdn,2006,16.068
sdn,2007,11.725
sdn,2008,9.6988
sdn,2009,10.454
sdn,2010,8.6417
sdn,2011,8.1482
sdn,2012,7.6575
sdn,2013,7.1751
sdn,2014,6.6862
sdn,2015,6.2617
sdn,2016,5.8892
sdn,2017,5.5316
sdn,2018,5.2170
sdn,2019,4.9535
sdn,2020,4.6875
sdn,2021,4.4602
sdn,2022,4.2332
sdn,2023,4.0348
sdn,2024,3.8141
sen,1991,27.976
sen,1992,27.302
sen,1993,27.051
sen,1994,27.304
sen,1995,27.958
sen,1996,28.723
sen,1997,29.300
sen,1998,29.599
sen,1999,29.514
sen,2000,29.059
sen,2001,28.325
sen,2002,27.336
sen,2003,26.177
sen,2004,24.812
sen,2005,23.369
sen,2006,21.851
sen,2007,20.458
sen,2008,19.185
sen,2009,17.950
sen,2010,16.815
sen,2011,15.705
sen,2012,14.643
sen,2013,13.583
sen,2014,12.536
sen,2015,11.548
sen,2016,10.652
sen,2017,9.8674
sen,2018,9.1815
sen,2019,8.5659
sen,2020,7.9936
sen,2021,7.4691
sen,2022,6.9183
sen,2023,6.3922
sen,2024,5.9496
sgp,1991,2.1787
sgp,1992,2.0927
sgp,1993,2.0001
sgp,1994,1.9056
sgp,1995,1.8104
sgp,1996,1.7168
sgp,1997,1.6255
sgp,1998,1.5406
sgp,1999,1.4581
sgp,2000,1.3802
sgp,2001,1.3070
sgp,2002,1.2410
sgp,2003,1.1809
sgp,2004,1.1263
sgp,2005,1.0799
sgp,2006,1.0382
sgp,2007,1.0012
sgp,2008,0.96569
sgp,2009,0.93278
sgp,2010,0.90288
sgp,2011,0.87418
sgp,2012,0.84703
sgp,2013,0.82253
sgp,2014,0.79873
sgp,2015,0.77905
sgp,2016,0.76419
sgp,2017,0.75239
sgp,2018,0.74410
sgp,2019,0.73939
sgp,2020,0.73485
sgp,2021,0.72867
sgp,2022,0.72142
sgp,2023,0.71260
sgp,2024,0.70066
slb,1991,5.8091
slb,1992,5.6788
slb,1993,5.5501
slb,1994,5.4279
slb,1995,5.3125
slb,1996,5.2046
slb,1997,5.1092
slb,1998,5.0254
slb,1999,4.9549
slb,2000,4.8898
slb,2001,4.8367
slb,2002,4.7862
slb,2003,4.7441
slb,2004,4.7090
slb,2005,4.6722
slb,2006,4.6356
slb,2007,4.5956
slb,2008,5.2598
slb,2009,4.4964
slb,2010,4.4387
slb,2011,4.3792
slb,2012,4.3125
slb,2013,4.2482
slb,2014,4.1873
slb,2015,4.1260
slb,2016,4.0733
slb,2017,4.0163
slb,2018,3.9571
slb,2019,3.8905
slb,2020,3.8125
slb,2021,4.3272
slb,2022,3.6466
slb,2023,3.5623
slb,2024,3.4676
sle,1991,23.320
sle,1992,23.821
sle,1993,24.348
sle,1994,24.887
sle,1995,25.362
sle,1996,25.771
sle,1997,26.049
sle,1998,26.181
sle,1999,26.209
sle,2000,26.160
sle,2001,26.015
sle,2002,25.710
sle,2003,25.337
sle,2004,24.932
sle,2005,24.513
sle,2006,24.032
sle,2007,23.520
sle,2008,22.980
sle,2009,22.420
sle,2010,21.928
sle,2011,21.693
sle,2012,21.614
sle,2013,21.650
sle,2014,21.652
sle,2015,21.527
sle,2016,21.231
sle,2017,20.867
sle,2018,20.374
sle,2019,19.784
sle,2020,19.073
sle,2021,18.257
sle,2022,17.491
sle,2023,16.666
sle,2024,15.839
slv,1991,5.8992
slv,1992,5.4524
slv,1993,5.0637
slv,1994,4.7386
slv,1995,4.4684
slv,1996,4.2376
slv,1997,4.0343
slv,1998,3.8550
slv,1999,4.5659
slv,2000,3.5779
slv,2001,3.4737
slv,2002,4.9685
slv,2003,3.3293
slv,2004,3.2772
slv,2005,3.2359
slv,2006,3.1935
slv,2007,3.1515
slv,2008,3.1064
slv,2009,3.0611
slv,2010,3.5108
slv,2011,2.9869
slv,2012,2.9710
slv,2013,2.9718
slv,2014,2.9964
slv,2015,3.0493
slv,2016,3.1218
slv,2017,3.2112
slv,2018,3.2965
slv,2019,3.3640
slv,2020,3.3939
slv,2021,3.3819
slv,2022,3.3306
slv,2023,3.2281
slv,2024,3.1033
smr,1991,2.1075
smr,1992,1.9560
smr,1993,1.8159
smr,1994,1.6853
smr,1995,1.5626
smr,1996,1.4521
smr,1997,1.3497
smr,1998,1.2592
smr,1999,1.1746
smr,2000,1.0972
smr,2001,1.0254
smr,2002,0.95990
smr,2003,0.90084
smr,2004,0.84415
smr,2005,0.79425
smr,2006,0.74953
smr,2007,0.70862
smr,2008,0.67114
smr,2009,0.63614
smr,2010,0.60516
smr,2011,0.57502
smr,2012,0.54929
smr,2013,0.52294
smr,2014,0.49910
smr,2015,0.47696
smr,2016,0.45590
smr,2017,0.43726
smr,2018,0.41886
smr,2019,0.40279
smr,2020,0.38767
smr,2021,0.37483
smr,2022,0.36219
smr,2023,0.35022
smr,2024,0.34032
som,1991,30.385
som,1992,116.13
som,1993,121.53
som,1994,29.204
som,1995,29.161
som,1996,29.161
som,1997,29.161
som,1998,29.161
som,1999,29.161
som,2000,29.161
som,2001,29.161
som,2002,29.161
som,2003,29.161
som,2004,29.161
som,2005,29.161
som,2006,29.154
som,2007,29.031
som,2008,28.738
som,2009,28.157
som,2010,27.462
som,2011,35.117
som,2012,90.826
som,2013,35.820
som,2014,24.353
som,2015,23.563
som,2016,22.877
som,2017,22.237
som,2018,30.295
som,2019,25.062
som,2020,20.348
som,2021,19.749
som,2022,19.159
som,2023,28.950
som,2024,18.033
srb,1991,2.9774
srb,1992,2.8940
srb,1993,2.7935
srb,1994,2.6934
srb,1995,2.6009
srb,1996,2.5287
srb,1997,2.4765
srb,1998,2.4307
srb,1999,2.3802
srb,2000,2.3122
srb,2001,2.2311
srb,2002,2.1415
srb,2003,2.0426
srb,2004,1.9356
srb,2005,1.8234
srb,2006,1.7180
srb,2007,1.6244
srb,2008,1.5460
srb,2009,1.4823
srb,2010,1.4269
srb,2011,1.3777
srb,2012,1.3329
srb,2013,1.2916
srb,2014,1.2549
srb,2015,1.2224
srb,2016,1.1963
srb,2017,1.1731
srb,2018,1.1548
srb,2019,1.1429
srb,2020,1.1375
srb,2021,1.1380
srb,2022,1.1394
srb,2023,1.1324
srb,2024,1.1185
ssd,1991,122.03
ssd,1992,119.62
ssd,1993,187.41
ssd,1994,185.16
ssd,1995,38.223
ssd,1996,110.10
ssd,1997,107.31
ssd,1998,104.25
ssd,1999,203.55
ssd,2000,49.295
ssd,2001,38.939
ssd,2002,37.152
ssd,2003,35.400
ssd,2004,26.494
ssd,2005,25.176
ssd,2006,23.947
ssd,2007,22.768
ssd,2008,21.707
ssd,2009,20.674
ssd,2010,19.705
ssd,2011,18.830
ssd,2012,18.036
ssd,2013,17.443
ssd,2014,17.165
ssd,2015,43.427
ssd,2016,61.131
ssd,2017,70.499
ssd,2018,75.212
ssd,2019,29.970
ssd,2020,17.083
ssd,2021,17.083
ssd,2022,17.083
ssd,2023,17.083
ssd,2024,17.083
stp,1991,16.855
stp,1992,16.958
stp,1993,16.969
stp,1994,16.873
stp,1995,16.662
stp,1996,16.303
stp,1997,15.824
stp,1998,15.222
stp,1999,14.525
stp,2000,13.759
stp,2001,12.935
stp,2002,12.093
stp,2003,11.249
stp,2004,10.432
stp,2005,9.6358
stp,2006,8.8913
stp,2007,8.1888
stp,2008,7.5376
stp,2009,6.9462
stp,2010,6.3966
stp,2011,5.8954
stp,2012,5.4226
stp,2013,4.9748
stp,2014,4.5545
stp,2015,4.1777
stp,2016,3.8212
stp,2017,3.5081
stp,2018,3.2413
stp,2019,3.0206
stp,2020,2.8435
stp,2021,2.6903
stp,2022,2.5623
stp,2023,2.4523
stp,2024,2.3494
sur,1991,3.8858
sur,1992,3.8097
sur,1993,3.7251
sur,1994,3.6310
sur,1995,3.5386
sur,1996,3.4534
sur,1997,3.3830
sur,1998,3.3259
sur,1999,3.2852
sur,2000,3.2545
sur,2001,3.2273
sur,2002,3.2030
sur,2003,3.1779
sur,2004,3.1495
sur,2005,3.1204
sur,2006,3.0787
sur,2007,3.0370
sur,2008,2.9969
sur,2009,2.9581
sur,2010,2.9253
sur,2011,2.8973
sur,2012,2.8849
sur,2013,2.8797
sur,2014,2.8897
sur,2015,2.9097
sur,2016,2.9351
sur,2017,2.9572
sur,2018,2.9746
sur,2019,2.9812
sur,2020,2.9711
sur,2021,2.9429
sur,2022,2.8812
sur,2023,2.7968
sur,2024,2.6946
svk,1991,2.4604
svk,1992,2.4375
svk,1993,2.4100
svk,1994,2.3791
svk,1995,2.3455
svk,1996,2.3109
svk,1997,2.2724
svk,1998,2.2268
svk,1999,2.1830
svk,2000,2.1361
svk,2001,2.0834
svk,2002,2.0268
svk,2003,1.9706
svk,2004,1.9141
svk,2005,1.8583
svk,2006,1.8074
svk,2007,1.7586
svk,2008,1.7098
svk,2009,1.6614
svk,2010,1.6139
svk,2011,1.5647
svk,2012,1.5148
svk,2013,1.4647
svk,2014,1.4152
svk,2015,1.3687
svk,2016,1.3282
svk,2017,1.2919
svk,2018,1.2608
svk,2019,1.2328
svk,2020,1.2057
svk,2021,1.1803
svk,2022,1.1519
svk,2023,1.1174
svk,2024,1.0796
svn,1991,2.1844
svn,1992,2.1019
svn,1993,2.0226
svn,1994,1.9482
svn,1995,1.8739
svn,1996,1.8011
svn,1997,1.7291
svn,1998,1.6608
svn,1999,1.5934
svn,2000,1.5268
svn,2001,1.4617
svn,2002,1.3982
svn,2003,1.3371
svn,2004,1.2795
svn,2005,1.2253
svn,2006,1.1733
svn,2007,1.1232
svn,2008,1.0759
svn,2009,1.0327
svn,2010,0.99022
svn,2011,0.94975
svn,2012,0.91239
svn,2013,0.87844
svn,2014,0.84574
svn,2015,0.81409
svn,2016,0.78409
svn,2017,0.75523
svn,2018,0.72593
svn,2019,0.69640
svn,2020,0.66695
svn,2021,0.63803
svn,2022,0.60926
svn,2023,0.58097
svn,2024,0.55302
swe,1991,1.3840
swe,1992,1.3484
swe,1993,1.3142
swe,1994,1.2803
swe,1995,1.2486
swe,1996,1.2214
swe,1997,1.1967
swe,1998,1.1737
swe,1999,1.1513
swe,2000,1.1298
swe,2001,1.1075
swe,2002,1.0847
swe,2003,1.0603
swe,2004,1.0361
swe,2005,1.0114
swe,2006,0.98526
swe,2007,0.95868
swe,2008,0.93070
swe,2009,0.90287
swe,2010,0.87508
swe,2011,0.84974
swe,2012,0.82589
swe,2013,0.80333
swe,2014,0.78367
swe,2015,0.76540
swe,2016,0.74872
swe,2017,0.73357
swe,2018,0.71910
swe,2019,0.70441
swe,2020,0.68988
swe,2021,0.67544
swe,2022,0.65946
swe,2023,0.64244
swe,2024,0.62260
swz,1991,6.0146
swz,1992,6.5519
swz,1993,7.0840
swz,1994,7.5668
swz,1995,8.0866
swz,1996,8.5837
swz,1997,9.0187
swz,1998,9.4118
swz,1999,9.7204
swz,2000,9.9770
swz,2001,10.197
swz,2002,10.353
swz,2003,10.455
swz,2004,10.525
swz,2005,10.550
swz,2006,10.542
swz,2007,10.507
swz,2008,10.450
swz,2009,10.372
swz,2010,10.255
swz,2011,10.123
swz,2012,9.9587
swz,2013,9.7904
swz,2014,9.5674
swz,2015,9.3627
swz,2016,9.1475
swz,2017,8.9068
swz,2018,8.6027
swz,2019,8.3271
swz,2020,8.0022
swz,2021,7.6711
swz,2022,7.3251
swz,2023,6.9906
swz,2024,6.6482
syc,1991,2.8593
syc,1992,2.8666
syc,1993,2.8748
syc,1994,2.8787
syc,1995,2.8805
syc,1996,2.8716
syc,1997,2.8521
syc,1998,2.8297
syc,1999,2.8034
syc,2000,2.7699
syc,2001,2.7334
syc,2002,2.6942
syc,2003,2.6451
syc,2004,2.5949
syc,2005,2.5475
syc,2006,2.4972
syc,2007,2.4442
syc,2008,2.3908
syc,2009,2.3343
syc,2010,2.2739
syc,2011,2.2095
syc,2012,2.1441
syc,2013,2.0705
syc,2014,1.9849
syc,2015,1.8961
syc,2016,1.8090
syc,2017,1.7162
syc,2018,1.6310
syc,2019,1.5434
syc,2020,1.4718
syc,2021,1.3974
syc,2022,1.3308
syc,2023,1.2692
syc,2024,1.2057
syr,1991,8.1482
syr,1992,8.0634
syr,1993,7.9727
syr,1994,7.8519
syr,1995,7.7040
syr,1996,7.5316
syr,1997,7.3242
syr,1998,7.0765
syr,1999,6.7655
syr,2000,6.3638
syr,2001,5.8880
syr,2002,5.3835
syr,2003,4.8955
syr,2004,4.4821
syr,2005,4.1974
syr,2006,4.0541
syr,2007,4.0021
syr,2008,4.0094
syr,2009,4.0408
syr,2010,4.0592
syr,2011,4.0346
syr,2012,5.1753
syr,2013,10.489
syr,2014,11.268
syr,2015,10.258
syr,2016,10.468
syr,2017,8.0254
syr,2018,7.8132
syr,2019,7.2228
syr,2020,4.2690
syr,2021,3.2804
syr,2022,2.7927
syr,2023,2.8178
syr,2024,3.9052
tca,1991,2.5873
tca,1992,2.4782
tca,1993,2.3793
tca,1994,2.2826
tca,1995,2.1939
tca,1996,2.1096
tca,1997,2.0291
tca,1998,1.9568
tca,1999,1.8869
tca,2000,1.8248
tca,2001,1.7642
tca,2002,1.7066
tca,2003,1.6554
tca,2004,1.6084
tca,2005,1.5665
tca,2006,1.5280
tca,2007,1.4944
tca,2008,1.4641
tca,2009,1.4371
tca,2010,1.4136
tca,2011,1.3896
tca,2012,1.3686
tca,2013,1.3493
tca,2014,1.3303
tca,2015,1.3136
tca,2016,1.2981
tca,2017,1.2816
tca,2018,1.2642
tca,2019,1.2453
tca,2020,1.2257
tca,2021,1.2028
tca,2022,1.1817
tca,2023,1.1589
tca,2024,1.1340
tcd,1991,40.498
tcd,1992,39.616
tcd,1993,38.727
tcd,1994,37.878
tcd,1995,37.034
tcd,1996,36.211
tcd,1997,35.427
tcd,1998,34.641
tcd,1999,33.941
tcd,2000,33.165
tcd,2001,32.466
tcd,2002,31.749
tcd,2003,31.060
tcd,2004,30.376
tcd,2005,29.689
tcd,2006,28.927
tcd,2007,28.162
tcd,2008,27.449
tcd,2009,26.714
tcd,2010,25.959
tcd,2011,25.246
tcd,2012,24.523
tcd,2013,23.754
tcd,2014,23.009
tcd,2015,22.287
tcd,2016,21.493
tcd,2017,20.697
tcd,2018,19.920
tcd,2019,19.127
tcd,2020,18.296
tcd,2021,17.466
tcd,2022,16.685
tcd,2023,15.944
tcd,2024,15.110
tgo,1991,27.698
tgo,1992,26.948
tgo,1993,26.224
tgo,1994,25.545
tgo,1995,24.870
tgo,1996,24.236
tgo,1997,23.613
tgo,1998,22.938
tgo,1999,22.231
tgo,2000,21.619
tgo,2001,20.965
tgo,2002,20.333
tgo,2003,19.694
tgo,2004,19.031
tgo,2005,18.401
tgo,2006,17.759
tgo,2007,17.088
tgo,2008,16.398
tgo,2009,15.711
tgo,2010,15.020
tgo,2011,14.280
tgo,2012,13.577
tgo,2013,12.845
tgo,2014,12.104
tgo,2015,11.393
tgo,2016,10.669
tgo,2017,9.9878
tgo,2018,9.3693
tgo,2019,8.8272
tgo,2020,8.3289
tgo,2021,7.8850
tgo,2022,7.4458
tgo,2023,7.0818
tgo,2024,6.6653
tha,1991,6.3390
tha,1992,6.2614
tha,1993,6.1911
tha,1994,6.1330
tha,1995,6.0559
tha,1996,5.9425
tha,1997,5.8195
tha,1998,5.7433
tha,1999,5.7568
tha,2000,5.8417
tha,2001,5.9926
tha,2002,6.1503
tha,2003,6.2359
tha,2004,6.2065
tha,2005,7.1590
tha,2006,5.9110
tha,2007,5.7214
tha,2008,5.5370
tha,2009,5.3757
tha,2010,5.2209
tha,2011,5.0689
tha,2012,4.9155
tha,2013,4.7662
tha,2014,4.6304
tha,2015,4.5116
tha,2016,4.4175
tha,2017,4.3384
tha,2018,4.2537
tha,2019,4.1636
tha,2020,4.0830
tha,2021,4.0321
tha,2022,4.0157
tha,2023,4.0329
tha,2024,4.0629
tjk,1991,6.1265
tjk,1992,6.6555
tjk,1993,8.1629
tjk,1994,7.3609
tjk,1995,7.3702
tjk,1996,7.0789
tjk,1997,7.9792
tjk,1998,5.8810
tjk,1999,5.2194
tjk,2000,4.6330
tjk,2001,4.1536
tjk,2002,3.7928
tjk,2003,3.5134
tjk,2004,3.2958
tjk,2005,3.1235
tjk,2006,2.9889
tjk,2007,2.8840
tjk,2008,2.8017
tjk,2009,2.7348
tjk,2010,2.6726
tjk,2011,2.6098
tjk,2012,2.5529
tjk,2013,2.5008
tjk,2014,2.4533
tjk,2015,2.4096
tjk,2016,2.3699
tjk,2017,2.3291
tjk,2018,2.2838
tjk,2019,2.2285
tjk,2020,2.1563
tjk,2021,2.0630
tjk,2022,1.9499
tjk,2023,1.8289
tjk,2024,1.7124
tkm,1991,6.2418
tkm,1992,6.3775
tkm,1993,6.5389
tkm,1994,6.7152
tkm,1995,6.8788
tkm,1996,7.0058
tkm,1997,7.0588
tkm,1998,7.0182
tkm,1999,6.8928
tkm,2000,6.7121
tkm,2001,6.5098
tkm,2002,6.2994
tkm,2003,6.1061
tkm,2004,5.9242
tkm,2005,5.7301
tkm,2006,5.5209
tkm,2007,5.2852
tkm,2008,5.0305
tkm,2009,4.7717
tkm,2010,4.5310
tkm,2011,4.3367
tkm,2012,4.1923
tkm,2013,4.1017
tkm,2014,4.0558
tkm,2015,4.0253
tkm,2016,3.9835
tkm,2017,3.9161
tkm,2018,3.8096
tkm,2019,3.6609
tkm,2020,3.4852
tkm,2021,3.3055
tkm,2022,3.1190
tkm,2023,2.9451
tkm,2024,2.7751
tls,1991,35.397
tls,1992,35.864
tls,1993,34.016
tls,1994,32.286
tls,1995,31.351
tls,1996,33.067
tls,1997,31.875
tls,1998,30.724
tls,1999,32.714
tls,2000,39.335
tls,2001,14.078
tls,2002,13.549
tls,2003,13.030
tls,2004,12.530
tls,2005,12.052
tls,2006,11.595
tls,2007,11.165
tls,2008,10.766
tls,2009,10.399
tls,2010,10.061
tls,2011,9.7541
tls,2012,9.4628
tls,2013,9.2030
tls,2014,8.9615
tls,2015,8.7422
tls,2016,8.5433
tls,2017,8.3661
tls,2018,8.2049
tls,2019,8.0699
tls,2020,7.9390
tls,2021,7.7828
tls,2022,7.6183
tls,2023,7.4472
tls,2024,7.2698
ton,1991,2.2161
ton,1992,2.4068
ton,1993,2.6042
ton,1994,2.7978
ton,1995,2.9850
ton,1996,3.1749
ton,1997,3.3691
ton,1998,3.5553
ton,1999,3.7288
ton,2000,3.8815
ton,2001,4.0074
ton,2002,4.0977
ton,2003,4.1545
ton,2004,4.1750
ton,2005,4.1572
ton,2006,4.0950
ton,2007,3.9868
ton,2008,3.8520
ton,2009,3.6871
ton,2010,3.4990
ton,2011,3.2966
ton,2012,3.0908
ton,2013,2.8806
ton,2014,2.6654
ton,2015,2.4542
ton,2016,2.2573
ton,2017,2.0610
ton,2018,1.8783
ton,2019,1.7206
ton,2020,1.5911
ton,2021,1.4845
ton,2022,1.3883
ton,2023,1.3025
ton,2024,1.2254
tto,1991,3.7235
tto,1992,3.6809
tto,1993,3.6316
tto,1994,3.5791
tto,1995,3.5244
tto,1996,3.4638
tto,1997,3.4084
tto,1998,3.3546
tto,1999,3.3001
tto,2000,3.2489
tto,2001,3.1921
tto,2002,3.1352
tto,2003,3.0793
tto,2004,3.0233
tto,2005,2.9751
tto,2006,2.9247
tto,2007,2.8795
tto,2008,2.8325
tto,2009,2.7809
tto,2010,2.7311
tto,2011,2.6781
tto,2012,2.6288
tto,2013,2.5850
tto,2014,2.5439
tto,2015,2.5062
tto,2016,2.4645
tto,2017,2.4176
tto,2018,2.3620
tto,2019,2.2971
tto,2020,2.2204
tto,2021,2.1348
tto,2022,2.0474
tto,2023,1.9547
tto,2024,1.8618
tun,1991,6.0759
tun,1992,5.8739
tun,1993,5.6787
tun,1994,5.4821
tun,1995,5.2713
tun,1996,5.0566
tun,1997,4.8535
tun,1998,4.6832
tun,1999,4.5335
tun,2000,4.4060
tun,2001,4.2848
tun,2002,4.1650
tun,2003,4.0482
tun,2004,3.9275
tun,2005,3.8226
tun,2006,3.7207
tun,2007,3.6373
tun,2008,3.5682
tun,2009,3.5133
tun,2010,3.4724
tun,2011,3.4384
tun,2012,3.4112
tun,2013,3.3908
tun,2014,3.3746
tun,2015,3.3574
tun,2016,3.3365
tun,2017,3.2984
tun,2018,3.2401
tun,2019,3.1679
tun,2020,3.0908
tun,2021,3.0061
tun,2022,2.9184
tun,2023,2.8230
tun,2024,2.7172
tur,1991,6.9455
tur,1992,6.8446
tur,1993,6.7459
tur,1994,6.6548
tur,1995,6.5679
tur,1996,6.4602
tur,1997,6.3679
tur,1998,6.2692
tur,1999,6.1653
tur,2000,8.1209
tur,2001,5.9733
tur,2002,5.8554
tur,2003,5.7311
tur,2004,5.5877
tur,2005,5.4320
tur,2006,5.2513
tur,2007,5.0472
tur,2008,4.8127
tur,2009,4.5512
tur,2010,4.2508
tur,2011,3.9180
tur,2012,3.5614
tur,2013,3.2078
tur,2014,2.8829
tur,2015,2.6129
tur,2016,2.3942
tur,2017,2.2245
tur,2018,2.0994
tur,2019,2.0094
tur,2020,1.9540
tur,2021,1.9236
tur,2022,1.9088
tur,2023,1.8934
tur,2024,6.1958
tuv,1991,7.7338
tuv,1992,7.6606
tuv,1993,7.5724
tuv,1994,7.4696
tuv,1995,7.3513
tuv,1996,7.2120
tuv,1997,7.0550
tuv,1998,6.8852
tuv,1999,6.7032
tuv,2000,6.5339
tuv,2001,6.3788
tuv,2002,6.2488
tuv,2003,6.1346
tuv,2004,6.0281
tuv,2005,5.9136
tuv,2006,5.7928
tuv,2007,5.6474
tuv,2008,5.4854
tuv,2009,5.3060
tuv,2010,5.1249
tuv,2011,4.9517
tuv,2012,4.7910
tuv,2013,4.6420
tuv,2014,4.5018
tuv,2015,4.3716
tuv,2016,4.2437
tuv,2017,4.1201
tuv,2018,3.9968
tuv,2019,3.8875
tuv,2020,3.7769
tuv,2021,3.6681
tuv,2022,3.5727
tuv,2023,3.4757
tuv,2024,3.3828
tza,1991,23.197
tza,1992,22.926
tza,1993,22.582
tza,1994,22.100
tza,1995,21.539
tza,1996,20.880
tza,1997,20.127
tza,1998,19.300
tza,1999,18.471
tza,2000,17.522
tza,2001,16.641
tza,2002,15.819
tza,2003,15.050
tza,2004,14.339
tza,2005,13.732
tza,2006,13.137
tza,2007,12.634
tza,2008,12.204
tza,2009,11.946
tza,2010,11.841
tza,2011,11.813
tza,2012,11.775
tza,2013,11.631
tza,2014,11.359
tza,2015,11.015
tza,2016,10.690
tza,2017,10.278
tza,2018,9.8327
tza,2019,9.3796
tza,2020,8.9555
tza,2021,8.5245
tza,2022,8.1640
tza,2023,7.7328
tza,2024,7.3433
uga,1991,24.788
uga,1992,24.368
uga,1993,23.901
uga,1994,23.423
uga,1995,22.954
uga,1996,22.465
uga,1997,21.966
uga,1998,21.466
uga,1999,20.975
uga,2000,20.502
uga,2001,19.988
uga,2002,19.471
uga,2003,18.926
uga,2004,18.380
uga,2005,17.803
uga,2006,17.229
uga,2007,16.641
uga,2008,16.061
uga,2009,15.475
uga,2010,14.926
uga,2011,14.397
uga,2012,13.832
uga,2013,13.290
uga,2014,12.751
uga,2015,12.208
uga,2016,11.650
uga,2017,11.113
uga,2018,10.633
uga,2019,10.169
uga,2020,9.7404
uga,2021,9.2305
uga,2022,8.7503
uga,2023,8.3061
uga,2024,7.8696
ukr,1991,4.3785
ukr,1992,4.4090
ukr,1993,4.4183
ukr,1994,4.3955
ukr,1995,4.3357
ukr,1996,4.2411
ukr,1997,4.1266
ukr,1998,4.0012
ukr,1999,3.8862
ukr,2000,3.7847
ukr,2001,3.6970
ukr,2002,3.6230
ukr,2003,3.5513
ukr,2004,3.4786
ukr,2005,3.4021
ukr,2006,3.3089
ukr,2007,3.2015
ukr,2008,3.0714
ukr,2009,2.9250
ukr,2010,2.7690
ukr,2011,2.6157
ukr,2012,2.4740
ukr,2013,2.3396
ukr,2014,2.2161
ukr,2015,2.1002
ukr,2016,1.9949
ukr,2017,1.9023
ukr,2018,1.8206
ukr,2019,1.7541
ukr,2020,1.6988
ukr,2021,1.6483
ukr,2022,1.5973
ukr,2023,2.5342
ukr,2024,1.7319
unicef_eap,1991,7.8765
unicef_eap,1992,7.6065
unicef_eap,1993,7.2312
unicef_eap,1994,6.9111
unicef_eap,1995,6.6125
unicef_eap,1996,6.4324
unicef_eap,1997,6.1642
unicef_eap,1998,5.9401
unicef_eap,1999,5.7393
unicef_eap,2000,5.5253
unicef_eap,2001,5.3214
unicef_eap,2002,5.1454
unicef_eap,2003,4.9723
unicef_eap,2004,4.6902
unicef_eap,2005,5.3787
unicef_eap,2006,4.3593
unicef_eap,2007,4.1998
unicef_eap,2008,4.0371
unicef_eap,2009,4.7201
unicef_eap,2010,3.7186
unicef_eap,2011,3.5646
unicef_eap,2012,3.4587
unicef_eap,2013,3.2755
unicef_eap,2014,3.2029
unicef_eap,2015,3.0099
unicef_eap,2016,2.8921
unicef_eap,2017,2.7850
unicef_eap,2018,2.6737
unicef_eap,2019,2.5661
unicef_eap,2020,2.4664
unicef_eap,2021,2.3728
unicef_eap,2022,2.2886
unicef_eap,2023,2.2067
unicef_eap,2024,2.1427
unicef_eapro,1991,8.3161
unicef_eapro,1992,8.0161
unicef_eapro,1993,7.5967
unicef_eapro,1994,7.2456
unicef_eapro,1995,6.9211
unicef_eapro,1996,6.7112
unicef_eapro,1997,6.4376
unicef_eapro,1998,6.2050
unicef_eapro,1999,5.9992
unicef_eapro,2000,5.7817
unicef_eapro,2001,5.5760
unicef_eapro,2002,5.3996
unicef_eapro,2003,5.2246
unicef_eapro,2004,4.9325
unicef_eapro,2005,5.6810
unicef_eapro,2006,4.5946
unicef_eapro,2007,4.4306
unicef_eapro,2008,4.2601
unicef_eapro,2009,4.9986
unicef_eapro,2010,3.9218
unicef_eapro,2011,3.7577
unicef_eapro,2012,3.6001
unicef_eapro,2013,3.4473
unicef_eapro,2014,3.3686
unicef_eapro,2015,3.1614
unicef_eapro,2016,3.0342
unicef_eapro,2017,2.9203
unicef_eapro,2018,2.7997
unicef_eapro,2019,2.6845
unicef_eapro,2020,2.5768
unicef_eapro,2021,2.4757
unicef_eapro,2022,2.3856
unicef_eapro,2023,2.2969
unicef_eapro,2024,2.2278
unicef_eca,1991,3.9546
unicef_eca,1992,3.9557
unicef_eca,1993,4.0739
unicef_eca,1994,4.0284
unicef_eca,1995,3.8636
unicef_eca,1996,3.8061
unicef_eca,1997,3.7183
unicef_eca,1998,3.6011
unicef_eca,1999,3.4882
unicef_eca,2000,3.6025
unicef_eca,2001,3.2754
unicef_eca,2002,3.1676
unicef_eca,2003,3.0503
unicef_eca,2004,2.9273
unicef_eca,2005,2.8006
unicef_eca,2006,2.6802
unicef_eca,2007,2.5641
unicef_eca,2008,2.4543
unicef_eca,2009,2.3476
unicef_eca,2010,2.2428
unicef_eca,2011,2.1384
unicef_eca,2012,2.0362
unicef_eca,2013,1.9428
unicef_eca,2014,1.8606
unicef_eca,2015,1.7890
unicef_eca,2016,1.7258
unicef_eca,2017,1.6685
unicef_eca,2018,1.6168
unicef_eca,2019,1.5708
unicef_eca,2020,1.5358
unicef_eca,2021,1.5204
unicef_eca,2022,1.5096
unicef_eca,2023,1.5594
unicef_eca,2024,2.0663
unicef_ecaro,1991,5.4827
unicef_ecaro,1992,5.4595
unicef_ecaro,1993,5.7713
unicef_ecaro,1994,5.6954
unicef_ecaro,1995,5.3705
unicef_ecaro,1996,5.3709
unicef_ecaro,1997,5.3128
unicef_ecaro,1998,5.1678
unicef_ecaro,1999,5.0200
unicef_ecaro,2000,5.4448
unicef_ecaro,2001,4.7287
unicef_ecaro,2002,4.5763
unicef_ecaro,2003,4.4229
unicef_ecaro,2004,4.2769
unicef_ecaro,2005,4.1326
unicef_ecaro,2006,4.0007
unicef_ecaro,2007,3.8715
unicef_ecaro,2008,3.7378
unicef_ecaro,2009,3.5919
unicef_ecaro,2010,3.4337
unicef_ecaro,2011,3.2631
unicef_ecaro,2012,3.0872
unicef_ecaro,2013,2.9192
unicef_ecaro,2014,2.7691
unicef_ecaro,2015,2.6419
unicef_ecaro,2016,2.5349
unicef_ecaro,2017,2.4454
unicef_ecaro,2018,2.3699
unicef_ecaro,2019,2.3084
unicef_ecaro,2020,2.2687
unicef_ecaro,2021,2.2711
unicef_ecaro,2022,2.2803
unicef_ecaro,2023,2.4469
unicef_ecaro,2024,3.7782
unicef_eeca,1991,5.4405
unicef_eeca,1992,5.4549
unicef_eeca,1993,5.6915
unicef_eeca,1994,5.6438
unicef_eeca,1995,5.3934
unicef_eeca,1996,5.3460
unicef_eeca,1997,5.2540
unicef_eeca,1998,5.1211
unicef_eeca,1999,5.0035
unicef_eeca,2000,5.3005
unicef_eeca,2001,4.7800
unicef_eeca,2002,4.6587
unicef_eeca,2003,4.5230
unicef_eeca,2004,4.3739
unicef_eeca,2005,4.2121
unicef_eeca,2006,4.0546
unicef_eeca,2007,3.8960
unicef_eeca,2008,3.7363
unicef_eeca,2009,3.5746
unicef_eeca,2010,3.4107
unicef_eeca,2011,3.2451
unicef_eeca,2012,3.0809
unicef_eeca,2013,2.9272
unicef_eeca,2014,2.7871
unicef_eeca,2015,2.6634
unicef_eeca,2016,2.5526
unicef_eeca,2017,2.4514
unicef_eeca,2018,2.3577
unicef_eeca,2019,2.2734
unicef_eeca,2020,2.2061
unicef_eeca,2021,2.1700
unicef_eeca,2022,2.1388
unicef_eeca,2023,2.2226
unicef_eeca,2024,3.1550
unicef_esa,1991,35.754
unicef_esa,1992,37.612
unicef_esa,1993,39.039
unicef_esa,1994,36.359
unicef_esa,1995,38.619
unicef_esa,1996,32.072
unicef_esa,1997,31.259
unicef_esa,1998,30.253
unicef_esa,1999,31.211
unicef_esa,2000,27.011
unicef_esa,2001,25.707
unicef_esa,2002,24.632
unicef_esa,2003,23.601
unicef_esa,2004,22.621
unicef_esa,2005,21.841
unicef_esa,2006,20.823
unicef_esa,2007,19.448
unicef_esa,2008,18.301
unicef_esa,2009,17.442
unicef_esa,2010,16.381
unicef_esa,2011,15.810
unicef_esa,2012,16.897
unicef_esa,2013,14.308
unicef_esa,2014,13.259
unicef_esa,2015,13.368
unicef_esa,2016,13.280
unicef_esa,2017,13.025
unicef_esa,2018,13.002
unicef_esa,2019,11.235
unicef_esa,2020,10.394
unicef_esa,2021,10.062
unicef_esa,2022,9.7547
unicef_esa,2023,9.8712
unicef_esa,2024,9.1845
unicef_esaro,1991,36.742
unicef_esaro,1992,38.855
unicef_esaro,1993,40.449
unicef_esaro,1994,37.611
unicef_esaro,1995,40.173
unicef_esaro,1996,33.041
unicef_esaro,1997,32.232
unicef_esaro,1998,31.228
unicef_esaro,1999,32.352
unicef_esaro,2000,27.847
unicef_esaro,2001,26.512
unicef_esaro,2002,25.428
unicef_esaro,2003,24.371
unicef_esaro,2004,23.125
unicef_esaro,2005,22.055
unicef_esaro,2006,20.991
unicef_esaro,2007,19.931
unicef_esaro,2008,18.876
unicef_esaro,2009,17.850
unicef_esaro,2010,16.865
unicef_esaro,2011,16.286
unicef_esaro,2012,17.521
unicef_esaro,2013,14.715
unicef_esaro,2014,13.624
unicef_esaro,2015,13.755
unicef_esaro,2016,13.688
unicef_esaro,2017,13.426
unicef_esaro,2018,13.422
unicef_esaro,2019,11.533
unicef_esaro,2020,10.634
unicef_esaro,2021,10.290
unicef_esaro,2022,9.9770
unicef_esaro,2023,10.118
unicef_esaro,2024,9.3793
unicef_lac,1991,5.5170
unicef_lac,1992,5.3166
unicef_lac,1993,5.1320
unicef_lac,1994,4.9625
unicef_lac,1995,4.8065
unicef_lac,1996,4.6636
unicef_lac,1997,4.5295
unicef_lac,1998,4.4029
unicef_lac,1999,4.7444
unicef_lac,2000,4.1733
unicef_lac,2001,4.0707
unicef_lac,2002,3.9984
unicef_lac,2003,3.8917
unicef_lac,2004,3.8138
unicef_lac,2005,3.8048
unicef_lac,2006,3.7204
unicef_lac,2007,3.6205
unicef_lac,2008,3.5654
unicef_lac,2009,3.5076
unicef_lac,2010,3.4537
unicef_lac,2011,4.7295
unicef_lac,2012,3.3311
unicef_lac,2013,3.2211
unicef_lac,2014,3.1428
unicef_lac,2015,3.0695
unicef_lac,2016,3.0024
unicef_lac,2017,2.9506
unicef_lac,2018,2.9125
unicef_lac,2019,2.8622
unicef_lac,2020,2.8617
unicef_lac,2021,2.8463
unicef_lac,2022,2.8730
unicef_lac,2023,2.8043
unicef_lac,2024,2.7254
unicef_lacro,1991,5.5175
unicef_lacro,1992,5.3172
unicef_lacro,1993,5.1325
unicef_lacro,1994,4.9628
unicef_lacro,1995,4.8067
unicef_lacro,1996,4.6638
unicef_lacro,1997,4.5296
unicef_lacro,1998,4.4029
unicef_lacro,1999,4.7445
unicef_lacro,2000,4.1732
unicef_lacro,2001,4.0706
unicef_lacro,2002,3.9982
unicef_lacro,2003,3.8915
unicef_lacro,2004,3.8137
unicef_lacro,2005,3.8047
unicef_lacro,2006,3.7202
unicef_lacro,2007,3.6204
unicef_lacro,2008,3.5652
unicef_lacro,2009,3.5074
unicef_lacro,2010,3.4534
unicef_lacro,2011,4.7300
unicef_lacro,2012,3.3311
unicef_lacro,2013,3.2209
unicef_lacro,2014,3.1428
unicef_lacro,2015,3.0695
unicef_lacro,2016,3.0024
unicef_lacro,2017,2.9505
unicef_lacro,2018,2.9124
unicef_lacro,2019,2.8625
unicef_lacro,2020,2.8561
unicef_lacro,2021,2.8464
unicef_lacro,2022,2.8730
unicef_lacro,2023,2.8046
unicef_lacro,2024,2.7255
unicef_mena,1991,10.841
unicef_mena,1992,8.7378
unicef_mena,1993,7.9841
unicef_mena,1994,7.6077
unicef_mena,1995,7.2584
unicef_mena,1996,6.9358
unicef_mena,1997,6.6339
unicef_mena,1998,6.3584
unicef_mena,1999,6.1124
unicef_mena,2000,5.8886
unicef_mena,2001,5.6848
unicef_mena,2002,5.4985
unicef_mena,2003,5.3316
unicef_mena,2004,5.8502
unicef_mena,2005,5.0534
unicef_mena,2006,4.9519
unicef_mena,2007,4.8719
unicef_mena,2008,4.8064
unicef_mena,2009,4.7568
unicef_mena,2010,4.6912
unicef_mena,2011,4.6028
unicef_mena,2012,4.6267
unicef_mena,2013,4.8793
unicef_mena,2014,4.8154
unicef_mena,2015,4.6702
unicef_mena,2016,4.6292
unicef_mena,2017,4.3414
unicef_mena,2018,4.2189
unicef_mena,2019,4.1314
unicef_mena,2020,3.8378
unicef_mena,2021,3.6067
unicef_mena,2022,3.4975
unicef_mena,2023,3.4052
unicef_mena,2024,4.0063
unicef_menaro,1991,12.124
unicef_menaro,1992,10.075
unicef_menaro,1993,9.2880
unicef_menaro,1994,8.8792
unicef_menaro,1995,8.5040
unicef_menaro,1996,8.1468
unicef_menaro,1997,7.8137
unicef_menaro,1998,7.5043
unicef_menaro,1999,7.2331
unicef_menaro,2000,6.9862
unicef_menaro,2001,6.7602
unicef_menaro,2002,6.5498
unicef_menaro,2003,6.3467
unicef_menaro,2004,7.0276
unicef_menaro,2005,6.5376
unicef_menaro,2006,6.4248
unicef_menaro,2007,5.8686
unicef_menaro,2008,5.5919
unicef_menaro,2009,5.6506
unicef_menaro,2010,5.3865
unicef_menaro,2011,5.2543
unicef_menaro,2012,5.2276
unicef_menaro,2013,5.3988
unicef_menaro,2014,5.2870
unicef_menaro,2015,5.1169
unicef_menaro,2016,5.0453
unicef_menaro,2017,4.7457
unicef_menaro,2018,4.6100
unicef_menaro,2019,4.5078
unicef_menaro,2020,4.2117
unicef_menaro,2021,3.9760
unicef_menaro,2022,3.8572
unicef_menaro,2023,3.7595
unicef_menaro,2024,4.3104
unicef_na,1991,2.3592
unicef_na,1992,2.3090
unicef_na,1993,2.2612
unicef_na,1994,2.2198
unicef_na,1995,2.1741
unicef_na,1996,2.1216
unicef_na,1997,2.0603
unicef_na,1998,1.9915
unicef_na,1999,1.9183
unicef_na,2000,1.8427
unicef_na,2001,1.7743
unicef_na,2002,1.7148
unicef_na,2003,1.6642
unicef_na,2004,1.6200
unicef_na,2005,1.5744
unicef_na,2006,1.5271
unicef_na,2007,1.4768
unicef_na,2008,1.4247
unicef_na,2009,1.3740
unicef_na,2010,1.3263
unicef_na,2011,1.2878
unicef_na,2012,1.2602
unicef_na,2013,1.2445
unicef_na,2014,1.2409
unicef_na,2015,1.2437
unicef_na,2016,1.2513
unicef_na,2017,1.2614
unicef_na,2018,1.2735
unicef_na,2019,1.2875
unicef_na,2020,1.3041
unicef_na,2021,1.3265
unicef_na,2022,1.3516
unicef_na,2023,1.3745
unicef_na,2024,1.3860
unicef_rosa,1991,19.378
unicef_rosa,1992,20.236
unicef_rosa,1993,18.241
unicef_rosa,1994,17.607
unicef_rosa,1995,17.052
unicef_rosa,1996,16.487
unicef_rosa,1997,15.876
unicef_rosa,1998,15.212
unicef_rosa,1999,14.568
unicef_rosa,2000,13.800
unicef_rosa,2001,13.163
unicef_rosa,2002,12.603
unicef_rosa,2003,12.104
unicef_rosa,2004,11.660
unicef_rosa,2005,11.407
unicef_rosa,2006,11.322
unicef_rosa,2007,10.475
unicef_rosa,2008,10.055
unicef_rosa,2009,9.6026
unicef_rosa,2010,9.1603
unicef_rosa,2011,8.6144
unicef_rosa,2012,8.1155
unicef_rosa,2013,7.6362
unicef_rosa,2014,7.1891
unicef_rosa,2015,6.7486
unicef_rosa,2016,6.3881
unicef_rosa,2017,5.9475
unicef_rosa,2018,5.5186
unicef_rosa,2019,5.1560
unicef_rosa,2020,4.8064
unicef_rosa,2021,4.4797
unicef_rosa,2022,4.2176
unicef_rosa,2023,3.9407
unicef_rosa,2024,3.7247
unicef_sa,1991,19.378
unicef_sa,1992,20.236
unicef_sa,1993,18.241
unicef_sa,1994,17.607
unicef_sa,1995,17.052
unicef_sa,1996,16.487
unicef_sa,1997,15.876
unicef_sa,1998,15.212
unicef_sa,1999,14.568
unicef_sa,2000,13.800
unicef_sa,2001,13.163
unicef_sa,2002,12.603
unicef_sa,2003,12.104
unicef_sa,2004,11.660
unicef_sa,2005,11.407
unicef_sa,2006,11.322
unicef_sa,2007,10.475
unicef_sa,2008,10.055
unicef_sa,2009,9.6026
unicef_sa,2010,9.1603
unicef_sa,2011,8.6144
unicef_sa,2012,8.1155
unicef_sa,2013,7.6362
unicef_sa,2014,7.1891
unicef_sa,2015,6.7486
unicef_sa,2016,6.3881
unicef_sa,2017,5.9475
unicef_sa,2018,5.5186
unicef_sa,2019,5.1560
unicef_sa,2020,4.8064
unicef_sa,2021,4.4797
unicef_sa,2022,4.2176
unicef_sa,2023,3.9407
unicef_sa,2024,3.7247
unicef_ssa,1991,35.774
unicef_ssa,1992,36.440
unicef_ssa,1993,36.914
unicef_ssa,1994,35.202
unicef_ssa,1995,36.145
unicef_ssa,1996,32.299
unicef_ssa,1997,31.602
unicef_ssa,1998,30.798
unicef_ssa,1999,31.036
unicef_ssa,2000,28.439
unicef_ssa,2001,27.445
unicef_ssa,2002,26.573
unicef_ssa,2003,25.709
unicef_ssa,2004,24.902
unicef_ssa,2005,24.174
unicef_ssa,2006,23.353
unicef_ssa,2007,22.346
unicef_ssa,2008,21.456
unicef_ssa,2009,20.722
unicef_ssa,2010,21.006
unicef_ssa,2011,19.379
unicef_ssa,2012,19.692
unicef_ssa,2013,18.013
unicef_ssa,2014,17.243
unicef_ssa,2015,17.191
unicef_ssa,2016,16.781
unicef_ssa,2017,16.428
unicef_ssa,2018,16.263
unicef_ssa,2019,15.058
unicef_ssa,2020,14.763
unicef_ssa,2021,14.034
unicef_ssa,2022,13.796
unicef_ssa,2023,14.212
unicef_ssa,2024,12.800
unicef_wca,1991,34.175
unicef_wca,1992,33.620
unicef_wca,1993,33.032
unicef_wca,1994,32.528
unicef_wca,1995,32.014
unicef_wca,1996,31.459
unicef_wca,1997,30.898
unicef_wca,1998,30.345
unicef_wca,1999,29.730
unicef_wca,2000,29.113
unicef_wca,2001,28.492
unicef_wca,2002,27.859
unicef_wca,2003,27.231
unicef_wca,2004,26.630
unicef_wca,2005,25.970
unicef_wca,2006,25.355
unicef_wca,2007,24.738
unicef_wca,2008,24.134
unicef_wca,2009,23.527
unicef_wca,2010,25.192
unicef_wca,2011,22.450
unicef_wca,2012,21.801
unicef_wca,2013,21.204
unicef_wca,2014,20.722
unicef_wca,2015,20.472
unicef_wca,2016,19.638
unicef_wca,2017,19.115
unicef_wca,2018,18.752
unicef_wca,2019,18.074
unicef_wca,2020,18.240
unicef_wca,2021,17.045
unicef_wca,2022,16.771
unicef_wca,2023,17.403
unicef_wca,2024,15.358
unicef_wcaro,1991,34.175
unicef_wcaro,1992,33.620
unicef_wcaro,1993,33.032
unicef_wcaro,1994,32.528
unicef_wcaro,1995,32.014
unicef_wcaro,1996,31.459
unicef_wcaro,1997,30.898
unicef_wcaro,1998,30.345
unicef_wcaro,1999,29.730
unicef_wcaro,2000,29.113
unicef_wcaro,2001,28.492
unicef_wcaro,2002,27.859
unicef_wcaro,2003,27.231
unicef_wcaro,2004,26.630
unicef_wcaro,2005,25.970
unicef_wcaro,2006,25.355
unicef_wcaro,2007,24.738
unicef_wcaro,2008,24.134
unicef_wcaro,2009,23.527
unicef_wcaro,2010,25.192
unicef_wcaro,2011,22.450
unicef_wcaro,2012,21.801
unicef_wcaro,2013,21.204
unicef_wcaro,2014,20.722
unicef_wcaro,2015,20.472
unicef_wcaro,2016,19.638
unicef_wcaro,2017,19.115
unicef_wcaro,2018,18.752
unicef_wcaro,2019,18.074
unicef_wcaro,2020,18.240
unicef_wcaro,2021,17.045
unicef_wcaro,2022,16.771
unicef_wcaro,2023,17.403
unicef_wcaro,2024,15.358
unicef_we,1991,2.1535
unicef_we,1992,2.0971
unicef_we,1993,2.0330
unicef_we,1994,1.9628
unicef_we,1995,1.8902
unicef_we,1996,1.8198
unicef_we,1997,1.7500
unicef_we,1998,1.6802
unicef_we,1999,1.6110
unicef_we,2000,1.5448
unicef_we,2001,1.4840
unicef_we,2002,1.4275
unicef_we,2003,1.3723
unicef_we,2004,1.3182
unicef_we,2005,1.2650
unicef_we,2006,1.2152
unicef_we,2007,1.1684
unicef_we,2008,1.1242
unicef_we,2009,1.0830
unicef_we,2010,1.0436
unicef_we,2011,1.0063
unicef_we,2012,0.97121
unicef_we,2013,0.93864
unicef_we,2014,0.90953
unicef_we,2015,0.88346
unicef_we,2016,0.86109
unicef_we,2017,0.84098
unicef_we,2018,0.82236
unicef_we,2019,0.80495
unicef_we,2020,0.79054
unicef_we,2021,0.78203
unicef_we,2022,0.77917
unicef_we,2023,0.78058
unicef_we,2024,0.78303
unsdg_australianewzealand,1991,1.9663
unsdg_australianewzealand,1992,1.9020
unsdg_australianewzealand,1993,1.8389
unsdg_australianewzealand,1994,1.7810
unsdg_australianewzealand,1995,1.7241
unsdg_australianewzealand,1996,1.6675
unsdg_australianewzealand,1997,1.6118
unsdg_australianewzealand,1998,1.5551
unsdg_australianewzealand,1999,1.4995
unsdg_australianewzealand,2000,1.4447
unsdg_australianewzealand,2001,1.3889
unsdg_australianewzealand,2002,1.3353
unsdg_australianewzealand,2003,1.2809
unsdg_australianewzealand,2004,1.2316
unsdg_australianewzealand,2005,1.1851
unsdg_australianewzealand,2006,1.1449
unsdg_australianewzealand,2007,1.1077
unsdg_australianewzealand,2008,1.0771
unsdg_australianewzealand,2009,1.0491
unsdg_australianewzealand,2010,1.0246
unsdg_australianewzealand,2011,0.99935
unsdg_australianewzealand,2012,0.97685
unsdg_australianewzealand,2013,0.95530
unsdg_australianewzealand,2014,0.93519
unsdg_australianewzealand,2015,0.91645
unsdg_australianewzealand,2016,0.89979
unsdg_australianewzealand,2017,0.88335
unsdg_australianewzealand,2018,0.86815
unsdg_australianewzealand,2019,0.85584
unsdg_australianewzealand,2020,0.84615
unsdg_australianewzealand,2021,0.83984
unsdg_australianewzealand,2022,0.83214
unsdg_australianewzealand,2023,0.82223
unsdg_australianewzealand,2024,0.81009
unsdg_centralasia,1991,6.1391
unsdg_centralasia,1992,6.2471
unsdg_centralasia,1993,6.4559
unsdg_centralasia,1994,6.3635
unsdg_centralasia,1995,6.3395
unsdg_centralasia,1996,6.2402
unsdg_centralasia,1997,6.2536
unsdg_centralasia,1998,5.8263
unsdg_centralasia,1999,5.5551
unsdg_centralasia,2000,5.2667
unsdg_centralasia,2001,4.9815
unsdg_centralasia,2002,4.7151
unsdg_centralasia,2003,4.4798
unsdg_centralasia,2004,4.2832
unsdg_centralasia,2005,4.1223
unsdg_centralasia,2006,3.9962
unsdg_centralasia,2007,3.8962
unsdg_centralasia,2008,3.8111
unsdg_centralasia,2009,3.7364
unsdg_centralasia,2010,3.6684
unsdg_centralasia,2011,3.6079
unsdg_centralasia,2012,3.5497
unsdg_centralasia,2013,3.4952
unsdg_centralasia,2014,3.4407
unsdg_centralasia,2015,3.3837
unsdg_centralasia,2016,3.3208
unsdg_centralasia,2017,3.2511
unsdg_centralasia,2018,3.1745
unsdg_centralasia,2019,3.1017
unsdg_centralasia,2020,3.0585
unsdg_centralasia,2021,3.0740
unsdg_centralasia,2022,3.1545
unsdg_centralasia,2023,3.3037
unsdg_centralasia,2024,3.5078
unsdg_centralasiasouthernasia,1991,18.557
unsdg_centralasiasouthernasia,1992,18.993
unsdg_centralasiasouthernasia,1993,17.158
unsdg_centralasiasouthernasia,1994,16.559
unsdg_centralasiasouthernasia,1995,16.043
unsdg_centralasiasouthernasia,1996,15.522
unsdg_centralasiasouthernasia,1997,14.965
unsdg_centralasiasouthernasia,1998,14.356
unsdg_centralasiasouthernasia,1999,13.771
unsdg_centralasiasouthernasia,2000,13.074
unsdg_centralasiasouthernasia,2001,12.506
unsdg_centralasiasouthernasia,2002,12.008
unsdg_centralasiasouthernasia,2003,11.565
unsdg_centralasiasouthernasia,2004,11.305
unsdg_centralasiasouthernasia,2005,10.949
unsdg_centralasiasouthernasia,2006,10.884
unsdg_centralasiasouthernasia,2007,10.106
unsdg_centralasiasouthernasia,2008,9.7226
unsdg_centralasiasouthernasia,2009,9.3058
unsdg_centralasiasouthernasia,2010,8.8928
unsdg_centralasiasouthernasia,2011,8.3756
unsdg_centralasiasouthernasia,2012,7.8975
unsdg_centralasiasouthernasia,2013,7.4343
unsdg_centralasiasouthernasia,2014,6.9986
unsdg_centralasiasouthernasia,2015,6.5715
unsdg_centralasiasouthernasia,2016,6.2196
unsdg_centralasiasouthernasia,2017,5.7942
unsdg_centralasiasouthernasia,2018,5.3850
unsdg_centralasiasouthernasia,2019,5.0356
unsdg_centralasiasouthernasia,2020,4.7022
unsdg_centralasiasouthernasia,2021,4.3928
unsdg_centralasiasouthernasia,2022,4.1495
unsdg_centralasiasouthernasia,2023,3.8976
unsdg_centralasiasouthernasia,2024,3.6997
unsdg_easternasia,1991,5.6231
unsdg_easternasia,1992,5.3925
unsdg_easternasia,1993,5.1744
unsdg_easternasia,1994,4.9619
unsdg_easternasia,1995,4.7583
unsdg_easternasia,1996,4.7140
unsdg_easternasia,1997,4.4991
unsdg_easternasia,1998,4.3016
unsdg_easternasia,1999,4.1179
unsdg_easternasia,2000,3.9426
unsdg_easternasia,2001,3.7771
unsdg_easternasia,2002,3.6193
unsdg_easternasia,2003,3.4738
unsdg_easternasia,2004,3.1641
unsdg_easternasia,2005,3.0324
unsdg_easternasia,2006,2.9077
unsdg_easternasia,2007,2.7895
unsdg_easternasia,2008,2.6769
unsdg_easternasia,2009,2.5561
unsdg_easternasia,2010,2.4316
unsdg_easternasia,2011,2.3073
unsdg_easternasia,2012,2.2533
unsdg_easternasia,2013,2.0710
unsdg_easternasia,2014,1.9519
unsdg_easternasia,2015,1.8403
unsdg_easternasia,2016,1.7338
unsdg_easternasia,2017,1.6324
unsdg_easternasia,2018,1.5389
unsdg_easternasia,2019,1.4474
unsdg_easternasia,2020,1.3662
unsdg_easternasia,2021,1.2893
unsdg_easternasia,2022,1.2195
unsdg_easternasia,2023,1.1590
unsdg_easternasia,2024,1.1016
unsdg_easternasiasoutheasternasia,1991,7.9053
unsdg_easternasiasoutheasternasia,1992,7.6351
unsdg_easternasiasoutheasternasia,1993,7.2512
unsdg_easternasiasoutheasternasia,1994,6.9314
unsdg_easternasiasoutheasternasia,1995,6.6289
unsdg_easternasiasoutheasternasia,1996,6.4452
unsdg_easternasiasoutheasternasia,1997,6.1788
unsdg_easternasiasoutheasternasia,1998,5.9505
unsdg_easternasiasoutheasternasia,1999,5.7336
unsdg_easternasiasoutheasternasia,2000,5.5309
unsdg_easternasiasoutheasternasia,2001,5.3258
unsdg_easternasiasoutheasternasia,2002,5.1483
unsdg_easternasiasoutheasternasia,2003,4.9724
unsdg_easternasiasoutheasternasia,2004,4.6872
unsdg_easternasiasoutheasternasia,2005,5.3875
unsdg_easternasiasoutheasternasia,2006,4.3535
unsdg_easternasiasoutheasternasia,2007,4.1900
unsdg_easternasiasoutheasternasia,2008,4.0236
unsdg_easternasiasoutheasternasia,2009,4.7244
unsdg_easternasiasoutheasternasia,2010,3.7031
unsdg_easternasiasoutheasternasia,2011,3.5466
unsdg_easternasiasoutheasternasia,2012,3.4386
unsdg_easternasiasoutheasternasia,2013,3.2531
unsdg_easternasiasoutheasternasia,2014,3.1820
unsdg_easternasiasoutheasternasia,2015,2.9855
unsdg_easternasiasoutheasternasia,2016,2.8663
unsdg_easternasiasoutheasternasia,2017,2.7572
unsdg_easternasiasoutheasternasia,2018,2.6452
unsdg_easternasiasoutheasternasia,2019,2.5403
unsdg_easternasiasoutheasternasia,2020,2.4379
unsdg_easternasiasoutheasternasia,2021,2.3428
unsdg_easternasiasoutheasternasia,2022,2.2568
unsdg_easternasiasoutheasternasia,2023,2.1761
unsdg_easternasiasoutheasternasia,2024,2.1107
unsdg_europe,1991,3.2533
unsdg_europe,1992,3.2448
unsdg_europe,1993,3.3680
unsdg_europe,1994,3.3349
unsdg_europe,1995,3.1299
unsdg_europe,1996,3.0755
unsdg_europe,1997,2.9598
unsdg_europe,1998,2.8661
unsdg_europe,1999,2.7531
unsdg_europe,2000,2.6485
unsdg_europe,2001,2.5493
unsdg_europe,2002,2.4443
unsdg_europe,2003,2.3328
unsdg_europe,2004,2.2181
unsdg_europe,2005,2.0989
unsdg_europe,2006,1.9879
unsdg_europe,2007,1.8852
unsdg_europe,2008,1.7944
unsdg_europe,2009,1.7144
unsdg_europe,2010,1.6411
unsdg_europe,2011,1.5739
unsdg_europe,2012,1.5113
unsdg_europe,2013,1.4572
unsdg_europe,2014,1.4097
unsdg_europe,2015,1.3656
unsdg_europe,2016,1.3231
unsdg_europe,2017,1.2803
unsdg_europe,2018,1.2379
unsdg_europe,2019,1.1958
unsdg_europe,2020,1.1563
unsdg_europe,2021,1.1207
unsdg_europe,2022,1.0877
unsdg_europe,2023,1.1146
unsdg_europe,2024,1.0374
unsdg_europenorthernamr,1991,3.0071
unsdg_europenorthernamr,1992,2.9845
unsdg_europenorthernamr,1993,3.0559
unsdg_europenorthernamr,1994,3.0158
unsdg_europenorthernamr,1995,2.8534
unsdg_europenorthernamr,1996,2.7943
unsdg_europenorthernamr,1997,2.6900
unsdg_europenorthernamr,1998,2.5992
unsdg_europenorthernamr,1999,2.4935
unsdg_europenorthernamr,2000,2.3935
unsdg_europenorthernamr,2001,2.3002
unsdg_europenorthernamr,2002,2.2060
unsdg_europenorthernamr,2003,2.1101
unsdg_europenorthernamr,2004,2.0164
unsdg_europenorthernamr,2005,1.9200
unsdg_europenorthernamr,2006,1.8293
unsdg_europenorthernamr,2007,1.7435
unsdg_europenorthernamr,2008,1.6652
unsdg_europenorthernamr,2009,1.5945
unsdg_europenorthernamr,2010,1.5302
unsdg_europenorthernamr,2011,1.4725
unsdg_europenorthernamr,2012,1.4229
unsdg_europenorthernamr,2013,1.3824
unsdg_europenorthernamr,2014,1.3510
unsdg_europenorthernamr,2015,1.3247
unsdg_europenorthernamr,2016,1.3007
unsdg_europenorthernamr,2017,1.2781
unsdg_europenorthernamr,2018,1.2562
unsdg_europenorthernamr,2019,1.2349
unsdg_europenorthernamr,2020,1.2162
unsdg_europenorthernamr,2021,1.2021
unsdg_europenorthernamr,2022,1.1909
unsdg_europenorthernamr,2023,1.2177
unsdg_europenorthernamr,2024,1.1752
unsdg_lac,1991,5.5170
unsdg_lac,1992,5.3166
unsdg_lac,1993,5.1320
unsdg_lac,1994,4.9625
unsdg_lac,1995,4.8065
unsdg_lac,1996,4.6636
unsdg_lac,1997,4.5295
unsdg_lac,1998,4.4029
unsdg_lac,1999,4.7444
unsdg_lac,2000,4.1733
unsdg_lac,2001,4.0707
unsdg_lac,2002,3.9984
unsdg_lac,2003,3.8917
unsdg_lac,2004,3.8138
unsdg_lac,2005,3.8048
unsdg_lac,2006,3.7204
unsdg_lac,2007,3.6205
unsdg_lac,2008,3.5654
unsdg_lac,2009,3.5076
unsdg_lac,2010,3.4537
unsdg_lac,2011,4.7295
unsdg_lac,2012,3.3311
unsdg_lac,2013,3.2211
unsdg_lac,2014,3.1428
unsdg_lac,2015,3.0695
unsdg_lac,2016,3.0024
unsdg_lac,2017,2.9506
unsdg_lac,2018,2.9125
unsdg_lac,2019,2.8622
unsdg_lac,2020,2.8617
unsdg_lac,2021,2.8463
unsdg_lac,2022,2.8730
unsdg_lac,2023,2.8043
unsdg_lac,2024,2.7254
unsdg_ldc,1991,35.753
unsdg_ldc,1992,38.997
unsdg_ldc,1993,36.392
unsdg_ldc,1994,34.268
unsdg_ldc,1995,35.039
unsdg_ldc,1996,30.879
unsdg_ldc,1997,29.899
unsdg_ldc,1998,28.702
unsdg_ldc,1999,28.653
unsdg_ldc,2000,25.410
unsdg_ldc,2001,24.047
unsdg_ldc,2002,23.034
unsdg_ldc,2003,22.121
unsdg_ldc,2004,21.353
unsdg_ldc,2005,20.767
unsdg_ldc,2006,20.016
unsdg_ldc,2007,19.084
unsdg_ldc,2008,18.265
unsdg_ldc,2009,18.822
unsdg_ldc,2010,17.898
unsdg_ldc,2011,16.996
unsdg_ldc,2012,16.620
unsdg_ldc,2013,14.886
unsdg_ldc,2014,14.185
unsdg_ldc,2015,14.266
unsdg_ldc,2016,14.056
unsdg_ldc,2017,13.759
unsdg_ldc,2018,13.680
unsdg_ldc,2019,12.515
unsdg_ldc,2020,12.300
unsdg_ldc,2021,11.605
unsdg_ldc,2022,11.508
unsdg_ldc,2023,12.064
unsdg_ldc,2024,10.660
unsdg_lldc,1991,34.149
unsdg_lldc,1992,33.593
unsdg_lldc,1993,34.670
unsdg_lldc,1994,34.708
unsdg_lldc,1995,37.156
unsdg_lldc,1996,30.122
unsdg_lldc,1997,29.382
unsdg_lldc,1998,28.383
unsdg_lldc,1999,29.723
unsdg_lldc,2000,25.010
unsdg_lldc,2001,23.792
unsdg_lldc,2002,22.799
unsdg_lldc,2003,21.850
unsdg_lldc,2004,20.741
unsdg_lldc,2005,19.853
unsdg_lldc,2006,19.013
unsdg_lldc,2007,18.186
unsdg_lldc,2008,17.400
unsdg_lldc,2009,16.642
unsdg_lldc,2010,18.191
unsdg_lldc,2011,15.295
unsdg_lldc,2012,14.527
unsdg_lldc,2013,13.809
unsdg_lldc,2014,13.322
unsdg_lldc,2015,13.876
unsdg_lldc,2016,13.731
unsdg_lldc,2017,13.414
unsdg_lldc,2018,13.138
unsdg_lldc,2019,11.233
unsdg_lldc,2020,11.204
unsdg_lldc,2021,10.202
unsdg_lldc,2022,10.251
unsdg_lldc,2023,11.124
unsdg_lldc,2024,9.2309
unsdg_northafr,1991,11.664
unsdg_northafr,1992,11.117
unsdg_northafr,1993,10.590
unsdg_northafr,1994,10.105
unsdg_northafr,1995,9.6460
unsdg_northafr,1996,9.1981
unsdg_northafr,1997,8.7705
unsdg_northafr,1998,8.3588
unsdg_northafr,1999,7.9883
unsdg_northafr,2000,7.6457
unsdg_northafr,2001,7.3329
unsdg_northafr,2002,7.0377
unsdg_northafr,2003,6.7600
unsdg_northafr,2004,7.0795
unsdg_northafr,2005,7.3058
unsdg_northafr,2006,7.1505
unsdg_northafr,2007,6.1448
unsdg_northafr,2008,5.6462
unsdg_northafr,2009,5.7806
unsdg_northafr,2010,5.3265
unsdg_northafr,2011,5.1706
unsdg_northafr,2012,5.0574
unsdg_northafr,2013,4.8425
unsdg_northafr,2014,4.6618
unsdg_northafr,2015,4.5013
unsdg_northafr,2016,4.3235
unsdg_northafr,2017,4.1545
unsdg_northafr,2018,3.9861
unsdg_northafr,2019,3.8325
unsdg_northafr,2020,3.7176
unsdg_northafr,2021,3.6033
unsdg_northafr,2022,3.4870
unsdg_northafr,2023,3.3917
unsdg_northafr,2024,3.8049
unsdg_northernamr,1991,2.3592
unsdg_northernamr,1992,2.3090
unsdg_northernamr,1993,2.2612
unsdg_northernamr,1994,2.2198
unsdg_northernamr,1995,2.1741
unsdg_northernamr,1996,2.1216
unsdg_northernamr,1997,2.0603
unsdg_northernamr,1998,1.9915
unsdg_northernamr,1999,1.9183
unsdg_northernamr,2000,1.8427
unsdg_northernamr,2001,1.7743
unsdg_northernamr,2002,1.7148
unsdg_northernamr,2003,1.6642
unsdg_northernamr,2004,1.6200
unsdg_northernamr,2005,1.5744
unsdg_northernamr,2006,1.5271
unsdg_northernamr,2007,1.4768
unsdg_northernamr,2008,1.4247
unsdg_northernamr,2009,1.3740
unsdg_northernamr,2010,1.3263
unsdg_northernamr,2011,1.2878
unsdg_northernamr,2012,1.2602
unsdg_northernamr,2013,1.2445
unsdg_northernamr,2014,1.2409
unsdg_northernamr,2015,1.2437
unsdg_northernamr,2016,1.2513
unsdg_northernamr,2017,1.2614
unsdg_northernamr,2018,1.2735
unsdg_northernamr,2019,1.2875
unsdg_northernamr,2020,1.3041
unsdg_northernamr,2021,1.3265
unsdg_northernamr,2022,1.3516
unsdg_northernamr,2023,1.3745
unsdg_northernamr,2024,1.3860
unsdg_oceania,1991,4.8845
unsdg_oceania,1992,4.8115
unsdg_oceania,1993,4.7509
unsdg_oceania,1994,4.6946
unsdg_oceania,1995,4.6364
unsdg_oceania,1996,4.5684
unsdg_oceania,1997,4.4975
unsdg_oceania,1998,4.4322
unsdg_oceania,1999,5.1536
unsdg_oceania,2000,4.3038
unsdg_oceania,2001,4.2475
unsdg_oceania,2002,4.1917
unsdg_oceania,2003,4.1651
unsdg_oceania,2004,4.0906
unsdg_oceania,2005,4.0433
unsdg_oceania,2006,3.9976
unsdg_oceania,2007,3.9551
unsdg_oceania,2008,3.9342
unsdg_oceania,2009,3.8667
unsdg_oceania,2010,3.8726
unsdg_oceania,2011,3.7633
unsdg_oceania,2012,3.7028
unsdg_oceania,2013,3.6382
unsdg_oceania,2014,3.5712
unsdg_oceania,2015,3.5063
unsdg_oceania,2016,3.4413
unsdg_oceania,2017,3.3876
unsdg_oceania,2018,3.3013
unsdg_oceania,2019,3.2305
unsdg_oceania,2020,3.1666
unsdg_oceania,2021,3.1270
unsdg_oceania,2022,3.0525
unsdg_oceania,2023,3.0021
unsdg_oceania,2024,2.9528
unsdg_oceaniaexausnzl,1991,10.630
unsdg_oceaniaexausnzl,1992,10.466
unsdg_oceaniaexausnzl,1993,10.313
unsdg_oceaniaexausnzl,1994,10.146
unsdg_oceaniaexausnzl,1995,9.9752
unsdg_oceaniaexausnzl,1996,9.8090
unsdg_oceaniaexausnzl,1997,9.6594
unsdg_oceaniaexausnzl,1998,9.5036
unsdg_oceaniaexausnzl,1999,11.531
unsdg_oceaniaexausnzl,2000,9.2194
unsdg_oceaniaexausnzl,2001,9.0813
unsdg_oceaniaexausnzl,2002,8.9441
unsdg_oceaniaexausnzl,2003,8.8711
unsdg_oceaniaexausnzl,2004,8.6650
unsdg_oceaniaexausnzl,2005,8.5324
unsdg_oceaniaexausnzl,2006,8.3892
unsdg_oceaniaexausnzl,2007,8.2502
unsdg_oceaniaexausnzl,2008,8.1607
unsdg_oceaniaexausnzl,2009,7.9603
unsdg_oceaniaexausnzl,2010,7.9430
unsdg_oceaniaexausnzl,2011,7.6578
unsdg_oceaniaexausnzl,2012,7.5053
unsdg_oceaniaexausnzl,2013,7.3570
unsdg_oceaniaexausnzl,2014,7.2104
unsdg_oceaniaexausnzl,2015,7.0732
unsdg_oceaniaexausnzl,2016,6.9371
unsdg_oceaniaexausnzl,2017,6.8310
unsdg_oceaniaexausnzl,2018,6.6504
unsdg_oceaniaexausnzl,2019,6.4974
unsdg_oceaniaexausnzl,2020,6.3552
unsdg_oceaniaexausnzl,2021,6.2608
unsdg_oceaniaexausnzl,2022,6.0601
unsdg_oceaniaexausnzl,2023,5.8978
unsdg_oceaniaexausnzl,2024,5.7399
unsdg_sids,1991,11.405
unsdg_sids,1992,11.235
unsdg_sids,1993,11.018
unsdg_sids,1994,10.795
unsdg_sids,1995,10.570
unsdg_sids,1996,10.464
unsdg_sids,1997,10.180
unsdg_sids,1998,10.056
unsdg_sids,1999,10.232
unsdg_sids,2000,9.7014
unsdg_sids,2001,8.8328
unsdg_sids,2002,8.6427
unsdg_sids,2003,8.4612
unsdg_sids,2004,8.2631
unsdg_sids,2005,8.7063
unsdg_sids,2006,7.8818
unsdg_sids,2007,7.7088
unsdg_sids,2008,7.5460
unsdg_sids,2009,7.3575
unsdg_sids,2010,7.2106
unsdg_sids,2011,20.021
unsdg_sids,2012,7.1412
unsdg_sids,2013,6.6753
unsdg_sids,2014,6.4994
unsdg_sids,2015,6.3252
unsdg_sids,2016,6.1383
unsdg_sids,2017,5.9737
unsdg_sids,2018,5.7981
unsdg_sids,2019,5.6247
unsdg_sids,2020,5.5263
unsdg_sids,2021,5.3469
unsdg_sids,2022,5.4866
unsdg_sids,2023,5.0622
unsdg_sids,2024,4.9204
unsdg_southasia,1991,19.041
unsdg_southasia,1992,19.496
unsdg_southasia,1993,17.586
unsdg_southasia,1994,16.966
unsdg_southasia,1995,16.431
unsdg_southasia,1996,15.891
unsdg_southasia,1997,15.310
unsdg_southasia,1998,14.690
unsdg_southasia,1999,14.089
unsdg_southasia,2000,13.371
unsdg_southasia,2001,12.788
unsdg_southasia,2002,12.277
unsdg_southasia,2003,11.822
unsdg_southasia,2004,11.553
unsdg_southasia,2005,11.183
unsdg_southasia,2006,11.115
unsdg_southasia,2007,10.308
unsdg_southasia,2008,9.9096
unsdg_southasia,2009,9.4789
unsdg_southasia,2010,9.0532
unsdg_southasia,2011,8.5213
unsdg_southasia,2012,8.0303
unsdg_southasia,2013,7.5565
unsdg_southasia,2014,7.1115
unsdg_southasia,2015,6.6752
unsdg_southasia,2016,6.3173
unsdg_southasia,2017,5.8826
unsdg_southasia,2018,5.4637
unsdg_southasia,2019,5.1063
unsdg_southasia,2020,4.7643
unsdg_southasia,2021,4.4429
unsdg_southasia,2022,4.1882
unsdg_southasia,2023,3.9188
unsdg_southasia,2024,3.7030
unsdg_southeasternasia,1991,12.146
unsdg_southeasternasia,1992,11.856
unsdg_southeasternasia,1993,11.193
unsdg_southeasternasia,1994,10.726
unsdg_southeasternasia,1995,10.293
unsdg_southeasternasia,1996,9.9057
unsdg_southeasternasia,1997,9.5185
unsdg_southeasternasia,1998,9.1692
unsdg_southeasternasia,1999,8.8381
unsdg_southeasternasia,2000,8.5071
unsdg_southeasternasia,2001,8.1250
unsdg_southeasternasia,2002,7.8309
unsdg_southeasternasia,2003,7.5430
unsdg_southeasternasia,2004,7.2506
unsdg_southeasternasia,2005,9.4098
unsdg_southeasternasia,2006,6.6834
unsdg_southeasternasia,2007,6.4003
unsdg_southeasternasia,2008,6.1301
unsdg_southeasternasia,2009,8.1306
unsdg_southeasternasia,2010,5.6145
unsdg_southeasternasia,2011,5.3749
unsdg_southeasternasia,2012,5.1556
unsdg_southeasternasia,2013,4.9448
unsdg_southeasternasia,2014,4.9256
unsdg_southeasternasia,2015,4.5776
unsdg_southeasternasia,2016,4.4196
unsdg_southeasternasia,2017,4.2748
unsdg_southeasternasia,2018,4.1278
unsdg_southeasternasia,2019,3.9813
unsdg_southeasternasia,2020,3.8402
unsdg_southeasternasia,2021,3.7112
unsdg_southeasternasia,2022,3.5910
unsdg_southeasternasia,2023,3.4890
unsdg_southeasternasia,2024,3.3951
unsdg_subsaharanafrica,1991,36.236
unsdg_subsaharanafrica,1992,36.954
unsdg_subsaharanafrica,1993,37.459
unsdg_subsaharanafrica,1994,35.715
unsdg_subsaharanafrica,1995,36.755
unsdg_subsaharanafrica,1996,32.782
unsdg_subsaharanafrica,1997,32.089
unsdg_subsaharanafrica,1998,31.287
unsdg_subsaharanafrica,1999,31.570
unsdg_subsaharanafrica,2000,28.890
unsdg_subsaharanafrica,2001,27.892
unsdg_subsaharanafrica,2002,27.011
unsdg_subsaharanafrica,2003,26.155
unsdg_subsaharanafrica,2004,25.225
unsdg_subsaharanafrica,2005,24.359
unsdg_subsaharanafrica,2006,23.517
unsdg_subsaharanafrica,2007,22.688
unsdg_subsaharanafrica,2008,21.853
unsdg_subsaharanafrica,2009,21.041
unsdg_subsaharanafrica,2010,21.435
unsdg_subsaharanafrica,2011,19.742
unsdg_subsaharanafrica,2012,20.090
unsdg_subsaharanafrica,2013,18.360
unsdg_subsaharanafrica,2014,17.574
unsdg_subsaharanafrica,2015,17.534
unsdg_subsaharanafrica,2016,17.117
unsdg_subsaharanafrica,2017,16.758
unsdg_subsaharanafrica,2018,16.587
unsdg_subsaharanafrica,2019,15.333
unsdg_subsaharanafrica,2020,15.042
unsdg_subsaharanafrica,2021,14.289
unsdg_subsaharanafrica,2022,14.025
unsdg_subsaharanafrica,2023,14.486
unsdg_subsaharanafrica,2024,13.027
unsdg_westernasia,1991,9.4679
unsdg_westernasia,1992,8.5703
unsdg_westernasia,1993,7.7378
unsdg_westernasia,1994,7.5154
unsdg_westernasia,1995,7.3295
unsdg_westernasia,1996,7.1276
unsdg_westernasia,1997,6.9309
unsdg_westernasia,1998,6.7369
unsdg_westernasia,1999,6.5472
unsdg_westernasia,2000,7.0014
unsdg_westernasia,2001,6.1567
unsdg_westernasia,2002,5.9548
unsdg_westernasia,2003,5.7473
unsdg_westernasia,2004,5.5462
unsdg_westernasia,2005,5.3651
unsdg_westernasia,2006,5.1936
unsdg_westernasia,2007,5.0263
unsdg_westernasia,2008,4.8624
unsdg_westernasia,2009,4.7119
unsdg_westernasia,2010,4.5580
unsdg_westernasia,2011,4.3734
unsdg_westernasia,2012,4.3671
unsdg_westernasia,2013,4.8702
unsdg_westernasia,2014,4.8156
unsdg_westernasia,2015,4.6396
unsdg_westernasia,2016,4.6625
unsdg_westernasia,2017,4.2769
unsdg_westernasia,2018,4.1685
unsdg_westernasia,2019,4.1210
unsdg_westernasia,2020,3.6919
unsdg_westernasia,2021,3.3941
unsdg_westernasia,2022,3.2839
unsdg_westernasia,2023,3.2008
unsdg_westernasia,2024,4.8648
unsdg_westernasianorthernafr,1991,10.864
unsdg_westernasianorthernafr,1992,10.104
unsdg_westernasianorthernafr,1993,9.3927
unsdg_westernasianorthernafr,1994,9.0231
unsdg_westernasianorthernafr,1995,8.6827
unsdg_westernasianorthernafr,1996,8.3501
unsdg_westernasianorthernafr,1997,8.0235
unsdg_westernasianorthernafr,1998,7.7145
unsdg_westernasianorthernafr,1999,7.4265
unsdg_westernasianorthernafr,2000,7.4896
unsdg_westernasianorthernafr,2001,6.8832
unsdg_westernasianorthernafr,2002,6.6273
unsdg_westernasianorthernafr,2003,6.3767
unsdg_westernasianorthernafr,2004,6.4341
unsdg_westernasianorthernafr,2005,6.4501
unsdg_westernasianorthernafr,2006,6.2850
unsdg_westernasianorthernafr,2007,5.6982
unsdg_westernasianorthernafr,2008,5.3646
unsdg_westernasianorthernafr,2009,5.3579
unsdg_westernasianorthernafr,2010,5.0525
unsdg_westernasianorthernafr,2011,4.8923
unsdg_westernasianorthernafr,2012,4.8446
unsdg_westernasianorthernafr,2013,5.0022
unsdg_westernasianorthernafr,2014,4.8996
unsdg_westernasianorthernafr,2015,4.7417
unsdg_westernasianorthernafr,2016,4.6819
unsdg_westernasianorthernafr,2017,4.4050
unsdg_westernasianorthernafr,2018,4.2787
unsdg_westernasianorthernafr,2019,4.1902
unsdg_westernasianorthernafr,2020,3.9176
unsdg_westernasianorthernafr,2021,3.7027
unsdg_westernasianorthernafr,2022,3.5974
unsdg_westernasianorthernafr,2023,3.5178
unsdg_westernasianorthernafr,2024,4.6014
ury,1991,3.0458
ury,1992,3.0265
ury,1993,2.9939
ury,1994,2.9502
ury,1995,2.8984
ury,1996,2.8420
ury,1997,2.7823
ury,1998,2.7206
ury,1999,2.6557
ury,2000,2.5891
ury,2001,2.5216
ury,2002,2.4568
ury,2003,2.3970
ury,2004,2.3389
ury,2005,2.2856
ury,2006,2.2321
ury,2007,2.1818
ury,2008,2.1323
ury,2009,2.0806
ury,2010,2.0302
ury,2011,1.9802
ury,2012,1.9290
ury,2013,1.8782
ury,2014,1.8301
ury,2015,1.7813
ury,2016,1.7316
ury,2017,1.6848
ury,2018,1.6398
ury,2019,1.5970
ury,2020,1.5551
ury,2021,1.5148
ury,2022,1.4715
ury,2023,1.4270
ury,2024,1.3804
usa,1991,2.3885
usa,1992,2.3403
usa,1993,2.2952
usa,1994,2.2567
usa,1995,2.2127
usa,1996,2.1610
usa,1997,2.0995
usa,1998,2.0299
usa,1999,1.9552
usa,2000,1.8788
usa,2001,1.8095
usa,2002,1.7500
usa,2003,1.6990
usa,2004,1.6545
usa,2005,1.6078
usa,2006,1.5588
usa,2007,1.5057
usa,2008,1.4515
usa,2009,1.3981
usa,2010,1.3487
usa,2011,1.3094
usa,2012,1.2814
usa,2013,1.2659
usa,2014,1.2634
usa,2015,1.2675
usa,2016,1.2774
usa,2017,1.2893
usa,2018,1.3035
usa,2019,1.3196
usa,2020,1.3378
usa,2021,1.3622
usa,2022,1.3890
usa,2023,1.4130
usa,2024,1.4249
uzb,1991,6.4766
uzb,1992,6.5302
uzb,1993,6.5557
uzb,1994,6.5580
uzb,1995,6.5080
uzb,1996,6.3943
uzb,1997,6.2156
uzb,1998,5.9728
uzb,1999,5.6867
uzb,2000,5.3624
uzb,2001,5.0192
uzb,2002,4.6808
uzb,2003,4.3733
uzb,2004,4.1144
uzb,2005,3.9093
uzb,2006,3.7646
uzb,2007,3.6736
uzb,2008,3.6314
uzb,2009,3.6286
uzb,2010,3.6503
uzb,2011,3.6870
uzb,2012,3.7213
uzb,2013,3.7420
uzb,2014,3.7420
uzb,2015,3.7133
uzb,2016,3.6643
uzb,2017,3.5945
uzb,2018,3.5135
uzb,2019,3.4497
uzb,2020,3.4538
uzb,2021,3.5906
uzb,2022,3.8767
uzb,2023,4.3081
uzb,2024,4.8497
vct,1991,3.0153
vct,1992,3.0746
vct,1993,3.1297
vct,1994,3.1646
vct,1995,3.1928
vct,1996,3.2091
vct,1997,3.2215
vct,1998,3.2364
vct,1999,3.2587
vct,2000,3.2745
vct,2001,3.2895
vct,2002,3.3125
vct,2003,3.3404
vct,2004,3.3741
vct,2005,3.4151
vct,2006,3.4527
vct,2007,3.4890
vct,2008,3.5268
vct,2009,3.5654
vct,2010,3.6003
vct,2011,3.6306
vct,2012,3.6536
vct,2013,3.6747
vct,2014,3.6725
vct,2015,3.6605
vct,2016,3.6474
vct,2017,3.6105
vct,2018,3.5510
vct,2019,3.4808
vct,2020,3.3905
vct,2021,3.2877
vct,2022,3.1912
vct,2023,3.0747
vct,2024,2.9494
ven,1991,4.3334
ven,1992,4.2430
ven,1993,4.1467
ven,1994,4.0532
ven,1995,3.9766
ven,1996,3.9085
ven,1997,3.8512
ven,1998,3.8039
ven,1999,3.7765
ven,2000,3.7743
ven,2001,3.7892
ven,2002,3.8226
ven,2003,3.8535
ven,2004,3.8643
ven,2005,3.8459
ven,2006,3.8000
ven,2007,3.7366
ven,2008,3.6565
ven,2009,3.5596
ven,2010,3.4538
ven,2011,3.3511
ven,2012,3.2693
ven,2013,3.2113
ven,2014,3.1683
ven,2015,3.1286
ven,2016,3.0815
ven,2017,3.0124
ven,2018,3.3543
ven,2019,3.2557
ven,2020,2.7296
ven,2021,2.6230
ven,2022,2.5150
ven,2023,2.4025
ven,2024,2.2925
vgb,1991,2.9904
vgb,1992,2.8971
vgb,1993,2.8131
vgb,1994,2.7369
vgb,1995,2.6720
vgb,1996,2.6135
vgb,1997,2.5629
vgb,1998,2.5198
vgb,1999,2.4809
vgb,2000,2.4462
vgb,2001,2.4164
vgb,2002,2.3931
vgb,2003,2.3682
vgb,2004,2.3477
vgb,2005,2.3303
vgb,2006,2.3192
vgb,2007,2.3112
vgb,2008,2.3032
vgb,2009,2.2995
vgb,2010,2.2979
vgb,2011,2.2943
vgb,2012,2.2942
vgb,2013,2.2953
vgb,2014,2.2981
vgb,2015,2.2929
vgb,2016,2.2816
vgb,2017,2.2571
vgb,2018,2.2279
vgb,2019,2.1922
vgb,2020,2.1562
vgb,2021,2.1204
vgb,2022,2.0784
vgb,2023,2.0376
vgb,2024,1.9947
vnm,1991,8.6059
vnm,1992,8.1915
vnm,1993,7.7932
vnm,1994,7.4025
vnm,1995,7.0303
vnm,1996,6.6737
vnm,1997,6.3211
vnm,1998,5.9715
vnm,1999,5.6289
vnm,2000,5.3071
vnm,2001,4.9793
vnm,2002,4.6893
vnm,2003,4.4309
vnm,2004,4.1933
vnm,2005,3.9979
vnm,2006,3.8340
vnm,2007,3.6902
vnm,2008,3.5673
vnm,2009,3.4768
vnm,2010,3.3883
vnm,2011,3.3223
vnm,2012,3.2572
vnm,2013,3.1946
vnm,2014,3.1142
vnm,2015,3.0317
vnm,2016,2.9321
vnm,2017,2.8205
vnm,2018,2.7112
vnm,2019,2.5859
vnm,2020,2.4605
vnm,2021,2.3419
vnm,2022,2.2277
vnm,2023,2.1149
vnm,2024,2.0089
vut,1991,5.5034
vut,1992,5.3079
vut,1993,5.1326
vut,1994,4.9823
vut,1995,4.8560
vut,1996,4.7442
vut,1997,4.6492
vut,1998,4.5628
vut,1999,4.4776
vut,2000,4.4005
vut,2001,4.3247
vut,2002,4.2579
vut,2003,4.1960
vut,2004,4.1354
vut,2005,4.0772
vut,2006,4.0155
vut,2007,3.9468
vut,2008,3.8624
vut,2009,3.7674
vut,2010,3.6639
vut,2011,3.5578
vut,2012,3.4571
vut,2013,3.3712
vut,2014,3.3022
vut,2015,3.2441
vut,2016,3.1999
vut,2017,3.1659
vut,2018,3.1356
vut,2019,3.1092
vut,2020,3.0824
vut,2021,3.0563
vut,2022,3.0215
vut,2023,2.9826
vut,2024,2.9313
wb_hi,1991,2.9096
wb_hi,1992,2.8684
wb_hi,1993,2.8204
wb_hi,1994,2.7675
wb_hi,1995,2.7053
wb_hi,1996,2.6547
wb_hi,1997,2.5420
wb_hi,1998,2.4483
wb_hi,1999,2.3510
wb_hi,2000,2.2555
wb_hi,2001,2.1660
wb_hi,2002,2.0775
wb_hi,2003,1.9876
wb_hi,2004,1.8999
wb_hi,2005,1.8112
wb_hi,2006,1.7281
wb_hi,2007,1.6504
wb_hi,2008,1.5821
wb_hi,2009,1.5180
wb_hi,2010,1.4618
wb_hi,2011,1.4120
wb_hi,2012,1.4521
wb_hi,2013,1.3324
wb_hi,2014,1.3036
wb_hi,2015,1.2791
wb_hi,2016,1.2568
wb_hi,2017,1.2357
wb_hi,2018,1.2147
wb_hi,2019,1.1947
wb_hi,2020,1.1813
wb_hi,2021,1.1654
wb_hi,2022,1.1567
wb_hi,2023,1.1503
wb_hi,2024,1.1405
wb_li,1991,40.104
wb_li,1992,41.866
wb_li,1993,42.512
wb_li,1994,39.563
wb_li,1995,41.300
wb_li,1996,35.065
wb_li,1997,34.022
wb_li,1998,32.767
wb_li,1999,33.601
wb_li,2000,29.151
wb_li,2001,27.732
wb_li,2002,26.576
wb_li,2003,25.441
wb_li,2004,24.120
wb_li,2005,23.287
wb_li,2006,22.327
wb_li,2007,21.088
wb_li,2008,20.105
wb_li,2009,19.369
wb_li,2010,20.260
wb_li,2011,18.016
wb_li,2012,18.979
wb_li,2013,16.816
wb_li,2014,16.002
wb_li,2015,16.300
wb_li,2016,16.052
wb_li,2017,15.706
wb_li,2018,15.661
wb_li,2019,13.973
wb_li,2020,13.648
wb_li,2021,12.696
wb_li,2022,12.631
wb_li,2023,13.588
wb_li,2024,11.628
wb_lmi,1991,19.819
wb_lmi,1992,20.222
wb_lmi,1993,18.800
wb_lmi,1994,18.232
wb_lmi,1995,17.744
wb_lmi,1996,17.229
wb_lmi,1997,16.694
wb_lmi,1998,16.130
wb_lmi,1999,15.633
wb_lmi,2000,14.921
wb_lmi,2001,14.352
wb_lmi,2002,13.846
wb_lmi,2003,13.391
wb_lmi,2004,12.962
wb_lmi,2005,12.684
wb_lmi,2006,12.506
wb_lmi,2007,11.827
wb_lmi,2008,11.437
wb_lmi,2009,11.548
wb_lmi,2010,10.651
wb_lmi,2011,10.525
wb_lmi,2012,9.8173
wb_lmi,2013,9.4221
wb_lmi,2014,9.0800
wb_lmi,2015,8.6920
wb_lmi,2016,8.3839
wb_lmi,2017,8.0401
wb_lmi,2018,7.7345
wb_lmi,2019,7.4371
wb_lmi,2020,7.1576
wb_lmi,2021,6.8660
wb_lmi,2022,6.6260
wb_lmi,2023,6.3927
wb_lmi,2024,6.2633
wb_umi,1991,7.1091
wb_umi,1992,6.5487
wb_umi,1993,6.2715
wb_umi,1994,6.0341
wb_umi,1995,5.7783
wb_umi,1996,5.5698
wb_umi,1997,5.3647
wb_umi,1998,5.1851
wb_umi,1999,5.0154
wb_umi,2000,4.9215
wb_umi,2001,4.7191
wb_umi,2002,4.6105
wb_umi,2003,4.4992
wb_umi,2004,4.5275
wb_umi,2005,4.9836
wb_umi,2006,4.2226
wb_umi,2007,4.1092
wb_umi,2008,3.9946
wb_umi,2009,3.8746
wb_umi,2010,3.7474
wb_umi,2011,3.6130
wb_umi,2012,3.4853
wb_umi,2013,3.3426
wb_umi,2014,3.2075
wb_umi,2015,3.0822
wb_umi,2016,2.9655
wb_umi,2017,2.8589
wb_umi,2018,2.7500
wb_umi,2019,2.6509
wb_umi,2020,2.5813
wb_umi,2021,2.5104
wb_umi,2022,2.4377
wb_umi,2023,2.3795
wb_umi,2024,2.5230
world,1991,14.245
world,1992,14.360
world,1993,13.762
world,1994,13.254
world,1995,13.136
world,1996,12.372
world,1997,12.048
world,1998,11.735
world,1999,11.652
world,2000,11.025
world,2001,10.691
world,2002,10.434
world,2003,10.183
world,2004,9.9618
world,2005,9.9977
world,2006,9.6323
world,2007,9.2281
world,2008,8.9655
world,2009,8.9546
world,2010,8.6639
world,2011,8.3362
world,2012,8.1446
world,2013,7.6716
world,2014,7.4003
world,2015,7.2474
world,2016,7.0670
world,2017,6.8633
world,2018,6.7122
world,2019,6.3395
world,2020,6.1695
world,2021,5.9171
world,2022,5.8044
world,2023,5.8584
world,2024,5.5966
wsm,1991,2.6790
wsm,1992,2.7695
wsm,1993,2.8633
wsm,1994,2.9656
wsm,1995,3.0536
wsm,1996,3.1226
wsm,1997,3.1920
wsm,1998,3.2443
wsm,1999,3.2805
wsm,2000,3.2876
wsm,2001,3.2772
wsm,2002,3.2427
wsm,2003,3.1917
wsm,2004,3.1335
wsm,2005,3.0762
wsm,2006,3.0113
wsm,2007,2.9349
wsm,2008,2.8686
wsm,2009,2.8053
wsm,2010,8.0362
wsm,2011,2.6696
wsm,2012,2.5940
wsm,2013,2.5013
wsm,2014,2.4164
wsm,2015,2.3164
wsm,2016,2.2113
wsm,2017,2.0948
wsm,2018,1.9738
wsm,2019,1.8612
wsm,2020,1.7600
wsm,2021,1.6624
wsm,2022,1.5706
wsm,2023,1.4874
wsm,2024,1.4070
yem,1991,14.899
yem,1992,14.394
yem,1993,13.891
yem,1994,13.389
yem,1995,12.907
yem,1996,12.456
yem,1997,12.003
yem,1998,11.544
yem,1999,11.100
yem,2000,10.669
yem,2001,10.220
yem,2002,9.7834
yem,2003,9.3744
yem,2004,8.9285
yem,2005,8.5216
yem,2006,8.1384
yem,2007,7.8164
yem,2008,7.5180
yem,2009,7.2803
yem,2010,7.1034
yem,2011,6.9595
yem,2012,6.9360
yem,2013,6.9403
yem,2014,6.7535
yem,2015,6.8190
yem,2016,7.4752
yem,2017,7.2665
yem,2018,7.0596
yem,2019,7.3891
yem,2020,7.2029
yem,2021,6.3371
yem,2022,6.2062
yem,2023,5.8191
yem,2024,5.4386
zaf,1991,5.1940
zaf,1992,5.5106
zaf,1993,5.7956
zaf,1994,6.0840
zaf,1995,6.4032
zaf,1996,6.7420
zaf,1997,7.1049
zaf,1998,7.5225
zaf,1999,8.0442
zaf,2000,8.6356
zaf,2001,9.3113
zaf,2002,10.018
zaf,2003,10.724
zaf,2004,11.351
zaf,2005,11.820
zaf,2006,12.082
zaf,2007,12.094
zaf,2008,11.868
zaf,2009,11.442
zaf,2010,10.858
zaf,2011,10.179
zaf,2012,9.4495
zaf,2013,8.6880
zaf,2014,7.9533
zaf,2015,7.2601
zaf,2016,6.6975
zaf,2017,6.2386
zaf,2018,5.8931
zaf,2019,5.6558
zaf,2020,5.4843
zaf,2021,5.3888
zaf,2022,5.3239
zaf,2023,5.2132
zaf,2024,5.0328
zmb,1991,22.771
zmb,1992,22.615
zmb,1993,22.372
zmb,1994,22.017
zmb,1995,21.693
zmb,1996,21.257
zmb,1997,20.792
zmb,1998,20.296
zmb,1999,19.791
zmb,2000,19.282
zmb,2001,18.719
zmb,2002,18.138
zmb,2003,17.525
zmb,2004,16.910
zmb,2005,16.272
zmb,2006,15.539
zmb,2007,14.848
zmb,2008,14.209
zmb,2009,13.619
zmb,2010,13.053
zmb,2011,12.490
zmb,2012,11.914
zmb,2013,11.348
zmb,2014,10.741
zmb,2015,10.120
zmb,2016,9.4621
zmb,2017,8.7958
zmb,2018,8.1180
zmb,2019,7.5450
zmb,2020,7.0251
zmb,2021,6.5894
zmb,2022,6.1990
zmb,2023,5.8747
zmb,2024,5.5598
zwe,1991,10.629
zwe,1992,10.684
zwe,1993,10.772
zwe,1994,10.834
zwe,1995,10.884
zwe,1996,10.933
zwe,1997,11.029
zwe,1998,11.113
zwe,1999,11.291
zwe,2000,11.516
zwe,2001,11.811
zwe,2002,12.188
zwe,2003,12.584
zwe,2004,12.900
zwe,2005,13.149
zwe,2006,13.331
zwe,2007,13.451
zwe,2008,13.513
zwe,2009,13.482
zwe,2010,13.392
zwe,2011,13.235
zwe,2012,12.888
zwe,2013,12.403
zwe,2014,11.846
zwe,2015,11.197
zwe,2016,10.536
zwe,2017,9.8893
zwe,2018,9.2092
zwe,2019,8.5847
zwe,2020,7.9913
zwe,2021,7.4472
zwe,2022,6.9734
zwe,2023,6.5259
zwe,2024,6.1372
