geo,year,mr_1_59_months_median
afg,1988,180.93
afg,1989,151.30
afg,1990,119.29
afg,1991,113.73
afg,1992,108.49
afg,1993,103.55
afg,1994,98.995
afg,1995,94.779
afg,1996,90.817
afg,1997,87.198
afg,1998,83.846
afg,1999,80.513
afg,2000,77.257
afg,2001,74.043
afg,2002,70.776
afg,2003,67.467
afg,2004,64.139
afg,2005,60.734
afg,2006,57.352
afg,2007,53.975
afg,2008,50.782
afg,2009,47.712
afg,2010,44.810
afg,2011,42.152
afg,2012,39.685
afg,2013,37.449
afg,2014,35.417
afg,2015,33.629
afg,2016,31.983
afg,2017,30.455
afg,2018,29.047
afg,2019,27.756
afg,2020,26.508
afg,2021,25.324
afg,2022,24.202
afg,2023,23.033
afg,2024,21.967
ago,1990,178.83
ago,1991,178.86
ago,1992,178.71
ago,1993,178.56
ago,1994,178.17
ago,1995,177.88
ago,1996,177.01
ago,1997,175.52
ago,1998,173.09
ago,1999,169.84
ago,2000,165.79
ago,2001,161.14
ago,2002,155.66
ago,2003,149.33
ago,2004,142.55
ago,2005,135.06
ago,2006,127.26
ago,2007,118.74
ago,2008,110.18
ago,2009,102.05
ago,2010,94.262
ago,2011,86.763
ago,2012,79.863
ago,2013,73.444
ago,2014,67.828
ago,2015,63.096
ago,2016,59.250
ago,2017,55.882
ago,2018,52.936
ago,2019,50.290
ago,2020,47.839
ago,2021,45.557
ago,2022,43.511
ago,2023,41.424
ago,2024,39.413
aia,1990,9.4052
aia,1991,8.9204
aia,1992,8.4993
aia,1993,8.0365
aia,1994,7.6282
aia,1995,7.2523
aia,1996,6.9145
aia,1997,6.6134
aia,1998,6.3133
aia,1999,6.0351
aia,2000,5.7906
aia,2001,5.5594
aia,2002,5.3549
aia,2003,5.1442
aia,2004,4.9669
aia,2005,4.8172
aia,2006,4.6735
aia,2007,4.5477
aia,2008,4.4062
aia,2009,4.2709
aia,2010,4.1553
aia,2011,4.0392
aia,2012,3.9369
aia,2013,3.8258
aia,2014,3.7277
aia,2015,3.6138
aia,2016,3.5105
aia,2017,3.4102
aia,2018,3.3092
aia,2019,3.2151
aia,2020,3.1386
aia,2021,3.0368
aia,2022,2.9325
aia,2023,2.8399
aia,2024,2.7635
alb,1980,67.195
alb,1981,61.193
alb,1982,56.168
alb,1983,51.461
alb,1984,47.386
alb,1985,43.575
alb,1986,40.109
alb,1987,37.069
alb,1988,34.365
alb,1989,32.053
alb,1990,30.176
alb,1991,28.498
alb,1992,26.885
alb,1993,25.521
alb,1994,24.136
alb,1995,22.847
alb,1996,21.499
alb,1997,20.179
alb,1998,18.885
alb,1999,17.560
alb,2000,16.302
alb,2001,15.154
alb,2002,14.056
alb,2003,12.965
alb,2004,11.792
alb,2005,10.617
alb,2006,9.5264
alb,2007,8.5965
alb,2008,7.9159
alb,2009,7.5109
alb,2010,7.1843
alb,2011,6.6733
alb,2012,5.9392
alb,2013,5.1920
alb,2014,4.5787
alb,2015,4.0621
alb,2016,3.5718
alb,2017,3.0804
alb,2018,2.6744
alb,2019,2.4065
alb,2020,2.2828
alb,2021,2.2784
alb,2022,2.3680
alb,2023,2.4700
alb,2024,2.5288
and,1990,7.0055
and,1991,6.7306
and,1992,6.3372
and,1993,6.0010
and,1994,5.7382
and,1995,5.4793
and,1996,5.2138
and,1997,4.9311
and,1998,4.7064
and,1999,4.4710
and,2000,4.2569
and,2001,4.0864
and,2002,3.9450
and,2003,3.7670
and,2004,3.6013
and,2005,3.4133
and,2006,3.2404
and,2007,3.0276
and,2008,2.8441
and,2009,2.6675
and,2010,2.5124
and,2011,2.3687
and,2012,2.2378
and,2013,2.0982
and,2014,1.9805
and,2015,1.8591
and,2016,1.7608
and,2017,1.6629
and,2018,1.5814
and,2019,1.5156
and,2020,1.4573
and,2021,1.4128
and,2022,1.3686
and,2023,1.3237
and,2024,1.2779
are,1979,26.081
are,1980,22.585
are,1981,19.960
are,1982,17.839
are,1983,16.004
are,1984,14.378
are,1985,13.009
are,1986,11.783
are,1987,10.688
are,1988,9.7128
are,1989,8.8045
are,1990,8.0167
are,1991,7.3445
are,1992,6.8001
are,1993,6.4053
are,1994,6.1352
are,1995,5.9640
are,1996,5.8234
are,1997,5.6341
are,1998,5.3631
are,1999,5.1122
are,2000,4.9635
are,2001,4.8938
are,2002,4.8323
are,2003,4.7280
are,2004,4.6029
are,2005,4.4699
are,2006,4.3587
are,2007,4.3290
are,2008,4.4069
are,2009,4.6170
are,2010,4.9481
are,2011,5.2190
are,2012,5.2057
are,2013,4.8300
are,2014,4.2934
are,2015,3.8281
are,2016,3.4938
are,2017,3.2835
are,2018,3.1672
are,2019,3.0946
are,2020,3.0233
are,2021,2.9321
are,2022,2.8187
are,2023,2.6859
are,2024,2.5509
arg,1971,48.058
arg,1972,47.592
arg,1973,46.879
arg,1974,45.682
arg,1975,43.724
arg,1976,41.003
arg,1977,37.692
arg,1978,34.045
arg,1979,30.427
arg,1980,27.099
arg,1981,24.292
arg,1982,22.123
arg,1983,20.495
arg,1984,18.910
arg,1985,16.525
arg,1986,14.031
arg,1987,12.544
arg,1988,12.424
arg,1989,13.011
arg,1990,13.634
arg,1991,13.966
arg,1992,13.799
arg,1993,13.131
arg,1994,12.266
arg,1995,11.492
arg,1996,10.929
arg,1997,10.602
arg,1998,10.411
arg,1999,10.036
arg,2000,9.2383
arg,2001,8.3144
arg,2002,7.7391
arg,2003,7.6764
arg,2004,7.8005
arg,2005,7.7938
arg,2006,7.6484
arg,2007,7.5137
arg,2008,7.4376
arg,2009,7.3536
arg,2010,7.1889
arg,2011,6.8907
arg,2012,6.4461
arg,2013,5.9034
arg,2014,5.4147
arg,2015,5.1151
arg,2016,4.9687
arg,2017,4.8869
arg,2018,4.8033
arg,2019,4.6488
arg,2020,4.3873
arg,2021,4.1584
arg,2022,4.1347
arg,2023,4.3752
arg,2024,4.6701
arm,1978,57.011
arm,1979,54.226
arm,1980,51.641
arm,1981,49.094
arm,1982,46.555
arm,1983,44.100
arm,1984,41.638
arm,1985,39.231
arm,1986,36.902
arm,1987,34.688
arm,1988,32.574
arm,1989,76.993
arm,1990,28.703
arm,1991,26.865
arm,1992,25.163
arm,1993,23.558
arm,1994,22.108
arm,1995,20.695
arm,1996,19.386
arm,1997,18.219
arm,1998,17.290
arm,1999,16.454
arm,2000,15.662
arm,2001,14.891
arm,2002,14.158
arm,2003,13.442
arm,2004,12.775
arm,2005,12.099
arm,2006,11.487
arm,2007,10.913
arm,2008,10.380
arm,2009,9.8648
arm,2010,9.4049
arm,2011,8.9577
arm,2012,8.5273
arm,2013,8.1049
arm,2014,7.7120
arm,2015,7.3284
arm,2016,6.9715
arm,2017,6.6494
arm,2018,6.3428
arm,2019,6.0581
arm,2020,5.7861
arm,2021,5.5179
arm,2022,5.2607
arm,2023,5.0125
arm,2024,4.7868
atg,1972,13.718
atg,1973,12.603
atg,1974,11.619
atg,1975,10.779
atg,1976,9.9877
atg,1977,9.2945
atg,1978,8.6725
atg,1979,8.1258
atg,1980,7.6597
atg,1981,7.2422
atg,1982,6.8421
atg,1983,6.5198
atg,1984,6.2696
atg,1985,6.0536
atg,1986,5.8616
atg,1987,5.6721
atg,1988,5.4981
atg,1989,5.3481
atg,1990,5.2230
atg,1991,5.1361
atg,1992,5.0526
atg,1993,4.9734
atg,1994,4.9193
atg,1995,4.8511
atg,1996,4.7982
atg,1997,4.7308
atg,1998,4.6288
atg,1999,4.4957
atg,2000,4.3084
atg,2001,4.1117
atg,2002,3.9088
atg,2003,3.7775
atg,2004,3.7399
atg,2005,3.7781
atg,2006,3.8661
atg,2007,3.9789
atg,2008,4.1154
atg,2009,4.2572
atg,2010,4.3736
atg,2011,4.4452
atg,2012,4.5113
atg,2013,4.5376
atg,2014,4.5304
atg,2015,4.5125
atg,2016,4.4818
atg,2017,4.4617
atg,2018,4.4282
atg,2019,4.3931
atg,2020,4.3229
atg,2021,4.2436
atg,2022,4.1606
atg,2023,4.0639
atg,2024,3.9658
aus,1969,9.1002
aus,1970,9.0819
aus,1971,8.9569
aus,1972,8.6995
aus,1973,8.3296
aus,1974,7.8677
aus,1975,7.4014
aus,1976,6.9967
aus,1977,6.6650
aus,1978,6.4214
aus,1979,6.2488
aus,1980,6.1152
aus,1981,6.0126
aus,1982,5.9228
aus,1983,5.8461
aus,1984,5.7795
aus,1985,5.7063
aus,1986,5.6152
aus,1987,5.4956
aus,1988,5.3400
aus,1989,5.1403
aus,1990,4.8876
aus,1991,4.5791
aus,1992,4.2453
aus,1993,3.9336
aus,1994,3.6708
aus,1995,3.4528
aus,1996,3.2787
aus,1997,3.1336
aus,1998,3.0077
aus,1999,2.8898
aus,2000,2.7798
aus,2001,2.6838
aus,2002,2.6066
aus,2003,2.5553
aus,2004,2.5306
aus,2005,2.5070
aus,2006,2.4620
aus,2007,2.3938
aus,2008,2.3108
aus,2009,2.2210
aus,2010,2.1227
aus,2011,2.0175
aus,2012,1.9083
aus,2013,1.7968
aus,2014,1.6907
aus,2015,1.6010
aus,2016,1.5357
aus,2017,1.4923
aus,2018,1.4637
aus,2019,1.4455
aus,2020,1.4304
aus,2021,1.4167
aus,2022,1.4002
aus,2023,1.3800
aus,2024,1.3572
aut,1956,26.371
aut,1957,25.135
aut,1958,24.006
aut,1959,22.752
aut,1960,21.328
aut,1961,19.690
aut,1962,17.958
aut,1963,16.286
aut,1964,14.909
aut,1965,13.828
aut,1966,12.877
aut,1967,12.086
aut,1968,11.493
aut,1969,11.066
aut,1970,10.724
aut,1971,10.391
aut,1972,10.025
aut,1973,9.6203
aut,1974,9.1813
aut,1975,8.7364
aut,1976,8.3011
aut,1977,7.9476
aut,1978,7.7440
aut,1979,7.6792
aut,1980,7.6173
aut,1981,7.4369
aut,1982,7.1686
aut,1983,6.8863
aut,1984,6.6210
aut,1985,6.3617
aut,1986,6.0776
aut,1987,5.7992
aut,1988,5.5583
aut,1989,5.3521
aut,1990,5.1531
aut,1991,4.9368
aut,1992,4.6824
aut,1993,4.3716
aut,1994,4.0110
aut,1995,3.6405
aut,1996,3.2935
aut,1997,2.9982
aut,1998,2.7729
aut,1999,2.6199
aut,2000,2.5127
aut,2001,2.4276
aut,2002,2.3521
aut,2003,2.2815
aut,2004,2.2052
aut,2005,2.1309
aut,2006,2.0652
aut,2007,2.0118
aut,2008,1.9680
aut,2009,1.9358
aut,2010,1.8939
aut,2011,1.8317
aut,2012,1.7465
aut,2013,1.6550
aut,2014,1.5696
aut,2015,1.4972
aut,2016,1.4466
aut,2017,1.4135
aut,2018,1.3811
aut,2019,1.3430
aut,2020,1.3003
aut,2021,1.2561
aut,2022,1.2096
aut,2023,1.1683
aut,2024,1.1318
aze,1984,79.101
aze,1985,77.025
aze,1986,75.223
aze,1987,73.418
aze,1988,71.636
aze,1989,69.859
aze,1990,68.255
aze,1991,66.773
aze,1992,65.569
aze,1993,64.261
aze,1994,62.954
aze,1995,61.338
aze,1996,59.121
aze,1997,56.287
aze,1998,52.882
aze,1999,49.069
aze,2000,45.157
aze,2001,41.091
aze,2002,37.271
aze,2003,33.626
aze,2004,30.454
aze,2005,27.740
aze,2006,25.433
aze,2007,23.294
aze,2008,21.385
aze,2009,19.719
aze,2010,18.206
aze,2011,16.789
aze,2012,15.621
aze,2013,14.692
aze,2014,13.759
aze,2015,12.904
aze,2016,12.039
aze,2017,11.135
aze,2018,10.227
aze,2019,9.3009
aze,2020,8.4175
aze,2021,7.5991
aze,2022,6.9414
aze,2023,6.3131
aze,2024,5.8348
bdi,1966,203.74
bdi,1967,205.67
bdi,1968,207.78
bdi,1969,209.53
bdi,1970,210.85
bdi,1971,211.70
bdi,1972,212.21
bdi,1973,282.30
bdi,1974,213.07
bdi,1975,213.14
bdi,1976,212.81
bdi,1977,211.42
bdi,1978,208.29
bdi,1979,203.20
bdi,1980,195.99
bdi,1981,187.25
bdi,1982,177.32
bdi,1983,166.93
bdi,1984,156.91
bdi,1985,148.16
bdi,1986,141.58
bdi,1987,137.15
bdi,1988,134.82
bdi,1989,134.28
bdi,1990,134.81
bdi,1991,135.84
bdi,1992,137.15
bdi,1993,138.21
bdi,1994,161.86
bdi,1995,138.60
bdi,1996,137.79
bdi,1997,136.22
bdi,1998,133.74
bdi,1999,130.30
bdi,2000,126.14
bdi,2001,121.57
bdi,2002,116.70
bdi,2003,111.57
bdi,2004,106.35
bdi,2005,100.51
bdi,2006,94.178
bdi,2007,87.515
bdi,2008,81.146
bdi,2009,75.024
bdi,2010,69.540
bdi,2011,64.545
bdi,2012,59.783
bdi,2013,55.489
bdi,2014,51.508
bdi,2015,48.063
bdi,2016,44.956
bdi,2017,42.347
bdi,2018,39.964
bdi,2019,37.966
bdi,2020,36.029
bdi,2021,34.423
bdi,2022,32.838
bdi,2023,31.409
bdi,2024,30.196
bel,1961,14.180
bel,1962,13.876
bel,1963,13.555
bel,1964,13.015
bel,1965,12.298
bel,1966,11.552
bel,1967,10.925
bel,1968,10.504
bel,1969,10.357
bel,1970,10.311
bel,1971,10.112
bel,1972,9.6183
bel,1973,8.9487
bel,1974,8.2279
bel,1975,7.6334
bel,1976,7.2873
bel,1977,7.2078
bel,1978,7.2417
bel,1979,7.2273
bel,1980,7.1287
bel,1981,6.9604
bel,1982,6.7494
bel,1983,6.5457
bel,1984,6.3757
bel,1985,6.2289
bel,1986,6.0893
bel,1987,5.9407
bel,1988,5.8008
bel,1989,5.6787
bel,1990,5.5588
bel,1991,5.4294
bel,1992,5.2639
bel,1993,5.0223
bel,1994,4.6769
bel,1995,4.2713
bel,1996,3.8719
bel,1997,3.5181
bel,1998,3.2466
bel,1999,3.0806
bel,2000,2.9804
bel,2001,2.8995
bel,2002,2.8074
bel,2003,2.7043
bel,2004,2.5961
bel,2005,2.4921
bel,2006,2.4014
bel,2007,2.3320
bel,2008,2.2767
bel,2009,2.2268
bel,2010,2.1821
bel,2011,2.1358
bel,2012,2.0826
bel,2013,2.0188
bel,2014,1.9475
bel,2015,1.8744
bel,2016,1.8145
bel,2017,1.7688
bel,2018,1.7294
bel,2019,1.6872
bel,2020,1.6416
bel,2021,1.6019
bel,2022,1.5686
bel,2023,1.5414
bel,2024,1.5069
ben,1959,273.89
ben,1960,269.36
ben,1961,264.67
ben,1962,259.71
ben,1963,254.58
ben,1964,249.03
ben,1965,243.51
ben,1966,238.32
ben,1967,233.17
ben,1968,228.44
ben,1969,223.92
ben,1970,219.50
ben,1971,215.20
ben,1972,211.06
ben,1973,206.54
ben,1974,201.98
ben,1975,197.07
ben,1976,192.08
ben,1977,187.01
ben,1978,182.07
ben,1979,177.36
ben,1980,173.02
ben,1981,168.91
ben,1982,165.16
ben,1983,161.55
ben,1984,158.07
ben,1985,154.53
ben,1986,151.03
ben,1987,147.45
ben,1988,143.92
ben,1989,140.43
ben,1990,136.88
ben,1991,133.24
ben,1992,129.56
ben,1993,125.95
ben,1994,122.26
ben,1995,118.84
ben,1996,115.53
ben,1997,112.45
ben,1998,109.58
ben,1999,106.73
ben,2000,103.92
ben,2001,101.20
ben,2002,98.442
ben,2003,95.769
ben,2004,93.151
ben,2005,90.622
ben,2006,88.116
ben,2007,85.719
ben,2008,83.481
ben,2009,81.299
ben,2010,79.215
ben,2011,77.177
ben,2012,75.291
ben,2013,73.328
ben,2014,71.371
ben,2015,69.463
ben,2016,67.523
ben,2017,65.704
ben,2018,63.780
ben,2019,61.872
ben,2020,59.806
ben,2021,57.729
ben,2022,55.660
ben,2023,53.422
ben,2024,51.338
bfa,1970,265.47
bfa,1971,262.27
bfa,1972,258.76
bfa,1973,253.78
bfa,1974,247.38
bfa,1975,239.54
bfa,1976,230.65
bfa,1977,221.00
bfa,1978,211.93
bfa,1979,203.68
bfa,1980,196.61
bfa,1981,190.58
bfa,1982,185.50
bfa,1983,181.10
bfa,1984,177.22
bfa,1985,173.71
bfa,1986,170.46
bfa,1987,167.30
bfa,1988,164.60
bfa,1989,162.32
bfa,1990,160.74
bfa,1991,159.97
bfa,1992,159.80
bfa,1993,159.84
bfa,1994,159.75
bfa,1995,159.13
bfa,1996,157.79
bfa,1997,155.56
bfa,1998,152.81
bfa,1999,149.74
bfa,2000,146.61
bfa,2001,143.47
bfa,2002,139.82
bfa,2003,135.68
bfa,2004,131.22
bfa,2005,126.27
bfa,2006,120.79
bfa,2007,115.05
bfa,2008,109.13
bfa,2009,103.49
bfa,2010,98.146
bfa,2011,93.329
bfa,2012,89.089
bfa,2013,85.210
bfa,2014,81.568
bfa,2015,78.122
bfa,2016,74.887
bfa,2017,71.799
bfa,2018,68.796
bfa,2019,66.159
bfa,2020,63.580
bfa,2021,60.924
bfa,2022,58.536
bfa,2023,56.357
bfa,2024,54.130
bgd,1953,236.49
bgd,1954,227.44
bgd,1955,218.77
bgd,1956,210.77
bgd,1957,203.20
bgd,1958,196.28
bgd,1959,189.71
bgd,1960,183.41
bgd,1961,177.44
bgd,1962,171.76
bgd,1963,166.43
bgd,1964,161.52
bgd,1965,157.15
bgd,1966,153.71
bgd,1967,150.94
bgd,1968,149.12
bgd,1969,147.91
bgd,1970,147.35
bgd,1971,195.07
bgd,1972,299.50
bgd,1973,147.62
bgd,1974,147.14
bgd,1975,146.00
bgd,1976,144.25
bgd,1977,141.92
bgd,1978,138.88
bgd,1979,135.43
bgd,1980,131.75
bgd,1981,128.15
bgd,1982,124.68
bgd,1983,121.19
bgd,1984,117.65
bgd,1985,113.78
bgd,1986,109.49
bgd,1987,104.87
bgd,1988,100.06
bgd,1989,95.280
bgd,1990,90.631
bgd,1991,86.141
bgd,1992,81.833
bgd,1993,77.525
bgd,1994,73.234
bgd,1995,69.009
bgd,1996,64.817
bgd,1997,60.672
bgd,1998,56.428
bgd,1999,52.107
bgd,2000,47.952
bgd,2001,44.093
bgd,2002,40.559
bgd,2003,37.345
bgd,2004,34.378
bgd,2005,31.705
bgd,2006,29.291
bgd,2007,27.164
bgd,2008,25.234
bgd,2009,23.479
bgd,2010,21.953
bgd,2011,20.658
bgd,2012,19.530
bgd,2013,18.480
bgd,2014,17.467
bgd,2015,16.483
bgd,2016,15.571
bgd,2017,14.745
bgd,2018,14.201
bgd,2019,13.738
bgd,2020,13.364
bgd,2021,13.118
bgd,2022,12.951
bgd,2023,12.859
bgd,2024,12.841
bgr,1965,24.114
bgr,1966,23.270
bgr,1967,22.938
bgr,1968,22.503
bgr,1969,21.690
bgr,1970,20.570
bgr,1971,19.300
bgr,1972,18.038
bgr,1973,16.897
bgr,1974,16.004
bgr,1975,15.510
bgr,1976,15.540
bgr,1977,15.756
bgr,1978,15.656
bgr,1979,15.013
bgr,1980,14.195
bgr,1981,13.506
bgr,1982,13.014
bgr,1983,12.664
bgr,1984,12.375
bgr,1985,11.981
bgr,1986,11.357
bgr,1987,10.702
bgr,1988,10.287
bgr,1989,10.233
bgr,1990,10.357
bgr,1991,10.482
bgr,1992,10.544
bgr,1993,10.551
bgr,1994,10.562
bgr,1995,10.646
bgr,1996,10.880
bgr,1997,11.116
bgr,1998,11.093
bgr,1999,10.707
bgr,2000,10.169
bgr,2001,9.6789
bgr,2002,9.2482
bgr,2003,8.8111
bgr,2004,8.3420
bgr,2005,7.8534
bgr,2006,7.3762
bgr,2007,6.9303
bgr,2008,6.5637
bgr,2009,6.2698
bgr,2010,6.0200
bgr,2011,5.7790
bgr,2012,5.5110
bgr,2013,5.1917
bgr,2014,4.8125
bgr,2015,4.4397
bgr,2016,4.1076
bgr,2017,3.8408
bgr,2018,3.6472
bgr,2019,3.5280
bgr,2020,3.4746
bgr,2021,3.4667
bgr,2022,3.4803
bgr,2023,3.4942
bgr,2024,3.4956
bhr,1972,41.241
bhr,1973,36.383
bhr,1974,32.250
bhr,1975,28.641
bhr,1976,25.439
bhr,1977,22.644
bhr,1978,20.034
bhr,1979,17.680
bhr,1980,15.732
bhr,1981,14.129
bhr,1982,12.661
bhr,1983,11.292
bhr,1984,10.068
bhr,1985,9.0460
bhr,1986,8.2747
bhr,1987,7.7638
bhr,1988,7.4809
bhr,1989,7.4034
bhr,1990,7.5341
bhr,1991,7.8145
bhr,1992,8.1629
bhr,1993,8.4803
bhr,1994,8.6394
bhr,1995,8.6596
bhr,1996,8.5460
bhr,1997,8.3448
bhr,1998,8.1035
bhr,1999,7.8895
bhr,2000,7.6971
bhr,2001,7.5573
bhr,2002,7.4543
bhr,2003,7.3755
bhr,2004,7.3007
bhr,2005,7.2033
bhr,2006,7.0530
bhr,2007,6.8379
bhr,2008,6.5477
bhr,2009,6.1995
bhr,2010,5.8220
bhr,2011,5.4658
bhr,2012,5.1427
bhr,2013,4.8746
bhr,2014,4.6658
bhr,2015,4.4908
bhr,2016,4.3279
bhr,2017,4.1762
bhr,2018,4.0428
bhr,2019,3.9434
bhr,2020,3.8867
bhr,2021,3.8956
bhr,2022,3.9684
bhr,2023,4.0800
bhr,2024,4.2099
bhs,1970,9.1067
bhs,1971,9.5323
bhs,1972,9.9244
bhs,1973,10.064
bhs,1974,10.045
bhs,1975,9.8980
bhs,1976,9.7738
bhs,1977,9.7649
bhs,1978,9.9956
bhs,1979,10.403
bhs,1980,10.834
bhs,1981,11.218
bhs,1982,11.467
bhs,1983,11.580
bhs,1984,11.533
bhs,1985,11.424
bhs,1986,11.284
bhs,1987,11.081
bhs,1988,10.814
bhs,1989,10.521
bhs,1990,10.244
bhs,1991,10.028
bhs,1992,9.8146
bhs,1993,9.6453
bhs,1994,9.4846
bhs,1995,9.2877
bhs,1996,9.1047
bhs,1997,8.8920
bhs,1998,8.7304
bhs,1999,8.5896
bhs,2000,8.4848
bhs,2001,8.4013
bhs,2002,8.3526
bhs,2003,8.3583
bhs,2004,8.3732
bhs,2005,8.3465
bhs,2006,8.2527
bhs,2007,8.0914
bhs,2008,7.8956
bhs,2009,7.6742
bhs,2010,7.4381
bhs,2011,7.1977
bhs,2012,6.9401
bhs,2013,6.6283
bhs,2014,6.2515
bhs,2015,5.8300
bhs,2016,5.3502
bhs,2017,4.8914
bhs,2018,4.5065
bhs,2019,4.1994
bhs,2020,13.968
bhs,2021,3.8067
bhs,2022,3.7079
bhs,2023,3.6406
bhs,2024,3.5670
bih,1986,11.734
bih,1987,10.930
bih,1988,10.127
bih,1989,9.2082
bih,1990,8.0926
bih,1991,6.9378
bih,1992,5.9554
bih,1993,47.064
bih,1994,48.316
bih,1995,4.3715
bih,1996,10.258
bih,1997,3.8738
bih,1998,3.6503
bih,1999,3.4216
bih,2000,3.2152
bih,2001,3.0078
bih,2002,2.7908
bih,2003,2.5618
bih,2004,2.3758
bih,2005,2.2542
bih,2006,2.1870
bih,2007,2.1382
bih,2008,2.0861
bih,2009,2.0254
bih,2010,1.9607
bih,2011,1.8971
bih,2012,1.8480
bih,2013,1.8209
bih,2014,1.8188
bih,2015,1.8428
bih,2016,1.8918
bih,2017,1.9574
bih,2018,2.0178
bih,2019,2.0334
bih,2020,1.9798
bih,2021,1.8747
bih,2022,1.7499
bih,2023,1.6355
bih,2024,1.5450
blr,1990,5.2505
blr,1991,5.2585
blr,1992,5.3783
blr,1993,5.5737
blr,1994,5.8047
blr,1995,6.0568
blr,1996,6.2835
blr,1997,6.5053
blr,1998,6.7475
blr,1999,7.0690
blr,2000,7.4072
blr,2001,7.5822
blr,2002,7.4558
blr,2003,7.0913
blr,2004,6.5997
blr,2005,6.0708
blr,2006,5.5659
blr,2007,5.1285
blr,2008,4.7497
blr,2009,4.4156
blr,2010,4.1067
blr,2011,3.8040
blr,2012,3.4862
blr,2013,3.1717
blr,2014,2.9006
blr,2015,2.6872
blr,2016,2.5183
blr,2017,2.3759
blr,2018,2.2532
blr,2019,2.1458
blr,2020,2.0512
blr,2021,1.9557
blr,2022,1.8570
blr,2023,1.7593
blr,2024,1.6712
blz,1969,74.731
blz,1970,70.770
blz,1971,66.848
blz,1972,63.375
blz,1973,59.874
blz,1974,56.568
blz,1975,53.561
blz,1976,50.718
blz,1977,48.004
blz,1978,45.608
blz,1979,43.387
blz,1980,41.343
blz,1981,39.521
blz,1982,37.855
blz,1983,36.050
blz,1984,34.298
blz,1985,32.486
blz,1986,30.575
blz,1987,28.611
blz,1988,26.607
blz,1989,24.605
blz,1990,22.777
blz,1991,20.955
blz,1992,19.285
blz,1993,18.124
blz,1994,17.142
blz,1995,16.266
blz,1996,15.480
blz,1997,14.793
blz,1998,14.167
blz,1999,13.590
blz,2000,13.034
blz,2001,12.497
blz,2002,12.003
blz,2003,11.616
blz,2004,11.347
blz,2005,11.171
blz,2006,11.074
blz,2007,10.918
blz,2008,10.622
blz,2009,10.088
blz,2010,9.3705
blz,2011,8.4997
blz,2012,7.6038
blz,2013,6.7954
blz,2014,6.1499
blz,2015,5.6270
blz,2016,5.2050
blz,2017,4.8376
blz,2018,4.5086
blz,2019,4.1956
blz,2020,3.9263
blz,2021,3.7011
blz,2022,3.5569
blz,2023,3.4893
blz,2024,3.4821
bol,1967,197.07
bol,1968,192.24
bol,1969,187.22
bol,1970,182.28
bol,1971,177.31
bol,1972,171.98
bol,1973,166.49
bol,1974,160.90
bol,1975,155.10
bol,1976,149.50
bol,1977,144.03
bol,1978,138.76
bol,1979,133.96
bol,1980,129.48
bol,1981,125.21
bol,1982,121.10
bol,1983,117.03
bol,1984,113.02
bol,1985,109.02
bol,1986,105.00
bol,1987,101.00
bol,1988,96.789
bol,1989,92.540
bol,1990,88.293
bol,1991,84.126
bol,1992,80.222
bol,1993,76.263
bol,1994,72.371
bol,1995,68.542
bol,1996,64.861
bol,1997,61.291
bol,1998,57.828
bol,1999,54.398
bol,2000,50.969
bol,2001,47.469
bol,2002,43.940
bol,2003,40.483
bol,2004,37.101
bol,2005,33.904
bol,2006,30.951
bol,2007,28.288
bol,2008,25.931
bol,2009,23.878
bol,2010,22.092
bol,2011,20.524
bol,2012,19.120
bol,2013,17.780
bol,2014,16.771
bol,2015,15.939
bol,2016,15.115
bol,2017,14.386
bol,2018,13.768
bol,2019,13.196
bol,2020,12.683
bol,2021,12.205
bol,2022,11.773
bol,2023,11.378
bol,2024,10.995
bra,1964,112.15
bra,1965,108.38
bra,1966,104.81
bra,1967,101.44
bra,1968,98.245
bra,1969,95.298
bra,1970,92.420
bra,1971,89.610
bra,1972,87.003
bra,1973,84.343
bra,1974,81.837
bra,1975,79.684
bra,1976,77.520
bra,1977,75.172
bra,1978,72.536
bra,1979,69.610
bra,1980,66.356
bra,1981,62.888
bra,1982,59.433
bra,1983,56.215
bra,1984,53.198
bra,1985,50.524
bra,1986,48.190
bra,1987,46.134
bra,1988,44.292
bra,1989,42.503
bra,1990,40.695
bra,1991,38.793
bra,1992,36.793
bra,1993,34.557
bra,1994,32.182
bra,1995,29.623
bra,1996,27.012
bra,1997,24.507
bra,1998,22.161
bra,1999,20.010
bra,2000,18.079
bra,2001,16.624
bra,2002,15.248
bra,2003,14.039
bra,2004,12.899
bra,2005,11.836
bra,2006,10.879
bra,2007,10.008
bra,2008,9.2499
bra,2009,8.5971
bra,2010,8.0374
bra,2011,7.5987
bra,2012,7.2617
bra,2013,7.0241
bra,2014,6.8344
bra,2015,6.6624
bra,2016,6.5055
bra,2017,6.8013
bra,2018,6.2772
bra,2019,6.1258
bra,2020,5.9139
bra,2021,5.7500
bra,2022,5.8854
bra,2023,6.3537
bra,2024,6.8844
brb,1969,22.395
brb,1970,21.271
brb,1971,20.171
brb,1972,18.971
brb,1973,17.638
brb,1974,16.229
brb,1975,14.900
brb,1976,13.690
brb,1977,12.863
brb,1978,12.115
brb,1979,11.369
brb,1980,10.654
brb,1981,9.9527
brb,1982,9.3299
brb,1983,8.7734
brb,1984,8.2562
brb,1985,7.7890
brb,1986,7.3455
brb,1987,6.9699
brb,1988,6.7212
brb,1989,6.5588
brb,1990,6.4602
brb,1991,6.3814
brb,1992,6.2617
brb,1993,6.0710
brb,1994,5.8625
brb,1995,5.6383
brb,1996,5.4686
brb,1997,5.3556
brb,1998,5.3079
brb,1999,5.3087
brb,2000,5.3646
brb,2001,5.4437
brb,2002,5.4992
brb,2003,5.5095
brb,2004,5.4507
brb,2005,5.3154
brb,2006,5.1121
brb,2007,4.8896
brb,2008,4.6952
brb,2009,4.5475
brb,2010,4.4287
brb,2011,4.3566
brb,2012,4.2942
brb,2013,4.2604
brb,2014,4.2296
brb,2015,4.1593
brb,2016,4.0843
brb,2017,3.9804
brb,2018,3.8636
brb,2019,3.7576
brb,2020,3.6329
brb,2021,3.5279
brb,2022,3.4155
brb,2023,3.3199
brb,2024,3.1904
brn,1990,7.4566
brn,1991,7.3793
brn,1992,7.3518
brn,1993,7.3374
brn,1994,7.2767
brn,1995,7.1522
brn,1996,6.9525
brn,1997,6.6916
brn,1998,6.3838
brn,1999,6.0501
brn,2000,5.7025
brn,2001,5.3628
brn,2002,5.0455
brn,2003,4.7800
brn,2004,4.5965
brn,2005,4.5190
brn,2006,4.5150
brn,2007,4.5552
brn,2008,4.6204
brn,2009,4.6953
brn,2010,4.7663
brn,2011,4.8554
brn,2012,4.9554
brn,2013,5.0455
brn,2014,5.0950
brn,2015,5.0823
brn,2016,5.0143
brn,2017,4.9346
brn,2018,4.8298
brn,2019,4.7356
brn,2020,4.6681
brn,2021,4.6053
brn,2022,4.5735
brn,2023,4.5293
brn,2024,4.4788
btn,1990,94.765
btn,1991,89.576
btn,1992,84.767
btn,1993,80.375
btn,1994,76.023
btn,1995,71.745
btn,1996,67.512
btn,1997,63.425
btn,1998,59.427
btn,1999,55.372
btn,2000,51.588
btn,2001,47.913
btn,2002,44.248
btn,2003,40.765
btn,2004,37.372
btn,2005,34.128
btn,2006,31.008
btn,2007,28.093
btn,2008,25.408
btn,2009,23.023
btn,2010,20.918
btn,2011,19.029
btn,2012,17.365
btn,2013,16.228
btn,2014,15.340
btn,2015,14.608
btn,2016,14.023
btn,2017,13.486
btn,2018,12.996
btn,2019,12.461
btn,2020,12.032
btn,2021,11.564
btn,2022,11.207
btn,2023,10.832
btn,2024,10.531
bwa,1966,108.69
bwa,1967,105.14
bwa,1968,101.95
bwa,1969,98.820
bwa,1970,95.439
bwa,1971,91.667
bwa,1972,87.338
bwa,1973,82.811
bwa,1974,78.274
bwa,1975,73.641
bwa,1976,68.667
bwa,1977,63.284
bwa,1978,57.868
bwa,1979,52.667
bwa,1980,47.824
bwa,1981,43.404
bwa,1982,39.119
bwa,1983,35.361
bwa,1984,32.177
bwa,1985,29.612
bwa,1986,27.333
bwa,1987,25.709
bwa,1988,24.812
bwa,1989,24.908
bwa,1990,26.309
bwa,1991,29.650
bwa,1992,34.436
bwa,1993,40.369
bwa,1994,46.983
bwa,1995,53.701
bwa,1996,55.118
bwa,1997,59.762
bwa,1998,63.207
bwa,1999,65.696
bwa,2000,69.205
bwa,2001,70.879
bwa,2002,70.241
bwa,2003,67.828
bwa,2004,64.845
bwa,2005,60.955
bwa,2006,53.049
bwa,2007,45.184
bwa,2008,41.218
bwa,2009,39.028
bwa,2010,35.748
bwa,2011,33.299
bwa,2012,34.009
bwa,2013,30.466
bwa,2014,27.945
bwa,2015,28.191
bwa,2016,26.937
bwa,2017,26.213
bwa,2018,23.991
bwa,2019,23.666
bwa,2020,23.112
bwa,2021,22.291
bwa,2022,20.844
bwa,2023,19.841
bwa,2024,19.086
caf,1972,173.33
caf,1973,168.95
caf,1974,164.74
caf,1975,160.70
caf,1976,156.97
caf,1977,153.62
caf,1978,150.41
caf,1979,147.53
caf,1980,144.73
caf,1981,142.30
caf,1982,140.12
caf,1983,138.20
caf,1984,136.60
caf,1985,135.21
caf,1986,134.13
caf,1987,133.53
caf,1988,133.21
caf,1989,133.22
caf,1990,133.33
caf,1991,133.66
caf,1992,133.80
caf,1993,133.94
caf,1994,134.01
caf,1995,133.89
caf,1996,133.71
caf,1997,133.23
caf,1998,132.55
caf,1999,131.49
caf,2000,129.95
caf,2001,128.09
caf,2002,125.80
caf,2003,122.91
caf,2004,119.87
caf,2005,116.66
caf,2006,113.27
caf,2007,109.13
caf,2008,105.41
caf,2009,101.97
caf,2010,455.68
caf,2011,116.97
caf,2012,93.052
caf,2013,90.214
caf,2014,102.01
caf,2015,152.36
caf,2016,82.769
caf,2017,95.224
caf,2018,122.30
caf,2019,89.378
caf,2020,215.63
caf,2021,93.093
caf,2022,142.94
caf,2023,364.41
caf,2024,63.434
can,1970,9.1907
can,1971,8.8565
can,1972,8.5719
can,1973,8.3408
can,1974,8.1356
can,1975,7.9371
can,1976,7.6846
can,1977,7.3194
can,1978,6.8539
can,1979,6.4049
can,1980,6.0673
can,1981,5.8114
can,1982,5.5585
can,1983,5.2807
can,1984,5.0146
can,1985,4.7978
can,1986,4.6324
can,1987,4.5053
can,1988,4.3954
can,1989,4.2742
can,1990,4.1097
can,1991,3.9091
can,1992,3.7036
can,1993,3.5048
can,1994,3.3012
can,1995,3.0887
can,1996,2.8928
can,1997,2.7478
can,1998,2.6637
can,1999,2.6084
can,2000,2.5524
can,2001,2.4821
can,2002,2.3994
can,2003,2.3104
can,2004,2.2399
can,2005,2.2061
can,2006,2.1995
can,2007,2.1909
can,2008,2.1607
can,2009,2.1145
can,2010,2.0514
can,2011,1.9869
can,2012,1.9312
can,2013,1.8922
can,2014,1.8632
can,2015,1.8385
can,2016,1.8148
can,2017,1.7915
can,2018,1.7669
can,2019,1.7432
can,2020,1.7172
can,2021,1.6961
can,2022,1.6838
can,2023,1.6835
can,2024,1.6815
che,1956,13.106
che,1957,12.303
che,1958,11.572
che,1959,11.009
che,1960,10.607
che,1961,10.366
che,1962,10.205
che,1963,9.9875
che,1964,9.6245
che,1965,9.1462
che,1966,8.5859
che,1967,8.0742
che,1968,7.7743
che,1969,7.7106
che,1970,7.7506
che,1971,7.7565
che,1972,7.6584
che,1973,7.4141
che,1974,7.0468
che,1975,6.6208
che,1976,6.2076
che,1977,5.8343
che,1978,5.5120
che,1979,5.2439
che,1980,5.0380
che,1981,4.8887
che,1982,4.7850
che,1983,4.7300
che,1984,4.7001
che,1985,4.6731
che,1986,4.6339
che,1987,4.5835
che,1988,4.5350
che,1989,4.4864
che,1990,4.4128
che,1991,4.2811
che,1992,4.0822
che,1993,3.8285
che,1994,3.5369
che,1995,3.2439
che,1996,2.9753
che,1997,2.7456
che,1998,2.5572
che,1999,2.4059
che,2000,2.2834
che,2001,2.1826
che,2002,2.0977
che,2003,2.0264
che,2004,1.9557
che,2005,1.8817
che,2006,1.7923
che,2007,1.6872
che,2008,1.5898
che,2009,1.5091
che,2010,1.4491
che,2011,1.4136
che,2012,1.3963
che,2013,1.3798
che,2014,1.3606
che,2015,1.3399
che,2016,1.3152
che,2017,1.2909
che,2018,1.2635
che,2019,1.2348
che,2020,1.2049
che,2021,1.1772
che,2022,1.1528
che,2023,1.1337
che,2024,1.1235
chl,1969,54.672
chl,1970,53.412
chl,1971,52.126
chl,1972,50.754
chl,1973,49.857
chl,1974,49.122
chl,1975,46.653
chl,1976,41.233
chl,1977,34.286
chl,1978,27.837
chl,1979,22.805
chl,1980,19.257
chl,1981,17.526
chl,1982,16.373
chl,1983,15.317
chl,1984,14.223
chl,1985,13.375
chl,1986,12.988
chl,1987,12.868
chl,1988,12.641
chl,1989,12.086
chl,1990,11.351
chl,1991,10.566
chl,1992,9.7471
chl,1993,8.8703
chl,1994,7.9824
chl,1995,7.2047
chl,1996,6.6247
chl,1997,6.2271
chl,1998,5.9467
chl,1999,5.7285
chl,2000,5.5011
chl,2001,5.2146
chl,2002,4.8753
chl,2003,4.5343
chl,2004,4.2134
chl,2005,3.9208
chl,2006,3.6733
chl,2007,3.5133
chl,2008,3.4762
chl,2009,3.5403
chl,2010,3.5770
chl,2011,3.4554
chl,2012,3.2433
chl,2013,3.0848
chl,2014,3.0230
chl,2015,2.9358
chl,2016,2.7105
chl,2017,2.4318
chl,2018,2.2705
chl,2019,2.2761
chl,2020,2.2937
chl,2021,2.2365
chl,2022,2.2223
chl,2023,2.3294
chl,2024,2.5437
chn,1990,24.951
chn,1991,24.740
chn,1992,24.376
chn,1993,23.759
chn,1994,22.968
chn,1995,22.146
chn,1996,21.266
chn,1997,20.414
chn,1998,19.465
chn,1999,18.350
chn,2000,17.053
chn,2001,15.671
chn,2002,14.502
chn,2003,13.331
chn,2004,12.211
chn,2005,11.188
chn,2006,10.305
chn,2007,9.5555
chn,2008,8.9226
chn,2009,8.3801
chn,2010,7.9176
chn,2011,7.4538
chn,2012,7.0003
chn,2013,6.5705
chn,2014,6.1499
chn,2015,5.7593
chn,2016,5.4155
chn,2017,5.0978
chn,2018,4.8126
chn,2019,4.5473
chn,2020,4.2995
chn,2021,4.0541
chn,2022,3.8191
chn,2023,3.5887
chn,2024,3.3735
civ,1958,278.05
civ,1959,269.81
civ,1960,261.54
civ,1961,253.32
civ,1962,245.88
civ,1963,238.55
civ,1964,230.99
civ,1965,223.51
civ,1966,216.39
civ,1967,209.18
civ,1968,202.08
civ,1969,195.17
civ,1970,188.60
civ,1971,182.02
civ,1972,175.38
civ,1973,168.49
civ,1974,161.61
civ,1975,154.49
civ,1976,147.37
civ,1977,140.63
civ,1978,134.23
civ,1979,128.42
civ,1980,123.43
civ,1981,119.42
civ,1982,115.80
civ,1983,112.91
civ,1984,110.64
civ,1985,109.03
civ,1986,108.06
civ,1987,107.75
civ,1988,108.01
civ,1989,108.53
civ,1990,109.59
civ,1991,110.80
civ,1992,111.94
civ,1993,112.59
civ,1994,112.91
civ,1995,112.83
civ,1996,112.45
civ,1997,111.81
civ,1998,110.57
civ,1999,108.89
civ,2000,106.65
civ,2001,103.93
civ,2002,100.81
civ,2003,97.456
civ,2004,93.941
civ,2005,90.364
civ,2006,86.548
civ,2007,83.062
civ,2008,79.553
civ,2009,75.487
civ,2010,72.261
civ,2011,69.062
civ,2012,66.506
civ,2013,63.920
civ,2014,61.077
civ,2015,58.104
civ,2016,55.456
civ,2017,53.313
civ,2018,51.346
civ,2019,49.198
civ,2020,47.039
civ,2021,45.323
civ,2022,43.431
civ,2023,41.670
civ,2024,40.053
cmr,1956,267.56
cmr,1957,257.12
cmr,1958,247.25
cmr,1959,238.43
cmr,1960,230.43
cmr,1961,223.79
cmr,1962,218.38
cmr,1963,213.74
cmr,1964,209.63
cmr,1965,205.23
cmr,1966,200.01
cmr,1967,194.01
cmr,1968,187.04
cmr,1969,179.20
cmr,1970,171.34
cmr,1971,163.83
cmr,1972,157.46
cmr,1973,152.39
cmr,1974,148.78
cmr,1975,146.50
cmr,1976,145.13
cmr,1977,144.07
cmr,1978,142.84
cmr,1979,140.99
cmr,1980,138.14
cmr,1981,134.58
cmr,1982,130.07
cmr,1983,124.85
cmr,1984,119.34
cmr,1985,114.05
cmr,1986,109.23
cmr,1987,105.32
cmr,1988,102.25
cmr,1989,100.39
cmr,1990,99.787
cmr,1991,100.42
cmr,1992,102.20
cmr,1993,104.56
cmr,1994,107.18
cmr,1995,109.79
cmr,1996,112.09
cmr,1997,113.70
cmr,1998,114.74
cmr,1999,114.92
cmr,2000,114.30
cmr,2001,112.83
cmr,2002,110.47
cmr,2003,107.54
cmr,2004,104.34
cmr,2005,101.07
cmr,2006,97.994
cmr,2007,94.665
cmr,2008,91.451
cmr,2009,88.077
cmr,2010,84.851
cmr,2011,80.778
cmr,2012,76.810
cmr,2013,72.774
cmr,2014,68.698
cmr,2015,64.848
cmr,2016,61.090
cmr,2017,58.207
cmr,2018,55.552
cmr,2019,53.253
cmr,2020,51.269
cmr,2021,49.177
cmr,2022,47.144
cmr,2023,44.993
cmr,2024,43.111
cod,1985,162.90
cod,1986,160.50
cod,1987,158.35
cod,1988,156.19
cod,1989,154.16
cod,1990,152.07
cod,1991,149.97
cod,1992,147.92
cod,1993,146.09
cod,1994,144.09
cod,1995,142.33
cod,1996,140.43
cod,1997,138.33
cod,1998,135.91
cod,1999,132.95
cod,2000,129.53
cod,2001,125.70
cod,2002,121.51
cod,2003,117.02
cod,2004,112.53
cod,2005,108.01
cod,2006,103.63
cod,2007,99.374
cod,2008,95.335
cod,2009,91.300
cod,2010,87.422
cod,2011,83.879
cod,2012,80.496
cod,2013,77.320
cod,2014,74.273
cod,2015,71.113
cod,2016,68.137
cod,2017,65.281
cod,2018,62.659
cod,2019,59.959
cod,2020,57.644
cod,2021,55.276
cod,2022,53.132
cod,2023,51.137
cod,2024,49.087
cog,1983,74.659
cog,1984,72.336
cog,1985,69.936
cog,1986,67.860
cog,1987,66.216
cog,1988,65.051
cog,1989,64.503
cog,1990,64.629
cog,1991,65.639
cog,1992,67.158
cog,1993,69.238
cog,1994,71.854
cog,1995,74.683
cog,1996,77.886
cog,1997,80.985
cog,1998,83.941
cog,1999,85.968
cog,2000,86.669
cog,2001,85.687
cog,2002,83.036
cog,2003,78.939
cog,2004,73.655
cog,2005,67.770
cog,2006,61.732
cog,2007,56.080
cog,2008,51.008
cog,2009,46.809
cog,2010,43.368
cog,2011,40.822
cog,2012,38.809
cog,2013,37.122
cog,2014,35.646
cog,2015,34.161
cog,2016,32.632
cog,2017,31.254
cog,2018,29.960
cog,2019,28.755
cog,2020,33.811
cog,2021,26.474
cog,2022,25.395
cog,2023,24.288
cog,2024,23.255
cok,1990,11.165
cok,1991,11.113
cok,1992,11.088
cok,1993,11.035
cok,1994,10.960
cok,1995,10.799
cok,1996,10.567
cok,1997,10.278
cok,1998,9.9146
cok,1999,9.4963
cok,2000,9.1141
cok,2001,8.7429
cok,2002,8.3957
cok,2003,8.0679
cok,2004,7.7597
cok,2005,7.4494
cok,2006,7.1223
cok,2007,6.8324
cok,2008,6.5812
cok,2009,6.3652
cok,2010,6.1884
cok,2011,6.0575
cok,2012,5.9990
cok,2013,6.0212
cok,2014,6.0954
cok,2015,6.1913
cok,2016,6.3345
cok,2017,6.4762
cok,2018,6.6424
cok,2019,6.7557
cok,2020,6.8317
cok,2021,6.8477
cok,2022,6.7579
cok,2023,6.6136
cok,2024,6.5016
col,1955,124.78
col,1956,120.11
col,1957,115.59
col,1958,111.17
col,1959,106.96
col,1960,102.95
col,1961,99.056
col,1962,95.408
col,1963,92.037
col,1964,88.950
col,1965,86.050
col,1966,83.270
col,1967,80.538
col,1968,77.740
col,1969,74.851
col,1970,71.679
col,1971,68.497
col,1972,65.289
col,1973,61.995
col,1974,58.648
col,1975,55.236
col,1976,51.837
col,1977,48.415
col,1978,45.001
col,1979,41.744
col,1980,38.614
col,1981,35.639
col,1982,32.892
col,1983,30.288
col,1984,27.954
col,1985,25.825
col,1986,29.036
col,1987,22.342
col,1988,20.948
col,1989,19.735
col,1990,18.723
col,1991,17.900
col,1992,17.153
col,1993,16.404
col,1994,15.671
col,1995,14.975
col,1996,14.306
col,1997,13.666
col,1998,13.092
col,1999,12.578
col,2000,12.138
col,2001,11.734
col,2002,11.332
col,2003,10.953
col,2004,10.593
col,2005,10.245
col,2006,9.9129
col,2007,9.5976
col,2008,9.2959
col,2009,8.9893
col,2010,8.6873
col,2011,8.4031
col,2012,8.1344
col,2013,7.8630
col,2014,7.6026
col,2015,7.3558
col,2016,7.1305
col,2017,6.8907
col,2018,6.6728
col,2019,6.4484
col,2020,6.2621
col,2021,6.0603
col,2022,5.8435
col,2023,5.6846
col,2024,5.5203
com,1974,144.93
com,1975,139.69
com,1976,133.93
com,1977,127.98
com,1978,122.54
com,1979,117.51
com,1980,112.89
com,1981,108.55
com,1982,104.40
com,1983,100.34
com,1984,96.656
com,1985,93.197
com,1986,89.928
com,1987,87.020
com,1988,84.125
com,1989,81.220
com,1990,78.546
com,1991,75.756
com,1992,72.835
com,1993,69.896
com,1994,66.785
com,1995,63.631
com,1996,60.492
com,1997,57.542
com,1998,54.787
com,1999,51.959
com,2000,49.181
com,2001,46.519
com,2002,44.098
com,2003,41.744
com,2004,39.381
com,2005,37.107
com,2006,35.087
com,2007,33.228
com,2008,31.449
com,2009,29.868
com,2010,28.412
com,2011,27.103
com,2012,26.122
com,2013,25.210
com,2014,24.416
com,2015,23.739
com,2016,23.160
com,2017,22.480
com,2018,21.919
com,2019,21.314
com,2020,20.701
com,2021,20.068
com,2022,19.331
com,2023,18.551
com,2024,17.682
cpv,1976,75.675
cpv,1977,71.006
cpv,1978,66.978
cpv,1979,63.528
cpv,1980,61.034
cpv,1981,59.369
cpv,1982,58.382
cpv,1983,57.711
cpv,1984,56.986
cpv,1985,55.668
cpv,1986,53.676
cpv,1987,50.856
cpv,1988,47.407
cpv,1989,43.936
cpv,1990,40.882
cpv,1991,38.594
cpv,1992,37.284
cpv,1993,36.956
cpv,1994,37.010
cpv,1995,36.780
cpv,1996,35.760
cpv,1997,33.484
cpv,1998,29.941
cpv,1999,25.841
cpv,2000,21.766
cpv,2001,18.404
cpv,2002,16.131
cpv,2003,14.387
cpv,2004,13.116
cpv,2005,12.286
cpv,2006,11.772
cpv,2007,11.474
cpv,2008,11.327
cpv,2009,11.189
cpv,2010,10.963
cpv,2011,10.573
cpv,2012,10.026
cpv,2013,9.3342
cpv,2014,8.5385
cpv,2015,7.7038
cpv,2016,6.9016
cpv,2017,6.1744
cpv,2018,5.5346
cpv,2019,4.9844
cpv,2020,4.5257
cpv,2021,4.1314
cpv,2022,3.7936
cpv,2023,3.5181
cpv,2024,3.2935
cri,1954,95.703
cri,1955,93.673
cri,1956,90.815
cri,1957,86.932
cri,1958,82.170
cri,1959,76.998
cri,1960,72.021
cri,1961,67.926
cri,1962,65.400
cri,1963,64.437
cri,1964,64.014
cri,1965,63.104
cri,1966,61.543
cri,1967,59.439
cri,1968,57.002
cri,1969,54.547
cri,1970,52.359
cri,1971,50.012
cri,1972,47.011
cri,1973,43.154
cri,1974,38.626
cri,1975,33.655
cri,1976,28.553
cri,1977,23.571
cri,1978,19.520
cri,1979,16.549
cri,1980,14.422
cri,1981,13.018
cri,1982,12.192
cri,1983,11.813
cri,1984,11.674
cri,1985,11.600
cri,1986,11.413
cri,1987,10.930
cri,1988,10.146
cri,1989,9.3061
cri,1990,8.6215
cri,1991,8.0584
cri,1992,7.5267
cri,1993,6.9996
cri,1994,6.5864
cri,1995,6.4010
cri,1996,6.3798
cri,1997,6.4058
cri,1998,6.3820
cri,1999,6.2397
cri,2000,5.9288
cri,2001,5.5291
cri,2002,5.1541
cri,2003,4.8683
cri,2004,4.6435
cri,2005,4.4516
cri,2006,4.3057
cri,2007,4.2273
cri,2008,4.2084
cri,2009,4.1818
cri,2010,4.0872
cri,2011,3.9187
cri,2012,3.6908
cri,2013,3.4271
cri,2014,3.1765
cri,2015,2.9717
cri,2016,2.8294
cri,2017,2.7535
cri,2018,2.7532
cri,2019,2.8003
cri,2020,2.8804
cri,2021,2.9827
cri,2022,3.0927
cri,2023,3.1960
cri,2024,3.2856
cub,1969,18.852
cub,1970,18.454
cub,1971,17.938
cub,1972,16.703
cub,1973,14.936
cub,1974,13.409
cub,1975,12.778
cub,1976,12.590
cub,1977,11.821
cub,1978,10.295
cub,1979,8.8079
cub,1980,7.9360
cub,1981,7.6667
cub,1982,7.8809
cub,1983,8.3083
cub,1984,8.6375
cub,1985,8.5812
cub,1986,8.2374
cub,1987,7.7971
cub,1988,7.4346
cub,1989,7.1287
cub,1990,6.8886
cub,1991,6.6448
cub,1992,6.2800
cub,1993,5.7796
cub,1994,5.3462
cub,1995,5.1224
cub,1996,5.0847
cub,1997,5.0996
cub,1998,5.0883
cub,1999,4.9797
cub,2000,4.7506
cub,2001,4.4527
cub,2002,4.2001
cub,2003,4.0477
cub,2004,3.9485
cub,2005,3.8782
cub,2006,3.8096
cub,2007,3.7149
cub,2008,3.5965
cub,2009,3.4811
cub,2010,3.4056
cub,2011,3.3706
cub,2012,3.3658
cub,2013,3.3873
cub,2014,3.4307
cub,2015,3.4880
cub,2016,3.5548
cub,2017,3.6218
cub,2018,3.6778
cub,2019,3.7144
cub,2020,3.7256
cub,2021,3.7429
cub,2022,3.8125
cub,2023,3.9665
cub,2024,4.1361
cyp,1990,5.0803
cyp,1991,5.0343
cyp,1992,4.9490
cyp,1993,4.8074
cyp,1994,4.5999
cyp,1995,4.3603
cyp,1996,4.1085
cyp,1997,3.8619
cyp,1998,3.6253
cyp,1999,3.4051
cyp,2000,3.1896
cyp,2001,2.9826
cyp,2002,2.7831
cyp,2003,2.5910
cyp,2004,2.4044
cyp,2005,2.2197
cyp,2006,2.0412
cyp,2007,1.8822
cyp,2008,1.7372
cyp,2009,1.6091
cyp,2010,1.4984
cyp,2011,1.4048
cyp,2012,1.3302
cyp,2013,1.2711
cyp,2014,1.2298
cyp,2015,1.2062
cyp,2016,1.2039
cyp,2017,1.2155
cyp,2018,1.2436
cyp,2019,1.2874
cyp,2020,1.3492
cyp,2021,1.4215
cyp,2022,1.4937
cyp,2023,1.5576
cyp,2024,1.5891
cze,1983,4.7654
cze,1984,4.8733
cze,1985,5.0884
cze,1986,5.3305
cze,1987,5.5017
cze,1988,5.4771
cze,1989,5.2511
cze,1990,5.0160
cze,1991,4.9192
cze,1992,4.9092
cze,1993,4.8345
cze,1994,4.6240
cze,1995,4.3247
cze,1996,4.0004
cze,1997,3.6813
cze,1998,3.3865
cze,1999,3.1293
cze,2000,2.9235
cze,2001,2.7688
cze,2002,2.6531
cze,2003,2.5446
cze,2004,2.4280
cze,2005,2.3025
cze,2006,2.1702
cze,2007,2.0446
cze,2008,1.9382
cze,2009,1.8568
cze,2010,1.7832
cze,2011,1.7092
cze,2012,1.6413
cze,2013,1.5948
cze,2014,1.5744
cze,2015,1.5716
cze,2016,1.5738
cze,2017,1.5684
cze,2018,1.5477
cze,2019,1.5070
cze,2020,1.4562
cze,2021,1.4045
cze,2022,1.3578
cze,2023,1.3070
cze,2024,1.2559
deu,1970,12.153
deu,1971,11.731
deu,1972,11.126
deu,1973,10.726
deu,1974,10.656
deu,1975,10.667
deu,1976,10.524
deu,1977,10.295
deu,1978,10.124
deu,1979,10.048
deu,1980,9.9120
deu,1981,9.6018
deu,1982,9.1660
deu,1983,8.6895
deu,1984,8.2291
deu,1985,7.8258
deu,1986,7.4952
deu,1987,7.1819
deu,1988,6.8099
deu,1989,6.3410
deu,1990,5.7905
deu,1991,5.1884
deu,1992,4.6105
deu,1993,4.1534
deu,1994,3.8416
deu,1995,3.6089
deu,1996,3.3922
deu,1997,3.1860
deu,1998,3.0038
deu,1999,2.8527
deu,2000,2.7195
deu,2001,2.5941
deu,2002,2.4790
deu,2003,2.3816
deu,2004,2.3001
deu,2005,2.2195
deu,2006,2.1255
deu,2007,2.0324
deu,2008,1.9681
deu,2009,1.9386
deu,2010,1.9157
deu,2011,1.8733
deu,2012,1.8143
deu,2013,1.7555
deu,2014,1.7066
deu,2015,1.6663
deu,2016,1.6372
deu,2017,1.6092
deu,2018,1.5726
deu,2019,1.5236
deu,2020,1.4735
deu,2021,1.4354
deu,2022,1.4087
deu,2023,1.3882
deu,2024,1.3713
dji,1980,105.61
dji,1981,101.85
dji,1982,98.096
dji,1983,94.112
dji,1984,90.518
dji,1985,87.156
dji,1986,83.948
dji,1987,80.877
dji,1988,78.192
dji,1989,75.618
dji,1990,73.349
dji,1991,71.246
dji,1992,69.231
dji,1993,67.734
dji,1994,66.411
dji,1995,65.416
dji,1996,64.407
dji,1997,63.633
dji,1998,62.774
dji,1999,61.533
dji,2000,60.251
dji,2001,58.805
dji,2002,56.991
dji,2003,55.087
dji,2004,53.093
dji,2005,51.190
dji,2006,49.285
dji,2007,47.381
dji,2008,45.384
dji,2009,43.414
dji,2010,41.740
dji,2011,40.047
dji,2012,38.435
dji,2013,36.906
dji,2014,35.379
dji,2015,33.941
dji,2016,32.437
dji,2017,31.199
dji,2018,29.960
dji,2019,28.761
dji,2020,27.392
dji,2021,26.316
dji,2022,25.035
dji,2023,24.091
dji,2024,22.898
dma,1970,41.251
dma,1971,37.015
dma,1972,33.160
dma,1973,29.648
dma,1974,26.356
dma,1975,23.236
dma,1976,20.407
dma,1977,18.125
dma,1978,16.141
dma,1979,14.441
dma,1980,13.030
dma,1981,11.867
dma,1982,10.899
dma,1983,10.094
dma,1984,9.4341
dma,1985,8.9187
dma,1986,8.5288
dma,1987,8.2607
dma,1988,8.0797
dma,1989,7.9589
dma,1990,7.8891
dma,1991,7.8612
dma,1992,7.8628
dma,1993,7.8527
dma,1994,7.8204
dma,1995,7.7380
dma,1996,7.6099
dma,1997,7.4395
dma,1998,7.2712
dma,1999,7.1186
dma,2000,6.9904
dma,2001,6.8731
dma,2002,6.7671
dma,2003,6.6774
dma,2004,6.5783
dma,2005,6.4867
dma,2006,6.3960
dma,2007,6.2812
dma,2008,6.1169
dma,2009,5.9164
dma,2010,5.6771
dma,2011,5.3948
dma,2012,5.0762
dma,2013,4.7667
dma,2014,4.4831
dma,2015,4.2061
dma,2016,3.9787
dma,2017,3.8356
dma,2018,3.8482
dma,2019,3.9727
dma,2020,4.1721
dma,2021,4.3743
dma,2022,4.5864
dma,2023,4.7670
dma,2024,4.8119
dnk,1961,8.9762
dnk,1962,8.6858
dnk,1963,8.3942
dnk,1964,8.1215
dnk,1965,7.8032
dnk,1966,7.3270
dnk,1967,6.7186
dnk,1968,6.1955
dnk,1969,5.9228
dnk,1970,5.8341
dnk,1971,5.7486
dnk,1972,5.5370
dnk,1973,5.2517
dnk,1974,4.9637
dnk,1975,4.7617
dnk,1976,4.6918
dnk,1977,4.7436
dnk,1978,4.8072
dnk,1979,4.7898
dnk,1980,4.7228
dnk,1981,4.6844
dnk,1982,4.6976
dnk,1983,4.7402
dnk,1984,4.7687
dnk,1985,4.7997
dnk,1986,4.8507
dnk,1987,4.9293
dnk,1988,4.9846
dnk,1989,4.9612
dnk,1990,4.8330
dnk,1991,4.5904
dnk,1992,4.2496
dnk,1993,3.8412
dnk,1994,3.4150
dnk,1995,3.0194
dnk,1996,2.6754
dnk,1997,2.3995
dnk,1998,2.2128
dnk,1999,2.1196
dnk,2000,2.1079
dnk,2001,2.1457
dnk,2002,2.1960
dnk,2003,2.1876
dnk,2004,2.0733
dnk,2005,1.8957
dnk,2006,1.7385
dnk,2007,1.6385
dnk,2008,1.5702
dnk,2009,1.5034
dnk,2010,1.4156
dnk,2011,1.2834
dnk,2012,1.1231
dnk,2013,1.0012
dnk,2014,0.95806
dnk,2015,0.97328
dnk,2016,1.0201
dnk,2017,1.0747
dnk,2018,1.1277
dnk,2019,1.1748
dnk,2020,1.2388
dnk,2021,1.3447
dnk,2022,1.4938
dnk,2023,1.6241
dnk,2024,1.6751
dom,1964,106.46
dom,1965,104.16
dom,1966,101.61
dom,1967,98.839
dom,1968,95.907
dom,1969,93.058
dom,1970,90.050
dom,1971,86.846
dom,1972,83.471
dom,1973,79.813
dom,1974,76.020
dom,1975,72.298
dom,1976,68.517
dom,1977,65.113
dom,1978,62.027
dom,1979,59.354
dom,1980,57.001
dom,1981,54.892
dom,1982,52.846
dom,1983,50.866
dom,1984,49.005
dom,1985,47.195
dom,1986,45.330
dom,1987,43.364
dom,1988,41.425
dom,1989,39.591
dom,1990,37.786
dom,1991,35.953
dom,1992,34.013
dom,1993,31.984
dom,1994,29.859
dom,1995,27.743
dom,1996,25.589
dom,1997,23.525
dom,1998,21.583
dom,1999,19.857
dom,2000,18.398
dom,2001,17.188
dom,2002,16.192
dom,2003,15.379
dom,2004,14.693
dom,2005,14.045
dom,2006,13.455
dom,2007,12.895
dom,2008,12.432
dom,2009,11.985
dom,2010,11.663
dom,2011,11.391
dom,2012,11.164
dom,2013,11.034
dom,2014,11.003
dom,2015,10.970
dom,2016,10.917
dom,2017,10.908
dom,2018,10.932
dom,2019,10.889
dom,2020,10.790
dom,2021,10.614
dom,2022,10.411
dom,2023,10.165
dom,2024,9.8858
dza,1970,185.35
dza,1971,183.21
dza,1972,180.11
dza,1973,176.03
dza,1974,170.95
dza,1975,164.97
dza,1976,158.35
dza,1977,151.10
dza,1978,143.33
dza,1979,134.85
dza,1980,125.10
dza,1981,113.54
dza,1982,100.20
dza,1983,85.334
dza,1984,70.246
dza,1985,56.995
dza,1986,46.582
dza,1987,39.010
dza,1988,33.962
dza,1989,30.929
dza,1990,29.164
dza,1991,28.171
dza,1992,27.544
dza,1993,27.045
dza,1994,26.516
dza,1995,25.799
dza,1996,24.964
dza,1997,23.956
dza,1998,22.843
dza,1999,21.700
dza,2000,20.537
dza,2001,19.320
dza,2002,18.144
dza,2003,16.931
dza,2004,15.829
dza,2005,14.867
dza,2006,13.961
dza,2007,13.096
dza,2008,12.335
dza,2009,11.672
dza,2010,11.048
dza,2011,10.398
dza,2012,9.8630
dza,2013,9.6304
dza,2014,9.7511
dza,2015,9.9372
dza,2016,9.9127
dza,2017,9.5776
dza,2018,8.9706
dza,2019,8.2328
dza,2020,7.5482
dza,2021,7.1025
dza,2022,6.8447
dza,2023,6.7715
dza,2024,6.7754
ecu,1957,144.87
ecu,1958,139.60
ecu,1959,133.99
ecu,1960,128.99
ecu,1961,123.92
ecu,1962,119.07
ecu,1963,114.27
ecu,1964,109.75
ecu,1965,105.97
ecu,1966,103.15
ecu,1967,100.71
ecu,1968,98.722
ecu,1969,97.022
ecu,1970,95.487
ecu,1971,93.686
ecu,1972,91.414
ecu,1973,88.487
ecu,1974,84.873
ecu,1975,81.025
ecu,1976,76.965
ecu,1977,72.898
ecu,1978,69.101
ecu,1979,65.476
ecu,1980,62.189
ecu,1981,58.951
ecu,1982,55.763
ecu,1983,52.454
ecu,1984,49.233
ecu,1985,46.188
ecu,1986,43.481
ecu,1987,41.056
ecu,1988,38.742
ecu,1989,36.520
ecu,1990,34.410
ecu,1991,32.277
ecu,1992,30.162
ecu,1993,28.150
ecu,1994,26.135
ecu,1995,24.151
ecu,1996,22.209
ecu,1997,20.342
ecu,1998,18.816
ecu,1999,17.656
ecu,2000,16.626
ecu,2001,15.689
ecu,2002,14.881
ecu,2003,14.201
ecu,2004,13.609
ecu,2005,13.097
ecu,2006,12.622
ecu,2007,12.185
ecu,2008,11.744
ecu,2009,11.279
ecu,2010,10.796
ecu,2011,10.309
ecu,2012,9.8194
ecu,2013,9.3296
ecu,2014,8.8652
ecu,2015,8.4549
ecu,2016,8.1120
ecu,2017,7.8077
ecu,2018,7.5104
ecu,2019,7.1974
ecu,2020,6.8686
ecu,2021,6.5339
ecu,2022,6.2593
ecu,2023,6.0899
ecu,2024,5.9997
egy,1958,299.37
egy,1959,290.06
egy,1960,280.69
egy,1961,271.00
egy,1962,260.87
egy,1963,250.80
egy,1964,240.95
egy,1965,231.90
egy,1966,223.73
egy,1967,216.69
egy,1968,210.83
egy,1969,206.06
egy,1970,202.10
egy,1971,198.47
egy,1972,194.52
egy,1973,189.93
egy,1974,184.28
egy,1975,177.21
egy,1976,168.92
egy,1977,159.78
egy,1978,150.25
egy,1979,140.86
egy,1980,131.70
egy,1981,122.79
egy,1982,114.07
egy,1983,105.43
egy,1984,96.761
egy,1985,88.127
egy,1986,79.986
egy,1987,72.822
egy,1988,66.705
egy,1989,61.692
egy,1990,57.615
egy,1991,54.255
egy,1992,51.185
egy,1993,48.131
egy,1994,45.051
egy,1995,41.848
egy,1996,38.594
egy,1997,35.350
egy,1998,32.315
egy,1999,29.509
egy,2000,26.961
egy,2001,24.700
egy,2002,22.736
egy,2003,20.991
egy,2004,19.456
egy,2005,18.104
egy,2006,17.072
egy,2007,16.254
egy,2008,15.523
egy,2009,14.843
egy,2010,14.232
egy,2011,13.629
egy,2012,13.065
egy,2013,12.550
egy,2014,12.022
egy,2015,11.522
egy,2016,11.113
egy,2017,10.738
egy,2018,10.348
egy,2019,9.9276
egy,2020,9.5931
egy,2021,9.2317
egy,2022,8.9253
egy,2023,8.6229
egy,2024,8.3527
eri,1978,165.98
eri,1979,162.69
eri,1980,160.17
eri,1981,157.91
eri,1982,155.74
eri,1983,153.35
eri,1984,245.97
eri,1985,240.74
eri,1986,230.49
eri,1987,224.90
eri,1988,137.80
eri,1989,133.35
eri,1990,128.38
eri,1991,122.79
eri,1992,116.31
eri,1993,109.16
eri,1994,101.67
eri,1995,94.117
eri,1996,86.855
eri,1997,80.169
eri,1998,74.191
eri,1999,68.884
eri,2000,83.029
eri,2001,59.833
eri,2002,56.011
eri,2003,52.607
eri,2004,49.447
eri,2005,46.541
eri,2006,43.850
eri,2007,41.407
eri,2008,39.142
eri,2009,37.138
eri,2010,35.355
eri,2011,33.760
eri,2012,32.281
eri,2013,30.927
eri,2014,29.476
eri,2015,28.227
eri,2016,26.958
eri,2017,25.815
eri,2018,24.812
eri,2019,23.661
eri,2020,22.622
eri,2021,21.668
eri,2022,20.878
eri,2023,20.030
eri,2024,19.308
esp,1961,35.221
esp,1962,32.125
esp,1963,28.929
esp,1964,26.124
esp,1965,24.101
esp,1966,22.541
esp,1967,20.926
esp,1968,19.025
esp,1969,17.206
esp,1970,15.834
esp,1971,14.635
esp,1972,13.519
esp,1973,12.404
esp,1974,11.279
esp,1975,10.152
esp,1976,9.1632
esp,1977,8.4424
esp,1978,7.9684
esp,1979,7.4539
esp,1980,6.7050
esp,1981,5.9063
esp,1982,5.3275
esp,1983,5.0404
esp,1984,4.9277
esp,1985,4.8719
esp,1986,4.8203
esp,1987,4.7564
esp,1988,4.6627
esp,1989,4.5436
esp,1990,4.3961
esp,1991,4.2398
esp,1992,4.0971
esp,1993,3.9609
esp,1994,3.7848
esp,1995,3.5324
esp,1996,3.2633
esp,1997,3.0550
esp,1998,2.9304
esp,1999,2.8368
esp,2000,2.7301
esp,2001,2.6160
esp,2002,2.5232
esp,2003,2.4644
esp,2004,2.4186
esp,2005,2.3608
esp,2006,2.2922
esp,2007,2.2125
esp,2008,2.1254
esp,2009,2.0187
esp,2010,1.8819
esp,2011,1.7329
esp,2012,1.6011
esp,2013,1.5008
esp,2014,1.4326
esp,2015,1.3942
esp,2016,1.3752
esp,2017,1.3641
esp,2018,1.3536
esp,2019,1.3456
esp,2020,1.3408
esp,2021,1.3454
esp,2022,1.3628
esp,2023,1.3944
esp,2024,1.4191
est,1989,7.7080
est,1990,7.8177
est,1991,7.8832
est,1992,7.8496
est,1993,7.6893
est,1994,7.4997
est,1995,7.3478
est,1996,7.2259
est,1997,7.0828
est,1998,6.8659
est,1999,6.5610
est,2000,6.1791
est,2001,5.7476
est,2002,5.3085
est,2003,4.8932
est,2004,4.4989
est,2005,4.1287
est,2006,3.7825
est,2007,3.4647
est,2008,3.1763
est,2009,2.9158
est,2010,2.6829
est,2011,2.4765
est,2012,2.2892
est,2013,2.1241
est,2014,1.9833
est,2015,1.8583
est,2016,1.7481
est,2017,1.6456
est,2018,1.5513
est,2019,1.4641
est,2020,1.3853
est,2021,1.3102
est,2022,1.2430
est,2023,1.1788
est,2024,1.1225
eth,1978,190.87
eth,1979,189.74
eth,1980,188.17
eth,1981,185.98
eth,1982,183.30
eth,1983,179.99
eth,1984,270.79
eth,1985,265.39
eth,1986,254.33
eth,1987,248.32
eth,1988,162.33
eth,1989,158.87
eth,1990,155.19
eth,1991,151.17
eth,1992,146.69
eth,1993,141.96
eth,1994,136.78
eth,1995,131.27
eth,1996,125.61
eth,1997,119.91
eth,1998,114.18
eth,1999,108.56
eth,2000,102.98
eth,2001,97.312
eth,2002,91.582
eth,2003,85.809
eth,2004,80.016
eth,2005,74.088
eth,2006,68.360
eth,2007,63.035
eth,2008,58.108
eth,2009,53.685
eth,2010,49.856
eth,2011,46.365
eth,2012,43.122
eth,2013,40.175
eth,2014,37.386
eth,2015,34.699
eth,2016,32.132
eth,2017,29.720
eth,2018,27.630
eth,2019,25.862
eth,2020,24.379
eth,2021,22.970
eth,2022,21.815
eth,2023,20.697
eth,2024,19.624
fin,1961,11.255
fin,1962,10.147
fin,1963,9.1697
fin,1964,8.3909
fin,1965,7.7667
fin,1966,7.2843
fin,1967,6.8997
fin,1968,6.5765
fin,1969,6.2931
fin,1970,6.0107
fin,1971,5.7113
fin,1972,5.4218
fin,1973,5.1843
fin,1974,4.9996
fin,1975,4.8315
fin,1976,4.6327
fin,1977,4.4022
fin,1978,4.1551
fin,1979,3.9187
fin,1980,3.7145
fin,1981,3.5582
fin,1982,3.4388
fin,1983,3.3378
fin,1984,3.2420
fin,1985,3.1716
fin,1986,3.1290
fin,1987,3.1087
fin,1988,3.0969
fin,1989,3.0685
fin,1990,3.0008
fin,1991,2.8789
fin,1992,2.7157
fin,1993,2.5456
fin,1994,2.3861
fin,1995,2.2444
fin,1996,2.1209
fin,1997,2.0184
fin,1998,1.9357
fin,1999,1.8752
fin,2000,1.8312
fin,2001,1.8037
fin,2002,1.7882
fin,2003,1.7735
fin,2004,1.7553
fin,2005,1.7248
fin,2006,1.6764
fin,2007,1.6107
fin,2008,1.5407
fin,2009,1.4740
fin,2010,1.4147
fin,2011,1.3642
fin,2012,1.3185
fin,2013,1.2682
fin,2014,1.2099
fin,2015,1.1507
fin,2016,1.0965
fin,2017,1.0504
fin,2018,1.0167
fin,2019,0.99382
fin,2020,0.98151
fin,2021,0.97502
fin,2022,0.97342
fin,2023,0.97473
fin,2024,0.97489
fji,1990,16.501
fji,1991,15.911
fji,1992,15.378
fji,1993,14.882
fji,1994,14.433
fji,1995,14.048
fji,1996,13.731
fji,1997,13.456
fji,1998,13.255
fji,1999,13.090
fji,2000,12.960
fji,2001,12.817
fji,2002,12.591
fji,2003,12.296
fji,2004,11.996
fji,2005,11.771
fji,2006,11.765
fji,2007,12.119
fji,2008,12.708
fji,2009,13.215
fji,2010,13.476
fji,2011,13.471
fji,2012,13.252
fji,2013,12.936
fji,2014,12.671
fji,2015,12.522
fji,2016,12.487
fji,2017,12.546
fji,2018,12.688
fji,2019,12.957
fji,2020,13.324
fji,2021,13.725
fji,2022,14.062
fji,2023,14.318
fji,2024,14.436
fra,1961,10.202
fra,1962,9.9643
fra,1963,9.4059
fra,1964,8.4490
fra,1965,7.4313
fra,1966,6.6554
fra,1967,6.3771
fra,1968,6.8732
fra,1969,8.0904
fra,1970,9.1731
fra,1971,9.2385
fra,1972,8.5816
fra,1973,7.9377
fra,1974,7.6415
fra,1975,7.4295
fra,1976,7.0430
fra,1977,6.6112
fra,1978,6.4196
fra,1979,6.5432
fra,1980,6.7186
fra,1981,6.7161
fra,1982,6.5498
fra,1983,6.3304
fra,1984,6.1274
fra,1985,5.9621
fra,1986,5.8409
fra,1987,5.7518
fra,1988,5.6744
fra,1989,5.5965
fra,1990,5.5038
fra,1991,5.3854
fra,1992,5.1926
fra,1993,4.8700
fra,1994,4.4235
fra,1995,3.9273
fra,1996,3.4519
fra,1997,3.0686
fra,1998,2.8353
fra,1999,2.7491
fra,2000,2.7142
fra,2001,2.6402
fra,2002,2.5272
fra,2003,2.4123
fra,2004,2.3207
fra,2005,2.2471
fra,2006,2.1908
fra,2007,2.1395
fra,2008,2.0817
fra,2009,2.0110
fra,2010,1.9430
fra,2011,1.8880
fra,2012,1.8466
fra,2013,1.8143
fra,2014,1.7851
fra,2015,1.7595
fra,2016,1.7364
fra,2017,1.7154
fra,2018,1.6974
fra,2019,1.6850
fra,2020,1.6795
fra,2021,1.6796
fra,2022,1.6720
fra,2023,1.6391
fra,2024,1.5788
fsm,1990,26.951
fsm,1991,25.984
fsm,1992,25.123
fsm,1993,24.416
fsm,1994,23.786
fsm,1995,23.175
fsm,1996,22.578
fsm,1997,21.912
fsm,1998,21.124
fsm,1999,20.319
fsm,2000,19.489
fsm,2001,18.708
fsm,2002,18.112
fsm,2003,22.381
fsm,2004,17.457
fsm,2005,17.356
fsm,2006,17.267
fsm,2007,17.386
fsm,2008,17.285
fsm,2009,17.100
fsm,2010,16.875
fsm,2011,16.541
fsm,2012,16.192
fsm,2013,15.733
fsm,2014,15.283
fsm,2015,14.835
fsm,2016,14.350
fsm,2017,13.860
fsm,2018,13.504
fsm,2019,13.127
fsm,2020,12.801
fsm,2021,12.357
fsm,2022,11.944
fsm,2023,11.537
fsm,2024,11.072
gab,1978,94.256
gab,1979,90.451
gab,1980,86.722
gab,1981,83.229
gab,1982,79.929
gab,1983,76.758
gab,1984,73.658
gab,1985,70.757
gab,1986,68.008
gab,1987,65.499
gab,1988,63.319
gab,1989,61.388
gab,1990,59.825
gab,1991,58.509
gab,1992,57.442
gab,1993,56.790
gab,1994,56.399
gab,1995,56.115
gab,1996,55.791
gab,1997,55.090
gab,1998,54.037
gab,1999,52.474
gab,2000,50.519
gab,2001,48.367
gab,2002,46.203
gab,2003,44.122
gab,2004,41.927
gab,2005,39.814
gab,2006,37.966
gab,2007,36.508
gab,2008,34.886
gab,2009,33.463
gab,2010,32.167
gab,2011,30.555
gab,2012,29.011
gab,2013,27.443
gab,2014,25.726
gab,2015,24.563
gab,2016,23.546
gab,2017,22.173
gab,2018,21.272
gab,2019,20.352
gab,2020,19.342
gab,2021,18.092
gab,2022,17.579
gab,2023,17.119
gab,2024,16.727
gbr,1961,10.585
gbr,1962,10.665
gbr,1963,10.678
gbr,1964,10.507
gbr,1965,10.184
gbr,1966,9.8572
gbr,1967,9.6076
gbr,1968,9.4197
gbr,1969,9.2733
gbr,1970,9.1370
gbr,1971,8.9689
gbr,1972,8.7335
gbr,1973,8.4175
gbr,1974,8.0145
gbr,1975,7.6060
gbr,1976,7.2862
gbr,1977,7.1043
gbr,1978,6.9978
gbr,1979,6.9154
gbr,1980,6.8230
gbr,1981,6.6992
gbr,1982,6.5307
gbr,1983,6.3440
gbr,1984,6.1575
gbr,1985,6.0022
gbr,1986,5.9111
gbr,1987,5.8671
gbr,1988,5.7925
gbr,1989,5.6153
gbr,1990,5.3032
gbr,1991,4.8488
gbr,1992,4.3147
gbr,1993,3.8196
gbr,1994,3.4516
gbr,1995,3.2178
gbr,1996,3.0981
gbr,1997,3.0553
gbr,1998,3.0193
gbr,1999,2.9319
gbr,2000,2.8217
gbr,2001,2.7533
gbr,2002,2.7478
gbr,2003,2.7524
gbr,2004,2.7111
gbr,2005,2.6348
gbr,2006,2.5591
gbr,2007,2.4997
gbr,2008,2.4398
gbr,2009,2.3595
gbr,2010,2.2631
gbr,2011,2.1655
gbr,2012,2.0779
gbr,2013,2.0036
gbr,2014,1.9445
gbr,2015,1.8891
gbr,2016,1.8221
gbr,2017,1.7405
gbr,2018,1.6683
gbr,2019,1.6297
gbr,2020,1.6284
gbr,2021,1.6596
gbr,2022,1.7118
gbr,2023,1.7577
gbr,2024,1.7805
geo,1978,38.981
geo,1979,36.968
geo,1980,35.170
geo,1981,33.247
geo,1982,31.603
geo,1983,29.970
geo,1984,28.614
geo,1985,27.431
geo,1986,26.462
geo,1987,25.633
geo,1988,24.958
geo,1989,24.369
geo,1990,23.782
geo,1991,23.309
geo,1992,22.891
geo,1993,22.422
geo,1994,21.920
geo,1995,21.307
geo,1996,20.610
geo,1997,19.691
geo,1998,18.545
geo,1999,17.103
geo,2000,15.484
geo,2001,13.954
geo,2002,12.656
geo,2003,11.360
geo,2004,10.085
geo,2005,8.9208
geo,2006,7.8138
geo,2007,6.8358
geo,2008,5.9750
geo,2009,5.2347
geo,2010,4.6122
geo,2011,4.1030
geo,2012,3.7289
geo,2013,3.5098
geo,2014,3.4853
geo,2015,3.6115
geo,2016,3.8259
geo,2017,4.0499
geo,2018,4.2286
geo,2019,4.3042
geo,2020,4.2772
geo,2021,4.1958
geo,2022,4.0918
geo,2023,3.9749
geo,2024,3.8668
gha,1966,151.90
gha,1967,151.84
gha,1968,152.02
gha,1969,152.38
gha,1970,152.34
gha,1971,152.18
gha,1972,151.31
gha,1973,149.62
gha,1974,147.01
gha,1975,143.46
gha,1976,139.07
gha,1977,134.40
gha,1978,130.05
gha,1979,126.33
gha,1980,123.68
gha,1981,122.06
gha,1982,120.99
gha,1983,119.98
gha,1984,118.63
gha,1985,116.39
gha,1986,113.09
gha,1987,108.75
gha,1988,103.81
gha,1989,98.593
gha,1990,93.663
gha,1991,89.251
gha,1992,85.754
gha,1993,83.063
gha,1994,81.159
gha,1995,79.801
gha,1996,78.563
gha,1997,77.275
gha,1998,75.417
gha,1999,72.980
gha,2000,70.070
gha,2001,66.769
gha,2002,63.309
gha,2003,59.989
gha,2004,56.868
gha,2005,54.025
gha,2006,51.439
gha,2007,48.962
gha,2008,46.482
gha,2009,43.925
gha,2010,41.341
gha,2011,38.753
gha,2012,36.254
gha,2013,33.960
gha,2014,31.849
gha,2015,29.973
gha,2016,28.192
gha,2017,26.416
gha,2018,24.749
gha,2019,23.112
gha,2020,21.450
gha,2021,19.914
gha,2022,18.519
gha,2023,17.269
gha,2024,16.185
gin,1977,248.72
gin,1978,243.30
gin,1979,237.30
gin,1980,230.99
gin,1981,224.60
gin,1982,218.82
gin,1983,213.83
gin,1984,209.32
gin,1985,205.13
gin,1986,201.44
gin,1987,198.00
gin,1988,194.68
gin,1989,191.16
gin,1990,187.15
gin,1991,182.58
gin,1992,177.33
gin,1993,171.37
gin,1994,164.99
gin,1995,158.35
gin,1996,151.91
gin,1997,145.78
gin,1998,140.29
gin,1999,135.23
gin,2000,130.19
gin,2001,125.06
gin,2002,119.82
gin,2003,114.59
gin,2004,109.69
gin,2005,105.27
gin,2006,101.42
gin,2007,98.140
gin,2008,95.429
gin,2009,93.059
gin,2010,90.932
gin,2011,89.148
gin,2012,87.572
gin,2013,86.222
gin,2014,84.976
gin,2015,84.313
gin,2016,83.181
gin,2017,81.117
gin,2018,79.598
gin,2019,77.948
gin,2020,75.950
gin,2021,73.685
gin,2022,71.408
gin,2023,69.053
gin,2024,66.729
gmb,1990,127.54
gmb,1991,122.31
gmb,1992,117.21
gmb,1993,112.18
gmb,1994,107.17
gmb,1995,102.23
gmb,1996,97.462
gmb,1997,92.841
gmb,1998,88.291
gmb,1999,83.983
gmb,2000,79.833
gmb,2001,75.742
gmb,2002,71.697
gmb,2003,67.692
gmb,2004,63.742
gmb,2005,59.955
gmb,2006,56.328
gmb,2007,52.910
gmb,2008,49.819
gmb,2009,46.920
gmb,2010,44.176
gmb,2011,41.522
gmb,2012,39.198
gmb,2013,37.030
gmb,2014,34.851
gmb,2015,32.915
gmb,2016,31.090
gmb,2017,29.441
gmb,2018,27.944
gmb,2019,26.542
gmb,2020,25.203
gmb,2021,23.988
gmb,2022,22.883
gmb,2023,21.835
gmb,2024,20.894
gnb,1988,181.82
gnb,1989,177.74
gnb,1990,173.75
gnb,1991,169.67
gnb,1992,165.45
gnb,1993,161.15
gnb,1994,156.59
gnb,1995,152.48
gnb,1996,148.01
gnb,1997,143.53
gnb,1998,138.93
gnb,1999,134.62
gnb,2000,130.05
gnb,2001,125.58
gnb,2002,120.80
gnb,2003,115.68
gnb,2004,110.34
gnb,2005,104.87
gnb,2006,99.182
gnb,2007,93.384
gnb,2008,87.781
gnb,2009,82.555
gnb,2010,77.482
gnb,2011,72.745
gnb,2012,68.152
gnb,2013,64.077
gnb,2014,60.675
gnb,2015,57.513
gnb,2016,54.867
gnb,2017,52.186
gnb,2018,49.734
gnb,2019,47.189
gnb,2020,44.914
gnb,2021,43.044
gnb,2022,41.433
gnb,2023,39.511
gnb,2024,37.884
gnq,1990,137.06
gnq,1991,135.84
gnq,1992,134.46
gnq,1993,133.26
gnq,1994,131.98
gnq,1995,130.67
gnq,1996,129.09
gnq,1997,127.27
gnq,1998,125.13
gnq,1999,122.29
gnq,2000,118.89
gnq,2001,115.01
gnq,2002,110.76
gnq,2003,106.66
gnq,2004,102.68
gnq,2005,98.705
gnq,2006,95.075
gnq,2007,91.554
gnq,2008,88.190
gnq,2009,84.748
gnq,2010,81.465
gnq,2011,78.172
gnq,2012,74.946
gnq,2013,71.705
gnq,2014,68.693
gnq,2015,65.868
gnq,2016,63.077
gnq,2017,60.133
gnq,2018,57.794
gnq,2019,55.458
gnq,2020,53.601
gnq,2021,51.169
gnq,2022,48.966
gnq,2023,46.766
gnq,2024,44.591
grc,1961,26.889
grc,1962,25.657
grc,1963,24.391
grc,1964,22.968
grc,1965,21.331
grc,1966,19.640
grc,1967,18.150
grc,1968,16.741
grc,1969,15.230
grc,1970,13.275
grc,1971,11.139
grc,1972,9.6476
grc,1973,9.2752
grc,1974,9.6144
grc,1975,9.7996
grc,1976,9.3252
grc,1977,8.5568
grc,1978,7.9332
grc,1979,7.4456
grc,1980,6.9200
grc,1981,6.3014
grc,1982,5.7214
grc,1983,5.3119
grc,1984,5.0740
grc,1985,4.8948
grc,1986,4.7098
grc,1987,4.5294
grc,1988,4.3713
grc,1989,4.2409
grc,1990,4.1211
grc,1991,3.9792
grc,1992,3.7988
grc,1993,3.5578
grc,1994,3.2964
grc,1995,3.0812
grc,1996,2.9378
grc,1997,2.8381
grc,1998,2.7646
grc,1999,2.6919
grc,2000,2.5998
grc,2001,2.4871
grc,2002,2.3831
grc,2003,2.3105
grc,2004,2.2500
grc,2005,2.1696
grc,2006,2.0605
grc,2007,1.9611
grc,2008,1.9023
grc,2009,1.8760
grc,2010,1.8511
grc,2011,1.8080
grc,2012,1.7573
grc,2013,1.7100
grc,2014,1.6847
grc,2015,1.6890
grc,2016,1.7115
grc,2017,1.7311
grc,2018,1.7206
grc,2019,1.6866
grc,2020,1.6420
grc,2021,1.5938
grc,2022,1.5535
grc,2023,1.5170
grc,2024,1.4807
grd,1990,10.671
grd,1991,10.278
grd,1992,9.9966
grd,1993,9.8198
grd,1994,9.7118
grd,1995,9.6136
grd,1996,9.4726
grd,1997,9.2217
grd,1998,8.9164
grd,1999,8.5316
grd,2000,8.1449
grd,2001,7.7802
grd,2002,7.4698
grd,2003,7.2387
grd,2004,7.0952
grd,2005,7.0199
grd,2006,6.9638
grd,2007,6.9479
grd,2008,6.9302
grd,2009,6.8523
grd,2010,6.7513
grd,2011,6.6316
grd,2012,6.4868
grd,2013,6.3413
grd,2014,6.2371
grd,2015,6.1680
grd,2016,6.1505
grd,2017,6.1606
grd,2018,6.1692
grd,2019,6.1755
grd,2020,6.1650
grd,2021,6.1437
grd,2022,6.0937
grd,2023,6.0189
grd,2024,5.9253
gtm,1965,151.94
gtm,1966,147.61
gtm,1967,143.18
gtm,1968,138.95
gtm,1969,134.69
gtm,1970,130.33
gtm,1971,126.13
gtm,1972,121.78
gtm,1973,117.61
gtm,1974,113.66
gtm,1975,109.65
gtm,1976,105.84
gtm,1977,126.86
gtm,1978,98.348
gtm,1979,94.611
gtm,1980,90.865
gtm,1981,87.159
gtm,1982,83.506
gtm,1983,102.92
gtm,1984,76.573
gtm,1985,73.222
gtm,1986,69.776
gtm,1987,66.328
gtm,1988,63.003
gtm,1989,59.796
gtm,1990,56.688
gtm,1991,53.706
gtm,1992,50.819
gtm,1993,48.104
gtm,1994,45.529
gtm,1995,43.114
gtm,1996,40.839
gtm,1997,38.678
gtm,1998,36.677
gtm,1999,34.811
gtm,2000,33.058
gtm,2001,31.410
gtm,2002,29.880
gtm,2003,28.393
gtm,2004,27.010
gtm,2005,25.687
gtm,2006,24.435
gtm,2007,23.205
gtm,2008,22.000
gtm,2009,20.851
gtm,2010,19.769
gtm,2011,18.905
gtm,2012,18.065
gtm,2013,17.259
gtm,2014,16.510
gtm,2015,15.814
gtm,2016,15.184
gtm,2017,14.621
gtm,2018,14.098
gtm,2019,13.608
gtm,2020,13.155
gtm,2021,12.705
gtm,2022,12.230
gtm,2023,11.859
gtm,2024,11.472
guy,1953,93.962
guy,1954,88.113
guy,1955,82.255
guy,1956,76.578
guy,1957,71.201
guy,1958,66.280
guy,1959,61.762
guy,1960,57.771
guy,1961,54.149
guy,1962,51.203
guy,1963,48.684
guy,1964,46.471
guy,1965,44.711
guy,1966,43.282
guy,1967,42.160
guy,1968,41.389
guy,1969,40.967
guy,1970,40.607
guy,1971,40.396
guy,1972,40.446
guy,1973,40.462
guy,1974,40.493
guy,1975,40.514
guy,1976,40.423
guy,1977,40.357
guy,1978,40.174
guy,1979,39.923
guy,1980,39.667
guy,1981,39.315
guy,1982,39.022
guy,1983,38.560
guy,1984,38.063
guy,1985,37.344
guy,1986,36.660
guy,1987,35.759
guy,1988,34.765
guy,1989,33.562
guy,1990,32.187
guy,1991,30.812
guy,1992,29.339
guy,1993,27.886
guy,1994,26.452
guy,1995,25.143
guy,1996,24.004
guy,1997,22.992
guy,1998,22.172
guy,1999,21.410
guy,2000,20.709
guy,2001,20.081
guy,2002,19.348
guy,2003,18.703
guy,2004,18.086
guy,2005,17.511
guy,2006,17.030
guy,2007,16.565
guy,2008,16.114
guy,2009,15.688
guy,2010,15.302
guy,2011,14.948
guy,2012,14.555
guy,2013,14.293
guy,2014,13.975
guy,2015,13.619
guy,2016,13.221
guy,2017,12.852
guy,2018,12.459
guy,2019,12.106
guy,2020,11.686
guy,2021,11.337
guy,2022,10.983
guy,2023,10.635
guy,2024,10.280
hnd,1973,100.48
hnd,1974,95.635
hnd,1975,116.55
hnd,1976,86.582
hnd,1977,82.173
hnd,1978,77.868
hnd,1979,73.602
hnd,1980,69.455
hnd,1981,65.557
hnd,1982,61.950
hnd,1983,58.484
hnd,1984,55.203
hnd,1985,52.136
hnd,1986,49.247
hnd,1987,46.521
hnd,1988,43.853
hnd,1989,41.471
hnd,1990,39.258
hnd,1991,37.241
hnd,1992,35.265
hnd,1993,33.372
hnd,1994,31.499
hnd,1995,29.642
hnd,1996,27.762
hnd,1997,25.974
hnd,1998,24.297
hnd,1999,46.895
hnd,2000,21.143
hnd,2001,19.725
hnd,2002,18.540
hnd,2003,17.478
hnd,2004,16.446
hnd,2005,15.426
hnd,2006,14.464
hnd,2007,13.550
hnd,2008,12.695
hnd,2009,11.976
hnd,2010,11.368
hnd,2011,10.836
hnd,2012,10.364
hnd,2013,9.9367
hnd,2014,9.5531
hnd,2015,9.2074
hnd,2016,8.8808
hnd,2017,8.5488
hnd,2018,8.2514
hnd,2019,7.9673
hnd,2020,7.7235
hnd,2021,7.4697
hnd,2022,7.2016
hnd,2023,6.9484
hnd,2024,6.7423
hrv,1983,7.0405
hrv,1984,6.6367
hrv,1985,6.2755
hrv,1986,6.0165
hrv,1987,5.8499
hrv,1988,5.7456
hrv,1989,5.6175
hrv,1990,5.3218
hrv,1991,4.7552
hrv,1992,5.9447
hrv,1993,3.7000
hrv,1994,3.5471
hrv,1995,3.5549
hrv,1996,3.6200
hrv,1997,3.6404
hrv,1998,3.5170
hrv,1999,3.2451
hrv,2000,2.9677
hrv,2001,2.8078
hrv,2002,2.7389
hrv,2003,2.6958
hrv,2004,3.4062
hrv,2005,2.5860
hrv,2006,2.5086
hrv,2007,2.4073
hrv,2008,2.2706
hrv,2009,2.1193
hrv,2010,1.9915
hrv,2011,1.9221
hrv,2012,1.9009
hrv,2013,1.8845
hrv,2014,1.8505
hrv,2015,1.8257
hrv,2016,1.8351
hrv,2017,1.8570
hrv,2018,1.8542
hrv,2019,1.8151
hrv,2020,1.7693
hrv,2021,1.7478
hrv,2022,1.7482
hrv,2023,1.7632
hrv,2024,1.7683
hti,1961,223.58
hti,1962,218.70
hti,1963,214.09
hti,1964,209.40
hti,1965,204.84
hti,1966,200.55
hti,1967,196.11
hti,1968,191.74
hti,1969,187.23
hti,1970,182.58
hti,1971,178.25
hti,1972,173.90
hti,1973,169.66
hti,1974,165.66
hti,1975,161.83
hti,1976,157.85
hti,1977,154.06
hti,1978,150.24
hti,1979,146.75
hti,1980,143.40
hti,1981,140.18
hti,1982,136.94
hti,1983,133.55
hti,1984,130.05
hti,1985,126.66
hti,1986,123.36
hti,1987,120.28
hti,1988,117.58
hti,1989,115.23
hti,1990,112.94
hti,1991,110.39
hti,1992,107.57
hti,1993,104.44
hti,1994,100.99
hti,1995,97.373
hti,1996,93.693
hti,1997,90.013
hti,1998,86.374
hti,1999,82.839
hti,2000,79.346
hti,2001,76.003
hti,2002,72.716
hti,2003,69.621
hti,2004,66.702
hti,2005,64.017
hti,2006,61.597
hti,2007,59.472
hti,2008,57.520
hti,2009,55.699
hti,2010,54.013
hti,2011,110.53
hti,2012,50.652
hti,2013,48.919
hti,2014,47.307
hti,2015,45.742
hti,2016,44.100
hti,2017,42.503
hti,2018,41.080
hti,2019,39.593
hti,2020,38.111
hti,2021,36.625
hti,2022,35.158
hti,2023,33.957
hti,2024,32.546
hun,1961,26.650
hun,1962,24.853
hun,1963,23.036
hun,1964,21.065
hun,1965,19.100
hun,1966,17.257
hun,1967,15.649
hun,1968,14.335
hun,1969,13.295
hun,1970,12.311
hun,1971,11.255
hun,1972,10.403
hun,1973,10.213
hun,1974,10.635
hun,1975,10.763
hun,1976,9.8626
hun,1977,8.5686
hun,1978,7.5898
hun,1979,7.1803
hun,1980,7.0253
hun,1981,6.8534
hun,1982,6.6624
hun,1983,6.5822
hun,1984,6.6488
hun,1985,6.7412
hun,1986,6.7137
hun,1987,6.5887
hun,1988,6.4477
hun,1989,6.3331
hun,1990,6.2408
hun,1991,6.1278
hun,1992,5.9884
hun,1993,5.8016
hun,1994,5.5814
hun,1995,5.3374
hun,1996,5.0830
hun,1997,4.8768
hun,1998,4.7577
hun,1999,4.7161
hun,2000,4.6362
hun,2001,4.4135
hun,2002,4.1109
hun,2003,3.8509
hun,2004,3.6845
hun,2005,3.5574
hun,2006,3.4289
hun,2007,3.2745
hun,2008,3.0897
hun,2009,2.8928
hun,2010,2.7339
hun,2011,2.6447
hun,2012,2.6120
hun,2013,2.5942
hun,2014,2.5612
hun,2015,2.4900
hun,2016,2.3667
hun,2017,2.2189
hun,2018,2.0918
hun,2019,1.9998
hun,2020,1.9285
hun,2021,1.8604
hun,2022,1.7999
hun,2023,1.7426
hun,2024,1.6963
idn,1954,223.56
idn,1955,216.09
idn,1956,208.65
idn,1957,201.51
idn,1958,194.59
idn,1959,188.09
idn,1960,181.87
idn,1961,176.10
idn,1962,170.58
idn,1963,165.29
idn,1964,160.03
idn,1965,154.86
idn,1966,185.52
idn,1967,144.30
idn,1968,139.00
idn,1969,133.72
idn,1970,128.57
idn,1971,123.52
idn,1972,118.72
idn,1973,114.08
idn,1974,109.78
idn,1975,105.75
idn,1976,101.95
idn,1977,98.441
idn,1978,95.027
idn,1979,91.772
idn,1980,88.655
idn,1981,85.637
idn,1982,82.665
idn,1983,79.798
idn,1984,76.999
idn,1985,74.161
idn,1986,71.181
idn,1987,68.076
idn,1988,64.920
idn,1989,61.657
idn,1990,58.338
idn,1991,54.953
idn,1992,51.572
idn,1993,48.304
idn,1994,45.241
idn,1995,42.400
idn,1996,39.816
idn,1997,37.487
idn,1998,35.358
idn,1999,33.423
idn,2000,31.608
idn,2001,29.872
idn,2002,28.204
idn,2003,26.562
idn,2004,24.956
idn,2005,29.358
idn,2006,21.950
idn,2007,20.549
idn,2008,19.261
idn,2009,18.181
idn,2010,17.345
idn,2011,16.577
idn,2012,15.901
idn,2013,15.270
idn,2014,14.681
idn,2015,14.124
idn,2016,13.587
idn,2017,13.060
idn,2018,12.570
idn,2019,12.116
idn,2020,11.718
idn,2021,11.298
idn,2022,10.922
idn,2023,10.545
idn,2024,10.206
ind,1970,144.14
ind,1971,141.77
ind,1972,139.14
ind,1973,136.30
ind,1974,133.13
ind,1975,129.70
ind,1976,125.94
ind,1977,121.86
ind,1978,117.50
ind,1979,113.04
ind,1980,108.44
ind,1981,104.11
ind,1982,100.03
ind,1983,96.416
ind,1984,93.154
ind,1985,90.180
ind,1986,87.347
ind,1987,84.599
ind,1988,81.771
ind,1989,78.953
ind,1990,76.220
ind,1991,73.572
ind,1992,71.018
ind,1993,68.602
ind,1994,66.243
ind,1995,63.938
ind,1996,61.510
ind,1997,59.049
ind,1998,56.570
ind,1999,54.115
ind,2000,51.629
ind,2001,49.218
ind,2002,46.832
ind,2003,44.587
ind,2004,42.379
ind,2005,40.245
ind,2006,38.066
ind,2007,35.870
ind,2008,33.659
ind,2009,31.456
ind,2010,29.309
ind,2011,27.221
ind,2012,25.167
ind,2013,23.231
ind,2014,21.410
ind,2015,19.704
ind,2016,18.109
ind,2017,16.635
ind,2018,15.237
ind,2019,14.055
ind,2020,13.205
ind,2021,12.429
ind,2022,11.739
ind,2023,11.138
ind,2024,10.636
irl,1961,14.413
irl,1962,14.001
irl,1963,13.620
irl,1964,13.170
irl,1965,12.559
irl,1966,11.773
irl,1967,10.911
irl,1968,10.140
irl,1969,9.6286
irl,1970,9.3529
irl,1971,9.2586
irl,1972,9.2387
irl,1973,9.1955
irl,1974,9.0497
irl,1975,8.8222
irl,1976,8.5953
irl,1977,8.3552
irl,1978,8.0987
irl,1979,7.8007
irl,1980,7.3957
irl,1981,6.9055
irl,1982,6.4266
irl,1983,6.0379
irl,1984,5.7342
irl,1985,5.5131
irl,1986,5.3978
irl,1987,5.3426
irl,1988,5.2818
irl,1989,5.1338
irl,1990,4.8589
irl,1991,4.4765
irl,1992,4.0363
irl,1993,3.6194
irl,1994,3.3042
irl,1995,3.1355
irl,1996,3.1160
irl,1997,3.1880
irl,1998,3.2577
irl,1999,3.2705
irl,2000,3.2265
irl,2001,3.1401
irl,2002,2.9967
irl,2003,2.7886
irl,2004,2.5516
irl,2005,2.3425
irl,2006,2.1981
irl,2007,2.1073
irl,2008,2.0315
irl,2009,1.9409
irl,2010,1.8276
irl,2011,1.6944
irl,2012,1.5605
irl,2013,1.4546
irl,2014,1.3783
irl,2015,1.3220
irl,2016,1.2709
irl,2017,1.2271
irl,2018,1.1885
irl,2019,1.1637
irl,2020,1.1622
irl,2021,1.1788
irl,2022,1.2083
irl,2023,1.2480
irl,2024,1.2819
irn,1990,35.856
irn,1991,33.376
irn,1992,31.276
irn,1993,29.308
irn,1994,27.553
irn,1995,25.958
irn,1996,24.468
irn,1997,23.046
irn,1998,21.601
irn,1999,20.128
irn,2000,18.566
irn,2001,17.006
irn,2002,15.665
irn,2003,14.300
irn,2004,12.981
irn,2005,11.748
irn,2006,10.590
irn,2007,9.5337
irn,2008,8.6194
irn,2009,7.8913
irn,2010,7.2908
irn,2011,6.8471
irn,2012,6.5224
irn,2013,6.2761
irn,2014,6.0050
irn,2015,5.7686
irn,2016,5.6189
irn,2017,5.4281
irn,2018,5.2697
irn,2019,5.1430
irn,2020,4.9863
irn,2021,4.8393
irn,2022,4.6889
irn,2023,4.5366
irn,2024,4.4039
irq,1984,36.131
irq,1985,34.633
irq,1986,33.231
irq,1987,31.975
irq,1988,30.873
irq,1989,43.103
irq,1990,55.587
irq,1991,54.487
irq,1992,39.760
irq,1993,26.736
irq,1994,26.018
irq,1995,25.291
irq,1996,24.577
irq,1997,23.808
irq,1998,23.067
irq,1999,22.333
irq,2000,21.620
irq,2001,20.974
irq,2002,20.315
irq,2003,19.705
irq,2004,19.100
irq,2005,18.555
irq,2006,17.963
irq,2007,17.378
irq,2008,16.774
irq,2009,16.200
irq,2010,15.702
irq,2011,15.230
irq,2012,14.723
irq,2013,14.243
irq,2014,13.798
irq,2015,13.322
irq,2016,12.857
irq,2017,12.404
irq,2018,12.005
irq,2019,11.615
irq,2020,11.229
irq,2021,10.847
irq,2022,10.539
irq,2023,10.175
irq,2024,9.8877
isl,1955,12.848
isl,1956,12.324
isl,1957,11.829
isl,1958,11.360
isl,1959,10.939
isl,1960,10.568
isl,1961,10.248
isl,1962,9.9221
isl,1963,9.6002
isl,1964,9.2609
isl,1965,8.8782
isl,1966,8.4582
isl,1967,7.9859
isl,1968,7.5246
isl,1969,7.1099
isl,1970,6.7604
isl,1971,6.4701
isl,1972,6.2067
isl,1973,6.0030
isl,1974,5.8185
isl,1975,5.6724
isl,1976,5.5004
isl,1977,5.3019
isl,1978,5.0774
isl,1979,4.8249
isl,1980,4.5546
isl,1981,4.2923
isl,1982,4.0509
isl,1983,3.8371
isl,1984,3.6546
isl,1985,3.5011
isl,1986,3.3731
isl,1987,3.2695
isl,1988,3.1706
isl,1989,3.0843
isl,1990,3.0095
isl,1991,2.9360
isl,1992,2.8536
isl,1993,2.7691
isl,1994,2.6719
isl,1995,2.5661
isl,1996,2.4578
isl,1997,2.3419
isl,1998,2.2311
isl,1999,2.1225
isl,2000,2.0108
isl,2001,1.9060
isl,2002,1.8037
isl,2003,1.7172
isl,2004,1.6378
isl,2005,1.5731
isl,2006,1.5158
isl,2007,1.4706
isl,2008,1.4307
isl,2009,1.3981
isl,2010,1.3708
isl,2011,1.3448
isl,2012,1.3263
isl,2013,1.3123
isl,2014,1.3049
isl,2015,1.2981
isl,2016,1.2973
isl,2017,1.3021
isl,2018,1.3074
isl,2019,1.3130
isl,2020,1.3152
isl,2021,1.3158
isl,2022,1.3075
isl,2023,1.2910
isl,2024,1.2665
isr,1976,12.063
isr,1977,11.078
isr,1978,10.141
isr,1979,9.3618
isr,1980,8.7514
isr,1981,8.3173
isr,1982,8.0113
isr,1983,7.7660
isr,1984,7.5035
isr,1985,7.1697
isr,1986,6.7281
isr,1987,6.2555
isr,1988,5.8829
isr,1989,5.6446
isr,1990,5.4940
isr,1991,5.3607
isr,1992,5.2097
isr,1993,5.0125
isr,1994,4.7663
isr,1995,4.5004
isr,1996,4.2472
isr,1997,4.0158
isr,1998,3.8136
isr,1999,3.6362
isr,2000,3.4717
isr,2001,3.3144
isr,2002,3.1711
isr,2003,3.0532
isr,2004,2.9675
isr,2005,2.8987
isr,2006,2.8324
isr,2007,2.7506
isr,2008,2.6267
isr,2009,2.4647
isr,2010,2.3040
isr,2011,2.1733
isr,2012,2.0762
isr,2013,1.9976
isr,2014,1.9316
isr,2015,1.8786
isr,2016,1.8375
isr,2017,1.8062
isr,2018,1.7736
isr,2019,1.7401
isr,2020,1.7098
isr,2021,1.6877
isr,2022,1.6737
isr,2023,1.6634
isr,2024,1.6502
ita,1961,27.969
ita,1962,26.845
ita,1963,25.327
ita,1964,23.143
ita,1965,20.740
ita,1966,18.730
ita,1967,17.356
ita,1968,16.397
ita,1969,15.567
ita,1970,14.688
ita,1971,13.444
ita,1972,11.878
ita,1973,10.374
ita,1974,9.1905
ita,1975,8.2557
ita,1976,7.3155
ita,1977,6.3590
ita,1978,5.5907
ita,1979,5.1407
ita,1980,4.9212
ita,1981,4.8116
ita,1982,4.7054
ita,1983,4.5273
ita,1984,4.2437
ita,1985,3.9284
ita,1986,3.6858
ita,1987,3.5413
ita,1988,3.4297
ita,1989,3.2986
ita,1990,3.1911
ita,1991,3.1920
ita,1992,3.2978
ita,1993,3.3539
ita,1994,3.2288
ita,1995,2.9842
ita,1996,2.7507
ita,1997,2.5801
ita,1998,2.4404
ita,1999,2.3028
ita,2000,2.1816
ita,2001,2.0979
ita,2002,2.0486
ita,2003,1.9957
ita,2004,1.9067
ita,2005,1.8098
ita,2006,1.7456
ita,2007,1.7256
ita,2008,1.7128
ita,2009,1.6717
ita,2010,1.6087
ita,2011,1.5490
ita,2012,1.5085
ita,2013,1.4775
ita,2014,1.4459
ita,2015,1.4137
ita,2016,1.3837
ita,2017,1.3559
ita,2018,1.3253
ita,2019,1.2915
ita,2020,1.2562
ita,2021,1.2219
ita,2022,1.1897
ita,2023,1.1604
ita,2024,1.1359
jam,1957,63.577
jam,1958,59.491
jam,1959,55.492
jam,1960,52.022
jam,1961,48.913
jam,1962,46.231
jam,1963,43.897
jam,1964,41.975
jam,1965,40.348
jam,1966,38.912
jam,1967,37.728
jam,1968,36.400
jam,1969,35.054
jam,1970,33.585
jam,1971,32.019
jam,1972,30.300
jam,1973,28.483
jam,1974,26.654
jam,1975,24.917
jam,1976,23.254
jam,1977,21.631
jam,1978,20.138
jam,1979,18.769
jam,1980,17.528
jam,1981,16.353
jam,1982,15.345
jam,1983,14.492
jam,1984,13.726
jam,1985,13.036
jam,1986,12.322
jam,1987,11.688
jam,1988,11.136
jam,1989,10.694
jam,1990,10.201
jam,1991,9.6988
jam,1992,9.2069
jam,1993,8.7567
jam,1994,8.2243
jam,1995,7.7058
jam,1996,7.1575
jam,1997,6.5609
jam,1998,5.9596
jam,1999,5.3885
jam,2000,4.9149
jam,2001,4.5473
jam,2002,4.2541
jam,2003,4.0504
jam,2004,3.9105
jam,2005,3.8362
jam,2006,3.7915
jam,2007,3.7935
jam,2008,3.8631
jam,2009,3.9230
jam,2010,3.9414
jam,2011,4.0064
jam,2012,4.0769
jam,2013,4.0988
jam,2014,4.1707
jam,2015,4.2901
jam,2016,4.4435
jam,2017,4.5950
jam,2018,4.6956
jam,2019,4.7545
jam,2020,4.7825
jam,2021,4.7898
jam,2022,4.8073
jam,2023,4.8341
jam,2024,4.8744
jor,1954,195.84
jor,1955,183.47
jor,1956,171.43
jor,1957,160.09
jor,1958,149.21
jor,1959,138.95
jor,1960,129.08
jor,1961,119.88
jor,1962,111.34
jor,1963,103.40
jor,1964,96.178
jor,1965,89.572
jor,1966,83.538
jor,1967,78.016
jor,1968,73.004
jor,1969,68.310
jor,1970,64.026
jor,1971,60.091
jor,1972,56.345
jor,1973,52.854
jor,1974,49.591
jor,1975,46.498
jor,1976,43.574
jor,1977,40.750
jor,1978,38.014
jor,1979,35.353
jor,1980,32.743
jor,1981,30.231
jor,1982,27.891
jor,1983,25.733
jor,1984,23.802
jor,1985,22.150
jor,1986,20.761
jor,1987,19.626
jor,1988,18.606
jor,1989,17.662
jor,1990,16.835
jor,1991,16.172
jor,1992,15.565
jor,1993,14.976
jor,1994,14.400
jor,1995,13.817
jor,1996,13.270
jor,1997,12.751
jor,1998,12.236
jor,1999,11.689
jor,2000,11.149
jor,2001,10.637
jor,2002,10.166
jor,2003,9.7159
jor,2004,9.3201
jor,2005,8.9665
jor,2006,8.6775
jor,2007,8.4342
jor,2008,8.2196
jor,2009,8.0225
jor,2010,7.8445
jor,2011,7.6648
jor,2012,7.4808
jor,2013,7.3116
jor,2014,7.1586
jor,2015,6.9970
jor,2016,6.8454
jor,2017,6.7127
jor,2018,6.5741
jor,2019,6.4546
jor,2020,6.3184
jor,2021,6.1599
jor,2022,6.0212
jor,2023,5.8642
jor,2024,5.6947
jpn,1969,10.020
jpn,1970,9.4258
jpn,1971,8.8735
jpn,1972,8.3594
jpn,1973,7.9127
jpn,1974,7.5125
jpn,1975,7.0899
jpn,1976,6.6035
jpn,1977,6.1126
jpn,1978,5.7156
jpn,1979,5.4461
jpn,1980,5.2291
jpn,1981,5.0056
jpn,1982,4.7765
jpn,1983,4.5702
jpn,1984,4.3929
jpn,1985,4.2409
jpn,1986,4.1063
jpn,1987,3.9941
jpn,1988,3.9083
jpn,1989,3.8492
jpn,1990,3.8122
jpn,1991,3.7891
jpn,1992,3.7692
jpn,1993,3.7445
jpn,1994,3.7003
jpn,1995,3.6291
jpn,1996,3.5279
jpn,1997,3.3988
jpn,1998,3.2470
jpn,1999,3.0835
jpn,2000,2.9129
jpn,2001,2.7411
jpn,2002,2.5872
jpn,2003,2.4724
jpn,2004,2.4020
jpn,2005,2.3584
jpn,2006,2.3236
jpn,2007,2.2910
jpn,2008,2.2574
jpn,2009,2.2221
jpn,2010,2.1868
jpn,2011,2.1489
jpn,2012,2.2106
jpn,2013,2.0484
jpn,2014,1.9776
jpn,2015,1.9044
jpn,2016,1.8372
jpn,2017,1.7775
jpn,2018,1.7203
jpn,2019,1.6644
jpn,2020,1.6154
jpn,2021,1.5788
jpn,2022,1.5574
jpn,2023,1.5523
jpn,2024,1.5608
kaz,1973,58.064
kaz,1974,56.443
kaz,1975,54.868
kaz,1976,53.593
kaz,1977,52.394
kaz,1978,51.316
kaz,1979,50.119
kaz,1980,48.776
kaz,1981,47.097
kaz,1982,45.129
kaz,1983,43.117
kaz,1984,41.052
kaz,1985,38.999
kaz,1986,37.011
kaz,1987,35.073
kaz,1988,33.316
kaz,1989,31.804
kaz,1990,30.543
kaz,1991,29.715
kaz,1992,29.212
kaz,1993,29.071
kaz,1994,29.156
kaz,1995,29.108
kaz,1996,28.520
kaz,1997,27.243
kaz,1998,25.531
kaz,1999,23.450
kaz,2000,21.304
kaz,2001,19.114
kaz,2002,17.121
kaz,2003,15.353
kaz,2004,13.966
kaz,2005,12.773
kaz,2006,11.657
kaz,2007,10.697
kaz,2008,10.006
kaz,2009,9.5339
kaz,2010,9.1407
kaz,2011,8.7002
kaz,2012,8.2279
kaz,2013,7.7594
kaz,2014,7.3086
kaz,2015,6.8642
kaz,2016,6.4214
kaz,2017,6.0408
kaz,2018,5.7769
kaz,2019,5.6223
kaz,2020,5.5081
kaz,2021,5.3618
kaz,2022,5.2351
kaz,2023,5.2383
kaz,2024,5.3784
ken,1955,221.07
ken,1956,207.31
ken,1957,194.62
ken,1958,183.17
ken,1959,172.90
ken,1960,163.72
ken,1961,155.61
ken,1962,148.52
ken,1963,142.43
ken,1964,137.19
ken,1965,132.97
ken,1966,129.55
ken,1967,126.60
ken,1968,123.94
ken,1969,121.24
ken,1970,118.56
ken,1971,115.67
ken,1972,112.82
ken,1973,109.84
ken,1974,106.60
ken,1975,103.18
ken,1976,99.469
ken,1977,95.499
ken,1978,91.434
ken,1979,87.346
ken,1980,83.483
ken,1981,79.952
ken,1982,76.705
ken,1983,73.777
ken,1984,71.354
ken,1985,69.452
ken,1986,68.253
ken,1987,68.037
ken,1988,68.754
ken,1989,70.526
ken,1990,73.318
ken,1991,76.706
ken,1992,80.145
ken,1993,83.083
ken,1994,85.080
ken,1995,85.987
ken,1996,85.688
ken,1997,84.441
ken,1998,82.361
ken,1999,79.445
ken,2000,75.785
ken,2001,71.596
ken,2002,67.016
ken,2003,62.198
ken,2004,57.395
ken,2005,52.711
ken,2006,47.882
ken,2007,43.680
ken,2008,40.004
ken,2009,35.146
ken,2010,32.447
ken,2011,30.606
ken,2012,29.335
ken,2013,28.313
ken,2014,27.004
ken,2015,25.778
ken,2016,24.448
ken,2017,23.202
ken,2018,22.640
ken,2019,21.869
ken,2020,21.089
ken,2021,20.887
ken,2022,20.257
ken,2023,19.686
ken,2024,18.793
kgz,1980,75.202
kgz,1981,72.382
kgz,1982,69.413
kgz,1983,66.232
kgz,1984,62.753
kgz,1985,59.144
kgz,1986,55.299
kgz,1987,51.639
kgz,1988,48.284
kgz,1989,45.315
kgz,1990,43.114
kgz,1991,41.922
kgz,1992,41.199
kgz,1993,40.776
kgz,1994,40.422
kgz,1995,40.070
kgz,1996,39.165
kgz,1997,37.916
kgz,1998,36.367
kgz,1999,34.523
kgz,2000,32.628
kgz,2001,30.539
kgz,2002,28.389
kgz,2003,26.262
kgz,2004,24.186
kgz,2005,22.197
kgz,2006,20.435
kgz,2007,18.772
kgz,2008,17.230
kgz,2009,15.793
kgz,2010,14.407
kgz,2011,13.148
kgz,2012,12.021
kgz,2013,11.071
kgz,2014,10.276
kgz,2015,9.5564
kgz,2016,8.8766
kgz,2017,8.2639
kgz,2018,7.7185
kgz,2019,7.2681
kgz,2020,6.8927
kgz,2021,6.6323
kgz,2022,6.4450
kgz,2023,6.3293
kgz,2024,6.2159
khm,1978,491.91
khm,1979,450.06
khm,1980,160.37
khm,1981,135.63
khm,1982,114.92
khm,1983,99.294
khm,1984,89.492
khm,1985,83.938
khm,1986,80.939
khm,1987,79.319
khm,1988,78.582
khm,1989,78.485
khm,1990,78.844
khm,1991,79.180
khm,1992,79.470
khm,1993,80.125
khm,1994,81.230
khm,1995,82.721
khm,1996,84.031
khm,1997,84.679
khm,1998,84.362
khm,1999,82.857
khm,2000,79.301
khm,2001,73.271
khm,2002,65.199
khm,2003,56.958
khm,2004,49.703
khm,2005,43.732
khm,2006,38.892
khm,2007,34.942
khm,2008,31.596
khm,2009,28.438
khm,2010,25.535
khm,2011,22.888
khm,2012,20.654
khm,2013,18.800
khm,2014,17.430
khm,2015,16.363
khm,2016,15.503
khm,2017,14.755
khm,2018,14.104
khm,2019,13.551
khm,2020,13.078
khm,2021,12.578
khm,2022,12.162
khm,2023,11.701
khm,2024,11.201
kir,1990,61.978
kir,1991,58.880
kir,1992,56.055
kir,1993,53.394
kir,1994,50.884
kir,1995,48.874
kir,1996,47.102
kir,1997,45.590
kir,1998,44.218
kir,1999,42.852
kir,2000,41.476
kir,2001,40.248
kir,2002,39.088
kir,2003,38.202
kir,2004,37.600
kir,2005,37.284
kir,2006,37.095
kir,2007,36.937
kir,2008,36.734
kir,2009,36.412
kir,2010,36.034
kir,2011,35.570
kir,2012,35.337
kir,2013,35.226
kir,2014,35.389
kir,2015,35.756
kir,2016,36.186
kir,2017,36.673
kir,2018,36.900
kir,2019,36.846
kir,2020,36.481
kir,2021,36.017
kir,2022,35.333
kir,2023,34.498
kir,2024,33.479
kna,1978,32.719
kna,1979,31.126
kna,1980,29.169
kna,1981,26.952
kna,1982,24.603
kna,1983,22.152
kna,1984,19.839
kna,1985,17.734
kna,1986,15.919
kna,1987,14.620
kna,1988,13.690
kna,1989,12.942
kna,1990,12.284
kna,1991,11.796
kna,1992,11.355
kna,1993,10.955
kna,1994,10.635
kna,1995,10.379
kna,1996,10.148
kna,1997,9.9138
kna,1998,9.6835
kna,1999,9.4035
kna,2000,9.0991
kna,2001,8.7598
kna,2002,8.4081
kna,2003,8.0881
kna,2004,7.8111
kna,2005,7.5786
kna,2006,7.4102
kna,2007,7.2787
kna,2008,7.1883
kna,2009,7.1661
kna,2010,7.1834
kna,2011,7.2052
kna,2012,7.2519
kna,2013,7.2700
kna,2014,7.3263
kna,2015,7.3538
kna,2016,7.2873
kna,2017,7.1577
kna,2018,7.0087
kna,2019,6.9171
kna,2020,6.7799
kna,2021,6.5793
kna,2022,6.3858
kna,2023,6.2182
kna,2024,6.0386
kor,1952,276.85
kor,1953,231.54
kor,1954,194.59
kor,1955,165.50
kor,1956,142.51
kor,1957,124.58
kor,1958,110.89
kor,1959,100.40
kor,1960,92.293
kor,1961,85.814
kor,1962,80.433
kor,1963,75.571
kor,1964,70.874
kor,1965,66.199
kor,1966,61.419
kor,1967,56.486
kor,1968,51.553
kor,1969,46.838
kor,1970,42.284
kor,1971,38.235
kor,1972,34.776
kor,1973,31.917
kor,1974,29.602
kor,1975,27.760
kor,1976,26.176
kor,1977,24.774
kor,1978,23.436
kor,1979,22.087
kor,1980,20.670
kor,1981,19.216
kor,1982,18.010
kor,1983,16.762
kor,1984,15.522
kor,1985,14.256
kor,1986,13.032
kor,1987,11.893
kor,1988,10.848
kor,1989,9.8922
kor,1990,9.0499
kor,1991,8.3249
kor,1992,7.6818
kor,1993,7.0968
kor,1994,6.5736
kor,1995,6.0978
kor,1996,5.6665
kor,1997,5.2731
kor,1998,4.9244
kor,1999,4.6269
kor,2000,4.3783
kor,2001,4.1695
kor,2002,3.9706
kor,2003,3.7731
kor,2004,3.5751
kor,2005,3.3756
kor,2006,3.1806
kor,2007,2.9940
kor,2008,2.8205
kor,2009,2.6635
kor,2010,2.5148
kor,2011,2.3798
kor,2012,2.2531
kor,2013,2.1393
kor,2014,2.0388
kor,2015,1.9561
kor,2016,1.8876
kor,2017,1.8232
kor,2018,1.7650
kor,2019,1.7178
kor,2020,1.6877
kor,2021,1.6695
kor,2022,1.6511
kor,2023,1.6250
kor,2024,1.5915
kwt,1986,10.599
kwt,1987,9.6698
kwt,1988,8.8764
kwt,1989,8.2173
kwt,1990,7.6770
kwt,1991,7.2363
kwt,1992,6.9108
kwt,1993,6.7019
kwt,1994,6.6167
kwt,1995,6.6067
kwt,1996,6.6268
kwt,1997,6.6291
kwt,1998,6.5623
kwt,1999,6.4199
kwt,2000,6.2744
kwt,2001,6.1954
kwt,2002,6.1704
kwt,2003,6.1582
kwt,2004,6.1229
kwt,2005,6.0572
kwt,2006,5.9544
kwt,2007,5.8360
kwt,2008,5.7125
kwt,2009,5.5985
kwt,2010,5.4524
kwt,2011,5.2502
kwt,2012,5.0013
kwt,2013,4.7573
kwt,2014,4.5360
kwt,2015,4.3438
kwt,2016,4.1714
kwt,2017,4.0297
kwt,2018,3.9340
kwt,2019,3.8847
kwt,2020,3.8791
kwt,2021,3.9104
kwt,2022,3.9440
kwt,2023,3.9588
kwt,2024,3.9343
lao,1983,148.73
lao,1984,143.93
lao,1985,139.29
lao,1986,134.84
lao,1987,130.09
lao,1988,125.47
lao,1989,120.91
lao,1990,116.55
lao,1991,112.07
lao,1992,107.55
lao,1993,103.07
lao,1994,98.567
lao,1995,94.295
lao,1996,90.191
lao,1997,86.213
lao,1998,82.422
lao,1999,78.833
lao,2000,75.343
lao,2001,71.882
lao,2002,68.417
lao,2003,64.927
lao,2004,61.480
lao,2005,58.154
lao,2006,54.875
lao,2007,51.661
lao,2008,48.586
lao,2009,45.645
lao,2010,42.822
lao,2011,40.257
lao,2012,37.769
lao,2013,35.456
lao,2014,33.247
lao,2015,31.215
lao,2016,29.369
lao,2017,27.658
lao,2018,26.144
lao,2019,24.754
lao,2020,23.563
lao,2021,22.445
lao,2022,21.367
lao,2023,20.347
lao,2024,19.362
lbn,1974,26.176
lbn,1975,25.841
lbn,1976,25.293
lbn,1977,157.01
lbn,1978,44.279
lbn,1979,45.118
lbn,1980,46.270
lbn,1981,44.761
lbn,1982,43.154
lbn,1983,94.626
lbn,1984,26.975
lbn,1985,25.656
lbn,1986,24.422
lbn,1987,23.144
lbn,1988,34.323
lbn,1989,33.274
lbn,1990,12.429
lbn,1991,11.968
lbn,1992,11.500
lbn,1993,11.055
lbn,1994,10.686
lbn,1995,10.282
lbn,1996,9.9306
lbn,1997,9.5559
lbn,1998,9.1800
lbn,1999,8.7991
lbn,2000,8.4041
lbn,2001,8.0039
lbn,2002,7.5887
lbn,2003,7.1940
lbn,2004,6.8196
lbn,2005,6.4687
lbn,2006,6.1633
lbn,2007,5.8727
lbn,2008,5.6469
lbn,2009,5.4340
lbn,2010,5.2907
lbn,2011,5.1812
lbn,2012,5.1278
lbn,2013,5.0838
lbn,2014,5.1074
lbn,2015,5.1668
lbn,2016,5.2435
lbn,2017,5.3753
lbn,2018,5.5368
lbn,2019,5.7411
lbn,2020,5.9658
lbn,2021,6.2241
lbn,2022,6.5318
lbn,2023,6.8731
lbn,2024,7.2563
lbr,1964,231.11
lbr,1965,230.33
lbr,1966,229.45
lbr,1967,228.36
lbr,1968,226.33
lbr,1969,223.52
lbr,1970,219.89
lbr,1971,216.47
lbr,1972,213.07
lbr,1973,209.72
lbr,1974,206.50
lbr,1975,203.33
lbr,1976,200.00
lbr,1977,196.78
lbr,1978,193.90
lbr,1979,191.31
lbr,1980,188.95
lbr,1981,186.73
lbr,1982,184.97
lbr,1983,184.07
lbr,1984,184.51
lbr,1985,186.45
lbr,1986,190.05
lbr,1987,195.16
lbr,1988,201.43
lbr,1989,208.37
lbr,1990,215.07
lbr,1991,220.36
lbr,1992,223.41
lbr,1993,223.54
lbr,1994,220.15
lbr,1995,214.26
lbr,1996,206.01
lbr,1997,196.60
lbr,1998,185.88
lbr,1999,174.57
lbr,2000,162.88
lbr,2001,150.85
lbr,2002,139.04
lbr,2003,127.48
lbr,2004,116.46
lbr,2005,106.28
lbr,2006,97.475
lbr,2007,90.086
lbr,2008,84.199
lbr,2009,79.555
lbr,2010,75.760
lbr,2011,72.476
lbr,2012,69.551
lbr,2013,66.732
lbr,2014,63.998
lbr,2015,63.730
lbr,2016,59.481
lbr,2017,57.138
lbr,2018,55.119
lbr,2019,53.397
lbr,2020,51.687
lbr,2021,49.897
lbr,2022,48.099
lbr,2023,46.264
lbr,2024,44.556
lby,1973,82.403
lby,1974,75.359
lby,1975,69.094
lby,1976,63.433
lby,1977,58.446
lby,1978,54.197
lby,1979,50.336
lby,1980,46.923
lby,1981,43.839
lby,1982,41.058
lby,1983,38.437
lby,1984,35.916
lby,1985,33.519
lby,1986,31.207
lby,1987,28.956
lby,1988,26.864
lby,1989,24.793
lby,1990,22.860
lby,1991,21.089
lby,1992,19.500
lby,1993,18.145
lby,1994,17.103
lby,1995,16.358
lby,1996,15.648
lby,1997,15.070
lby,1998,14.561
lby,1999,14.088
lby,2000,13.649
lby,2001,13.227
lby,2002,12.822
lby,2003,12.419
lby,2004,11.968
lby,2005,11.433
lby,2006,10.813
lby,2007,10.142
lby,2008,9.4393
lby,2009,8.7827
lby,2010,8.2285
lby,2011,7.7785
lby,2012,11.128
lby,2013,7.0608
lby,2014,6.7829
lby,2015,6.4992
lby,2016,6.2321
lby,2017,5.9929
lby,2018,5.7733
lby,2019,5.5853
lby,2020,5.4264
lby,2021,5.2577
lby,2022,5.1105
lby,2023,4.9355
lby,2024,25.213
lca,1973,41.312
lca,1974,37.599
lca,1975,34.209
lca,1976,30.914
lca,1977,27.614
lca,1978,24.184
lca,1979,20.861
lca,1980,18.164
lca,1981,15.928
lca,1982,14.095
lca,1983,12.699
lca,1984,11.664
lca,1985,10.870
lca,1986,10.257
lca,1987,9.8036
lca,1988,9.4555
lca,1989,9.2181
lca,1990,9.0529
lca,1991,8.9783
lca,1992,8.9636
lca,1993,8.9939
lca,1994,9.0426
lca,1995,9.0376
lca,1996,8.9374
lca,1997,8.7349
lca,1998,8.4299
lca,1999,8.0404
lca,2000,7.6026
lca,2001,7.1514
lca,2002,6.7120
lca,2003,6.3208
lca,2004,5.9988
lca,2005,5.7580
lca,2006,5.6095
lca,2007,5.5377
lca,2008,5.5202
lca,2009,5.5244
lca,2010,5.4900
lca,2011,5.4134
lca,2012,5.3218
lca,2013,5.2647
lca,2014,5.2559
lca,2015,5.2940
lca,2016,5.3550
lca,2017,5.4365
lca,2018,5.5294
lca,2019,5.6273
lca,2020,5.6807
lca,2021,5.6958
lca,2022,5.6752
lca,2023,5.6251
lca,2024,5.5526
lka,1953,86.473
lka,1954,85.047
lka,1955,83.217
lka,1956,80.642
lka,1957,77.165
lka,1958,72.395
lka,1959,66.991
lka,1960,61.462
lka,1961,56.557
lka,1962,52.786
lka,1963,50.449
lka,1964,49.082
lka,1965,47.774
lka,1966,46.101
lka,1967,44.088
lka,1968,42.114
lka,1969,40.530
lka,1970,39.510
lka,1971,39.254
lka,1972,39.475
lka,1973,39.883
lka,1974,40.099
lka,1975,39.840
lka,1976,38.734
lka,1977,36.694
lka,1978,33.715
lka,1979,29.966
lka,1980,26.167
lka,1981,23.450
lka,1982,22.412
lka,1983,21.880
lka,1984,20.164
lka,1985,17.146
lka,1986,13.632
lka,1987,10.799
lka,1988,9.0426
lka,1989,8.3476
lka,1990,12.420
lka,1991,9.1498
lka,1992,9.6275
lka,1993,9.6738
lka,1994,9.2728
lka,1995,8.5719
lka,1996,7.8667
lka,1997,7.3533
lka,1998,7.0280
lka,1999,6.8350
lka,2000,6.7300
lka,2001,6.6313
lka,2002,6.4721
lka,2003,6.3950
lka,2004,6.6026
lka,2005,20.998
lka,2006,7.2120
lka,2007,6.7748
lka,2008,6.0139
lka,2009,5.3928
lka,2010,14.203
lka,2011,4.9111
lka,2012,4.6570
lka,2013,4.3057
lka,2014,3.9581
lka,2015,3.6730
lka,2016,3.4131
lka,2017,3.1386
lka,2018,2.8647
lka,2019,2.6286
lka,2020,2.4429
lka,2021,2.2979
lka,2022,2.1766
lka,2023,2.0840
lka,2024,2.0093
lso,1955,159.05
lso,1956,152.41
lso,1957,146.38
lso,1958,141.03
lso,1959,136.75
lso,1960,133.37
lso,1961,131.27
lso,1962,130.00
lso,1963,129.61
lso,1964,129.82
lso,1965,130.39
lso,1966,130.46
lso,1967,130.22
lso,1968,129.29
lso,1969,127.52
lso,1970,125.34
lso,1971,122.61
lso,1972,119.69
lso,1973,116.63
lso,1974,113.51
lso,1975,110.02
lso,1976,106.08
lso,1977,101.54
lso,1978,96.894
lso,1979,92.132
lso,1980,87.366
lso,1981,82.663
lso,1982,77.630
lso,1983,72.914
lso,1984,68.369
lso,1985,64.150
lso,1986,60.422
lso,1987,57.069
lso,1988,53.993
lso,1989,51.345
lso,1990,49.294
lso,1991,47.908
lso,1992,47.500
lso,1993,48.460
lso,1994,50.878
lso,1995,54.540
lso,1996,58.759
lso,1997,62.993
lso,1998,66.768
lso,1999,70.082
lso,2000,72.922
lso,2001,74.954
lso,2002,76.305
lso,2003,77.224
lso,2004,78.142
lso,2005,78.907
lso,2006,79.742
lso,2007,79.533
lso,2008,75.922
lso,2009,73.623
lso,2010,61.398
lso,2011,55.418
lso,2012,51.666
lso,2013,48.702
lso,2014,46.690
lso,2015,45.073
lso,2016,42.408
lso,2017,39.650
lso,2018,39.666
lso,2019,38.158
lso,2020,38.525
lso,2021,37.215
lso,2022,35.423
lso,2023,33.112
lso,2024,31.086
ltu,1982,12.615
ltu,1983,12.335
ltu,1984,11.904
ltu,1985,11.257
ltu,1986,10.411
ltu,1987,9.4684
ltu,1988,8.5530
ltu,1989,7.9026
ltu,1990,7.5989
ltu,1991,7.4262
ltu,1992,7.2079
ltu,1993,7.1433
ltu,1994,7.4446
ltu,1995,7.6692
ltu,1996,7.4435
ltu,1997,7.0241
ltu,1998,6.7358
ltu,1999,6.5818
ltu,2000,6.4361
ltu,2001,6.2172
ltu,2002,5.9273
ltu,2003,5.5930
ltu,2004,5.2475
ltu,2005,4.9635
ltu,2006,4.7839
ltu,2007,4.6252
ltu,2008,4.3736
ltu,2009,4.0192
ltu,2010,3.6073
ltu,2011,3.1942
ltu,2012,2.8652
ltu,2013,2.6871
ltu,2014,2.6454
ltu,2015,2.6550
ltu,2016,2.6348
ltu,2017,2.5190
ltu,2018,2.2770
ltu,2019,1.9805
ltu,2020,1.7282
ltu,2021,1.5821
ltu,2022,1.5050
ltu,2023,1.4619
ltu,2024,1.4345
lux,1966,12.251
lux,1967,12.093
lux,1968,11.733
lux,1969,11.166
lux,1970,10.453
lux,1971,9.7365
lux,1972,9.1944
lux,1973,8.8241
lux,1974,8.4271
lux,1975,7.9205
lux,1976,7.3648
lux,1977,6.9720
lux,1978,6.7993
lux,1979,6.7874
lux,1980,6.8658
lux,1981,6.9628
lux,1982,6.9941
lux,1983,6.9454
lux,1984,6.7784
lux,1985,6.5241
lux,1986,6.2090
lux,1987,5.8506
lux,1988,5.4854
lux,1989,5.1396
lux,1990,4.8318
lux,1991,4.5687
lux,1992,4.3303
lux,1993,4.0910
lux,1994,3.8386
lux,1995,3.5862
lux,1996,3.3251
lux,1997,3.0782
lux,1998,2.8512
lux,1999,2.6501
lux,2000,2.4641
lux,2001,2.3083
lux,2002,2.1676
lux,2003,2.0402
lux,2004,1.9268
lux,2005,1.8229
lux,2006,1.7207
lux,2007,1.6226
lux,2008,1.5232
lux,2009,1.4286
lux,2010,1.3456
lux,2011,1.2715
lux,2012,1.2076
lux,2013,1.1579
lux,2014,1.1134
lux,2015,1.0732
lux,2016,1.0341
lux,2017,0.99422
lux,2018,0.94536
lux,2019,0.89618
lux,2020,0.83913
lux,2021,0.78906
lux,2022,0.74367
lux,2023,0.71215
lux,2024,0.68891
lva,1981,13.336
lva,1982,13.368
lva,1983,13.265
lva,1984,12.858
lva,1985,12.033
lva,1986,10.962
lva,1987,9.9384
lva,1988,9.1326
lva,1989,8.6657
lva,1990,8.5917
lva,1991,8.7452
lva,1992,8.8836
lva,1993,8.8535
lva,1994,8.7242
lva,1995,8.6306
lva,1996,8.5680
lva,1997,8.4833
lva,1998,8.3270
lva,1999,8.0373
lva,2000,7.6016
lva,2001,7.1173
lva,2002,6.7230
lva,2003,6.4272
lva,2004,6.1064
lva,2005,5.6580
lva,2006,5.1459
lva,2007,4.6964
lva,2008,4.3424
lva,2009,4.0555
lva,2010,3.8123
lva,2011,3.5922
lva,2012,3.3606
lva,2013,3.1155
lva,2014,2.8631
lva,2015,2.6107
lva,2016,2.3714
lva,2017,2.1736
lva,2018,2.0231
lva,2019,1.9050
lva,2020,1.8091
lva,2021,1.7328
lva,2022,1.6526
lva,2023,1.5597
lva,2024,1.4627
mar,1958,203.93
mar,1959,198.77
mar,1960,193.84
mar,1961,189.13
mar,1962,184.44
mar,1963,179.91
mar,1964,175.21
mar,1965,170.31
mar,1966,165.38
mar,1967,160.38
mar,1968,155.32
mar,1969,150.70
mar,1970,146.28
mar,1971,142.16
mar,1972,138.34
mar,1973,134.74
mar,1974,130.98
mar,1975,126.84
mar,1976,121.84
mar,1977,116.28
mar,1978,110.10
mar,1979,103.61
mar,1980,97.090
mar,1981,90.767
mar,1982,84.637
mar,1983,78.890
mar,1984,73.467
mar,1985,68.428
mar,1986,63.692
mar,1987,59.353
mar,1988,55.438
mar,1989,51.870
mar,1990,48.627
mar,1991,45.685
mar,1992,42.957
mar,1993,40.385
mar,1994,37.937
mar,1995,35.658
mar,1996,33.476
mar,1997,31.441
mar,1998,29.586
mar,1999,27.856
mar,2000,26.157
mar,2001,24.572
mar,2002,23.078
mar,2003,21.548
mar,2004,20.098
mar,2005,18.670
mar,2006,17.251
mar,2007,15.910
mar,2008,14.620
mar,2009,13.724
mar,2010,12.914
mar,2011,12.149
mar,2012,11.448
mar,2013,10.834
mar,2014,10.207
mar,2015,9.6335
mar,2016,9.1054
mar,2017,8.6109
mar,2018,8.2273
mar,2019,7.8613
mar,2020,7.5510
mar,2021,7.2577
mar,2022,6.9561
mar,2023,6.6717
mar,2024,6.4603
mco,1990,3.7614
mco,1991,3.5822
mco,1992,3.4206
mco,1993,3.2765
mco,1994,3.1391
mco,1995,3.0136
mco,1996,2.8869
mco,1997,2.7758
mco,1998,2.6661
mco,1999,2.5646
mco,2000,2.4774
mco,2001,2.3965
mco,2002,2.3154
mco,2003,2.2444
mco,2004,2.1845
mco,2005,2.1259
mco,2006,2.0764
mco,2007,2.0263
mco,2008,1.9853
mco,2009,1.9346
mco,2010,1.8938
mco,2011,1.8502
mco,2012,1.8083
mco,2013,1.7642
mco,2014,1.7273
mco,2015,1.6866
mco,2016,1.6446
mco,2017,1.5972
mco,2018,1.5557
mco,2019,1.5107
mco,2020,1.4673
mco,2021,1.4193
mco,2022,1.3776
mco,2023,1.3353
mco,2024,1.2935
mda,1983,25.247
mda,1984,23.623
mda,1985,21.982
mda,1986,20.357
mda,1987,18.814
mda,1988,17.530
mda,1989,16.547
mda,1990,15.820
mda,1991,15.391
mda,1992,15.381
mda,1993,15.592
mda,1994,15.964
mda,1995,16.312
mda,1996,16.377
mda,1997,15.905
mda,1998,15.031
mda,1999,13.821
mda,2000,12.566
mda,2001,11.306
mda,2002,10.017
mda,2003,8.9027
mda,2004,7.9026
mda,2005,7.0587
mda,2006,6.3504
mda,2007,5.8147
mda,2008,5.3546
mda,2009,4.9963
mda,2010,4.7340
mda,2011,4.5376
mda,2012,4.4303
mda,2013,4.3355
mda,2014,4.2468
mda,2015,4.2019
mda,2016,4.1205
mda,2017,4.0693
mda,2018,4.0419
mda,2019,4.0269
mda,2020,4.0519
mda,2021,4.0616
mda,2022,4.0185
mda,2023,3.9895
mda,2024,3.9467
mdg,1973,122.27
mdg,1974,124.51
mdg,1975,126.82
mdg,1976,129.06
mdg,1977,131.05
mdg,1978,132.86
mdg,1979,134.38
mdg,1980,135.97
mdg,1981,137.81
mdg,1982,139.96
mdg,1983,141.80
mdg,1984,143.12
mdg,1985,143.33
mdg,1986,142.35
mdg,1987,140.02
mdg,1988,136.47
mdg,1989,131.96
mdg,1990,126.82
mdg,1991,121.61
mdg,1992,116.56
mdg,1993,111.90
mdg,1994,107.51
mdg,1995,103.20
mdg,1996,98.890
mdg,1997,94.435
mdg,1998,89.797
mdg,1999,85.100
mdg,2000,80.616
mdg,2001,76.213
mdg,2002,72.147
mdg,2003,68.357
mdg,2004,64.863
mdg,2005,61.578
mdg,2006,58.559
mdg,2007,55.655
mdg,2008,52.967
mdg,2009,50.572
mdg,2010,48.531
mdg,2011,46.761
mdg,2012,45.319
mdg,2013,44.294
mdg,2014,43.601
mdg,2015,43.052
mdg,2016,42.807
mdg,2017,42.719
mdg,2018,42.732
mdg,2019,42.829
mdg,2020,43.023
mdg,2021,43.158
mdg,2022,43.134
mdg,2023,42.727
mdg,2024,41.930
mdv,1987,60.225
mdv,1988,56.042
mdv,1989,52.194
mdv,1990,48.547
mdv,1991,45.211
mdv,1992,41.982
mdv,1993,38.897
mdv,1994,35.980
mdv,1995,33.115
mdv,1996,30.387
mdv,1997,27.692
mdv,1998,25.048
mdv,1999,22.410
mdv,2000,19.746
mdv,2001,17.190
mdv,2002,15.127
mdv,2003,13.443
mdv,2004,11.831
mdv,2005,13.188
mdv,2006,9.1039
mdv,2007,8.1305
mdv,2008,7.4060
mdv,2009,6.9050
mdv,2010,6.5167
mdv,2011,6.2358
mdv,2012,5.9793
mdv,2013,5.6504
mdv,2014,5.2018
mdv,2015,4.6468
mdv,2016,4.0361
mdv,2017,3.4446
mdv,2018,2.9493
mdv,2019,2.6056
mdv,2020,2.3632
mdv,2021,2.1930
mdv,2022,2.0543
mdv,2023,1.9459
mdv,2024,1.8541
mex,1954,162.24
mex,1955,152.42
mex,1956,143.29
mex,1957,134.73
mex,1958,127.13
mex,1959,120.28
mex,1960,114.15
mex,1961,108.48
mex,1962,103.38
mex,1963,98.502
mex,1964,93.769
mex,1965,88.969
mex,1966,84.170
mex,1967,79.484
mex,1968,75.307
mex,1969,71.596
mex,1970,68.415
mex,1971,65.698
mex,1972,63.269
mex,1973,60.982
mex,1974,58.754
mex,1975,56.666
mex,1976,54.674
mex,1977,52.687
mex,1978,50.608
mex,1979,48.345
mex,1980,45.905
mex,1981,43.403
mex,1982,40.949
mex,1983,38.530
mex,1984,36.235
mex,1985,34.073
mex,1986,32.053
mex,1987,30.135
mex,1988,28.330
mex,1989,26.645
mex,1990,25.008
mex,1991,23.424
mex,1992,21.923
mex,1993,20.513
mex,1994,19.197
mex,1995,18.014
mex,1996,17.078
mex,1997,16.341
mex,1998,15.646
mex,1999,15.017
mex,2000,14.471
mex,2001,14.064
mex,2002,13.768
mex,2003,13.582
mex,2004,13.449
mex,2005,13.315
mex,2006,13.075
mex,2007,12.659
mex,2008,12.059
mex,2009,11.377
mex,2010,10.760
mex,2011,10.207
mex,2012,9.7447
mex,2013,9.3397
mex,2014,8.9454
mex,2015,8.5068
mex,2016,8.0030
mex,2017,7.3779
mex,2018,6.6831
mex,2019,6.0713
mex,2020,5.6406
mex,2021,5.3865
mex,2022,5.2138
mex,2023,5.0413
mex,2024,4.9018
mhl,1990,30.987
mhl,1991,29.602
mhl,1992,28.331
mhl,1993,27.085
mhl,1994,26.006
mhl,1995,25.175
mhl,1996,24.562
mhl,1997,24.120
mhl,1998,23.818
mhl,1999,23.773
mhl,2000,23.811
mhl,2001,23.822
mhl,2002,23.813
mhl,2003,23.738
mhl,2004,23.604
mhl,2005,23.401
mhl,2006,23.124
mhl,2007,22.802
mhl,2008,22.532
mhl,2009,22.267
mhl,2010,21.951
mhl,2011,21.701
mhl,2012,21.352
mhl,2013,20.879
mhl,2014,20.402
mhl,2015,19.870
mhl,2016,19.339
mhl,2017,18.864
mhl,2018,18.332
mhl,2019,17.849
mhl,2020,17.383
mhl,2021,16.962
mhl,2022,16.380
mhl,2023,15.894
mhl,2024,15.334
mkd,1983,35.270
mkd,1984,33.285
mkd,1985,31.532
mkd,1986,30.403
mkd,1987,29.434
mkd,1988,27.880
mkd,1989,25.476
mkd,1990,22.501
mkd,1991,19.755
mkd,1992,18.332
mkd,1993,17.821
mkd,1994,17.117
mkd,1995,15.089
mkd,1996,12.173
mkd,1997,9.7965
mkd,1998,8.4936
mkd,1999,7.8832
mkd,2000,7.4524
mkd,2001,6.9641
mkd,2002,6.5433
mkd,2003,6.2922
mkd,2004,6.0762
mkd,2005,5.6013
mkd,2006,4.9289
mkd,2007,4.3466
mkd,2008,4.0307
mkd,2009,3.8634
mkd,2010,3.7439
mkd,2011,3.6091
mkd,2012,3.4874
mkd,2013,3.4154
mkd,2014,3.3559
mkd,2015,3.2464
mkd,2016,3.0836
mkd,2017,2.9424
mkd,2018,2.8161
mkd,2019,2.6961
mkd,2020,2.6039
mkd,2021,2.5414
mkd,2022,2.4164
mkd,2023,2.1666
mkd,2024,1.8517
mli,1967,339.37
mli,1968,332.12
mli,1969,325.58
mli,1970,318.89
mli,1971,312.28
mli,1972,305.53
mli,1973,298.81
mli,1974,291.62
mli,1975,283.83
mli,1976,276.02
mli,1977,267.86
mli,1978,259.69
mli,1979,251.79
mli,1980,244.58
mli,1981,237.81
mli,1982,231.28
mli,1983,224.76
mli,1984,218.12
mli,1985,211.16
mli,1986,204.10
mli,1987,197.07
mli,1988,190.62
mli,1989,184.82
mli,1990,179.84
mli,1991,175.84
mli,1992,172.52
mli,1993,169.63
mli,1994,166.96
mli,1995,164.52
mli,1996,162.31
mli,1997,159.74
mli,1998,156.62
mli,1999,152.87
mli,2000,148.52
mli,2001,143.77
mli,2002,138.87
mli,2003,133.73
mli,2004,128.59
mli,2005,123.58
mli,2006,118.63
mli,2007,113.97
mli,2008,109.61
mli,2009,105.47
mli,2010,101.53
mli,2011,97.816
mli,2012,94.298
mli,2013,90.970
mli,2014,87.756
mli,2015,84.721
mli,2016,81.799
mli,2017,78.925
mli,2018,76.128
mli,2019,73.396
mli,2020,70.830
mli,2021,68.170
mli,2022,65.583
mli,2023,63.132
mli,2024,60.898
mlt,1971,9.0385
mlt,1972,8.6634
mlt,1973,8.2834
mlt,1974,7.9184
mlt,1975,7.5559
mlt,1976,7.1802
mlt,1977,6.8147
mlt,1978,6.4537
mlt,1979,6.1092
mlt,1980,5.7958
mlt,1981,5.5346
mlt,1982,5.3048
mlt,1983,5.0999
mlt,1984,4.9203
mlt,1985,4.7499
mlt,1986,4.5924
mlt,1987,4.4295
mlt,1988,4.2757
mlt,1989,4.1169
mlt,1990,3.9563
mlt,1991,3.7895
mlt,1992,3.6425
mlt,1993,3.4943
mlt,1994,3.3522
mlt,1995,3.2202
mlt,1996,3.0931
mlt,1997,2.9699
mlt,1998,2.8521
mlt,1999,2.7459
mlt,2000,2.6448
mlt,2001,2.5598
mlt,2002,2.4851
mlt,2003,2.4244
mlt,2004,2.3848
mlt,2005,2.3632
mlt,2006,2.3426
mlt,2007,2.3282
mlt,2008,2.3192
mlt,2009,2.3067
mlt,2010,2.2957
mlt,2011,2.2829
mlt,2012,2.2673
mlt,2013,2.2486
mlt,2014,2.2308
mlt,2015,2.2142
mlt,2016,2.1930
mlt,2017,2.1581
mlt,2018,2.1229
mlt,2019,2.0836
mlt,2020,2.0333
mlt,2021,1.9811
mlt,2022,1.9323
mlt,2023,1.8801
mlt,2024,1.8251
mmr,1990,72.605
mmr,1991,70.741
mmr,1992,68.882
mmr,1993,67.029
mmr,1994,65.267
mmr,1995,63.589
mmr,1996,61.860
mmr,1997,60.143
mmr,1998,58.527
mmr,1999,56.909
mmr,2000,55.404
mmr,2001,53.918
mmr,2002,52.478
mmr,2003,50.954
mmr,2004,49.357
mmr,2005,47.706
mmr,2006,45.912
mmr,2007,44.025
mmr,2008,42.062
mmr,2009,72.755
mmr,2010,37.875
mmr,2011,35.802
mmr,2012,33.730
mmr,2013,31.821
mmr,2014,30.062
mmr,2015,28.518
mmr,2016,27.028
mmr,2017,25.770
mmr,2018,24.576
mmr,2019,23.340
mmr,2020,22.286
mmr,2021,21.227
mmr,2022,20.209
mmr,2023,19.377
mmr,2024,18.524
mne,1990,5.9775
mne,1991,5.6816
mne,1992,5.5548
mne,1993,5.5399
mne,1994,5.6285
mne,1995,5.7651
mne,1996,5.9218
mne,1997,6.0911
mne,1998,6.2227
mne,1999,6.2439
mne,2000,6.1011
mne,2001,5.7768
mne,2002,5.3380
mne,2003,4.8173
mne,2004,4.3446
mne,2005,3.9395
mne,2006,3.6179
mne,2007,3.2945
mne,2008,2.9606
mne,2009,2.6483
mne,2010,2.3942
mne,2011,2.1978
mne,2012,2.0530
mne,2013,1.9607
mne,2014,1.8985
mne,2015,1.8621
mne,2016,1.8438
mne,2017,1.8385
mne,2018,1.8429
mne,2019,1.8436
mne,2020,1.8267
mne,2021,1.7895
mne,2022,1.7314
mne,2023,1.6597
mne,2024,1.5941
mng,1987,101.21
mng,1988,95.602
mng,1989,89.931
mng,1990,84.476
mng,1991,79.483
mng,1992,74.838
mng,1993,70.592
mng,1994,66.581
mng,1995,62.701
mng,1996,58.994
mng,1997,55.323
mng,1998,51.575
mng,1999,47.872
mng,2000,44.117
mng,2001,40.322
mng,2002,36.567
mng,2003,32.944
mng,2004,29.528
mng,2005,26.397
mng,2006,23.585
mng,2007,21.096
mng,2008,19.337
mng,2009,17.797
mng,2010,16.379
mng,2011,15.029
mng,2012,13.773
mng,2013,12.639
mng,2014,11.622
mng,2015,10.725
mng,2016,9.9542
mng,2017,9.2567
mng,2018,8.5675
mng,2019,7.8724
mng,2020,7.2528
mng,2021,6.7466
mng,2022,6.3976
mng,2023,6.2362
mng,2024,6.2394
moz,1981,206.27
moz,1982,205.65
moz,1983,204.56
moz,1984,202.77
moz,1985,200.65
moz,1986,197.93
moz,1987,194.74
moz,1988,191.73
moz,1989,188.95
moz,1990,186.55
moz,1991,183.84
moz,1992,181.16
moz,1993,177.79
moz,1994,173.89
moz,1995,168.78
moz,1996,162.81
moz,1997,155.76
moz,1998,147.96
moz,1999,139.78
moz,2000,131.80
moz,2001,124.23
moz,2002,117.38
moz,2003,110.95
moz,2004,105.20
moz,2005,99.698
moz,2006,94.384
moz,2007,88.643
moz,2008,81.394
moz,2009,75.769
moz,2010,70.343
moz,2011,68.507
moz,2012,64.514
moz,2013,60.744
moz,2014,57.356
moz,2015,54.132
moz,2016,50.045
moz,2017,47.186
moz,2018,45.683
moz,2019,44.207
moz,2020,43.061
moz,2021,42.132
moz,2022,40.800
moz,2023,39.581
moz,2024,37.187
mrt,1959,219.87
mrt,1960,213.34
mrt,1961,206.39
mrt,1962,199.39
mrt,1963,192.65
mrt,1964,185.99
mrt,1965,178.94
mrt,1966,171.99
mrt,1967,164.90
mrt,1968,157.77
mrt,1969,150.92
mrt,1970,145.86
mrt,1971,142.28
mrt,1972,140.67
mrt,1973,140.52
mrt,1974,140.94
mrt,1975,140.72
mrt,1976,139.40
mrt,1977,136.55
mrt,1978,132.36
mrt,1979,127.32
mrt,1980,122.16
mrt,1981,117.02
mrt,1982,112.16
mrt,1983,107.45
mrt,1984,102.64
mrt,1985,97.328
mrt,1986,91.788
mrt,1987,86.380
mrt,1988,81.847
mrt,1989,78.197
mrt,1990,75.766
mrt,1991,74.313
mrt,1992,73.514
mrt,1993,72.828
mrt,1994,72.117
mrt,1995,71.496
mrt,1996,70.858
mrt,1997,69.963
mrt,1998,68.673
mrt,1999,67.019
mrt,2000,64.658
mrt,2001,61.664
mrt,2002,58.071
mrt,2003,53.907
mrt,2004,49.450
mrt,2005,45.095
mrt,2006,41.050
mrt,2007,37.525
mrt,2008,34.506
mrt,2009,32.147
mrt,2010,30.268
mrt,2011,28.919
mrt,2012,27.746
mrt,2013,26.712
mrt,2014,25.823
mrt,2015,24.875
mrt,2016,23.910
mrt,2017,22.877
mrt,2018,21.874
mrt,2019,20.892
mrt,2020,19.981
mrt,2021,19.105
mrt,2022,18.234
mrt,2023,17.518
mrt,2024,16.689
msr,1990,9.9655
msr,1991,9.5778
msr,1992,9.1638
msr,1993,8.8069
msr,1994,8.4853
msr,1995,8.1731
msr,1996,7.8603
msr,1997,7.6381
msr,1998,7.3676
msr,1999,7.1051
msr,2000,6.8443
msr,2001,6.6110
msr,2002,6.3802
msr,2003,6.1556
msr,2004,5.9445
msr,2005,5.7378
msr,2006,5.5350
msr,2007,5.3399
msr,2008,5.1865
msr,2009,5.0089
msr,2010,4.8461
msr,2011,4.6920
msr,2012,4.5266
msr,2013,4.3956
msr,2014,4.2397
msr,2015,4.0950
msr,2016,3.9516
msr,2017,3.8338
msr,2018,3.7275
msr,2019,3.6005
msr,2020,3.4741
msr,2021,3.3947
msr,2022,3.2894
msr,2023,3.1856
msr,2024,3.0938
mus,1970,58.963
mus,1971,54.833
mus,1972,52.921
mus,1973,51.927
mus,1974,50.462
mus,1975,47.082
mus,1976,41.066
mus,1977,34.299
mus,1978,28.955
mus,1979,25.552
mus,1980,23.157
mus,1981,21.049
mus,1982,18.797
mus,1983,16.536
mus,1984,14.365
mus,1985,12.750
mus,1986,12.013
mus,1987,11.785
mus,1988,11.403
mus,1989,10.573
mus,1990,9.5401
mus,1991,8.6046
mus,1992,7.8725
mus,1993,7.4333
mus,1994,7.2609
mus,1995,7.2564
mus,1996,7.2791
mus,1997,7.2482
mus,1998,7.1366
mus,1999,6.9484
mus,2000,6.7230
mus,2001,6.5311
mus,2002,6.3499
mus,2003,6.1418
mus,2004,5.9194
mus,2005,5.6809
mus,2006,5.4889
mus,2007,5.3379
mus,2008,5.2806
mus,2009,5.3184
mus,2010,5.4078
mus,2011,5.5111
mus,2012,5.5940
mus,2013,5.6285
mus,2014,5.6180
mus,2015,5.5913
mus,2016,5.5765
mus,2017,5.6048
mus,2018,5.6802
mus,2019,5.7729
mus,2020,5.9040
mus,2021,6.0392
mus,2022,6.1503
mus,2023,6.2185
mus,2024,6.2237
mwi,1970,298.87
mwi,1971,295.31
mwi,1972,290.54
mwi,1973,284.20
mwi,1974,276.63
mwi,1975,268.14
mwi,1976,259.29
mwi,1977,250.41
mwi,1978,241.16
mwi,1979,230.75
mwi,1980,220.49
mwi,1981,211.76
mwi,1982,204.92
mwi,1983,201.43
mwi,1984,201.62
mwi,1985,204.83
mwi,1986,208.82
mwi,1987,212.06
mwi,1988,213.31
mwi,1989,212.13
mwi,1990,208.37
mwi,1991,202.82
mwi,1992,196.25
mwi,1993,189.02
mwi,1994,182.21
mwi,1995,175.87
mwi,1996,169.59
mwi,1997,165.33
mwi,1998,161.24
mwi,1999,156.36
mwi,2000,149.52
mwi,2001,140.06
mwi,2002,127.97
mwi,2003,114.89
mwi,2004,102.31
mwi,2005,91.326
mwi,2006,82.784
mwi,2007,76.724
mwi,2008,71.783
mwi,2009,66.696
mwi,2010,61.963
mwi,2011,57.381
mwi,2012,51.658
mwi,2013,45.488
mwi,2014,40.441
mwi,2015,37.362
mwi,2016,34.463
mwi,2017,31.824
mwi,2018,29.504
mwi,2019,26.842
mwi,2020,25.210
mwi,2021,23.297
mwi,2022,22.188
mwi,2023,21.020
mwi,2024,19.889
mys,1952,133.25
mys,1953,125.29
mys,1954,117.78
mys,1955,110.85
mys,1956,104.50
mys,1957,98.471
mys,1958,92.620
mys,1959,86.678
mys,1960,80.884
mys,1961,75.153
mys,1962,69.595
mys,1963,64.367
mys,1964,59.787
mys,1965,55.754
mys,1966,52.233
mys,1967,49.265
mys,1968,46.658
mys,1969,44.341
mys,1970,42.244
mys,1971,40.134
mys,1972,37.854
mys,1973,35.449
mys,1974,32.851
mys,1975,30.226
mys,1976,27.727
mys,1977,25.354
mys,1978,23.162
mys,1979,21.410
mys,1980,19.822
mys,1981,18.349
mys,1982,16.962
mys,1983,15.673
mys,1984,14.503
mys,1985,13.452
mys,1986,12.510
mys,1987,11.658
mys,1988,10.897
mys,1989,10.249
mys,1990,9.6567
mys,1991,9.1157
mys,1992,8.6232
mys,1993,8.1644
mys,1994,7.7356
mys,1995,7.3661
mys,1996,7.0312
mys,1997,6.7182
mys,1998,6.3489
mys,1999,5.9210
mys,2000,5.4757
mys,2001,5.0418
mys,2002,4.6637
mys,2003,4.3875
mys,2004,4.2224
mys,2005,4.1294
mys,2006,4.0597
mys,2007,4.0096
mys,2008,3.9655
mys,2009,3.9321
mys,2010,3.9031
mys,2011,3.8806
mys,2012,3.8687
mys,2013,3.8887
mys,2014,3.9367
mys,2015,3.9843
mys,2016,4.0024
mys,2017,3.9866
mys,2018,3.9593
mys,2019,3.9299
mys,2020,3.9084
mys,2021,3.8977
mys,2022,3.9056
mys,2023,3.9500
mys,2024,4.0222
nam,1970,68.527
nam,1971,68.223
nam,1972,68.035
nam,1973,67.604
nam,1974,67.515
nam,1975,67.757
nam,1976,68.383
nam,1977,69.546
nam,1978,70.858
nam,1979,72.080
nam,1980,72.769
nam,1981,72.538
nam,1982,71.281
nam,1983,68.866
nam,1984,65.794
nam,1985,62.224
nam,1986,58.604
nam,1987,55.380
nam,1988,52.455
nam,1989,49.920
nam,1990,47.706
nam,1991,45.880
nam,1992,44.326
nam,1993,43.403
nam,1994,43.139
nam,1995,43.776
nam,1996,45.369
nam,1997,47.706
nam,1998,50.688
nam,1999,53.841
nam,2000,56.549
nam,2001,58.278
nam,2002,59.004
nam,2003,59.188
nam,2004,59.096
nam,2005,58.457
nam,2006,54.674
nam,2007,48.470
nam,2008,43.307
nam,2009,38.024
nam,2010,33.120
nam,2011,29.622
nam,2012,29.020
nam,2013,31.217
nam,2014,28.896
nam,2015,27.062
nam,2016,28.322
nam,2017,27.150
nam,2018,24.618
nam,2019,23.030
nam,2020,21.113
nam,2021,19.661
nam,2022,18.501
nam,2023,17.402
nam,2024,16.960
ner,1970,284.62
ner,1971,288.89
ner,1972,292.77
ner,1973,296.68
ner,1974,298.98
ner,1975,299.60
ner,1976,299.01
ner,1977,296.57
ner,1978,292.79
ner,1979,288.68
ner,1980,284.73
ner,1981,282.36
ner,1982,282.26
ner,1983,284.27
ner,1984,287.96
ner,1985,292.45
ner,1986,296.66
ner,1987,299.78
ner,1988,301.06
ner,1989,300.20
ner,1990,297.50
ner,1991,292.63
ner,1992,286.28
ner,1993,278.19
ner,1994,268.13
ner,1995,256.20
ner,1996,243.49
ner,1997,231.17
ner,1998,219.98
ner,1999,209.84
ner,2000,200.87
ner,2001,192.14
ner,2002,182.54
ner,2003,171.98
ner,2004,160.79
ner,2005,149.74
ner,2006,139.29
ner,2007,129.83
ner,2008,121.77
ner,2009,115.07
ner,2010,109.58
ner,2011,105.39
ner,2012,102.05
ner,2013,99.485
ner,2014,97.632
ner,2015,96.003
ner,2016,94.755
ner,2017,93.494
ner,2018,92.186
ner,2019,91.036
ner,2020,90.112
ner,2021,88.982
ner,2022,87.630
ner,2023,85.852
ner,2024,83.846
nga,1968,254.72
nga,1969,248.30
nga,1970,241.27
nga,1971,234.33
nga,1972,226.79
nga,1973,218.99
nga,1974,211.25
nga,1975,203.35
nga,1976,195.89
nga,1977,188.82
nga,1978,182.45
nga,1979,177.03
nga,1980,172.47
nga,1981,168.82
nga,1982,166.34
nga,1983,164.96
nga,1984,164.74
nga,1985,165.21
nga,1986,166.11
nga,1987,167.20
nga,1988,168.05
nga,1989,168.48
nga,1990,168.68
nga,1991,168.31
nga,1992,167.59
nga,1993,166.69
nga,1994,165.53
nga,1995,164.09
nga,1996,162.17
nga,1997,159.62
nga,1998,156.17
nga,1999,152.02
nga,2000,147.42
nga,2001,142.57
nga,2002,137.73
nga,2003,132.86
nga,2004,127.92
nga,2005,123.17
nga,2006,118.44
nga,2007,114.07
nga,2008,110.13
nga,2009,106.60
nga,2010,103.62
nga,2011,100.91
nga,2012,98.848
nga,2013,96.923
nga,2014,95.439
nga,2015,94.046
nga,2016,92.726
nga,2017,91.266
nga,2018,89.313
nga,2019,87.034
nga,2020,84.666
nga,2021,81.896
nga,2022,79.134
nga,2023,76.388
nga,2024,73.694
nic,1975,115.33
nic,1976,109.67
nic,1977,103.61
nic,1978,97.355
nic,1979,91.119
nic,1980,85.066
nic,1981,79.232
nic,1982,73.742
nic,1983,68.651
nic,1984,64.105
nic,1985,60.245
nic,1986,56.927
nic,1987,54.043
nic,1988,51.462
nic,1989,49.096
nic,1990,46.796
nic,1991,44.469
nic,1992,42.012
nic,1993,39.419
nic,1994,36.835
nic,1995,34.346
nic,1996,31.965
nic,1997,29.731
nic,1998,27.591
nic,1999,32.879
nic,2000,23.716
nic,2001,21.996
nic,2002,20.525
nic,2003,19.343
nic,2004,18.172
nic,2005,16.999
nic,2006,15.855
nic,2007,14.731
nic,2008,13.672
nic,2009,12.687
nic,2010,11.768
nic,2011,10.900
nic,2012,10.108
nic,2013,9.3817
nic,2014,8.7540
nic,2015,8.2455
nic,2016,7.8314
nic,2017,7.4637
nic,2018,7.1023
nic,2019,6.6720
nic,2020,6.1314
nic,2021,5.5955
nic,2022,5.2301
nic,2023,5.0868
nic,2024,5.0616
niu,1990,11.908
niu,1991,12.002
niu,1992,12.185
niu,1993,12.362
niu,1994,12.603
niu,1995,12.912
niu,1996,13.267
niu,1997,13.666
niu,1998,14.113
niu,1999,14.590
niu,2000,15.075
niu,2001,15.501
niu,2002,15.964
niu,2003,16.369
niu,2004,16.799
niu,2005,17.190
niu,2006,17.551
niu,2007,17.758
niu,2008,17.706
niu,2009,17.458
niu,2010,17.221
niu,2011,16.881
niu,2012,16.437
niu,2013,15.953
niu,2014,15.634
niu,2015,15.208
niu,2016,14.768
niu,2017,14.371
niu,2018,13.979
niu,2019,13.619
niu,2020,13.182
niu,2021,12.857
niu,2022,12.416
niu,2023,12.070
niu,2024,11.794
nld,1961,7.4958
nld,1962,7.3297
nld,1963,7.2455
nld,1964,7.2333
nld,1965,7.2080
nld,1966,7.0838
nld,1967,6.9157
nld,1968,6.7964
nld,1969,6.7471
nld,1970,6.6629
nld,1971,6.4472
nld,1972,6.1539
nld,1973,5.8968
nld,1974,5.7248
nld,1975,5.6003
nld,1976,5.4779
nld,1977,5.3624
nld,1978,5.2820
nld,1979,5.2415
nld,1980,5.2134
nld,1981,5.1785
nld,1982,5.1326
nld,1983,5.0788
nld,1984,5.0173
nld,1985,4.9327
nld,1986,4.8036
nld,1987,4.6347
nld,1988,4.4291
nld,1989,4.2024
nld,1990,3.9601
nld,1991,3.7173
nld,1992,3.4966
nld,1993,3.3271
nld,1994,3.2176
nld,1995,3.1517
nld,1996,3.1087
nld,1997,3.0469
nld,1998,2.9149
nld,1999,2.7089
nld,2000,2.5007
nld,2001,2.3608
nld,2002,2.2758
nld,2003,2.1932
nld,2004,2.0901
nld,2005,1.9836
nld,2006,1.8903
nld,2007,1.8190
nld,2008,1.7698
nld,2009,1.7374
nld,2010,1.7062
nld,2011,1.6617
nld,2012,1.6058
nld,2013,1.5491
nld,2014,1.5017
nld,2015,1.4662
nld,2016,1.4445
nld,2017,1.4306
nld,2018,1.4208
nld,2019,1.4118
nld,2020,1.4020
nld,2021,1.3901
nld,2022,1.3799
nld,2023,1.3695
nld,2024,1.3600
nor,1961,10.753
nor,1962,10.157
nor,1963,9.6257
nor,1964,9.2132
nor,1965,8.8396
nor,1966,8.4376
nor,1967,8.0075
nor,1968,7.5886
nor,1969,7.2165
nor,1970,6.8763
nor,1971,6.5733
nor,1972,6.3281
nor,1973,6.1497
nor,1974,6.0395
nor,1975,5.9332
nor,1976,5.7646
nor,1977,5.5503
nor,1978,5.3522
nor,1979,5.1880
nor,1980,5.0794
nor,1981,5.0550
nor,1982,5.1077
nor,1983,5.2274
nor,1984,5.3945
nor,1985,5.5688
nor,1986,5.7038
nor,1987,5.7600
nor,1988,5.7177
nor,1989,5.5419
nor,1990,5.2154
nor,1991,4.7166
nor,1992,4.1527
nor,1993,3.6264
nor,1994,3.1937
nor,1995,2.8746
nor,1996,2.6608
nor,1997,2.5273
nor,1998,2.4271
nor,1999,2.3400
nor,2000,2.2577
nor,2001,2.1798
nor,2002,2.1079
nor,2003,2.0340
nor,2004,1.9578
nor,2005,1.8786
nor,2006,1.7934
nor,2007,1.7056
nor,2008,1.6219
nor,2009,1.5459
nor,2010,1.4735
nor,2011,1.3991
nor,2012,1.3272
nor,2013,1.2604
nor,2014,1.2036
nor,2015,1.1555
nor,2016,1.1167
nor,2017,1.0822
nor,2018,1.0529
nor,2019,1.0304
nor,2020,1.0126
nor,2021,1.0057
nor,2022,1.0088
nor,2023,1.0240
nor,2024,1.0453
npl,1954,266.19
npl,1955,265.60
npl,1956,264.64
npl,1957,263.49
npl,1958,262.31
npl,1959,260.55
npl,1960,257.77
npl,1961,254.78
npl,1962,250.73
npl,1963,245.83
npl,1964,240.54
npl,1965,234.52
npl,1966,228.09
npl,1967,221.57
npl,1968,214.86
npl,1969,208.55
npl,1970,202.47
npl,1971,196.69
npl,1972,191.31
npl,1973,185.94
npl,1974,180.75
npl,1975,175.74
npl,1976,170.62
npl,1977,165.38
npl,1978,160.10
npl,1979,154.57
npl,1980,149.07
npl,1981,143.30
npl,1982,137.70
npl,1983,132.12
npl,1984,126.41
npl,1985,120.74
npl,1986,114.98
npl,1987,109.20
npl,1988,103.20
npl,1989,97.316
npl,1990,91.477
npl,1991,85.756
npl,1992,80.177
npl,1993,74.836
npl,1994,69.753
npl,1995,64.893
npl,1996,60.338
npl,1997,56.086
npl,1998,51.899
npl,1999,48.021
npl,2000,44.294
npl,2001,40.889
npl,2002,37.739
npl,2003,34.880
npl,2004,32.299
npl,2005,30.058
npl,2006,28.064
npl,2007,26.275
npl,2008,24.716
npl,2009,23.266
npl,2010,21.961
npl,2011,20.754
npl,2012,19.594
npl,2013,18.462
npl,2014,17.353
npl,2015,16.260
npl,2016,15.189
npl,2017,14.244
npl,2018,13.505
npl,2019,12.802
npl,2020,12.091
npl,2021,11.437
npl,2022,10.930
npl,2023,10.466
npl,2024,10.057
nru,1990,38.833
nru,1991,36.229
nru,1992,33.779
nru,1993,31.456
nru,1994,29.070
nru,1995,27.033
nru,1996,25.113
nru,1997,23.336
nru,1998,21.708
nru,1999,20.210
nru,2000,18.821
nru,2001,17.470
nru,2002,16.286
nru,2003,15.099
nru,2004,14.054
nru,2005,13.332
nru,2006,12.763
nru,2007,12.305
nru,2008,11.913
nru,2009,11.494
nru,2010,11.062
nru,2011,10.620
nru,2012,10.243
nru,2013,9.8222
nru,2014,9.3842
nru,2015,8.8810
nru,2016,8.2919
nru,2017,7.6824
nru,2018,7.0099
nru,2019,6.3356
nru,2020,5.6924
nru,2021,5.1891
nru,2022,4.7601
nru,2023,4.4198
nru,2024,4.1536
nzl,1969,10.606
nzl,1970,10.452
nzl,1971,10.246
nzl,1972,10.011
nzl,1973,9.7847
nzl,1974,9.6191
nzl,1975,9.5058
nzl,1976,9.4255
nzl,1977,9.3715
nzl,1978,9.3358
nzl,1979,9.3237
nzl,1980,9.3243
nzl,1981,9.3272
nzl,1982,9.3205
nzl,1983,9.3001
nzl,1984,9.2384
nzl,1985,9.1279
nzl,1986,8.9546
nzl,1987,8.7023
nzl,1988,8.3529
nzl,1989,7.9019
nzl,1990,7.3849
nzl,1991,6.8544
nzl,1992,6.3718
nzl,1993,5.9967
nzl,1994,5.7334
nzl,1995,5.5062
nzl,1996,5.2368
nzl,1997,4.9322
nzl,1998,4.6286
nzl,1999,4.3505
nzl,2000,4.1041
nzl,2001,3.8974
nzl,2002,3.7300
nzl,2003,3.5972
nzl,2004,3.5133
nzl,2005,3.4868
nzl,2006,3.5210
nzl,2007,3.5670
nzl,2008,3.5530
nzl,2009,3.4357
nzl,2010,3.2524
nzl,2011,3.0508
nzl,2012,2.8519
nzl,2013,2.6785
nzl,2014,2.5438
nzl,2015,2.4473
nzl,2016,2.3854
nzl,2017,2.3442
nzl,2018,2.2943
nzl,2019,2.2347
nzl,2020,2.1735
nzl,2021,2.1218
nzl,2022,2.0755
nzl,2023,2.0298
nzl,2024,1.9851
omn,1972,175.29
omn,1973,163.36
omn,1974,152.06
omn,1975,141.01
omn,1976,130.14
omn,1977,119.35
omn,1978,108.75
omn,1979,98.550
omn,1980,88.746
omn,1981,79.439
omn,1982,70.783
omn,1983,62.729
omn,1984,55.347
omn,1985,48.603
omn,1986,42.488
omn,1987,37.041
omn,1988,32.349
omn,1989,28.300
omn,1990,24.839
omn,1991,21.903
omn,1992,19.553
omn,1993,17.795
omn,1994,16.168
omn,1995,14.709
omn,1996,13.436
omn,1997,12.327
omn,1998,11.351
omn,1999,10.505
omn,2000,9.7311
omn,2001,9.0813
omn,2002,8.5005
omn,2003,8.0096
omn,2004,7.6232
omn,2005,7.2981
omn,2006,7.0438
omn,2007,6.8470
omn,2008,6.6961
omn,2009,6.5897
omn,2010,6.5051
omn,2011,6.4281
omn,2012,6.3566
omn,2013,6.2821
omn,2014,6.2189
omn,2015,6.1647
omn,2016,6.1247
omn,2017,6.0844
omn,2018,6.0402
omn,2019,5.9964
omn,2020,5.9448
omn,2021,5.8914
omn,2022,5.8299
omn,2023,5.7842
omn,2024,5.7268
pak,1953,267.16
pak,1954,253.67
pak,1955,240.70
pak,1956,228.58
pak,1957,217.15
pak,1958,206.40
pak,1959,196.64
pak,1960,187.43
pak,1961,178.79
pak,1962,170.53
pak,1963,162.90
pak,1964,155.79
pak,1965,149.33
pak,1966,143.66
pak,1967,138.72
pak,1968,134.42
pak,1969,130.71
pak,1970,127.32
pak,1971,124.32
pak,1972,121.42
pak,1973,118.65
pak,1974,116.03
pak,1975,113.61
pak,1976,111.22
pak,1977,109.04
pak,1978,107.01
pak,1979,105.09
pak,1980,103.22
pak,1981,101.54
pak,1982,99.851
pak,1983,98.139
pak,1984,96.398
pak,1985,94.638
pak,1986,92.707
pak,1987,90.611
pak,1988,88.284
pak,1989,85.853
pak,1990,83.307
pak,1991,80.696
pak,1992,78.043
pak,1993,75.249
pak,1994,72.474
pak,1995,69.721
pak,1996,66.987
pak,1997,64.127
pak,1998,61.394
pak,1999,58.861
pak,2000,56.419
pak,2001,54.221
pak,2002,52.252
pak,2003,50.443
pak,2004,48.859
pak,2005,47.455
pak,2006,46.124
pak,2007,44.757
pak,2008,43.434
pak,2009,42.051
pak,2010,40.639
pak,2011,39.179
pak,2012,37.717
pak,2013,36.267
pak,2014,34.761
pak,2015,33.265
pak,2016,31.768
pak,2017,30.329
pak,2018,28.895
pak,2019,27.565
pak,2020,26.353
pak,2021,25.103
pak,2022,23.948
pak,2023,22.816
pak,2024,21.683
pan,1955,67.827
pan,1956,65.319
pan,1957,63.131
pan,1958,61.160
pan,1959,59.108
pan,1960,57.004
pan,1961,54.844
pan,1962,52.570
pan,1963,50.463
pan,1964,48.373
pan,1965,46.635
pan,1966,45.063
pan,1967,43.701
pan,1968,42.375
pan,1969,40.873
pan,1970,39.105
pan,1971,37.073
pan,1972,34.701
pan,1973,32.264
pan,1974,29.870
pan,1975,27.879
pan,1976,26.193
pan,1977,24.876
pan,1978,23.829
pan,1979,22.941
pan,1980,22.151
pan,1981,21.430
pan,1982,20.567
pan,1983,19.719
pan,1984,18.890
pan,1985,18.069
pan,1986,17.390
pan,1987,16.849
pan,1988,16.357
pan,1989,15.883
pan,1990,15.462
pan,1991,15.125
pan,1992,14.863
pan,1993,14.642
pan,1994,14.529
pan,1995,14.437
pan,1996,14.350
pan,1997,14.276
pan,1998,14.180
pan,1999,14.045
pan,2000,13.876
pan,2001,13.621
pan,2002,13.319
pan,2003,12.964
pan,2004,12.611
pan,2005,12.240
pan,2006,11.910
pan,2007,11.616
pan,2008,11.311
pan,2009,11.032
pan,2010,10.763
pan,2011,10.524
pan,2012,10.336
pan,2013,10.180
pan,2014,10.088
pan,2015,9.9848
pan,2016,9.8663
pan,2017,9.6674
pan,2018,9.3792
pan,2019,8.9799
pan,2020,8.4775
pan,2021,7.9339
pan,2022,7.4376
pan,2023,7.0446
pan,2024,6.7211
per,1955,232.43
per,1956,220.25
per,1957,209.70
per,1958,201.10
per,1959,194.06
per,1960,188.02
per,1961,182.56
per,1962,176.89
per,1963,171.00
per,1964,164.57
per,1965,157.81
per,1966,151.10
per,1967,144.75
per,1968,138.95
per,1969,133.88
per,1970,129.55
per,1971,158.36
per,1972,122.04
per,1973,118.23
per,1974,114.42
per,1975,110.53
per,1976,106.81
per,1977,103.45
per,1978,100.59
per,1979,98.019
per,1980,95.554
per,1981,93.015
per,1982,90.271
per,1983,86.968
per,1984,83.272
per,1985,79.047
per,1986,74.398
per,1987,69.737
per,1988,65.300
per,1989,61.218
per,1990,57.488
per,1991,54.103
per,1992,50.827
per,1993,47.536
per,1994,44.164
per,1995,40.664
per,1996,37.153
per,1997,33.774
per,1998,30.570
per,1999,27.618
per,2000,24.920
per,2001,22.448
per,2002,20.446
per,2003,18.715
per,2004,17.115
per,2005,15.719
per,2006,14.545
per,2007,13.570
per,2008,12.755
per,2009,12.062
per,2010,11.455
per,2011,10.926
per,2012,10.470
per,2013,10.108
per,2014,9.8173
per,2015,9.5832
per,2016,9.3779
per,2017,9.1879
per,2018,8.9951
per,2019,8.8136
per,2020,8.6853
per,2021,8.5647
per,2022,8.4066
per,2023,8.2750
per,2024,8.1077
phl,1956,98.678
phl,1957,94.064
phl,1958,89.690
phl,1959,85.328
phl,1960,81.298
phl,1961,77.755
phl,1962,74.564
phl,1963,71.944
phl,1964,69.722
phl,1965,67.657
phl,1966,65.803
phl,1967,64.141
phl,1968,62.577
phl,1969,61.201
phl,1970,60.144
phl,1971,59.287
phl,1972,58.753
phl,1973,58.479
phl,1974,58.446
phl,1975,58.473
phl,1976,58.464
phl,1977,58.214
phl,1978,57.759
phl,1979,57.244
phl,1980,56.625
phl,1981,55.880
phl,1982,55.145
phl,1983,54.405
phl,1984,53.543
phl,1985,52.416
phl,1986,50.953
phl,1987,48.988
phl,1988,46.568
phl,1989,43.785
phl,1990,40.810
phl,1991,37.831
phl,1992,35.027
phl,1993,32.502
phl,1994,30.256
phl,1995,28.309
phl,1996,26.561
phl,1997,24.999
phl,1998,23.609
phl,1999,22.382
phl,2000,21.365
phl,2001,20.506
phl,2002,19.837
phl,2003,19.267
phl,2004,18.748
phl,2005,18.259
phl,2006,17.763
phl,2007,17.322
phl,2008,16.934
phl,2009,16.590
phl,2010,16.288
phl,2011,15.986
phl,2012,15.684
phl,2013,15.373
phl,2014,15.075
phl,2015,14.809
phl,2016,14.572
phl,2017,14.382
phl,2018,14.184
phl,2019,14.031
phl,2020,13.880
phl,2021,13.734
phl,2022,13.505
phl,2023,13.315
phl,2024,13.097
plw,1990,16.932
plw,1991,16.590
plw,1992,16.294
plw,1993,15.953
plw,1994,15.656
plw,1995,15.230
plw,1996,14.772
plw,1997,14.313
plw,1998,13.816
plw,1999,13.331
plw,2000,12.878
plw,2001,12.404
plw,2002,11.921
plw,2003,11.494
plw,2004,11.106
plw,2005,10.710
plw,2006,10.359
plw,2007,10.024
plw,2008,9.7349
plw,2009,9.5181
plw,2010,9.3154
plw,2011,9.2511
plw,2012,9.2621
plw,2013,9.3853
plw,2014,9.5774
plw,2015,9.8071
plw,2016,10.144
plw,2017,10.484
plw,2018,10.844
plw,2019,11.081
plw,2020,11.152
plw,2021,11.107
plw,2022,11.007
plw,2023,10.909
plw,2024,10.703
png,1975,84.900
png,1976,82.025
png,1977,79.463
png,1978,76.992
png,1979,74.790
png,1980,72.666
png,1981,70.460
png,1982,68.390
png,1983,66.437
png,1984,64.686
png,1985,63.032
png,1986,61.598
png,1987,60.284
png,1988,58.989
png,1989,57.535
png,1990,56.050
png,1991,54.333
png,1992,52.497
png,1993,50.879
png,1994,49.457
png,1995,48.173
png,1996,47.038
png,1997,45.937
png,1998,44.932
png,1999,44.075
png,2000,43.362
png,2001,42.726
png,2002,42.022
png,2003,41.271
png,2004,40.481
png,2005,39.602
png,2006,38.583
png,2007,37.443
png,2008,36.306
png,2009,35.197
png,2010,34.158
png,2011,33.103
png,2012,32.069
png,2013,31.070
png,2014,30.101
png,2015,29.131
png,2016,28.164
png,2017,27.075
png,2018,26.059
png,2019,24.959
png,2020,24.047
png,2021,23.123
png,2022,22.175
png,2023,21.142
png,2024,20.212
pol,1970,19.150
pol,1971,17.969
pol,1972,16.791
pol,1973,15.481
pol,1974,14.129
pol,1975,13.009
pol,1976,12.287
pol,1977,11.874
pol,1978,11.563
pol,1979,11.214
pol,1980,10.793
pol,1981,10.258
pol,1982,9.6749
pol,1983,9.0936
pol,1984,8.5656
pol,1985,8.0576
pol,1986,7.5512
pol,1987,7.0892
pol,1988,6.7334
pol,1989,6.4979
pol,1990,6.3711
pol,1991,6.3274
pol,1992,6.2563
pol,1993,6.0279
pol,1994,5.6010
pol,1995,5.1320
pol,1996,4.7613
pol,1997,4.4766
pol,1998,4.2313
pol,1999,3.9944
pol,2000,3.7719
pol,2001,3.5764
pol,2002,3.4021
pol,2003,3.2469
pol,2004,3.1122
pol,2005,3.0194
pol,2006,2.9743
pol,2007,2.9369
pol,2008,2.8445
pol,2009,2.6807
pol,2010,2.5081
pol,2011,2.3781
pol,2012,2.2867
pol,2013,2.2102
pol,2014,2.1334
pol,2015,2.0642
pol,2016,2.0054
pol,2017,1.9457
pol,2018,1.8685
pol,2019,1.7737
pol,2020,1.6981
pol,2021,1.6736
pol,2022,1.7137
pol,2023,1.8272
pol,2024,1.9990
prk,1990,19.063
prk,1991,19.910
prk,1992,20.610
prk,1993,21.077
prk,1994,21.250
prk,1995,21.128
prk,1996,71.328
prk,1997,70.138
prk,1998,68.787
prk,1999,67.602
prk,2000,66.275
prk,2001,65.201
prk,2002,64.247
prk,2003,63.174
prk,2004,16.273
prk,2005,15.906
prk,2006,15.664
prk,2007,15.448
prk,2008,15.288
prk,2009,14.605
prk,2010,14.121
prk,2011,13.517
prk,2012,12.849
prk,2013,12.120
prk,2014,11.377
prk,2015,10.668
prk,2016,10.068
prk,2017,9.7117
prk,2018,8.9909
prk,2019,8.6532
prk,2020,8.3021
prk,2021,8.1990
prk,2022,8.1876
prk,2023,8.3226
prk,2024,8.4472
prt,1961,87.946
prt,1962,84.733
prt,1963,79.782
prt,1964,73.236
prt,1965,66.535
prt,1966,60.920
prt,1967,56.554
prt,1968,53.289
prt,1969,50.711
prt,1970,48.231
prt,1971,45.372
prt,1972,41.773
prt,1973,37.310
prt,1974,32.200
prt,1975,27.230
prt,1976,23.043
prt,1977,19.651
prt,1978,17.022
prt,1979,15.131
prt,1980,13.613
prt,1981,12.474
prt,1982,11.608
prt,1983,10.836
prt,1984,10.130
prt,1985,9.5104
prt,1986,9.0331
prt,1987,8.6911
prt,1988,8.4389
prt,1989,8.2224
prt,1990,7.9410
prt,1991,7.5270
prt,1992,7.0121
prt,1993,6.4601
prt,1994,5.9280
prt,1995,5.4723
prt,1996,5.1258
prt,1997,4.8640
prt,1998,4.6343
prt,1999,4.4014
prt,2000,4.1278
prt,2001,3.7921
prt,2002,3.4251
prt,2003,3.0631
prt,2004,2.7425
prt,2005,2.4848
prt,2006,2.3005
prt,2007,2.1658
prt,2008,2.0450
prt,2009,1.9227
prt,2010,1.8052
prt,2011,1.7052
prt,2012,1.6256
prt,2013,1.5723
prt,2014,1.5441
prt,2015,1.5370
prt,2016,1.5438
prt,2017,1.5605
prt,2018,1.5723
prt,2019,1.5752
prt,2020,1.5729
prt,2021,1.5684
prt,2022,1.5655
prt,2023,1.5659
prt,2024,1.5696
pry,1968,49.492
pry,1969,49.283
pry,1970,49.072
pry,1971,48.771
pry,1972,48.387
pry,1973,47.886
pry,1974,47.339
pry,1975,46.646
pry,1976,45.906
pry,1977,44.934
pry,1978,43.853
pry,1979,42.724
pry,1980,41.444
pry,1981,40.001
pry,1982,38.423
pry,1983,36.705
pry,1984,34.934
pry,1985,33.133
pry,1986,31.401
pry,1987,29.757
pry,1988,28.191
pry,1989,26.743
pry,1990,25.293
pry,1991,23.963
pry,1992,22.700
pry,1993,21.564
pry,1994,20.529
pry,1995,19.600
pry,1996,18.732
pry,1997,17.965
pry,1998,17.385
pry,1999,16.884
pry,2000,16.387
pry,2001,15.967
pry,2002,15.614
pry,2003,15.285
pry,2004,14.913
pry,2005,14.542
pry,2006,14.160
pry,2007,13.778
pry,2008,13.379
pry,2009,12.999
pry,2010,12.565
pry,2011,12.261
pry,2012,11.831
pry,2013,11.547
pry,2014,11.215
pry,2015,10.912
pry,2016,10.494
pry,2017,10.140
pry,2018,9.8032
pry,2019,9.4886
pry,2020,9.1580
pry,2021,8.9037
pry,2022,8.5568
pry,2023,8.2411
pry,2024,8.0081
pse,1989,26.317
pse,1990,24.487
pse,1991,22.853
pse,1992,21.377
pse,1993,20.063
pse,1994,18.869
pse,1995,17.779
pse,1996,16.859
pse,1997,16.152
pse,1998,15.488
pse,1999,14.829
pse,2000,14.166
pse,2001,13.529
pse,2002,12.916
pse,2003,12.334
pse,2004,11.796
pse,2005,11.314
pse,2006,10.884
pse,2007,10.480
pse,2008,10.108
pse,2009,9.7481
pse,2010,9.3711
pse,2011,8.9920
pse,2012,8.6037
pse,2013,8.2332
pse,2014,7.8352
pse,2015,10.511
pse,2016,7.1270
pse,2017,6.8219
pse,2018,6.5466
pse,2019,6.2775
pse,2020,6.0515
pse,2021,5.8421
pse,2022,5.6280
pse,2023,5.4408
pse,2024,17.733
qat,1990,10.089
qat,1991,9.4174
qat,1992,8.7903
qat,1993,8.2187
qat,1994,7.7028
qat,1995,7.2525
qat,1996,6.8717
qat,1997,6.5651
qat,1998,6.3475
qat,1999,6.1837
qat,2000,6.0414
qat,2001,5.9097
qat,2002,5.7430
qat,2003,5.5336
qat,2004,5.2918
qat,2005,5.0663
qat,2006,4.9068
qat,2007,4.8112
qat,2008,4.7286
qat,2009,4.6564
qat,2010,4.5825
qat,2011,4.5312
qat,2012,4.4994
qat,2013,4.4513
qat,2014,4.3833
qat,2015,4.2596
qat,2016,4.0520
qat,2017,3.7802
qat,2018,3.4834
qat,2019,3.1873
qat,2020,2.9269
qat,2021,2.7029
qat,2022,2.5249
qat,2023,2.3896
qat,2024,2.2992
rks,1990,69.348
rks,1991,63.454
rks,1992,58.115
rks,1993,53.256
rks,1994,48.729
rks,1995,44.313
rks,1996,40.101
rks,1997,35.989
rks,1998,31.988
rks,1999,28.336
rks,2000,24.828
rks,2001,21.587
rks,2002,18.659
rks,2003,16.022
rks,2004,13.825
rks,2005,12.359
rks,2006,11.044
rks,2007,9.8495
rks,2008,8.8286
rks,2009,7.8843
rks,2010,7.0341
rks,2011,6.2844
rks,2012,5.6845
rks,2013,5.2104
rks,2014,4.7927
rks,2015,4.4266
rks,2016,4.0861
rks,2017,3.7684
rks,2018,3.4393
rks,2019,3.1460
rks,2020,2.8773
rks,2021,2.6612
rks,2022,2.4919
rks,2023,2.3806
rks,2024,2.2875
rou,1990,16.852
rou,1991,15.968
rou,1992,15.107
rou,1993,14.510
rou,1994,14.226
rou,1995,14.110
rou,1996,14.009
rou,1997,13.783
rou,1998,13.317
rou,1999,12.639
rou,2000,11.910
rou,2001,11.288
rou,2002,10.860
rou,2003,10.643
rou,2004,10.581
rou,2005,10.377
rou,2006,9.8000
rou,2007,9.0012
rou,2008,8.2769
rou,2009,7.7510
rou,2010,7.3434
rou,2011,6.9716
rou,2012,6.5814
rou,2013,6.1314
rou,2014,5.6413
rou,2015,5.2008
rou,2016,4.8804
rou,2017,4.6142
rou,2018,4.3051
rou,2019,3.9399
rou,2020,3.6348
rou,2021,3.4680
rou,2022,3.4075
rou,2023,3.3670
rou,2024,3.3079
rus,1990,10.967
rus,1991,10.823
rus,1992,10.853
rus,1993,11.006
rus,1994,11.244
rus,1995,11.428
rus,1996,11.494
rus,1997,11.488
rus,1998,11.436
rus,1999,11.294
rus,2000,10.978
rus,2001,10.472
rus,2002,9.9040
rus,2003,9.3693
rus,2004,8.8171
rus,2005,8.1892
rus,2006,7.5031
rus,2007,6.9480
rus,2008,6.6227
rus,2009,6.4284
rus,2010,6.2079
rus,2011,5.8887
rus,2012,5.5244
rus,2013,5.1806
rus,2014,4.8664
rus,2015,4.5912
rus,2016,4.3242
rus,2017,4.0371
rus,2018,3.7102
rus,2019,3.4070
rus,2020,3.1990
rus,2021,3.0961
rus,2022,3.0198
rus,2023,2.9129
rus,2024,2.7849
rwa,1961,172.17
rwa,1962,166.89
rwa,1963,163.39
rwa,1964,161.08
rwa,1965,159.78
rwa,1966,159.69
rwa,1967,160.84
rwa,1968,163.23
rwa,1969,166.38
rwa,1970,169.41
rwa,1971,172.57
rwa,1972,175.90
rwa,1973,179.57
rwa,1974,184.19
rwa,1975,190.09
rwa,1976,196.16
rwa,1977,200.52
rwa,1978,201.03
rwa,1979,195.91
rwa,1980,184.78
rwa,1981,170.16
rwa,1982,154.66
rwa,1983,140.97
rwa,1984,130.48
rwa,1985,123.84
rwa,1986,119.99
rwa,1987,116.92
rwa,1988,113.70
rwa,1989,111.45
rwa,1990,111.54
rwa,1991,115.18
rwa,1992,123.57
rwa,1993,137.37
rwa,1994,153.94
rwa,1995,355.98
rwa,1996,177.60
rwa,1997,181.22
rwa,1998,181.49
rwa,1999,175.31
rwa,2000,163.49
rwa,2001,148.11
rwa,2002,131.77
rwa,2003,116.19
rwa,2004,101.89
rwa,2005,88.414
rwa,2006,76.798
rwa,2007,67.043
rwa,2008,59.099
rwa,2009,51.956
rwa,2010,45.992
rwa,2011,40.924
rwa,2012,36.518
rwa,2013,33.565
rwa,2014,31.386
rwa,2015,29.726
rwa,2016,28.235
rwa,2017,27.098
rwa,2018,26.220
rwa,2019,25.606
rwa,2020,24.945
rwa,2021,24.190
rwa,2022,23.476
rwa,2023,22.918
rwa,2024,22.292
sau,1990,25.269
sau,1991,22.759
sau,1992,20.489
sau,1993,18.560
sau,1994,17.067
sau,1995,15.830
sau,1996,14.738
sau,1997,13.761
sau,1998,12.841
sau,1999,12.002
sau,2000,11.276
sau,2001,10.606
sau,2002,9.9925
sau,2003,9.4338
sau,2004,8.9125
sau,2005,8.3993
sau,2006,7.9556
sau,2007,7.5136
sau,2008,7.0738
sau,2009,6.6671
sau,2010,6.2833
sau,2011,5.9187
sau,2012,5.5722
sau,2013,5.2522
sau,2014,4.9735
sau,2015,4.7259
sau,2016,4.5149
sau,2017,4.3050
sau,2018,4.1107
sau,2019,3.9268
sau,2020,3.7559
sau,2021,3.5980
sau,2022,3.4481
sau,2023,3.3202
sau,2024,3.2023
sdn,1970,117.73
sdn,1971,116.80
sdn,1972,116.01
sdn,1973,115.16
sdn,1974,114.37
sdn,1975,113.60
sdn,1976,112.54
sdn,1977,111.53
sdn,1978,110.44
sdn,1979,109.29
sdn,1980,108.15
sdn,1981,107.03
sdn,1982,106.00
sdn,1983,104.99
sdn,1984,143.08
sdn,1985,141.10
sdn,1986,139.18
sdn,1987,100.05
sdn,1988,98.472
sdn,1989,96.770
sdn,1990,94.921
sdn,1991,93.066
sdn,1992,91.166
sdn,1993,89.184
sdn,1994,87.062
sdn,1995,84.872
sdn,1996,82.566
sdn,1997,80.226
sdn,1998,77.600
sdn,1999,74.892
sdn,2000,72.025
sdn,2001,69.105
sdn,2002,66.133
sdn,2003,63.213
sdn,2004,60.381
sdn,2005,70.624
sdn,2006,68.652
sdn,2007,52.701
sdn,2008,50.422
sdn,2009,48.173
sdn,2010,46.122
sdn,2011,44.217
sdn,2012,42.499
sdn,2013,40.886
sdn,2014,39.320
sdn,2015,37.816
sdn,2016,36.447
sdn,2017,35.052
sdn,2018,33.609
sdn,2019,32.316
sdn,2020,30.911
sdn,2021,29.675
sdn,2022,28.379
sdn,2023,27.102
sdn,2024,25.990
sen,1956,254.65
sen,1957,250.86
sen,1958,247.95
sen,1959,246.01
sen,1960,244.96
sen,1961,244.87
sen,1962,246.13
sen,1963,247.99
sen,1964,250.02
sen,1965,252.06
sen,1966,253.48
sen,1967,254.05
sen,1968,253.81
sen,1969,252.67
sen,1970,250.70
sen,1971,247.58
sen,1972,243.07
sen,1973,237.09
sen,1974,229.90
sen,1975,221.72
sen,1976,212.36
sen,1977,202.01
sen,1978,191.32
sen,1979,181.40
sen,1980,172.48
sen,1981,164.79
sen,1982,158.41
sen,1983,152.72
sen,1984,146.99
sen,1985,140.61
sen,1986,133.38
sen,1987,125.36
sen,1988,117.35
sen,1989,110.33
sen,1990,104.99
sen,1991,101.21
sen,1992,99.274
sen,1993,98.718
sen,1994,99.220
sen,1995,100.30
sen,1996,101.53
sen,1997,102.55
sen,1998,102.80
sen,1999,101.96
sen,2000,99.596
sen,2001,95.237
sen,2002,88.866
sen,2003,81.083
sen,2004,72.892
sen,2005,65.247
sen,2006,58.267
sen,2007,52.156
sen,2008,47.114
sen,2009,43.011
sen,2010,39.697
sen,2011,36.966
sen,2012,34.636
sen,2013,32.508
sen,2014,30.539
sen,2015,28.584
sen,2016,26.711
sen,2017,24.941
sen,2018,23.354
sen,2019,22.002
sen,2020,20.845
sen,2021,19.790
sen,2022,18.696
sen,2023,17.604
sen,2024,16.566
sgp,1969,14.056
sgp,1970,13.183
sgp,1971,12.229
sgp,1972,11.154
sgp,1973,9.9971
sgp,1974,8.8425
sgp,1975,7.7956
sgp,1976,6.9550
sgp,1977,6.3750
sgp,1978,6.0589
sgp,1979,5.9782
sgp,1980,6.0364
sgp,1981,6.0869
sgp,1982,5.9487
sgp,1983,5.6186
sgp,1984,5.2245
sgp,1985,4.8346
sgp,1986,4.5232
sgp,1987,4.3394
sgp,1988,4.2237
sgp,1989,4.0784
sgp,1990,3.8626
sgp,1991,3.6229
sgp,1992,3.4005
sgp,1993,3.2075
sgp,1994,3.0523
sgp,1995,2.9302
sgp,1996,2.8213
sgp,1997,2.7054
sgp,1998,2.5875
sgp,1999,2.4756
sgp,2000,2.3689
sgp,2001,2.2523
sgp,2002,2.1211
sgp,2003,1.9882
sgp,2004,1.8697
sgp,2005,1.7744
sgp,2006,1.7094
sgp,2007,1.6685
sgp,2008,1.6530
sgp,2009,1.6577
sgp,2010,1.6762
sgp,2011,1.6948
sgp,2012,1.7029
sgp,2013,1.6934
sgp,2014,1.6753
sgp,2015,1.6498
sgp,2016,1.6243
sgp,2017,1.5976
sgp,2018,1.5667
sgp,2019,1.5192
sgp,2020,1.4540
sgp,2021,1.3796
sgp,2022,1.3042
sgp,2023,1.2334
sgp,2024,1.1717
slb,1990,24.460
slb,1991,23.648
slb,1992,22.932
slb,1993,22.269
slb,1994,21.680
slb,1995,21.090
slb,1996,20.456
slb,1997,19.859
slb,1998,19.301
slb,1999,18.823
slb,2000,18.413
slb,2001,18.104
slb,2002,17.834
slb,2003,17.635
slb,2004,17.488
slb,2005,17.359
slb,2006,17.271
slb,2007,17.147
slb,2008,16.963
slb,2009,16.772
slb,2010,16.566
slb,2011,16.339
slb,2012,16.049
slb,2013,15.772
slb,2014,15.489
slb,2015,15.198
slb,2016,14.964
slb,2017,14.714
slb,2018,14.469
slb,2019,14.183
slb,2020,13.843
slb,2021,13.443
slb,2022,13.111
slb,2023,12.769
slb,2024,12.340
sle,1990,220.64
sle,1991,218.61
sle,1992,216.50
sle,1993,214.19
sle,1994,211.95
sle,1995,209.23
sle,1996,206.18
sle,1997,202.55
sle,1998,198.53
sle,1999,194.17
sle,2000,189.49
sle,2001,184.51
sle,2002,179.34
sle,2003,174.00
sle,2004,168.37
sle,2005,162.61
sle,2006,156.73
sle,2007,150.57
sle,2008,144.12
sle,2009,137.55
sle,2010,131.01
sle,2011,124.44
sle,2012,118.13
sle,2013,112.15
sle,2014,106.62
sle,2015,105.25
sle,2016,106.78
sle,2017,92.147
sle,2018,87.912
sle,2019,83.852
sle,2020,80.112
sle,2021,76.498
sle,2022,73.334
sle,2023,70.025
sle,2024,66.985
slv,1986,54.961
slv,1987,50.938
slv,1988,47.202
slv,1989,43.769
slv,1990,40.601
slv,1991,37.725
slv,1992,35.098
slv,1993,32.669
slv,1994,30.363
slv,1995,28.144
slv,1996,26.004
slv,1997,23.922
slv,1998,22.011
slv,1999,20.329
slv,2000,19.124
slv,2001,17.990
slv,2002,16.963
slv,2003,16.007
slv,2004,15.095
slv,2005,14.222
slv,2006,13.415
slv,2007,12.665
slv,2008,11.986
slv,2009,11.341
slv,2010,10.777
slv,2011,10.264
slv,2012,9.7857
slv,2013,9.3815
slv,2014,8.9881
slv,2015,8.6211
slv,2016,8.2916
slv,2017,7.9510
slv,2018,7.6395
slv,2019,7.3269
slv,2020,7.0274
slv,2021,6.7653
slv,2022,6.5108
slv,2023,6.2742
slv,2024,6.0379
smr,1990,6.5619
smr,1991,6.0449
smr,1992,5.5498
smr,1993,5.1044
smr,1994,4.6807
smr,1995,4.2897
smr,1996,3.9810
smr,1997,3.6784
smr,1998,3.4360
smr,1999,3.1952
smr,2000,2.9726
smr,2001,2.7712
smr,2002,2.5943
smr,2003,2.4505
smr,2004,2.2906
smr,2005,2.1531
smr,2006,2.0322
smr,2007,1.9161
smr,2008,1.8055
smr,2009,1.6911
smr,2010,1.5947
smr,2011,1.4969
smr,2012,1.4144
smr,2013,1.3317
smr,2014,1.2610
smr,2015,1.1965
smr,2016,1.1386
smr,2017,1.0900
smr,2018,1.0384
smr,2019,0.99264
smr,2020,0.94548
smr,2021,0.90688
smr,2022,0.87033
smr,2023,0.83664
smr,2024,0.81198
som,1984,157.28
som,1985,154.21
som,1986,152.12
som,1987,149.95
som,1988,148.07
som,1989,146.11
som,1990,143.82
som,1991,140.77
som,1992,413.74
som,1993,427.67
som,1994,133.95
som,1995,133.67
som,1996,133.79
som,1997,133.78
som,1998,133.85
som,1999,133.70
som,2000,133.59
som,2001,133.42
som,2002,133.16
som,2003,132.95
som,2004,132.83
som,2005,132.58
som,2006,132.54
som,2007,131.69
som,2008,130.00
som,2009,126.59
som,2010,122.75
som,2011,148.10
som,2012,327.13
som,2013,147.38
som,2014,105.44
som,2015,100.93
som,2016,97.218
som,2017,93.846
som,2018,120.69
som,2019,101.66
som,2020,83.954
som,2021,80.630
som,2022,77.516
som,2023,110.72
som,2024,71.614
srb,1990,12.142
srb,1991,11.118
srb,1992,10.193
srb,1993,9.4629
srb,1994,8.9036
srb,1995,8.3095
srb,1996,7.5286
srb,1997,6.6938
srb,1998,5.9887
srb,1999,5.4895
srb,2000,5.1396
srb,2001,4.9052
srb,2002,4.6928
srb,2003,4.4204
srb,2004,4.0600
srb,2005,3.7069
srb,2006,3.4256
srb,2007,3.2305
srb,2008,3.1040
srb,2009,3.0188
srb,2010,2.9396
srb,2011,2.8404
srb,2012,2.7220
srb,2013,2.6077
srb,2014,2.5017
srb,2015,2.4149
srb,2016,2.3479
srb,2017,2.2871
srb,2018,2.2327
srb,2019,2.1774
srb,2020,2.1309
srb,2021,2.0924
srb,2022,2.0711
srb,2023,2.0637
srb,2024,2.0671
ssd,1990,258.23
ssd,1991,254.10
ssd,1992,248.66
ssd,1993,291.86
ssd,1994,285.25
ssd,1995,179.33
ssd,1996,221.30
ssd,1997,212.96
ssd,1998,204.37
ssd,1999,387.38
ssd,2000,142.36
ssd,2001,133.79
ssd,2002,125.58
ssd,2003,117.56
ssd,2004,109.71
ssd,2005,102.30
ssd,2006,95.584
ssd,2007,89.092
ssd,2008,83.481
ssd,2009,78.092
ssd,2010,73.328
ssd,2011,69.101
ssd,2012,65.155
ssd,2013,62.277
ssd,2014,61.037
ssd,2015,146.61
ssd,2016,202.50
ssd,2017,230.72
ssd,2018,245.39
ssd,2019,95.323
ssd,2020,60.819
ssd,2021,60.875
ssd,2022,60.863
ssd,2023,60.849
ssd,2024,60.940
stp,1986,75.736
stp,1987,89.602
stp,1988,79.641
stp,1989,81.309
stp,1990,82.878
stp,1991,84.169
stp,1992,85.081
stp,1993,85.501
stp,1994,85.287
stp,1995,84.343
stp,1996,82.371
stp,1997,79.535
stp,1998,75.790
stp,1999,71.373
stp,2000,66.510
stp,2001,61.282
stp,2002,56.054
stp,2003,50.896
stp,2004,46.068
stp,2005,41.462
stp,2006,37.199
stp,2007,33.157
stp,2008,29.408
stp,2009,26.040
stp,2010,22.954
stp,2011,20.365
stp,2012,18.370
stp,2013,16.539
stp,2014,14.869
stp,2015,13.491
stp,2016,12.177
stp,2017,11.082
stp,2018,10.182
stp,2019,9.4469
stp,2020,8.8795
stp,2021,8.3641
stp,2022,7.9412
stp,2023,7.5693
stp,2024,7.2302
sur,1990,26.026
sur,1991,24.880
sur,1992,23.702
sur,1993,22.471
sur,1994,21.334
sur,1995,20.193
sur,1996,19.087
sur,1997,18.044
sur,1998,17.198
sur,1999,16.358
sur,2000,15.380
sur,2001,14.352
sur,2002,13.274
sur,2003,12.215
sur,2004,11.244
sur,2005,10.387
sur,2006,9.7309
sur,2007,9.2740
sur,2008,8.9615
sur,2009,8.7830
sur,2010,8.6139
sur,2011,8.4742
sur,2012,8.3618
sur,2013,8.2285
sur,2014,8.0683
sur,2015,7.9200
sur,2016,7.7839
sur,2017,7.6631
sur,2018,7.5170
sur,2019,7.3435
sur,2020,7.1266
sur,2021,6.9370
sur,2022,6.7984
sur,2023,6.6034
sur,2024,6.3624
svk,1983,8.5288
svk,1984,8.2011
svk,1985,7.8783
svk,1986,7.5465
svk,1987,7.2139
svk,1988,6.9068
svk,1989,6.6349
svk,1990,6.3785
svk,1991,6.1185
svk,1992,5.8384
svk,1993,5.5333
svk,1994,5.2370
svk,1995,5.0197
svk,1996,4.9364
svk,1997,4.9481
svk,1998,4.9524
svk,1999,4.8958
svk,2000,4.8010
svk,2001,4.6885
svk,2002,4.5888
svk,2003,4.5389
svk,2004,4.5341
svk,2005,4.5280
svk,2006,4.4633
svk,2007,4.3390
svk,2008,4.1722
svk,2009,3.9808
svk,2010,3.7891
svk,2011,3.6084
svk,2012,3.4567
svk,2013,3.3430
svk,2014,3.2686
svk,2015,3.2141
svk,2016,3.1660
svk,2017,3.1142
svk,2018,3.0584
svk,2019,3.0014
svk,2020,2.9597
svk,2021,2.9444
svk,2022,2.9604
svk,2023,2.9986
svk,2024,3.0406
svn,1983,6.4467
svn,1984,6.1647
svn,1985,5.9338
svn,1986,5.7449
svn,1987,5.5685
svn,1988,5.3773
svn,1989,5.1698
svn,1990,4.9216
svn,1991,4.6477
svn,1992,4.3765
svn,1993,4.1189
svn,1994,3.8706
svn,1995,3.6235
svn,1996,3.3601
svn,1997,3.0963
svn,1998,2.8453
svn,1999,2.6088
svn,2000,2.3993
svn,2001,2.2244
svn,2002,2.0825
svn,2003,1.9733
svn,2004,1.8881
svn,2005,1.8173
svn,2006,1.7470
svn,2007,1.6743
svn,2008,1.5988
svn,2009,1.5206
svn,2010,1.4399
svn,2011,1.3589
svn,2012,1.2777
svn,2013,1.2034
svn,2014,1.1401
svn,2015,1.0923
svn,2016,1.0610
svn,2017,1.0388
svn,2018,1.0222
svn,2019,1.0082
svn,2020,0.99539
svn,2021,0.98386
svn,2022,0.97262
svn,2023,0.96141
svn,2024,0.94701
swe,1961,6.5220
swe,1962,6.4157
swe,1963,6.2793
swe,1964,6.1075
swe,1965,5.8599
swe,1966,5.5321
swe,1967,5.1614
swe,1968,4.8090
swe,1969,4.5167
swe,1970,4.2929
swe,1971,4.1508
swe,1972,4.0547
swe,1973,3.9566
swe,1974,3.8381
swe,1975,3.7187
swe,1976,3.6398
swe,1977,3.5976
swe,1978,3.5769
swe,1979,3.5703
swe,1980,3.5564
swe,1981,3.5225
swe,1982,3.4816
swe,1983,3.4610
swe,1984,3.4684
swe,1985,3.4941
swe,1986,3.5197
swe,1987,3.5465
swe,1988,3.5727
swe,1989,3.5915
swe,1990,3.5663
swe,1991,3.4644
swe,1992,3.2680
swe,1993,2.9815
swe,1994,2.6433
swe,1995,2.3423
swe,1996,2.1345
swe,1997,2.0050
swe,1998,1.9234
swe,1999,1.8620
swe,2000,1.8238
swe,2001,1.7998
swe,2002,1.7827
swe,2003,1.7682
swe,2004,1.7518
swe,2005,1.7220
swe,2006,1.6771
swe,2007,1.6191
swe,2008,1.5672
swe,2009,1.5264
swe,2010,1.4902
swe,2011,1.4534
swe,2012,1.4196
swe,2013,1.3879
swe,2014,1.3572
swe,2015,1.3300
swe,2016,1.3078
swe,2017,1.2872
swe,2018,1.2601
swe,2019,1.2244
swe,2020,1.1853
swe,2021,1.1475
swe,2022,1.1152
swe,2023,1.0880
swe,2024,1.0668
swz,1984,82.432
swz,1985,66.807
swz,1986,62.302
swz,1987,58.072
swz,1988,54.269
swz,1989,50.984
swz,1990,48.403
swz,1991,46.546
swz,1992,46.074
swz,1993,47.168
swz,1994,49.997
swz,1995,54.216
swz,1996,58.788
swz,1997,64.194
swz,1998,69.634
swz,1999,75.080
swz,2000,80.415
swz,2001,85.524
swz,2002,89.321
swz,2003,91.432
swz,2004,93.187
swz,2005,93.960
swz,2006,93.391
swz,2007,82.906
swz,2008,77.329
swz,2009,75.273
swz,2010,69.261
swz,2011,58.194
swz,2012,44.172
swz,2013,39.737
swz,2014,37.279
swz,2015,37.213
swz,2016,33.798
swz,2017,30.175
swz,2018,28.916
swz,2019,25.469
swz,2020,26.279
swz,2021,24.667
swz,2022,22.783
swz,2023,21.765
swz,2024,21.062
syc,1987,6.2883
syc,1988,5.9983
syc,1989,5.7644
syc,1990,5.5824
syc,1991,5.4391
syc,1992,5.3400
syc,1993,5.2598
syc,1994,5.2239
syc,1995,5.2149
syc,1996,5.2017
syc,1997,5.1972
syc,1998,5.1697
syc,1999,5.1392
syc,2000,5.1021
syc,2001,5.0911
syc,2002,5.0736
syc,2003,5.0602
syc,2004,5.0661
syc,2005,5.0755
syc,2006,5.0935
syc,2007,5.1444
syc,2008,5.1887
syc,2009,5.2430
syc,2010,5.3062
syc,2011,5.3867
syc,2012,5.4631
syc,2013,5.5369
syc,2014,5.6175
syc,2015,5.6922
syc,2016,5.7414
syc,2017,5.7924
syc,2018,5.8561
syc,2019,5.9079
syc,2020,5.9573
syc,2021,5.9841
syc,2022,5.9552
syc,2023,5.8819
syc,2024,5.7936
syr,1956,205.15
syr,1957,192.01
syr,1958,180.04
syr,1959,169.01
syr,1960,158.85
syr,1961,149.83
syr,1962,141.71
syr,1963,134.49
syr,1964,127.90
syr,1965,121.82
syr,1966,115.81
syr,1967,109.64
syr,1968,103.31
syr,1969,96.862
syr,1970,90.712
syr,1971,84.805
syr,1972,79.438
syr,1973,74.584
syr,1974,70.035
syr,1975,65.612
syr,1976,61.246
syr,1977,56.749
syr,1978,52.207
syr,1979,47.763
syr,1980,43.636
syr,1981,39.926
syr,1982,43.127
syr,1983,50.794
syr,1984,31.441
syr,1985,29.251
syr,1986,27.326
syr,1987,25.660
syr,1988,24.197
syr,1989,22.928
syr,1990,21.742
syr,1991,20.623
syr,1992,19.657
syr,1993,18.706
syr,1994,17.700
syr,1995,16.605
syr,1996,15.508
syr,1997,14.450
syr,1998,13.470
syr,1999,12.569
syr,2000,11.783
syr,2001,11.103
syr,2002,10.519
syr,2003,10.057
syr,2004,9.6729
syr,2005,9.3686
syr,2006,9.1277
syr,2007,8.9625
syr,2008,8.8656
syr,2009,8.8750
syr,2010,8.8702
syr,2011,8.9263
syr,2012,11.618
syr,2013,23.691
syr,2014,26.296
syr,2015,24.989
syr,2016,26.526
syr,2017,21.669
syr,2018,22.312
syr,2019,21.868
syr,2020,14.264
syr,2021,11.809
syr,2022,10.608
syr,2023,10.962
syr,2024,10.649
tca,1990,9.3389
tca,1991,8.7953
tca,1992,8.2417
tca,1993,7.7756
tca,1994,7.3173
tca,1995,6.8969
tca,1996,6.5115
tca,1997,6.1325
tca,1998,5.8041
tca,1999,5.4932
tca,2000,5.2318
tca,2001,4.9736
tca,2002,4.7177
tca,2003,4.5140
tca,2004,4.3319
tca,2005,4.1642
tca,2006,4.0304
tca,2007,3.9140
tca,2008,3.8057
tca,2009,3.7258
tca,2010,3.6560
tca,2011,3.5695
tca,2012,3.4973
tca,2013,3.4383
tca,2014,3.3754
tca,2015,3.3233
tca,2016,3.2867
tca,2017,3.2271
tca,2018,3.1591
tca,2019,3.0831
tca,2020,3.0186
tca,2021,2.9474
tca,2022,2.8686
tca,2023,2.7801
tca,2024,2.6852
tcd,1974,200.60
tcd,1975,199.11
tcd,1976,197.36
tcd,1977,195.93
tcd,1978,194.47
tcd,1979,193.01
tcd,1980,191.61
tcd,1981,189.97
tcd,1982,188.31
tcd,1983,186.41
tcd,1984,184.38
tcd,1985,182.21
tcd,1986,179.87
tcd,1987,177.53
tcd,1988,175.24
tcd,1989,173.01
tcd,1990,170.71
tcd,1991,168.61
tcd,1992,166.51
tcd,1993,164.33
tcd,1994,162.09
tcd,1995,159.76
tcd,1996,157.52
tcd,1997,155.34
tcd,1998,153.11
tcd,1999,150.88
tcd,2000,148.54
tcd,2001,145.98
tcd,2002,143.32
tcd,2003,140.50
tcd,2004,137.71
tcd,2005,134.89
tcd,2006,131.87
tcd,2007,128.56
tcd,2008,125.10
tcd,2009,121.47
tcd,2010,117.77
tcd,2011,114.04
tcd,2012,110.43
tcd,2013,106.82
tcd,2014,103.50
tcd,2015,100.30
tcd,2016,96.993
tcd,2017,93.752
tcd,2018,90.428
tcd,2019,87.223
tcd,2020,83.868
tcd,2021,80.663
tcd,2022,77.618
tcd,2023,74.844
tcd,2024,72.004
tgo,1966,199.97
tgo,1967,196.35
tgo,1968,192.55
tgo,1969,188.61
tgo,1970,184.36
tgo,1971,180.00
tgo,1972,175.38
tgo,1973,170.76
tgo,1974,166.04
tgo,1975,161.59
tgo,1976,157.08
tgo,1977,152.65
tgo,1978,148.38
tgo,1979,144.23
tgo,1980,140.18
tgo,1981,136.23
tgo,1982,132.46
tgo,1983,128.72
tgo,1984,125.15
tgo,1985,121.80
tgo,1986,118.71
tgo,1987,116.03
tgo,1988,113.71
tgo,1989,111.64
tgo,1990,109.88
tgo,1991,108.17
tgo,1992,106.68
tgo,1993,105.24
tgo,1994,103.58
tgo,1995,101.75
tgo,1996,99.669
tgo,1997,97.281
tgo,1998,94.676
tgo,1999,91.882
tgo,2000,88.971
tgo,2001,86.069
tgo,2002,83.102
tgo,2003,80.290
tgo,2004,77.515
tgo,2005,74.831
tgo,2006,72.265
tgo,2007,69.840
tgo,2008,67.624
tgo,2009,65.412
tgo,2010,63.229
tgo,2011,60.967
tgo,2012,58.749
tgo,2013,56.531
tgo,2014,54.367
tgo,2015,52.164
tgo,2016,50.094
tgo,2017,48.070
tgo,2018,46.213
tgo,2019,44.350
tgo,2020,42.489
tgo,2021,40.808
tgo,2022,39.154
tgo,2023,37.628
tgo,2024,36.038
tha,1953,134.72
tha,1954,129.13
tha,1955,124.05
tha,1956,118.98
tha,1957,114.02
tha,1958,109.18
tha,1959,104.27
tha,1960,99.525
tha,1961,94.867
tha,1962,90.313
tha,1963,85.963
tha,1964,81.875
tha,1965,77.902
tha,1966,74.052
tha,1967,70.339
tha,1968,66.565
tha,1969,62.820
tha,1970,59.250
tha,1971,55.747
tha,1972,52.321
tha,1973,49.096
tha,1974,45.981
tha,1975,43.112
tha,1976,40.485
tha,1977,38.076
tha,1978,35.924
tha,1979,34.030
tha,1980,32.263
tha,1981,30.636
tha,1982,29.138
tha,1983,27.746
tha,1984,26.346
tha,1985,24.926
tha,1986,23.549
tha,1987,22.084
tha,1988,20.625
tha,1989,19.204
tha,1990,17.818
tha,1991,16.543
tha,1992,15.559
tha,1993,14.719
tha,1994,13.983
tha,1995,13.250
tha,1996,12.563
tha,1997,11.928
tha,1998,11.335
tha,1999,10.773
tha,2000,10.255
tha,2001,9.7713
tha,2002,9.3157
tha,2003,8.9123
tha,2004,8.5134
tha,2005,8.1508
tha,2006,7.7945
tha,2007,7.4704
tha,2008,7.1938
tha,2009,6.9198
tha,2010,6.6711
tha,2011,6.4253
tha,2012,6.1954
tha,2013,5.9822
tha,2014,5.7700
tha,2015,5.5602
tha,2016,5.3570
tha,2017,5.1704
tha,2018,4.9813
tha,2019,4.8031
tha,2020,4.6189
tha,2021,4.4618
tha,2022,4.2996
tha,2023,4.1593
tha,2024,4.0330
tjk,1990,69.598
tjk,1991,70.639
tjk,1992,73.927
tjk,1993,77.839
tjk,1994,80.768
tjk,1995,81.760
tjk,1996,80.133
tjk,1997,76.140
tjk,1998,70.698
tjk,1999,64.741
tjk,2000,58.745
tjk,2001,53.000
tjk,2002,47.616
tjk,2003,42.701
tjk,2004,38.015
tjk,2005,33.739
tjk,2006,29.797
tjk,2007,26.318
tjk,2008,23.277
tjk,2009,20.754
tjk,2010,18.812
tjk,2011,17.344
tjk,2012,16.315
tjk,2013,15.563
tjk,2014,15.038
tjk,2015,14.635
tjk,2016,14.154
tjk,2017,13.769
tjk,2018,13.621
tjk,2019,13.655
tjk,2020,13.914
tjk,2021,14.203
tjk,2022,14.494
tjk,2023,14.778
tjk,2024,14.861
tkm,1989,59.209
tkm,1990,56.300
tkm,1991,54.022
tkm,1992,52.519
tkm,1993,51.831
tkm,1994,51.536
tkm,1995,51.421
tkm,1996,51.110
tkm,1997,50.352
tkm,1998,48.995
tkm,1999,46.988
tkm,2000,44.300
tkm,2001,41.259
tkm,2002,38.058
tkm,2003,34.896
tkm,2004,32.055
tkm,2005,29.594
tkm,2006,27.288
tkm,2007,25.401
tkm,2008,23.855
tkm,2009,22.576
tkm,2010,21.510
tkm,2011,20.761
tkm,2012,20.277
tkm,2013,19.899
tkm,2014,19.780
tkm,2015,19.651
tkm,2016,19.667
tkm,2017,19.747
tkm,2018,19.874
tkm,2019,19.780
tkm,2020,19.504
tkm,2021,19.043
tkm,2022,18.637
tkm,2023,18.124
tkm,2024,17.505
tls,1987,213.81
tls,1988,194.65
tls,1989,192.51
tls,1990,181.44
tls,1991,178.06
tls,1992,175.35
tls,1993,165.28
tls,1994,155.88
tls,1995,149.48
tls,1996,152.34
tls,1997,145.50
tls,1998,138.97
tls,1999,143.34
tls,2000,158.66
tls,2001,74.604
tls,2002,70.993
tls,2003,67.465
tls,2004,64.059
tls,2005,60.750
tls,2006,57.611
tls,2007,54.631
tls,2008,51.769
tls,2009,49.162
tls,2010,46.770
tls,2011,44.632
tls,2012,42.649
tls,2013,40.939
tls,2014,39.302
tls,2015,37.867
tls,2016,36.535
tls,2017,35.321
tls,2018,34.208
tls,2019,33.318
tls,2020,32.532
tls,2021,31.535
tls,2022,30.541
tls,2023,29.488
tls,2024,28.374
ton,1990,12.881
ton,1991,12.475
ton,1992,12.089
ton,1993,11.686
ton,1994,11.363
ton,1995,11.101
ton,1996,10.867
ton,1997,10.660
ton,1998,10.459
ton,1999,10.269
ton,2000,10.067
ton,2001,9.8483
ton,2002,9.5993
ton,2003,9.3362
ton,2004,9.0915
ton,2005,8.8608
ton,2006,8.6449
ton,2007,8.4183
ton,2008,8.2075
ton,2009,8.0175
ton,2010,7.8446
ton,2011,7.6671
ton,2012,7.4917
ton,2013,7.3134
ton,2014,7.1442
ton,2015,6.9758
ton,2016,6.7903
ton,2017,6.6170
ton,2018,6.4817
ton,2019,6.3472
ton,2020,6.2040
ton,2021,6.0677
ton,2022,5.9167
ton,2023,5.7585
ton,2024,5.6171
tto,1955,40.181
tto,1956,38.502
tto,1957,36.838
tto,1958,35.142
tto,1959,33.634
tto,1960,32.150
tto,1961,30.638
tto,1962,29.255
tto,1963,27.846
tto,1964,26.610
tto,1965,25.509
tto,1966,24.521
tto,1967,23.656
tto,1968,22.897
tto,1969,22.097
tto,1970,21.425
tto,1971,20.766
tto,1972,20.248
tto,1973,19.634
tto,1974,18.999
tto,1975,18.323
tto,1976,17.679
tto,1977,17.019
tto,1978,16.357
tto,1979,15.702
tto,1980,15.068
tto,1981,14.452
tto,1982,13.833
tto,1983,13.297
tto,1984,12.789
tto,1985,12.380
tto,1986,12.055
tto,1987,11.740
tto,1988,11.509
tto,1989,11.276
tto,1990,11.049
tto,1991,10.861
tto,1992,10.677
tto,1993,10.515
tto,1994,10.354
tto,1995,10.222
tto,1996,10.088
tto,1997,9.8965
tto,1998,9.7601
tto,1999,9.6207
tto,2000,9.4988
tto,2001,9.3237
tto,2002,9.1783
tto,2003,9.0509
tto,2004,8.9165
tto,2005,8.7841
tto,2006,8.6588
tto,2007,8.5391
tto,2008,8.4178
tto,2009,8.2700
tto,2010,8.1172
tto,2011,8.0037
tto,2012,7.8803
tto,2013,7.7428
tto,2014,7.6373
tto,2015,7.5056
tto,2016,7.3750
tto,2017,7.2691
tto,2018,7.1488
tto,2019,7.0593
tto,2020,6.9418
tto,2021,6.7975
tto,2022,6.6355
tto,2023,6.4295
tto,2024,6.2923
tun,1966,193.88
tun,1967,182.49
tun,1968,171.03
tun,1969,159.92
tun,1970,149.28
tun,1971,138.95
tun,1972,129.44
tun,1973,120.63
tun,1974,112.16
tun,1975,103.96
tun,1976,95.892
tun,1977,88.190
tun,1978,80.798
tun,1979,73.981
tun,1980,67.767
tun,1981,62.215
tun,1982,57.164
tun,1983,52.743
tun,1984,48.696
tun,1985,44.874
tun,1986,41.499
tun,1987,38.315
tun,1988,35.407
tun,1989,32.803
tun,1990,30.514
tun,1991,28.378
tun,1992,26.319
tun,1993,24.442
tun,1994,22.579
tun,1995,20.765
tun,1996,18.908
tun,1997,17.186
tun,1998,15.543
tun,1999,14.331
tun,2000,13.220
tun,2001,12.207
tun,2002,11.276
tun,2003,10.414
tun,2004,9.6492
tun,2005,8.9845
tun,2006,8.4281
tun,2007,7.9379
tun,2008,7.5489
tun,2009,7.2341
tun,2010,6.9743
tun,2011,6.7751
tun,2012,6.6190
tun,2013,6.4912
tun,2014,6.3836
tun,2015,6.2860
tun,2016,6.1807
tun,2017,6.1046
tun,2018,6.0510
tun,2019,5.9819
tun,2020,5.8411
tun,2021,5.5936
tun,2022,5.2808
tun,2023,4.9288
tun,2024,4.5826
tur,1956,237.38
tur,1957,232.17
tur,1958,226.60
tur,1959,220.80
tur,1960,214.31
tur,1961,207.16
tur,1962,199.36
tur,1963,191.21
tur,1964,183.14
tur,1965,175.33
tur,1966,168.03
tur,1967,161.10
tur,1968,154.72
tur,1969,148.74
tur,1970,143.17
tur,1971,137.77
tur,1972,132.59
tur,1973,127.39
tur,1974,122.11
tur,1975,117.07
tur,1976,111.89
tur,1977,106.81
tur,1978,101.77
tur,1979,96.776
tur,1980,91.764
tur,1981,86.730
tur,1982,81.652
tur,1983,76.631
tur,1984,71.673
tur,1985,66.956
tur,1986,62.404
tur,1987,58.128
tur,1988,54.052
tur,1989,50.231
tur,1990,46.693
tur,1991,43.366
tur,1992,40.272
tur,1993,37.420
tur,1994,34.745
tur,1995,32.284
tur,1996,29.891
tur,1997,27.600
tur,1998,25.319
tur,1999,23.179
tur,2000,21.125
tur,2001,19.261
tur,2002,17.815
tur,2003,16.515
tur,2004,15.296
tur,2005,14.146
tur,2006,13.091
tur,2007,12.115
tur,2008,11.265
tur,2009,10.491
tur,2010,9.8135
tur,2011,9.1969
tur,2012,8.6559
tur,2013,8.1570
tur,2014,7.6999
tur,2015,7.2591
tur,2016,6.8368
tur,2017,6.4331
tur,2018,6.0468
tur,2019,5.6961
tur,2020,5.3836
tur,2021,5.1183
tur,2022,4.8764
tur,2023,4.6620
tur,2024,7.9737
tuv,1990,26.186
tuv,1991,25.860
tuv,1992,25.382
tuv,1993,24.897
tuv,1994,24.287
tuv,1995,23.646
tuv,1996,22.907
tuv,1997,22.070
tuv,1998,21.170
tuv,1999,20.191
tuv,2000,19.283
tuv,2001,18.431
tuv,2002,17.656
tuv,2003,17.004
tuv,2004,16.504
tuv,2005,16.055
tuv,2006,15.806
tuv,2007,15.664
tuv,2008,15.634
tuv,2009,15.557
tuv,2010,15.455
tuv,2011,15.335
tuv,2012,15.132
tuv,2013,14.899
tuv,2014,14.635
tuv,2015,14.363
tuv,2016,14.024
tuv,2017,13.678
tuv,2018,13.274
tuv,2019,12.908
tuv,2020,12.489
tuv,2021,12.063
tuv,2022,11.727
tuv,2023,11.324
tuv,2024,10.944
tza,1969,182.94
tza,1970,180.13
tza,1971,177.72
tza,1972,175.08
tza,1973,172.05
tza,1974,168.69
tza,1975,164.71
tza,1976,160.33
tza,1977,155.57
tza,1978,150.82
tza,1979,146.61
tza,1980,143.37
tza,1981,141.49
tza,1982,140.50
tza,1983,140.35
tza,1984,140.62
tza,1985,140.85
tza,1986,140.46
tza,1987,139.45
tza,1988,137.84
tza,1989,136.01
tza,1990,134.09
tza,1991,132.42
tza,1992,130.94
tza,1993,129.52
tza,1994,127.95
tza,1995,126.21
tza,1996,123.96
tza,1997,120.76
tza,1998,116.59
tza,1999,111.65
tza,2000,105.58
tza,2001,98.831
tza,2002,91.781
tza,2003,84.739
tza,2004,78.037
tza,2005,72.029
tza,2006,66.494
tza,2007,61.591
tza,2008,56.704
tza,2009,52.625
tza,2010,48.417
tza,2011,44.935
tza,2012,41.624
tza,2013,39.028
tza,2014,36.490
tza,2015,33.842
tza,2016,31.992
tza,2017,29.728
tza,2018,27.580
tza,2019,25.531
tza,2020,23.868
tza,2021,22.454
tza,2022,20.977
tza,2023,19.805
tza,2024,18.677
uga,1966,155.44
uga,1967,152.91
uga,1968,150.43
uga,1969,148.56
uga,1970,147.29
uga,1971,146.85
uga,1972,147.60
uga,1973,149.18
uga,1974,151.56
uga,1975,154.89
uga,1976,159.01
uga,1977,163.56
uga,1978,168.02
uga,1979,171.87
uga,1980,174.46
uga,1981,176.79
uga,1982,175.93
uga,1983,172.66
uga,1984,168.01
uga,1985,163.67
uga,1986,160.26
uga,1987,157.87
uga,1988,155.98
uga,1989,154.15
uga,1990,152.23
uga,1991,149.40
uga,1992,146.09
uga,1993,142.49
uga,1994,139.10
uga,1995,136.33
uga,1996,134.19
uga,1997,132.33
uga,1998,129.99
uga,1999,126.71
uga,2000,122.38
uga,2001,117.03
uga,2002,110.79
uga,2003,103.80
uga,2004,96.292
uga,2005,88.607
uga,2006,81.178
uga,2007,74.272
uga,2008,67.934
uga,2009,62.250
uga,2010,57.227
uga,2011,52.309
uga,2012,47.622
uga,2013,43.737
uga,2014,40.026
uga,2015,37.278
uga,2016,34.591
uga,2017,31.803
uga,2018,29.741
uga,2019,27.797
uga,2020,26.170
uga,2021,24.822
uga,2022,23.482
uga,2023,22.556
uga,2024,21.337
ukr,1985,8.9937
ukr,1986,8.6749
ukr,1987,8.3619
ukr,1988,8.0421
ukr,1989,7.7815
ukr,1990,7.5932
ukr,1991,7.5264
ukr,1992,7.5686
ukr,1993,7.6702
ukr,1994,7.8389
ukr,1995,8.0010
ukr,1996,8.1037
ukr,1997,8.0964
ukr,1998,8.0343
ukr,1999,7.8681
ukr,2000,7.6212
ukr,2001,7.3558
ukr,2002,7.0628
ukr,2003,6.7459
ukr,2004,6.4631
ukr,2005,6.1812
ukr,2006,5.9478
ukr,2007,5.7403
ukr,2008,5.5237
ukr,2009,5.2997
ukr,2010,5.0525
ukr,2011,4.8126
ukr,2012,4.5827
ukr,2013,4.3709
ukr,2014,4.1882
ukr,2015,4.0283
ukr,2016,3.8924
ukr,2017,3.7659
ukr,2018,3.6636
ukr,2019,3.5756
ukr,2020,3.4997
ukr,2021,3.4317
ukr,2022,3.3792
ukr,2023,3.7412
ukr,2024,3.3881
unicef_eap,1991,29.700
unicef_eap,1992,29.126
unicef_eap,1993,28.294
unicef_eap,1994,27.250
unicef_eap,1995,26.195
unicef_eap,1996,25.824
unicef_eap,1997,24.821
unicef_eap,1998,23.783
unicef_eap,1999,22.681
unicef_eap,2000,21.476
unicef_eap,2001,19.984
unicef_eap,2002,18.882
unicef_eap,2003,17.814
unicef_eap,2004,16.151
unicef_eap,2005,16.038
unicef_eap,2006,14.200
unicef_eap,2007,13.360
unicef_eap,2008,12.597
unicef_eap,2009,12.895
unicef_eap,2010,11.307
unicef_eap,2011,10.778
unicef_eap,2012,10.295
unicef_eap,2013,9.7258
unicef_eap,2014,9.2831
unicef_eap,2015,8.8452
unicef_eap,2016,8.5313
unicef_eap,2017,8.1552
unicef_eap,2018,7.7791
unicef_eap,2019,7.6557
unicef_eap,2020,7.4957
unicef_eap,2021,7.4717
unicef_eap,2022,7.4324
unicef_eap,2023,7.3359
unicef_eap,2024,7.1999
unicef_eapro,1991,31.081
unicef_eapro,1992,30.615
unicef_eapro,1993,29.887
unicef_eapro,1994,28.825
unicef_eapro,1995,27.749
unicef_eapro,1996,27.385
unicef_eapro,1997,26.344
unicef_eapro,1998,25.267
unicef_eapro,1999,24.115
unicef_eapro,2000,22.841
unicef_eapro,2001,21.238
unicef_eapro,2002,20.051
unicef_eapro,2003,18.896
unicef_eapro,2004,17.101
unicef_eapro,2005,16.965
unicef_eapro,2006,14.981
unicef_eapro,2007,14.080
unicef_eapro,2008,13.275
unicef_eapro,2009,13.591
unicef_eapro,2010,11.887
unicef_eapro,2011,11.324
unicef_eapro,2012,10.810
unicef_eapro,2013,10.199
unicef_eapro,2014,9.7277
unicef_eapro,2015,9.2615
unicef_eapro,2016,8.9376
unicef_eapro,2017,8.5390
unicef_eapro,2018,8.1299
unicef_eapro,2019,8.0143
unicef_eapro,2020,7.8553
unicef_eapro,2021,7.8472
unicef_eapro,2022,7.8309
unicef_eapro,2023,7.7449
unicef_eapro,2024,7.6041
unicef_eca,1991,17.219
unicef_eca,1992,16.811
unicef_eca,1993,16.711
unicef_eca,1994,16.426
unicef_eca,1995,15.758
unicef_eca,1996,15.252
unicef_eca,1997,14.361
unicef_eca,1998,13.530
unicef_eca,1999,12.734
unicef_eca,2000,11.861
unicef_eca,2001,10.894
unicef_eca,2002,10.118
unicef_eca,2003,9.4304
unicef_eca,2004,8.7532
unicef_eca,2005,8.1604
unicef_eca,2006,7.5856
unicef_eca,2007,7.0451
unicef_eca,2008,6.6057
unicef_eca,2009,6.2107
unicef_eca,2010,5.8669
unicef_eca,2011,5.5241
unicef_eca,2012,5.2437
unicef_eca,2013,5.0065
unicef_eca,2014,4.8185
unicef_eca,2015,4.6271
unicef_eca,2016,4.4262
unicef_eca,2017,4.2115
unicef_eca,2018,4.0159
unicef_eca,2019,3.8728
unicef_eca,2020,3.7639
unicef_eca,2021,3.6816
unicef_eca,2022,3.5984
unicef_eca,2023,3.5526
unicef_eca,2024,3.8847
unicef_ecaro,1991,32.584
unicef_ecaro,1992,31.888
unicef_ecaro,1993,31.818
unicef_ecaro,1994,31.257
unicef_ecaro,1995,30.002
unicef_ecaro,1996,29.126
unicef_ecaro,1997,27.541
unicef_ecaro,1998,25.963
unicef_ecaro,1999,24.362
unicef_ecaro,2000,22.640
unicef_ecaro,2001,20.860
unicef_ecaro,2002,19.316
unicef_ecaro,2003,17.874
unicef_ecaro,2004,16.450
unicef_ecaro,2005,15.189
unicef_ecaro,2006,13.980
unicef_ecaro,2007,12.831
unicef_ecaro,2008,11.835
unicef_ecaro,2009,10.938
unicef_ecaro,2010,10.176
unicef_ecaro,2011,9.5433
unicef_ecaro,2012,9.0359
unicef_ecaro,2013,8.5444
unicef_ecaro,2014,8.1408
unicef_ecaro,2015,7.7456
unicef_ecaro,2016,7.3760
unicef_ecaro,2017,7.0248
unicef_ecaro,2018,6.7299
unicef_ecaro,2019,6.5072
unicef_ecaro,2020,6.3279
unicef_ecaro,2021,6.1663
unicef_ecaro,2022,6.0159
unicef_ecaro,2023,5.9534
unicef_ecaro,2024,6.7610
unicef_eeca,1991,26.752
unicef_eeca,1992,26.585
unicef_eeca,1993,26.967
unicef_eeca,1994,27.012
unicef_eeca,1995,26.097
unicef_eeca,1996,25.407
unicef_eeca,1997,24.196
unicef_eeca,1998,22.988
unicef_eeca,1999,21.661
unicef_eeca,2000,20.254
unicef_eeca,2001,18.697
unicef_eeca,2002,17.273
unicef_eeca,2003,15.919
unicef_eeca,2004,14.609
unicef_eeca,2005,13.489
unicef_eeca,2006,12.447
unicef_eeca,2007,11.458
unicef_eeca,2008,10.574
unicef_eeca,2009,9.8193
unicef_eeca,2010,9.1797
unicef_eeca,2011,8.6074
unicef_eeca,2012,8.1162
unicef_eeca,2013,7.6331
unicef_eeca,2014,7.2443
unicef_eeca,2015,6.8851
unicef_eeca,2016,6.5418
unicef_eeca,2017,6.2147
unicef_eeca,2018,5.9475
unicef_eeca,2019,5.7340
unicef_eeca,2020,5.5771
unicef_eeca,2021,5.4439
unicef_eeca,2022,5.3199
unicef_eeca,2023,5.2507
unicef_eeca,2024,5.8444
unicef_esa,1991,125.75
unicef_esa,1992,133.74
unicef_esa,1993,132.81
unicef_esa,1994,123.49
unicef_esa,1995,124.84
unicef_esa,1996,118.15
unicef_esa,1997,115.22
unicef_esa,1998,112.43
unicef_esa,1999,113.79
unicef_esa,2000,104.41
unicef_esa,2001,99.831
unicef_esa,2002,95.000
unicef_esa,2003,89.471
unicef_esa,2004,84.495
unicef_esa,2005,80.522
unicef_esa,2006,75.576
unicef_esa,2007,69.726
unicef_esa,2008,64.953
unicef_esa,2009,60.258
unicef_esa,2010,55.947
unicef_esa,2011,53.283
unicef_esa,2012,56.875
unicef_esa,2013,46.853
unicef_esa,2014,42.992
unicef_esa,2015,42.756
unicef_esa,2016,41.787
unicef_esa,2017,40.064
unicef_esa,2018,39.394
unicef_esa,2019,34.075
unicef_esa,2020,31.670
unicef_esa,2021,30.512
unicef_esa,2022,29.297
unicef_esa,2023,29.623
unicef_esa,2024,26.987
unicef_esaro,1991,128.95
unicef_esaro,1992,137.83
unicef_esaro,1993,137.03
unicef_esaro,1994,127.05
unicef_esaro,1995,128.68
unicef_esaro,1996,121.58
unicef_esaro,1997,118.56
unicef_esaro,1998,115.71
unicef_esaro,1999,117.37
unicef_esaro,2000,107.41
unicef_esaro,2001,102.69
unicef_esaro,2002,97.691
unicef_esaro,2003,91.924
unicef_esaro,2004,86.747
unicef_esaro,2005,81.538
unicef_esaro,2006,76.312
unicef_esaro,2007,71.281
unicef_esaro,2008,66.282
unicef_esaro,2009,61.366
unicef_esaro,2010,56.850
unicef_esaro,2011,54.122
unicef_esaro,2012,58.174
unicef_esaro,2013,47.416
unicef_esaro,2014,43.350
unicef_esaro,2015,43.217
unicef_esaro,2016,42.282
unicef_esaro,2017,40.539
unicef_esaro,2018,39.941
unicef_esaro,2019,34.261
unicef_esaro,2020,31.766
unicef_esaro,2021,30.614
unicef_esaro,2022,29.405
unicef_esaro,2023,29.873
unicef_esaro,2024,27.096
unicef_lac,1991,33.000
unicef_lac,1992,31.241
unicef_lac,1993,29.405
unicef_lac,1994,27.600
unicef_lac,1995,25.825
unicef_lac,1996,24.156
unicef_lac,1997,22.597
unicef_lac,1998,21.106
unicef_lac,1999,20.229
unicef_lac,2000,18.364
unicef_lac,2001,17.269
unicef_lac,2002,16.304
unicef_lac,2003,15.476
unicef_lac,2004,14.709
unicef_lac,2005,13.974
unicef_lac,2006,13.259
unicef_lac,2007,12.597
unicef_lac,2008,11.969
unicef_lac,2009,11.359
unicef_lac,2010,10.810
unicef_lac,2011,11.835
unicef_lac,2012,9.8868
unicef_lac,2013,9.5235
unicef_lac,2014,9.1843
unicef_lac,2015,8.8666
unicef_lac,2016,8.4389
unicef_lac,2017,8.5320
unicef_lac,2018,8.1249
unicef_lac,2019,7.8129
unicef_lac,2020,7.5344
unicef_lac,2021,7.3208
unicef_lac,2022,7.2135
unicef_lac,2023,7.2281
unicef_lac,2024,7.2683
unicef_lacro,1991,33.012
unicef_lacro,1992,31.252
unicef_lacro,1993,29.417
unicef_lacro,1994,27.610
unicef_lacro,1995,25.834
unicef_lacro,1996,24.164
unicef_lacro,1997,22.605
unicef_lacro,1998,21.112
unicef_lacro,1999,20.235
unicef_lacro,2000,18.369
unicef_lacro,2001,17.274
unicef_lacro,2002,16.308
unicef_lacro,2003,15.479
unicef_lacro,2004,14.712
unicef_lacro,2005,13.976
unicef_lacro,2006,13.261
unicef_lacro,2007,12.600
unicef_lacro,2008,11.971
unicef_lacro,2009,11.361
unicef_lacro,2010,10.812
unicef_lacro,2011,11.838
unicef_lacro,2012,9.8883
unicef_lacro,2013,9.5249
unicef_lacro,2014,9.1858
unicef_lacro,2015,8.8681
unicef_lacro,2016,8.4404
unicef_lacro,2017,8.5337
unicef_lacro,2018,8.1265
unicef_lacro,2019,7.8145
unicef_lacro,2020,7.5316
unicef_lacro,2021,7.3224
unicef_lacro,2022,7.2151
unicef_lacro,2023,7.2298
unicef_lacro,2024,7.2701
unicef_mena,1991,41.628
unicef_mena,1992,38.590
unicef_mena,1993,35.715
unicef_mena,1994,33.993
unicef_mena,1995,32.336
unicef_mena,1996,30.754
unicef_mena,1997,29.059
unicef_mena,1998,27.455
unicef_mena,1999,25.851
unicef_mena,2000,24.233
unicef_mena,2001,22.655
unicef_mena,2002,21.195
unicef_mena,2003,19.816
unicef_mena,2004,18.546
unicef_mena,2005,17.368
unicef_mena,2006,16.295
unicef_mena,2007,15.326
unicef_mena,2008,14.401
unicef_mena,2009,13.601
unicef_mena,2010,12.942
unicef_mena,2011,12.342
unicef_mena,2012,12.035
unicef_mena,2013,12.331
unicef_mena,2014,12.024
unicef_mena,2015,11.537
unicef_mena,2016,11.306
unicef_mena,2017,10.681
unicef_mena,2018,10.379
unicef_mena,2019,10.247
unicef_mena,2020,9.7929
unicef_mena,2021,9.2973
unicef_mena,2022,9.0813
unicef_mena,2023,8.8201
unicef_mena,2024,8.9770
unicef_menaro,1991,47.177
unicef_menaro,1992,44.351
unicef_menaro,1993,41.719
unicef_menaro,1994,40.117
unicef_menaro,1995,38.588
unicef_menaro,1996,37.135
unicef_menaro,1997,35.560
unicef_menaro,1998,33.956
unicef_menaro,1999,32.263
unicef_menaro,2000,30.533
unicef_menaro,2001,28.849
unicef_menaro,2002,27.246
unicef_menaro,2003,25.711
unicef_menaro,2004,24.259
unicef_menaro,2005,24.548
unicef_menaro,2006,23.277
unicef_menaro,2007,20.295
unicef_menaro,2008,19.131
unicef_menaro,2009,18.085
unicef_menaro,2010,17.213
unicef_menaro,2011,16.430
unicef_menaro,2012,15.901
unicef_menaro,2013,15.887
unicef_menaro,2014,15.363
unicef_menaro,2015,14.731
unicef_menaro,2016,14.403
unicef_menaro,2017,13.761
unicef_menaro,2018,13.391
unicef_menaro,2019,13.237
unicef_menaro,2020,12.798
unicef_menaro,2021,12.280
unicef_menaro,2022,11.964
unicef_menaro,2023,11.594
unicef_menaro,2024,11.581
unicef_na,1991,5.3573
unicef_na,1992,5.1927
unicef_na,1993,4.9867
unicef_na,1994,4.7624
unicef_na,1995,4.5404
unicef_na,1996,4.3378
unicef_na,1997,4.1657
unicef_na,1998,4.0244
unicef_na,1999,3.9078
unicef_na,2000,3.8104
unicef_na,2001,3.7211
unicef_na,2002,3.6219
unicef_na,2003,3.5198
unicef_na,2004,3.4391
unicef_na,2005,3.4003
unicef_na,2006,3.3899
unicef_na,2007,3.3760
unicef_na,2008,3.3364
unicef_na,2009,3.2737
unicef_na,2010,3.1997
unicef_na,2011,3.1140
unicef_na,2012,3.0141
unicef_na,2013,2.9089
unicef_na,2014,2.8295
unicef_na,2015,2.7990
unicef_na,2016,2.7944
unicef_na,2017,2.7745
unicef_na,2018,2.7253
unicef_na,2019,2.6836
unicef_na,2020,2.6856
unicef_na,2021,2.7376
unicef_na,2022,2.8192
unicef_na,2023,2.9178
unicef_na,2024,2.9961
unicef_rosa,1991,76.108
unicef_rosa,1992,73.288
unicef_rosa,1993,70.570
unicef_rosa,1994,67.948
unicef_rosa,1995,65.376
unicef_rosa,1996,62.709
unicef_rosa,1997,60.016
unicef_rosa,1998,57.315
unicef_rosa,1999,54.672
unicef_rosa,2000,52.044
unicef_rosa,2001,49.485
unicef_rosa,2002,46.993
unicef_rosa,2003,44.709
unicef_rosa,2004,42.550
unicef_rosa,2005,40.605
unicef_rosa,2006,38.430
unicef_rosa,2007,36.421
unicef_rosa,2008,34.430
unicef_rosa,2009,32.473
unicef_rosa,2010,30.682
unicef_rosa,2011,28.781
unicef_rosa,2012,26.980
unicef_rosa,2013,25.256
unicef_rosa,2014,23.602
unicef_rosa,2015,22.067
unicef_rosa,2016,20.588
unicef_rosa,2017,19.177
unicef_rosa,2018,17.908
unicef_rosa,2019,16.805
unicef_rosa,2020,15.955
unicef_rosa,2021,15.191
unicef_rosa,2022,14.506
unicef_rosa,2023,13.863
unicef_rosa,2024,13.292
unicef_sa,1991,76.108
unicef_sa,1992,73.288
unicef_sa,1993,70.570
unicef_sa,1994,67.948
unicef_sa,1995,65.376
unicef_sa,1996,62.709
unicef_sa,1997,60.016
unicef_sa,1998,57.315
unicef_sa,1999,54.672
unicef_sa,2000,52.044
unicef_sa,2001,49.485
unicef_sa,2002,46.993
unicef_sa,2003,44.709
unicef_sa,2004,42.550
unicef_sa,2005,40.605
unicef_sa,2006,38.430
unicef_sa,2007,36.421
unicef_sa,2008,34.430
unicef_sa,2009,32.473
unicef_sa,2010,30.682
unicef_sa,2011,28.781
unicef_sa,2012,26.980
unicef_sa,2013,25.256
unicef_sa,2014,23.602
unicef_sa,2015,22.067
unicef_sa,2016,20.588
unicef_sa,2017,19.177
unicef_sa,2018,17.908
unicef_sa,2019,16.805
unicef_sa,2020,15.955
unicef_sa,2021,15.191
unicef_sa,2022,14.506
unicef_sa,2023,13.863
unicef_sa,2024,13.292
unicef_ssa,1991,140.25
unicef_ssa,1992,143.64
unicef_ssa,1993,142.49
unicef_ssa,1994,136.97
unicef_ssa,1995,136.78
unicef_ssa,1996,132.46
unicef_ssa,1997,129.80
unicef_ssa,1998,126.92
unicef_ssa,1999,125.88
unicef_ssa,2000,119.25
unicef_ssa,2001,114.90
unicef_ssa,2002,110.36
unicef_ssa,2003,105.30
unicef_ssa,2004,100.46
unicef_ssa,2005,96.149
unicef_ssa,2006,91.373
unicef_ssa,2007,86.318
unicef_ssa,2008,81.980
unicef_ssa,2009,77.800
unicef_ssa,2010,76.468
unicef_ssa,2011,71.291
unicef_ssa,2012,71.575
unicef_ssa,2013,65.549
unicef_ssa,2014,62.622
unicef_ssa,2015,61.717
unicef_ssa,2016,59.822
unicef_ssa,2017,57.881
unicef_ssa,2018,56.497
unicef_ssa,2019,52.510
unicef_ssa,2020,50.840
unicef_ssa,2021,48.167
unicef_ssa,2022,46.631
unicef_ssa,2023,47.142
unicef_ssa,2024,42.854
unicef_wca,1991,155.89
unicef_wca,1992,154.33
unicef_wca,1993,152.84
unicef_wca,1994,151.21
unicef_wca,1995,149.40
unicef_wca,1996,147.34
unicef_wca,1997,144.86
unicef_wca,1998,141.90
unicef_wca,1999,138.44
unicef_wca,2000,134.56
unicef_wca,2001,130.31
unicef_wca,2002,125.82
unicef_wca,2003,121.13
unicef_wca,2004,116.35
unicef_wca,2005,111.66
unicef_wca,2006,107.04
unicef_wca,2007,102.66
unicef_wca,2008,98.612
unicef_wca,2009,94.818
unicef_wca,2010,96.192
unicef_wca,2011,88.450
unicef_wca,2012,85.451
unicef_wca,2013,82.852
unicef_wca,2014,80.656
unicef_wca,2015,79.085
unicef_wca,2016,76.316
unicef_wca,2017,74.190
unicef_wca,2018,72.246
unicef_wca,2019,69.602
unicef_wca,2020,68.857
unicef_wca,2021,65.013
unicef_wca,2022,63.269
unicef_wca,2023,63.918
unicef_wca,2024,58.020
unicef_wcaro,1991,155.89
unicef_wcaro,1992,154.33
unicef_wcaro,1993,152.84
unicef_wcaro,1994,151.21
unicef_wcaro,1995,149.40
unicef_wcaro,1996,147.34
unicef_wcaro,1997,144.86
unicef_wcaro,1998,141.90
unicef_wcaro,1999,138.44
unicef_wcaro,2000,134.56
unicef_wcaro,2001,130.31
unicef_wcaro,2002,125.82
unicef_wcaro,2003,121.13
unicef_wcaro,2004,116.35
unicef_wcaro,2005,111.66
unicef_wcaro,2006,107.04
unicef_wcaro,2007,102.66
unicef_wcaro,2008,98.612
unicef_wcaro,2009,94.818
unicef_wcaro,2010,96.192
unicef_wcaro,2011,88.450
unicef_wcaro,2012,85.451
unicef_wcaro,2013,82.852
unicef_wcaro,2014,80.656
unicef_wcaro,2015,79.085
unicef_wcaro,2016,76.316
unicef_wcaro,2017,74.190
unicef_wcaro,2018,72.246
unicef_wcaro,2019,69.602
unicef_wcaro,2020,68.857
unicef_wcaro,2021,65.013
unicef_wcaro,2022,63.269
unicef_wcaro,2023,63.918
unicef_wcaro,2024,58.020
unicef_we,1991,4.9668
unicef_we,1992,4.6931
unicef_we,1993,4.3945
unicef_we,1994,4.0764
unicef_we,1995,3.7671
unicef_we,1996,3.4954
unicef_we,1997,3.2798
unicef_we,1998,3.1159
unicef_we,1999,2.9800
unicef_we,2000,2.8576
unicef_we,2001,2.7435
unicef_we,2002,2.6426
unicef_we,2003,2.5505
unicef_we,2004,2.4598
unicef_we,2005,2.3691
unicef_we,2006,2.2896
unicef_we,2007,2.2211
unicef_we,2008,2.1570
unicef_we,2009,2.0804
unicef_we,2010,1.9957
unicef_we,2011,1.9125
unicef_we,2012,1.8397
unicef_we,2013,1.7801
unicef_we,2014,1.7305
unicef_we,2015,1.6913
unicef_we,2016,1.6560
unicef_we,2017,1.6202
unicef_we,2018,1.5823
unicef_we,2019,1.5443
unicef_we,2020,1.5167
unicef_we,2021,1.5031
unicef_we,2022,1.5002
unicef_we,2023,1.5037
unicef_we,2024,1.5089
unsdg_australianewzealand,1991,5.0017
unsdg_australianewzealand,1992,4.6399
unsdg_australianewzealand,1993,4.3114
unsdg_australianewzealand,1994,4.0480
unsdg_australianewzealand,1995,3.8240
unsdg_australianewzealand,1996,3.6354
unsdg_australianewzealand,1997,3.4630
unsdg_australianewzealand,1998,3.3069
unsdg_australianewzealand,1999,3.1559
unsdg_australianewzealand,2000,3.0247
unsdg_australianewzealand,2001,2.9084
unsdg_australianewzealand,2002,2.8137
unsdg_australianewzealand,2003,2.7407
unsdg_australianewzealand,2004,2.7071
unsdg_australianewzealand,2005,2.6864
unsdg_australianewzealand,2006,2.6514
unsdg_australianewzealand,2007,2.6028
unsdg_australianewzealand,2008,2.5337
unsdg_australianewzealand,2009,2.4357
unsdg_australianewzealand,2010,2.3183
unsdg_australianewzealand,2011,2.1965
unsdg_australianewzealand,2012,2.0691
unsdg_australianewzealand,2013,1.9434
unsdg_australianewzealand,2014,1.8285
unsdg_australianewzealand,2015,1.7356
unsdg_australianewzealand,2016,1.6733
unsdg_australianewzealand,2017,1.6291
unsdg_australianewzealand,2018,1.5961
unsdg_australianewzealand,2019,1.5687
unsdg_australianewzealand,2020,1.5488
unsdg_australianewzealand,2021,1.5311
unsdg_australianewzealand,2022,1.5098
unsdg_australianewzealand,2023,1.4856
unsdg_australianewzealand,2024,1.4594
unsdg_centralasia,1991,43.646
unsdg_centralasia,1992,43.795
unsdg_centralasia,1993,44.277
unsdg_centralasia,1994,44.698
unsdg_centralasia,1995,44.828
unsdg_centralasia,1996,44.405
unsdg_centralasia,1997,42.946
unsdg_centralasia,1998,41.256
unsdg_centralasia,1999,39.354
unsdg_centralasia,2000,36.999
unsdg_centralasia,2001,34.243
unsdg_centralasia,2002,31.527
unsdg_centralasia,2003,28.878
unsdg_centralasia,2004,26.215
unsdg_centralasia,2005,23.769
unsdg_centralasia,2006,21.449
unsdg_centralasia,2007,19.339
unsdg_centralasia,2008,17.484
unsdg_centralasia,2009,15.902
unsdg_centralasia,2010,14.701
unsdg_centralasia,2011,13.633
unsdg_centralasia,2012,12.759
unsdg_centralasia,2013,11.999
unsdg_centralasia,2014,11.361
unsdg_centralasia,2015,10.741
unsdg_centralasia,2016,10.177
unsdg_centralasia,2017,9.7001
unsdg_centralasia,2018,9.3583
unsdg_centralasia,2019,9.0512
unsdg_centralasia,2020,8.7942
unsdg_centralasia,2021,8.5258
unsdg_centralasia,2022,8.2763
unsdg_centralasia,2023,8.1375
unsdg_centralasia,2024,7.9698
unsdg_centralasiasouthernasia,1991,72.813
unsdg_centralasiasouthernasia,1992,70.197
unsdg_centralasiasouthernasia,1993,67.732
unsdg_centralasiasouthernasia,1994,65.414
unsdg_centralasiasouthernasia,1995,63.169
unsdg_centralasiasouthernasia,1996,60.845
unsdg_centralasiasouthernasia,1997,58.357
unsdg_centralasiasouthernasia,1998,55.841
unsdg_centralasiasouthernasia,1999,53.313
unsdg_centralasiasouthernasia,2000,50.747
unsdg_centralasiasouthernasia,2001,48.226
unsdg_centralasiasouthernasia,2002,45.774
unsdg_centralasiasouthernasia,2003,43.497
unsdg_centralasiasouthernasia,2004,41.327
unsdg_centralasiasouthernasia,2005,39.351
unsdg_centralasiasouthernasia,2006,37.142
unsdg_centralasiasouthernasia,2007,35.102
unsdg_centralasiasouthernasia,2008,33.086
unsdg_centralasiasouthernasia,2009,31.127
unsdg_centralasiasouthernasia,2010,29.362
unsdg_centralasiasouthernasia,2011,27.512
unsdg_centralasiasouthernasia,2012,25.762
unsdg_centralasiasouthernasia,2013,24.088
unsdg_centralasiasouthernasia,2014,22.479
unsdg_centralasiasouthernasia,2015,20.976
unsdg_centralasiasouthernasia,2016,19.554
unsdg_centralasiasouthernasia,2017,18.225
unsdg_centralasiasouthernasia,2018,17.039
unsdg_centralasiasouthernasia,2019,16.020
unsdg_centralasiasouthernasia,2020,15.243
unsdg_centralasiasouthernasia,2021,14.532
unsdg_centralasiasouthernasia,2022,13.883
unsdg_centralasiasouthernasia,2023,13.285
unsdg_centralasiasouthernasia,2024,12.754
unsdg_easternasia,1991,23.582
unsdg_easternasia,1992,23.081
unsdg_easternasia,1993,22.320
unsdg_easternasia,1994,21.520
unsdg_easternasia,1995,20.696
unsdg_easternasia,1996,20.930
unsdg_easternasia,1997,20.100
unsdg_easternasia,1998,19.189
unsdg_easternasia,1999,18.133
unsdg_easternasia,2000,16.926
unsdg_easternasia,2001,15.652
unsdg_easternasia,2002,14.535
unsdg_easternasia,2003,13.471
unsdg_easternasia,2004,11.485
unsdg_easternasia,2005,10.569
unsdg_easternasia,2006,9.7856
unsdg_easternasia,2007,9.1106
unsdg_easternasia,2008,8.5326
unsdg_easternasia,2009,8.0339
unsdg_easternasia,2010,7.6131
unsdg_easternasia,2011,7.1771
unsdg_easternasia,2012,6.7531
unsdg_easternasia,2013,6.3488
unsdg_easternasia,2014,5.9566
unsdg_easternasia,2015,5.5865
unsdg_easternasia,2016,5.2587
unsdg_easternasia,2017,4.9591
unsdg_easternasia,2018,4.6934
unsdg_easternasia,2019,4.4437
unsdg_easternasia,2020,4.2046
unsdg_easternasia,2021,3.9814
unsdg_easternasia,2022,3.7638
unsdg_easternasia,2023,3.5642
unsdg_easternasia,2024,3.3832
unsdg_easternasiasoutheasternasia,1991,29.820
unsdg_easternasiasoutheasternasia,1992,29.258
unsdg_easternasiasoutheasternasia,1993,28.435
unsdg_easternasiasoutheasternasia,1994,27.386
unsdg_easternasiasoutheasternasia,1995,26.322
unsdg_easternasiasoutheasternasia,1996,25.950
unsdg_easternasiasoutheasternasia,1997,24.936
unsdg_easternasiasoutheasternasia,1998,23.884
unsdg_easternasiasoutheasternasia,1999,22.767
unsdg_easternasiasoutheasternasia,2000,21.543
unsdg_easternasiasoutheasternasia,2001,20.027
unsdg_easternasiasoutheasternasia,2002,18.904
unsdg_easternasiasoutheasternasia,2003,17.819
unsdg_easternasiasoutheasternasia,2004,16.128
unsdg_easternasiasoutheasternasia,2005,16.017
unsdg_easternasiasoutheasternasia,2006,14.151
unsdg_easternasiasoutheasternasia,2007,13.303
unsdg_easternasiasoutheasternasia,2008,12.538
unsdg_easternasiasoutheasternasia,2009,12.854
unsdg_easternasiasoutheasternasia,2010,11.239
unsdg_easternasiasoutheasternasia,2011,10.707
unsdg_easternasiasoutheasternasia,2012,10.221
unsdg_easternasiasoutheasternasia,2013,9.6504
unsdg_easternasiasoutheasternasia,2014,9.2054
unsdg_easternasiasoutheasternasia,2015,8.7635
unsdg_easternasiasoutheasternasia,2016,8.4487
unsdg_easternasiasoutheasternasia,2017,8.0732
unsdg_easternasiasoutheasternasia,2018,7.6964
unsdg_easternasiasoutheasternasia,2019,7.5732
unsdg_easternasiasoutheasternasia,2020,7.4102
unsdg_easternasiasoutheasternasia,2021,7.3851
unsdg_easternasiasoutheasternasia,2022,7.3474
unsdg_easternasiasoutheasternasia,2023,7.2565
unsdg_easternasiasoutheasternasia,2024,7.1257
unsdg_europe,1991,7.6977
unsdg_europe,1992,7.3405
unsdg_europe,1993,7.3016
unsdg_europe,1994,6.9960
unsdg_europe,1995,6.4518
unsdg_europe,1996,6.2746
unsdg_europe,1997,5.9896
unsdg_europe,1998,5.7411
unsdg_europe,1999,5.5333
unsdg_europe,2000,5.2735
unsdg_europe,2001,5.0002
unsdg_europe,2002,4.7865
unsdg_europe,2003,4.6229
unsdg_europe,2004,4.4548
unsdg_europe,2005,4.2289
unsdg_europe,2006,3.9671
unsdg_europe,2007,3.7467
unsdg_europe,2008,3.6118
unsdg_europe,2009,3.5169
unsdg_europe,2010,3.3984
unsdg_europe,2011,3.2335
unsdg_europe,2012,3.0757
unsdg_europe,2013,2.9493
unsdg_europe,2014,2.8254
unsdg_europe,2015,2.7039
unsdg_europe,2016,2.5878
unsdg_europe,2017,2.4657
unsdg_europe,2018,2.3144
unsdg_europe,2019,2.1820
unsdg_europe,2020,2.0880
unsdg_europe,2021,2.0397
unsdg_europe,2022,2.0004
unsdg_europe,2023,1.9744
unsdg_europe,2024,1.9324
unsdg_europenorthernamr,1991,6.9350
unsdg_europenorthernamr,1992,6.6236
unsdg_europenorthernamr,1993,6.5140
unsdg_europenorthernamr,1994,6.2200
unsdg_europenorthernamr,1995,5.7792
unsdg_europenorthernamr,1996,5.5886
unsdg_europenorthernamr,1997,5.3409
unsdg_europenorthernamr,1998,5.1287
unsdg_europenorthernamr,1999,4.9479
unsdg_europenorthernamr,2000,4.7391
unsdg_europenorthernamr,2001,4.5282
unsdg_europenorthernamr,2002,4.3551
unsdg_europenorthernamr,2003,4.2160
unsdg_europenorthernamr,2004,4.0819
unsdg_europenorthernamr,2005,3.9260
unsdg_europenorthernamr,2006,3.7555
unsdg_europenorthernamr,2007,3.6098
unsdg_europenorthernamr,2008,3.5102
unsdg_europenorthernamr,2009,3.4289
unsdg_europenorthernamr,2010,3.3280
unsdg_europenorthernamr,2011,3.1918
unsdg_europenorthernamr,2012,3.0544
unsdg_europenorthernamr,2013,2.9352
unsdg_europenorthernamr,2014,2.8269
unsdg_europenorthernamr,2015,2.7374
unsdg_europenorthernamr,2016,2.6609
unsdg_europenorthernamr,2017,2.5749
unsdg_europenorthernamr,2018,2.4610
unsdg_europenorthernamr,2019,2.3631
unsdg_europenorthernamr,2020,2.3066
unsdg_europenorthernamr,2021,2.2953
unsdg_europenorthernamr,2022,2.3020
unsdg_europenorthernamr,2023,2.3343
unsdg_europenorthernamr,2024,2.3443
unsdg_lac,1991,33.000
unsdg_lac,1992,31.241
unsdg_lac,1993,29.405
unsdg_lac,1994,27.600
unsdg_lac,1995,25.825
unsdg_lac,1996,24.156
unsdg_lac,1997,22.597
unsdg_lac,1998,21.106
unsdg_lac,1999,20.229
unsdg_lac,2000,18.364
unsdg_lac,2001,17.269
unsdg_lac,2002,16.304
unsdg_lac,2003,15.476
unsdg_lac,2004,14.709
unsdg_lac,2005,13.974
unsdg_lac,2006,13.259
unsdg_lac,2007,12.597
unsdg_lac,2008,11.969
unsdg_lac,2009,11.359
unsdg_lac,2010,10.810
unsdg_lac,2011,11.835
unsdg_lac,2012,9.8868
unsdg_lac,2013,9.5235
unsdg_lac,2014,9.1843
unsdg_lac,2015,8.8666
unsdg_lac,2016,8.4389
unsdg_lac,2017,8.5320
unsdg_lac,2018,8.1249
unsdg_lac,2019,7.8129
unsdg_lac,2020,7.5344
unsdg_lac,2021,7.3208
unsdg_lac,2022,7.2135
unsdg_lac,2023,7.2281
unsdg_lac,2024,7.2683
unsdg_ldc,1991,130.37
unsdg_ldc,1992,132.68
unsdg_ldc,1993,130.34
unsdg_ldc,1994,123.27
unsdg_ldc,1995,121.84
unsdg_ldc,1996,116.16
unsdg_ldc,1997,112.93
unsdg_ldc,1998,109.47
unsdg_ldc,1999,108.16
unsdg_ldc,2000,101.10
unsdg_ldc,2001,96.543
unsdg_ldc,2002,91.888
unsdg_ldc,2003,87.218
unsdg_ldc,2004,82.645
unsdg_ldc,2005,78.741
unsdg_ldc,2006,74.608
unsdg_ldc,2007,70.149
unsdg_ldc,2008,66.434
unsdg_ldc,2009,64.087
unsdg_ldc,2010,62.705
unsdg_ldc,2011,58.274
unsdg_ldc,2012,59.003
unsdg_ldc,2013,52.558
unsdg_ldc,2014,49.628
unsdg_ldc,2015,49.044
unsdg_ldc,2016,47.299
unsdg_ldc,2017,45.506
unsdg_ldc,2018,44.540
unsdg_ldc,2019,40.697
unsdg_ldc,2020,39.480
unsdg_ldc,2021,37.146
unsdg_ldc,2022,36.155
unsdg_ldc,2023,37.376
unsdg_ldc,2024,33.081
unsdg_lldc,1991,127.05
unsdg_lldc,1992,125.08
unsdg_lldc,1993,124.49
unsdg_lldc,1994,123.33
unsdg_lldc,1995,124.25
unsdg_lldc,1996,116.54
unsdg_lldc,1997,113.59
unsdg_lldc,1998,111.02
unsdg_lldc,1999,112.93
unsdg_lldc,2000,103.10
unsdg_lldc,2001,98.904
unsdg_lldc,2002,94.155
unsdg_lldc,2003,88.708
unsdg_lldc,2004,83.621
unsdg_lldc,2005,78.398
unsdg_lldc,2006,73.360
unsdg_lldc,2007,68.826
unsdg_lldc,2008,64.556
unsdg_lldc,2009,60.555
unsdg_lldc,2010,62.707
unsdg_lldc,2011,53.897
unsdg_lldc,2012,50.702
unsdg_lldc,2013,47.920
unsdg_lldc,2014,45.569
unsdg_lldc,2015,46.467
unsdg_lldc,2016,44.865
unsdg_lldc,2017,43.565
unsdg_lldc,2018,42.248
unsdg_lldc,2019,36.781
unsdg_lldc,2020,36.526
unsdg_lldc,2021,33.460
unsdg_lldc,2022,32.898
unsdg_lldc,2023,35.293
unsdg_lldc,2024,29.773
unsdg_northafr,1991,54.435
unsdg_northafr,1992,52.322
unsdg_northafr,1993,50.207
unsdg_northafr,1994,48.182
unsdg_northafr,1995,46.137
unsdg_northafr,1996,44.141
unsdg_northafr,1997,42.166
unsdg_northafr,1998,40.059
unsdg_northafr,1999,37.926
unsdg_northafr,2000,35.849
unsdg_northafr,2001,33.916
unsdg_northafr,2002,32.082
unsdg_northafr,2003,30.309
unsdg_northafr,2004,28.604
unsdg_northafr,2005,30.194
unsdg_northafr,2006,28.807
unsdg_northafr,2007,24.091
unsdg_northafr,2008,22.844
unsdg_northafr,2009,21.674
unsdg_northafr,2010,20.643
unsdg_northafr,2011,19.677
unsdg_northafr,2012,18.873
unsdg_northafr,2013,17.942
unsdg_northafr,2014,17.183
unsdg_northafr,2015,16.524
unsdg_northafr,2016,16.027
unsdg_northafr,2017,15.571
unsdg_northafr,2018,15.079
unsdg_northafr,2019,14.640
unsdg_northafr,2020,14.287
unsdg_northafr,2021,13.877
unsdg_northafr,2022,13.447
unsdg_northafr,2023,13.040
unsdg_northafr,2024,13.107
unsdg_northernamr,1991,5.3573
unsdg_northernamr,1992,5.1927
unsdg_northernamr,1993,4.9867
unsdg_northernamr,1994,4.7624
unsdg_northernamr,1995,4.5404
unsdg_northernamr,1996,4.3378
unsdg_northernamr,1997,4.1657
unsdg_northernamr,1998,4.0244
unsdg_northernamr,1999,3.9078
unsdg_northernamr,2000,3.8104
unsdg_northernamr,2001,3.7211
unsdg_northernamr,2002,3.6219
unsdg_northernamr,2003,3.5198
unsdg_northernamr,2004,3.4391
unsdg_northernamr,2005,3.4003
unsdg_northernamr,2006,3.3899
unsdg_northernamr,2007,3.3760
unsdg_northernamr,2008,3.3364
unsdg_northernamr,2009,3.2737
unsdg_northernamr,2010,3.1997
unsdg_northernamr,2011,3.1140
unsdg_northernamr,2012,3.0141
unsdg_northernamr,2013,2.9089
unsdg_northernamr,2014,2.8295
unsdg_northernamr,2015,2.7990
unsdg_northernamr,2016,2.7944
unsdg_northernamr,2017,2.7745
unsdg_northernamr,2018,2.7253
unsdg_northernamr,2019,2.6836
unsdg_northernamr,2020,2.6856
unsdg_northernamr,2021,2.7376
unsdg_northernamr,2022,2.8192
unsdg_northernamr,2023,2.9178
unsdg_northernamr,2024,2.9961
unsdg_oceania,1991,20.053
unsdg_oceania,1992,19.318
unsdg_oceania,1993,18.754
unsdg_oceania,1994,18.396
unsdg_oceania,1995,18.185
unsdg_oceania,1996,18.012
unsdg_oceania,1997,17.873
unsdg_oceania,1998,17.778
unsdg_oceania,1999,17.755
unsdg_oceania,2000,17.713
unsdg_oceania,2001,17.643
unsdg_oceania,2002,17.634
unsdg_oceania,2003,17.572
unsdg_oceania,2004,17.369
unsdg_oceania,2005,17.086
unsdg_oceania,2006,16.652
unsdg_oceania,2007,16.166
unsdg_oceania,2008,15.499
unsdg_oceania,2009,14.892
unsdg_oceania,2010,14.587
unsdg_oceania,2011,14.186
unsdg_oceania,2012,13.834
unsdg_oceania,2013,13.413
unsdg_oceania,2014,13.045
unsdg_oceania,2015,12.800
unsdg_oceania,2016,12.427
unsdg_oceania,2017,11.958
unsdg_oceania,2018,11.596
unsdg_oceania,2019,11.186
unsdg_oceania,2020,10.925
unsdg_oceania,2021,10.707
unsdg_oceania,2022,10.329
unsdg_oceania,2023,9.8719
unsdg_oceania,2024,9.4760
unsdg_oceaniaexausnzl,1991,44.202
unsdg_oceaniaexausnzl,1992,42.800
unsdg_oceaniaexausnzl,1993,41.616
unsdg_oceaniaexausnzl,1994,40.617
unsdg_oceaniaexausnzl,1995,39.716
unsdg_oceaniaexausnzl,1996,38.905
unsdg_oceaniaexausnzl,1997,38.150
unsdg_oceaniaexausnzl,1998,37.508
unsdg_oceaniaexausnzl,1999,36.971
unsdg_oceaniaexausnzl,2000,36.533
unsdg_oceaniaexausnzl,2001,36.142
unsdg_oceaniaexausnzl,2002,35.678
unsdg_oceaniaexausnzl,2003,35.219
unsdg_oceaniaexausnzl,2004,34.592
unsdg_oceaniaexausnzl,2005,33.949
unsdg_oceaniaexausnzl,2006,33.212
unsdg_oceaniaexausnzl,2007,32.389
unsdg_oceaniaexausnzl,2008,31.572
unsdg_oceaniaexausnzl,2009,30.769
unsdg_oceaniaexausnzl,2010,30.110
unsdg_oceaniaexausnzl,2011,29.178
unsdg_oceaniaexausnzl,2012,28.347
unsdg_oceaniaexausnzl,2013,27.509
unsdg_oceaniaexausnzl,2014,26.688
unsdg_oceaniaexausnzl,2015,25.876
unsdg_oceaniaexausnzl,2016,25.090
unsdg_oceaniaexausnzl,2017,24.230
unsdg_oceaniaexausnzl,2018,23.443
unsdg_oceaniaexausnzl,2019,22.595
unsdg_oceaniaexausnzl,2020,21.939
unsdg_oceaniaexausnzl,2021,21.159
unsdg_oceaniaexausnzl,2022,20.393
unsdg_oceaniaexausnzl,2023,19.541
unsdg_oceaniaexausnzl,2024,18.751
unsdg_sids,1991,53.261
unsdg_sids,1992,52.024
unsdg_sids,1993,50.710
unsdg_sids,1994,49.254
unsdg_sids,1995,47.864
unsdg_sids,1996,46.662
unsdg_sids,1997,45.150
unsdg_sids,1998,43.499
unsdg_sids,1999,42.346
unsdg_sids,2000,41.610
unsdg_sids,2001,37.428
unsdg_sids,2002,36.181
unsdg_sids,2003,35.033
unsdg_sids,2004,33.982
unsdg_sids,2005,33.093
unsdg_sids,2006,32.153
unsdg_sids,2007,31.289
unsdg_sids,2008,30.331
unsdg_sids,2009,29.163
unsdg_sids,2010,28.052
unsdg_sids,2011,40.219
unsdg_sids,2012,26.131
unsdg_sids,2013,25.305
unsdg_sids,2014,24.585
unsdg_sids,2015,23.898
unsdg_sids,2016,23.192
unsdg_sids,2017,22.545
unsdg_sids,2018,21.952
unsdg_sids,2019,21.224
unsdg_sids,2020,20.636
unsdg_sids,2021,19.995
unsdg_sids,2022,19.418
unsdg_sids,2023,18.817
unsdg_sids,2024,18.121
unsdg_southasia,1991,73.975
unsdg_southasia,1992,71.248
unsdg_southasia,1993,68.669
unsdg_southasia,1994,66.232
unsdg_southasia,1995,63.875
unsdg_southasia,1996,61.453
unsdg_southasia,1997,58.919
unsdg_southasia,1998,56.336
unsdg_southasia,1999,53.767
unsdg_southasia,2000,51.177
unsdg_southasia,2001,48.644
unsdg_southasia,2002,46.182
unsdg_southasia,2003,43.913
unsdg_southasia,2004,41.766
unsdg_southasia,2005,39.817
unsdg_southasia,2006,37.633
unsdg_southasia,2007,35.613
unsdg_southasia,2008,33.621
unsdg_southasia,2009,31.681
unsdg_southasia,2010,29.916
unsdg_southasia,2011,28.048
unsdg_southasia,2012,26.274
unsdg_southasia,2013,24.574
unsdg_southasia,2014,22.941
unsdg_southasia,2015,21.425
unsdg_southasia,2016,19.980
unsdg_southasia,2017,18.613
unsdg_southasia,2018,17.390
unsdg_southasia,2019,16.346
unsdg_southasia,2020,15.558
unsdg_southasia,2021,14.838
unsdg_southasia,2022,14.179
unsdg_southasia,2023,13.558
unsdg_southasia,2024,13.006
unsdg_southeasternasia,1991,45.427
unsdg_southeasternasia,1992,42.923
unsdg_southeasternasia,1993,40.561
unsdg_southeasternasia,1994,38.478
unsdg_southeasternasia,1995,36.628
unsdg_southeasternasia,1996,34.930
unsdg_southeasternasia,1997,33.359
unsdg_southeasternasia,1998,31.853
unsdg_southeasternasia,1999,30.506
unsdg_southeasternasia,2000,29.191
unsdg_southeasternasia,2001,27.465
unsdg_southeasternasia,2002,26.098
unsdg_southeasternasia,2003,24.802
unsdg_southeasternasia,2004,23.505
unsdg_southeasternasia,2005,24.699
unsdg_southeasternasia,2006,21.147
unsdg_southeasternasia,2007,20.060
unsdg_southeasternasia,2008,19.050
unsdg_southeasternasia,2009,20.822
unsdg_southeasternasia,2010,17.334
unsdg_southeasternasia,2011,16.618
unsdg_southeasternasia,2012,15.936
unsdg_southeasternasia,2013,15.304
unsdg_southeasternasia,2014,14.765
unsdg_southeasternasia,2015,14.242
unsdg_southeasternasia,2016,13.804
unsdg_southeasternasia,2017,13.428
unsdg_southeasternasia,2018,13.028
unsdg_southeasternasia,2019,12.679
unsdg_southeasternasia,2020,12.309
unsdg_southeasternasia,2021,11.957
unsdg_southeasternasia,2022,11.626
unsdg_southeasternasia,2023,11.299
unsdg_southeasternasia,2024,10.977
unsdg_subsaharanafrica,1991,142.28
unsdg_subsaharanafrica,1992,145.89
unsdg_subsaharanafrica,1993,144.78
unsdg_subsaharanafrica,1994,139.12
unsdg_subsaharanafrica,1995,138.99
unsdg_subsaharanafrica,1996,134.59
unsdg_subsaharanafrica,1997,131.89
unsdg_subsaharanafrica,1998,128.99
unsdg_subsaharanafrica,1999,127.99
unsdg_subsaharanafrica,2000,121.20
unsdg_subsaharanafrica,2001,116.79
unsdg_subsaharanafrica,2002,112.18
unsdg_subsaharanafrica,2003,107.03
unsdg_subsaharanafrica,2004,102.10
unsdg_subsaharanafrica,2005,97.196
unsdg_subsaharanafrica,2006,92.294
unsdg_subsaharanafrica,2007,87.658
unsdg_subsaharanafrica,2008,83.234
unsdg_subsaharanafrica,2009,78.970
unsdg_subsaharanafrica,2010,77.659
unsdg_subsaharanafrica,2011,72.357
unsdg_subsaharanafrica,2012,72.716
unsdg_subsaharanafrica,2013,66.508
unsdg_subsaharanafrica,2014,63.516
unsdg_subsaharanafrica,2015,62.629
unsdg_subsaharanafrica,2016,60.719
unsdg_subsaharanafrica,2017,58.778
unsdg_subsaharanafrica,2018,57.407
unsdg_subsaharanafrica,2019,53.326
unsdg_subsaharanafrica,2020,51.663
unsdg_subsaharanafrica,2021,48.940
unsdg_subsaharanafrica,2022,47.395
unsdg_subsaharanafrica,2023,47.977
unsdg_subsaharanafrica,2024,43.559
unsdg_westernasia,1991,43.393
unsdg_westernasia,1992,39.546
unsdg_westernasia,1993,35.919
unsdg_westernasia,1994,34.244
unsdg_westernasia,1995,32.576
unsdg_westernasia,1996,30.937
unsdg_westernasia,1997,29.205
unsdg_westernasia,1998,27.647
unsdg_westernasia,1999,26.081
unsdg_westernasia,2000,24.529
unsdg_westernasia,2001,23.051
unsdg_westernasia,2002,21.687
unsdg_westernasia,2003,20.436
unsdg_westernasia,2004,19.277
unsdg_westernasia,2005,18.205
unsdg_westernasia,2006,17.187
unsdg_westernasia,2007,16.208
unsdg_westernasia,2008,15.231
unsdg_westernasia,2009,14.342
unsdg_westernasia,2010,13.625
unsdg_westernasia,2011,13.012
unsdg_westernasia,2012,12.788
unsdg_westernasia,2013,13.685
unsdg_westernasia,2014,13.411
unsdg_westernasia,2015,12.766
unsdg_westernasia,2016,12.527
unsdg_westernasia,2017,11.660
unsdg_westernasia,2018,11.345
unsdg_westernasia,2019,11.365
unsdg_westernasia,2020,10.745
unsdg_westernasia,2021,10.102
unsdg_westernasia,2022,9.9171
unsdg_westernasia,2023,9.6472
unsdg_westernasia,2024,10.228
unsdg_westernasianorthernafr,1991,48.922
unsdg_westernasianorthernafr,1992,45.931
unsdg_westernasianorthernafr,1993,43.054
unsdg_westernasianorthernafr,1994,41.153
unsdg_westernasianorthernafr,1995,39.237
unsdg_westernasianorthernafr,1996,37.370
unsdg_westernasianorthernafr,1997,35.478
unsdg_westernasianorthernafr,1998,33.638
unsdg_westernasianorthernafr,1999,31.780
unsdg_westernasianorthernafr,2000,29.974
unsdg_westernasianorthernafr,2001,28.289
unsdg_westernasianorthernafr,2002,26.730
unsdg_westernasianorthernafr,2003,25.264
unsdg_westernasianorthernafr,2004,23.872
unsdg_westernasianorthernafr,2005,24.138
unsdg_westernasianorthernafr,2006,22.950
unsdg_westernasianorthernafr,2007,20.126
unsdg_westernasianorthernafr,2008,19.022
unsdg_westernasianorthernafr,2009,18.007
unsdg_westernasianorthernafr,2010,17.148
unsdg_westernasianorthernafr,2011,16.377
unsdg_westernasianorthernafr,2012,15.871
unsdg_westernasianorthernafr,2013,15.840
unsdg_westernasianorthernafr,2014,15.326
unsdg_westernasianorthernafr,2015,14.679
unsdg_westernasianorthernafr,2016,14.319
unsdg_westernasianorthernafr,2017,13.663
unsdg_westernasianorthernafr,2018,13.257
unsdg_westernasianorthernafr,2019,13.031
unsdg_westernasianorthernafr,2020,12.538
unsdg_westernasianorthernafr,2021,12.018
unsdg_westernasianorthernafr,2022,11.709
unsdg_westernasianorthernafr,2023,11.367
unsdg_westernasianorthernafr,2024,11.683
ury,1971,32.041
ury,1972,30.172
ury,1973,28.628
ury,1974,28.064
ury,1975,29.111
ury,1976,30.932
ury,1977,31.884
ury,1978,31.010
ury,1979,28.700
ury,1980,25.523
ury,1981,22.239
ury,1982,19.550
ury,1983,17.853
ury,1984,16.572
ury,1985,15.675
ury,1986,14.999
ury,1987,14.373
ury,1988,13.687
ury,1989,13.035
ury,1990,12.545
ury,1991,12.160
ury,1992,11.810
ury,1993,11.457
ury,1994,11.187
ury,1995,11.094
ury,1996,11.033
ury,1997,10.785
ury,1998,10.291
ury,1999,9.6839
ury,2000,9.1220
ury,2001,8.6515
ury,2002,8.2834
ury,2003,8.0113
ury,2004,7.7644
ury,2005,7.4778
ury,2006,7.1722
ury,2007,6.8984
ury,2008,6.6570
ury,2009,6.4297
ury,2010,6.1796
ury,2011,5.8854
ury,2012,5.5213
ury,2013,5.0988
ury,2014,4.6708
ury,2015,4.2938
ury,2016,3.9433
ury,2017,3.5709
ury,2018,3.1738
ury,2019,2.8251
ury,2020,2.5766
ury,2021,2.4360
ury,2022,2.4098
ury,2023,2.4823
ury,2024,2.5674
usa,1969,9.1224
usa,1970,8.7816
usa,1971,8.3390
usa,1972,8.0381
usa,1973,7.9336
usa,1974,7.8509
usa,1975,7.6300
usa,1976,7.3308
usa,1977,7.1166
usa,1978,7.0349
usa,1979,6.9821
usa,1980,6.8432
usa,1981,6.6291
usa,1982,6.3945
usa,1983,6.1838
usa,1984,6.0080
usa,1985,5.8729
usa,1986,5.7827
usa,1987,5.7276
usa,1988,5.6937
usa,1989,5.6576
usa,1990,5.5982
usa,1991,5.4967
usa,1992,5.3391
usa,1993,5.1338
usa,1994,4.9072
usa,1995,4.6847
usa,1996,4.4811
usa,1997,4.3032
usa,1998,4.1513
usa,1999,4.0248
usa,2000,3.9210
usa,2001,3.8258
usa,2002,3.7252
usa,2003,3.6218
usa,2004,3.5400
usa,2005,3.5007
usa,2006,3.4905
usa,2007,3.4765
usa,2008,3.4379
usa,2009,3.3772
usa,2010,3.3056
usa,2011,3.2204
usa,2012,3.1179
usa,2013,3.0074
usa,2014,2.9235
usa,2015,2.8922
usa,2016,2.8891
usa,2017,2.8698
usa,2018,2.8187
usa,2019,2.7757
usa,2020,2.7810
usa,2021,2.8410
usa,2022,2.9330
usa,2023,3.0363
usa,2024,3.1234
uzb,1990,41.692
uzb,1991,40.989
uzb,1992,40.780
uzb,1993,40.738
uzb,1994,40.537
uzb,1995,40.174
uzb,1996,39.762
uzb,1997,39.172
uzb,1998,38.291
uzb,1999,37.179
uzb,2000,35.751
uzb,2001,34.022
uzb,2002,32.036
uzb,2003,29.825
uzb,2004,27.568
uzb,2005,25.257
uzb,2006,22.921
uzb,2007,20.640
uzb,2008,18.428
uzb,2009,16.559
uzb,2010,15.122
uzb,2011,13.808
uzb,2012,12.617
uzb,2013,11.531
uzb,2014,10.532
uzb,2015,9.6561
uzb,2016,8.8818
uzb,2017,8.2202
uzb,2018,7.6708
uzb,2019,7.2117
uzb,2020,6.8461
uzb,2021,6.5403
uzb,2022,6.2660
uzb,2023,5.9949
uzb,2024,5.7463
vct,1971,43.431
vct,1972,46.984
vct,1973,50.545
vct,1974,53.813
vct,1975,55.947
vct,1976,55.794
vct,1977,53.060
vct,1978,48.589
vct,1979,43.348
vct,1980,38.199
vct,1981,33.533
vct,1982,29.563
vct,1983,25.966
vct,1984,22.488
vct,1985,19.547
vct,1986,17.287
vct,1987,15.460
vct,1988,13.988
vct,1989,12.854
vct,1990,11.958
vct,1991,11.248
vct,1992,10.698
vct,1993,10.250
vct,1994,9.8853
vct,1995,9.6375
vct,1996,9.4900
vct,1997,9.4304
vct,1998,9.3993
vct,1999,9.4001
vct,2000,9.3622
vct,2001,9.3021
vct,2002,9.1962
vct,2003,9.0822
vct,2004,9.0312
vct,2005,9.0392
vct,2006,9.0943
vct,2007,9.1629
vct,2008,9.1789
vct,2009,9.0823
vct,2010,8.8892
vct,2011,8.6211
vct,2012,8.3482
vct,2013,8.0945
vct,2014,7.8348
vct,2015,7.5682
vct,2016,7.2874
vct,2017,6.9662
vct,2018,6.6341
vct,2019,6.2873
vct,2020,5.9315
vct,2021,5.6260
vct,2022,5.3316
vct,2023,5.0959
vct,2024,4.8854
ven,1990,18.594
ven,1991,17.044
ven,1992,15.164
ven,1993,13.639
ven,1994,13.056
ven,1995,13.243
ven,1996,13.605
ven,1997,13.693
ven,1998,13.320
ven,1999,12.451
ven,2000,11.458
ven,2001,10.831
ven,2002,10.705
ven,2003,10.596
ven,2004,10.006
ven,2005,9.0904
ven,2006,8.2760
ven,2007,7.7733
ven,2008,7.4220
ven,2009,7.0767
ven,2010,6.7621
ven,2011,6.5660
ven,2012,6.5258
ven,2013,6.5944
ven,2014,6.7070
ven,2015,6.8736
ven,2016,4.6259
ven,2017,9.3924
ven,2018,9.3912
ven,2019,9.3976
ven,2020,9.3800
ven,2021,9.3764
ven,2022,9.3922
ven,2023,9.4012
ven,2024,9.3704
vgb,1990,11.315
vgb,1991,10.773
vgb,1992,10.285
vgb,1993,9.8646
vgb,1994,9.4830
vgb,1995,9.1625
vgb,1996,8.8584
vgb,1997,8.6151
vgb,1998,8.4036
vgb,1999,8.2191
vgb,2000,8.0463
vgb,2001,7.9029
vgb,2002,7.8016
vgb,2003,7.6866
vgb,2004,7.5830
vgb,2005,7.5090
vgb,2006,7.4758
vgb,2007,7.4423
vgb,2008,7.3980
vgb,2009,7.3805
vgb,2010,7.3846
vgb,2011,7.3650
vgb,2012,7.3507
vgb,2013,7.3826
vgb,2014,7.4308
vgb,2015,7.4499
vgb,2016,7.4336
vgb,2017,7.3022
vgb,2018,7.1765
vgb,2019,7.0063
vgb,2020,6.8285
vgb,2021,6.6853
vgb,2022,6.4900
vgb,2023,6.3335
vgb,2024,6.1385
vnm,1975,80.288
vnm,1976,50.909
vnm,1977,49.676
vnm,1978,48.421
vnm,1979,47.058
vnm,1980,45.667
vnm,1981,44.374
vnm,1982,43.074
vnm,1983,41.833
vnm,1984,40.651
vnm,1985,39.299
vnm,1986,37.852
vnm,1987,36.244
vnm,1988,34.509
vnm,1989,32.624
vnm,1990,30.558
vnm,1991,28.550
vnm,1992,26.620
vnm,1993,24.700
vnm,1994,22.853
vnm,1995,21.173
vnm,1996,19.644
vnm,1997,18.284
vnm,1998,17.344
vnm,1999,16.489
vnm,2000,15.745
vnm,2001,15.071
vnm,2002,14.485
vnm,2003,13.904
vnm,2004,13.437
vnm,2005,13.041
vnm,2006,12.656
vnm,2007,12.328
vnm,2008,12.035
vnm,2009,11.796
vnm,2010,11.612
vnm,2011,11.441
vnm,2012,11.326
vnm,2013,11.195
vnm,2014,11.089
vnm,2015,10.967
vnm,2016,10.859
vnm,2017,10.746
vnm,2018,10.645
vnm,2019,10.572
vnm,2020,10.478
vnm,2021,10.354
vnm,2022,10.230
vnm,2023,10.074
vnm,2024,9.8963
vut,1990,17.348
vut,1991,16.259
vut,1992,15.502
vut,1993,14.724
vut,1994,14.030
vut,1995,13.473
vut,1996,12.972
vut,1997,12.531
vut,1998,12.184
vut,1999,11.962
vut,2000,12.072
vut,2001,12.534
vut,2002,13.371
vut,2003,13.718
vut,2004,13.758
vut,2005,13.714
vut,2006,13.589
vut,2007,13.297
vut,2008,12.960
vut,2009,12.627
vut,2010,12.226
vut,2011,11.693
vut,2012,10.916
vut,2013,10.011
vut,2014,9.1218
vut,2015,8.3846
vut,2016,7.8540
vut,2017,7.6318
vut,2018,7.6469
vut,2019,7.8458
vut,2020,8.0332
vut,2021,8.2530
vut,2022,8.3246
vut,2023,8.2927
vut,2024,8.1510
wb_hi,1991,6.9017
wb_hi,1992,6.5613
wb_hi,1993,6.2276
wb_hi,1994,5.9156
wb_hi,1995,5.6486
wb_hi,1996,5.4225
wb_hi,1997,5.1934
wb_hi,1998,4.9861
wb_hi,1999,4.8071
wb_hi,2000,4.6184
wb_hi,2001,4.4216
wb_hi,2002,4.2524
wb_hi,2003,4.1131
wb_hi,2004,3.9865
wb_hi,2005,3.8440
wb_hi,2006,3.6983
wb_hi,2007,3.5651
wb_hi,2008,3.4725
wb_hi,2009,3.3907
wb_hi,2010,3.2995
wb_hi,2011,3.1775
wb_hi,2012,3.0576
wb_hi,2013,2.9367
wb_hi,2014,2.8347
wb_hi,2015,2.7517
wb_hi,2016,2.6762
wb_hi,2017,2.5897
wb_hi,2018,2.4874
wb_hi,2019,2.3965
wb_hi,2020,2.3396
wb_hi,2021,2.3130
wb_hi,2022,2.3097
wb_hi,2023,2.3267
wb_hi,2024,2.3419
wb_li,1991,142.45
wb_li,1992,147.72
wb_li,1993,145.33
wb_li,1994,135.37
wb_li,1995,134.56
wb_li,1996,128.57
wb_li,1997,124.99
wb_li,1998,121.50
wb_li,1999,121.50
wb_li,2000,112.54
wb_li,2001,107.83
wb_li,2002,102.94
wb_li,2003,98.027
wb_li,2004,92.080
wb_li,2005,87.985
wb_li,2006,83.379
wb_li,2007,78.107
wb_li,2008,73.853
wb_li,2009,69.837
wb_li,2010,70.583
wb_li,2011,64.309
wb_li,2012,67.155
wb_li,2013,59.001
wb_li,2014,55.749
wb_li,2015,55.836
wb_li,2016,54.150
wb_li,2017,52.252
wb_li,2018,51.519
wb_li,2019,46.414
wb_li,2020,44.991
wb_li,2021,41.985
wb_li,2022,41.004
wb_li,2023,43.220
wb_li,2024,37.403
wb_lmi,1991,81.292
wb_lmi,1992,79.230
wb_lmi,1993,77.273
wb_lmi,1994,75.433
wb_lmi,1995,73.603
wb_lmi,1996,71.686
wb_lmi,1997,69.638
wb_lmi,1998,67.405
wb_lmi,1999,65.168
wb_lmi,2000,62.614
wb_lmi,2001,60.059
wb_lmi,2002,57.517
wb_lmi,2003,54.931
wb_lmi,2004,52.573
wb_lmi,2005,50.410
wb_lmi,2006,48.123
wb_lmi,2007,46.000
wb_lmi,2008,43.873
wb_lmi,2009,42.273
wb_lmi,2010,39.889
wb_lmi,2011,38.250
wb_lmi,2012,36.346
wb_lmi,2013,34.757
wb_lmi,2014,33.241
wb_lmi,2015,31.888
wb_lmi,2016,30.650
wb_lmi,2017,29.322
wb_lmi,2018,28.103
wb_lmi,2019,26.993
wb_lmi,2020,26.000
wb_lmi,2021,25.028
wb_lmi,2022,24.107
wb_lmi,2023,23.260
wb_lmi,2024,22.443
wb_umi,1991,30.094
wb_umi,1992,29.290
wb_umi,1993,28.080
wb_umi,1994,26.893
wb_umi,1995,25.637
wb_umi,1996,24.492
wb_umi,1997,23.397
wb_umi,1998,22.295
wb_umi,1999,21.165
wb_umi,2000,19.976
wb_umi,2001,18.737
wb_umi,2002,17.775
wb_umi,2003,16.823
wb_umi,2004,15.929
wb_umi,2005,15.832
wb_umi,2006,14.287
wb_umi,2007,13.459
wb_umi,2008,12.584
wb_umi,2009,11.734
wb_umi,2010,10.965
wb_umi,2011,10.259
wb_umi,2012,9.7239
wb_umi,2013,9.1867
wb_umi,2014,8.7930
wb_umi,2015,8.3798
wb_umi,2016,8.0591
wb_umi,2017,7.6813
wb_umi,2018,7.2920
wb_umi,2019,7.1243
wb_umi,2020,6.9286
wb_umi,2021,6.8624
wb_umi,2022,6.8205
wb_umi,2023,6.7949
wb_umi,2024,6.9689
world,1991,59.046
world,1992,59.001
world,1993,58.771
world,1994,57.250
world,1995,56.568
world,1996,55.180
world,1997,53.972
world,1998,52.609
world,1999,51.605
world,2000,49.309
world,2001,47.420
world,2002,45.562
world,2003,43.783
world,2004,41.802
world,2005,40.281
world,2006,38.168
world,2007,36.232
world,2008,34.393
world,2009,32.839
world,2010,31.656
world,2011,29.898
world,2012,29.372
world,2013,27.274
world,2014,26.012
world,2015,25.377
world,2016,24.545
world,2017,23.712
world,2018,23.017
world,2019,21.952
world,2020,21.580
world,2021,20.944
world,2022,20.694
world,2023,20.953
world,2024,19.729
wsm,1990,17.584
wsm,1991,17.034
wsm,1992,16.561
wsm,1993,16.102
wsm,1994,15.684
wsm,1995,15.217
wsm,1996,14.774
wsm,1997,14.345
wsm,1998,13.893
wsm,1999,13.429
wsm,2000,12.967
wsm,2001,12.532
wsm,2002,12.210
wsm,2003,11.934
wsm,2004,11.750
wsm,2005,11.623
wsm,2006,11.606
wsm,2007,11.633
wsm,2008,11.658
wsm,2009,11.681
wsm,2010,17.663
wsm,2011,11.636
wsm,2012,11.575
wsm,2013,11.507
wsm,2014,11.422
wsm,2015,11.305
wsm,2016,11.221
wsm,2017,11.116
wsm,2018,11.014
wsm,2019,10.829
wsm,2020,13.350
wsm,2021,10.354
wsm,2022,10.100
wsm,2023,9.8461
wsm,2024,9.5895
yem,1962,368.58
yem,1963,361.63
yem,1964,353.91
yem,1965,345.54
yem,1966,335.81
yem,1967,325.29
yem,1968,313.27
yem,1969,300.97
yem,1970,288.43
yem,1971,275.65
yem,1972,263.49
yem,1973,251.95
yem,1974,240.89
yem,1975,230.19
yem,1976,219.00
yem,1977,207.51
yem,1978,195.47
yem,1979,183.22
yem,1980,171.00
yem,1981,158.88
yem,1982,147.29
yem,1983,136.27
yem,1984,126.06
yem,1985,117.02
yem,1986,109.39
yem,1987,102.99
yem,1988,97.510
yem,1989,92.831
yem,1990,88.778
yem,1991,85.274
yem,1992,82.326
yem,1993,79.705
yem,1994,77.385
yem,1995,75.250
yem,1996,73.157
yem,1997,70.996
yem,1998,68.631
yem,1999,65.627
yem,2000,62.229
yem,2001,58.494
yem,2002,54.584
yem,2003,50.744
yem,2004,47.104
yem,2005,43.732
yem,2006,40.595
yem,2007,37.676
yem,2008,35.076
yem,2009,32.749
yem,2010,30.707
yem,2011,28.894
yem,2012,27.527
yem,2013,26.513
yem,2014,25.013
yem,2015,24.353
yem,2016,25.346
yem,2017,24.367
yem,2018,23.557
yem,2019,24.261
yem,2020,23.498
yem,2021,21.052
yem,2022,20.630
yem,2023,19.451
yem,2024,18.275
zaf,1977,92.479
zaf,1978,85.841
zaf,1979,79.601
zaf,1980,73.937
zaf,1981,69.003
zaf,1982,64.316
zaf,1983,60.249
zaf,1984,56.721
zaf,1985,53.474
zaf,1986,50.400
zaf,1987,47.369
zaf,1988,44.494
zaf,1989,41.951
zaf,1990,39.889
zaf,1991,38.409
zaf,1992,37.660
zaf,1993,37.674
zaf,1994,38.522
zaf,1995,40.200
zaf,1996,42.152
zaf,1997,44.518
zaf,1998,47.289
zaf,1999,51.168
zaf,2000,54.973
zaf,2001,58.326
zaf,2002,62.152
zaf,2003,65.127
zaf,2004,67.798
zaf,2005,69.621
zaf,2006,68.826
zaf,2007,65.931
zaf,2008,60.018
zaf,2009,52.098
zaf,2010,44.874
zaf,2011,37.978
zaf,2012,33.229
zaf,2013,30.886
zaf,2014,29.519
zaf,2015,28.215
zaf,2016,26.924
zaf,2017,25.585
zaf,2018,24.552
zaf,2019,23.723
zaf,2020,23.292
zaf,2021,22.882
zaf,2022,22.909
zaf,2023,23.069
zaf,2024,23.268
zmb,1970,151.61
zmb,1971,148.12
zmb,1972,143.47
zmb,1973,138.25
zmb,1974,133.14
zmb,1975,128.74
zmb,1976,125.42
zmb,1977,123.57
zmb,1978,122.85
zmb,1979,123.01
zmb,1980,123.52
zmb,1981,124.37
zmb,1982,125.01
zmb,1983,125.83
zmb,1984,127.71
zmb,1985,130.69
zmb,1986,134.36
zmb,1987,138.28
zmb,1988,141.99
zmb,1989,145.19
zmb,1990,147.72
zmb,1991,149.73
zmb,1992,150.85
zmb,1993,150.91
zmb,1994,149.49
zmb,1995,146.90
zmb,1996,143.55
zmb,1997,139.99
zmb,1998,136.46
zmb,1999,132.90
zmb,2000,128.69
zmb,2001,122.75
zmb,2002,114.60
zmb,2003,105.29
zmb,2004,96.104
zmb,2005,87.095
zmb,2006,78.995
zmb,2007,71.862
zmb,2008,66.505
zmb,2009,61.562
zmb,2010,55.473
zmb,2011,51.255
zmb,2012,48.889
zmb,2013,46.349
zmb,2014,43.216
zmb,2015,39.913
zmb,2016,37.806
zmb,2017,35.428
zmb,2018,32.655
zmb,2019,32.033
zmb,2020,31.245
zmb,2021,29.933
zmb,2022,27.050
zmb,2023,24.854
zmb,2024,23.249
zwe,1966,101.89
zwe,1967,98.022
zwe,1968,94.527
zwe,1969,91.563
zwe,1970,88.860
zwe,1971,86.954
zwe,1972,85.526
zwe,1973,84.462
zwe,1974,83.613
zwe,1975,83.108
zwe,1976,83.131
zwe,1977,83.291
zwe,1978,83.649
zwe,1979,83.606
zwe,1980,82.711
zwe,1981,80.780
zwe,1982,77.231
zwe,1983,72.291
zwe,1984,66.745
zwe,1985,61.121
zwe,1986,56.130
zwe,1987,52.310
zwe,1988,50.387
zwe,1989,50.487
zwe,1990,52.776
zwe,1991,56.624
zwe,1992,61.207
zwe,1993,65.938
zwe,1994,70.604
zwe,1995,74.265
zwe,1996,76.938
zwe,1997,78.337
zwe,1998,78.550
zwe,1999,77.859
zwe,2000,76.521
zwe,2001,75.315
zwe,2002,74.509
zwe,2003,60.436
zwe,2004,63.485
zwe,2005,66.003
zwe,2006,65.902
zwe,2007,66.892
zwe,2008,67.015
zwe,2009,65.326
zwe,2010,62.175
zwe,2011,57.072
zwe,2012,51.423
zwe,2013,44.511
zwe,2014,39.248
zwe,2015,35.943
zwe,2016,34.398
zwe,2017,31.916
zwe,2018,30.308
zwe,2019,28.082
zwe,2020,27.310
zwe,2021,26.773
zwe,2022,24.777
zwe,2023,23.650
zwe,2024,22.346
