geo,year,mr_5_24_median
afg,1991,105.04
afg,1992,101.03
afg,1993,94.989
afg,1994,56.173
afg,1995,63.875
afg,1996,54.014
afg,1997,49.939
afg,1998,46.283
afg,1999,52.053
afg,2000,39.102
afg,2001,37.400
afg,2002,35.362
afg,2003,29.679
afg,2004,28.347
afg,2005,27.406
afg,2006,26.951
afg,2007,29.873
afg,2008,32.157
afg,2009,31.764
afg,2010,31.616
afg,2011,32.870
afg,2012,34.012
afg,2013,35.237
afg,2014,34.827
afg,2015,40.227
afg,2016,43.188
afg,2017,43.727
afg,2018,49.390
afg,2019,51.093
afg,2020,48.642
afg,2021,46.947
afg,2022,51.065
afg,2023,34.106
afg,2024,33.517
ago,1991,139.91
ago,1992,121.82
ago,1993,136.68
ago,1994,139.74
ago,1995,131.88
ago,1996,106.63
ago,1997,106.00
ago,1998,105.03
ago,1999,112.64
ago,2000,115.79
ago,2001,108.70
ago,2002,109.60
ago,2003,102.73
ago,2004,92.345
ago,2005,89.101
ago,2006,85.706
ago,2007,81.954
ago,2008,78.190
ago,2009,74.525
ago,2010,70.937
ago,2011,67.429
ago,2012,64.135
ago,2013,61.006
ago,2014,58.162
ago,2015,55.710
ago,2016,53.634
ago,2017,51.770
ago,2018,50.121
ago,2019,48.625
ago,2020,47.269
ago,2021,45.959
ago,2022,44.718
ago,2023,43.483
ago,2024,42.304
aia,1991,14.106
aia,1992,13.721
aia,1993,13.324
aia,1994,12.951
aia,1995,12.600
aia,1996,12.265
aia,1997,11.955
aia,1998,11.661
aia,1999,11.381
aia,2000,11.131
aia,2001,10.890
aia,2002,10.667
aia,2003,10.447
aia,2004,10.243
aia,2005,10.053
aia,2006,9.8771
aia,2007,9.7129
aia,2008,9.5389
aia,2009,9.3795
aia,2010,9.2313
aia,2011,9.0834
aia,2012,8.9421
aia,2013,8.8061
aia,2014,8.6733
aia,2015,8.5386
aia,2016,8.3934
aia,2017,8.2538
aia,2018,8.1171
aia,2019,7.9777
aia,2020,7.8570
aia,2021,7.7215
aia,2022,7.5782
aia,2023,7.4428
aia,2024,7.3202
alb,1991,14.299
alb,1992,14.479
alb,1993,14.597
alb,1994,14.588
alb,1995,14.486
alb,1996,14.395
alb,1997,14.337
alb,1998,17.311
alb,1999,13.854
alb,2000,13.302
alb,2001,12.594
alb,2002,11.809
alb,2003,11.079
alb,2004,10.489
alb,2005,10.048
alb,2006,9.7045
alb,2007,9.4450
alb,2008,9.2405
alb,2009,9.0604
alb,2010,8.8812
alb,2011,8.6774
alb,2012,8.4294
alb,2013,8.1255
alb,2014,7.7433
alb,2015,7.3229
alb,2016,6.9014
alb,2017,6.5108
alb,2018,6.1729
alb,2019,5.8988
alb,2020,5.6831
alb,2021,5.5083
alb,2022,5.3578
alb,2023,5.6470
alb,2024,5.1078
and,1991,11.629
and,1992,11.157
and,1993,10.713
and,1994,10.318
and,1995,9.9389
and,1996,9.5619
and,1997,9.1823
and,1998,8.8571
and,1999,8.5292
and,2000,8.2188
and,2001,7.9279
and,2002,7.6622
and,2003,7.4055
and,2004,7.1543
and,2005,6.9089
and,2006,6.6852
and,2007,6.4345
and,2008,6.2058
and,2009,5.9770
and,2010,5.7616
and,2011,5.5597
and,2012,5.3655
and,2013,5.1737
and,2014,4.9934
and,2015,4.8061
and,2016,4.6370
and,2017,4.4745
and,2018,4.3290
and,2019,4.2088
and,2020,4.0955
and,2021,3.9888
and,2022,3.8971
and,2023,3.8032
and,2024,3.7120
are,1991,10.144
are,1992,9.8525
are,1993,9.6009
are,1994,9.3798
are,1995,9.1849
are,1996,9.0148
are,1997,8.8679
are,1998,8.7416
are,1999,8.6313
are,2000,8.5311
are,2001,8.4401
are,2002,8.3575
are,2003,8.2762
are,2004,8.1985
are,2005,8.1188
are,2006,8.0366
are,2007,7.9572
are,2008,7.8747
are,2009,7.7929
are,2010,7.7077
are,2011,7.6190
are,2012,7.5315
are,2013,7.4381
are,2014,7.3345
are,2015,7.2209
are,2016,7.0919
are,2017,6.9453
are,2018,6.7835
are,2019,6.6088
are,2020,6.4289
are,2021,6.2484
are,2022,6.0730
are,2023,5.9027
are,2024,5.7463
arg,1991,12.022
arg,1992,11.924
arg,1993,11.919
arg,1994,11.958
arg,1995,11.975
arg,1996,11.972
arg,1997,11.974
arg,1998,12.001
arg,1999,12.027
arg,2000,12.030
arg,2001,11.969
arg,2002,11.782
arg,2003,11.476
arg,2004,11.153
arg,2005,10.915
arg,2006,10.802
arg,2007,10.826
arg,2008,10.974
arg,2009,11.170
arg,2010,11.339
arg,2011,11.449
arg,2012,11.505
arg,2013,11.505
arg,2014,11.402
arg,2015,11.176
arg,2016,10.856
arg,2017,10.514
arg,2018,10.193
arg,2019,9.8871
arg,2020,9.5937
arg,2021,9.3660
arg,2022,9.2593
arg,2023,9.2877
arg,2024,9.3612
arm,1991,10.112
arm,1992,10.405
arm,1993,11.662
arm,1994,13.457
arm,1995,14.353
arm,1996,12.750
arm,1997,10.058
arm,1998,8.1256
arm,1999,7.1919
arm,2000,6.6718
arm,2001,6.2077
arm,2002,5.8119
arm,2003,5.6176
arm,2004,5.6696
arm,2005,5.8830
arm,2006,6.1710
arm,2007,6.4758
arm,2008,6.7325
arm,2009,6.9135
arm,2010,7.0173
arm,2011,7.0581
arm,2012,7.0395
arm,2013,6.9588
arm,2014,6.8857
arm,2015,7.0332
arm,2016,7.6092
arm,2017,8.3180
arm,2018,8.3548
arm,2019,7.5162
arm,2020,6.7624
arm,2021,6.7056
arm,2022,7.1939
arm,2023,8.6021
arm,2024,7.9091
atg,1991,8.8074
atg,1992,9.2109
atg,1993,9.6315
atg,1994,10.085
atg,1995,10.562
atg,1996,11.023
atg,1997,11.435
atg,1998,11.781
atg,1999,12.042
atg,2000,12.174
atg,2001,12.213
atg,2002,12.162
atg,2003,12.036
atg,2004,11.875
atg,2005,11.692
atg,2006,11.511
atg,2007,11.311
atg,2008,11.118
atg,2009,10.912
atg,2010,10.686
atg,2011,10.419
atg,2012,10.131
atg,2013,9.8301
atg,2014,9.5275
atg,2015,9.2125
atg,2016,8.8870
atg,2017,8.5663
atg,2018,8.2448
atg,2019,7.9412
atg,2020,7.6482
atg,2021,7.3718
atg,2022,7.1440
atg,2023,6.9537
atg,2024,6.8005
aus,1991,9.6313
aus,1992,9.0778
aus,1993,8.6380
aus,1994,8.3811
aus,1995,8.2876
aus,1996,8.3427
aus,1997,8.4654
aus,1998,8.5369
aus,1999,8.4554
aus,2000,8.1725
aus,2001,7.6862
aus,2002,7.1214
aus,2003,6.6328
aus,2004,6.2855
aus,2005,6.0328
aus,2006,5.8313
aus,2007,5.6498
aus,2008,5.4679
aus,2009,5.2798
aus,2010,5.1055
aus,2011,4.9613
aus,2012,4.8372
aus,2013,4.7109
aus,2014,4.5792
aus,2015,4.4719
aus,2016,4.4149
aus,2017,4.4099
aus,2018,4.4505
aus,2019,4.5170
aus,2020,4.5700
aus,2021,4.5729
aus,2022,4.5090
aus,2023,4.3763
aus,2024,4.1947
aut,1991,9.7378
aut,1992,9.6709
aut,1993,9.6023
aut,1994,9.4825
aut,1995,9.2680
aut,1996,8.9333
aut,1997,8.5375
aut,1998,8.1582
aut,1999,7.8447
aut,2000,7.5940
aut,2001,7.3964
aut,2002,7.2403
aut,2003,7.1061
aut,2004,6.9793
aut,2005,6.8347
aut,2006,6.6505
aut,2007,6.4299
aut,2008,6.1920
aut,2009,5.9387
aut,2010,5.6648
aut,2011,5.3661
aut,2012,5.0625
aut,2013,4.7737
aut,2014,4.5204
aut,2015,4.3097
aut,2016,4.1481
aut,2017,4.0328
aut,2018,3.9598
aut,2019,3.9312
aut,2020,3.9463
aut,2021,4.0066
aut,2022,4.1080
aut,2023,4.2395
aut,2024,4.3785
aze,1991,11.167
aze,1992,15.905
aze,1993,29.296
aze,1994,33.132
aze,1995,26.720
aze,1996,20.981
aze,1997,16.310
aze,1998,14.218
aze,1999,14.237
aze,2000,14.734
aze,2001,14.148
aze,2002,12.832
aze,2003,11.880
aze,2004,11.610
aze,2005,11.621
aze,2006,11.510
aze,2007,11.143
aze,2008,10.533
aze,2009,10.522
aze,2010,9.1773
aze,2011,8.8472
aze,2012,8.7552
aze,2013,9.4386
aze,2014,8.7395
aze,2015,9.3182
aze,2016,9.1438
aze,2017,8.9562
aze,2018,8.8734
aze,2019,8.3101
aze,2020,8.6328
aze,2021,18.700
aze,2022,9.9017
aze,2023,10.212
aze,2024,9.9692
bdi,1991,126.89
bdi,1992,131.32
bdi,1993,135.36
bdi,1994,230.70
bdi,1995,139.59
bdi,1996,138.65
bdi,1997,135.88
bdi,1998,131.47
bdi,1999,125.64
bdi,2000,118.63
bdi,2001,119.51
bdi,2002,111.53
bdi,2003,98.449
bdi,2004,85.242
bdi,2005,76.880
bdi,2006,68.963
bdi,2007,61.779
bdi,2008,55.708
bdi,2009,50.841
bdi,2010,47.063
bdi,2011,44.449
bdi,2012,42.616
bdi,2013,41.319
bdi,2014,40.380
bdi,2015,39.609
bdi,2016,39.007
bdi,2017,38.386
bdi,2018,37.598
bdi,2019,36.835
bdi,2020,36.091
bdi,2021,35.345
bdi,2022,34.609
bdi,2023,33.862
bdi,2024,33.063
bel,1991,9.5737
bel,1992,9.4422
bel,1993,9.2801
bel,1994,9.1024
bel,1995,8.9026
bel,1996,8.6712
bel,1997,8.4263
bel,1998,8.2206
bel,1999,8.0937
bel,2000,7.9962
bel,2001,7.8344
bel,2002,7.5547
bel,2003,7.1877
bel,2004,6.7767
bel,2005,6.3824
bel,2006,6.0672
bel,2007,5.8483
bel,2008,5.6795
bel,2009,5.5151
bel,2010,5.3358
bel,2011,5.1406
bel,2012,4.9328
bel,2013,4.7250
bel,2014,4.5311
bel,2015,4.3511
bel,2016,4.1838
bel,2017,4.0300
bel,2018,3.8888
bel,2019,3.7609
bel,2020,3.6474
bel,2021,3.5530
bel,2022,3.4766
bel,2023,3.4072
bel,2024,3.3413
ben,1991,67.363
ben,1992,65.252
ben,1993,63.330
ben,1994,61.548
ben,1995,59.901
ben,1996,58.335
ben,1997,56.844
ben,1998,55.429
ben,1999,54.067
ben,2000,52.777
ben,2001,51.629
ben,2002,50.532
ben,2003,49.501
ben,2004,48.500
ben,2005,47.606
ben,2006,46.758
ben,2007,46.023
ben,2008,45.347
ben,2009,44.797
ben,2010,44.322
ben,2011,43.903
ben,2012,43.623
ben,2013,43.416
ben,2014,43.210
ben,2015,43.024
ben,2016,42.845
ben,2017,42.642
ben,2018,42.329
ben,2019,41.860
ben,2020,41.266
ben,2021,40.611
ben,2022,39.864
ben,2023,39.171
ben,2024,38.462
bfa,1991,72.338
bfa,1992,71.551
bfa,1993,70.777
bfa,1994,70.037
bfa,1995,69.331
bfa,1996,68.511
bfa,1997,67.496
bfa,1998,66.261
bfa,1999,64.807
bfa,2000,63.157
bfa,2001,61.253
bfa,2002,59.237
bfa,2003,57.064
bfa,2004,54.880
bfa,2005,52.680
bfa,2006,50.423
bfa,2007,48.233
bfa,2008,45.980
bfa,2009,43.765
bfa,2010,41.573
bfa,2011,39.432
bfa,2012,37.351
bfa,2013,35.376
bfa,2014,33.531
bfa,2015,31.771
bfa,2016,30.128
bfa,2017,28.572
bfa,2018,27.120
bfa,2019,25.733
bfa,2020,24.467
bfa,2021,23.340
bfa,2022,22.397
bfa,2023,23.966
bfa,2024,25.734
bgd,1991,47.069
bgd,1992,64.149
bgd,1993,44.228
bgd,1994,42.849
bgd,1995,41.393
bgd,1996,39.678
bgd,1997,37.522
bgd,1998,34.704
bgd,1999,31.212
bgd,2000,27.815
bgd,2001,25.183
bgd,2002,23.504
bgd,2003,22.624
bgd,2004,22.328
bgd,2005,22.425
bgd,2006,22.587
bgd,2007,22.570
bgd,2008,22.233
bgd,2009,21.547
bgd,2010,20.635
bgd,2011,19.695
bgd,2012,18.852
bgd,2013,18.126
bgd,2014,17.509
bgd,2015,17.014
bgd,2016,16.658
bgd,2017,16.396
bgd,2018,16.159
bgd,2019,15.887
bgd,2020,15.571
bgd,2021,15.232
bgd,2022,14.888
bgd,2023,14.585
bgd,2024,14.270
bgr,1991,12.127
bgr,1992,12.179
bgr,1993,12.229
bgr,1994,12.247
bgr,1995,12.196
bgr,1996,12.036
bgr,1997,11.776
bgr,1998,11.431
bgr,1999,11.036
bgr,2000,10.623
bgr,2001,10.223
bgr,2002,9.8631
bgr,2003,9.5682
bgr,2004,9.3516
bgr,2005,9.2065
bgr,2006,9.1261
bgr,2007,9.0756
bgr,2008,8.9941
bgr,2009,8.8554
bgr,2010,8.6548
bgr,2011,8.4033
bgr,2012,8.1303
bgr,2013,7.8695
bgr,2014,7.6374
bgr,2015,7.4438
bgr,2016,7.2905
bgr,2017,7.1791
bgr,2018,7.1144
bgr,2019,7.0870
bgr,2020,7.0833
bgr,2021,7.0814
bgr,2022,7.0674
bgr,2023,7.0263
bgr,2024,6.9518
bhr,1991,9.7917
bhr,1992,9.7836
bhr,1993,9.7743
bhr,1994,9.7630
bhr,1995,9.7354
bhr,1996,9.6956
bhr,1997,9.6401
bhr,1998,9.5647
bhr,1999,9.4687
bhr,2000,9.3465
bhr,2001,9.2014
bhr,2002,9.0450
bhr,2003,8.8752
bhr,2004,8.7042
bhr,2005,8.5424
bhr,2006,8.3878
bhr,2007,8.2413
bhr,2008,8.1032
bhr,2009,7.9714
bhr,2010,7.8420
bhr,2011,7.7117
bhr,2012,7.5770
bhr,2013,7.4289
bhr,2014,7.2711
bhr,2015,7.1054
bhr,2016,6.9319
bhr,2017,6.7560
bhr,2018,6.5804
bhr,2019,6.4113
bhr,2020,6.2499
bhr,2021,6.0947
bhr,2022,5.9526
bhr,2023,5.8177
bhr,2024,5.6961
bhs,1991,15.888
bhs,1992,16.365
bhs,1993,16.837
bhs,1994,17.306
bhs,1995,17.756
bhs,1996,18.164
bhs,1997,18.468
bhs,1998,18.633
bhs,1999,18.639
bhs,2000,18.504
bhs,2001,18.263
bhs,2002,17.993
bhs,2003,17.775
bhs,2004,17.676
bhs,2005,17.709
bhs,2006,17.896
bhs,2007,18.219
bhs,2008,18.682
bhs,2009,19.259
bhs,2010,19.868
bhs,2011,20.441
bhs,2012,20.906
bhs,2013,21.175
bhs,2014,21.184
bhs,2015,20.865
bhs,2016,20.219
bhs,2017,19.297
bhs,2018,18.174
bhs,2019,16.961
bhs,2020,29.802
bhs,2021,14.565
bhs,2022,13.594
bhs,2023,12.905
bhs,2024,12.440
bih,1991,9.1303
bih,1992,9.3358
bih,1993,125.34
bih,1994,136.25
bih,1995,44.519
bih,1996,20.951
bih,1997,7.1556
bih,1998,6.5295
bih,1999,6.0058
bih,2000,5.5979
bih,2001,5.3035
bih,2002,5.1109
bih,2003,5.0121
bih,2004,4.9945
bih,2005,5.0312
bih,2006,5.0992
bih,2007,5.1660
bih,2008,5.2018
bih,2009,5.2005
bih,2010,5.1723
bih,2011,5.1449
bih,2012,5.1321
bih,2013,5.1560
bih,2014,5.2243
bih,2015,5.3166
bih,2016,5.4142
bih,2017,5.4875
bih,2018,5.5046
bih,2019,5.4412
bih,2020,5.3142
bih,2021,5.1325
bih,2022,4.9246
bih,2023,4.7074
bih,2024,4.5012
blr,1991,15.263
blr,1992,15.811
blr,1993,16.040
blr,1994,16.039
blr,1995,15.910
blr,1996,15.765
blr,1997,15.690
blr,1998,15.706
blr,1999,15.806
blr,2000,15.904
blr,2001,15.819
blr,2002,15.392
blr,2003,14.731
blr,2004,14.084
blr,2005,13.563
blr,2006,13.089
blr,2007,12.580
blr,2008,12.069
blr,2009,11.631
blr,2010,11.265
blr,2011,10.855
blr,2012,10.308
blr,2013,9.6296
blr,2014,8.8656
blr,2015,8.0857
blr,2016,7.3557
blr,2017,6.7203
blr,2018,6.1880
blr,2019,5.7480
blr,2020,5.3942
blr,2021,5.1189
blr,2022,4.9155
blr,2023,4.7587
blr,2024,4.6246
blz,1991,14.056
blz,1992,15.044
blz,1993,16.140
blz,1994,17.327
blz,1995,18.582
blz,1996,19.861
blz,1997,21.093
blz,1998,22.132
blz,1999,22.873
blz,2000,23.331
blz,2001,23.544
blz,2002,23.550
blz,2003,23.442
blz,2004,23.263
blz,2005,23.049
blz,2006,22.802
blz,2007,22.546
blz,2008,22.340
blz,2009,22.183
blz,2010,22.043
blz,2011,21.873
blz,2012,21.622
blz,2013,21.243
blz,2014,20.729
blz,2015,20.164
blz,2016,19.567
blz,2017,18.991
blz,2018,18.445
blz,2019,17.948
blz,2020,17.552
blz,2021,17.292
blz,2022,17.187
blz,2023,17.234
blz,2024,17.385
bol,1991,34.356
bol,1992,32.850
bol,1993,31.514
bol,1994,30.288
bol,1995,29.178
bol,1996,28.174
bol,1997,27.273
bol,1998,26.432
bol,1999,25.612
bol,2000,24.805
bol,2001,24.017
bol,2002,23.199
bol,2003,22.401
bol,2004,21.579
bol,2005,20.779
bol,2006,19.986
bol,2007,19.216
bol,2008,18.478
bol,2009,17.850
bol,2010,17.307
bol,2011,16.816
bol,2012,16.384
bol,2013,16.003
bol,2014,15.608
bol,2015,15.268
bol,2016,14.880
bol,2017,14.561
bol,2018,14.226
bol,2019,13.936
bol,2020,13.642
bol,2021,13.335
bol,2022,13.086
bol,2023,12.790
bol,2024,12.541
bra,1991,18.054
bra,1992,18.059
bra,1993,18.117
bra,1994,18.219
bra,1995,18.358
bra,1996,18.468
bra,1997,18.466
bra,1998,18.338
bra,1999,18.158
bra,2000,18.023
bra,2001,17.943
bra,2002,17.884
bra,2003,17.815
bra,2004,17.699
bra,2005,17.504
bra,2006,17.302
bra,2007,17.189
bra,2008,17.223
bra,2009,17.365
bra,2010,17.562
bra,2011,17.784
bra,2012,18.010
bra,2013,18.224
bra,2014,18.409
bra,2015,18.540
bra,2016,18.535
bra,2017,18.303
bra,2018,17.826
bra,2019,17.255
bra,2020,16.727
bra,2021,16.286
bra,2022,15.937
bra,2023,15.660
bra,2024,15.417
brb,1991,12.858
brb,1992,12.354
brb,1993,11.940
brb,1994,11.584
brb,1995,11.289
brb,1996,11.057
brb,1997,10.911
brb,1998,10.845
brb,1999,10.860
brb,2000,10.927
brb,2001,11.035
brb,2002,11.148
brb,2003,11.248
brb,2004,11.306
brb,2005,11.316
brb,2006,11.252
brb,2007,11.115
brb,2008,10.901
brb,2009,10.630
brb,2010,10.317
brb,2011,9.9727
brb,2012,9.6196
brb,2013,9.2646
brb,2014,8.9130
brb,2015,8.6057
brb,2016,8.3508
brb,2017,8.1603
brb,2018,7.9719
brb,2019,7.7735
brb,2020,7.5893
brb,2021,7.4523
brb,2022,7.2818
brb,2023,7.1606
brb,2024,7.0339
brn,1991,13.656
brn,1992,13.804
brn,1993,13.864
brn,1994,13.787
brn,1995,13.551
brn,1996,13.166
brn,1997,12.649
brn,1998,12.049
brn,1999,11.431
brn,2000,10.807
brn,2001,10.221
brn,2002,9.6970
brn,2003,9.2319
brn,2004,8.8242
brn,2005,8.4695
brn,2006,8.1674
brn,2007,7.9130
brn,2008,7.6980
brn,2009,7.5130
brn,2010,7.3419
brn,2011,7.1770
brn,2012,7.0110
brn,2013,6.8398
brn,2014,6.6650
brn,2015,6.4891
brn,2016,6.3283
brn,2017,6.1954
brn,2018,6.0947
brn,2019,6.0343
brn,2020,6.0226
brn,2021,6.0500
brn,2022,6.1061
brn,2023,6.1652
brn,2024,6.1913
btn,1991,46.435
btn,1992,44.420
btn,1993,42.558
btn,1994,40.731
btn,1995,38.979
btn,1996,37.366
btn,1997,35.885
btn,1998,34.573
btn,1999,33.342
btn,2000,32.275
btn,2001,33.096
btn,2002,30.448
btn,2003,29.648
btn,2004,28.913
btn,2005,28.178
btn,2006,27.498
btn,2007,26.857
btn,2008,26.195
btn,2009,25.565
btn,2010,24.960
btn,2011,24.384
btn,2012,23.829
btn,2013,23.317
btn,2014,22.817
btn,2015,22.335
btn,2016,21.841
btn,2017,21.365
btn,2018,20.886
btn,2019,20.414
btn,2020,19.951
btn,2021,19.534
btn,2022,19.130
btn,2023,18.742
btn,2024,18.258
bwa,1991,56.812
bwa,1992,55.909
bwa,1993,54.972
bwa,1994,53.957
bwa,1995,52.882
bwa,1996,51.712
bwa,1997,50.488
bwa,1998,49.171
bwa,1999,47.841
bwa,2000,46.404
bwa,2001,44.811
bwa,2002,43.162
bwa,2003,41.443
bwa,2004,39.650
bwa,2005,37.882
bwa,2006,36.136
bwa,2007,35.883
bwa,2008,32.796
bwa,2009,31.250
bwa,2010,29.814
bwa,2011,28.460
bwa,2012,27.182
bwa,2013,26.053
bwa,2014,25.048
bwa,2015,24.161
bwa,2016,23.353
bwa,2017,22.672
bwa,2018,22.074
bwa,2019,21.557
bwa,2020,21.122
bwa,2021,20.742
bwa,2022,20.402
bwa,2023,20.068
bwa,2024,19.709
caf,1991,71.803
caf,1992,71.399
caf,1993,71.080
caf,1994,70.833
caf,1995,70.556
caf,1996,70.365
caf,1997,70.238
caf,1998,70.233
caf,1999,70.292
caf,2000,70.417
caf,2001,70.588
caf,2002,70.880
caf,2003,71.117
caf,2004,71.309
caf,2005,71.322
caf,2006,71.195
caf,2007,70.812
caf,2008,70.175
caf,2009,69.403
caf,2010,562.13
caf,2011,100.64
caf,2012,79.548
caf,2013,71.561
caf,2014,91.054
caf,2015,169.80
caf,2016,78.020
caf,2017,86.681
caf,2018,132.55
caf,2019,81.526
caf,2020,271.26
caf,2021,90.794
caf,2022,171.44
caf,2023,481.53
caf,2024,53.564
can,1991,9.5887
can,1992,9.1880
can,1993,8.7883
can,1994,8.4283
can,1995,8.1454
can,1996,7.9211
can,1997,7.7292
can,1998,7.5460
can,1999,7.3649
can,2000,7.1860
can,2001,7.0081
can,2002,6.8382
can,2003,6.6848
can,2004,6.5629
can,2005,6.4824
can,2006,6.4103
can,2007,6.2977
can,2008,6.1289
can,2009,5.9451
can,2010,5.7885
can,2011,5.6507
can,2012,5.5054
can,2013,5.3537
can,2014,5.2416
can,2015,5.2111
can,2016,5.2602
can,2017,5.3571
can,2018,5.4775
can,2019,5.6066
can,2020,5.7276
can,2021,5.8357
can,2022,5.9368
can,2023,6.0220
can,2024,6.0701
che,1991,10.333
che,1992,10.115
che,1993,9.8115
che,1994,9.4275
che,1995,8.9941
che,1996,8.5373
che,1997,8.0793
che,1998,7.6486
che,1999,7.2508
che,2000,6.8935
che,2001,6.5778
che,2002,6.2982
che,2003,6.0422
che,2004,5.8046
che,2005,5.5733
che,2006,5.3418
che,2007,5.1018
che,2008,4.8510
che,2009,4.5922
che,2010,4.3367
che,2011,4.0971
che,2012,3.8837
che,2013,3.7059
che,2014,3.5679
che,2015,3.4699
che,2016,3.4057
che,2017,3.3737
che,2018,3.3621
che,2019,3.3647
che,2020,3.3689
che,2021,3.3677
che,2022,3.3565
che,2023,3.3374
che,2024,3.3124
chl,1991,11.430
chl,1992,11.136
chl,1993,10.881
chl,1994,10.702
chl,1995,10.557
chl,1996,10.397
chl,1997,10.179
chl,1998,9.8544
chl,1999,9.4418
chl,2000,9.0581
chl,2001,8.7952
chl,2002,8.6233
chl,2003,8.4607
chl,2004,8.2633
chl,2005,8.0507
chl,2006,7.8535
chl,2007,7.7254
chl,2008,7.7275
chl,2009,7.8455
chl,2010,7.8930
chl,2011,7.6903
chl,2012,7.3229
chl,2013,6.9959
chl,2014,6.7994
chl,2015,6.6780
chl,2016,6.5708
chl,2017,6.4607
chl,2018,6.3513
chl,2019,6.2662
chl,2020,6.2699
chl,2021,6.4244
chl,2022,6.6796
chl,2023,6.9183
chl,2024,7.0499
chn,1991,15.631
chn,1992,15.085
chn,1993,14.544
chn,1994,14.013
chn,1995,13.495
chn,1996,12.974
chn,1997,12.479
chn,1998,11.988
chn,1999,11.524
chn,2000,11.073
chn,2001,10.640
chn,2002,10.227
chn,2003,9.8329
chn,2004,9.4572
chn,2005,9.0990
chn,2006,8.7578
chn,2007,8.4329
chn,2008,8.1244
chn,2009,7.8328
chn,2010,7.5511
chn,2011,7.2897
chn,2012,7.0431
chn,2013,6.8279
chn,2014,6.6434
chn,2015,6.4801
chn,2016,6.3487
chn,2017,6.2013
chn,2018,6.0694
chn,2019,5.9502
chn,2020,5.8273
chn,2021,5.7046
chn,2022,5.5839
chn,2023,5.4800
chn,2024,5.3642
civ,1991,58.500
civ,1992,58.379
civ,1993,58.250
civ,1994,58.138
civ,1995,57.988
civ,1996,57.779
civ,1997,57.510
civ,1998,57.161
civ,1999,56.762
civ,2000,56.222
civ,2001,55.595
civ,2002,54.820
civ,2003,53.976
civ,2004,53.082
civ,2005,52.138
civ,2006,51.181
civ,2007,50.176
civ,2008,49.151
civ,2009,48.042
civ,2010,46.889
civ,2011,45.686
civ,2012,44.427
civ,2013,43.166
civ,2014,41.913
civ,2015,40.628
civ,2016,39.414
civ,2017,38.177
civ,2018,36.940
civ,2019,35.713
civ,2020,34.489
civ,2021,33.384
civ,2022,32.333
civ,2023,31.395
civ,2024,30.577
cmr,1991,60.699
cmr,1992,60.730
cmr,1993,60.815
cmr,1994,60.908
cmr,1995,61.039
cmr,1996,61.183
cmr,1997,61.329
cmr,1998,61.468
cmr,1999,61.507
cmr,2000,61.452
cmr,2001,61.282
cmr,2002,61.000
cmr,2003,60.626
cmr,2004,60.140
cmr,2005,59.644
cmr,2006,59.061
cmr,2007,58.427
cmr,2008,57.744
cmr,2009,56.997
cmr,2010,56.229
cmr,2011,55.460
cmr,2012,54.735
cmr,2013,54.071
cmr,2014,53.399
cmr,2015,52.770
cmr,2016,52.141
cmr,2017,51.546
cmr,2018,50.995
cmr,2019,50.253
cmr,2020,49.508
cmr,2021,48.669
cmr,2022,47.738
cmr,2023,46.761
cmr,2024,45.685
cod,1991,80.593
cod,1992,79.471
cod,1993,78.364
cod,1994,77.133
cod,1995,76.047
cod,1996,74.963
cod,1997,80.490
cod,1998,72.978
cod,1999,85.496
cod,2000,84.265
cod,2001,70.238
cod,2002,69.344
cod,2003,68.345
cod,2004,67.403
cod,2005,66.465
cod,2006,65.633
cod,2007,64.881
cod,2008,64.263
cod,2009,63.761
cod,2010,63.288
cod,2011,62.918
cod,2012,62.567
cod,2013,62.081
cod,2014,61.528
cod,2015,60.845
cod,2016,59.968
cod,2017,58.893
cod,2018,57.783
cod,2019,56.803
cod,2020,55.718
cod,2021,54.646
cod,2022,53.529
cod,2023,52.331
cod,2024,51.426
cog,1991,85.638
cog,1992,81.741
cog,1993,78.069
cog,1994,74.605
cog,1995,71.527
cog,1996,68.561
cog,1997,65.598
cog,1998,115.21
cog,1999,77.349
cog,2000,61.083
cog,2001,53.962
cog,2002,51.119
cog,2003,48.364
cog,2004,45.812
cog,2005,43.398
cog,2006,41.117
cog,2007,38.989
cog,2008,36.937
cog,2009,34.998
cog,2010,33.114
cog,2011,31.300
cog,2012,29.659
cog,2013,28.126
cog,2014,26.801
cog,2015,25.720
cog,2016,24.808
cog,2017,24.139
cog,2018,23.528
cog,2019,22.956
cog,2020,30.629
cog,2021,21.810
cog,2022,21.289
cog,2023,20.857
cog,2024,20.367
cok,1991,22.227
cok,1992,22.261
cok,1993,22.259
cok,1994,22.243
cok,1995,22.150
cok,1996,21.983
cok,1997,21.736
cok,1998,21.401
cok,1999,20.968
cok,2000,20.470
cok,2001,19.959
cok,2002,19.340
cok,2003,18.682
cok,2004,17.983
cok,2005,17.244
cok,2006,16.466
cok,2007,15.690
cok,2008,14.961
cok,2009,14.315
cok,2010,13.801
cok,2011,13.410
cok,2012,13.151
cok,2013,12.953
cok,2014,12.773
cok,2015,12.647
cok,2016,12.516
cok,2017,12.407
cok,2018,12.298
cok,2019,12.153
cok,2020,12.060
cok,2021,11.882
cok,2022,11.703
cok,2023,11.491
cok,2024,11.318
col,1991,24.712
col,1992,26.362
col,1993,27.768
col,1994,28.676
col,1995,28.931
col,1996,28.469
col,1997,27.697
col,1998,27.206
col,1999,27.274
col,2000,27.677
col,2001,28.107
col,2002,28.051
col,2003,26.935
col,2004,24.757
col,2005,22.353
col,2006,20.371
col,2007,18.990
col,2008,18.231
col,2009,17.988
col,2010,17.911
col,2011,17.666
col,2012,17.211
col,2013,16.656
col,2014,16.092
col,2015,15.589
col,2016,15.207
col,2017,14.949
col,2018,14.794
col,2019,14.740
col,2020,14.792
col,2021,14.945
col,2022,15.154
col,2023,15.333
col,2024,15.420
com,1991,39.739
com,1992,38.542
com,1993,37.344
com,1994,36.177
com,1995,35.035
com,1996,33.913
com,1997,32.832
com,1998,31.741
com,1999,30.699
com,2000,29.664
com,2001,28.676
com,2002,27.686
com,2003,26.719
com,2004,25.805
com,2005,24.869
com,2006,23.973
com,2007,23.093
com,2008,22.240
com,2009,21.409
com,2010,20.607
com,2011,19.835
com,2012,19.086
com,2013,18.334
com,2014,17.615
com,2015,16.911
com,2016,16.240
com,2017,15.618
com,2018,15.018
com,2019,14.462
com,2020,13.990
com,2021,13.604
com,2022,13.228
com,2023,12.931
com,2024,12.646
cpv,1991,12.965
cpv,1992,13.219
cpv,1993,13.482
cpv,1994,13.733
cpv,1995,13.938
cpv,1996,21.124
cpv,1997,14.143
cpv,1998,14.096
cpv,1999,13.950
cpv,2000,13.719
cpv,2001,13.416
cpv,2002,13.076
cpv,2003,12.739
cpv,2004,12.421
cpv,2005,12.132
cpv,2006,11.880
cpv,2007,11.644
cpv,2008,11.415
cpv,2009,11.176
cpv,2010,10.925
cpv,2011,10.655
cpv,2012,10.379
cpv,2013,10.082
cpv,2014,9.7899
cpv,2015,9.4760
cpv,2016,9.1666
cpv,2017,8.8588
cpv,2018,8.5489
cpv,2019,8.2481
cpv,2020,7.9331
cpv,2021,7.6345
cpv,2022,7.3384
cpv,2023,7.0668
cpv,2024,6.8265
cri,1991,9.3282
cri,1992,9.4286
cri,1993,9.5504
cri,1994,9.6936
cri,1995,9.8413
cri,1996,9.9824
cri,1997,10.103
cri,1998,10.176
cri,1999,10.159
cri,2000,10.010
cri,2001,9.7820
cri,2002,9.5812
cri,2003,9.4424
cri,2004,9.3121
cri,2005,9.1507
cri,2006,9.0429
cri,2007,9.1517
cri,2008,9.4886
cri,2009,9.7670
cri,2010,9.6433
cri,2011,9.1992
cri,2012,8.7310
cri,2013,8.4247
cri,2014,8.3640
cri,2015,8.6021
cri,2016,9.0251
cri,2017,9.4144
cri,2018,9.5839
cri,2019,9.5422
cri,2020,9.3515
cri,2021,9.1525
cri,2022,9.1271
cri,2023,9.3428
cri,2024,9.6234
cub,1991,14.387
cub,1992,14.266
cub,1993,14.074
cub,1994,13.798
cub,1995,13.431
cub,1996,12.959
cub,1997,12.398
cub,1998,11.763
cub,1999,11.102
cub,2000,10.455
cub,2001,9.8387
cub,2002,9.2623
cub,2003,8.7363
cub,2004,8.2739
cub,2005,7.8859
cub,2006,7.5660
cub,2007,7.2956
cub,2008,7.0719
cub,2009,6.8958
cub,2010,6.7721
cub,2011,6.6895
cub,2012,6.6329
cub,2013,6.5901
cub,2014,6.5592
cub,2015,6.5366
cub,2016,6.5257
cub,2017,6.5370
cub,2018,6.5766
cub,2019,6.6562
cub,2020,6.7855
cub,2021,6.9720
cub,2022,7.2220
cub,2023,7.5142
cub,2024,7.7701
cyp,1991,8.2149
cyp,1992,8.5026
cyp,1993,8.8087
cyp,1994,9.1054
cyp,1995,9.3644
cyp,1996,9.5626
cyp,1997,9.6882
cyp,1998,9.7351
cyp,1999,9.6975
cyp,2000,9.5823
cyp,2001,9.3840
cyp,2002,9.1166
cyp,2003,8.7835
cyp,2004,8.3780
cyp,2005,7.9121
cyp,2006,7.3961
cyp,2007,6.8488
cyp,2008,6.3016
cyp,2009,5.7910
cyp,2010,5.3379
cyp,2011,4.9573
cyp,2012,4.6467
cyp,2013,4.4022
cyp,2014,4.2109
cyp,2015,4.0650
cyp,2016,3.9542
cyp,2017,3.8709
cyp,2018,3.8096
cyp,2019,3.7685
cyp,2020,3.7443
cyp,2021,3.7419
cyp,2022,3.7476
cyp,2023,3.7584
cyp,2024,3.7641
cze,1991,9.2592
cze,1992,9.3231
cze,1993,9.3232
cze,1994,9.2265
cze,1995,9.0365
cze,1996,8.7779
cze,1997,8.4916
cze,1998,8.2176
cze,1999,7.9800
cze,2000,7.7738
cze,2001,7.5899
cze,2002,7.4085
cze,2003,7.2173
cze,2004,7.0060
cze,2005,6.7831
cze,2006,6.5607
cze,2007,6.3422
cze,2008,6.1345
cze,2009,5.9424
cze,2010,5.7640
cze,2011,5.5992
cze,2012,5.4433
cze,2013,5.2925
cze,2014,5.1476
cze,2015,5.0167
cze,2016,4.9045
cze,2017,4.8133
cze,2018,4.7392
cze,2019,4.6770
cze,2020,4.6238
cze,2021,4.5746
cze,2022,4.5291
cze,2023,4.4822
cze,2024,4.4322
deu,1991,8.3716
deu,1992,8.3105
deu,1993,8.1965
deu,1994,8.0175
deu,1995,7.7981
deu,1996,7.5689
deu,1997,7.3443
deu,1998,7.1309
deu,1999,6.9286
deu,2000,6.7224
deu,2001,6.4907
deu,2002,6.2246
deu,2003,5.9172
deu,2004,5.5803
deu,2005,5.2518
deu,2006,4.9609
deu,2007,4.7170
deu,2008,4.5222
deu,2009,4.3692
deu,2010,4.2374
deu,2011,4.1071
deu,2012,3.9783
deu,2013,3.8586
deu,2014,3.7535
deu,2015,3.6650
deu,2016,3.5927
deu,2017,3.5325
deu,2018,3.4772
deu,2019,3.4283
deu,2020,3.4002
deu,2021,3.4063
deu,2022,3.4426
deu,2023,3.4983
deu,2024,3.5575
dji,1991,65.954
dji,1992,70.217
dji,1993,77.070
dji,1994,63.530
dji,1995,62.943
dji,1996,62.354
dji,1997,61.787
dji,1998,61.161
dji,1999,60.397
dji,2000,59.581
dji,2001,58.691
dji,2002,57.696
dji,2003,56.636
dji,2004,55.553
dji,2005,54.489
dji,2006,53.419
dji,2007,52.328
dji,2008,51.183
dji,2009,50.060
dji,2010,49.033
dji,2011,47.987
dji,2012,46.928
dji,2013,45.889
dji,2014,44.867
dji,2015,43.871
dji,2016,42.857
dji,2017,41.940
dji,2018,40.962
dji,2019,40.040
dji,2020,39.074
dji,2021,38.136
dji,2022,37.230
dji,2023,36.375
dji,2024,35.480
dma,1991,13.739
dma,1992,13.296
dma,1993,12.881
dma,1994,12.485
dma,1995,12.111
dma,1996,11.763
dma,1997,11.439
dma,1998,11.155
dma,1999,10.914
dma,2000,10.688
dma,2001,10.501
dma,2002,10.329
dma,2003,10.178
dma,2004,10.050
dma,2005,9.9351
dma,2006,9.8639
dma,2007,9.8439
dma,2008,9.8893
dma,2009,9.9944
dma,2010,10.140
dma,2011,10.315
dma,2012,10.507
dma,2013,10.695
dma,2014,10.868
dma,2015,11.047
dma,2016,11.222
dma,2017,11.442
dma,2018,22.213
dma,2019,11.984
dma,2020,12.281
dma,2021,12.546
dma,2022,12.714
dma,2023,12.696
dma,2024,12.575
dnk,1991,7.2307
dnk,1992,7.0505
dnk,1993,6.9046
dnk,1994,6.7834
dnk,1995,6.6850
dnk,1996,6.5971
dnk,1997,6.5143
dnk,1998,6.4326
dnk,1999,6.3411
dnk,2000,6.2350
dnk,2001,6.1075
dnk,2002,5.9503
dnk,2003,5.7616
dnk,2004,5.5553
dnk,2005,5.3475
dnk,2006,5.1343
dnk,2007,4.9171
dnk,2008,4.6873
dnk,2009,4.4395
dnk,2010,4.1736
dnk,2011,3.9073
dnk,2012,3.6618
dnk,2013,3.4504
dnk,2014,3.2863
dnk,2015,3.1717
dnk,2016,3.0986
dnk,2017,3.0575
dnk,2018,3.0357
dnk,2019,3.0296
dnk,2020,3.0324
dnk,2021,3.0412
dnk,2022,3.0527
dnk,2023,3.0612
dnk,2024,3.0601
dom,1991,19.657
dom,1992,19.720
dom,1993,19.872
dom,1994,20.042
dom,1995,20.220
dom,1996,20.405
dom,1997,20.576
dom,1998,20.735
dom,1999,20.871
dom,2000,20.948
dom,2001,20.967
dom,2002,21.006
dom,2003,20.989
dom,2004,20.916
dom,2005,20.823
dom,2006,20.718
dom,2007,20.571
dom,2008,20.346
dom,2009,20.076
dom,2010,19.713
dom,2011,19.273
dom,2012,18.797
dom,2013,18.287
dom,2014,17.828
dom,2015,17.420
dom,2016,17.046
dom,2017,16.687
dom,2018,16.390
dom,2019,16.070
dom,2020,15.730
dom,2021,15.407
dom,2022,15.035
dom,2023,14.775
dom,2024,14.447
dza,1991,20.130
dza,1992,19.815
dza,1993,19.524
dza,1994,19.222
dza,1995,21.705
dza,1996,20.153
dza,1997,18.028
dza,1998,18.986
dza,1999,18.773
dza,2000,16.104
dza,2001,15.374
dza,2002,14.633
dza,2003,13.888
dza,2004,13.786
dza,2005,12.539
dza,2006,12.054
dza,2007,11.684
dza,2008,11.368
dza,2009,11.070
dza,2010,10.804
dza,2011,10.579
dza,2012,10.408
dza,2013,10.295
dza,2014,10.226
dza,2015,10.147
dza,2016,10.004
dza,2017,9.7925
dza,2018,9.5382
dza,2019,9.2684
dza,2020,9.0358
dza,2021,8.8786
dza,2022,8.8181
dza,2023,8.8592
dza,2024,8.9822
ecu,1991,21.474
ecu,1992,20.705
ecu,1993,20.012
ecu,1994,19.410
ecu,1995,18.928
ecu,1996,18.582
ecu,1997,18.371
ecu,1998,18.286
ecu,1999,18.309
ecu,2000,18.416
ecu,2001,18.563
ecu,2002,18.740
ecu,2003,18.939
ecu,2004,19.143
ecu,2005,19.325
ecu,2006,19.445
ecu,2007,19.477
ecu,2008,19.361
ecu,2009,19.075
ecu,2010,18.617
ecu,2011,17.975
ecu,2012,17.195
ecu,2013,16.349
ecu,2014,15.512
ecu,2015,14.762
ecu,2016,14.158
ecu,2017,14.018
ecu,2018,13.323
ecu,2019,13.104
ecu,2020,13.223
ecu,2021,13.900
ecu,2022,15.299
ecu,2023,17.614
ecu,2024,20.922
egy,1991,23.931
egy,1992,22.295
egy,1993,20.872
egy,1994,19.687
egy,1995,18.677
egy,1996,17.749
egy,1997,16.860
egy,1998,16.021
egy,1999,15.258
egy,2000,14.576
egy,2001,13.989
egy,2002,13.498
egy,2003,13.071
egy,2004,12.684
egy,2005,12.355
egy,2006,12.125
egy,2007,12.014
egy,2008,12.009
egy,2009,12.108
egy,2010,12.285
egy,2011,12.508
egy,2012,12.719
egy,2013,12.823
egy,2014,12.721
egy,2015,12.434
egy,2016,12.038
egy,2017,11.617
egy,2018,11.259
egy,2019,11.039
egy,2020,10.971
egy,2021,11.051
egy,2022,11.246
egy,2023,11.443
egy,2024,11.518
eri,1991,96.870
eri,1992,92.788
eri,1993,80.040
eri,1994,75.637
eri,1995,71.415
eri,1996,67.429
eri,1997,63.700
eri,1998,60.267
eri,1999,113.11
eri,2000,159.06
eri,2001,60.837
eri,2002,49.396
eri,2003,47.268
eri,2004,45.315
eri,2005,43.495
eri,2006,41.862
eri,2007,40.321
eri,2008,38.909
eri,2009,37.584
eri,2010,36.388
eri,2011,35.287
eri,2012,34.289
eri,2013,33.390
eri,2014,32.474
eri,2015,31.659
eri,2016,30.867
eri,2017,30.131
eri,2018,29.439
eri,2019,28.736
eri,2020,28.063
eri,2021,27.446
eri,2022,26.851
eri,2023,26.241
eri,2024,25.615
esp,1991,10.635
esp,1992,10.205
esp,1993,9.4279
esp,1994,8.6183
esp,1995,7.9924
esp,1996,7.5790
esp,1997,7.3418
esp,1998,7.2276
esp,1999,7.1444
esp,2000,7.0100
esp,2001,6.8194
esp,2002,6.6139
esp,2003,6.4123
esp,2004,6.1884
esp,2005,5.9197
esp,2006,5.6112
esp,2007,5.2814
esp,2008,4.9378
esp,2009,4.5756
esp,2010,4.1982
esp,2011,3.8380
esp,2012,3.5336
esp,2013,3.3003
esp,2014,3.1372
esp,2015,3.0427
esp,2016,2.9956
esp,2017,2.9694
esp,2018,2.9469
esp,2019,2.9308
esp,2020,2.9274
esp,2021,2.9493
esp,2022,3.0132
esp,2023,3.1175
esp,2024,3.2192
est,1991,18.010
est,1992,18.931
est,1993,19.681
est,1994,20.048
est,1995,19.896
est,1996,19.134
est,1997,18.019
est,1998,16.889
est,1999,15.949
est,2000,15.216
est,2001,14.706
est,2002,14.324
est,2003,13.973
est,2004,13.582
est,2005,13.139
est,2006,12.641
est,2007,12.065
est,2008,11.377
est,2009,10.588
est,2010,9.7845
est,2011,9.0378
est,2012,8.3777
est,2013,7.8137
est,2014,7.3394
est,2015,6.9379
est,2016,6.5858
est,2017,6.2768
est,2018,6.0107
est,2019,5.8054
est,2020,5.6581
est,2021,5.5679
est,2022,5.5270
est,2023,5.5200
est,2024,5.5237
eth,1991,139.60
eth,1992,128.05
eth,1993,124.14
eth,1994,119.81
eth,1995,114.94
eth,1996,109.91
eth,1997,104.77
eth,1998,99.595
eth,1999,94.379
eth,2000,95.845
eth,2001,84.344
eth,2002,79.482
eth,2003,74.888
eth,2004,70.432
eth,2005,66.209
eth,2006,62.047
eth,2007,57.972
eth,2008,53.963
eth,2009,50.089
eth,2010,46.414
eth,2011,42.945
eth,2012,39.749
eth,2013,36.784
eth,2014,33.996
eth,2015,31.485
eth,2016,29.286
eth,2017,27.475
eth,2018,26.013
eth,2019,24.961
eth,2020,24.137
eth,2021,23.420
eth,2022,22.785
eth,2023,22.187
eth,2024,21.635
fin,1991,9.9990
fin,1992,9.6249
fin,1993,9.0962
fin,1994,8.5505
fin,1995,8.0773
fin,1996,7.7385
fin,1997,7.5371
fin,1998,7.4600
fin,1999,7.4773
fin,2000,7.5168
fin,2001,7.5129
fin,2002,7.4427
fin,2003,7.3150
fin,2004,7.1591
fin,2005,7.0211
fin,2006,6.9398
fin,2007,6.8935
fin,2008,6.8278
fin,2009,6.6969
fin,2010,6.4915
fin,2011,6.2029
fin,2012,5.8556
fin,2013,5.4934
fin,2014,5.1638
fin,2015,4.9394
fin,2016,4.8707
fin,2017,4.9363
fin,2018,5.0854
fin,2019,5.2630
fin,2020,5.4182
fin,2021,5.5111
fin,2022,5.5748
fin,2023,5.6885
fin,2024,5.8875
fji,1991,28.409
fji,1992,27.830
fji,1993,27.229
fji,1994,26.611
fji,1995,25.990
fji,1996,25.318
fji,1997,24.634
fji,1998,23.960
fji,1999,23.297
fji,2000,22.610
fji,2001,21.950
fji,2002,21.325
fji,2003,20.720
fji,2004,20.119
fji,2005,19.513
fji,2006,18.882
fji,2007,18.234
fji,2008,17.593
fji,2009,16.991
fji,2010,16.451
fji,2011,15.979
fji,2012,15.602
fji,2013,15.305
fji,2014,15.075
fji,2015,14.908
fji,2016,14.801
fji,2017,15.360
fji,2018,14.813
fji,2019,14.894
fji,2020,14.973
fji,2021,15.007
fji,2022,14.956
fji,2023,14.847
fji,2024,14.678
fra,1991,9.6249
fra,1992,9.3959
fra,1993,9.1258
fra,1994,8.8191
fra,1995,8.5079
fra,1996,8.2217
fra,1997,7.9774
fra,1998,7.7799
fra,1999,7.6171
fra,2000,7.4427
fra,2001,7.2126
fra,2002,6.9201
fra,2003,6.5806
fra,2004,6.2200
fra,2005,5.8758
fra,2006,5.5762
fra,2007,5.3301
fra,2008,5.1306
fra,2009,4.9688
fra,2010,4.8142
fra,2011,4.6454
fra,2012,4.4634
fra,2013,4.2826
fra,2014,4.1147
fra,2015,3.9782
fra,2016,3.8825
fra,2017,3.8214
fra,2018,3.7752
fra,2019,3.7362
fra,2020,3.7148
fra,2021,3.7209
fra,2022,3.7538
fra,2023,3.8078
fra,2024,3.8716
fsm,1991,24.743
fsm,1992,24.355
fsm,1993,24.026
fsm,1994,23.731
fsm,1995,23.434
fsm,1996,23.135
fsm,1997,22.792
fsm,1998,22.405
fsm,1999,22.009
fsm,2000,21.603
fsm,2001,21.217
fsm,2002,20.898
fsm,2003,25.303
fsm,2004,20.465
fsm,2005,20.344
fsm,2006,20.266
fsm,2007,20.278
fsm,2008,20.217
fsm,2009,20.092
fsm,2010,19.903
fsm,2011,19.663
fsm,2012,19.397
fsm,2013,19.065
fsm,2014,18.731
fsm,2015,18.392
fsm,2016,18.031
fsm,2017,17.681
fsm,2018,17.344
fsm,2019,17.027
fsm,2020,16.722
fsm,2021,16.383
fsm,2022,16.065
fsm,2023,15.740
fsm,2024,15.409
gab,1991,40.080
gab,1992,40.516
gab,1993,40.954
gab,1994,41.313
gab,1995,41.512
gab,1996,41.584
gab,1997,41.488
gab,1998,41.301
gab,1999,41.058
gab,2000,40.680
gab,2001,40.275
gab,2002,39.837
gab,2003,39.303
gab,2004,38.656
gab,2005,37.975
gab,2006,37.180
gab,2007,36.291
gab,2008,35.240
gab,2009,34.088
gab,2010,32.891
gab,2011,31.690
gab,2012,30.438
gab,2013,29.217
gab,2014,28.061
gab,2015,27.010
gab,2016,26.084
gab,2017,25.345
gab,2018,24.688
gab,2019,24.059
gab,2020,23.508
gab,2021,22.943
gab,2022,22.421
gab,2023,21.906
gab,2024,21.400
gbr,1991,7.4637
gbr,1992,7.2936
gbr,1993,7.0986
gbr,1994,6.9340
gbr,1995,6.8207
gbr,1996,6.7485
gbr,1997,6.7030
gbr,1998,6.6542
gbr,1999,6.5726
gbr,2000,6.4598
gbr,2001,6.3401
gbr,2002,6.2215
gbr,2003,6.0899
gbr,2004,5.9349
gbr,2005,5.7674
gbr,2006,5.6119
gbr,2007,5.4657
gbr,2008,5.2951
gbr,2009,5.0667
gbr,2010,4.7923
gbr,2011,4.5010
gbr,2012,4.2268
gbr,2013,4.0153
gbr,2014,3.8989
gbr,2015,3.8586
gbr,2016,3.8511
gbr,2017,3.8482
gbr,2018,3.8413
gbr,2019,3.8258
gbr,2020,3.8110
gbr,2021,3.8116
gbr,2022,3.8270
gbr,2023,3.8419
gbr,2024,3.8260
geo,1991,11.139
geo,1992,9.8895
geo,1993,11.806
geo,1994,14.767
geo,1995,10.203
geo,1996,9.7812
geo,1997,8.4554
geo,1998,7.5598
geo,1999,7.4596
geo,2000,7.7569
geo,2001,8.0518
geo,2002,8.1824
geo,2003,8.1152
geo,2004,7.9178
geo,2005,7.7463
geo,2006,7.7458
geo,2007,7.9846
geo,2008,8.5266
geo,2009,11.312
geo,2010,9.7549
geo,2011,9.3351
geo,2012,8.5494
geo,2013,8.2043
geo,2014,8.5625
geo,2015,9.2532
geo,2016,9.7235
geo,2017,9.7577
geo,2018,9.3980
geo,2019,8.8403
geo,2020,8.4229
geo,2021,8.3941
geo,2022,8.5297
geo,2023,8.3427
geo,2024,7.6510
gha,1991,52.879
gha,1992,51.529
gha,1993,50.111
gha,1994,48.717
gha,1995,47.320
gha,1996,45.998
gha,1997,44.709
gha,1998,43.486
gha,1999,42.329
gha,2000,41.308
gha,2001,40.301
gha,2002,39.402
gha,2003,38.538
gha,2004,37.664
gha,2005,36.784
gha,2006,35.933
gha,2007,35.053
gha,2008,34.174
gha,2009,33.343
gha,2010,32.454
gha,2011,31.625
gha,2012,30.817
gha,2013,30.057
gha,2014,29.342
gha,2015,28.632
gha,2016,27.988
gha,2017,27.379
gha,2018,26.882
gha,2019,26.342
gha,2020,25.848
gha,2021,25.342
gha,2022,24.872
gha,2023,24.423
gha,2024,23.931
gin,1991,74.131
gin,1992,72.836
gin,1993,71.602
gin,1994,70.402
gin,1995,69.360
gin,1996,68.441
gin,1997,67.530
gin,1998,66.783
gin,1999,66.135
gin,2000,65.573
gin,2001,64.975
gin,2002,64.309
gin,2003,63.558
gin,2004,62.709
gin,2005,61.730
gin,2006,60.798
gin,2007,59.898
gin,2008,59.034
gin,2009,58.214
gin,2010,57.492
gin,2011,56.779
gin,2012,56.120
gin,2013,55.514
gin,2014,54.918
gin,2015,54.304
gin,2016,53.595
gin,2017,52.797
gin,2018,51.769
gin,2019,50.846
gin,2020,49.878
gin,2021,48.932
gin,2022,47.860
gin,2023,46.907
gin,2024,45.946
gmb,1991,70.270
gmb,1992,68.448
gmb,1993,66.623
gmb,1994,64.823
gmb,1995,63.020
gmb,1996,61.227
gmb,1997,59.432
gmb,1998,57.662
gmb,1999,55.925
gmb,2000,54.234
gmb,2001,52.573
gmb,2002,50.951
gmb,2003,49.344
gmb,2004,47.760
gmb,2005,46.222
gmb,2006,44.720
gmb,2007,43.248
gmb,2008,41.851
gmb,2009,40.509
gmb,2010,39.230
gmb,2011,37.976
gmb,2012,36.813
gmb,2013,35.697
gmb,2014,34.594
gmb,2015,33.551
gmb,2016,32.544
gmb,2017,31.580
gmb,2018,30.674
gmb,2019,29.827
gmb,2020,29.010
gmb,2021,28.253
gmb,2022,27.522
gmb,2023,26.827
gmb,2024,26.173
gnb,1991,88.359
gnb,1992,86.242
gnb,1993,84.182
gnb,1994,82.187
gnb,1995,80.250
gnb,1996,78.334
gnb,1997,76.460
gnb,1998,83.549
gnb,1999,87.361
gnb,2000,81.029
gnb,2001,69.330
gnb,2002,67.652
gnb,2003,66.044
gnb,2004,64.399
gnb,2005,62.697
gnb,2006,60.954
gnb,2007,59.146
gnb,2008,57.330
gnb,2009,55.435
gnb,2010,53.536
gnb,2011,51.614
gnb,2012,49.711
gnb,2013,47.872
gnb,2014,46.169
gnb,2015,44.493
gnb,2016,42.972
gnb,2017,41.542
gnb,2018,40.262
gnb,2019,39.048
gnb,2020,37.956
gnb,2021,37.016
gnb,2022,36.131
gnb,2023,35.242
gnb,2024,34.423
gnq,1991,74.342
gnq,1992,73.872
gnq,1993,73.440
gnq,1994,73.006
gnq,1995,72.564
gnq,1996,72.017
gnq,1997,71.360
gnq,1998,70.581
gnq,1999,69.571
gnq,2000,68.377
gnq,2001,67.029
gnq,2002,65.591
gnq,2003,64.126
gnq,2004,62.623
gnq,2005,61.040
gnq,2006,59.499
gnq,2007,57.948
gnq,2008,56.388
gnq,2009,54.820
gnq,2010,53.345
gnq,2011,51.907
gnq,2012,50.529
gnq,2013,49.202
gnq,2014,47.951
gnq,2015,46.752
gnq,2016,45.543
gnq,2017,44.317
gnq,2018,43.246
gnq,2019,42.195
gnq,2020,41.267
gnq,2021,40.179
gnq,2022,39.156
gnq,2023,38.113
gnq,2024,37.040
grc,1991,8.6628
grc,1992,8.5166
grc,1993,8.3559
grc,1994,8.1899
grc,1995,8.0349
grc,1996,7.8998
grc,1997,7.7886
grc,1998,7.7056
grc,1999,7.6369
grc,2000,7.5640
grc,2001,7.4753
grc,2002,7.3789
grc,2003,7.2795
grc,2004,7.1779
grc,2005,7.0733
grc,2006,6.9602
grc,2007,6.8262
grc,2008,6.6546
grc,2009,6.4399
grc,2010,6.1773
grc,2011,5.8782
grc,2012,5.5570
grc,2013,5.2329
grc,2014,4.9247
grc,2015,4.6544
grc,2016,4.4254
grc,2017,4.2299
grc,2018,4.0611
grc,2019,3.9094
grc,2020,3.7676
grc,2021,3.6373
grc,2022,3.5188
grc,2023,3.4218
grc,2024,3.3381
grd,1991,12.556
grd,1992,12.277
grd,1993,11.969
grd,1994,11.654
grd,1995,11.352
grd,1996,11.076
grd,1997,10.821
grd,1998,10.609
grd,1999,10.447
grd,2000,10.313
grd,2001,10.226
grd,2002,10.185
grd,2003,10.166
grd,2004,10.171
grd,2005,10.189
grd,2006,10.200
grd,2007,10.197
grd,2008,10.177
grd,2009,10.141
grd,2010,10.093
grd,2011,10.028
grd,2012,9.9746
grd,2013,9.9199
grd,2014,9.8709
grd,2015,9.8036
grd,2016,9.7470
grd,2017,9.6809
grd,2018,9.6251
grd,2019,9.5641
grd,2020,9.5102
grd,2021,9.4686
grd,2022,9.4250
grd,2023,9.3737
grd,2024,9.2859
gtm,1991,34.034
gtm,1992,33.535
gtm,1993,32.594
gtm,1994,31.365
gtm,1995,29.997
gtm,1996,28.661
gtm,1997,27.552
gtm,1998,26.715
gtm,1999,26.032
gtm,2000,25.369
gtm,2001,24.763
gtm,2002,24.345
gtm,2003,24.167
gtm,2004,24.147
gtm,2005,24.188
gtm,2006,25.377
gtm,2007,23.877
gtm,2008,23.302
gtm,2009,22.525
gtm,2010,21.661
gtm,2011,20.817
gtm,2012,20.103
gtm,2013,19.589
gtm,2014,19.277
gtm,2015,19.192
gtm,2016,19.151
gtm,2017,18.910
gtm,2018,18.354
gtm,2019,17.656
gtm,2020,16.980
gtm,2021,16.441
gtm,2022,16.129
gtm,2023,16.040
gtm,2024,16.030
guy,1991,20.335
guy,1992,19.332
guy,1993,18.293
guy,1994,17.946
guy,1995,18.567
guy,1996,19.796
guy,1997,21.076
guy,1998,21.939
guy,1999,21.907
guy,2000,21.015
guy,2001,20.027
guy,2002,19.582
guy,2003,19.696
guy,2004,20.129
guy,2005,20.591
guy,2006,20.643
guy,2007,19.981
guy,2008,19.074
guy,2009,18.658
guy,2010,19.053
guy,2011,19.959
guy,2012,21.030
guy,2013,21.926
guy,2014,22.292
guy,2015,21.895
guy,2016,20.814
guy,2017,19.316
guy,2018,17.854
guy,2019,16.864
guy,2020,16.482
guy,2021,16.383
guy,2022,16.263
guy,2023,16.022
guy,2024,15.779
hnd,1991,27.598
hnd,1992,26.719
hnd,1993,25.887
hnd,1994,25.112
hnd,1995,24.379
hnd,1996,23.686
hnd,1997,23.039
hnd,1998,22.441
hnd,1999,55.391
hnd,2000,21.342
hnd,2001,20.838
hnd,2002,20.365
hnd,2003,19.918
hnd,2004,19.495
hnd,2005,19.103
hnd,2006,18.734
hnd,2007,18.396
hnd,2008,18.085
hnd,2009,17.800
hnd,2010,17.539
hnd,2011,17.309
hnd,2012,17.105
hnd,2013,16.911
hnd,2014,16.723
hnd,2015,16.535
hnd,2016,16.349
hnd,2017,16.152
hnd,2018,15.940
hnd,2019,15.712
hnd,2020,15.457
hnd,2021,15.198
hnd,2022,14.910
hnd,2023,14.639
hnd,2024,14.354
hrv,1991,12.853
hrv,1992,20.953
hrv,1993,14.758
hrv,1994,14.315
hrv,1995,14.472
hrv,1996,13.888
hrv,1997,10.482
hrv,1998,9.4671
hrv,1999,8.7677
hrv,2000,8.2999
hrv,2001,7.9904
hrv,2002,7.7825
hrv,2003,7.6089
hrv,2004,8.4611
hrv,2005,7.2639
hrv,2006,7.1167
hrv,2007,6.9623
hrv,2008,6.7627
hrv,2009,6.5039
hrv,2010,6.1989
hrv,2011,5.8636
hrv,2012,5.5380
hrv,2013,5.2609
hrv,2014,5.0483
hrv,2015,4.9063
hrv,2016,4.8304
hrv,2017,4.8143
hrv,2018,4.8496
hrv,2019,4.9188
hrv,2020,4.9942
hrv,2021,5.0515
hrv,2022,5.0801
hrv,2023,5.9679
hrv,2024,5.0520
hti,1991,66.427
hti,1992,64.364
hti,1993,62.375
hti,1994,60.429
hti,1995,58.483
hti,1996,56.548
hti,1997,54.669
hti,1998,52.804
hti,1999,50.979
hti,2000,49.204
hti,2001,47.474
hti,2002,45.823
hti,2003,44.221
hti,2004,42.781
hti,2005,44.760
hti,2006,40.152
hti,2007,38.973
hti,2008,37.921
hti,2009,36.875
hti,2010,35.904
hti,2011,166.11
hti,2012,35.762
hti,2013,33.143
hti,2014,32.269
hti,2015,31.414
hti,2016,30.583
hti,2017,29.831
hti,2018,29.083
hti,2019,28.380
hti,2020,27.737
hti,2021,27.173
hti,2022,28.600
hti,2023,26.149
hti,2024,27.540
hun,1991,10.787
hun,1992,10.612
hun,1993,10.222
hun,1994,9.6533
hun,1995,9.0386
hun,1996,8.4905
hun,1997,8.0471
hun,1998,7.7180
hun,1999,7.4883
hun,2000,7.3026
hun,2001,7.1169
hun,2002,6.9238
hun,2003,6.7397
hun,2004,6.5722
hun,2005,6.4216
hun,2006,6.2845
hun,2007,6.1423
hun,2008,5.9735
hun,2009,5.7715
hun,2010,5.5461
hun,2011,5.3107
hun,2012,5.0850
hun,2013,4.8887
hun,2014,4.7333
hun,2015,4.6142
hun,2016,4.5304
hun,2017,4.4817
hun,2018,4.4620
hun,2019,4.4675
hun,2020,4.4805
hun,2021,4.4870
hun,2022,4.4674
hun,2023,4.4050
hun,2024,4.2914
idn,1991,25.349
idn,1992,24.655
idn,1993,23.981
idn,1994,23.356
idn,1995,22.787
idn,1996,22.286
idn,1997,21.842
idn,1998,21.458
idn,1999,21.121
idn,2000,20.820
idn,2001,20.533
idn,2002,20.248
idn,2003,19.939
idn,2004,19.622
idn,2005,30.301
idn,2006,18.965
idn,2007,18.631
idn,2008,18.320
idn,2009,18.047
idn,2010,17.795
idn,2011,17.525
idn,2012,17.258
idn,2013,16.968
idn,2014,16.681
idn,2015,16.358
idn,2016,16.012
idn,2017,15.693
idn,2018,15.354
idn,2019,15.023
idn,2020,14.752
idn,2021,14.492
idn,2022,14.208
idn,2023,13.943
idn,2024,13.634
ind,1991,43.099
ind,1992,42.086
ind,1993,41.128
ind,1994,40.230
ind,1995,39.380
ind,1996,38.568
ind,1997,37.791
ind,1998,37.025
ind,1999,36.236
ind,2000,35.403
ind,2001,34.529
ind,2002,33.593
ind,2003,32.624
ind,2004,31.621
ind,2005,30.589
ind,2006,29.531
ind,2007,28.440
ind,2008,27.302
ind,2009,26.135
ind,2010,24.931
ind,2011,23.699
ind,2012,22.451
ind,2013,21.203
ind,2014,19.972
ind,2015,18.780
ind,2016,17.635
ind,2017,16.549
ind,2018,15.545
ind,2019,14.606
ind,2020,13.741
ind,2021,12.949
ind,2022,12.286
ind,2023,11.755
ind,2024,11.343
irl,1991,8.0674
irl,1992,7.9843
irl,1993,7.9200
irl,1994,7.9173
irl,1995,8.0294
irl,1996,8.2305
irl,1997,8.4524
irl,1998,8.6245
irl,1999,8.6867
irl,2000,8.5862
irl,2001,8.3460
irl,2002,8.0346
irl,2003,7.7125
irl,2004,7.4259
irl,2005,7.2021
irl,2006,7.0150
irl,2007,6.8158
irl,2008,6.5723
irl,2009,6.2951
irl,2010,6.0004
irl,2011,5.6900
irl,2012,5.3632
irl,2013,5.0243
irl,2014,4.6831
irl,2015,4.3504
irl,2016,4.0410
irl,2017,3.7787
irl,2018,3.5678
irl,2019,3.4131
irl,2020,3.3233
irl,2021,3.2805
irl,2022,3.2719
irl,2023,3.2812
irl,2024,3.2879
irn,1991,35.479
irn,1992,22.948
irn,1993,21.683
irn,1994,20.510
irn,1995,19.498
irn,1996,18.649
irn,1997,17.954
irn,1998,17.420
irn,1999,17.020
irn,2000,16.762
irn,2001,16.629
irn,2002,16.628
irn,2003,16.736
irn,2004,23.207
irn,2005,17.164
irn,2006,17.515
irn,2007,17.992
irn,2008,18.555
irn,2009,18.949
irn,2010,18.921
irn,2011,18.398
irn,2012,17.438
irn,2013,16.231
irn,2014,15.124
irn,2015,14.375
irn,2016,14.006
irn,2017,13.974
irn,2018,14.198
irn,2019,14.478
irn,2020,14.596
irn,2021,14.536
irn,2022,14.345
irn,2023,14.124
irn,2024,13.854
irq,1991,62.874
irq,1992,42.232
irq,1993,20.268
irq,1994,19.818
irq,1995,19.378
irq,1996,18.982
irq,1997,18.581
irq,1998,18.203
irq,1999,17.848
irq,2000,17.522
irq,2001,17.224
irq,2002,16.960
irq,2003,16.723
irq,2004,24.811
irq,2005,28.344
irq,2006,28.535
irq,2007,35.799
irq,2008,34.738
irq,2009,23.380
irq,2010,15.554
irq,2011,15.417
irq,2012,15.276
irq,2013,15.129
irq,2014,16.117
irq,2015,14.746
irq,2016,14.529
irq,2017,24.357
irq,2018,20.081
irq,2019,13.824
irq,2020,14.532
irq,2021,13.334
irq,2022,13.108
irq,2023,12.882
irq,2024,12.675
isl,1991,8.5945
isl,1992,8.3275
isl,1993,8.0678
isl,1994,7.8251
isl,1995,7.6141
isl,1996,7.4399
isl,1997,7.2967
isl,1998,7.1720
isl,1999,7.0491
isl,2000,6.9122
isl,2001,6.7549
isl,2002,6.5747
isl,2003,6.3677
isl,2004,6.1481
isl,2005,5.9191
isl,2006,5.6907
isl,2007,5.4513
isl,2008,5.2115
isl,2009,4.9790
isl,2010,4.7686
isl,2011,4.5668
isl,2012,4.3941
isl,2013,4.2449
isl,2014,4.1090
isl,2015,3.9847
isl,2016,3.8644
isl,2017,3.7387
isl,2018,3.6137
isl,2019,3.4798
isl,2020,3.3457
isl,2021,3.2080
isl,2022,3.0745
isl,2023,2.9505
isl,2024,2.8402
isr,1991,7.1276
isr,1992,6.9895
isr,1993,6.9180
isr,1994,6.9385
isr,1995,7.0175
isr,1996,7.1155
isr,1997,7.1159
isr,1998,6.8757
isr,1999,6.4600
isr,2000,6.2318
isr,2001,6.5046
isr,2002,7.0459
isr,2003,7.2277
isr,2004,6.7211
isr,2005,6.0406
isr,2006,5.5780
isr,2007,5.3314
isr,2008,5.1389
isr,2009,4.9128
isr,2010,4.6471
isr,2011,4.3506
isr,2012,4.0967
isr,2013,3.9659
isr,2014,3.9774
isr,2015,4.0325
isr,2016,4.0294
isr,2017,3.9510
isr,2018,3.8340
isr,2019,3.7193
isr,2020,3.6320
isr,2021,3.5939
isr,2022,3.6142
isr,2023,3.6840
isr,2024,3.7876
ita,1991,8.1222
ita,1992,8.2385
ita,1993,8.2099
ita,1994,8.0129
ita,1995,7.7502
ita,1996,7.5039
ita,1997,7.2848
ita,1998,7.0623
ita,1999,6.8312
ita,2000,6.6101
ita,2001,6.4145
ita,2002,6.2309
ita,2003,6.0369
ita,2004,5.8248
ita,2005,5.6126
ita,2006,5.4166
ita,2007,5.2280
ita,2008,5.0307
ita,2009,4.8185
ita,2010,4.5936
ita,2011,4.3619
ita,2012,4.1338
ita,2013,3.9217
ita,2014,3.7356
ita,2015,3.5923
ita,2016,3.4994
ita,2017,3.4251
ita,2018,3.3220
ita,2019,3.1819
ita,2020,3.0573
ita,2021,2.9961
ita,2022,3.0005
ita,2023,3.0501
ita,2024,3.1263
jam,1991,17.524
jam,1992,17.267
jam,1993,17.017
jam,1994,16.743
jam,1995,16.474
jam,1996,16.199
jam,1997,15.904
jam,1998,15.599
jam,1999,15.298
jam,2000,15.014
jam,2001,14.767
jam,2002,14.558
jam,2003,14.401
jam,2004,14.293
jam,2005,14.235
jam,2006,14.203
jam,2007,14.194
jam,2008,14.199
jam,2009,14.197
jam,2010,14.181
jam,2011,14.169
jam,2012,14.150
jam,2013,14.111
jam,2014,14.073
jam,2015,14.030
jam,2016,13.992
jam,2017,13.977
jam,2018,13.986
jam,2019,14.020
jam,2020,14.068
jam,2021,14.125
jam,2022,14.189
jam,2023,15.341
jam,2024,15.426
jor,1991,14.232
jor,1992,14.025
jor,1993,13.819
jor,1994,13.617
jor,1995,13.416
jor,1996,13.219
jor,1997,13.023
jor,1998,12.833
jor,1999,12.637
jor,2000,12.443
jor,2001,12.247
jor,2002,12.054
jor,2003,11.855
jor,2004,11.655
jor,2005,11.453
jor,2006,11.253
jor,2007,11.061
jor,2008,10.877
jor,2009,10.708
jor,2010,10.558
jor,2011,10.423
jor,2012,10.293
jor,2013,10.157
jor,2014,9.9813
jor,2015,9.7367
jor,2016,9.4266
jor,2017,9.0700
jor,2018,8.6943
jor,2019,8.3343
jor,2020,8.0092
jor,2021,7.7289
jor,2022,7.5057
jor,2023,7.3252
jor,2024,7.1736
jpn,1991,6.4710
jpn,1992,6.3534
jpn,1993,6.2282
jpn,1994,6.0983
jpn,1995,5.9674
jpn,1996,6.1267
jpn,1997,5.7165
jpn,1998,5.6001
jpn,1999,5.4843
jpn,2000,5.3595
jpn,2001,5.2159
jpn,2002,5.0645
jpn,2003,4.9224
jpn,2004,4.8046
jpn,2005,4.7065
jpn,2006,4.6240
jpn,2007,4.5509
jpn,2008,4.4814
jpn,2009,4.4083
jpn,2010,4.3272
jpn,2011,4.2348
jpn,2012,5.9451
jpn,2013,4.0135
jpn,2014,3.8869
jpn,2015,3.7619
jpn,2016,3.6489
jpn,2017,3.5619
jpn,2018,3.5126
jpn,2019,3.5063
jpn,2020,3.5364
jpn,2021,3.5937
jpn,2022,3.6706
jpn,2023,3.7560
jpn,2024,3.8359
kaz,1991,19.469
kaz,1992,20.191
kaz,1993,21.026
kaz,1994,21.915
kaz,1995,22.728
kaz,1996,23.300
kaz,1997,23.549
kaz,1998,23.446
kaz,1999,23.040
kaz,2000,22.457
kaz,2001,21.842
kaz,2002,21.321
kaz,2003,21.003
kaz,2004,20.925
kaz,2005,20.957
kaz,2006,20.962
kaz,2007,20.704
kaz,2008,19.933
kaz,2009,18.646
kaz,2010,17.192
kaz,2011,15.874
kaz,2012,14.728
kaz,2013,13.707
kaz,2014,12.792
kaz,2015,11.995
kaz,2016,11.325
kaz,2017,10.791
kaz,2018,10.405
kaz,2019,10.148
kaz,2020,9.9633
kaz,2021,9.7959
kaz,2022,9.6220
kaz,2023,9.4307
kaz,2024,9.2194
ken,1991,38.414
ken,1992,39.728
ken,1993,40.912
ken,1994,41.966
ken,1995,42.842
ken,1996,43.517
ken,1997,43.931
ken,1998,44.108
ken,1999,44.002
ken,2000,43.574
ken,2001,42.920
ken,2002,42.023
ken,2003,40.960
ken,2004,39.723
ken,2005,38.418
ken,2006,37.076
ken,2007,35.718
ken,2008,34.397
ken,2009,33.113
ken,2010,31.821
ken,2011,30.536
ken,2012,29.306
ken,2013,28.076
ken,2014,26.870
ken,2015,25.781
ken,2016,24.827
ken,2017,23.872
ken,2018,23.018
ken,2019,22.271
ken,2020,21.561
ken,2021,20.843
ken,2022,20.160
ken,2023,19.563
ken,2024,19.050
kgz,1991,16.962
kgz,1992,16.984
kgz,1993,17.043
kgz,1994,17.129
kgz,1995,17.188
kgz,1996,17.153
kgz,1997,16.980
kgz,1998,16.643
kgz,1999,16.153
kgz,2000,15.578
kgz,2001,14.981
kgz,2002,14.391
kgz,2003,13.815
kgz,2004,13.279
kgz,2005,12.831
kgz,2006,12.508
kgz,2007,12.286
kgz,2008,12.106
kgz,2009,11.932
kgz,2010,11.729
kgz,2011,11.485
kgz,2012,11.218
kgz,2013,10.963
kgz,2014,10.737
kgz,2015,10.525
kgz,2016,10.308
kgz,2017,10.092
kgz,2018,9.8934
kgz,2019,9.7183
kgz,2020,9.5714
kgz,2021,9.4493
kgz,2022,9.3350
kgz,2023,9.1956
kgz,2024,9.0204
khm,1991,67.003
khm,1992,64.122
khm,1993,61.271
khm,1994,58.388
khm,1995,55.459
khm,1996,52.414
khm,1997,49.321
khm,1998,46.107
khm,1999,42.875
khm,2000,39.677
khm,2001,36.629
khm,2002,33.776
khm,2003,31.160
khm,2004,28.827
khm,2005,26.772
khm,2006,25.005
khm,2007,23.465
khm,2008,22.135
khm,2009,20.951
khm,2010,19.860
khm,2011,18.883
khm,2012,17.971
khm,2013,17.171
khm,2014,16.489
khm,2015,15.943
khm,2016,15.528
khm,2017,15.194
khm,2018,14.929
khm,2019,14.687
khm,2020,14.458
khm,2021,14.278
khm,2022,14.046
khm,2023,13.784
khm,2024,13.511
kir,1991,36.609
kir,1992,35.692
kir,1993,34.805
kir,1994,33.984
kir,1995,33.279
kir,1996,32.646
kir,1997,32.066
kir,1998,31.508
kir,1999,30.952
kir,2000,30.395
kir,2001,29.850
kir,2002,29.335
kir,2003,28.901
kir,2004,28.579
kir,2005,28.366
kir,2006,28.210
kir,2007,28.078
kir,2008,27.952
kir,2009,27.787
kir,2010,27.619
kir,2011,27.458
kir,2012,27.374
kir,2013,27.339
kir,2014,27.390
kir,2015,27.522
kir,2016,27.675
kir,2017,27.851
kir,2018,27.953
kir,2019,27.944
kir,2020,27.788
kir,2021,27.572
kir,2022,27.279
kir,2023,26.935
kir,2024,26.535
kna,1991,11.508
kna,1992,12.070
kna,1993,12.696
kna,1994,13.403
kna,1995,14.143
kna,1996,14.880
kna,1997,15.533
kna,1998,16.081
kna,1999,16.452
kna,2000,16.674
kna,2001,16.733
kna,2002,16.779
kna,2003,16.826
kna,2004,16.903
kna,2005,17.059
kna,2006,17.301
kna,2007,17.636
kna,2008,18.040
kna,2009,18.510
kna,2010,19.020
kna,2011,19.517
kna,2012,19.955
kna,2013,20.342
kna,2014,20.688
kna,2015,20.953
kna,2016,21.079
kna,2017,21.081
kna,2018,20.914
kna,2019,20.672
kna,2020,20.399
kna,2021,20.063
kna,2022,19.706
kna,2023,19.349
kna,2024,19.031
kor,1991,13.242
kor,1992,12.850
kor,1993,12.451
kor,1994,12.140
kor,1995,12.001
kor,1996,11.861
kor,1997,11.442
kor,1998,10.634
kor,1999,9.6311
kor,2000,8.6220
kor,2001,7.7280
kor,2002,7.0157
kor,2003,6.4879
kor,2004,6.0812
kor,2005,5.7462
kor,2006,5.4904
kor,2007,5.3418
kor,2008,5.2898
kor,2009,5.2439
kor,2010,5.1138
kor,2011,4.8899
kor,2012,4.6060
kor,2013,4.3019
kor,2014,4.0221
kor,2015,3.7971
kor,2016,3.6356
kor,2017,3.5420
kor,2018,3.5117
kor,2019,3.5287
kor,2020,3.5777
kor,2021,3.6445
kor,2022,3.7142
kor,2023,3.7741
kor,2024,3.8123
kwt,1991,19.894
kwt,1992,20.070
kwt,1993,10.292
kwt,1994,10.281
kwt,1995,10.158
kwt,1996,9.9772
kwt,1997,9.7699
kwt,1998,9.5607
kwt,1999,9.3633
kwt,2000,9.1640
kwt,2001,8.9575
kwt,2002,8.7475
kwt,2003,8.5442
kwt,2004,8.3591
kwt,2005,8.1889
kwt,2006,8.0271
kwt,2007,7.8504
kwt,2008,7.6584
kwt,2009,7.4528
kwt,2010,7.2544
kwt,2011,7.0842
kwt,2012,6.9557
kwt,2013,6.8693
kwt,2014,6.8348
kwt,2015,6.8534
kwt,2016,6.9116
kwt,2017,6.9734
kwt,2018,6.9784
kwt,2019,6.8850
kwt,2020,6.7047
kwt,2021,6.4627
kwt,2022,6.1774
kwt,2023,5.8659
kwt,2024,5.5538
lao,1991,66.536
lao,1992,64.261
lao,1993,62.066
lao,1994,60.133
lao,1995,58.342
lao,1996,56.598
lao,1997,54.929
lao,1998,53.357
lao,1999,51.789
lao,2000,50.180
lao,2001,48.588
lao,2002,46.970
lao,2003,45.368
lao,2004,43.673
lao,2005,41.941
lao,2006,40.095
lao,2007,38.171
lao,2008,36.275
lao,2009,34.378
lao,2010,32.515
lao,2011,30.671
lao,2012,28.903
lao,2013,27.128
lao,2014,25.408
lao,2015,23.839
lao,2016,22.477
lao,2017,21.350
lao,2018,20.448
lao,2019,19.715
lao,2020,19.139
lao,2021,18.627
lao,2022,18.154
lao,2023,17.737
lao,2024,17.354
lbn,1991,45.175
lbn,1992,14.933
lbn,1993,14.523
lbn,1994,14.147
lbn,1995,13.780
lbn,1996,13.437
lbn,1997,13.096
lbn,1998,12.765
lbn,1999,12.439
lbn,2000,12.106
lbn,2001,11.771
lbn,2002,11.430
lbn,2003,11.087
lbn,2004,10.755
lbn,2005,10.434
lbn,2006,10.143
lbn,2007,13.505
lbn,2008,9.6565
lbn,2009,9.4678
lbn,2010,9.3219
lbn,2011,9.2146
lbn,2012,9.1474
lbn,2013,9.1118
lbn,2014,9.1195
lbn,2015,9.1636
lbn,2016,9.2415
lbn,2017,9.3619
lbn,2018,9.5235
lbn,2019,9.7288
lbn,2020,9.9721
lbn,2021,10.253
lbn,2022,10.567
lbn,2023,10.906
lbn,2024,11.249
lbr,1991,138.52
lbr,1992,66.832
lbr,1993,74.484
lbr,1994,80.512
lbr,1995,88.050
lbr,1996,77.591
lbr,1997,80.621
lbr,1998,64.215
lbr,1999,63.336
lbr,2000,62.312
lbr,2001,61.167
lbr,2002,59.884
lbr,2003,58.594
lbr,2004,69.673
lbr,2005,55.851
lbr,2006,54.465
lbr,2007,53.071
lbr,2008,51.774
lbr,2009,50.560
lbr,2010,49.445
lbr,2011,48.456
lbr,2012,47.620
lbr,2013,46.933
lbr,2014,46.408
lbr,2015,48.630
lbr,2016,52.138
lbr,2017,45.416
lbr,2018,45.185
lbr,2019,44.911
lbr,2020,44.553
lbr,2021,43.860
lbr,2022,43.209
lbr,2023,42.402
lbr,2024,41.647
lby,1991,17.470
lby,1992,17.005
lby,1993,16.534
lby,1994,16.059
lby,1995,15.577
lby,1996,15.116
lby,1997,14.681
lby,1998,14.286
lby,1999,13.935
lby,2000,13.618
lby,2001,13.325
lby,2002,13.059
lby,2003,12.807
lby,2004,12.560
lby,2005,12.304
lby,2006,12.023
lby,2007,11.709
lby,2008,11.380
lby,2009,11.056
lby,2010,10.767
lby,2011,10.511
lby,2012,20.875
lby,2013,11.257
lby,2014,10.626
lby,2015,16.780
lby,2016,15.834
lby,2017,16.070
lby,2018,12.456
lby,2019,11.071
lby,2020,13.091
lby,2021,11.500
lby,2022,8.4723
lby,2023,8.3230
lby,2024,37.081
lca,1991,14.356
lca,1992,14.230
lca,1993,14.143
lca,1994,14.081
lca,1995,14.028
lca,1996,13.978
lca,1997,13.929
lca,1998,13.882
lca,1999,13.858
lca,2000,13.831
lca,2001,13.785
lca,2002,13.717
lca,2003,13.602
lca,2004,13.441
lca,2005,13.255
lca,2006,13.057
lca,2007,12.859
lca,2008,12.670
lca,2009,12.486
lca,2010,12.321
lca,2011,12.163
lca,2012,12.021
lca,2013,11.909
lca,2014,11.850
lca,2015,11.868
lca,2016,11.997
lca,2017,12.217
lca,2018,12.544
lca,2019,12.944
lca,2020,13.417
lca,2021,13.940
lca,2022,14.405
lca,2023,14.708
lca,2024,14.753
lka,1991,30.926
lka,1992,31.158
lka,1993,28.092
lka,1994,23.654
lka,1995,22.689
lka,1996,25.629
lka,1997,24.097
lka,1998,24.011
lka,1999,23.604
lka,2000,22.660
lka,2001,22.114
lka,2002,18.109
lka,2003,16.681
lka,2004,15.272
lka,2005,40.321
lka,2006,13.458
lka,2007,16.216
lka,2008,17.035
lka,2009,22.206
lka,2010,31.259
lka,2011,15.783
lka,2012,14.404
lka,2013,12.315
lka,2014,10.297
lka,2015,8.6970
lka,2016,7.5436
lka,2017,6.8039
lka,2018,6.3503
lka,2019,6.0506
lka,2020,5.8221
lka,2021,5.6504
lka,2022,5.4979
lka,2023,5.3559
lka,2024,5.2400
lso,1991,44.314
lso,1992,45.133
lso,1993,46.129
lso,1994,47.172
lso,1995,48.295
lso,1996,49.558
lso,1997,50.923
lso,1998,52.296
lso,1999,53.640
lso,2000,54.913
lso,2001,55.896
lso,2002,56.560
lso,2003,56.773
lso,2004,56.536
lso,2005,55.794
lso,2006,54.705
lso,2007,53.344
lso,2008,51.726
lso,2009,49.933
lso,2010,47.959
lso,2011,45.895
lso,2012,43.767
lso,2013,41.540
lso,2014,39.279
lso,2015,36.985
lso,2016,34.581
lso,2017,32.175
lso,2018,29.772
lso,2019,27.407
lso,2020,25.110
lso,2021,22.943
lso,2022,21.036
lso,2023,19.403
lso,2024,18.234
ltu,1991,16.422
ltu,1992,16.992
ltu,1993,17.443
ltu,1994,17.651
ltu,1995,17.590
ltu,1996,17.257
ltu,1997,16.758
ltu,1998,16.247
ltu,1999,15.819
ltu,2000,15.464
ltu,2001,15.180
ltu,2002,14.927
ltu,2003,14.657
ltu,2004,14.356
ltu,2005,14.065
ltu,2006,13.814
ltu,2007,13.544
ltu,2008,13.174
ltu,2009,12.668
ltu,2010,12.078
ltu,2011,11.457
ltu,2012,10.847
ltu,2013,10.268
ltu,2014,9.7268
ltu,2015,9.1943
ltu,2016,8.6578
ltu,2017,8.1515
ltu,2018,7.7101
ltu,2019,7.3467
ltu,2020,7.0245
ltu,2021,6.7118
ltu,2022,6.3966
ltu,2023,6.0729
ltu,2024,5.7514
lux,1991,11.315
lux,1992,11.056
lux,1993,10.706
lux,1994,10.242
lux,1995,9.6941
lux,1996,9.0790
lux,1997,8.4181
lux,1998,7.7548
lux,1999,7.1304
lux,2000,6.5808
lux,2001,6.0997
lux,2002,5.6944
lux,2003,5.3524
lux,2004,5.0570
lux,2005,4.7977
lux,2006,4.5661
lux,2007,4.3523
lux,2008,4.1424
lux,2009,3.9406
lux,2010,3.7434
lux,2011,3.5514
lux,2012,3.3671
lux,2013,3.1939
lux,2014,3.0356
lux,2015,2.8979
lux,2016,2.7820
lux,2017,2.6895
lux,2018,2.6187
lux,2019,2.5674
lux,2020,2.5302
lux,2021,2.5003
lux,2022,2.4722
lux,2023,2.4460
lux,2024,2.4168
lva,1991,19.305
lva,1992,19.986
lva,1993,20.459
lva,1994,20.604
lva,1995,20.390
lva,1996,19.823
lva,1997,19.027
lva,1998,18.173
lva,1999,17.345
lva,2000,16.558
lva,2001,15.781
lva,2002,15.022
lva,2003,14.275
lva,2004,13.547
lva,2005,12.861
lva,2006,12.223
lva,2007,11.617
lva,2008,11.028
lva,2009,10.446
lva,2010,9.8776
lva,2011,9.3349
lva,2012,8.8504
lva,2013,8.4578
lva,2014,8.1703
lva,2015,7.9596
lva,2016,7.8046
lva,2017,7.6790
lva,2018,7.5396
lva,2019,7.3693
lva,2020,7.1510
lva,2021,6.8839
lva,2022,6.5849
lva,2023,6.2711
lva,2024,5.9727
mar,1991,20.993
mar,1992,20.176
mar,1993,19.408
mar,1994,18.661
mar,1995,17.938
mar,1996,17.225
mar,1997,16.522
mar,1998,15.828
mar,1999,15.139
mar,2000,14.481
mar,2001,13.850
mar,2002,13.271
mar,2003,12.741
mar,2004,12.244
mar,2005,11.794
mar,2006,11.385
mar,2007,10.997
mar,2008,10.646
mar,2009,10.313
mar,2010,10.000
mar,2011,9.7057
mar,2012,9.4266
mar,2013,9.1550
mar,2014,8.9189
mar,2015,8.7151
mar,2016,8.5356
mar,2017,8.3360
mar,2018,8.1582
mar,2019,7.9533
mar,2020,7.7785
mar,2021,7.6375
mar,2022,7.4546
mar,2023,7.3013
mar,2024,8.2476
mco,1991,8.0454
mco,1992,7.7993
mco,1993,7.5618
mco,1994,7.3313
mco,1995,7.1156
mco,1996,6.9058
mco,1997,6.7101
mco,1998,6.5256
mco,1999,6.3496
mco,2000,6.1890
mco,2001,6.0427
mco,2002,5.9057
mco,2003,5.7823
mco,2004,5.6726
mco,2005,5.5699
mco,2006,5.4746
mco,2007,5.3822
mco,2008,5.2966
mco,2009,5.2108
mco,2010,5.1282
mco,2011,5.0487
mco,2012,4.9692
mco,2013,4.8872
mco,2014,4.8041
mco,2015,4.7207
mco,2016,4.6295
mco,2017,4.5359
mco,2018,4.4416
mco,2019,4.3452
mco,2020,4.2514
mco,2021,4.1537
mco,2022,4.0636
mco,2023,3.9718
mco,2024,3.8808
mda,1991,18.011
mda,1992,17.741
mda,1993,19.632
mda,1994,17.182
mda,1995,16.810
mda,1996,16.300
mda,1997,15.695
mda,1998,15.064
mda,1999,14.453
mda,2000,13.848
mda,2001,13.240
mda,2002,12.650
mda,2003,12.105
mda,2004,11.623
mda,2005,11.222
mda,2006,10.909
mda,2007,10.657
mda,2008,10.437
mda,2009,10.219
mda,2010,10.004
mda,2011,9.7942
mda,2012,9.6118
mda,2013,9.4795
mda,2014,9.4083
mda,2015,9.3854
mda,2016,9.4009
mda,2017,9.4364
mda,2018,9.4789
mda,2019,9.5133
mda,2020,9.5359
mda,2021,9.5342
mda,2022,9.5160
mda,2023,9.4783
mda,2024,9.4186
mdg,1991,65.762
mdg,1992,63.469
mdg,1993,61.346
mdg,1994,59.351
mdg,1995,57.605
mdg,1996,56.056
mdg,1997,54.632
mdg,1998,53.348
mdg,1999,52.113
mdg,2000,50.980
mdg,2001,49.870
mdg,2002,48.801
mdg,2003,47.734
mdg,2004,46.704
mdg,2005,45.654
mdg,2006,44.618
mdg,2007,43.559
mdg,2008,42.487
mdg,2009,41.418
mdg,2010,40.390
mdg,2011,39.375
mdg,2012,38.473
mdg,2013,37.658
mdg,2014,36.946
mdg,2015,36.315
mdg,2016,35.827
mdg,2017,35.451
mdg,2018,35.270
mdg,2019,35.189
mdg,2020,35.207
mdg,2021,35.183
mdg,2022,35.099
mdg,2023,34.856
mdg,2024,34.427
mdv,1991,21.091
mdv,1992,19.452
mdv,1993,18.047
mdv,1994,16.822
mdv,1995,15.751
mdv,1996,14.818
mdv,1997,13.963
mdv,1998,13.188
mdv,1999,12.466
mdv,2000,11.803
mdv,2001,11.200
mdv,2002,10.662
mdv,2003,10.210
mdv,2004,9.8656
mdv,2005,14.987
mdv,2006,9.4535
mdv,2007,9.3725
mdv,2008,9.3371
mdv,2009,9.3157
mdv,2010,9.2855
mdv,2011,9.2123
mdv,2012,9.0796
mdv,2013,8.8957
mdv,2014,8.6414
mdv,2015,8.3312
mdv,2016,7.9637
mdv,2017,7.5450
mdv,2018,7.1025
mdv,2019,6.6562
mdv,2020,6.2157
mdv,2021,5.7909
mdv,2022,5.4073
mdv,2023,5.0821
mdv,2024,4.8240
mex,1991,16.656
mex,1992,16.044
mex,1993,15.471
mex,1994,14.935
mex,1995,14.500
mex,1996,14.219
mex,1997,14.001
mex,1998,13.696
mex,1999,13.252
mex,2000,12.779
mex,2001,12.380
mex,2002,12.074
mex,2003,11.839
mex,2004,11.664
mex,2005,11.545
mex,2006,11.495
mex,2007,11.583
mex,2008,11.924
mex,2009,12.543
mex,2010,13.201
mex,2011,13.607
mex,2012,13.611
mex,2013,13.221
mex,2014,12.582
mex,2015,12.068
mex,2016,11.972
mex,2017,12.242
mex,2018,12.672
mex,2019,13.091
mex,2020,13.708
mex,2021,14.001
mex,2022,14.064
mex,2023,13.770
mex,2024,13.101
mhl,1991,24.140
mhl,1992,23.583
mhl,1993,23.066
mhl,1994,22.628
mhl,1995,22.327
mhl,1996,22.161
mhl,1997,22.112
mhl,1998,22.156
mhl,1999,22.285
mhl,2000,22.403
mhl,2001,22.471
mhl,2002,22.483
mhl,2003,22.442
mhl,2004,22.359
mhl,2005,22.248
mhl,2006,22.122
mhl,2007,21.983
mhl,2008,21.846
mhl,2009,21.705
mhl,2010,21.555
mhl,2011,21.426
mhl,2012,21.256
mhl,2013,21.031
mhl,2014,20.779
mhl,2015,20.477
mhl,2016,20.145
mhl,2017,19.828
mhl,2018,19.482
mhl,2019,19.140
mhl,2020,18.797
mhl,2021,18.467
mhl,2022,18.096
mhl,2023,17.756
mhl,2024,17.393
mkd,1991,8.8198
mkd,1992,8.9860
mkd,1993,9.0060
mkd,1994,8.8926
mkd,1995,8.7040
mkd,1996,8.5278
mkd,1997,8.3728
mkd,1998,8.2403
mkd,1999,8.1184
mkd,2000,7.9767
mkd,2001,7.7995
mkd,2002,7.5739
mkd,2003,7.2949
mkd,2004,6.9710
mkd,2005,6.6481
mkd,2006,6.3618
mkd,2007,6.1133
mkd,2008,5.8807
mkd,2009,5.6540
mkd,2010,5.4367
mkd,2011,5.2396
mkd,2012,5.0728
mkd,2013,4.9412
mkd,2014,4.8510
mkd,2015,4.7854
mkd,2016,4.7302
mkd,2017,4.6918
mkd,2018,4.6824
mkd,2019,4.7095
mkd,2020,4.7748
mkd,2021,4.8738
mkd,2022,5.0110
mkd,2023,5.1689
mkd,2024,5.3124
mli,1991,73.638
mli,1992,72.264
mli,1993,70.919
mli,1994,69.606
mli,1995,68.346
mli,1996,67.114
mli,1997,65.862
mli,1998,64.596
mli,1999,63.248
mli,2000,61.898
mli,2001,60.578
mli,2002,59.235
mli,2003,57.865
mli,2004,56.478
mli,2005,55.173
mli,2006,53.899
mli,2007,52.670
mli,2008,51.493
mli,2009,50.391
mli,2010,49.360
mli,2011,48.455
mli,2012,47.653
mli,2013,46.917
mli,2014,46.220
mli,2015,45.577
mli,2016,44.947
mli,2017,44.319
mli,2018,43.674
mli,2019,42.963
mli,2020,42.219
mli,2021,41.425
mli,2022,40.612
mli,2023,42.506
mli,2024,41.406
mlt,1991,5.7756
mlt,1992,5.8076
mlt,1993,5.8304
mlt,1994,5.8381
mlt,1995,5.8311
mlt,1996,5.8119
mlt,1997,5.7770
mlt,1998,5.7279
mlt,1999,5.6668
mlt,2000,5.5936
mlt,2001,5.5045
mlt,2002,5.4025
mlt,2003,5.2983
mlt,2004,5.1881
mlt,2005,5.0637
mlt,2006,4.9289
mlt,2007,4.7899
mlt,2008,4.6444
mlt,2009,4.5015
mlt,2010,4.3615
mlt,2011,4.2188
mlt,2012,4.0827
mlt,2013,3.9537
mlt,2014,3.8359
mlt,2015,3.7274
mlt,2016,3.6353
mlt,2017,3.5553
mlt,2018,3.4907
mlt,2019,3.4407
mlt,2020,3.4066
mlt,2021,3.3845
mlt,2022,3.3732
mlt,2023,3.3652
mlt,2024,3.3507
mmr,1991,54.301
mmr,1992,53.624
mmr,1993,52.992
mmr,1994,52.054
mmr,1995,51.060
mmr,1996,49.858
mmr,1997,48.704
mmr,1998,47.391
mmr,1999,46.040
mmr,2000,44.630
mmr,2001,43.109
mmr,2002,41.538
mmr,2003,39.884
mmr,2004,38.199
mmr,2005,36.380
mmr,2006,34.422
mmr,2007,32.364
mmr,2008,30.187
mmr,2009,72.640
mmr,2010,25.948
mmr,2011,23.869
mmr,2012,21.909
mmr,2013,20.033
mmr,2014,18.292
mmr,2015,16.850
mmr,2016,15.746
mmr,2017,14.951
mmr,2018,14.383
mmr,2019,13.885
mmr,2020,13.502
mmr,2021,13.143
mmr,2022,14.923
mmr,2023,16.428
mmr,2024,15.397
mne,1991,8.9113
mne,1992,8.7646
mne,1993,8.5711
mne,1994,8.3395
mne,1995,8.1176
mne,1996,7.9605
mne,1997,7.8721
mne,1998,7.8279
mne,1999,7.8216
mne,2000,7.8080
mne,2001,7.7567
mne,2002,7.6596
mne,2003,7.5304
mne,2004,7.3833
mne,2005,7.2026
mne,2006,6.9921
mne,2007,6.7460
mne,2008,6.4515
mne,2009,6.1189
mne,2010,5.7840
mne,2011,5.4675
mne,2012,5.1974
mne,2013,4.9907
mne,2014,4.8485
mne,2015,4.7587
mne,2016,4.7136
mne,2017,4.7086
mne,2018,4.7473
mne,2019,4.8299
mne,2020,4.9485
mne,2021,5.1116
mne,2022,5.3133
mne,2023,5.5502
mne,2024,5.7947
mng,1991,28.129
mng,1992,29.201
mng,1993,30.039
mng,1994,30.454
mng,1995,30.361
mng,1996,29.669
mng,1997,28.376
mng,1998,26.528
mng,1999,24.309
mng,2000,22.044
mng,2001,19.987
mng,2002,18.322
mng,2003,17.191
mng,2004,16.586
mng,2005,16.290
mng,2006,16.110
mng,2007,15.961
mng,2008,15.824
mng,2009,15.701
mng,2010,15.623
mng,2011,15.596
mng,2012,15.586
mng,2013,15.505
mng,2014,15.312
mng,2015,15.031
mng,2016,14.688
mng,2017,14.311
mng,2018,13.924
mng,2019,13.556
mng,2020,13.216
mng,2021,12.913
mng,2022,12.616
mng,2023,12.254
mng,2024,11.829
moz,1991,95.885
moz,1992,92.474
moz,1993,89.347
moz,1994,86.421
moz,1995,83.624
moz,1996,81.020
moz,1997,78.417
moz,1998,75.791
moz,1999,73.241
moz,2000,70.706
moz,2001,68.175
moz,2002,65.546
moz,2003,62.880
moz,2004,60.258
moz,2005,57.696
moz,2006,55.198
moz,2007,52.765
moz,2008,50.400
moz,2009,48.089
moz,2010,45.840
moz,2011,43.706
moz,2012,41.696
moz,2013,39.849
moz,2014,38.133
moz,2015,36.588
moz,2016,35.191
moz,2017,33.892
moz,2018,32.690
moz,2019,31.540
moz,2020,30.483
moz,2021,29.493
moz,2022,28.573
moz,2023,27.692
moz,2024,26.957
mrt,1991,39.873
mrt,1992,38.248
mrt,1993,36.743
mrt,1994,35.404
mrt,1995,34.207
mrt,1996,33.063
mrt,1997,31.991
mrt,1998,31.011
mrt,1999,30.113
mrt,2000,29.271
mrt,2001,28.529
mrt,2002,27.815
mrt,2003,27.159
mrt,2004,26.543
mrt,2005,25.941
mrt,2006,25.413
mrt,2007,24.956
mrt,2008,24.545
mrt,2009,24.207
mrt,2010,23.876
mrt,2011,23.576
mrt,2012,23.301
mrt,2013,23.084
mrt,2014,22.888
mrt,2015,22.758
mrt,2016,22.616
mrt,2017,22.518
mrt,2018,22.458
mrt,2019,22.366
mrt,2020,22.223
mrt,2021,21.954
mrt,2022,21.571
mrt,2023,21.175
mrt,2024,20.795
msr,1991,14.647
msr,1992,14.307
msr,1993,13.999
msr,1994,13.706
msr,1995,13.424
msr,1996,13.133
msr,1997,12.881
msr,1998,12.623
msr,1999,12.365
msr,2000,12.113
msr,2001,11.873
msr,2002,11.638
msr,2003,11.418
msr,2004,11.203
msr,2005,10.999
msr,2006,10.793
msr,2007,10.595
msr,2008,10.412
msr,2009,10.219
msr,2010,10.038
msr,2011,9.8602
msr,2012,9.6851
msr,2013,9.5129
msr,2014,9.3332
msr,2015,9.1648
msr,2016,8.9888
msr,2017,8.8232
msr,2018,8.6771
msr,2019,8.5180
msr,2020,8.3475
msr,2021,8.2193
msr,2022,8.0745
msr,2023,7.9312
msr,2024,7.7948
mus,1991,11.962
mus,1992,11.882
mus,1993,11.777
mus,1994,11.624
mus,1995,11.425
mus,1996,11.188
mus,1997,10.922
mus,1998,10.641
mus,1999,10.373
mus,2000,10.121
mus,2001,9.8994
mus,2002,9.7096
mus,2003,9.5576
mus,2004,9.4451
mus,2005,9.3605
mus,2006,9.3079
mus,2007,9.2792
mus,2008,9.2655
mus,2009,9.2604
mus,2010,9.2574
mus,2011,9.2614
mus,2012,9.2728
mus,2013,9.2911
mus,2014,9.3153
mus,2015,9.3525
mus,2016,9.3935
mus,2017,9.4323
mus,2018,9.4617
mus,2019,9.4705
mus,2020,9.4585
mus,2021,9.4146
mus,2022,9.3492
mus,2023,9.2627
mus,2024,9.1687
mwi,1991,75.741
mwi,1992,75.609
mwi,1993,75.785
mwi,1994,76.247
mwi,1995,76.794
mwi,1996,77.354
mwi,1997,77.663
mwi,1998,77.472
mwi,1999,76.574
mwi,2000,74.951
mwi,2001,72.646
mwi,2002,69.771
mwi,2003,66.586
mwi,2004,63.356
mwi,2005,60.267
mwi,2006,57.289
mwi,2007,54.524
mwi,2008,51.959
mwi,2009,49.605
mwi,2010,47.458
mwi,2011,45.442
mwi,2012,43.475
mwi,2013,41.536
mwi,2014,39.688
mwi,2015,37.944
mwi,2016,36.352
mwi,2017,34.916
mwi,2018,33.561
mwi,2019,32.313
mwi,2020,31.184
mwi,2021,30.237
mwi,2022,29.452
mwi,2023,28.735
mwi,2024,28.045
mys,1991,16.279
mys,1992,15.328
mys,1993,14.696
mys,1994,14.504
mys,1995,14.607
mys,1996,14.689
mys,1997,14.544
mys,1998,14.147
mys,1999,13.551
mys,2000,12.929
mys,2001,12.492
mys,2002,12.297
mys,2003,12.145
mys,2004,11.849
mys,2005,11.410
mys,2006,10.940
mys,2007,10.525
mys,2008,10.237
mys,2009,10.128
mys,2010,10.123
mys,2011,10.088
mys,2012,9.9541
mys,2013,9.8074
mys,2014,9.7243
mys,2015,9.7076
mys,2016,9.7183
mys,2017,9.6780
mys,2018,9.4258
mys,2019,8.8515
mys,2020,8.1479
mys,2021,7.5900
mys,2022,7.2897
mys,2023,7.1352
mys,2024,6.9976
nam,1991,41.093
nam,1992,40.774
nam,1993,40.629
nam,1994,40.659
nam,1995,40.801
nam,1996,41.122
nam,1997,41.479
nam,1998,41.952
nam,1999,42.511
nam,2000,43.089
nam,2001,43.642
nam,2002,44.077
nam,2003,44.324
nam,2004,44.316
nam,2005,44.044
nam,2006,43.564
nam,2007,42.940
nam,2008,42.227
nam,2009,41.467
nam,2010,40.756
nam,2011,40.014
nam,2012,39.284
nam,2013,38.538
nam,2014,37.720
nam,2015,36.826
nam,2016,35.789
nam,2017,34.633
nam,2018,33.382
nam,2019,31.968
nam,2020,30.489
nam,2021,28.969
nam,2022,27.463
nam,2023,25.966
nam,2024,24.663
ner,1991,99.181
ner,1992,97.453
ner,1993,95.836
ner,1994,94.282
ner,1995,92.775
ner,1996,91.344
ner,1997,89.954
ner,1998,88.554
ner,1999,87.194
ner,2000,85.785
ner,2001,84.328
ner,2002,82.813
ner,2003,81.200
ner,2004,79.576
ner,2005,77.922
ner,2006,76.299
ner,2007,74.685
ner,2008,73.157
ner,2009,71.640
ner,2010,70.205
ner,2011,68.818
ner,2012,67.481
ner,2013,66.218
ner,2014,65.024
ner,2015,63.999
ner,2016,62.947
ner,2017,61.819
ner,2018,60.766
ner,2019,59.637
ner,2020,58.496
ner,2021,57.399
ner,2022,56.328
ner,2023,55.232
ner,2024,54.159
nga,1991,73.723
nga,1992,72.147
nga,1993,70.605
nga,1994,69.068
nga,1995,67.524
nga,1996,66.024
nga,1997,64.504
nga,1998,62.998
nga,1999,61.473
nga,2000,59.972
nga,2001,58.555
nga,2002,57.181
nga,2003,55.841
nga,2004,54.557
nga,2005,53.345
nga,2006,52.161
nga,2007,51.012
nga,2008,49.818
nga,2009,48.678
nga,2010,47.577
nga,2011,46.496
nga,2012,45.491
nga,2013,44.511
nga,2014,43.564
nga,2015,42.606
nga,2016,41.674
nga,2017,40.742
nga,2018,39.842
nga,2019,38.972
nga,2020,38.145
nga,2021,37.324
nga,2022,36.512
nga,2023,35.700
nga,2024,34.865
nic,1991,29.596
nic,1992,26.834
nic,1993,26.194
nic,1994,25.534
nic,1995,24.874
nic,1996,24.216
nic,1997,23.567
nic,1998,22.924
nic,1999,32.424
nic,2000,21.689
nic,2001,21.104
nic,2002,20.542
nic,2003,20.002
nic,2004,19.491
nic,2005,18.988
nic,2006,18.516
nic,2007,18.061
nic,2008,17.631
nic,2009,17.202
nic,2010,16.776
nic,2011,16.366
nic,2012,15.965
nic,2013,15.588
nic,2014,15.212
nic,2015,14.855
nic,2016,14.506
nic,2017,14.163
nic,2018,13.840
nic,2019,13.512
nic,2020,13.209
nic,2021,12.915
nic,2022,12.615
nic,2023,12.344
nic,2024,12.094
niu,1991,16.355
niu,1992,16.489
niu,1993,16.636
niu,1994,16.834
niu,1995,17.080
niu,1996,17.368
niu,1997,17.688
niu,1998,18.033
niu,1999,18.392
niu,2000,18.738
niu,2001,19.066
niu,2002,19.403
niu,2003,19.711
niu,2004,20.018
niu,2005,20.305
niu,2006,20.531
niu,2007,20.626
niu,2008,20.609
niu,2009,20.474
niu,2010,20.287
niu,2011,20.041
niu,2012,19.738
niu,2013,19.397
niu,2014,19.098
niu,2015,18.770
niu,2016,18.427
niu,2017,18.066
niu,2018,17.751
niu,2019,17.431
niu,2020,17.089
niu,2021,16.770
niu,2022,16.444
niu,2023,16.133
niu,2024,15.836
nld,1991,6.3724
nld,1992,6.2860
nld,1993,6.1970
nld,1994,6.1101
nld,1995,6.0241
nld,1996,5.9384
nld,1997,5.8553
nld,1998,5.7771
nld,1999,5.6973
nld,2000,5.5992
nld,2001,5.4696
nld,2002,5.3001
nld,2003,5.0882
nld,2004,4.8460
nld,2005,4.5983
nld,2006,4.3682
nld,2007,4.1631
nld,2008,3.9828
nld,2009,3.8269
nld,2010,3.6916
nld,2011,3.5726
nld,2012,3.4676
nld,2013,3.3766
nld,2014,3.2983
nld,2015,3.2375
nld,2016,3.1964
nld,2017,3.1728
nld,2018,3.1656
nld,2019,3.1720
nld,2020,3.1929
nld,2021,3.2277
nld,2022,3.2740
nld,2023,3.3314
nld,2024,3.3886
nor,1991,7.8949
nor,1992,7.5920
nor,1993,7.3288
nor,1994,7.1110
nor,1995,6.9577
nor,1996,6.8809
nor,1997,6.8918
nor,1998,6.9880
nor,1999,7.1581
nor,2000,7.3221
nor,2001,7.3892
nor,2002,7.3247
nor,2003,7.1464
nor,2004,6.8795
nor,2005,6.5791
nor,2006,6.2878
nor,2007,6.0313
nor,2008,5.8258
nor,2009,5.6539
nor,2010,5.4794
nor,2011,5.2511
nor,2012,4.9697
nor,2013,4.6609
nor,2014,4.3556
nor,2015,4.1035
nor,2016,3.9360
nor,2017,3.8435
nor,2018,3.8073
nor,2019,3.8052
nor,2020,3.8195
nor,2021,3.8350
nor,2022,3.8536
nor,2023,3.8845
nor,2024,3.9298
npl,1991,45.291
npl,1992,43.513
npl,1993,41.712
npl,1994,39.953
npl,1995,38.188
npl,1996,36.438
npl,1997,34.737
npl,1998,33.039
npl,1999,31.411
npl,2000,29.853
npl,2001,28.397
npl,2002,27.057
npl,2003,28.419
npl,2004,24.669
npl,2005,25.105
npl,2006,22.707
npl,2007,21.850
npl,2008,21.079
npl,2009,20.396
npl,2010,19.762
npl,2011,19.216
npl,2012,18.711
npl,2013,18.209
npl,2014,17.733
npl,2015,17.265
npl,2016,21.753
npl,2017,16.390
npl,2018,15.974
npl,2019,15.586
npl,2020,15.216
npl,2021,14.845
npl,2022,14.513
npl,2023,14.170
npl,2024,13.852
nru,1991,30.077
nru,1992,29.137
nru,1993,28.208
nru,1994,27.274
nru,1995,26.404
nru,1996,25.577
nru,1997,24.793
nru,1998,24.053
nru,1999,23.346
nru,2000,22.685
nru,2001,22.067
nru,2002,21.504
nru,2003,20.968
nru,2004,20.465
nru,2005,20.010
nru,2006,19.571
nru,2007,19.122
nru,2008,18.633
nru,2009,18.078
nru,2010,17.456
nru,2011,16.770
nru,2012,16.048
nru,2013,15.299
nru,2014,14.535
nru,2015,13.770
nru,2016,13.022
nru,2017,12.311
nru,2018,11.638
nru,2019,10.999
nru,2020,10.390
nru,2021,9.8470
nru,2022,9.3709
nru,2023,8.9697
nru,2024,8.6336
nzl,1991,13.852
nzl,1992,13.330
nzl,1993,12.781
nzl,1994,12.310
nzl,1995,11.912
nzl,1996,11.542
nzl,1997,11.161
nzl,1998,10.747
nzl,1999,10.284
nzl,2000,9.8189
nzl,2001,9.4019
nzl,2002,9.0627
nzl,2003,8.7987
nzl,2004,8.5882
nzl,2005,8.4197
nzl,2006,8.2672
nzl,2007,8.1158
nzl,2008,7.9545
nzl,2009,7.7837
nzl,2010,7.5867
nzl,2011,7.3460
nzl,2012,7.0695
nzl,2013,6.7817
nzl,2014,6.5078
nzl,2015,6.2814
nzl,2016,6.1278
nzl,2017,6.0533
nzl,2018,6.0142
nzl,2019,5.9676
nzl,2020,5.9077
nzl,2021,5.8259
nzl,2022,5.7290
nzl,2023,5.6255
nzl,2024,5.5146
omn,1991,17.334
omn,1992,16.347
omn,1993,15.427
omn,1994,14.569
omn,1995,13.796
omn,1996,13.108
omn,1997,12.496
omn,1998,11.941
omn,1999,11.446
omn,2000,10.988
omn,2001,10.576
omn,2002,10.210
omn,2003,9.8961
omn,2004,9.6339
omn,2005,9.4211
omn,2006,9.2515
omn,2007,9.1201
omn,2008,9.4108
omn,2009,8.9459
omn,2010,8.8863
omn,2011,8.8349
omn,2012,8.7830
omn,2013,8.7280
omn,2014,8.6784
omn,2015,8.6408
omn,2016,8.6155
omn,2017,8.5877
omn,2018,8.5545
omn,2019,8.5171
omn,2020,8.4725
omn,2021,8.4292
omn,2022,8.3873
omn,2023,8.3484
omn,2024,8.2976
pak,1991,34.784
pak,1992,34.359
pak,1993,33.938
pak,1994,33.394
pak,1995,32.745
pak,1996,31.973
pak,1997,31.110
pak,1998,30.221
pak,1999,29.318
pak,2000,28.430
pak,2001,27.560
pak,2002,26.733
pak,2003,25.923
pak,2004,25.215
pak,2005,24.586
pak,2006,30.560
pak,2007,23.634
pak,2008,23.246
pak,2009,22.874
pak,2010,22.511
pak,2011,22.153
pak,2012,21.777
pak,2013,21.443
pak,2014,21.038
pak,2015,20.681
pak,2016,20.299
pak,2017,19.944
pak,2018,19.569
pak,2019,19.196
pak,2020,18.886
pak,2021,18.503
pak,2022,18.138
pak,2023,17.749
pak,2024,17.405
pan,1991,16.012
pan,1992,16.199
pan,1993,16.472
pan,1994,16.705
pan,1995,16.770
pan,1996,16.630
pan,1997,16.312
pan,1998,15.849
pan,1999,15.313
pan,2000,14.776
pan,2001,14.283
pan,2002,13.890
pan,2003,13.626
pan,2004,13.499
pan,2005,13.508
pan,2006,13.709
pan,2007,14.188
pan,2008,14.964
pan,2009,15.868
pan,2010,16.680
pan,2011,17.235
pan,2012,17.427
pan,2013,17.229
pan,2014,16.711
pan,2015,15.992
pan,2016,15.232
pan,2017,14.595
pan,2018,14.159
pan,2019,13.850
pan,2020,13.608
pan,2021,13.386
pan,2022,13.161
pan,2023,12.916
pan,2024,12.660
per,1991,27.746
per,1992,26.656
per,1993,25.431
per,1994,24.143
per,1995,22.754
per,1996,21.356
per,1997,19.972
per,1998,18.628
per,1999,17.377
per,2000,16.233
per,2001,15.205
per,2002,14.288
per,2003,13.493
per,2004,12.788
per,2005,12.175
per,2006,11.655
per,2007,11.233
per,2008,10.913
per,2009,10.680
per,2010,10.514
per,2011,10.360
per,2012,10.143
per,2013,9.8459
per,2014,9.5338
per,2015,9.2794
per,2016,9.1568
per,2017,9.2486
per,2018,9.5616
per,2019,9.9226
per,2020,10.142
per,2021,10.197
per,2022,10.134
per,2023,10.017
per,2024,9.8675
phl,1991,22.742
phl,1992,22.468
phl,1993,20.242
phl,1994,19.252
phl,1995,18.476
phl,1996,17.875
phl,1997,17.383
phl,1998,16.965
phl,1999,16.625
phl,2000,16.360
phl,2001,16.156
phl,2002,15.974
phl,2003,15.783
phl,2004,15.559
phl,2005,15.293
phl,2006,15.009
phl,2007,14.754
phl,2008,14.545
phl,2009,14.375
phl,2010,14.230
phl,2011,14.117
phl,2012,14.054
phl,2013,14.050
phl,2014,14.939
phl,2015,14.171
phl,2016,14.234
phl,2017,14.212
phl,2018,14.089
phl,2019,13.953
phl,2020,13.891
phl,2021,13.934
phl,2022,14.103
phl,2023,14.369
phl,2024,14.598
plw,1991,22.914
plw,1992,22.848
plw,1993,22.809
plw,1994,22.785
plw,1995,22.816
plw,1996,22.856
plw,1997,22.941
plw,1998,23.080
plw,1999,23.254
plw,2000,23.479
plw,2001,23.705
plw,2002,24.002
plw,2003,24.316
plw,2004,24.667
plw,2005,25.054
plw,2006,25.413
plw,2007,25.817
plw,2008,26.268
plw,2009,26.760
plw,2010,27.287
plw,2011,27.881
plw,2012,28.464
plw,2013,29.106
plw,2014,29.766
plw,2015,30.405
plw,2016,31.052
plw,2017,31.693
plw,2018,32.388
plw,2019,32.929
plw,2020,33.262
plw,2021,33.318
plw,2022,33.049
plw,2023,32.684
plw,2024,32.136
png,1991,34.884
png,1992,34.474
png,1993,34.087
png,1994,33.712
png,1995,33.351
png,1996,33.007
png,1997,32.670
png,1998,32.337
png,1999,38.482
png,2000,31.716
png,2001,31.423
png,2002,31.104
png,2003,30.765
png,2004,30.420
png,2005,30.070
png,2006,29.693
png,2007,29.298
png,2008,28.896
png,2009,28.484
png,2010,28.066
png,2011,27.628
png,2012,27.187
png,2013,26.753
png,2014,26.324
png,2015,25.894
png,2016,25.466
png,2017,24.997
png,2018,24.547
png,2019,24.066
png,2020,23.617
png,2021,23.164
png,2022,22.712
png,2023,22.240
png,2024,21.779
pol,1991,11.169
pol,1992,11.141
pol,1993,10.854
pol,1994,10.385
pol,1995,9.9240
pol,1996,9.6294
pol,1997,9.4679
pol,1998,9.3239
pol,1999,9.1231
pol,2000,8.8529
pol,2001,8.5255
pol,2002,8.1828
pol,2003,7.8802
pol,2004,7.6518
pol,2005,7.5063
pol,2006,7.4448
pol,2007,7.4306
pol,2008,7.4123
pol,2009,7.3567
pol,2010,7.2512
pol,2011,7.0922
pol,2012,6.8946
pol,2013,6.6767
pol,2014,6.4472
pol,2015,6.2109
pol,2016,5.9765
pol,2017,5.7823
pol,2018,5.6729
pol,2019,5.6659
pol,2020,5.7264
pol,2021,5.8106
pol,2022,5.8811
pol,2023,5.9052
pol,2024,5.8711
prk,1991,21.858
prk,1992,22.208
prk,1993,22.435
prk,1994,22.514
prk,1995,22.448
prk,1996,40.603
prk,1997,40.239
prk,1998,39.850
prk,1999,39.496
prk,2000,39.120
prk,2001,38.767
prk,2002,38.462
prk,2003,38.145
prk,2004,19.706
prk,2005,19.446
prk,2006,19.267
prk,2007,19.074
prk,2008,18.941
prk,2009,18.437
prk,2010,18.040
prk,2011,17.550
prk,2012,17.002
prk,2013,16.409
prk,2014,15.769
prk,2015,15.163
prk,2016,14.631
prk,2017,14.314
prk,2018,13.671
prk,2019,13.361
prk,2020,13.041
prk,2021,12.927
prk,2022,12.925
prk,2023,13.052
prk,2024,13.174
prt,1991,14.823
prt,1992,14.740
prt,1993,14.477
prt,1994,14.061
prt,1995,13.605
prt,1996,13.200
prt,1997,12.814
prt,1998,12.343
prt,1999,11.743
prt,2000,11.029
prt,2001,10.247
prt,2002,9.4590
prt,2003,8.7302
prt,2004,8.0859
prt,2005,7.5241
prt,2006,7.0325
prt,2007,6.5848
prt,2008,6.1624
prt,2009,5.7507
prt,2010,5.3504
prt,2011,4.9673
prt,2012,4.6159
prt,2013,4.3101
prt,2014,4.0582
prt,2015,3.8646
prt,2016,3.7315
prt,2017,3.6506
prt,2018,3.6144
prt,2019,3.6156
prt,2020,3.6511
prt,2021,3.7194
prt,2022,3.8144
prt,2023,3.9264
prt,2024,4.0391
pry,1991,21.471
pry,1992,20.879
pry,1993,20.332
pry,1994,19.820
pry,1995,19.349
pry,1996,18.920
pry,1997,18.539
pry,1998,18.209
pry,1999,17.911
pry,2000,17.644
pry,2001,17.410
pry,2002,17.215
pry,2003,17.052
pry,2004,16.891
pry,2005,16.743
pry,2006,16.580
pry,2007,16.401
pry,2008,16.195
pry,2009,15.956
pry,2010,15.690
pry,2011,15.435
pry,2012,15.150
pry,2013,14.906
pry,2014,14.660
pry,2015,14.420
pry,2016,14.169
pry,2017,13.934
pry,2018,13.699
pry,2019,13.462
pry,2020,13.228
pry,2021,13.019
pry,2022,12.789
pry,2023,12.559
pry,2024,12.341
pse,1991,17.101
pse,1992,15.339
pse,1993,16.457
pse,1994,16.674
pse,1995,14.569
pse,1996,15.393
pse,1997,14.113
pse,1998,13.895
pse,1999,13.685
pse,2000,13.491
pse,2001,17.104
pse,2002,21.203
pse,2003,15.657
pse,2004,16.851
pse,2005,17.394
pse,2006,13.717
pse,2007,15.746
pse,2008,15.582
pse,2009,15.068
pse,2010,15.341
pse,2011,11.851
pse,2012,11.710
pse,2013,11.572
pse,2014,11.438
pse,2015,18.032
pse,2016,11.127
pse,2017,10.955
pse,2018,10.786
pse,2019,10.608
pse,2020,10.429
pse,2021,10.259
pse,2022,10.085
pse,2023,9.9066
pse,2024,81.645
qat,1991,10.934
qat,1992,10.713
qat,1993,10.511
qat,1994,10.352
qat,1995,10.220
qat,1996,10.117
qat,1997,10.044
qat,1998,10.005
qat,1999,10.008
qat,2000,10.058
qat,2001,10.158
qat,2002,10.275
qat,2003,10.382
qat,2004,10.446
qat,2005,10.409
qat,2006,10.270
qat,2007,10.014
qat,2008,9.6451
qat,2009,9.1977
qat,2010,8.7161
qat,2011,8.2555
qat,2012,7.8236
qat,2013,7.4172
qat,2014,7.0386
qat,2015,6.6879
qat,2016,6.3778
qat,2017,6.1123
qat,2018,5.8987
qat,2019,5.7385
qat,2020,5.6333
qat,2021,5.5776
qat,2022,5.5618
qat,2023,5.5748
qat,2024,5.5889
rks,1991,20.268
rks,1992,19.726
rks,1993,19.189
rks,1994,18.669
rks,1995,18.139
rks,1996,17.607
rks,1997,17.072
rks,1998,16.530
rks,1999,15.998
rks,2000,15.458
rks,2001,14.922
rks,2002,14.394
rks,2003,13.873
rks,2004,13.377
rks,2005,12.903
rks,2006,12.451
rks,2007,12.024
rks,2008,11.625
rks,2009,11.249
rks,2010,10.899
rks,2011,10.571
rks,2012,10.270
rks,2013,9.9930
rks,2014,9.7342
rks,2015,9.4888
rks,2016,9.2574
rks,2017,9.0392
rks,2018,8.8229
rks,2019,8.6153
rks,2020,8.4130
rks,2021,8.2260
rks,2022,8.0570
rks,2023,7.9133
rks,2024,7.7824
rou,1991,13.957
rou,1992,13.118
rou,1993,12.811
rou,1994,13.020
rou,1995,13.519
rou,1996,14.039
rou,1997,14.359
rou,1998,14.254
rou,1999,13.655
rou,2000,12.792
rou,2001,11.901
rou,2002,11.076
rou,2003,10.347
rou,2004,9.7617
rou,2005,9.4007
rou,2006,9.2977
rou,2007,9.4041
rou,2008,9.6318
rou,2009,9.8534
rou,2010,9.8476
rou,2011,9.4314
rou,2012,8.7591
rou,2013,8.1214
rou,2014,7.6534
rou,2015,7.3214
rou,2016,7.0782
rou,2017,6.8966
rou,2018,6.7538
rou,2019,6.6396
rou,2020,6.5493
rou,2021,6.4747
rou,2022,6.3498
rou,2023,6.0831
rou,2024,5.6713
rus,1991,18.985
rus,1992,20.164
rus,1993,22.014
rus,1994,24.158
rus,1995,25.499
rus,1996,25.408
rus,1997,24.778
rus,1998,24.576
rus,1999,24.876
rus,2000,25.314
rus,2001,25.528
rus,2002,25.258
rus,2003,24.317
rus,2004,23.039
rus,2005,21.902
rus,2006,21.064
rus,2007,20.223
rus,2008,19.090
rus,2009,17.803
rus,2010,16.626
rus,2011,15.697
rus,2012,14.964
rus,2013,14.365
rus,2014,13.773
rus,2015,13.055
rus,2016,12.181
rus,2017,11.295
rus,2018,10.513
rus,2019,9.9146
rus,2020,9.5613
rus,2021,9.4473
rus,2022,9.4396
rus,2023,12.095
rus,2024,14.906
rwa,1991,135.71
rwa,1992,153.76
rwa,1993,158.73
rwa,1994,170.06
rwa,1995,909.42
rwa,1996,178.24
rwa,1997,169.75
rwa,1998,165.75
rwa,1999,149.59
rwa,2000,118.78
rwa,2001,102.98
rwa,2002,89.923
rwa,2003,79.169
rwa,2004,70.078
rwa,2005,62.215
rwa,2006,55.434
rwa,2007,49.348
rwa,2008,44.086
rwa,2009,39.653
rwa,2010,35.984
rwa,2011,33.068
rwa,2012,30.880
rwa,2013,29.255
rwa,2014,28.032
rwa,2015,27.016
rwa,2016,26.074
rwa,2017,25.031
rwa,2018,23.740
rwa,2019,22.181
rwa,2020,20.360
rwa,2021,18.470
rwa,2022,16.668
rwa,2023,15.181
rwa,2024,14.062
sau,1991,22.514
sau,1992,21.715
sau,1993,21.030
sau,1994,20.342
sau,1995,19.740
sau,1996,19.122
sau,1997,18.562
sau,1998,18.014
sau,1999,17.531
sau,2000,17.109
sau,2001,16.720
sau,2002,16.356
sau,2003,16.040
sau,2004,15.738
sau,2005,15.461
sau,2006,15.211
sau,2007,14.950
sau,2008,14.658
sau,2009,14.351
sau,2010,14.064
sau,2011,13.762
sau,2012,13.456
sau,2013,13.174
sau,2014,12.885
sau,2015,12.604
sau,2016,12.336
sau,2017,12.088
sau,2018,11.835
sau,2019,11.585
sau,2020,11.387
sau,2021,11.164
sau,2022,10.972
sau,2023,10.779
sau,2024,10.621
sdn,1991,69.252
sdn,1992,68.151
sdn,1993,66.937
sdn,1994,65.624
sdn,1995,64.252
sdn,1996,62.811
sdn,1997,61.350
sdn,1998,59.795
sdn,1999,58.221
sdn,2000,56.595
sdn,2001,54.957
sdn,2002,53.324
sdn,2003,56.493
sdn,2004,62.522
sdn,2005,71.865
sdn,2006,69.213
sdn,2007,52.364
sdn,2008,44.621
sdn,2009,49.529
sdn,2010,42.335
sdn,2011,41.320
sdn,2012,40.361
sdn,2013,39.467
sdn,2014,38.607
sdn,2015,37.758
sdn,2016,36.931
sdn,2017,36.126
sdn,2018,35.330
sdn,2019,34.571
sdn,2020,33.807
sdn,2021,33.050
sdn,2022,32.316
sdn,2023,31.559
sdn,2024,34.655
sen,1991,56.802
sen,1992,55.780
sen,1993,55.127
sen,1994,54.797
sen,1995,54.770
sen,1996,54.883
sen,1997,54.987
sen,1998,54.961
sen,1999,54.635
sen,2000,53.941
sen,2001,52.819
sen,2002,51.292
sen,2003,49.439
sen,2004,47.361
sen,2005,45.204
sen,2006,43.048
sen,2007,40.961
sen,2008,38.963
sen,2009,37.012
sen,2010,35.125
sen,2011,33.280
sen,2012,31.520
sen,2013,29.810
sen,2014,28.223
sen,2015,26.685
sen,2016,25.301
sen,2017,24.087
sen,2018,23.059
sen,2019,22.224
sen,2020,21.545
sen,2021,20.916
sen,2022,20.409
sen,2023,19.865
sen,2024,19.387
sgp,1991,8.2204
sgp,1992,7.5668
sgp,1993,7.0628
sgp,1994,6.6793
sgp,1995,6.3820
sgp,1996,6.1500
sgp,1997,5.9495
sgp,1998,5.7675
sgp,1999,5.6131
sgp,2000,5.5044
sgp,2001,5.4258
sgp,2002,5.3467
sgp,2003,5.2449
sgp,2004,5.0855
sgp,2005,4.8582
sgp,2006,4.5952
sgp,2007,4.3470
sgp,2008,4.1352
sgp,2009,3.9563
sgp,2010,3.8077
sgp,2011,3.6763
sgp,2012,3.5565
sgp,2013,3.4437
sgp,2014,3.3369
sgp,2015,3.2377
sgp,2016,3.1509
sgp,2017,3.0852
sgp,2018,3.0451
sgp,2019,3.0359
sgp,2020,3.0597
sgp,2021,3.1150
sgp,2022,3.1995
sgp,2023,3.2970
sgp,2024,3.3757
slb,1991,21.044
slb,1992,20.688
slb,1993,20.334
slb,1994,19.997
slb,1995,19.677
slb,1996,19.377
slb,1997,19.110
slb,1998,18.875
slb,1999,18.676
slb,2000,18.493
slb,2001,18.342
slb,2002,18.199
slb,2003,18.079
slb,2004,17.979
slb,2005,17.874
slb,2006,17.770
slb,2007,17.655
slb,2008,18.419
slb,2009,17.370
slb,2010,17.204
slb,2011,17.032
slb,2012,16.838
slb,2013,16.651
slb,2014,16.473
slb,2015,16.294
slb,2016,16.139
slb,2017,15.971
slb,2018,15.796
slb,2019,15.598
slb,2020,15.366
slb,2021,15.868
slb,2022,14.868
slb,2023,14.613
slb,2024,14.326
sle,1991,90.423
sle,1992,89.115
sle,1993,87.778
sle,1994,86.491
sle,1995,90.098
sle,1996,91.557
sle,1997,82.410
sle,1998,81.091
sle,1999,92.748
sle,2000,108.43
sle,2001,77.425
sle,2002,76.485
sle,2003,75.670
sle,2004,74.893
sle,2005,74.033
sle,2006,73.142
sle,2007,72.132
sle,2008,71.033
sle,2009,69.863
sle,2010,68.742
sle,2011,67.747
sle,2012,66.810
sle,2013,66.079
sle,2014,65.464
sle,2015,64.751
sle,2016,63.952
sle,2017,63.042
sle,2018,61.953
sle,2019,60.924
sle,2020,59.788
sle,2021,58.684
sle,2022,57.452
sle,2023,56.316
sle,2024,55.280
slv,1991,33.466
slv,1992,24.770
slv,1993,23.236
slv,1994,22.613
slv,1995,22.715
slv,1996,23.031
slv,1997,23.036
slv,1998,22.643
slv,1999,22.930
slv,2000,21.435
slv,2001,20.896
slv,2002,22.144
slv,2003,20.481
slv,2004,20.824
slv,2005,21.539
slv,2006,22.236
slv,2007,22.466
slv,2008,22.177
slv,2009,21.550
slv,2010,21.206
slv,2011,19.690
slv,2012,18.558
slv,2013,17.794
slv,2014,18.009
slv,2015,19.363
slv,2016,20.857
slv,2017,21.181
slv,2018,20.139
slv,2019,18.345
slv,2020,16.414
slv,2021,14.820
slv,2022,13.782
slv,2023,13.172
slv,2024,12.792
smr,1991,11.433
smr,1992,10.734
smr,1993,10.080
smr,1994,9.4639
smr,1995,8.8787
smr,1996,8.3454
smr,1997,7.8458
smr,1998,7.3998
smr,1999,6.9783
smr,2000,6.5887
smr,2001,6.2236
smr,2002,5.8871
smr,2003,5.5807
smr,2004,5.2837
smr,2005,5.0198
smr,2006,4.7811
smr,2007,4.5609
smr,2008,4.3573
smr,2009,4.1658
smr,2010,3.9948
smr,2011,3.8271
smr,2012,3.6830
smr,2013,3.5342
smr,2014,3.3986
smr,2015,3.2718
smr,2016,3.1504
smr,2017,3.0421
smr,2018,2.9345
smr,2019,2.8400
smr,2020,2.7505
smr,2021,2.6740
smr,2022,2.5984
smr,2023,2.5264
smr,2024,2.4666
som,1991,119.72
som,1992,257.31
som,1993,253.18
som,1994,88.790
som,1995,88.686
som,1996,88.685
som,1997,88.685
som,1998,88.685
som,1999,88.685
som,2000,88.685
som,2001,88.685
som,2002,88.685
som,2003,88.685
som,2004,88.685
som,2005,88.685
som,2006,88.668
som,2007,88.373
som,2008,87.669
som,2009,86.269
som,2010,84.583
som,2011,92.938
som,2012,191.88
som,2013,97.500
som,2014,76.944
som,2015,79.839
som,2016,73.249
som,2017,77.555
som,2018,90.190
som,2019,78.312
som,2020,66.804
som,2021,65.257
som,2022,63.722
som,2023,85.777
som,2024,67.828
srb,1991,10.079
srb,1992,10.899
srb,1993,10.934
srb,1994,9.9220
srb,1995,8.8431
srb,1996,8.3678
srb,1997,8.4614
srb,1998,8.9037
srb,1999,9.4504
srb,2000,9.7039
srb,2001,9.2829
srb,2002,8.4791
srb,2003,7.8110
srb,2004,7.4904
srb,2005,7.3947
srb,2006,7.3982
srb,2007,7.3722
srb,2008,7.1809
srb,2009,6.7943
srb,2010,6.3595
srb,2011,6.0003
srb,2012,5.7307
srb,2013,5.5328
srb,2014,5.3812
srb,2015,5.2461
srb,2016,5.1023
srb,2017,4.9744
srb,2018,4.9021
srb,2019,4.9046
srb,2020,4.9728
srb,2021,5.0935
srb,2022,5.2078
srb,2023,5.2308
srb,2024,5.1252
ssd,1991,317.93
ssd,1992,312.53
ssd,1993,460.53
ssd,1994,456.06
ssd,1995,110.28
ssd,1996,291.26
ssd,1997,285.00
ssd,1998,278.05
ssd,1999,466.52
ssd,2000,141.61
ssd,2001,114.77
ssd,2002,110.43
ssd,2003,106.15
ssd,2004,82.561
ssd,2005,79.308
ssd,2006,76.243
ssd,2007,73.274
ssd,2008,70.575
ssd,2009,67.921
ssd,2010,65.409
ssd,2011,63.120
ssd,2012,61.024
ssd,2013,59.447
ssd,2014,58.702
ssd,2015,126.65
ssd,2016,161.00
ssd,2017,182.30
ssd,2018,191.64
ssd,2019,90.954
ssd,2020,58.483
ssd,2021,58.483
ssd,2022,58.483
ssd,2023,58.483
ssd,2024,58.483
stp,1991,46.181
stp,1992,45.409
stp,1993,44.633
stp,1994,43.816
stp,1995,42.997
stp,1996,42.048
stp,1997,40.886
stp,1998,39.609
stp,1999,38.270
stp,2000,36.921
stp,2001,35.527
stp,2002,34.179
stp,2003,32.837
stp,2004,31.617
stp,2005,30.482
stp,2006,29.458
stp,2007,28.580
stp,2008,27.862
stp,2009,27.310
stp,2010,26.921
stp,2011,26.650
stp,2012,26.466
stp,2013,26.288
stp,2014,25.924
stp,2015,25.371
stp,2016,24.655
stp,2017,23.901
stp,2018,23.255
stp,2019,22.609
stp,2020,22.028
stp,2021,21.503
stp,2022,21.047
stp,2023,20.584
stp,2024,20.154
sur,1991,16.519
sur,1992,16.714
sur,1993,16.790
sur,1994,16.651
sur,1995,16.238
sur,1996,15.679
sur,1997,15.094
sur,1998,14.583
sur,1999,14.207
sur,2000,14.000
sur,2001,13.888
sur,2002,13.822
sur,2003,13.803
sur,2004,13.833
sur,2005,13.917
sur,2006,14.047
sur,2007,14.193
sur,2008,14.315
sur,2009,14.358
sur,2010,14.277
sur,2011,14.067
sur,2012,13.734
sur,2013,13.369
sur,2014,13.052
sur,2015,12.854
sur,2016,12.778
sur,2017,12.825
sur,2018,12.967
sur,2019,13.171
sur,2020,13.385
sur,2021,13.539
sur,2022,13.564
sur,2023,13.464
sur,2024,13.301
svk,1991,9.3930
svk,1992,9.3194
svk,1993,9.2245
svk,1994,9.1032
svk,1995,8.9601
svk,1996,8.8028
svk,1997,8.6356
svk,1998,8.4586
svk,1999,8.2711
svk,2000,8.0793
svk,2001,7.8836
svk,2002,7.6900
svk,2003,7.5036
svk,2004,7.3271
svk,2005,7.1650
svk,2006,7.0141
svk,2007,6.8737
svk,2008,6.7409
svk,2009,6.6112
svk,2010,6.4829
svk,2011,6.3542
svk,2012,6.2292
svk,2013,6.1068
svk,2014,5.9914
svk,2015,5.8841
svk,2016,5.7814
svk,2017,5.6830
svk,2018,5.5879
svk,2019,5.4938
svk,2020,5.3975
svk,2021,5.2989
svk,2022,5.1980
svk,2023,5.0968
svk,2024,4.9940
svn,1991,10.822
svn,1992,10.697
svn,1993,10.553
svn,1994,10.380
svn,1995,10.167
svn,1996,9.9147
svn,1997,9.6298
svn,1998,9.3329
svn,1999,9.0398
svn,2000,8.7516
svn,2001,8.4670
svn,2002,8.1874
svn,2003,7.9039
svn,2004,7.6143
svn,2005,7.3198
svn,2006,7.0134
svn,2007,6.7007
svn,2008,6.3847
svn,2009,6.0679
svn,2010,5.7592
svn,2011,5.4711
svn,2012,5.2094
svn,2013,4.9696
svn,2014,4.7573
svn,2015,4.5636
svn,2016,4.3821
svn,2017,4.2129
svn,2018,4.0470
svn,2019,3.8836
svn,2020,3.7279
svn,2021,3.5816
svn,2022,3.4460
svn,2023,3.3194
svn,2024,3.2006
swe,1991,6.5710
swe,1992,6.2496
swe,1993,5.9249
swe,1994,5.6341
swe,1995,5.4013
swe,1996,5.2445
swe,1997,5.1641
swe,1998,5.1448
swe,1999,5.1767
swe,2000,5.2319
swe,2001,5.2923
swe,2002,5.3358
swe,2003,5.3530
swe,2004,5.3323
swe,2005,5.2717
swe,2006,5.1745
swe,2007,5.0480
swe,2008,4.9083
swe,2009,4.7670
swe,2010,4.6317
swe,2011,4.5058
swe,2012,4.3942
swe,2013,4.2996
swe,2014,4.2253
swe,2015,4.1732
swe,2016,4.1442
swe,2017,4.1322
swe,2018,4.1316
swe,2019,4.1336
swe,2020,4.1212
swe,2021,4.0821
swe,2022,4.0217
swe,2023,3.9565
swe,2024,3.8930
swz,1991,39.373
swz,1992,38.795
swz,1993,38.290
swz,1994,37.886
swz,1995,37.540
swz,1996,37.260
swz,1997,37.046
swz,1998,36.890
swz,1999,36.786
swz,2000,36.739
swz,2001,36.721
swz,2002,36.726
swz,2003,36.756
swz,2004,36.796
swz,2005,36.842
swz,2006,36.892
swz,2007,36.898
swz,2008,36.891
swz,2009,36.878
swz,2010,36.863
swz,2011,36.828
swz,2012,36.776
swz,2013,36.650
swz,2014,36.512
swz,2015,36.340
swz,2016,36.147
swz,2017,35.911
swz,2018,35.652
swz,2019,35.422
swz,2020,35.147
swz,2021,34.747
swz,2022,34.274
swz,2023,33.741
swz,2024,33.136
syc,1991,11.693
syc,1992,11.681
syc,1993,11.688
syc,1994,11.745
syc,1995,11.824
syc,1996,11.915
syc,1997,12.002
syc,1998,12.055
syc,1999,12.068
syc,2000,12.023
syc,2001,11.916
syc,2002,11.762
syc,2003,11.558
syc,2004,11.314
syc,2005,11.056
syc,2006,10.783
syc,2007,10.507
syc,2008,10.276
syc,2009,10.082
syc,2010,9.9437
syc,2011,9.8719
syc,2012,9.8742
syc,2013,9.9359
syc,2014,10.065
syc,2015,10.246
syc,2016,10.472
syc,2017,10.695
syc,2018,10.866
syc,2019,10.891
syc,2020,10.805
syc,2021,10.690
syc,2022,10.536
syc,2023,10.361
syc,2024,10.145
syr,1991,22.855
syr,1992,22.221
syr,1993,21.543
syr,1994,20.800
syr,1995,19.999
syr,1996,19.097
syr,1997,18.080
syr,1998,16.944
syr,1999,15.705
syr,2000,14.394
syr,2001,13.075
syr,2002,11.870
syr,2003,10.872
syr,2004,10.138
syr,2005,9.7230
syr,2006,9.6000
syr,2007,9.6164
syr,2008,9.6252
syr,2009,9.5953
syr,2010,9.5626
syr,2011,9.5489
syr,2012,14.926
syr,2013,42.662
syr,2014,47.958
syr,2015,46.767
syr,2016,60.170
syr,2017,50.608
syr,2018,47.429
syr,2019,37.251
syr,2020,20.751
syr,2021,15.290
syr,2022,10.669
syr,2023,12.948
syr,2024,16.789
tca,1991,13.912
tca,1992,13.440
tca,1993,13.008
tca,1994,12.583
tca,1995,12.190
tca,1996,11.814
tca,1997,11.452
tca,1998,11.125
tca,1999,10.806
tca,2000,10.521
tca,2001,10.242
tca,2002,9.9738
tca,2003,9.7343
tca,2004,9.5136
tca,2005,9.3152
tca,2006,9.1324
tca,2007,8.9720
tca,2008,8.8268
tca,2009,8.6971
tca,2010,8.5838
tca,2011,8.4675
tca,2012,8.3656
tca,2013,8.2717
tca,2014,8.1787
tca,2015,8.0971
tca,2016,8.0209
tca,2017,7.9398
tca,2018,7.8541
tca,2019,7.7602
tca,2020,7.6634
tca,2021,7.5492
tca,2022,7.4439
tca,2023,7.3298
tca,2024,7.2044
tcd,1991,102.52
tcd,1992,84.359
tcd,1993,83.387
tcd,1994,82.463
tcd,1995,81.492
tcd,1996,80.543
tcd,1997,79.641
tcd,1998,78.731
tcd,1999,77.769
tcd,2000,76.827
tcd,2001,75.856
tcd,2002,74.849
tcd,2003,73.833
tcd,2004,72.800
tcd,2005,71.764
tcd,2006,70.773
tcd,2007,69.815
tcd,2008,68.915
tcd,2009,67.990
tcd,2010,67.097
tcd,2011,66.199
tcd,2012,65.318
tcd,2013,64.384
tcd,2014,63.465
tcd,2015,62.481
tcd,2016,61.437
tcd,2017,60.327
tcd,2018,59.105
tcd,2019,57.894
tcd,2020,56.744
tcd,2021,55.607
tcd,2022,54.457
tcd,2023,53.283
tcd,2024,52.135
tgo,1991,56.317
tgo,1992,55.434
tgo,1993,54.682
tgo,1994,53.983
tgo,1995,53.347
tgo,1996,52.762
tgo,1997,52.217
tgo,1998,51.630
tgo,1999,51.062
tgo,2000,50.417
tgo,2001,49.764
tgo,2002,49.047
tgo,2003,48.200
tgo,2004,47.235
tgo,2005,46.195
tgo,2006,45.054
tgo,2007,43.817
tgo,2008,42.529
tgo,2009,41.209
tgo,2010,39.840
tgo,2011,38.466
tgo,2012,37.029
tgo,2013,35.638
tgo,2014,34.422
tgo,2015,33.291
tgo,2016,32.316
tgo,2017,31.431
tgo,2018,30.633
tgo,2019,29.825
tgo,2020,29.093
tgo,2021,28.462
tgo,2022,27.765
tgo,2023,27.057
tgo,2024,26.424
tha,1991,22.740
tha,1992,23.636
tha,1993,24.999
tha,1994,26.822
tha,1995,28.490
tha,1996,29.199
tha,1997,28.788
tha,1998,27.573
tha,1999,26.046
tha,2000,24.821
tha,2001,24.336
tha,2002,24.364
tha,2003,24.427
tha,2004,24.181
tha,2005,24.643
tha,2006,22.594
tha,2007,21.509
tha,2008,20.586
tha,2009,19.935
tha,2010,19.401
tha,2011,18.845
tha,2012,18.287
tha,2013,17.821
tha,2014,17.510
tha,2015,17.381
tha,2016,17.442
tha,2017,17.567
tha,2018,17.564
tha,2019,17.331
tha,2020,16.952
tha,2021,16.531
tha,2022,16.145
tha,2023,15.865
tha,2024,15.700
tjk,1991,15.379
tjk,1992,17.711
tjk,1993,50.125
tjk,1994,67.732
tjk,1995,31.771
tjk,1996,21.702
tjk,1997,25.530
tjk,1998,17.581
tjk,1999,15.577
tjk,2000,13.950
tjk,2001,14.023
tjk,2002,11.746
tjk,2003,10.987
tjk,2004,10.318
tjk,2005,9.7141
tjk,2006,9.1779
tjk,2007,8.7073
tjk,2008,8.2851
tjk,2009,7.8948
tjk,2010,7.5391
tjk,2011,8.2070
tjk,2012,7.8983
tjk,2013,6.7000
tjk,2014,6.5088
tjk,2015,6.3718
tjk,2016,6.2859
tjk,2017,6.2602
tjk,2018,6.2839
tjk,2019,6.3342
tjk,2020,6.3802
tjk,2021,6.3811
tjk,2022,6.3116
tjk,2023,6.1953
tjk,2024,6.0724
tkm,1991,17.934
tkm,1992,18.227
tkm,1993,18.683
tkm,1994,19.364
tkm,1995,20.356
tkm,1996,21.626
tkm,1997,22.862
tkm,1998,23.644
tkm,1999,23.844
tkm,2000,23.514
tkm,2001,22.813
tkm,2002,22.029
tkm,2003,21.394
tkm,2004,20.917
tkm,2005,20.511
tkm,2006,20.065
tkm,2007,19.435
tkm,2008,18.523
tkm,2009,17.492
tkm,2010,16.598
tkm,2011,15.962
tkm,2012,15.500
tkm,2013,15.140
tkm,2014,14.821
tkm,2015,14.501
tkm,2016,14.165
tkm,2017,13.845
tkm,2018,13.561
tkm,2019,13.305
tkm,2020,13.078
tkm,2021,12.849
tkm,2022,12.598
tkm,2023,12.367
tkm,2024,12.114
tls,1991,74.463
tls,1992,78.715
tls,1993,77.257
tls,1994,77.036
tls,1995,76.583
tls,1996,81.541
tls,1997,80.656
tls,1998,79.245
tls,1999,81.548
tls,2000,109.50
tls,2001,38.989
tls,2002,35.526
tls,2003,32.515
tls,2004,29.970
tls,2005,27.869
tls,2006,26.186
tls,2007,24.902
tls,2008,24.037
tls,2009,23.539
tls,2010,23.438
tls,2011,23.805
tls,2012,24.675
tls,2013,26.200
tls,2014,28.430
tls,2015,31.558
tls,2016,35.127
tls,2017,38.264
tls,2018,39.985
tls,2019,40.628
tls,2020,40.574
tls,2021,40.178
tls,2022,39.687
tls,2023,39.100
tls,2024,38.416
ton,1991,9.7630
ton,1992,10.047
ton,1993,10.352
ton,1994,10.647
ton,1995,10.940
ton,1996,11.236
ton,1997,11.548
ton,1998,11.878
ton,1999,12.253
ton,2000,12.651
ton,2001,13.057
ton,2002,13.469
ton,2003,13.851
ton,2004,14.171
ton,2005,14.383
ton,2006,14.442
ton,2007,14.354
ton,2008,14.106
ton,2009,13.723
ton,2010,13.277
ton,2011,12.817
ton,2012,12.378
ton,2013,12.009
ton,2014,11.726
ton,2015,11.512
ton,2016,11.330
ton,2017,11.178
ton,2018,11.045
ton,2019,10.928
ton,2020,10.813
ton,2021,10.677
ton,2022,10.470
ton,2023,10.286
ton,2024,10.075
tto,1991,14.757
tto,1992,14.643
tto,1993,14.579
tto,1994,14.557
tto,1995,14.557
tto,1996,14.567
tto,1997,14.550
tto,1998,14.525
tto,1999,14.499
tto,2000,14.489
tto,2001,14.542
tto,2002,14.696
tto,2003,14.954
tto,2004,15.298
tto,2005,15.725
tto,2006,16.287
tto,2007,17.006
tto,2008,17.713
tto,2009,18.015
tto,2010,17.715
tto,2011,17.011
tto,2012,16.152
tto,2013,15.369
tto,2014,14.845
tto,2015,14.639
tto,2016,14.650
tto,2017,14.717
tto,2018,14.800
tto,2019,14.886
tto,2020,14.935
tto,2021,14.917
tto,2022,14.822
tto,2023,14.664
tto,2024,15.980
tun,1991,15.151
tun,1992,14.734
tun,1993,14.328
tun,1994,13.943
tun,1995,13.556
tun,1996,13.193
tun,1997,12.861
tun,1998,12.565
tun,1999,12.290
tun,2000,12.020
tun,2001,11.759
tun,2002,11.528
tun,2003,11.330
tun,2004,11.149
tun,2005,10.982
tun,2006,10.826
tun,2007,10.686
tun,2008,10.561
tun,2009,10.447
tun,2010,10.338
tun,2011,10.253
tun,2012,10.185
tun,2013,10.143
tun,2014,10.122
tun,2015,10.114
tun,2016,10.096
tun,2017,10.031
tun,2018,9.9005
tun,2019,9.7246
tun,2020,9.5399
tun,2021,9.3932
tun,2022,9.3466
tun,2023,9.4120
tun,2024,9.4963
tur,1991,23.733
tur,1992,22.924
tur,1993,22.168
tur,1994,21.436
tur,1995,20.737
tur,1996,21.704
tur,1997,19.339
tur,1998,18.636
tur,1999,17.912
tur,2000,21.516
tur,2001,16.459
tur,2002,15.740
tur,2003,14.995
tur,2004,14.231
tur,2005,13.479
tur,2006,12.737
tur,2007,12.005
tur,2008,11.303
tur,2009,10.640
tur,2010,10.014
tur,2011,9.4275
tur,2012,8.8866
tur,2013,8.4008
tur,2014,8.0131
tur,2015,7.7466
tur,2016,7.5387
tur,2017,7.2848
tur,2018,6.9545
tur,2019,6.6367
tur,2020,6.4213
tur,2021,6.3325
tur,2022,6.3754
tur,2023,6.5263
tur,2024,14.900
tuv,1991,26.130
tuv,1992,25.942
tuv,1993,25.714
tuv,1994,25.449
tuv,1995,25.142
tuv,1996,24.780
tuv,1997,24.369
tuv,1998,23.924
tuv,1999,23.443
tuv,2000,22.994
tuv,2001,22.581
tuv,2002,22.232
tuv,2003,21.925
tuv,2004,21.638
tuv,2005,21.327
tuv,2006,20.998
tuv,2007,20.601
tuv,2008,20.155
tuv,2009,19.658
tuv,2010,19.153
tuv,2011,18.667
tuv,2012,18.212
tuv,2013,17.787
tuv,2014,17.386
tuv,2015,17.009
tuv,2016,16.638
tuv,2017,16.276
tuv,2018,15.913
tuv,2019,15.589
tuv,2020,15.259
tuv,2021,14.933
tuv,2022,14.645
tuv,2023,14.350
tuv,2024,14.066
tza,1991,53.714
tza,1992,54.699
tza,1993,55.422
tza,1994,55.800
tza,1995,55.757
tza,1996,55.268
tza,1997,54.375
tza,1998,53.110
tza,1999,51.636
tza,2000,50.001
tza,2001,48.222
tza,2002,46.353
tza,2003,44.385
tza,2004,42.343
tza,2005,40.254
tza,2006,38.228
tza,2007,36.304
tza,2008,34.574
tza,2009,33.069
tza,2010,31.844
tza,2011,30.913
tza,2012,30.219
tza,2013,29.683
tza,2014,29.228
tza,2015,28.779
tza,2016,28.294
tza,2017,27.777
tza,2018,27.249
tza,2019,26.714
tza,2020,26.211
tza,2021,25.713
tza,2022,25.186
tza,2023,24.730
tza,2024,24.220
uga,1991,73.985
uga,1992,74.957
uga,1993,75.673
uga,1994,76.014
uga,1995,75.986
uga,1996,75.246
uga,1997,74.040
uga,1998,72.398
uga,1999,70.352
uga,2000,67.948
uga,2001,65.326
uga,2002,62.531
uga,2003,59.664
uga,2004,56.788
uga,2005,54.028
uga,2006,51.435
uga,2007,49.137
uga,2008,47.113
uga,2009,45.423
uga,2010,44.086
uga,2011,43.064
uga,2012,42.397
uga,2013,42.024
uga,2014,41.907
uga,2015,41.896
uga,2016,41.866
uga,2017,41.705
uga,2018,41.342
uga,2019,40.801
uga,2020,40.073
uga,2021,39.399
uga,2022,38.728
uga,2023,37.892
uga,2024,37.123
ukr,1991,16.022
ukr,1992,16.410
ukr,1993,16.776
ukr,1994,17.391
ukr,1995,18.045
ukr,1996,18.176
ukr,1997,17.599
ukr,1998,16.914
ukr,1999,16.668
ukr,2000,16.785
ukr,2001,16.875
ukr,2002,16.680
ukr,2003,16.193
ukr,2004,15.500
ukr,2005,14.828
ukr,2006,14.478
ukr,2007,14.457
ukr,2008,14.287
ukr,2009,13.535
ukr,2010,12.442
ukr,2011,11.499
ukr,2012,10.905
ukr,2013,10.503
ukr,2014,10.152
ukr,2015,10.830
ukr,2016,9.2983
ukr,2017,8.7654
ukr,2018,8.2890
ukr,2019,7.9606
ukr,2020,7.8161
ukr,2021,7.8595
ukr,2022,8.0644
ukr,2023,22.414
ukr,2024,21.132
unicef_eap,1991,18.546
unicef_eap,1992,18.072
unicef_eap,1993,17.514
unicef_eap,1994,17.047
unicef_eap,1995,16.620
unicef_eap,1996,16.395
unicef_eap,1997,15.944
unicef_eap,1998,15.492
unicef_eap,1999,15.072
unicef_eap,2000,14.633
unicef_eap,2001,14.198
unicef_eap,2002,13.818
unicef_eap,2003,13.428
unicef_eap,2004,12.826
unicef_eap,2005,13.893
unicef_eap,2006,12.018
unicef_eap,2007,11.627
unicef_eap,2008,11.275
unicef_eap,2009,12.304
unicef_eap,2010,10.642
unicef_eap,2011,10.361
unicef_eap,2012,10.172
unicef_eap,2013,9.8765
unicef_eap,2014,9.7432
unicef_eap,2015,9.5074
unicef_eap,2016,9.3755
unicef_eap,2017,9.2400
unicef_eap,2018,9.0832
unicef_eap,2019,8.9229
unicef_eap,2020,8.7708
unicef_eap,2021,8.6341
unicef_eap,2022,8.5723
unicef_eap,2023,8.5214
unicef_eap,2024,8.3786
unicef_eapro,1991,19.393
unicef_eapro,1992,18.889
unicef_eapro,1993,18.292
unicef_eapro,1994,17.789
unicef_eapro,1995,17.325
unicef_eapro,1996,17.067
unicef_eapro,1997,16.597
unicef_eapro,1998,16.125
unicef_eapro,1999,15.696
unicef_eapro,2000,15.250
unicef_eapro,2001,14.809
unicef_eapro,2002,14.424
unicef_eapro,2003,14.018
unicef_eapro,2004,13.379
unicef_eapro,2005,14.533
unicef_eapro,2006,12.526
unicef_eapro,2007,12.112
unicef_eapro,2008,11.738
unicef_eapro,2009,12.850
unicef_eapro,2010,11.072
unicef_eapro,2011,10.779
unicef_eapro,2012,10.518
unicef_eapro,2013,10.288
unicef_eapro,2014,10.160
unicef_eapro,2015,9.9219
unicef_eapro,2016,9.7943
unicef_eapro,2017,9.6594
unicef_eapro,2018,9.4948
unicef_eapro,2019,9.3217
unicef_eapro,2020,9.1542
unicef_eapro,2021,9.0006
unicef_eapro,2022,8.9266
unicef_eapro,2023,8.8651
unicef_eapro,2024,8.7060
unicef_eca,1991,13.698
unicef_eca,1992,13.941
unicef_eca,1993,15.182
unicef_eca,1994,15.593
unicef_eca,1995,14.892
unicef_eca,1996,14.693
unicef_eca,1997,14.173
unicef_eca,1998,13.853
unicef_eca,1999,13.690
unicef_eca,2000,14.032
unicef_eca,2001,13.386
unicef_eca,2002,13.023
unicef_eca,2003,12.536
unicef_eca,2004,12.000
unicef_eca,2005,11.490
unicef_eca,2006,11.079
unicef_eca,2007,10.717
unicef_eca,2008,10.292
unicef_eca,2009,9.7793
unicef_eca,2010,9.2066
unicef_eca,2011,8.7185
unicef_eca,2012,8.2739
unicef_eca,2013,7.8794
unicef_eca,2014,7.5234
unicef_eca,2015,7.2650
unicef_eca,2016,6.9078
unicef_eca,2017,6.6216
unicef_eca,2018,6.3642
unicef_eca,2019,6.1446
unicef_eca,2020,6.0179
unicef_eca,2021,6.1153
unicef_eca,2022,6.0391
unicef_eca,2023,6.9878
unicef_eca,2024,8.3574
unicef_ecaro,1991,17.333
unicef_ecaro,1992,17.541
unicef_ecaro,1993,20.492
unicef_ecaro,1994,20.966
unicef_ecaro,1995,18.519
unicef_ecaro,1996,18.159
unicef_ecaro,1997,17.125
unicef_ecaro,1998,16.470
unicef_ecaro,1999,15.989
unicef_ecaro,2000,16.799
unicef_ecaro,2001,15.156
unicef_ecaro,2002,14.559
unicef_ecaro,2003,13.964
unicef_ecaro,2004,13.414
unicef_ecaro,2005,12.919
unicef_ecaro,2006,12.547
unicef_ecaro,2007,12.245
unicef_ecaro,2008,11.895
unicef_ecaro,2009,11.467
unicef_ecaro,2010,10.854
unicef_ecaro,2011,10.355
unicef_ecaro,2012,9.8883
unicef_ecaro,2013,9.4828
unicef_ecaro,2014,9.1263
unicef_ecaro,2015,9.0233
unicef_ecaro,2016,8.6471
unicef_ecaro,2017,8.4007
unicef_ecaro,2018,8.1255
unicef_ecaro,2019,7.8392
unicef_ecaro,2020,7.6744
unicef_ecaro,2021,7.9857
unicef_ecaro,2022,7.7476
unicef_ecaro,2023,9.3257
unicef_ecaro,2024,11.897
unicef_eeca,1991,18.058
unicef_eeca,1992,18.577
unicef_eeca,1993,21.248
unicef_eeca,1994,22.291
unicef_eeca,1995,21.064
unicef_eeca,1996,20.823
unicef_eeca,1997,19.922
unicef_eeca,1998,19.417
unicef_eeca,1999,19.211
unicef_eeca,2000,19.958
unicef_eeca,2001,18.911
unicef_eeca,2002,18.413
unicef_eeca,2003,17.699
unicef_eeca,2004,16.911
unicef_eeca,2005,16.187
unicef_eeca,2006,15.637
unicef_eeca,2007,15.143
unicef_eeca,2008,14.519
unicef_eeca,2009,13.763
unicef_eeca,2010,12.916
unicef_eeca,2011,12.236
unicef_eeca,2012,11.639
unicef_eeca,2013,11.119
unicef_eeca,2014,10.635
unicef_eeca,2015,10.300
unicef_eeca,2016,9.7344
unicef_eeca,2017,9.2796
unicef_eeca,2018,8.8469
unicef_eeca,2019,8.4672
unicef_eeca,2020,8.2501
unicef_eeca,2021,8.4550
unicef_eeca,2022,8.2750
unicef_eeca,2023,10.180
unicef_eeca,2024,12.854
unicef_esa,1991,84.070
unicef_esa,1992,85.531
unicef_esa,1993,89.223
unicef_esa,1994,86.781
unicef_esa,1995,117.00
unicef_esa,1996,77.153
unicef_esa,1997,76.014
unicef_esa,1998,74.777
unicef_esa,1999,78.185
unicef_esa,2000,70.388
unicef_esa,2001,66.034
unicef_esa,2002,63.963
unicef_esa,2003,61.880
unicef_esa,2004,59.496
unicef_esa,2005,58.109
unicef_esa,2006,55.745
unicef_esa,2007,52.234
unicef_esa,2008,49.395
unicef_esa,2009,47.532
unicef_esa,2010,44.852
unicef_esa,2011,43.084
unicef_esa,2012,44.205
unicef_esa,2013,39.665
unicef_esa,2014,37.608
unicef_esa,2015,37.837
unicef_esa,2016,37.248
unicef_esa,2017,36.740
unicef_esa,2018,36.277
unicef_esa,2019,33.094
unicef_esa,2020,31.490
unicef_esa,2021,30.830
unicef_esa,2022,30.204
unicef_esa,2023,30.322
unicef_esa,2024,29.495
unicef_esaro,1991,85.697
unicef_esaro,1992,87.359
unicef_esaro,1993,91.447
unicef_esaro,1994,88.905
unicef_esaro,1995,121.84
unicef_esaro,1996,78.641
unicef_esaro,1997,77.507
unicef_esaro,1998,76.277
unicef_esaro,1999,80.110
unicef_esaro,2000,71.766
unicef_esaro,2001,67.173
unicef_esaro,2002,65.055
unicef_esaro,2003,62.535
unicef_esaro,2004,59.434
unicef_esaro,2005,57.145
unicef_esaro,2006,54.792
unicef_esaro,2007,52.368
unicef_esaro,2008,49.912
unicef_esaro,2009,47.487
unicef_esaro,2010,45.161
unicef_esaro,2011,43.323
unicef_esaro,2012,44.626
unicef_esaro,2013,39.762
unicef_esaro,2014,37.593
unicef_esaro,2015,37.906
unicef_esaro,2016,37.327
unicef_esaro,2017,36.835
unicef_esaro,2018,36.390
unicef_esaro,2019,32.980
unicef_esaro,2020,31.298
unicef_esaro,2021,30.648
unicef_esaro,2022,30.033
unicef_esaro,2023,30.230
unicef_esaro,2024,29.068
unicef_lac,1991,19.989
unicef_lac,1992,19.718
unicef_lac,1993,19.563
unicef_lac,1994,19.395
unicef_lac,1995,19.198
unicef_lac,1996,18.957
unicef_lac,1997,18.665
unicef_lac,1998,18.344
unicef_lac,1999,18.712
unicef_lac,2000,17.852
unicef_lac,2001,17.719
unicef_lac,2002,17.615
unicef_lac,2003,17.398
unicef_lac,2004,17.097
unicef_lac,2005,16.809
unicef_lac,2006,16.467
unicef_lac,2007,16.247
unicef_lac,2008,16.238
unicef_lac,2009,16.350
unicef_lac,2010,16.471
unicef_lac,2011,19.422
unicef_lac,2012,16.449
unicef_lac,2013,16.252
unicef_lac,2014,16.052
unicef_lac,2015,15.889
unicef_lac,2016,15.783
unicef_lac,2017,15.681
unicef_lac,2018,15.544
unicef_lac,2019,15.307
unicef_lac,2020,15.101
unicef_lac,2021,14.954
unicef_lac,2022,14.908
unicef_lac,2023,14.779
unicef_lac,2024,14.691
unicef_lacro,1991,19.992
unicef_lacro,1992,19.719
unicef_lacro,1993,19.565
unicef_lacro,1994,19.396
unicef_lacro,1995,19.198
unicef_lacro,1996,18.958
unicef_lacro,1997,18.665
unicef_lacro,1998,18.344
unicef_lacro,1999,18.712
unicef_lacro,2000,17.851
unicef_lacro,2001,17.719
unicef_lacro,2002,17.615
unicef_lacro,2003,17.398
unicef_lacro,2004,17.097
unicef_lacro,2005,16.809
unicef_lacro,2006,16.467
unicef_lacro,2007,16.246
unicef_lacro,2008,16.237
unicef_lacro,2009,16.348
unicef_lacro,2010,16.469
unicef_lacro,2011,19.421
unicef_lacro,2012,16.447
unicef_lacro,2013,16.249
unicef_lacro,2014,16.049
unicef_lacro,2015,15.886
unicef_lacro,2016,15.780
unicef_lacro,2017,15.679
unicef_lacro,2018,15.542
unicef_lacro,2019,15.306
unicef_lacro,2020,15.093
unicef_lacro,2021,14.954
unicef_lacro,2022,14.909
unicef_lacro,2023,14.780
unicef_lacro,2024,14.693
unicef_mena,1991,28.377
unicef_mena,1992,22.861
unicef_mena,1993,20.354
unicef_mena,1994,19.548
unicef_mena,1995,19.228
unicef_mena,1996,18.357
unicef_mena,1997,17.548
unicef_mena,1998,17.130
unicef_mena,1999,16.633
unicef_mena,2000,15.938
unicef_mena,2001,15.551
unicef_mena,2002,15.239
unicef_mena,2003,14.882
unicef_mena,2004,16.582
unicef_mena,2005,15.267
unicef_mena,2006,15.122
unicef_mena,2007,15.617
unicef_mena,2008,15.423
unicef_mena,2009,14.591
unicef_mena,2010,13.954
unicef_mena,2011,13.717
unicef_mena,2012,13.986
unicef_mena,2013,15.159
unicef_mena,2014,15.000
unicef_mena,2015,14.588
unicef_mena,2016,15.369
unicef_mena,2017,15.624
unicef_mena,2018,15.061
unicef_mena,2019,14.623
unicef_mena,2020,13.584
unicef_mena,2021,12.747
unicef_mena,2022,12.298
unicef_mena,2023,11.928
unicef_mena,2024,13.365
unicef_menaro,1991,32.167
unicef_menaro,1992,26.955
unicef_menaro,1993,24.514
unicef_menaro,1994,23.612
unicef_menaro,1995,23.201
unicef_menaro,1996,22.263
unicef_menaro,1997,21.364
unicef_menaro,1998,20.824
unicef_menaro,1999,20.233
unicef_menaro,2000,19.458
unicef_menaro,2001,18.968
unicef_menaro,2002,18.548
unicef_menaro,2003,18.458
unicef_menaro,2004,20.573
unicef_menaro,2005,20.176
unicef_menaro,2006,19.859
unicef_menaro,2007,18.900
unicef_menaro,2008,18.085
unicef_menaro,2009,17.771
unicef_menaro,2010,16.609
unicef_menaro,2011,16.350
unicef_menaro,2012,16.551
unicef_menaro,2013,17.594
unicef_menaro,2014,17.420
unicef_menaro,2015,17.028
unicef_menaro,2016,17.739
unicef_menaro,2017,17.964
unicef_menaro,2018,17.441
unicef_menaro,2019,17.025
unicef_menaro,2020,16.037
unicef_menaro,2021,15.219
unicef_menaro,2022,14.747
unicef_menaro,2023,14.334
unicef_menaro,2024,15.948
unicef_na,1991,12.003
unicef_na,1992,11.838
unicef_na,1993,11.716
unicef_na,1994,11.636
unicef_na,1995,11.497
unicef_na,1996,11.205
unicef_na,1997,10.801
unicef_na,1998,10.382
unicef_na,1999,10.022
unicef_na,2000,9.7506
unicef_na,2001,9.5882
unicef_na,2002,9.5151
unicef_na,2003,9.4782
unicef_na,2004,9.4474
unicef_na,2005,9.4194
unicef_na,2006,9.3846
unicef_na,2007,9.2828
unicef_na,2008,9.0383
unicef_na,2009,8.6543
unicef_na,2010,8.2439
unicef_na,2011,7.9080
unicef_na,2012,7.6777
unicef_na,2013,7.5637
unicef_na,2014,7.5670
unicef_na,2015,7.6677
unicef_na,2016,7.8403
unicef_na,2017,8.0409
unicef_na,2018,8.2188
unicef_na,2019,8.3710
unicef_na,2020,8.5793
unicef_na,2021,8.9261
unicef_na,2022,9.2527
unicef_na,2023,9.2391
unicef_na,2024,8.7869
unicef_rosa,1991,43.208
unicef_rosa,1992,44.124
unicef_rosa,1993,41.149
unicef_rosa,1994,39.737
unicef_rosa,1995,38.949
unicef_rosa,1996,37.962
unicef_rosa,1997,36.951
unicef_rosa,1998,35.903
unicef_rosa,1999,34.912
unicef_rosa,2000,33.615
unicef_rosa,2001,32.545
unicef_rosa,2002,31.481
unicef_rosa,2003,30.508
unicef_rosa,2004,29.552
unicef_rosa,2005,28.989
unicef_rosa,2006,28.644
unicef_rosa,2007,27.039
unicef_rosa,2008,26.162
unicef_rosa,2009,25.241
unicef_rosa,2010,24.313
unicef_rosa,2011,23.137
unicef_rosa,2012,22.105
unicef_rosa,2013,21.088
unicef_rosa,2014,20.067
unicef_rosa,2015,19.215
unicef_rosa,2016,18.459
unicef_rosa,2017,17.539
unicef_rosa,2018,16.867
unicef_rosa,2019,16.169
unicef_rosa,2020,15.441
unicef_rosa,2021,14.775
unicef_rosa,2022,14.345
unicef_rosa,2023,13.475
unicef_rosa,2024,13.101
unicef_sa,1991,43.208
unicef_sa,1992,44.124
unicef_sa,1993,41.149
unicef_sa,1994,39.737
unicef_sa,1995,38.949
unicef_sa,1996,37.962
unicef_sa,1997,36.951
unicef_sa,1998,35.903
unicef_sa,1999,34.912
unicef_sa,2000,33.615
unicef_sa,2001,32.545
unicef_sa,2002,31.481
unicef_sa,2003,30.508
unicef_sa,2004,29.552
unicef_sa,2005,28.989
unicef_sa,2006,28.644
unicef_sa,2007,27.039
unicef_sa,2008,26.162
unicef_sa,2009,25.241
unicef_sa,2010,24.313
unicef_sa,2011,23.137
unicef_sa,2012,22.105
unicef_sa,2013,21.088
unicef_sa,2014,20.067
unicef_sa,2015,19.215
unicef_sa,2016,18.459
unicef_sa,2017,17.539
unicef_sa,2018,16.867
unicef_sa,2019,16.169
unicef_sa,2020,15.441
unicef_sa,2021,14.775
unicef_sa,2022,14.345
unicef_sa,2023,13.475
unicef_sa,2024,13.101
unicef_ssa,1991,79.016
unicef_ssa,1992,78.686
unicef_ssa,1993,80.099
unicef_ssa,1994,78.219
unicef_ssa,1995,93.934
unicef_ssa,1996,72.021
unicef_ssa,1997,71.279
unicef_ssa,1998,69.837
unicef_ssa,1999,71.913
unicef_ssa,2000,67.247
unicef_ssa,2001,63.312
unicef_ssa,2002,61.697
unicef_ssa,2003,60.071
unicef_ssa,2004,58.344
unicef_ssa,2005,57.050
unicef_ssa,2006,55.307
unicef_ssa,2007,52.973
unicef_ssa,2008,50.997
unicef_ssa,2009,49.556
unicef_ssa,2010,51.547
unicef_ssa,2011,46.511
unicef_ssa,2012,46.556
unicef_ssa,2013,43.758
unicef_ssa,2014,42.398
unicef_ssa,2015,42.541
unicef_ssa,2016,41.351
unicef_ssa,2017,40.684
unicef_ssa,2018,40.264
unicef_ssa,2019,37.966
unicef_ssa,2020,37.846
unicef_ssa,2021,36.037
unicef_ssa,2022,35.732
unicef_ssa,2023,37.547
unicef_ssa,2024,34.087
unicef_wca,1991,73.160
unicef_wca,1992,70.787
unicef_wca,1993,69.610
unicef_wca,1994,68.445
unicef_wca,1995,67.439
unicef_wca,1996,66.285
unicef_wca,1997,65.980
unicef_wca,1998,64.301
unicef_wca,1999,64.879
unicef_wca,2000,63.772
unicef_wca,2001,60.305
unicef_wca,2002,59.189
unicef_wca,2003,58.053
unicef_wca,2004,57.038
unicef_wca,2005,55.829
unicef_wca,2006,54.753
unicef_wca,2007,53.697
unicef_wca,2008,52.649
unicef_wca,2009,51.652
unicef_wca,2010,58.752
unicef_wca,2011,50.132
unicef_wca,2012,49.024
unicef_wca,2013,48.077
unicef_wca,2014,47.450
unicef_wca,2015,47.482
unicef_wca,2016,45.623
unicef_wca,2017,44.757
unicef_wca,2018,44.364
unicef_wca,2019,42.943
unicef_wca,2020,44.343
unicef_wca,2021,41.288
unicef_wca,2022,41.288
unicef_wca,2023,44.853
unicef_wca,2024,38.626
unicef_wcaro,1991,73.160
unicef_wcaro,1992,70.787
unicef_wcaro,1993,69.610
unicef_wcaro,1994,68.445
unicef_wcaro,1995,67.439
unicef_wcaro,1996,66.285
unicef_wcaro,1997,65.980
unicef_wcaro,1998,64.301
unicef_wcaro,1999,64.879
unicef_wcaro,2000,63.772
unicef_wcaro,2001,60.305
unicef_wcaro,2002,59.189
unicef_wcaro,2003,58.053
unicef_wcaro,2004,57.038
unicef_wcaro,2005,55.829
unicef_wcaro,2006,54.753
unicef_wcaro,2007,53.697
unicef_wcaro,2008,52.649
unicef_wcaro,2009,51.652
unicef_wcaro,2010,58.752
unicef_wcaro,2011,50.132
unicef_wcaro,2012,49.024
unicef_wcaro,2013,48.077
unicef_wcaro,2014,47.450
unicef_wcaro,2015,47.482
unicef_wcaro,2016,45.623
unicef_wcaro,2017,44.757
unicef_wcaro,2018,44.364
unicef_wcaro,2019,42.943
unicef_wcaro,2020,44.343
unicef_wcaro,2021,41.288
unicef_wcaro,2022,41.288
unicef_wcaro,2023,44.853
unicef_wcaro,2024,38.626
unicef_we,1991,9.2405
unicef_we,1992,9.1368
unicef_we,1993,8.9236
unicef_we,1994,8.6387
unicef_we,1995,8.3530
unicef_we,1996,8.1056
unicef_we,1997,7.9030
unicef_we,1998,7.7290
unicef_we,1999,7.5603
unicef_we,2000,7.3728
unicef_we,2001,7.1575
unicef_we,2002,6.9192
unicef_we,2003,6.6638
unicef_we,2004,6.4009
unicef_we,2005,6.1454
unicef_we,2006,5.9141
unicef_we,2007,5.7057
unicef_we,2008,5.5064
unicef_we,2009,5.2952
unicef_we,2010,5.0669
unicef_we,2011,4.8321
unicef_we,2012,4.6061
unicef_we,2013,4.4002
unicef_we,2014,4.2287
unicef_we,2015,4.0918
unicef_we,2016,3.9879
unicef_we,2017,3.9060
unicef_we,2018,3.8423
unicef_we,2019,3.7888
unicef_we,2020,3.7551
unicef_we,2021,3.7464
unicef_we,2022,3.7624
unicef_we,2023,3.7958
unicef_we,2024,3.8275
unsdg_australianewzealand,1991,10.351
unsdg_australianewzealand,1992,9.8073
unsdg_australianewzealand,1993,9.3512
unsdg_australianewzealand,1994,9.0515
unsdg_australianewzealand,1995,8.9068
unsdg_australianewzealand,1996,8.8953
unsdg_australianewzealand,1997,8.9321
unsdg_australianewzealand,1998,8.9205
unsdg_australianewzealand,1999,8.7681
unsdg_australianewzealand,2000,8.4628
unsdg_australianewzealand,2001,7.9842
unsdg_australianewzealand,2002,7.4581
unsdg_australianewzealand,2003,7.0057
unsdg_australianewzealand,2004,6.6851
unsdg_australianewzealand,2005,6.4548
unsdg_australianewzealand,2006,6.2587
unsdg_australianewzealand,2007,6.0847
unsdg_australianewzealand,2008,5.9030
unsdg_australianewzealand,2009,5.7103
unsdg_australianewzealand,2010,5.5215
unsdg_australianewzealand,2011,5.3677
unsdg_australianewzealand,2012,5.2159
unsdg_australianewzealand,2013,5.0625
unsdg_australianewzealand,2014,4.9097
unsdg_australianewzealand,2015,4.7790
unsdg_australianewzealand,2016,4.7112
unsdg_australianewzealand,2017,4.6914
unsdg_australianewzealand,2018,4.7175
unsdg_australianewzealand,2019,4.7600
unsdg_australianewzealand,2020,4.7941
unsdg_australianewzealand,2021,4.7872
unsdg_australianewzealand,2022,4.7127
unsdg_australianewzealand,2023,4.5855
unsdg_australianewzealand,2024,4.4188
unsdg_centralasia,1991,17.833
unsdg_centralasia,1992,18.440
unsdg_centralasia,1993,22.432
unsdg_centralasia,1994,24.770
unsdg_centralasia,1995,21.082
unsdg_centralasia,1996,20.198
unsdg_centralasia,1997,20.705
unsdg_centralasia,1998,19.661
unsdg_centralasia,1999,19.110
unsdg_centralasia,2000,18.457
unsdg_centralasia,2001,17.885
unsdg_centralasia,2002,16.975
unsdg_centralasia,2003,16.226
unsdg_centralasia,2004,15.535
unsdg_centralasia,2005,14.949
unsdg_centralasia,2006,14.501
unsdg_centralasia,2007,14.091
unsdg_centralasia,2008,13.613
unsdg_centralasia,2009,13.061
unsdg_centralasia,2010,12.527
unsdg_centralasia,2011,12.204
unsdg_centralasia,2012,11.838
unsdg_centralasia,2013,11.413
unsdg_centralasia,2014,11.162
unsdg_centralasia,2015,10.955
unsdg_centralasia,2016,10.785
unsdg_centralasia,2017,10.617
unsdg_centralasia,2018,10.399
unsdg_centralasia,2019,10.143
unsdg_centralasia,2020,9.9527
unsdg_centralasia,2021,9.9216
unsdg_centralasia,2022,10.047
unsdg_centralasia,2023,10.302
unsdg_centralasia,2024,10.645
unsdg_centralasiasouthernasia,1991,41.828
unsdg_centralasiasouthernasia,1992,42.081
unsdg_centralasiasouthernasia,1993,39.459
unsdg_centralasiasouthernasia,1994,38.213
unsdg_centralasiasouthernasia,1995,37.320
unsdg_centralasiasouthernasia,1996,36.352
unsdg_centralasiasouthernasia,1997,35.420
unsdg_centralasiasouthernasia,1998,34.405
unsdg_centralasiasouthernasia,1999,33.468
unsdg_centralasiasouthernasia,2000,32.255
unsdg_centralasiasouthernasia,2001,31.259
unsdg_centralasiasouthernasia,2002,30.265
unsdg_centralasiasouthernasia,2003,29.372
unsdg_centralasiasouthernasia,2004,28.782
unsdg_centralasiasouthernasia,2005,27.984
unsdg_centralasiasouthernasia,2006,27.684
unsdg_centralasiasouthernasia,2007,26.223
unsdg_centralasiasouthernasia,2008,25.435
unsdg_centralasiasouthernasia,2009,24.593
unsdg_centralasiasouthernasia,2010,23.721
unsdg_centralasiasouthernasia,2011,22.603
unsdg_centralasiasouthernasia,2012,21.594
unsdg_centralasiasouthernasia,2013,20.589
unsdg_centralasiasouthernasia,2014,19.592
unsdg_centralasiasouthernasia,2015,18.768
unsdg_centralasiasouthernasia,2016,18.049
unsdg_centralasiasouthernasia,2017,17.186
unsdg_centralasiasouthernasia,2018,16.559
unsdg_centralasiasouthernasia,2019,15.908
unsdg_centralasiasouthernasia,2020,15.223
unsdg_centralasiasouthernasia,2021,14.596
unsdg_centralasiasouthernasia,2022,14.193
unsdg_centralasiasouthernasia,2023,13.381
unsdg_centralasiasouthernasia,2024,13.036
unsdg_easternasia,1991,15.055
unsdg_easternasia,1992,14.567
unsdg_easternasia,1993,14.083
unsdg_easternasia,1994,13.608
unsdg_easternasia,1995,13.148
unsdg_easternasia,1996,12.984
unsdg_easternasia,1997,12.511
unsdg_easternasia,1998,12.040
unsdg_easternasia,1999,11.586
unsdg_easternasia,2000,11.143
unsdg_easternasia,2001,10.719
unsdg_easternasia,2002,10.319
unsdg_easternasia,2003,9.9420
unsdg_easternasia,2004,9.2763
unsdg_easternasia,2005,8.9385
unsdg_easternasia,2006,8.6197
unsdg_easternasia,2007,8.3178
unsdg_easternasia,2008,8.0349
unsdg_easternasia,2009,7.7607
unsdg_easternasia,2010,7.4955
unsdg_easternasia,2011,7.2444
unsdg_easternasia,2012,7.1087
unsdg_easternasia,2013,6.7883
unsdg_easternasia,2014,6.5988
unsdg_easternasia,2015,6.4290
unsdg_easternasia,2016,6.2903
unsdg_easternasia,2017,6.1437
unsdg_easternasia,2018,6.0094
unsdg_easternasia,2019,5.8971
unsdg_easternasia,2020,5.7848
unsdg_easternasia,2021,5.6786
unsdg_easternasia,2022,5.5782
unsdg_easternasia,2023,5.4949
unsdg_easternasia,2024,5.3996
unsdg_easternasiasoutheasternasia,1991,18.573
unsdg_easternasiasoutheasternasia,1992,18.098
unsdg_easternasiasoutheasternasia,1993,17.537
unsdg_easternasiasoutheasternasia,1994,17.066
unsdg_easternasiasoutheasternasia,1995,16.634
unsdg_easternasiasoutheasternasia,1996,16.405
unsdg_easternasiasoutheasternasia,1997,15.949
unsdg_easternasiasoutheasternasia,1998,15.489
unsdg_easternasiasoutheasternasia,1999,15.043
unsdg_easternasiasoutheasternasia,2000,14.623
unsdg_easternasiasoutheasternasia,2001,14.186
unsdg_easternasiasoutheasternasia,2002,13.807
unsdg_easternasiasoutheasternasia,2003,13.415
unsdg_easternasiasoutheasternasia,2004,12.808
unsdg_easternasiasoutheasternasia,2005,13.895
unsdg_easternasiasoutheasternasia,2006,11.993
unsdg_easternasiasoutheasternasia,2007,11.598
unsdg_easternasiasoutheasternasia,2008,11.241
unsdg_easternasiasoutheasternasia,2009,12.292
unsdg_easternasiasoutheasternasia,2010,10.602
unsdg_easternasiasoutheasternasia,2011,10.319
unsdg_easternasiasoutheasternasia,2012,10.128
unsdg_easternasiasoutheasternasia,2013,9.8298
unsdg_easternasiasoutheasternasia,2014,9.6965
unsdg_easternasiasoutheasternasia,2015,9.4582
unsdg_easternasiasoutheasternasia,2016,9.3252
unsdg_easternasiasoutheasternasia,2017,9.1881
unsdg_easternasiasoutheasternasia,2018,9.0296
unsdg_easternasiasoutheasternasia,2019,8.8671
unsdg_easternasiasoutheasternasia,2020,8.7129
unsdg_easternasiasoutheasternasia,2021,8.5743
unsdg_easternasiasoutheasternasia,2022,8.5140
unsdg_easternasiasoutheasternasia,2023,8.4657
unsdg_easternasiasoutheasternasia,2024,8.3245
unsdg_europe,1991,12.120
unsdg_europe,1992,12.376
unsdg_europe,1993,13.410
unsdg_europe,1994,13.686
unsdg_europe,1995,13.325
unsdg_europe,1996,13.117
unsdg_europe,1997,12.761
unsdg_europe,1998,12.587
unsdg_europe,1999,12.520
unsdg_europe,2000,12.517
unsdg_europe,2001,12.422
unsdg_europe,2002,12.161
unsdg_europe,2003,11.730
unsdg_europe,2004,11.222
unsdg_europe,2005,10.725
unsdg_europe,2006,10.338
unsdg_europe,2007,10.011
unsdg_europe,2008,9.6112
unsdg_europe,2009,9.0848
unsdg_europe,2010,8.5338
unsdg_europe,2011,8.0365
unsdg_europe,2012,7.5944
unsdg_europe,2013,7.2006
unsdg_europe,2014,6.8408
unsdg_europe,2015,6.5548
unsdg_europe,2016,6.1332
unsdg_europe,2017,5.8135
unsdg_europe,2018,5.5563
unsdg_europe,2019,5.3682
unsdg_europe,2020,5.2588
unsdg_europe,2021,5.2251
unsdg_europe,2022,5.2402
unsdg_europe,2023,6.4313
unsdg_europe,2024,6.8434
unsdg_europenorthernamr,1991,12.079
unsdg_europenorthernamr,1992,12.214
unsdg_europenorthernamr,1993,12.918
unsdg_europenorthernamr,1994,13.089
unsdg_europenorthernamr,1995,12.790
unsdg_europenorthernamr,1996,12.556
unsdg_europenorthernamr,1997,12.184
unsdg_europenorthernamr,1998,11.933
unsdg_europenorthernamr,1999,11.771
unsdg_europenorthernamr,2000,11.677
unsdg_europenorthernamr,2001,11.549
unsdg_europenorthernamr,2002,11.334
unsdg_europenorthernamr,2003,11.015
unsdg_europenorthernamr,2004,10.650
unsdg_europenorthernamr,2005,10.297
unsdg_europenorthernamr,2006,10.020
unsdg_europenorthernamr,2007,9.7645
unsdg_europenorthernamr,2008,9.4150
unsdg_europenorthernamr,2009,8.9348
unsdg_europenorthernamr,2010,8.4298
unsdg_europenorthernamr,2011,7.9867
unsdg_europenorthernamr,2012,7.6178
unsdg_europenorthernamr,2013,7.3238
unsdg_europenorthernamr,2014,7.0973
unsdg_europenorthernamr,2015,6.9575
unsdg_europenorthernamr,2016,6.7615
unsdg_europenorthernamr,2017,6.6433
unsdg_europenorthernamr,2018,6.5584
unsdg_europenorthernamr,2019,6.5074
unsdg_europenorthernamr,2020,6.5265
unsdg_europenorthernamr,2021,6.6436
unsdg_europenorthernamr,2022,6.7808
unsdg_europenorthernamr,2023,7.5105
unsdg_europenorthernamr,2024,7.5867
unsdg_lac,1991,19.989
unsdg_lac,1992,19.718
unsdg_lac,1993,19.563
unsdg_lac,1994,19.395
unsdg_lac,1995,19.198
unsdg_lac,1996,18.957
unsdg_lac,1997,18.665
unsdg_lac,1998,18.344
unsdg_lac,1999,18.712
unsdg_lac,2000,17.852
unsdg_lac,2001,17.719
unsdg_lac,2002,17.615
unsdg_lac,2003,17.398
unsdg_lac,2004,17.097
unsdg_lac,2005,16.809
unsdg_lac,2006,16.467
unsdg_lac,2007,16.247
unsdg_lac,2008,16.238
unsdg_lac,2009,16.350
unsdg_lac,2010,16.471
unsdg_lac,2011,19.422
unsdg_lac,2012,16.449
unsdg_lac,2013,16.252
unsdg_lac,2014,16.052
unsdg_lac,2015,15.889
unsdg_lac,2016,15.783
unsdg_lac,2017,15.681
unsdg_lac,2018,15.544
unsdg_lac,2019,15.307
unsdg_lac,2020,15.101
unsdg_lac,2021,14.954
unsdg_lac,2022,14.908
unsdg_lac,2023,14.779
unsdg_lac,2024,14.691
unsdg_ldc,1991,77.680
unsdg_ldc,1992,80.835
unsdg_ldc,1993,78.018
unsdg_ldc,1994,74.745
unsdg_ldc,1995,90.482
unsdg_ldc,1996,67.578
unsdg_ldc,1997,66.206
unsdg_ldc,1998,63.733
unsdg_ldc,1999,65.492
unsdg_ldc,2000,59.751
unsdg_ldc,2001,55.118
unsdg_ldc,2002,53.139
unsdg_ldc,2003,51.285
unsdg_ldc,2004,49.410
unsdg_ldc,2005,48.308
unsdg_ldc,2006,46.660
unsdg_ldc,2007,44.620
unsdg_ldc,2008,42.988
unsdg_ldc,2009,43.932
unsdg_ldc,2010,44.297
unsdg_ldc,2011,40.954
unsdg_ldc,2012,39.912
unsdg_ldc,2013,37.317
unsdg_ldc,2014,36.181
unsdg_ldc,2015,36.931
unsdg_ldc,2016,36.551
unsdg_ldc,2017,36.077
unsdg_ldc,2018,36.243
unsdg_ldc,2019,34.380
unsdg_ldc,2020,34.312
unsdg_ldc,2021,32.487
unsdg_ldc,2022,32.672
unsdg_ldc,2023,34.188
unsdg_ldc,2024,30.546
unsdg_lldc,1991,78.025
unsdg_lldc,1992,75.983
unsdg_lldc,1993,80.328
unsdg_lldc,1994,80.300
unsdg_lldc,1995,112.43
unsdg_lldc,1996,70.043
unsdg_lldc,1997,68.527
unsdg_lldc,1998,66.778
unsdg_lldc,1999,69.972
unsdg_lldc,2000,60.159
unsdg_lldc,2001,56.267
unsdg_lldc,2002,53.860
unsdg_lldc,2003,51.401
unsdg_lldc,2004,48.526
unsdg_lldc,2005,46.598
unsdg_lldc,2006,44.579
unsdg_lldc,2007,42.936
unsdg_lldc,2008,41.334
unsdg_lldc,2009,39.683
unsdg_lldc,2010,46.207
unsdg_lldc,2011,37.229
unsdg_lldc,2012,35.847
unsdg_lldc,2013,34.740
unsdg_lldc,2014,33.940
unsdg_lldc,2015,35.996
unsdg_lldc,2016,35.486
unsdg_lldc,2017,35.097
unsdg_lldc,2018,35.469
unsdg_lldc,2019,32.112
unsdg_lldc,2020,33.128
unsdg_lldc,2021,30.437
unsdg_lldc,2022,31.190
unsdg_lldc,2023,34.294
unsdg_lldc,2024,27.894
unsdg_northafr,1991,29.160
unsdg_northafr,1992,28.076
unsdg_northafr,1993,27.082
unsdg_northafr,1994,26.183
unsdg_northafr,1995,25.893
unsdg_northafr,1996,24.875
unsdg_northafr,1997,23.738
unsdg_northafr,1998,23.199
unsdg_northafr,1999,22.507
unsdg_northafr,2000,21.386
unsdg_northafr,2001,20.686
unsdg_northafr,2002,20.038
unsdg_northafr,2003,20.147
unsdg_northafr,2004,20.966
unsdg_northafr,2005,22.205
unsdg_northafr,2006,21.618
unsdg_northafr,2007,18.576
unsdg_northafr,2008,17.186
unsdg_northafr,2009,18.095
unsdg_northafr,2010,16.907
unsdg_northafr,2011,16.831
unsdg_northafr,2012,17.058
unsdg_northafr,2013,16.705
unsdg_northafr,2014,16.549
unsdg_northafr,2015,16.520
unsdg_northafr,2016,16.274
unsdg_northafr,2017,16.019
unsdg_northafr,2018,15.687
unsdg_northafr,2019,15.448
unsdg_northafr,2020,15.322
unsdg_northafr,2021,15.154
unsdg_northafr,2022,15.006
unsdg_northafr,2023,14.946
unsdg_northafr,2024,16.523
unsdg_northernamr,1991,12.003
unsdg_northernamr,1992,11.838
unsdg_northernamr,1993,11.716
unsdg_northernamr,1994,11.636
unsdg_northernamr,1995,11.497
unsdg_northernamr,1996,11.205
unsdg_northernamr,1997,10.801
unsdg_northernamr,1998,10.382
unsdg_northernamr,1999,10.022
unsdg_northernamr,2000,9.7506
unsdg_northernamr,2001,9.5882
unsdg_northernamr,2002,9.5151
unsdg_northernamr,2003,9.4782
unsdg_northernamr,2004,9.4474
unsdg_northernamr,2005,9.4194
unsdg_northernamr,2006,9.3846
unsdg_northernamr,2007,9.2828
unsdg_northernamr,2008,9.0383
unsdg_northernamr,2009,8.6543
unsdg_northernamr,2010,8.2439
unsdg_northernamr,2011,7.9080
unsdg_northernamr,2012,7.6777
unsdg_northernamr,2013,7.5637
unsdg_northernamr,2014,7.5670
unsdg_northernamr,2015,7.6677
unsdg_northernamr,2016,7.8403
unsdg_northernamr,2017,8.0409
unsdg_northernamr,2018,8.2188
unsdg_northernamr,2019,8.3710
unsdg_northernamr,2020,8.5793
unsdg_northernamr,2021,8.9261
unsdg_northernamr,2022,9.2527
unsdg_northernamr,2023,9.2391
unsdg_northernamr,2024,8.7869
unsdg_oceania,1991,16.690
unsdg_oceania,1992,16.243
unsdg_oceania,1993,15.902
unsdg_oceania,1994,15.696
unsdg_oceania,1995,15.616
unsdg_oceania,1996,15.623
unsdg_oceania,1997,15.661
unsdg_oceania,1998,15.671
unsdg_oceania,1999,17.211
unsdg_oceania,2000,15.390
unsdg_oceania,2001,15.064
unsdg_oceania,2002,14.691
unsdg_oceania,2003,14.379
unsdg_oceania,2004,14.117
unsdg_oceania,2005,13.934
unsdg_oceania,2006,13.763
unsdg_oceania,2007,13.587
unsdg_oceania,2008,13.438
unsdg_oceania,2009,13.210
unsdg_oceania,2010,13.100
unsdg_oceania,2011,12.834
unsdg_oceania,2012,12.665
unsdg_oceania,2013,12.476
unsdg_oceania,2014,12.277
unsdg_oceania,2015,12.088
unsdg_oceania,2016,11.938
unsdg_oceania,2017,11.816
unsdg_oceania,2018,11.694
unsdg_oceania,2019,11.593
unsdg_oceania,2020,11.506
unsdg_oceania,2021,11.441
unsdg_oceania,2022,11.296
unsdg_oceania,2023,11.108
unsdg_oceania,2024,10.870
unsdg_oceaniaexausnzl,1991,31.895
unsdg_oceaniaexausnzl,1992,31.477
unsdg_oceaniaexausnzl,1993,31.067
unsdg_oceaniaexausnzl,1994,30.680
unsdg_oceaniaexausnzl,1995,30.335
unsdg_oceaniaexausnzl,1996,29.996
unsdg_oceaniaexausnzl,1997,29.655
unsdg_oceaniaexausnzl,1998,29.317
unsdg_oceaniaexausnzl,1999,33.704
unsdg_oceaniaexausnzl,2000,28.704
unsdg_oceaniaexausnzl,2001,28.413
unsdg_oceaniaexausnzl,2002,28.122
unsdg_oceaniaexausnzl,2003,27.886
unsdg_oceaniaexausnzl,2004,27.555
unsdg_oceaniaexausnzl,2005,27.259
unsdg_oceaniaexausnzl,2006,26.937
unsdg_oceaniaexausnzl,2007,26.581
unsdg_oceaniaexausnzl,2008,26.321
unsdg_oceaniaexausnzl,2009,25.909
unsdg_oceaniaexausnzl,2010,25.794
unsdg_oceaniaexausnzl,2011,25.181
unsdg_oceaniaexausnzl,2012,24.811
unsdg_oceaniaexausnzl,2013,24.440
unsdg_oceaniaexausnzl,2014,24.080
unsdg_oceaniaexausnzl,2015,23.734
unsdg_oceaniaexausnzl,2016,23.393
unsdg_oceaniaexausnzl,2017,23.052
unsdg_oceaniaexausnzl,2018,22.649
unsdg_oceaniaexausnzl,2019,22.261
unsdg_oceaniaexausnzl,2020,21.886
unsdg_oceaniaexausnzl,2021,21.560
unsdg_oceaniaexausnzl,2022,21.126
unsdg_oceaniaexausnzl,2023,20.725
unsdg_oceaniaexausnzl,2024,20.291
unsdg_sids,1991,30.096
unsdg_sids,1992,29.801
unsdg_sids,1993,29.424
unsdg_sids,1994,29.074
unsdg_sids,1995,28.719
unsdg_sids,1996,28.512
unsdg_sids,1997,28.027
unsdg_sids,1998,27.851
unsdg_sids,1999,28.407
unsdg_sids,2000,27.455
unsdg_sids,2001,25.392
unsdg_sids,2002,24.933
unsdg_sids,2003,24.504
unsdg_sids,2004,24.074
unsdg_sids,2005,24.378
unsdg_sids,2006,23.203
unsdg_sids,2007,22.757
unsdg_sids,2008,22.353
unsdg_sids,2009,21.926
unsdg_sids,2010,21.591
unsdg_sids,2011,49.271
unsdg_sids,2012,21.181
unsdg_sids,2013,20.478
unsdg_sids,2014,20.192
unsdg_sids,2015,19.936
unsdg_sids,2016,19.701
unsdg_sids,2017,19.478
unsdg_sids,2018,19.232
unsdg_sids,2019,18.963
unsdg_sids,2020,18.778
unsdg_sids,2021,18.513
unsdg_sids,2022,18.722
unsdg_sids,2023,18.139
unsdg_sids,2024,18.297
unsdg_southasia,1991,42.787
unsdg_southasia,1992,43.025
unsdg_southasia,1993,40.139
unsdg_southasia,1994,38.750
unsdg_southasia,1995,37.964
unsdg_southasia,1996,36.987
unsdg_southasia,1997,35.994
unsdg_southasia,1998,34.973
unsdg_southasia,1999,34.015
unsdg_southasia,2000,32.775
unsdg_southasia,2001,31.761
unsdg_southasia,2002,30.760
unsdg_southasia,2003,29.858
unsdg_southasia,2004,29.268
unsdg_southasia,2005,28.458
unsdg_southasia,2006,28.157
unsdg_southasia,2007,26.655
unsdg_southasia,2008,25.854
unsdg_southasia,2009,24.999
unsdg_southasia,2010,24.114
unsdg_southasia,2011,22.966
unsdg_southasia,2012,21.934
unsdg_southasia,2013,20.908
unsdg_southasia,2014,19.885
unsdg_southasia,2015,19.039
unsdg_southasia,2016,18.301
unsdg_southasia,2017,17.414
unsdg_southasia,2018,16.773
unsdg_southasia,2019,16.108
unsdg_southasia,2020,15.406
unsdg_southasia,2021,14.759
unsdg_southasia,2022,14.337
unsdg_southasia,2023,13.488
unsdg_southasia,2024,13.118
unsdg_southeasternasia,1991,27.817
unsdg_southeasternasia,1992,27.306
unsdg_southeasternasia,1993,26.549
unsdg_southeasternasia,1994,26.043
unsdg_southeasternasia,1995,25.577
unsdg_southeasternasia,1996,25.054
unsdg_southeasternasia,1997,24.428
unsdg_southeasternasia,1998,23.729
unsdg_southeasternasia,1999,23.023
unsdg_southeasternasia,2000,22.395
unsdg_southeasternasia,2001,21.717
unsdg_southeasternasia,2002,21.246
unsdg_southeasternasia,2003,20.774
unsdg_southeasternasia,2004,20.262
unsdg_southeasternasia,2005,24.194
unsdg_southeasternasia,2006,19.074
unsdg_southeasternasia,2007,18.454
unsdg_southeasternasia,2008,17.873
unsdg_southeasternasia,2009,21.248
unsdg_southeasternasia,2010,16.884
unsdg_southeasternasia,2011,16.425
unsdg_southeasternasia,2012,15.994
unsdg_southeasternasia,2013,15.592
unsdg_southeasternasia,2014,15.415
unsdg_southeasternasia,2015,14.940
unsdg_southeasternasia,2016,14.684
unsdg_southeasternasia,2017,14.462
unsdg_southeasternasia,2018,14.213
unsdg_southeasternasia,2019,13.927
unsdg_southeasternasia,2020,13.667
unsdg_southeasternasia,2021,13.440
unsdg_southeasternasia,2022,13.422
unsdg_southeasternasia,2023,13.421
unsdg_southeasternasia,2024,13.195
unsdg_subsaharanafrica,1991,79.454
unsdg_subsaharanafrica,1992,79.157
unsdg_subsaharanafrica,1993,80.681
unsdg_subsaharanafrica,1994,78.774
unsdg_subsaharanafrica,1995,95.199
unsdg_subsaharanafrica,1996,72.432
unsdg_subsaharanafrica,1997,71.717
unsdg_subsaharanafrica,1998,70.279
unsdg_subsaharanafrica,1999,72.505
unsdg_subsaharanafrica,2000,67.713
unsdg_subsaharanafrica,2001,63.686
unsdg_subsaharanafrica,2002,62.071
unsdg_subsaharanafrica,2003,60.249
unsdg_subsaharanafrica,2004,58.195
unsdg_subsaharanafrica,2005,56.454
unsdg_subsaharanafrica,2006,54.749
unsdg_subsaharanafrica,2007,53.020
unsdg_subsaharanafrica,2008,51.278
unsdg_subsaharanafrica,2009,49.575
unsdg_subsaharanafrica,2010,51.942
unsdg_subsaharanafrica,2011,46.739
unsdg_subsaharanafrica,2012,46.826
unsdg_subsaharanafrica,2013,43.947
unsdg_subsaharanafrica,2014,42.563
unsdg_subsaharanafrica,2015,42.743
unsdg_subsaharanafrica,2016,41.533
unsdg_subsaharanafrica,2017,40.867
unsdg_subsaharanafrica,2018,40.459
unsdg_subsaharanafrica,2019,38.092
unsdg_subsaharanafrica,2020,37.998
unsdg_subsaharanafrica,2021,36.145
unsdg_subsaharanafrica,2022,35.859
unsdg_subsaharanafrica,2023,37.784
unsdg_subsaharanafrica,2024,34.047
unsdg_westernasia,1991,27.907
unsdg_westernasia,1992,24.022
unsdg_westernasia,1993,21.307
unsdg_westernasia,1994,21.028
unsdg_westernasia,1995,20.267
unsdg_westernasia,1996,19.942
unsdg_westernasia,1997,18.484
unsdg_westernasia,1998,17.792
unsdg_westernasia,1999,17.206
unsdg_westernasia,2000,18.091
unsdg_westernasia,2001,16.170
unsdg_westernasia,2002,15.689
unsdg_westernasia,2003,15.077
unsdg_westernasia,2004,15.734
unsdg_westernasia,2005,15.844
unsdg_westernasia,2006,15.496
unsdg_westernasia,2007,16.235
unsdg_westernasia,2008,15.613
unsdg_westernasia,2009,13.915
unsdg_westernasia,2010,12.608
unsdg_westernasia,2011,12.269
unsdg_westernasia,2012,12.687
unsdg_westernasia,2013,15.301
unsdg_westernasia,2014,15.341
unsdg_westernasia,2015,14.809
unsdg_westernasia,2016,16.346
unsdg_westernasia,2017,16.870
unsdg_westernasia,2018,16.055
unsdg_westernasia,2019,15.346
unsdg_westernasia,2020,13.621
unsdg_westernasia,2021,12.614
unsdg_westernasia,2022,11.752
unsdg_westernasia,2023,11.234
unsdg_westernasia,2024,14.918
unsdg_westernasianorthernafr,1991,28.544
unsdg_westernasianorthernafr,1992,26.055
unsdg_westernasianorthernafr,1993,24.195
unsdg_westernasianorthernafr,1994,23.601
unsdg_westernasianorthernafr,1995,23.066
unsdg_westernasianorthernafr,1996,22.396
unsdg_westernasianorthernafr,1997,21.095
unsdg_westernasianorthernafr,1998,20.475
unsdg_westernasianorthernafr,1999,19.834
unsdg_westernasianorthernafr,2000,19.719
unsdg_westernasianorthernafr,2001,18.402
unsdg_westernasianorthernafr,2002,17.833
unsdg_westernasianorthernafr,2003,17.574
unsdg_westernasianorthernafr,2004,18.302
unsdg_westernasianorthernafr,2005,18.960
unsdg_westernasianorthernafr,2006,18.488
unsdg_westernasianorthernafr,2007,17.373
unsdg_westernasianorthernafr,2008,16.376
unsdg_westernasianorthernafr,2009,15.933
unsdg_westernasianorthernafr,2010,14.674
unsdg_westernasianorthernafr,2011,14.454
unsdg_westernasianorthernafr,2012,14.770
unsdg_westernasianorthernafr,2013,15.968
unsdg_westernasianorthernafr,2014,15.913
unsdg_westernasianorthernafr,2015,15.617
unsdg_westernasianorthernafr,2016,16.313
unsdg_westernasianorthernafr,2017,16.478
unsdg_westernasianorthernafr,2018,15.887
unsdg_westernasianorthernafr,2019,15.394
unsdg_westernasianorthernafr,2020,14.427
unsdg_westernasianorthernafr,2021,13.820
unsdg_westernasianorthernafr,2022,13.292
unsdg_westernasianorthernafr,2023,12.986
unsdg_westernasianorthernafr,2024,15.636
ury,1991,11.414
ury,1992,11.449
ury,1993,11.558
ury,1994,11.713
ury,1995,11.880
ury,1996,12.013
ury,1997,12.061
ury,1998,11.983
ury,1999,11.766
ury,2000,11.407
ury,2001,10.963
ury,2002,10.504
ury,2003,10.087
ury,2004,9.7687
ury,2005,9.5804
ury,2006,9.5345
ury,2007,9.6251
ury,2008,9.8451
ury,2009,10.151
ury,2010,10.487
ury,2011,10.793
ury,2012,10.975
ury,2013,10.997
ury,2014,10.903
ury,2015,10.748
ury,2016,10.594
ury,2017,10.496
ury,2018,10.490
ury,2019,10.557
ury,2020,10.668
ury,2021,10.806
ury,2022,10.971
ury,2023,11.137
ury,2024,11.249
usa,1991,12.271
usa,1992,12.130
usa,1993,12.036
usa,1994,11.984
usa,1995,11.859
usa,1996,11.560
usa,1997,11.133
usa,1998,10.687
usa,1999,10.305
usa,2000,10.022
usa,2001,9.8598
usa,2002,9.7957
usa,2003,9.7703
usa,2004,9.7483
usa,2005,9.7252
usa,2006,9.6945
usa,2007,9.5933
usa,2008,9.3408
usa,2009,8.9348
usa,2010,8.4975
usa,2011,8.1406
usa,2012,7.9011
usa,2013,7.7908
usa,2014,7.8061
usa,2015,7.9196
usa,2016,8.1044
usa,2017,8.3167
usa,2018,8.5032
usa,2019,8.6602
usa,2020,8.8793
usa,2021,9.2504
usa,2022,9.5971
usa,2023,9.5708
usa,2024,9.0671
uzb,1991,17.377
uzb,1992,17.630
uzb,1993,17.846
uzb,1994,17.978
uzb,1995,18.019
uzb,1996,17.963
uzb,1997,17.817
uzb,1998,17.594
uzb,1999,17.286
uzb,2000,16.839
uzb,2001,16.200
uzb,2002,15.368
uzb,2003,14.361
uzb,2004,13.284
uzb,2005,12.343
uzb,2006,11.676
uzb,2007,11.260
uzb,2008,11.015
uzb,2009,10.884
uzb,2010,10.838
uzb,2011,10.856
uzb,2012,10.916
uzb,2013,11.004
uzb,2014,11.109
uzb,2015,11.224
uzb,2016,11.340
uzb,2017,11.373
uzb,2018,11.209
uzb,2019,10.869
uzb,2020,10.625
uzb,2021,10.735
uzb,2022,11.229
uzb,2023,12.051
uzb,2024,13.107
vct,1991,12.400
vct,1992,12.758
vct,1993,13.076
vct,1994,13.352
vct,1995,13.585
vct,1996,13.756
vct,1997,13.888
vct,1998,13.962
vct,1999,13.976
vct,2000,13.930
vct,2001,13.849
vct,2002,13.755
vct,2003,13.671
vct,2004,13.637
vct,2005,13.657
vct,2006,13.753
vct,2007,13.875
vct,2008,14.027
vct,2009,14.206
vct,2010,14.402
vct,2011,14.634
vct,2012,14.907
vct,2013,15.220
vct,2014,15.540
vct,2015,15.843
vct,2016,16.079
vct,2017,16.242
vct,2018,16.307
vct,2019,16.282
vct,2020,16.206
vct,2021,16.079
vct,2022,15.900
vct,2023,15.683
vct,2024,15.442
ven,1991,16.655
ven,1992,17.465
ven,1993,18.262
ven,1994,18.782
ven,1995,18.851
ven,1996,18.517
ven,1997,17.905
ven,1998,17.435
ven,1999,17.616
ven,2000,18.699
ven,2001,20.385
ven,2002,22.218
ven,2003,23.752
ven,2004,24.566
ven,2005,24.578
ven,2006,24.449
ven,2007,24.856
ven,2008,25.670
ven,2009,26.345
ven,2010,26.550
ven,2011,26.532
ven,2012,26.597
ven,2013,26.818
ven,2014,27.139
ven,2015,27.507
ven,2016,27.820
ven,2017,28.000
ven,2018,29.078
ven,2019,29.109
ven,2020,28.064
ven,2021,28.036
ven,2022,28.042
ven,2023,28.043
ven,2024,28.034
vgb,1991,15.667
vgb,1992,15.273
vgb,1993,14.916
vgb,1994,14.591
vgb,1995,14.313
vgb,1996,14.061
vgb,1997,13.843
vgb,1998,13.656
vgb,1999,13.486
vgb,2000,13.335
vgb,2001,13.205
vgb,2002,13.102
vgb,2003,12.993
vgb,2004,12.903
vgb,2005,12.827
vgb,2006,12.777
vgb,2007,12.742
vgb,2008,12.707
vgb,2009,12.691
vgb,2010,12.684
vgb,2011,12.668
vgb,2012,12.667
vgb,2013,12.672
vgb,2014,12.684
vgb,2015,12.661
vgb,2016,12.612
vgb,2017,12.503
vgb,2018,12.373
vgb,2019,12.214
vgb,2020,12.054
vgb,2021,11.893
vgb,2022,11.704
vgb,2023,11.520
vgb,2024,11.326
vnm,1991,22.651
vnm,1992,21.748
vnm,1993,20.865
vnm,1994,20.016
vnm,1995,19.198
vnm,1996,18.428
vnm,1997,17.701
vnm,1998,17.007
vnm,1999,16.383
vnm,2000,15.812
vnm,2001,15.281
vnm,2002,14.796
vnm,2003,14.351
vnm,2004,13.943
vnm,2005,13.551
vnm,2006,13.168
vnm,2007,12.812
vnm,2008,12.463
vnm,2009,12.120
vnm,2010,11.789
vnm,2011,11.470
vnm,2012,11.173
vnm,2013,10.892
vnm,2014,10.632
vnm,2015,10.377
vnm,2016,10.143
vnm,2017,9.9196
vnm,2018,9.7024
vnm,2019,9.4883
vnm,2020,9.2755
vnm,2021,9.0683
vnm,2022,8.8691
vnm,2023,8.6758
vnm,2024,8.4817
vut,1991,20.209
vut,1992,19.668
vut,1993,19.179
vut,1994,18.757
vut,1995,18.400
vut,1996,18.083
vut,1997,17.812
vut,1998,17.564
vut,1999,17.319
vut,2000,17.096
vut,2001,16.876
vut,2002,16.682
vut,2003,16.501
vut,2004,16.324
vut,2005,16.153
vut,2006,15.971
vut,2007,15.768
vut,2008,15.517
vut,2009,15.234
vut,2010,14.923
vut,2011,14.602
vut,2012,14.296
vut,2013,14.033
vut,2014,13.821
vut,2015,13.641
vut,2016,13.504
vut,2017,13.398
vut,2018,13.304
vut,2019,13.222
vut,2020,13.138
vut,2021,13.056
vut,2022,12.947
vut,2023,12.824
vut,2024,12.662
wb_hi,1991,11.437
wb_hi,1992,11.452
wb_hi,1993,11.472
wb_hi,1994,11.582
wb_hi,1995,11.629
wb_hi,1996,11.503
wb_hi,1997,11.210
wb_hi,1998,10.972
wb_hi,1999,10.800
wb_hi,2000,10.662
wb_hi,2001,10.511
wb_hi,2002,10.314
wb_hi,2003,10.051
wb_hi,2004,9.7565
wb_hi,2005,9.4718
wb_hi,2006,9.2420
wb_hi,2007,9.0209
wb_hi,2008,8.7294
wb_hi,2009,8.3493
wb_hi,2010,7.9588
wb_hi,2011,7.6032
wb_hi,2012,7.4247
wb_hi,2013,7.0197
wb_hi,2014,6.8066
wb_hi,2015,6.6326
wb_hi,2016,6.4897
wb_hi,2017,6.3812
wb_hi,2018,6.3034
wb_hi,2019,6.2583
wb_hi,2020,6.2842
wb_hi,2021,6.3814
wb_hi,2022,6.5000
wb_hi,2023,6.7567
wb_hi,2024,6.8870
wb_li,1991,90.202
wb_li,1992,90.577
wb_li,1993,92.566
wb_li,1994,87.635
wb_li,1995,116.21
wb_li,1996,79.334
wb_li,1997,78.164
wb_li,1998,75.333
wb_li,1999,79.728
wb_li,2000,71.159
wb_li,2001,64.762
wb_li,2002,62.293
wb_li,2003,59.974
wb_li,2004,57.226
wb_li,2005,55.831
wb_li,2006,53.781
wb_li,2007,50.948
wb_li,2008,48.843
wb_li,2009,47.612
wb_li,2010,52.373
wb_li,2011,44.980
wb_li,2012,46.548
wb_li,2013,44.085
wb_li,2014,42.836
wb_li,2015,44.269
wb_li,2016,44.029
wb_li,2017,43.404
wb_li,2018,43.764
wb_li,2019,40.806
wb_li,2020,40.371
wb_li,2021,37.515
wb_li,2022,37.661
wb_li,2023,40.099
wb_li,2024,34.822
wb_lmi,1991,43.256
wb_lmi,1992,43.463
wb_lmi,1993,41.464
wb_lmi,1994,40.649
wb_lmi,1995,39.661
wb_lmi,1996,38.667
wb_lmi,1997,37.809
wb_lmi,1998,36.967
wb_lmi,1999,36.163
wb_lmi,2000,35.036
wb_lmi,2001,34.014
wb_lmi,2002,33.085
wb_lmi,2003,32.174
wb_lmi,2004,31.213
wb_lmi,2005,30.575
wb_lmi,2006,30.049
wb_lmi,2007,28.709
wb_lmi,2008,27.840
wb_lmi,2009,27.789
wb_lmi,2010,26.168
wb_lmi,2011,25.756
wb_lmi,2012,24.301
wb_lmi,2013,23.431
wb_lmi,2014,22.623
wb_lmi,2015,21.806
wb_lmi,2016,21.106
wb_lmi,2017,20.358
wb_lmi,2018,19.710
wb_lmi,2019,19.094
wb_lmi,2020,18.557
wb_lmi,2021,18.030
wb_lmi,2022,17.632
wb_lmi,2023,17.287
wb_lmi,2024,17.119
wb_umi,1991,18.820
wb_umi,1992,17.890
wb_umi,1993,17.572
wb_umi,1994,17.268
wb_umi,1995,16.879
wb_umi,1996,16.586
wb_umi,1997,16.181
wb_umi,1998,15.878
wb_umi,1999,15.585
wb_umi,2000,15.414
wb_umi,2001,15.034
wb_umi,2002,14.783
wb_umi,2003,14.487
wb_umi,2004,14.506
wb_umi,2005,15.165
wb_umi,2006,13.679
wb_umi,2007,13.452
wb_umi,2008,13.168
wb_umi,2009,12.782
wb_umi,2010,12.415
wb_umi,2011,12.141
wb_umi,2012,11.901
wb_umi,2013,11.626
wb_umi,2014,11.420
wb_umi,2015,11.256
wb_umi,2016,11.124
wb_umi,2017,11.192
wb_umi,2018,10.952
wb_umi,2019,10.667
wb_umi,2020,10.554
wb_umi,2021,10.428
wb_umi,2022,10.257
wb_umi,2023,10.286
wb_umi,2024,10.496
world,1991,31.214
world,1992,31.164
world,1993,30.582
world,1994,30.003
world,1995,31.562
world,1996,28.734
world,1997,28.298
world,1998,27.816
world,1999,27.900
world,2000,26.907
world,2001,26.056
world,2002,25.532
world,2003,24.974
world,2004,24.454
world,2005,24.389
world,2006,23.570
world,2007,22.779
world,2008,22.218
world,2009,22.026
world,2010,21.680
world,2011,20.796
world,2012,20.351
world,2013,19.650
world,2014,19.171
world,2015,18.988
world,2016,18.700
world,2017,18.410
world,2018,18.163
world,2019,17.510
world,2020,17.252
world,2021,16.718
world,2022,16.584
world,2023,16.849
world,2024,16.247
wsm,1991,30.794
wsm,1992,29.239
wsm,1993,27.727
wsm,1994,26.301
wsm,1995,24.982
wsm,1996,23.742
wsm,1997,22.572
wsm,1998,21.500
wsm,1999,20.549
wsm,2000,19.640
wsm,2001,18.798
wsm,2002,18.044
wsm,2003,17.337
wsm,2004,16.655
wsm,2005,16.038
wsm,2006,15.380
wsm,2007,14.738
wsm,2008,14.143
wsm,2009,13.538
wsm,2010,24.252
wsm,2011,12.466
wsm,2012,12.014
wsm,2013,11.662
wsm,2014,11.353
wsm,2015,11.099
wsm,2016,10.869
wsm,2017,10.659
wsm,2018,10.428
wsm,2019,10.206
wsm,2020,9.9822
wsm,2021,9.7764
wsm,2022,9.5662
wsm,2023,9.3558
wsm,2024,9.1544
yem,1991,32.691
yem,1992,31.872
yem,1993,31.104
yem,1994,30.389
yem,1995,31.604
yem,1996,29.066
yem,1997,28.412
yem,1998,27.756
yem,1999,27.067
yem,2000,26.366
yem,2001,25.631
yem,2002,24.899
yem,2003,24.171
yem,2004,23.473
yem,2005,22.805
yem,2006,22.179
yem,2007,21.601
yem,2008,21.077
yem,2009,20.598
yem,2010,20.185
yem,2011,19.817
yem,2012,20.366
yem,2013,20.478
yem,2014,19.357
yem,2015,19.963
yem,2016,27.271
yem,2017,26.174
yem,2018,26.899
yem,2019,34.240
yem,2020,31.185
yem,2021,27.274
yem,2022,26.263
yem,2023,21.096
yem,2024,19.335
zaf,1991,28.167
zaf,1992,29.305
zaf,1993,30.617
zaf,1994,32.063
zaf,1995,33.687
zaf,1996,35.418
zaf,1997,37.338
zaf,1998,39.356
zaf,1999,41.410
zaf,2000,43.485
zaf,2001,45.517
zaf,2002,47.373
zaf,2003,48.968
zaf,2004,50.070
zaf,2005,50.548
zaf,2006,50.217
zaf,2007,49.039
zaf,2008,47.177
zaf,2009,44.779
zaf,2010,42.108
zaf,2011,39.386
zaf,2012,36.791
zaf,2013,34.428
zaf,2014,32.391
zaf,2015,30.684
zaf,2016,29.308
zaf,2017,28.234
zaf,2018,27.416
zaf,2019,26.812
zaf,2020,26.423
zaf,2021,26.220
zaf,2022,26.163
zaf,2023,26.183
zaf,2024,26.198
zmb,1991,73.413
zmb,1992,74.086
zmb,1993,74.505
zmb,1994,74.646
zmb,1995,74.377
zmb,1996,73.702
zmb,1997,72.716
zmb,1998,71.403
zmb,1999,69.737
zmb,2000,67.990
zmb,2001,66.040
zmb,2002,64.022
zmb,2003,61.845
zmb,2004,59.621
zmb,2005,57.308
zmb,2006,55.006
zmb,2007,52.783
zmb,2008,50.607
zmb,2009,48.593
zmb,2010,46.638
zmb,2011,44.757
zmb,2012,42.945
zmb,2013,41.102
zmb,2014,39.362
zmb,2015,37.639
zmb,2016,36.013
zmb,2017,34.442
zmb,2018,33.008
zmb,2019,31.737
zmb,2020,30.704
zmb,2021,29.956
zmb,2022,29.143
zmb,2023,28.453
zmb,2024,27.723
zwe,1991,34.251
zwe,1992,35.685
zwe,1993,37.234
zwe,1994,38.911
zwe,1995,40.579
zwe,1996,42.231
zwe,1997,43.762
zwe,1998,45.254
zwe,1999,46.516
zwe,2000,47.459
zwe,2001,48.144
zwe,2002,48.578
zwe,2003,48.689
zwe,2004,48.531
zwe,2005,48.167
zwe,2006,47.604
zwe,2007,46.974
zwe,2008,46.200
zwe,2009,45.287
zwe,2010,44.294
zwe,2011,43.229
zwe,2012,42.175
zwe,2013,41.145
zwe,2014,40.184
zwe,2015,39.355
zwe,2016,38.635
zwe,2017,37.974
zwe,2018,37.348
zwe,2019,36.653
zwe,2020,35.982
zwe,2021,35.289
zwe,2022,34.602
zwe,2023,33.894
zwe,2024,33.184
