geo,year,deaths_5_24_median
afg,1991,28499
afg,1992,27695
afg,1993,27862
afg,1994,18356
afg,1995,22165
afg,1996,19770
afg,1997,18956
afg,1998,18214
afg,1999,21744
afg,2000,16618
afg,2001,16075
afg,2002,15371
afg,2003,13941
afg,2004,14297
afg,2005,14482
afg,2006,14931
afg,2007,17096
afg,2008,18740
afg,2009,19205
afg,2010,20038
afg,2011,21419
afg,2012,22905
afg,2013,24602
afg,2014,25463
afg,2015,30262
afg,2016,33570
afg,2017,34896
afg,2018,39699
afg,2019,42251
afg,2020,41478
afg,2021,41273
afg,2022,45997
afg,2023,31232
afg,2024,31156
ago,1991,37483
ago,1992,33398
ago,1993,39281
ago,1994,40156
ago,1995,39397
ago,1996,34118
ago,1997,35151
ago,1998,36098
ago,1999,39543
ago,2000,41745
ago,2001,40851
ago,2002,42367
ago,2003,41320
ago,2004,38829
ago,2005,38721
ago,2006,38501
ago,2007,38050
ago,2008,37534
ago,2009,36999
ago,2010,36422
ago,2011,35815
ago,2012,35250
ago,2013,34693
ago,2014,34211
ago,2015,33869
ago,2016,33681
ago,2017,33593
ago,2018,33624
ago,2019,33722
ago,2020,33892
ago,2021,34048
ago,2022,34223
ago,2023,34384
ago,2024,34560
aia,1991,2.0000
aia,1992,1.0000
aia,1993,1.0000
aia,1994,1.0000
aia,1995,1.0000
aia,1996,1.0000
aia,1997,1.0000
aia,1998,1.0000
aia,1999,1.0000
aia,2000,1.0000
aia,2001,1.0000
aia,2002,1.0000
aia,2003,1.0000
aia,2004,1.0000
aia,2005,1.0000
aia,2006,1.0000
aia,2007,1.0000
aia,2008,1.0000
aia,2009,1.0000
aia,2010,1.0000
aia,2011,1.0000
aia,2012,1.0000
aia,2013,1.0000
aia,2014,1.0000
aia,2015,1.0000
aia,2016,1.0000
aia,2017,1.0000
aia,2018,1.0000
aia,2019,1.0000
aia,2020,1.0000
aia,2021,1.0000
aia,2022,1.0000
aia,2023,1.0000
aia,2024,1.0000
alb,1991,942.00
alb,1992,942.00
alb,1993,936.00
alb,1994,918.00
alb,1995,893.00
alb,1996,873.00
alb,1997,855.00
alb,1998,1016.0
alb,1999,802.00
alb,2000,764.00
alb,2001,721.00
alb,2002,674.00
alb,2003,629.00
alb,2004,590.00
alb,2005,562.00
alb,2006,536.00
alb,2007,515.00
alb,2008,495.00
alb,2009,478.00
alb,2010,460.00
alb,2011,442.00
alb,2012,424.00
alb,2013,404.00
alb,2014,378.00
alb,2015,350.00
alb,2016,319.00
alb,2017,295.00
alb,2018,274.00
alb,2019,254.00
alb,2020,237.00
alb,2021,221.00
alb,2022,206.00
alb,2023,211.00
alb,2024,185.00
and,1991,9.0000
and,1992,9.0000
and,1993,9.0000
and,1994,9.0000
and,1995,9.0000
and,1996,7.0000
and,1997,7.0000
and,1998,6.0000
and,1999,6.0000
and,2000,6.0000
and,2001,5.0000
and,2002,4.0000
and,2003,4.0000
and,2004,4.0000
and,2005,4.0000
and,2006,4.0000
and,2007,4.0000
and,2008,4.0000
and,2009,4.0000
and,2010,4.0000
and,2011,4.0000
and,2012,3.0000
and,2013,3.0000
and,2014,2.0000
and,2015,2.0000
and,2016,2.0000
and,2017,2.0000
and,2018,2.0000
and,2019,2.0000
and,2020,2.0000
and,2021,2.0000
and,2022,2.0000
and,2023,2.0000
and,2024,2.0000
are,1991,358.00
are,1992,371.00
are,1993,378.00
are,1994,378.00
are,1995,372.00
are,1996,365.00
are,1997,388.00
are,1998,436.00
are,1999,483.00
are,2000,521.00
are,2001,552.00
are,2002,575.00
are,2003,585.00
are,2004,585.00
are,2005,570.00
are,2006,551.00
are,2007,548.00
are,2008,599.00
are,2009,665.00
are,2010,700.00
are,2011,717.00
are,2012,732.00
are,2013,752.00
are,2014,776.00
are,2015,806.00
are,2016,837.00
are,2017,856.00
are,2018,854.00
are,2019,846.00
are,2020,822.00
are,2021,808.00
are,2022,815.00
are,2023,830.00
are,2024,814.00
arg,1991,6799.0
arg,1992,6867.0
arg,1993,6987.0
arg,1994,7140.0
arg,1995,7280.0
arg,1996,7408.0
arg,1997,7536.0
arg,1998,7671.0
arg,1999,7798.0
arg,2000,7895.0
arg,2001,7931.0
arg,2002,7863.0
arg,2003,7697.0
arg,2004,7507.0
arg,2005,7370.0
arg,2006,7316.0
arg,2007,7358.0
arg,2008,7489.0
arg,2009,7658.0
arg,2010,7816.0
arg,2011,7938.0
arg,2012,8023.0
arg,2013,8059.0
arg,2014,8020.0
arg,2015,7888.0
arg,2016,7683.0
arg,2017,7452.0
arg,2018,7222.0
arg,2019,6999.0
arg,2020,6784.0
arg,2021,6622.0
arg,2022,6553.0
arg,2023,6579.0
arg,2024,6641.0
arm,1991,633.00
arm,1992,652.00
arm,1993,698.00
arm,1994,746.00
arm,1995,756.00
arm,1996,668.00
arm,1997,548.00
arm,1998,457.00
arm,1999,414.00
arm,2000,387.00
arm,2001,355.00
arm,2002,331.00
arm,2003,317.00
arm,2004,318.00
arm,2005,328.00
arm,2006,341.00
arm,2007,354.00
arm,2008,363.00
arm,2009,364.00
arm,2010,359.00
arm,2011,350.00
arm,2012,336.00
arm,2013,322.00
arm,2014,307.00
arm,2015,302.00
arm,2016,314.00
arm,2017,328.00
arm,2018,316.00
arm,2019,276.00
arm,2020,247.00
arm,2021,240.00
arm,2022,254.00
arm,2023,304.00
arm,2024,293.00
atg,1991,11.000
atg,1992,11.000
atg,1993,12.000
atg,1994,12.000
atg,1995,13.000
atg,1996,14.000
atg,1997,14.000
atg,1998,15.000
atg,1999,16.000
atg,2000,16.000
atg,2001,16.000
atg,2002,16.000
atg,2003,16.000
atg,2004,16.000
atg,2005,17.000
atg,2006,17.000
atg,2007,17.000
atg,2008,17.000
atg,2009,17.000
atg,2010,17.000
atg,2011,17.000
atg,2012,15.000
atg,2013,14.000
atg,2014,14.000
atg,2015,14.000
atg,2016,13.000
atg,2017,13.000
atg,2018,12.000
atg,2019,12.000
atg,2020,11.000
atg,2021,10.000
atg,2022,10.000
atg,2023,10.000
atg,2024,10.000
aus,1991,2625.0
aus,1992,2486.0
aus,1993,2367.0
aus,1994,2293.0
aus,1995,2259.0
aus,1996,2263.0
aus,1997,2277.0
aus,1998,2270.0
aus,1999,2227.0
aus,2000,2146.0
aus,2001,2025.0
aus,2002,1893.0
aus,2003,1787.0
aus,2004,1718.0
aus,2005,1672.0
aus,2006,1638.0
aus,2007,1611.0
aus,2008,1588.0
aus,2009,1564.0
aus,2010,1537.0
aus,2011,1509.0
aus,2012,1477.0
aus,2013,1450.0
aus,2014,1423.0
aus,2015,1399.0
aus,2016,1393.0
aus,2017,1407.0
aus,2018,1436.0
aus,2019,1473.0
aus,2020,1497.0
aus,2021,1485.0
aus,2022,1448.0
aus,2023,1405.0
aus,2024,1351.0
aut,1991,1095.0
aut,1992,1072.0
aut,1993,1045.0
aut,1994,1010.0
aut,1995,959.00
aut,1996,899.00
aut,1997,842.00
aut,1998,791.00
aut,1999,754.00
aut,2000,727.00
aut,2001,707.00
aut,2002,694.00
aut,2003,689.00
aut,2004,688.00
aut,2005,681.00
aut,2006,669.00
aut,2007,648.00
aut,2008,622.00
aut,2009,594.00
aut,2010,566.00
aut,2011,533.00
aut,2012,502.00
aut,2013,471.00
aut,2014,446.00
aut,2015,423.00
aut,2016,409.00
aut,2017,398.00
aut,2018,387.00
aut,2019,377.00
aut,2020,375.00
aut,2021,376.00
aut,2022,382.00
aut,2023,393.00
aut,2024,401.00
aze,1991,1620.0
aze,1992,2276.0
aze,1993,4156.0
aze,1994,4669.0
aze,1995,3798.0
aze,1996,3051.0
aze,1997,2450.0
aze,1998,2200.0
aze,1999,2236.0
aze,2000,2348.0
aze,2001,2295.0
aze,2002,2113.0
aze,2003,1973.0
aze,2004,1922.0
aze,2005,1920.0
aze,2006,1907.0
aze,2007,1849.0
aze,2008,1746.0
aze,2009,1750.0
aze,2010,1509.0
aze,2011,1451.0
aze,2012,1431.0
aze,2013,1542.0
aze,2014,1393.0
aze,2015,1464.0
aze,2016,1400.0
aze,2017,1348.0
aze,2018,1329.0
aze,2019,1248.0
aze,2020,1286.0
aze,2021,2681.0
aze,2022,1440.0
aze,2023,1479.0
aze,2024,1444.0
bdi,1991,17845
bdi,1992,19056
bdi,1993,20321
bdi,1994,35796
bdi,1995,21076
bdi,1996,22360
bdi,1997,22199
bdi,1998,21808
bdi,1999,21540
bdi,2000,20894
bdi,2001,21199
bdi,2002,20293
bdi,2003,18417
bdi,2004,16328
bdi,2005,15037
bdi,2006,13778
bdi,2007,12556
bdi,2008,11552
bdi,2009,10823
bdi,2010,10376
bdi,2011,10138
bdi,2012,9995.0
bdi,2013,9994.0
bdi,2014,10098
bdi,2015,10247
bdi,2016,10393
bdi,2017,10518
bdi,2018,10652
bdi,2019,10820
bdi,2020,11033
bdi,2021,11197
bdi,2022,11297
bdi,2023,11359
bdi,2024,11399
bel,1991,1314.0
bel,1992,1275.0
bel,1993,1239.0
bel,1994,1202.0
bel,1995,1165.0
bel,1996,1120.0
bel,1997,1076.0
bel,1998,1037.0
bel,1999,1015.0
bel,2000,998.00
bel,2001,978.00
bel,2002,946.00
bel,2003,904.00
bel,2004,854.00
bel,2005,805.00
bel,2006,765.00
bel,2007,740.00
bel,2008,722.00
bel,2009,706.00
bel,2010,691.00
bel,2011,674.00
bel,2012,652.00
bel,2013,630.00
bel,2014,604.00
bel,2015,579.00
bel,2016,556.00
bel,2017,534.00
bel,2018,512.00
bel,2019,495.00
bel,2020,481.00
bel,2021,471.00
bel,2022,461.00
bel,2023,453.00
bel,2024,446.00
ben,1991,9083.0
ben,1992,9076.0
ben,1993,9084.0
ben,1994,9179.0
ben,1995,9234.0
ben,1996,9189.0
ben,1997,9193.0
ben,1998,9220.0
ben,1999,9259.0
ben,2000,9329.0
ben,2001,9425.0
ben,2002,9505.0
ben,2003,9590.0
ben,2004,9670.0
ben,2005,9756.0
ben,2006,9847.0
ben,2007,9949.0
ben,2008,10047
ben,2009,10180
ben,2010,10333
ben,2011,10502
ben,2012,10709
ben,2013,10942
ben,2014,11164
ben,2015,11394
ben,2016,11630
ben,2017,11863
ben,2018,12072
ben,2019,12251
ben,2020,12397
ben,2021,12513
ben,2022,12606
ben,2023,12698
ben,2024,12758
bfa,1991,16378
bfa,1992,16712
bfa,1993,17049
bfa,1994,17401
bfa,1995,17770
bfa,1996,18111
bfa,1997,18388
bfa,1998,18596
bfa,1999,18738
bfa,2000,18821
bfa,2001,18797
bfa,2002,18712
bfa,2003,18542
bfa,2004,18326
bfa,2005,18060
bfa,2006,17732
bfa,2007,17391
bfa,2008,16971
bfa,2009,16526
bfa,2010,16061
bfa,2011,15584
bfa,2012,15118
bfa,2013,14685
bfa,2014,14275
bfa,2015,13862
bfa,2016,13473
bfa,2017,13090
bfa,2018,12728
bfa,2019,12364
bfa,2020,12031
bfa,2021,11753
bfa,2022,11550
bfa,2023,12463
bfa,2024,13507
bgd,1991,125350
bgd,1992,180020
bgd,1993,121850
bgd,1994,120340
bgd,1995,118550
bgd,1996,115750
bgd,1997,111090
bgd,1998,103660
bgd,1999,93597
bgd,2000,83655
bgd,2001,76125
bgd,2002,71632
bgd,2003,69732
bgd,2004,69726
bgd,2005,70953
bgd,2006,72325
bgd,2007,73008
bgd,2008,72429
bgd,2009,70472
bgd,2010,67590
bgd,2011,64484
bgd,2012,61673
bgd,2013,59294
bgd,2014,57305
bgd,2015,55748
bgd,2016,54667
bgd,2017,53930
bgd,2018,53304
bgd,2019,52532
bgd,2020,51534
bgd,2021,50401
bgd,2022,49242
bgd,2023,48217
bgd,2024,47155
bgr,1991,1494.0
bgr,1992,1487.0
bgr,1993,1478.0
bgr,1994,1464.0
bgr,1995,1444.0
bgr,1996,1410.0
bgr,1997,1364.0
bgr,1998,1310.0
bgr,1999,1246.0
bgr,2000,1174.0
bgr,2001,1103.0
bgr,2002,1034.0
bgr,2003,976.00
bgr,2004,928.00
bgr,2005,889.00
bgr,2006,860.00
bgr,2007,837.00
bgr,2008,809.00
bgr,2009,777.00
bgr,2010,741.00
bgr,2011,701.00
bgr,2012,657.00
bgr,2013,617.00
bgr,2014,577.00
bgr,2015,542.00
bgr,2016,513.00
bgr,2017,489.00
bgr,2018,470.00
bgr,2019,457.00
bgr,2020,449.00
bgr,2021,449.00
bgr,2022,451.00
bgr,2023,453.00
bgr,2024,458.00
bhr,1991,94.000
bhr,1992,93.000
bhr,1993,97.000
bhr,1994,101.00
bhr,1995,103.00
bhr,1996,107.00
bhr,1997,109.00
bhr,1998,113.00
bhr,1999,114.00
bhr,2000,112.00
bhr,2001,111.00
bhr,2002,114.00
bhr,2003,125.00
bhr,2004,136.00
bhr,2005,145.00
bhr,2006,151.00
bhr,2007,155.00
bhr,2008,156.00
bhr,2009,152.00
bhr,2010,146.00
bhr,2011,141.00
bhr,2012,133.00
bhr,2013,128.00
bhr,2014,127.00
bhr,2015,127.00
bhr,2016,128.00
bhr,2017,126.00
bhr,2018,126.00
bhr,2019,124.00
bhr,2020,118.00
bhr,2021,122.00
bhr,2022,127.00
bhr,2023,118.00
bhr,2024,113.00
bhs,1991,88.000
bhs,1992,92.000
bhs,1993,94.000
bhs,1994,95.000
bhs,1995,97.000
bhs,1996,101.00
bhs,1997,101.00
bhs,1998,101.00
bhs,1999,100.00
bhs,2000,100.00
bhs,2001,99.000
bhs,2002,98.000
bhs,2003,97.000
bhs,2004,98.000
bhs,2005,99.000
bhs,2006,101.00
bhs,2007,104.00
bhs,2008,109.00
bhs,2009,113.00
bhs,2010,119.00
bhs,2011,125.00
bhs,2012,129.00
bhs,2013,133.00
bhs,2014,136.00
bhs,2015,135.00
bhs,2016,128.00
bhs,2017,121.00
bhs,2018,113.00
bhs,2019,104.00
bhs,2020,177.00
bhs,2021,87.000
bhs,2022,78.000
bhs,2023,74.000
bhs,2024,71.000
bih,1991,690.00
bih,1992,692.00
bih,1993,8795.0
bih,1994,8240.0
bih,1995,2264.0
bih,1996,1177.0
bih,1997,449.00
bih,1998,438.00
bih,1999,414.00
bih,2000,391.00
bih,2001,370.00
bih,2002,355.00
bih,2003,345.00
bih,2004,335.00
bih,2005,328.00
bih,2006,319.00
bih,2007,313.00
bih,2008,302.00
bih,2009,285.00
bih,2010,267.00
bih,2011,252.00
bih,2012,237.00
bih,2013,226.00
bih,2014,219.00
bih,2015,214.00
bih,2016,213.00
bih,2017,207.00
bih,2018,202.00
bih,2019,197.00
bih,2020,190.00
bih,2021,181.00
bih,2022,168.00
bih,2023,157.00
bih,2024,148.00
blr,1991,2210.0
blr,1992,2282.0
blr,1993,2324.0
blr,1994,2349.0
blr,1995,2355.0
blr,1996,2351.0
blr,1997,2352.0
blr,1998,2351.0
blr,1999,2357.0
blr,2000,2366.0
blr,2001,2353.0
blr,2002,2290.0
blr,2003,2186.0
blr,2004,2085.0
blr,2005,2004.0
blr,2006,1921.0
blr,2007,1828.0
blr,2008,1731.0
blr,2009,1635.0
blr,2010,1544.0
blr,2011,1447.0
blr,2012,1327.0
blr,2013,1190.0
blr,2014,1050.0
blr,2015,913.00
blr,2016,797.00
blr,2017,701.00
blr,2018,623.00
blr,2019,564.00
blr,2020,519.00
blr,2021,483.00
blr,2022,458.00
blr,2023,445.00
blr,2024,436.00
blz,1991,58.000
blz,1992,62.000
blz,1993,68.000
blz,1994,75.000
blz,1995,83.000
blz,1996,90.000
blz,1997,98.000
blz,1998,108.00
blz,1999,115.00
blz,2000,118.00
blz,2001,122.00
blz,2002,124.00
blz,2003,128.00
blz,2004,130.00
blz,2005,132.00
blz,2006,134.00
blz,2007,137.00
blz,2008,140.00
blz,2009,142.00
blz,2010,145.00
blz,2011,148.00
blz,2012,149.00
blz,2013,149.00
blz,2014,148.00
blz,2015,148.00
blz,2016,147.00
blz,2017,143.00
blz,2018,141.00
blz,2019,139.00
blz,2020,135.00
blz,2021,135.00
blz,2022,134.00
blz,2023,135.00
blz,2024,138.00
bol,1991,5336.0
bol,1992,5203.0
bol,1993,5090.0
bol,1994,4982.0
bol,1995,4879.0
bol,1996,4787.0
bol,1997,4706.0
bol,1998,4631.0
bol,1999,4555.0
bol,2000,4474.0
bol,2001,4395.0
bol,2002,4307.0
bol,2003,4225.0
bol,2004,4141.0
bol,2005,4059.0
bol,2006,3972.0
bol,2007,3884.0
bol,2008,3794.0
bol,2009,3720.0
bol,2010,3654.0
bol,2011,3595.0
bol,2012,3545.0
bol,2013,3499.0
bol,2014,3445.0
bol,2015,3399.0
bol,2016,3336.0
bol,2017,3285.0
bol,2018,3227.0
bol,2019,3180.0
bol,2020,3128.0
bol,2021,3074.0
bol,2022,3033.0
bol,2023,2979.0
bol,2024,2936.0
bra,1991,54714
bra,1992,55393
bra,1993,56322
bra,1994,57468
bra,1995,58749
bra,1996,59956
bra,1997,60797
bra,1998,61188
bra,1999,61388
bra,2000,61712
bra,2001,62147
bra,2002,62551
bra,2003,62792
bra,2004,62705
bra,2005,62164
bra,2006,61418
bra,2007,60839
bra,2008,60652
bra,2009,60739
bra,2010,60954
bra,2011,61217
bra,2012,61491
bra,2013,61771
bra,2014,62043
bra,2015,62180
bra,2016,61871
bra,2017,60807
bra,2018,58910
bra,2019,56637
bra,2020,54499
bra,2021,52668
bra,2022,51045
bra,2023,49538
bra,2024,48057
brb,1991,59.000
brb,1992,56.000
brb,1993,52.000
brb,1994,50.000
brb,1995,49.000
brb,1996,47.000
brb,1997,45.000
brb,1998,45.000
brb,1999,44.000
brb,2000,43.000
brb,2001,43.000
brb,2002,44.000
brb,2003,43.000
brb,2004,43.000
brb,2005,42.000
brb,2006,43.000
brb,2007,43.000
brb,2008,40.000
brb,2009,40.000
brb,2010,39.000
brb,2011,37.000
brb,2012,36.000
brb,2013,33.000
brb,2014,33.000
brb,2015,32.000
brb,2016,31.000
brb,2017,31.000
brb,2018,31.000
brb,2019,28.000
brb,2020,28.000
brb,2021,29.000
brb,2022,27.000
brb,2023,26.000
brb,2024,25.000
brn,1991,70.000
brn,1992,70.000
brn,1993,71.000
brn,1994,71.000
brn,1995,72.000
brn,1996,72.000
brn,1997,70.000
brn,1998,69.000
brn,1999,67.000
brn,2000,64.000
brn,2001,63.000
brn,2002,62.000
brn,2003,60.000
brn,2004,56.000
brn,2005,55.000
brn,2006,53.000
brn,2007,53.000
brn,2008,53.000
brn,2009,52.000
brn,2010,53.000
brn,2011,53.000
brn,2012,51.000
brn,2013,50.000
brn,2014,49.000
brn,2015,48.000
brn,2016,48.000
brn,2017,45.000
brn,2018,45.000
brn,2019,44.000
brn,2020,45.000
brn,2021,45.000
brn,2022,45.000
brn,2023,44.000
brn,2024,44.000
btn,1991,609.00
btn,1992,597.00
btn,1993,555.00
btn,1994,513.00
btn,1995,494.00
btn,1996,471.00
btn,1997,457.00
btn,1998,451.00
btn,1999,446.00
btn,2000,442.00
btn,2001,470.00
btn,2002,440.00
btn,2003,437.00
btn,2004,432.00
btn,2005,427.00
btn,2006,420.00
btn,2007,413.00
btn,2008,403.00
btn,2009,392.00
btn,2010,385.00
btn,2011,377.00
btn,2012,366.00
btn,2013,357.00
btn,2014,348.00
btn,2015,340.00
btn,2016,328.00
btn,2017,319.00
btn,2018,309.00
btn,2019,296.00
btn,2020,285.00
btn,2021,276.00
btn,2022,267.00
btn,2023,259.00
btn,2024,250.00
bwa,1991,1730.0
bwa,1992,1750.0
bwa,1993,1771.0
bwa,1994,1783.0
bwa,1995,1795.0
bwa,1996,1804.0
bwa,1997,1807.0
bwa,1998,1807.0
bwa,1999,1803.0
bwa,2000,1795.0
bwa,2001,1779.0
bwa,2002,1750.0
bwa,2003,1712.0
bwa,2004,1666.0
bwa,2005,1610.0
bwa,2006,1550.0
bwa,2007,1553.0
bwa,2008,1429.0
bwa,2009,1370.0
bwa,2010,1313.0
bwa,2011,1255.0
bwa,2012,1201.0
bwa,2013,1155.0
bwa,2014,1127.0
bwa,2015,1108.0
bwa,2016,1094.0
bwa,2017,1080.0
bwa,2018,1067.0
bwa,2019,1053.0
bwa,2020,1043.0
bwa,2021,1033.0
bwa,2022,1022.0
bwa,2023,1009.0
bwa,2024,990.00
caf,1991,4651.0
caf,1992,4751.0
caf,1993,4873.0
caf,1994,5017.0
caf,1995,5160.0
caf,1996,5283.0
caf,1997,5408.0
caf,1998,5567.0
caf,1999,5744.0
caf,2000,5950.0
caf,2001,6188.0
caf,2002,6397.0
caf,2003,6610.0
caf,2004,6843.0
caf,2005,7042.0
caf,2006,7240.0
caf,2007,7389.0
caf,2008,7491.0
caf,2009,7602.0
caf,2010,83628
caf,2011,11101
caf,2012,8912.0
caf,2013,8023.0
caf,2014,10279
caf,2015,19681
caf,2016,8918.0
caf,2017,10191
caf,2018,16205
caf,2019,10103
caf,2020,37685
caf,2021,11794
caf,2022,23412
caf,2023,80560
caf,2024,7179.0
can,1991,3899.0
can,1992,3708.0
can,1993,3537.0
can,1994,3387.0
can,1995,3275.0
can,1996,3195.0
can,1997,3132.0
can,1998,3076.0
can,1999,3027.0
can,2000,2980.0
can,2001,2938.0
can,2002,2900.0
can,2003,2863.0
can,2004,2833.0
can,2005,2821.0
can,2006,2811.0
can,2007,2779.0
can,2008,2715.0
can,2009,2639.0
can,2010,2578.0
can,2011,2528.0
can,2012,2471.0
can,2013,2410.0
can,2014,2362.0
can,2015,2340.0
can,2016,2354.0
can,2017,2400.0
can,2018,2473.0
can,2019,2561.0
can,2020,2642.0
can,2021,2695.0
can,2022,2723.0
can,2023,2764.0
can,2024,2800.0
che,1991,956.00
che,1992,922.00
che,1993,881.00
che,1994,831.00
che,1995,782.00
che,1996,733.00
che,1997,683.00
che,1998,640.00
che,1999,602.00
che,2000,573.00
che,2001,551.00
che,2002,533.00
che,2003,515.00
che,2004,499.00
che,2005,484.00
che,2006,466.00
che,2007,447.00
che,2008,429.00
che,2009,409.00
che,2010,389.00
che,2011,372.00
che,2012,355.00
che,2013,339.00
che,2014,327.00
che,2015,317.00
che,2016,312.00
che,2017,306.00
che,2018,306.00
che,2019,305.00
che,2020,303.00
che,2021,303.00
che,2022,302.00
che,2023,299.00
che,2024,296.00
chl,1991,2911.0
chl,1992,2844.0
chl,1993,2788.0
chl,1994,2751.0
chl,1995,2723.0
chl,1996,2690.0
chl,1997,2643.0
chl,1998,2569.0
chl,1999,2472.0
chl,2000,2386.0
chl,2001,2328.0
chl,2002,2294.0
chl,2003,2265.0
chl,2004,2224.0
chl,2005,2182.0
chl,2006,2143.0
chl,2007,2124.0
chl,2008,2138.0
chl,2009,2181.0
chl,2010,2205.0
chl,2011,2152.0
chl,2012,2048.0
chl,2013,1949.0
chl,2014,1884.0
chl,2015,1839.0
chl,2016,1793.0
chl,2017,1754.0
chl,2018,1727.0
chl,2019,1710.0
chl,2020,1715.0
chl,2021,1739.0
chl,2022,1778.0
chl,2023,1813.0
chl,2024,1822.0
chn,1991,364200
chn,1992,349310
chn,1993,335940
chn,1994,322040
chn,1995,307720
chn,1996,294030
chn,1997,279930
chn,1998,265020
chn,1999,250630
chn,2000,236990
chn,2001,225240
chn,2002,215500
chn,2003,207530
chn,2004,200340
chn,2005,193090
chn,2006,186210
chn,2007,179050
chn,2008,171000
chn,2009,163570
chn,2010,156960
chn,2011,150560
chn,2012,143420
chn,2013,135590
chn,2014,128240
chn,2015,121380
chn,2016,114670
chn,2017,108750
chn,2018,104860
chn,2019,101710
chn,2020,98703
chn,2021,95980
chn,2022,93541
chn,2023,91635
chn,2024,89509
civ,1991,17732
civ,1992,18420
civ,1993,19146
civ,1994,19914
civ,1995,20693
civ,1996,21480
civ,1997,22253
civ,1998,22991
civ,1999,23665
civ,2000,24078
civ,2001,24282
civ,2002,24417
civ,2003,24541
civ,2004,24683
civ,2005,24847
civ,2006,25038
civ,2007,25224
civ,2008,25413
civ,2009,25423
civ,2010,25193
civ,2011,24793
civ,2012,24255
civ,2013,23656
civ,2014,23040
civ,2015,22660
civ,2016,22567
civ,2017,22446
civ,2018,22284
civ,2019,22122
civ,2020,22040
civ,2021,22058
civ,2022,22076
civ,2023,22117
civ,2024,22145
cmr,1991,16875
cmr,1992,17431
cmr,1993,18006
cmr,1994,18587
cmr,1995,19190
cmr,1996,19786
cmr,1997,20387
cmr,1998,20984
cmr,1999,21549
cmr,2000,22080
cmr,2001,22562
cmr,2002,22998
cmr,2003,23408
cmr,2004,23784
cmr,2005,24157
cmr,2006,24501
cmr,2007,24817
cmr,2008,25124
cmr,2009,25436
cmr,2010,25761
cmr,2011,26087
cmr,2012,26425
cmr,2013,26773
cmr,2014,27107
cmr,2015,27517
cmr,2016,27930
cmr,2017,28286
cmr,2018,28611
cmr,2019,28817
cmr,2020,29043
cmr,2021,29235
cmr,2022,29412
cmr,2023,29581
cmr,2024,29673
cod,1991,68569
cod,1992,69843
cod,1993,71157
cod,1994,72456
cod,1995,74589
cod,1996,76207
cod,1997,81957
cod,1998,76323
cod,1999,89099
cod,2000,90942
cod,2001,80948
cod,2002,82905
cod,2003,84612
cod,2004,86181
cod,2005,87751
cod,2006,89528
cod,2007,91370
cod,2008,93334
cod,2009,95454
cod,2010,97657
cod,2011,100140
cod,2012,102850
cod,2013,105420
cod,2014,107920
cod,2015,110270
cod,2016,112230
cod,2017,114130
cod,2018,116010
cod,2019,117690
cod,2020,118870
cod,2021,120020
cod,2022,121030
cod,2023,121970
cod,2024,123660
cog,1991,4874.0
cog,1992,4769.0
cog,1993,4668.0
cog,1994,4580.0
cog,1995,4502.0
cog,1996,4415.0
cog,1997,4324.0
cog,1998,7581.0
cog,1999,5238.0
cog,2000,4251.0
cog,2001,3918.0
cog,2002,3835.0
cog,2003,3688.0
cog,2004,3563.0
cog,2005,3467.0
cog,2006,3377.0
cog,2007,3296.0
cog,2008,3213.0
cog,2009,3119.0
cog,2010,3046.0
cog,2011,2969.0
cog,2012,2870.0
cog,2013,2769.0
cog,2014,2678.0
cog,2015,2621.0
cog,2016,2581.0
cog,2017,2575.0
cog,2018,2572.0
cog,2019,2578.0
cog,2020,3645.0
cog,2021,2580.0
cog,2022,2587.0
cog,2023,2602.0
cog,2024,2616.0
cok,1991,9.0000
cok,1992,9.0000
cok,1993,8.0000
cok,1994,8.0000
cok,1995,8.0000
cok,1996,8.0000
cok,1997,8.0000
cok,1998,7.0000
cok,1999,7.0000
cok,2000,5.0000
cok,2001,5.0000
cok,2002,4.0000
cok,2003,4.0000
cok,2004,4.0000
cok,2005,4.0000
cok,2006,4.0000
cok,2007,4.0000
cok,2008,4.0000
cok,2009,4.0000
cok,2010,4.0000
cok,2011,3.0000
cok,2012,3.0000
cok,2013,3.0000
cok,2014,3.0000
cok,2015,3.0000
cok,2016,3.0000
cok,2017,3.0000
cok,2018,2.0000
cok,2019,2.0000
cok,2020,1.0000
cok,2021,1.0000
cok,2022,1.0000
cok,2023,1.0000
cok,2024,1.0000
col,1991,17074
col,1992,18291
col,1993,19354
col,1994,20105
col,1995,20431
col,1996,20289
col,1997,19957
col,1998,19858
col,1999,20192
col,2000,20768
col,2001,21344
col,2002,21531
col,2003,20890
col,2004,19405
col,2005,17703
col,2006,16278
col,2007,15288
col,2008,14772
col,2009,14667
col,2010,14706
col,2011,14616
col,2012,14333
col,2013,13939
col,2014,13521
col,2015,13125
col,2016,12799
col,2017,12575
col,2018,12503
col,2019,12565
col,2020,12675
col,2021,12792
col,2022,12897
col,2023,12953
col,2024,12903
com,1991,421.00
com,1992,417.00
com,1993,411.00
com,1994,405.00
com,1995,399.00
com,1996,394.00
com,1997,390.00
com,1998,388.00
com,1999,384.00
com,2000,379.00
com,2001,373.00
com,2002,369.00
com,2003,365.00
com,2004,360.00
com,2005,357.00
com,2006,350.00
com,2007,344.00
com,2008,337.00
com,2009,327.00
com,2010,318.00
com,2011,309.00
com,2012,299.00
com,2013,288.00
com,2014,278.00
com,2015,271.00
com,2016,261.00
com,2017,255.00
com,2018,246.00
com,2019,242.00
com,2020,238.00
com,2021,236.00
com,2022,233.00
com,2023,233.00
com,2024,230.00
cpv,1991,113.00
cpv,1992,116.00
cpv,1993,122.00
cpv,1994,127.00
cpv,1995,131.00
cpv,1996,207.00
cpv,1997,136.00
cpv,1998,139.00
cpv,1999,141.00
cpv,2000,141.00
cpv,2001,141.00
cpv,2002,140.00
cpv,2003,139.00
cpv,2004,138.00
cpv,2005,134.00
cpv,2006,134.00
cpv,2007,133.00
cpv,2008,130.00
cpv,2009,130.00
cpv,2010,126.00
cpv,2011,124.00
cpv,2012,118.00
cpv,2013,115.00
cpv,2014,108.00
cpv,2015,104.00
cpv,2016,97.000
cpv,2017,91.000
cpv,2018,84.000
cpv,2019,78.000
cpv,2020,74.000
cpv,2021,71.000
cpv,2022,68.000
cpv,2023,65.000
cpv,2024,63.000
cri,1991,574.00
cri,1992,588.00
cri,1993,605.00
cri,1994,625.00
cri,1995,647.00
cri,1996,671.00
cri,1997,693.00
cri,1998,714.00
cri,1999,729.00
cri,2000,736.00
cri,2001,735.00
cri,2002,736.00
cri,2003,736.00
cri,2004,737.00
cri,2005,731.00
cri,2006,732.00
cri,2007,747.00
cri,2008,778.00
cri,2009,806.00
cri,2010,796.00
cri,2011,757.00
cri,2012,715.00
cri,2013,685.00
cri,2014,677.00
cri,2015,691.00
cri,2016,722.00
cri,2017,748.00
cri,2018,758.00
cri,2019,748.00
cri,2020,726.00
cri,2021,704.00
cri,2022,696.00
cri,2023,705.00
cri,2024,720.00
cub,1991,3013.0
cub,1992,2921.0
cub,1993,2811.0
cub,1994,2683.0
cub,1995,2530.0
cub,1996,2357.0
cub,1997,2168.0
cub,1998,1977.0
cub,1999,1800.0
cub,2000,1646.0
cub,2001,1514.0
cub,2002,1404.0
cub,2003,1316.0
cub,2004,1250.0
cub,2005,1206.0
cub,2006,1174.0
cub,2007,1148.0
cub,2008,1120.0
cub,2009,1092.0
cub,2010,1069.0
cub,2011,1045.0
cub,2012,1025.0
cub,2013,1003.0
cub,2014,973.00
cub,2015,944.00
cub,2016,918.00
cub,2017,897.00
cub,2018,889.00
cub,2019,889.00
cub,2020,899.00
cub,2021,916.00
cub,2022,940.00
cub,2023,965.00
cub,2024,982.00
cyp,1991,109.00
cyp,1992,112.00
cyp,1993,118.00
cyp,1994,123.00
cyp,1995,127.00
cyp,1996,133.00
cyp,1997,138.00
cyp,1998,143.00
cyp,1999,146.00
cyp,2000,149.00
cyp,2001,151.00
cyp,2002,149.00
cyp,2003,147.00
cyp,2004,142.00
cyp,2005,136.00
cyp,2006,127.00
cyp,2007,120.00
cyp,2008,112.00
cyp,2009,104.00
cyp,2010,97.000
cyp,2011,88.000
cyp,2012,82.000
cyp,2013,77.000
cyp,2014,71.000
cyp,2015,66.000
cyp,2016,63.000
cyp,2017,62.000
cyp,2018,60.000
cyp,2019,57.000
cyp,2020,56.000
cyp,2021,54.000
cyp,2022,54.000
cyp,2023,54.000
cyp,2024,54.000
cze,1991,1406.0
cze,1992,1435.0
cze,1993,1454.0
cze,1994,1462.0
cze,1995,1453.0
cze,1996,1425.0
cze,1997,1381.0
cze,1998,1330.0
cze,1999,1275.0
cze,2000,1215.0
cze,2001,1152.0
cze,2002,1091.0
cze,2003,1032.0
cze,2004,972.00
cze,2005,917.00
cze,2006,866.00
cze,2007,824.00
cze,2008,787.00
cze,2009,752.00
cze,2010,719.00
cze,2011,684.00
cze,2012,653.00
cze,2013,621.00
cze,2014,592.00
cze,2015,563.00
cze,2016,539.00
cze,2017,516.00
cze,2018,494.00
cze,2019,475.00
cze,2020,462.00
cze,2021,455.00
cze,2022,454.00
cze,2023,474.00
cze,2024,491.00
deu,1991,8870.0
deu,1992,8579.0
deu,1993,8267.0
deu,1994,7894.0
deu,1995,7466.0
deu,1996,7094.0
deu,1997,6793.0
deu,1998,6592.0
deu,1999,6334.0
deu,2000,6075.0
deu,2001,5928.0
deu,2002,5748.0
deu,2003,5518.0
deu,2004,5243.0
deu,2005,4945.0
deu,2006,4672.0
deu,2007,4376.0
deu,2008,4100.0
deu,2009,3921.0
deu,2010,3807.0
deu,2011,3696.0
deu,2012,3552.0
deu,2013,3374.0
deu,2014,3210.0
deu,2015,3107.0
deu,2016,3051.0
deu,2017,3015.0
deu,2018,2963.0
deu,2019,2910.0
deu,2020,2875.0
deu,2021,2862.0
deu,2022,2858.0
deu,2023,2868.0
deu,2024,2892.0
dji,1991,893.00
dji,1992,1025.0
dji,1993,1106.0
dji,1994,911.00
dji,1995,921.00
dji,1996,919.00
dji,1997,933.00
dji,1998,957.00
dji,1999,978.00
dji,2000,993.00
dji,2001,1002.0
dji,2002,1006.0
dji,2003,1009.0
dji,2004,998.00
dji,2005,983.00
dji,2006,973.00
dji,2007,968.00
dji,2008,968.00
dji,2009,965.00
dji,2010,965.00
dji,2011,961.00
dji,2012,955.00
dji,2013,946.00
dji,2014,939.00
dji,2015,927.00
dji,2016,918.00
dji,2017,907.00
dji,2018,895.00
dji,2019,883.00
dji,2020,872.00
dji,2021,857.00
dji,2022,845.00
dji,2023,834.00
dji,2024,818.00
dma,1991,20.000
dma,1992,20.000
dma,1993,19.000
dma,1994,18.000
dma,1995,15.000
dma,1996,15.000
dma,1997,14.000
dma,1998,13.000
dma,1999,13.000
dma,2000,13.000
dma,2001,13.000
dma,2002,13.000
dma,2003,13.000
dma,2004,13.000
dma,2005,12.000
dma,2006,12.000
dma,2007,13.000
dma,2008,13.000
dma,2009,12.000
dma,2010,12.000
dma,2011,12.000
dma,2012,11.000
dma,2013,13.000
dma,2014,13.000
dma,2015,15.000
dma,2016,15.000
dma,2017,14.000
dma,2018,23.000
dma,2019,12.000
dma,2020,12.000
dma,2021,12.000
dma,2022,12.000
dma,2023,11.000
dma,2024,11.000
dnk,1991,523.00
dnk,1992,500.00
dnk,1993,479.00
dnk,1994,464.00
dnk,1995,454.00
dnk,1996,446.00
dnk,1997,436.00
dnk,1998,423.00
dnk,1999,411.00
dnk,2000,397.00
dnk,2001,383.00
dnk,2002,368.00
dnk,2003,356.00
dnk,2004,343.00
dnk,2005,328.00
dnk,2006,318.00
dnk,2007,307.00
dnk,2008,299.00
dnk,2009,289.00
dnk,2010,278.00
dnk,2011,268.00
dnk,2012,253.00
dnk,2013,241.00
dnk,2014,234.00
dnk,2015,228.00
dnk,2016,223.00
dnk,2017,223.00
dnk,2018,221.00
dnk,2019,220.00
dnk,2020,220.00
dnk,2021,218.00
dnk,2022,217.00
dnk,2023,216.00
dnk,2024,217.00
dom,1991,3211.0
dom,1992,3253.0
dom,1993,3308.0
dom,1994,3370.0
dom,1995,3438.0
dom,1996,3511.0
dom,1997,3578.0
dom,1998,3646.0
dom,1999,3707.0
dom,2000,3754.0
dom,2001,3793.0
dom,2002,3828.0
dom,2003,3853.0
dom,2004,3866.0
dom,2005,3880.0
dom,2006,3891.0
dom,2007,3897.0
dom,2008,3887.0
dom,2009,3864.0
dom,2010,3818.0
dom,2011,3758.0
dom,2012,3686.0
dom,2013,3602.0
dom,2014,3524.0
dom,2015,3450.0
dom,2016,3379.0
dom,2017,3309.0
dom,2018,3249.0
dom,2019,3177.0
dom,2020,3101.0
dom,2021,3035.0
dom,2022,2964.0
dom,2023,2913.0
dom,2024,2851.0
dza,1991,12311
dza,1992,12365
dza,1993,12412
dza,1994,12446
dza,1995,14090
dza,1996,13393
dza,1997,12300
dza,1998,13095
dza,1999,13139
dza,2000,11478
dza,2001,11059
dza,2002,10596
dza,2003,10087
dza,2004,9977.0
dza,2005,9036.0
dza,2006,8621.0
dza,2007,8284.0
dza,2008,7979.0
dza,2009,7695.0
dza,2010,7448.0
dza,2011,7236.0
dza,2012,7070.0
dza,2013,6959.0
dza,2014,6891.0
dza,2015,6820.0
dza,2016,6720.0
dza,2017,6586.0
dza,2018,6440.0
dza,2019,6289.0
dza,2020,6181.0
dza,2021,6147.0
dza,2022,6200.0
dza,2023,6338.0
dza,2024,6566.0
ecu,1991,4970.0
ecu,1992,4869.0
ecu,1993,4774.0
ecu,1994,4692.0
ecu,1995,4631.0
ecu,1996,4601.0
ecu,1997,4603.0
ecu,1998,4638.0
ecu,1999,4697.0
ecu,2000,4781.0
ecu,2001,4876.0
ecu,2002,4983.0
ecu,2003,5096.0
ecu,2004,5215.0
ecu,2005,5331.0
ecu,2006,5429.0
ecu,2007,5500.0
ecu,2008,5527.0
ecu,2009,5502.0
ecu,2010,5418.0
ecu,2011,5278.0
ecu,2012,5096.0
ecu,2013,4891.0
ecu,2014,4684.0
ecu,2015,4495.0
ecu,2016,4346.0
ecu,2017,4340.0
ecu,2018,4157.0
ecu,2019,4126.0
ecu,2020,4198.0
ecu,2021,4423.0
ecu,2022,4858.0
ecu,2023,5575.0
ecu,2024,6613.0
egy,1991,30994
egy,1992,29737
egy,1993,28561
egy,1994,27603
egy,1995,26776
egy,1996,25980
egy,1997,25156
egy,1998,24338
egy,1999,23602
egy,2000,22957
egy,2001,22409
egy,2002,21976
egy,2003,21623
egy,2004,21329
egy,2005,21102
egy,2006,21002
egy,2007,21070
egy,2008,21290
egy,2009,21658
egy,2010,22144
egy,2011,22694
egy,2012,23264
egy,2013,23675
egy,2014,23723
egy,2015,23434
egy,2016,22922
egy,2017,22396
egy,2018,22042
egy,2019,22001
egy,2020,22291
egy,2021,22880
egy,2022,23690
egy,2023,24492
egy,2024,25045
eri,1991,4610.0
eri,1992,4139.0
eri,1993,3387.0
eri,1994,3297.0
eri,1995,3204.0
eri,1996,3184.0
eri,1997,3129.0
eri,1998,2960.0
eri,1999,5249.0
eri,2000,7599.0
eri,2001,3046.0
eri,2002,2554.0
eri,2003,2533.0
eri,2004,2532.0
eri,2005,2522.0
eri,2006,2470.0
eri,2007,2397.0
eri,2008,2338.0
eri,2009,2323.0
eri,2010,2314.0
eri,2011,2296.0
eri,2012,2277.0
eri,2013,2250.0
eri,2014,2216.0
eri,2015,2176.0
eri,2016,2134.0
eri,2017,2107.0
eri,2018,2093.0
eri,2019,2089.0
eri,2020,2087.0
eri,2021,2085.0
eri,2022,2076.0
eri,2023,2056.0
eri,2024,2035.0
esp,1991,6830.0
esp,1992,6510.0
esp,1993,5972.0
esp,1994,5422.0
esp,1995,4986.0
esp,1996,4686.0
esp,1997,4490.0
esp,1998,4360.0
esp,1999,4237.0
esp,2000,4068.0
esp,2001,3852.0
esp,2002,3620.0
esp,2003,3430.0
esp,2004,3263.0
esp,2005,3074.0
esp,2006,2867.0
esp,2007,2666.0
esp,2008,2486.0
esp,2009,2295.0
esp,2010,2077.0
esp,2011,1866.0
esp,2012,1695.0
esp,2013,1564.0
esp,2014,1470.0
esp,2015,1414.0
esp,2016,1382.0
esp,2017,1371.0
esp,2018,1366.0
esp,2019,1370.0
esp,2020,1390.0
esp,2021,1418.0
esp,2022,1459.0
esp,2023,1515.0
esp,2024,1567.0
est,1991,398.00
est,1992,418.00
est,1993,427.00
est,1994,426.00
est,1995,418.00
est,1996,396.00
est,1997,367.00
est,1998,340.00
est,1999,318.00
est,2000,302.00
est,2001,289.00
est,2002,280.00
est,2003,270.00
est,2004,261.00
est,2005,252.00
est,2006,239.00
est,2007,227.00
est,2008,210.00
est,2009,193.00
est,2010,175.00
est,2011,158.00
est,2012,140.00
est,2013,125.00
est,2014,112.00
est,2015,101.00
est,2016,91.000
est,2017,86.000
est,2018,80.000
est,2019,77.000
est,2020,75.000
est,2021,73.000
est,2022,73.000
est,2023,75.000
est,2024,76.000
eth,1991,164840
eth,1992,157860
eth,1993,158680
eth,1994,158120
eth,1995,156690
eth,1996,154760
eth,1997,152290
eth,1998,149320
eth,1999,145960
eth,2000,150830
eth,2001,138940
eth,2002,135000
eth,2003,131070
eth,2004,126890
eth,2005,122660
eth,2006,118160
eth,2007,113500
eth,2008,108790
eth,2009,104040
eth,2010,99331
eth,2011,94700
eth,2012,90195
eth,2013,85737
eth,2014,81251
eth,2015,77032
eth,2016,73196
eth,2017,70053
eth,2018,67584
eth,2019,65973
eth,2020,64869
eth,2021,64059
eth,2022,63457
eth,2023,62907
eth,2024,62452
fin,1991,660.00
fin,1992,628.00
fin,1993,586.00
fin,1994,544.00
fin,1995,513.00
fin,1996,491.00
fin,1997,480.00
fin,1998,481.00
fin,1999,486.00
fin,2000,495.00
fin,2001,495.00
fin,2002,489.00
fin,2003,478.00
fin,2004,468.00
fin,2005,459.00
fin,2006,454.00
fin,2007,451.00
fin,2008,445.00
fin,2009,437.00
fin,2010,421.00
fin,2011,401.00
fin,2012,380.00
fin,2013,360.00
fin,2014,337.00
fin,2015,321.00
fin,2016,313.00
fin,2017,315.00
fin,2018,323.00
fin,2019,330.00
fin,2020,337.00
fin,2021,339.00
fin,2022,342.00
fin,2023,347.00
fin,2024,361.00
fji,1991,480.00
fji,1992,470.00
fji,1993,461.00
fji,1994,450.00
fji,1995,440.00
fji,1996,428.00
fji,1997,418.00
fji,1998,412.00
fji,1999,405.00
fji,2000,397.00
fji,2001,391.00
fji,2002,383.00
fji,2003,373.00
fji,2004,364.00
fji,2005,353.00
fji,2006,340.00
fji,2007,327.00
fji,2008,315.00
fji,2009,300.00
fji,2010,289.00
fji,2011,279.00
fji,2012,268.00
fji,2013,263.00
fji,2014,257.00
fji,2015,254.00
fji,2016,248.00
fji,2017,256.00
fji,2018,244.00
fji,2019,243.00
fji,2020,242.00
fji,2021,241.00
fji,2022,239.00
fji,2023,237.00
fji,2024,236.00
fra,1991,8139.0
fra,1992,7876.0
fra,1993,7597.0
fra,1994,7295.0
fra,1995,6976.0
fra,1996,6662.0
fra,1997,6378.0
fra,1998,6133.0
fra,1999,5930.0
fra,2000,5746.0
fra,2001,5559.0
fra,2002,5358.0
fra,2003,5119.0
fra,2004,4857.0
fra,2005,4608.0
fra,2006,4379.0
fra,2007,4177.0
fra,2008,4010.0
fra,2009,3883.0
fra,2010,3765.0
fra,2011,3627.0
fra,2012,3471.0
fra,2013,3319.0
fra,2014,3186.0
fra,2015,3071.0
fra,2016,2988.0
fra,2017,2952.0
fra,2018,2935.0
fra,2019,2921.0
fra,2020,2925.0
fra,2021,2942.0
fra,2022,2995.0
fra,2023,3065.0
fra,2024,3116.0
fsm,1991,59.000
fsm,1992,60.000
fsm,1993,60.000
fsm,1994,60.000
fsm,1995,59.000
fsm,1996,60.000
fsm,1997,59.000
fsm,1998,57.000
fsm,1999,57.000
fsm,2000,56.000
fsm,2001,55.000
fsm,2002,53.000
fsm,2003,66.000
fsm,2004,52.000
fsm,2005,51.000
fsm,2006,51.000
fsm,2007,50.000
fsm,2008,49.000
fsm,2009,48.000
fsm,2010,48.000
fsm,2011,47.000
fsm,2012,46.000
fsm,2013,45.000
fsm,2014,45.000
fsm,2015,44.000
fsm,2016,43.000
fsm,2017,43.000
fsm,2018,43.000
fsm,2019,41.000
fsm,2020,40.000
fsm,2021,40.000
fsm,2022,39.000
fsm,2023,37.000
fsm,2024,35.000
gab,1991,853.00
gab,1992,890.00
gab,1993,928.00
gab,1994,966.00
gab,1995,1002.0
gab,1996,1036.0
gab,1997,1067.0
gab,1998,1096.0
gab,1999,1123.0
gab,2000,1145.0
gab,2001,1167.0
gab,2002,1187.0
gab,2003,1202.0
gab,2004,1214.0
gab,2005,1224.0
gab,2006,1228.0
gab,2007,1229.0
gab,2008,1224.0
gab,2009,1213.0
gab,2010,1199.0
gab,2011,1183.0
gab,2012,1164.0
gab,2013,1146.0
gab,2014,1129.0
gab,2015,1114.0
gab,2016,1101.0
gab,2017,1095.0
gab,2018,1090.0
gab,2019,1084.0
gab,2020,1082.0
gab,2021,1082.0
gab,2022,1081.0
gab,2023,1082.0
gab,2024,1083.0
gbr,1991,6119.0
gbr,1992,5899.0
gbr,1993,5649.0
gbr,1994,5417.0
gbr,1995,5238.0
gbr,1996,5121.0
gbr,1997,5031.0
gbr,1998,4933.0
gbr,1999,4838.0
gbr,2000,4747.0
gbr,2001,4688.0
gbr,2002,4656.0
gbr,2003,4620.0
gbr,2004,4551.0
gbr,2005,4470.0
gbr,2006,4399.0
gbr,2007,4329.0
gbr,2008,4224.0
gbr,2009,4053.0
gbr,2010,3834.0
gbr,2011,3605.0
gbr,2012,3392.0
gbr,2013,3228.0
gbr,2014,3153.0
gbr,2015,3135.0
gbr,2016,3130.0
gbr,2017,3120.0
gbr,2018,3104.0
gbr,2019,3083.0
gbr,2020,3073.0
gbr,2021,3076.0
gbr,2022,3097.0
gbr,2023,3110.0
gbr,2024,3087.0
geo,1991,937.00
geo,1992,821.00
geo,1993,945.00
geo,1994,1144.0
geo,1995,781.00
geo,1996,730.00
geo,1997,622.00
geo,1998,546.00
geo,1999,526.00
geo,2000,534.00
geo,2001,540.00
geo,2002,539.00
geo,2003,527.00
geo,2004,511.00
geo,2005,494.00
geo,2006,490.00
geo,2007,498.00
geo,2008,527.00
geo,2009,698.00
geo,2010,579.00
geo,2011,534.00
geo,2012,467.00
geo,2013,431.00
geo,2014,438.00
geo,2015,464.00
geo,2016,472.00
geo,2017,461.00
geo,2018,433.00
geo,2019,400.00
geo,2020,378.00
geo,2021,376.00
geo,2022,382.00
geo,2023,377.00
geo,2024,351.00
gha,1991,19877
gha,1992,19842
gha,1993,19750
gha,1994,19636
gha,1995,19491
gha,1996,19365
gha,1997,19259
gha,1998,19185
gha,1999,19120
gha,2000,19081
gha,2001,19006
gha,2002,18966
gha,2003,18931
gha,2004,18858
gha,2005,18759
gha,2006,18696
gha,2007,18650
gha,2008,18569
gha,2009,18461
gha,2010,18289
gha,2011,18131
gha,2012,17962
gha,2013,17803
gha,2014,17659
gha,2015,17521
gha,2016,17426
gha,2017,17366
gha,2018,17381
gha,2019,17364
gha,2020,17360
gha,2021,17359
gha,2022,17366
gha,2023,17350
gha,2024,17270
gin,1991,11458
gin,1992,11683
gin,1993,11826
gin,1994,11959
gin,1995,12115
gin,1996,12268
gin,1997,12429
gin,1998,12545
gin,1999,12669
gin,2000,12851
gin,2001,13000
gin,2002,13079
gin,2003,13185
gin,2004,13340
gin,2005,13445
gin,2006,13540
gin,2007,13644
gin,2008,13764
gin,2009,13901
gin,2010,14067
gin,2011,14233
gin,2012,14418
gin,2013,14611
gin,2014,14803
gin,2015,14986
gin,2016,15135
gin,2017,15246
gin,2018,15265
gin,2019,15287
gin,2020,15287
gin,2021,15289
gin,2022,15242
gin,2023,15210
gin,2024,15169
gmb,1991,1747.0
gmb,1992,1776.0
gmb,1993,1800.0
gmb,1994,1809.0
gmb,1995,1807.0
gmb,1996,1803.0
gmb,1997,1800.0
gmb,1998,1797.0
gmb,1999,1792.0
gmb,2000,1794.0
gmb,2001,1794.0
gmb,2002,1794.0
gmb,2003,1791.0
gmb,2004,1788.0
gmb,2005,1782.0
gmb,2006,1775.0
gmb,2007,1767.0
gmb,2008,1758.0
gmb,2009,1750.0
gmb,2010,1741.0
gmb,2011,1731.0
gmb,2012,1724.0
gmb,2013,1716.0
gmb,2014,1706.0
gmb,2015,1696.0
gmb,2016,1683.0
gmb,2017,1670.0
gmb,2018,1660.0
gmb,2019,1650.0
gmb,2020,1638.0
gmb,2021,1625.0
gmb,2022,1616.0
gmb,2023,1605.0
gmb,2024,1595.0
gnb,1991,2111.0
gnb,1992,2116.0
gnb,1993,2134.0
gnb,1994,2157.0
gnb,1995,2173.0
gnb,1996,2172.0
gnb,1997,2160.0
gnb,1998,2412.0
gnb,1999,2490.0
gnb,2000,2360.0
gnb,2001,2094.0
gnb,2002,2080.0
gnb,2003,2071.0
gnb,2004,2062.0
gnb,2005,2050.0
gnb,2006,2033.0
gnb,2007,2011.0
gnb,2008,1989.0
gnb,2009,1961.0
gnb,2010,1932.0
gnb,2011,1899.0
gnb,2012,1867.0
gnb,2013,1838.0
gnb,2014,1811.0
gnb,2015,1781.0
gnb,2016,1754.0
gnb,2017,1732.0
gnb,2018,1716.0
gnb,2019,1702.0
gnb,2020,1688.0
gnb,2021,1681.0
gnb,2022,1674.0
gnb,2023,1665.0
gnb,2024,1658.0
gnq,1991,755.00
gnq,1992,779.00
gnq,1993,808.00
gnq,1994,836.00
gnq,1995,867.00
gnq,1996,895.00
gnq,1997,925.00
gnq,1998,953.00
gnq,1999,975.00
gnq,2000,997.00
gnq,2001,1034.0
gnq,2002,1083.0
gnq,2003,1128.0
gnq,2004,1171.0
gnq,2005,1209.0
gnq,2006,1238.0
gnq,2007,1255.0
gnq,2008,1268.0
gnq,2009,1284.0
gnq,2010,1300.0
gnq,2011,1314.0
gnq,2012,1323.0
gnq,2013,1326.0
gnq,2014,1329.0
gnq,2015,1334.0
gnq,2016,1336.0
gnq,2017,1339.0
gnq,2018,1345.0
gnq,2019,1354.0
gnq,2020,1366.0
gnq,2021,1366.0
gnq,2022,1364.0
gnq,2023,1364.0
gnq,2024,1361.0
grc,1991,1336.0
grc,1992,1314.0
grc,1993,1289.0
grc,1994,1258.0
grc,1995,1233.0
grc,1996,1213.0
grc,1997,1196.0
grc,1998,1180.0
grc,1999,1167.0
grc,2000,1147.0
grc,2001,1124.0
grc,2002,1097.0
grc,2003,1067.0
grc,2004,1035.0
grc,2005,1001.0
grc,2006,963.00
grc,2007,920.00
grc,2008,873.00
grc,2009,821.00
grc,2010,768.00
grc,2011,713.00
grc,2012,663.00
grc,2013,613.00
grc,2014,567.00
grc,2015,526.00
grc,2016,489.00
grc,2017,463.00
grc,2018,444.00
grc,2019,426.00
grc,2020,413.00
grc,2021,401.00
grc,2022,380.00
grc,2023,359.00
grc,2024,346.00
grd,1991,25.000
grd,1992,25.000
grd,1993,24.000
grd,1994,23.000
grd,1995,23.000
grd,1996,22.000
grd,1997,22.000
grd,1998,21.000
grd,1999,21.000
grd,2000,22.000
grd,2001,24.000
grd,2002,23.000
grd,2003,23.000
grd,2004,20.000
grd,2005,21.000
grd,2006,22.000
grd,2007,22.000
grd,2008,21.000
grd,2009,21.000
grd,2010,21.000
grd,2011,20.000
grd,2012,19.000
grd,2013,18.000
grd,2014,18.000
grd,2015,18.000
grd,2016,18.000
grd,2017,17.000
grd,2018,16.000
grd,2019,16.000
grd,2020,17.000
grd,2021,17.000
grd,2022,16.000
grd,2023,16.000
grd,2024,16.000
gtm,1991,7028.0
gtm,1992,7027.0
gtm,1993,6937.0
gtm,1994,6799.0
gtm,1995,6646.0
gtm,1996,6513.0
gtm,1997,6429.0
gtm,1998,6401.0
gtm,1999,6414.0
gtm,2000,6425.0
gtm,2001,6432.0
gtm,2002,6473.0
gtm,2003,6579.0
gtm,2004,6729.0
gtm,2005,6903.0
gtm,2006,7508.0
gtm,2007,7134.0
gtm,2008,7126.0
gtm,2009,7046.0
gtm,2010,6928.0
gtm,2011,6809.0
gtm,2012,6713.0
gtm,2013,6670.0
gtm,2014,6672.0
gtm,2015,6737.0
gtm,2016,6807.0
gtm,2017,6801.0
gtm,2018,6674.0
gtm,2019,6476.0
gtm,2020,6268.0
gtm,2021,6109.0
gtm,2022,6035.0
gtm,2023,6043.0
gtm,2024,6076.0
guy,1991,337.00
guy,1992,317.00
guy,1993,296.00
guy,1994,288.00
guy,1995,296.00
guy,1996,310.00
guy,1997,327.00
guy,1998,336.00
guy,1999,332.00
guy,2000,316.00
guy,2001,299.00
guy,2002,290.00
guy,2003,288.00
guy,2004,295.00
guy,2005,301.00
guy,2006,301.00
guy,2007,290.00
guy,2008,279.00
guy,2009,272.00
guy,2010,278.00
guy,2011,292.00
guy,2012,309.00
guy,2013,325.00
guy,2014,334.00
guy,2015,331.00
guy,2016,317.00
guy,2017,296.00
guy,2018,272.00
guy,2019,264.00
guy,2020,262.00
guy,2021,255.00
guy,2022,251.00
guy,2023,245.00
guy,2024,238.00
hnd,1991,3115.0
hnd,1992,3104.0
hnd,1993,3097.0
hnd,1994,3095.0
hnd,1995,3094.0
hnd,1996,3097.0
hnd,1997,3102.0
hnd,1998,3112.0
hnd,1999,8809.0
hnd,2000,3130.0
hnd,2001,3140.0
hnd,2002,3146.0
hnd,2003,3150.0
hnd,2004,3156.0
hnd,2005,3162.0
hnd,2006,3167.0
hnd,2007,3175.0
hnd,2008,3186.0
hnd,2009,3198.0
hnd,2010,3212.0
hnd,2011,3230.0
hnd,2012,3248.0
hnd,2013,3264.0
hnd,2014,3277.0
hnd,2015,3290.0
hnd,2016,3299.0
hnd,2017,3300.0
hnd,2018,3290.0
hnd,2019,3272.0
hnd,2020,3242.0
hnd,2021,3209.0
hnd,2022,3166.0
hnd,2023,3124.0
hnd,2024,3077.0
hrv,1991,871.00
hrv,1992,1403.0
hrv,1993,963.00
hrv,1994,915.00
hrv,1995,911.00
hrv,1996,860.00
hrv,1997,636.00
hrv,1998,561.00
hrv,1999,509.00
hrv,2000,472.00
hrv,2001,445.00
hrv,2002,430.00
hrv,2003,421.00
hrv,2004,463.00
hrv,2005,397.00
hrv,2006,385.00
hrv,2007,373.00
hrv,2008,358.00
hrv,2009,337.00
hrv,2010,316.00
hrv,2011,294.00
hrv,2012,273.00
hrv,2013,254.00
hrv,2014,239.00
hrv,2015,229.00
hrv,2016,222.00
hrv,2017,215.00
hrv,2018,210.00
hrv,2019,206.00
hrv,2020,206.00
hrv,2021,208.00
hrv,2022,204.00
hrv,2023,237.00
hrv,2024,201.00
hti,1991,10363
hti,1992,10255
hti,1993,10155
hti,1994,10054
hti,1995,9946.0
hti,1996,9829.0
hti,1997,9710.0
hti,1998,9569.0
hti,1999,9416.0
hti,2000,9252.0
hti,2001,9081.0
hti,2002,8912.0
hti,2003,8738.0
hti,2004,8587.0
hti,2005,9230.0
hti,2006,8303.0
hti,2007,8176.0
hti,2008,8060.0
hti,2009,7935.0
hti,2010,7814.0
hti,2011,39856
hti,2012,7918.0
hti,2013,7369.0
hti,2014,7227.0
hti,2015,7080.0
hti,2016,6930.0
hti,2017,6791.0
hti,2018,6651.0
hti,2019,6515.0
hti,2020,6391.0
hti,2021,6286.0
hti,2022,6675.0
hti,2023,6091.0
hti,2024,6423.0
hun,1991,1590.0
hun,1992,1594.0
hun,1993,1551.0
hun,1994,1469.0
hun,1995,1376.0
hun,1996,1296.0
hun,1997,1231.0
hun,1998,1178.0
hun,1999,1137.0
hun,2000,1089.0
hun,2001,1035.0
hun,2002,977.00
hun,2003,925.00
hun,2004,876.00
hun,2005,830.00
hun,2006,797.00
hun,2007,765.00
hun,2008,735.00
hun,2009,700.00
hun,2010,665.00
hun,2011,630.00
hun,2012,594.00
hun,2013,564.00
hun,2014,539.00
hun,2015,520.00
hun,2016,503.00
hun,2017,489.00
hun,2018,475.00
hun,2019,469.00
hun,2020,463.00
hun,2021,456.00
hun,2022,446.00
hun,2023,437.00
hun,2024,424.00
idn,1991,105330
idn,1992,103210
idn,1993,100970
idn,1994,98890
idn,1995,97012
idn,1996,95355
idn,1997,93959
idn,1998,92806
idn,1999,91778
idn,2000,90901
idn,2001,90072
idn,2002,89179
idn,2003,88142
idn,2004,86984
idn,2005,135390
idn,2006,84094
idn,2007,82535
idn,2008,81032
idn,2009,79682
idn,2010,78482
idn,2011,77378
idn,2012,76495
idn,2013,75615
idn,2014,74704
idn,2015,73551
idn,2016,72287
idn,2017,71158
idn,2018,69968
idn,2019,68768
idn,2020,67742
idn,2021,66709
idn,2022,65513
idn,2023,64327
idn,2024,62916
ind,1991,825690
ind,1992,822120
ind,1993,818660
ind,1994,815150
ind,1995,811480
ind,1996,807750
ind,1997,803970
ind,1998,799580
ind,1999,793890
ind,2000,786560
ind,2001,777880
ind,2002,767260
ind,2003,754930
ind,2004,741000
ind,2005,725710
ind,2006,708630
ind,2007,689830
ind,2008,668850
ind,2009,645620
ind,2010,620360
ind,2011,593430
ind,2012,564900
ind,2013,535500
ind,2014,506150
ind,2015,477490
ind,2016,449720
ind,2017,423250
ind,2018,398610
ind,2019,375120
ind,2020,352990
ind,2021,332580
ind,2022,315550
ind,2023,301550
ind,2024,290340
irl,1991,491.00
irl,1992,488.00
irl,1993,489.00
irl,1994,490.00
irl,1995,498.00
irl,1996,512.00
irl,1997,528.00
irl,1998,540.00
irl,1999,545.00
irl,2000,540.00
irl,2001,525.00
irl,2002,504.00
irl,2003,485.00
irl,2004,466.00
irl,2005,453.00
irl,2006,443.00
irl,2007,438.00
irl,2008,435.00
irl,2009,416.00
irl,2010,387.00
irl,2011,350.00
irl,2012,318.00
irl,2013,293.00
irl,2014,271.00
irl,2015,254.00
irl,2016,236.00
irl,2017,223.00
irl,2018,216.00
irl,2019,212.00
irl,2020,210.00
irl,2021,211.00
irl,2022,213.00
irl,2023,219.00
irl,2024,225.00
irn,1991,45253
irn,1992,28904
irn,1993,28002
irn,1994,26748
irn,1995,25772
irn,1996,25371
irn,1997,25191
irn,1998,25289
irn,1999,25605
irn,2000,26063
irn,2001,26616
irn,2002,27275
irn,2003,27777
irn,2004,38442
irn,2005,28962
irn,2006,29676
irn,2007,30444
irn,2008,31070
irn,2009,31123
irn,2010,30310
irn,2011,28615
irn,2012,26261
irn,2013,23629
irn,2014,21280
irn,2015,19574
irn,2016,18482
irn,2017,17937
irn,2018,17834
irn,2019,17890
irn,2020,17848
irn,2021,17691
irn,2022,17554
irn,2023,17551
irn,2024,17477
irq,1991,26595
irq,1992,17909
irq,1993,9029.0
irq,1994,9197.0
irq,1995,9367.0
irq,1996,9432.0
irq,1997,9483.0
irq,1998,9534.0
irq,1999,9596.0
irq,2000,9677.0
irq,2001,9775.0
irq,2002,9879.0
irq,2003,10006
irq,2004,14527
irq,2005,16813
irq,2006,17380
irq,2007,21597
irq,2008,20791
irq,2009,14669
irq,2010,10570
irq,2011,10785
irq,2012,11025
irq,2013,11378
irq,2014,12560
irq,2015,11939
irq,2016,12043
irq,2017,19810
irq,2018,16865
irq,2019,12260
irq,2020,13081
irq,2021,12335
irq,2022,12359
irq,2023,12361
irq,2024,12361
isl,1991,35.000
isl,1992,34.000
isl,1993,33.000
isl,1994,32.000
isl,1995,30.000
isl,1996,30.000
isl,1997,30.000
isl,1998,30.000
isl,1999,29.000
isl,2000,29.000
isl,2001,29.000
isl,2002,29.000
isl,2003,28.000
isl,2004,25.000
isl,2005,25.000
isl,2006,24.000
isl,2007,24.000
isl,2008,24.000
isl,2009,24.000
isl,2010,22.000
isl,2011,21.000
isl,2012,21.000
isl,2013,21.000
isl,2014,20.000
isl,2015,20.000
isl,2016,20.000
isl,2017,20.000
isl,2018,18.000
isl,2019,16.000
isl,2020,15.000
isl,2021,15.000
isl,2022,14.000
isl,2023,14.000
isl,2024,13.000
isr,1991,590.00
isr,1992,608.00
isr,1993,623.00
isr,1994,642.00
isr,1995,668.00
isr,1996,689.00
isr,1997,704.00
isr,1998,694.00
isr,1999,665.00
isr,2000,655.00
isr,2001,694.00
isr,2002,761.00
isr,2003,785.00
isr,2004,738.00
isr,2005,670.00
isr,2006,626.00
isr,2007,604.00
isr,2008,589.00
isr,2009,568.00
isr,2010,542.00
isr,2011,513.00
isr,2012,489.00
isr,2013,480.00
isr,2014,487.00
isr,2015,502.00
isr,2016,509.00
isr,2017,509.00
isr,2018,502.00
isr,2019,499.00
isr,2020,497.00
isr,2021,500.00
isr,2022,511.00
isr,2023,533.00
isr,2024,557.00
ita,1991,6898.0
ita,1992,6870.0
ita,1993,6697.0
ita,1994,6360.0
ita,1995,5987.0
ita,1996,5644.0
ita,1997,5336.0
ita,1998,5038.0
ita,1999,4748.0
ita,2000,4469.0
ita,2001,4210.0
ita,2002,3980.0
ita,2003,3757.0
ita,2004,3560.0
ita,2005,3391.0
ita,2006,3242.0
ita,2007,3095.0
ita,2008,2969.0
ita,2009,2856.0
ita,2010,2733.0
ita,2011,2606.0
ita,2012,2479.0
ita,2013,2361.0
ita,2014,2244.0
ita,2015,2141.0
ita,2016,2069.0
ita,2017,2010.0
ita,2018,1941.0
ita,2019,1854.0
ita,2020,1778.0
ita,2021,1735.0
ita,2022,1734.0
ita,2023,1762.0
ita,2024,1800.0
jam,1991,883.00
jam,1992,869.00
jam,1993,857.00
jam,1994,848.00
jam,1995,838.00
jam,1996,828.00
jam,1997,820.00
jam,1998,811.00
jam,1999,802.00
jam,2000,793.00
jam,2001,787.00
jam,2002,781.00
jam,2003,779.00
jam,2004,778.00
jam,2005,779.00
jam,2006,781.00
jam,2007,783.00
jam,2008,783.00
jam,2009,783.00
jam,2010,780.00
jam,2011,777.00
jam,2012,774.00
jam,2013,772.00
jam,2014,766.00
jam,2015,761.00
jam,2016,751.00
jam,2017,741.00
jam,2018,727.00
jam,2019,714.00
jam,2020,699.00
jam,2021,685.00
jam,2022,675.00
jam,2023,713.00
jam,2024,700.00
jor,1991,1223.0
jor,1992,1291.0
jor,1993,1325.0
jor,1994,1356.0
jor,1995,1379.0
jor,1996,1390.0
jor,1997,1393.0
jor,1998,1393.0
jor,1999,1389.0
jor,2000,1388.0
jor,2001,1393.0
jor,2002,1397.0
jor,2003,1404.0
jor,2004,1409.0
jor,2005,1417.0
jor,2006,1422.0
jor,2007,1489.0
jor,2008,1554.0
jor,2009,1564.0
jor,2010,1575.0
jor,2011,1585.0
jor,2012,1602.0
jor,2013,1601.0
jor,2014,1661.0
jor,2015,1786.0
jor,2016,1864.0
jor,2017,1859.0
jor,2018,1792.0
jor,2019,1725.0
jor,2020,1660.0
jor,2021,1600.0
jor,2022,1559.0
jor,2023,1534.0
jor,2024,1522.0
jpn,1991,11703
jpn,1992,11597
jpn,1993,11382
jpn,1994,11029
jpn,1995,10662
jpn,1996,10654
jpn,1997,9824.0
jpn,1998,9367.0
jpn,1999,8887.0
jpn,2000,8394.0
jpn,2001,7916.0
jpn,2002,7473.0
jpn,2003,7076.0
jpn,2004,6743.0
jpn,2005,6459.0
jpn,2006,6211.0
jpn,2007,6001.0
jpn,2008,5817.0
jpn,2009,5626.0
jpn,2010,5423.0
jpn,2011,5213.0
jpn,2012,7164.0
jpn,2013,4816.0
jpn,2014,4621.0
jpn,2015,4448.0
jpn,2016,4303.0
jpn,2017,4200.0
jpn,2018,4147.0
jpn,2019,4144.0
jpn,2020,4176.0
jpn,2021,4229.0
jpn,2022,4293.0
jpn,2023,4368.0
jpn,2024,4438.0
kaz,1991,6029.0
kaz,1992,6289.0
kaz,1993,6580.0
kaz,1994,6856.0
kaz,1995,7041.0
kaz,1996,7108.0
kaz,1997,7067.0
kaz,1998,6890.0
kaz,1999,6623.0
kaz,2000,6401.0
kaz,2001,6269.0
kaz,2002,6169.0
kaz,2003,6129.0
kaz,2004,6162.0
kaz,2005,6238.0
kaz,2006,6316.0
kaz,2007,6305.0
kaz,2008,6112.0
kaz,2009,5728.0
kaz,2010,5261.0
kaz,2011,4811.0
kaz,2012,4397.0
kaz,2013,4021.0
kaz,2014,3690.0
kaz,2015,3408.0
kaz,2016,3180.0
kaz,2017,3005.0
kaz,2018,2891.0
kaz,2019,2820.0
kaz,2020,2775.0
kaz,2021,2746.0
kaz,2022,2732.0
kaz,2023,2746.0
kaz,2024,2772.0
ken,1991,22280
ken,1992,23754
ken,1993,25181
ken,1994,26566
ken,1995,27859
ken,1996,29020
ken,1997,29987
ken,1998,30782
ken,1999,31397
ken,2000,31825
ken,2001,32133
ken,2002,32303
ken,2003,32337
ken,2004,32194
ken,2005,31977
ken,2006,31679
ken,2007,31306
ken,2008,30906
ken,2009,30481
ken,2010,29996
ken,2011,29431
ken,2012,28833
ken,2013,28170
ken,2014,27478
ken,2015,26841
ken,2016,26260
ken,2017,25671
ken,2018,25167
ken,2019,24712
ken,2020,24281
ken,2021,23891
ken,2022,23539
ken,2023,23286
ken,2024,23141
kgz,1991,1491.0
kgz,1992,1517.0
kgz,1993,1552.0
kgz,1994,1573.0
kgz,1995,1591.0
kgz,1996,1627.0
kgz,1997,1654.0
kgz,1998,1660.0
kgz,1999,1642.0
kgz,2000,1613.0
kgz,2001,1572.0
kgz,2002,1527.0
kgz,2003,1481.0
kgz,2004,1436.0
kgz,2005,1401.0
kgz,2006,1381.0
kgz,2007,1370.0
kgz,2008,1366.0
kgz,2009,1364.0
kgz,2010,1356.0
kgz,2011,1331.0
kgz,2012,1291.0
kgz,2013,1246.0
kgz,2014,1207.0
kgz,2015,1174.0
kgz,2016,1153.0
kgz,2017,1138.0
kgz,2018,1132.0
kgz,2019,1123.0
kgz,2020,1111.0
kgz,2021,1105.0
kgz,2022,1106.0
kgz,2023,1110.0
kgz,2024,1116.0
khm,1991,12176
khm,1992,11965
khm,1993,11823
khm,1994,11689
khm,1995,11719
khm,1996,11984
khm,1997,12269
khm,1998,12520
khm,1999,12346
khm,2000,11772
khm,2001,11174
khm,2002,10560
khm,2003,9910.0
khm,2004,9253.0
khm,2005,8623.0
khm,2006,8046.0
khm,2007,7520.0
khm,2008,7058.0
khm,2009,6672.0
khm,2010,6335.0
khm,2011,6035.0
khm,2012,5752.0
khm,2013,5495.0
khm,2014,5266.0
khm,2015,5069.0
khm,2016,4900.0
khm,2017,4752.0
khm,2018,4614.0
khm,2019,4479.0
khm,2020,4375.0
khm,2021,4341.0
khm,2022,4317.0
khm,2023,4289.0
khm,2024,4252.0
kir,1991,60.000
kir,1992,59.000
kir,1993,59.000
kir,1994,58.000
kir,1995,56.000
kir,1996,55.000
kir,1997,56.000
kir,1998,56.000
kir,1999,57.000
kir,2000,57.000
kir,2001,57.000
kir,2002,59.000
kir,2003,58.000
kir,2004,61.000
kir,2005,62.000
kir,2006,63.000
kir,2007,64.000
kir,2008,64.000
kir,2009,64.000
kir,2010,64.000
kir,2011,66.000
kir,2012,66.000
kir,2013,66.000
kir,2014,66.000
kir,2015,68.000
kir,2016,69.000
kir,2017,70.000
kir,2018,70.000
kir,2019,71.000
kir,2020,71.000
kir,2021,71.000
kir,2022,71.000
kir,2023,71.000
kir,2024,69.000
kna,1991,10.000
kna,1992,10.000
kna,1993,10.000
kna,1994,11.000
kna,1995,12.000
kna,1996,12.000
kna,1997,12.000
kna,1998,13.000
kna,1999,13.000
kna,2000,13.000
kna,2001,13.000
kna,2002,13.000
kna,2003,15.000
kna,2004,16.000
kna,2005,17.000
kna,2006,17.000
kna,2007,17.000
kna,2008,16.000
kna,2009,17.000
kna,2010,16.000
kna,2011,16.000
kna,2012,17.000
kna,2013,17.000
kna,2014,17.000
kna,2015,17.000
kna,2016,16.000
kna,2017,15.000
kna,2018,15.000
kna,2019,14.000
kna,2020,13.000
kna,2021,14.000
kna,2022,13.000
kna,2023,12.000
kna,2024,12.000
kor,1991,11628
kor,1992,11176
kor,1993,10645
kor,1994,10176
kor,1995,9855.0
kor,1996,9580.0
kor,1997,9109.0
kor,1998,8338.0
kor,1999,7428.0
kor,2000,6539.0
kor,2001,5794.0
kor,2002,5218.0
kor,2003,4787.0
kor,2004,4436.0
kor,2005,4128.0
kor,2006,3864.0
kor,2007,3674.0
kor,2008,3553.0
kor,2009,3455.0
kor,2010,3320.0
kor,2011,3141.0
kor,2012,2942.0
kor,2013,2741.0
kor,2014,2562.0
kor,2015,2409.0
kor,2016,2291.0
kor,2017,2212.0
kor,2018,2166.0
kor,2019,2133.0
kor,2020,2110.0
kor,2021,2098.0
kor,2022,2072.0
kor,2023,2029.0
kor,2024,1983.0
kwt,1991,612.00
kwt,1992,491.00
kwt,1993,331.00
kwt,1994,332.00
kwt,1995,306.00
kwt,1996,290.00
kwt,1997,294.00
kwt,1998,308.00
kwt,1999,320.00
kwt,2000,329.00
kwt,2001,334.00
kwt,2002,332.00
kwt,2003,325.00
kwt,2004,314.00
kwt,2005,302.00
kwt,2006,298.00
kwt,2007,307.00
kwt,2008,315.00
kwt,2009,319.00
kwt,2010,316.00
kwt,2011,312.00
kwt,2012,302.00
kwt,2013,295.00
kwt,2014,294.00
kwt,2015,297.00
kwt,2016,306.00
kwt,2017,321.00
kwt,2018,335.00
kwt,2019,343.00
kwt,2020,345.00
kwt,2021,336.00
kwt,2022,315.00
kwt,2023,307.00
kwt,2024,302.00
lao,1991,7217.0
lao,1992,7137.0
lao,1993,7051.0
lao,1994,6988.0
lao,1995,6925.0
lao,1996,6862.0
lao,1997,6803.0
lao,1998,6746.0
lao,1999,6674.0
lao,2000,6587.0
lao,2001,6488.0
lao,2002,6369.0
lao,2003,6245.0
lao,2004,6096.0
lao,2005,5931.0
lao,2006,5748.0
lao,2007,5534.0
lao,2008,5294.0
lao,2009,5041.0
lao,2010,4779.0
lao,2011,4506.0
lao,2012,4240.0
lao,2013,3970.0
lao,2014,3705.0
lao,2015,3461.0
lao,2016,3260.0
lao,2017,3107.0
lao,2018,2985.0
lao,2019,2888.0
lao,2020,2814.0
lao,2021,2753.0
lao,2022,2693.0
lao,2023,2641.0
lao,2024,2591.0
lbn,1991,3366.0
lbn,1992,1166.0
lbn,1993,1149.0
lbn,1994,1134.0
lbn,1995,1119.0
lbn,1996,1108.0
lbn,1997,1095.0
lbn,1998,1081.0
lbn,1999,1066.0
lbn,2000,1051.0
lbn,2001,1032.0
lbn,2002,1011.0
lbn,2003,987.00
lbn,2004,963.00
lbn,2005,944.00
lbn,2006,924.00
lbn,2007,1242.0
lbn,2008,896.00
lbn,2009,883.00
lbn,2010,869.00
lbn,2011,853.00
lbn,2012,842.00
lbn,2013,847.00
lbn,2014,913.00
lbn,2015,994.00
lbn,2016,1003.0
lbn,2017,983.00
lbn,2018,979.00
lbn,2019,988.00
lbn,2020,1007.0
lbn,2021,1040.0
lbn,2022,1078.0
lbn,2023,1119.0
lbn,2024,1156.0
lbr,1991,6610.0
lbr,1992,3035.0
lbr,1993,3526.0
lbr,1994,4022.0
lbr,1995,4395.0
lbr,1996,3914.0
lbr,1997,4188.0
lbr,1998,3615.0
lbr,1999,3940.0
lbr,2000,4084.0
lbr,2001,4148.0
lbr,2002,4171.0
lbr,2003,4177.0
lbr,2004,4974.0
lbr,2005,4035.0
lbr,2006,4099.0
lbr,2007,4204.0
lbr,2008,4290.0
lbr,2009,4341.0
lbr,2010,4363.0
lbr,2011,4391.0
lbr,2012,4481.0
lbr,2013,4574.0
lbr,2014,4622.0
lbr,2015,5025.0
lbr,2016,5483.0
lbr,2017,4849.0
lbr,2018,4941.0
lbr,2019,5034.0
lbr,2020,5113.0
lbr,2021,5159.0
lbr,2022,5206.0
lbr,2023,5228.0
lbr,2024,5251.0
lby,1991,1887.0
lby,1992,1872.0
lby,1993,1855.0
lby,1994,1833.0
lby,1995,1804.0
lby,1996,1773.0
lby,1997,1740.0
lby,1998,1704.0
lby,1999,1669.0
lby,2000,1635.0
lby,2001,1612.0
lby,2002,1600.0
lby,2003,1585.0
lby,2004,1568.0
lby,2005,1546.0
lby,2006,1521.0
lby,2007,1481.0
lby,2008,1435.0
lby,2009,1392.0
lby,2010,1355.0
lby,2011,1321.0
lby,2012,2503.0
lby,2013,1264.0
lby,2014,1208.0
lby,2015,1907.0
lby,2016,1818.0
lby,2017,1860.0
lby,2018,1473.0
lby,2019,1326.0
lby,2020,1596.0
lby,2021,1427.0
lby,2022,1074.0
lby,2023,1071.0
lby,2024,5088.0
lca,1991,44.000
lca,1992,44.000
lca,1993,44.000
lca,1994,44.000
lca,1995,44.000
lca,1996,45.000
lca,1997,46.000
lca,1998,47.000
lca,1999,47.000
lca,2000,45.000
lca,2001,44.000
lca,2002,44.000
lca,2003,46.000
lca,2004,46.000
lca,2005,43.000
lca,2006,44.000
lca,2007,43.000
lca,2008,41.000
lca,2009,41.000
lca,2010,39.000
lca,2011,38.000
lca,2012,39.000
lca,2013,37.000
lca,2014,36.000
lca,2015,36.000
lca,2016,36.000
lca,2017,37.000
lca,2018,38.000
lca,2019,39.000
lca,2020,39.000
lca,2021,40.000
lca,2022,40.000
lca,2023,41.000
lca,2024,40.000
lka,1991,10515
lka,1992,10606
lka,1993,9675.0
lka,1994,8234.0
lka,1995,7953.0
lka,1996,9031.0
lka,1997,8526.0
lka,1998,8557.0
lka,1999,8500.0
lka,2000,8269.0
lka,2001,8186.0
lka,2002,6747.0
lka,2003,6200.0
lka,2004,5619.0
lka,2005,14596
lka,2006,4810.0
lka,2007,5733.0
lka,2008,5936.0
lka,2009,7655.0
lka,2010,10753
lka,2011,5346.0
lka,2012,4873.0
lka,2013,4176.0
lka,2014,3504.0
lka,2015,2971.0
lka,2016,2587.0
lka,2017,2343.0
lka,2018,2193.0
lka,2019,2093.0
lka,2020,2015.0
lka,2021,1957.0
lka,2022,1905.0
lka,2023,1859.0
lka,2024,1826.0
lso,1991,1781.0
lso,1992,1844.0
lso,1993,1916.0
lso,1994,1992.0
lso,1995,2072.0
lso,1996,2157.0
lso,1997,2251.0
lso,1998,2339.0
lso,1999,2424.0
lso,2000,2505.0
lso,2001,2572.0
lso,2002,2621.0
lso,2003,2645.0
lso,2004,2641.0
lso,2005,2607.0
lso,2006,2545.0
lso,2007,2486.0
lso,2008,2440.0
lso,2009,2383.0
lso,2010,2302.0
lso,2011,2209.0
lso,2012,2101.0
lso,2013,1983.0
lso,2014,1859.0
lso,2015,1737.0
lso,2016,1612.0
lso,2017,1494.0
lso,2018,1384.0
lso,2019,1283.0
lso,2020,1184.0
lso,2021,1092.0
lso,2022,1015.0
lso,2023,949.00
lso,2024,901.00
ltu,1991,913.00
ltu,1992,946.00
ltu,1993,967.00
ltu,1994,971.00
ltu,1995,958.00
ltu,1996,922.00
ltu,1997,876.00
ltu,1998,835.00
ltu,1999,799.00
ltu,2000,777.00
ltu,2001,757.00
ltu,2002,738.00
ltu,2003,723.00
ltu,2004,702.00
ltu,2005,683.00
ltu,2006,655.00
ltu,2007,630.00
ltu,2008,608.00
ltu,2009,574.00
ltu,2010,534.00
ltu,2011,487.00
ltu,2012,439.00
ltu,2013,403.00
ltu,2014,372.00
ltu,2015,343.00
ltu,2016,310.00
ltu,2017,275.00
ltu,2018,246.00
ltu,2019,221.00
ltu,2020,204.00
ltu,2021,194.00
ltu,2022,182.00
ltu,2023,177.00
ltu,2024,175.00
lux,1991,56.000
lux,1992,56.000
lux,1993,53.000
lux,1994,50.000
lux,1995,48.000
lux,1996,45.000
lux,1997,41.000
lux,1998,37.000
lux,1999,35.000
lux,2000,33.000
lux,2001,32.000
lux,2002,29.000
lux,2003,27.000
lux,2004,27.000
lux,2005,26.000
lux,2006,25.000
lux,2007,25.000
lux,2008,24.000
lux,2009,23.000
lux,2010,22.000
lux,2011,22.000
lux,2012,22.000
lux,2013,22.000
lux,2014,21.000
lux,2015,21.000
lux,2016,20.000
lux,2017,20.000
lux,2018,19.000
lux,2019,19.000
lux,2020,19.000
lux,2021,19.000
lux,2022,19.000
lux,2023,19.000
lux,2024,18.000
lva,1991,717.00
lva,1992,741.00
lva,1993,750.00
lva,1994,741.00
lva,1995,724.00
lva,1996,693.00
lva,1997,655.00
lva,1998,618.00
lva,1999,587.00
lva,2000,559.00
lva,2001,527.00
lva,2002,498.00
lva,2003,467.00
lva,2004,442.00
lva,2005,415.00
lva,2006,392.00
lva,2007,367.00
lva,2008,342.00
lva,2009,317.00
lva,2010,284.00
lva,2011,253.00
lva,2012,228.00
lva,2013,207.00
lva,2014,190.00
lva,2015,178.00
lva,2016,163.00
lva,2017,153.00
lva,2018,143.00
lva,2019,135.00
lva,2020,129.00
lva,2021,123.00
lva,2022,117.00
lva,2023,115.00
lva,2024,113.00
mar,1991,11961
mar,1992,11616
mar,1993,11272
mar,1994,10929
mar,1995,10584
mar,1996,10240
mar,1997,9900.0
mar,1998,9560.0
mar,1999,9214.0
mar,2000,8880.0
mar,2001,8549.0
mar,2002,8238.0
mar,2003,7953.0
mar,2004,7683.0
mar,2005,7440.0
mar,2006,7208.0
mar,2007,6977.0
mar,2008,6755.0
mar,2009,6532.0
mar,2010,6319.0
mar,2011,6115.0
mar,2012,5924.0
mar,2013,5741.0
mar,2014,5587.0
mar,2015,5452.0
mar,2016,5328.0
mar,2017,5195.0
mar,2018,5077.0
mar,2019,4931.0
mar,2020,4803.0
mar,2021,4711.0
mar,2022,4608.0
mar,2023,4526.0
mar,2024,5157.0
mco,1991,2.0000
mco,1992,2.0000
mco,1993,2.0000
mco,1994,1.0000
mco,1995,1.0000
mco,1996,1.0000
mco,1997,1.0000
mco,1998,1.0000
mco,1999,1.0000
mco,2000,1.0000
mco,2001,1.0000
mco,2002,1.0000
mco,2003,1.0000
mco,2004,1.0000
mco,2005,1.0000
mco,2006,1.0000
mco,2007,1.0000
mco,2008,0.0000
mco,2009,0.0000
mco,2010,0.0000
mco,2011,0.0000
mco,2012,0.0000
mco,2013,0.0000
mco,2014,0.0000
mco,2015,0.0000
mco,2016,0.0000
mco,2017,0.0000
mco,2018,0.0000
mco,2019,0.0000
mco,2020,0.0000
mco,2021,0.0000
mco,2022,0.0000
mco,2023,0.0000
mco,2024,0.0000
mda,1991,1247.0
mda,1992,1238.0
mda,1993,1371.0
mda,1994,1224.0
mda,1995,1208.0
mda,1996,1180.0
mda,1997,1142.0
mda,1998,1094.0
mda,1999,1048.0
mda,2000,1002.0
mda,2001,954.00
mda,2002,906.00
mda,2003,861.00
mda,2004,822.00
mda,2005,785.00
mda,2006,748.00
mda,2007,713.00
mda,2008,679.00
mda,2009,642.00
mda,2010,604.00
mda,2011,565.00
mda,2012,527.00
mda,2013,492.00
mda,2014,464.00
mda,2015,436.00
mda,2016,411.00
mda,2017,389.00
mda,2018,371.00
mda,2019,352.00
mda,2020,339.00
mda,2021,328.00
mda,2022,320.00
mda,2023,323.00
mda,2024,329.00
mdg,1991,19963
mdg,1992,19733
mdg,1993,19529
mdg,1994,19362
mdg,1995,19283
mdg,1996,19278
mdg,1997,19319
mdg,1998,19406
mdg,1999,19509
mdg,2000,19651
mdg,2001,19798
mdg,2002,19947
mdg,2003,20076
mdg,2004,20205
mdg,2005,20303
mdg,2006,20379
mdg,2007,20426
mdg,2008,20438
mdg,2009,20443
mdg,2010,20454
mdg,2011,20482
mdg,2012,20579
mdg,2013,20738
mdg,2014,20963
mdg,2015,21237
mdg,2016,21579
mdg,2017,21964
mdg,2018,22441
mdg,2019,22956
mdg,2020,23506
mdg,2021,23997
mdg,2022,24424
mdg,2023,24722
mdg,2024,24879
mdv,1991,113.00
mdv,1992,108.00
mdv,1993,105.00
mdv,1994,101.00
mdv,1995,98.000
mdv,1996,94.000
mdv,1997,90.000
mdv,1998,88.000
mdv,1999,85.000
mdv,2000,83.000
mdv,2001,79.000
mdv,2002,76.000
mdv,2003,74.000
mdv,2004,73.000
mdv,2005,112.00
mdv,2006,70.000
mdv,2007,71.000
mdv,2008,73.000
mdv,2009,74.000
mdv,2010,75.000
mdv,2011,75.000
mdv,2012,73.000
mdv,2013,70.000
mdv,2014,68.000
mdv,2015,64.000
mdv,2016,61.000
mdv,2017,57.000
mdv,2018,55.000
mdv,2019,51.000
mdv,2020,47.000
mdv,2021,43.000
mdv,2022,40.000
mdv,2023,37.000
mdv,2024,34.000
mex,1991,31129
mex,1992,30344
mex,1993,29588
mex,1994,28836
mex,1995,28223
mex,1996,27881
mex,1997,27639
mex,1998,27206
mex,1999,26489
mex,2000,25723
mex,2001,25071
mex,2002,24565
mex,2003,24198
mex,2004,23939
mex,2005,23803
mex,2006,23845
mex,2007,24199
mex,2008,25111
mex,2009,26664
mex,2010,28338
mex,2011,29495
mex,2012,29758
mex,2013,29095
mex,2014,27830
mex,2015,26781
mex,2016,26596
mex,2017,27183
mex,2018,28125
mex,2019,29060
mex,2020,30459
mex,2021,31117
mex,2022,31279
mex,2023,30661
mex,2024,29204
mhl,1991,24.000
mhl,1992,24.000
mhl,1993,26.000
mhl,1994,26.000
mhl,1995,26.000
mhl,1996,26.000
mhl,1997,26.000
mhl,1998,26.000
mhl,1999,26.000
mhl,2000,26.000
mhl,2001,28.000
mhl,2002,28.000
mhl,2003,28.000
mhl,2004,27.000
mhl,2005,27.000
mhl,2006,26.000
mhl,2007,26.000
mhl,2008,26.000
mhl,2009,26.000
mhl,2010,25.000
mhl,2011,24.000
mhl,2012,23.000
mhl,2013,22.000
mhl,2014,22.000
mhl,2015,20.000
mhl,2016,19.000
mhl,2017,19.000
mhl,2018,19.000
mhl,2019,18.000
mhl,2020,18.000
mhl,2021,16.000
mhl,2022,16.000
mhl,2023,15.000
mhl,2024,14.000
mkd,1991,317.00
mkd,1992,319.00
mkd,1993,311.00
mkd,1994,300.00
mkd,1995,287.00
mkd,1996,281.00
mkd,1997,276.00
mkd,1998,276.00
mkd,1999,272.00
mkd,2000,266.00
mkd,2001,261.00
mkd,2002,252.00
mkd,2003,242.00
mkd,2004,232.00
mkd,2005,221.00
mkd,2006,209.00
mkd,2007,198.00
mkd,2008,189.00
mkd,2009,176.00
mkd,2010,166.00
mkd,2011,157.00
mkd,2012,149.00
mkd,2013,143.00
mkd,2014,137.00
mkd,2015,132.00
mkd,2016,127.00
mkd,2017,120.00
mkd,2018,118.00
mkd,2019,114.00
mkd,2020,112.00
mkd,2021,111.00
mkd,2022,109.00
mkd,2023,110.00
mkd,2024,112.00
mli,1991,16913
mli,1992,17027
mli,1993,17141
mli,1994,17259
mli,1995,17384
mli,1996,17498
mli,1997,17592
mli,1998,17682
mli,1999,17759
mli,2000,17844
mli,2001,17925
mli,2002,17981
mli,2003,18030
mli,2004,18079
mli,2005,18163
mli,2006,18263
mli,2007,18380
mli,2008,18515
mli,2009,18686
mli,2010,18885
mli,2011,19132
mli,2012,19421
mli,2013,19693
mli,2014,19990
mli,2015,20362
mli,2016,20744
mli,2017,21139
mli,2018,21538
mli,2019,21894
mli,2020,22213
mli,2021,22505
mli,2022,22781
mli,2023,24260
mli,2024,24385
mlt,1991,31.000
mlt,1992,31.000
mlt,1993,31.000
mlt,1994,33.000
mlt,1995,34.000
mlt,1996,34.000
mlt,1997,34.000
mlt,1998,35.000
mlt,1999,34.000
mlt,2000,34.000
mlt,2001,33.000
mlt,2002,33.000
mlt,2003,32.000
mlt,2004,31.000
mlt,2005,30.000
mlt,2006,28.000
mlt,2007,26.000
mlt,2008,25.000
mlt,2009,25.000
mlt,2010,25.000
mlt,2011,23.000
mlt,2012,23.000
mlt,2013,23.000
mlt,2014,21.000
mlt,2015,19.000
mlt,2016,19.000
mlt,2017,18.000
mlt,2018,17.000
mlt,2019,17.000
mlt,2020,18.000
mlt,2021,18.000
mlt,2022,17.000
mlt,2023,17.000
mlt,2024,16.000
mmr,1991,49605
mmr,1992,49437
mmr,1993,49127
mmr,1994,48370
mmr,1995,47500
mmr,1996,46454
mmr,1997,45505
mmr,1998,44468
mmr,1999,43441
mmr,2000,42339
mmr,2001,41061
mmr,2002,39654
mmr,2003,38095
mmr,2004,36453
mmr,2005,34655
mmr,2006,32721
mmr,2007,30701
mmr,2008,28560
mmr,2009,70317
mmr,2010,24227
mmr,2011,22139
mmr,2012,20212
mmr,2013,18421
mmr,2014,16794
mmr,2015,15455
mmr,2016,14418
mmr,2017,13660
mmr,2018,13103
mmr,2019,12604
mmr,2020,12206
mmr,2021,11845
mmr,2022,13454
mmr,2023,14819
mmr,2024,13867
mne,1991,93.000
mne,1992,92.000
mne,1993,90.000
mne,1994,86.000
mne,1995,84.000
mne,1996,81.000
mne,1997,80.000
mne,1998,79.000
mne,1999,79.000
mne,2000,77.000
mne,2001,79.000
mne,2002,78.000
mne,2003,74.000
mne,2004,72.000
mne,2005,70.000
mne,2006,68.000
mne,2007,65.000
mne,2008,61.000
mne,2009,55.000
mne,2010,52.000
mne,2011,47.000
mne,2012,46.000
mne,2013,41.000
mne,2014,41.000
mne,2015,40.000
mne,2016,40.000
mne,2017,38.000
mne,2018,38.000
mne,2019,38.000
mne,2020,38.000
mne,2021,40.000
mne,2022,39.000
mne,2023,41.000
mne,2024,46.000
mng,1991,1387.0
mng,1992,1463.0
mng,1993,1534.0
mng,1994,1586.0
mng,1995,1607.0
mng,1996,1594.0
mng,1997,1539.0
mng,1998,1451.0
mng,1999,1338.0
mng,2000,1217.0
mng,2001,1106.0
mng,2002,1015.0
mng,2003,952.00
mng,2004,922.00
mng,2005,909.00
mng,2006,903.00
mng,2007,898.00
mng,2008,891.00
mng,2009,883.00
mng,2010,874.00
mng,2011,862.00
mng,2012,848.00
mng,2013,832.00
mng,2014,807.00
mng,2015,780.00
mng,2016,753.00
mng,2017,730.00
mng,2018,708.00
mng,2019,692.00
mng,2020,679.00
mng,2021,671.00
mng,2022,666.00
mng,2023,659.00
mng,2024,647.00
moz,1991,32508
moz,1992,31869
moz,1993,31284
moz,1994,31094
moz,1995,32008
moz,1996,32707
moz,1997,32476
moz,1998,32028
moz,1999,31445
moz,2000,30857
moz,2001,30270
moz,2002,29662
moz,2003,29052
moz,2004,28437
moz,2005,27801
moz,2006,27156
moz,2007,26516
moz,2008,25878
moz,2009,25223
moz,2010,24560
moz,2011,23924
moz,2012,23339
moz,2013,22842
moz,2014,22421
moz,2015,22112
moz,2016,21870
moz,2017,21664
moz,2018,21492
moz,2019,21308
moz,2020,21127
moz,2021,20965
moz,2022,20833
moz,2023,20698
moz,2024,20650
mrt,1991,1916.0
mrt,1992,1896.0
mrt,1993,1884.0
mrt,1994,1884.0
mrt,1995,1875.0
mrt,1996,1856.0
mrt,1997,1830.0
mrt,1998,1816.0
mrt,1999,1813.0
mrt,2000,1816.0
mrt,2001,1826.0
mrt,2002,1827.0
mrt,2003,1826.0
mrt,2004,1823.0
mrt,2005,1816.0
mrt,2006,1812.0
mrt,2007,1816.0
mrt,2008,1822.0
mrt,2009,1834.0
mrt,2010,1849.0
mrt,2011,1866.0
mrt,2012,1888.0
mrt,2013,1914.0
mrt,2014,1946.0
mrt,2015,1987.0
mrt,2016,2030.0
mrt,2017,2077.0
mrt,2018,2131.0
mrt,2019,2178.0
mrt,2020,2223.0
mrt,2021,2257.0
mrt,2022,2280.0
mrt,2023,2305.0
mrt,2024,2330.0
msr,1991,2.0000
msr,1992,2.0000
msr,1993,1.0000
msr,1994,1.0000
msr,1995,1.0000
msr,1996,1.0000
msr,1997,1.0000
msr,1998,0.0000
msr,1999,0.0000
msr,2000,0.0000
msr,2001,0.0000
msr,2002,0.0000
msr,2003,0.0000
msr,2004,0.0000
msr,2005,0.0000
msr,2006,0.0000
msr,2007,0.0000
msr,2008,0.0000
msr,2009,0.0000
msr,2010,0.0000
msr,2011,0.0000
msr,2012,0.0000
msr,2013,0.0000
msr,2014,0.0000
msr,2015,0.0000
msr,2016,0.0000
msr,2017,0.0000
msr,2018,0.0000
msr,2019,0.0000
msr,2020,0.0000
msr,2021,0.0000
msr,2022,0.0000
msr,2023,0.0000
msr,2024,0.0000
mus,1991,255.00
mus,1992,251.00
mus,1993,247.00
mus,1994,244.00
mus,1995,240.00
mus,1996,236.00
mus,1997,232.00
mus,1998,228.00
mus,1999,225.00
mus,2000,221.00
mus,2001,215.00
mus,2002,211.00
mus,2003,206.00
mus,2004,200.00
mus,2005,195.00
mus,2006,190.00
mus,2007,189.00
mus,2008,188.00
mus,2009,187.00
mus,2010,185.00
mus,2011,187.00
mus,2012,188.00
mus,2013,188.00
mus,2014,189.00
mus,2015,190.00
mus,2016,188.00
mus,2017,188.00
mus,2018,182.00
mus,2019,180.00
mus,2020,178.00
mus,2021,175.00
mus,2022,170.00
mus,2023,166.00
mus,2024,160.00
mwi,1991,17413
mwi,1992,17755
mwi,1993,18143
mwi,1994,18364
mwi,1995,18163
mwi,1996,18175
mwi,1997,18553
mwi,1998,18864
mwi,1999,19058
mwi,2000,19150
mwi,2001,19125
mwi,2002,18934
mwi,2003,18626
mwi,2004,18266
mwi,2005,17890
mwi,2006,17481
mwi,2007,17088
mwi,2008,16725
mwi,2009,16407
mwi,2010,16139
mwi,2011,15916
mwi,2012,15700
mwi,2013,15475
mwi,2014,15260
mwi,2015,15049
mwi,2016,14858
mwi,2017,14693
mwi,2018,14524
mwi,2019,14368
mwi,2020,14226
mwi,2021,14128
mwi,2022,14074
mwi,2023,14033
mwi,2024,13985
mys,1991,6014.0
mys,1992,5808.0
mys,1993,5695.0
mys,1994,5720.0
mys,1995,5851.0
mys,1996,5977.0
mys,1997,6011.0
mys,1998,5942.0
mys,1999,5790.0
mys,2000,5630.0
mys,2001,5576.0
mys,2002,5673.0
mys,2003,5806.0
mys,2004,5867.0
mys,2005,5841.0
mys,2006,5773.0
mys,2007,5696.0
mys,2008,5654.0
mys,2009,5682.0
mys,2010,5748.0
mys,2011,5776.0
mys,2012,5726.0
mys,2013,5656.0
mys,2014,5619.0
mys,2015,5616.0
mys,2016,5632.0
mys,2017,5624.0
mys,2018,5496.0
mys,2019,5177.0
mys,2020,4788.0
mys,2021,4475.0
mys,2022,4307.0
mys,2023,4226.0
mys,2024,4149.0
nam,1991,1326.0
nam,1992,1343.0
nam,1993,1370.0
nam,1994,1401.0
nam,1995,1443.0
nam,1996,1498.0
nam,1997,1555.0
nam,1998,1617.0
nam,1999,1684.0
nam,2000,1746.0
nam,2001,1808.0
nam,2002,1860.0
nam,2003,1901.0
nam,2004,1926.0
nam,2005,1943.0
nam,2006,1954.0
nam,2007,1958.0
nam,2008,1956.0
nam,2009,1949.0
nam,2010,1942.0
nam,2011,1933.0
nam,2012,1926.0
nam,2013,1925.0
nam,2014,1919.0
nam,2015,1906.0
nam,2016,1875.0
nam,2017,1832.0
nam,2018,1781.0
nam,2019,1723.0
nam,2020,1666.0
nam,2021,1610.0
nam,2022,1557.0
nam,2023,1499.0
nam,2024,1447.0
ner,1991,21403
ner,1992,21612
ner,1993,21836
ner,1994,22074
ner,1995,22326
ner,1996,22617
ner,1997,22929
ner,1998,23248
ner,1999,23600
ner,2000,23961
ner,2001,24327
ner,2002,24710
ner,2003,25087
ner,2004,25482
ner,2005,25882
ner,2006,26306
ner,2007,26735
ner,2008,27202
ner,2009,27690
ner,2010,28217
ner,2011,28776
ner,2012,29375
ner,2013,30022
ner,2014,30697
ner,2015,31436
ner,2016,32172
ner,2017,32859
ner,2018,33546
ner,2019,34166
ner,2020,34744
ner,2021,35297
ner,2022,35817
ner,2023,36260
ner,2024,36645
nga,1991,172640
nga,1992,173800
nga,1993,174800
nga,1994,175640
nga,1995,176410
nga,1996,177210
nga,1997,177770
nga,1998,178200
nga,1999,178480
nga,2000,178630
nga,2001,178780
nga,2002,178930
nga,2003,178970
nga,2004,179010
nga,2005,179250
nga,2006,179710
nga,2007,180380
nga,2008,180920
nga,2009,181680
nga,2010,182570
nga,2011,183510
nga,2012,184780
nga,2013,186120
nga,2014,187580
nga,2015,188850
nga,2016,190030
nga,2017,191170
nga,2018,192280
nga,2019,193070
nga,2020,193650
nga,2021,193860
nga,2022,193670
nga,2023,193020
nga,2024,191800
nic,1991,2841.0
nic,1992,2672.0
nic,1993,2681.0
nic,1994,2683.0
nic,1995,2682.0
nic,1996,2672.0
nic,1997,2652.0
nic,1998,2617.0
nic,1999,3910.0
nic,2000,2530.0
nic,2001,2481.0
nic,2002,2431.0
nic,2003,2379.0
nic,2004,2327.0
nic,2005,2275.0
nic,2006,2228.0
nic,2007,2189.0
nic,2008,2155.0
nic,2009,2119.0
nic,2010,2081.0
nic,2011,2044.0
nic,2012,2006.0
nic,2013,1969.0
nic,2014,1927.0
nic,2015,1887.0
nic,2016,1847.0
nic,2017,1805.0
nic,2018,1764.0
nic,2019,1721.0
nic,2020,1685.0
nic,2021,1649.0
nic,2022,1615.0
nic,2023,1584.0
nic,2024,1557.0
niu,1991,0.0000
niu,1992,0.0000
niu,1993,0.0000
niu,1994,0.0000
niu,1995,0.0000
niu,1996,0.0000
niu,1997,0.0000
niu,1998,0.0000
niu,1999,0.0000
niu,2000,0.0000
niu,2001,0.0000
niu,2002,0.0000
niu,2003,0.0000
niu,2004,0.0000
niu,2005,0.0000
niu,2006,0.0000
niu,2007,0.0000
niu,2008,0.0000
niu,2009,0.0000
niu,2010,0.0000
niu,2011,0.0000
niu,2012,0.0000
niu,2013,0.0000
niu,2014,0.0000
niu,2015,0.0000
niu,2016,0.0000
niu,2017,0.0000
niu,2018,0.0000
niu,2019,0.0000
niu,2020,0.0000
niu,2021,0.0000
niu,2022,0.0000
niu,2023,0.0000
niu,2024,0.0000
nld,1991,1422.0
nld,1992,1380.0
nld,1993,1340.0
nld,1994,1301.0
nld,1995,1253.0
nld,1996,1204.0
nld,1997,1163.0
nld,1998,1129.0
nld,1999,1105.0
nld,2000,1083.0
nld,2001,1062.0
nld,2002,1037.0
nld,2003,1004.0
nld,2004,963.00
nld,2005,918.00
nld,2006,876.00
nld,2007,836.00
nld,2008,802.00
nld,2009,776.00
nld,2010,757.00
nld,2011,736.00
nld,2012,719.00
nld,2013,700.00
nld,2014,684.00
nld,2015,673.00
nld,2016,666.00
nld,2017,664.00
nld,2018,664.00
nld,2019,668.00
nld,2020,678.00
nld,2021,684.00
nld,2022,695.00
nld,2023,712.00
nld,2024,727.00
nor,1991,496.00
nor,1992,470.00
nor,1993,449.00
nor,1994,428.00
nor,1995,415.00
nor,1996,404.00
nor,1997,400.00
nor,1998,398.00
nor,1999,403.00
nor,2000,410.00
nor,2001,411.00
nor,2002,407.00
nor,2003,398.00
nor,2004,388.00
nor,2005,375.00
nor,2006,362.00
nor,2007,352.00
nor,2008,344.00
nor,2009,344.00
nor,2010,339.00
nor,2011,332.00
nor,2012,321.00
nor,2013,305.00
nor,2014,288.00
nor,2015,272.00
nor,2016,262.00
nor,2017,255.00
nor,2018,253.00
nor,2019,252.00
nor,2020,251.00
nor,2021,254.00
nor,2022,252.00
nor,2023,254.00
nor,2024,260.00
npl,1991,20791
npl,1992,20463
npl,1993,20115
npl,1994,19726
npl,1995,19259
npl,1996,18748
npl,1997,18212
npl,1998,17653
npl,1999,17112
npl,2000,16584
npl,2001,16066
npl,2002,15561
npl,2003,16294
npl,2004,14491
npl,2005,14717
npl,2006,13504
npl,2007,13053
npl,2008,12635
npl,2009,12265
npl,2010,11925
npl,2011,11636
npl,2012,11378
npl,2013,11117
npl,2014,10862
npl,2015,10620
npl,2016,13513
npl,2017,10182
npl,2018,9908.0
npl,2019,9630.0
npl,2020,9318.0
npl,2021,8967.0
npl,2022,8743.0
npl,2023,8507.0
npl,2024,8183.0
nru,1991,5.0000
nru,1992,5.0000
nru,1993,5.0000
nru,1994,5.0000
nru,1995,5.0000
nru,1996,5.0000
nru,1997,5.0000
nru,1998,5.0000
nru,1999,5.0000
nru,2000,5.0000
nru,2001,4.0000
nru,2002,3.0000
nru,2003,3.0000
nru,2004,3.0000
nru,2005,3.0000
nru,2006,3.0000
nru,2007,3.0000
nru,2008,2.0000
nru,2009,2.0000
nru,2010,2.0000
nru,2011,2.0000
nru,2012,2.0000
nru,2013,2.0000
nru,2014,2.0000
nru,2015,2.0000
nru,2016,2.0000
nru,2017,2.0000
nru,2018,2.0000
nru,2019,1.0000
nru,2020,1.0000
nru,2021,1.0000
nru,2022,1.0000
nru,2023,1.0000
nru,2024,0.0000
nzl,1991,778.00
nzl,1992,755.00
nzl,1993,725.00
nzl,1994,695.00
nzl,1995,669.00
nzl,1996,645.00
nzl,1997,622.00
nzl,1998,594.00
nzl,1999,564.00
nzl,2000,535.00
nzl,2001,509.00
nzl,2002,499.00
nzl,2003,496.00
nzl,2004,500.00
nzl,2005,498.00
nzl,2006,494.00
nzl,2007,492.00
nzl,2008,482.00
nzl,2009,472.00
nzl,2010,464.00
nzl,2011,451.00
nzl,2012,438.00
nzl,2013,421.00
nzl,2014,408.00
nzl,2015,400.00
nzl,2016,397.00
nzl,2017,397.00
nzl,2018,396.00
nzl,2019,393.00
nzl,2020,389.00
nzl,2021,383.00
nzl,2022,374.00
nzl,2023,367.00
nzl,2024,361.00
omn,1991,677.00
omn,1992,664.00
omn,1993,650.00
omn,1994,635.00
omn,1995,619.00
omn,1996,606.00
omn,1997,595.00
omn,1998,583.00
omn,1999,574.00
omn,2000,562.00
omn,2001,551.00
omn,2002,540.00
omn,2003,529.00
omn,2004,516.00
omn,2005,516.00
omn,2006,520.00
omn,2007,524.00
omn,2008,543.00
omn,2009,518.00
omn,2010,511.00
omn,2011,499.00
omn,2012,513.00
omn,2013,537.00
omn,2014,540.00
omn,2015,532.00
omn,2016,527.00
omn,2017,537.00
omn,2018,541.00
omn,2019,530.00
omn,2020,524.00
omn,2021,524.00
omn,2022,526.00
omn,2023,558.00
omn,2024,608.00
pak,1991,89227
pak,1992,91294
pak,1993,93073
pak,1994,94525
pak,1995,95810
pak,1996,96691
pak,1997,97243
pak,1998,97537
pak,1999,97610
pak,2000,97559
pak,2001,97513
pak,2002,97466
pak,2003,97078
pak,2004,96919
pak,2005,97192
pak,2006,125740
pak,2007,98513
pak,2008,99405
pak,2009,100130
pak,2010,100520
pak,2011,100650
pak,2012,100470
pak,2013,100210
pak,2014,99456
pak,2015,98924
pak,2016,98279
pak,2017,97668
pak,2018,96988
pak,2019,96444
pak,2020,96188
pak,2021,95639
pak,2022,95154
pak,2023,94313
pak,2024,93445
pan,1991,853.00
pan,1992,873.00
pan,1993,900.00
pan,1994,919.00
pan,1995,932.00
pan,1996,933.00
pan,1997,924.00
pan,1998,905.00
pan,1999,885.00
pan,2000,861.00
pan,2001,842.00
pan,2002,827.00
pan,2003,823.00
pan,2004,825.00
pan,2005,835.00
pan,2006,858.00
pan,2007,896.00
pan,2008,954.00
pan,2009,1021.0
pan,2010,1081.0
pan,2011,1127.0
pan,2012,1147.0
pan,2013,1144.0
pan,2014,1120.0
pan,2015,1081.0
pan,2016,1039.0
pan,2017,1004.0
pan,2018,987.00
pan,2019,975.00
pan,2020,968.00
pan,2021,961.00
pan,2022,950.00
pan,2023,940.00
pan,2024,928.00
per,1991,13648
per,1992,13347
per,1993,12953
per,1994,12501
per,1995,11967
per,1996,11394
per,1997,10799
per,1998,10196
per,1999,9627.0
per,2000,9085.0
per,2001,8570.0
per,2002,8088.0
per,2003,7651.0
per,2004,7253.0
per,2005,6900.0
per,2006,6589.0
per,2007,6327.0
per,2008,6117.0
per,2009,5947.0
per,2010,5807.0
per,2011,5682.0
per,2012,5528.0
per,2013,5343.0
per,2014,5152.0
per,2015,5005.0
per,2016,4946.0
per,2017,5025.0
per,2018,5235.0
per,2019,5494.0
per,2020,5672.0
per,2021,5723.0
per,2022,5704.0
per,2023,5650.0
per,2024,5574.0
phl,1991,32934
phl,1992,33320
phl,1993,30217
phl,1994,29246
phl,1995,28529
phl,1996,28072
phl,1997,27822
phl,1998,27703
phl,1999,27751
phl,2000,27937
phl,2001,28173
phl,2002,28394
phl,2003,28538
phl,2004,28607
phl,2005,28593
phl,2006,28528
phl,2007,28458
phl,2008,28470
phl,2009,28518
phl,2010,28586
phl,2011,28782
phl,2012,29055
phl,2013,29443
phl,2014,31876
phl,2015,30387
phl,2016,30790
phl,2017,30941
phl,2018,30845
phl,2019,30674
phl,2020,30628
phl,2021,30859
phl,2022,31413
phl,2023,32131
phl,2024,32730
plw,1991,6.0000
plw,1992,6.0000
plw,1993,6.0000
plw,1994,6.0000
plw,1995,6.0000
plw,1996,6.0000
plw,1997,6.0000
plw,1998,7.0000
plw,1999,6.0000
plw,2000,6.0000
plw,2001,6.0000
plw,2002,6.0000
plw,2003,6.0000
plw,2004,7.0000
plw,2005,9.0000
plw,2006,7.0000
plw,2007,6.0000
plw,2008,6.0000
plw,2009,6.0000
plw,2010,6.0000
plw,2011,7.0000
plw,2012,7.0000
plw,2013,7.0000
plw,2014,6.0000
plw,2015,7.0000
plw,2016,7.0000
plw,2017,7.0000
plw,2018,6.0000
plw,2019,7.0000
plw,2020,6.0000
plw,2021,6.0000
plw,2022,6.0000
plw,2023,6.0000
plw,2024,6.0000
png,1991,3119.0
png,1992,3168.0
png,1993,3241.0
png,1994,3322.0
png,1995,3403.0
png,1996,3489.0
png,1997,3570.0
png,1998,3649.0
png,1999,4532.0
png,2000,3807.0
png,2001,3889.0
png,2002,3967.0
png,2003,4046.0
png,2004,4126.0
png,2005,4207.0
png,2006,4284.0
png,2007,4356.0
png,2008,4426.0
png,2009,4494.0
png,2010,4557.0
png,2011,4610.0
png,2012,4653.0
png,2013,4684.0
png,2014,4710.0
png,2015,4726.0
png,2016,4741.0
png,2017,4743.0
png,2018,4748.0
png,2019,4740.0
png,2020,4731.0
png,2021,4714.0
png,2022,4689.0
png,2023,4650.0
png,2024,4608.0
pol,1991,6270.0
pol,1992,6337.0
pol,1993,6263.0
pol,1994,6080.0
pol,1995,5893.0
pol,1996,5796.0
pol,1997,5764.0
pol,1998,5728.0
pol,1999,5646.0
pol,2000,5500.0
pol,2001,5296.0
pol,2002,5062.0
pol,2003,4834.0
pol,2004,4653.0
pol,2005,4511.0
pol,2006,4404.0
pol,2007,4318.0
pol,2008,4204.0
pol,2009,4043.0
pol,2010,3825.0
pol,2011,3630.0
pol,2012,3465.0
pol,2013,3273.0
pol,2014,3069.0
pol,2015,2867.0
pol,2016,2680.0
pol,2017,2516.0
pol,2018,2396.0
pol,2019,2330.0
pol,2020,2295.0
pol,2021,2281.0
pol,2022,2267.0
pol,2023,2275.0
pol,2024,2276.0
prk,1991,9406.0
prk,1992,9509.0
prk,1993,9485.0
prk,1994,9360.0
prk,1995,9165.0
prk,1996,16357
prk,1997,15953
prk,1998,15539
prk,1999,15203
prk,2000,14982
prk,2001,14826
prk,2002,14746
prk,2003,14714
prk,2004,7516.0
prk,2005,7478.0
prk,2006,7462.0
prk,2007,7426.0
prk,2008,7395.0
prk,2009,7212.0
prk,2010,7059.0
prk,2011,6861.0
prk,2012,6633.0
prk,2013,6385.0
prk,2014,6118.0
prk,2015,5859.0
prk,2016,5615.0
prk,2017,5445.0
prk,2018,5146.0
prk,2019,4972.0
prk,2020,4793.0
prk,2021,4688.0
prk,2022,4621.0
prk,2023,4604.0
prk,2024,4589.0
prt,1991,2342.0
prt,1992,2317.0
prt,1993,2259.0
prt,1994,2174.0
prt,1995,2087.0
prt,1996,2009.0
prt,1997,1936.0
prt,1998,1846.0
prt,1999,1734.0
prt,2000,1603.0
prt,2001,1464.0
prt,2002,1326.0
prt,2003,1191.0
prt,2004,1076.0
prt,2005,976.00
prt,2006,892.00
prt,2007,816.00
prt,2008,746.00
prt,2009,683.00
prt,2010,626.00
prt,2011,574.00
prt,2012,525.00
prt,2013,485.00
prt,2014,451.00
prt,2015,425.00
prt,2016,408.00
prt,2017,395.00
prt,2018,388.00
prt,2019,386.00
prt,2020,388.00
prt,2021,396.00
prt,2022,404.00
prt,2023,415.00
prt,2024,426.00
pry,1991,1805.0
pry,1992,1781.0
pry,1993,1764.0
pry,1994,1752.0
pry,1995,1742.0
pry,1996,1743.0
pry,1997,1748.0
pry,1998,1761.0
pry,1999,1779.0
pry,2000,1801.0
pry,2001,1826.0
pry,2002,1855.0
pry,2003,1883.0
pry,2004,1906.0
pry,2005,1926.0
pry,2006,1939.0
pry,2007,1942.0
pry,2008,1934.0
pry,2009,1919.0
pry,2010,1897.0
pry,2011,1876.0
pry,2012,1850.0
pry,2013,1828.0
pry,2014,1805.0
pry,2015,1779.0
pry,2016,1748.0
pry,2017,1716.0
pry,2018,1680.0
pry,2019,1646.0
pry,2020,1610.0
pry,2021,1578.0
pry,2022,1545.0
pry,2023,1509.0
pry,2024,1478.0
pse,1991,830.00
pse,1992,787.00
pse,1993,866.00
pse,1994,910.00
pse,1995,846.00
pse,1996,922.00
pse,1997,893.00
pse,1998,917.00
pse,1999,938.00
pse,2000,956.00
pse,2001,1208.0
pse,2002,1503.0
pse,2003,1184.0
pse,2004,1294.0
pse,2005,1366.0
pse,2006,1139.0
pse,2007,1324.0
pse,2008,1348.0
pse,2009,1365.0
pse,2010,1423.0
pse,2011,1122.0
pse,2012,1132.0
pse,2013,1133.0
pse,2014,1137.0
pse,2015,1805.0
pse,2016,1133.0
pse,2017,1130.0
pse,2018,1124.0
pse,2019,1118.0
pse,2020,1110.0
pse,2021,1108.0
pse,2022,1110.0
pse,2023,1111.0
pse,2024,9608.0
qat,1991,81.000
qat,1992,82.000
qat,1993,82.000
qat,1994,82.000
qat,1995,81.000
qat,1996,80.000
qat,1997,78.000
qat,1998,82.000
qat,1999,89.000
qat,2000,97.000
qat,2001,103.00
qat,2002,107.00
qat,2003,111.00
qat,2004,113.00
qat,2005,113.00
qat,2006,117.00
qat,2007,141.00
qat,2008,177.00
qat,2009,196.00
qat,2010,190.00
qat,2011,185.00
qat,2012,185.00
qat,2013,184.00
qat,2014,184.00
qat,2015,191.00
qat,2016,195.00
qat,2017,191.00
qat,2018,185.00
qat,2019,178.00
qat,2020,166.00
qat,2021,160.00
qat,2022,156.00
qat,2023,155.00
qat,2024,153.00
rks,1991,870.00
rks,1992,862.00
rks,1993,853.00
rks,1994,845.00
rks,1995,831.00
rks,1996,819.00
rks,1997,803.00
rks,1998,779.00
rks,1999,701.00
rks,2000,596.00
rks,2001,556.00
rks,2002,548.00
rks,2003,538.00
rks,2004,520.00
rks,2005,503.00
rks,2006,481.00
rks,2007,461.00
rks,2008,438.00
rks,2009,416.00
rks,2010,393.00
rks,2011,374.00
rks,2012,359.00
rks,2013,348.00
rks,2014,337.00
rks,2015,321.00
rks,2016,303.00
rks,2017,289.00
rks,2018,281.00
rks,2019,274.00
rks,2020,260.00
rks,2021,252.00
rks,2022,244.00
rks,2023,233.00
rks,2024,223.00
rou,1991,5259.0
rou,1992,5044.0
rou,1993,4916.0
rou,1994,4866.0
rou,1995,4953.0
rou,1996,5069.0
rou,1997,5083.0
rou,1998,4930.0
rou,1999,4625.0
rou,2000,4268.0
rou,2001,3914.0
rou,2002,3579.0
rou,2003,3253.0
rou,2004,2970.0
rou,2005,2778.0
rou,2006,2678.0
rou,2007,2629.0
rou,2008,2621.0
rou,2009,2637.0
rou,2010,2597.0
rou,2011,2434.0
rou,2012,2197.0
rou,2013,1966.0
rou,2014,1782.0
rou,2015,1639.0
rou,2016,1536.0
rou,2017,1468.0
rou,2018,1415.0
rou,2019,1378.0
rou,2020,1349.0
rou,2021,1328.0
rou,2022,1303.0
rou,2023,1258.0
rou,2024,1179.0
rus,1991,39333
rus,1992,42088
rus,1993,46203
rus,1994,51133
rus,1995,54935
rus,1996,55564
rus,1997,54566
rus,1998,54298
rus,1999,55320
rus,2000,56787
rus,2001,57671
rus,2002,57210
rus,2003,55465
rus,2004,52922
rus,2005,50097
rus,2006,47685
rus,2007,45483
rus,2008,42658
rus,2009,38950
rus,2010,35389
rus,2011,32467
rus,2012,29787
rus,2013,27179
rus,2014,24644
rus,2015,22098
rus,2016,19564
rus,2017,17413
rus,2018,15807
rus,2019,14766
rus,2020,14223
rus,2021,14066
rus,2022,14129
rus,2023,18097
rus,2024,22432
rwa,1991,25488
rwa,1992,29842
rwa,1993,32597
rwa,1994,37155
rwa,1995,331050
rwa,1996,30456
rwa,1997,34192
rwa,1998,37593
rwa,1999,34541
rwa,2000,27372
rwa,2001,23318
rwa,2002,20104
rwa,2003,17635
rwa,2004,15772
rwa,2005,14230
rwa,2006,12867
rwa,2007,11634
rwa,2008,10569
rwa,2009,9657.0
rwa,2010,8888.0
rwa,2011,8284.0
rwa,2012,7848.0
rwa,2013,7553.0
rwa,2014,7351.0
rwa,2015,7195.0
rwa,2016,7056.0
rwa,2017,6880.0
rwa,2018,6621.0
rwa,2019,6270.0
rwa,2020,5827.0
rwa,2021,5349.0
rwa,2022,4891.0
rwa,2023,4525.0
rwa,2024,4273.0
sau,1991,4827.0
sau,1992,4876.0
sau,1993,4940.0
sau,1994,4998.0
sau,1995,5065.0
sau,1996,5125.0
sau,1997,5192.0
sau,1998,5254.0
sau,1999,5323.0
sau,2000,5405.0
sau,2001,5642.0
sau,2002,6023.0
sau,2003,6408.0
sau,2004,6778.0
sau,2005,7126.0
sau,2006,7439.0
sau,2007,7686.0
sau,2008,7847.0
sau,2009,7916.0
sau,2010,7912.0
sau,2011,7811.0
sau,2012,7629.0
sau,2013,7393.0
sau,2014,7094.0
sau,2015,6758.0
sau,2016,6412.0
sau,2017,6052.0
sau,2018,5662.0
sau,2019,5327.0
sau,2020,5223.0
sau,2021,5221.0
sau,2022,5239.0
sau,2023,5319.0
sau,2024,5348.0
sdn,1991,35694
sdn,1992,35706
sdn,1993,35645
sdn,1994,35594
sdn,1995,35583
sdn,1996,35526
sdn,1997,35281
sdn,1998,34980
sdn,1999,34861
sdn,2000,34735
sdn,2001,34596
sdn,2002,34427
sdn,2003,36788
sdn,2004,41788
sdn,2005,49057
sdn,2006,48447
sdn,2007,37328
sdn,2008,32525
sdn,2009,36949
sdn,2010,32515
sdn,2011,32478
sdn,2012,32322
sdn,2013,32294
sdn,2014,32385
sdn,2015,32649
sdn,2016,33034
sdn,2017,33375
sdn,2018,33804
sdn,2019,34164
sdn,2020,34216
sdn,2021,34151
sdn,2022,34127
sdn,2023,34076
sdn,2024,37514
sen,1991,11361
sen,1992,11485
sen,1993,11687
sen,1994,11952
sen,1995,12281
sen,1996,12640
sen,1997,12990
sen,1998,13292
sen,1999,13503
sen,2000,13604
sen,2001,13570
sen,2002,13407
sen,2003,13140
sen,2004,12781
sen,2005,12378
sen,2006,11968
sen,2007,11562
sen,2008,11169
sen,2009,10786
sen,2010,10403
sen,2011,10024
sen,2012,9665.0
sen,2013,9314.0
sen,2014,9035.0
sen,2015,8797.0
sen,2016,8595.0
sen,2017,8436.0
sen,2018,8320.0
sen,2019,8251.0
sen,2020,8212.0
sen,2021,8172.0
sen,2022,8154.0
sen,2023,8099.0
sen,2024,8045.0
sgp,1991,431.00
sgp,1992,399.00
sgp,1993,376.00
sgp,1994,362.00
sgp,1995,353.00
sgp,1996,351.00
sgp,1997,352.00
sgp,1998,352.00
sgp,1999,350.00
sgp,2000,346.00
sgp,2001,348.00
sgp,2002,350.00
sgp,2003,344.00
sgp,2004,331.00
sgp,2005,319.00
sgp,2006,309.00
sgp,2007,306.00
sgp,2008,306.00
sgp,2009,310.00
sgp,2010,310.00
sgp,2011,307.00
sgp,2012,305.00
sgp,2013,304.00
sgp,2014,298.00
sgp,2015,289.00
sgp,2016,282.00
sgp,2017,275.00
sgp,2018,269.00
sgp,2019,265.00
sgp,2020,265.00
sgp,2021,263.00
sgp,2022,262.00
sgp,2023,272.00
sgp,2024,279.00
slb,1991,163.00
slb,1992,165.00
slb,1993,167.00
slb,1994,170.00
slb,1995,172.00
slb,1996,174.00
slb,1997,176.00
slb,1998,177.00
slb,1999,178.00
slb,2000,182.00
slb,2001,186.00
slb,2002,186.00
slb,2003,188.00
slb,2004,188.00
slb,2005,189.00
slb,2006,189.00
slb,2007,190.00
slb,2008,200.00
slb,2009,189.00
slb,2010,190.00
slb,2011,191.00
slb,2012,194.00
slb,2013,199.00
slb,2014,204.00
slb,2015,209.00
slb,2016,215.00
slb,2017,220.00
slb,2018,225.00
slb,2019,230.00
slb,2020,235.00
slb,2021,252.00
slb,2022,240.00
slb,2023,241.00
slb,2024,241.00
sle,1991,8782.0
sle,1992,8758.0
sle,1993,8461.0
sle,1994,8315.0
sle,1995,8616.0
sle,1996,8725.0
sle,1997,7986.0
sle,1998,7954.0
sle,1999,8998.0
sle,2000,10366
sle,2001,7880.0
sle,2002,8250.0
sle,2003,8644.0
sle,2004,8909.0
sle,2005,9113.0
sle,2006,9262.0
sle,2007,9350.0
sle,2008,9424.0
sle,2009,9512.0
sle,2010,9620.0
sle,2011,9743.0
sle,2012,9873.0
sle,2013,10031
sle,2014,10209
sle,2015,10378
sle,2016,10528
sle,2017,10653
sle,2018,10741
sle,2019,10810
sle,2020,10831
sle,2021,10840
sle,2022,10808
sle,2023,10775
sle,2024,10749
slv,1991,3945.0
slv,1992,2971.0
slv,1993,2817.0
slv,1994,2762.0
slv,1995,2785.0
slv,1996,2836.0
slv,1997,2849.0
slv,1998,2805.0
slv,1999,2865.0
slv,2000,2651.0
slv,2001,2575.0
slv,2002,2756.0
slv,2003,2493.0
slv,2004,2514.0
slv,2005,2578.0
slv,2006,2640.0
slv,2007,2657.0
slv,2008,2638.0
slv,2009,2602.0
slv,2010,2617.0
slv,2011,2468.0
slv,2012,2368.0
slv,2013,2303.0
slv,2014,2362.0
slv,2015,2564.0
slv,2016,2778.0
slv,2017,2816.0
slv,2018,2656.0
slv,2019,2382.0
slv,2020,2089.0
slv,2021,1851.0
slv,2022,1694.0
slv,2023,1591.0
slv,2024,1515.0
smr,1991,4.0000
smr,1992,2.0000
smr,1993,2.0000
smr,1994,2.0000
smr,1995,2.0000
smr,1996,2.0000
smr,1997,2.0000
smr,1998,1.0000
smr,1999,1.0000
smr,2000,1.0000
smr,2001,1.0000
smr,2002,1.0000
smr,2003,1.0000
smr,2004,1.0000
smr,2005,1.0000
smr,2006,0.0000
smr,2007,0.0000
smr,2008,0.0000
smr,2009,0.0000
smr,2010,0.0000
smr,2011,0.0000
smr,2012,0.0000
smr,2013,0.0000
smr,2014,0.0000
smr,2015,0.0000
smr,2016,0.0000
smr,2017,0.0000
smr,2018,0.0000
smr,2019,0.0000
smr,2020,0.0000
smr,2021,0.0000
smr,2022,0.0000
smr,2023,0.0000
smr,2024,0.0000
som,1991,19002
som,1992,47893
som,1993,46382
som,1994,14242
som,1995,14891
som,1996,15298
som,1997,15666
som,1998,16082
som,1999,16775
som,2000,17579
som,2001,18448
som,2002,19376
som,2003,20272
som,2004,21113
som,2005,21924
som,2006,22683
som,2007,23264
som,2008,23760
som,2009,24065
som,2010,24182
som,2011,28284
som,2012,65741
som,2013,30305
som,2014,23707
som,2015,25136
som,2016,24123
som,2017,26248
som,2018,32913
som,2019,29307
som,2020,25689
som,2021,26064
som,2022,26403
som,2023,37661
som,2024,29332
srb,1991,1062.0
srb,1992,1147.0
srb,1993,1148.0
srb,1994,1038.0
srb,1995,923.00
srb,1996,870.00
srb,1997,877.00
srb,1998,923.00
srb,1999,979.00
srb,2000,999.00
srb,2001,950.00
srb,2002,857.00
srb,2003,778.00
srb,2004,733.00
srb,2005,714.00
srb,2006,703.00
srb,2007,691.00
srb,2008,660.00
srb,2009,613.00
srb,2010,562.00
srb,2011,518.00
srb,2012,486.00
srb,2013,458.00
srb,2014,433.00
srb,2015,412.00
srb,2016,392.00
srb,2017,375.00
srb,2018,363.00
srb,2019,358.00
srb,2020,357.00
srb,2021,360.00
srb,2022,363.00
srb,2023,361.00
srb,2024,354.00
ssd,1991,42424
ssd,1992,42145
ssd,1993,69495
ssd,1994,68395
ssd,1995,13382
ssd,1996,40610
ssd,1997,40555
ssd,1998,40494
ssd,1999,80716
ssd,2000,20115
ssd,2001,16707
ssd,2002,16618
ssd,2003,16457
ssd,2004,13043
ssd,2005,12972
ssd,2006,12988
ssd,2007,13015
ssd,2008,13077
ssd,2009,13116
ssd,2010,13145
ssd,2011,13306
ssd,2012,13532
ssd,2013,13768
ssd,2014,14129
ssd,2015,32487
ssd,2016,42700
ssd,2017,48643
ssd,2018,50176
ssd,2019,21890
ssd,2020,14228
ssd,2021,14810
ssd,2022,15189
ssd,2023,15538
ssd,2024,16282
stp,1991,138.00
stp,1992,137.00
stp,1993,139.00
stp,1994,137.00
stp,1995,137.00
stp,1996,138.00
stp,1997,137.00
stp,1998,135.00
stp,1999,134.00
stp,2000,130.00
stp,2001,128.00
stp,2002,124.00
stp,2003,122.00
stp,2004,118.00
stp,2005,115.00
stp,2006,111.00
stp,2007,109.00
stp,2008,108.00
stp,2009,106.00
stp,2010,104.00
stp,2011,104.00
stp,2012,106.00
stp,2013,105.00
stp,2014,104.00
stp,2015,102.00
stp,2016,99.000
stp,2017,97.000
stp,2018,95.000
stp,2019,94.000
stp,2020,95.000
stp,2021,94.000
stp,2022,95.000
stp,2023,96.000
stp,2024,98.000
sur,1991,151.00
sur,1992,152.00
sur,1993,149.00
sur,1994,147.00
sur,1995,142.00
sur,1996,137.00
sur,1997,134.00
sur,1998,132.00
sur,1999,128.00
sur,2000,126.00
sur,2001,127.00
sur,2002,128.00
sur,2003,130.00
sur,2004,134.00
sur,2005,137.00
sur,2006,138.00
sur,2007,140.00
sur,2008,142.00
sur,2009,142.00
sur,2010,141.00
sur,2011,139.00
sur,2012,137.00
sur,2013,134.00
sur,2014,133.00
sur,2015,131.00
sur,2016,132.00
sur,2017,134.00
sur,2018,138.00
sur,2019,141.00
sur,2020,147.00
sur,2021,149.00
sur,2022,149.00
sur,2023,151.00
sur,2024,145.00
svk,1991,780.00
svk,1992,783.00
svk,1993,784.00
svk,1994,785.00
svk,1995,785.00
svk,1996,780.00
svk,1997,773.00
svk,1998,762.00
svk,1999,745.00
svk,2000,723.00
svk,2001,700.00
svk,2002,672.00
svk,2003,645.00
svk,2004,618.00
svk,2005,591.00
svk,2006,567.00
svk,2007,545.00
svk,2008,522.00
svk,2009,501.00
svk,2010,481.00
svk,2011,458.00
svk,2012,438.00
svk,2013,418.00
svk,2014,400.00
svk,2015,384.00
svk,2016,367.00
svk,2017,350.00
svk,2018,334.00
svk,2019,320.00
svk,2020,309.00
svk,2021,298.00
svk,2022,290.00
svk,2023,283.00
svk,2024,279.00
svn,1991,320.00
svn,1992,312.00
svn,1993,306.00
svn,1994,298.00
svn,1995,293.00
svn,1996,286.00
svn,1997,279.00
svn,1998,269.00
svn,1999,257.00
svn,2000,248.00
svn,2001,239.00
svn,2002,226.00
svn,2003,216.00
svn,2004,204.00
svn,2005,192.00
svn,2006,178.00
svn,2007,168.00
svn,2008,156.00
svn,2009,145.00
svn,2010,135.00
svn,2011,125.00
svn,2012,117.00
svn,2013,108.00
svn,2014,100.00
svn,2015,94.000
svn,2016,88.000
svn,2017,84.000
svn,2018,81.000
svn,2019,76.000
svn,2020,74.000
svn,2021,73.000
svn,2022,72.000
svn,2023,69.000
svn,2024,66.000
swe,1991,749.00
swe,1992,703.00
swe,1993,657.00
swe,1994,618.00
swe,1995,592.00
swe,1996,575.00
swe,1997,565.00
swe,1998,558.00
swe,1999,557.00
swe,2000,557.00
swe,2001,561.00
swe,2002,569.00
swe,2003,571.00
swe,2004,573.00
swe,2005,572.00
swe,2006,570.00
swe,2007,564.00
swe,2008,558.00
swe,2009,551.00
swe,2010,547.00
swe,2011,541.00
swe,2012,533.00
swe,2013,521.00
swe,2014,514.00
swe,2015,506.00
swe,2016,501.00
swe,2017,494.00
swe,2018,493.00
swe,2019,490.00
swe,2020,485.00
swe,2021,479.00
swe,2022,474.00
swe,2023,471.00
swe,2024,468.00
swz,1991,791.00
swz,1992,817.00
swz,1993,841.00
swz,1994,860.00
swz,1995,854.00
swz,1996,851.00
swz,1997,875.00
swz,1998,896.00
swz,1999,916.00
swz,2000,933.00
swz,2001,947.00
swz,2002,954.00
swz,2003,961.00
swz,2004,969.00
swz,2005,975.00
swz,2006,980.00
swz,2007,984.00
swz,2008,986.00
swz,2009,984.00
swz,2010,982.00
swz,2011,980.00
swz,2012,973.00
swz,2013,966.00
swz,2014,956.00
swz,2015,947.00
swz,2016,935.00
swz,2017,924.00
swz,2018,915.00
swz,2019,906.00
swz,2020,899.00
swz,2021,890.00
swz,2022,882.00
swz,2023,870.00
swz,2024,860.00
syc,1991,18.000
syc,1992,18.000
syc,1993,18.000
syc,1994,18.000
syc,1995,19.000
syc,1996,19.000
syc,1997,19.000
syc,1998,20.000
syc,1999,20.000
syc,2000,19.000
syc,2001,18.000
syc,2002,18.000
syc,2003,17.000
syc,2004,17.000
syc,2005,15.000
syc,2006,15.000
syc,2007,15.000
syc,2008,15.000
syc,2009,15.000
syc,2010,15.000
syc,2011,15.000
syc,2012,16.000
syc,2013,16.000
syc,2014,16.000
syc,2015,16.000
syc,2016,17.000
syc,2017,17.000
syc,2018,18.000
syc,2019,18.000
syc,2020,18.000
syc,2021,18.000
syc,2022,18.000
syc,2023,17.000
syc,2024,17.000
syr,1991,7061.0
syr,1992,7094.0
syr,1993,7106.0
syr,1994,7078.0
syr,1995,7003.0
syr,1996,6861.0
syr,1997,6651.0
syr,1998,6377.0
syr,1999,6044.0
syr,2000,5662.0
syr,2001,5250.0
syr,2002,4857.0
syr,2003,4521.0
syr,2004,4279.0
syr,2005,4169.0
syr,2006,4193.0
syr,2007,4342.0
syr,2008,4560.0
syr,2009,4636.0
syr,2010,4621.0
syr,2011,4650.0
syr,2012,7249.0
syr,2013,20197
syr,2014,21031
syr,2015,18648
syr,2016,22401
syr,2017,18868
syr,2018,18585
syr,2019,15849
syr,2020,9519.0
syr,2021,7392.0
syr,2022,5356.0
syr,2023,6644.0
syr,2024,8884.0
tca,1991,2.0000
tca,1992,2.0000
tca,1993,2.0000
tca,1994,2.0000
tca,1995,2.0000
tca,1996,2.0000
tca,1997,2.0000
tca,1998,2.0000
tca,1999,2.0000
tca,2000,2.0000
tca,2001,2.0000
tca,2002,2.0000
tca,2003,2.0000
tca,2004,2.0000
tca,2005,2.0000
tca,2006,2.0000
tca,2007,2.0000
tca,2008,2.0000
tca,2009,2.0000
tca,2010,2.0000
tca,2011,2.0000
tca,2012,2.0000
tca,2013,2.0000
tca,2014,2.0000
tca,2015,2.0000
tca,2016,2.0000
tca,2017,3.0000
tca,2018,3.0000
tca,2019,3.0000
tca,2020,4.0000
tca,2021,4.0000
tca,2022,3.0000
tca,2023,3.0000
tca,2024,3.0000
tcd,1991,15172
tcd,1992,13346
tcd,1993,13681
tcd,1994,13830
tcd,1995,13975
tcd,1996,14375
tcd,1997,14782
tcd,1998,15068
tcd,1999,15375
tcd,2000,15678
tcd,2001,15935
tcd,2002,16204
tcd,2003,16518
tcd,2004,16894
tcd,2005,17349
tcd,2006,17755
tcd,2007,18114
tcd,2008,18483
tcd,2009,18837
tcd,2010,19201
tcd,2011,19589
tcd,2012,20033
tcd,2013,20471
tcd,2014,20908
tcd,2015,21310
tcd,2016,21608
tcd,2017,21891
tcd,2018,22159
tcd,2019,22417
tcd,2020,22674
tcd,2021,22954
tcd,2022,23250
tcd,2023,23494
tcd,2024,23961
tgo,1991,5755.0
tgo,1992,5805.0
tgo,1993,5867.0
tgo,1994,5735.0
tgo,1995,5665.0
tgo,1996,5826.0
tgo,1997,5957.0
tgo,1998,6046.0
tgo,1999,6116.0
tgo,2000,6170.0
tgo,2001,6213.0
tgo,2002,6237.0
tgo,2003,6236.0
tgo,2004,6221.0
tgo,2005,6198.0
tgo,2006,6165.0
tgo,2007,6126.0
tgo,2008,6081.0
tgo,2009,6024.0
tgo,2010,5947.0
tgo,2011,5859.0
tgo,2012,5762.0
tgo,2013,5673.0
tgo,2014,5605.0
tgo,2015,5551.0
tgo,2016,5519.0
tgo,2017,5493.0
tgo,2018,5471.0
tgo,2019,5442.0
tgo,2020,5423.0
tgo,2021,5420.0
tgo,2022,5405.0
tgo,2023,5389.0
tgo,2024,5386.0
tha,1991,26799
tha,1992,27685
tha,1993,29044
tha,1994,30850
tha,1995,32403
tha,1996,32809
tha,1997,31941
tha,1998,30229
tha,1999,28234
tha,2000,26663
tha,2001,26087
tha,2002,26223
tha,2003,26375
tha,2004,26086
tha,2005,26391
tha,2006,23996
tha,2007,22575
tha,2008,21335
tha,2009,20420
tha,2010,19679
tha,2011,19005
tha,2012,18407
tha,2013,17915
tha,2014,17551
tha,2015,17323
tha,2016,17247
tha,2017,17231
tha,2018,17086
tha,2019,16679
tha,2020,16107
tha,2021,15469
tha,2022,14824
tha,2023,14256
tha,2024,13830
tjk,1991,1808.0
tjk,1992,2125.0
tjk,1993,5671.0
tjk,1994,7599.0
tjk,1995,3805.0
tjk,1996,2791.0
tjk,1997,3347.0
tjk,1998,2371.0
tjk,1999,2133.0
tjk,2000,1937.0
tjk,2001,1954.0
tjk,2002,1705.0
tjk,2003,1633.0
tjk,2004,1573.0
tjk,2005,1516.0
tjk,2006,1463.0
tjk,2007,1415.0
tjk,2008,1370.0
tjk,2009,1327.0
tjk,2010,1286.0
tjk,2011,1408.0
tjk,2012,1367.0
tjk,2013,1175.0
tjk,2014,1151.0
tjk,2015,1139.0
tjk,2016,1136.0
tjk,2017,1146.0
tjk,2018,1164.0
tjk,2019,1189.0
tjk,2020,1216.0
tjk,2021,1234.0
tjk,2022,1240.0
tjk,2023,1231.0
tjk,2024,1217.0
tkm,1991,1447.0
tkm,1992,1511.0
tkm,1993,1588.0
tkm,1994,1686.0
tkm,1995,1809.0
tkm,1996,1951.0
tkm,1997,2092.0
tkm,1998,2197.0
tkm,1999,2256.0
tkm,2000,2272.0
tkm,2001,2255.0
tkm,2002,2230.0
tkm,2003,2216.0
tkm,2004,2221.0
tkm,2005,2227.0
tkm,2006,2227.0
tkm,2007,2202.0
tkm,2008,2133.0
tkm,2009,2039.0
tkm,2010,1955.0
tkm,2011,1891.0
tkm,2012,1849.0
tkm,2013,1812.0
tkm,2014,1780.0
tkm,2015,1746.0
tkm,2016,1710.0
tkm,2017,1676.0
tkm,2018,1645.0
tkm,2019,1615.0
tkm,2020,1585.0
tkm,2021,1557.0
tkm,2022,1524.0
tkm,2023,1496.0
tkm,2024,1472.0
tls,1991,1333.0
tls,1992,1443.0
tls,1993,1451.0
tls,1994,1475.0
tls,1995,1501.0
tls,1996,1642.0
tls,1997,1651.0
tls,1998,1653.0
tls,1999,1763.0
tls,2000,2077.0
tls,2001,643.00
tls,2002,646.00
tls,2003,646.00
tls,2004,628.00
tls,2005,597.00
tls,2006,579.00
tls,2007,574.00
tls,2008,574.00
tls,2009,581.00
tls,2010,596.00
tls,2011,621.00
tls,2012,655.00
tls,2013,702.00
tls,2014,767.00
tls,2015,861.00
tls,2016,972.00
tls,2017,1072.0
tls,2018,1136.0
tls,2019,1175.0
tls,2020,1191.0
tls,2021,1199.0
tls,2022,1205.0
tls,2023,1205.0
tls,2024,1198.0
ton,1991,22.000
ton,1992,22.000
ton,1993,24.000
ton,1994,25.000
ton,1995,25.000
ton,1996,25.000
ton,1997,25.000
ton,1998,26.000
ton,1999,27.000
ton,2000,29.000
ton,2001,29.000
ton,2002,30.000
ton,2003,32.000
ton,2004,32.000
ton,2005,32.000
ton,2006,32.000
ton,2007,32.000
ton,2008,32.000
ton,2009,32.000
ton,2010,29.000
ton,2011,26.000
ton,2012,26.000
ton,2013,25.000
ton,2014,24.000
ton,2015,24.000
ton,2016,24.000
ton,2017,23.000
ton,2018,22.000
ton,2019,22.000
ton,2020,22.000
ton,2021,22.000
ton,2022,22.000
ton,2023,22.000
ton,2024,22.000
tto,1991,352.00
tto,1992,351.00
tto,1993,350.00
tto,1994,352.00
tto,1995,357.00
tto,1996,361.00
tto,1997,363.00
tto,1998,365.00
tto,1999,367.00
tto,2000,368.00
tto,2001,376.00
tto,2002,384.00
tto,2003,392.00
tto,2004,404.00
tto,2005,414.00
tto,2006,427.00
tto,2007,441.00
tto,2008,452.00
tto,2009,451.00
tto,2010,431.00
tto,2011,400.00
tto,2012,367.00
tto,2013,335.00
tto,2014,316.00
tto,2015,303.00
tto,2016,296.00
tto,2017,292.00
tto,2018,289.00
tto,2019,292.00
tto,2020,293.00
tto,2021,285.00
tto,2022,282.00
tto,2023,279.00
tto,2024,304.00
tun,1991,2820.0
tun,1992,2777.0
tun,1993,2742.0
tun,1994,2710.0
tun,1995,2668.0
tun,1996,2620.0
tun,1997,2576.0
tun,1998,2534.0
tun,1999,2497.0
tun,2000,2458.0
tun,2001,2416.0
tun,2002,2375.0
tun,2003,2337.0
tun,2004,2300.0
tun,2005,2255.0
tun,2006,2201.0
tun,2007,2146.0
tun,2008,2095.0
tun,2009,2048.0
tun,2010,1998.0
tun,2011,1953.0
tun,2012,1913.0
tun,2013,1882.0
tun,2014,1865.0
tun,2015,1855.0
tun,2016,1842.0
tun,2017,1816.0
tun,2018,1775.0
tun,2019,1733.0
tun,2020,1691.0
tun,2021,1662.0
tun,2022,1654.0
tun,2023,1675.0
tun,2024,1700.0
tur,1991,29090
tur,1992,28423
tur,1993,27790
tur,1994,27172
tur,1995,26584
tur,1996,27934
tur,1997,25081
tur,1998,24246
tur,1999,23371
tur,2000,28207
tur,2001,21570
tur,2002,20653
tur,2003,19660
tur,2004,18601
tur,2005,17528
tur,2006,16454
tur,2007,15392
tur,2008,14380
tur,2009,13488
tur,2010,12696
tur,2011,11946
tur,2012,11254
tur,2013,10659
tur,2014,10230
tur,2015,10025
tur,2016,9940.0
tur,2017,9708.0
tur,2018,9315.0
tur,2019,8915.0
tur,2020,8623.0
tur,2021,8521.0
tur,2022,8599.0
tur,2023,8759.0
tur,2024,19840
tuv,1991,4.0000
tuv,1992,4.0000
tuv,1993,3.0000
tuv,1994,3.0000
tuv,1995,3.0000
tuv,1996,3.0000
tuv,1997,3.0000
tuv,1998,3.0000
tuv,1999,3.0000
tuv,2000,3.0000
tuv,2001,3.0000
tuv,2002,3.0000
tuv,2003,3.0000
tuv,2004,3.0000
tuv,2005,3.0000
tuv,2006,3.0000
tuv,2007,3.0000
tuv,2008,3.0000
tuv,2009,3.0000
tuv,2010,2.0000
tuv,2011,2.0000
tuv,2012,2.0000
tuv,2013,2.0000
tuv,2014,2.0000
tuv,2015,2.0000
tuv,2016,2.0000
tuv,2017,2.0000
tuv,2018,2.0000
tuv,2019,2.0000
tuv,2020,2.0000
tuv,2021,2.0000
tuv,2022,2.0000
tuv,2023,2.0000
tuv,2024,2.0000
tza,1991,34820
tza,1992,36324
tza,1993,37675
tza,1994,39056
tza,1995,40403
tza,1996,41155
tza,1997,41077
tza,1998,40756
tza,1999,40464
tza,2000,40020
tza,2001,39518
tza,2002,38893
tza,2003,38124
tza,2004,37279
tza,2005,36371
tza,2006,35472
tza,2007,34624
tza,2008,33928
tza,2009,33415
tza,2010,33128
tza,2011,33186
tza,2012,33585
tza,2013,34157
tza,2014,34793
tza,2015,35376
tza,2016,35904
tza,2017,36375
tza,2018,36754
tza,2019,37094
tza,2020,37440
tza,2021,37767
tza,2022,38038
tza,2023,38415
tza,2024,38661
uga,1991,31461
uga,1992,32817
uga,1993,34163
uga,1994,35388
uga,1995,36429
uga,1996,36914
uga,1997,37197
uga,1998,37372
uga,1999,37415
uga,2000,37412
uga,2001,37252
uga,2002,36925
uga,2003,36550
uga,2004,36122
uga,2005,35636
uga,2006,35174
uga,2007,34861
uga,2008,34677
uga,2009,34666
uga,2010,34849
uga,2011,35212
uga,2012,35772
uga,2013,36513
uga,2014,37441
uga,2015,38503
uga,2016,39617
uga,2017,40718
uga,2018,41667
uga,2019,42358
uga,2020,42792
uga,2021,43190
uga,2022,43521
uga,2023,43571
uga,2024,43596
ukr,1991,11698
ukr,1992,11988
ukr,1993,12313
ukr,1994,12842
ukr,1995,13269
ukr,1996,13166
ukr,1997,12643
ukr,1998,12147
ukr,1999,12011
ukr,2000,12110
ukr,2001,12123
ukr,2002,11949
ukr,2003,11590
ukr,2004,11086
ukr,2005,10551
ukr,2006,10206
ukr,2007,10103
ukr,2008,9874.0
ukr,2009,9145.0
ukr,2010,8143.0
ukr,2011,7269.0
ukr,2012,6625.0
ukr,2013,6104.0
ukr,2014,5628.0
ukr,2015,5760.0
ukr,2016,4668.0
ukr,2017,4207.0
ukr,2018,3826.0
ukr,2019,3563.0
ukr,2020,3420.0
ukr,2021,3379.0
ukr,2022,3420.0
ukr,2023,8612.0
ukr,2024,7334.0
unicef_eap,1991,681110
unicef_eap,1992,663480
unicef_eap,1993,643820
unicef_eap,1994,625940
unicef_eap,1995,608090
unicef_eap,1996,598270
unicef_eap,1997,578540
unicef_eap,1998,557310
unicef_eap,1999,536900
unicef_eap,2000,516120
unicef_eap,2001,497410
unicef_eap,2002,483020
unicef_eap,2003,470330
unicef_eap,2004,450620
unicef_eap,2005,488000
unicef_eap,2006,423360
unicef_eap,2007,409260
unicef_eap,2008,394650
unicef_eap,2009,425040
unicef_eap,2010,368850
unicef_eap,2011,356950
unicef_eap,2012,347050
unicef_eap,2013,332530
unicef_eap,2014,323050
unicef_eap,2015,310440
unicef_eap,2016,300400
unicef_eap,2017,291460
unicef_eap,2018,284100
unicef_eap,2019,277350
unicef_eap,2020,271140
unicef_eap,2021,265800
unicef_eap,2022,263050
unicef_eap,2023,261050
unicef_eap,2024,256330
unicef_eapro,1991,653870
unicef_eapro,1992,637000
unicef_eapro,1993,618250
unicef_eapro,1994,601310
unicef_eapro,1995,584220
unicef_eapro,1996,574710
unicef_eapro,1997,556280
unicef_eapro,1998,536320
unicef_eapro,1999,517380
unicef_eapro,2000,498100
unicef_eapro,2001,480760
unicef_eapro,2002,467520
unicef_eapro,2003,455780
unicef_eapro,2004,436840
unicef_eapro,2005,474870
unicef_eapro,2006,410790
unicef_eapro,2007,397130
unicef_eapro,2008,382850
unicef_eapro,2009,413560
unicef_eapro,2010,357740
unicef_eapro,2011,346280
unicef_eapro,2012,334670
unicef_eapro,2013,322750
unicef_eapro,2014,313690
unicef_eapro,2015,301450
unicef_eapro,2016,291690
unicef_eapro,2017,282920
unicef_eapro,2018,275640
unicef_eapro,2019,268900
unicef_eapro,2020,262660
unicef_eapro,2021,257300
unicef_eapro,2022,254560
unicef_eapro,2023,252560
unicef_eapro,2024,247870
unicef_eca,1991,177650
unicef_eca,1992,180710
unicef_eca,1993,196510
unicef_eca,1994,201290
unicef_eca,1995,191900
unicef_eca,1996,188990
unicef_eca,1997,181770
unicef_eca,1998,177080
unicef_eca,1999,174350
unicef_eca,2000,178070
unicef_eca,2001,169640
unicef_eca,2002,164830
unicef_eca,2003,158610
unicef_eca,2004,151680
unicef_eca,2005,144680
unicef_eca,2006,138700
unicef_eca,2007,133320
unicef_eca,2008,127140
unicef_eca,2009,119760
unicef_eca,2010,111610
unicef_eca,2011,104570
unicef_eca,2012,97941
unicef_eca,2013,91748
unicef_eca,2014,86115
unicef_eca,2015,81927
unicef_eca,2016,76855
unicef_eca,2017,72883
unicef_eca,2018,69466
unicef_eca,2019,66728
unicef_eca,2020,65165
unicef_eca,2021,66097
unicef_eca,2022,65272
unicef_eca,2023,75353
unicef_eca,2024,90166
unicef_ecaro,1991,78770
unicef_ecaro,1992,80318
unicef_ecaro,1993,93944
unicef_ecaro,1994,96215
unicef_ecaro,1995,85440
unicef_ecaro,1996,83975
unicef_ecaro,1997,79479
unicef_ecaro,1998,76561
unicef_ecaro,1999,74304
unicef_ecaro,2000,78121
unicef_ecaro,2001,70344
unicef_ecaro,2002,67585
unicef_ecaro,2003,64752
unicef_ecaro,2004,62002
unicef_ecaro,2005,59421
unicef_ecaro,2006,57333
unicef_ecaro,2007,55549
unicef_ecaro,2008,53532
unicef_ecaro,2009,51188
unicef_ecaro,2010,48012
unicef_ecaro,2011,45337
unicef_ecaro,2012,42779
unicef_ecaro,2013,40510
unicef_ecaro,2014,38540
unicef_ecaro,2015,37782
unicef_ecaro,2016,35917
unicef_ecaro,2017,34601
unicef_ecaro,2018,33220
unicef_ecaro,2019,31873
unicef_ecaro,2020,31050
unicef_ecaro,2021,32204
unicef_ecaro,2022,31249
unicef_ecaro,2023,37143
unicef_ecaro,2024,47439
unicef_eeca,1991,116770
unicef_eeca,1992,121090
unicef_eeca,1993,138860
unicef_eeca,1994,146090
unicef_eeca,1995,139140
unicef_eeca,1996,138330
unicef_eeca,1997,132850
unicef_eeca,1998,129680
unicef_eeca,1999,128460
unicef_eeca,2000,133760
unicef_eeca,2001,126890
unicef_eeca,2002,123700
unicef_eeca,2003,119150
unicef_eeca,2004,113890
unicef_eeca,2005,108520
unicef_eeca,2006,104060
unicef_eeca,2007,100110
unicef_eeca,2008,95317
unicef_eeca,2009,89317
unicef_eeca,2010,82633
unicef_eeca,2011,77091
unicef_eeca,2012,71903
unicef_eeca,2013,67076
unicef_eeca,2014,62617
unicef_eeca,2015,59354
unicef_eeca,2016,54992
unicef_eeca,2017,51551
unicef_eeca,2018,48583
unicef_eeca,2019,46213
unicef_eeca,2020,44860
unicef_eeca,2021,45869
unicef_eeca,2022,44998
unicef_eeca,2023,54881
unicef_eeca,2024,69525
unicef_esa,1991,559170
unicef_esa,1992,588450
unicef_esa,1993,630820
unicef_esa,1994,623870
unicef_esa,1995,853420
unicef_esa,1996,581010
unicef_esa,1997,588290
unicef_esa,1998,593600
unicef_esa,1999,637090
unicef_esa,2000,581900
unicef_esa,2001,560500
unicef_esa,2002,555710
unicef_esa,2003,550420
unicef_esa,2004,542200
unicef_esa,2005,541880
unicef_esa,2006,532260
unicef_esa,2007,510610
unicef_esa,2008,494340
unicef_esa,2009,486770
unicef_esa,2010,470390
unicef_esa,2011,463310
unicef_esa,2012,490790
unicef_esa,2013,446710
unicef_esa,2014,432910
unicef_esa,2015,446560
unicef_esa,2016,451090
unicef_esa,2017,455140
unicef_esa,2018,460390
unicef_esa,2019,426980
unicef_esa,2020,414590
unicef_esa,2021,414780
unicef_esa,2022,414960
unicef_esa,2023,425980
unicef_esa,2024,421360
unicef_esaro,1991,522310
unicef_esaro,1992,551450
unicef_esaro,1993,593810
unicef_esaro,1994,587110
unicef_esaro,1995,816660
unicef_esaro,1996,544310
unicef_esaro,1997,551830
unicef_esaro,1998,557420
unicef_esaro,1999,601000
unicef_esaro,2000,545930
unicef_esaro,2001,524670
unicef_esaro,2002,520050
unicef_esaro,2003,512400
unicef_esaro,2004,499190
unicef_esaro,2005,491630
unicef_esaro,2006,482640
unicef_esaro,2007,472110
unicef_esaro,2008,460640
unicef_esaro,2009,448650
unicef_esaro,2010,436710
unicef_esaro,2011,429670
unicef_esaro,2012,457310
unicef_esaro,2013,413260
unicef_esaro,2014,399380
unicef_esaro,2015,412780
unicef_esaro,2016,416940
unicef_esaro,2017,420650
unicef_esaro,2018,425500
unicef_esaro,2019,391740
unicef_esaro,2020,379300
unicef_esaro,2021,379580
unicef_esaro,2022,379800
unicef_esaro,2023,390890
unicef_esaro,2024,382850
unicef_lac,1991,182970
unicef_lac,1992,182660
unicef_lac,1993,183410
unicef_lac,1994,184050
unicef_lac,1995,184350
unicef_lac,1996,184220
unicef_lac,1997,183470
unicef_lac,1998,182340
unicef_lac,1999,188610
unicef_lac,2000,181290
unicef_lac,2001,181690
unicef_lac,2002,182180
unicef_lac,2003,181320
unicef_lac,2004,179420
unicef_lac,2005,177540
unicef_lac,2006,174830
unicef_lac,2007,173250
unicef_lac,2008,173790
unicef_lac,2009,175530
unicef_lac,2010,177280
unicef_lac,2011,210090
unicef_lac,2012,177740
unicef_lac,2013,175780
unicef_lac,2014,173730
unicef_lac,2015,171990
unicef_lac,2016,170740
unicef_lac,2017,169480
unicef_lac,2018,167770
unicef_lac,2019,164830
unicef_lac,2020,162100
unicef_lac,2021,160000
unicef_lac,2022,158950
unicef_lac,2023,156980
unicef_lac,2024,155410
unicef_lacro,1991,182880
unicef_lacro,1992,182570
unicef_lacro,1993,183320
unicef_lacro,1994,183960
unicef_lacro,1995,184250
unicef_lacro,1996,184120
unicef_lacro,1997,183370
unicef_lacro,1998,182240
unicef_lacro,1999,188510
unicef_lacro,2000,181190
unicef_lacro,2001,181590
unicef_lacro,2002,182090
unicef_lacro,2003,181220
unicef_lacro,2004,179320
unicef_lacro,2005,177440
unicef_lacro,2006,174730
unicef_lacro,2007,173140
unicef_lacro,2008,173680
unicef_lacro,2009,175420
unicef_lacro,2010,177170
unicef_lacro,2011,209970
unicef_lacro,2012,177610
unicef_lacro,2013,175640
unicef_lacro,2014,173590
unicef_lacro,2015,171850
unicef_lacro,2016,170620
unicef_lacro,2017,169360
unicef_lacro,2018,167660
unicef_lacro,2019,164730
unicef_lacro,2020,161920
unicef_lacro,2021,159910
unicef_lacro,2022,158880
unicef_lacro,2023,156900
unicef_lacro,2024,155340
unicef_mena,1991,163150
unicef_mena,1992,134490
unicef_mena,1993,123380
unicef_mena,1994,121260
unicef_mena,1995,121520
unicef_mena,1996,118870
unicef_mena,1997,116420
unicef_mena,1998,116130
unicef_mena,1999,115280
unicef_mena,2000,112940
unicef_mena,2001,112400
unicef_mena,2002,112250
unicef_mena,2003,111380
unicef_mena,2004,125950
unicef_mena,2005,117450
unicef_mena,2006,117930
unicef_mena,2007,123320
unicef_mena,2008,122990
unicef_mena,2009,116930
unicef_mena,2010,112050
unicef_mena,2011,110280
unicef_mena,2012,112570
unicef_mena,2013,122260
unicef_mena,2014,121070
unicef_mena,2015,117830
unicef_mena,2016,124240
unicef_mena,2017,126330
unicef_mena,2018,122280
unicef_mena,2019,119670
unicef_mena,2020,112450
unicef_mena,2021,107020
unicef_mena,2022,104980
unicef_mena,2023,103860
unicef_mena,2024,119100
unicef_menaro,1991,199150
unicef_menaro,1992,170610
unicef_menaro,1993,159510
unicef_menaro,1994,157120
unicef_menaro,1995,157360
unicef_menaro,1996,154630
unicef_menaro,1997,151930
unicef_menaro,1998,151370
unicef_menaro,1999,150460
unicef_menaro,2000,148010
unicef_menaro,2001,147300
unicef_menaro,2002,146920
unicef_menaro,2003,148390
unicef_menaro,2004,168000
unicef_menaro,2005,166820
unicef_menaro,2006,166720
unicef_menaro,2007,161010
unicef_menaro,2008,155890
unicef_menaro,2009,154280
unicef_menaro,2010,144990
unicef_menaro,2011,143210
unicef_menaro,2012,145360
unicef_menaro,2013,155020
unicef_menaro,2014,153910
unicef_menaro,2015,150900
unicef_menaro,2016,157680
unicef_menaro,2017,160110
unicef_menaro,2018,156480
unicef_menaro,2019,154220
unicef_menaro,2020,147040
unicef_menaro,2021,141520
unicef_menaro,2022,139440
unicef_menaro,2023,138240
unicef_menaro,2024,156870
unicef_na,1991,49100
unicef_na,1992,48361
unicef_na,1993,47984
unicef_na,1994,47894
unicef_na,1995,47557
unicef_na,1996,46542
unicef_na,1997,45085
unicef_na,1998,43764
unicef_na,1999,42864
unicef_na,2000,42355
unicef_na,2001,42333
unicef_na,2002,42667
unicef_na,2003,43026
unicef_na,2004,43352
unicef_na,2005,43657
unicef_na,2006,43896
unicef_na,2007,43782
unicef_na,2008,42905
unicef_na,2009,41319
unicef_na,2010,39600
unicef_na,2011,38235
unicef_na,2012,37362
unicef_na,2013,37006
unicef_na,2014,37142
unicef_na,2015,37645
unicef_na,2016,38394
unicef_na,2017,39268
unicef_na,2018,40106
unicef_na,2019,40900
unicef_na,2020,42070
unicef_na,2021,43836
unicef_na,2022,45434
unicef_na,2023,45456
unicef_na,2024,43299
unicef_rosa,1991,1100800
unicef_rosa,1992,1152900
unicef_rosa,1993,1091900
unicef_rosa,1994,1076900
unicef_rosa,1995,1075800
unicef_rosa,1996,1068300
unicef_rosa,1997,1058500
unicef_rosa,1998,1045700
unicef_rosa,1999,1033000
unicef_rosa,2000,1009800
unicef_rosa,2001,992390
unicef_rosa,2002,974560
unicef_rosa,2003,958680
unicef_rosa,2004,942560
unicef_rosa,2005,938190
unicef_rosa,2006,940430
unicef_rosa,2007,897720
unicef_rosa,2008,878470
unicef_rosa,2009,855810
unicef_rosa,2010,831650
unicef_rosa,2011,797420
unicef_rosa,2012,766630
unicef_rosa,2013,735330
unicef_rosa,2014,703160
unicef_rosa,2015,676420
unicef_rosa,2016,652720
unicef_rosa,2017,622640
unicef_rosa,2018,601060
unicef_rosa,2019,578410
unicef_rosa,2020,553850
unicef_rosa,2021,531130
unicef_rosa,2022,516900
unicef_rosa,2023,485980
unicef_rosa,2024,472380
unicef_sa,1991,1100800
unicef_sa,1992,1152900
unicef_sa,1993,1091900
unicef_sa,1994,1076900
unicef_sa,1995,1075800
unicef_sa,1996,1068300
unicef_sa,1997,1058500
unicef_sa,1998,1045700
unicef_sa,1999,1033000
unicef_sa,2000,1009800
unicef_sa,2001,992390
unicef_sa,2002,974560
unicef_sa,2003,958680
unicef_sa,2004,942560
unicef_sa,2005,938190
unicef_sa,2006,940430
unicef_sa,2007,897720
unicef_sa,2008,878470
unicef_sa,2009,855810
unicef_sa,2010,831650
unicef_sa,2011,797420
unicef_sa,2012,766630
unicef_sa,2013,735330
unicef_sa,2014,703160
unicef_sa,2015,676420
unicef_sa,2016,652720
unicef_sa,2017,622640
unicef_sa,2018,601060
unicef_sa,2019,578410
unicef_sa,2020,553850
unicef_sa,2021,531130
unicef_sa,2022,516900
unicef_sa,2023,485980
unicef_sa,2024,472380
unicef_ssa,1991,994930
unicef_ssa,1992,1023600
unicef_ssa,1993,1071200
unicef_ssa,1994,1069300
unicef_ssa,1995,1305200
unicef_ssa,1996,1038000
unicef_ssa,1997,1054100
unicef_ssa,1998,1060000
unicef_ssa,1999,1118400
unicef_ssa,2000,1068000
unicef_ssa,2001,1035600
unicef_ssa,2002,1034600
unicef_ssa,2003,1032600
unicef_ssa,2004,1028100
unicef_ssa,2005,1029900
unicef_ssa,2006,1023600
unicef_ssa,2007,1005500
unicef_ssa,2008,992640
unicef_ssa,2009,988700
unicef_ssa,2010,1051900
unicef_ssa,2011,976100
unicef_ssa,2012,1005900
unicef_ssa,2013,965440
unicef_ssa,2014,958620
unicef_ssa,2015,986890
unicef_ssa,2016,985770
unicef_ssa,2017,994920
unicef_ssa,2018,1010600
unicef_ssa,2019,974780
unicef_ssa,2020,993970
unicef_ssa,2021,969760
unicef_ssa,2022,983510
unicef_ssa,2023,1055200
unicef_ssa,2024,979750
unicef_wca,1991,435760
unicef_wca,1992,435110
unicef_wca,1993,440370
unicef_wca,1994,445470
unicef_wca,1995,451790
unicef_wca,1996,457020
unicef_wca,1997,465840
unicef_wca,1998,466450
unicef_wca,1999,481320
unicef_wca,2000,486100
unicef_wca,2001,475090
unicef_wca,2002,478940
unicef_wca,2003,482190
unicef_wca,2004,485910
unicef_wca,2005,487980
unicef_wca,2006,491360
unicef_wca,2007,494900
unicef_wca,2008,498310
unicef_wca,2009,501930
unicef_wca,2010,581500
unicef_wca,2011,512780
unicef_wca,2012,515100
unicef_wca,2013,518740
unicef_wca,2014,525710
unicef_wca,2015,540330
unicef_wca,2016,534670
unicef_wca,2017,539780
unicef_wca,2018,550240
unicef_wca,2019,547800
unicef_wca,2020,579380
unicef_wca,2021,554980
unicef_wca,2022,568550
unicef_wca,2023,629260
unicef_wca,2024,558390
unicef_wcaro,1991,435760
unicef_wcaro,1992,435110
unicef_wcaro,1993,440370
unicef_wcaro,1994,445470
unicef_wcaro,1995,451790
unicef_wcaro,1996,457020
unicef_wcaro,1997,465840
unicef_wcaro,1998,466450
unicef_wcaro,1999,481320
unicef_wcaro,2000,486100
unicef_wcaro,2001,475090
unicef_wcaro,2002,478940
unicef_wcaro,2003,482190
unicef_wcaro,2004,485910
unicef_wcaro,2005,487980
unicef_wcaro,2006,491360
unicef_wcaro,2007,494900
unicef_wcaro,2008,498310
unicef_wcaro,2009,501930
unicef_wcaro,2010,581500
unicef_wcaro,2011,512780
unicef_wcaro,2012,515100
unicef_wcaro,2013,518740
unicef_wcaro,2014,525710
unicef_wcaro,2015,540330
unicef_wcaro,2016,534670
unicef_wcaro,2017,539780
unicef_wcaro,2018,550240
unicef_wcaro,2019,547800
unicef_wcaro,2020,579380
unicef_wcaro,2021,554980
unicef_wcaro,2022,568550
unicef_wcaro,2023,629260
unicef_wcaro,2024,558390
unicef_we,1991,60884
unicef_we,1992,59618
unicef_we,1993,57648
unicef_we,1994,55193
unicef_we,1995,52758
unicef_we,1996,50662
unicef_we,1997,48915
unicef_we,1998,47395
unicef_we,1999,45885
unicef_we,2000,44304
unicef_we,2001,42748
unicef_we,2002,41125
unicef_we,2003,39457
unicef_we,2004,37789
unicef_we,2005,36157
unicef_we,2006,34646
unicef_we,2007,33207
unicef_we,2008,31818
unicef_we,2009,30440
unicef_we,2010,28974
unicef_we,2011,27478
unicef_we,2012,26036
unicef_we,2013,24670
unicef_we,2014,23496
unicef_we,2015,22571
unicef_we,2016,21861
unicef_we,2017,21330
unicef_we,2018,20882
unicef_we,2019,20514
unicef_we,2020,20304
unicef_we,2021,20227
unicef_we,2022,20273
unicef_we,2023,20470
unicef_we,2024,20639
unsdg_australianewzealand,1991,3403.0
unsdg_australianewzealand,1992,3241.0
unsdg_australianewzealand,1993,3092.0
unsdg_australianewzealand,1994,2988.0
unsdg_australianewzealand,1995,2928.0
unsdg_australianewzealand,1996,2908.0
unsdg_australianewzealand,1997,2899.0
unsdg_australianewzealand,1998,2864.0
unsdg_australianewzealand,1999,2791.0
unsdg_australianewzealand,2000,2681.0
unsdg_australianewzealand,2001,2534.0
unsdg_australianewzealand,2002,2392.0
unsdg_australianewzealand,2003,2283.0
unsdg_australianewzealand,2004,2218.0
unsdg_australianewzealand,2005,2170.0
unsdg_australianewzealand,2006,2132.0
unsdg_australianewzealand,2007,2103.0
unsdg_australianewzealand,2008,2070.0
unsdg_australianewzealand,2009,2036.0
unsdg_australianewzealand,2010,2001.0
unsdg_australianewzealand,2011,1960.0
unsdg_australianewzealand,2012,1915.0
unsdg_australianewzealand,2013,1871.0
unsdg_australianewzealand,2014,1831.0
unsdg_australianewzealand,2015,1799.0
unsdg_australianewzealand,2016,1790.0
unsdg_australianewzealand,2017,1804.0
unsdg_australianewzealand,2018,1832.0
unsdg_australianewzealand,2019,1866.0
unsdg_australianewzealand,2020,1886.0
unsdg_australianewzealand,2021,1868.0
unsdg_australianewzealand,2022,1822.0
unsdg_australianewzealand,2023,1772.0
unsdg_australianewzealand,2024,1712.0
unsdg_centralasia,1991,18401
unsdg_centralasia,1992,19336
unsdg_centralasia,1993,23568
unsdg_centralasia,1994,26139
unsdg_centralasia,1995,22866
unsdg_centralasia,1996,22242
unsdg_centralasia,1997,23022
unsdg_centralasia,1998,22028
unsdg_centralasia,1999,21547
unsdg_centralasia,2000,21013
unsdg_centralasia,2001,20631
unsdg_centralasia,2002,19900
unsdg_centralasia,2003,19315
unsdg_centralasia,2004,18779
unsdg_centralasia,2005,18348
unsdg_centralasia,2006,18064
unsdg_centralasia,2007,17810
unsdg_centralasia,2008,17426
unsdg_centralasia,2009,16871
unsdg_centralasia,2010,16256
unsdg_centralasia,2011,15843
unsdg_centralasia,2012,15321
unsdg_centralasia,2013,14700
unsdg_centralasia,2014,14320
unsdg_centralasia,2015,14013
unsdg_centralasia,2016,13761
unsdg_centralasia,2017,13500
unsdg_centralasia,2018,13192
unsdg_centralasia,2019,12853
unsdg_centralasia,2020,12627
unsdg_centralasia,2021,12645
unsdg_centralasia,2022,12909
unsdg_centralasia,2023,13424
unsdg_centralasia,2024,14160
unsdg_centralasiasouthernasia,1991,1164400
unsdg_centralasiasouthernasia,1992,1201100
unsdg_centralasiasouthernasia,1993,1143500
unsdg_centralasiasouthernasia,1994,1129800
unsdg_centralasiasouthernasia,1995,1124400
unsdg_centralasiasouthernasia,1996,1115900
unsdg_centralasiasouthernasia,1997,1106700
unsdg_centralasiasouthernasia,1998,1093100
unsdg_centralasiasouthernasia,1999,1080100
unsdg_centralasiasouthernasia,2000,1056800
unsdg_centralasiasouthernasia,2001,1039600
unsdg_centralasiasouthernasia,2002,1021700
unsdg_centralasiasouthernasia,2003,1005800
unsdg_centralasiasouthernasia,2004,999780
unsdg_centralasiasouthernasia,2005,985500
unsdg_centralasiasouthernasia,2006,988170
unsdg_centralasiasouthernasia,2007,945980
unsdg_centralasiasouthernasia,2008,926970
unsdg_centralasiasouthernasia,2009,903810
unsdg_centralasiasouthernasia,2010,878210
unsdg_centralasiasouthernasia,2011,841880
unsdg_centralasiasouthernasia,2012,808210
unsdg_centralasiasouthernasia,2013,773660
unsdg_centralasiasouthernasia,2014,738760
unsdg_centralasiasouthernasia,2015,710010
unsdg_centralasiasouthernasia,2016,684970
unsdg_centralasiasouthernasia,2017,654080
unsdg_centralasiasouthernasia,2018,632090
unsdg_centralasiasouthernasia,2019,609160
unsdg_centralasiasouthernasia,2020,584330
unsdg_centralasiasouthernasia,2021,561470
unsdg_centralasiasouthernasia,2022,547360
unsdg_centralasiasouthernasia,2023,516950
unsdg_centralasiasouthernasia,2024,504020
unsdg_easternasia,1991,398330
unsdg_easternasia,1992,383060
unsdg_easternasia,1993,368980
unsdg_easternasia,1994,354190
unsdg_easternasia,1995,339010
unsdg_easternasia,1996,332210
unsdg_easternasia,1997,316360
unsdg_easternasia,1998,299710
unsdg_easternasia,1999,283480
unsdg_easternasia,2000,268130
unsdg_easternasia,2001,254880
unsdg_easternasia,2002,243950
unsdg_easternasia,2003,235060
unsdg_easternasia,2004,219960
unsdg_easternasia,2005,212060
unsdg_easternasia,2006,204650
unsdg_easternasia,2007,197050
unsdg_easternasia,2008,188660
unsdg_easternasia,2009,180750
unsdg_easternasia,2010,173640
unsdg_easternasia,2011,166630
unsdg_easternasia,2012,161010
unsdg_easternasia,2013,150360
unsdg_easternasia,2014,142350
unsdg_easternasia,2015,134870
unsdg_easternasia,2016,127630
unsdg_easternasia,2017,121340
unsdg_easternasia,2018,117030
unsdg_easternasia,2019,113650
unsdg_easternasia,2020,110460
unsdg_easternasia,2021,107670
unsdg_easternasia,2022,105190
unsdg_easternasia,2023,103300
unsdg_easternasia,2024,101170
unsdg_easternasiasoutheasternasia,1991,673570
unsdg_easternasiasoutheasternasia,1992,656070
unsdg_easternasiasoutheasternasia,1993,636490
unsdg_easternasiasoutheasternasia,1994,618650
unsdg_easternasiasoutheasternasia,1995,600800
unsdg_easternasiasoutheasternasia,1996,590930
unsdg_easternasiasoutheasternasia,1997,571130
unsdg_easternasiasoutheasternasia,1998,549870
unsdg_easternasiasoutheasternasia,1999,528660
unsdg_easternasiasoutheasternasia,2000,508730
unsdg_easternasiasoutheasternasia,2001,490090
unsdg_easternasiasoutheasternasia,2002,475770
unsdg_easternasiasoutheasternasia,2003,463110
unsdg_easternasiasoutheasternasia,2004,443400
unsdg_easternasiasoutheasternasia,2005,480760
unsdg_easternasiasoutheasternasia,2006,416090
unsdg_easternasiasoutheasternasia,2007,401970
unsdg_easternasiasoutheasternasia,2008,387330
unsdg_easternasiasoutheasternasia,2009,417710
unsdg_easternasiasoutheasternasia,2010,361460
unsdg_easternasiasoutheasternasia,2011,349610
unsdg_easternasiasoutheasternasia,2012,339720
unsdg_easternasiasoutheasternasia,2013,325220
unsdg_easternasiasoutheasternasia,2014,315760
unsdg_easternasiasoutheasternasia,2015,303160
unsdg_easternasiasoutheasternasia,2016,293130
unsdg_easternasiasoutheasternasia,2017,284150
unsdg_easternasiasoutheasternasia,2018,276770
unsdg_easternasiasoutheasternasia,2019,270000
unsdg_easternasiasoutheasternasia,2020,263770
unsdg_easternasiasoutheasternasia,2021,258450
unsdg_easternasiasoutheasternasia,2022,255780
unsdg_easternasiasoutheasternasia,2023,253880
unsdg_easternasiasoutheasternasia,2024,249270
unsdg_europe,1991,126860
unsdg_europe,1992,129090
unsdg_europe,1993,139230
unsdg_europe,1994,141290
unsdg_europe,1995,136990
unsdg_europe,1996,134230
unsdg_europe,1997,129910
unsdg_europe,1998,127460
unsdg_europe,1999,126100
unsdg_europe,2000,125430
unsdg_europe,2001,124100
unsdg_europe,2002,121140
unsdg_europe,2003,116670
unsdg_europe,2004,111410
unsdg_europe,2005,105920
unsdg_europe,2006,101320
unsdg_europe,2007,97299
unsdg_europe,2008,92583
unsdg_europe,2009,86484
unsdg_europe,2010,80113
unsdg_europe,2011,74359
unsdg_europe,2012,69050
unsdg_europe,2013,64017
unsdg_europe,2014,59356
unsdg_europe,2015,55593
unsdg_europe,2016,50905
unsdg_europe,2017,47475
unsdg_europe,2018,44821
unsdg_europe,2019,42978
unsdg_europe,2020,41947
unsdg_europe,2021,41579
unsdg_europe,2022,41633
unsdg_europe,2023,50956
unsdg_europe,2024,54024
unsdg_europenorthernamr,1991,175960
unsdg_europenorthernamr,1992,177450
unsdg_europenorthernamr,1993,187220
unsdg_europenorthernamr,1994,189190
unsdg_europenorthernamr,1995,184550
unsdg_europenorthernamr,1996,180770
unsdg_europenorthernamr,1997,174990
unsdg_europenorthernamr,1998,171220
unsdg_europenorthernamr,1999,168970
unsdg_europenorthernamr,2000,167780
unsdg_europenorthernamr,2001,166430
unsdg_europenorthernamr,2002,163810
unsdg_europenorthernamr,2003,159700
unsdg_europenorthernamr,2004,154760
unsdg_europenorthernamr,2005,149580
unsdg_europenorthernamr,2006,145220
unsdg_europenorthernamr,2007,141080
unsdg_europenorthernamr,2008,135490
unsdg_europenorthernamr,2009,127800
unsdg_europenorthernamr,2010,119710
unsdg_europenorthernamr,2011,112590
unsdg_europenorthernamr,2012,106410
unsdg_europenorthernamr,2013,101020
unsdg_europenorthernamr,2014,96498
unsdg_europenorthernamr,2015,93238
unsdg_europenorthernamr,2016,89299
unsdg_europenorthernamr,2017,86744
unsdg_europenorthernamr,2018,84928
unsdg_europenorthernamr,2019,83880
unsdg_europenorthernamr,2020,84019
unsdg_europenorthernamr,2021,85417
unsdg_europenorthernamr,2022,87069
unsdg_europenorthernamr,2023,96412
unsdg_europenorthernamr,2024,97323
unsdg_lac,1991,182970
unsdg_lac,1992,182660
unsdg_lac,1993,183410
unsdg_lac,1994,184050
unsdg_lac,1995,184350
unsdg_lac,1996,184220
unsdg_lac,1997,183470
unsdg_lac,1998,182340
unsdg_lac,1999,188610
unsdg_lac,2000,181290
unsdg_lac,2001,181690
unsdg_lac,2002,182180
unsdg_lac,2003,181320
unsdg_lac,2004,179420
unsdg_lac,2005,177540
unsdg_lac,2006,174830
unsdg_lac,2007,173250
unsdg_lac,2008,173790
unsdg_lac,2009,175530
unsdg_lac,2010,177280
unsdg_lac,2011,210090
unsdg_lac,2012,177740
unsdg_lac,2013,175780
unsdg_lac,2014,173730
unsdg_lac,2015,171990
unsdg_lac,2016,170740
unsdg_lac,2017,169480
unsdg_lac,2018,167770
unsdg_lac,2019,164830
unsdg_lac,2020,162100
unsdg_lac,2021,160000
unsdg_lac,2022,158950
unsdg_lac,2023,156980
unsdg_lac,2024,155410
unsdg_ldc,1991,969830
unsdg_ldc,1992,1045800
unsdg_ldc,1993,1028700
unsdg_ldc,1994,1009200
unsdg_ldc,1995,1240800
unsdg_ldc,1996,960310
unsdg_ldc,1997,963570
unsdg_ldc,1998,950510
unsdg_ldc,1999,997390
unsdg_ldc,2000,925940
unsdg_ldc,2001,877440
unsdg_ldc,2002,864650
unsdg_ldc,2003,854040
unsdg_ldc,2004,842770
unsdg_ldc,2005,842120
unsdg_ldc,2006,831750
unsdg_ldc,2007,813230
unsdg_ldc,2008,799790
unsdg_ldc,2009,837820
unsdg_ldc,2010,855450
unsdg_ldc,2011,811020
unsdg_ldc,2012,809050
unsdg_ldc,2013,768330
unsdg_ldc,2014,759900
unsdg_ldc,2015,791800
unsdg_ldc,2016,800570
unsdg_ldc,2017,806430
unsdg_ldc,2018,826620
unsdg_ldc,2019,797370
unsdg_ldc,2020,811070
unsdg_ldc,2021,783260
unsdg_ldc,2022,802380
unsdg_ldc,2023,856090
unsdg_ldc,2024,778810
unsdg_lldc,1991,488570
unsdg_lldc,1992,488990
unsdg_lldc,1993,531130
unsdg_lldc,1994,545870
unsdg_lldc,1995,770330
unsdg_lldc,1996,494430
unsdg_lldc,1997,496850
unsdg_lldc,1998,496510
unsdg_lldc,1999,534460
unsdg_lldc,2000,466370
unsdg_lldc,2001,446690
unsdg_lldc,2002,436640
unsdg_lldc,2003,426690
unsdg_lldc,2004,412810
unsdg_lldc,2005,405130
unsdg_lldc,2006,396190
unsdg_lldc,2007,389820
unsdg_lldc,2008,382940
unsdg_lldc,2009,375390
unsdg_lldc,2010,444540
unsdg_lldc,2011,366980
unsdg_lldc,2012,360640
unsdg_lldc,2013,356460
unsdg_lldc,2014,355220
unsdg_lldc,2015,384070
unsdg_lldc,2016,386700
unsdg_lldc,2017,389640
unsdg_lldc,2018,399980
unsdg_lldc,2019,366550
unsdg_lldc,2020,384640
unsdg_lldc,2021,360020
unsdg_lldc,2022,375580
unsdg_lldc,2023,420740
unsdg_lldc,2024,349520
unsdg_northafr,1991,95667
unsdg_northafr,1992,94073
unsdg_northafr,1993,92487
unsdg_northafr,1994,91115
unsdg_northafr,1995,91505
unsdg_northafr,1996,89532
unsdg_northafr,1997,86953
unsdg_northafr,1998,86211
unsdg_northafr,1999,84982
unsdg_northafr,2000,82143
unsdg_northafr,2001,80641
unsdg_northafr,2002,79212
unsdg_northafr,2003,80373
unsdg_northafr,2004,84645
unsdg_northafr,2005,90436
unsdg_northafr,2006,89000
unsdg_northafr,2007,77286
unsdg_northafr,2008,72079
unsdg_northafr,2009,76274
unsdg_northafr,2010,71779
unsdg_northafr,2011,71797
unsdg_northafr,2012,72996
unsdg_northafr,2013,71815
unsdg_northafr,2014,71659
unsdg_northafr,2015,72117
unsdg_northafr,2016,71664
unsdg_northafr,2017,71228
unsdg_northafr,2018,70611
unsdg_northafr,2019,70444
unsdg_northafr,2020,70778
unsdg_northafr,2021,70978
unsdg_northafr,2022,71353
unsdg_northafr,2023,72178
unsdg_northafr,2024,81070
unsdg_northernamr,1991,49100
unsdg_northernamr,1992,48361
unsdg_northernamr,1993,47984
unsdg_northernamr,1994,47894
unsdg_northernamr,1995,47557
unsdg_northernamr,1996,46542
unsdg_northernamr,1997,45085
unsdg_northernamr,1998,43764
unsdg_northernamr,1999,42864
unsdg_northernamr,2000,42355
unsdg_northernamr,2001,42333
unsdg_northernamr,2002,42667
unsdg_northernamr,2003,43026
unsdg_northernamr,2004,43352
unsdg_northernamr,2005,43657
unsdg_northernamr,2006,43896
unsdg_northernamr,2007,43782
unsdg_northernamr,2008,42905
unsdg_northernamr,2009,41319
unsdg_northernamr,2010,39600
unsdg_northernamr,2011,38235
unsdg_northernamr,2012,37362
unsdg_northernamr,2013,37006
unsdg_northernamr,2014,37142
unsdg_northernamr,2015,37645
unsdg_northernamr,2016,38394
unsdg_northernamr,2017,39268
unsdg_northernamr,2018,40106
unsdg_northernamr,2019,40900
unsdg_northernamr,2020,42070
unsdg_northernamr,2021,43836
unsdg_northernamr,2022,45434
unsdg_northernamr,2023,45456
unsdg_northernamr,2024,43299
unsdg_oceania,1991,7539.0
unsdg_oceania,1992,7411.0
unsdg_oceania,1993,7324.0
unsdg_oceania,1994,7289.0
unsdg_oceania,1995,7293.0
unsdg_oceania,1996,7345.0
unsdg_oceania,1997,7403.0
unsdg_oceania,1998,7436.0
unsdg_oceania,1999,8237.0
unsdg_oceania,2000,7395.0
unsdg_oceania,2001,7324.0
unsdg_oceania,2002,7250.0
unsdg_oceania,2003,7223.0
unsdg_oceania,2004,7220.0
unsdg_oceania,2005,7244.0
unsdg_oceania,2006,7267.0
unsdg_oceania,2007,7296.0
unsdg_oceania,2008,7326.0
unsdg_oceania,2009,7331.0
unsdg_oceania,2010,7391.0
unsdg_oceania,2011,7341.0
unsdg_oceania,2012,7327.0
unsdg_oceania,2013,7309.0
unsdg_oceania,2014,7290.0
unsdg_oceania,2015,7276.0
unsdg_oceania,2016,7279.0
unsdg_oceania,2017,7308.0
unsdg_oceania,2018,7328.0
unsdg_oceania,2019,7357.0
unsdg_oceania,2020,7369.0
unsdg_oceania,2021,7350.0
unsdg_oceania,2022,7265.0
unsdg_oceania,2023,7171.0
unsdg_oceania,2024,7064.0
unsdg_oceaniaexausnzl,1991,4136.0
unsdg_oceaniaexausnzl,1992,4170.0
unsdg_oceaniaexausnzl,1993,4232.0
unsdg_oceaniaexausnzl,1994,4301.0
unsdg_oceaniaexausnzl,1995,4365.0
unsdg_oceaniaexausnzl,1996,4437.0
unsdg_oceaniaexausnzl,1997,4504.0
unsdg_oceaniaexausnzl,1998,4572.0
unsdg_oceaniaexausnzl,1999,5446.0
unsdg_oceaniaexausnzl,2000,4714.0
unsdg_oceaniaexausnzl,2001,4790.0
unsdg_oceaniaexausnzl,2002,4858.0
unsdg_oceaniaexausnzl,2003,4940.0
unsdg_oceaniaexausnzl,2004,5002.0
unsdg_oceaniaexausnzl,2005,5074.0
unsdg_oceaniaexausnzl,2006,5135.0
unsdg_oceaniaexausnzl,2007,5193.0
unsdg_oceaniaexausnzl,2008,5256.0
unsdg_oceaniaexausnzl,2009,5295.0
unsdg_oceaniaexausnzl,2010,5390.0
unsdg_oceaniaexausnzl,2011,5381.0
unsdg_oceaniaexausnzl,2012,5412.0
unsdg_oceaniaexausnzl,2013,5438.0
unsdg_oceaniaexausnzl,2014,5459.0
unsdg_oceaniaexausnzl,2015,5477.0
unsdg_oceaniaexausnzl,2016,5489.0
unsdg_oceaniaexausnzl,2017,5504.0
unsdg_oceaniaexausnzl,2018,5496.0
unsdg_oceaniaexausnzl,2019,5491.0
unsdg_oceaniaexausnzl,2020,5483.0
unsdg_oceaniaexausnzl,2021,5482.0
unsdg_oceaniaexausnzl,2022,5443.0
unsdg_oceaniaexausnzl,2023,5399.0
unsdg_oceaniaexausnzl,2024,5352.0
unsdg_sids,1991,27735
unsdg_sids,1992,27654
unsdg_sids,1993,27523
unsdg_sids,1994,27435
unsdg_sids,1995,27338
unsdg_sids,1996,27407
unsdg_sids,1997,27161
unsdg_sids,1998,27223
unsdg_sids,1999,27995
unsdg_sids,2000,27130
unsdg_sids,2001,25215
unsdg_sids,2002,25009
unsdg_sids,2003,24836
unsdg_sids,2004,24661
unsdg_sids,2005,25334
unsdg_sids,2006,24367
unsdg_sids,2007,24252
unsdg_sids,2008,24129
unsdg_sids,2009,23961
unsdg_sids,2010,23824
unsdg_sids,2011,55733
unsdg_sids,2012,23702
unsdg_sids,2013,23050
unsdg_sids,2014,22819
unsdg_sids,2015,22604
unsdg_sids,2016,22382
unsdg_sids,2017,22173
unsdg_sids,2018,21934
unsdg_sids,2019,21685
unsdg_sids,2020,21534
unsdg_sids,2021,21248
unsdg_sids,2022,21505
unsdg_sids,2023,20868
unsdg_sids,2024,21084
unsdg_southasia,1991,1146000
unsdg_southasia,1992,1181800
unsdg_southasia,1993,1119900
unsdg_southasia,1994,1103700
unsdg_southasia,1995,1101600
unsdg_southasia,1996,1093700
unsdg_southasia,1997,1083700
unsdg_southasia,1998,1071000
unsdg_southasia,1999,1058600
unsdg_southasia,2000,1035800
unsdg_southasia,2001,1019000
unsdg_southasia,2002,1001800
unsdg_southasia,2003,986460
unsdg_southasia,2004,981000
unsdg_southasia,2005,967150
unsdg_southasia,2006,970110
unsdg_southasia,2007,928170
unsdg_southasia,2008,909540
unsdg_southasia,2009,886930
unsdg_southasia,2010,861960
unsdg_southasia,2011,826030
unsdg_southasia,2012,792890
unsdg_southasia,2013,758960
unsdg_southasia,2014,724440
unsdg_southasia,2015,696000
unsdg_southasia,2016,671210
unsdg_southasia,2017,640580
unsdg_southasia,2018,618900
unsdg_southasia,2019,596300
unsdg_southasia,2020,571700
unsdg_southasia,2021,548820
unsdg_southasia,2022,534450
unsdg_southasia,2023,503530
unsdg_southasia,2024,489860
unsdg_southeasternasia,1991,275240
unsdg_southeasternasia,1992,273020
unsdg_southeasternasia,1993,267510
unsdg_southeasternasia,1994,264460
unsdg_southeasternasia,1995,261790
unsdg_southeasternasia,1996,258710
unsdg_southeasternasia,1997,254780
unsdg_southeasternasia,1998,250160
unsdg_southeasternasia,1999,245180
unsdg_southeasternasia,2000,240600
unsdg_southeasternasia,2001,235210
unsdg_southeasternasia,2002,231820
unsdg_southeasternasia,2003,228050
unsdg_southeasternasia,2004,223440
unsdg_southeasternasia,2005,268700
unsdg_southeasternasia,2006,211440
unsdg_southeasternasia,2007,204920
unsdg_southeasternasia,2008,198670
unsdg_southeasternasia,2009,236960
unsdg_southeasternasia,2010,187820
unsdg_southeasternasia,2011,182980
unsdg_southeasternasia,2012,178710
unsdg_southeasternasia,2013,174860
unsdg_southeasternasia,2014,173410
unsdg_southeasternasia,2015,168290
unsdg_southeasternasia,2016,165500
unsdg_southeasternasia,2017,162810
unsdg_southeasternasia,2018,159750
unsdg_southeasternasia,2019,156350
unsdg_southeasternasia,2020,153310
unsdg_southeasternasia,2021,150780
unsdg_southeasternasia,2022,150590
unsdg_southeasternasia,2023,150580
unsdg_southeasternasia,2024,148100
unsdg_subsaharanafrica,1991,959230
unsdg_subsaharanafrica,1992,987850
unsdg_subsaharanafrica,1993,1035500
unsdg_subsaharanafrica,1994,1033700
unsdg_subsaharanafrica,1995,1269600
unsdg_subsaharanafrica,1996,1002500
unsdg_subsaharanafrica,1997,1018900
unsdg_subsaharanafrica,1998,1025100
unsdg_subsaharanafrica,1999,1083500
unsdg_subsaharanafrica,2000,1033300
unsdg_subsaharanafrica,2001,1001000
unsdg_subsaharanafrica,2002,1000200
unsdg_subsaharanafrica,2003,995820
unsdg_subsaharanafrica,2004,986320
unsdg_subsaharanafrica,2005,980810
unsdg_subsaharanafrica,2006,975180
unsdg_subsaharanafrica,2007,968180
unsdg_subsaharanafrica,2008,960120
unsdg_subsaharanafrica,2009,951750
unsdg_subsaharanafrica,2010,1019400
unsdg_subsaharanafrica,2011,943620
unsdg_subsaharanafrica,2012,973570
unsdg_subsaharanafrica,2013,933150
unsdg_subsaharanafrica,2014,926240
unsdg_subsaharanafrica,2015,954250
unsdg_subsaharanafrica,2016,952730
unsdg_subsaharanafrica,2017,961550
unsdg_subsaharanafrica,2018,976830
unsdg_subsaharanafrica,2019,940620
unsdg_subsaharanafrica,2020,959750
unsdg_subsaharanafrica,2021,935610
unsdg_subsaharanafrica,2022,949380
unsdg_subsaharanafrica,2023,1021200
unsdg_subsaharanafrica,2024,942230
unsdg_westernasia,1991,90314
unsdg_westernasia,1992,79500
unsdg_westernasia,1993,72243
unsdg_westernasia,1994,72842
unsdg_westernasia,1995,71871
unsdg_westernasia,1996,72011
unsdg_westernasia,1997,68400
unsdg_westernasia,1998,67200
unsdg_westernasia,1999,66250
unsdg_westernasia,2000,71089
unsdg_westernasia,2001,64648
unsdg_westernasia,2002,63972
unsdg_westernasia,2003,62639
unsdg_westernasia,2004,66149
unsdg_westernasia,2005,67514
unsdg_westernasia,2006,67018
unsdg_westernasia,2007,71129
unsdg_westernasia,2008,69494
unsdg_westernasia,2009,62885
unsdg_westernasia,2010,57714
unsdg_westernasia,2011,56714
unsdg_westernasia,2012,59207
unsdg_westernasia,2013,72139
unsdg_westernasia,2014,72954
unsdg_westernasia,2015,71108
unsdg_westernasia,2016,79312
unsdg_westernasia,2017,82451
unsdg_westernasia,2018,79091
unsdg_westernasia,2019,76400
unsdg_westernasia,2020,68627
unsdg_westernasia,2021,64369
unsdg_westernasia,2022,60932
unsdg_westernasia,2023,59181
unsdg_westernasia,2024,80046
unsdg_westernasianorthernafr,1991,185980
unsdg_westernasianorthernafr,1992,173570
unsdg_westernasianorthernafr,1993,164730
unsdg_westernasianorthernafr,1994,163960
unsdg_westernasianorthernafr,1995,163380
unsdg_westernasianorthernafr,1996,161540
unsdg_westernasianorthernafr,1997,155350
unsdg_westernasianorthernafr,1998,153410
unsdg_westernasianorthernafr,1999,151230
unsdg_westernasianorthernafr,2000,153230
unsdg_westernasianorthernafr,2001,145290
unsdg_westernasianorthernafr,2002,143180
unsdg_westernasianorthernafr,2003,143010
unsdg_westernasianorthernafr,2004,150790
unsdg_westernasianorthernafr,2005,157950
unsdg_westernasianorthernafr,2006,156020
unsdg_westernasianorthernafr,2007,148420
unsdg_westernasianorthernafr,2008,141570
unsdg_westernasianorthernafr,2009,139160
unsdg_westernasianorthernafr,2010,129490
unsdg_westernasianorthernafr,2011,128510
unsdg_westernasianorthernafr,2012,132200
unsdg_westernasianorthernafr,2013,143950
unsdg_westernasianorthernafr,2014,144610
unsdg_westernasianorthernafr,2015,143230
unsdg_westernasianorthernafr,2016,150980
unsdg_westernasianorthernafr,2017,153680
unsdg_westernasianorthernafr,2018,149700
unsdg_westernasianorthernafr,2019,146840
unsdg_westernasianorthernafr,2020,139410
unsdg_westernasianorthernafr,2021,135350
unsdg_westernasianorthernafr,2022,132290
unsdg_westernasianorthernafr,2023,131360
unsdg_westernasianorthernafr,2024,161120
ury,1991,575.00
ury,1992,579.00
ury,1993,588.00
ury,1994,598.00
ury,1995,611.00
ury,1996,622.00
ury,1997,624.00
ury,1998,623.00
ury,1999,613.00
ury,2000,593.00
ury,2001,567.00
ury,2002,539.00
ury,2003,513.00
ury,2004,493.00
ury,2005,481.00
ury,2006,480.00
ury,2007,483.00
ury,2008,495.00
ury,2009,511.00
ury,2010,530.00
ury,2011,549.00
ury,2012,559.00
ury,2013,562.00
ury,2014,558.00
ury,2015,548.00
ury,2016,539.00
ury,2017,533.00
ury,2018,529.00
ury,2019,532.00
ury,2020,532.00
ury,2021,537.00
ury,2022,539.00
ury,2023,541.00
ury,2024,543.00
usa,1991,45201
usa,1992,44653
usa,1993,44447
usa,1994,44507
usa,1995,44282
usa,1996,43347
usa,1997,41953
usa,1998,40688
usa,1999,39837
usa,2000,39375
usa,2001,39395
usa,2002,39767
usa,2003,40163
usa,2004,40519
usa,2005,40836
usa,2006,41085
usa,2007,41003
usa,2008,40190
usa,2009,38680
usa,2010,37022
usa,2011,35707
usa,2012,34891
usa,2013,34596
usa,2014,34780
usa,2015,35305
usa,2016,36040
usa,2017,36868
usa,2018,37633
usa,2019,38339
usa,2020,39428
usa,2021,41141
usa,2022,42711
usa,2023,42692
usa,2024,40499
uzb,1991,7626.0
uzb,1992,7894.0
uzb,1993,8177.0
uzb,1994,8425.0
uzb,1995,8620.0
uzb,1996,8765.0
uzb,1997,8862.0
uzb,1998,8910.0
uzb,1999,8893.0
uzb,2000,8790.0
uzb,2001,8581.0
uzb,2002,8269.0
uzb,2003,7856.0
uzb,2004,7387.0
uzb,2005,6966.0
uzb,2006,6677.0
uzb,2007,6518.0
uzb,2008,6445.0
uzb,2009,6413.0
uzb,2010,6398.0
uzb,2011,6402.0
uzb,2012,6417.0
uzb,2013,6446.0
uzb,2014,6492.0
uzb,2015,6546.0
uzb,2016,6582.0
uzb,2017,6535.0
uzb,2018,6360.0
uzb,2019,6106.0
uzb,2020,5940.0
uzb,2021,6003.0
uzb,2022,6307.0
uzb,2023,6841.0
uzb,2024,7583.0
vct,1991,33.000
vct,1992,34.000
vct,1993,33.000
vct,1994,33.000
vct,1995,34.000
vct,1996,34.000
vct,1997,34.000
vct,1998,34.000
vct,1999,33.000
vct,2000,32.000
vct,2001,32.000
vct,2002,32.000
vct,2003,31.000
vct,2004,31.000
vct,2005,31.000
vct,2006,31.000
vct,2007,31.000
vct,2008,28.000
vct,2009,28.000
vct,2010,29.000
vct,2011,27.000
vct,2012,27.000
vct,2013,27.000
vct,2014,28.000
vct,2015,28.000
vct,2016,29.000
vct,2017,29.000
vct,2018,28.000
vct,2019,27.000
vct,2020,27.000
vct,2021,25.000
vct,2022,25.000
vct,2023,25.000
vct,2024,23.000
ven,1991,6981.0
ven,1992,7425.0
ven,1993,7878.0
ven,1994,8232.0
ven,1995,8405.0
ven,1996,8404.0
ven,1997,8275.0
ven,1998,8203.0
ven,1999,8426.0
ven,2000,9081.0
ven,2001,10042
ven,2002,11099
ven,2003,12031
ven,2004,12610
ven,2005,12768
ven,2006,12843
ven,2007,13196
ven,2008,13767
ven,2009,14255
ven,2010,14469
ven,2011,14548
ven,2012,14649
ven,2013,14816
ven,2014,15027
ven,2015,15249
ven,2016,15430
ven,2017,15450
ven,2018,15690
ven,2019,14918
ven,2020,13588
ven,2021,13251
ven,2022,13267
ven,2023,13474
ven,2024,13764
vgb,1991,4.0000
vgb,1992,4.0000
vgb,1993,4.0000
vgb,1994,3.0000
vgb,1995,3.0000
vgb,1996,2.0000
vgb,1997,2.0000
vgb,1998,2.0000
vgb,1999,2.0000
vgb,2000,2.0000
vgb,2001,2.0000
vgb,2002,2.0000
vgb,2003,3.0000
vgb,2004,4.0000
vgb,2005,4.0000
vgb,2006,4.0000
vgb,2007,4.0000
vgb,2008,4.0000
vgb,2009,4.0000
vgb,2010,4.0000
vgb,2011,3.0000
vgb,2012,4.0000
vgb,2013,4.0000
vgb,2014,4.0000
vgb,2015,5.0000
vgb,2016,5.0000
vgb,2017,4.0000
vgb,2018,4.0000
vgb,2019,5.0000
vgb,2020,5.0000
vgb,2021,5.0000
vgb,2022,5.0000
vgb,2023,5.0000
vgb,2024,5.0000
vnm,1991,33335
vnm,1992,32541
vnm,1993,31688
vnm,1994,30797
vnm,1995,29926
vnm,1996,29134
vnm,1997,28396
vnm,1998,27671
vnm,1999,26986
vnm,2000,26287
vnm,2001,25521
vnm,2002,24710
vnm,2003,23886
vnm,2004,23082
vnm,2005,22306
vnm,2006,21588
vnm,2007,20965
vnm,2008,20334
vnm,2009,19685
vnm,2010,19024
vnm,2011,18376
vnm,2012,17814
vnm,2013,17291
vnm,2014,16777
vnm,2015,16233
vnm,2016,15660
vnm,2017,14948
vnm,2018,14198
vnm,2019,13594
vnm,2020,13152
vnm,2021,12825
vnm,2022,12558
vnm,2023,12372
vnm,2024,12244
vut,1991,67.000
vut,1992,66.000
vut,1993,65.000
vut,1994,64.000
vut,1995,65.000
vut,1996,64.000
vut,1997,66.000
vut,1998,67.000
vut,1999,67.000
vut,2000,68.000
vut,2001,68.000
vut,2002,70.000
vut,2003,70.000
vut,2004,73.000
vut,2005,75.000
vut,2006,76.000
vut,2007,77.000
vut,2008,77.000
vut,2009,75.000
vut,2010,75.000
vut,2011,76.000
vut,2012,76.000
vut,2013,75.000
vut,2014,75.000
vut,2015,75.000
vut,2016,74.000
vut,2017,74.000
vut,2018,73.000
vut,2019,74.000
vut,2020,74.000
vut,2021,77.000
vut,2022,79.000
vut,2023,79.000
vut,2024,80.000
wb_hi,1991,196650
wb_hi,1992,196840
wb_hi,1993,196990
wb_hi,1994,198370
wb_hi,1995,198770
wb_hi,1996,196060
wb_hi,1997,190350
wb_hi,1998,185730
wb_hi,1999,182420
wb_hi,2000,179800
wb_hi,2001,177470
wb_hi,2002,174530
wb_hi,2003,170500
wb_hi,2004,165840
wb_hi,2005,160970
wb_hi,2006,156840
wb_hi,2007,152860
wb_hi,2008,147730
wb_hi,2009,140930
wb_hi,2010,133790
wb_hi,2011,127210
wb_hi,2012,123330
wb_hi,2013,115790
wb_hi,2014,111190
wb_hi,2015,107260
wb_hi,2016,103930
wb_hi,2017,101410
wb_hi,2018,99564
wb_hi,2019,98487
wb_hi,2020,98813
wb_hi,2021,100240
wb_hi,2022,101940
wb_hi,2023,106250
wb_hi,2024,108550
wb_li,1991,635920
wb_li,1992,659680
wb_li,1993,693570
wb_li,1994,673820
wb_li,1995,906840
wb_li,1996,641310
wb_li,1997,648250
wb_li,1998,642180
wb_li,1999,696660
wb_li,2000,634480
wb_li,2001,598190
wb_li,2002,591350
wb_li,2003,586020
wb_li,2004,575350
wb_li,2005,576540
wb_li,2006,571270
wb_li,2007,557240
wb_li,2008,549550
wb_li,2009,550180
wb_li,2010,618820
wb_li,2011,549060
wb_li,2012,587310
wb_li,2013,564980
wb_li,2014,561570
wb_li,2015,594340
wb_li,2016,606030
wb_li,2017,613070
wb_li,2018,634200
wb_li,2019,603560
wb_li,2020,612270
wb_li,2021,583750
wb_li,2022,599870
wb_li,2023,654920
wb_li,2024,581640
wb_lmi,1991,1683100
wb_lmi,1992,1734400
wb_lmi,1993,1683400
wb_lmi,1994,1682900
wb_lmi,1995,1675700
wb_lmi,1996,1666600
wb_lmi,1997,1660300
wb_lmi,1998,1652200
wb_lmi,1999,1644500
wb_lmi,2000,1618500
wb_lmi,2001,1596600
wb_lmi,2002,1577400
wb_lmi,2003,1556900
wb_lmi,2004,1532600
wb_lmi,2005,1523200
wb_lmi,2006,1518400
wb_lmi,2007,1468800
wb_lmi,2008,1442500
wb_lmi,2009,1458400
wb_lmi,2010,1384900
wb_lmi,2011,1377000
wb_lmi,2012,1309700
wb_lmi,2013,1273300
wb_lmi,2014,1239900
wb_lmi,2015,1205200
wb_lmi,2016,1176100
wb_lmi,2017,1143200
wb_lmi,2018,1115200
wb_lmi,2019,1088500
wb_lmi,2020,1065300
wb_lmi,2021,1042000
wb_lmi,2022,1026300
wb_lmi,2023,1012300
wb_lmi,2024,1007900
wb_umi,1991,827050
wb_umi,1992,787760
wb_umi,1993,776360
wb_umi,1994,763400
wb_umi,1995,744730
wb_umi,1996,730860
wb_umi,1997,710730
wb_umi,1998,694100
wb_umi,1999,677330
wb_umi,2000,666700
wb_umi,2001,649110
wb_umi,2002,639770
wb_umi,2003,630520
wb_umi,2004,635280
wb_umi,2005,665930
wb_umi,2006,603440
wb_umi,2007,594060
wb_umi,2008,579090
wb_umi,2009,559350
wb_umi,2010,540970
wb_umi,2011,525820
wb_umi,2012,510210
wb_umi,2013,491220
wb_umi,2014,475240
wb_umi,2015,461090
wb_umi,2016,447590
wb_umi,2017,443900
wb_umi,2018,430750
wb_umi,2019,417190
wb_umi,2020,410820
wb_umi,2021,404360
wb_umi,2022,396750
wb_umi,2023,396940
wb_umi,2024,404570
world,1991,3349700
world,1992,3386200
world,1993,3358200
world,1994,3326700
world,1995,3534400
world,1996,3243200
world,1997,3218000
world,1998,3182400
world,1999,3209400
world,2000,3108500
world,2001,3031500
world,2002,2994200
world,2003,2956000
world,2004,2921700
world,2005,2939400
world,2006,2862800
world,2007,2786200
world,2008,2732600
world,2009,2723100
world,2010,2692900
world,2011,2593700
world,2012,2545200
world,2013,2460100
world,2014,2402900
world,2015,2383200
world,2016,2349100
world,2017,2317000
world,2018,2295400
world,2019,2222700
world,2020,2200800
world,2021,2143600
world,2022,2138100
world,2023,2183900
world,2024,2116400
wsm,1991,118.00
wsm,1992,112.00
wsm,1993,107.00
wsm,1994,104.00
wsm,1995,97.000
wsm,1996,94.000
wsm,1997,86.000
wsm,1998,80.000
wsm,1999,76.000
wsm,2000,73.000
wsm,2001,69.000
wsm,2002,66.000
wsm,2003,63.000
wsm,2004,62.000
wsm,2005,59.000
wsm,2006,57.000
wsm,2007,55.000
wsm,2008,52.000
wsm,2009,52.000
wsm,2010,99.000
wsm,2011,48.000
wsm,2012,46.000
wsm,2013,45.000
wsm,2014,43.000
wsm,2015,43.000
wsm,2016,42.000
wsm,2017,42.000
wsm,2018,40.000
wsm,2019,40.000
wsm,2020,40.000
wsm,2021,39.000
wsm,2022,38.000
wsm,2023,37.000
wsm,2024,38.000
yem,1991,11611
yem,1992,11784
yem,1993,11960
yem,1994,12145
yem,1995,12897
yem,1996,12520
yem,1997,12686
yem,1998,12836
yem,1999,12956
yem,2000,13049
yem,2001,13092
yem,2002,13088
yem,2003,13045
yem,2004,13003
yem,2005,12957
yem,2006,12939
yem,2007,12957
yem,2008,12991
yem,2009,13030
yem,2010,13099
yem,2011,13172
yem,2012,13804
yem,2013,14183
yem,2014,13711
yem,2015,14402
yem,2016,19765
yem,2017,19302
yem,2018,20088
yem,2019,25717
yem,2020,23965
yem,2021,21351
yem,2022,21052
yem,2023,17619
yem,2024,16638
zaf,1991,23703
zaf,1992,25200
zaf,1993,26826
zaf,1994,28216
zaf,1995,30042
zaf,1996,32512
zaf,1997,35190
zaf,1998,37915
zaf,1999,40468
zaf,2000,43150
zaf,2001,45825
zaf,2002,48502
zaf,2003,51197
zaf,2004,53495
zaf,2005,55129
zaf,2006,55783
zaf,2007,55166
zaf,2008,53381
zaf,2009,50606
zaf,2010,47301
zaf,2011,43854
zaf,2012,40599
zaf,2013,37732
zaf,2014,35379
zaf,2015,33426
zaf,2016,31988
zaf,2017,30396
zaf,2018,29020
zaf,2019,28400
zaf,2020,28008
zaf,2021,27789
zaf,2022,27684
zaf,2023,27659
zaf,2024,27653
zmb,1991,13959
zmb,1992,14459
zmb,1993,14911
zmb,1994,15317
zmb,1995,15646
zmb,1996,15892
zmb,1997,16073
zmb,1998,16187
zmb,1999,16218
zmb,2000,16221
zmb,2001,16176
zmb,2002,16124
zmb,2003,16021
zmb,2004,15890
zmb,2005,15718
zmb,2006,15541
zmb,2007,15379
zmb,2008,15203
zmb,2009,15050
zmb,2010,14890
zmb,2011,14727
zmb,2012,14554
zmb,2013,14345
zmb,2014,14149
zmb,2015,13944
zmb,2016,13748
zmb,2017,13543
zmb,2018,13367
zmb,2019,13223
zmb,2020,13143
zmb,2021,13151
zmb,2022,13115
zmb,2023,13118
zmb,2024,13094
zwe,1991,8453.0
zwe,1992,9031.0
zwe,1993,9638.0
zwe,1994,10142
zwe,1995,10580
zwe,1996,11171
zwe,1997,11894
zwe,1998,12703
zwe,1999,13495
zwe,2000,14145
zwe,2001,14581
zwe,2002,14893
zwe,2003,15122
zwe,2004,15242
zwe,2005,15253
zwe,2006,15147
zwe,2007,15009
zwe,2008,14741
zwe,2009,14326
zwe,2010,13882
zwe,2011,13430
zwe,2012,13013
zwe,2013,12673
zwe,2014,12396
zwe,2015,12183
zwe,2016,12052
zwe,2017,12000
zwe,2018,12007
zwe,2019,12040
zwe,2020,12126
zwe,2021,12224
zwe,2022,12327
zwe,2023,12394
zwe,2024,12432
