geo,year,mr_1_11_months_lower
afg,1988,92.347
afg,1989,80.986
afg,1990,68.944
afg,1991,66.210
afg,1992,63.605
afg,1993,61.036
afg,1994,58.623
afg,1995,56.442
afg,1996,54.428
afg,1997,52.573
afg,1998,50.981
afg,1999,49.287
afg,2000,47.654
afg,2001,45.937
afg,2002,44.093
afg,2003,42.138
afg,2004,40.242
afg,2005,38.278
afg,2006,36.281
afg,2007,34.249
afg,2008,32.310
afg,2009,30.326
afg,2010,28.445
afg,2011,26.794
afg,2012,25.246
afg,2013,23.817
afg,2014,22.461
afg,2015,21.198
afg,2016,20.056
afg,2017,18.962
afg,2018,17.876
afg,2019,16.828
afg,2020,15.849
afg,2021,14.829
afg,2022,13.915
afg,2023,12.978
afg,2024,12.049
ago,1990,57.690
ago,1991,58.951
ago,1992,59.822
ago,1993,60.966
ago,1994,61.618
ago,1995,62.097
ago,1996,62.518
ago,1997,62.313
ago,1998,61.782
ago,1999,60.607
ago,2000,59.022
ago,2001,57.375
ago,2002,55.402
ago,2003,53.046
ago,2004,50.021
ago,2005,46.876
ago,2006,42.995
ago,2007,38.774
ago,2008,34.483
ago,2009,30.149
ago,2010,26.021
ago,2011,22.383
ago,2012,18.800
ago,2013,15.816
ago,2014,13.191
ago,2015,11.298
ago,2016,9.6731
ago,2017,8.3951
ago,2018,7.4698
ago,2019,6.6814
ago,2020,5.9486
ago,2021,5.3785
ago,2022,4.7754
ago,2023,4.3332
ago,2024,3.8990
aia,1990,3.3222
aia,1991,3.2110
aia,1992,3.0948
aia,1993,2.9783
aia,1994,2.8504
aia,1995,2.7462
aia,1996,2.6162
aia,1997,2.4981
aia,1998,2.3951
aia,1999,2.2879
aia,2000,2.2015
aia,2001,2.0948
aia,2002,1.9988
aia,2003,1.9163
aia,2004,1.8365
aia,2005,1.7435
aia,2006,1.6856
aia,2007,1.6184
aia,2008,1.5632
aia,2009,1.5071
aia,2010,1.4576
aia,2011,1.3837
aia,2012,1.3303
aia,2013,1.2795
aia,2014,1.2189
aia,2015,1.1684
aia,2016,1.1212
aia,2017,1.0695
aia,2018,1.0133
aia,2019,0.96349
aia,2020,0.91251
aia,2021,0.86289
aia,2022,0.82311
aia,2023,0.78232
aia,2024,0.74502
alb,1980,23.952
alb,1981,22.753
alb,1982,21.766
alb,1983,20.971
alb,1984,19.951
alb,1985,18.933
alb,1986,17.452
alb,1987,16.047
alb,1988,14.547
alb,1989,13.568
alb,1990,12.708
alb,1991,11.782
alb,1992,10.783
alb,1993,9.8057
alb,1994,8.9591
alb,1995,8.3079
alb,1996,7.4288
alb,1997,6.4137
alb,1998,5.4312
alb,1999,4.6847
alb,2000,4.0654
alb,2001,3.5430
alb,2002,3.1770
alb,2003,2.7767
alb,2004,2.5399
alb,2005,2.3063
alb,2006,2.0105
alb,2007,1.8107
alb,2008,1.7803
alb,2009,2.0302
alb,2010,2.3005
alb,2011,2.3442
alb,2012,2.1552
alb,2013,1.8470
alb,2014,1.6048
alb,2015,1.3924
alb,2016,1.1441
alb,2017,0.86997
alb,2018,0.61505
alb,2019,0.48843
alb,2020,0.47659
alb,2021,0.55466
alb,2022,0.70514
alb,2023,0.76562
alb,2024,0.74130
and,1990,0.061612
and,1991,0.29348
and,1992,0.44667
and,1993,0.58887
and,1994,0.74543
and,1995,0.88715
and,1996,0.99582
and,1997,1.0752
and,1998,1.1739
and,1999,1.2600
and,2000,1.3340
and,2001,1.3942
and,2002,1.4209
and,2003,1.4388
and,2004,1.4273
and,2005,1.3986
and,2006,1.3357
and,2007,1.2630
and,2008,1.1577
and,2009,1.0680
and,2010,0.97806
and,2011,0.88172
and,2012,0.79466
and,2013,0.70858
and,2014,0.62352
and,2015,0.55120
and,2016,0.48723
and,2017,0.43005
and,2018,0.39222
and,2019,0.35483
and,2020,0.31917
and,2021,0.29497
and,2022,0.27352
and,2023,0.25213
and,2024,0.23308
are,1979,12.530
are,1980,10.563
are,1981,9.2553
are,1982,8.2461
are,1983,7.4542
are,1984,6.6062
are,1985,5.8915
are,1986,5.2535
are,1987,4.7283
are,1988,4.3681
are,1989,3.9890
are,1990,3.6837
are,1991,3.3977
are,1992,3.1041
are,1993,2.9225
are,1994,2.7931
are,1995,2.7777
are,1996,2.7540
are,1997,2.6555
are,1998,2.4936
are,1999,2.3099
are,2000,2.2494
are,2001,2.2475
are,2002,2.2430
are,2003,2.2144
are,2004,2.1266
are,2005,2.0534
are,2006,1.9997
are,2007,2.0065
are,2008,2.1429
are,2009,2.3842
are,2010,2.7679
are,2011,3.0853
are,2012,3.1090
are,2013,2.7907
are,2014,2.3098
are,2015,1.9120
are,2016,1.6480
are,2017,1.5066
are,2018,1.4740
are,2019,1.4691
are,2020,1.4727
are,2021,1.4492
are,2022,1.4025
are,2023,1.3106
are,2024,1.1612
arg,1971,33.660
arg,1972,32.656
arg,1973,31.379
arg,1974,30.075
arg,1975,29.205
arg,1976,28.289
arg,1977,26.571
arg,1978,24.087
arg,1979,21.453
arg,1980,18.999
arg,1981,16.944
arg,1982,15.430
arg,1983,14.396
arg,1984,13.259
arg,1985,11.256
arg,1986,9.0950
arg,1987,7.8216
arg,1988,7.8112
arg,1989,8.4386
arg,1990,9.0993
arg,1991,9.4737
arg,1992,9.3964
arg,1993,8.8706
arg,1994,8.1625
arg,1995,7.5796
arg,1996,7.2038
arg,1997,7.0493
arg,1998,7.0283
arg,1999,6.7997
arg,2000,6.1401
arg,2001,5.3199
arg,2002,4.8240
arg,2003,4.8369
arg,2004,5.0218
arg,2005,5.0967
arg,2006,5.0306
arg,2007,4.9627
arg,2008,4.9513
arg,2009,4.9167
arg,2010,4.8237
arg,2011,4.6008
arg,2012,4.2325
arg,2013,3.7784
arg,2014,3.3762
arg,2015,3.1468
arg,2016,3.0524
arg,2017,3.0101
arg,2018,2.9551
arg,2019,2.8221
arg,2020,2.5947
arg,2021,2.3738
arg,2022,2.3527
arg,2023,2.5477
arg,2024,2.7242
arm,1978,42.269
arm,1979,40.698
arm,1980,39.106
arm,1981,37.344
arm,1982,35.576
arm,1983,33.831
arm,1984,32.025
arm,1985,30.243
arm,1986,28.415
arm,1987,26.654
arm,1988,24.908
arm,1989,39.651
arm,1990,21.430
arm,1991,19.924
arm,1992,18.469
arm,1993,17.150
arm,1994,15.865
arm,1995,14.686
arm,1996,13.634
arm,1997,12.663
arm,1998,11.947
arm,1999,11.267
arm,2000,10.591
arm,2001,9.8793
arm,2002,9.1825
arm,2003,8.6002
arm,2004,7.9838
arm,2005,7.4195
arm,2006,6.8295
arm,2007,6.2723
arm,2008,5.7693
arm,2009,5.2947
arm,2010,4.9059
arm,2011,4.5744
arm,2012,4.2864
arm,2013,4.0343
arm,2014,3.7993
arm,2015,3.5933
arm,2016,3.4005
arm,2017,3.2102
arm,2018,3.0268
arm,2019,2.8558
arm,2020,2.7179
arm,2021,2.5628
arm,2022,2.4268
arm,2023,2.3008
arm,2024,2.1712
atg,1972,5.6849
atg,1973,5.3505
atg,1974,5.0015
atg,1975,4.6072
atg,1976,4.2733
atg,1977,3.9479
atg,1978,3.6684
atg,1979,3.4720
atg,1980,3.3056
atg,1981,3.1795
atg,1982,3.0729
atg,1983,2.9863
atg,1984,2.9286
atg,1985,2.8509
atg,1986,2.7105
atg,1987,2.5435
atg,1988,2.3683
atg,1989,2.2000
atg,1990,2.0275
atg,1991,1.8631
atg,1992,1.7133
atg,1993,1.5731
atg,1994,1.4569
atg,1995,1.3385
atg,1996,1.2540
atg,1997,1.1637
atg,1998,1.0658
atg,1999,0.97233
atg,2000,0.83591
atg,2001,0.71029
atg,2002,0.58053
atg,2003,0.49506
atg,2004,0.50876
atg,2005,0.56285
atg,2006,0.68336
atg,2007,0.82950
atg,2008,0.97220
atg,2009,1.1241
atg,2010,1.2670
atg,2011,1.3762
atg,2012,1.4504
atg,2013,1.4798
atg,2014,1.4670
atg,2015,1.4423
atg,2016,1.4196
atg,2017,1.4093
atg,2018,1.3909
atg,2019,1.3592
atg,2020,1.2920
atg,2021,1.2036
atg,2022,1.1144
atg,2023,1.0376
atg,2024,0.96709
aus,1969,5.0744
aus,1970,5.1104
aus,1971,5.0421
aus,1972,4.8772
aus,1973,4.6272
aus,1974,4.3301
aus,1975,4.0387
aus,1976,3.8252
aus,1977,3.6882
aus,1978,3.6104
aus,1979,3.5949
aus,1980,3.5835
aus,1981,3.5831
aus,1982,3.5753
aus,1983,3.5612
aus,1984,3.5536
aus,1985,3.5255
aus,1986,3.4843
aus,1987,3.4170
aus,1988,3.3194
aus,1989,3.1947
aus,1990,3.0233
aus,1991,2.8081
aus,1992,2.5684
aus,1993,2.3445
aus,1994,2.1697
aus,1995,2.0217
aus,1996,1.9097
aus,1997,1.8106
aus,1998,1.7197
aus,1999,1.6388
aus,2000,1.5590
aus,2001,1.4976
aus,2002,1.4519
aus,2003,1.4270
aus,2004,1.4254
aus,2005,1.4192
aus,2006,1.4034
aus,2007,1.3722
aus,2008,1.3291
aus,2009,1.2856
aus,2010,1.2302
aus,2011,1.1748
aus,2012,1.1115
aus,2013,1.0428
aus,2014,0.97632
aus,2015,0.91486
aus,2016,0.87370
aus,2017,0.84578
aus,2018,0.82735
aus,2019,0.81605
aus,2020,0.80574
aus,2021,0.79928
aus,2022,0.79082
aus,2023,0.77733
aus,2024,0.75594
aut,1956,18.225
aut,1957,17.458
aut,1958,16.613
aut,1959,15.680
aut,1960,14.568
aut,1961,13.306
aut,1962,11.947
aut,1963,10.612
aut,1964,9.5650
aut,1965,8.7042
aut,1966,7.9735
aut,1967,7.3684
aut,1968,6.9065
aut,1969,6.5892
aut,1970,6.2949
aut,1971,6.0037
aut,1972,5.6779
aut,1973,5.3572
aut,1974,5.1049
aut,1975,4.8651
aut,1976,4.7156
aut,1977,4.6279
aut,1978,4.6437
aut,1979,4.7582
aut,1980,4.8155
aut,1981,4.7575
aut,1982,4.5926
aut,1983,4.3970
aut,1984,4.2387
aut,1985,4.0608
aut,1986,3.8912
aut,1987,3.7114
aut,1988,3.5602
aut,1989,3.4488
aut,1990,3.3229
aut,1991,3.1862
aut,1992,3.0032
aut,1993,2.7683
aut,1994,2.5146
aut,1995,2.2405
aut,1996,1.9872
aut,1997,1.7673
aut,1998,1.6004
aut,1999,1.4938
aut,2000,1.4138
aut,2001,1.3524
aut,2002,1.2989
aut,2003,1.2447
aut,2004,1.1979
aut,2005,1.1458
aut,2006,1.1107
aut,2007,1.0839
aut,2008,1.0670
aut,2009,1.0587
aut,2010,1.0355
aut,2011,0.99924
aut,2012,0.94337
aut,2013,0.87766
aut,2014,0.82103
aut,2015,0.77098
aut,2016,0.74501
aut,2017,0.72707
aut,2018,0.70680
aut,2019,0.68112
aut,2020,0.64916
aut,2021,0.62203
aut,2022,0.59493
aut,2023,0.56525
aut,2024,0.53151
aze,1984,44.845
aze,1985,44.766
aze,1986,44.431
aze,1987,44.060
aze,1988,43.534
aze,1989,42.907
aze,1990,41.680
aze,1991,40.615
aze,1992,39.666
aze,1993,38.695
aze,1994,37.679
aze,1995,35.996
aze,1996,34.052
aze,1997,31.874
aze,1998,29.725
aze,1999,27.213
aze,2000,24.076
aze,2001,21.243
aze,2002,18.563
aze,2003,16.304
aze,2004,14.403
aze,2005,12.655
aze,2006,11.120
aze,2007,9.8257
aze,2008,8.7158
aze,2009,7.7593
aze,2010,6.7359
aze,2011,5.7088
aze,2012,4.9474
aze,2013,4.3779
aze,2014,3.9506
aze,2015,3.4581
aze,2016,2.9898
aze,2017,2.4880
aze,2018,1.9809
aze,2019,1.4974
aze,2020,1.0209
aze,2021,0.64652
aze,2022,0.35326
aze,2023,0.12038
aze,2024,0.0000
bdi,1966,53.971
bdi,1967,56.278
bdi,1968,58.087
bdi,1969,59.961
bdi,1970,61.424
bdi,1971,62.522
bdi,1972,63.465
bdi,1973,78.121
bdi,1974,65.485
bdi,1975,66.322
bdi,1976,67.056
bdi,1977,67.435
bdi,1978,67.110
bdi,1979,66.003
bdi,1980,64.050
bdi,1981,61.561
bdi,1982,58.438
bdi,1983,54.892
bdi,1984,51.400
bdi,1985,48.334
bdi,1986,46.206
bdi,1987,45.174
bdi,1988,45.104
bdi,1989,45.922
bdi,1990,47.070
bdi,1991,48.410
bdi,1992,49.710
bdi,1993,50.851
bdi,1994,56.257
bdi,1995,52.440
bdi,1996,52.817
bdi,1997,52.628
bdi,1998,52.013
bdi,1999,50.899
bdi,2000,49.397
bdi,2001,47.723
bdi,2002,45.821
bdi,2003,43.770
bdi,2004,41.545
bdi,2005,38.982
bdi,2006,36.237
bdi,2007,33.358
bdi,2008,30.529
bdi,2009,27.887
bdi,2010,25.279
bdi,2011,22.989
bdi,2012,20.859
bdi,2013,18.820
bdi,2014,16.832
bdi,2015,15.062
bdi,2016,13.486
bdi,2017,12.102
bdi,2018,10.961
bdi,2019,9.9519
bdi,2020,9.0868
bdi,2021,8.3049
bdi,2022,7.6105
bdi,2023,7.0192
bdi,2024,6.4165
bel,1961,9.1187
bel,1962,9.1234
bel,1963,8.9452
bel,1964,8.5559
bel,1965,7.9646
bel,1966,7.3120
bel,1967,6.7778
bel,1968,6.4241
bel,1969,6.3477
bel,1970,6.3672
bel,1971,6.2426
bel,1972,5.8699
bel,1973,5.3170
bel,1974,4.7559
bel,1975,4.2902
bel,1976,4.0667
bel,1977,4.1363
bel,1978,4.2783
bel,1979,4.3790
bel,1980,4.3838
bel,1981,4.3155
bel,1982,4.2157
bel,1983,4.0971
bel,1984,4.0342
bel,1985,3.9790
bel,1986,3.9147
bel,1987,3.8470
bel,1988,3.7676
bel,1989,3.7133
bel,1990,3.6535
bel,1991,3.5865
bel,1992,3.4904
bel,1993,3.2985
bel,1994,3.0127
bel,1995,2.6669
bel,1996,2.3458
bel,1997,2.1018
bel,1998,1.9267
bel,1999,1.8368
bel,2000,1.7884
bel,2001,1.7446
bel,2002,1.6877
bel,2003,1.6131
bel,2004,1.5358
bel,2005,1.4594
bel,2006,1.3933
bel,2007,1.3523
bel,2008,1.3162
bel,2009,1.2962
bel,2010,1.2743
bel,2011,1.2485
bel,2012,1.2224
bel,2013,1.1778
bel,2014,1.1275
bel,2015,1.0711
bel,2016,1.0241
bel,2017,1.0004
bel,2018,0.97285
bel,2019,0.94789
bel,2020,0.91902
bel,2021,0.89068
bel,2022,0.85821
bel,2023,0.80876
bel,2024,0.75275
ben,1959,93.865
ben,1960,92.888
ben,1961,91.738
ben,1962,90.282
ben,1963,88.794
ben,1964,87.090
ben,1965,85.391
ben,1966,83.606
ben,1967,81.874
ben,1968,80.255
ben,1969,78.791
ben,1970,77.524
ben,1971,76.417
ben,1972,75.211
ben,1973,73.788
ben,1974,72.328
ben,1975,70.673
ben,1976,69.058
ben,1977,67.336
ben,1978,65.597
ben,1979,64.067
ben,1980,62.614
ben,1981,61.365
ben,1982,60.209
ben,1983,59.156
ben,1984,58.225
ben,1985,57.140
ben,1986,56.057
ben,1987,54.910
ben,1988,53.867
ben,1989,52.857
ben,1990,51.741
ben,1991,50.617
ben,1992,49.445
ben,1993,48.134
ben,1994,46.852
ben,1995,45.521
ben,1996,44.297
ben,1997,43.091
ben,1998,41.909
ben,1999,40.814
ben,2000,39.635
ben,2001,38.562
ben,2002,37.468
ben,2003,36.303
ben,2004,35.165
ben,2005,34.051
ben,2006,32.923
ben,2007,31.807
ben,2008,30.623
ben,2009,29.601
ben,2010,28.529
ben,2011,27.478
ben,2012,26.481
ben,2013,25.479
ben,2014,24.535
ben,2015,23.565
ben,2016,22.513
ben,2017,21.462
ben,2018,20.395
ben,2019,19.276
ben,2020,18.056
ben,2021,16.879
ben,2022,15.726
ben,2023,14.591
ben,2024,13.460
bfa,1970,83.411
bfa,1971,82.979
bfa,1972,82.192
bfa,1973,80.741
bfa,1974,78.559
bfa,1975,76.041
bfa,1976,73.012
bfa,1977,69.781
bfa,1978,66.793
bfa,1979,64.073
bfa,1980,61.978
bfa,1981,60.126
bfa,1982,58.518
bfa,1983,57.284
bfa,1984,56.131
bfa,1985,55.549
bfa,1986,55.183
bfa,1987,54.698
bfa,1988,54.403
bfa,1989,54.095
bfa,1990,54.024
bfa,1991,53.995
bfa,1992,54.240
bfa,1993,54.425
bfa,1994,54.431
bfa,1995,54.304
bfa,1996,53.920
bfa,1997,53.092
bfa,1998,52.025
bfa,1999,50.656
bfa,2000,49.599
bfa,2001,48.431
bfa,2002,47.278
bfa,2003,45.900
bfa,2004,44.194
bfa,2005,42.462
bfa,2006,40.786
bfa,2007,38.742
bfa,2008,36.501
bfa,2009,34.212
bfa,2010,31.831
bfa,2011,29.550
bfa,2012,27.556
bfa,2013,25.674
bfa,2014,23.886
bfa,2015,22.231
bfa,2016,20.583
bfa,2017,19.181
bfa,2018,17.688
bfa,2019,16.326
bfa,2020,15.028
bfa,2021,13.892
bfa,2022,12.815
bfa,2023,11.777
bfa,2024,10.763
bgd,1953,105.34
bgd,1954,101.00
bgd,1955,96.652
bgd,1956,92.308
bgd,1957,88.008
bgd,1958,84.205
bgd,1959,80.608
bgd,1960,76.923
bgd,1961,73.547
bgd,1962,70.372
bgd,1963,67.252
bgd,1964,64.596
bgd,1965,61.833
bgd,1966,59.779
bgd,1967,57.963
bgd,1968,56.477
bgd,1969,55.364
bgd,1970,54.515
bgd,1971,71.211
bgd,1972,112.30
bgd,1973,53.264
bgd,1974,52.522
bgd,1975,51.285
bgd,1976,49.976
bgd,1977,48.429
bgd,1978,46.679
bgd,1979,44.939
bgd,1980,43.262
bgd,1981,42.103
bgd,1982,41.100
bgd,1983,40.274
bgd,1984,39.598
bgd,1985,38.614
bgd,1986,37.366
bgd,1987,35.888
bgd,1988,34.164
bgd,1989,32.635
bgd,1990,31.031
bgd,1991,29.576
bgd,1992,28.159
bgd,1993,26.790
bgd,1994,25.518
bgd,1995,24.215
bgd,1996,22.873
bgd,1997,21.436
bgd,1998,19.933
bgd,1999,18.380
bgd,2000,16.850
bgd,2001,15.505
bgd,2002,14.285
bgd,2003,13.128
bgd,2004,12.078
bgd,2005,11.089
bgd,2006,10.215
bgd,2007,9.4502
bgd,2008,8.7335
bgd,2009,8.1396
bgd,2010,7.5894
bgd,2011,7.1716
bgd,2012,6.8587
bgd,2013,6.5567
bgd,2014,6.2745
bgd,2015,5.9551
bgd,2016,5.6806
bgd,2017,5.4493
bgd,2018,5.4141
bgd,2019,5.4204
bgd,2020,5.4161
bgd,2021,5.4326
bgd,2022,5.4685
bgd,2023,5.5131
bgd,2024,5.5421
bgr,1965,16.974
bgr,1966,16.548
bgr,1967,16.464
bgr,1968,16.203
bgr,1969,15.666
bgr,1970,14.812
bgr,1971,13.831
bgr,1972,12.791
bgr,1973,11.789
bgr,1974,10.999
bgr,1975,10.485
bgr,1976,10.538
bgr,1977,10.777
bgr,1978,10.705
bgr,1979,10.183
bgr,1980,9.4501
bgr,1981,8.8468
bgr,1982,8.4122
bgr,1983,8.1012
bgr,1984,7.8792
bgr,1985,7.5472
bgr,1986,7.0785
bgr,1987,6.5720
bgr,1988,6.2677
bgr,1989,6.2679
bgr,1990,6.3484
bgr,1991,6.3904
bgr,1992,6.3436
bgr,1993,6.2930
bgr,1994,6.3459
bgr,1995,6.4702
bgr,1996,6.7358
bgr,1997,6.9797
bgr,1998,7.0172
bgr,1999,6.8100
bgr,2000,6.4400
bgr,2001,6.1518
bgr,2002,5.9153
bgr,2003,5.6671
bgr,2004,5.4160
bgr,2005,5.1152
bgr,2006,4.8385
bgr,2007,4.5654
bgr,2008,4.3234
bgr,2009,4.1312
bgr,2010,3.9354
bgr,2011,3.7688
bgr,2012,3.5727
bgr,2013,3.3379
bgr,2014,3.0782
bgr,2015,2.7954
bgr,2016,2.5566
bgr,2017,2.3619
bgr,2018,2.2309
bgr,2019,2.1759
bgr,2020,2.1521
bgr,2021,2.1758
bgr,2022,2.2065
bgr,2023,2.2178
bgr,2024,2.1783
bhr,1972,24.754
bhr,1973,22.078
bhr,1974,19.671
bhr,1975,17.546
bhr,1976,15.643
bhr,1977,13.954
bhr,1978,12.276
bhr,1979,10.632
bhr,1980,9.3404
bhr,1981,8.2649
bhr,1982,7.2476
bhr,1983,6.3044
bhr,1984,5.4593
bhr,1985,4.7479
bhr,1986,4.2333
bhr,1987,3.8922
bhr,1988,3.6877
bhr,1989,3.6367
bhr,1990,3.6649
bhr,1991,3.8654
bhr,1992,4.1572
bhr,1993,4.4791
bhr,1994,4.7754
bhr,1995,4.9934
bhr,1996,5.1192
bhr,1997,5.1660
bhr,1998,5.1827
bhr,1999,5.1824
bhr,2000,5.1402
bhr,2001,5.0980
bhr,2002,5.0638
bhr,2003,5.0335
bhr,2004,5.0107
bhr,2005,4.9462
bhr,2006,4.8492
bhr,2007,4.6950
bhr,2008,4.4706
bhr,2009,4.1999
bhr,2010,3.9042
bhr,2011,3.6264
bhr,2012,3.3656
bhr,2013,3.1503
bhr,2014,2.9894
bhr,2015,2.8383
bhr,2016,2.7031
bhr,2017,2.5624
bhr,2018,2.4300
bhr,2019,2.3281
bhr,2020,2.2567
bhr,2021,2.2477
bhr,2022,2.2723
bhr,2023,2.3241
bhr,2024,2.3591
bhs,1970,3.4241
bhs,1971,3.8887
bhs,1972,4.2306
bhs,1973,4.3812
bhs,1974,4.2766
bhs,1975,4.0834
bhs,1976,3.9295
bhs,1977,3.9028
bhs,1978,4.1502
bhs,1979,4.5938
bhs,1980,5.0689
bhs,1981,5.4669
bhs,1982,5.6708
bhs,1983,5.7279
bhs,1984,5.6927
bhs,1985,5.6109
bhs,1986,5.5385
bhs,1987,5.4396
bhs,1988,5.3922
bhs,1989,5.3446
bhs,1990,5.2811
bhs,1991,5.2172
bhs,1992,5.1656
bhs,1993,5.1696
bhs,1994,5.2012
bhs,1995,5.2084
bhs,1996,5.2585
bhs,1997,5.2858
bhs,1998,5.3068
bhs,1999,5.2968
bhs,2000,5.2630
bhs,2001,5.2160
bhs,2002,5.1668
bhs,2003,5.1702
bhs,2004,5.1908
bhs,2005,5.1855
bhs,2006,5.1450
bhs,2007,5.0327
bhs,2008,4.9124
bhs,2009,4.7865
bhs,2010,4.6503
bhs,2011,4.5284
bhs,2012,4.3575
bhs,2013,4.1213
bhs,2014,3.8249
bhs,2015,3.4501
bhs,2016,3.0525
bhs,2017,2.6407
bhs,2018,2.2940
bhs,2019,2.0161
bhs,2020,5.2317
bhs,2021,1.6489
bhs,2022,1.5330
bhs,2023,1.4244
bhs,2024,1.3322
bih,1986,8.1177
bih,1987,7.5918
bih,1988,7.0230
bih,1989,6.2968
bih,1990,5.3848
bih,1991,4.4132
bih,1992,3.5758
bih,1993,18.664
bih,1994,18.791
bih,1995,2.2093
bih,1996,4.3266
bih,1997,1.8768
bih,1998,1.7690
bih,1999,1.6852
bih,2000,1.6233
bih,2001,1.5511
bih,2002,1.4328
bih,2003,1.2845
bih,2004,1.1507
bih,2005,1.0811
bih,2006,1.0546
bih,2007,1.0324
bih,2008,1.0060
bih,2009,0.96459
bih,2010,0.91400
bih,2011,0.86214
bih,2012,0.82072
bih,2013,0.80543
bih,2014,0.80866
bih,2015,0.84142
bih,2016,0.89142
bih,2017,0.95607
bih,2018,1.0242
bih,2019,1.0474
bih,2020,1.0193
bih,2021,0.93356
bih,2022,0.82185
bih,2023,0.72010
bih,2024,0.62251
blr,1990,0.0000
blr,1991,0.0000
blr,1992,0.0000
blr,1993,0.18294
blr,1994,0.45142
blr,1995,0.79233
blr,1996,1.1354
blr,1997,1.6430
blr,1998,2.2020
blr,1999,2.7313
blr,2000,3.2567
blr,2001,3.6440
blr,2002,3.7718
blr,2003,3.6523
blr,2004,3.3932
blr,2005,3.0858
blr,2006,2.7600
blr,2007,2.5331
blr,2008,2.3820
blr,2009,2.2658
blr,2010,2.1509
blr,2011,1.9926
blr,2012,1.7993
blr,2013,1.5979
blr,2014,1.4150
blr,2015,1.2884
blr,2016,1.1909
blr,2017,1.1302
blr,2018,1.0893
blr,2019,1.0620
blr,2020,1.0274
blr,2021,0.96554
blr,2022,0.87359
blr,2023,0.76463
blr,2024,0.66643
blz,1969,30.134
blz,1970,29.543
blz,1971,28.607
blz,1972,27.635
blz,1973,26.687
blz,1974,25.712
blz,1975,24.538
blz,1976,23.459
blz,1977,22.338
blz,1978,21.439
blz,1979,20.552
blz,1980,19.714
blz,1981,18.986
blz,1982,18.254
blz,1983,17.561
blz,1984,16.764
blz,1985,15.827
blz,1986,14.917
blz,1987,13.955
blz,1988,12.913
blz,1989,11.922
blz,1990,10.800
blz,1991,9.7846
blz,1992,8.8998
blz,1993,8.3408
blz,1994,7.9142
blz,1995,7.5140
blz,1996,7.2376
blz,1997,7.0347
blz,1998,6.8785
blz,1999,6.7842
blz,2000,6.6504
blz,2001,6.4844
blz,2002,6.2905
blz,2003,6.1553
blz,2004,6.1255
blz,2005,6.1112
blz,2006,6.1794
blz,2007,6.1804
blz,2008,6.0213
blz,2009,5.6379
blz,2010,5.0497
blz,2011,4.3712
blz,2012,3.6511
blz,2013,3.0285
blz,2014,2.5975
blz,2015,2.2794
blz,2016,2.0478
blz,2017,1.8478
blz,2018,1.6628
blz,2019,1.4925
blz,2020,1.3161
blz,2021,1.1785
blz,2022,1.0799
blz,2023,1.0140
blz,2024,1.0103
bol,1967,91.271
bol,1968,91.391
bol,1969,91.392
bol,1970,90.697
bol,1971,89.416
bol,1972,87.599
bol,1973,85.249
bol,1974,82.891
bol,1975,80.303
bol,1976,77.863
bol,1977,75.276
bol,1978,72.824
bol,1979,70.783
bol,1980,68.628
bol,1981,66.726
bol,1982,64.790
bol,1983,62.741
bol,1984,60.824
bol,1985,58.990
bol,1986,57.205
bol,1987,55.368
bol,1988,53.313
bol,1989,51.195
bol,1990,49.034
bol,1991,47.052
bol,1992,45.079
bol,1993,43.013
bol,1994,41.124
bol,1995,39.122
bol,1996,37.159
bol,1997,35.353
bol,1998,33.508
bol,1999,31.649
bol,2000,29.649
bol,2001,27.653
bol,2002,25.609
bol,2003,23.522
bol,2004,21.418
bol,2005,19.353
bol,2006,17.393
bol,2007,15.634
bol,2008,14.088
bol,2009,12.898
bol,2010,11.862
bol,2011,11.023
bol,2012,10.228
bol,2013,9.4947
bol,2014,8.9677
bol,2015,8.4682
bol,2016,7.9370
bol,2017,7.4177
bol,2018,6.9537
bol,2019,6.5261
bol,2020,6.0947
bol,2021,5.6986
bol,2022,5.3623
bol,2023,5.0192
bol,2024,4.6965
bra,1964,61.638
bra,1965,60.109
bra,1966,58.459
bra,1967,56.944
bra,1968,55.456
bra,1969,53.985
bra,1970,52.667
bra,1971,51.383
bra,1972,50.130
bra,1973,49.194
bra,1974,48.037
bra,1975,46.991
bra,1976,46.104
bra,1977,45.000
bra,1978,43.787
bra,1979,42.298
bra,1980,40.516
bra,1981,38.436
bra,1982,36.345
bra,1983,34.493
bra,1984,32.762
bra,1985,31.122
bra,1986,29.665
bra,1987,28.382
bra,1988,27.333
bra,1989,26.339
bra,1990,25.320
bra,1991,24.232
bra,1992,22.979
bra,1993,21.615
bra,1994,19.954
bra,1995,18.123
bra,1996,16.210
bra,1997,14.324
bra,1998,12.641
bra,1999,11.110
bra,2000,9.8097
bra,2001,8.9189
bra,2002,8.1639
bra,2003,7.5160
bra,2004,6.9038
bra,2005,6.3807
bra,2006,5.9476
bra,2007,5.5890
bra,2008,5.3016
bra,2009,4.9923
bra,2010,4.7000
bra,2011,4.4441
bra,2012,4.2509
bra,2013,4.1296
bra,2014,4.0290
bra,2015,3.9323
bra,2016,3.8338
bra,2017,4.1459
bra,2018,3.6968
bra,2019,3.5805
bra,2020,3.3973
bra,2021,3.2563
bra,2022,3.3768
bra,2023,3.7931
bra,2024,4.1905
brb,1969,12.448
brb,1970,12.131
brb,1971,11.606
brb,1972,10.928
brb,1973,10.120
brb,1974,9.2201
brb,1975,8.3417
brb,1976,7.6237
brb,1977,7.2076
brb,1978,6.8402
brb,1979,6.4636
brb,1980,6.0794
brb,1981,5.7199
brb,1982,5.3278
brb,1983,4.9967
brb,1984,4.6889
brb,1985,4.3706
brb,1986,4.0819
brb,1987,3.8345
brb,1988,3.6987
brb,1989,3.6729
brb,1990,3.7081
brb,1991,3.7687
brb,1992,3.7662
brb,1993,3.6915
brb,1994,3.5589
brb,1995,3.4184
brb,1996,3.3054
brb,1997,3.2203
brb,1998,3.2008
brb,1999,3.2483
brb,2000,3.3272
brb,2001,3.4206
brb,2002,3.4904
brb,2003,3.5280
brb,2004,3.4854
brb,2005,3.3679
brb,2006,3.1970
brb,2007,3.0016
brb,2008,2.8495
brb,2009,2.7339
brb,2010,2.6470
brb,2011,2.5991
brb,2012,2.5508
brb,2013,2.4842
brb,2014,2.3933
brb,2015,2.2743
brb,2016,2.1365
brb,2017,1.9967
brb,2018,1.8670
brb,2019,1.7519
brb,2020,1.6332
brb,2021,1.5303
brb,2022,1.4233
brb,2023,1.3353
brb,2024,1.2469
brn,1990,3.5033
brn,1991,3.6075
brn,1992,3.7369
brn,1993,3.8506
brn,1994,3.8962
brn,1995,3.8916
brn,1996,3.8045
brn,1997,3.6961
brn,1998,3.5348
brn,1999,3.3329
brn,2000,3.1213
brn,2001,2.8966
brn,2002,2.6874
brn,2003,2.5036
brn,2004,2.3907
brn,2005,2.3761
brn,2006,2.4119
brn,2007,2.4848
brn,2008,2.5605
brn,2009,2.6437
brn,2010,2.7385
brn,2011,2.8447
brn,2012,2.9572
brn,2013,3.0605
brn,2014,3.1207
brn,2015,3.1397
brn,2016,3.0944
brn,2017,3.0566
brn,2018,3.0065
brn,2019,2.9466
brn,2020,2.9183
brn,2021,2.8725
brn,2022,2.8197
brn,2023,2.7424
brn,2024,2.6377
btn,1990,44.989
btn,1991,43.476
btn,1992,41.463
btn,1993,39.650
btn,1994,37.646
btn,1995,35.624
btn,1996,33.751
btn,1997,31.513
btn,1998,29.644
btn,1999,27.445
btn,2000,25.266
btn,2001,23.058
btn,2002,20.713
btn,2003,18.597
btn,2004,16.442
btn,2005,14.439
btn,2006,12.620
btn,2007,10.989
btn,2008,9.6406
btn,2009,8.2862
btn,2010,7.1646
btn,2011,6.1273
btn,2012,5.0191
btn,2013,4.2147
btn,2014,3.7874
btn,2015,3.3973
btn,2016,3.1194
btn,2017,2.8746
btn,2018,2.6537
btn,2019,2.4357
btn,2020,2.2208
btn,2021,2.0169
btn,2022,1.8947
btn,2023,1.7748
btn,2024,1.6257
bwa,1966,56.157
bwa,1967,55.508
bwa,1968,55.093
bwa,1969,54.556
bwa,1970,53.718
bwa,1971,52.217
bwa,1972,50.404
bwa,1973,48.361
bwa,1974,45.954
bwa,1975,43.345
bwa,1976,40.353
bwa,1977,37.183
bwa,1978,33.966
bwa,1979,30.914
bwa,1980,27.824
bwa,1981,25.015
bwa,1982,22.296
bwa,1983,19.955
bwa,1984,18.034
bwa,1985,16.554
bwa,1986,15.200
bwa,1987,14.135
bwa,1988,13.400
bwa,1989,13.118
bwa,1990,13.477
bwa,1991,14.873
bwa,1992,16.734
bwa,1993,18.970
bwa,1994,21.274
bwa,1995,23.370
bwa,1996,23.223
bwa,1997,23.935
bwa,1998,24.199
bwa,1999,24.367
bwa,2000,24.702
bwa,2001,24.347
bwa,2002,23.712
bwa,2003,23.255
bwa,2004,23.026
bwa,2005,22.546
bwa,2006,19.496
bwa,2007,18.208
bwa,2008,19.361
bwa,2009,19.746
bwa,2010,19.059
bwa,2011,19.298
bwa,2012,19.956
bwa,2013,16.969
bwa,2014,15.456
bwa,2015,14.894
bwa,2016,13.100
bwa,2017,11.835
bwa,2018,9.8302
bwa,2019,8.8523
bwa,2020,8.0726
bwa,2021,7.5271
bwa,2022,6.9257
bwa,2023,6.3775
bwa,2024,5.9305
caf,1972,62.505
caf,1973,61.362
caf,1974,60.282
caf,1975,58.945
caf,1976,57.923
caf,1977,56.946
caf,1978,56.142
caf,1979,55.458
caf,1980,54.487
caf,1981,53.985
caf,1982,53.332
caf,1983,52.880
caf,1984,52.517
caf,1985,51.979
caf,1986,51.831
caf,1987,51.757
caf,1988,51.855
caf,1989,52.037
caf,1990,52.305
caf,1991,52.661
caf,1992,52.957
caf,1993,53.178
caf,1994,53.157
caf,1995,53.225
caf,1996,53.366
caf,1997,53.266
caf,1998,53.354
caf,1999,53.076
caf,2000,52.617
caf,2001,52.025
caf,2002,51.037
caf,2003,49.928
caf,2004,48.713
caf,2005,47.237
caf,2006,45.802
caf,2007,43.961
caf,2008,42.482
caf,2009,41.116
caf,2010,176.51
caf,2011,45.590
caf,2012,36.859
caf,2013,35.606
caf,2014,39.767
caf,2015,56.434
caf,2016,32.087
caf,2017,35.881
caf,2018,44.487
caf,2019,32.729
caf,2020,73.674
caf,2021,32.629
caf,2022,47.393
caf,2023,118.90
caf,2024,20.667
can,1970,5.2858
can,1971,5.1106
can,1972,4.9511
can,1973,4.8595
can,1974,4.7896
can,1975,4.7330
can,1976,4.6203
can,1977,4.3939
can,1978,4.0734
can,1979,3.7523
can,1980,3.5577
can,1981,3.4324
can,1982,3.2945
can,1983,3.1288
can,1984,2.9553
can,1985,2.8266
can,1986,2.7371
can,1987,2.6778
can,1988,2.6379
can,1989,2.5742
can,1990,2.4774
can,1991,2.3440
can,1992,2.2055
can,1993,2.0724
can,1994,1.9294
can,1995,1.7812
can,1996,1.6414
can,1997,1.5474
can,1998,1.5151
can,1999,1.4971
can,2000,1.4769
can,2001,1.4361
can,2002,1.3770
can,2003,1.3120
can,2004,1.2546
can,2005,1.2448
can,2006,1.2585
can,2007,1.2686
can,2008,1.2639
can,2009,1.2357
can,2010,1.1957
can,2011,1.1483
can,2012,1.1092
can,2013,1.0883
can,2014,1.0719
can,2015,1.0639
can,2016,1.0538
can,2017,1.0421
can,2018,1.0303
can,2019,1.0109
can,2020,0.99367
can,2021,0.97880
can,2022,0.97066
can,2023,0.96496
can,2024,0.93747
che,1956,6.5702
che,1957,6.0789
che,1958,5.6165
che,1959,5.3314
che,1960,5.1334
che,1961,5.0574
che,1962,5.0220
che,1963,4.9293
che,1964,4.7484
che,1965,4.4460
che,1966,4.0895
che,1967,3.7629
che,1968,3.6157
che,1969,3.7046
che,1970,3.8716
che,1971,4.0273
che,1972,4.0819
che,1973,3.9944
che,1974,3.8006
che,1975,3.5378
che,1976,3.3057
che,1977,3.0988
che,1978,2.9272
che,1979,2.8021
che,1980,2.6980
che,1981,2.6478
che,1982,2.6260
che,1983,2.6275
che,1984,2.6571
che,1985,2.6699
che,1986,2.6735
che,1987,2.6604
che,1988,2.6441
che,1989,2.6394
che,1990,2.6034
che,1991,2.5409
che,1992,2.4258
che,1993,2.2592
che,1994,2.0654
che,1995,1.8520
che,1996,1.6608
che,1997,1.4946
che,1998,1.3564
che,1999,1.2527
che,2000,1.1657
che,2001,1.1014
che,2002,1.0513
che,2003,1.0116
che,2004,0.98826
che,2005,0.94942
che,2006,0.89938
che,2007,0.83285
che,2008,0.76767
che,2009,0.71861
che,2010,0.68263
che,2011,0.67618
che,2012,0.68205
che,2013,0.68700
che,2014,0.68890
che,2015,0.68197
che,2016,0.67678
che,2017,0.66958
che,2018,0.65714
che,2019,0.64582
che,2020,0.62725
che,2021,0.61281
che,2022,0.59675
che,2023,0.58163
che,2024,0.56432
chl,1969,38.242
chl,1970,38.072
chl,1971,37.587
chl,1972,36.701
chl,1973,36.091
chl,1974,35.958
chl,1975,34.133
chl,1976,30.035
chl,1977,24.498
chl,1978,19.271
chl,1979,15.399
chl,1980,12.652
chl,1981,11.660
chl,1982,11.004
chl,1983,10.375
chl,1984,9.6577
chl,1985,8.9542
chl,1986,8.7372
chl,1987,8.7120
chl,1988,8.4589
chl,1989,8.0531
chl,1990,7.4609
chl,1991,6.9214
chl,1992,6.3731
chl,1993,5.7317
chl,1994,5.1061
chl,1995,4.5030
chl,1996,4.0967
chl,1997,3.8183
chl,1998,3.5948
chl,1999,3.4710
chl,2000,3.2969
chl,2001,3.1523
chl,2002,2.9486
chl,2003,2.6982
chl,2004,2.4743
chl,2005,2.1997
chl,2006,2.0144
chl,2007,1.8989
chl,2008,1.8799
chl,2009,1.9914
chl,2010,2.0299
chl,2011,1.9553
chl,2012,1.7725
chl,2013,1.6401
chl,2014,1.6433
chl,2015,1.5748
chl,2016,1.3905
chl,2017,1.1366
chl,2018,1.0085
chl,2019,1.0781
chl,2020,1.1213
chl,2021,1.1092
chl,2022,1.0771
chl,2023,1.1796
chl,2024,1.2451
chn,1990,10.877
chn,1991,11.315
chn,1992,11.584
chn,1993,11.500
chn,1994,11.248
chn,1995,10.828
chn,1996,10.480
chn,1997,10.124
chn,1998,9.6979
chn,1999,9.1146
chn,2000,8.3349
chn,2001,7.4819
chn,2002,6.8568
chn,2003,6.1844
chn,2004,5.6162
chn,2005,5.0941
chn,2006,4.6861
chn,2007,4.3887
chn,2008,4.1349
chn,2009,3.9594
chn,2010,3.7570
chn,2011,3.5547
chn,2012,3.3386
chn,2013,3.1085
chn,2014,2.8894
chn,2015,2.6833
chn,2016,2.5029
chn,2017,2.3466
chn,2018,2.1990
chn,2019,2.0673
chn,2020,1.9224
chn,2021,1.7920
chn,2022,1.6490
chn,2023,1.4970
chn,2024,1.3415
civ,1958,118.40
civ,1959,115.96
civ,1960,113.27
civ,1961,110.19
civ,1962,107.36
civ,1963,104.21
civ,1964,101.24
civ,1965,97.965
civ,1966,94.766
civ,1967,91.585
civ,1968,88.432
civ,1969,85.468
civ,1970,82.722
civ,1971,79.821
civ,1972,76.963
civ,1973,73.971
civ,1974,71.202
civ,1975,68.128
civ,1976,64.992
civ,1977,61.958
civ,1978,59.068
civ,1979,56.489
civ,1980,54.226
civ,1981,52.426
civ,1982,50.839
civ,1983,49.550
civ,1984,48.677
civ,1985,48.091
civ,1986,47.832
civ,1987,47.947
civ,1988,48.235
civ,1989,48.868
civ,1990,49.919
civ,1991,50.447
civ,1992,50.946
civ,1993,51.149
civ,1994,51.290
civ,1995,51.201
civ,1996,51.214
civ,1997,51.118
civ,1998,50.672
civ,1999,50.031
civ,2000,49.091
civ,2001,47.792
civ,2002,46.311
civ,2003,44.640
civ,2004,43.031
civ,2005,41.245
civ,2006,39.221
civ,2007,37.608
civ,2008,35.658
civ,2009,33.678
civ,2010,32.047
civ,2011,30.612
civ,2012,29.402
civ,2013,27.900
civ,2014,26.446
civ,2015,24.954
civ,2016,23.633
civ,2017,22.558
civ,2018,21.334
civ,2019,20.053
civ,2020,18.572
civ,2021,17.326
civ,2022,16.046
civ,2023,14.987
civ,2024,13.987
cmr,1956,117.66
cmr,1957,112.72
cmr,1958,107.72
cmr,1959,103.23
cmr,1960,98.964
cmr,1961,95.192
cmr,1962,92.087
cmr,1963,89.355
cmr,1964,86.968
cmr,1965,84.298
cmr,1966,81.491
cmr,1967,78.255
cmr,1968,74.747
cmr,1969,71.086
cmr,1970,67.316
cmr,1971,63.856
cmr,1972,60.757
cmr,1973,58.523
cmr,1974,57.111
cmr,1975,56.218
cmr,1976,56.069
cmr,1977,55.949
cmr,1978,55.540
cmr,1979,54.885
cmr,1980,53.668
cmr,1981,52.176
cmr,1982,50.087
cmr,1983,47.776
cmr,1984,45.381
cmr,1985,43.072
cmr,1986,41.085
cmr,1987,39.386
cmr,1988,38.139
cmr,1989,37.488
cmr,1990,37.307
cmr,1991,37.823
cmr,1992,38.914
cmr,1993,40.149
cmr,1994,41.564
cmr,1995,42.876
cmr,1996,43.998
cmr,1997,44.789
cmr,1998,45.244
cmr,1999,45.338
cmr,2000,45.084
cmr,2001,44.397
cmr,2002,43.111
cmr,2003,41.586
cmr,2004,40.052
cmr,2005,38.359
cmr,2006,36.922
cmr,2007,35.270
cmr,2008,33.933
cmr,2009,32.405
cmr,2010,31.186
cmr,2011,29.100
cmr,2012,27.550
cmr,2013,25.779
cmr,2014,23.751
cmr,2015,22.187
cmr,2016,20.345
cmr,2017,19.072
cmr,2018,17.539
cmr,2019,16.098
cmr,2020,15.049
cmr,2021,13.819
cmr,2022,12.636
cmr,2023,11.589
cmr,2024,10.655
cod,1985,55.303
cod,1986,55.550
cod,1987,55.699
cod,1988,55.694
cod,1989,55.743
cod,1990,55.526
cod,1991,55.205
cod,1992,54.761
cod,1993,54.493
cod,1994,54.251
cod,1995,53.754
cod,1996,53.432
cod,1997,52.859
cod,1998,52.120
cod,1999,51.156
cod,2000,49.785
cod,2001,48.265
cod,2002,46.252
cod,2003,44.235
cod,2004,42.062
cod,2005,39.872
cod,2006,37.750
cod,2007,35.626
cod,2008,33.726
cod,2009,31.599
cod,2010,29.478
cod,2011,27.399
cod,2012,25.238
cod,2013,23.307
cod,2014,21.478
cod,2015,19.740
cod,2016,18.212
cod,2017,16.858
cod,2018,15.528
cod,2019,14.262
cod,2020,12.994
cod,2021,11.964
cod,2022,10.953
cod,2023,10.174
cod,2024,9.3969
cog,1983,25.720
cog,1984,25.444
cog,1985,25.010
cog,1986,24.644
cog,1987,24.447
cog,1988,24.317
cog,1989,24.516
cog,1990,25.013
cog,1991,25.949
cog,1992,27.068
cog,1993,28.467
cog,1994,30.025
cog,1995,31.805
cog,1996,33.722
cog,1997,35.575
cog,1998,37.273
cog,1999,38.433
cog,2000,38.960
cog,2001,38.598
cog,2002,37.426
cog,2003,35.467
cog,2004,32.767
cog,2005,29.695
cog,2006,26.474
cog,2007,23.452
cog,2008,20.882
cog,2009,18.596
cog,2010,16.797
cog,2011,15.207
cog,2012,13.799
cog,2013,12.508
cog,2014,11.245
cog,2015,10.222
cog,2016,9.3484
cog,2017,8.5536
cog,2018,7.8162
cog,2019,7.1774
cog,2020,7.8445
cog,2021,6.1875
cog,2022,5.7352
cog,2023,5.3097
cog,2024,4.9232
cok,1990,4.0190
cok,1991,3.9254
cok,1992,3.8667
cok,1993,3.8000
cok,1994,3.7379
cok,1995,3.6428
cok,1996,3.5277
cok,1997,3.3442
cok,1998,3.1594
cok,1999,2.9882
cok,2000,2.8071
cok,2001,2.6357
cok,2002,2.4798
cok,2003,2.3535
cok,2004,2.2197
cok,2005,2.1022
cok,2006,2.0011
cok,2007,1.9008
cok,2008,1.8004
cok,2009,1.7014
cok,2010,1.6199
cok,2011,1.5527
cok,2012,1.4996
cok,2013,1.4868
cok,2014,1.4833
cok,2015,1.4810
cok,2016,1.4886
cok,2017,1.5068
cok,2018,1.5081
cok,2019,1.5120
cok,2020,1.4853
cok,2021,1.4515
cok,2022,1.4167
cok,2023,1.3722
cok,2024,1.3214
col,1955,59.488
col,1956,58.308
col,1957,57.186
col,1958,55.942
col,1959,54.681
col,1960,53.165
col,1961,51.944
col,1962,50.698
col,1963,49.622
col,1964,48.531
col,1965,47.540
col,1966,46.575
col,1967,45.479
col,1968,44.220
col,1969,42.760
col,1970,41.208
col,1971,39.547
col,1972,37.829
col,1973,36.035
col,1974,34.243
col,1975,32.300
col,1976,30.378
col,1977,28.431
col,1978,26.445
col,1979,24.508
col,1980,22.660
col,1981,20.864
col,1982,19.202
col,1983,17.655
col,1984,16.200
col,1985,14.901
col,1986,15.619
col,1987,12.848
col,1988,12.036
col,1989,11.366
col,1990,10.821
col,1991,10.416
col,1992,10.074
col,1993,9.6749
col,1994,9.2808
col,1995,8.9022
col,1996,8.5259
col,1997,8.1999
col,1998,7.8848
col,1999,7.6099
col,2000,7.3671
col,2001,7.1580
col,2002,6.9670
col,2003,6.7650
col,2004,6.5525
col,2005,6.3357
col,2006,6.1320
col,2007,5.9280
col,2008,5.7054
col,2009,5.4897
col,2010,5.2851
col,2011,5.1022
col,2012,4.9058
col,2013,4.7037
col,2014,4.4959
col,2015,4.2938
col,2016,4.0880
col,2017,3.8828
col,2018,3.6889
col,2019,3.4986
col,2020,3.3166
col,2021,3.1188
col,2022,2.9347
col,2023,2.7505
col,2024,2.5998
com,1974,52.996
com,1975,52.587
com,1976,51.274
com,1977,49.796
com,1978,48.137
com,1979,46.648
com,1980,45.161
com,1981,43.530
com,1982,42.772
com,1983,42.107
com,1984,41.446
com,1985,41.112
com,1986,40.557
com,1987,40.506
com,1988,40.462
com,1989,39.984
com,1990,39.385
com,1991,38.434
com,1992,37.716
com,1993,36.660
com,1994,35.245
com,1995,33.636
com,1996,31.912
com,1997,30.266
com,1998,28.550
com,1999,26.883
com,2000,25.389
com,2001,23.887
com,2002,22.373
com,2003,20.952
com,2004,19.666
com,2005,18.533
com,2006,17.341
com,2007,16.321
com,2008,15.343
com,2009,14.551
com,2010,13.907
com,2011,13.377
com,2012,13.013
com,2013,12.751
com,2014,12.544
com,2015,12.394
com,2016,12.160
com,2017,11.924
com,2018,11.598
com,2019,11.279
com,2020,10.801
com,2021,10.264
com,2022,9.6246
com,2023,8.9792
com,2024,8.2762
cpv,1976,36.478
cpv,1977,35.180
cpv,1978,34.007
cpv,1979,33.106
cpv,1980,32.651
cpv,1981,32.287
cpv,1982,31.990
cpv,1983,31.735
cpv,1984,31.388
cpv,1985,30.903
cpv,1986,29.910
cpv,1987,28.260
cpv,1988,26.249
cpv,1989,24.162
cpv,1990,22.485
cpv,1991,21.345
cpv,1992,20.780
cpv,1993,20.761
cpv,1994,20.912
cpv,1995,21.070
cpv,1996,20.663
cpv,1997,19.285
cpv,1998,16.885
cpv,1999,13.955
cpv,2000,11.284
cpv,2001,9.2005
cpv,2002,7.9605
cpv,2003,7.0821
cpv,2004,6.3787
cpv,2005,5.9605
cpv,2006,5.7208
cpv,2007,5.6309
cpv,2008,5.7312
cpv,2009,5.8789
cpv,2010,6.1221
cpv,2011,6.2857
cpv,2012,6.1542
cpv,2013,5.8073
cpv,2014,5.3308
cpv,2015,4.9001
cpv,2016,4.5031
cpv,2017,4.0942
cpv,2018,3.7207
cpv,2019,3.3552
cpv,2020,3.0497
cpv,2021,2.7880
cpv,2022,2.5328
cpv,2023,2.2804
cpv,2024,2.0111
cri,1954,51.399
cri,1955,51.175
cri,1956,50.136
cri,1957,48.250
cri,1958,45.758
cri,1959,42.803
cri,1960,39.881
cri,1961,37.489
cri,1962,36.151
cri,1963,36.029
cri,1964,36.134
cri,1965,36.059
cri,1966,35.344
cri,1967,34.353
cri,1968,33.386
cri,1969,32.433
cri,1970,31.705
cri,1971,30.931
cri,1972,29.868
cri,1973,28.241
cri,1974,25.806
cri,1975,22.797
cri,1976,19.390
cri,1977,15.705
cri,1978,12.771
cri,1979,10.641
cri,1980,9.2392
cri,1981,8.3723
cri,1982,7.8308
cri,1983,7.6170
cri,1984,7.5456
cri,1985,7.5700
cri,1986,7.5025
cri,1987,7.1769
cri,1988,6.6285
cri,1989,6.0023
cri,1990,5.5193
cri,1991,5.1113
cri,1992,4.6998
cri,1993,4.2907
cri,1994,3.9443
cri,1995,3.8115
cri,1996,3.8326
cri,1997,3.8936
cri,1998,3.9257
cri,1999,3.8412
cri,2000,3.6276
cri,2001,3.3205
cri,2002,3.0376
cri,2003,2.8427
cri,2004,2.6782
cri,2005,2.5469
cri,2006,2.4411
cri,2007,2.3880
cri,2008,2.4016
cri,2009,2.3966
cri,2010,2.3451
cri,2011,2.2248
cri,2012,2.0510
cri,2013,1.8625
cri,2014,1.6738
cri,2015,1.5281
cri,2016,1.4332
cri,2017,1.3851
cri,2018,1.3963
cri,2019,1.4344
cri,2020,1.4974
cri,2021,1.5752
cri,2022,1.6334
cri,2023,1.6530
cri,2024,1.5920
cub,1969,10.259
cub,1970,10.136
cub,1971,9.8890
cub,1972,9.0511
cub,1973,7.7657
cub,1974,6.6620
cub,1975,6.3887
cub,1976,6.4349
cub,1977,6.0122
cub,1978,4.8933
cub,1979,3.7568
cub,1980,3.1718
cub,1981,3.1386
cub,1982,3.4881
cub,1983,4.0367
cub,1984,4.4752
cub,1985,4.5754
cub,1986,4.3820
cub,1987,4.1110
cub,1988,3.9046
cub,1989,3.7558
cub,1990,3.6610
cub,1991,3.5514
cub,1992,3.3144
cub,1993,2.9620
cub,1994,2.6578
cub,1995,2.5470
cub,1996,2.5885
cub,1997,2.6740
cub,1998,2.7371
cub,1999,2.7073
cub,2000,2.5656
cub,2001,2.3601
cub,2002,2.1996
cub,2003,2.1125
cub,2004,2.0749
cub,2005,2.0603
cub,2006,2.0372
cub,2007,1.9924
cub,2008,1.9265
cub,2009,1.8522
cub,2010,1.8057
cub,2011,1.7877
cub,2012,1.7919
cub,2013,1.8238
cub,2014,1.8665
cub,2015,1.9143
cub,2016,1.9591
cub,2017,1.9995
cub,2018,2.0377
cub,2019,2.0507
cub,2020,2.0176
cub,2021,1.9659
cub,2022,1.9267
cub,2023,1.9316
cub,2024,1.9379
cyp,1990,2.8481
cyp,1991,2.8346
cyp,1992,2.7939
cyp,1993,2.7056
cyp,1994,2.6074
cyp,1995,2.4585
cyp,1996,2.3137
cyp,1997,2.1746
cyp,1998,2.0337
cyp,1999,1.9056
cyp,2000,1.7764
cyp,2001,1.6401
cyp,2002,1.5220
cyp,2003,1.4046
cyp,2004,1.2953
cyp,2005,1.1834
cyp,2006,1.0705
cyp,2007,0.97229
cyp,2008,0.87201
cyp,2009,0.78122
cyp,2010,0.68687
cyp,2011,0.59815
cyp,2012,0.53400
cyp,2013,0.48260
cyp,2014,0.45266
cyp,2015,0.43198
cyp,2016,0.42642
cyp,2017,0.43948
cyp,2018,0.45381
cyp,2019,0.48556
cyp,2020,0.52280
cyp,2021,0.55944
cyp,2022,0.59530
cyp,2023,0.59110
cyp,2024,0.56966
cze,1983,2.3904
cze,1984,2.6161
cze,1985,2.8521
cze,1986,3.1329
cze,1987,3.3226
cze,1988,3.3216
cze,1989,3.1489
cze,1990,2.9336
cze,1991,2.8801
cze,1992,2.9094
cze,1993,2.8941
cze,1994,2.7856
cze,1995,2.5987
cze,1996,2.4032
cze,1997,2.2041
cze,1998,2.0160
cze,1999,1.8589
cze,2000,1.7279
cze,2001,1.6400
cze,2002,1.5650
cze,2003,1.4908
cze,2004,1.4142
cze,2005,1.3195
cze,2006,1.2294
cze,2007,1.1442
cze,2008,1.0791
cze,2009,1.0452
cze,2010,1.0075
cze,2011,0.96841
cze,2012,0.92352
cze,2013,0.89203
cze,2014,0.88111
cze,2015,0.87549
cze,2016,0.87620
cze,2017,0.87084
cze,2018,0.85259
cze,2019,0.82773
cze,2020,0.79229
cze,2021,0.76959
cze,2022,0.74847
cze,2023,0.71905
cze,2024,0.67437
deu,1970,8.0455
deu,1971,7.7299
deu,1972,7.2405
deu,1973,6.9407
deu,1974,6.9768
deu,1975,7.1010
deu,1976,7.1104
deu,1977,7.0372
deu,1978,7.0257
deu,1979,7.1039
deu,1980,7.0923
deu,1981,6.9306
deu,1982,6.6372
deu,1983,6.2800
deu,1984,5.9359
deu,1985,5.6275
deu,1986,5.3942
deu,1987,5.1671
deu,1988,4.8746
deu,1989,4.4908
deu,1990,4.0178
deu,1991,3.5031
deu,1992,3.0118
deu,1993,2.6362
deu,1994,2.4052
deu,1995,2.2416
deu,1996,2.0931
deu,1997,1.9478
deu,1998,1.8190
deu,1999,1.7170
deu,2000,1.6222
deu,2001,1.5371
deu,2002,1.4560
deu,2003,1.3889
deu,2004,1.3427
deu,2005,1.2898
deu,2006,1.2275
deu,2007,1.1673
deu,2008,1.1298
deu,2009,1.1304
deu,2010,1.1281
deu,2011,1.1097
deu,2012,1.0708
deu,2013,1.0263
deu,2014,0.99275
deu,2015,0.96330
deu,2016,0.94624
deu,2017,0.92790
deu,2018,0.89945
deu,2019,0.86416
deu,2020,0.82223
deu,2021,0.79169
deu,2022,0.76946
deu,2023,0.75293
deu,2024,0.73554
dji,1980,37.976
dji,1981,38.328
dji,1982,38.294
dji,1983,37.815
dji,1984,37.229
dji,1985,36.689
dji,1986,35.958
dji,1987,35.434
dji,1988,34.961
dji,1989,34.342
dji,1990,33.774
dji,1991,33.241
dji,1992,32.849
dji,1993,32.796
dji,1994,32.880
dji,1995,33.157
dji,1996,33.174
dji,1997,33.204
dji,1998,33.166
dji,1999,33.012
dji,2000,32.434
dji,2001,31.767
dji,2002,30.815
dji,2003,29.962
dji,2004,28.784
dji,2005,27.833
dji,2006,26.665
dji,2007,25.551
dji,2008,24.556
dji,2009,23.340
dji,2010,22.087
dji,2011,20.757
dji,2012,19.279
dji,2013,17.841
dji,2014,16.603
dji,2015,15.352
dji,2016,14.200
dji,2017,13.218
dji,2018,12.196
dji,2019,11.256
dji,2020,10.418
dji,2021,9.6283
dji,2022,8.9121
dji,2023,8.1856
dji,2024,7.5206
dma,1970,18.431
dma,1971,16.790
dma,1972,14.993
dma,1973,13.263
dma,1974,11.550
dma,1975,9.7834
dma,1976,8.1828
dma,1977,6.9725
dma,1978,5.9464
dma,1979,5.0899
dma,1980,4.3920
dma,1981,3.8757
dma,1982,3.5024
dma,1983,3.2148
dma,1984,3.0063
dma,1985,2.8812
dma,1986,2.8819
dma,1987,2.8986
dma,1988,2.9832
dma,1989,3.0948
dma,1990,3.2286
dma,1991,3.3784
dma,1992,3.4981
dma,1993,3.6357
dma,1994,3.7228
dma,1995,3.7134
dma,1996,3.6842
dma,1997,3.5773
dma,1998,3.4792
dma,1999,3.3876
dma,2000,3.3071
dma,2001,3.2488
dma,2002,3.1716
dma,2003,3.0774
dma,2004,2.9809
dma,2005,2.9127
dma,2006,2.8497
dma,2007,2.7587
dma,2008,2.6370
dma,2009,2.4680
dma,2010,2.2573
dma,2011,2.0071
dma,2012,1.7360
dma,2013,1.4659
dma,2014,1.2142
dma,2015,0.97826
dma,2016,0.78356
dma,2017,0.66265
dma,2018,0.66090
dma,2019,0.73091
dma,2020,0.84356
dma,2021,0.96957
dma,2022,1.0395
dma,2023,1.0564
dma,2024,1.0456
dnk,1961,4.4851
dnk,1962,4.4999
dnk,1963,4.3060
dnk,1964,4.1727
dnk,1965,3.9803
dnk,1966,3.6419
dnk,1967,3.1983
dnk,1968,2.7914
dnk,1969,2.6619
dnk,1970,2.6815
dnk,1971,2.6873
dnk,1972,2.6234
dnk,1973,2.4470
dnk,1974,2.3082
dnk,1975,2.2348
dnk,1976,2.2767
dnk,1977,2.4479
dnk,1978,2.5846
dnk,1979,2.6527
dnk,1980,2.6396
dnk,1981,2.6304
dnk,1982,2.6942
dnk,1983,2.7460
dnk,1984,2.7855
dnk,1985,2.7970
dnk,1986,2.8262
dnk,1987,2.9061
dnk,1988,2.9547
dnk,1989,2.9663
dnk,1990,2.8902
dnk,1991,2.7272
dnk,1992,2.5009
dnk,1993,2.1927
dnk,1994,1.8904
dnk,1995,1.5925
dnk,1996,1.3303
dnk,1997,1.1232
dnk,1998,0.95748
dnk,1999,0.89107
dnk,2000,0.91388
dnk,2001,0.99952
dnk,2002,1.1073
dnk,2003,1.1272
dnk,2004,1.0611
dnk,2005,0.93008
dnk,2006,0.81282
dnk,2007,0.76701
dnk,2008,0.74372
dnk,2009,0.71769
dnk,2010,0.65774
dnk,2011,0.55295
dnk,2012,0.40214
dnk,2013,0.25207
dnk,2014,0.20125
dnk,2015,0.23084
dnk,2016,0.30674
dnk,2017,0.40957
dnk,2018,0.49158
dnk,2019,0.56109
dnk,2020,0.63765
dnk,2021,0.75978
dnk,2022,0.88987
dnk,2023,0.95233
dnk,2024,0.94321
dom,1964,54.945
dom,1965,54.236
dom,1966,53.263
dom,1967,52.109
dom,1968,50.764
dom,1969,49.331
dom,1970,47.703
dom,1971,46.008
dom,1972,44.094
dom,1973,42.142
dom,1974,40.208
dom,1975,38.065
dom,1976,36.011
dom,1977,34.302
dom,1978,32.871
dom,1979,31.812
dom,1980,30.827
dom,1981,30.043
dom,1982,29.377
dom,1983,28.744
dom,1984,28.173
dom,1985,27.445
dom,1986,26.544
dom,1987,25.640
dom,1988,24.632
dom,1989,23.757
dom,1990,22.822
dom,1991,21.782
dom,1992,20.598
dom,1993,19.339
dom,1994,18.066
dom,1995,16.662
dom,1996,15.160
dom,1997,13.696
dom,1998,12.262
dom,1999,11.103
dom,2000,10.094
dom,2001,9.2918
dom,2002,8.6666
dom,2003,8.1030
dom,2004,7.6857
dom,2005,7.2855
dom,2006,6.9283
dom,2007,6.5466
dom,2008,6.1486
dom,2009,5.8723
dom,2010,5.6821
dom,2011,5.5312
dom,2012,5.4391
dom,2013,5.3268
dom,2014,5.2640
dom,2015,5.2330
dom,2016,5.1728
dom,2017,5.0855
dom,2018,5.0053
dom,2019,4.8354
dom,2020,4.6015
dom,2021,4.3763
dom,2022,4.1591
dom,2023,3.9368
dom,2024,3.6899
dza,1970,80.794
dza,1971,80.811
dza,1972,80.635
dza,1973,79.646
dza,1974,78.535
dza,1975,76.897
dza,1976,75.097
dza,1977,72.667
dza,1978,70.048
dza,1979,67.269
dza,1980,63.223
dza,1981,57.899
dza,1982,50.985
dza,1983,43.043
dza,1984,35.096
dza,1985,27.970
dza,1986,22.415
dza,1987,18.499
dza,1988,15.960
dza,1989,14.668
dza,1990,13.987
dza,1991,13.675
dza,1992,13.537
dza,1993,13.474
dza,1994,13.471
dza,1995,13.342
dza,1996,13.085
dza,1997,12.614
dza,1998,12.106
dza,1999,11.563
dza,2000,10.953
dza,2001,10.295
dza,2002,9.6256
dza,2003,8.9190
dza,2004,8.3092
dza,2005,7.8219
dza,2006,7.4216
dza,2007,7.0132
dza,2008,6.7410
dza,2009,6.5812
dza,2010,6.3406
dza,2011,5.9478
dza,2012,5.6158
dza,2013,5.5583
dza,2014,5.8318
dza,2015,6.1275
dza,2016,6.2143
dza,2017,6.0037
dza,2018,5.5487
dza,2019,4.9588
dza,2020,4.4005
dza,2021,4.0566
dza,2022,3.9017
dza,2023,3.8662
dza,2024,3.8803
ecu,1957,60.956
ecu,1958,60.894
ecu,1959,60.684
ecu,1960,59.807
ecu,1961,58.674
ecu,1962,57.185
ecu,1963,55.744
ecu,1964,53.980
ecu,1965,52.484
ecu,1966,51.673
ecu,1967,51.164
ecu,1968,50.914
ecu,1969,50.752
ecu,1970,50.362
ecu,1971,49.834
ecu,1972,48.998
ecu,1973,47.683
ecu,1974,45.921
ecu,1975,43.906
ecu,1976,41.666
ecu,1977,39.312
ecu,1978,37.292
ecu,1979,35.486
ecu,1980,33.777
ecu,1981,32.085
ecu,1982,30.284
ecu,1983,28.578
ecu,1984,27.010
ecu,1985,25.370
ecu,1986,23.925
ecu,1987,22.522
ecu,1988,21.289
ecu,1989,20.106
ecu,1990,18.834
ecu,1991,17.605
ecu,1992,16.306
ecu,1993,15.082
ecu,1994,13.892
ecu,1995,12.687
ecu,1996,11.546
ecu,1997,10.474
ecu,1998,9.7215
ecu,1999,9.2206
ecu,2000,8.7631
ecu,2001,8.3430
ecu,2002,7.9437
ecu,2003,7.6165
ecu,2004,7.3696
ecu,2005,7.1400
ecu,2006,6.9260
ecu,2007,6.7388
ecu,2008,6.5761
ecu,2009,6.3988
ecu,2010,6.1745
ecu,2011,5.9539
ecu,2012,5.7173
ecu,2013,5.4992
ecu,2014,5.3126
ecu,2015,5.1531
ecu,2016,5.0518
ecu,2017,4.9432
ecu,2018,4.7968
ecu,2019,4.5820
ecu,2020,4.3115
ecu,2021,4.0085
ecu,2022,3.6902
ecu,2023,3.4204
ecu,2024,3.2313
egy,1958,102.96
egy,1959,101.48
egy,1960,99.617
egy,1961,97.659
egy,1962,95.457
egy,1963,93.220
egy,1964,90.900
egy,1965,88.738
egy,1966,86.920
egy,1967,85.702
egy,1968,84.873
egy,1969,84.607
egy,1970,84.908
egy,1971,85.188
egy,1972,85.498
egy,1973,85.527
egy,1974,84.844
egy,1975,83.543
egy,1976,81.496
egy,1977,78.719
egy,1978,75.446
egy,1979,72.008
egy,1980,68.650
egy,1981,65.172
egy,1982,61.555
egy,1983,57.700
egy,1984,53.594
egy,1985,49.459
egy,1986,45.317
egy,1987,41.598
egy,1988,38.499
egy,1989,36.073
egy,1990,34.251
egy,1991,32.728
egy,1992,31.283
egy,1993,29.781
egy,1994,28.132
egy,1995,26.329
egy,1996,24.457
egy,1997,22.579
egy,1998,20.724
egy,1999,18.973
egy,2000,17.376
egy,2001,15.927
egy,2002,14.674
egy,2003,13.549
egy,2004,12.541
egy,2005,11.716
egy,2006,11.096
egy,2007,10.633
egy,2008,10.232
egy,2009,9.8297
egy,2010,9.4792
egy,2011,9.0968
egy,2012,8.6787
egy,2013,8.2424
egy,2014,7.8151
egy,2015,7.3566
egy,2016,6.9307
egy,2017,6.5385
egy,2018,6.1321
egy,2019,5.7414
egy,2020,5.3883
egy,2021,5.0200
egy,2022,4.7105
egy,2023,4.4142
egy,2024,4.1387
eri,1978,41.926
eri,1979,42.509
eri,1980,43.362
eri,1981,43.965
eri,1982,44.722
eri,1983,45.195
eri,1984,94.393
eri,1985,93.299
eri,1986,89.521
eri,1987,88.082
eri,1988,44.625
eri,1989,43.814
eri,1990,42.784
eri,1991,41.426
eri,1992,39.571
eri,1993,37.485
eri,1994,35.138
eri,1995,32.717
eri,1996,30.190
eri,1997,27.941
eri,1998,25.977
eri,1999,24.270
eri,2000,29.411
eri,2001,21.304
eri,2002,20.135
eri,2003,19.060
eri,2004,18.044
eri,2005,17.227
eri,2006,16.464
eri,2007,15.708
eri,2008,15.004
eri,2009,14.278
eri,2010,13.492
eri,2011,12.617
eri,2012,11.706
eri,2013,10.846
eri,2014,9.9899
eri,2015,9.1981
eri,2016,8.4132
eri,2017,7.7239
eri,2018,7.0706
eri,2019,6.4923
eri,2020,5.9744
eri,2021,5.5108
eri,2022,5.0956
eri,2023,4.7279
eri,2024,4.4550
esp,1961,26.384
esp,1962,24.057
esp,1963,21.551
esp,1964,19.322
esp,1965,17.811
esp,1966,16.678
esp,1967,15.400
esp,1968,13.815
esp,1969,12.288
esp,1970,11.188
esp,1971,10.242
esp,1972,9.3538
esp,1973,8.4649
esp,1974,7.5344
esp,1975,6.5977
esp,1976,5.7584
esp,1977,5.1846
esp,1978,4.8558
esp,1979,4.4816
esp,1980,3.8955
esp,1981,3.2445
esp,1982,2.7949
esp,1983,2.6336
esp,1984,2.6162
esp,1985,2.6500
esp,1986,2.6697
esp,1987,2.6653
esp,1988,2.6406
esp,1989,2.5699
esp,1990,2.4815
esp,1991,2.3798
esp,1992,2.2972
esp,1993,2.2369
esp,1994,2.1346
esp,1995,1.9720
esp,1996,1.7875
esp,1997,1.6568
esp,1998,1.6126
esp,1999,1.5783
esp,2000,1.5268
esp,2001,1.4572
esp,2002,1.4013
esp,2003,1.3853
esp,2004,1.3716
esp,2005,1.3565
esp,2006,1.3265
esp,2007,1.2894
esp,2008,1.2501
esp,2009,1.1819
esp,2010,1.0893
esp,2011,0.98179
esp,2012,0.88282
esp,2013,0.81655
esp,2014,0.77210
esp,2015,0.75609
esp,2016,0.75318
esp,2017,0.75084
esp,2018,0.75133
esp,2019,0.74541
esp,2020,0.74612
esp,2021,0.75324
esp,2022,0.77150
esp,2023,0.79239
esp,2024,0.78198
est,1989,3.2958
est,1990,3.5350
est,1991,3.6415
est,1992,3.6570
est,1993,3.5835
est,1994,3.4361
est,1995,3.4220
est,1996,3.5075
est,1997,3.5547
est,1998,3.5304
est,1999,3.4317
est,2000,3.2686
est,2001,3.0648
est,2002,2.8367
est,2003,2.6230
est,2004,2.4132
est,2005,2.2176
est,2006,2.0264
est,2007,1.8480
est,2008,1.6863
est,2009,1.5338
est,2010,1.4096
est,2011,1.2965
est,2012,1.1885
est,2013,1.0971
est,2014,1.0113
est,2015,0.94207
est,2016,0.88126
est,2017,0.82222
est,2018,0.76722
est,2019,0.71350
est,2020,0.66331
est,2021,0.61134
est,2022,0.55870
est,2023,0.50938
est,2024,0.46081
eth,1978,75.426
eth,1979,76.144
eth,1980,76.276
eth,1981,75.959
eth,1982,75.266
eth,1983,74.391
eth,1984,123.43
eth,1985,121.49
eth,1986,116.30
eth,1987,114.00
eth,1988,68.923
eth,1989,67.624
eth,1990,66.303
eth,1991,64.716
eth,1992,63.015
eth,1993,61.109
eth,1994,58.916
eth,1995,56.581
eth,1996,54.171
eth,1997,51.753
eth,1998,49.367
eth,1999,46.940
eth,2000,44.570
eth,2001,42.146
eth,2002,39.632
eth,2003,37.112
eth,2004,34.395
eth,2005,31.720
eth,2006,28.938
eth,2007,26.318
eth,2008,24.004
eth,2009,21.920
eth,2010,20.230
eth,2011,18.694
eth,2012,17.333
eth,2013,16.078
eth,2014,14.788
eth,2015,13.434
eth,2016,12.022
eth,2017,10.612
eth,2018,9.4742
eth,2019,8.3837
eth,2020,7.5064
eth,2021,6.7971
eth,2022,6.1708
eth,2023,5.5750
eth,2024,5.0517
fin,1961,5.7579
fin,1962,5.0650
fin,1963,4.3786
fin,1964,3.8825
fin,1965,3.5111
fin,1966,3.2707
fin,1967,3.0883
fin,1968,2.9413
fin,1969,2.8267
fin,1970,2.6894
fin,1971,2.5438
fin,1972,2.3944
fin,1973,2.2991
fin,1974,2.2861
fin,1975,2.2740
fin,1976,2.2436
fin,1977,2.1762
fin,1978,2.0848
fin,1979,2.0011
fin,1980,1.9195
fin,1981,1.8789
fin,1982,1.8510
fin,1983,1.8156
fin,1984,1.7729
fin,1985,1.7323
fin,1986,1.7149
fin,1987,1.7131
fin,1988,1.7128
fin,1989,1.7115
fin,1990,1.6677
fin,1991,1.5865
fin,1992,1.4725
fin,1993,1.3542
fin,1994,1.2570
fin,1995,1.1696
fin,1996,1.0951
fin,1997,1.0326
fin,1998,0.98140
fin,1999,0.95085
fin,2000,0.93154
fin,2001,0.92487
fin,2002,0.92511
fin,2003,0.92538
fin,2004,0.92390
fin,2005,0.90844
fin,2006,0.87870
fin,2007,0.83520
fin,2008,0.78826
fin,2009,0.75081
fin,2010,0.71787
fin,2011,0.69745
fin,2012,0.67624
fin,2013,0.64629
fin,2014,0.61056
fin,2015,0.56810
fin,2016,0.52835
fin,2017,0.49032
fin,2018,0.46025
fin,2019,0.44296
fin,2020,0.43192
fin,2021,0.42773
fin,2022,0.42226
fin,2023,0.41617
fin,2024,0.40426
fji,1990,5.7996
fji,1991,5.6889
fji,1992,5.6322
fji,1993,5.5575
fji,1994,5.4975
fji,1995,5.5042
fji,1996,5.5023
fji,1997,5.5423
fji,1998,5.5966
fji,1999,5.6480
fji,2000,5.7176
fji,2001,5.6730
fji,2002,5.4993
fji,2003,5.2051
fji,2004,4.8330
fji,2005,4.5715
fji,2006,4.5108
fji,2007,4.8871
fji,2008,5.5457
fji,2009,6.2051
fji,2010,6.6999
fji,2011,6.9423
fji,2012,7.0249
fji,2013,6.9557
fji,2014,6.8818
fji,2015,6.8692
fji,2016,6.8307
fji,2017,6.8152
fji,2018,6.7883
fji,2019,6.7735
fji,2020,6.8313
fji,2021,6.7487
fji,2022,6.6610
fji,2023,6.5504
fji,2024,6.3832
fra,1961,4.7545
fra,1962,4.9422
fra,1963,4.6657
fra,1964,3.9580
fra,1965,3.1518
fra,1966,2.5683
fra,1967,2.4535
fra,1968,3.0702
fra,1969,4.4091
fra,1970,5.5957
fra,1971,5.7930
fra,1972,5.2531
fra,1973,4.7264
fra,1974,4.5433
fra,1975,4.4206
fra,1976,4.1290
fra,1977,3.7924
fra,1978,3.6978
fra,1979,3.9241
fra,1980,4.1891
fra,1981,4.2870
fra,1982,4.2075
fra,1983,4.0726
fra,1984,3.9680
fra,1985,3.8826
fra,1986,3.8443
fra,1987,3.8297
fra,1988,3.8153
fra,1989,3.8022
fra,1990,3.7642
fra,1991,3.7104
fra,1992,3.5830
fra,1993,3.3314
fra,1994,2.9647
fra,1995,2.5305
fra,1996,2.1099
fra,1997,1.7558
fra,1998,1.5282
fra,1999,1.4314
fra,2000,1.3635
fra,2001,1.2608
fra,2002,1.1216
fra,2003,0.99378
fra,2004,0.91334
fra,2005,0.85902
fra,2006,0.83458
fra,2007,0.81576
fra,2008,0.79157
fra,2009,0.76442
fra,2010,0.73190
fra,2011,0.71793
fra,2012,0.71220
fra,2013,0.70829
fra,2014,0.70595
fra,2015,0.69630
fra,2016,0.69000
fra,2017,0.68195
fra,2018,0.67584
fra,2019,0.68384
fra,2020,0.68680
fra,2021,0.69626
fra,2022,0.69068
fra,2023,0.66076
fra,2024,0.58976
fsm,1990,11.718
fsm,1991,11.078
fsm,1992,10.447
fsm,1993,9.8878
fsm,1994,9.3666
fsm,1995,8.8962
fsm,1996,8.4799
fsm,1997,8.0774
fsm,1998,7.6248
fsm,1999,7.1431
fsm,2000,6.7075
fsm,2001,6.3466
fsm,2002,6.1275
fsm,2003,7.4179
fsm,2004,5.6686
fsm,2005,5.5739
fsm,2006,5.5112
fsm,2007,5.3819
fsm,2008,5.2773
fsm,2009,5.1033
fsm,2010,4.9436
fsm,2011,4.7551
fsm,2012,4.5035
fsm,2013,4.3110
fsm,2014,4.1614
fsm,2015,3.9638
fsm,2016,3.7612
fsm,2017,3.6086
fsm,2018,3.4314
fsm,2019,3.2640
fsm,2020,3.0573
fsm,2021,2.9124
fsm,2022,2.7662
fsm,2023,2.6265
fsm,2024,2.4905
gab,1978,37.643
gab,1979,36.728
gab,1980,35.603
gab,1981,34.458
gab,1982,33.606
gab,1983,32.535
gab,1984,31.533
gab,1985,30.442
gab,1986,29.507
gab,1987,28.689
gab,1988,27.947
gab,1989,27.258
gab,1990,26.682
gab,1991,26.351
gab,1992,26.154
gab,1993,26.222
gab,1994,26.354
gab,1995,26.438
gab,1996,26.279
gab,1997,25.961
gab,1998,25.197
gab,1999,24.023
gab,2000,22.568
gab,2001,20.917
gab,2002,19.352
gab,2003,17.668
gab,2004,16.149
gab,2005,14.918
gab,2006,14.080
gab,2007,13.817
gab,2008,13.278
gab,2009,13.097
gab,2010,13.269
gab,2011,12.775
gab,2012,12.151
gab,2013,11.427
gab,2014,10.781
gab,2015,10.543
gab,2016,9.9605
gab,2017,9.1776
gab,2018,8.9215
gab,2019,8.3214
gab,2020,7.7290
gab,2021,6.9921
gab,2022,7.0546
gab,2023,6.5999
gab,2024,6.3165
gbr,1961,6.4592
gbr,1962,6.6897
gbr,1963,6.7991
gbr,1964,6.7227
gbr,1965,6.5123
gbr,1966,6.2880
gbr,1967,6.1404
gbr,1968,6.0255
gbr,1969,5.9484
gbr,1970,5.8622
gbr,1971,5.7407
gbr,1972,5.5759
gbr,1973,5.3305
gbr,1974,5.0222
gbr,1975,4.7097
gbr,1976,4.4888
gbr,1977,4.4159
gbr,1978,4.4093
gbr,1979,4.4367
gbr,1980,4.4487
gbr,1981,4.4292
gbr,1982,4.3711
gbr,1983,4.2747
gbr,1984,4.1689
gbr,1985,4.0742
gbr,1986,4.0235
gbr,1987,4.0190
gbr,1988,3.9788
gbr,1989,3.8605
gbr,1990,3.6248
gbr,1991,3.2674
gbr,1992,2.8298
gbr,1993,2.4185
gbr,1994,2.1265
gbr,1995,1.9493
gbr,1996,1.8709
gbr,1997,1.8626
gbr,1998,1.8506
gbr,1999,1.7905
gbr,2000,1.7018
gbr,2001,1.6518
gbr,2002,1.6730
gbr,2003,1.6957
gbr,2004,1.6792
gbr,2005,1.6235
gbr,2006,1.5714
gbr,2007,1.5462
gbr,2008,1.5159
gbr,2009,1.4744
gbr,2010,1.4179
gbr,2011,1.3594
gbr,2012,1.3152
gbr,2013,1.2749
gbr,2014,1.2486
gbr,2015,1.2182
gbr,2016,1.1709
gbr,2017,1.1102
gbr,2018,1.0498
gbr,2019,1.0227
gbr,2020,1.0301
gbr,2021,1.0669
gbr,2022,1.1147
gbr,2023,1.1287
gbr,2024,1.1006
geo,1978,17.161
geo,1979,16.984
geo,1980,16.533
geo,1981,16.056
geo,1982,15.481
geo,1983,14.805
geo,1984,14.138
geo,1985,13.573
geo,1986,13.096
geo,1987,12.732
geo,1988,12.339
geo,1989,12.031
geo,1990,11.648
geo,1991,11.333
geo,1992,11.007
geo,1993,10.598
geo,1994,10.225
geo,1995,9.8146
geo,1996,9.2654
geo,1997,8.6819
geo,1998,7.8812
geo,1999,7.0042
geo,2000,5.9702
geo,2001,5.0221
geo,2002,4.3764
geo,2003,3.7658
geo,2004,3.2718
geo,2005,2.7922
geo,2006,2.3813
geo,2007,2.0688
geo,2008,1.7919
geo,2009,1.5695
geo,2010,1.3965
geo,2011,1.2273
geo,2012,1.1286
geo,2013,1.1250
geo,2014,1.2609
geo,2015,1.4988
geo,2016,1.7979
geo,2017,2.1004
geo,2018,2.3277
geo,2019,2.4617
geo,2020,2.4869
geo,2021,2.4364
geo,2022,2.3251
geo,2023,2.1652
geo,2024,2.0172
gha,1966,48.982
gha,1967,50.013
gha,1968,51.266
gha,1969,52.080
gha,1970,52.105
gha,1971,51.567
gha,1972,50.264
gha,1973,48.939
gha,1974,47.292
gha,1975,45.333
gha,1976,43.017
gha,1977,40.211
gha,1978,37.712
gha,1979,35.609
gha,1980,34.164
gha,1981,33.654
gha,1982,33.697
gha,1983,33.950
gha,1984,34.134
gha,1985,33.984
gha,1986,33.284
gha,1987,32.173
gha,1988,30.755
gha,1989,29.121
gha,1990,27.486
gha,1991,26.388
gha,1992,25.535
gha,1993,25.094
gha,1994,24.938
gha,1995,24.914
gha,1996,25.039
gha,1997,24.956
gha,1998,24.542
gha,1999,24.007
gha,2000,23.306
gha,2001,22.307
gha,2002,21.188
gha,2003,20.112
gha,2004,19.080
gha,2005,18.172
gha,2006,17.419
gha,2007,16.673
gha,2008,15.913
gha,2009,15.159
gha,2010,14.195
gha,2011,13.292
gha,2012,12.341
gha,2013,11.511
gha,2014,10.725
gha,2015,9.8700
gha,2016,9.0380
gha,2017,8.1980
gha,2018,7.2763
gha,2019,6.1687
gha,2020,4.9072
gha,2021,3.4831
gha,2022,2.1066
gha,2023,0.84394
gha,2024,0.0000
gin,1977,94.341
gin,1978,92.116
gin,1979,89.292
gin,1980,86.061
gin,1981,82.833
gin,1982,79.506
gin,1983,76.660
gin,1984,74.313
gin,1985,73.019
gin,1986,72.618
gin,1987,72.398
gin,1988,72.093
gin,1989,71.214
gin,1990,70.209
gin,1991,68.866
gin,1992,67.004
gin,1993,64.434
gin,1994,61.360
gin,1995,58.353
gin,1996,55.617
gin,1997,53.210
gin,1998,51.655
gin,1999,50.453
gin,2000,49.180
gin,2001,47.771
gin,2002,46.015
gin,2003,44.171
gin,2004,42.186
gin,2005,40.364
gin,2006,38.935
gin,2007,37.724
gin,2008,36.826
gin,2009,36.155
gin,2010,35.545
gin,2011,35.076
gin,2012,34.430
gin,2013,34.080
gin,2014,33.719
gin,2015,33.891
gin,2016,33.369
gin,2017,31.952
gin,2018,30.957
gin,2019,29.721
gin,2020,28.214
gin,2021,26.717
gin,2022,25.152
gin,2023,23.617
gin,2024,21.969
gmb,1990,44.085
gmb,1991,43.059
gmb,1992,42.033
gmb,1993,40.673
gmb,1994,39.408
gmb,1995,38.059
gmb,1996,36.637
gmb,1997,35.193
gmb,1998,33.584
gmb,1999,32.171
gmb,2000,30.777
gmb,2001,29.344
gmb,2002,27.888
gmb,2003,26.149
gmb,2004,24.455
gmb,2005,22.859
gmb,2006,21.366
gmb,2007,20.073
gmb,2008,18.756
gmb,2009,17.646
gmb,2010,16.637
gmb,2011,15.629
gmb,2012,14.807
gmb,2013,13.903
gmb,2014,13.133
gmb,2015,12.414
gmb,2016,11.746
gmb,2017,11.084
gmb,2018,10.344
gmb,2019,9.4950
gmb,2020,8.6695
gmb,2021,7.8968
gmb,2022,7.1566
gmb,2023,6.5247
gmb,2024,5.9449
gnb,1988,54.795
gnb,1989,54.774
gnb,1990,54.333
gnb,1991,53.679
gnb,1992,52.693
gnb,1993,51.377
gnb,1994,50.139
gnb,1995,48.753
gnb,1996,47.308
gnb,1997,45.902
gnb,1998,44.345
gnb,1999,42.954
gnb,2000,41.463
gnb,2001,40.052
gnb,2002,38.517
gnb,2003,36.362
gnb,2004,34.208
gnb,2005,31.728
gnb,2006,29.089
gnb,2007,26.559
gnb,2008,24.008
gnb,2009,21.784
gnb,2010,19.620
gnb,2011,17.505
gnb,2012,15.486
gnb,2013,13.411
gnb,2014,11.679
gnb,2015,10.141
gnb,2016,8.8954
gnb,2017,7.8573
gnb,2018,6.8887
gnb,2019,5.9859
gnb,2020,5.1676
gnb,2021,4.4893
gnb,2022,3.9103
gnb,2023,3.3747
gnb,2024,2.9037
gnq,1990,56.298
gnq,1991,57.280
gnq,1992,57.938
gnq,1993,58.362
gnq,1994,58.692
gnq,1995,59.016
gnq,1996,58.863
gnq,1997,58.603
gnq,1998,58.069
gnq,1999,56.708
gnq,2000,54.931
gnq,2001,52.181
gnq,2002,49.654
gnq,2003,46.728
gnq,2004,44.156
gnq,2005,42.081
gnq,2006,39.987
gnq,2007,38.111
gnq,2008,36.115
gnq,2009,34.065
gnq,2010,31.851
gnq,2011,29.110
gnq,2012,26.461
gnq,2013,23.926
gnq,2014,21.802
gnq,2015,19.743
gnq,2016,18.157
gnq,2017,16.519
gnq,2018,14.914
gnq,2019,13.739
gnq,2020,12.654
gnq,2021,11.622
gnq,2022,10.619
gnq,2023,9.6014
gnq,2024,8.6981
grc,1961,18.367
grc,1962,17.678
grc,1963,16.883
grc,1964,15.948
grc,1965,14.759
grc,1966,13.481
grc,1967,12.298
grc,1968,11.266
grc,1969,10.149
grc,1970,8.6181
grc,1971,6.8556
grc,1972,5.6381
grc,1973,5.5039
grc,1974,5.9892
grc,1975,6.2559
grc,1976,5.9346
grc,1977,5.3293
grc,1978,4.9005
grc,1979,4.6159
grc,1980,4.2688
grc,1981,3.8362
grc,1982,3.4058
grc,1983,3.1521
grc,1984,3.0197
grc,1985,2.9258
grc,1986,2.8491
grc,1987,2.7470
grc,1988,2.6983
grc,1989,2.6615
grc,1990,2.6132
grc,1991,2.5540
grc,1992,2.4210
grc,1993,2.2302
grc,1994,2.0075
grc,1995,1.8156
grc,1996,1.7068
grc,1997,1.6315
grc,1998,1.6001
grc,1999,1.5668
grc,2000,1.5154
grc,2001,1.4578
grc,2002,1.3979
grc,2003,1.3812
grc,2004,1.3682
grc,2005,1.3258
grc,2006,1.2623
grc,2007,1.1909
grc,2008,1.1607
grc,2009,1.1499
grc,2010,1.1308
grc,2011,1.0945
grc,2012,1.0289
grc,2013,0.97289
grc,2014,0.93322
grc,2015,0.92021
grc,2016,0.94109
grc,2017,0.95401
grc,2018,0.95380
grc,2019,0.93333
grc,2020,0.89917
grc,2021,0.84499
grc,2022,0.75754
grc,2023,0.66602
grc,2024,0.57832
grd,1990,5.1277
grd,1991,5.1219
grd,1992,5.1797
grd,1993,5.2592
grd,1994,5.4142
grd,1995,5.5689
grd,1996,5.6415
grd,1997,5.5979
grd,1998,5.4271
grd,1999,5.1983
grd,2000,4.9141
grd,2001,4.6715
grd,2002,4.4851
grd,2003,4.3386
grd,2004,4.2782
grd,2005,4.2464
grd,2006,4.2363
grd,2007,4.2735
grd,2008,4.2654
grd,2009,4.2196
grd,2010,4.1283
grd,2011,3.9999
grd,2012,3.8716
grd,2013,3.7310
grd,2014,3.6221
grd,2015,3.5262
grd,2016,3.4971
grd,2017,3.5013
grd,2018,3.5024
grd,2019,3.4817
grd,2020,3.4050
grd,2021,3.2944
grd,2022,3.1665
grd,2023,3.0136
grd,2024,2.8380
gtm,1965,77.612
gtm,1966,76.270
gtm,1967,74.732
gtm,1968,73.073
gtm,1969,71.278
gtm,1970,69.264
gtm,1971,67.200
gtm,1972,65.118
gtm,1973,63.221
gtm,1974,61.286
gtm,1975,59.394
gtm,1976,57.568
gtm,1977,64.685
gtm,1978,53.807
gtm,1979,51.870
gtm,1980,49.940
gtm,1981,48.064
gtm,1982,46.153
gtm,1983,52.744
gtm,1984,42.646
gtm,1985,40.886
gtm,1986,39.111
gtm,1987,37.242
gtm,1988,35.442
gtm,1989,33.606
gtm,1990,31.885
gtm,1991,30.258
gtm,1992,28.608
gtm,1993,27.171
gtm,1994,25.729
gtm,1995,24.321
gtm,1996,23.030
gtm,1997,21.762
gtm,1998,20.650
gtm,1999,19.616
gtm,2000,18.684
gtm,2001,17.737
gtm,2002,16.859
gtm,2003,15.983
gtm,2004,15.180
gtm,2005,14.432
gtm,2006,13.742
gtm,2007,13.040
gtm,2008,12.314
gtm,2009,11.581
gtm,2010,10.934
gtm,2011,10.427
gtm,2012,9.9251
gtm,2013,9.4342
gtm,2014,8.9252
gtm,2015,8.4511
gtm,2016,8.0131
gtm,2017,7.5990
gtm,2018,7.1971
gtm,2019,6.8237
gtm,2020,6.4290
gtm,2021,6.0509
gtm,2022,5.6939
gtm,2023,5.3543
gtm,2024,5.0334
guy,1953,42.242
guy,1954,40.198
guy,1955,37.781
guy,1956,35.440
guy,1957,33.104
guy,1958,30.818
guy,1959,28.785
guy,1960,26.922
guy,1961,25.289
guy,1962,24.085
guy,1963,22.910
guy,1964,22.042
guy,1965,21.325
guy,1966,20.735
guy,1967,20.436
guy,1968,20.315
guy,1969,20.374
guy,1970,20.519
guy,1971,20.816
guy,1972,21.214
guy,1973,21.592
guy,1974,21.915
guy,1975,22.156
guy,1976,22.294
guy,1977,22.474
guy,1978,22.541
guy,1979,22.619
guy,1980,22.714
guy,1981,22.738
guy,1982,22.761
guy,1983,22.744
guy,1984,22.650
guy,1985,22.516
guy,1986,22.209
guy,1987,21.863
guy,1988,21.324
guy,1989,20.758
guy,1990,19.857
guy,1991,18.964
guy,1992,17.980
guy,1993,16.805
guy,1994,15.620
guy,1995,14.598
guy,1996,13.745
guy,1997,13.041
guy,1998,12.600
guy,1999,12.278
guy,2000,12.108
guy,2001,11.840
guy,2002,11.527
guy,2003,11.162
guy,2004,10.820
guy,2005,10.498
guy,2006,10.147
guy,2007,9.8150
guy,2008,9.4599
guy,2009,9.0973
guy,2010,8.7297
guy,2011,8.2968
guy,2012,7.9246
guy,2013,7.5665
guy,2014,7.2085
guy,2015,6.8290
guy,2016,6.4440
guy,2017,6.0668
guy,2018,5.7479
guy,2019,5.4269
guy,2020,5.1028
guy,2021,4.7913
guy,2022,4.5377
guy,2023,4.2704
guy,2024,4.0245
hnd,1973,53.895
hnd,1974,51.637
hnd,1975,58.234
hnd,1976,47.112
hnd,1977,44.846
hnd,1978,42.502
hnd,1979,40.249
hnd,1980,38.006
hnd,1981,35.705
hnd,1982,33.683
hnd,1983,31.809
hnd,1984,30.046
hnd,1985,28.436
hnd,1986,26.871
hnd,1987,25.390
hnd,1988,23.939
hnd,1989,22.600
hnd,1990,21.497
hnd,1991,20.431
hnd,1992,19.367
hnd,1993,18.311
hnd,1994,17.208
hnd,1995,16.124
hnd,1996,15.033
hnd,1997,13.990
hnd,1998,12.982
hnd,1999,20.379
hnd,2000,11.079
hnd,2001,10.192
hnd,2002,9.5766
hnd,2003,9.0445
hnd,2004,8.4756
hnd,2005,7.8890
hnd,2006,7.2761
hnd,2007,6.7184
hnd,2008,6.2013
hnd,2009,5.7533
hnd,2010,5.4166
hnd,2011,5.1085
hnd,2012,4.8792
hnd,2013,4.6676
hnd,2014,4.4841
hnd,2015,4.3389
hnd,2016,4.1714
hnd,2017,4.0185
hnd,2018,3.8231
hnd,2019,3.6227
hnd,2020,3.4000
hnd,2021,3.2006
hnd,2022,3.0195
hnd,2023,2.8404
hnd,2024,2.6589
hrv,1983,3.7821
hrv,1984,3.6925
hrv,1985,3.4624
hrv,1986,3.3380
hrv,1987,3.3119
hrv,1988,3.3492
hrv,1989,3.3549
hrv,1990,3.1571
hrv,1991,2.7531
hrv,1992,2.9132
hrv,1993,1.8553
hrv,1994,1.8006
hrv,1995,1.8909
hrv,1996,2.0212
hrv,1997,2.0758
hrv,1998,2.0019
hrv,1999,1.7989
hrv,2000,1.5375
hrv,2001,1.4216
hrv,2002,1.4063
hrv,2003,1.4116
hrv,2004,1.6252
hrv,2005,1.3935
hrv,2006,1.3648
hrv,2007,1.3073
hrv,2008,1.2141
hrv,2009,1.0985
hrv,2010,0.99063
hrv,2011,0.96131
hrv,2012,0.97129
hrv,2013,0.96271
hrv,2014,0.95117
hrv,2015,0.92608
hrv,2016,0.94792
hrv,2017,0.97854
hrv,2018,0.97590
hrv,2019,0.93989
hrv,2020,0.87716
hrv,2021,0.85931
hrv,2022,0.86686
hrv,2023,0.88186
hrv,2024,0.86163
hti,1961,95.524
hti,1962,94.246
hti,1963,92.685
hti,1964,91.229
hti,1965,89.757
hti,1966,88.364
hti,1967,86.725
hti,1968,85.271
hti,1969,84.205
hti,1970,82.563
hti,1971,81.132
hti,1972,79.644
hti,1973,78.196
hti,1974,77.120
hti,1975,75.742
hti,1976,74.351
hti,1977,72.669
hti,1978,70.982
hti,1979,69.544
hti,1980,68.198
hti,1981,67.331
hti,1982,66.362
hti,1983,64.986
hti,1984,63.546
hti,1985,61.909
hti,1986,60.359
hti,1987,59.137
hti,1988,58.057
hti,1989,57.342
hti,1990,56.619
hti,1991,55.774
hti,1992,54.600
hti,1993,53.088
hti,1994,51.363
hti,1995,49.373
hti,1996,47.381
hti,1997,45.507
hti,1998,43.602
hti,1999,41.710
hti,2000,39.788
hti,2001,37.817
hti,2002,35.952
hti,2003,34.118
hti,2004,32.462
hti,2005,30.871
hti,2006,29.385
hti,2007,28.083
hti,2008,26.953
hti,2009,26.038
hti,2010,25.046
hti,2011,44.484
hti,2012,22.810
hti,2013,21.674
hti,2014,20.668
hti,2015,19.490
hti,2016,18.197
hti,2017,16.914
hti,2018,15.699
hti,2019,14.566
hti,2020,13.407
hti,2021,12.340
hti,2022,11.357
hti,2023,10.420
hti,2024,9.5961
hun,1961,19.405
hun,1962,18.191
hun,1963,16.736
hun,1964,15.152
hun,1965,13.446
hun,1966,11.898
hun,1967,10.529
hun,1968,9.4322
hun,1969,8.6361
hun,1970,7.8228
hun,1971,6.9349
hun,1972,6.1951
hun,1973,6.0422
hun,1974,6.5094
hun,1975,6.6799
hun,1976,6.0697
hun,1977,5.1196
hun,1978,4.4333
hun,1979,4.2762
hun,1980,4.2799
hun,1981,4.2425
hun,1982,4.1354
hun,1983,4.0717
hun,1984,4.1232
hun,1985,4.1550
hun,1986,4.1352
hun,1987,4.0488
hun,1988,3.9718
hun,1989,3.9474
hun,1990,3.8949
hun,1991,3.8320
hun,1992,3.7121
hun,1993,3.5894
hun,1994,3.5003
hun,1995,3.3617
hun,1996,3.2022
hun,1997,3.0407
hun,1998,2.9515
hun,1999,2.9602
hun,2000,2.9046
hun,2001,2.7535
hun,2002,2.5226
hun,2003,2.3294
hun,2004,2.2426
hun,2005,2.1793
hun,2006,2.1169
hun,2007,2.0161
hun,2008,1.8819
hun,2009,1.7416
hun,2010,1.6163
hun,2011,1.5610
hun,2012,1.5481
hun,2013,1.5460
hun,2014,1.5400
hun,2015,1.4962
hun,2016,1.4226
hun,2017,1.3275
hun,2018,1.2417
hun,2019,1.1857
hun,2020,1.1313
hun,2021,1.0815
hun,2022,1.0306
hun,2023,0.97688
hun,2024,0.91490
idn,1954,103.66
idn,1955,100.59
idn,1956,97.390
idn,1957,94.437
idn,1958,91.613
idn,1959,88.762
idn,1960,86.187
idn,1961,83.652
idn,1962,81.435
idn,1963,79.324
idn,1964,77.117
idn,1965,74.870
idn,1966,85.698
idn,1967,70.122
idn,1968,67.768
idn,1969,65.441
idn,1970,63.041
idn,1971,60.755
idn,1972,58.618
idn,1973,56.654
idn,1974,55.060
idn,1975,53.610
idn,1976,52.276
idn,1977,51.002
idn,1978,49.876
idn,1979,48.795
idn,1980,47.694
idn,1981,46.699
idn,1982,45.660
idn,1983,44.625
idn,1984,43.579
idn,1985,42.384
idn,1986,41.053
idn,1987,39.605
idn,1988,37.995
idn,1989,36.299
idn,1990,34.476
idn,1991,32.517
idn,1992,30.490
idn,1993,28.486
idn,1994,26.616
idn,1995,24.861
idn,1996,23.332
idn,1997,21.993
idn,1998,20.770
idn,1999,19.689
idn,2000,18.591
idn,2001,17.527
idn,2002,16.468
idn,2003,15.406
idn,2004,14.383
idn,2005,15.356
idn,2006,12.419
idn,2007,11.486
idn,2008,10.614
idn,2009,9.8933
idn,2010,9.3847
idn,2011,8.9479
idn,2012,8.5497
idn,2013,8.2163
idn,2014,7.9006
idn,2015,7.5899
idn,2016,7.2558
idn,2017,6.9099
idn,2018,6.5358
idn,2019,6.1755
idn,2020,5.8134
idn,2021,5.4809
idn,2022,5.1657
idn,2023,4.8463
idn,2024,4.5624
ind,1970,49.913
ind,1971,49.314
ind,1972,48.395
ind,1973,47.362
ind,1974,46.214
ind,1975,44.813
ind,1976,43.271
ind,1977,41.589
ind,1978,39.837
ind,1979,38.080
ind,1980,36.308
ind,1981,34.681
ind,1982,33.037
ind,1983,31.837
ind,1984,30.875
ind,1985,30.095
ind,1986,29.444
ind,1987,28.722
ind,1988,28.022
ind,1989,27.263
ind,1990,26.520
ind,1991,25.864
ind,1992,25.201
ind,1993,24.713
ind,1994,24.163
ind,1995,23.637
ind,1996,23.224
ind,1997,22.669
ind,1998,22.071
ind,1999,21.528
ind,2000,20.966
ind,2001,20.430
ind,2002,19.908
ind,2003,19.426
ind,2004,18.930
ind,2005,18.329
ind,2006,17.706
ind,2007,17.001
ind,2008,16.238
ind,2009,15.413
ind,2010,14.581
ind,2011,13.732
ind,2012,12.870
ind,2013,12.063
ind,2014,11.253
ind,2015,10.458
ind,2016,9.7259
ind,2017,8.9963
ind,2018,8.3059
ind,2019,7.7078
ind,2020,7.3491
ind,2021,6.9956
ind,2022,6.6374
ind,2023,6.2750
ind,2024,5.9220
irl,1961,8.7680
irl,1962,8.7362
irl,1963,8.5756
irl,1964,8.3371
irl,1965,7.9251
irl,1966,7.3612
irl,1967,6.7089
irl,1968,6.1499
irl,1969,5.8366
irl,1970,5.6771
irl,1971,5.6620
irl,1972,5.6671
irl,1973,5.6294
irl,1974,5.5102
irl,1975,5.3021
irl,1976,5.1398
irl,1977,5.0036
irl,1978,4.8799
irl,1979,4.7559
irl,1980,4.5385
irl,1981,4.2549
irl,1982,3.9516
irl,1983,3.6929
irl,1984,3.5037
irl,1985,3.3643
irl,1986,3.3203
irl,1987,3.3221
irl,1988,3.2995
irl,1989,3.1945
irl,1990,2.9814
irl,1991,2.6926
irl,1992,2.3605
irl,1993,2.0363
irl,1994,1.8033
irl,1995,1.6828
irl,1996,1.7086
irl,1997,1.7892
irl,1998,1.8511
irl,1999,1.8753
irl,2000,1.8431
irl,2001,1.7897
irl,2002,1.7034
irl,2003,1.5777
irl,2004,1.4345
irl,2005,1.3074
irl,2006,1.2472
irl,2007,1.2249
irl,2008,1.1979
irl,2009,1.1512
irl,2010,1.0741
irl,2011,0.97726
irl,2012,0.87183
irl,2013,0.78372
irl,2014,0.73924
irl,2015,0.71009
irl,2016,0.68888
irl,2017,0.66710
irl,2018,0.64425
irl,2019,0.61980
irl,2020,0.59433
irl,2021,0.57533
irl,2022,0.56621
irl,2023,0.55898
irl,2024,0.55606
irn,1990,17.650
irn,1991,17.085
irn,1992,16.398
irn,1993,15.591
irn,1994,14.861
irn,1995,14.167
irn,1996,13.425
irn,1997,12.754
irn,1998,11.951
irn,1999,11.187
irn,2000,10.232
irn,2001,9.0531
irn,2002,7.8483
irn,2003,6.6765
irn,2004,5.7359
irn,2005,4.8792
irn,2006,4.2487
irn,2007,3.7938
irn,2008,3.3971
irn,2009,3.0831
irn,2010,2.6377
irn,2011,2.1779
irn,2012,1.7742
irn,2013,1.5465
irn,2014,1.3392
irn,2015,1.1418
irn,2016,0.99376
irn,2017,0.82525
irn,2018,0.71790
irn,2019,0.61930
irn,2020,0.55362
irn,2021,0.47971
irn,2022,0.40487
irn,2023,0.36327
irn,2024,0.32230
irq,1984,19.469
irq,1985,18.834
irq,1986,18.304
irq,1987,17.791
irq,1988,17.347
irq,1989,21.682
irq,1990,26.157
irq,1991,25.744
irq,1992,20.443
irq,1993,15.772
irq,1994,15.506
irq,1995,15.161
irq,1996,14.842
irq,1997,14.415
irq,1998,14.011
irq,1999,13.613
irq,2000,13.168
irq,2001,12.827
irq,2002,12.446
irq,2003,12.147
irq,2004,11.873
irq,2005,11.571
irq,2006,11.285
irq,2007,10.976
irq,2008,10.620
irq,2009,10.258
irq,2010,9.9938
irq,2011,9.6969
irq,2012,9.3722
irq,2013,9.0679
irq,2014,8.7293
irq,2015,8.3542
irq,2016,7.9826
irq,2017,7.5928
irq,2018,7.2161
irq,2019,6.8921
irq,2020,6.5347
irq,2021,6.2110
irq,2022,5.8677
irq,2023,5.5264
irq,2024,5.2374
isl,1955,6.6286
isl,1956,6.3913
isl,1957,6.1674
isl,1958,5.9095
isl,1959,5.6708
isl,1960,5.4287
isl,1961,5.1975
isl,1962,5.0116
isl,1963,4.7938
isl,1964,4.5734
isl,1965,4.3120
isl,1966,3.9986
isl,1967,3.6687
isl,1968,3.3154
isl,1969,3.0314
isl,1970,2.8062
isl,1971,2.6313
isl,1972,2.5398
isl,1973,2.4864
isl,1974,2.4851
isl,1975,2.5053
isl,1976,2.5239
isl,1977,2.4867
isl,1978,2.4130
isl,1979,2.3103
isl,1980,2.1838
isl,1981,2.0480
isl,1982,1.9173
isl,1983,1.7947
isl,1984,1.7063
isl,1985,1.6377
isl,1986,1.5819
isl,1987,1.5429
isl,1988,1.5126
isl,1989,1.4873
isl,1990,1.4563
isl,1991,1.4322
isl,1992,1.4033
isl,1993,1.3594
isl,1994,1.3131
isl,1995,1.2471
isl,1996,1.1829
isl,1997,1.1199
isl,1998,1.0525
isl,1999,0.98895
isl,2000,0.92138
isl,2001,0.86272
isl,2002,0.81417
isl,2003,0.76408
isl,2004,0.72800
isl,2005,0.69149
isl,2006,0.66073
isl,2007,0.63971
isl,2008,0.62367
isl,2009,0.60883
isl,2010,0.59268
isl,2011,0.57642
isl,2012,0.55897
isl,2013,0.53698
isl,2014,0.52152
isl,2015,0.51013
isl,2016,0.50280
isl,2017,0.49453
isl,2018,0.48423
isl,2019,0.47536
isl,2020,0.46207
isl,2021,0.44130
isl,2022,0.41909
isl,2023,0.39580
isl,2024,0.37186
isr,1976,7.8265
isr,1977,7.1704
isr,1978,6.4712
isr,1979,5.8947
isr,1980,5.4580
isr,1981,5.2047
isr,1982,5.0574
isr,1983,4.9297
isr,1984,4.7812
isr,1985,4.5388
isr,1986,4.2082
isr,1987,3.8217
isr,1988,3.5145
isr,1989,3.3674
isr,1990,3.2834
isr,1991,3.2279
isr,1992,3.1516
isr,1993,3.0341
isr,1994,2.8844
isr,1995,2.7004
isr,1996,2.5260
isr,1997,2.3642
isr,1998,2.2212
isr,1999,2.1091
isr,2000,1.9981
isr,2001,1.8907
isr,2002,1.7894
isr,2003,1.7137
isr,2004,1.6802
isr,2005,1.6577
isr,2006,1.6392
isr,2007,1.5960
isr,2008,1.5187
isr,2009,1.4075
isr,2010,1.2804
isr,2011,1.1857
isr,2012,1.1230
isr,2013,1.0736
isr,2014,1.0376
isr,2015,1.0025
isr,2016,0.98495
isr,2017,0.97156
isr,2018,0.95446
isr,2019,0.93835
isr,2020,0.91806
isr,2021,0.90853
isr,2022,0.90458
isr,2023,0.89503
isr,2024,0.87363
ita,1961,19.082
ita,1962,18.734
ita,1963,17.827
ita,1964,16.197
ita,1965,14.282
ita,1966,12.721
ita,1967,11.754
ita,1968,11.116
ita,1969,10.603
ita,1970,9.9903
ita,1971,9.0220
ita,1972,7.7643
ita,1973,6.5672
ita,1974,5.7233
ita,1975,5.0915
ita,1976,4.4384
ita,1977,3.7312
ita,1978,3.1690
ita,1979,2.8797
ita,1980,2.7841
ita,1981,2.7727
ita,1982,2.7590
ita,1983,2.6654
ita,1984,2.4720
ita,1985,2.2373
ita,1986,2.0638
ita,1987,1.9839
ita,1988,1.9169
ita,1989,1.8266
ita,1990,1.7452
ita,1991,1.7672
ita,1992,1.9025
ita,1993,1.9873
ita,1994,1.9138
ita,1995,1.7292
ita,1996,1.5557
ita,1997,1.4503
ita,1998,1.3672
ita,1999,1.2885
ita,2000,1.2162
ita,2001,1.1761
ita,2002,1.1716
ita,2003,1.1530
ita,2004,1.1033
ita,2005,1.0364
ita,2006,0.99496
ita,2007,1.0021
ita,2008,1.0045
ita,2009,0.98337
ita,2010,0.93486
ita,2011,0.89014
ita,2012,0.86893
ita,2013,0.85100
ita,2014,0.83690
ita,2015,0.82024
ita,2016,0.80345
ita,2017,0.79226
ita,2018,0.77421
ita,2019,0.75958
ita,2020,0.74088
ita,2021,0.72331
ita,2022,0.69671
ita,2023,0.64740
ita,2024,0.59735
jam,1957,30.800
jam,1958,29.290
jam,1959,27.745
jam,1960,26.293
jam,1961,24.961
jam,1962,23.824
jam,1963,23.016
jam,1964,22.212
jam,1965,21.547
jam,1966,21.002
jam,1967,20.526
jam,1968,20.079
jam,1969,19.421
jam,1970,18.755
jam,1971,17.926
jam,1972,17.003
jam,1973,15.996
jam,1974,14.874
jam,1975,13.689
jam,1976,12.497
jam,1977,11.353
jam,1978,10.428
jam,1979,9.5615
jam,1980,8.7922
jam,1981,8.1406
jam,1982,7.5747
jam,1983,7.1777
jam,1984,6.8055
jam,1985,6.5090
jam,1986,6.2079
jam,1987,5.9372
jam,1988,5.7237
jam,1989,5.4662
jam,1990,5.2599
jam,1991,5.0023
jam,1992,4.7686
jam,1993,4.5504
jam,1994,4.2781
jam,1995,3.9853
jam,1996,3.6395
jam,1997,3.2772
jam,1998,2.9213
jam,1999,2.5639
jam,2000,2.2959
jam,2001,2.0930
jam,2002,1.9175
jam,2003,1.8023
jam,2004,1.7394
jam,2005,1.7350
jam,2006,1.7497
jam,2007,1.7935
jam,2008,1.8521
jam,2009,1.9125
jam,2010,1.9987
jam,2011,2.0945
jam,2012,2.1909
jam,2013,2.3259
jam,2014,2.4786
jam,2015,2.6933
jam,2016,2.9087
jam,2017,3.0808
jam,2018,3.2067
jam,2019,3.2571
jam,2020,3.2748
jam,2021,3.2666
jam,2022,3.2381
jam,2023,3.2240
jam,2024,3.1626
jor,1954,94.130
jor,1955,89.995
jor,1956,85.982
jor,1957,81.911
jor,1958,77.663
jor,1959,73.608
jor,1960,69.323
jor,1961,65.265
jor,1962,61.360
jor,1963,57.710
jor,1964,54.249
jor,1965,51.213
jor,1966,48.401
jor,1967,45.809
jor,1968,43.414
jor,1969,41.132
jor,1970,38.931
jor,1971,36.966
jor,1972,35.057
jor,1973,33.201
jor,1974,31.465
jor,1975,29.676
jor,1976,27.933
jor,1977,26.155
jor,1978,24.458
jor,1979,22.735
jor,1980,21.002
jor,1981,19.284
jor,1982,17.602
jor,1983,16.056
jor,1984,14.669
jor,1985,13.536
jor,1986,12.717
jor,1987,12.057
jor,1988,11.518
jor,1989,10.990
jor,1990,10.505
jor,1991,10.149
jor,1992,9.7816
jor,1993,9.4621
jor,1994,9.1363
jor,1995,8.7962
jor,1996,8.4489
jor,1997,8.0875
jor,1998,7.7254
jor,1999,7.3604
jor,2000,6.9921
jor,2001,6.6486
jor,2002,6.2788
jor,2003,5.9762
jor,2004,5.7300
jor,2005,5.5294
jor,2006,5.3965
jor,2007,5.2780
jor,2008,5.1892
jor,2009,5.1070
jor,2010,5.0257
jor,2011,4.9469
jor,2012,4.8325
jor,2013,4.7361
jor,2014,4.6312
jor,2015,4.5155
jor,2016,4.4036
jor,2017,4.2916
jor,2018,4.1894
jor,2019,4.0632
jor,2020,3.9491
jor,2021,3.8154
jor,2022,3.6451
jor,2023,3.4784
jor,2024,3.3083
jpn,1969,5.2480
jpn,1970,4.8919
jpn,1971,4.5454
jpn,1972,4.2177
jpn,1973,3.9387
jpn,1974,3.7131
jpn,1975,3.4637
jpn,1976,3.1542
jpn,1977,2.8408
jpn,1978,2.6137
jpn,1979,2.5067
jpn,1980,2.4387
jpn,1981,2.3586
jpn,1982,2.2632
jpn,1983,2.1788
jpn,1984,2.1177
jpn,1985,2.0646
jpn,1986,2.0263
jpn,1987,1.9928
jpn,1988,1.9687
jpn,1989,1.9613
jpn,1990,1.9591
jpn,1991,1.9654
jpn,1992,1.9724
jpn,1993,1.9693
jpn,1994,1.9595
jpn,1995,1.9275
jpn,1996,1.8839
jpn,1997,1.8202
jpn,1998,1.7411
jpn,1999,1.6545
jpn,2000,1.5566
jpn,2001,1.4556
jpn,2002,1.3643
jpn,2003,1.3036
jpn,2004,1.2806
jpn,2005,1.2737
jpn,2006,1.2731
jpn,2007,1.2683
jpn,2008,1.2592
jpn,2009,1.2482
jpn,2010,1.2326
jpn,2011,1.2193
jpn,2012,1.2211
jpn,2013,1.1704
jpn,2014,1.1322
jpn,2015,1.0891
jpn,2016,1.0536
jpn,2017,1.0235
jpn,2018,0.99295
jpn,2019,0.96389
jpn,2020,0.93628
jpn,2021,0.91926
jpn,2022,0.91318
jpn,2023,0.91659
jpn,2024,0.92198
kaz,1973,38.621
kaz,1974,38.130
kaz,1975,37.504
kaz,1976,36.988
kaz,1977,36.459
kaz,1978,35.834
kaz,1979,35.154
kaz,1980,34.188
kaz,1981,32.989
kaz,1982,31.443
kaz,1983,29.715
kaz,1984,28.075
kaz,1985,26.431
kaz,1986,24.948
kaz,1987,23.537
kaz,1988,22.235
kaz,1989,21.134
kaz,1990,20.091
kaz,1991,19.345
kaz,1992,18.816
kaz,1993,18.493
kaz,1994,18.459
kaz,1995,18.154
kaz,1996,17.585
kaz,1997,16.489
kaz,1998,15.017
kaz,1999,13.349
kaz,2000,11.574
kaz,2001,9.9531
kaz,2002,8.4977
kaz,2003,7.2580
kaz,2004,6.3711
kaz,2005,5.7329
kaz,2006,5.2199
kaz,2007,4.8465
kaz,2008,4.5876
kaz,2009,4.5131
kaz,2010,4.4637
kaz,2011,4.3840
kaz,2012,4.2703
kaz,2013,4.1548
kaz,2014,4.0497
kaz,2015,3.8908
kaz,2016,3.6848
kaz,2017,3.4746
kaz,2018,3.2965
kaz,2019,3.1843
kaz,2020,3.0702
kaz,2021,2.9344
kaz,2022,2.8295
kaz,2023,2.8499
kaz,2024,3.0103
ken,1955,87.213
ken,1956,81.666
ken,1957,76.461
ken,1958,71.606
ken,1959,66.950
ken,1960,63.041
ken,1961,59.819
ken,1962,57.063
ken,1963,54.857
ken,1964,52.959
ken,1965,51.598
ken,1966,50.454
ken,1967,49.438
ken,1968,48.531
ken,1969,47.462
ken,1970,46.633
ken,1971,45.628
ken,1972,44.676
ken,1973,43.769
ken,1974,42.779
ken,1975,41.789
ken,1976,40.633
ken,1977,39.304
ken,1978,37.866
ken,1979,36.445
ken,1980,35.093
ken,1981,33.873
ken,1982,32.818
ken,1983,31.889
ken,1984,31.207
ken,1985,30.993
ken,1986,31.027
ken,1987,31.586
ken,1988,32.619
ken,1989,34.157
ken,1990,36.258
ken,1991,38.345
ken,1992,40.231
ken,1993,41.624
ken,1994,42.355
ken,1995,42.445
ken,1996,42.050
ken,1997,41.227
ken,1998,40.137
ken,1999,38.652
ken,2000,37.052
ken,2001,35.094
ken,2002,32.777
ken,2003,30.360
ken,2004,27.894
ken,2005,25.398
ken,2006,22.684
ken,2007,20.569
ken,2008,19.034
ken,2009,16.916
ken,2010,16.622
ken,2011,16.302
ken,2012,15.974
ken,2013,16.059
ken,2014,15.606
ken,2015,14.851
ken,2016,13.789
ken,2017,13.470
ken,2018,13.538
ken,2019,13.040
ken,2020,12.666
ken,2021,12.376
ken,2022,11.859
ken,2023,11.281
ken,2024,10.380
kgz,1980,49.442
kgz,1981,48.161
kgz,1982,46.489
kgz,1983,44.623
kgz,1984,42.544
kgz,1985,40.128
kgz,1986,37.514
kgz,1987,34.971
kgz,1988,32.651
kgz,1989,30.726
kgz,1990,29.146
kgz,1991,28.353
kgz,1992,27.806
kgz,1993,27.529
kgz,1994,27.168
kgz,1995,26.761
kgz,1996,26.171
kgz,1997,25.377
kgz,1998,24.437
kgz,1999,23.234
kgz,2000,21.748
kgz,2001,20.245
kgz,2002,18.736
kgz,2003,17.248
kgz,2004,15.820
kgz,2005,14.420
kgz,2006,13.180
kgz,2007,11.898
kgz,2008,10.758
kgz,2009,9.6922
kgz,2010,8.6876
kgz,2011,7.8225
kgz,2012,7.0135
kgz,2013,6.3369
kgz,2014,5.7725
kgz,2015,5.3230
kgz,2016,4.9103
kgz,2017,4.4522
kgz,2018,4.0500
kgz,2019,3.6996
kgz,2020,3.4031
kgz,2021,3.2077
kgz,2022,3.0127
kgz,2023,2.8072
kgz,2024,2.6069
khm,1978,156.92
khm,1979,143.30
khm,1980,75.636
khm,1981,64.407
khm,1982,54.675
khm,1983,47.478
khm,1984,43.154
khm,1985,41.185
khm,1986,40.720
khm,1987,41.084
khm,1988,41.794
khm,1989,42.908
khm,1990,44.032
khm,1991,45.220
khm,1992,46.479
khm,1993,47.787
khm,1994,49.460
khm,1995,51.163
khm,1996,52.816
khm,1997,54.051
khm,1998,54.504
khm,1999,53.937
khm,2000,51.902
khm,2001,48.057
khm,2002,42.929
khm,2003,37.148
khm,2004,32.089
khm,2005,27.968
khm,2006,24.674
khm,2007,22.117
khm,2008,19.749
khm,2009,17.634
khm,2010,15.569
khm,2011,13.694
khm,2012,11.967
khm,2013,10.318
khm,2014,9.0925
khm,2015,8.1260
khm,2016,7.3142
khm,2017,6.6266
khm,2018,6.0909
khm,2019,5.6228
khm,2020,5.1828
khm,2021,4.7894
khm,2022,4.4507
khm,2023,4.1670
khm,2024,3.9040
kir,1990,26.308
kir,1991,25.250
kir,1992,24.186
kir,1993,23.324
kir,1994,22.237
kir,1995,21.605
kir,1996,20.868
kir,1997,20.200
kir,1998,19.488
kir,1999,18.661
kir,2000,18.006
kir,2001,17.160
kir,2002,16.648
kir,2003,16.315
kir,2004,15.844
kir,2005,15.641
kir,2006,15.398
kir,2007,15.261
kir,2008,14.990
kir,2009,14.219
kir,2010,13.272
kir,2011,12.502
kir,2012,11.869
kir,2013,11.381
kir,2014,10.888
kir,2015,10.541
kir,2016,10.338
kir,2017,10.043
kir,2018,9.6996
kir,2019,9.2725
kir,2020,8.9376
kir,2021,8.4056
kir,2022,7.8922
kir,2023,7.3587
kir,2024,6.6548
kna,1978,18.457
kna,1979,17.520
kna,1980,16.107
kna,1981,14.478
kna,1982,12.784
kna,1983,11.041
kna,1984,9.5312
kna,1985,8.1964
kna,1986,7.1026
kna,1987,6.4075
kna,1988,5.8776
kna,1989,5.5213
kna,1990,5.2668
kna,1991,4.9999
kna,1992,4.7599
kna,1993,4.5462
kna,1994,4.3802
kna,1995,4.2428
kna,1996,4.1019
kna,1997,4.0324
kna,1998,3.9421
kna,1999,3.8867
kna,2000,3.7660
kna,2001,3.6420
kna,2002,3.5271
kna,2003,3.3998
kna,2004,3.3415
kna,2005,3.2863
kna,2006,3.2686
kna,2007,3.2755
kna,2008,3.2548
kna,2009,3.2736
kna,2010,3.3256
kna,2011,3.3438
kna,2012,3.3692
kna,2013,3.3551
kna,2014,3.3352
kna,2015,3.2507
kna,2016,3.1274
kna,2017,2.9979
kna,2018,2.8369
kna,2019,2.6524
kna,2020,2.4962
kna,2021,2.3434
kna,2022,2.1969
kna,2023,2.0583
kna,2024,1.9311
kor,1952,113.57
kor,1953,97.018
kor,1954,82.772
kor,1955,71.430
kor,1956,62.345
kor,1957,55.121
kor,1958,49.700
kor,1959,45.616
kor,1960,42.696
kor,1961,40.526
kor,1962,38.668
kor,1963,36.862
kor,1964,35.007
kor,1965,33.028
kor,1966,30.859
kor,1967,28.509
kor,1968,26.149
kor,1969,23.649
kor,1970,21.282
kor,1971,19.112
kor,1972,17.218
kor,1973,15.629
kor,1974,14.241
kor,1975,13.192
kor,1976,12.235
kor,1977,11.327
kor,1978,10.512
kor,1979,9.7072
kor,1980,8.9241
kor,1981,8.1799
kor,1982,7.6437
kor,1983,7.0716
kor,1984,6.5331
kor,1985,6.0230
kor,1986,5.5519
kor,1987,5.0649
kor,1988,4.6422
kor,1989,4.2435
kor,1990,3.9055
kor,1991,3.5826
kor,1992,3.3466
kor,1993,3.1357
kor,1994,2.9383
kor,1995,2.7770
kor,1996,2.6179
kor,1997,2.4827
kor,1998,2.3876
kor,1999,2.3085
kor,2000,2.2568
kor,2001,2.2051
kor,2002,2.1199
kor,2003,2.0300
kor,2004,1.9393
kor,2005,1.8579
kor,2006,1.7829
kor,2007,1.7057
kor,2008,1.6334
kor,2009,1.5530
kor,2010,1.4770
kor,2011,1.3969
kor,2012,1.3205
kor,2013,1.2520
kor,2014,1.1917
kor,2015,1.1505
kor,2016,1.1169
kor,2017,1.0834
kor,2018,1.0534
kor,2019,1.0326
kor,2020,1.0331
kor,2021,1.0431
kor,2022,1.0451
kor,2023,1.0315
kor,2024,0.99634
kwt,1986,6.4496
kwt,1987,5.8473
kwt,1988,5.1616
kwt,1989,4.5200
kwt,1990,4.0090
kwt,1991,3.7298
kwt,1992,3.6158
kwt,1993,3.6207
kwt,1994,3.7093
kwt,1995,3.8025
kwt,1996,3.8997
kwt,1997,3.9567
kwt,1998,3.9477
kwt,1999,3.8936
kwt,2000,3.7980
kwt,2001,3.7775
kwt,2002,3.8066
kwt,2003,3.8442
kwt,2004,3.8657
kwt,2005,3.8455
kwt,2006,3.8052
kwt,2007,3.7395
kwt,2008,3.6672
kwt,2009,3.6137
kwt,2010,3.5132
kwt,2011,3.3844
kwt,2012,3.2190
kwt,2013,3.0480
kwt,2014,2.9023
kwt,2015,2.7509
kwt,2016,2.6257
kwt,2017,2.5180
kwt,2018,2.4399
kwt,2019,2.4182
kwt,2020,2.4104
kwt,2021,2.4493
kwt,2022,2.4973
kwt,2023,2.5179
kwt,2024,2.4835
lao,1983,69.062
lao,1984,68.722
lao,1985,68.245
lao,1986,67.585
lao,1987,66.800
lao,1988,65.773
lao,1989,64.733
lao,1990,63.536
lao,1991,62.030
lao,1992,60.437
lao,1993,58.931
lao,1994,57.202
lao,1995,55.495
lao,1996,53.741
lao,1997,52.001
lao,1998,50.275
lao,1999,48.581
lao,2000,46.958
lao,2001,45.119
lao,2002,43.325
lao,2003,41.504
lao,2004,39.605
lao,2005,37.758
lao,2006,35.765
lao,2007,33.817
lao,2008,31.880
lao,2009,30.014
lao,2010,28.123
lao,2011,26.276
lao,2012,24.504
lao,2013,22.836
lao,2014,21.227
lao,2015,19.636
lao,2016,18.155
lao,2017,16.824
lao,2018,15.555
lao,2019,14.444
lao,2020,13.366
lao,2021,12.351
lao,2022,11.463
lao,2023,10.542
lao,2024,9.7338
lbn,1974,14.360
lbn,1975,14.349
lbn,1976,14.165
lbn,1977,58.965
lbn,1978,20.599
lbn,1979,20.801
lbn,1980,21.004
lbn,1981,20.285
lbn,1982,19.496
lbn,1983,37.312
lbn,1984,13.252
lbn,1985,12.504
lbn,1986,11.780
lbn,1987,11.046
lbn,1988,14.779
lbn,1989,14.342
lbn,1990,6.9014
lbn,1991,6.7303
lbn,1992,6.5570
lbn,1993,6.3436
lbn,1994,6.1221
lbn,1995,5.9145
lbn,1996,5.6842
lbn,1997,5.4432
lbn,1998,5.1953
lbn,1999,4.9456
lbn,2000,4.6828
lbn,2001,4.4451
lbn,2002,4.1803
lbn,2003,3.9307
lbn,2004,3.7249
lbn,2005,3.5024
lbn,2006,3.3160
lbn,2007,3.1543
lbn,2008,3.0218
lbn,2009,2.9129
lbn,2010,2.8547
lbn,2011,2.8126
lbn,2012,2.8060
lbn,2013,2.8218
lbn,2014,2.8610
lbn,2015,2.9244
lbn,2016,3.0337
lbn,2017,3.1656
lbn,2018,3.2860
lbn,2019,3.4199
lbn,2020,3.5539
lbn,2021,3.6974
lbn,2022,3.8460
lbn,2023,3.9942
lbn,2024,4.1193
lbr,1964,88.438
lbr,1965,89.913
lbr,1966,91.123
lbr,1967,92.078
lbr,1968,92.177
lbr,1969,92.163
lbr,1970,91.329
lbr,1971,90.403
lbr,1972,89.534
lbr,1973,88.553
lbr,1974,87.697
lbr,1975,86.510
lbr,1976,85.092
lbr,1977,83.852
lbr,1978,82.469
lbr,1979,81.322
lbr,1980,80.431
lbr,1981,79.771
lbr,1982,79.360
lbr,1983,79.299
lbr,1984,80.322
lbr,1985,82.022
lbr,1986,84.492
lbr,1987,87.801
lbr,1988,91.660
lbr,1989,96.184
lbr,1990,100.37
lbr,1991,103.71
lbr,1992,105.92
lbr,1993,106.44
lbr,1994,105.36
lbr,1995,102.57
lbr,1996,98.716
lbr,1997,93.949
lbr,1998,88.561
lbr,1999,83.032
lbr,2000,77.271
lbr,2001,71.364
lbr,2002,65.507
lbr,2003,59.898
lbr,2004,54.557
lbr,2005,49.550
lbr,2006,45.206
lbr,2007,41.572
lbr,2008,38.636
lbr,2009,36.496
lbr,2010,34.729
lbr,2011,33.246
lbr,2012,31.780
lbr,2013,30.267
lbr,2014,28.737
lbr,2015,29.345
lbr,2016,26.079
lbr,2017,24.661
lbr,2018,23.226
lbr,2019,21.731
lbr,2020,20.329
lbr,2021,18.862
lbr,2022,17.572
lbr,2023,16.283
lbr,2024,15.077
lby,1973,40.299
lby,1974,36.614
lby,1975,33.297
lby,1976,30.238
lby,1977,27.707
lby,1978,25.523
lby,1979,23.512
lby,1980,21.783
lby,1981,20.273
lby,1982,18.876
lby,1983,17.504
lby,1984,16.138
lby,1985,14.920
lby,1986,13.725
lby,1987,12.554
lby,1988,11.463
lby,1989,10.303
lby,1990,9.1955
lby,1991,8.2098
lby,1992,7.2701
lby,1993,6.4612
lby,1994,5.7886
lby,1995,5.3026
lby,1996,4.9948
lby,1997,4.7651
lby,1998,4.5726
lby,1999,4.3837
lby,2000,4.2431
lby,2001,4.0905
lby,2002,3.9382
lby,2003,3.7831
lby,2004,3.6310
lby,2005,3.4564
lby,2006,3.2512
lby,2007,3.0374
lby,2008,2.8438
lby,2009,2.6470
lby,2010,2.4689
lby,2011,2.3155
lby,2012,3.5592
lby,2013,2.0653
lby,2014,1.9511
lby,2015,1.8498
lby,2016,1.7336
lby,2017,1.6333
lby,2018,1.5570
lby,2019,1.4820
lby,2020,1.4084
lby,2021,1.3247
lby,2022,1.2507
lby,2023,1.1860
lby,2024,5.3881
lca,1973,23.220
lca,1974,21.532
lca,1975,19.779
lca,1976,17.964
lca,1977,15.908
lca,1978,13.574
lca,1979,11.176
lca,1980,9.3251
lca,1981,7.8150
lca,1982,6.6476
lca,1983,5.8358
lca,1984,5.2710
lca,1985,4.8836
lca,1986,4.6530
lca,1987,4.4814
lca,1988,4.4040
lca,1989,4.3993
lca,1990,4.4446
lca,1991,4.5705
lca,1992,4.7256
lca,1993,4.9158
lca,1994,5.0785
lca,1995,5.1626
lca,1996,5.1886
lca,1997,5.0603
lca,1998,4.8468
lca,1999,4.5392
lca,2000,4.1643
lca,2001,3.7954
lca,2002,3.4267
lca,2003,3.1335
lca,2004,2.8928
lca,2005,2.7297
lca,2006,2.6557
lca,2007,2.6240
lca,2008,2.6706
lca,2009,2.7402
lca,2010,2.7584
lca,2011,2.7459
lca,2012,2.7035
lca,2013,2.7089
lca,2014,2.7495
lca,2015,2.8162
lca,2016,2.9458
lca,2017,3.0729
lca,2018,3.1988
lca,2019,3.2967
lca,2020,3.3667
lca,2021,3.3602
lca,2022,3.3055
lca,2023,3.2064
lca,2024,3.0741
lka,1953,18.075
lka,1954,19.173
lka,1955,19.879
lka,1956,20.008
lka,1957,19.791
lka,1958,18.914
lka,1959,17.388
lka,1960,15.753
lka,1961,14.363
lka,1962,13.690
lka,1963,13.741
lka,1964,14.068
lka,1965,14.388
lka,1966,14.379
lka,1967,14.175
lka,1968,13.781
lka,1969,13.580
lka,1970,13.788
lka,1971,14.285
lka,1972,15.184
lka,1973,16.132
lka,1974,17.052
lka,1975,17.709
lka,1976,17.744
lka,1977,17.125
lka,1978,15.570
lka,1979,13.117
lka,1980,10.643
lka,1981,9.1906
lka,1982,9.3074
lka,1983,9.8416
lka,1984,9.1769
lka,1985,7.2795
lka,1986,4.8798
lka,1987,3.0265
lka,1988,1.9568
lka,1989,1.7436
lka,1990,3.7502
lka,1991,3.1098
lka,1992,3.8546
lka,1993,4.1992
lka,1994,4.0516
lka,1995,3.6455
lka,1996,3.2362
lka,1997,3.0150
lka,1998,2.9147
lka,1999,2.9231
lka,2000,3.0153
lka,2001,3.0608
lka,2002,2.9994
lka,2003,2.9870
lka,2004,3.2544
lka,2005,8.5302
lka,2006,4.1184
lka,2007,3.8706
lka,2008,3.2945
lka,2009,2.8387
lka,2010,6.1566
lka,2011,2.6510
lka,2012,2.5336
lka,2013,2.3282
lka,2014,2.1354
lka,2015,2.0014
lka,2016,1.8640
lka,2017,1.6985
lka,2018,1.5225
lka,2019,1.3829
lka,2020,1.2922
lka,2021,1.1874
lka,2022,1.0763
lka,2023,0.97936
lka,2024,0.89432
lso,1955,74.385
lso,1956,73.696
lso,1957,72.489
lso,1958,71.226
lso,1959,70.097
lso,1960,69.363
lso,1961,69.167
lso,1962,69.453
lso,1963,70.335
lso,1964,71.987
lso,1965,73.327
lso,1966,74.297
lso,1967,74.715
lso,1968,74.841
lso,1969,74.537
lso,1970,73.792
lso,1971,72.796
lso,1972,71.556
lso,1973,70.621
lso,1974,69.416
lso,1975,67.740
lso,1976,65.691
lso,1977,63.380
lso,1978,60.992
lso,1979,58.486
lso,1980,55.893
lso,1981,53.120
lso,1982,50.321
lso,1983,47.453
lso,1984,44.673
lso,1985,42.201
lso,1986,40.054
lso,1987,38.129
lso,1988,36.438
lso,1989,34.808
lso,1990,33.506
lso,1991,32.546
lso,1992,32.158
lso,1993,32.403
lso,1994,33.182
lso,1995,34.374
lso,1996,35.497
lso,1997,36.175
lso,1998,36.604
lso,1999,37.148
lso,2000,37.859
lso,2001,38.215
lso,2002,38.222
lso,2003,37.999
lso,2004,38.300
lso,2005,38.985
lso,2006,39.917
lso,2007,40.125
lso,2008,38.835
lso,2009,42.016
lso,2010,37.924
lso,2011,36.321
lso,2012,34.105
lso,2013,34.296
lso,2014,34.333
lso,2015,33.114
lso,2016,31.739
lso,2017,31.123
lso,2018,31.262
lso,2019,28.328
lso,2020,26.819
lso,2021,24.721
lso,2022,23.191
lso,2023,21.089
lso,2024,19.043
ltu,1982,7.6415
ltu,1983,7.5159
ltu,1984,7.1830
ltu,1985,6.6756
ltu,1986,6.0695
ltu,1987,5.3727
ltu,1988,4.7784
ltu,1989,4.4063
ltu,1990,4.0931
ltu,1991,3.7344
ltu,1992,3.1860
ltu,1993,2.8739
ltu,1994,3.1997
ltu,1995,3.6398
ltu,1996,3.8734
ltu,1997,3.8427
ltu,1998,3.8108
ltu,1999,3.8347
ltu,2000,3.7799
ltu,2001,3.6847
ltu,2002,3.4928
ltu,2003,3.2559
ltu,2004,3.0166
ltu,2005,2.7846
ltu,2006,2.6963
ltu,2007,2.6276
ltu,2008,2.5159
ltu,2009,2.3348
ltu,2010,2.0734
ltu,2011,1.8170
ltu,2012,1.5905
ltu,2013,1.4816
ltu,2014,1.4950
ltu,2015,1.5213
ltu,2016,1.5321
ltu,2017,1.4496
ltu,2018,1.2781
ltu,2019,1.0660
ltu,2020,0.87615
ltu,2021,0.78750
ltu,2022,0.75211
ltu,2023,0.72656
ltu,2024,0.67220
lux,1966,6.3084
lux,1967,6.5848
lux,1968,6.4796
lux,1969,6.1722
lux,1970,5.7378
lux,1971,5.2920
lux,1972,4.9419
lux,1973,4.7996
lux,1974,4.5750
lux,1975,4.2751
lux,1976,3.8674
lux,1977,3.5493
lux,1978,3.5419
lux,1979,3.6781
lux,1980,3.8899
lux,1981,4.0388
lux,1982,4.0989
lux,1983,4.1070
lux,1984,4.0096
lux,1985,3.8913
lux,1986,3.6922
lux,1987,3.4550
lux,1988,3.2089
lux,1989,2.9459
lux,1990,2.7460
lux,1991,2.5851
lux,1992,2.4481
lux,1993,2.3386
lux,1994,2.1806
lux,1995,2.0185
lux,1996,1.8465
lux,1997,1.6769
lux,1998,1.5417
lux,1999,1.4015
lux,2000,1.2983
lux,2001,1.2128
lux,2002,1.1317
lux,2003,1.0593
lux,2004,0.99192
lux,2005,0.94673
lux,2006,0.89909
lux,2007,0.84600
lux,2008,0.78015
lux,2009,0.71078
lux,2010,0.65576
lux,2011,0.61035
lux,2012,0.57319
lux,2013,0.54248
lux,2014,0.50969
lux,2015,0.48405
lux,2016,0.45869
lux,2017,0.42778
lux,2018,0.38903
lux,2019,0.33438
lux,2020,0.27793
lux,2021,0.21548
lux,2022,0.15372
lux,2023,0.098601
lux,2024,0.056309
lva,1981,7.1594
lva,1982,7.4210
lva,1983,7.5162
lva,1984,7.3483
lva,1985,6.8859
lva,1986,6.2187
lva,1987,5.5439
lva,1988,5.0393
lva,1989,4.6803
lva,1990,4.5434
lva,1991,4.4901
lva,1992,4.3686
lva,1993,4.1846
lva,1994,3.9811
lva,1995,3.9239
lva,1996,3.9820
lva,1997,4.1162
lva,1998,4.2617
lva,1999,4.2660
lva,2000,4.1625
lva,2001,3.9643
lva,2002,3.7848
lva,2003,3.6929
lva,2004,3.5180
lva,2005,3.2608
lva,2006,2.9160
lva,2007,2.6093
lva,2008,2.3933
lva,2009,2.2154
lva,2010,2.0962
lva,2011,1.9907
lva,2012,1.8828
lva,2013,1.7808
lva,2014,1.6345
lva,2015,1.4926
lva,2016,1.3443
lva,2017,1.2189
lva,2018,1.1291
lva,2019,1.0521
lva,2020,1.0132
lva,2021,0.98050
lva,2022,0.94156
lva,2023,0.87599
lva,2024,0.77759
mar,1958,76.974
mar,1959,76.869
mar,1960,76.661
mar,1961,76.295
mar,1962,75.784
mar,1963,75.188
mar,1964,74.426
mar,1965,73.514
mar,1966,72.346
mar,1967,71.251
mar,1968,70.157
mar,1969,69.030
mar,1970,68.055
mar,1971,67.289
mar,1972,66.543
mar,1973,65.861
mar,1974,64.916
mar,1975,63.703
mar,1976,62.041
mar,1977,59.790
mar,1978,57.142
mar,1979,54.354
mar,1980,51.325
mar,1981,48.405
mar,1982,45.475
mar,1983,42.776
mar,1984,40.225
mar,1985,37.723
mar,1986,35.375
mar,1987,33.097
mar,1988,31.161
mar,1989,29.365
mar,1990,27.792
mar,1991,26.419
mar,1992,25.006
mar,1993,23.743
mar,1994,22.512
mar,1995,21.264
mar,1996,20.070
mar,1997,18.943
mar,1998,17.868
mar,1999,16.910
mar,2000,15.948
mar,2001,15.085
mar,2002,14.186
mar,2003,13.257
mar,2004,12.346
mar,2005,11.406
mar,2006,10.515
mar,2007,9.6181
mar,2008,8.7920
mar,2009,8.2882
mar,2010,7.8239
mar,2011,7.3920
mar,2012,7.0005
mar,2013,6.6287
mar,2014,6.2410
mar,2015,5.8676
mar,2016,5.5128
mar,2017,5.1599
mar,2018,4.8349
mar,2019,4.5353
mar,2020,4.2757
mar,2021,4.0104
mar,2022,3.7530
mar,2023,3.5323
mar,2024,3.3292
mco,1990,1.2203
mco,1991,1.1493
mco,1992,1.0711
mco,1993,0.99612
mco,1994,0.92663
mco,1995,0.86670
mco,1996,0.80939
mco,1997,0.75582
mco,1998,0.70772
mco,1999,0.66335
mco,2000,0.62563
mco,2001,0.59004
mco,2002,0.55184
mco,2003,0.52111
mco,2004,0.49102
mco,2005,0.46603
mco,2006,0.44504
mco,2007,0.42410
mco,2008,0.40960
mco,2009,0.39241
mco,2010,0.37304
mco,2011,0.35371
mco,2012,0.33572
mco,2013,0.31617
mco,2014,0.29740
mco,2015,0.28701
mco,2016,0.27085
mco,2017,0.25838
mco,2018,0.24815
mco,2019,0.23363
mco,2020,0.22704
mco,2021,0.21514
mco,2022,0.20284
mco,2023,0.19163
mco,2024,0.18190
mda,1983,13.803
mda,1984,13.073
mda,1985,12.257
mda,1986,11.421
mda,1987,10.603
mda,1988,9.9234
mda,1989,9.3712
mda,1990,8.9759
mda,1991,8.7326
mda,1992,8.6610
mda,1993,8.8371
mda,1994,9.0790
mda,1995,9.3403
mda,1996,9.3828
mda,1997,9.0034
mda,1998,8.2810
mda,1999,7.3762
mda,2000,6.5950
mda,2001,5.8062
mda,2002,5.1054
mda,2003,4.5098
mda,2004,3.9824
mda,2005,3.5443
mda,2006,3.1684
mda,2007,2.8484
mda,2008,2.5853
mda,2009,2.3697
mda,2010,2.2129
mda,2011,2.0637
mda,2012,1.9102
mda,2013,1.7899
mda,2014,1.6902
mda,2015,1.6195
mda,2016,1.5530
mda,2017,1.5035
mda,2018,1.4641
mda,2019,1.4072
mda,2020,1.3554
mda,2021,1.3114
mda,2022,1.2837
mda,2023,1.2517
mda,2024,1.2230
mdg,1973,41.836
mdg,1974,43.507
mdg,1975,45.202
mdg,1976,46.810
mdg,1977,48.180
mdg,1978,49.534
mdg,1979,50.617
mdg,1980,51.727
mdg,1981,53.056
mdg,1982,54.483
mdg,1983,55.763
mdg,1984,56.791
mdg,1985,57.257
mdg,1986,57.187
mdg,1987,56.599
mdg,1988,55.287
mdg,1989,53.736
mdg,1990,51.897
mdg,1991,49.858
mdg,1992,47.806
mdg,1993,46.087
mdg,1994,44.508
mdg,1995,42.998
mdg,1996,41.432
mdg,1997,39.734
mdg,1998,37.941
mdg,1999,36.017
mdg,2000,34.116
mdg,2001,32.278
mdg,2002,30.523
mdg,2003,28.882
mdg,2004,27.356
mdg,2005,25.875
mdg,2006,24.474
mdg,2007,23.154
mdg,2008,21.898
mdg,2009,20.822
mdg,2010,19.882
mdg,2011,19.092
mdg,2012,18.484
mdg,2013,18.059
mdg,2014,17.781
mdg,2015,17.645
mdg,2016,17.604
mdg,2017,17.593
mdg,2018,17.603
mdg,2019,17.609
mdg,2020,17.537
mdg,2021,17.330
mdg,2022,17.055
mdg,2023,16.562
mdg,2024,15.888
mdv,1987,31.328
mdv,1988,29.388
mdv,1989,27.556
mdv,1990,25.871
mdv,1991,24.230
mdv,1992,22.933
mdv,1993,21.234
mdv,1994,19.667
mdv,1995,17.966
mdv,1996,16.379
mdv,1997,15.053
mdv,1998,13.579
mdv,1999,12.001
mdv,2000,10.444
mdv,2001,8.9206
mdv,2002,7.8731
mdv,2003,7.0610
mdv,2004,6.2619
mdv,2005,6.4254
mdv,2006,4.8513
mdv,2007,4.4039
mdv,2008,4.0504
mdv,2009,3.8371
mdv,2010,3.6993
mdv,2011,3.5841
mdv,2012,3.4646
mdv,2013,3.2637
mdv,2014,2.9962
mdv,2015,2.6337
mdv,2016,2.1949
mdv,2017,1.7115
mdv,2018,1.2782
mdv,2019,1.0479
mdv,2020,0.93804
mdv,2021,0.86859
mdv,2022,0.79672
mdv,2023,0.70250
mdv,2024,0.59706
mex,1954,58.303
mex,1955,56.809
mex,1956,54.716
mex,1957,52.670
mex,1958,51.369
mex,1959,49.858
mex,1960,48.783
mex,1961,47.556
mex,1962,46.742
mex,1963,45.974
mex,1964,44.616
mex,1965,42.814
mex,1966,40.708
mex,1967,38.628
mex,1968,37.186
mex,1969,35.818
mex,1970,34.619
mex,1971,33.829
mex,1972,33.073
mex,1973,32.720
mex,1974,32.111
mex,1975,31.504
mex,1976,30.763
mex,1977,29.936
mex,1978,29.140
mex,1979,28.112
mex,1980,26.884
mex,1981,25.449
mex,1982,24.053
mex,1983,22.705
mex,1984,21.326
mex,1985,20.095
mex,1986,18.882
mex,1987,17.699
mex,1988,16.575
mex,1989,15.454
mex,1990,14.457
mex,1991,13.426
mex,1992,12.481
mex,1993,11.572
mex,1994,10.674
mex,1995,9.9564
mex,1996,9.4913
mex,1997,9.0806
mex,1998,8.7324
mex,1999,8.4015
mex,2000,8.2528
mex,2001,8.1859
mex,2002,8.2619
mex,2003,8.4942
mex,2004,8.7038
mex,2005,8.7958
mex,2006,8.7505
mex,2007,8.5132
mex,2008,8.0960
mex,2009,7.5815
mex,2010,7.1188
mex,2011,6.7453
mex,2012,6.4267
mex,2013,6.1573
mex,2014,5.8772
mex,2015,5.5494
mex,2016,5.1314
mex,2017,4.6138
mex,2018,4.0176
mex,2019,3.4684
mex,2020,3.0281
mex,2021,2.6476
mex,2022,2.3645
mex,2023,2.1424
mex,2024,1.9335
mhl,1990,15.128
mhl,1991,14.573
mhl,1992,14.075
mhl,1993,13.621
mhl,1994,13.109
mhl,1995,12.705
mhl,1996,12.302
mhl,1997,11.978
mhl,1998,11.728
mhl,1999,11.573
mhl,2000,11.530
mhl,2001,11.460
mhl,2002,11.508
mhl,2003,11.562
mhl,2004,11.476
mhl,2005,11.394
mhl,2006,11.075
mhl,2007,10.657
mhl,2008,10.294
mhl,2009,9.9373
mhl,2010,9.5717
mhl,2011,9.2461
mhl,2012,8.8379
mhl,2013,8.4007
mhl,2014,7.9699
mhl,2015,7.5182
mhl,2016,7.1044
mhl,2017,6.7465
mhl,2018,6.3933
mhl,2019,6.0248
mhl,2020,5.5903
mhl,2021,5.2897
mhl,2022,4.9712
mhl,2023,4.6931
mhl,2024,4.3847
mkd,1983,28.594
mkd,1984,27.159
mkd,1985,25.497
mkd,1986,24.460
mkd,1987,23.493
mkd,1988,22.195
mkd,1989,20.063
mkd,1990,17.452
mkd,1991,15.048
mkd,1992,13.790
mkd,1993,13.521
mkd,1994,12.898
mkd,1995,11.244
mkd,1996,8.8251
mkd,1997,6.8183
mkd,1998,5.8211
mkd,1999,5.3025
mkd,2000,5.0016
mkd,2001,4.6728
mkd,2002,4.3569
mkd,2003,4.1988
mkd,2004,3.9691
mkd,2005,3.5298
mkd,2006,2.9209
mkd,2007,2.4288
mkd,2008,2.2256
mkd,2009,2.1390
mkd,2010,2.1132
mkd,2011,2.0581
mkd,2012,1.9570
mkd,2013,1.8770
mkd,2014,1.7499
mkd,2015,1.5833
mkd,2016,1.3972
mkd,2017,1.2977
mkd,2018,1.3321
mkd,2019,1.3707
mkd,2020,1.4495
mkd,2021,1.5271
mkd,2022,1.5342
mkd,2023,1.3991
mkd,2024,1.1149
mli,1967,95.487
mli,1968,93.978
mli,1969,92.604
mli,1970,90.983
mli,1971,89.335
mli,1972,87.341
mli,1973,85.412
mli,1974,83.071
mli,1975,80.662
mli,1976,78.014
mli,1977,75.348
mli,1978,73.223
mli,1979,71.265
mli,1980,69.854
mli,1981,69.168
mli,1982,68.378
mli,1983,67.807
mli,1984,66.794
mli,1985,65.077
mli,1986,62.828
mli,1987,60.443
mli,1988,58.268
mli,1989,56.390
mli,1990,55.041
mli,1991,54.331
mli,1992,53.978
mli,1993,53.912
mli,1994,53.711
mli,1995,53.489
mli,1996,53.341
mli,1997,52.893
mli,1998,52.314
mli,1999,51.316
mli,2000,50.156
mli,2001,48.789
mli,2002,47.143
mli,2003,45.544
mli,2004,44.001
mli,2005,42.390
mli,2006,40.821
mli,2007,39.145
mli,2008,37.658
mli,2009,36.236
mli,2010,34.869
mli,2011,33.867
mli,2012,32.840
mli,2013,31.839
mli,2014,30.624
mli,2015,29.434
mli,2016,28.180
mli,2017,26.857
mli,2018,25.473
mli,2019,24.176
mli,2020,22.678
mli,2021,21.204
mli,2022,19.716
mli,2023,18.323
mli,2024,17.014
mlt,1971,4.9098
mlt,1972,4.8615
mlt,1973,4.7702
mlt,1974,4.6073
mlt,1975,4.4022
mlt,1976,4.1753
mlt,1977,3.9384
mlt,1978,3.7106
mlt,1979,3.4815
mlt,1980,3.2610
mlt,1981,3.0427
mlt,1982,2.8695
mlt,1983,2.7565
mlt,1984,2.6656
mlt,1985,2.5964
mlt,1986,2.5262
mlt,1987,2.4551
mlt,1988,2.3656
mlt,1989,2.2669
mlt,1990,2.1712
mlt,1991,2.0683
mlt,1992,1.9728
mlt,1993,1.8715
mlt,1994,1.7756
mlt,1995,1.6964
mlt,1996,1.6210
mlt,1997,1.5672
mlt,1998,1.5182
mlt,1999,1.4641
mlt,2000,1.4100
mlt,2001,1.3569
mlt,2002,1.3169
mlt,2003,1.2859
mlt,2004,1.2652
mlt,2005,1.2535
mlt,2006,1.2421
mlt,2007,1.2391
mlt,2008,1.2278
mlt,2009,1.2199
mlt,2010,1.2147
mlt,2011,1.1926
mlt,2012,1.1821
mlt,2013,1.1769
mlt,2014,1.1695
mlt,2015,1.1635
mlt,2016,1.1493
mlt,2017,1.1317
mlt,2018,1.1056
mlt,2019,1.0772
mlt,2020,1.0400
mlt,2021,0.99921
mlt,2022,0.94737
mlt,2023,0.89501
mlt,2024,0.84206
mmr,1990,37.273
mmr,1991,37.190
mmr,1992,36.889
mmr,1993,36.457
mmr,1994,36.349
mmr,1995,36.070
mmr,1996,35.610
mmr,1997,35.154
mmr,1998,34.554
mmr,1999,34.211
mmr,2000,33.666
mmr,2001,33.112
mmr,2002,32.457
mmr,2003,31.805
mmr,2004,31.105
mmr,2005,30.228
mmr,2006,29.179
mmr,2007,27.942
mmr,2008,26.558
mmr,2009,36.062
mmr,2010,23.696
mmr,2011,22.065
mmr,2012,20.429
mmr,2013,18.726
mmr,2014,17.202
mmr,2015,15.759
mmr,2016,14.406
mmr,2017,13.214
mmr,2018,12.150
mmr,2019,11.240
mmr,2020,10.367
mmr,2021,9.5545
mmr,2022,8.7873
mmr,2023,8.0300
mmr,2024,7.4193
mne,1990,3.0055
mne,1991,3.0829
mne,1992,2.9678
mne,1993,2.8696
mne,1994,2.8067
mne,1995,2.8558
mne,1996,2.9870
mne,1997,3.1727
mne,1998,3.4025
mne,1999,3.5257
mne,2000,3.5772
mne,2001,3.4488
mne,2002,3.1036
mne,2003,2.6741
mne,2004,2.2625
mne,2005,2.0070
mne,2006,1.8057
mne,2007,1.6019
mne,2008,1.3956
mne,2009,1.1793
mne,2010,1.0193
mne,2011,0.91531
mne,2012,0.85740
mne,2013,0.85823
mne,2014,0.86140
mne,2015,0.88062
mne,2016,0.89971
mne,2017,0.92910
mne,2018,0.98393
mne,2019,1.0294
mne,2020,1.0504
mne,2021,1.0207
mne,2022,0.93549
mne,2023,0.82755
mne,2024,0.71720
mng,1987,48.422
mng,1988,46.652
mng,1989,44.656
mng,1990,42.601
mng,1991,40.519
mng,1992,38.443
mng,1993,36.412
mng,1994,34.426
mng,1995,32.438
mng,1996,30.649
mng,1997,28.810
mng,1998,26.926
mng,1999,25.067
mng,2000,23.148
mng,2001,21.191
mng,2002,19.116
mng,2003,17.147
mng,2004,15.342
mng,2005,13.640
mng,2006,12.221
mng,2007,11.018
mng,2008,10.371
mng,2009,9.8821
mng,2010,9.3675
mng,2011,8.7408
mng,2012,8.0543
mng,2013,7.3511
mng,2014,6.7181
mng,2015,6.1364
mng,2016,5.6711
mng,2017,5.2524
mng,2018,4.8281
mng,2019,4.4073
mng,2020,4.0051
mng,2021,3.6988
mng,2022,3.5081
mng,2023,3.4602
mng,2024,3.5166
moz,1981,81.277
moz,1982,82.514
moz,1983,83.140
moz,1984,83.388
moz,1985,83.465
moz,1986,83.345
moz,1987,83.025
moz,1988,82.604
moz,1989,82.489
moz,1990,82.672
moz,1991,82.736
moz,1992,82.482
moz,1993,81.948
moz,1994,80.997
moz,1995,79.372
moz,1996,77.070
moz,1997,73.965
moz,1998,70.179
moz,1999,66.235
moz,2000,62.437
moz,2001,58.839
moz,2002,55.391
moz,2003,52.199
moz,2004,49.192
moz,2005,46.296
moz,2006,43.561
moz,2007,40.536
moz,2008,35.866
moz,2009,34.227
moz,2010,31.818
moz,2011,32.355
moz,2012,29.278
moz,2013,27.585
moz,2014,26.525
moz,2015,25.430
moz,2016,24.549
moz,2017,23.612
moz,2018,22.143
moz,2019,21.114
moz,2020,19.997
moz,2021,19.173
moz,2022,17.608
moz,2023,16.196
moz,2024,15.004
mrt,1959,65.872
mrt,1960,64.442
mrt,1961,62.944
mrt,1962,61.364
mrt,1963,59.700
mrt,1964,57.780
mrt,1965,55.651
mrt,1966,53.626
mrt,1967,51.479
mrt,1968,49.277
mrt,1969,47.226
mrt,1970,45.598
mrt,1971,44.684
mrt,1972,44.513
mrt,1973,45.027
mrt,1974,45.882
mrt,1975,46.327
mrt,1976,46.341
mrt,1977,45.583
mrt,1978,44.437
mrt,1979,42.671
mrt,1980,40.667
mrt,1981,38.611
mrt,1982,36.355
mrt,1983,34.236
mrt,1984,32.256
mrt,1985,30.281
mrt,1986,28.508
mrt,1987,26.903
mrt,1988,25.778
mrt,1989,25.038
mrt,1990,24.950
mrt,1991,25.098
mrt,1992,25.492
mrt,1993,25.914
mrt,1994,26.326
mrt,1995,26.541
mrt,1996,26.887
mrt,1997,27.080
mrt,1998,27.219
mrt,1999,27.213
mrt,2000,26.763
mrt,2001,25.976
mrt,2002,24.751
mrt,2003,23.070
mrt,2004,21.169
mrt,2005,19.233
mrt,2006,17.431
mrt,2007,15.790
mrt,2008,14.520
mrt,2009,13.562
mrt,2010,12.833
mrt,2011,12.416
mrt,2012,12.110
mrt,2013,11.858
mrt,2014,11.592
mrt,2015,11.300
mrt,2016,10.980
mrt,2017,10.488
mrt,2018,9.9684
mrt,2019,9.3337
mrt,2020,8.6797
mrt,2021,8.0128
mrt,2022,7.3806
mrt,2023,6.7742
mrt,2024,6.2372
msr,1990,4.6717
msr,1991,4.4336
msr,1992,4.2519
msr,1993,4.0709
msr,1994,3.8927
msr,1995,3.7316
msr,1996,3.5728
msr,1997,3.4103
msr,1998,3.2471
msr,1999,3.0866
msr,2000,2.9339
msr,2001,2.7926
msr,2002,2.6385
msr,2003,2.5035
msr,2004,2.3688
msr,2005,2.2490
msr,2006,2.1254
msr,2007,2.0079
msr,2008,1.8875
msr,2009,1.7904
msr,2010,1.7025
msr,2011,1.6167
msr,2012,1.5309
msr,2013,1.4586
msr,2014,1.3785
msr,2015,1.3039
msr,2016,1.2343
msr,2017,1.1590
msr,2018,1.0901
msr,2019,1.0345
msr,2020,0.98231
msr,2021,0.93389
msr,2022,0.88442
msr,2023,0.83618
msr,2024,0.79439
mus,1970,32.070
mus,1971,29.331
mus,1972,28.442
mus,1973,28.571
mus,1974,28.647
mus,1975,27.093
mus,1976,23.615
mus,1977,19.345
mus,1978,16.083
mus,1979,14.344
mus,1980,13.102
mus,1981,11.979
mus,1982,10.564
mus,1983,9.1689
mus,1984,7.8994
mus,1985,6.8663
mus,1986,6.4922
mus,1987,6.4151
mus,1988,6.2347
mus,1989,5.8620
mus,1990,5.2915
mus,1991,4.7591
mus,1992,4.2942
mus,1993,4.0026
mus,1994,3.9369
mus,1995,3.9016
mus,1996,3.8839
mus,1997,3.8094
mus,1998,3.7130
mus,1999,3.6926
mus,2000,3.6698
mus,2001,3.7216
mus,2002,3.7325
mus,2003,3.6619
mus,2004,3.5288
mus,2005,3.3279
mus,2006,3.1405
mus,2007,2.9999
mus,2008,2.9650
mus,2009,3.0613
mus,2010,3.1708
mus,2011,3.2713
mus,2012,3.3365
mus,2013,3.3570
mus,2014,3.3797
mus,2015,3.3597
mus,2016,3.3891
mus,2017,3.4134
mus,2018,3.4480
mus,2019,3.5084
mus,2020,3.5621
mus,2021,3.7071
mus,2022,3.8640
mus,2023,3.9611
mus,2024,3.8776
mwi,1970,89.433
mwi,1971,90.202
mwi,1972,90.559
mwi,1973,89.874
mwi,1974,88.602
mwi,1975,87.117
mwi,1976,85.233
mwi,1977,83.143
mwi,1978,80.599
mwi,1979,77.825
mwi,1980,74.710
mwi,1981,72.078
mwi,1982,70.511
mwi,1983,70.292
mwi,1984,71.915
mwi,1985,74.686
mwi,1986,77.929
mwi,1987,80.841
mwi,1988,82.690
mwi,1989,83.450
mwi,1990,82.681
mwi,1991,80.998
mwi,1992,78.596
mwi,1993,75.635
mwi,1994,72.989
mwi,1995,70.557
mwi,1996,68.285
mwi,1997,67.354
mwi,1998,66.489
mwi,1999,65.316
mwi,2000,62.887
mwi,2001,59.238
mwi,2002,54.175
mwi,2003,48.291
mwi,2004,42.457
mwi,2005,37.242
mwi,2006,33.428
mwi,2007,31.061
mwi,2008,29.411
mwi,2009,27.086
mwi,2010,25.628
mwi,2011,24.265
mwi,2012,21.502
mwi,2013,19.143
mwi,2014,16.864
mwi,2015,15.237
mwi,2016,13.528
mwi,2017,12.017
mwi,2018,10.581
mwi,2019,9.1609
mwi,2020,8.4482
mwi,2021,7.5597
mwi,2022,6.9709
mwi,2023,6.4673
mwi,2024,5.7842
mys,1952,70.651
mys,1953,67.522
mys,1954,64.308
mys,1955,61.027
mys,1956,58.027
mys,1957,55.020
mys,1958,51.961
mys,1959,48.923
mys,1960,45.790
mys,1961,42.750
mys,1962,39.618
mys,1963,36.639
mys,1964,34.027
mys,1965,31.700
mys,1966,29.709
mys,1967,28.007
mys,1968,26.584
mys,1969,25.287
mys,1970,24.022
mys,1971,22.836
mys,1972,21.466
mys,1973,19.920
mys,1974,18.177
mys,1975,16.372
mys,1976,14.675
mys,1977,13.009
mys,1978,11.531
mys,1979,10.454
mys,1980,9.5235
mys,1981,8.6271
mys,1982,7.8523
mys,1983,7.1304
mys,1984,6.5445
mys,1985,5.9686
mys,1986,5.4943
mys,1987,5.0347
mys,1988,4.6501
mys,1989,4.3179
mys,1990,4.0075
mys,1991,3.7615
mys,1992,3.5056
mys,1993,3.2916
mys,1994,3.1032
mys,1995,2.9271
mys,1996,2.7954
mys,1997,2.6646
mys,1998,2.5239
mys,1999,2.3741
mys,2000,2.1856
mys,2001,2.0211
mys,2002,1.8855
mys,2003,1.7851
mys,2004,1.7448
mys,2005,1.7424
mys,2006,1.7596
mys,2007,1.7736
mys,2008,1.7977
mys,2009,1.8415
mys,2010,1.8707
mys,2011,1.9023
mys,2012,1.9446
mys,2013,1.9916
mys,2014,2.0695
mys,2015,2.1304
mys,2016,2.1647
mys,2017,2.1581
mys,2018,2.1363
mys,2019,2.1348
mys,2020,2.1321
mys,2021,2.1437
mys,2022,2.1716
mys,2023,2.2197
mys,2024,2.2849
nam,1970,21.680
nam,1971,22.622
nam,1972,23.152
nam,1973,23.737
nam,1974,24.359
nam,1975,25.092
nam,1976,26.033
nam,1977,27.431
nam,1978,29.153
nam,1979,30.857
nam,1980,32.230
nam,1981,33.028
nam,1982,32.977
nam,1983,32.458
nam,1984,31.449
nam,1985,30.165
nam,1986,28.998
nam,1987,27.792
nam,1988,26.796
nam,1989,25.830
nam,1990,24.751
nam,1991,23.762
nam,1992,22.491
nam,1993,21.405
nam,1994,20.543
nam,1995,19.925
nam,1996,19.767
nam,1997,19.993
nam,1998,20.733
nam,1999,21.486
nam,2000,22.032
nam,2001,22.354
nam,2002,22.598
nam,2003,22.819
nam,2004,22.787
nam,2005,22.107
nam,2006,19.309
nam,2007,17.341
nam,2008,17.837
nam,2009,18.703
nam,2010,19.460
nam,2011,17.609
nam,2012,17.416
nam,2013,19.081
nam,2014,17.317
nam,2015,15.534
nam,2016,15.173
nam,2017,14.650
nam,2018,13.320
nam,2019,12.866
nam,2020,12.310
nam,2021,11.659
nam,2022,11.083
nam,2023,10.219
nam,2024,9.8385
ner,1970,80.866
ner,1971,82.444
ner,1972,84.066
ner,1973,85.071
ner,1974,85.764
ner,1975,85.673
ner,1976,85.421
ner,1977,84.429
ner,1978,83.187
ner,1979,81.749
ner,1980,80.362
ner,1981,79.400
ner,1982,79.284
ner,1983,80.085
ner,1984,81.507
ner,1985,83.459
ner,1986,85.430
ner,1987,87.131
ner,1988,88.157
ner,1989,88.742
ner,1990,88.757
ner,1991,88.165
ner,1992,86.956
ner,1993,85.044
ner,1994,82.413
ner,1995,78.953
ner,1996,75.091
ner,1997,71.055
ner,1998,67.590
ner,1999,64.716
ner,2000,62.261
ner,2001,59.760
ner,2002,57.042
ner,2003,53.932
ner,2004,50.374
ner,2005,46.901
ner,2006,43.361
ner,2007,40.223
ner,2008,37.587
ner,2009,35.418
ner,2010,33.633
ner,2011,32.477
ner,2012,31.525
ner,2013,30.813
ner,2014,30.455
ner,2015,30.112
ner,2016,29.717
ner,2017,29.346
ner,2018,28.922
ner,2019,28.519
ner,2020,28.004
ner,2021,27.292
ner,2022,26.479
ner,2023,25.419
ner,2024,24.108
nga,1968,84.282
nga,1969,81.507
nga,1970,78.700
nga,1971,75.742
nga,1972,72.407
nga,1973,69.212
nga,1974,65.772
nga,1975,62.508
nga,1976,59.477
nga,1977,56.611
nga,1978,54.346
nga,1979,52.243
nga,1980,50.786
nga,1981,49.706
nga,1982,48.869
nga,1983,48.589
nga,1984,48.775
nga,1985,49.305
nga,1986,49.995
nga,1987,50.769
nga,1988,51.473
nga,1989,51.985
nga,1990,52.477
nga,1991,52.758
nga,1992,52.892
nga,1993,52.994
nga,1994,53.127
nga,1995,53.249
nga,1996,53.125
nga,1997,52.669
nga,1998,51.952
nga,1999,50.864
nga,2000,49.611
nga,2001,48.234
nga,2002,46.748
nga,2003,45.267
nga,2004,43.591
nga,2005,41.944
nga,2006,40.156
nga,2007,38.400
nga,2008,36.797
nga,2009,35.347
nga,2010,34.088
nga,2011,32.910
nga,2012,31.926
nga,2013,31.109
nga,2014,30.291
nga,2015,29.509
nga,2016,28.544
nga,2017,27.562
nga,2018,26.328
nga,2019,24.926
nga,2020,23.371
nga,2021,21.906
nga,2022,20.413
nga,2023,19.015
nga,2024,17.704
nic,1975,66.384
nic,1976,63.867
nic,1977,61.053
nic,1978,57.874
nic,1979,54.614
nic,1980,51.337
nic,1981,48.059
nic,1982,44.780
nic,1983,41.795
nic,1984,39.104
nic,1985,36.839
nic,1986,34.901
nic,1987,33.289
nic,1988,31.939
nic,1989,30.608
nic,1990,29.310
nic,1991,27.817
nic,1992,26.268
nic,1993,24.593
nic,1994,22.896
nic,1995,21.214
nic,1996,19.559
nic,1997,17.942
nic,1998,16.494
nic,1999,17.595
nic,2000,13.744
nic,2001,12.455
nic,2002,11.372
nic,2003,10.630
nic,2004,9.8346
nic,2005,9.0118
nic,2006,8.2065
nic,2007,7.3687
nic,2008,6.6126
nic,2009,5.9322
nic,2010,5.3298
nic,2011,4.8106
nic,2012,4.3559
nic,2013,4.0033
nic,2014,3.7006
nic,2015,3.4728
nic,2016,3.2791
nic,2017,3.0755
nic,2018,2.8680
nic,2019,2.5642
nic,2020,2.1574
nic,2021,1.7605
nic,2022,1.5204
nic,2023,1.5027
nic,2024,1.5018
niu,1990,5.1855
niu,1991,5.1551
niu,1992,5.1826
niu,1993,5.2764
niu,1994,5.3393
niu,1995,5.4143
niu,1996,5.5637
niu,1997,5.7106
niu,1998,5.8722
niu,1999,6.0164
niu,2000,6.1302
niu,2001,6.2318
niu,2002,6.2739
niu,2003,6.4140
niu,2004,6.4302
niu,2005,6.4222
niu,2006,6.4478
niu,2007,6.4053
niu,2008,6.2856
niu,2009,6.0919
niu,2010,5.8730
niu,2011,5.6953
niu,2012,5.4892
niu,2013,5.2164
niu,2014,4.9916
niu,2015,4.7429
niu,2016,4.5192
niu,2017,4.2798
niu,2018,4.0613
niu,2019,3.8548
niu,2020,3.6584
niu,2021,3.4538
niu,2022,3.2408
niu,2023,3.0885
niu,2024,2.9220
nld,1961,2.7433
nld,1962,2.7474
nld,1963,2.7853
nld,1964,2.9004
nld,1965,2.9738
nld,1966,2.9715
nld,1967,2.9140
nld,1968,2.9053
nld,1969,2.9800
nld,1970,3.0113
nld,1971,2.9355
nld,1972,2.7835
nld,1973,2.6547
nld,1974,2.6230
nld,1975,2.6150
nld,1976,2.6244
nld,1977,2.6331
nld,1978,2.6617
nld,1979,2.7372
nld,1980,2.8029
nld,1981,2.8560
nld,1982,2.8829
nld,1983,2.8893
nld,1984,2.8934
nld,1985,2.8629
nld,1986,2.7980
nld,1987,2.6885
nld,1988,2.5463
nld,1989,2.3930
nld,1990,2.2152
nld,1991,2.0409
nld,1992,1.8911
nld,1993,1.7848
nld,1994,1.7422
nld,1995,1.7327
nld,1996,1.7427
nld,1997,1.7217
nld,1998,1.6303
nld,1999,1.4703
nld,2000,1.2889
nld,2001,1.1882
nld,2002,1.1430
nld,2003,1.0986
nld,2004,1.0413
nld,2005,0.97864
nld,2006,0.93331
nld,2007,0.90530
nld,2008,0.89882
nld,2009,0.90960
nld,2010,0.91266
nld,2011,0.90113
nld,2012,0.87511
nld,2013,0.84297
nld,2014,0.82011
nld,2015,0.79883
nld,2016,0.79351
nld,2017,0.79470
nld,2018,0.79484
nld,2019,0.79867
nld,2020,0.79320
nld,2021,0.79179
nld,2022,0.78790
nld,2023,0.78515
nld,2024,0.77676
nor,1961,6.0187
nor,1962,5.5928
nor,1963,5.1325
nor,1964,4.8341
nor,1965,4.5570
nor,1966,4.2855
nor,1967,4.0015
nor,1968,3.7235
nor,1969,3.4964
nor,1970,3.2729
nor,1971,3.1000
nor,1972,2.9759
nor,1973,2.9312
nor,1974,2.9677
nor,1975,2.9850
nor,1976,2.9730
nor,1977,2.9052
nor,1978,2.8398
nor,1979,2.8120
nor,1980,2.8049
nor,1981,2.8606
nor,1982,2.9551
nor,1983,3.0778
nor,1984,3.2385
nor,1985,3.3804
nor,1986,3.5005
nor,1987,3.5525
nor,1988,3.5348
nor,1989,3.4340
nor,1990,3.2015
nor,1991,2.8539
nor,1992,2.4403
nor,1993,2.0493
nor,1994,1.7529
nor,1995,1.5379
nor,1996,1.4154
nor,1997,1.3432
nor,1998,1.2865
nor,1999,1.2348
nor,2000,1.1759
nor,2001,1.1304
nor,2002,1.0857
nor,2003,1.0435
nor,2004,1.0089
nor,2005,0.96272
nor,2006,0.91628
nor,2007,0.86596
nor,2008,0.81786
nor,2009,0.78241
nor,2010,0.74390
nor,2011,0.70474
nor,2012,0.66240
nor,2013,0.62327
nor,2014,0.59218
nor,2015,0.56452
nor,2016,0.54667
nor,2017,0.53117
nor,2018,0.51828
nor,2019,0.50985
nor,2020,0.50301
nor,2021,0.50381
nor,2022,0.51006
nor,2023,0.51580
nor,2024,0.51962
npl,1954,115.05
npl,1955,115.83
npl,1956,116.50
npl,1957,116.91
npl,1958,116.79
npl,1959,116.61
npl,1960,116.05
npl,1961,115.05
npl,1962,113.89
npl,1963,112.19
npl,1964,109.88
npl,1965,107.26
npl,1966,104.47
npl,1967,101.46
npl,1968,98.402
npl,1969,95.416
npl,1970,92.632
npl,1971,89.958
npl,1972,87.601
npl,1973,85.323
npl,1974,83.034
npl,1975,80.796
npl,1976,78.487
npl,1977,76.156
npl,1978,73.881
npl,1979,71.438
npl,1980,69.137
npl,1981,66.683
npl,1982,64.383
npl,1983,61.932
npl,1984,59.590
npl,1985,57.122
npl,1986,54.559
npl,1987,51.900
npl,1988,49.255
npl,1989,46.603
npl,1990,43.969
npl,1991,41.413
npl,1992,38.911
npl,1993,36.455
npl,1994,34.106
npl,1995,31.873
npl,1996,29.720
npl,1997,27.724
npl,1998,25.715
npl,1999,23.890
npl,2000,22.107
npl,2001,20.405
npl,2002,18.911
npl,2003,17.540
npl,2004,16.295
npl,2005,15.186
npl,2006,14.244
npl,2007,13.418
npl,2008,12.680
npl,2009,12.065
npl,2010,11.514
npl,2011,10.981
npl,2012,10.453
npl,2013,9.8959
npl,2014,9.3542
npl,2015,8.7673
npl,2016,8.1645
npl,2017,7.6824
npl,2018,7.3409
npl,2019,6.9758
npl,2020,6.6260
npl,2021,6.2604
npl,2022,5.9139
npl,2023,5.5892
npl,2024,5.2460
nru,1990,18.571
nru,1991,18.184
nru,1992,17.601
nru,1993,17.040
nru,1994,16.312
nru,1995,15.483
nru,1996,14.650
nru,1997,13.520
nru,1998,12.623
nru,1999,11.810
nru,2000,10.927
nru,2001,10.145
nru,2002,9.1053
nru,2003,8.1480
nru,2004,7.2291
nru,2005,6.5478
nru,2006,6.1172
nru,2007,5.7431
nru,2008,5.5204
nru,2009,5.3615
nru,2010,5.3465
nru,2011,5.4175
nru,2012,5.5118
nru,2013,5.5205
nru,2014,5.3917
nru,2015,5.0922
nru,2016,4.7113
nru,2017,4.2556
nru,2018,3.7790
nru,2019,3.3243
nru,2020,2.8926
nru,2021,2.5232
nru,2022,2.1882
nru,2023,1.9288
nru,2024,1.7350
nzl,1969,6.0936
nzl,1970,6.0853
nzl,1971,5.9643
nzl,1972,5.8340
nzl,1973,5.7208
nzl,1974,5.6722
nzl,1975,5.6467
nzl,1976,5.6964
nzl,1977,5.7660
nzl,1978,5.8366
nzl,1979,5.9517
nzl,1980,6.0379
nzl,1981,6.1482
nzl,1982,6.2338
nzl,1983,6.2851
nzl,1984,6.3082
nzl,1985,6.2664
nzl,1986,6.1744
nzl,1987,5.9991
nzl,1988,5.7372
nzl,1989,5.3974
nzl,1990,4.9872
nzl,1991,4.5736
nzl,1992,4.1963
nzl,1993,3.9192
nzl,1994,3.7635
nzl,1995,3.6140
nzl,1996,3.4189
nzl,1997,3.1814
nzl,1998,2.9347
nzl,1999,2.7264
nzl,2000,2.5254
nzl,2001,2.3655
nzl,2002,2.2310
nzl,2003,2.1356
nzl,2004,2.0984
nzl,2005,2.1013
nzl,2006,2.1729
nzl,2007,2.2437
nzl,2008,2.2459
nzl,2009,2.1625
nzl,2010,2.0085
nzl,2011,1.8412
nzl,2012,1.6702
nzl,2013,1.5257
nzl,2014,1.4265
nzl,2015,1.3593
nzl,2016,1.3374
nzl,2017,1.3268
nzl,2018,1.3057
nzl,2019,1.2468
nzl,2020,1.1528
nzl,2021,1.0525
nzl,2022,0.95753
nzl,2023,0.88015
nzl,2024,0.80993
omn,1972,92.480
omn,1973,87.630
omn,1974,82.654
omn,1975,77.454
omn,1976,72.158
omn,1977,66.668
omn,1978,61.111
omn,1979,55.378
omn,1980,49.906
omn,1981,44.860
omn,1982,40.071
omn,1983,35.642
omn,1984,31.444
omn,1985,27.358
omn,1986,23.750
omn,1987,20.589
omn,1988,17.725
omn,1989,15.326
omn,1990,13.201
omn,1991,11.457
omn,1992,10.162
omn,1993,9.2682
omn,1994,8.4511
omn,1995,7.6544
omn,1996,6.8993
omn,1997,6.2326
omn,1998,5.6867
omn,1999,5.1920
omn,2000,4.7516
omn,2001,4.3662
omn,2002,4.0430
omn,2003,3.7753
omn,2004,3.5639
omn,2005,3.3489
omn,2006,3.1997
omn,2007,3.0698
omn,2008,2.9520
omn,2009,2.8435
omn,2010,2.7793
omn,2011,2.7133
omn,2012,2.6189
omn,2013,2.5270
omn,2014,2.4481
omn,2015,2.3770
omn,2016,2.3161
omn,2017,2.2719
omn,2018,2.2145
omn,2019,2.1586
omn,2020,2.1182
omn,2021,2.0615
omn,2022,1.9909
omn,2023,1.9266
omn,2024,1.8780
pak,1953,109.14
pak,1954,104.64
pak,1955,99.978
pak,1956,95.266
pak,1957,91.154
pak,1958,86.997
pak,1959,83.194
pak,1960,79.779
pak,1961,76.493
pak,1962,73.477
pak,1963,70.674
pak,1964,68.156
pak,1965,65.737
pak,1966,63.725
pak,1967,62.192
pak,1968,60.926
pak,1969,59.969
pak,1970,59.241
pak,1971,58.681
pak,1972,58.150
pak,1973,57.703
pak,1974,57.099
pak,1975,56.709
pak,1976,56.105
pak,1977,55.781
pak,1978,55.625
pak,1979,55.496
pak,1980,55.454
pak,1981,55.326
pak,1982,55.324
pak,1983,55.263
pak,1984,55.141
pak,1985,54.746
pak,1986,54.098
pak,1987,53.240
pak,1988,52.199
pak,1989,50.919
pak,1990,49.441
pak,1991,47.847
pak,1992,46.164
pak,1993,44.364
pak,1994,42.604
pak,1995,40.822
pak,1996,39.007
pak,1997,37.203
pak,1998,35.453
pak,1999,33.833
pak,2000,32.405
pak,2001,31.014
pak,2002,29.925
pak,2003,28.931
pak,2004,28.066
pak,2005,27.345
pak,2006,26.570
pak,2007,25.776
pak,2008,24.951
pak,2009,24.017
pak,2010,23.041
pak,2011,22.020
pak,2012,21.042
pak,2013,20.068
pak,2014,19.065
pak,2015,18.092
pak,2016,17.060
pak,2017,16.009
pak,2018,14.976
pak,2019,13.969
pak,2020,13.045
pak,2021,12.139
pak,2022,11.251
pak,2023,10.464
pak,2024,9.6388
pan,1955,19.879
pan,1956,20.051
pan,1957,20.124
pan,1958,20.108
pan,1959,19.833
pan,1960,19.603
pan,1961,19.042
pan,1962,18.419
pan,1963,17.723
pan,1964,17.135
pan,1965,16.699
pan,1966,16.327
pan,1967,16.020
pan,1968,15.943
pan,1969,15.751
pan,1970,15.292
pan,1971,14.511
pan,1972,13.531
pan,1973,12.567
pan,1974,11.513
pan,1975,10.664
pan,1976,9.9122
pan,1977,9.2874
pan,1978,8.7857
pan,1979,8.4036
pan,1980,8.0257
pan,1981,7.6976
pan,1982,7.3091
pan,1983,6.9416
pan,1984,6.5640
pan,1985,6.2306
pan,1986,5.9886
pan,1987,5.9248
pan,1988,5.8034
pan,1989,5.7179
pan,1990,5.6280
pan,1991,5.5679
pan,1992,5.4653
pan,1993,5.4917
pan,1994,5.4950
pan,1995,5.5294
pan,1996,5.5517
pan,1997,5.6246
pan,1998,5.6663
pan,1999,5.6914
pan,2000,5.7265
pan,2001,5.7128
pan,2002,5.6421
pan,2003,5.5943
pan,2004,5.4920
pan,2005,5.4078
pan,2006,5.3316
pan,2007,5.2431
pan,2008,5.2216
pan,2009,5.1801
pan,2010,5.1740
pan,2011,5.1753
pan,2012,5.2172
pan,2013,5.3014
pan,2014,5.3429
pan,2015,5.3675
pan,2016,5.3424
pan,2017,5.1962
pan,2018,4.9668
pan,2019,4.6491
pan,2020,4.2994
pan,2021,3.9447
pan,2022,3.6507
pan,2023,3.4208
pan,2024,3.1747
per,1955,112.38
per,1956,107.28
per,1957,102.70
per,1958,98.972
per,1959,96.003
per,1960,93.519
per,1961,91.333
per,1962,88.847
per,1963,86.343
per,1964,83.404
per,1965,80.101
per,1966,76.885
per,1967,73.575
per,1968,70.779
per,1969,68.300
per,1970,66.255
per,1971,76.649
per,1972,63.170
per,1973,61.608
per,1974,59.953
per,1975,58.095
per,1976,56.310
per,1977,54.654
per,1978,53.388
per,1979,52.193
per,1980,51.020
per,1981,49.851
per,1982,48.456
per,1983,47.001
per,1984,45.260
per,1985,43.216
per,1986,40.885
per,1987,38.468
per,1988,36.235
per,1989,34.132
per,1990,32.257
per,1991,30.541
per,1992,28.814
per,1993,27.104
per,1994,25.284
per,1995,23.373
per,1996,21.486
per,1997,19.629
per,1998,17.850
per,1999,16.168
per,2000,14.552
per,2001,13.070
per,2002,11.926
per,2003,10.981
per,2004,10.059
per,2005,9.2423
per,2006,8.5665
per,2007,8.0023
per,2008,7.5601
per,2009,7.2079
per,2010,6.8921
per,2011,6.6057
per,2012,6.3644
per,2013,6.1742
per,2014,6.0346
per,2015,5.9077
per,2016,5.7919
per,2017,5.6431
per,2018,5.4933
per,2019,5.2945
per,2020,5.1059
per,2021,4.9242
per,2022,4.7280
per,2023,4.5147
per,2024,4.3107
phl,1956,38.443
phl,1957,37.120
phl,1958,35.682
phl,1959,34.119
phl,1960,32.674
phl,1961,31.343
phl,1962,30.168
phl,1963,29.151
phl,1964,28.302
phl,1965,27.585
phl,1966,26.906
phl,1967,26.215
phl,1968,25.650
phl,1969,25.189
phl,1970,24.946
phl,1971,24.831
phl,1972,24.842
phl,1973,25.000
phl,1974,25.207
phl,1975,25.498
phl,1976,25.799
phl,1977,25.831
phl,1978,25.783
phl,1979,25.584
phl,1980,25.412
phl,1981,25.261
phl,1982,25.044
phl,1983,24.911
phl,1984,24.719
phl,1985,24.498
phl,1986,23.981
phl,1987,23.207
phl,1988,22.140
phl,1989,20.850
phl,1990,19.480
phl,1991,18.040
phl,1992,16.701
phl,1993,15.437
phl,1994,14.290
phl,1995,13.301
phl,1996,12.434
phl,1997,11.653
phl,1998,10.964
phl,1999,10.328
phl,2000,9.8013
phl,2001,9.3938
phl,2002,9.1192
phl,2003,8.9816
phl,2004,8.8401
phl,2005,8.6973
phl,2006,8.5815
phl,2007,8.4642
phl,2008,8.3817
phl,2009,8.3197
phl,2010,8.2914
phl,2011,8.2280
phl,2012,8.1321
phl,2013,7.9802
phl,2014,7.8586
phl,2015,7.7428
phl,2016,7.6145
phl,2017,7.4388
phl,2018,7.1877
phl,2019,6.9287
phl,2020,6.6723
phl,2021,6.4030
phl,2022,6.1263
phl,2023,5.8709
phl,2024,5.6111
plw,1990,6.4400
plw,1991,6.2239
plw,1992,5.9502
plw,1993,5.7328
plw,1994,5.4983
plw,1995,5.2246
plw,1996,4.9188
plw,1997,4.6576
plw,1998,4.3821
plw,1999,4.1603
plw,2000,3.9151
plw,2001,3.7095
plw,2002,3.5260
plw,2003,3.2867
plw,2004,3.1018
plw,2005,2.9283
plw,2006,2.7452
plw,2007,2.6308
plw,2008,2.4838
plw,2009,2.3792
plw,2010,2.2808
plw,2011,2.2288
plw,2012,2.1718
plw,2013,2.1704
plw,2014,2.1723
plw,2015,2.1545
plw,2016,2.1686
plw,2017,2.1777
plw,2018,2.1871
plw,2019,2.1898
plw,2020,2.1794
plw,2021,2.1194
plw,2022,2.0291
plw,2023,1.9698
plw,2024,1.8892
png,1975,43.583
png,1976,42.721
png,1977,41.895
png,1978,40.992
png,1979,40.173
png,1980,39.123
png,1981,38.150
png,1982,37.090
png,1983,36.074
png,1984,35.254
png,1985,34.545
png,1986,33.861
png,1987,33.142
png,1988,32.440
png,1989,31.793
png,1990,30.986
png,1991,29.999
png,1992,28.812
png,1993,27.627
png,1994,26.706
png,1995,25.834
png,1996,24.976
png,1997,24.254
png,1998,23.652
png,1999,23.262
png,2000,22.902
png,2001,22.550
png,2002,22.231
png,2003,21.886
png,2004,21.516
png,2005,20.942
png,2006,20.251
png,2007,19.413
png,2008,18.550
png,2009,17.749
png,2010,16.965
png,2011,16.238
png,2012,15.555
png,2013,14.834
png,2014,13.950
png,2015,13.058
png,2016,12.130
png,2017,11.289
png,2018,10.584
png,2019,9.8399
png,2020,9.1164
png,2021,8.4441
png,2022,7.8108
png,2023,7.1776
png,2024,6.5915
pol,1970,14.254
pol,1971,13.233
pol,1972,12.281
pol,1973,11.201
pol,1974,10.091
pol,1975,9.1300
pol,1976,8.5583
pol,1977,8.2495
pol,1978,8.0286
pol,1979,7.7775
pol,1980,7.4313
pol,1981,6.9842
pol,1982,6.4800
pol,1983,5.9850
pol,1984,5.5533
pol,1985,5.1474
pol,1986,4.7459
pol,1987,4.3755
pol,1988,4.0961
pol,1989,3.9319
pol,1990,3.8595
pol,1991,3.8765
pol,1992,3.8599
pol,1993,3.6823
pol,1994,3.3217
pol,1995,2.9388
pol,1996,2.6991
pol,1997,2.5713
pol,1998,2.4772
pol,1999,2.3904
pol,2000,2.2806
pol,2001,2.1822
pol,2002,2.0768
pol,2003,1.9708
pol,2004,1.8827
pol,2005,1.8188
pol,2006,1.8128
pol,2007,1.8132
pol,2008,1.7596
pol,2009,1.6490
pol,2010,1.5231
pol,2011,1.4451
pol,2012,1.3983
pol,2013,1.3575
pol,2014,1.3177
pol,2015,1.2710
pol,2016,1.2350
pol,2017,1.1964
pol,2018,1.1346
pol,2019,1.0611
pol,2020,0.99226
pol,2021,0.96820
pol,2022,1.0065
pol,2023,1.1232
pol,2024,1.2725
prk,1990,5.0356
prk,1991,5.1769
prk,1992,5.2478
prk,1993,5.2933
prk,1994,5.2440
prk,1995,5.0255
prk,1996,8.9989
prk,1997,8.1451
prk,1998,7.2392
prk,1999,6.2931
prk,2000,5.5950
prk,2001,4.8575
prk,2002,4.2366
prk,2003,3.4788
prk,2004,2.7936
prk,2005,2.6822
prk,2006,2.5056
prk,2007,2.4265
prk,2008,2.2406
prk,2009,2.2652
prk,2010,2.1258
prk,2011,2.0360
prk,2012,1.8990
prk,2013,1.7372
prk,2014,1.6187
prk,2015,1.5217
prk,2016,1.3645
prk,2017,1.1399
prk,2018,1.1958
prk,2019,1.0805
prk,2020,1.0463
prk,2021,0.99086
prk,2022,0.96441
prk,2023,0.94371
prk,2024,0.90895
prt,1961,55.512
prt,1962,54.534
prt,1963,51.962
prt,1964,48.066
prt,1965,43.784
prt,1966,40.276
prt,1967,37.631
prt,1968,35.710
prt,1969,34.281
prt,1970,32.823
prt,1971,31.222
prt,1972,28.972
prt,1973,25.747
prt,1974,21.836
prt,1975,17.898
prt,1976,14.667
prt,1977,12.113
prt,1978,10.211
prt,1979,8.9564
prt,1980,7.9116
prt,1981,7.1654
prt,1982,6.5764
prt,1983,6.0448
prt,1984,5.5449
prt,1985,5.0845
prt,1986,4.7708
prt,1987,4.5563
prt,1988,4.4449
prt,1989,4.4049
prt,1990,4.2941
prt,1991,4.0801
prt,1992,3.7761
prt,1993,3.4320
prt,1994,3.1199
prt,1995,2.8498
prt,1996,2.6748
prt,1997,2.5542
prt,1998,2.4499
prt,1999,2.3416
prt,2000,2.1848
prt,2001,1.9953
prt,2002,1.7739
prt,2003,1.5607
prt,2004,1.3881
prt,2005,1.2532
prt,2006,1.1767
prt,2007,1.1227
prt,2008,1.0617
prt,2009,0.99286
prt,2010,0.91418
prt,2011,0.84651
prt,2012,0.79119
prt,2013,0.75541
prt,2014,0.74499
prt,2015,0.74467
prt,2016,0.75978
prt,2017,0.77944
prt,2018,0.79691
prt,2019,0.81606
prt,2020,0.82499
prt,2021,0.83645
prt,2022,0.84579
prt,2023,0.85113
prt,2024,0.84460
pry,1968,26.090
pry,1969,26.300
pry,1970,26.431
pry,1971,26.611
pry,1972,26.672
pry,1973,26.729
pry,1974,26.547
pry,1975,26.358
pry,1976,26.132
pry,1977,25.684
pry,1978,25.208
pry,1979,24.631
pry,1980,23.922
pry,1981,23.144
pry,1982,22.173
pry,1983,21.162
pry,1984,20.097
pry,1985,18.978
pry,1986,18.004
pry,1987,17.011
pry,1988,16.013
pry,1989,15.048
pry,1990,14.112
pry,1991,13.323
pry,1992,12.491
pry,1993,11.777
pry,1994,11.121
pry,1995,10.534
pry,1996,10.010
pry,1997,9.5032
pry,1998,9.1518
pry,1999,8.7996
pry,2000,8.5109
pry,2001,8.2441
pry,2002,7.9420
pry,2003,7.6272
pry,2004,7.3488
pry,2005,7.0060
pry,2006,6.6798
pry,2007,6.3756
pry,2008,6.0451
pry,2009,5.7528
pry,2010,5.5103
pry,2011,5.2688
pry,2012,5.0359
pry,2013,4.7728
pry,2014,4.5058
pry,2015,4.2864
pry,2016,4.0864
pry,2017,3.8704
pry,2018,3.6673
pry,2019,3.4495
pry,2020,3.2531
pry,2021,3.0986
pry,2022,2.9350
pry,2023,2.7753
pry,2024,2.6182
pse,1989,16.584
pse,1990,15.489
pse,1991,14.399
pse,1992,13.475
pse,1993,12.609
pse,1994,11.759
pse,1995,10.979
pse,1996,10.343
pse,1997,9.8913
pse,1998,9.4697
pse,1999,9.0127
pse,2000,8.6037
pse,2001,8.1261
pse,2002,7.6738
pse,2003,7.2751
pse,2004,6.8818
pse,2005,6.5334
pse,2006,6.2108
pse,2007,5.9262
pse,2008,5.6937
pse,2009,5.4498
pse,2010,5.1901
pse,2011,4.8943
pse,2012,4.6263
pse,2013,4.3534
pse,2014,4.0568
pse,2015,4.7988
pse,2016,3.4859
pse,2017,3.2247
pse,2018,2.9703
pse,2019,2.7413
pse,2020,2.5519
pse,2021,2.3873
pse,2022,2.2497
pse,2023,2.1140
pse,2024,3.5648
qat,1990,4.0797
qat,1991,4.0207
qat,1992,3.9069
qat,1993,3.8377
qat,1994,3.7962
qat,1995,3.7239
qat,1996,3.6683
qat,1997,3.5857
qat,1998,3.4620
qat,1999,3.4052
qat,2000,3.3323
qat,2001,3.2920
qat,2002,3.2149
qat,2003,3.0822
qat,2004,2.9184
qat,2005,2.7420
qat,2006,2.6577
qat,2007,2.6140
qat,2008,2.5897
qat,2009,2.5667
qat,2010,2.5319
qat,2011,2.5272
qat,2012,2.5380
qat,2013,2.5286
qat,2014,2.5152
qat,2015,2.4267
qat,2016,2.2821
qat,2017,2.0838
qat,2018,1.8532
qat,2019,1.6272
qat,2020,1.4040
qat,2021,1.2249
qat,2022,1.0798
qat,2023,0.96187
qat,2024,0.86819
rks,1990,38.592
rks,1991,36.520
rks,1992,34.300
rks,1993,31.986
rks,1994,29.622
rks,1995,27.309
rks,1996,24.914
rks,1997,22.495
rks,1998,19.860
rks,1999,17.393
rks,2000,15.146
rks,2001,13.016
rks,2002,11.120
rks,2003,9.3688
rks,2004,7.8867
rks,2005,7.0446
rks,2006,6.2437
rks,2007,5.5523
rks,2008,4.9022
rks,2009,4.3195
rks,2010,3.8181
rks,2011,3.3718
rks,2012,3.0251
rks,2013,2.7250
rks,2014,2.4858
rks,2015,2.3045
rks,2016,2.1364
rks,2017,1.9863
rks,2018,1.8409
rks,2019,1.6567
rks,2020,1.4564
rks,2021,1.2271
rks,2022,1.0516
rks,2023,0.92737
rks,2024,0.83923
rou,1990,5.0732
rou,1991,5.1443
rou,1992,5.1571
rou,1993,5.3356
rou,1994,5.6310
rou,1995,5.9489
rou,1996,6.2422
rou,1997,6.5488
rou,1998,6.6524
rou,1999,6.6206
rou,2000,6.4293
rou,2001,6.3238
rou,2002,6.3075
rou,2003,6.3343
rou,2004,6.4648
rou,2005,6.4067
rou,2006,6.0763
rou,2007,5.6078
rou,2008,5.1760
rou,2009,4.9146
rou,2010,4.6668
rou,2011,4.4198
rou,2012,4.1209
rou,2013,3.7562
rou,2014,3.3807
rou,2015,3.0433
rou,2016,2.8463
rou,2017,2.7053
rou,2018,2.5087
rou,2019,2.2684
rou,2020,2.0400
rou,2021,1.9107
rou,2022,1.8375
rou,2023,1.7669
rou,2024,1.6763
rus,1990,3.3386
rus,1991,3.6098
rus,1992,3.9189
rus,1993,4.3107
rus,1994,4.6749
rus,1995,5.0211
rus,1996,5.4079
rus,1997,5.7012
rus,1998,6.0426
rus,1999,6.1705
rus,2000,5.9907
rus,2001,5.6201
rus,2002,5.2448
rus,2003,4.9640
rus,2004,4.7046
rus,2005,4.3693
rus,2006,3.9666
rus,2007,3.6300
rus,2008,3.5393
rus,2009,3.5498
rus,2010,3.4651
rus,2011,3.2439
rus,2012,2.9378
rus,2013,2.6821
rus,2014,2.4943
rus,2015,2.3760
rus,2016,2.2941
rus,2017,2.1758
rus,2018,2.0137
rus,2019,1.8522
rus,2020,1.7711
rus,2021,1.7747
rus,2022,1.7531
rus,2023,1.6540
rus,2024,1.5005
rwa,1961,54.556
rwa,1962,52.159
rwa,1963,50.315
rwa,1964,48.905
rwa,1965,48.051
rwa,1966,47.611
rwa,1967,47.701
rwa,1968,48.554
rwa,1969,49.600
rwa,1970,50.815
rwa,1971,52.037
rwa,1972,53.243
rwa,1973,54.568
rwa,1974,56.462
rwa,1975,59.048
rwa,1976,61.899
rwa,1977,64.117
rwa,1978,64.870
rwa,1979,63.755
rwa,1980,59.913
rwa,1981,54.838
rwa,1982,49.697
rwa,1983,45.277
rwa,1984,42.219
rwa,1985,40.824
rwa,1986,40.704
rwa,1987,40.755
rwa,1988,40.576
rwa,1989,40.458
rwa,1990,41.176
rwa,1991,43.162
rwa,1992,47.265
rwa,1993,54.043
rwa,1994,61.789
rwa,1995,157.36
rwa,1996,73.670
rwa,1997,75.822
rwa,1998,76.300
rwa,1999,73.800
rwa,2000,68.634
rwa,2001,61.965
rwa,2002,54.883
rwa,2003,48.095
rwa,2004,41.930
rwa,2005,36.024
rwa,2006,31.172
rwa,2007,27.109
rwa,2008,23.913
rwa,2009,21.111
rwa,2010,18.943
rwa,2011,16.834
rwa,2012,14.578
rwa,2013,13.437
rwa,2014,12.471
rwa,2015,11.792
rwa,2016,11.285
rwa,2017,10.906
rwa,2018,10.578
rwa,2019,10.328
rwa,2020,10.111
rwa,2021,9.9259
rwa,2022,9.7298
rwa,2023,9.4319
rwa,2024,8.9930
sau,1990,13.891
sau,1991,12.326
sau,1992,11.290
sau,1993,10.184
sau,1994,9.3389
sau,1995,8.8046
sau,1996,8.2341
sau,1997,7.7651
sau,1998,7.3034
sau,1999,6.8232
sau,2000,6.4211
sau,2001,5.9999
sau,2002,5.6121
sau,2003,5.2451
sau,2004,4.8554
sau,2005,4.4626
sau,2006,4.0878
sau,2007,3.8082
sau,2008,3.5469
sau,2009,3.2519
sau,2010,2.9850
sau,2011,2.7190
sau,2012,2.5299
sau,2013,2.3408
sau,2014,2.1893
sau,2015,2.0892
sau,2016,1.9519
sau,2017,1.8098
sau,2018,1.6292
sau,2019,1.4259
sau,2020,1.2715
sau,2021,1.1591
sau,2022,1.0680
sau,2023,0.99361
sau,2024,0.92359
sdn,1970,38.764
sdn,1971,39.391
sdn,1972,39.815
sdn,1973,40.247
sdn,1974,40.723
sdn,1975,41.063
sdn,1976,41.252
sdn,1977,41.328
sdn,1978,41.219
sdn,1979,41.174
sdn,1980,41.009
sdn,1981,40.976
sdn,1982,40.990
sdn,1983,40.769
sdn,1984,61.504
sdn,1985,60.845
sdn,1986,60.320
sdn,1987,40.012
sdn,1988,39.823
sdn,1989,39.563
sdn,1990,39.196
sdn,1991,38.771
sdn,1992,38.317
sdn,1993,37.831
sdn,1994,37.258
sdn,1995,36.715
sdn,1996,36.115
sdn,1997,35.375
sdn,1998,34.505
sdn,1999,33.480
sdn,2000,32.311
sdn,2001,31.063
sdn,2002,29.845
sdn,2003,28.578
sdn,2004,27.344
sdn,2005,30.775
sdn,2006,29.876
sdn,2007,23.992
sdn,2008,22.883
sdn,2009,21.888
sdn,2010,20.793
sdn,2011,19.813
sdn,2012,18.839
sdn,2013,17.986
sdn,2014,17.207
sdn,2015,16.255
sdn,2016,15.376
sdn,2017,14.490
sdn,2018,13.660
sdn,2019,12.777
sdn,2020,11.917
sdn,2021,11.107
sdn,2022,10.334
sdn,2023,9.5043
sdn,2024,8.7780
sen,1956,60.802
sen,1957,58.863
sen,1958,57.378
sen,1959,56.171
sen,1960,55.712
sen,1961,55.722
sen,1962,56.394
sen,1963,57.313
sen,1964,58.466
sen,1965,59.868
sen,1966,61.042
sen,1967,62.072
sen,1968,62.842
sen,1969,63.591
sen,1970,64.235
sen,1971,64.338
sen,1972,64.105
sen,1973,63.441
sen,1974,62.259
sen,1975,60.727
sen,1976,58.639
sen,1977,56.511
sen,1978,54.059
sen,1979,51.571
sen,1980,49.478
sen,1981,47.504
sen,1982,46.181
sen,1983,45.024
sen,1984,43.802
sen,1985,42.329
sen,1986,40.325
sen,1987,37.947
sen,1988,35.454
sen,1989,33.206
sen,1990,31.621
sen,1991,30.505
sen,1992,30.237
sen,1993,30.607
sen,1994,31.348
sen,1995,32.538
sen,1996,33.608
sen,1997,34.721
sen,1998,35.464
sen,1999,35.744
sen,2000,35.397
sen,2001,34.175
sen,2002,32.009
sen,2003,29.076
sen,2004,25.934
sen,2005,22.996
sen,2006,20.272
sen,2007,18.000
sen,2008,16.186
sen,2009,14.828
sen,2010,13.835
sen,2011,13.037
sen,2012,12.416
sen,2013,11.868
sen,2014,11.235
sen,2015,10.507
sen,2016,9.6194
sen,2017,8.7362
sen,2018,8.0185
sen,2019,7.4911
sen,2020,7.2622
sen,2021,7.0359
sen,2022,6.7781
sen,2023,6.3477
sen,2024,5.8114
sgp,1969,6.9585
sgp,1970,6.6854
sgp,1971,6.1605
sgp,1972,5.4979
sgp,1973,4.7807
sgp,1974,4.1237
sgp,1975,3.6111
sgp,1976,3.1897
sgp,1977,2.9126
sgp,1978,2.7511
sgp,1979,2.7202
sgp,1980,2.8390
sgp,1981,2.9372
sgp,1982,2.9202
sgp,1983,2.7708
sgp,1984,2.5378
sgp,1985,2.3078
sgp,1986,2.1033
sgp,1987,2.0513
sgp,1988,2.0599
sgp,1989,2.0328
sgp,1990,1.9645
sgp,1991,1.8528
sgp,1992,1.7734
sgp,1993,1.7112
sgp,1994,1.6599
sgp,1995,1.6244
sgp,1996,1.5777
sgp,1997,1.5239
sgp,1998,1.4497
sgp,1999,1.3845
sgp,2000,1.3413
sgp,2001,1.2808
sgp,2002,1.2078
sgp,2003,1.1265
sgp,2004,1.0507
sgp,2005,0.99255
sgp,2006,0.94784
sgp,2007,0.93059
sgp,2008,0.92923
sgp,2009,0.94310
sgp,2010,0.97547
sgp,2011,1.0005
sgp,2012,1.0174
sgp,2013,1.0219
sgp,2014,1.0122
sgp,2015,1.0001
sgp,2016,0.98288
sgp,2017,0.97848
sgp,2018,0.96997
sgp,2019,0.94796
sgp,2020,0.91029
sgp,2021,0.85632
sgp,2022,0.78838
sgp,2023,0.71130
sgp,2024,0.63314
slb,1990,10.990
slb,1991,10.855
slb,1992,10.747
slb,1993,10.645
slb,1994,10.456
slb,1995,10.240
slb,1996,9.9833
slb,1997,9.6326
slb,1998,9.3439
slb,1999,8.9748
slb,2000,8.6732
slb,2001,8.4219
slb,2002,8.2640
slb,2003,8.2975
slb,2004,8.3294
slb,2005,8.4093
slb,2006,8.4412
slb,2007,8.4119
slb,2008,8.4009
slb,2009,8.3347
slb,2010,8.2858
slb,2011,8.1561
slb,2012,8.0331
slb,2013,7.8312
slb,2014,7.5848
slb,2015,7.2804
slb,2016,7.0260
slb,2017,6.7731
slb,2018,6.5512
slb,2019,6.3228
slb,2020,6.0647
slb,2021,5.7865
slb,2022,5.5107
slb,2023,5.2171
slb,2024,4.9136
sle,1990,77.749
sle,1991,78.237
sle,1992,78.587
sle,1993,78.835
sle,1994,78.750
sle,1995,78.649
sle,1996,78.118
sle,1997,77.333
sle,1998,76.143
sle,1999,74.819
sle,2000,73.441
sle,2001,71.787
sle,2002,70.064
sle,2003,68.023
sle,2004,65.815
sle,2005,63.572
sle,2006,61.213
sle,2007,58.884
sle,2008,56.341
sle,2009,53.838
sle,2010,51.330
sle,2011,48.579
sle,2012,45.889
sle,2013,43.225
sle,2014,40.699
sle,2015,39.046
sle,2016,38.713
sle,2017,33.868
sle,2018,31.587
sle,2019,29.369
sle,2020,27.359
sle,2021,25.458
sle,2022,23.558
sle,2023,21.865
sle,2024,20.190
slv,1986,32.581
slv,1987,30.230
slv,1988,27.940
slv,1989,25.863
slv,1990,23.894
slv,1991,22.163
slv,1992,20.522
slv,1993,19.048
slv,1994,17.674
slv,1995,16.304
slv,1996,15.097
slv,1997,13.897
slv,1998,12.718
slv,1999,11.736
slv,2000,11.119
slv,2001,10.552
slv,2002,10.015
slv,2003,9.4857
slv,2004,8.9776
slv,2005,8.4655
slv,2006,8.0206
slv,2007,7.6078
slv,2008,7.2053
slv,2009,6.7914
slv,2010,6.4281
slv,2011,6.1072
slv,2012,5.7851
slv,2013,5.4986
slv,2014,5.2344
slv,2015,4.9512
slv,2016,4.6907
slv,2017,4.4301
slv,2018,4.1694
slv,2019,3.9033
slv,2020,3.6446
slv,2021,3.4367
slv,2022,3.2281
slv,2023,3.0264
slv,2024,2.8644
smr,1990,1.6154
smr,1991,1.6773
smr,1992,1.7626
smr,1993,1.7805
smr,1994,1.8490
smr,1995,1.8729
smr,1996,1.8585
smr,1997,1.8049
smr,1998,1.7272
smr,1999,1.6629
smr,2000,1.5943
smr,2001,1.4974
smr,2002,1.4236
smr,2003,1.3444
smr,2004,1.2627
smr,2005,1.1908
smr,2006,1.1121
smr,2007,1.0392
smr,2008,0.96529
smr,2009,0.87416
smr,2010,0.79169
smr,2011,0.72457
smr,2012,0.66395
smr,2013,0.60844
smr,2014,0.55986
smr,2015,0.51697
smr,2016,0.47085
smr,2017,0.43067
smr,2018,0.39062
smr,2019,0.35990
smr,2020,0.33016
smr,2021,0.30983
smr,2022,0.28603
smr,2023,0.26627
smr,2024,0.24967
som,1984,40.626
som,1985,43.039
som,1986,44.954
som,1987,46.546
som,1988,48.453
som,1989,50.056
som,1990,50.505
som,1991,49.969
som,1992,180.06
som,1993,184.43
som,1994,46.998
som,1995,46.741
som,1996,46.751
som,1997,46.763
som,1998,46.781
som,1999,46.649
som,2000,46.554
som,2001,46.244
som,2002,45.894
som,2003,45.410
som,2004,44.945
som,2005,44.040
som,2006,42.912
som,2007,41.957
som,2008,40.766
som,2009,38.838
som,2010,36.475
som,2011,46.723
som,2012,117.59
som,2013,44.251
som,2014,27.040
som,2015,24.971
som,2016,23.142
som,2017,21.593
som,2018,30.500
som,2019,23.478
som,2020,17.341
som,2021,16.234
som,2022,15.115
som,2023,24.215
som,2024,12.762
srb,1990,6.0046
srb,1991,5.6445
srb,1992,5.2820
srb,1993,5.0152
srb,1994,4.8047
srb,1995,4.5481
srb,1996,4.2180
srb,1997,3.8184
srb,1998,3.4655
srb,1999,3.2233
srb,2000,3.0413
srb,2001,2.9192
srb,2002,2.7999
srb,2003,2.6196
srb,2004,2.3896
srb,2005,2.1439
srb,2006,1.9678
srb,2007,1.8502
srb,2008,1.7796
srb,2009,1.7367
srb,2010,1.6865
srb,2011,1.6121
srb,2012,1.5079
srb,2013,1.4025
srb,2014,1.3354
srb,2015,1.2942
srb,2016,1.2813
srb,2017,1.2641
srb,2018,1.2351
srb,2019,1.1947
srb,2020,1.1457
srb,2021,1.1207
srb,2022,1.1228
srb,2023,1.1309
srb,2024,1.1179
ssd,1990,73.934
ssd,1991,73.775
ssd,1992,73.479
ssd,1993,81.755
ssd,1994,81.535
ssd,1995,61.474
ssd,1996,69.048
ssd,1997,67.481
ssd,1998,65.109
ssd,1999,149.51
ssd,2000,51.335
ssd,2001,48.485
ssd,2002,45.790
ssd,2003,42.433
ssd,2004,39.627
ssd,2005,36.884
ssd,2006,34.206
ssd,2007,31.177
ssd,2008,27.454
ssd,2009,24.266
ssd,2010,21.795
ssd,2011,19.692
ssd,2012,17.886
ssd,2013,16.274
ssd,2014,15.184
ssd,2015,41.661
ssd,2016,55.442
ssd,2017,59.297
ssd,2018,58.917
ssd,2019,19.653
ssd,2020,9.5664
ssd,2021,8.8909
ssd,2022,8.1442
ssd,2023,7.4165
ssd,2024,6.9088
stp,1986,25.594
stp,1987,30.650
stp,1988,28.614
stp,1989,30.119
stp,1990,31.546
stp,1991,32.680
stp,1992,33.822
stp,1993,34.465
stp,1994,34.776
stp,1995,34.635
stp,1996,33.835
stp,1997,32.668
stp,1998,30.921
stp,1999,28.884
stp,2000,26.497
stp,2001,23.958
stp,2002,21.469
stp,2003,18.917
stp,2004,16.657
stp,2005,14.450
stp,2006,12.396
stp,2007,10.496
stp,2008,8.6647
stp,2009,7.0195
stp,2010,5.4745
stp,2011,4.1918
stp,2012,3.6124
stp,2013,3.0164
stp,2014,2.4863
stp,2015,2.0478
stp,2016,1.6893
stp,2017,1.4162
stp,2018,1.1181
stp,2019,0.89463
stp,2020,0.75203
stp,2021,0.68757
stp,2022,0.61350
stp,2023,0.58683
stp,2024,0.54282
sur,1990,10.886
sur,1991,11.060
sur,1992,10.944
sur,1993,10.839
sur,1994,10.503
sur,1995,10.127
sur,1996,9.7372
sur,1997,9.3109
sur,1998,8.9246
sur,1999,8.5358
sur,2000,8.0730
sur,2001,7.4928
sur,2002,6.6065
sur,2003,5.7029
sur,2004,4.6339
sur,2005,3.7875
sur,2006,3.2877
sur,2007,2.9981
sur,2008,3.0292
sur,2009,3.1559
sur,2010,3.3497
sur,2011,3.5330
sur,2012,3.5965
sur,2013,3.6124
sur,2014,3.6583
sur,2015,3.5882
sur,2016,3.5474
sur,2017,3.3201
sur,2018,3.0123
sur,2019,2.7385
sur,2020,2.4486
sur,2021,2.2105
sur,2022,1.9792
sur,2023,1.8251
sur,2024,1.6531
svk,1983,5.2995
svk,1984,5.1859
svk,1985,4.9755
svk,1986,4.7543
svk,1987,4.5309
svk,1988,4.3179
svk,1989,4.1413
svk,1990,3.9434
svk,1991,3.7399
svk,1992,3.5094
svk,1993,3.2547
svk,1994,3.0196
svk,1995,2.8492
svk,1996,2.8441
svk,1997,2.9233
svk,1998,2.9773
svk,1999,2.9849
svk,2000,2.9371
svk,2001,2.8771
svk,2002,2.8059
svk,2003,2.7840
svk,2004,2.8254
svk,2005,2.8540
svk,2006,2.8371
svk,2007,2.7647
svk,2008,2.6505
svk,2009,2.5240
svk,2010,2.3777
svk,2011,2.2441
svk,2012,2.1252
svk,2013,2.0377
svk,2014,1.9954
svk,2015,1.9660
svk,2016,1.9479
svk,2017,1.9212
svk,2018,1.8817
svk,2019,1.8403
svk,2020,1.8049
svk,2021,1.8033
svk,2022,1.8199
svk,2023,1.8385
svk,2024,1.8385
svn,1983,3.4246
svn,1984,3.3552
svn,1985,3.2600
svn,1986,3.2044
svn,1987,3.1556
svn,1988,3.0986
svn,1989,3.0043
svn,1990,2.8731
svn,1991,2.7253
svn,1992,2.5494
svn,1993,2.4041
svn,1994,2.2555
svn,1995,2.0898
svn,1996,1.9224
svn,1997,1.7410
svn,1998,1.5647
svn,1999,1.3896
svn,2000,1.2209
svn,2001,1.0917
svn,2002,0.99612
svn,2003,0.94757
svn,2004,0.91878
svn,2005,0.89552
svn,2006,0.87226
svn,2007,0.84027
svn,2008,0.80132
svn,2009,0.76079
svn,2010,0.71388
svn,2011,0.66706
svn,2012,0.61481
svn,2013,0.56309
svn,2014,0.51234
svn,2015,0.47963
svn,2016,0.47033
svn,2017,0.46660
svn,2018,0.46537
svn,2019,0.45954
svn,2020,0.45316
svn,2021,0.44936
svn,2022,0.43997
svn,2023,0.42509
svn,2024,0.40544
swe,1961,2.9002
swe,1962,2.9513
swe,1963,2.9444
swe,1964,2.9390
swe,1965,2.8534
swe,1966,2.6962
swe,1967,2.4792
swe,1968,2.2521
swe,1969,2.0715
swe,1970,1.9359
swe,1971,1.8891
swe,1972,1.8887
swe,1973,1.8853
swe,1974,1.8788
swe,1975,1.8687
swe,1976,1.8870
swe,1977,1.9209
swe,1978,1.9677
swe,1979,2.0246
swe,1980,2.0529
swe,1981,2.0668
swe,1982,2.0606
swe,1983,2.0668
swe,1984,2.1058
swe,1985,2.1448
swe,1986,2.1881
swe,1987,2.2229
swe,1988,2.2550
swe,1989,2.2915
swe,1990,2.2808
swe,1991,2.2172
swe,1992,2.0726
swe,1993,1.8573
swe,1994,1.6006
swe,1995,1.3648
swe,1996,1.2219
swe,1997,1.1404
swe,1998,1.0858
swe,1999,1.0467
swe,2000,1.0138
swe,2001,0.99388
swe,2002,0.98171
swe,2003,0.97553
swe,2004,0.97650
swe,2005,0.96614
swe,2006,0.94508
swe,2007,0.91418
swe,2008,0.88336
swe,2009,0.86339
swe,2010,0.84220
swe,2011,0.82093
swe,2012,0.79642
swe,2013,0.77102
swe,2014,0.74913
swe,2015,0.72718
swe,2016,0.71521
swe,2017,0.70224
swe,2018,0.68452
swe,2019,0.66140
swe,2020,0.63121
swe,2021,0.60539
swe,2022,0.58038
swe,2023,0.55417
swe,2024,0.52509
swz,1984,49.023
swz,1985,41.314
swz,1986,39.062
swz,1987,36.789
swz,1988,34.726
swz,1989,32.936
swz,1990,31.483
swz,1991,30.451
swz,1992,30.162
swz,1993,30.704
swz,1994,31.965
swz,1995,33.419
swz,1996,35.001
swz,1997,37.209
swz,1998,38.882
swz,1999,40.403
swz,2000,41.903
swz,2001,43.354
swz,2002,44.760
swz,2003,45.868
swz,2004,46.909
swz,2005,46.770
swz,2006,45.912
swz,2007,37.357
swz,2008,37.609
swz,2009,39.303
swz,2010,36.175
swz,2011,32.739
swz,2012,28.672
swz,2013,28.541
swz,2014,27.410
swz,2015,27.312
swz,2016,24.073
swz,2017,20.912
swz,2018,19.914
swz,2019,16.996
swz,2020,16.327
swz,2021,15.197
swz,2022,14.161
swz,2023,13.176
swz,2024,12.424
syc,1987,0.70268
syc,1988,0.88554
syc,1989,1.0411
syc,1990,1.1846
syc,1991,1.3532
syc,1992,1.5120
syc,1993,1.7004
syc,1994,1.8739
syc,1995,2.0206
syc,1996,2.1449
syc,1997,2.2272
syc,1998,2.3092
syc,1999,2.3664
syc,2000,2.4155
syc,2001,2.4650
syc,2002,2.4933
syc,2003,2.5343
syc,2004,2.5925
syc,2005,2.6447
syc,2006,2.7231
syc,2007,2.7962
syc,2008,2.8775
syc,2009,2.9505
syc,2010,3.0389
syc,2011,3.1469
syc,2012,3.2355
syc,2013,3.3429
syc,2014,3.4303
syc,2015,3.5061
syc,2016,3.5778
syc,2017,3.6307
syc,2018,3.6721
syc,2019,3.7033
syc,2020,3.6954
syc,2021,3.6438
syc,2022,3.5230
syc,2023,3.3692
syc,2024,3.2087
syr,1956,88.724
syr,1957,86.170
syr,1958,83.219
syr,1959,80.310
syr,1960,77.555
syr,1961,74.983
syr,1962,72.637
syr,1963,70.618
syr,1964,68.630
syr,1965,66.742
syr,1966,64.533
syr,1967,61.919
syr,1968,59.082
syr,1969,55.900
syr,1970,52.967
syr,1971,50.025
syr,1972,47.237
syr,1973,44.759
syr,1974,42.400
syr,1975,40.107
syr,1976,37.644
syr,1977,34.964
syr,1978,32.021
syr,1979,29.109
syr,1980,26.494
syr,1981,24.125
syr,1982,24.395
syr,1983,26.432
syr,1984,18.985
syr,1985,17.811
syr,1986,16.784
syr,1987,15.837
syr,1988,15.051
syr,1989,14.370
syr,1990,13.728
syr,1991,13.097
syr,1992,12.625
syr,1993,12.122
syr,1994,11.508
syr,1995,10.845
syr,1996,10.133
syr,1997,9.4411
syr,1998,8.8377
syr,1999,8.2536
syr,2000,7.7534
syr,2001,7.2956
syr,2002,6.9376
syr,2003,6.6663
syr,2004,6.4363
syr,2005,6.2895
syr,2006,6.2014
syr,2007,6.1349
syr,2008,6.0831
syr,2009,6.0501
syr,2010,5.9855
syr,2011,5.8976
syr,2012,6.6029
syr,2013,9.9445
syr,2014,10.289
syr,2015,9.5254
syr,2016,9.4533
syr,2017,7.9387
syr,2018,7.7103
syr,2019,7.2909
syr,2020,5.4937
syr,2021,4.8159
syr,2022,4.4354
syr,2023,4.3466
syr,2024,4.1557
tca,1990,1.9793
tca,1991,1.7630
tca,1992,1.5368
tca,1993,1.3600
tca,1994,1.2081
tca,1995,1.0612
tca,1996,0.93508
tca,1997,0.80151
tca,1998,0.69445
tca,1999,0.59182
tca,2000,0.49157
tca,2001,0.40763
tca,2002,0.33563
tca,2003,0.26256
tca,2004,0.19416
tca,2005,0.14922
tca,2006,0.092430
tca,2007,0.050421
tca,2008,0.0082755
tca,2009,0.0000
tca,2010,0.0000
tca,2011,0.0000
tca,2012,0.0000
tca,2013,0.0000
tca,2014,0.0000
tca,2015,0.0000
tca,2016,0.0000
tca,2017,0.0000
tca,2018,0.0000
tca,2019,0.0000
tca,2020,0.0000
tca,2021,0.0000
tca,2022,0.0000
tca,2023,0.0000
tca,2024,0.0000
tcd,1974,66.369
tcd,1975,66.414
tcd,1976,66.126
tcd,1977,65.932
tcd,1978,65.650
tcd,1979,65.681
tcd,1980,65.674
tcd,1981,65.442
tcd,1982,65.451
tcd,1983,65.020
tcd,1984,64.528
tcd,1985,63.960
tcd,1986,63.272
tcd,1987,62.876
tcd,1988,62.350
tcd,1989,61.834
tcd,1990,61.334
tcd,1991,60.782
tcd,1992,60.398
tcd,1993,59.874
tcd,1994,59.374
tcd,1995,58.491
tcd,1996,57.682
tcd,1997,57.122
tcd,1998,56.393
tcd,1999,55.807
tcd,2000,55.238
tcd,2001,54.626
tcd,2002,53.747
tcd,2003,52.715
tcd,2004,51.582
tcd,2005,50.408
tcd,2006,49.150
tcd,2007,47.778
tcd,2008,46.110
tcd,2009,44.352
tcd,2010,42.482
tcd,2011,40.487
tcd,2012,38.519
tcd,2013,36.371
tcd,2014,34.259
tcd,2015,32.340
tcd,2016,30.467
tcd,2017,28.655
tcd,2018,26.776
tcd,2019,24.921
tcd,2020,23.029
tcd,2021,21.340
tcd,2022,19.745
tcd,2023,18.286
tcd,2024,16.869
tgo,1966,66.370
tgo,1967,65.507
tgo,1968,64.493
tgo,1969,63.331
tgo,1970,62.090
tgo,1971,60.759
tgo,1972,59.218
tgo,1973,57.572
tgo,1974,55.936
tgo,1975,54.558
tgo,1976,53.034
tgo,1977,51.667
tgo,1978,50.472
tgo,1979,49.196
tgo,1980,48.076
tgo,1981,46.649
tgo,1982,45.397
tgo,1983,43.991
tgo,1984,42.685
tgo,1985,41.516
tgo,1986,40.525
tgo,1987,39.723
tgo,1988,39.159
tgo,1989,38.662
tgo,1990,38.452
tgo,1991,38.267
tgo,1992,38.053
tgo,1993,37.828
tgo,1994,37.585
tgo,1995,37.217
tgo,1996,36.588
tgo,1997,35.790
tgo,1998,34.782
tgo,1999,33.738
tgo,2000,32.643
tgo,2001,31.420
tgo,2002,30.255
tgo,2003,29.009
tgo,2004,27.829
tgo,2005,26.694
tgo,2006,25.670
tgo,2007,24.656
tgo,2008,23.659
tgo,2009,22.720
tgo,2010,21.833
tgo,2011,20.760
tgo,2012,19.732
tgo,2013,18.645
tgo,2014,17.494
tgo,2015,16.356
tgo,2016,15.106
tgo,2017,14.008
tgo,2018,12.936
tgo,2019,12.017
tgo,2020,11.130
tgo,2021,10.301
tgo,2022,9.4245
tgo,2023,8.6613
tgo,2024,7.9343
tha,1953,70.259
tha,1954,67.996
tha,1955,65.797
tha,1956,63.530
tha,1957,61.103
tha,1958,58.549
tha,1959,55.642
tha,1960,52.748
tha,1961,49.840
tha,1962,47.057
tha,1963,44.462
tha,1964,41.936
tha,1965,39.559
tha,1966,37.212
tha,1967,35.049
tha,1968,33.033
tha,1969,30.924
tha,1970,29.085
tha,1971,27.471
tha,1972,25.719
tha,1973,24.053
tha,1974,22.368
tha,1975,20.838
tha,1976,19.515
tha,1977,18.443
tha,1978,17.767
tha,1979,17.171
tha,1980,16.708
tha,1981,16.195
tha,1982,15.569
tha,1983,14.936
tha,1984,14.226
tha,1985,13.445
tha,1986,12.590
tha,1987,11.668
tha,1988,10.737
tha,1989,9.8007
tha,1990,8.8647
tha,1991,8.0212
tha,1992,7.3706
tha,1993,6.8612
tha,1994,6.3588
tha,1995,5.9304
tha,1996,5.5547
tha,1997,5.2204
tha,1998,4.9158
tha,1999,4.5969
tha,2000,4.3193
tha,2001,4.0505
tha,2002,3.8023
tha,2003,3.5766
tha,2004,3.3784
tha,2005,3.2079
tha,2006,3.0496
tha,2007,2.8817
tha,2008,2.7273
tha,2009,2.6004
tha,2010,2.4816
tha,2011,2.3884
tha,2012,2.2725
tha,2013,2.1927
tha,2014,2.1107
tha,2015,2.0269
tha,2016,1.9652
tha,2017,1.9004
tha,2018,1.8302
tha,2019,1.7791
tha,2020,1.7176
tha,2021,1.6591
tha,2022,1.6097
tha,2023,1.5465
tha,2024,1.4850
tjk,1990,35.464
tjk,1991,37.201
tjk,1992,40.314
tjk,1993,43.547
tjk,1994,46.061
tjk,1995,47.186
tjk,1996,45.986
tjk,1997,43.056
tjk,1998,38.980
tjk,1999,34.796
tjk,2000,30.853
tjk,2001,26.958
tjk,2002,23.446
tjk,2003,20.262
tjk,2004,17.410
tjk,2005,14.831
tjk,2006,12.220
tjk,2007,9.8149
tjk,2008,7.7896
tjk,2009,6.3199
tjk,2010,5.4422
tjk,2011,4.7506
tjk,2012,4.3117
tjk,2013,4.0689
tjk,2014,3.8487
tjk,2015,3.3837
tjk,2016,2.4973
tjk,2017,1.3650
tjk,2018,0.16414
tjk,2019,0.0000
tjk,2020,0.0000
tjk,2021,0.0000
tjk,2022,0.0000
tjk,2023,0.0000
tjk,2024,0.0000
tkm,1989,41.615
tkm,1990,39.244
tkm,1991,37.098
tkm,1992,35.585
tkm,1993,34.666
tkm,1994,34.182
tkm,1995,33.854
tkm,1996,33.319
tkm,1997,32.456
tkm,1998,31.171
tkm,1999,29.426
tkm,2000,27.144
tkm,2001,24.556
tkm,2002,21.843
tkm,2003,19.219
tkm,2004,16.790
tkm,2005,14.797
tkm,2006,13.063
tkm,2007,11.697
tkm,2008,10.668
tkm,2009,9.8425
tkm,2010,9.1954
tkm,2011,8.6549
tkm,2012,8.2659
tkm,2013,8.0002
tkm,2014,7.7492
tkm,2015,7.5749
tkm,2016,7.3263
tkm,2017,7.0720
tkm,2018,6.7817
tkm,2019,6.3025
tkm,2020,5.7710
tkm,2021,5.2159
tkm,2022,4.7271
tkm,2023,4.3076
tkm,2024,3.8992
tls,1987,117.75
tls,1988,108.41
tls,1989,107.21
tls,1990,101.30
tls,1991,98.856
tls,1992,97.109
tls,1993,91.198
tls,1994,85.642
tls,1995,82.105
tls,1996,83.357
tls,1997,79.357
tls,1998,75.538
tls,1999,77.472
tls,2000,82.582
tls,2001,40.792
tls,2002,38.574
tls,2003,36.183
tls,2004,33.887
tls,2005,31.616
tls,2006,29.303
tls,2007,27.155
tls,2008,24.868
tls,2009,22.645
tls,2010,20.624
tls,2011,18.743
tls,2012,17.034
tls,2013,15.543
tls,2014,14.217
tls,2015,13.045
tls,2016,11.969
tls,2017,11.068
tls,2018,10.253
tls,2019,9.5434
tls,2020,8.7773
tls,2021,8.1169
tls,2022,7.4827
tls,2023,6.9064
tls,2024,6.3586
ton,1990,5.7928
ton,1991,5.7861
ton,1992,5.7989
ton,1993,5.7397
ton,1994,5.7573
ton,1995,5.7168
ton,1996,5.6900
ton,1997,5.6497
ton,1998,5.5707
ton,1999,5.4897
ton,2000,5.4007
ton,2001,5.2862
ton,2002,5.1705
ton,2003,4.9907
ton,2004,4.8702
ton,2005,4.7731
ton,2006,4.6482
ton,2007,4.5316
ton,2008,4.4015
ton,2009,4.2872
ton,2010,4.1540
ton,2011,4.0333
ton,2012,3.8966
ton,2013,3.7332
ton,2014,3.5666
ton,2015,3.3711
ton,2016,3.1792
ton,2017,3.0090
ton,2018,2.8086
ton,2019,2.6234
ton,2020,2.4848
ton,2021,2.3612
ton,2022,2.2525
ton,2023,2.1326
ton,2024,2.0360
tto,1955,26.284
tto,1956,25.309
tto,1957,24.475
tto,1958,23.505
tto,1959,22.605
tto,1960,21.628
tto,1961,20.592
tto,1962,19.620
tto,1963,18.589
tto,1964,17.685
tto,1965,16.939
tto,1966,16.176
tto,1967,15.553
tto,1968,14.935
tto,1969,14.390
tto,1970,13.918
tto,1971,13.488
tto,1972,13.110
tto,1973,12.699
tto,1974,12.248
tto,1975,11.785
tto,1976,11.284
tto,1977,10.770
tto,1978,10.292
tto,1979,9.7798
tto,1980,9.3103
tto,1981,8.8246
tto,1982,8.3998
tto,1983,7.9556
tto,1984,7.5518
tto,1985,7.2051
tto,1986,6.9440
tto,1987,6.7220
tto,1988,6.5103
tto,1989,6.3553
tto,1990,6.2635
tto,1991,6.1172
tto,1992,6.0039
tto,1993,5.9130
tto,1994,5.8149
tto,1995,5.7249
tto,1996,5.6065
tto,1997,5.5019
tto,1998,5.3689
tto,1999,5.2535
tto,2000,5.1326
tto,2001,5.0299
tto,2002,4.9416
tto,2003,4.8500
tto,2004,4.7515
tto,2005,4.6637
tto,2006,4.5706
tto,2007,4.4999
tto,2008,4.4279
tto,2009,4.3212
tto,2010,4.2089
tto,2011,4.0872
tto,2012,3.9743
tto,2013,3.8632
tto,2014,3.7448
tto,2015,3.6493
tto,2016,3.5372
tto,2017,3.4570
tto,2018,3.3536
tto,2019,3.2360
tto,2020,3.1192
tto,2021,2.9699
tto,2022,2.8152
tto,2023,2.6829
tto,2024,2.5519
tun,1966,79.487
tun,1967,75.334
tun,1968,70.945
tun,1969,66.477
tun,1970,61.854
tun,1971,57.216
tun,1972,52.870
tun,1973,49.015
tun,1974,45.203
tun,1975,41.480
tun,1976,37.940
tun,1977,34.395
tun,1978,31.022
tun,1979,27.832
tun,1980,24.946
tun,1981,22.352
tun,1982,19.907
tun,1983,17.829
tun,1984,16.075
tun,1985,14.371
tun,1986,12.929
tun,1987,11.508
tun,1988,10.269
tun,1989,9.1705
tun,1990,8.2529
tun,1991,7.5786
tun,1992,6.9996
tun,1993,6.5795
tun,1994,6.2042
tun,1995,5.9090
tun,1996,5.6314
tun,1997,5.4224
tun,1998,5.2819
tun,1999,5.4136
tun,2000,5.4482
tun,2001,5.4030
tun,2002,5.3012
tun,2003,5.1587
tun,2004,5.0032
tun,2005,4.8182
tun,2006,4.6711
tun,2007,4.4993
tun,2008,4.3449
tun,2009,4.2020
tun,2010,4.0540
tun,2011,3.9105
tun,2012,3.7911
tun,2013,3.7068
tun,2014,3.6239
tun,2015,3.5339
tun,2016,3.4533
tun,2017,3.3320
tun,2018,3.1950
tun,2019,3.0085
tun,2020,2.7628
tun,2021,2.4726
tun,2022,2.1484
tun,2023,1.7949
tun,2024,1.4890
tur,1956,106.34
tur,1957,107.64
tur,1958,107.95
tur,1959,107.26
tur,1960,106.10
tur,1961,104.63
tur,1962,102.08
tur,1963,99.487
tur,1964,96.686
tur,1965,93.693
tur,1966,90.873
tur,1967,88.286
tur,1968,85.726
tur,1969,83.329
tur,1970,81.129
tur,1971,78.801
tur,1972,76.532
tur,1973,74.168
tur,1974,71.835
tur,1975,69.443
tur,1976,66.685
tur,1977,64.120
tur,1978,61.556
tur,1979,58.815
tur,1980,55.959
tur,1981,52.882
tur,1982,49.673
tur,1983,46.617
tur,1984,43.413
tur,1985,40.389
tur,1986,37.323
tur,1987,34.420
tur,1988,31.729
tur,1989,29.176
tur,1990,26.761
tur,1991,24.565
tur,1992,22.593
tur,1993,20.784
tur,1994,19.189
tur,1995,17.686
tur,1996,16.259
tur,1997,14.730
tur,1998,13.268
tur,1999,11.884
tur,2000,10.567
tur,2001,9.3411
tur,2002,8.5419
tur,2003,7.8351
tur,2004,7.1657
tur,2005,6.5972
tur,2006,6.0614
tur,2007,5.6106
tur,2008,5.2177
tur,2009,4.8707
tur,2010,4.5834
tur,2011,4.3649
tur,2012,4.1729
tur,2013,4.0064
tur,2014,3.8522
tur,2015,3.6852
tur,2016,3.4886
tur,2017,3.2746
tur,2018,3.0511
tur,2019,2.7984
tur,2020,2.5246
tur,2021,2.2591
tur,2022,1.9942
tur,2023,1.7282
tur,2024,2.6595
tuv,1990,11.198
tuv,1991,11.371
tuv,1992,11.579
tuv,1993,11.564
tuv,1994,11.609
tuv,1995,11.461
tuv,1996,11.249
tuv,1997,10.968
tuv,1998,10.468
tuv,1999,9.9518
tuv,2000,9.4354
tuv,2001,8.8261
tuv,2002,8.3827
tuv,2003,7.8982
tuv,2004,7.6184
tuv,2005,7.4248
tuv,2006,7.3517
tuv,2007,7.4030
tuv,2008,7.5268
tuv,2009,7.6908
tuv,2010,7.7582
tuv,2011,7.7534
tuv,2012,7.6925
tuv,2013,7.4974
tuv,2014,7.2631
tuv,2015,6.9307
tuv,2016,6.5799
tuv,2017,6.1950
tuv,2018,5.7838
tuv,2019,5.3906
tuv,2020,5.0364
tuv,2021,4.6828
tuv,2022,4.4004
tuv,2023,4.1342
tuv,2024,3.8911
tza,1969,62.560
tza,1970,63.126
tza,1971,63.643
tza,1972,63.937
tza,1973,63.926
tza,1974,63.492
tza,1975,62.668
tza,1976,61.543
tza,1977,60.321
tza,1978,59.057
tza,1979,57.869
tza,1980,57.310
tza,1981,57.426
tza,1982,58.000
tza,1983,59.057
tza,1984,60.548
tza,1985,61.977
tza,1986,63.076
tza,1987,63.772
tza,1988,63.883
tza,1989,63.614
tza,1990,63.345
tza,1991,63.089
tza,1992,62.968
tza,1993,62.943
tza,1994,62.797
tza,1995,62.503
tza,1996,61.831
tza,1997,60.677
tza,1998,58.982
tza,1999,56.626
tza,2000,53.645
tza,2001,50.168
tza,2002,46.424
tza,2003,42.544
tza,2004,38.788
tza,2005,35.524
tza,2006,32.370
tza,2007,29.912
tza,2008,27.164
tza,2009,25.330
tza,2010,23.142
tza,2011,21.585
tza,2012,20.094
tza,2013,18.936
tza,2014,17.825
tza,2015,16.627
tza,2016,15.412
tza,2017,13.782
tza,2018,11.861
tza,2019,10.284
tza,2020,9.1602
tza,2021,8.1631
tza,2022,7.3942
tza,2023,6.7370
tza,2024,6.0945
uga,1966,47.044
uga,1967,47.105
uga,1968,47.086
uga,1969,47.119
uga,1970,47.590
uga,1971,48.632
uga,1972,50.043
uga,1973,51.619
uga,1974,53.759
uga,1975,56.087
uga,1976,58.774
uga,1977,61.466
uga,1978,64.325
uga,1979,66.641
uga,1980,68.373
uga,1981,70.691
uga,1982,71.390
uga,1983,70.846
uga,1984,69.629
uga,1985,68.167
uga,1986,67.043
uga,1987,66.322
uga,1988,65.921
uga,1989,65.741
uga,1990,65.676
uga,1991,65.124
uga,1992,64.246
uga,1993,63.240
uga,1994,62.234
uga,1995,61.391
uga,1996,60.932
uga,1997,60.653
uga,1998,60.113
uga,1999,59.002
uga,2000,57.060
uga,2001,54.534
uga,2002,51.503
uga,2003,48.090
uga,2004,44.356
uga,2005,40.274
uga,2006,36.420
uga,2007,32.896
uga,2008,29.520
uga,2009,26.533
uga,2010,24.427
uga,2011,22.051
uga,2012,19.620
uga,2013,17.619
uga,2014,16.138
uga,2015,14.707
uga,2016,13.314
uga,2017,11.733
uga,2018,10.348
uga,2019,9.1199
uga,2020,8.2249
uga,2021,7.4773
uga,2022,6.7383
uga,2023,6.1991
uga,2024,5.5259
ukr,1985,5.3582
ukr,1986,5.2212
ukr,1987,5.1366
ukr,1988,5.0592
ukr,1989,5.0116
ukr,1990,5.0062
ukr,1991,5.0318
ukr,1992,5.1046
ukr,1993,5.2105
ukr,1994,5.3457
ukr,1995,5.5308
ukr,1996,5.6021
ukr,1997,5.6807
ukr,1998,5.6398
ukr,1999,5.5315
ukr,2000,5.4421
ukr,2001,5.2525
ukr,2002,5.0777
ukr,2003,4.8605
ukr,2004,4.6438
ukr,2005,4.4449
ukr,2006,4.1718
ukr,2007,3.8858
ukr,2008,3.6802
ukr,2009,3.5036
ukr,2010,3.3075
ukr,2011,3.1228
ukr,2012,2.9521
ukr,2013,2.7875
ukr,2014,2.6423
ukr,2015,2.5102
ukr,2016,2.3853
ukr,2017,2.2884
ukr,2018,2.2144
ukr,2019,2.1531
ukr,2020,2.0868
ukr,2021,2.0344
ukr,2022,2.0064
ukr,2023,2.0152
ukr,2024,1.9114
unicef_eap,1991,15.435
unicef_eap,1992,15.709
unicef_eap,1993,15.359
unicef_eap,1994,14.914
unicef_eap,1995,14.355
unicef_eap,1996,14.041
unicef_eap,1997,13.590
unicef_eap,1998,13.067
unicef_eap,1999,12.498
unicef_eap,2000,11.775
unicef_eap,2001,10.834
unicef_eap,2002,10.295
unicef_eap,2003,9.6452
unicef_eap,2004,8.9273
unicef_eap,2005,8.6237
unicef_eap,2006,7.8102
unicef_eap,2007,7.3525
unicef_eap,2008,6.9407
unicef_eap,2009,6.9035
unicef_eap,2010,6.2451
unicef_eap,2011,5.9680
unicef_eap,2012,5.7020
unicef_eap,2013,5.3207
unicef_eap,2014,5.1154
unicef_eap,2015,4.8177
unicef_eap,2016,4.6636
unicef_eap,2017,4.3915
unicef_eap,2018,4.1663
unicef_eap,2019,4.1299
unicef_eap,2020,3.9719
unicef_eap,2021,3.9671
unicef_eap,2022,3.8774
unicef_eap,2023,3.7853
unicef_eap,2024,3.6623
unicef_eapro,1991,16.139
unicef_eapro,1992,16.560
unicef_eapro,1993,16.239
unicef_eapro,1994,15.776
unicef_eapro,1995,15.214
unicef_eapro,1996,14.888
unicef_eapro,1997,14.432
unicef_eapro,1998,13.881
unicef_eapro,1999,13.290
unicef_eapro,2000,12.518
unicef_eapro,2001,11.505
unicef_eapro,2002,10.926
unicef_eapro,2003,10.222
unicef_eapro,2004,9.4458
unicef_eapro,2005,9.1107
unicef_eapro,2006,8.2281
unicef_eapro,2007,7.7424
unicef_eapro,2008,7.3071
unicef_eapro,2009,7.2629
unicef_eapro,2010,6.5550
unicef_eapro,2011,6.2656
unicef_eapro,2012,5.9798
unicef_eapro,2013,5.5683
unicef_eapro,2014,5.3548
unicef_eapro,2015,5.0345
unicef_eapro,2016,4.8834
unicef_eapro,2017,4.5874
unicef_eapro,2018,4.3441
unicef_eapro,2019,4.3213
unicef_eapro,2020,4.1534
unicef_eapro,2021,4.1645
unicef_eapro,2022,4.0781
unicef_eapro,2023,3.9862
unicef_eapro,2024,3.8540
unicef_eca,1991,11.082
unicef_eca,1992,10.900
unicef_eca,1993,10.793
unicef_eca,1994,10.620
unicef_eca,1995,10.211
unicef_eca,1996,9.8847
unicef_eca,1997,9.2201
unicef_eca,1998,8.7234
unicef_eca,1999,8.1437
unicef_eca,2000,7.5014
unicef_eca,2001,6.8049
unicef_eca,2002,6.3171
unicef_eca,2003,5.8649
unicef_eca,2004,5.4163
unicef_eca,2005,5.0410
unicef_eca,2006,4.6404
unicef_eca,2007,4.2944
unicef_eca,2008,4.0281
unicef_eca,2009,3.7935
unicef_eca,2010,3.5984
unicef_eca,2011,3.3809
unicef_eca,2012,3.1928
unicef_eca,2013,3.0287
unicef_eca,2014,2.9133
unicef_eca,2015,2.7894
unicef_eca,2016,2.6528
unicef_eca,2017,2.4932
unicef_eca,2018,2.3508
unicef_eca,2019,2.2276
unicef_eca,2020,2.1170
unicef_eca,2021,2.0444
unicef_eca,2022,1.9701
unicef_eca,2023,1.9140
unicef_eca,2024,2.0027
unicef_ecaro,1991,21.489
unicef_ecaro,1992,21.083
unicef_ecaro,1993,20.898
unicef_ecaro,1994,20.523
unicef_ecaro,1995,19.788
unicef_ecaro,1996,19.196
unicef_ecaro,1997,18.010
unicef_ecaro,1998,16.984
unicef_ecaro,1999,15.771
unicef_ecaro,2000,14.506
unicef_ecaro,2001,13.219
unicef_ecaro,2002,12.226
unicef_ecaro,2003,11.269
unicef_ecaro,2004,10.312
unicef_ecaro,2005,9.4866
unicef_ecaro,2006,8.6361
unicef_ecaro,2007,7.8777
unicef_ecaro,2008,7.2406
unicef_ecaro,2009,6.6938
unicef_ecaro,2010,6.2507
unicef_ecaro,2011,5.8792
unicef_ecaro,2012,5.5380
unicef_ecaro,2013,5.2207
unicef_ecaro,2014,4.9761
unicef_ecaro,2015,4.7089
unicef_ecaro,2016,4.4282
unicef_ecaro,2017,4.1338
unicef_ecaro,2018,3.8768
unicef_ecaro,2019,3.6451
unicef_ecaro,2020,3.4414
unicef_ecaro,2021,3.2617
unicef_ecaro,2022,3.1137
unicef_ecaro,2023,2.9939
unicef_ecaro,2024,3.2317
unicef_eeca,1991,17.270
unicef_eeca,1992,17.288
unicef_eeca,1993,17.520
unicef_eeca,1994,17.583
unicef_eeca,1995,16.996
unicef_eeca,1996,16.581
unicef_eeca,1997,15.696
unicef_eeca,1998,14.963
unicef_eeca,1999,13.954
unicef_eeca,2000,12.932
unicef_eeca,2001,11.808
unicef_eeca,2002,10.863
unicef_eeca,2003,9.9679
unicef_eeca,2004,9.1034
unicef_eeca,2005,8.3912
unicef_eeca,2006,7.6647
unicef_eeca,2007,7.0268
unicef_eeca,2008,6.4665
unicef_eeca,2009,6.0263
unicef_eeca,2010,5.6615
unicef_eeca,2011,5.3113
unicef_eeca,2012,4.9635
unicef_eeca,2013,4.6252
unicef_eeca,2014,4.3933
unicef_eeca,2015,4.1682
unicef_eeca,2016,3.9352
unicef_eeca,2017,3.6920
unicef_eeca,2018,3.4876
unicef_eeca,2019,3.2837
unicef_eeca,2020,3.1139
unicef_eeca,2021,2.9831
unicef_eeca,2022,2.8624
unicef_eeca,2023,2.7552
unicef_eeca,2024,2.9123
unicef_esa,1991,57.958
unicef_esa,1992,61.960
unicef_esa,1993,61.744
unicef_esa,1994,57.126
unicef_esa,1995,58.457
unicef_esa,1996,55.197
unicef_esa,1997,54.104
unicef_esa,1998,52.975
unicef_esa,1999,53.456
unicef_esa,2000,49.523
unicef_esa,2001,47.381
unicef_esa,2002,45.044
unicef_esa,2003,42.398
unicef_esa,2004,39.885
unicef_esa,2005,37.737
unicef_esa,2006,35.184
unicef_esa,2007,32.400
unicef_esa,2008,30.101
unicef_esa,2009,28.015
unicef_esa,2010,26.167
unicef_esa,2011,25.122
unicef_esa,2012,26.325
unicef_esa,2013,22.259
unicef_esa,2014,20.472
unicef_esa,2015,20.191
unicef_esa,2016,19.457
unicef_esa,2017,18.497
unicef_esa,2018,17.869
unicef_esa,2019,15.448
unicef_esa,2020,14.115
unicef_esa,2021,13.422
unicef_esa,2022,12.741
unicef_esa,2023,12.656
unicef_esa,2024,11.329
unicef_esaro,1991,59.464
unicef_esaro,1992,63.864
unicef_esaro,1993,63.671
unicef_esaro,1994,58.673
unicef_esaro,1995,60.185
unicef_esaro,1996,56.682
unicef_esaro,1997,55.515
unicef_esaro,1998,54.374
unicef_esaro,1999,54.966
unicef_esaro,2000,50.814
unicef_esaro,2001,48.586
unicef_esaro,2002,46.156
unicef_esaro,2003,43.361
unicef_esaro,2004,40.732
unicef_esaro,2005,38.085
unicef_esaro,2006,35.370
unicef_esaro,2007,32.875
unicef_esaro,2008,30.460
unicef_esaro,2009,28.268
unicef_esaro,2010,26.352
unicef_esaro,2011,25.306
unicef_esaro,2012,26.637
unicef_esaro,2013,22.309
unicef_esaro,2014,20.414
unicef_esaro,2015,20.172
unicef_esaro,2016,19.474
unicef_esaro,2017,18.506
unicef_esaro,2018,17.858
unicef_esaro,2019,15.317
unicef_esaro,2020,13.948
unicef_esaro,2021,13.263
unicef_esaro,2022,12.552
unicef_esaro,2023,12.528
unicef_esaro,2024,11.140
unicef_lac,1991,20.721
unicef_lac,1992,19.590
unicef_lac,1993,18.429
unicef_lac,1994,17.232
unicef_lac,1995,16.059
unicef_lac,1996,14.945
unicef_lac,1997,13.916
unicef_lac,1998,12.918
unicef_lac,1999,12.190
unicef_lac,2000,11.147
unicef_lac,2001,10.492
unicef_lac,2002,9.9539
unicef_lac,2003,9.5216
unicef_lac,2004,9.1144
unicef_lac,2005,8.7024
unicef_lac,2006,8.2939
unicef_lac,2007,7.9210
unicef_lac,2008,7.5411
unicef_lac,2009,7.1580
unicef_lac,2010,6.8073
unicef_lac,2011,7.0324
unicef_lac,2012,6.2117
unicef_lac,2013,5.9809
unicef_lac,2014,5.7663
unicef_lac,2015,5.5616
unicef_lac,2016,5.2288
unicef_lac,2017,5.3645
unicef_lac,2018,5.0066
unicef_lac,2019,4.7357
unicef_lac,2020,4.4862
unicef_lac,2021,4.2929
unicef_lac,2022,4.1903
unicef_lac,2023,4.2077
unicef_lac,2024,4.2456
unicef_lacro,1991,20.728
unicef_lacro,1992,19.597
unicef_lacro,1993,18.436
unicef_lacro,1994,17.238
unicef_lacro,1995,16.064
unicef_lacro,1996,14.950
unicef_lacro,1997,13.920
unicef_lacro,1998,12.922
unicef_lacro,1999,12.194
unicef_lacro,2000,11.150
unicef_lacro,2001,10.494
unicef_lacro,2002,9.9561
unicef_lacro,2003,9.5234
unicef_lacro,2004,9.1161
unicef_lacro,2005,8.7038
unicef_lacro,2006,8.2950
unicef_lacro,2007,7.9222
unicef_lacro,2008,7.5421
unicef_lacro,2009,7.1590
unicef_lacro,2010,6.8081
unicef_lacro,2011,7.0332
unicef_lacro,2012,6.2121
unicef_lacro,2013,5.9816
unicef_lacro,2014,5.7669
unicef_lacro,2015,5.5623
unicef_lacro,2016,5.2295
unicef_lacro,2017,5.3654
unicef_lacro,2018,5.0074
unicef_lacro,2019,4.7367
unicef_lacro,2020,4.4855
unicef_lacro,2021,4.2938
unicef_lacro,2022,4.1912
unicef_lacro,2023,4.2086
unicef_lacro,2024,4.2467
unicef_mena,1991,25.122
unicef_mena,1992,23.805
unicef_mena,1993,22.517
unicef_mena,1994,21.657
unicef_mena,1995,20.831
unicef_mena,1996,19.986
unicef_mena,1997,19.001
unicef_mena,1998,18.080
unicef_mena,1999,17.090
unicef_mena,2000,16.073
unicef_mena,2001,15.049
unicef_mena,2002,14.085
unicef_mena,2003,13.163
unicef_mena,2004,12.345
unicef_mena,2005,11.555
unicef_mena,2006,10.859
unicef_mena,2007,10.259
unicef_mena,2008,9.6698
unicef_mena,2009,9.1821
unicef_mena,2010,8.7825
unicef_mena,2011,8.3839
unicef_mena,2012,8.0960
unicef_mena,2013,8.0592
unicef_mena,2014,7.8195
unicef_mena,2015,7.5055
unicef_mena,2016,7.2952
unicef_mena,2017,6.9320
unicef_mena,2018,6.6942
unicef_mena,2019,6.5546
unicef_mena,2020,6.3181
unicef_mena,2021,6.0577
unicef_mena,2022,5.8873
unicef_mena,2023,5.6917
unicef_mena,2024,5.5949
unicef_menaro,1991,27.112
unicef_menaro,1992,25.945
unicef_menaro,1993,24.779
unicef_menaro,1994,24.050
unicef_menaro,1995,23.277
unicef_menaro,1996,22.524
unicef_menaro,1997,21.607
unicef_menaro,1998,20.703
unicef_menaro,1999,19.719
unicef_menaro,2000,18.682
unicef_menaro,2001,17.638
unicef_menaro,2002,16.656
unicef_menaro,2003,15.701
unicef_menaro,2004,14.818
unicef_menaro,2005,14.566
unicef_menaro,2006,13.805
unicef_menaro,2007,12.462
unicef_menaro,2008,11.763
unicef_menaro,2009,11.179
unicef_menaro,2010,10.692
unicef_menaro,2011,10.230
unicef_menaro,2012,9.8326
unicef_menaro,2013,9.6683
unicef_menaro,2014,9.3600
unicef_menaro,2015,9.0037
unicef_menaro,2016,8.7497
unicef_menaro,2017,8.3684
unicef_menaro,2018,8.0860
unicef_menaro,2019,7.9311
unicef_menaro,2020,7.6507
unicef_menaro,2021,7.3149
unicef_menaro,2022,7.0758
unicef_menaro,2023,6.8141
unicef_menaro,2024,6.6189
unicef_na,1991,3.3996
unicef_na,1992,3.3014
unicef_na,1993,3.1644
unicef_na,1994,3.0089
unicef_na,1995,2.8528
unicef_na,1996,2.7131
unicef_na,1997,2.5968
unicef_na,1998,2.5061
unicef_na,1999,2.4338
unicef_na,2000,2.3754
unicef_na,2001,2.3203
unicef_na,2002,2.2519
unicef_na,2003,2.1799
unicef_na,2004,2.1257
unicef_na,2005,2.1131
unicef_na,2006,2.1250
unicef_na,2007,2.1335
unicef_na,2008,2.1214
unicef_na,2009,2.0874
unicef_na,2010,2.0426
unicef_na,2011,1.9843
unicef_na,2012,1.9080
unicef_na,2013,1.8247
unicef_na,2014,1.7619
unicef_na,2015,1.7457
unicef_na,2016,1.7517
unicef_na,2017,1.7409
unicef_na,2018,1.6998
unicef_na,2019,1.6629
unicef_na,2020,1.6696
unicef_na,2021,1.7189
unicef_na,2022,1.7963
unicef_na,2023,1.8825
unicef_na,2024,1.9246
unicef_rosa,1991,30.771
unicef_rosa,1992,29.826
unicef_rosa,1993,29.050
unicef_rosa,1994,28.271
unicef_rosa,1995,27.528
unicef_rosa,1996,26.750
unicef_rosa,1997,25.908
unicef_rosa,1998,25.008
unicef_rosa,1999,24.170
unicef_rosa,2000,23.355
unicef_rosa,2001,22.559
unicef_rosa,2002,21.754
unicef_rosa,2003,21.075
unicef_rosa,2004,20.479
unicef_rosa,2005,19.874
unicef_rosa,2006,19.159
unicef_rosa,2007,18.455
unicef_rosa,2008,17.716
unicef_rosa,2009,16.922
unicef_rosa,2010,16.187
unicef_rosa,2011,15.377
unicef_rosa,2012,14.570
unicef_rosa,2013,13.774
unicef_rosa,2014,12.969
unicef_rosa,2015,12.211
unicef_rosa,2016,11.442
unicef_rosa,2017,10.693
unicef_rosa,2018,10.039
unicef_rosa,2019,9.4384
unicef_rosa,2020,9.0357
unicef_rosa,2021,8.6424
unicef_rosa,2022,8.2545
unicef_rosa,2023,7.8691
unicef_rosa,2024,7.4766
unicef_sa,1991,30.771
unicef_sa,1992,29.826
unicef_sa,1993,29.050
unicef_sa,1994,28.271
unicef_sa,1995,27.528
unicef_sa,1996,26.750
unicef_sa,1997,25.908
unicef_sa,1998,25.008
unicef_sa,1999,24.170
unicef_sa,2000,23.355
unicef_sa,2001,22.559
unicef_sa,2002,21.754
unicef_sa,2003,21.075
unicef_sa,2004,20.479
unicef_sa,2005,19.874
unicef_sa,2006,19.159
unicef_sa,2007,18.455
unicef_sa,2008,17.716
unicef_sa,2009,16.922
unicef_sa,2010,16.187
unicef_sa,2011,15.377
unicef_sa,2012,14.570
unicef_sa,2013,13.774
unicef_sa,2014,12.969
unicef_sa,2015,12.211
unicef_sa,2016,11.442
unicef_sa,2017,10.693
unicef_sa,2018,10.039
unicef_sa,2019,9.4384
unicef_sa,2020,9.0357
unicef_sa,2021,8.6424
unicef_sa,2022,8.2545
unicef_sa,2023,7.8691
unicef_sa,2024,7.4766
unicef_ssa,1991,57.674
unicef_ssa,1992,59.620
unicef_ssa,1993,59.416
unicef_ssa,1994,56.870
unicef_ssa,1995,57.445
unicef_ssa,1996,55.579
unicef_ssa,1997,54.766
unicef_ssa,1998,53.779
unicef_ssa,1999,53.517
unicef_ssa,2000,50.843
unicef_ssa,2001,49.046
unicef_ssa,2002,47.018
unicef_ssa,2003,44.802
unicef_ssa,2004,42.583
unicef_ssa,2005,40.554
unicef_ssa,2006,38.324
unicef_ssa,2007,36.025
unicef_ssa,2008,34.046
unicef_ssa,2009,32.198
unicef_ssa,2010,31.455
unicef_ssa,2011,29.477
unicef_ssa,2012,29.540
unicef_ssa,2013,26.877
unicef_ssa,2014,25.477
unicef_ssa,2015,25.034
unicef_ssa,2016,24.065
unicef_ssa,2017,23.117
unicef_ssa,2018,22.353
unicef_ssa,2019,20.447
unicef_ssa,2020,19.450
unicef_ssa,2021,18.274
unicef_ssa,2022,17.488
unicef_ssa,2023,17.524
unicef_ssa,2024,15.631
unicef_wca,1991,55.927
unicef_wca,1992,55.599
unicef_wca,1993,55.471
unicef_wca,1994,55.268
unicef_wca,1995,55.041
unicef_wca,1996,54.686
unicef_wca,1997,54.153
unicef_wca,1998,53.328
unicef_wca,1999,52.321
unicef_wca,2000,51.044
unicef_wca,2001,49.615
unicef_wca,2002,47.982
unicef_wca,2003,46.162
unicef_wca,2004,44.279
unicef_wca,2005,42.397
unicef_wca,2006,40.509
unicef_wca,2007,38.711
unicef_wca,2008,37.021
unicef_wca,2009,35.358
unicef_wca,2010,35.583
unicef_wca,2011,32.578
unicef_wca,2012,31.253
unicef_wca,2013,30.086
unicef_wca,2014,29.061
unicef_wca,2015,28.344
unicef_wca,2016,27.051
unicef_wca,2017,26.054
unicef_wca,2018,25.128
unicef_wca,2019,23.865
unicef_wca,2020,23.235
unicef_wca,2021,21.546
unicef_wca,2022,20.692
unicef_wca,2023,20.646
unicef_wca,2024,18.247
unicef_wcaro,1991,55.927
unicef_wcaro,1992,55.599
unicef_wcaro,1993,55.471
unicef_wcaro,1994,55.268
unicef_wcaro,1995,55.041
unicef_wcaro,1996,54.686
unicef_wcaro,1997,54.153
unicef_wcaro,1998,53.328
unicef_wcaro,1999,52.321
unicef_wcaro,2000,51.044
unicef_wcaro,2001,49.615
unicef_wcaro,2002,47.982
unicef_wcaro,2003,46.162
unicef_wcaro,2004,44.279
unicef_wcaro,2005,42.397
unicef_wcaro,2006,40.509
unicef_wcaro,2007,38.711
unicef_wcaro,2008,37.021
unicef_wcaro,2009,35.358
unicef_wcaro,2010,35.583
unicef_wcaro,2011,32.578
unicef_wcaro,2012,31.253
unicef_wcaro,2013,30.086
unicef_wcaro,2014,29.061
unicef_wcaro,2015,28.344
unicef_wcaro,2016,27.051
unicef_wcaro,2017,26.054
unicef_wcaro,2018,25.128
unicef_wcaro,2019,23.865
unicef_wcaro,2020,23.235
unicef_wcaro,2021,21.546
unicef_wcaro,2022,20.692
unicef_wcaro,2023,20.646
unicef_wcaro,2024,18.247
unicef_we,1991,3.1889
unicef_we,1992,2.9830
unicef_we,1993,2.7532
unicef_we,1994,2.5144
unicef_we,1995,2.2855
unicef_we,1996,2.0918
unicef_we,1997,1.9477
unicef_we,1998,1.8414
unicef_we,1999,1.7546
unicef_we,2000,1.6701
unicef_we,2001,1.5886
unicef_we,2002,1.5173
unicef_we,2003,1.4569
unicef_we,2004,1.4023
unicef_we,2005,1.3461
unicef_we,2006,1.3023
unicef_we,2007,1.2670
unicef_we,2008,1.2367
unicef_we,2009,1.1952
unicef_we,2010,1.1449
unicef_we,2011,1.0940
unicef_we,2012,1.0513
unicef_we,2013,1.0163
unicef_we,2014,0.98879
unicef_we,2015,0.96667
unicef_we,2016,0.94641
unicef_we,2017,0.92583
unicef_we,2018,0.90137
unicef_we,2019,0.87756
unicef_we,2020,0.86098
unicef_we,2021,0.85625
unicef_we,2022,0.86023
unicef_we,2023,0.86605
unicef_we,2024,0.86252
unsdg_australianewzealand,1991,3.1621
unsdg_australianewzealand,1992,2.8979
unsdg_australianewzealand,1993,2.6598
unsdg_australianewzealand,1994,2.4849
unsdg_australianewzealand,1995,2.3331
unsdg_australianewzealand,1996,2.2086
unsdg_australianewzealand,1997,2.0837
unsdg_australianewzealand,1998,1.9655
unsdg_australianewzealand,1999,1.8544
unsdg_australianewzealand,2000,1.7605
unsdg_australianewzealand,2001,1.6778
unsdg_australianewzealand,2002,1.6153
unsdg_australianewzealand,2003,1.5710
unsdg_australianewzealand,2004,1.5659
unsdg_australianewzealand,2005,1.5637
unsdg_australianewzealand,2006,1.5586
unsdg_australianewzealand,2007,1.5456
unsdg_australianewzealand,2008,1.5125
unsdg_australianewzealand,2009,1.4574
unsdg_australianewzealand,2010,1.3827
unsdg_australianewzealand,2011,1.3061
unsdg_australianewzealand,2012,1.2204
unsdg_australianewzealand,2013,1.1376
unsdg_australianewzealand,2014,1.0624
unsdg_australianewzealand,2015,0.99964
unsdg_australianewzealand,2016,0.96385
unsdg_australianewzealand,2017,0.93585
unsdg_australianewzealand,2018,0.91723
unsdg_australianewzealand,2019,0.89788
unsdg_australianewzealand,2020,0.88120
unsdg_australianewzealand,2021,0.86444
unsdg_australianewzealand,2022,0.84624
unsdg_australianewzealand,2023,0.82542
unsdg_australianewzealand,2024,0.80019
unsdg_centralasia,1991,29.518
unsdg_centralasia,1992,29.701
unsdg_centralasia,1993,30.158
unsdg_centralasia,1994,30.581
unsdg_centralasia,1995,30.736
unsdg_centralasia,1996,30.424
unsdg_centralasia,1997,29.327
unsdg_centralasia,1998,28.291
unsdg_centralasia,1999,26.772
unsdg_centralasia,2000,24.992
unsdg_centralasia,2001,22.967
unsdg_centralasia,2002,21.003
unsdg_centralasia,2003,19.011
unsdg_centralasia,2004,17.057
unsdg_centralasia,2005,15.262
unsdg_centralasia,2006,13.565
unsdg_centralasia,2007,12.014
unsdg_centralasia,2008,10.726
unsdg_centralasia,2009,9.6861
unsdg_centralasia,2010,8.9682
unsdg_centralasia,2011,8.3136
unsdg_centralasia,2012,7.7343
unsdg_centralasia,2013,7.2485
unsdg_centralasia,2014,6.8261
unsdg_centralasia,2015,6.4009
unsdg_centralasia,2016,5.9114
unsdg_centralasia,2017,5.4276
unsdg_centralasia,2018,5.0119
unsdg_centralasia,2019,4.6417
unsdg_centralasia,2020,4.3392
unsdg_centralasia,2021,4.0716
unsdg_centralasia,2022,3.8382
unsdg_centralasia,2023,3.7344
unsdg_centralasia,2024,3.6147
unsdg_centralasiasouthernasia,1991,30.457
unsdg_centralasiasouthernasia,1992,29.560
unsdg_centralasiasouthernasia,1993,28.829
unsdg_centralasiasouthernasia,1994,28.137
unsdg_centralasiasouthernasia,1995,27.444
unsdg_centralasiasouthernasia,1996,26.698
unsdg_centralasiasouthernasia,1997,25.853
unsdg_centralasiasouthernasia,1998,24.961
unsdg_centralasiasouthernasia,1999,24.076
unsdg_centralasiasouthernasia,2000,23.219
unsdg_centralasiasouthernasia,2001,22.380
unsdg_centralasiasouthernasia,2002,21.514
unsdg_centralasiasouthernasia,2003,20.800
unsdg_centralasiasouthernasia,2004,20.140
unsdg_centralasiasouthernasia,2005,19.470
unsdg_centralasiasouthernasia,2006,18.703
unsdg_centralasiasouthernasia,2007,17.937
unsdg_centralasiasouthernasia,2008,17.154
unsdg_centralasiasouthernasia,2009,16.345
unsdg_centralasiasouthernasia,2010,15.607
unsdg_centralasiasouthernasia,2011,14.808
unsdg_centralasiasouthernasia,2012,14.001
unsdg_centralasiasouthernasia,2013,13.223
unsdg_centralasiasouthernasia,2014,12.432
unsdg_centralasiasouthernasia,2015,11.691
unsdg_centralasiasouthernasia,2016,10.956
unsdg_centralasiasouthernasia,2017,10.235
unsdg_centralasiasouthernasia,2018,9.6212
unsdg_centralasiasouthernasia,2019,9.0656
unsdg_centralasiasouthernasia,2020,8.6973
unsdg_centralasiasouthernasia,2021,8.3215
unsdg_centralasiasouthernasia,2022,7.9564
unsdg_centralasiasouthernasia,2023,7.5854
unsdg_centralasiasouthernasia,2024,7.2315
unsdg_easternasia,1991,10.892
unsdg_easternasia,1992,10.986
unsdg_easternasia,1993,10.845
unsdg_easternasia,1994,10.595
unsdg_easternasia,1995,10.184
unsdg_easternasia,1996,10.099
unsdg_easternasia,1997,9.7373
unsdg_easternasia,1998,9.3129
unsdg_easternasia,1999,8.7809
unsdg_easternasia,2000,8.0483
unsdg_easternasia,2001,7.2564
unsdg_easternasia,2002,6.6659
unsdg_easternasia,2003,6.0584
unsdg_easternasia,2004,5.3465
unsdg_easternasia,2005,4.8722
unsdg_easternasia,2006,4.5182
unsdg_easternasia,2007,4.2354
unsdg_easternasia,2008,3.9962
unsdg_easternasia,2009,3.8422
unsdg_easternasia,2010,3.6599
unsdg_easternasia,2011,3.4598
unsdg_easternasia,2012,3.2595
unsdg_easternasia,2013,3.0465
unsdg_easternasia,2014,2.8384
unsdg_easternasia,2015,2.6371
unsdg_easternasia,2016,2.4637
unsdg_easternasia,2017,2.3233
unsdg_easternasia,2018,2.1839
unsdg_easternasia,2019,2.0487
unsdg_easternasia,2020,1.9193
unsdg_easternasia,2021,1.7990
unsdg_easternasia,2022,1.6713
unsdg_easternasia,2023,1.5423
unsdg_easternasia,2024,1.4082
unsdg_easternasiasoutheasternasia,1991,15.479
unsdg_easternasiasoutheasternasia,1992,15.761
unsdg_easternasiasoutheasternasia,1993,15.424
unsdg_easternasiasoutheasternasia,1994,14.970
unsdg_easternasiasoutheasternasia,1995,14.405
unsdg_easternasiasoutheasternasia,1996,14.092
unsdg_easternasiasoutheasternasia,1997,13.633
unsdg_easternasiasoutheasternasia,1998,13.103
unsdg_easternasiasoutheasternasia,1999,12.526
unsdg_easternasiasoutheasternasia,2000,11.791
unsdg_easternasiasoutheasternasia,2001,10.832
unsdg_easternasiasoutheasternasia,2002,10.285
unsdg_easternasiasoutheasternasia,2003,9.6266
unsdg_easternasiasoutheasternasia,2004,8.8964
unsdg_easternasiasoutheasternasia,2005,8.5871
unsdg_easternasiasoutheasternasia,2006,7.7657
unsdg_easternasiasoutheasternasia,2007,7.3032
unsdg_easternasiasoutheasternasia,2008,6.8912
unsdg_easternasiasoutheasternasia,2009,6.8616
unsdg_easternasiasoutheasternasia,2010,6.1925
unsdg_easternasiasoutheasternasia,2011,5.9156
unsdg_easternasiasoutheasternasia,2012,5.6450
unsdg_easternasiasoutheasternasia,2013,5.2658
unsdg_easternasiasoutheasternasia,2014,5.0591
unsdg_easternasiasoutheasternasia,2015,4.7635
unsdg_easternasiasoutheasternasia,2016,4.6099
unsdg_easternasiasoutheasternasia,2017,4.3404
unsdg_easternasiasoutheasternasia,2018,4.1160
unsdg_easternasiasoutheasternasia,2019,4.0796
unsdg_easternasiasoutheasternasia,2020,3.9206
unsdg_easternasiasoutheasternasia,2021,3.9175
unsdg_easternasiasoutheasternasia,2022,3.8280
unsdg_easternasiasoutheasternasia,2023,3.7374
unsdg_easternasiasoutheasternasia,2024,3.6098
unsdg_europe,1991,4.3182
unsdg_europe,1992,4.1748
unsdg_europe,1993,4.1408
unsdg_europe,1994,3.9944
unsdg_europe,1995,3.7809
unsdg_europe,1996,3.7001
unsdg_europe,1997,3.5596
unsdg_europe,1998,3.4572
unsdg_europe,1999,3.3710
unsdg_europe,2000,3.1903
unsdg_europe,2001,3.0098
unsdg_europe,2002,2.8739
unsdg_europe,2003,2.7759
unsdg_europe,2004,2.6774
unsdg_europe,2005,2.5353
unsdg_europe,2006,2.3702
unsdg_europe,2007,2.2401
unsdg_europe,2008,2.1858
unsdg_europe,2009,2.1506
unsdg_europe,2010,2.0856
unsdg_europe,2011,1.9647
unsdg_europe,2012,1.8457
unsdg_europe,2013,1.7534
unsdg_europe,2014,1.6658
unsdg_europe,2015,1.5919
unsdg_europe,2016,1.5338
unsdg_europe,2017,1.4656
unsdg_europe,2018,1.3741
unsdg_europe,2019,1.2961
unsdg_europe,2020,1.2438
unsdg_europe,2021,1.2308
unsdg_europe,2022,1.2132
unsdg_europe,2023,1.1840
unsdg_europe,2024,1.1366
unsdg_europenorthernamr,1991,4.0478
unsdg_europenorthernamr,1992,3.9098
unsdg_europenorthernamr,1993,3.8349
unsdg_europenorthernamr,1994,3.6776
unsdg_europenorthernamr,1995,3.4806
unsdg_europenorthernamr,1996,3.3758
unsdg_europenorthernamr,1997,3.2397
unsdg_europenorthernamr,1998,3.1401
unsdg_europenorthernamr,1999,3.0524
unsdg_europenorthernamr,2000,2.9124
unsdg_europenorthernamr,2001,2.7716
unsdg_europenorthernamr,2002,2.6615
unsdg_europenorthernamr,2003,2.5752
unsdg_europenorthernamr,2004,2.4930
unsdg_europenorthernamr,2005,2.3982
unsdg_europenorthernamr,2006,2.2988
unsdg_europenorthernamr,2007,2.2193
unsdg_europenorthernamr,2008,2.1816
unsdg_europenorthernamr,2009,2.1444
unsdg_europenorthernamr,2010,2.0865
unsdg_europenorthernamr,2011,1.9864
unsdg_europenorthernamr,2012,1.8822
unsdg_europenorthernamr,2013,1.7928
unsdg_europenorthernamr,2014,1.7152
unsdg_europenorthernamr,2015,1.6612
unsdg_europenorthernamr,2016,1.6247
unsdg_europenorthernamr,2017,1.5764
unsdg_europenorthernamr,2018,1.5044
unsdg_europenorthernamr,2019,1.4429
unsdg_europenorthernamr,2020,1.4133
unsdg_europenorthernamr,2021,1.4223
unsdg_europenorthernamr,2022,1.4428
unsdg_europenorthernamr,2023,1.4706
unsdg_europenorthernamr,2024,1.4608
unsdg_lac,1991,20.721
unsdg_lac,1992,19.590
unsdg_lac,1993,18.429
unsdg_lac,1994,17.232
unsdg_lac,1995,16.059
unsdg_lac,1996,14.945
unsdg_lac,1997,13.916
unsdg_lac,1998,12.918
unsdg_lac,1999,12.190
unsdg_lac,2000,11.147
unsdg_lac,2001,10.492
unsdg_lac,2002,9.9539
unsdg_lac,2003,9.5216
unsdg_lac,2004,9.1144
unsdg_lac,2005,8.7024
unsdg_lac,2006,8.2939
unsdg_lac,2007,7.9210
unsdg_lac,2008,7.5411
unsdg_lac,2009,7.1580
unsdg_lac,2010,6.8073
unsdg_lac,2011,7.0324
unsdg_lac,2012,6.2117
unsdg_lac,2013,5.9809
unsdg_lac,2014,5.7663
unsdg_lac,2015,5.5616
unsdg_lac,2016,5.2288
unsdg_lac,2017,5.3645
unsdg_lac,2018,5.0066
unsdg_lac,2019,4.7357
unsdg_lac,2020,4.4862
unsdg_lac,2021,4.2929
unsdg_lac,2022,4.1903
unsdg_lac,2023,4.2077
unsdg_lac,2024,4.2456
unsdg_ldc,1991,56.853
unsdg_ldc,1992,58.506
unsdg_ldc,1993,57.843
unsdg_ldc,1994,54.674
unsdg_ldc,1995,54.673
unsdg_ldc,1996,52.430
unsdg_ldc,1997,51.242
unsdg_ldc,1998,49.823
unsdg_ldc,1999,49.368
unsdg_ldc,2000,46.429
unsdg_ldc,2001,44.335
unsdg_ldc,2002,42.191
unsdg_ldc,2003,39.972
unsdg_ldc,2004,37.778
unsdg_ldc,2005,35.804
unsdg_ldc,2006,33.740
unsdg_ldc,2007,31.594
unsdg_ldc,2008,29.727
unsdg_ldc,2009,28.496
unsdg_ldc,2010,27.593
unsdg_ldc,2011,25.864
unsdg_ldc,2012,25.941
unsdg_ldc,2013,23.078
unsdg_ldc,2014,21.634
unsdg_ldc,2015,21.317
unsdg_ldc,2016,20.446
unsdg_ldc,2017,19.552
unsdg_ldc,2018,18.959
unsdg_ldc,2019,17.167
unsdg_ldc,2020,16.386
unsdg_ldc,2021,15.347
unsdg_ldc,2022,14.818
unsdg_ldc,2023,15.147
unsdg_ldc,2024,13.311
unsdg_lldc,1991,57.380
unsdg_lldc,1992,56.669
unsdg_lldc,1993,56.289
unsdg_lldc,1994,55.865
unsdg_lldc,1995,57.011
unsdg_lldc,1996,53.452
unsdg_lldc,1997,52.316
unsdg_lldc,1998,51.132
unsdg_lldc,1999,51.790
unsdg_lldc,2000,47.690
unsdg_lldc,2001,45.690
unsdg_lldc,2002,43.468
unsdg_lldc,2003,40.897
unsdg_lldc,2004,38.458
unsdg_lldc,2005,35.927
unsdg_lldc,2006,33.530
unsdg_lldc,2007,31.293
unsdg_lldc,2008,29.320
unsdg_lldc,2009,27.448
unsdg_lldc,2010,27.910
unsdg_lldc,2011,24.539
unsdg_lldc,2012,23.009
unsdg_lldc,2013,21.676
unsdg_lldc,2014,20.575
unsdg_lldc,2015,20.701
unsdg_lldc,2016,19.756
unsdg_lldc,2017,18.996
unsdg_lldc,2018,18.195
unsdg_lldc,2019,15.912
unsdg_lldc,2020,15.448
unsdg_lldc,2021,14.106
unsdg_lldc,2022,13.685
unsdg_lldc,2023,14.319
unsdg_lldc,2024,12.072
unsdg_northafr,1991,29.584
unsdg_northafr,1992,28.609
unsdg_northafr,1993,27.654
unsdg_northafr,1994,26.735
unsdg_northafr,1995,25.724
unsdg_northafr,1996,24.769
unsdg_northafr,1997,23.680
unsdg_northafr,1998,22.532
unsdg_northafr,1999,21.369
unsdg_northafr,2000,20.231
unsdg_northafr,2001,19.117
unsdg_northafr,2002,18.064
unsdg_northafr,2003,17.062
unsdg_northafr,2004,16.076
unsdg_northafr,2005,16.328
unsdg_northafr,2006,15.572
unsdg_northafr,2007,13.657
unsdg_northafr,2008,12.978
unsdg_northafr,2009,12.398
unsdg_northafr,2010,11.857
unsdg_northafr,2011,11.324
unsdg_northafr,2012,10.830
unsdg_northafr,2013,10.321
unsdg_northafr,2014,9.9274
unsdg_northafr,2015,9.5560
unsdg_northafr,2016,9.2239
unsdg_northafr,2017,8.8539
unsdg_northafr,2018,8.4299
unsdg_northafr,2019,8.0402
unsdg_northafr,2020,7.6084
unsdg_northafr,2021,7.2029
unsdg_northafr,2022,6.8770
unsdg_northafr,2023,6.5623
unsdg_northafr,2024,6.4238
unsdg_northernamr,1991,3.3996
unsdg_northernamr,1992,3.3014
unsdg_northernamr,1993,3.1644
unsdg_northernamr,1994,3.0089
unsdg_northernamr,1995,2.8528
unsdg_northernamr,1996,2.7131
unsdg_northernamr,1997,2.5968
unsdg_northernamr,1998,2.5061
unsdg_northernamr,1999,2.4338
unsdg_northernamr,2000,2.3754
unsdg_northernamr,2001,2.3203
unsdg_northernamr,2002,2.2519
unsdg_northernamr,2003,2.1799
unsdg_northernamr,2004,2.1257
unsdg_northernamr,2005,2.1131
unsdg_northernamr,2006,2.1250
unsdg_northernamr,2007,2.1335
unsdg_northernamr,2008,2.1214
unsdg_northernamr,2009,2.0874
unsdg_northernamr,2010,2.0426
unsdg_northernamr,2011,1.9843
unsdg_northernamr,2012,1.9080
unsdg_northernamr,2013,1.8247
unsdg_northernamr,2014,1.7619
unsdg_northernamr,2015,1.7457
unsdg_northernamr,2016,1.7517
unsdg_northernamr,2017,1.7409
unsdg_northernamr,2018,1.6998
unsdg_northernamr,2019,1.6629
unsdg_northernamr,2020,1.6696
unsdg_northernamr,2021,1.7189
unsdg_northernamr,2022,1.7963
unsdg_northernamr,2023,1.8825
unsdg_northernamr,2024,1.9246
unsdg_oceania,1991,11.372
unsdg_oceania,1992,10.985
unsdg_oceania,1993,10.510
unsdg_oceania,1994,10.310
unsdg_oceania,1995,10.101
unsdg_oceania,1996,9.9135
unsdg_oceania,1997,9.7859
unsdg_oceania,1998,9.6956
unsdg_oceania,1999,9.6800
unsdg_oceania,2000,9.6139
unsdg_oceania,2001,9.5649
unsdg_oceania,2002,9.6003
unsdg_oceania,2003,9.5374
unsdg_oceania,2004,9.4434
unsdg_oceania,2005,9.2318
unsdg_oceania,2006,8.9386
unsdg_oceania,2007,8.6089
unsdg_oceania,2008,8.1360
unsdg_oceania,2009,7.8085
unsdg_oceania,2010,7.6019
unsdg_oceania,2011,7.3225
unsdg_oceania,2012,7.0736
unsdg_oceania,2013,6.7405
unsdg_oceania,2014,6.4449
unsdg_oceania,2015,6.1539
unsdg_oceania,2016,5.7452
unsdg_oceania,2017,5.4265
unsdg_oceania,2018,5.1856
unsdg_oceania,2019,4.8751
unsdg_oceania,2020,4.6605
unsdg_oceania,2021,4.4625
unsdg_oceania,2022,4.1313
unsdg_oceania,2023,3.8986
unsdg_oceania,2024,3.6533
unsdg_oceaniaexausnzl,1991,24.526
unsdg_oceaniaexausnzl,1992,23.624
unsdg_oceaniaexausnzl,1993,22.782
unsdg_oceaniaexausnzl,1994,22.133
unsdg_oceaniaexausnzl,1995,21.512
unsdg_oceaniaexausnzl,1996,20.874
unsdg_oceaniaexausnzl,1997,20.371
unsdg_oceaniaexausnzl,1998,19.997
unsdg_oceaniaexausnzl,1999,19.751
unsdg_oceaniaexausnzl,2000,19.499
unsdg_oceaniaexausnzl,2001,19.295
unsdg_oceaniaexausnzl,2002,19.108
unsdg_oceaniaexausnzl,2003,18.865
unsdg_oceaniaexausnzl,2004,18.572
unsdg_oceaniaexausnzl,2005,18.144
unsdg_oceaniaexausnzl,2006,17.618
unsdg_oceaniaexausnzl,2007,17.003
unsdg_oceaniaexausnzl,2008,16.446
unsdg_oceaniaexausnzl,2009,15.858
unsdg_oceaniaexausnzl,2010,15.338
unsdg_oceaniaexausnzl,2011,14.734
unsdg_oceaniaexausnzl,2012,14.156
unsdg_oceaniaexausnzl,2013,13.581
unsdg_oceaniaexausnzl,2014,12.866
unsdg_oceaniaexausnzl,2015,12.087
unsdg_oceaniaexausnzl,2016,11.342
unsdg_oceaniaexausnzl,2017,10.711
unsdg_oceaniaexausnzl,2018,10.134
unsdg_oceaniaexausnzl,2019,9.5247
unsdg_oceaniaexausnzl,2020,8.9759
unsdg_oceaniaexausnzl,2021,8.4253
unsdg_oceaniaexausnzl,2022,7.8393
unsdg_oceaniaexausnzl,2023,7.3330
unsdg_oceaniaexausnzl,2024,6.8689
unsdg_sids,1991,28.959
unsdg_sids,1992,28.461
unsdg_sids,1993,27.630
unsdg_sids,1994,26.788
unsdg_sids,1995,25.907
unsdg_sids,1996,25.123
unsdg_sids,1997,24.218
unsdg_sids,1998,23.160
unsdg_sids,1999,22.580
unsdg_sids,2000,21.965
unsdg_sids,2001,19.612
unsdg_sids,2002,18.994
unsdg_sids,2003,18.247
unsdg_sids,2004,17.719
unsdg_sids,2005,17.108
unsdg_sids,2006,16.501
unsdg_sids,2007,15.948
unsdg_sids,2008,15.273
unsdg_sids,2009,14.569
unsdg_sids,2010,13.965
unsdg_sids,2011,18.074
unsdg_sids,2012,12.885
unsdg_sids,2013,12.391
unsdg_sids,2014,11.944
unsdg_sids,2015,11.445
unsdg_sids,2016,10.934
unsdg_sids,2017,10.481
unsdg_sids,2018,9.9793
unsdg_sids,2019,9.4434
unsdg_sids,2020,8.9895
unsdg_sids,2021,8.4892
unsdg_sids,2022,8.0448
unsdg_sids,2023,7.5988
unsdg_sids,2024,7.1855
unsdg_southasia,1991,30.391
unsdg_southasia,1992,29.469
unsdg_southasia,1993,28.672
unsdg_southasia,1994,27.937
unsdg_southasia,1995,27.228
unsdg_southasia,1996,26.481
unsdg_southasia,1997,25.643
unsdg_southasia,1998,24.765
unsdg_southasia,1999,23.902
unsdg_southasia,2000,23.089
unsdg_southasia,2001,22.291
unsdg_southasia,2002,21.467
unsdg_southasia,2003,20.786
unsdg_southasia,2004,20.170
unsdg_southasia,2005,19.536
unsdg_southasia,2006,18.804
unsdg_southasia,2007,18.078
unsdg_southasia,2008,17.335
unsdg_southasia,2009,16.536
unsdg_southasia,2010,15.815
unsdg_southasia,2011,15.009
unsdg_southasia,2012,14.206
unsdg_southasia,2013,13.417
unsdg_southasia,2014,12.625
unsdg_southasia,2015,11.881
unsdg_southasia,2016,11.138
unsdg_southasia,2017,10.402
unsdg_southasia,2018,9.7792
unsdg_southasia,2019,9.2035
unsdg_southasia,2020,8.8388
unsdg_southasia,2021,8.4628
unsdg_southasia,2022,8.0855
unsdg_southasia,2023,7.6998
unsdg_southasia,2024,7.3272
unsdg_southeasternasia,1991,25.969
unsdg_southeasternasia,1992,24.601
unsdg_southeasternasia,1993,23.334
unsdg_southeasternasia,1994,22.229
unsdg_southeasternasia,1995,21.237
unsdg_southeasternasia,1996,20.331
unsdg_southeasternasia,1997,19.529
unsdg_southeasternasia,1998,18.751
unsdg_southeasternasia,1999,18.085
unsdg_southeasternasia,2000,17.329
unsdg_southeasternasia,2001,16.334
unsdg_southeasternasia,2002,15.529
unsdg_southeasternasia,2003,14.763
unsdg_southeasternasia,2004,13.970
unsdg_southeasternasia,2005,14.012
unsdg_southeasternasia,2006,12.489
unsdg_southeasternasia,2007,11.783
unsdg_southeasternasia,2008,11.123
unsdg_southeasternasia,2009,11.434
unsdg_southeasternasia,2010,10.037
unsdg_southeasternasia,2011,9.5961
unsdg_southeasternasia,2012,9.1445
unsdg_southeasternasia,2013,8.7396
unsdg_southeasternasia,2014,8.4140
unsdg_southeasternasia,2015,8.0630
unsdg_southeasternasia,2016,7.7655
unsdg_southeasternasia,2017,7.5150
unsdg_southeasternasia,2018,7.2081
unsdg_southeasternasia,2019,6.9329
unsdg_southeasternasia,2020,6.6177
unsdg_southeasternasia,2021,6.3262
unsdg_southeasternasia,2022,6.0739
unsdg_southeasternasia,2023,5.8324
unsdg_southeasternasia,2024,5.5921
unsdg_subsaharanafrica,1991,58.329
unsdg_subsaharanafrica,1992,60.371
unsdg_subsaharanafrica,1993,60.187
unsdg_subsaharanafrica,1994,57.558
unsdg_subsaharanafrica,1995,58.177
unsdg_subsaharanafrica,1996,56.254
unsdg_subsaharanafrica,1997,55.440
unsdg_subsaharanafrica,1998,54.434
unsdg_subsaharanafrica,1999,54.207
unsdg_subsaharanafrica,2000,51.473
unsdg_subsaharanafrica,2001,49.629
unsdg_subsaharanafrica,2002,47.578
unsdg_subsaharanafrica,2003,45.311
unsdg_subsaharanafrica,2004,43.069
unsdg_subsaharanafrica,2005,40.800
unsdg_subsaharanafrica,2006,38.518
unsdg_subsaharanafrica,2007,36.367
unsdg_subsaharanafrica,2008,34.350
unsdg_subsaharanafrica,2009,32.468
unsdg_subsaharanafrica,2010,31.744
unsdg_subsaharanafrica,2011,29.710
unsdg_subsaharanafrica,2012,29.811
unsdg_subsaharanafrica,2013,27.059
unsdg_subsaharanafrica,2014,25.636
unsdg_subsaharanafrica,2015,25.190
unsdg_subsaharanafrica,2016,24.203
unsdg_subsaharanafrica,2017,23.264
unsdg_subsaharanafrica,2018,22.524
unsdg_subsaharanafrica,2019,20.539
unsdg_subsaharanafrica,2020,19.564
unsdg_subsaharanafrica,2021,18.374
unsdg_subsaharanafrica,2022,17.589
unsdg_subsaharanafrica,2023,17.666
unsdg_subsaharanafrica,2024,15.701
unsdg_westernasia,1991,26.626
unsdg_westernasia,1992,24.726
unsdg_westernasia,1993,22.877
unsdg_westernasia,1994,21.843
unsdg_westernasia,1995,20.758
unsdg_westernasia,1996,19.758
unsdg_westernasia,1997,18.609
unsdg_westernasia,1998,17.696
unsdg_westernasia,1999,16.657
unsdg_westernasia,2000,15.653
unsdg_westernasia,2001,14.706
unsdg_westernasia,2002,13.845
unsdg_westernasia,2003,13.094
unsdg_westernasia,2004,12.362
unsdg_westernasia,2005,11.662
unsdg_westernasia,2006,11.004
unsdg_westernasia,2007,10.406
unsdg_westernasia,2008,9.7825
unsdg_westernasia,2009,9.2447
unsdg_westernasia,2010,8.8355
unsdg_westernasia,2011,8.4741
unsdg_westernasia,2012,8.2589
unsdg_westernasia,2013,8.4320
unsdg_westernasia,2014,8.2035
unsdg_westernasia,2015,7.8042
unsdg_westernasia,2016,7.6227
unsdg_westernasia,2017,7.2238
unsdg_westernasia,2018,7.0152
unsdg_westernasia,2019,6.9338
unsdg_westernasia,2020,6.6713
unsdg_westernasia,2021,6.3844
unsdg_westernasia,2022,6.2181
unsdg_westernasia,2023,6.0187
unsdg_westernasia,2024,6.0146
unsdg_westernasianorthernafr,1991,28.549
unsdg_westernasianorthernafr,1992,27.124
unsdg_westernasianorthernafr,1993,25.702
unsdg_westernasianorthernafr,1994,24.697
unsdg_westernasianorthernafr,1995,23.614
unsdg_westernasianorthernafr,1996,22.600
unsdg_westernasianorthernafr,1997,21.454
unsdg_westernasianorthernafr,1998,20.401
unsdg_westernasianorthernafr,1999,19.303
unsdg_westernasianorthernafr,2000,18.225
unsdg_westernasianorthernafr,2001,17.192
unsdg_westernasianorthernafr,2002,16.231
unsdg_westernasianorthernafr,2003,15.359
unsdg_westernasianorthernafr,2004,14.504
unsdg_westernasianorthernafr,2005,14.285
unsdg_westernasianorthernafr,2006,13.568
unsdg_westernasianorthernafr,2007,12.294
unsdg_westernasianorthernafr,2008,11.633
unsdg_westernasianorthernafr,2009,11.078
unsdg_westernasianorthernafr,2010,10.608
unsdg_westernasianorthernafr,2011,10.160
unsdg_westernasianorthernafr,2012,9.8034
unsdg_westernasianorthernafr,2013,9.6477
unsdg_westernasianorthernafr,2014,9.3524
unsdg_westernasianorthernafr,2015,8.9629
unsdg_westernasianorthernafr,2016,8.7100
unsdg_westernasianorthernafr,2017,8.3420
unsdg_westernasianorthernafr,2018,8.0332
unsdg_westernasianorthernafr,2019,7.8037
unsdg_westernasianorthernafr,2020,7.4794
unsdg_westernasianorthernafr,2021,7.1520
unsdg_westernasianorthernafr,2022,6.9113
unsdg_westernasianorthernafr,2023,6.6769
unsdg_westernasianorthernafr,2024,6.6192
ury,1971,24.645
ury,1972,22.824
ury,1973,21.083
ury,1974,20.030
ury,1975,20.821
ury,1976,22.839
ury,1977,24.388
ury,1978,23.616
ury,1979,20.844
ury,1980,17.581
ury,1981,14.372
ury,1982,11.944
ury,1983,10.591
ury,1984,9.6164
ury,1985,8.9455
ury,1986,8.5098
ury,1987,8.1404
ury,1988,7.7784
ury,1989,7.5524
ury,1990,7.4989
ury,1991,7.5935
ury,1992,7.6279
ury,1993,7.6462
ury,1994,7.5098
ury,1995,7.4454
ury,1996,7.5013
ury,1997,7.3827
ury,1998,7.0312
ury,1999,6.5290
ury,2000,6.0702
ury,2001,5.6885
ury,2002,5.3804
ury,2003,5.1594
ury,2004,4.9641
ury,2005,4.7630
ury,2006,4.5637
ury,2007,4.4187
ury,2008,4.3448
ury,2009,4.2389
ury,2010,4.0934
ury,2011,3.8646
ury,2012,3.5530
ury,2013,3.1928
ury,2014,2.8134
ury,2015,2.4990
ury,2016,2.2118
ury,2017,1.9090
ury,2018,1.5927
ury,2019,1.2837
ury,2020,1.0693
ury,2021,0.93776
ury,2022,0.92935
ury,2023,1.0058
ury,2024,1.0088
usa,1969,5.3072
usa,1970,5.0585
usa,1971,4.7268
usa,1972,4.5296
usa,1973,4.5320
usa,1974,4.5515
usa,1975,4.4368
usa,1976,4.2472
usa,1977,4.1401
usa,1978,4.1663
usa,1979,4.2104
usa,1980,4.1683
usa,1981,4.0450
usa,1982,3.8940
usa,1983,3.7581
usa,1984,3.6461
usa,1985,3.5705
usa,1986,3.5294
usa,1987,3.5207
usa,1988,3.5311
usa,1989,3.5406
usa,1990,3.5368
usa,1991,3.4961
usa,1992,3.4048
usa,1993,3.2697
usa,1994,3.1110
usa,1995,2.9557
usa,1996,2.8149
usa,1997,2.6942
usa,1998,2.5936
usa,1999,2.5143
usa,2000,2.4498
usa,2001,2.3905
usa,2002,2.3223
usa,2003,2.2504
usa,2004,2.1953
usa,2005,2.1833
usa,2006,2.1956
usa,2007,2.2047
usa,2008,2.1931
usa,2009,2.1610
usa,2010,2.1179
usa,2011,2.0608
usa,2012,1.9817
usa,2013,1.8927
usa,2014,1.8256
usa,2015,1.8090
usa,2016,1.8153
usa,2017,1.8051
usa,2018,1.7626
usa,2019,1.7239
usa,2020,1.7326
usa,2021,1.7887
usa,2022,1.8761
usa,2023,1.9653
usa,2024,2.0140
uzb,1990,25.977
uzb,1991,25.978
uzb,1992,26.241
uzb,1993,26.509
uzb,1994,26.748
uzb,1995,26.786
uzb,1996,26.761
uzb,1997,26.518
uzb,1998,26.121
uzb,1999,25.484
uzb,2000,24.611
uzb,2001,23.460
uzb,2002,22.088
uzb,2003,20.534
uzb,2004,18.909
uzb,2005,17.220
uzb,2006,15.575
uzb,2007,13.994
uzb,2008,12.476
uzb,2009,11.307
uzb,2010,10.430
uzb,2011,9.6526
uzb,2012,8.9228
uzb,2013,8.2389
uzb,2014,7.6380
uzb,2015,7.0622
uzb,2016,6.5543
uzb,2017,6.0659
uzb,2018,5.6404
uzb,2019,5.2676
uzb,2020,4.9239
uzb,2021,4.6364
uzb,2022,4.4238
uzb,2023,4.2448
uzb,2024,4.0652
vct,1971,21.962
vct,1972,25.290
vct,1973,28.467
vct,1974,31.422
vct,1975,33.509
vct,1976,33.885
vct,1977,32.322
vct,1978,29.341
vct,1979,25.924
vct,1980,22.543
vct,1981,19.619
vct,1982,17.246
vct,1983,15.039
vct,1984,12.849
vct,1985,10.974
vct,1986,9.6085
vct,1987,8.5039
vct,1988,7.5928
vct,1989,6.9126
vct,1990,6.3733
vct,1991,5.9515
vct,1992,5.6102
vct,1993,5.3375
vct,1994,5.1610
vct,1995,5.0831
vct,1996,5.0698
vct,1997,5.1356
vct,1998,5.2101
vct,1999,5.3170
vct,2000,5.3484
vct,2001,5.3629
vct,2002,5.3395
vct,2003,5.2916
vct,2004,5.3275
vct,2005,5.3938
vct,2006,5.4979
vct,2007,5.6218
vct,2008,5.6988
vct,2009,5.6929
vct,2010,5.5864
vct,2011,5.4608
vct,2012,5.3591
vct,2013,5.2418
vct,2014,5.1431
vct,2015,5.0311
vct,2016,4.8763
vct,2017,4.7038
vct,2018,4.4927
vct,2019,4.2285
vct,2020,3.9338
vct,2021,3.6228
vct,2022,3.3410
vct,2023,3.0831
vct,2024,2.8392
ven,1990,12.157
ven,1991,10.967
ven,1992,9.2612
ven,1993,7.9130
ven,1994,7.4503
ven,1995,7.7012
ven,1996,8.1330
ven,1997,8.3727
ven,1998,8.1826
ven,1999,7.5206
ven,2000,6.7209
ven,2001,6.2841
ven,2002,6.3245
ven,2003,6.3443
ven,2004,5.9305
ven,2005,5.2032
ven,2006,4.5842
ven,2007,4.2719
ven,2008,4.0786
ven,2009,3.8572
ven,2010,3.6435
ven,2011,3.5172
ven,2012,3.5402
ven,2013,3.6275
ven,2014,3.7672
ven,2015,3.9434
ven,2016,1.7127
ven,2017,5.6638
ven,2018,5.2975
ven,2019,4.7767
ven,2020,4.1079
ven,2021,3.5053
ven,2022,3.0223
ven,2023,2.5145
ven,2024,2.0052
vgb,1990,3.9881
vgb,1991,3.8026
vgb,1992,3.5853
vgb,1993,3.4001
vgb,1994,3.2408
vgb,1995,3.0971
vgb,1996,3.0043
vgb,1997,2.9100
vgb,1998,2.8361
vgb,1999,2.7973
vgb,2000,2.7558
vgb,2001,2.7284
vgb,2002,2.6626
vgb,2003,2.6328
vgb,2004,2.5949
vgb,2005,2.5863
vgb,2006,2.5820
vgb,2007,2.5654
vgb,2008,2.5423
vgb,2009,2.5206
vgb,2010,2.5295
vgb,2011,2.5122
vgb,2012,2.4859
vgb,2013,2.4779
vgb,2014,2.4573
vgb,2015,2.4321
vgb,2016,2.3899
vgb,2017,2.2999
vgb,2018,2.2363
vgb,2019,2.1432
vgb,2020,2.0424
vgb,2021,1.9511
vgb,2022,1.8626
vgb,2023,1.8012
vgb,2024,1.7161
vnm,1975,30.361
vnm,1976,20.342
vnm,1977,20.193
vnm,1978,19.965
vnm,1979,19.615
vnm,1980,19.223
vnm,1981,18.844
vnm,1982,18.312
vnm,1983,17.945
vnm,1984,17.499
vnm,1985,16.979
vnm,1986,16.290
vnm,1987,15.378
vnm,1988,14.394
vnm,1989,13.296
vnm,1990,12.190
vnm,1991,11.047
vnm,1992,9.9720
vnm,1993,8.9494
vnm,1994,8.1704
vnm,1995,7.4150
vnm,1996,6.7106
vnm,1997,6.1063
vnm,1998,5.8279
vnm,1999,5.5994
vnm,2000,5.3698
vnm,2001,5.1118
vnm,2002,4.8869
vnm,2003,4.6706
vnm,2004,4.4592
vnm,2005,4.2846
vnm,2006,4.1402
vnm,2007,3.9853
vnm,2008,3.8319
vnm,2009,3.6712
vnm,2010,3.4971
vnm,2011,3.3365
vnm,2012,3.1385
vnm,2013,2.9706
vnm,2014,2.8101
vnm,2015,2.6711
vnm,2016,2.5422
vnm,2017,2.4362
vnm,2018,2.3393
vnm,2019,2.2147
vnm,2020,2.0981
vnm,2021,1.9738
vnm,2022,1.8676
vnm,2023,1.7511
vnm,2024,1.6795
vut,1990,0.20116
vut,1991,0.36476
vut,1992,0.52971
vut,1993,0.50427
vut,1994,0.063350
vut,1995,0.0000
vut,1996,0.0000
vut,1997,0.0000
vut,1998,0.0000
vut,1999,0.0000
vut,2000,0.0000
vut,2001,3.3102
vut,2002,5.1349
vut,2003,5.5221
vut,2004,5.7064
vut,2005,5.8047
vut,2006,5.8574
vut,2007,5.7022
vut,2008,5.5891
vut,2009,5.4602
vut,2010,5.3176
vut,2011,5.1319
vut,2012,4.7080
vut,2013,3.9626
vut,2014,2.7668
vut,2015,1.6841
vut,2016,1.1602
vut,2017,0.92667
vut,2018,1.2272
vut,2019,1.8744
vut,2020,2.4456
vut,2021,2.7414
vut,2022,2.6353
vut,2023,2.4271
vut,2024,2.2971
wb_hi,1991,4.0259
wb_hi,1992,3.8604
wb_hi,1993,3.6865
wb_hi,1994,3.5176
wb_hi,1995,3.3702
wb_hi,1996,3.2434
wb_hi,1997,3.1186
wb_hi,1998,3.0212
wb_hi,1999,2.9297
wb_hi,2000,2.8023
wb_hi,2001,2.6776
wb_hi,2002,2.5702
wb_hi,2003,2.4809
wb_hi,2004,2.4010
wb_hi,2005,2.3166
wb_hi,2006,2.2320
wb_hi,2007,2.1610
wb_hi,2008,2.1236
wb_hi,2009,2.0844
wb_hi,2010,2.0322
wb_hi,2011,1.9423
wb_hi,2012,1.8483
wb_hi,2013,1.7626
wb_hi,2014,1.6891
wb_hi,2015,1.6403
wb_hi,2016,1.6021
wb_hi,2017,1.5539
wb_hi,2018,1.4877
wb_hi,2019,1.4276
wb_hi,2020,1.3970
wb_hi,2021,1.3961
wb_hi,2022,1.4079
wb_hi,2023,1.4333
wb_hi,2024,1.4295
wb_li,1991,61.534
wb_li,1992,64.509
wb_li,1993,63.764
wb_li,1994,59.067
wb_li,1995,59.588
wb_li,1996,56.804
wb_li,1997,55.533
wb_li,1998,54.198
wb_li,1999,54.300
wb_li,2000,50.570
wb_li,2001,48.495
wb_li,2002,46.228
wb_li,2003,43.874
wb_li,2004,41.299
wb_li,2005,39.267
wb_li,2006,37.012
wb_li,2007,34.500
wb_li,2008,32.354
wb_li,2009,30.464
wb_li,2010,30.359
wb_li,2011,27.968
wb_li,2012,28.866
wb_li,2013,25.320
wb_li,2014,23.693
wb_li,2015,23.610
wb_li,2016,22.734
wb_li,2017,21.850
wb_li,2018,21.347
wb_li,2019,19.106
wb_li,2020,18.241
wb_li,2021,16.963
wb_li,2022,16.369
wb_li,2023,17.055
wb_li,2024,14.633
wb_lmi,1991,34.086
wb_lmi,1992,33.448
wb_lmi,1993,32.891
wb_lmi,1994,32.324
wb_lmi,1995,31.774
wb_lmi,1996,31.194
wb_lmi,1997,30.507
wb_lmi,1998,29.704
wb_lmi,1999,28.904
wb_lmi,2000,27.997
wb_lmi,2001,27.054
wb_lmi,2002,26.092
wb_lmi,2003,25.172
wb_lmi,2004,24.297
wb_lmi,2005,23.419
wb_lmi,2006,22.499
wb_lmi,2007,21.589
wb_lmi,2008,20.683
wb_lmi,2009,19.953
wb_lmi,2010,18.939
wb_lmi,2011,18.200
wb_lmi,2012,17.308
wb_lmi,2013,16.543
wb_lmi,2014,15.795
wb_lmi,2015,15.104
wb_lmi,2016,14.338
wb_lmi,2017,13.646
wb_lmi,2018,12.994
wb_lmi,2019,12.327
wb_lmi,2020,11.805
wb_lmi,2021,11.304
wb_lmi,2022,10.812
wb_lmi,2023,10.290
wb_lmi,2024,9.7857
wb_umi,1991,17.252
wb_umi,1992,17.245
wb_umi,1993,16.649
wb_umi,1994,15.976
wb_umi,1995,15.183
wb_umi,1996,14.496
wb_umi,1997,13.806
wb_umi,1998,13.122
wb_umi,1999,12.414
wb_umi,2000,11.627
wb_umi,2001,10.769
wb_umi,2002,10.211
wb_umi,2003,9.6019
wb_umi,2004,9.0683
wb_umi,2005,8.8068
wb_umi,2006,8.0775
wb_umi,2007,7.5853
wb_umi,2008,7.1115
wb_umi,2009,6.6865
wb_umi,2010,6.2745
wb_umi,2011,5.9633
wb_umi,2012,5.7087
wb_umi,2013,5.3881
wb_umi,2014,5.1966
wb_umi,2015,4.9304
wb_umi,2016,4.7521
wb_umi,2017,4.4989
wb_umi,2018,4.2320
wb_umi,2019,4.1446
wb_umi,2020,3.9774
wb_umi,2021,3.9435
wb_umi,2022,3.8862
wb_umi,2023,3.8573
wb_umi,2024,3.8902
world,1991,27.306
world,1992,27.792
world,1993,27.516
world,1994,26.764
world,1995,26.508
world,1996,25.903
world,1997,25.393
world,1998,24.795
world,1999,24.332
world,2000,23.369
world,2001,22.421
world,2002,21.694
world,2003,20.853
world,2004,19.985
world,2005,19.220
world,2006,18.283
world,2007,17.364
world,2008,16.489
world,2009,15.756
world,2010,15.190
world,2011,14.460
world,2012,14.180
world,2013,13.120
world,2014,12.577
world,2015,12.166
world,2016,11.746
world,2017,11.252
world,2018,10.894
world,2019,10.371
world,2020,10.040
world,2021,9.7636
world,2022,9.5173
world,2023,9.5079
world,2024,8.8737
wsm,1990,5.0512
wsm,1991,5.3970
wsm,1992,5.8899
wsm,1993,6.1649
wsm,1994,6.3841
wsm,1995,6.6362
wsm,1996,6.6153
wsm,1997,6.5952
wsm,1998,6.4293
wsm,1999,6.2971
wsm,2000,6.1161
wsm,2001,5.9434
wsm,2002,5.8376
wsm,2003,5.7205
wsm,2004,5.7035
wsm,2005,5.7285
wsm,2006,5.7550
wsm,2007,5.7972
wsm,2008,5.8032
wsm,2009,5.8424
wsm,2010,7.7255
wsm,2011,5.8201
wsm,2012,5.7823
wsm,2013,5.7229
wsm,2014,5.7051
wsm,2015,5.6463
wsm,2016,5.5299
wsm,2017,5.3926
wsm,2018,5.1463
wsm,2019,4.9003
wsm,2020,5.3306
wsm,2021,4.4193
wsm,2022,4.2198
wsm,2023,3.9978
wsm,2024,3.7812
yem,1962,175.26
yem,1963,174.57
yem,1964,173.37
yem,1965,171.37
yem,1966,168.73
yem,1967,165.14
yem,1968,160.72
yem,1969,155.80
yem,1970,150.48
yem,1971,145.02
yem,1972,139.87
yem,1973,134.79
yem,1974,130.09
yem,1975,125.13
yem,1976,120.14
yem,1977,114.57
yem,1978,108.76
yem,1979,102.66
yem,1980,96.270
yem,1981,89.848
yem,1982,83.629
yem,1983,77.705
yem,1984,72.364
yem,1985,67.548
yem,1986,63.508
yem,1987,60.121
yem,1988,57.274
yem,1989,54.886
yem,1990,52.949
yem,1991,51.256
yem,1992,49.775
yem,1993,48.487
yem,1994,47.445
yem,1995,46.462
yem,1996,45.450
yem,1997,44.292
yem,1998,42.834
yem,1999,41.036
yem,2000,39.002
yem,2001,36.762
yem,2002,34.362
yem,2003,31.857
yem,2004,29.570
yem,2005,27.415
yem,2006,25.359
yem,2007,23.488
yem,2008,21.769
yem,2009,20.269
yem,2010,18.950
yem,2011,17.857
yem,2012,16.930
yem,2013,16.213
yem,2014,15.382
yem,2015,14.891
yem,2016,14.993
yem,2017,14.429
yem,2018,13.968
yem,2019,13.952
yem,2020,13.404
yem,2021,12.359
yem,2022,11.881
yem,2023,11.141
yem,2024,10.396
zaf,1977,72.451
zaf,1978,67.939
zaf,1979,63.065
zaf,1980,58.377
zaf,1981,54.226
zaf,1982,50.414
zaf,1983,47.107
zaf,1984,44.237
zaf,1985,41.559
zaf,1986,38.894
zaf,1987,36.333
zaf,1988,33.886
zaf,1989,31.781
zaf,1990,29.792
zaf,1991,28.192
zaf,1992,26.820
zaf,1993,25.800
zaf,1994,25.151
zaf,1995,25.044
zaf,1996,25.073
zaf,1997,25.374
zaf,1998,26.018
zaf,1999,27.126
zaf,2000,28.591
zaf,2001,29.955
zaf,2002,31.396
zaf,2003,32.238
zaf,2004,33.108
zaf,2005,33.603
zaf,2006,32.630
zaf,2007,30.698
zaf,2008,28.476
zaf,2009,25.361
zaf,2010,22.633
zaf,2011,20.764
zaf,2012,19.672
zaf,2013,19.096
zaf,2014,18.381
zaf,2015,17.398
zaf,2016,16.358
zaf,2017,15.238
zaf,2018,14.187
zaf,2019,13.272
zaf,2020,12.557
zaf,2021,11.967
zaf,2022,11.643
zaf,2023,11.237
zaf,2024,10.753
zmb,1970,47.875
zmb,1971,47.288
zmb,1972,45.987
zmb,1973,44.490
zmb,1974,42.837
zmb,1975,41.356
zmb,1976,40.261
zmb,1977,39.831
zmb,1978,40.058
zmb,1979,40.709
zmb,1980,41.450
zmb,1981,42.270
zmb,1982,43.066
zmb,1983,44.114
zmb,1984,45.444
zmb,1985,47.537
zmb,1986,49.903
zmb,1987,52.359
zmb,1988,54.712
zmb,1989,56.999
zmb,1990,58.975
zmb,1991,60.279
zmb,1992,61.366
zmb,1993,61.696
zmb,1994,61.298
zmb,1995,60.394
zmb,1996,58.921
zmb,1997,57.355
zmb,1998,56.110
zmb,1999,54.783
zmb,2000,53.100
zmb,2001,50.215
zmb,2002,46.644
zmb,2003,42.471
zmb,2004,38.075
zmb,2005,33.022
zmb,2006,28.619
zmb,2007,25.872
zmb,2008,24.512
zmb,2009,22.464
zmb,2010,20.566
zmb,2011,19.003
zmb,2012,17.781
zmb,2013,16.651
zmb,2014,14.994
zmb,2015,13.488
zmb,2016,12.398
zmb,2017,10.581
zmb,2018,8.0921
zmb,2019,6.1022
zmb,2020,3.6046
zmb,2021,1.6263
zmb,2022,0.0000
zmb,2023,0.0000
zmb,2024,0.0000
zwe,1966,32.500
zwe,1967,31.921
zwe,1968,31.329
zwe,1969,30.848
zwe,1970,30.613
zwe,1971,30.560
zwe,1972,30.706
zwe,1973,30.836
zwe,1974,31.032
zwe,1975,31.534
zwe,1976,32.370
zwe,1977,33.551
zwe,1978,34.852
zwe,1979,36.162
zwe,1980,37.061
zwe,1981,37.430
zwe,1982,36.827
zwe,1983,35.154
zwe,1984,32.989
zwe,1985,30.671
zwe,1986,28.504
zwe,1987,26.642
zwe,1988,25.340
zwe,1989,24.844
zwe,1990,25.289
zwe,1991,26.057
zwe,1992,27.109
zwe,1993,28.304
zwe,1994,29.834
zwe,1995,31.203
zwe,1996,32.309
zwe,1997,32.458
zwe,1998,31.919
zwe,1999,31.444
zwe,2000,31.153
zwe,2001,31.644
zwe,2002,32.856
zwe,2003,29.654
zwe,2004,31.403
zwe,2005,33.806
zwe,2006,35.412
zwe,2007,37.504
zwe,2008,38.897
zwe,2009,38.629
zwe,2010,37.619
zwe,2011,34.994
zwe,2012,32.909
zwe,2013,28.989
zwe,2014,26.660
zwe,2015,24.433
zwe,2016,22.995
zwe,2017,20.938
zwe,2018,19.074
zwe,2019,17.113
zwe,2020,15.560
zwe,2021,14.326
zwe,2022,12.973
zwe,2023,11.751
zwe,2024,10.544
