geo,year,mr_1_59_months_lower
afg,1988,161.96
afg,1989,135.56
afg,1990,106.93
afg,1991,102.35
afg,1992,97.830
afg,1993,93.604
afg,1994,89.506
afg,1995,85.873
afg,1996,82.401
afg,1997,79.244
afg,1998,76.329
afg,1999,73.368
afg,2000,70.384
afg,2001,67.437
afg,2002,64.436
afg,2003,61.437
afg,2004,58.379
afg,2005,55.289
afg,2006,52.247
afg,2007,49.216
afg,2008,46.195
afg,2009,43.313
afg,2010,40.556
afg,2011,37.981
afg,2012,35.590
afg,2013,33.426
afg,2014,31.422
afg,2015,29.517
afg,2016,27.769
afg,2017,26.108
afg,2018,24.516
afg,2019,22.914
afg,2020,21.456
afg,2021,19.949
afg,2022,18.700
afg,2023,17.473
afg,2024,16.189
ago,1990,154.82
ago,1991,155.52
ago,1992,155.66
ago,1993,156.13
ago,1994,156.20
ago,1995,155.98
ago,1996,155.23
ago,1997,153.57
ago,1998,151.42
ago,1999,147.92
ago,2000,143.90
ago,2001,139.27
ago,2002,134.15
ago,2003,128.31
ago,2004,121.81
ago,2005,114.08
ago,2006,105.29
ago,2007,95.950
ago,2008,85.947
ago,2009,76.447
ago,2010,67.427
ago,2011,59.018
ago,2012,50.959
ago,2013,43.638
ago,2014,37.521
ago,2015,33.174
ago,2016,29.658
ago,2017,26.748
ago,2018,24.417
ago,2019,22.406
ago,2020,20.887
ago,2021,19.451
ago,2022,18.120
ago,2023,16.745
ago,2024,15.603
aia,1990,5.7329
aia,1991,5.4545
aia,1992,5.1505
aia,1993,4.8667
aia,1994,4.5922
aia,1995,4.3237
aia,1996,4.0916
aia,1997,3.8618
aia,1998,3.6594
aia,1999,3.4656
aia,2000,3.2867
aia,2001,3.1190
aia,2002,2.9648
aia,2003,2.8140
aia,2004,2.6869
aia,2005,2.5728
aia,2006,2.4595
aia,2007,2.3648
aia,2008,2.2705
aia,2009,2.1897
aia,2010,2.0900
aia,2011,2.0110
aia,2012,1.9281
aia,2013,1.8346
aia,2014,1.7523
aia,2015,1.6658
aia,2016,1.5854
aia,2017,1.4967
aia,2018,1.4192
aia,2019,1.3481
aia,2020,1.2764
aia,2021,1.2024
aia,2022,1.1352
aia,2023,1.0739
aia,2024,1.0180
alb,1980,44.330
alb,1981,42.505
alb,1982,40.900
alb,1983,39.202
alb,1984,37.489
alb,1985,35.537
alb,1986,33.378
alb,1987,31.289
alb,1988,29.159
alb,1989,27.429
alb,1990,25.939
alb,1991,24.459
alb,1992,23.040
alb,1993,21.717
alb,1994,20.566
alb,1995,19.541
alb,1996,18.360
alb,1997,17.060
alb,1998,15.699
alb,1999,14.548
alb,2000,13.569
alb,2001,12.600
alb,2002,11.770
alb,2003,10.878
alb,2004,10.106
alb,2005,9.3332
alb,2006,8.4502
alb,2007,7.6499
alb,2008,7.0221
alb,2009,6.7031
alb,2010,6.4315
alb,2011,5.9691
alb,2012,5.3126
alb,2013,4.6021
alb,2014,4.0329
alb,2015,3.5537
alb,2016,3.0882
alb,2017,2.6469
alb,2018,2.2580
alb,2019,2.0145
alb,2020,1.8918
alb,2021,1.8688
alb,2022,1.9071
alb,2023,1.8801
alb,2024,1.7694
and,1990,1.4808
and,1991,1.5465
and,1992,1.6269
and,1993,1.6659
and,1994,1.7339
and,1995,1.7751
and,1996,1.8201
and,1997,1.8541
and,1998,1.8916
and,1999,1.9067
and,2000,1.9259
and,2001,1.9296
and,2002,1.9264
and,2003,1.9048
and,2004,1.8522
and,2005,1.7871
and,2006,1.6788
and,2007,1.5657
and,2008,1.4280
and,2009,1.2964
and,2010,1.1731
and,2011,1.0494
and,2012,0.93734
and,2013,0.83413
and,2014,0.73064
and,2015,0.64010
and,2016,0.55829
and,2017,0.49016
and,2018,0.44196
and,2019,0.39797
and,2020,0.36191
and,2021,0.33332
and,2022,0.31276
and,2023,0.28679
and,2024,0.26980
are,1979,21.668
are,1980,18.711
are,1981,16.525
are,1982,14.770
are,1983,13.284
are,1984,11.960
are,1985,10.771
are,1986,9.7912
are,1987,8.9147
are,1988,8.2368
are,1989,7.6108
are,1990,7.0788
are,1991,6.6058
are,1992,6.1655
are,1993,5.8424
are,1994,5.5863
are,1995,5.4486
are,1996,5.3168
are,1997,5.1279
are,1998,4.8945
are,1999,4.6451
are,2000,4.5222
are,2001,4.4598
are,2002,4.4061
are,2003,4.3276
are,2004,4.1923
are,2005,4.0757
are,2006,3.9744
are,2007,3.9382
are,2008,4.0310
are,2009,4.2262
are,2010,4.5596
are,2011,4.8363
are,2012,4.8166
are,2013,4.4638
are,2014,3.9423
are,2015,3.4992
are,2016,3.1866
are,2017,2.9865
are,2018,2.8930
are,2019,2.8178
are,2020,2.7503
are,2021,2.6548
are,2022,2.5203
are,2023,2.3550
are,2024,2.1380
arg,1971,45.889
arg,1972,44.691
arg,1973,43.086
arg,1974,41.360
arg,1975,39.937
arg,1976,38.391
arg,1977,35.969
arg,1978,32.814
arg,1979,29.438
arg,1980,26.234
arg,1981,23.471
arg,1982,21.361
arg,1983,19.831
arg,1984,18.283
arg,1985,15.941
arg,1986,13.515
arg,1987,12.064
arg,1988,11.949
arg,1989,12.516
arg,1990,13.135
arg,1991,13.460
arg,1992,13.301
arg,1993,12.657
arg,1994,11.794
arg,1995,11.053
arg,1996,10.523
arg,1997,10.196
arg,1998,10.026
arg,1999,9.6579
arg,2000,8.8876
arg,2001,7.9795
arg,2002,7.4161
arg,2003,7.3658
arg,2004,7.4862
arg,2005,7.4929
arg,2006,7.3591
arg,2007,7.2228
arg,2008,7.1601
arg,2009,7.0760
arg,2010,6.9228
arg,2011,6.6365
arg,2012,6.2004
arg,2013,5.6717
arg,2014,5.1916
arg,2015,4.8945
arg,2016,4.7324
arg,2017,4.6323
arg,2018,4.5329
arg,2019,4.3601
arg,2020,4.0941
arg,2021,3.8401
arg,2022,3.7768
arg,2023,3.9191
arg,2024,4.0529
arm,1978,46.973
arm,1979,45.309
arm,1980,43.555
arm,1981,41.708
arm,1982,39.873
arm,1983,38.021
arm,1984,36.093
arm,1985,34.156
arm,1986,32.231
arm,1987,30.350
arm,1988,28.501
arm,1989,68.946
arm,1990,24.879
arm,1991,23.281
arm,1992,21.739
arm,1993,20.338
arm,1994,18.976
arm,1995,17.763
arm,1996,16.612
arm,1997,15.591
arm,1998,14.838
arm,1999,14.088
arm,2000,13.399
arm,2001,12.647
arm,2002,11.938
arm,2003,11.299
arm,2004,10.671
arm,2005,10.053
arm,2006,9.4090
arm,2007,8.8331
arm,2008,8.2456
arm,2009,7.6961
arm,2010,7.2060
arm,2011,6.7767
arm,2012,6.4031
arm,2013,6.0295
arm,2014,5.6936
arm,2015,5.3809
arm,2016,5.0845
arm,2017,4.8168
arm,2018,4.5482
arm,2019,4.2967
arm,2020,4.0651
arm,2021,3.8282
arm,2022,3.6224
arm,2023,3.4274
arm,2024,3.2307
atg,1972,11.713
atg,1973,10.829
atg,1974,10.043
atg,1975,9.2609
atg,1976,8.5703
atg,1977,7.9263
atg,1978,7.3464
atg,1979,6.8591
atg,1980,6.4132
atg,1981,6.0433
atg,1982,5.7250
atg,1983,5.4833
atg,1984,5.2823
atg,1985,5.1131
atg,1986,4.9226
atg,1987,4.7247
atg,1988,4.5500
atg,1989,4.4110
atg,1990,4.2952
atg,1991,4.2044
atg,1992,4.1251
atg,1993,4.0665
atg,1994,4.0344
atg,1995,3.9761
atg,1996,3.9451
atg,1997,3.8910
atg,1998,3.8126
atg,1999,3.7010
atg,2000,3.5532
atg,2001,3.3734
atg,2002,3.2108
atg,2003,3.0905
atg,2004,3.0389
atg,2005,3.0535
atg,2006,3.1247
atg,2007,3.2384
atg,2008,3.3526
atg,2009,3.4869
atg,2010,3.5957
atg,2011,3.6851
atg,2012,3.7367
atg,2013,3.7364
atg,2014,3.7196
atg,2015,3.6760
atg,2016,3.6506
atg,2017,3.6281
atg,2018,3.5536
atg,2019,3.4577
atg,2020,3.3172
atg,2021,3.1581
atg,2022,2.9751
atg,2023,2.8069
atg,2024,2.6307
aus,1969,8.7715
aus,1970,8.7680
aus,1971,8.6487
aus,1972,8.3950
aus,1973,8.0322
aus,1974,7.5949
aus,1975,7.1371
aus,1976,6.7482
aus,1977,6.4311
aus,1978,6.1896
aus,1979,6.0317
aus,1980,5.8999
aus,1981,5.8045
aus,1982,5.7208
aus,1983,5.6449
aus,1984,5.5926
aus,1985,5.5209
aus,1986,5.4350
aus,1987,5.3196
aus,1988,5.1650
aus,1989,4.9748
aus,1990,4.7295
aus,1991,4.4297
aus,1992,4.1028
aus,1993,3.7936
aus,1994,3.5438
aus,1995,3.3295
aus,1996,3.1623
aus,1997,3.0210
aus,1998,2.8935
aus,1999,2.7810
aus,2000,2.6721
aus,2001,2.5811
aus,2002,2.5083
aus,2003,2.4591
aus,2004,2.4351
aus,2005,2.4068
aus,2006,2.3628
aus,2007,2.2999
aus,2008,2.2198
aus,2009,2.1363
aus,2010,2.0398
aus,2011,1.9399
aus,2012,1.8333
aus,2013,1.7243
aus,2014,1.6210
aus,2015,1.5315
aus,2016,1.4699
aus,2017,1.4295
aus,2018,1.4013
aus,2019,1.3835
aus,2020,1.3678
aus,2021,1.3547
aus,2022,1.3376
aus,2023,1.3129
aus,2024,1.2761
aut,1956,25.232
aut,1957,24.255
aut,1958,23.170
aut,1959,21.984
aut,1960,20.573
aut,1961,18.995
aut,1962,17.300
aut,1963,15.658
aut,1964,14.360
aut,1965,13.282
aut,1966,12.366
aut,1967,11.596
aut,1968,11.010
aut,1969,10.612
aut,1970,10.266
aut,1971,9.9533
aut,1972,9.5982
aut,1973,9.1909
aut,1974,8.7906
aut,1975,8.3452
aut,1976,7.9492
aut,1977,7.5979
aut,1978,7.3950
aut,1979,7.3569
aut,1980,7.2983
aut,1981,7.1396
aut,1982,6.8803
aut,1983,6.6025
aut,1984,6.3596
aut,1985,6.0910
aut,1986,5.8316
aut,1987,5.5599
aut,1988,5.3126
aut,1989,5.1216
aut,1990,4.9223
aut,1991,4.7258
aut,1992,4.4781
aut,1993,4.1726
aut,1994,3.8340
aut,1995,3.4732
aut,1996,3.1345
aut,1997,2.8398
aut,1998,2.6168
aut,1999,2.4735
aut,2000,2.3672
aut,2001,2.2881
aut,2002,2.2178
aut,2003,2.1441
aut,2004,2.0770
aut,2005,2.0035
aut,2006,1.9386
aut,2007,1.8868
aut,2008,1.8472
aut,2009,1.8177
aut,2010,1.7763
aut,2011,1.7174
aut,2012,1.6349
aut,2013,1.5453
aut,2014,1.4617
aut,2015,1.3906
aut,2016,1.3479
aut,2017,1.3173
aut,2018,1.2862
aut,2019,1.2501
aut,2020,1.2079
aut,2021,1.1656
aut,2022,1.1209
aut,2023,1.0703
aut,2024,1.0115
aze,1984,66.726
aze,1985,66.210
aze,1986,65.198
aze,1987,64.225
aze,1988,63.118
aze,1989,61.897
aze,1990,60.374
aze,1991,59.037
aze,1992,57.867
aze,1993,56.729
aze,1994,55.517
aze,1995,53.755
aze,1996,51.478
aze,1997,48.840
aze,1998,45.913
aze,1999,42.655
aze,2000,38.702
aze,2001,34.873
aze,2002,31.267
aze,2003,28.013
aze,2004,25.305
aze,2005,22.847
aze,2006,20.725
aze,2007,18.830
aze,2008,17.282
aze,2009,15.874
aze,2010,14.422
aze,2011,13.083
aze,2012,11.972
aze,2013,11.069
aze,2014,10.276
aze,2015,9.4757
aze,2016,8.8033
aze,2017,8.0783
aze,2018,7.3370
aze,2019,6.5890
aze,2020,5.8722
aze,2021,5.2339
aze,2022,4.6898
aze,2023,4.1956
aze,2024,3.7263
bdi,1966,168.89
bdi,1967,174.56
bdi,1968,178.71
bdi,1969,181.83
bdi,1970,184.07
bdi,1971,185.74
bdi,1972,186.71
bdi,1973,249.07
bdi,1974,188.07
bdi,1975,188.48
bdi,1976,188.89
bdi,1977,187.81
bdi,1978,184.91
bdi,1979,180.38
bdi,1980,174.36
bdi,1981,166.78
bdi,1982,157.92
bdi,1983,148.49
bdi,1984,138.77
bdi,1985,130.09
bdi,1986,123.79
bdi,1987,119.88
bdi,1988,118.47
bdi,1989,118.75
bdi,1990,119.96
bdi,1991,121.34
bdi,1992,122.61
bdi,1993,123.44
bdi,1994,144.91
bdi,1995,124.02
bdi,1996,123.35
bdi,1997,122.01
bdi,1998,119.91
bdi,1999,116.98
bdi,2000,113.31
bdi,2001,109.14
bdi,2002,104.60
bdi,2003,99.951
bdi,2004,94.811
bdi,2005,89.227
bdi,2006,83.454
bdi,2007,77.272
bdi,2008,71.315
bdi,2009,65.521
bdi,2010,60.005
bdi,2011,54.961
bdi,2012,50.368
bdi,2013,45.821
bdi,2014,41.500
bdi,2015,37.434
bdi,2016,33.998
bdi,2017,30.875
bdi,2018,28.193
bdi,2019,25.762
bdi,2020,23.678
bdi,2021,21.896
bdi,2022,20.113
bdi,2023,18.540
bdi,2024,17.219
bel,1961,13.509
bel,1962,13.356
bel,1963,13.049
bel,1964,12.541
bel,1965,11.858
bel,1966,11.121
bel,1967,10.517
bel,1968,10.099
bel,1969,9.9698
bel,1970,9.9289
bel,1971,9.7317
bel,1972,9.2613
bel,1973,8.5979
bel,1974,7.9119
bel,1975,7.3257
bel,1976,6.9717
bel,1977,6.9210
bel,1978,6.9510
bel,1979,6.9501
bel,1980,6.8581
bel,1981,6.6983
bel,1982,6.5046
bel,1983,6.2927
bel,1984,6.1367
bel,1985,5.9993
bel,1986,5.8594
bel,1987,5.7241
bel,1988,5.5817
bel,1989,5.4690
bel,1990,5.3528
bel,1991,5.2233
bel,1992,5.0682
bel,1993,4.8135
bel,1994,4.4550
bel,1995,4.0328
bel,1996,3.6304
bel,1997,3.3157
bel,1998,3.0708
bel,1999,2.9284
bel,2000,2.8415
bel,2001,2.7630
bel,2002,2.6781
bel,2003,2.5764
bel,2004,2.4718
bel,2005,2.3718
bel,2006,2.2815
bel,2007,2.2188
bel,2008,2.1605
bel,2009,2.1188
bel,2010,2.0742
bel,2011,2.0290
bel,2012,1.9800
bel,2013,1.9168
bel,2014,1.8462
bel,2015,1.7734
bel,2016,1.7116
bel,2017,1.6732
bel,2018,1.6328
bel,2019,1.5927
bel,2020,1.5493
bel,2021,1.4990
bel,2022,1.4417
bel,2023,1.3649
bel,2024,1.2803
ben,1959,247.78
ben,1960,244.10
ben,1961,240.01
ben,1962,235.55
ben,1963,231.39
ben,1964,227.02
ben,1965,222.33
ben,1966,217.76
ben,1967,213.34
ben,1968,209.16
ben,1969,205.42
ben,1970,201.72
ben,1971,198.24
ben,1972,194.56
ben,1973,190.74
ben,1974,186.63
ben,1975,182.31
ben,1976,178.04
ben,1977,173.65
ben,1978,169.26
ben,1979,165.10
ben,1980,161.03
ben,1981,157.49
ben,1982,154.09
ben,1983,150.97
ben,1984,147.68
ben,1985,144.38
ben,1986,141.06
ben,1987,137.71
ben,1988,134.35
ben,1989,131.03
ben,1990,127.83
ben,1991,124.51
ben,1992,121.10
ben,1993,117.69
ben,1994,114.25
ben,1995,110.88
ben,1996,107.74
ben,1997,104.84
ben,1998,102.10
ben,1999,99.407
ben,2000,96.728
ben,2001,94.133
ben,2002,91.549
ben,2003,88.951
ben,2004,86.426
ben,2005,83.980
ben,2006,81.507
ben,2007,79.163
ben,2008,76.889
ben,2009,74.747
ben,2010,72.597
ben,2011,70.579
ben,2012,68.619
ben,2013,66.564
ben,2014,64.515
ben,2015,62.494
ben,2016,60.430
ben,2017,58.374
ben,2018,56.147
ben,2019,53.678
ben,2020,50.831
ben,2021,47.740
ben,2022,44.714
ben,2023,41.663
ben,2024,38.728
bfa,1970,236.84
bfa,1971,235.67
bfa,1972,233.38
bfa,1973,229.73
bfa,1974,224.62
bfa,1975,218.34
bfa,1976,210.89
bfa,1977,202.75
bfa,1978,194.75
bfa,1979,187.33
bfa,1980,180.81
bfa,1981,175.36
bfa,1982,170.89
bfa,1983,166.88
bfa,1984,163.50
bfa,1985,160.62
bfa,1986,157.84
bfa,1987,154.99
bfa,1988,152.58
bfa,1989,150.46
bfa,1990,149.25
bfa,1991,148.44
bfa,1992,148.33
bfa,1993,148.43
bfa,1994,148.29
bfa,1995,147.77
bfa,1996,146.50
bfa,1997,144.50
bfa,1998,141.86
bfa,1999,138.81
bfa,2000,135.81
bfa,2001,132.48
bfa,2002,129.01
bfa,2003,125.01
bfa,2004,120.66
bfa,2005,115.80
bfa,2006,110.52
bfa,2007,105.01
bfa,2008,99.149
bfa,2009,93.519
bfa,2010,87.976
bfa,2011,82.830
bfa,2012,77.954
bfa,2013,73.392
bfa,2014,68.893
bfa,2015,64.455
bfa,2016,60.188
bfa,2017,56.339
bfa,2018,52.726
bfa,2019,48.926
bfa,2020,45.392
bfa,2021,42.048
bfa,2022,38.943
bfa,2023,36.289
bfa,2024,33.538
bgd,1953,202.13
bgd,1954,196.77
bgd,1955,190.62
bgd,1956,184.97
bgd,1957,179.65
bgd,1958,174.41
bgd,1959,169.35
bgd,1960,164.46
bgd,1961,159.70
bgd,1962,155.26
bgd,1963,150.93
bgd,1964,147.17
bgd,1965,143.96
bgd,1966,141.12
bgd,1967,138.80
bgd,1968,137.06
bgd,1969,136.25
bgd,1970,136.25
bgd,1971,181.73
bgd,1972,280.73
bgd,1973,137.48
bgd,1974,137.28
bgd,1975,136.51
bgd,1976,135.02
bgd,1977,132.72
bgd,1978,130.06
bgd,1979,127.08
bgd,1980,123.74
bgd,1981,120.70
bgd,1982,117.72
bgd,1983,114.67
bgd,1984,111.48
bgd,1985,107.87
bgd,1986,103.91
bgd,1987,99.606
bgd,1988,95.111
bgd,1989,90.704
bgd,1990,86.242
bgd,1991,81.954
bgd,1992,77.790
bgd,1993,73.681
bgd,1994,69.722
bgd,1995,65.661
bgd,1996,61.658
bgd,1997,57.652
bgd,1998,53.534
bgd,1999,49.497
bgd,2000,45.485
bgd,2001,41.797
bgd,2002,38.432
bgd,2003,35.362
bgd,2004,32.575
bgd,2005,30.004
bgd,2006,27.717
bgd,2007,25.672
bgd,2008,23.770
bgd,2009,22.131
bgd,2010,20.658
bgd,2011,19.392
bgd,2012,18.303
bgd,2013,17.311
bgd,2014,16.348
bgd,2015,15.414
bgd,2016,14.542
bgd,2017,13.733
bgd,2018,13.180
bgd,2019,12.709
bgd,2020,12.326
bgd,2021,12.087
bgd,2022,11.952
bgd,2023,11.862
bgd,2024,11.732
bgr,1965,23.169
bgr,1966,22.494
bgr,1967,22.233
bgr,1968,21.783
bgr,1969,21.021
bgr,1970,19.911
bgr,1971,18.686
bgr,1972,17.438
bgr,1973,16.305
bgr,1974,15.466
bgr,1975,14.941
bgr,1976,15.002
bgr,1977,15.236
bgr,1978,15.120
bgr,1979,14.524
bgr,1980,13.709
bgr,1981,13.048
bgr,1982,12.568
bgr,1983,12.231
bgr,1984,11.969
bgr,1985,11.556
bgr,1986,10.969
bgr,1987,10.326
bgr,1988,9.9091
bgr,1989,9.8851
bgr,1990,9.9922
bgr,1991,10.120
bgr,1992,10.158
bgr,1993,10.145
bgr,1994,10.172
bgr,1995,10.230
bgr,1996,10.472
bgr,1997,10.703
bgr,1998,10.664
bgr,1999,10.317
bgr,2000,9.7680
bgr,2001,9.2966
bgr,2002,8.8772
bgr,2003,8.4447
bgr,2004,8.0173
bgr,2005,7.5229
bgr,2006,7.0673
bgr,2007,6.6295
bgr,2008,6.2627
bgr,2009,6.0026
bgr,2010,5.7501
bgr,2011,5.5225
bgr,2012,5.2564
bgr,2013,4.9369
bgr,2014,4.5841
bgr,2015,4.2108
bgr,2016,3.8889
bgr,2017,3.6262
bgr,2018,3.4382
bgr,2019,3.3334
bgr,2020,3.2739
bgr,2021,3.2694
bgr,2022,3.2833
bgr,2023,3.2789
bgr,2024,3.2096
bhr,1972,34.679
bhr,1973,30.911
bhr,1974,27.629
bhr,1975,24.708
bhr,1976,22.175
bhr,1977,19.920
bhr,1978,17.728
bhr,1979,15.705
bhr,1980,14.017
bhr,1981,12.609
bhr,1982,11.305
bhr,1983,10.115
bhr,1984,9.0582
bhr,1985,8.1438
bhr,1986,7.4794
bhr,1987,7.0430
bhr,1988,6.7704
bhr,1989,6.6795
bhr,1990,6.7146
bhr,1991,6.9218
bhr,1992,7.1991
bhr,1993,7.4741
bhr,1994,7.6737
bhr,1995,7.7487
bhr,1996,7.7092
bhr,1997,7.5756
bhr,1998,7.4188
bhr,1999,7.2881
bhr,2000,7.1374
bhr,2001,7.0258
bhr,2002,6.9367
bhr,2003,6.8766
bhr,2004,6.8311
bhr,2005,6.7367
bhr,2006,6.5995
bhr,2007,6.4011
bhr,2008,6.1151
bhr,2009,5.7848
bhr,2010,5.4228
bhr,2011,5.0886
bhr,2012,4.7779
bhr,2013,4.5221
bhr,2014,4.3300
bhr,2015,4.1635
bhr,2016,4.0095
bhr,2017,3.8613
bhr,2018,3.7266
bhr,2019,3.6331
bhr,2020,3.5723
bhr,2021,3.5818
bhr,2022,3.6294
bhr,2023,3.6901
bhr,2024,3.7347
bhs,1970,7.5368
bhs,1971,8.1604
bhs,1972,8.6258
bhs,1973,8.8719
bhs,1974,8.8646
bhs,1975,8.7265
bhs,1976,8.5954
bhs,1977,8.5833
bhs,1978,8.8017
bhs,1979,9.2029
bhs,1980,9.6423
bhs,1981,10.005
bhs,1982,10.195
bhs,1983,10.220
bhs,1984,10.143
bhs,1985,10.042
bhs,1986,9.9109
bhs,1987,9.7560
bhs,1988,9.5887
bhs,1989,9.3805
bhs,1990,9.1448
bhs,1991,8.9197
bhs,1992,8.6822
bhs,1993,8.5172
bhs,1994,8.3814
bhs,1995,8.2329
bhs,1996,8.1154
bhs,1997,7.9928
bhs,1998,7.8895
bhs,1999,7.7754
bhs,2000,7.6801
bhs,2001,7.5968
bhs,2002,7.5452
bhs,2003,7.5453
bhs,2004,7.5730
bhs,2005,7.5581
bhs,2006,7.4883
bhs,2007,7.3214
bhs,2008,7.1344
bhs,2009,6.9225
bhs,2010,6.6988
bhs,2011,6.4959
bhs,2012,6.2395
bhs,2013,5.9353
bhs,2014,5.5738
bhs,2015,5.1502
bhs,2016,4.6966
bhs,2017,4.2356
bhs,2018,3.8435
bhs,2019,3.5071
bhs,2020,12.465
bhs,2021,3.0356
bhs,2022,2.8491
bhs,2023,2.6806
bhs,2024,2.5206
bih,1986,11.069
bih,1987,10.355
bih,1988,9.6003
bih,1989,8.7071
bih,1990,7.6414
bih,1991,6.5235
bih,1992,5.5506
bih,1993,45.189
bih,1994,46.022
bih,1995,3.8822
bih,1996,9.5572
bih,1997,3.4001
bih,1998,3.2170
bih,1999,3.0517
bih,2000,2.9107
bih,2001,2.7570
bih,2002,2.5683
bih,2003,2.3553
bih,2004,2.1723
bih,2005,2.0585
bih,2006,1.9982
bih,2007,1.9538
bih,2008,1.9078
bih,2009,1.8494
bih,2010,1.7853
bih,2011,1.7204
bih,2012,1.6682
bih,2013,1.6434
bih,2014,1.6380
bih,2015,1.6616
bih,2016,1.7138
bih,2017,1.7756
bih,2018,1.8373
bih,2019,1.8529
bih,2020,1.8070
bih,2021,1.7010
bih,2022,1.5618
bih,2023,1.4261
bih,2024,1.2981
blr,1990,2.7163
blr,1991,2.8560
blr,1992,3.0650
blr,1993,3.3410
blr,1994,3.6754
blr,1995,4.0706
blr,1996,4.4286
blr,1997,4.9313
blr,1998,5.4392
blr,1999,5.8760
blr,2000,6.2677
blr,2001,6.4809
blr,2002,6.4360
blr,2003,6.1522
blr,2004,5.7407
blr,2005,5.2871
blr,2006,4.8134
blr,2007,4.4350
blr,2008,4.1196
blr,2009,3.8539
blr,2010,3.6014
blr,2011,3.3340
blr,2012,3.0449
blr,2013,2.7579
blr,2014,2.5044
blr,2015,2.3158
blr,2016,2.1583
blr,2017,2.0383
blr,2018,1.9357
blr,2019,1.8442
blr,2020,1.7419
blr,2021,1.6065
blr,2022,1.4583
blr,2023,1.3062
blr,2024,1.1642
blz,1969,51.731
blz,1970,50.500
blz,1971,49.028
blz,1972,47.258
blz,1973,45.525
blz,1974,43.719
blz,1975,41.818
blz,1976,39.944
blz,1977,38.245
blz,1978,36.499
blz,1979,34.983
blz,1980,33.631
blz,1981,32.351
blz,1982,31.013
blz,1983,29.732
blz,1984,28.453
blz,1985,27.002
blz,1986,25.467
blz,1987,23.920
blz,1988,22.312
blz,1989,20.733
blz,1990,19.202
blz,1991,17.610
blz,1992,16.252
blz,1993,15.248
blz,1994,14.414
blz,1995,13.668
blz,1996,13.074
blz,1997,12.631
blz,1998,12.248
blz,1999,11.930
blz,2000,11.566
blz,2001,11.220
blz,2002,10.856
blz,2003,10.529
blz,2004,10.332
blz,2005,10.172
blz,2006,10.080
blz,2007,9.9540
blz,2008,9.6539
blz,2009,9.1553
blz,2010,8.4381
blz,2011,7.6369
blz,2012,6.7879
blz,2013,6.0320
blz,2014,5.4536
blz,2015,4.9740
blz,2016,4.5998
blz,2017,4.2584
blz,2018,3.9388
blz,2019,3.6572
blz,2020,3.4006
blz,2021,3.1854
blz,2022,3.0263
blz,2023,2.9019
blz,2024,2.8337
bol,1967,176.76
bol,1968,173.93
bol,1969,170.88
bol,1970,167.29
bol,1971,163.28
bol,1972,158.82
bol,1973,154.10
bol,1974,149.29
bol,1975,144.17
bol,1976,139.27
bol,1977,134.27
bol,1978,129.58
bol,1979,125.18
bol,1980,121.02
bol,1981,117.05
bol,1982,113.28
bol,1983,109.48
bol,1984,105.78
bol,1985,102.07
bol,1986,98.412
bol,1987,94.647
bol,1988,90.631
bol,1989,86.575
bol,1990,82.588
bol,1991,78.745
bol,1992,75.071
bol,1993,71.265
bol,1994,67.558
bol,1995,63.864
bol,1996,60.280
bol,1997,56.890
bol,1998,53.511
bol,1999,50.166
bol,2000,46.830
bol,2001,43.462
bol,2002,40.142
bol,2003,36.914
bol,2004,33.677
bol,2005,30.583
bol,2006,27.693
bol,2007,25.100
bol,2008,22.796
bol,2009,20.834
bol,2010,19.115
bol,2011,17.630
bol,2012,16.249
bol,2013,14.966
bol,2014,13.923
bol,2015,12.955
bol,2016,12.063
bol,2017,11.227
bol,2018,10.453
bol,2019,9.7619
bol,2020,9.0854
bol,2021,8.4568
bol,2022,7.9078
bol,2023,7.3655
bol,2024,6.9056
bra,1964,100.92
bra,1965,97.977
bra,1966,94.909
bra,1967,92.001
bra,1968,89.268
bra,1969,86.544
bra,1970,84.144
bra,1971,81.600
bra,1972,79.207
bra,1973,77.080
bra,1974,74.887
bra,1975,72.716
bra,1976,70.651
bra,1977,68.361
bra,1978,66.084
bra,1979,63.486
bra,1980,60.477
bra,1981,57.266
bra,1982,54.109
bra,1983,51.214
bra,1984,48.438
bra,1985,45.968
bra,1986,43.714
bra,1987,41.698
bra,1988,40.036
bra,1989,38.423
bra,1990,36.783
bra,1991,35.132
bra,1992,33.292
bra,1993,31.271
bra,1994,28.995
bra,1995,26.555
bra,1996,24.022
bra,1997,21.609
bra,1998,19.390
bra,1999,17.334
bra,2000,15.567
bra,2001,14.259
bra,2002,13.095
bra,2003,12.049
bra,2004,11.098
bra,2005,10.266
bra,2006,9.5395
bra,2007,8.9299
bra,2008,8.4290
bra,2009,7.9306
bra,2010,7.4825
bra,2011,7.1047
bra,2012,6.8043
bra,2013,6.5817
bra,2014,6.3991
bra,2015,6.2310
bra,2016,6.0665
bra,2017,6.3191
bra,2018,5.8166
bra,2019,5.6559
bra,2020,5.4232
bra,2021,5.2430
bra,2022,5.3068
bra,2023,5.6566
bra,2024,5.9713
brb,1969,20.462
brb,1970,19.585
brb,1971,18.564
brb,1972,17.402
brb,1973,16.164
brb,1974,14.814
brb,1975,13.530
brb,1976,12.429
brb,1977,11.656
brb,1978,10.956
brb,1979,10.269
brb,1980,9.5971
brb,1981,8.9764
brb,1982,8.3685
brb,1983,7.8675
brb,1984,7.3993
brb,1985,6.9531
brb,1986,6.5489
brb,1987,6.1894
brb,1988,5.9453
brb,1989,5.7921
brb,1990,5.7088
brb,1991,5.6677
brb,1992,5.5576
brb,1993,5.3963
brb,1994,5.1709
brb,1995,4.9482
brb,1996,4.7816
brb,1997,4.6498
brb,1998,4.6020
brb,1999,4.6105
brb,2000,4.6765
brb,2001,4.7653
brb,2002,4.8374
brb,2003,4.8695
brb,2004,4.8301
brb,2005,4.7019
brb,2006,4.5057
brb,2007,4.2851
brb,2008,4.1015
brb,2009,3.9485
brb,2010,3.8310
brb,2011,3.7434
brb,2012,3.6388
brb,2013,3.5388
brb,2014,3.4050
brb,2015,3.2302
brb,2016,3.0542
brb,2017,2.8712
brb,2018,2.6911
brb,2019,2.5189
brb,2020,2.3459
brb,2021,2.1958
brb,2022,2.0409
brb,2023,1.9011
brb,2024,1.7658
brn,1990,6.6039
brn,1991,6.6025
brn,1992,6.6487
brn,1993,6.6824
brn,1994,6.6436
brn,1995,6.5391
brn,1996,6.3377
brn,1997,6.0973
brn,1998,5.8132
brn,1999,5.4832
brn,2000,5.1620
brn,2001,4.8358
brn,2002,4.5425
brn,2003,4.2924
brn,2004,4.1181
brn,2005,4.0472
brn,2006,4.0439
brn,2007,4.0826
brn,2008,4.1322
brn,2009,4.1904
brn,2010,4.2691
brn,2011,4.3528
brn,2012,4.4512
brn,2013,4.5365
brn,2014,4.5706
brn,2015,4.5649
brn,2016,4.5035
brn,2017,4.4297
brn,2018,4.3439
brn,2019,4.2416
brn,2020,4.1715
brn,2021,4.0772
brn,2022,3.9666
brn,2023,3.8366
brn,2024,3.6631
btn,1990,77.421
btn,1991,74.204
btn,1992,70.634
btn,1993,67.505
btn,1994,64.195
btn,1995,60.887
btn,1996,57.630
btn,1997,54.123
btn,1998,50.890
btn,1999,47.451
btn,2000,44.047
btn,2001,40.628
btn,2002,37.317
btn,2003,34.182
btn,2004,31.085
btn,2005,28.106
btn,2006,25.363
btn,2007,22.730
btn,2008,20.357
btn,2009,18.060
btn,2010,16.009
btn,2011,14.091
btn,2012,12.344
btn,2013,10.999
btn,2014,10.001
btn,2015,9.2225
btn,2016,8.4769
btn,2017,7.8107
btn,2018,7.2976
btn,2019,6.7745
btn,2020,6.2956
btn,2021,5.8763
btn,2022,5.4864
btn,2023,5.1207
btn,2024,4.8076
bwa,1966,91.888
bwa,1967,89.277
bwa,1968,87.344
bwa,1969,85.108
bwa,1970,82.511
bwa,1971,79.262
bwa,1972,75.883
bwa,1973,71.990
bwa,1974,67.926
bwa,1975,63.488
bwa,1976,58.892
bwa,1977,54.117
bwa,1978,49.357
bwa,1979,44.928
bwa,1980,40.707
bwa,1981,36.683
bwa,1982,32.936
bwa,1983,29.648
bwa,1984,27.020
bwa,1985,24.896
bwa,1986,23.055
bwa,1987,21.616
bwa,1988,20.742
bwa,1989,20.715
bwa,1990,21.818
bwa,1991,24.482
bwa,1992,28.345
bwa,1993,33.020
bwa,1994,38.491
bwa,1995,43.794
bwa,1996,44.699
bwa,1997,47.952
bwa,1998,49.664
bwa,1999,51.074
bwa,2000,53.217
bwa,2001,54.364
bwa,2002,54.302
bwa,2003,53.294
bwa,2004,51.501
bwa,2005,48.314
bwa,2006,41.586
bwa,2007,34.660
bwa,2008,30.865
bwa,2009,28.779
bwa,2010,25.724
bwa,2011,23.539
bwa,2012,23.647
bwa,2013,20.523
bwa,2014,17.966
bwa,2015,16.808
bwa,2016,14.765
bwa,2017,13.155
bwa,2018,11.081
bwa,2019,10.209
bwa,2020,9.4222
bwa,2021,8.6871
bwa,2022,7.7136
bwa,2023,6.9885
bwa,2024,6.5118
caf,1972,148.80
caf,1973,145.35
caf,1974,142.03
caf,1975,139.12
caf,1976,136.39
caf,1977,133.73
caf,1978,131.13
caf,1979,128.64
caf,1980,126.35
caf,1981,124.48
caf,1982,122.64
caf,1983,121.06
caf,1984,119.97
caf,1985,119.11
caf,1986,118.61
caf,1987,118.10
caf,1988,117.89
caf,1989,118.16
caf,1990,118.51
caf,1991,118.82
caf,1992,119.13
caf,1993,119.52
caf,1994,119.68
caf,1995,119.83
caf,1996,119.69
caf,1997,119.73
caf,1998,119.29
caf,1999,118.34
caf,2000,116.81
caf,2001,115.06
caf,2002,112.57
caf,2003,109.85
caf,2004,107.04
caf,2005,103.92
caf,2006,100.54
caf,2007,96.698
caf,2008,93.150
caf,2009,89.832
caf,2010,402.09
caf,2011,102.20
caf,2012,80.597
caf,2013,77.654
caf,2014,87.744
caf,2015,130.72
caf,2016,69.878
caf,2017,79.615
caf,2018,101.41
caf,2019,72.585
caf,2020,174.58
caf,2021,72.979
caf,2022,110.51
caf,2023,275.34
caf,2024,45.625
can,1970,8.8494
can,1971,8.5543
can,1972,8.2777
can,1973,8.0655
can,1974,7.8679
can,1975,7.6843
can,1976,7.4452
can,1977,7.0922
can,1978,6.6422
can,1979,6.1953
can,1980,5.8755
can,1981,5.6291
can,1982,5.3793
can,1983,5.1113
can,1984,4.8476
can,1985,4.6391
can,1986,4.4834
can,1987,4.3609
can,1988,4.2594
can,1989,4.1379
can,1990,3.9796
can,1991,3.7836
can,1992,3.5833
can,1993,3.3910
can,1994,3.1876
can,1995,2.9823
can,1996,2.7894
can,1997,2.6443
can,1998,2.5649
can,1999,2.5083
can,2000,2.4561
can,2001,2.3887
can,2002,2.3062
can,2003,2.2237
can,2004,2.1489
can,2005,2.1188
can,2006,2.1148
can,2007,2.1041
can,2008,2.0782
can,2009,2.0291
can,2010,1.9705
can,2011,1.9065
can,2012,1.8507
can,2013,1.8158
can,2014,1.7854
can,2015,1.7637
can,2016,1.7408
can,2017,1.7177
can,2018,1.6968
can,2019,1.6681
can,2020,1.6436
can,2021,1.6223
can,2022,1.6080
can,2023,1.5935
can,2024,1.5564
che,1956,12.494
che,1957,11.727
che,1958,11.004
che,1959,10.504
che,1960,10.138
che,1961,9.9455
che,1962,9.7985
che,1963,9.5698
che,1964,9.2389
che,1965,8.7626
che,1966,8.2327
che,1967,7.7373
che,1968,7.4308
che,1969,7.3837
che,1970,7.4223
che,1971,7.4489
che,1972,7.3618
che,1973,7.1179
che,1974,6.7646
che,1975,6.3380
che,1976,5.9399
che,1977,5.5680
che,1978,5.2491
che,1979,5.0004
che,1980,4.7938
che,1981,4.6589
che,1982,4.5676
che,1983,4.5089
che,1984,4.4866
che,1985,4.4554
che,1986,4.4211
che,1987,4.3777
che,1988,4.3258
che,1989,4.2841
che,1990,4.2030
che,1991,4.0816
che,1992,3.8963
che,1993,3.6495
che,1994,3.3712
che,1995,3.0751
che,1996,2.8116
che,1997,2.5895
che,1998,2.4048
che,1999,2.2652
che,2000,2.1445
che,2001,2.0499
che,2002,1.9657
che,2003,1.8938
che,2004,1.8327
che,2005,1.7585
che,2006,1.6725
che,2007,1.5748
che,2008,1.4778
che,2009,1.4013
che,2010,1.3391
che,2011,1.3094
che,2012,1.2966
che,2013,1.2829
che,2014,1.2683
che,2015,1.2449
che,2016,1.2232
che,2017,1.1997
che,2018,1.1723
che,2019,1.1461
che,2020,1.1162
che,2021,1.0905
che,2022,1.0630
che,2023,1.0388
che,2024,1.0096
chl,1969,52.175
chl,1970,50.937
chl,1971,49.851
chl,1972,48.562
chl,1973,47.608
chl,1974,47.079
chl,1975,44.567
chl,1976,39.445
chl,1977,32.691
chl,1978,26.357
chl,1979,21.569
chl,1980,18.096
chl,1981,16.570
chl,1982,15.488
chl,1983,14.470
chl,1984,13.440
chl,1985,12.514
chl,1986,12.225
chl,1987,12.207
chl,1988,11.945
chl,1989,11.464
chl,1990,10.715
chl,1991,9.9907
chl,1992,9.2322
chl,1993,8.3655
chl,1994,7.5380
chl,1995,6.7561
chl,1996,6.2238
chl,1997,5.8465
chl,1998,5.5557
chl,1999,5.3768
chl,2000,5.1284
chl,2001,4.8807
chl,2002,4.5567
chl,2003,4.2101
chl,2004,3.9328
chl,2005,3.6125
chl,2006,3.3825
chl,2007,3.2261
chl,2008,3.1735
chl,2009,3.2686
chl,2010,3.2861
chl,2011,3.1832
chl,2012,2.9667
chl,2013,2.7981
chl,2014,2.7663
chl,2015,2.6673
chl,2016,2.4594
chl,2017,2.1809
chl,2018,2.0149
chl,2019,2.0469
chl,2020,2.0502
chl,2021,2.0085
chl,2022,1.9662
chl,2023,2.0840
chl,2024,2.1873
chn,1990,21.423
chn,1991,21.696
chn,1992,21.729
chn,1993,21.375
chn,1994,20.823
chn,1995,20.010
chn,1996,19.251
chn,1997,18.500
chn,1998,17.658
chn,1999,16.692
chn,2000,15.506
chn,2001,14.230
chn,2002,13.153
chn,2003,12.039
chn,2004,11.000
chn,2005,10.069
chn,2006,9.2633
chn,2007,8.5886
chn,2008,8.0443
chn,2009,7.6050
chn,2010,7.1797
chn,2011,6.7751
chn,2012,6.3773
chn,2013,5.9799
chn,2014,5.6048
chn,2015,5.2544
chn,2016,4.9424
chn,2017,4.6598
chn,2018,4.4004
chn,2019,4.1641
chn,2020,3.9323
chn,2021,3.7094
chn,2022,3.4766
chn,2023,3.2273
chn,2024,2.9697
civ,1958,235.87
civ,1959,230.66
civ,1960,225.32
civ,1961,219.77
civ,1962,214.11
civ,1963,208.42
civ,1964,202.88
civ,1965,197.24
civ,1966,191.51
civ,1967,186.04
civ,1968,180.54
civ,1969,174.91
civ,1970,169.39
civ,1971,163.89
civ,1972,158.36
civ,1973,152.40
civ,1974,146.58
civ,1975,140.35
civ,1976,134.25
civ,1977,128.01
civ,1978,122.22
civ,1979,116.97
civ,1980,112.43
civ,1981,108.83
civ,1982,105.69
civ,1983,103.03
civ,1984,101.09
civ,1985,99.741
civ,1986,98.838
civ,1987,98.626
civ,1988,99.016
civ,1989,99.748
civ,1990,100.93
civ,1991,102.35
civ,1992,103.34
civ,1993,104.11
civ,1994,104.42
civ,1995,104.45
civ,1996,104.11
civ,1997,103.45
civ,1998,102.27
civ,1999,100.61
civ,2000,98.477
civ,2001,95.981
civ,2002,93.049
civ,2003,89.887
civ,2004,86.498
civ,2005,83.172
civ,2006,79.743
civ,2007,76.421
civ,2008,73.070
civ,2009,69.203
civ,2010,66.105
civ,2011,63.005
civ,2012,60.425
civ,2013,57.850
civ,2014,55.115
civ,2015,52.091
civ,2016,49.467
civ,2017,47.392
civ,2018,45.195
civ,2019,42.786
civ,2020,40.321
civ,2021,38.272
civ,2022,36.076
civ,2023,34.046
civ,2024,31.873
cmr,1956,225.92
cmr,1957,219.62
cmr,1958,212.78
cmr,1959,205.95
cmr,1960,199.33
cmr,1961,194.93
cmr,1962,191.17
cmr,1963,187.97
cmr,1964,184.84
cmr,1965,181.58
cmr,1966,177.54
cmr,1967,172.63
cmr,1968,166.85
cmr,1969,160.47
cmr,1970,153.64
cmr,1971,146.91
cmr,1972,140.94
cmr,1973,136.20
cmr,1974,133.46
cmr,1975,131.88
cmr,1976,131.44
cmr,1977,130.89
cmr,1978,129.93
cmr,1979,128.10
cmr,1980,125.70
cmr,1981,122.61
cmr,1982,118.61
cmr,1983,114.29
cmr,1984,109.47
cmr,1985,104.75
cmr,1986,100.32
cmr,1987,96.603
cmr,1988,93.697
cmr,1989,91.973
cmr,1990,91.610
cmr,1991,92.473
cmr,1992,94.293
cmr,1993,96.643
cmr,1994,99.144
cmr,1995,101.67
cmr,1996,103.71
cmr,1997,105.21
cmr,1998,106.12
cmr,1999,106.21
cmr,2000,105.66
cmr,2001,104.15
cmr,2002,101.86
cmr,2003,98.835
cmr,2004,95.694
cmr,2005,92.457
cmr,2006,89.424
cmr,2007,86.170
cmr,2008,83.237
cmr,2009,80.019
cmr,2010,76.899
cmr,2011,73.239
cmr,2012,69.432
cmr,2013,65.530
cmr,2014,61.576
cmr,2015,57.894
cmr,2016,54.299
cmr,2017,51.241
cmr,2018,48.119
cmr,2019,45.038
cmr,2020,42.223
cmr,2021,39.348
cmr,2022,36.405
cmr,2023,33.641
cmr,2024,31.122
cod,1985,141.29
cod,1986,140.29
cod,1987,139.16
cod,1988,137.95
cod,1989,136.83
cod,1990,135.36
cod,1991,133.86
cod,1992,132.08
cod,1993,130.59
cod,1994,129.14
cod,1995,127.71
cod,1996,126.31
cod,1997,124.39
cod,1998,122.09
cod,1999,119.39
cod,2000,116.13
cod,2001,112.62
cod,2002,108.73
cod,2003,104.57
cod,2004,100.23
cod,2005,95.750
cod,2006,91.343
cod,2007,86.980
cod,2008,82.370
cod,2009,77.887
cod,2010,73.197
cod,2011,68.646
cod,2012,64.021
cod,2013,59.545
cod,2014,55.715
cod,2015,52.155
cod,2016,48.738
cod,2017,45.410
cod,2018,42.351
cod,2019,39.357
cod,2020,36.445
cod,2021,33.923
cod,2022,31.488
cod,2023,29.295
cod,2024,27.056
cog,1983,61.305
cog,1984,60.349
cog,1985,58.897
cog,1986,57.716
cog,1987,56.692
cog,1988,56.087
cog,1989,55.728
cog,1990,56.149
cog,1991,57.212
cog,1992,58.834
cog,1993,61.035
cog,1994,63.495
cog,1995,66.534
cog,1996,69.463
cog,1997,72.411
cog,1998,75.002
cog,1999,76.672
cog,2000,77.179
cog,2001,76.199
cog,2002,73.975
cog,2003,70.413
cog,2004,65.744
cog,2005,60.367
cog,2006,54.740
cog,2007,49.382
cog,2008,44.633
cog,2009,40.589
cog,2010,37.276
cog,2011,34.316
cog,2012,31.615
cog,2013,28.886
cog,2014,26.295
cog,2015,24.038
cog,2016,22.147
cog,2017,20.340
cog,2018,18.795
cog,2019,17.445
cog,2020,19.812
cog,2021,14.947
cog,2022,13.923
cog,2023,13.008
cog,2024,12.085
cok,1990,7.9537
cok,1991,7.8593
cok,1992,7.7499
cok,1993,7.6390
cok,1994,7.4854
cok,1995,7.3152
cok,1996,7.1034
cok,1997,6.8368
cok,1998,6.4778
cok,1999,6.1187
cok,2000,5.7980
cok,2001,5.5249
cok,2002,5.2373
cok,2003,4.9772
cok,2004,4.7418
cok,2005,4.5220
cok,2006,4.2711
cok,2007,4.0371
cok,2008,3.8640
cok,2009,3.6681
cok,2010,3.5267
cok,2011,3.4174
cok,2012,3.3451
cok,2013,3.3188
cok,2014,3.3046
cok,2015,3.3196
cok,2016,3.3402
cok,2017,3.3426
cok,2018,3.3528
cok,2019,3.3307
cok,2020,3.2660
cok,2021,3.1797
cok,2022,3.0971
cok,2023,2.9872
cok,2024,2.9013
col,1955,106.30
col,1956,103.66
col,1957,100.94
col,1958,98.047
col,1959,95.177
col,1960,92.135
col,1961,89.232
col,1962,86.465
col,1963,83.875
col,1964,81.369
col,1965,78.950
col,1966,76.624
col,1967,74.190
col,1968,71.731
col,1969,69.099
col,1970,66.173
col,1971,63.238
col,1972,60.330
col,1973,57.277
col,1974,54.143
col,1975,51.058
col,1976,47.894
col,1977,44.775
col,1978,41.630
col,1979,38.535
col,1980,35.643
col,1981,32.822
col,1982,30.308
col,1983,27.879
col,1984,25.661
col,1985,23.619
col,1986,26.608
col,1987,20.374
col,1988,19.099
col,1989,18.006
col,1990,17.083
col,1991,16.324
col,1992,15.642
col,1993,14.939
col,1994,14.244
col,1995,13.592
col,1996,12.957
col,1997,12.365
col,1998,11.821
col,1999,11.310
col,2000,10.866
col,2001,10.461
col,2002,10.097
col,2003,9.7384
col,2004,9.3882
col,2005,9.0323
col,2006,8.6745
col,2007,8.3387
col,2008,7.9858
col,2009,7.6360
col,2010,7.3005
col,2011,6.9914
col,2012,6.6759
col,2013,6.3535
col,2014,6.0404
col,2015,5.7429
col,2016,5.4230
col,2017,5.1320
col,2018,4.8443
col,2019,4.5674
col,2020,4.2974
col,2021,4.0372
col,2022,3.7859
col,2023,3.5458
col,2024,3.3347
com,1974,115.84
com,1975,113.80
com,1976,110.49
com,1977,106.87
com,1978,102.75
com,1979,98.973
com,1980,95.181
com,1981,91.253
com,1982,87.955
com,1983,84.626
com,1984,81.840
com,1985,78.986
com,1986,76.309
com,1987,74.064
com,1988,72.063
com,1989,69.818
com,1990,67.512
com,1991,65.072
com,1992,62.600
com,1993,60.052
com,1994,57.181
com,1995,54.120
com,1996,50.887
com,1997,47.725
com,1998,44.677
com,1999,41.936
com,2000,39.361
com,2001,36.894
com,2002,34.555
com,2003,32.267
com,2004,30.253
com,2005,28.445
com,2006,26.575
com,2007,24.893
com,2008,23.471
com,2009,22.237
com,2010,21.122
com,2011,20.258
com,2012,19.638
com,2013,19.050
com,2014,18.555
com,2015,18.121
com,2016,17.645
com,2017,17.125
com,2018,16.596
com,2019,15.992
com,2020,15.237
com,2021,14.463
com,2022,13.617
com,2023,12.739
com,2024,11.860
cpv,1976,63.023
cpv,1977,60.781
cpv,1978,58.745
cpv,1979,57.128
cpv,1980,56.041
cpv,1981,55.274
cpv,1982,54.498
cpv,1983,53.947
cpv,1984,53.133
cpv,1985,51.986
cpv,1986,50.057
cpv,1987,47.316
cpv,1988,43.979
cpv,1989,40.563
cpv,1990,37.791
cpv,1991,35.746
cpv,1992,34.540
cpv,1993,34.119
cpv,1994,33.973
cpv,1995,33.697
cpv,1996,32.752
cpv,1997,30.547
cpv,1998,27.067
cpv,1999,22.944
cpv,2000,19.078
cpv,2001,15.947
cpv,2002,13.852
cpv,2003,12.316
cpv,2004,11.144
cpv,2005,10.353
cpv,2006,9.8632
cpv,2007,9.5781
cpv,2008,9.4672
cpv,2009,9.4088
cpv,2010,9.3943
cpv,2011,9.2873
cpv,2012,8.8522
cpv,2013,8.2145
cpv,2014,7.4352
cpv,2015,6.7279
cpv,2016,6.0731
cpv,2017,5.4486
cpv,2018,4.8904
cpv,2019,4.3773
cpv,2020,3.9438
cpv,2021,3.5751
cpv,2022,3.2265
cpv,2023,2.8969
cpv,2024,2.5657
cri,1954,88.317
cri,1955,87.154
cri,1956,85.003
cri,1957,81.587
cri,1958,77.261
cri,1959,72.378
cri,1960,67.585
cri,1961,63.587
cri,1962,61.175
cri,1963,60.338
cri,1964,59.903
cri,1965,59.056
cri,1966,57.392
cri,1967,55.211
cri,1968,52.963
cri,1969,50.689
cri,1970,48.623
cri,1971,46.521
cri,1972,44.017
cri,1973,40.783
cri,1974,36.771
cri,1975,32.272
cri,1976,27.485
cri,1977,22.582
cri,1978,18.601
cri,1979,15.649
cri,1980,13.647
cri,1981,12.379
cri,1982,11.598
cri,1983,11.255
cri,1984,11.118
cri,1985,11.061
cri,1986,10.886
cri,1987,10.414
cri,1988,9.6691
cri,1989,8.8492
cri,1990,8.1960
cri,1991,7.6515
cri,1992,7.1260
cri,1993,6.6314
cri,1994,6.2205
cri,1995,6.0381
cri,1996,6.0264
cri,1997,6.0538
cri,1998,6.0339
cri,1999,5.8917
cri,2000,5.6014
cri,2001,5.2126
cri,2002,4.8474
cri,2003,4.5805
cri,2004,4.3572
cri,2005,4.1802
cri,2006,4.0380
cri,2007,3.9555
cri,2008,3.9460
cri,2009,3.9163
cri,2010,3.8280
cri,2011,3.6605
cri,2012,3.4414
cri,2013,3.1972
cri,2014,2.9528
cri,2015,2.7606
cri,2016,2.6273
cri,2017,2.5570
cri,2018,2.5549
cri,2019,2.5891
cri,2020,2.6651
cri,2021,2.7620
cri,2022,2.8463
cri,2023,2.8934
cri,2024,2.8509
cub,1969,16.558
cub,1970,16.208
cub,1971,15.737
cub,1972,14.685
cub,1973,13.136
cub,1974,11.784
cub,1975,11.251
cub,1976,11.052
cub,1977,10.363
cub,1978,9.0162
cub,1979,7.6880
cub,1980,6.9313
cub,1981,6.7348
cub,1982,6.9133
cub,1983,7.3185
cub,1984,7.6020
cub,1985,7.5863
cub,1986,7.2740
cub,1987,6.8931
cub,1988,6.5623
cub,1989,6.2995
cub,1990,6.0975
cub,1991,5.8827
cub,1992,5.5493
cub,1993,5.1118
cub,1994,4.7285
cub,1995,4.5357
cub,1996,4.4944
cub,1997,4.5069
cub,1998,4.5001
cub,1999,4.4057
cub,2000,4.1992
cub,2001,3.9456
cub,2002,3.7250
cub,2003,3.5880
cub,2004,3.5026
cub,2005,3.4391
cub,2006,3.3717
cub,2007,3.2800
cub,2008,3.1748
cub,2009,3.0646
cub,2010,2.9860
cub,2011,2.9382
cub,2012,2.9217
cub,2013,2.9408
cub,2014,2.9740
cub,2015,3.0275
cub,2016,3.0828
cub,2017,3.1478
cub,2018,3.2174
cub,2019,3.2747
cub,2020,3.2966
cub,2021,3.2926
cub,2022,3.2871
cub,2023,3.3190
cub,2024,3.3361
cyp,1990,4.0322
cyp,1991,4.0210
cyp,1992,3.9971
cyp,1993,3.8909
cyp,1994,3.7727
cyp,1995,3.5837
cyp,1996,3.3932
cyp,1997,3.2109
cyp,1998,3.0199
cyp,1999,2.8459
cyp,2000,2.6771
cyp,2001,2.5012
cyp,2002,2.3413
cyp,2003,2.1819
cyp,2004,2.0274
cyp,2005,1.8717
cyp,2006,1.7139
cyp,2007,1.5740
cyp,2008,1.4367
cyp,2009,1.3221
cyp,2010,1.2118
cyp,2011,1.1069
cyp,2012,1.0276
cyp,2013,0.96666
cyp,2014,0.93279
cyp,2015,0.91070
cyp,2016,0.91111
cyp,2017,0.93151
cyp,2018,0.96075
cyp,2019,1.0121
cyp,2020,1.0727
cyp,2021,1.1281
cyp,2022,1.1758
cyp,2023,1.1828
cyp,2024,1.1528
cze,1983,4.4161
cze,1984,4.5874
cze,1985,4.7942
cze,1986,5.0598
cze,1987,5.2403
cze,1988,5.2149
cze,1989,5.0082
cze,1990,4.7537
cze,1991,4.6757
cze,1992,4.6774
cze,1993,4.6015
cze,1994,4.4068
cze,1995,4.1085
cze,1996,3.8003
cze,1997,3.4909
cze,1998,3.2032
cze,1999,2.9585
cze,2000,2.7521
cze,2001,2.6154
cze,2002,2.5047
cze,2003,2.4015
cze,2004,2.2963
cze,2005,2.1720
cze,2006,2.0484
cze,2007,1.9270
cze,2008,1.8244
cze,2009,1.7514
cze,2010,1.6801
cze,2011,1.6102
cze,2012,1.5442
cze,2013,1.4968
cze,2014,1.4803
cze,2015,1.4717
cze,2016,1.4754
cze,2017,1.4726
cze,2018,1.4503
cze,2019,1.4132
cze,2020,1.3585
cze,2021,1.3128
cze,2022,1.2660
cze,2023,1.2091
cze,2024,1.1366
deu,1970,11.646
deu,1971,11.302
deu,1972,10.759
deu,1973,10.377
deu,1974,10.317
deu,1975,10.322
deu,1976,10.200
deu,1977,9.9870
deu,1978,9.8279
deu,1979,9.7613
deu,1980,9.6150
deu,1981,9.3342
deu,1982,8.9246
deu,1983,8.4635
deu,1984,8.0229
deu,1985,7.6246
deu,1986,7.3117
deu,1987,7.0098
deu,1988,6.6429
deu,1989,6.1843
deu,1990,5.6359
deu,1991,5.0451
deu,1992,4.4782
deu,1993,4.0271
deu,1994,3.7245
deu,1995,3.4932
deu,1996,3.2850
deu,1997,3.0842
deu,1998,2.9061
deu,1999,2.7608
deu,2000,2.6269
deu,2001,2.5073
deu,2002,2.3940
deu,2003,2.2975
deu,2004,2.2225
deu,2005,2.1407
deu,2006,2.0496
deu,2007,1.9604
deu,2008,1.8960
deu,2009,1.8704
deu,2010,1.8446
deu,2011,1.8044
deu,2012,1.7466
deu,2013,1.6869
deu,2014,1.6418
deu,2015,1.6012
deu,2016,1.5748
deu,2017,1.5483
deu,2018,1.5103
deu,2019,1.4658
deu,2020,1.4138
deu,2021,1.3761
deu,2022,1.3487
deu,2023,1.3297
deu,2024,1.3086
dji,1980,82.649
dji,1981,81.028
dji,1982,79.036
dji,1983,76.601
dji,1984,74.087
dji,1985,71.670
dji,1986,69.240
dji,1987,66.919
dji,1988,64.761
dji,1989,62.917
dji,1990,60.870
dji,1991,59.004
dji,1992,57.634
dji,1993,56.739
dji,1994,55.956
dji,1995,55.264
dji,1996,54.417
dji,1997,53.552
dji,1998,52.631
dji,1999,51.642
dji,2000,50.205
dji,2001,48.617
dji,2002,46.844
dji,2003,45.116
dji,2004,43.349
dji,2005,41.467
dji,2006,39.536
dji,2007,37.646
dji,2008,35.801
dji,2009,33.877
dji,2010,31.871
dji,2011,29.777
dji,2012,27.640
dji,2013,25.671
dji,2014,23.736
dji,2015,22.081
dji,2016,20.487
dji,2017,19.002
dji,2018,17.648
dji,2019,16.435
dji,2020,15.187
dji,2021,14.057
dji,2022,12.973
dji,2023,12.025
dji,2024,11.077
dma,1970,38.369
dma,1971,34.542
dma,1972,30.900
dma,1973,27.547
dma,1974,24.368
dma,1975,21.346
dma,1976,18.627
dma,1977,16.428
dma,1978,14.545
dma,1979,12.883
dma,1980,11.535
dma,1981,10.469
dma,1982,9.5673
dma,1983,8.8459
dma,1984,8.2521
dma,1985,7.7753
dma,1986,7.4611
dma,1987,7.2303
dma,1988,7.0794
dma,1989,6.9952
dma,1990,6.9427
dma,1991,6.9184
dma,1992,6.9046
dma,1993,6.9076
dma,1994,6.8836
dma,1995,6.7949
dma,1996,6.6803
dma,1997,6.4963
dma,1998,6.3335
dma,1999,6.1877
dma,2000,6.0512
dma,2001,5.9400
dma,2002,5.8309
dma,2003,5.7125
dma,2004,5.5997
dma,2005,5.4928
dma,2006,5.4174
dma,2007,5.3028
dma,2008,5.1670
dma,2009,4.9853
dma,2010,4.7644
dma,2011,4.5028
dma,2012,4.2164
dma,2013,3.9444
dma,2014,3.6757
dma,2015,3.4246
dma,2016,3.2248
dma,2017,3.0912
dma,2018,3.0635
dma,2019,3.1263
dma,2020,3.2349
dma,2021,3.3328
dma,2022,3.3893
dma,2023,3.4209
dma,2024,3.3742
dnk,1961,8.1919
dnk,1962,8.1449
dnk,1963,7.8759
dnk,1964,7.6481
dnk,1965,7.3534
dnk,1966,6.8820
dnk,1967,6.3098
dnk,1968,5.7846
dnk,1969,5.5341
dnk,1970,5.4634
dnk,1971,5.3724
dnk,1972,5.2086
dnk,1973,4.9083
dnk,1974,4.6410
dnk,1975,4.4405
dnk,1976,4.3728
dnk,1977,4.4472
dnk,1978,4.5071
dnk,1979,4.5029
dnk,1980,4.4351
dnk,1981,4.3850
dnk,1982,4.4159
dnk,1983,4.4484
dnk,1984,4.4779
dnk,1985,4.4997
dnk,1986,4.5439
dnk,1987,4.6352
dnk,1988,4.6830
dnk,1989,4.6728
dnk,1990,4.5523
dnk,1991,4.3184
dnk,1992,4.0020
dnk,1993,3.5948
dnk,1994,3.1912
dnk,1995,2.8101
dnk,1996,2.4828
dnk,1997,2.2169
dnk,1998,2.0108
dnk,1999,1.9067
dnk,2000,1.9014
dnk,2001,1.9537
dnk,2002,2.0301
dnk,2003,2.0187
dnk,2004,1.9113
dnk,2005,1.7402
dnk,2006,1.5802
dnk,2007,1.4951
dnk,2008,1.4314
dnk,2009,1.3708
dnk,2010,1.2832
dnk,2011,1.1565
dnk,2012,0.99126
dnk,2013,0.83345
dnk,2014,0.77599
dnk,2015,0.79373
dnk,2016,0.85589
dnk,2017,0.94145
dnk,2018,1.0037
dnk,2019,1.0522
dnk,2020,1.1086
dnk,2021,1.2092
dnk,2022,1.3167
dnk,2023,1.3595
dnk,2024,1.3272
dom,1964,96.844
dom,1965,95.197
dom,1966,93.068
dom,1967,90.806
dom,1968,88.354
dom,1969,85.720
dom,1970,82.961
dom,1971,80.019
dom,1972,76.751
dom,1973,73.477
dom,1974,70.121
dom,1975,66.406
dom,1976,62.836
dom,1977,59.777
dom,1978,56.983
dom,1979,54.584
dom,1980,52.393
dom,1981,50.391
dom,1982,48.608
dom,1983,46.842
dom,1984,45.180
dom,1985,43.487
dom,1986,41.710
dom,1987,39.931
dom,1988,38.161
dom,1989,36.448
dom,1990,34.746
dom,1991,33.000
dom,1992,31.178
dom,1993,29.213
dom,1994,27.305
dom,1995,25.308
dom,1996,23.264
dom,1997,21.295
dom,1998,19.412
dom,1999,17.838
dom,2000,16.457
dom,2001,15.330
dom,2002,14.408
dom,2003,13.614
dom,2004,12.965
dom,2005,12.366
dom,2006,11.804
dom,2007,11.262
dom,2008,10.731
dom,2009,10.287
dom,2010,9.9658
dom,2011,9.6924
dom,2012,9.4899
dom,2013,9.2748
dom,2014,9.0625
dom,2015,8.8867
dom,2016,8.6924
dom,2017,8.4937
dom,2018,8.2784
dom,2019,8.0119
dom,2020,7.6745
dom,2021,7.2725
dom,2022,6.9171
dom,2023,6.5033
dom,2024,6.1288
dza,1970,160.65
dza,1971,159.45
dza,1972,158.01
dza,1973,155.41
dza,1974,152.22
dza,1975,148.07
dza,1976,143.67
dza,1977,138.38
dza,1978,132.80
dza,1979,126.47
dza,1980,118.18
dza,1981,107.73
dza,1982,95.043
dza,1983,80.617
dza,1984,66.220
dza,1985,53.587
dza,1986,43.544
dza,1987,36.269
dza,1988,31.320
dza,1989,28.332
dza,1990,26.439
dza,1991,25.289
dza,1992,24.549
dza,1993,23.977
dza,1994,23.461
dza,1995,22.901
dza,1996,22.180
dza,1997,21.286
dza,1998,20.301
dza,1999,19.344
dza,2000,18.290
dza,2001,17.256
dza,2002,16.111
dza,2003,15.007
dza,2004,13.995
dza,2005,13.168
dza,2006,12.401
dza,2007,11.696
dza,2008,11.098
dza,2009,10.669
dza,2010,10.182
dza,2011,9.5973
dza,2012,9.0881
dza,2013,8.8710
dza,2014,9.0002
dza,2015,9.1657
dza,2016,9.1261
dza,2017,8.8140
dza,2018,8.2523
dza,2019,7.5818
dza,2020,6.9415
dza,2021,6.5110
dza,2022,6.2545
dza,2023,6.0951
dza,2024,5.9822
ecu,1957,105.98
ecu,1958,105.58
ecu,1959,105.07
ecu,1960,104.15
ecu,1961,102.36
ecu,1962,100.32
ecu,1963,97.847
ecu,1964,95.283
ecu,1965,92.881
ecu,1966,90.916
ecu,1967,89.167
ecu,1968,87.647
ecu,1969,86.343
ecu,1970,85.016
ecu,1971,83.624
ecu,1972,81.711
ecu,1973,79.133
ecu,1974,75.995
ecu,1975,72.444
ecu,1976,68.733
ecu,1977,65.027
ecu,1978,61.480
ecu,1979,58.304
ecu,1980,55.289
ecu,1981,52.309
ecu,1982,49.405
ecu,1983,46.508
ecu,1984,43.682
ecu,1985,40.971
ecu,1986,38.506
ecu,1987,36.162
ecu,1988,34.079
ecu,1989,32.110
ecu,1990,30.134
ecu,1991,28.249
ecu,1992,26.315
ecu,1993,24.418
ecu,1994,22.595
ecu,1995,20.765
ecu,1996,19.008
ecu,1997,17.360
ecu,1998,16.103
ecu,1999,15.109
ecu,2000,14.237
ecu,2001,13.476
ecu,2002,12.750
ecu,2003,12.148
ecu,2004,11.623
ecu,2005,11.167
ecu,2006,10.758
ecu,2007,10.371
ecu,2008,10.042
ecu,2009,9.6797
ecu,2010,9.2901
ecu,2011,8.9306
ecu,2012,8.5641
ecu,2013,8.2216
ecu,2014,7.9173
ecu,2015,7.6396
ecu,2016,7.4512
ecu,2017,7.2655
ecu,2018,7.0425
ecu,2019,6.7500
ecu,2020,6.4060
ecu,2021,6.0423
ecu,2022,5.6634
ecu,2023,5.3514
ecu,2024,5.1071
egy,1958,266.89
egy,1959,260.34
egy,1960,252.84
egy,1961,245.06
egy,1962,236.91
egy,1963,229.21
egy,1964,220.92
egy,1965,213.42
egy,1966,206.54
egy,1967,200.47
egy,1968,195.75
egy,1969,191.83
egy,1970,188.77
egy,1971,185.64
egy,1972,182.24
egy,1973,178.19
egy,1974,173.03
egy,1975,166.60
egy,1976,158.96
egy,1977,150.43
egy,1978,141.50
egy,1979,132.60
egy,1980,124.05
egy,1981,115.77
egy,1982,107.61
egy,1983,99.520
egy,1984,91.264
egy,1985,83.139
egy,1986,75.383
egy,1987,68.447
egy,1988,62.666
egy,1989,57.922
egy,1990,54.168
egy,1991,51.023
egy,1992,48.061
egy,1993,45.128
egy,1994,42.071
egy,1995,39.000
egy,1996,35.898
egy,1997,32.884
egy,1998,30.038
egy,1999,27.378
egy,2000,24.949
egy,2001,22.790
egy,2002,20.903
egy,2003,19.196
egy,2004,17.682
egy,2005,16.414
egy,2006,15.409
egy,2007,14.608
egy,2008,13.840
egy,2009,13.158
egy,2010,12.524
egy,2011,11.886
egy,2012,11.196
egy,2013,10.533
egy,2014,9.8721
egy,2015,9.2258
egy,2016,8.6459
egy,2017,8.0904
egy,2018,7.5852
egy,2019,7.0659
egy,2020,6.6113
egy,2021,6.1619
egy,2022,5.7522
egy,2023,5.3749
egy,2024,5.0338
eri,1978,144.11
eri,1979,142.33
eri,1980,141.06
eri,1981,139.69
eri,1982,138.68
eri,1983,137.18
eri,1984,220.98
eri,1985,217.00
eri,1986,208.14
eri,1987,203.53
eri,1988,124.65
eri,1989,120.63
eri,1990,116.30
eri,1991,111.14
eri,1992,105.31
eri,1993,98.987
eri,1994,92.282
eri,1995,85.490
eri,1996,78.781
eri,1997,72.690
eri,1998,67.153
eri,1999,62.284
eri,2000,75.077
eri,2001,53.827
eri,2002,50.239
eri,2003,47.040
eri,2004,44.100
eri,2005,41.363
eri,2006,38.809
eri,2007,36.505
eri,2008,34.250
eri,2009,32.104
eri,2010,30.006
eri,2011,27.847
eri,2012,25.789
eri,2013,23.844
eri,2014,21.862
eri,2015,20.183
eri,2016,18.560
eri,2017,17.099
eri,2018,15.725
eri,2019,14.499
eri,2020,13.429
eri,2021,12.478
eri,2022,11.606
eri,2023,10.873
eri,2024,10.180
esp,1961,34.337
esp,1962,31.307
esp,1963,28.159
esp,1964,25.384
esp,1965,23.406
esp,1966,21.889
esp,1967,20.290
esp,1968,18.442
esp,1969,16.666
esp,1970,15.336
esp,1971,14.175
esp,1972,13.085
esp,1973,12.002
esp,1974,10.901
esp,1975,9.8208
esp,1976,8.8554
esp,1977,8.1526
esp,1978,7.7026
esp,1979,7.1979
esp,1980,6.4791
esp,1981,5.6957
esp,1982,5.1236
esp,1983,4.8563
esp,1984,4.7486
esp,1985,4.7023
esp,1986,4.6522
esp,1987,4.5850
esp,1988,4.5062
esp,1989,4.3812
esp,1990,4.2435
esp,1991,4.0915
esp,1992,3.9509
esp,1993,3.8281
esp,1994,3.6526
esp,1995,3.4108
esp,1996,3.1453
esp,1997,2.9383
esp,1998,2.8241
esp,1999,2.7323
esp,2000,2.6324
esp,2001,2.5202
esp,2002,2.4302
esp,2003,2.3798
esp,2004,2.3306
esp,2005,2.2793
esp,2006,2.2094
esp,2007,2.1316
esp,2008,2.0517
esp,2009,1.9434
esp,2010,1.8117
esp,2011,1.6677
esp,2012,1.5370
esp,2013,1.4408
esp,2014,1.3715
esp,2015,1.3354
esp,2016,1.3165
esp,2017,1.3043
esp,2018,1.2959
esp,2019,1.2843
esp,2020,1.2799
esp,2021,1.2831
esp,2022,1.2971
esp,2023,1.3121
esp,2024,1.2952
est,1989,7.0673
est,1990,7.2339
est,1991,7.2914
est,1992,7.2496
est,1993,7.1179
est,1994,6.8808
est,1995,6.7368
est,1996,6.6627
est,1997,6.5249
est,1998,6.3104
est,1999,6.0178
est,2000,5.6690
est,2001,5.2763
est,2002,4.8722
est,2003,4.4928
est,2004,4.1264
est,2005,3.7898
est,2006,3.4696
est,2007,3.1708
est,2008,2.9010
est,2009,2.6549
est,2010,2.4376
est,2011,2.2457
est,2012,2.0727
est,2013,1.9205
est,2014,1.7827
est,2015,1.6664
est,2016,1.5673
est,2017,1.4724
est,2018,1.3856
est,2019,1.3032
est,2020,1.2232
est,2021,1.1421
est,2022,1.0634
est,2023,0.98669
est,2024,0.91360
eth,1978,171.55
eth,1979,171.61
eth,1980,171.05
eth,1981,169.79
eth,1982,167.73
eth,1983,165.18
eth,1984,249.44
eth,1985,244.81
eth,1986,234.70
eth,1987,229.51
eth,1988,149.63
eth,1989,146.51
eth,1990,143.26
eth,1991,139.89
eth,1992,135.85
eth,1993,131.59
eth,1994,126.94
eth,1995,122.03
eth,1996,116.76
eth,1997,111.47
eth,1998,106.12
eth,1999,100.87
eth,2000,95.560
eth,2001,90.207
eth,2002,84.852
eth,2003,79.436
eth,2004,74.010
eth,2005,68.538
eth,2006,63.111
eth,2007,58.035
eth,2008,53.376
eth,2009,49.160
eth,2010,45.466
eth,2011,42.133
eth,2012,39.139
eth,2013,36.375
eth,2014,33.569
eth,2015,30.882
eth,2016,28.101
eth,2017,25.428
eth,2018,23.157
eth,2019,21.118
eth,2020,19.327
eth,2021,17.709
eth,2022,16.218
eth,2023,14.875
eth,2024,13.621
fin,1961,10.720
fin,1962,9.7044
fin,1963,8.7381
fin,1964,7.9839
fin,1965,7.3885
fin,1966,6.9412
fin,1967,6.5651
fin,1968,6.2480
fin,1969,5.9864
fin,1970,5.7025
fin,1971,5.4154
fin,1972,5.1230
fin,1973,4.8860
fin,1974,4.7317
fin,1975,4.5724
fin,1976,4.3906
fin,1977,4.1710
fin,1978,3.9303
fin,1979,3.7111
fin,1980,3.5075
fin,1981,3.3630
fin,1982,3.2495
fin,1983,3.1480
fin,1984,3.0600
fin,1985,2.9830
fin,1986,2.9472
fin,1987,2.9315
fin,1988,2.9166
fin,1989,2.8971
fin,1990,2.8310
fin,1991,2.7136
fin,1992,2.5575
fin,1993,2.3894
fin,1994,2.2375
fin,1995,2.0974
fin,1996,1.9803
fin,1997,1.8823
fin,1998,1.8013
fin,1999,1.7464
fin,2000,1.7059
fin,2001,1.6832
fin,2002,1.6652
fin,2003,1.6529
fin,2004,1.6404
fin,2005,1.6104
fin,2006,1.5621
fin,2007,1.5001
fin,2008,1.4338
fin,2009,1.3704
fin,2010,1.3141
fin,2011,1.2693
fin,2012,1.2254
fin,2013,1.1753
fin,2014,1.1201
fin,2015,1.0610
fin,2016,1.0086
fin,2017,0.96336
fin,2018,0.92941
fin,2019,0.90964
fin,2020,0.89740
fin,2021,0.89081
fin,2022,0.88296
fin,2023,0.86950
fin,2024,0.85185
fji,1990,13.085
fji,1991,12.754
fji,1992,12.440
fji,1993,12.159
fji,1994,11.961
fji,1995,11.805
fji,1996,11.703
fji,1997,11.656
fji,1998,11.655
fji,1999,11.692
fji,2000,11.728
fji,2001,11.644
fji,2002,11.481
fji,2003,11.205
fji,2004,10.864
fji,2005,10.621
fji,2006,10.599
fji,2007,10.956
fji,2008,11.534
fji,2009,12.061
fji,2010,12.353
fji,2011,12.380
fji,2012,12.211
fji,2013,11.914
fji,2014,11.652
fji,2015,11.506
fji,2016,11.428
fji,2017,11.463
fji,2018,11.554
fji,2019,11.697
fji,2020,11.891
fji,2021,11.913
fji,2022,11.807
fji,2023,11.585
fji,2024,11.277
fra,1961,9.6662
fra,1962,9.5707
fra,1963,9.0485
fra,1964,8.1256
fra,1965,7.1281
fra,1966,6.3783
fra,1967,6.1082
fra,1968,6.5912
fra,1969,7.8085
fra,1970,8.8763
fra,1971,8.9514
fra,1972,8.2968
fra,1973,7.6595
fra,1974,7.3822
fra,1975,7.1773
fra,1976,6.8050
fra,1977,6.3851
fra,1978,6.1994
fra,1979,6.3299
fra,1980,6.5005
fra,1981,6.5090
fra,1982,6.3489
fra,1983,6.1310
fra,1984,5.9421
fra,1985,5.7729
fra,1986,5.6596
fra,1987,5.5760
fra,1988,5.5012
fra,1989,5.4333
fra,1990,5.3387
fra,1991,5.2257
fra,1992,5.0341
fra,1993,4.7181
fra,1994,4.2890
fra,1995,3.7985
fra,1996,3.3335
fra,1997,2.9566
fra,1998,2.7275
fra,1999,2.6522
fra,2000,2.6160
fra,2001,2.5471
fra,2002,2.4343
fra,2003,2.3214
fra,2004,2.2365
fra,2005,2.1602
fra,2006,2.1079
fra,2007,2.0580
fra,2008,1.9998
fra,2009,1.9371
fra,2010,1.8673
fra,2011,1.8173
fra,2012,1.7751
fra,2013,1.7407
fra,2014,1.7160
fra,2015,1.6889
fra,2016,1.6670
fra,2017,1.6440
fra,2018,1.6240
fra,2019,1.6157
fra,2020,1.6064
fra,2021,1.6068
fra,2022,1.5988
fra,2023,1.5660
fra,2024,1.4909
fsm,1990,19.192
fsm,1991,18.236
fsm,1992,17.382
fsm,1993,16.594
fsm,1994,15.828
fsm,1995,15.178
fsm,1996,14.543
fsm,1997,13.902
fsm,1998,13.176
fsm,1999,12.431
fsm,2000,11.816
fsm,2001,11.209
fsm,2002,10.693
fsm,2003,14.353
fsm,2004,9.9626
fsm,2005,9.7223
fsm,2006,9.4400
fsm,2007,9.1408
fsm,2008,8.7795
fsm,2009,8.4726
fsm,2010,8.1290
fsm,2011,7.7152
fsm,2012,7.3467
fsm,2013,7.0269
fsm,2014,6.6873
fsm,2015,6.3403
fsm,2016,6.0608
fsm,2017,5.6996
fsm,2018,5.3829
fsm,2019,5.1243
fsm,2020,4.8291
fsm,2021,4.5997
fsm,2022,4.3420
fsm,2023,4.1269
fsm,2024,3.9189
gab,1978,78.999
gab,1979,76.133
gab,1980,73.056
gab,1981,70.268
gab,1982,67.586
gab,1983,64.895
gab,1984,62.351
gab,1985,60.064
gab,1986,57.755
gab,1987,55.797
gab,1988,54.083
gab,1989,52.627
gab,1990,51.254
gab,1991,50.255
gab,1992,49.579
gab,1993,49.139
gab,1994,48.918
gab,1995,48.719
gab,1996,48.526
gab,1997,48.079
gab,1998,47.243
gab,1999,45.974
gab,2000,44.258
gab,2001,42.367
gab,2002,40.338
gab,2003,38.270
gab,2004,36.036
gab,2005,34.083
gab,2006,32.433
gab,2007,31.362
gab,2008,30.020
gab,2009,28.831
gab,2010,27.809
gab,2011,26.328
gab,2012,24.892
gab,2013,23.298
gab,2014,21.685
gab,2015,20.465
gab,2016,19.372
gab,2017,18.111
gab,2018,17.037
gab,2019,15.936
gab,2020,14.763
gab,2021,13.478
gab,2022,12.815
gab,2023,12.075
gab,2024,11.538
gbr,1961,10.126
gbr,1962,10.288
gbr,1963,10.318
gbr,1964,10.154
gbr,1965,9.8479
gbr,1966,9.5270
gbr,1967,9.2942
gbr,1968,9.1115
gbr,1969,8.9795
gbr,1970,8.8465
gbr,1971,8.6798
gbr,1972,8.4577
gbr,1973,8.1403
gbr,1974,7.7527
gbr,1975,7.3519
gbr,1976,7.0401
gbr,1977,6.8690
gbr,1978,6.7625
gbr,1979,6.6912
gbr,1980,6.6049
gbr,1981,6.4859
gbr,1982,6.3322
gbr,1983,6.1481
gbr,1984,5.9693
gbr,1985,5.8218
gbr,1986,5.7331
gbr,1987,5.6968
gbr,1988,5.6162
gbr,1989,5.4446
gbr,1990,5.1406
gbr,1991,4.7047
gbr,1992,4.1811
gbr,1993,3.6863
gbr,1994,3.3296
gbr,1995,3.1045
gbr,1996,2.9903
gbr,1997,2.9534
gbr,1998,2.9173
gbr,1999,2.8342
gbr,2000,2.7248
gbr,2001,2.6529
gbr,2002,2.6533
gbr,2003,2.6548
gbr,2004,2.6171
gbr,2005,2.5401
gbr,2006,2.4631
gbr,2007,2.4127
gbr,2008,2.3522
gbr,2009,2.2756
gbr,2010,2.1828
gbr,2011,2.0874
gbr,2012,2.0053
gbr,2013,1.9322
gbr,2014,1.8753
gbr,2015,1.8208
gbr,2016,1.7545
gbr,2017,1.6769
gbr,2018,1.6032
gbr,2019,1.5654
gbr,2020,1.5622
gbr,2021,1.5900
gbr,2022,1.6261
gbr,2023,1.6294
gbr,2024,1.5831
geo,1978,27.064
geo,1979,26.835
geo,1980,26.437
geo,1981,25.847
geo,1982,25.144
geo,1983,24.335
geo,1984,23.606
geo,1985,22.830
geo,1986,22.196
geo,1987,21.682
geo,1988,21.285
geo,1989,20.915
geo,1990,20.517
geo,1991,20.145
geo,1992,19.747
geo,1993,19.254
geo,1994,18.802
geo,1995,18.249
geo,1996,17.526
geo,1997,16.735
geo,1998,15.648
geo,1999,14.414
geo,2000,12.977
geo,2001,11.623
geo,2002,10.512
geo,2003,9.4375
geo,2004,8.4377
geo,2005,7.5042
geo,2006,6.6527
geo,2007,5.8787
geo,2008,5.1793
geo,2009,4.5816
geo,2010,4.0678
geo,2011,3.6162
geo,2012,3.2829
geo,2013,3.0888
geo,2014,3.0710
geo,2015,3.1908
geo,2016,3.3907
geo,2017,3.6185
geo,2018,3.7904
geo,2019,3.8616
geo,2020,3.8331
geo,2021,3.7140
geo,2022,3.5329
geo,2023,3.3052
geo,2024,3.0845
gha,1966,134.39
gha,1967,136.79
gha,1968,139.35
gha,1969,141.69
gha,1970,142.94
gha,1971,142.98
gha,1972,141.61
gha,1973,140.13
gha,1974,138.11
gha,1975,135.09
gha,1976,131.36
gha,1977,126.30
gha,1978,121.35
gha,1979,116.84
gha,1980,113.65
gha,1981,111.86
gha,1982,110.81
gha,1983,109.98
gha,1984,108.77
gha,1985,106.59
gha,1986,103.48
gha,1987,99.509
gha,1988,94.777
gha,1989,89.900
gha,1990,85.116
gha,1991,81.104
gha,1992,77.862
gha,1993,75.554
gha,1994,73.808
gha,1995,72.551
gha,1996,71.573
gha,1997,70.209
gha,1998,68.470
gha,1999,66.191
gha,2000,63.437
gha,2001,60.344
gha,2002,57.013
gha,2003,53.907
gha,2004,50.907
gha,2005,48.200
gha,2006,45.710
gha,2007,43.376
gha,2008,41.069
gha,2009,38.677
gha,2010,36.098
gha,2011,33.620
gha,2012,31.201
gha,2013,29.007
gha,2014,27.043
gha,2015,25.070
gha,2016,23.190
gha,2017,21.396
gha,2018,19.506
gha,2019,17.560
gha,2020,15.396
gha,2021,13.134
gha,2022,11.028
gha,2023,9.0836
gha,2024,7.5910
gin,1977,223.70
gin,1978,219.71
gin,1979,215.01
gin,1980,209.94
gin,1981,204.41
gin,1982,199.38
gin,1983,195.08
gin,1984,190.84
gin,1985,187.46
gin,1986,184.68
gin,1987,182.23
gin,1988,179.39
gin,1989,176.38
gin,1990,173.03
gin,1991,169.02
gin,1992,164.28
gin,1993,158.87
gin,1994,152.75
gin,1995,146.41
gin,1996,140.34
gin,1997,134.50
gin,1998,129.56
gin,1999,124.82
gin,2000,120.29
gin,2001,115.38
gin,2002,110.43
gin,2003,105.57
gin,2004,100.84
gin,2005,96.548
gin,2006,92.964
gin,2007,89.763
gin,2008,87.177
gin,2009,84.956
gin,2010,83.015
gin,2011,81.161
gin,2012,79.436
gin,2013,77.913
gin,2014,76.330
gin,2015,75.325
gin,2016,73.706
gin,2017,71.067
gin,2018,68.802
gin,2019,66.275
gin,2020,63.401
gin,2021,60.187
gin,2022,56.854
gin,2023,53.416
gin,2024,49.638
gmb,1990,112.93
gmb,1991,108.67
gmb,1992,104.68
gmb,1993,100.48
gmb,1994,96.402
gmb,1995,92.077
gmb,1996,87.794
gmb,1997,83.761
gmb,1998,79.673
gmb,1999,75.750
gmb,2000,71.843
gmb,2001,68.056
gmb,2002,64.342
gmb,2003,60.599
gmb,2004,56.894
gmb,2005,53.216
gmb,2006,49.846
gmb,2007,46.729
gmb,2008,43.755
gmb,2009,40.978
gmb,2010,38.471
gmb,2011,36.091
gmb,2012,33.849
gmb,2013,31.785
gmb,2014,29.812
gmb,2015,27.973
gmb,2016,26.166
gmb,2017,24.517
gmb,2018,22.916
gmb,2019,21.276
gmb,2020,19.729
gmb,2021,18.247
gmb,2022,16.832
gmb,2023,15.554
gmb,2024,14.346
gnb,1988,155.25
gnb,1989,154.01
gnb,1990,152.19
gnb,1991,149.58
gnb,1992,146.73
gnb,1993,143.10
gnb,1994,139.40
gnb,1995,135.89
gnb,1996,131.83
gnb,1997,127.82
gnb,1998,123.29
gnb,1999,119.19
gnb,2000,115.29
gnb,2001,111.05
gnb,2002,106.76
gnb,2003,101.89
gnb,2004,96.729
gnb,2005,91.370
gnb,2006,85.972
gnb,2007,80.494
gnb,2008,75.060
gnb,2009,69.671
gnb,2010,64.308
gnb,2011,59.014
gnb,2012,53.841
gnb,2013,48.922
gnb,2014,44.815
gnb,2015,41.064
gnb,2016,37.796
gnb,2017,34.777
gnb,2018,32.030
gnb,2019,29.620
gnb,2020,27.297
gnb,2021,25.309
gnb,2022,23.321
gnb,2023,21.577
gnb,2024,19.988
gnq,1990,115.41
gnq,1991,115.53
gnq,1992,115.43
gnq,1993,115.09
gnq,1994,114.59
gnq,1995,114.39
gnq,1996,113.49
gnq,1997,112.03
gnq,1998,109.94
gnq,1999,107.36
gnq,2000,104.15
gnq,2001,100.05
gnq,2002,96.112
gnq,2003,91.814
gnq,2004,87.607
gnq,2005,83.749
gnq,2006,79.795
gnq,2007,75.996
gnq,2008,72.171
gnq,2009,68.239
gnq,2010,64.112
gnq,2011,59.546
gnq,2012,55.202
gnq,2013,50.918
gnq,2014,47.259
gnq,2015,43.719
gnq,2016,40.380
gnq,2017,37.365
gnq,2018,34.508
gnq,2019,32.024
gnq,2020,29.742
gnq,2021,27.401
gnq,2022,25.358
gnq,2023,23.436
gnq,2024,21.744
grc,1961,25.970
grc,1962,24.821
grc,1963,23.575
grc,1964,22.189
grc,1965,20.568
grc,1966,18.933
grc,1967,17.439
grc,1968,16.087
grc,1969,14.628
grc,1970,12.734
grc,1971,10.640
grc,1972,9.1678
grc,1973,8.8315
grc,1974,9.1856
grc,1975,9.3458
grc,1976,8.9019
grc,1977,8.1500
grc,1978,7.5570
grc,1979,7.1015
grc,1980,6.5903
grc,1981,5.9963
grc,1982,5.4244
grc,1983,5.0452
grc,1984,4.8159
grc,1985,4.6401
grc,1986,4.4758
grc,1987,4.2842
grc,1988,4.1432
grc,1989,4.0200
grc,1990,3.8982
grc,1991,3.7738
grc,1992,3.5905
grc,1993,3.3639
grc,1994,3.1152
grc,1995,2.9040
grc,1996,2.7734
grc,1997,2.6697
grc,1998,2.6032
grc,1999,2.5325
grc,2000,2.4426
grc,2001,2.3387
grc,2002,2.2337
grc,2003,2.1719
grc,2004,2.1195
grc,2005,2.0380
grc,2006,1.9400
grc,2007,1.8389
grc,2008,1.7864
grc,2009,1.7622
grc,2010,1.7369
grc,2011,1.7010
grc,2012,1.6416
grc,2013,1.5961
grc,2014,1.5696
grc,2015,1.5699
grc,2016,1.5987
grc,2017,1.6105
grc,2018,1.6009
grc,2019,1.5686
grc,2020,1.5170
grc,2021,1.4399
grc,2022,1.3330
grc,2023,1.2136
grc,2024,1.1048
grd,1990,9.2915
grd,1991,8.9946
grd,1992,8.7817
grd,1993,8.6063
grd,1994,8.5267
grd,1995,8.4430
grd,1996,8.3533
grd,1997,8.1408
grd,1998,7.8258
grd,1999,7.4782
grd,2000,7.0944
grd,2001,6.7546
grd,2002,6.4950
grd,2003,6.2803
grd,2004,6.1636
grd,2005,6.0784
grd,2006,6.0307
grd,2007,6.0364
grd,2008,5.9939
grd,2009,5.9277
grd,2010,5.8263
grd,2011,5.7101
grd,2012,5.5742
grd,2013,5.4386
grd,2014,5.3392
grd,2015,5.2677
grd,2016,5.2288
grd,2017,5.2239
grd,2018,5.1884
grd,2019,5.1504
grd,2020,5.0300
grd,2021,4.8729
grd,2022,4.6800
grd,2023,4.4563
grd,2024,4.2093
gtm,1965,136.16
gtm,1966,133.26
gtm,1967,130.00
gtm,1968,126.63
gtm,1969,123.16
gtm,1970,119.39
gtm,1971,115.69
gtm,1972,111.99
gtm,1973,108.34
gtm,1974,104.69
gtm,1975,101.16
gtm,1976,97.773
gtm,1977,117.57
gtm,1978,90.894
gtm,1979,87.445
gtm,1980,83.975
gtm,1981,80.593
gtm,1982,77.228
gtm,1983,95.541
gtm,1984,70.890
gtm,1985,67.724
gtm,1986,64.534
gtm,1987,61.394
gtm,1988,58.330
gtm,1989,55.369
gtm,1990,52.421
gtm,1991,49.630
gtm,1992,46.976
gtm,1993,44.454
gtm,1994,41.993
gtm,1995,39.662
gtm,1996,37.420
gtm,1997,35.361
gtm,1998,33.482
gtm,1999,31.734
gtm,2000,30.089
gtm,2001,28.532
gtm,2002,27.041
gtm,2003,25.649
gtm,2004,24.336
gtm,2005,23.059
gtm,2006,21.879
gtm,2007,20.743
gtm,2008,19.594
gtm,2009,18.453
gtm,2010,17.422
gtm,2011,16.566
gtm,2012,15.670
gtm,2013,14.820
gtm,2014,14.010
gtm,2015,13.226
gtm,2016,12.509
gtm,2017,11.815
gtm,2018,11.158
gtm,2019,10.473
gtm,2020,9.8478
gtm,2021,9.1934
gtm,2022,8.6155
gtm,2023,8.0474
gtm,2024,7.5314
guy,1953,76.489
guy,1954,72.220
guy,1955,67.870
guy,1956,63.391
guy,1957,59.089
guy,1958,54.953
guy,1959,51.325
guy,1960,47.830
guy,1961,44.768
guy,1962,42.234
guy,1963,40.101
guy,1964,38.246
guy,1965,36.801
guy,1966,35.616
guy,1967,34.849
guy,1968,34.264
guy,1969,33.998
guy,1970,33.790
guy,1971,33.749
guy,1972,33.800
guy,1973,33.927
guy,1974,33.990
guy,1975,33.992
guy,1976,33.947
guy,1977,33.865
guy,1978,33.658
guy,1979,33.503
guy,1980,33.286
guy,1981,33.067
guy,1982,32.910
guy,1983,32.633
guy,1984,32.362
guy,1985,31.937
guy,1986,31.441
guy,1987,30.792
guy,1988,30.016
guy,1989,29.100
guy,1990,27.949
guy,1991,26.798
guy,1992,25.510
guy,1993,24.031
guy,1994,22.661
guy,1995,21.326
guy,1996,20.165
guy,1997,19.280
guy,1998,18.469
guy,1999,17.845
guy,2000,17.345
guy,2001,16.838
guy,2002,16.305
guy,2003,15.680
guy,2004,15.171
guy,2005,14.584
guy,2006,14.041
guy,2007,13.510
guy,2008,12.937
guy,2009,12.358
guy,2010,11.797
guy,2011,11.207
guy,2012,10.634
guy,2013,10.133
guy,2014,9.6061
guy,2015,9.0267
guy,2016,8.5148
guy,2017,8.0366
guy,2018,7.6250
guy,2019,7.1696
guy,2020,6.7225
guy,2021,6.3206
guy,2022,5.9205
guy,2023,5.5840
guy,2024,5.2808
hnd,1973,90.387
hnd,1974,86.169
hnd,1975,105.70
hnd,1976,78.068
hnd,1977,74.104
hnd,1978,70.233
hnd,1979,66.485
hnd,1980,62.835
hnd,1981,59.208
hnd,1982,55.949
hnd,1983,52.779
hnd,1984,49.870
hnd,1985,47.138
hnd,1986,44.463
hnd,1987,42.031
hnd,1988,39.689
hnd,1989,37.407
hnd,1990,35.463
hnd,1991,33.613
hnd,1992,31.805
hnd,1993,30.052
hnd,1994,28.337
hnd,1995,26.612
hnd,1996,24.957
hnd,1997,23.364
hnd,1998,21.837
hnd,1999,42.930
hnd,2000,18.980
hnd,2001,17.653
hnd,2002,16.565
hnd,2003,15.581
hnd,2004,14.651
hnd,2005,13.685
hnd,2006,12.745
hnd,2007,11.869
hnd,2008,11.074
hnd,2009,10.357
hnd,2010,9.7565
hnd,2011,9.1997
hnd,2012,8.7281
hnd,2013,8.2964
hnd,2014,7.8735
hnd,2015,7.5355
hnd,2016,7.1672
hnd,2017,6.8147
hnd,2018,6.4468
hnd,2019,6.0930
hnd,2020,5.7483
hnd,2021,5.3858
hnd,2022,5.0569
hnd,2023,4.7461
hnd,2024,4.4538
hrv,1983,6.3725
hrv,1984,6.1927
hrv,1985,5.8629
hrv,1986,5.6240
hrv,1987,5.4731
hrv,1988,5.3805
hrv,1989,5.2645
hrv,1990,4.9480
hrv,1991,4.4330
hrv,1992,5.6038
hrv,1993,3.3783
hrv,1994,3.2512
hrv,1995,3.2816
hrv,1996,3.3627
hrv,1997,3.3734
hrv,1998,3.2602
hrv,1999,3.0123
hrv,2000,2.7160
hrv,2001,2.5603
hrv,2002,2.5097
hrv,2003,2.4747
hrv,2004,3.1828
hrv,2005,2.3748
hrv,2006,2.3063
hrv,2007,2.2123
hrv,2008,2.0822
hrv,2009,1.9351
hrv,2010,1.7998
hrv,2011,1.7455
hrv,2012,1.7320
hrv,2013,1.7085
hrv,2014,1.6837
hrv,2015,1.6544
hrv,2016,1.6705
hrv,2017,1.6927
hrv,2018,1.6856
hrv,2019,1.6469
hrv,2020,1.5821
hrv,2021,1.5597
hrv,2022,1.5624
hrv,2023,1.5661
hrv,2024,1.5395
hti,1961,192.37
hti,1962,189.34
hti,1963,186.33
hti,1964,183.36
hti,1965,180.32
hti,1966,177.27
hti,1967,173.90
hti,1968,170.63
hti,1969,167.32
hti,1970,163.87
hti,1971,160.26
hti,1972,156.92
hti,1973,153.66
hti,1974,150.10
hti,1975,146.98
hti,1976,143.74
hti,1977,140.31
hti,1978,136.81
hti,1979,133.62
hti,1980,130.70
hti,1981,127.97
hti,1982,125.40
hti,1983,122.48
hti,1984,119.37
hti,1985,116.38
hti,1986,113.39
hti,1987,110.65
hti,1988,108.22
hti,1989,106.17
hti,1990,104.08
hti,1991,101.77
hti,1992,99.280
hti,1993,96.379
hti,1994,93.123
hti,1995,89.666
hti,1996,86.170
hti,1997,82.761
hti,1998,79.371
hti,1999,75.982
hti,2000,72.608
hti,2001,69.380
hti,2002,66.197
hti,2003,63.247
hti,2004,60.547
hti,2005,57.962
hti,2006,55.655
hti,2007,53.599
hti,2008,51.623
hti,2009,49.793
hti,2010,47.904
hti,2011,98.050
hti,2012,44.056
hti,2013,42.051
hti,2014,40.224
hti,2015,38.298
hti,2016,36.200
hti,2017,33.996
hti,2018,31.764
hti,2019,29.625
hti,2020,27.589
hti,2021,25.678
hti,2022,23.702
hti,2023,22.021
hti,2024,20.371
hun,1961,25.609
hun,1962,23.975
hun,1963,22.169
hun,1964,20.312
hun,1965,18.345
hun,1966,16.577
hun,1967,14.993
hun,1968,13.711
hun,1969,12.727
hun,1970,11.756
hun,1971,10.741
hun,1972,9.8943
hun,1973,9.7014
hun,1974,10.156
hun,1975,10.241
hun,1976,9.4164
hun,1977,8.1642
hun,1978,7.2026
hun,1979,6.8469
hun,1980,6.6906
hun,1981,6.5351
hun,1982,6.3420
hun,1983,6.2530
hun,1984,6.3435
hun,1985,6.4097
hun,1986,6.3967
hun,1987,6.2641
hun,1988,6.1264
hun,1989,6.0384
hun,1990,5.9352
hun,1991,5.8492
hun,1992,5.7019
hun,1993,5.5150
hun,1994,5.3279
hun,1995,5.0799
hun,1996,4.8491
hun,1997,4.6429
hun,1998,4.5227
hun,1999,4.5007
hun,2000,4.4056
hun,2001,4.1988
hun,2002,3.9025
hun,2003,3.6414
hun,2004,3.4927
hun,2005,3.3654
hun,2006,3.2522
hun,2007,3.1004
hun,2008,2.9215
hun,2009,2.7370
hun,2010,2.5736
hun,2011,2.4902
hun,2012,2.4598
hun,2013,2.4391
hun,2014,2.4144
hun,2015,2.3387
hun,2016,2.2265
hun,2017,2.0830
hun,2018,1.9582
hun,2019,1.8763
hun,2020,1.8022
hun,2021,1.7421
hun,2022,1.6827
hun,2023,1.6193
hun,2024,1.5350
idn,1954,197.25
idn,1955,192.14
idn,1956,186.77
idn,1957,181.61
idn,1958,176.51
idn,1959,171.34
idn,1960,166.45
idn,1961,161.71
idn,1962,157.30
idn,1963,152.89
idn,1964,148.44
idn,1965,143.96
idn,1966,173.10
idn,1967,134.66
idn,1968,129.99
idn,1969,125.34
idn,1970,120.58
idn,1971,115.83
idn,1972,111.26
idn,1973,106.97
idn,1974,103.05
idn,1975,99.383
idn,1976,95.908
idn,1977,92.678
idn,1978,89.570
idn,1979,86.528
idn,1980,83.663
idn,1981,80.881
idn,1982,78.146
idn,1983,75.425
idn,1984,72.772
idn,1985,70.057
idn,1986,67.275
idn,1987,64.318
idn,1988,61.342
idn,1989,58.283
idn,1990,55.143
idn,1991,51.922
idn,1992,48.709
idn,1993,45.556
idn,1994,42.670
idn,1995,39.937
idn,1996,37.452
idn,1997,35.249
idn,1998,33.247
idn,1999,31.415
idn,2000,29.698
idn,2001,28.009
idn,2002,26.387
idn,2003,24.823
idn,2004,23.298
idn,2005,27.475
idn,2006,20.437
idn,2007,19.088
idn,2008,17.823
idn,2009,16.758
idn,2010,15.892
idn,2011,15.138
idn,2012,14.426
idn,2013,13.795
idn,2014,13.210
idn,2015,12.611
idn,2016,11.989
idn,2017,11.373
idn,2018,10.770
idn,2019,10.188
idn,2020,9.5801
idn,2021,9.0076
idn,2022,8.4417
idn,2023,7.8941
idn,2024,7.3868
ind,1970,134.56
ind,1971,132.70
ind,1972,130.50
ind,1973,128.14
ind,1974,125.42
ind,1975,122.35
ind,1976,118.90
ind,1977,115.01
ind,1978,111.02
ind,1979,106.84
ind,1980,102.73
ind,1981,98.672
ind,1982,94.880
ind,1983,91.403
ind,1984,88.331
ind,1985,85.496
ind,1986,82.888
ind,1987,80.226
ind,1988,77.590
ind,1989,74.876
ind,1990,72.221
ind,1991,69.752
ind,1992,67.314
ind,1993,65.043
ind,1994,62.774
ind,1995,60.534
ind,1996,58.282
ind,1997,55.952
ind,1998,53.562
ind,1999,51.205
ind,2000,48.811
ind,2001,46.497
ind,2002,44.196
ind,2003,42.016
ind,2004,39.900
ind,2005,37.809
ind,2006,35.682
ind,2007,33.513
ind,2008,31.408
ind,2009,29.346
ind,2010,27.282
ind,2011,25.289
ind,2012,23.415
ind,2013,21.597
ind,2014,19.896
ind,2015,18.247
ind,2016,16.732
ind,2017,15.305
ind,2018,13.975
ind,2019,12.774
ind,2020,11.877
ind,2021,11.025
ind,2022,10.231
ind,2023,9.5110
ind,2024,8.8434
irl,1961,13.664
irl,1962,13.382
irl,1963,13.015
irl,1964,12.595
irl,1965,12.016
irl,1966,11.265
irl,1967,10.419
irl,1968,9.6660
irl,1969,9.1747
irl,1970,8.9033
irl,1971,8.8264
irl,1972,8.8076
irl,1973,8.7659
irl,1974,8.6446
irl,1975,8.4196
irl,1976,8.1996
irl,1977,7.9785
irl,1978,7.7341
irl,1979,7.4515
irl,1980,7.0624
irl,1981,6.5922
irl,1982,6.1279
irl,1983,5.7492
irl,1984,5.4575
irl,1985,5.2365
irl,1986,5.1207
irl,1987,5.0700
irl,1988,5.0112
irl,1989,4.8619
irl,1990,4.5960
irl,1991,4.2333
irl,1992,3.8130
irl,1993,3.3932
irl,1994,3.0713
irl,1995,2.9055
irl,1996,2.9114
irl,1997,2.9828
irl,1998,3.0501
irl,1999,3.0691
irl,2000,3.0261
irl,2001,2.9410
irl,2002,2.8028
irl,2003,2.6074
irl,2004,2.3830
irl,2005,2.1761
irl,2006,2.0417
irl,2007,1.9610
irl,2008,1.8895
irl,2009,1.8070
irl,2010,1.7020
irl,2011,1.5770
irl,2012,1.4453
irl,2013,1.3345
irl,2014,1.2663
irl,2015,1.2144
irl,2016,1.1690
irl,2017,1.1240
irl,2018,1.0812
irl,2019,1.0431
irl,2020,1.0114
irl,2021,0.99213
irl,2022,0.98427
irl,2023,0.97839
irl,2024,0.96987
irn,1990,27.306
irn,1991,26.111
irn,1992,24.803
irn,1993,23.414
irn,1994,22.259
irn,1995,21.071
irn,1996,19.937
irn,1997,18.888
irn,1998,17.734
irn,1999,16.638
irn,2000,15.258
irn,2001,13.736
irn,2002,12.269
irn,2003,10.723
irn,2004,9.5014
irn,2005,8.3640
irn,2006,7.4282
irn,2007,6.7153
irn,2008,6.0818
irn,2009,5.5336
irn,2010,4.8761
irn,2011,4.2273
irn,2012,3.7315
irn,2013,3.3598
irn,2014,3.0286
irn,2015,2.7303
irn,2016,2.4508
irn,2017,2.2406
irn,2018,2.0622
irn,2019,1.8854
irn,2020,1.7066
irn,2021,1.5875
irn,2022,1.4452
irn,2023,1.3495
irn,2024,1.2425
irq,1984,31.726
irq,1985,30.441
irq,1986,29.348
irq,1987,28.281
irq,1988,27.331
irq,1989,38.602
irq,1990,50.149
irq,1991,49.245
irq,1992,35.810
irq,1993,23.861
irq,1994,23.233
irq,1995,22.559
irq,1996,21.894
irq,1997,21.219
irq,1998,20.535
irq,1999,19.818
irq,2000,19.118
irq,2001,18.494
irq,2002,17.849
irq,2003,17.300
irq,2004,16.767
irq,2005,16.223
irq,2006,15.727
irq,2007,15.175
irq,2008,14.633
irq,2009,14.057
irq,2010,13.544
irq,2011,13.047
irq,2012,12.526
irq,2013,12.015
irq,2014,11.483
irq,2015,10.924
irq,2016,10.353
irq,2017,9.7961
irq,2018,9.2422
irq,2019,8.7728
irq,2020,8.3122
irq,2021,7.8606
irq,2022,7.3820
irq,2023,6.9415
irq,2024,6.5542
isl,1955,11.610
isl,1956,11.164
isl,1957,10.736
isl,1958,10.315
isl,1959,9.9526
isl,1960,9.5980
isl,1961,9.2852
isl,1962,8.9948
isl,1963,8.6810
isl,1964,8.3717
isl,1965,7.9964
isl,1966,7.5623
isl,1967,7.1042
isl,1968,6.6401
isl,1969,6.2416
isl,1970,5.8824
isl,1971,5.5959
isl,1972,5.3746
isl,1973,5.2067
isl,1974,5.0894
isl,1975,4.9769
isl,1976,4.8544
isl,1977,4.6896
isl,1978,4.4919
isl,1979,4.2689
isl,1980,4.0187
isl,1981,3.7809
isl,1982,3.5571
isl,1983,3.3523
isl,1984,3.1858
isl,1985,3.0491
isl,1986,2.9379
isl,1987,2.8465
isl,1988,2.7677
isl,1989,2.6976
isl,1990,2.6312
isl,1991,2.5636
isl,1992,2.5001
isl,1993,2.4206
isl,1994,2.3390
isl,1995,2.2429
isl,1996,2.1408
isl,1997,2.0440
isl,1998,1.9346
isl,1999,1.8318
isl,2000,1.7295
isl,2001,1.6307
isl,2002,1.5419
isl,2003,1.4635
isl,2004,1.3984
isl,2005,1.3354
isl,2006,1.2840
isl,2007,1.2432
isl,2008,1.2076
isl,2009,1.1797
isl,2010,1.1574
isl,2011,1.1378
isl,2012,1.1205
isl,2013,1.1002
isl,2014,1.0908
isl,2015,1.0857
isl,2016,1.0859
isl,2017,1.0864
isl,2018,1.0795
isl,2019,1.0745
isl,2020,1.0618
isl,2021,1.0307
isl,2022,0.98683
isl,2023,0.94396
isl,2024,0.89857
isr,1976,11.511
isr,1977,10.641
isr,1978,9.7352
isr,1979,8.9621
isr,1980,8.3401
isr,1981,7.9522
isr,1982,7.6915
isr,1983,7.4615
isr,1984,7.2192
isr,1985,6.8866
isr,1986,6.4682
isr,1987,5.9971
isr,1988,5.6113
isr,1989,5.3986
isr,1990,5.2569
isr,1991,5.1423
isr,1992,4.9935
isr,1993,4.8059
isr,1994,4.5785
isr,1995,4.3176
isr,1996,4.0656
isr,1997,3.8375
isr,1998,3.6397
isr,1999,3.4805
isr,2000,3.3257
isr,2001,3.1788
isr,2002,3.0364
isr,2003,2.9164
isr,2004,2.8413
isr,2005,2.7739
isr,2006,2.7109
isr,2007,2.6252
isr,2008,2.5067
isr,2009,2.3605
isr,2010,2.1994
isr,2011,2.0732
isr,2012,1.9824
isr,2013,1.9051
isr,2014,1.8452
isr,2015,1.7889
isr,2016,1.7528
isr,2017,1.7228
isr,2018,1.6911
isr,2019,1.6597
isr,2020,1.6250
isr,2021,1.6063
isr,2022,1.5941
isr,2023,1.5750
isr,2024,1.5440
ita,1961,26.950
ita,1962,26.040
ita,1963,24.591
ita,1964,22.466
ita,1965,20.090
ita,1966,18.123
ita,1967,16.794
ita,1968,15.842
ita,1969,15.062
ita,1970,14.199
ita,1971,12.980
ita,1972,11.462
ita,1973,9.9820
ita,1974,8.8586
ita,1975,7.9474
ita,1976,7.0417
ita,1977,6.1139
ita,1978,5.3668
ita,1979,4.9375
ita,1980,4.7275
ita,1981,4.6184
ita,1982,4.5212
ita,1983,4.3468
ita,1984,4.0767
ita,1985,3.7706
ita,1986,3.5354
ita,1987,3.3994
ita,1988,3.2881
ita,1989,3.1644
ita,1990,3.0587
ita,1991,3.0584
ita,1992,3.1702
ita,1993,3.2238
ita,1994,3.1054
ita,1995,2.8692
ita,1996,2.6395
ita,1997,2.4792
ita,1998,2.3442
ita,1999,2.2143
ita,2000,2.0933
ita,2001,2.0122
ita,2002,1.9704
ita,2003,1.9153
ita,2004,1.8330
ita,2005,1.7366
ita,2006,1.6709
ita,2007,1.6568
ita,2008,1.6429
ita,2009,1.6070
ita,2010,1.5435
ita,2011,1.4850
ita,2012,1.4477
ita,2013,1.4153
ita,2014,1.3864
ita,2015,1.3553
ita,2016,1.3254
ita,2017,1.3007
ita,2018,1.2669
ita,2019,1.2347
ita,2020,1.1989
ita,2021,1.1662
ita,2022,1.1285
ita,2023,1.0696
ita,2024,1.0104
jam,1957,53.240
jam,1958,50.244
jam,1959,47.360
jam,1960,44.525
jam,1961,41.947
jam,1962,39.630
jam,1963,37.669
jam,1964,35.963
jam,1965,34.524
jam,1966,33.167
jam,1967,31.967
jam,1968,30.862
jam,1969,29.644
jam,1970,28.341
jam,1971,26.921
jam,1972,25.419
jam,1973,23.891
jam,1974,22.180
jam,1975,20.442
jam,1976,18.830
jam,1977,17.322
jam,1978,15.985
jam,1979,14.742
jam,1980,13.677
jam,1981,12.663
jam,1982,11.836
jam,1983,11.197
jam,1984,10.593
jam,1985,10.073
jam,1986,9.5773
jam,1987,9.1276
jam,1988,8.7490
jam,1989,8.3650
jam,1990,8.0114
jam,1991,7.6429
jam,1992,7.2845
jam,1993,6.9353
jam,1994,6.5403
jam,1995,6.1416
jam,1996,5.6934
jam,1997,5.2314
jam,1998,4.7374
jam,1999,4.2947
jam,2000,3.9134
jam,2001,3.6087
jam,2002,3.3563
jam,2003,3.1914
jam,2004,3.0743
jam,2005,3.0025
jam,2006,2.9821
jam,2007,2.9866
jam,2008,3.0140
jam,2009,3.0479
jam,2010,3.1291
jam,2011,3.2003
jam,2012,3.2849
jam,2013,3.4123
jam,2014,3.5589
jam,2015,3.7506
jam,2016,3.9548
jam,2017,4.1165
jam,2018,4.2286
jam,2019,4.2773
jam,2020,4.2953
jam,2021,4.2826
jam,2022,4.2513
jam,2023,4.2337
jam,2024,4.1447
jor,1954,175.55
jor,1955,165.04
jor,1956,154.77
jor,1957,145.17
jor,1958,135.58
jor,1959,126.52
jor,1960,117.84
jor,1961,109.58
jor,1962,101.81
jor,1963,94.692
jor,1964,88.161
jor,1965,82.041
jor,1966,76.617
jor,1967,71.639
jor,1968,67.147
jor,1969,62.854
jor,1970,58.847
jor,1971,55.191
jor,1972,51.729
jor,1973,48.626
jor,1974,45.619
jor,1975,42.725
jor,1976,39.990
jor,1977,37.292
jor,1978,34.763
jor,1979,32.299
jor,1980,29.955
jor,1981,27.622
jor,1982,25.384
jor,1983,23.334
jor,1984,21.465
jor,1985,19.932
jor,1986,18.706
jor,1987,17.654
jor,1988,16.778
jor,1989,15.948
jor,1990,15.187
jor,1991,14.625
jor,1992,14.055
jor,1993,13.528
jor,1994,13.007
jor,1995,12.480
jor,1996,11.990
jor,1997,11.468
jor,1998,10.960
jor,1999,10.466
jor,2000,9.9709
jor,2001,9.4861
jor,2002,8.9897
jor,2003,8.5644
jor,2004,8.2056
jor,2005,7.9010
jor,2006,7.6429
jor,2007,7.4202
jor,2008,7.2167
jor,2009,7.0302
jor,2010,6.8471
jor,2011,6.6723
jor,2012,6.4653
jor,2013,6.2813
jor,2014,6.0761
jor,2015,5.8797
jor,2016,5.6856
jor,2017,5.4995
jor,2018,5.3131
jor,2019,5.1244
jor,2020,4.9324
jor,2021,4.7266
jor,2022,4.5068
jor,2023,4.2936
jor,2024,4.0655
jpn,1969,9.7327
jpn,1970,9.1537
jpn,1971,8.6211
jpn,1972,8.1257
jpn,1973,7.6890
jpn,1974,7.3002
jpn,1975,6.8875
jpn,1976,6.4117
jpn,1977,5.9302
jpn,1978,5.5446
jpn,1979,5.2877
jpn,1980,5.0732
jpn,1981,4.8606
jpn,1982,4.6417
jpn,1983,4.4392
jpn,1984,4.2711
jpn,1985,4.1200
jpn,1986,3.9943
jpn,1987,3.8866
jpn,1988,3.8013
jpn,1989,3.7467
jpn,1990,3.7089
jpn,1991,3.6901
jpn,1992,3.6740
jpn,1993,3.6466
jpn,1994,3.6059
jpn,1995,3.5338
jpn,1996,3.4363
jpn,1997,3.3098
jpn,1998,3.1607
jpn,1999,3.0032
jpn,2000,2.8343
jpn,2001,2.6675
jpn,2002,2.5164
jpn,2003,2.4038
jpn,2004,2.3381
jpn,2005,2.2950
jpn,2006,2.2632
jpn,2007,2.2319
jpn,2008,2.1995
jpn,2009,2.1662
jpn,2010,2.1301
jpn,2011,2.0960
jpn,2012,2.1579
jpn,2013,1.9975
jpn,2014,1.9291
jpn,2015,1.8551
jpn,2016,1.7910
jpn,2017,1.7321
jpn,2018,1.6752
jpn,2019,1.6202
jpn,2020,1.5702
jpn,2021,1.5344
jpn,2022,1.5140
jpn,2023,1.5058
jpn,2024,1.5012
kaz,1973,47.187
kaz,1974,46.652
kaz,1975,46.048
kaz,1976,45.499
kaz,1977,45.005
kaz,1978,44.382
kaz,1979,43.635
kaz,1980,42.554
kaz,1981,41.257
kaz,1982,39.520
kaz,1983,37.597
kaz,1984,35.696
kaz,1985,33.856
kaz,1986,32.223
kaz,1987,30.669
kaz,1988,29.298
kaz,1989,28.030
kaz,1990,26.883
kaz,1991,26.080
kaz,1992,25.587
kaz,1993,25.398
kaz,1994,25.485
kaz,1995,25.396
kaz,1996,24.888
kaz,1997,23.801
kaz,1998,22.162
kaz,1999,20.281
kaz,2000,18.256
kaz,2001,16.365
kaz,2002,14.558
kaz,2003,12.998
kaz,2004,11.889
kaz,2005,10.979
kaz,2006,10.255
kaz,2007,9.6666
kaz,2008,9.1669
kaz,2009,8.8381
kaz,2010,8.4893
kaz,2011,8.1018
kaz,2012,7.6804
kaz,2013,7.2593
kaz,2014,6.8603
kaz,2015,6.4543
kaz,2016,6.0541
kaz,2017,5.7048
kaz,2018,5.4500
kaz,2019,5.3118
kaz,2020,5.1941
kaz,2021,5.0518
kaz,2022,4.9308
kaz,2023,4.9322
kaz,2024,5.0509
ken,1955,194.38
ken,1956,184.14
ken,1957,174.18
ken,1958,164.97
ken,1959,156.18
ken,1960,148.32
ken,1961,141.35
ken,1962,135.41
ken,1963,130.10
ken,1964,125.74
ken,1965,122.37
ken,1966,119.54
ken,1967,117.07
ken,1968,114.71
ken,1969,112.24
ken,1970,109.89
ken,1971,107.16
ken,1972,104.52
ken,1973,101.72
ken,1974,98.785
ken,1975,95.601
ken,1976,92.137
ken,1977,88.460
ken,1978,84.818
ken,1979,81.111
ken,1980,77.422
ken,1981,74.132
ken,1982,71.100
ken,1983,68.297
ken,1984,66.055
ken,1985,64.266
ken,1986,63.215
ken,1987,63.050
ken,1988,63.821
ken,1989,65.538
ken,1990,68.227
ken,1991,71.445
ken,1992,74.672
ken,1993,77.491
ken,1994,79.373
ken,1995,80.134
ken,1996,79.773
ken,1997,78.537
ken,1998,76.472
ken,1999,73.666
ken,2000,70.401
ken,2001,66.462
ken,2002,62.138
ken,2003,57.587
ken,2004,52.998
ken,2005,48.520
ken,2006,43.847
ken,2007,39.917
ken,2008,36.450
ken,2009,31.958
ken,2010,29.507
ken,2011,27.830
ken,2012,26.663
ken,2013,25.625
ken,2014,24.368
ken,2015,23.158
ken,2016,21.825
ken,2017,20.593
ken,2018,20.032
ken,2019,19.252
ken,2020,18.383
ken,2021,17.943
ken,2022,17.026
ken,2023,16.124
ken,2024,14.974
kgz,1980,60.689
kgz,1981,59.047
kgz,1982,57.130
kgz,1983,54.839
kgz,1984,52.400
kgz,1985,49.619
kgz,1986,46.759
kgz,1987,43.809
kgz,1988,41.145
kgz,1989,38.878
kgz,1990,37.137
kgz,1991,36.239
kgz,1992,35.772
kgz,1993,35.569
kgz,1994,35.302
kgz,1995,34.880
kgz,1996,34.198
kgz,1997,33.133
kgz,1998,31.897
kgz,1999,30.307
kgz,2000,28.458
kgz,2001,26.682
kgz,2002,24.854
kgz,2003,23.138
kgz,2004,21.471
kgz,2005,19.880
kgz,2006,18.449
kgz,2007,16.969
kgz,2008,15.549
kgz,2009,14.190
kgz,2010,12.898
kgz,2011,11.752
kgz,2012,10.662
kgz,2013,9.7482
kgz,2014,9.0133
kgz,2015,8.3672
kgz,2016,7.7795
kgz,2017,7.1438
kgz,2018,6.5901
kgz,2019,6.1038
kgz,2020,5.7030
kgz,2021,5.4328
kgz,2022,5.1709
kgz,2023,4.9170
kgz,2024,4.6620
khm,1978,428.02
khm,1979,395.76
khm,1980,141.46
khm,1981,120.59
khm,1982,102.90
khm,1983,88.860
khm,1984,80.266
khm,1985,75.565
khm,1986,73.050
khm,1987,71.875
khm,1988,71.370
khm,1989,71.608
khm,1990,71.918
khm,1991,72.304
khm,1992,72.934
khm,1993,73.438
khm,1994,74.486
khm,1995,75.832
khm,1996,76.967
khm,1997,77.692
khm,1998,77.296
khm,1999,75.697
khm,2000,72.174
khm,2001,66.474
khm,2002,59.186
khm,2003,51.235
khm,2004,44.353
khm,2005,38.736
khm,2006,34.218
khm,2007,30.635
khm,2008,27.355
khm,2009,24.385
khm,2010,21.579
khm,2011,18.989
khm,2012,16.608
khm,2013,14.338
khm,2014,12.573
khm,2015,11.172
khm,2016,9.9906
khm,2017,8.9950
khm,2018,8.2254
khm,2019,7.5287
khm,2020,6.9643
khm,2021,6.3783
khm,2022,5.9388
khm,2023,5.5359
khm,2024,5.1897
kir,1990,49.541
kir,1991,47.597
kir,1992,45.762
kir,1993,43.813
kir,1994,42.033
kir,1995,40.738
kir,1996,39.571
kir,1997,38.372
kir,1998,37.396
kir,1999,36.017
kir,2000,34.850
kir,2001,33.644
kir,2002,32.772
kir,2003,32.033
kir,2004,31.401
kir,2005,31.021
kir,2006,30.721
kir,2007,30.624
kir,2008,30.279
kir,2009,29.497
kir,2010,28.391
kir,2011,27.465
kir,2012,26.756
kir,2013,26.168
kir,2014,25.653
kir,2015,25.314
kir,2016,25.068
kir,2017,24.732
kir,2018,24.224
kir,2019,23.511
kir,2020,22.690
kir,2021,21.626
kir,2022,20.578
kir,2023,19.427
kir,2024,18.142
kna,1978,28.535
kna,1979,27.248
kna,1980,25.428
kna,1981,23.359
kna,1982,21.160
kna,1983,18.872
kna,1984,16.856
kna,1985,15.040
kna,1986,13.481
kna,1987,12.380
kna,1988,11.535
kna,1989,10.879
kna,1990,10.397
kna,1991,9.9375
kna,1992,9.5618
kna,1993,9.2121
kna,1994,8.9406
kna,1995,8.6680
kna,1996,8.4454
kna,1997,8.2642
kna,1998,8.0325
kna,1999,7.8228
kna,2000,7.5351
kna,2001,7.2230
kna,2002,6.9182
kna,2003,6.6187
kna,2004,6.3827
kna,2005,6.1869
kna,2006,6.0261
kna,2007,5.9396
kna,2008,5.8712
kna,2009,5.8398
kna,2010,5.8392
kna,2011,5.8395
kna,2012,5.8183
kna,2013,5.7947
kna,2014,5.7290
kna,2015,5.6241
kna,2016,5.4179
kna,2017,5.2049
kna,2018,4.9296
kna,2019,4.6644
kna,2020,4.3642
kna,2021,4.1021
kna,2022,3.8500
kna,2023,3.6031
kna,2024,3.3731
kor,1952,234.37
kor,1953,198.05
kor,1954,167.88
kor,1955,143.57
kor,1956,124.08
kor,1957,108.76
kor,1958,97.232
kor,1959,88.364
kor,1960,81.624
kor,1961,76.427
kor,1962,71.939
kor,1963,67.850
kor,1964,63.670
kor,1965,59.528
kor,1966,55.194
kor,1967,50.816
kor,1968,46.482
kor,1969,42.202
kor,1970,38.173
kor,1971,34.546
kor,1972,31.364
kor,1973,28.719
kor,1974,26.473
kor,1975,24.616
kor,1976,22.990
kor,1977,21.575
kor,1978,20.179
kor,1979,18.914
kor,1980,17.573
kor,1981,16.300
kor,1982,15.216
kor,1983,14.114
kor,1984,13.025
kor,1985,12.005
kor,1986,11.005
kor,1987,10.024
kor,1988,9.1744
kor,1989,8.3742
kor,1990,7.7012
kor,1991,7.0978
kor,1992,6.5864
kor,1993,6.1126
kor,1994,5.6902
kor,1995,5.3286
kor,1996,4.9943
kor,1997,4.6809
kor,1998,4.4351
kor,1999,4.2236
kor,2000,4.0549
kor,2001,3.9045
kor,2002,3.7272
kor,2003,3.5493
kor,2004,3.3589
kor,2005,3.1773
kor,2006,2.9984
kor,2007,2.8229
kor,2008,2.6613
kor,2009,2.5068
kor,2010,2.3699
kor,2011,2.2379
kor,2012,2.1155
kor,2013,2.0072
kor,2014,1.9129
kor,2015,1.8364
kor,2016,1.7715
kor,2017,1.7081
kor,2018,1.6528
kor,2019,1.6055
kor,2020,1.5787
kor,2021,1.5626
kor,2022,1.5402
kor,2023,1.5015
kor,2024,1.4376
kwt,1986,10.025
kwt,1987,9.2179
kwt,1988,8.3651
kwt,1989,7.5729
kwt,1990,6.9188
kwt,1991,6.4993
kwt,1992,6.2537
kwt,1993,6.1593
kwt,1994,6.1807
kwt,1995,6.2306
kwt,1996,6.2792
kwt,1997,6.2847
kwt,1998,6.2173
kwt,1999,6.0932
kwt,2000,5.9362
kwt,2001,5.8642
kwt,2002,5.8470
kwt,2003,5.8366
kwt,2004,5.8111
kwt,2005,5.7419
kwt,2006,5.6551
kwt,2007,5.5448
kwt,2008,5.4291
kwt,2009,5.3279
kwt,2010,5.1830
kwt,2011,4.9872
kwt,2012,4.7481
kwt,2013,4.5055
kwt,2014,4.2973
kwt,2015,4.0934
kwt,2016,3.9312
kwt,2017,3.7831
kwt,2018,3.6876
kwt,2019,3.6397
kwt,2020,3.6241
kwt,2021,3.6498
kwt,2022,3.6856
kwt,2023,3.6852
kwt,2024,3.6205
lao,1983,130.53
lao,1984,127.28
lao,1985,123.88
lao,1986,120.36
lao,1987,116.91
lao,1988,113.24
lao,1989,109.45
lao,1990,105.64
lao,1991,101.54
lao,1992,97.583
lao,1993,93.591
lao,1994,89.554
lao,1995,85.774
lao,1996,82.122
lao,1997,78.472
lao,1998,74.941
lao,1999,71.564
lao,2000,68.404
lao,2001,65.005
lao,2002,61.776
lao,2003,58.549
lao,2004,55.398
lao,2005,52.229
lao,2006,49.002
lao,2007,46.042
lao,2008,43.107
lao,2009,40.239
lao,2010,37.431
lao,2011,34.718
lao,2012,32.180
lao,2013,29.751
lao,2014,27.440
lao,2015,25.321
lao,2016,23.294
lao,2017,21.478
lao,2018,19.911
lao,2019,18.471
lao,2020,17.043
lao,2021,15.727
lao,2022,14.600
lao,2023,13.467
lao,2024,12.439
lbn,1974,20.780
lbn,1975,20.629
lbn,1976,20.397
lbn,1977,132.85
lbn,1978,37.319
lbn,1979,38.421
lbn,1980,39.728
lbn,1981,38.614
lbn,1982,37.434
lbn,1983,83.169
lbn,1984,23.255
lbn,1985,22.192
lbn,1986,21.168
lbn,1987,20.106
lbn,1988,30.250
lbn,1989,29.301
lbn,1990,10.563
lbn,1991,10.182
lbn,1992,9.8163
lbn,1993,9.4344
lbn,1994,9.0771
lbn,1995,8.6996
lbn,1996,8.3483
lbn,1997,7.9743
lbn,1998,7.6029
lbn,1999,7.2382
lbn,2000,6.8578
lbn,2001,6.4910
lbn,2002,6.1299
lbn,2003,5.7677
lbn,2004,5.4553
lbn,2005,5.1312
lbn,2006,4.8647
lbn,2007,4.6312
lbn,2008,4.4190
lbn,2009,4.2811
lbn,2010,4.1880
lbn,2011,4.1295
lbn,2012,4.1168
lbn,2013,4.1364
lbn,2014,4.2112
lbn,2015,4.3118
lbn,2016,4.4738
lbn,2017,4.6708
lbn,2018,4.8719
lbn,2019,5.0972
lbn,2020,5.3311
lbn,2021,5.5857
lbn,2022,5.8422
lbn,2023,6.0953
lbn,2024,6.2980
lbr,1964,201.95
lbr,1965,202.38
lbr,1966,201.86
lbr,1967,200.97
lbr,1968,199.53
lbr,1969,197.56
lbr,1970,194.86
lbr,1971,192.22
lbr,1972,189.51
lbr,1973,186.53
lbr,1974,183.94
lbr,1975,180.99
lbr,1976,178.09
lbr,1977,175.10
lbr,1978,172.44
lbr,1979,170.50
lbr,1980,168.65
lbr,1981,167.00
lbr,1982,165.72
lbr,1983,165.34
lbr,1984,165.91
lbr,1985,168.25
lbr,1986,171.73
lbr,1987,176.76
lbr,1988,182.57
lbr,1989,189.21
lbr,1990,195.19
lbr,1991,200.21
lbr,1992,203.12
lbr,1993,203.17
lbr,1994,200.76
lbr,1995,195.75
lbr,1996,188.81
lbr,1997,180.20
lbr,1998,170.56
lbr,1999,160.31
lbr,2000,149.59
lbr,2001,138.61
lbr,2002,127.78
lbr,2003,116.93
lbr,2004,106.84
lbr,2005,97.445
lbr,2006,89.347
lbr,2007,82.382
lbr,2008,76.758
lbr,2009,72.349
lbr,2010,68.768
lbr,2011,65.569
lbr,2012,62.641
lbr,2013,59.820
lbr,2014,57.081
lbr,2015,56.418
lbr,2016,52.063
lbr,2017,49.309
lbr,2018,46.547
lbr,2019,43.810
lbr,2020,41.107
lbr,2021,38.328
lbr,2022,35.701
lbr,2023,33.168
lbr,2024,30.703
lby,1973,68.228
lby,1974,62.273
lby,1975,56.878
lby,1976,52.214
lby,1977,48.174
lby,1978,44.612
lby,1979,41.441
lby,1980,38.576
lby,1981,36.048
lby,1982,33.721
lby,1983,31.611
lby,1984,29.442
lby,1985,27.560
lby,1986,25.672
lby,1987,23.915
lby,1988,22.200
lby,1989,20.490
lby,1990,18.882
lby,1991,17.408
lby,1992,16.081
lby,1993,14.975
lby,1994,14.006
lby,1995,13.264
lby,1996,12.714
lby,1997,12.218
lby,1998,11.811
lby,1999,11.439
lby,2000,11.060
lby,2001,10.707
lby,2002,10.388
lby,2003,10.000
lby,2004,9.5879
lby,2005,9.1166
lby,2006,8.5664
lby,2007,7.9762
lby,2008,7.3616
lby,2009,6.8116
lby,2010,6.3023
lby,2011,5.8525
lby,2012,8.9051
lby,2013,5.0798
lby,2014,4.7120
lby,2015,4.3535
lby,2016,4.0585
lby,2017,3.7853
lby,2018,3.5237
lby,2019,3.2929
lby,2020,3.0757
lby,2021,2.8833
lby,2022,2.6994
lby,2023,2.5224
lby,2024,13.698
lca,1973,38.519
lca,1974,35.233
lca,1975,32.072
lca,1976,29.050
lca,1977,25.880
lca,1978,22.577
lca,1979,19.335
lca,1980,16.759
lca,1981,14.626
lca,1982,12.918
lca,1983,11.603
lca,1984,10.618
lca,1985,9.8624
lca,1986,9.3031
lca,1987,8.8461
lca,1988,8.5421
lca,1989,8.3138
lca,1990,8.1656
lca,1991,8.1201
lca,1992,8.1226
lca,1993,8.1766
lca,1994,8.2196
lca,1995,8.1973
lca,1996,8.0995
lca,1997,7.8853
lca,1998,7.5894
lca,1999,7.1991
lca,2000,6.7617
lca,2001,6.3156
lca,2002,5.8849
lca,2003,5.5313
lca,2004,5.2426
lca,2005,5.0141
lca,2006,4.8923
lca,2007,4.8072
lca,2008,4.7936
lca,2009,4.8013
lca,2010,4.7702
lca,2011,4.7045
lca,2012,4.6133
lca,2013,4.5654
lca,2014,4.5370
lca,2015,4.5518
lca,2016,4.6116
lca,2017,4.6778
lca,2018,4.7416
lca,2019,4.7742
lca,2020,4.7667
lca,2021,4.7086
lca,2022,4.5874
lca,2023,4.4393
lca,2024,4.2677
lka,1953,75.568
lka,1954,76.200
lka,1955,76.047
lka,1956,74.681
lka,1957,72.011
lka,1958,67.845
lka,1959,62.724
lka,1960,57.538
lka,1961,52.842
lka,1962,49.390
lka,1963,47.332
lka,1964,46.040
lka,1965,44.878
lka,1966,43.236
lka,1967,41.402
lka,1968,39.478
lka,1969,37.865
lka,1970,36.892
lka,1971,36.530
lka,1972,36.673
lka,1973,37.019
lka,1974,37.294
lka,1975,37.256
lka,1976,36.506
lka,1977,34.936
lka,1978,32.288
lka,1979,28.680
lka,1980,25.060
lka,1981,22.506
lka,1982,21.564
lka,1983,21.087
lka,1984,19.437
lka,1985,16.504
lka,1986,13.073
lka,1987,10.301
lka,1988,8.5419
lka,1989,7.8018
lka,1990,11.833
lka,1991,8.5813
lka,1992,9.1279
lka,1993,9.2361
lka,1994,8.8165
lka,1995,8.1334
lka,1996,7.4618
lka,1997,6.9866
lka,1998,6.6551
lka,1999,6.4665
lka,2000,6.3924
lka,2001,6.3226
lka,2002,6.1783
lka,2003,6.1019
lka,2004,6.3138
lka,2005,20.501
lka,2006,6.9260
lka,2007,6.5035
lka,2008,5.7629
lka,2009,5.1506
lka,2010,13.832
lka,2011,4.6950
lka,2012,4.4496
lka,2013,4.1090
lka,2014,3.7715
lka,2015,3.4970
lka,2016,3.2341
lka,2017,2.9545
lka,2018,2.6797
lka,2019,2.4565
lka,2020,2.2773
lka,2021,2.0926
lka,2022,1.9098
lka,2023,1.7447
lka,2024,1.6021
lso,1955,135.45
lso,1956,132.63
lso,1957,129.13
lso,1958,125.29
lso,1959,121.68
lso,1960,118.91
lso,1961,117.22
lso,1962,116.41
lso,1963,116.59
lso,1964,117.26
lso,1965,117.87
lso,1966,117.89
lso,1967,117.25
lso,1968,116.10
lso,1969,114.22
lso,1970,111.78
lso,1971,109.26
lso,1972,106.39
lso,1973,103.75
lso,1974,100.96
lso,1975,97.630
lso,1976,93.756
lso,1977,89.689
lso,1978,85.454
lso,1979,81.071
lso,1980,76.562
lso,1981,71.964
lso,1982,67.646
lso,1983,63.428
lso,1984,59.286
lso,1985,55.656
lso,1986,52.605
lso,1987,49.782
lso,1988,47.318
lso,1989,45.185
lso,1990,43.442
lso,1991,42.432
lso,1992,42.292
lso,1993,43.327
lso,1994,45.759
lso,1995,49.304
lso,1996,53.411
lso,1997,57.403
lso,1998,60.850
lso,1999,63.796
lso,2000,66.366
lso,2001,68.255
lso,2002,69.637
lso,2003,70.437
lso,2004,71.391
lso,2005,72.072
lso,2006,72.659
lso,2007,72.239
lso,2008,68.792
lso,2009,66.555
lso,2010,55.125
lso,2011,49.625
lso,2012,46.066
lso,2013,43.290
lso,2014,41.404
lso,2015,39.784
lso,2016,37.264
lso,2017,34.445
lso,2018,33.990
lso,2019,32.156
lso,2020,31.667
lso,2021,29.450
lso,2022,26.944
lso,2023,24.198
lso,2024,21.775
ltu,1982,11.954
ltu,1983,11.718
ltu,1984,11.283
ltu,1985,10.647
ltu,1986,9.8818
ltu,1987,8.9436
ltu,1988,8.0585
ltu,1989,7.4442
ltu,1990,7.0994
ltu,1991,6.9515
ltu,1992,6.7046
ltu,1993,6.6060
ltu,1994,6.9168
ltu,1995,7.1139
ltu,1996,6.9476
ltu,1997,6.5324
ltu,1998,6.2664
ltu,1999,6.1434
ltu,2000,5.9813
ltu,2001,5.7858
ltu,2002,5.4858
ltu,2003,5.1655
ltu,2004,4.8491
ltu,2005,4.5487
ltu,2006,4.3973
ltu,2007,4.2369
ltu,2008,4.0084
ltu,2009,3.6834
ltu,2010,3.2781
ltu,2011,2.9029
ltu,2012,2.5725
ltu,2013,2.4030
ltu,2014,2.3815
ltu,2015,2.3873
ltu,2016,2.3828
ltu,2017,2.2604
ltu,2018,2.0333
ltu,2019,1.7513
ltu,2020,1.5044
ltu,2021,1.3726
ltu,2022,1.3026
ltu,2023,1.2550
ltu,2024,1.1556
lux,1966,10.571
lux,1967,10.627
lux,1968,10.328
lux,1969,9.8539
lux,1970,9.2473
lux,1971,8.6223
lux,1972,8.1022
lux,1973,7.7793
lux,1974,7.3900
lux,1975,6.9209
lux,1976,6.3906
lux,1977,5.9475
lux,1978,5.8278
lux,1979,5.8745
lux,1980,6.0083
lux,1981,6.0860
lux,1982,6.0948
lux,1983,6.0407
lux,1984,5.8831
lux,1985,5.6936
lux,1986,5.4373
lux,1987,5.1185
lux,1988,4.8020
lux,1989,4.4708
lux,1990,4.2006
lux,1991,3.9669
lux,1992,3.7534
lux,1993,3.5623
lux,1994,3.3291
lux,1995,3.0950
lux,1996,2.8569
lux,1997,2.6319
lux,1998,2.4325
lux,1999,2.2434
lux,2000,2.0874
lux,2001,1.9639
lux,2002,1.8354
lux,2003,1.7149
lux,2004,1.6104
lux,2005,1.5241
lux,2006,1.4440
lux,2007,1.3577
lux,2008,1.2675
lux,2009,1.1768
lux,2010,1.1034
lux,2011,1.0406
lux,2012,0.98998
lux,2013,0.94912
lux,2014,0.90800
lux,2015,0.87528
lux,2016,0.84296
lux,2017,0.80623
lux,2018,0.76531
lux,2019,0.70289
lux,2020,0.64008
lux,2021,0.56974
lux,2022,0.50101
lux,2023,0.43860
lux,2024,0.38562
lva,1981,12.456
lva,1982,12.696
lva,1983,12.630
lva,1984,12.237
lva,1985,11.469
lva,1986,10.442
lva,1987,9.4160
lva,1988,8.6432
lva,1989,8.1426
lva,1990,8.0908
lva,1991,8.2491
lva,1992,8.3317
lva,1993,8.2858
lva,1994,8.1235
lva,1995,8.0330
lva,1996,7.9587
lva,1997,7.8605
lva,1998,7.7367
lva,1999,7.4395
lva,2000,7.0481
lva,2001,6.5898
lva,2002,6.2061
lva,2003,5.9539
lva,2004,5.6328
lva,2005,5.2227
lva,2006,4.7382
lva,2007,4.3016
lva,2008,3.9705
lva,2009,3.6928
lva,2010,3.4722
lva,2011,3.2613
lva,2012,3.0507
lva,2013,2.8349
lva,2014,2.5852
lva,2015,2.3541
lva,2016,2.1315
lva,2017,1.9452
lva,2018,1.8055
lva,2019,1.6862
lva,2020,1.6013
lva,2021,1.5277
lva,2022,1.4391
lva,2023,1.3220
lva,2024,1.1673
mar,1958,175.81
mar,1959,173.92
mar,1960,171.39
mar,1961,168.42
mar,1962,165.53
mar,1963,161.97
mar,1964,158.47
mar,1965,154.74
mar,1966,150.66
mar,1967,146.49
mar,1968,142.20
mar,1969,138.24
mar,1970,134.44
mar,1971,130.92
mar,1972,127.69
mar,1973,124.48
mar,1974,120.98
mar,1975,117.09
mar,1976,112.58
mar,1977,107.47
mar,1978,101.84
mar,1979,95.868
mar,1980,89.869
mar,1981,83.917
mar,1982,78.219
mar,1983,72.957
mar,1984,67.984
mar,1985,63.153
mar,1986,58.712
mar,1987,54.555
mar,1988,50.811
mar,1989,47.471
mar,1990,44.381
mar,1991,41.731
mar,1992,39.215
mar,1993,36.843
mar,1994,34.579
mar,1995,32.385
mar,1996,30.303
mar,1997,28.332
mar,1998,26.554
mar,1999,24.894
mar,2000,23.308
mar,2001,21.839
mar,2002,20.412
mar,2003,18.996
mar,2004,17.616
mar,2005,16.275
mar,2006,14.972
mar,2007,13.678
mar,2008,12.507
mar,2009,11.624
mar,2010,10.833
mar,2011,10.109
mar,2012,9.4148
mar,2013,8.7860
mar,2014,8.1907
mar,2015,7.6001
mar,2016,7.0641
mar,2017,6.5567
mar,2018,6.0931
mar,2019,5.6805
mar,2020,5.3322
mar,2021,4.9867
mar,2022,4.6409
mar,2023,4.3424
mar,2024,4.0731
mco,1990,2.6596
mco,1991,2.5482
mco,1992,2.4344
mco,1993,2.3029
mco,1994,2.1800
mco,1995,2.0607
mco,1996,1.9593
mco,1997,1.8618
mco,1998,1.7687
mco,1999,1.6865
mco,2000,1.6107
mco,2001,1.5362
mco,2002,1.4734
mco,2003,1.4115
mco,2004,1.3614
mco,2005,1.3150
mco,2006,1.2779
mco,2007,1.2331
mco,2008,1.1951
mco,2009,1.1655
mco,2010,1.1259
mco,2011,1.0878
mco,2012,1.0511
mco,2013,1.0091
mco,2014,0.96795
mco,2015,0.92815
mco,2016,0.88341
mco,2017,0.83376
mco,2018,0.79100
mco,2019,0.74916
mco,2020,0.71086
mco,2021,0.67244
mco,2022,0.63559
mco,2023,0.59962
mco,2024,0.56338
mda,1983,20.104
mda,1984,18.944
mda,1985,17.771
mda,1986,16.544
mda,1987,15.450
mda,1988,14.518
mda,1989,13.784
mda,1990,13.162
mda,1991,12.760
mda,1992,12.641
mda,1993,12.787
mda,1994,13.151
mda,1995,13.512
mda,1996,13.624
mda,1997,13.178
mda,1998,12.259
mda,1999,11.065
mda,2000,9.9615
mda,2001,8.8624
mda,2002,7.7908
mda,2003,6.9006
mda,2004,6.1274
mda,2005,5.4935
mda,2006,5.0021
mda,2007,4.5817
mda,2008,4.2541
mda,2009,3.9897
mda,2010,3.7896
mda,2011,3.5837
mda,2012,3.3737
mda,2013,3.1871
mda,2014,3.0436
mda,2015,2.9254
mda,2016,2.8185
mda,2017,2.7375
mda,2018,2.6601
mda,2019,2.5985
mda,2020,2.5536
mda,2021,2.4803
mda,2022,2.4373
mda,2023,2.3820
mda,2024,2.3147
mdg,1973,108.16
mdg,1974,110.90
mdg,1975,113.68
mdg,1976,116.31
mdg,1977,118.60
mdg,1978,120.56
mdg,1979,122.44
mdg,1980,124.34
mdg,1981,126.59
mdg,1982,128.84
mdg,1983,130.75
mdg,1984,131.98
mdg,1985,132.26
mdg,1986,131.54
mdg,1987,129.44
mdg,1988,126.24
mdg,1989,122.15
mdg,1990,117.68
mdg,1991,112.71
mdg,1992,107.97
mdg,1993,103.67
mdg,1994,99.589
mdg,1995,95.625
mdg,1996,91.752
mdg,1997,87.620
mdg,1998,83.219
mdg,1999,78.875
mdg,2000,74.473
mdg,2001,70.424
mdg,2002,66.662
mdg,2003,63.102
mdg,2004,59.833
mdg,2005,56.653
mdg,2006,53.687
mdg,2007,50.883
mdg,2008,48.275
mdg,2009,45.959
mdg,2010,43.906
mdg,2011,42.171
mdg,2012,40.785
mdg,2013,39.724
mdg,2014,38.976
mdg,2015,38.455
mdg,2016,38.175
mdg,2017,37.958
mdg,2018,37.772
mdg,2019,37.570
mdg,2020,37.145
mdg,2021,36.604
mdg,2022,35.679
mdg,2023,34.466
mdg,2024,32.872
mdv,1987,50.341
mdv,1988,46.983
mdv,1989,43.800
mdv,1990,41.007
mdv,1991,38.265
mdv,1992,35.815
mdv,1993,33.220
mdv,1994,30.654
mdv,1995,27.993
mdv,1996,25.618
mdv,1997,23.448
mdv,1998,21.175
mdv,1999,18.859
mdv,2000,16.593
mdv,2001,14.384
mdv,2002,12.623
mdv,2003,11.272
mdv,2004,9.9444
mdv,2005,11.485
mdv,2006,7.7559
mdv,2007,7.0157
mdv,2008,6.4313
mdv,2009,6.0232
mdv,2010,5.7130
mdv,2011,5.4523
mdv,2012,5.2010
mdv,2013,4.8747
mdv,2014,4.4899
mdv,2015,4.0225
mdv,2016,3.4801
mdv,2017,2.9093
mdv,2018,2.3941
mdv,2019,2.0765
mdv,2020,1.8867
mdv,2021,1.7306
mdv,2022,1.5802
mdv,2023,1.4299
mdv,2024,1.2768
mex,1954,137.32
mex,1955,130.58
mex,1956,123.29
mex,1957,116.55
mex,1958,110.68
mex,1959,105.01
mex,1960,100.09
mex,1961,95.558
mex,1962,91.520
mex,1963,87.639
mex,1964,83.562
mex,1965,79.358
mex,1966,75.002
mex,1967,70.963
mex,1968,67.405
mex,1969,64.232
mex,1970,61.375
mex,1971,58.975
mex,1972,56.706
mex,1973,54.821
mex,1974,52.839
mex,1975,50.937
mex,1976,49.057
mex,1977,47.152
mex,1978,45.243
mex,1979,43.281
mex,1980,41.101
mex,1981,38.838
mex,1982,36.599
mex,1983,34.535
mex,1984,32.451
mex,1985,30.544
mex,1986,28.693
mex,1987,26.917
mex,1988,25.297
mex,1989,23.692
mex,1990,22.229
mex,1991,20.791
mex,1992,19.413
mex,1993,18.135
mex,1994,16.889
mex,1995,15.833
mex,1996,15.049
mex,1997,14.347
mex,1998,13.718
mex,1999,13.143
mex,2000,12.732
mex,2001,12.437
mex,2002,12.291
mex,2003,12.310
mex,2004,12.327
mex,2005,12.258
mex,2006,12.086
mex,2007,11.722
mex,2008,11.181
mex,2009,10.568
mex,2010,10.014
mex,2011,9.5350
mex,2012,9.1195
mex,2013,8.7527
mex,2014,8.3792
mex,2015,7.9535
mex,2016,7.4356
mex,2017,6.8075
mex,2018,6.1065
mex,2019,5.4547
mex,2020,4.9106
mex,2021,4.4568
mex,2022,4.0637
mex,2023,3.7540
mex,2024,3.4555
mhl,1990,25.157
mhl,1991,24.193
mhl,1992,23.272
mhl,1993,22.368
mhl,1994,21.542
mhl,1995,20.965
mhl,1996,20.389
mhl,1997,20.023
mhl,1998,19.736
mhl,1999,19.526
mhl,2000,19.524
mhl,2001,19.437
mhl,2002,19.422
mhl,2003,19.379
mhl,2004,19.251
mhl,2005,19.055
mhl,2006,18.688
mhl,2007,18.172
mhl,2008,17.652
mhl,2009,17.119
mhl,2010,16.681
mhl,2011,16.109
mhl,2012,15.478
mhl,2013,14.842
mhl,2014,13.987
mhl,2015,13.201
mhl,2016,12.474
mhl,2017,11.781
mhl,2018,11.131
mhl,2019,10.392
mhl,2020,9.7627
mhl,2021,9.1754
mhl,2022,8.5903
mhl,2023,8.0388
mhl,2024,7.5632
mkd,1983,33.381
mkd,1984,31.827
mkd,1985,30.044
mkd,1986,29.051
mkd,1987,28.066
mkd,1988,26.612
mkd,1989,24.234
mkd,1990,21.339
mkd,1991,18.701
mkd,1992,17.249
mkd,1993,16.874
mkd,1994,16.107
mkd,1995,14.182
mkd,1996,11.395
mkd,1997,9.0407
mkd,1998,7.8811
mkd,1999,7.2930
mkd,2000,6.8790
mkd,2001,6.4187
mkd,2002,5.9768
mkd,2003,5.7789
mkd,2004,5.5592
mkd,2005,5.1195
mkd,2006,4.4675
mkd,2007,3.8886
mkd,2008,3.6142
mkd,2009,3.4615
mkd,2010,3.3646
mkd,2011,3.2400
mkd,2012,3.0994
mkd,2013,3.0433
mkd,2014,2.9826
mkd,2015,2.8779
mkd,2016,2.7278
mkd,2017,2.5753
mkd,2018,2.4850
mkd,2019,2.3482
mkd,2020,2.2699
mkd,2021,2.2347
mkd,2022,2.1252
mkd,2023,1.8754
mkd,2024,1.4748
mli,1967,296.98
mli,1968,293.51
mli,1969,289.49
mli,1970,285.68
mli,1971,281.38
mli,1972,276.61
mli,1973,271.59
mli,1974,265.97
mli,1975,259.48
mli,1976,252.66
mli,1977,245.58
mli,1978,238.51
mli,1979,231.50
mli,1980,225.14
mli,1981,219.58
mli,1982,213.90
mli,1983,208.30
mli,1984,202.33
mli,1985,196.08
mli,1986,189.59
mli,1987,183.30
mli,1988,177.31
mli,1989,171.89
mli,1990,167.55
mli,1991,163.76
mli,1992,160.70
mli,1993,158.14
mli,1994,155.50
mli,1995,153.14
mli,1996,151.02
mli,1997,148.58
mli,1998,145.63
mli,1999,142.07
mli,2000,138.21
mli,2001,133.84
mli,2002,129.13
mli,2003,124.40
mli,2004,119.57
mli,2005,114.81
mli,2006,110.18
mli,2007,105.45
mli,2008,101.21
mli,2009,96.874
mli,2010,92.956
mli,2011,89.287
mli,2012,85.803
mli,2013,82.264
mli,2014,78.790
mli,2015,75.312
mli,2016,71.887
mli,2017,68.491
mli,2018,65.042
mli,2019,61.664
mli,2020,58.340
mli,2021,54.706
mli,2022,51.113
mli,2023,47.651
mli,2024,44.322
mlt,1971,7.9128
mlt,1972,7.7258
mlt,1973,7.4950
mlt,1974,7.2003
mlt,1975,6.8703
mlt,1976,6.5157
mlt,1977,6.1658
mlt,1978,5.8313
mlt,1979,5.5205
mlt,1980,5.2217
mlt,1981,4.9338
mlt,1982,4.7126
mlt,1983,4.5373
mlt,1984,4.3852
mlt,1985,4.2592
mlt,1986,4.1248
mlt,1987,3.9891
mlt,1988,3.8383
mlt,1989,3.6859
mlt,1990,3.5402
mlt,1991,3.3931
mlt,1992,3.2552
mlt,1993,3.1111
mlt,1994,2.9713
mlt,1995,2.8510
mlt,1996,2.7316
mlt,1997,2.6289
mlt,1998,2.5297
mlt,1999,2.4317
mlt,2000,2.3332
mlt,2001,2.2466
mlt,2002,2.1789
mlt,2003,2.1254
mlt,2004,2.0869
mlt,2005,2.0634
mlt,2006,2.0446
mlt,2007,2.0369
mlt,2008,2.0260
mlt,2009,2.0172
mlt,2010,2.0039
mlt,2011,1.9895
mlt,2012,1.9746
mlt,2013,1.9581
mlt,2014,1.9480
mlt,2015,1.9313
mlt,2016,1.9084
mlt,2017,1.8780
mlt,2018,1.8352
mlt,2019,1.7875
mlt,2020,1.7308
mlt,2021,1.6557
mlt,2022,1.5762
mlt,2023,1.4906
mlt,2024,1.4080
mmr,1990,62.851
mmr,1991,61.698
mmr,1992,60.243
mmr,1993,58.838
mmr,1994,57.720
mmr,1995,56.563
mmr,1996,55.146
mmr,1997,53.786
mmr,1998,52.328
mmr,1999,51.022
mmr,2000,49.671
mmr,2001,48.339
mmr,2002,47.032
mmr,2003,45.617
mmr,2004,44.133
mmr,2005,42.542
mmr,2006,40.819
mmr,2007,38.837
mmr,2008,36.829
mmr,2009,64.079
mmr,2010,32.571
mmr,2011,30.319
mmr,2012,28.020
mmr,2013,25.722
mmr,2014,23.630
mmr,2015,21.705
mmr,2016,19.887
mmr,2017,18.323
mmr,2018,16.902
mmr,2019,15.611
mmr,2020,14.468
mmr,2021,13.311
mmr,2022,12.307
mmr,2023,11.298
mmr,2024,10.431
mne,1990,4.7961
mne,1991,4.7654
mne,1992,4.5789
mne,1993,4.4488
mne,1994,4.3645
mne,1995,4.4327
mne,1996,4.5740
mne,1997,4.7685
mne,1998,4.9847
mne,1999,5.1154
mne,2000,5.1448
mne,2001,4.9949
mne,2002,4.6010
mne,2003,4.1185
mne,2004,3.6522
mne,2005,3.3221
mne,2006,3.0534
mne,2007,2.7656
mne,2008,2.4768
mne,2009,2.1883
mne,2010,1.9567
mne,2011,1.7855
mne,2012,1.6617
mne,2013,1.5988
mne,2014,1.5555
mne,2015,1.5306
mne,2016,1.5105
mne,2017,1.5103
mne,2018,1.5310
mne,2019,1.5512
mne,2020,1.5535
mne,2021,1.5031
mne,2022,1.4019
mne,2023,1.2797
mne,2024,1.1503
mng,1987,90.164
mng,1988,85.656
mng,1989,81.152
mng,1990,76.474
mng,1991,72.296
mng,1992,68.158
mng,1993,64.256
mng,1994,60.517
mng,1995,56.784
mng,1996,53.349
mng,1997,49.936
mng,1998,46.450
mng,1999,43.066
mng,2000,39.560
mng,2001,36.144
mng,2002,32.642
mng,2003,29.282
mng,2004,26.273
mng,2005,23.469
mng,2006,21.089
mng,2007,19.014
mng,2008,17.604
mng,2009,16.449
mng,2010,15.333
mng,2011,14.182
mng,2012,13.036
mng,2013,11.935
mng,2014,10.984
mng,2015,10.114
mng,2016,9.3797
mng,2017,8.7042
mng,2018,8.0348
mng,2019,7.3913
mng,2020,6.7801
mng,2021,6.2991
mng,2022,5.9727
mng,2023,5.8070
mng,2024,5.7619
moz,1981,182.29
moz,1982,182.76
moz,1983,182.41
moz,1984,181.68
moz,1985,180.02
moz,1986,178.12
moz,1987,175.78
moz,1988,173.22
moz,1989,171.37
moz,1990,169.63
moz,1991,167.64
moz,1992,165.32
moz,1993,162.73
moz,1994,159.29
moz,1995,154.92
moz,1996,149.51
moz,1997,143.11
moz,1998,135.88
moz,1999,128.40
moz,2000,121.30
moz,2001,114.41
moz,2002,108.10
moz,2003,102.14
moz,2004,96.809
moz,2005,91.705
moz,2006,86.789
moz,2007,81.427
moz,2008,74.597
moz,2009,69.304
moz,2010,64.216
moz,2011,62.423
moz,2012,58.662
moz,2013,54.997
moz,2014,51.582
moz,2015,48.496
moz,2016,44.569
moz,2017,41.735
moz,2018,40.217
moz,2019,38.587
moz,2020,37.093
moz,2021,35.689
moz,2022,33.749
moz,2023,31.939
moz,2024,29.074
mrt,1959,188.51
mrt,1960,183.82
mrt,1961,179.10
mrt,1962,173.38
mrt,1963,168.03
mrt,1964,162.92
mrt,1965,157.60
mrt,1966,152.06
mrt,1967,146.27
mrt,1968,140.57
mrt,1969,134.75
mrt,1970,130.23
mrt,1971,127.41
mrt,1972,126.10
mrt,1973,126.37
mrt,1974,127.01
mrt,1975,127.13
mrt,1976,125.96
mrt,1977,123.59
mrt,1978,120.24
mrt,1979,115.90
mrt,1980,111.09
mrt,1981,106.32
mrt,1982,101.58
mrt,1983,96.991
mrt,1984,92.193
mrt,1985,87.284
mrt,1986,82.228
mrt,1987,77.243
mrt,1988,73.075
mrt,1989,69.783
mrt,1990,67.655
mrt,1991,66.471
mrt,1992,65.774
mrt,1993,65.430
mrt,1994,65.017
mrt,1995,64.621
mrt,1996,64.169
mrt,1997,63.362
mrt,1998,62.201
mrt,1999,60.556
mrt,2000,58.398
mrt,2001,55.608
mrt,2002,52.240
mrt,2003,48.342
mrt,2004,44.308
mrt,2005,40.180
mrt,2006,36.365
mrt,2007,33.056
mrt,2008,30.347
mrt,2009,28.183
mrt,2010,26.552
mrt,2011,25.351
mrt,2012,24.349
mrt,2013,23.432
mrt,2014,22.533
mrt,2015,21.584
mrt,2016,20.618
mrt,2017,19.519
mrt,2018,18.310
mrt,2019,17.040
mrt,2020,15.785
mrt,2021,14.567
mrt,2022,13.390
mrt,2023,12.382
mrt,2024,11.413
msr,1990,6.3488
msr,1991,6.0036
msr,1992,5.6698
msr,1993,5.3831
msr,1994,5.1202
msr,1995,4.8698
msr,1996,4.5996
msr,1997,4.3567
msr,1998,4.1186
msr,1999,3.8806
msr,2000,3.6620
msr,2001,3.4388
msr,2002,3.2302
msr,2003,3.0489
msr,2004,2.8710
msr,2005,2.7191
msr,2006,2.5574
msr,2007,2.4045
msr,2008,2.2767
msr,2009,2.1635
msr,2010,2.0419
msr,2011,1.9385
msr,2012,1.8351
msr,2013,1.7407
msr,2014,1.6475
msr,2015,1.5472
msr,2016,1.4564
msr,2017,1.3724
msr,2018,1.2915
msr,2019,1.2277
msr,2020,1.1701
msr,2021,1.1002
msr,2022,1.0446
msr,2023,0.99066
msr,2024,0.93728
mus,1970,56.809
mus,1971,52.655
mus,1972,50.815
mus,1973,49.873
mus,1974,48.688
mus,1975,45.283
mus,1976,39.509
mus,1977,32.839
mus,1978,27.558
mus,1979,24.370
mus,1980,22.018
mus,1981,20.033
mus,1982,17.815
mus,1983,15.576
mus,1984,13.480
mus,1985,11.820
mus,1986,11.173
mus,1987,10.987
mus,1988,10.589
mus,1989,9.8676
mus,1990,8.8763
mus,1991,7.9998
mus,1992,7.2788
mus,1993,6.8306
mus,1994,6.7078
mus,1995,6.6689
mus,1996,6.6981
mus,1997,6.6552
mus,1998,6.5073
mus,1999,6.3524
mus,2000,6.1526
mus,2001,6.0200
mus,2002,5.8550
mus,2003,5.6605
mus,2004,5.4625
mus,2005,5.2147
mus,2006,5.0132
mus,2007,4.8580
mus,2008,4.7946
mus,2009,4.8612
mus,2010,4.9359
mus,2011,5.0264
mus,2012,5.0964
mus,2013,5.1122
mus,2014,5.1137
mus,2015,5.0599
mus,2016,5.0703
mus,2017,5.0967
mus,2018,5.1299
mus,2019,5.2337
mus,2020,5.3074
mus,2021,5.4490
mus,2022,5.5734
mus,2023,5.6194
mus,2024,5.4381
mwi,1970,267.88
mwi,1971,267.25
mwi,1972,264.35
mwi,1973,258.67
mwi,1974,252.58
mwi,1975,245.75
mwi,1976,238.11
mwi,1977,230.42
mwi,1978,222.17
mwi,1979,213.26
mwi,1980,203.97
mwi,1981,195.87
mwi,1982,189.70
mwi,1983,186.42
mwi,1984,187.33
mwi,1985,190.78
mwi,1986,194.65
mwi,1987,198.08
mwi,1988,199.46
mwi,1989,198.74
mwi,1990,195.45
mwi,1991,190.50
mwi,1992,184.49
mwi,1993,177.37
mwi,1994,170.91
mwi,1995,165.02
mwi,1996,159.03
mwi,1997,155.29
mwi,1998,151.56
mwi,1999,147.07
mwi,2000,140.48
mwi,2001,131.25
mwi,2002,119.88
mwi,2003,107.61
mwi,2004,95.538
mwi,2005,84.813
mwi,2006,76.861
mwi,2007,71.356
mwi,2008,66.516
mwi,2009,61.490
mwi,2010,56.718
mwi,2011,52.266
mwi,2012,47.000
mwi,2013,41.134
mwi,2014,36.043
mwi,2015,32.465
mwi,2016,28.851
mwi,2017,25.191
mwi,2018,21.828
mwi,2019,18.723
mwi,2020,16.749
mwi,2021,14.817
mwi,2022,13.485
mwi,2023,12.195
mwi,2024,11.126
mys,1952,113.11
mys,1953,107.79
mys,1954,102.43
mys,1955,97.237
mys,1956,92.206
mys,1957,87.341
mys,1958,82.393
mys,1959,77.440
mys,1960,72.433
mys,1961,67.462
mys,1962,62.634
mys,1963,58.085
mys,1964,54.011
mys,1965,50.322
mys,1966,47.266
mys,1967,44.705
mys,1968,42.377
mys,1969,40.409
mys,1970,38.548
mys,1971,36.755
mys,1972,34.733
mys,1973,32.506
mys,1974,30.080
mys,1975,27.514
mys,1976,25.074
mys,1977,22.759
mys,1978,20.609
mys,1979,18.908
mys,1980,17.369
mys,1981,15.942
mys,1982,14.643
mys,1983,13.469
mys,1984,12.440
mys,1985,11.466
mys,1986,10.681
mys,1987,9.9423
mys,1988,9.2716
mys,1989,8.7130
mys,1990,8.1693
mys,1991,7.7205
mys,1992,7.2632
mys,1993,6.8813
mys,1994,6.5131
mys,1995,6.1902
mys,1996,5.9173
mys,1997,5.6635
mys,1998,5.3575
mys,1999,5.0185
mys,2000,4.6233
mys,2001,4.2764
mys,2002,3.9712
mys,2003,3.7472
mys,2004,3.6333
mys,2005,3.5792
mys,2006,3.5627
mys,2007,3.5409
mys,2008,3.5318
mys,2009,3.5422
mys,2010,3.5425
mys,2011,3.5399
mys,2012,3.5402
mys,2013,3.5575
mys,2014,3.6127
mys,2015,3.6544
mys,2016,3.6708
mys,2017,3.6456
mys,2018,3.6025
mys,2019,3.5658
mys,2020,3.5334
mys,2021,3.5138
mys,2022,3.5070
mys,2023,3.5138
mys,2024,3.5188
nam,1970,54.024
nam,1971,54.909
nam,1972,55.296
nam,1973,55.560
nam,1974,56.045
nam,1975,56.449
nam,1976,57.388
nam,1977,58.628
nam,1978,60.370
nam,1979,62.271
nam,1980,63.325
nam,1981,63.340
nam,1982,62.226
nam,1983,60.148
nam,1984,57.509
nam,1985,54.560
nam,1986,51.630
nam,1987,48.786
nam,1988,46.303
nam,1989,44.179
nam,1990,42.195
nam,1991,40.595
nam,1992,39.226
nam,1993,38.239
nam,1994,37.711
nam,1995,38.012
nam,1996,39.239
nam,1997,41.338
nam,1998,43.973
nam,1999,46.731
nam,2000,49.297
nam,2001,51.090
nam,2002,51.925
nam,2003,51.951
nam,2004,51.835
nam,2005,51.221
nam,2006,48.071
nam,2007,42.463
nam,2008,37.610
nam,2009,32.585
nam,2010,27.935
nam,2011,24.598
nam,2012,23.711
nam,2013,25.145
nam,2014,22.799
nam,2015,20.895
nam,2016,21.679
nam,2017,20.464
nam,2018,18.210
nam,2019,16.717
nam,2020,15.161
nam,2021,14.048
nam,2022,13.156
nam,2023,12.299
nam,2024,11.891
ner,1970,248.21
ner,1971,255.46
ner,1972,260.70
ner,1973,265.78
ner,1974,269.24
ner,1975,270.93
ner,1976,271.48
ner,1977,270.35
ner,1978,267.63
ner,1979,264.13
ner,1980,260.96
ner,1981,259.33
ner,1982,259.68
ner,1983,262.30
ner,1984,266.34
ner,1985,270.90
ner,1986,275.18
ner,1987,278.36
ner,1988,279.54
ner,1989,278.93
ner,1990,276.51
ner,1991,272.31
ner,1992,266.37
ner,1993,258.86
ner,1994,249.37
ner,1995,238.25
ner,1996,226.33
ner,1997,214.57
ner,1998,204.08
ner,1999,194.54
ner,2000,185.96
ner,2001,177.41
ner,2002,168.33
ner,2003,158.46
ner,2004,148.25
ner,2005,137.87
ner,2006,128.18
ner,2007,119.35
ner,2008,111.40
ner,2009,104.65
ner,2010,99.317
ner,2011,95.146
ner,2012,91.806
ner,2013,89.055
ner,2014,86.813
ner,2015,85.026
ner,2016,83.267
ner,2017,81.417
ner,2018,79.635
ner,2019,77.816
ner,2020,75.632
ner,2021,73.119
ner,2022,70.025
ner,2023,66.490
ner,2024,62.795
nga,1968,224.81
nga,1969,219.53
nga,1970,213.87
nga,1971,207.73
nga,1972,201.35
nga,1973,194.76
nga,1974,188.16
nga,1975,181.78
nga,1976,175.40
nga,1977,169.46
nga,1978,164.30
nga,1979,159.78
nga,1980,156.02
nga,1981,153.07
nga,1982,151.26
nga,1983,150.50
nga,1984,150.61
nga,1985,151.42
nga,1986,152.74
nga,1987,154.06
nga,1988,155.15
nga,1989,155.94
nga,1990,156.16
nga,1991,155.93
nga,1992,155.56
nga,1993,154.99
nga,1994,153.89
nga,1995,152.58
nga,1996,151.07
nga,1997,148.72
nga,1998,145.56
nga,1999,141.71
nga,2000,137.45
nga,2001,132.89
nga,2002,128.34
nga,2003,123.73
nga,2004,119.04
nga,2005,114.47
nga,2006,109.89
nga,2007,105.55
nga,2008,101.57
nga,2009,97.943
nga,2010,94.587
nga,2011,91.759
nga,2012,89.137
nga,2013,86.839
nga,2014,84.548
nga,2015,82.104
nga,2016,79.503
nga,2017,76.594
nga,2018,73.131
nga,2019,69.663
nga,2020,65.900
nga,2021,61.822
nga,2022,57.488
nga,2023,53.762
nga,2024,50.025
nic,1975,103.05
nic,1976,98.290
nic,1977,93.185
nic,1978,87.986
nic,1979,82.654
nic,1980,77.424
nic,1981,72.256
nic,1982,67.247
nic,1983,62.618
nic,1984,58.352
nic,1985,54.884
nic,1986,51.891
nic,1987,49.318
nic,1988,47.120
nic,1989,44.991
nic,1990,42.852
nic,1991,40.678
nic,1992,38.412
nic,1993,36.066
nic,1994,33.651
nic,1995,31.265
nic,1996,29.001
nic,1997,26.849
nic,1998,24.847
nic,1999,29.629
nic,2000,21.160
nic,2001,19.437
nic,2002,18.013
nic,2003,16.931
nic,2004,15.844
nic,2005,14.759
nic,2006,13.705
nic,2007,12.656
nic,2008,11.702
nic,2009,10.828
nic,2010,10.047
nic,2011,9.3623
nic,2012,8.7703
nic,2013,8.2966
nic,2014,7.8536
nic,2015,7.5113
nic,2016,7.2011
nic,2017,6.8932
nic,2018,6.5761
nic,2019,6.1755
nic,2020,5.6722
nic,2021,5.1658
nic,2022,4.8239
nic,2023,4.6712
nic,2024,4.5340
niu,1990,8.2960
niu,1991,8.3024
niu,1992,8.3038
niu,1993,8.3338
niu,1994,8.3826
niu,1995,8.4810
niu,1996,8.6098
niu,1997,8.7796
niu,1998,8.9168
niu,1999,9.0505
niu,2000,9.1674
niu,2001,9.2754
niu,2002,9.3792
niu,2003,9.4139
niu,2004,9.3406
niu,2005,9.3376
niu,2006,9.2824
niu,2007,9.1320
niu,2008,8.9150
niu,2009,8.5781
niu,2010,8.1646
niu,2011,7.8392
niu,2012,7.4928
niu,2013,7.1337
niu,2014,6.8049
niu,2015,6.4661
niu,2016,6.1466
niu,2017,5.8587
niu,2018,5.5112
niu,2019,5.1902
niu,2020,4.8958
niu,2021,4.5998
niu,2022,4.3284
niu,2023,4.1349
niu,2024,3.8884
nld,1961,7.1774
nld,1962,7.0518
nld,1963,6.9696
nld,1964,6.9685
nld,1965,6.9356
nld,1966,6.8271
nld,1967,6.6631
nld,1968,6.5421
nld,1969,6.5012
nld,1970,6.4133
nld,1971,6.2161
nld,1972,5.9334
nld,1973,5.6778
nld,1974,5.5189
nld,1975,5.3867
nld,1976,5.2764
nld,1977,5.1677
nld,1978,5.0829
nld,1979,5.0520
nld,1980,5.0225
nld,1981,4.9944
nld,1982,4.9488
nld,1983,4.8941
nld,1984,4.8444
nld,1985,4.7585
nld,1986,4.6376
nld,1987,4.4702
nld,1988,4.2676
nld,1989,4.0516
nld,1990,3.8127
nld,1991,3.5774
nld,1992,3.3649
nld,1993,3.1945
nld,1994,3.0909
nld,1995,3.0236
nld,1996,2.9818
nld,1997,2.9173
nld,1998,2.7887
nld,1999,2.5962
nld,2000,2.3855
nld,2001,2.2533
nld,2002,2.1732
nld,2003,2.0919
nld,2004,1.9936
nld,2005,1.8877
nld,2006,1.8004
nld,2007,1.7292
nld,2008,1.6790
nld,2009,1.6525
nld,2010,1.6190
nld,2011,1.5763
nld,2012,1.5228
nld,2013,1.4679
nld,2014,1.4247
nld,2015,1.3859
nld,2016,1.3670
nld,2017,1.3553
nld,2018,1.3451
nld,2019,1.3363
nld,2020,1.3218
nld,2021,1.3106
nld,2022,1.2962
nld,2023,1.2821
nld,2024,1.2587
nor,1961,10.226
nor,1962,9.7112
nor,1963,9.1714
nor,1964,8.7929
nor,1965,8.4176
nor,1966,8.0316
nor,1967,7.6235
nor,1968,7.2167
nor,1969,6.8722
nor,1970,6.5373
nor,1971,6.2495
nor,1972,6.0037
nor,1973,5.8345
nor,1974,5.7443
nor,1975,5.6257
nor,1976,5.4721
nor,1977,5.2585
nor,1978,5.0544
nor,1979,4.9039
nor,1980,4.7968
nor,1981,4.7801
nor,1982,4.8378
nor,1983,4.9543
nor,1984,5.1241
nor,1985,5.2858
nor,1986,5.4234
nor,1987,5.4749
nor,1988,5.4312
nor,1989,5.2698
nor,1990,4.9447
nor,1991,4.4797
nor,1992,3.9302
nor,1993,3.4125
nor,1994,2.9962
nor,1995,2.6847
nor,1996,2.4889
nor,1997,2.3651
nor,1998,2.2734
nor,1999,2.1933
nor,2000,2.1142
nor,2001,2.0407
nor,2002,1.9680
nor,2003,1.8933
nor,2004,1.8243
nor,2005,1.7435
nor,2006,1.6637
nor,2007,1.5812
nor,2008,1.5024
nor,2009,1.4347
nor,2010,1.3650
nor,2011,1.2962
nor,2012,1.2262
nor,2013,1.1602
nor,2014,1.1083
nor,2015,1.0614
nor,2016,1.0249
nor,2017,0.99447
nor,2018,0.96535
nor,2019,0.94213
nor,2020,0.92368
nor,2021,0.91651
nor,2022,0.91818
nor,2023,0.91909
nor,2024,0.91685
npl,1954,223.49
npl,1955,225.19
npl,1956,226.27
npl,1957,226.98
npl,1958,226.91
npl,1959,226.42
npl,1960,225.23
npl,1961,223.69
npl,1962,221.11
npl,1963,217.69
npl,1964,213.72
npl,1965,209.10
npl,1966,203.96
npl,1967,198.45
npl,1968,192.89
npl,1969,187.48
npl,1970,182.32
npl,1971,177.63
npl,1972,173.14
npl,1973,168.80
npl,1974,164.66
npl,1975,160.36
npl,1976,155.94
npl,1977,151.60
npl,1978,146.99
npl,1979,142.17
npl,1980,137.22
npl,1981,132.22
npl,1982,127.17
npl,1983,121.95
npl,1984,116.91
npl,1985,111.74
npl,1986,106.37
npl,1987,100.93
npl,1988,95.583
npl,1989,90.133
npl,1990,84.812
npl,1991,79.473
npl,1992,74.375
npl,1993,69.446
npl,1994,64.746
npl,1995,60.194
npl,1996,55.888
npl,1997,51.847
npl,1998,47.980
npl,1999,44.375
npl,2000,40.849
npl,2001,37.658
npl,2002,34.721
npl,2003,32.038
npl,2004,29.651
npl,2005,27.551
npl,2006,25.679
npl,2007,24.007
npl,2008,22.489
npl,2009,21.161
npl,2010,19.961
npl,2011,18.813
npl,2012,17.706
npl,2013,16.646
npl,2014,15.576
npl,2015,14.505
npl,2016,13.471
npl,2017,12.532
npl,2018,11.778
npl,2019,11.039
npl,2020,10.301
npl,2021,9.6178
npl,2022,9.0105
npl,2023,8.4406
npl,2024,7.8974
nru,1990,26.441
nru,1991,25.558
nru,1992,24.362
nru,1993,23.217
nru,1994,22.109
nru,1995,20.826
nru,1996,19.661
nru,1997,18.248
nru,1998,17.060
nru,1999,15.956
nru,2000,14.824
nru,2001,13.781
nru,2002,12.567
nru,2003,11.402
nru,2004,10.328
nru,2005,9.4819
nru,2006,8.9464
nru,2007,8.4482
nru,2008,8.0791
nru,2009,7.7859
nru,2010,7.5940
nru,2011,7.4882
nru,2012,7.3970
nru,2013,7.1893
nru,2014,6.8860
nru,2015,6.4182
nru,2016,5.8899
nru,2017,5.2840
nru,2018,4.6798
nru,2019,4.0838
nru,2020,3.5549
nru,2021,3.0960
nru,2022,2.6944
nru,2023,2.3720
nru,2024,2.1312
nzl,1969,10.121
nzl,1970,10.019
nzl,1971,9.8063
nzl,1972,9.5853
nzl,1973,9.3730
nzl,1974,9.2255
nzl,1975,9.0923
nzl,1976,9.0311
nzl,1977,8.9804
nzl,1978,8.9360
nzl,1979,8.9354
nzl,1980,8.9146
nzl,1981,8.9344
nzl,1982,8.9443
nzl,1983,8.9222
nzl,1984,8.8838
nzl,1985,8.7787
nzl,1986,8.6211
nzl,1987,8.3721
nzl,1988,8.0256
nzl,1989,7.5981
nzl,1990,7.0878
nzl,1991,6.5715
nzl,1992,6.0931
nzl,1993,5.7185
nzl,1994,5.4749
nzl,1995,5.2535
nzl,1996,4.9943
nzl,1997,4.6972
nzl,1998,4.3936
nzl,1999,4.1350
nzl,2000,3.8906
nzl,2001,3.6886
nzl,2002,3.5183
nzl,2003,3.3870
nzl,2004,3.3161
nzl,2005,3.2883
nzl,2006,3.3324
nzl,2007,3.3766
nzl,2008,3.3564
nzl,2009,3.2505
nzl,2010,3.0790
nzl,2011,2.8818
nzl,2012,2.6836
nzl,2013,2.5126
nzl,2014,2.3844
nzl,2015,2.2873
nzl,2016,2.2297
nzl,2017,2.1891
nzl,2018,2.1373
nzl,2019,2.0529
nzl,2020,1.9316
nzl,2021,1.8052
nzl,2022,1.6854
nzl,2023,1.5815
nzl,2024,1.4862
omn,1972,148.65
omn,1973,139.70
omn,1974,130.49
omn,1975,121.49
omn,1976,112.41
omn,1977,103.32
omn,1978,94.105
omn,1979,85.090
omn,1980,76.437
omn,1981,68.503
omn,1982,61.105
omn,1983,54.184
omn,1984,47.817
omn,1985,41.827
omn,1986,36.480
omn,1987,31.762
omn,1988,27.676
omn,1989,24.173
omn,1990,21.122
omn,1991,18.568
omn,1992,16.557
omn,1993,14.983
omn,1994,13.610
omn,1995,12.319
omn,1996,11.147
omn,1997,10.160
omn,1998,9.2968
omn,1999,8.5080
omn,2000,7.8427
omn,2001,7.2450
omn,2002,6.7606
omn,2003,6.3692
omn,2004,6.0372
omn,2005,5.7647
omn,2006,5.5612
omn,2007,5.3727
omn,2008,5.2436
omn,2009,5.1063
omn,2010,5.0168
omn,2011,4.9188
omn,2012,4.8083
omn,2013,4.6985
omn,2014,4.6049
omn,2015,4.5200
omn,2016,4.4527
omn,2017,4.4042
omn,2018,4.3300
omn,2019,4.2859
omn,2020,4.2156
omn,2021,4.1245
omn,2022,4.0211
omn,2023,3.9619
omn,2024,3.8612
pak,1953,229.40
pak,1954,219.46
pak,1955,209.93
pak,1956,200.31
pak,1957,191.38
pak,1958,182.60
pak,1959,174.52
pak,1960,166.84
pak,1961,159.80
pak,1962,152.96
pak,1963,146.64
pak,1964,140.67
pak,1965,135.24
pak,1966,130.19
pak,1967,125.90
pak,1968,122.32
pak,1969,119.07
pak,1970,116.29
pak,1971,113.68
pak,1972,111.37
pak,1973,108.95
pak,1974,106.66
pak,1975,104.45
pak,1976,102.44
pak,1977,100.60
pak,1978,98.870
pak,1979,97.287
pak,1980,95.745
pak,1981,94.365
pak,1982,93.051
pak,1983,91.790
pak,1984,90.408
pak,1985,88.913
pak,1986,87.249
pak,1987,85.356
pak,1988,83.322
pak,1989,81.035
pak,1990,78.668
pak,1991,76.108
pak,1992,73.595
pak,1993,70.948
pak,1994,68.344
pak,1995,65.732
pak,1996,63.041
pak,1997,60.369
pak,1998,57.709
pak,1999,55.196
pak,2000,52.924
pak,2001,50.791
pak,2002,48.903
pak,2003,47.230
pak,2004,45.720
pak,2005,44.466
pak,2006,43.131
pak,2007,41.798
pak,2008,40.449
pak,2009,38.982
pak,2010,37.516
pak,2011,35.968
pak,2012,34.476
pak,2013,32.986
pak,2014,31.472
pak,2015,29.986
pak,2016,28.466
pak,2017,26.897
pak,2018,25.347
pak,2019,23.835
pak,2020,22.432
pak,2021,20.997
pak,2022,19.607
pak,2023,18.254
pak,2024,16.981
pan,1955,54.407
pan,1956,53.135
pan,1957,51.777
pan,1958,50.457
pan,1959,49.002
pan,1960,47.515
pan,1961,45.798
pan,1962,44.003
pan,1963,42.294
pan,1964,40.540
pan,1965,39.044
pan,1966,37.677
pan,1967,36.520
pan,1968,35.588
pan,1969,34.477
pan,1970,33.072
pan,1971,31.306
pan,1972,29.237
pan,1973,27.196
pan,1974,25.121
pan,1975,23.310
pan,1976,21.772
pan,1977,20.541
pan,1978,19.626
pan,1979,18.774
pan,1980,18.071
pan,1981,17.313
pan,1982,16.510
pan,1983,15.696
pan,1984,14.880
pan,1985,14.122
pan,1986,13.577
pan,1987,13.170
pan,1988,12.776
pan,1989,12.384
pan,1990,12.050
pan,1991,11.788
pan,1992,11.585
pan,1993,11.444
pan,1994,11.307
pan,1995,11.260
pan,1996,11.207
pan,1997,11.159
pan,1998,11.169
pan,1999,11.066
pan,2000,10.995
pan,2001,10.812
pan,2002,10.570
pan,2003,10.314
pan,2004,10.024
pan,2005,9.7352
pan,2006,9.5249
pan,2007,9.3164
pan,2008,9.1409
pan,2009,9.0001
pan,2010,8.8944
pan,2011,8.8214
pan,2012,8.8123
pan,2013,8.8635
pan,2014,8.8878
pan,2015,8.9129
pan,2016,8.8691
pan,2017,8.6933
pan,2018,8.4133
pan,2019,8.0093
pan,2020,7.5448
pan,2021,7.0422
pan,2022,6.5922
pan,2023,6.2124
pan,2024,5.8093
per,1955,204.39
per,1956,195.30
per,1957,187.10
per,1958,180.44
per,1959,175.16
per,1960,170.55
per,1961,166.16
per,1962,161.77
per,1963,156.90
per,1964,151.77
per,1965,145.92
per,1966,140.12
per,1967,134.23
per,1968,129.02
per,1969,124.38
per,1970,120.37
per,1971,147.63
per,1972,113.81
per,1973,110.60
per,1974,107.16
per,1975,103.62
per,1976,100.20
per,1977,97.133
per,1978,94.475
per,1979,92.096
per,1980,89.782
per,1981,87.435
per,1982,84.718
per,1983,81.731
per,1984,78.398
per,1985,74.488
per,1986,70.146
per,1987,65.693
per,1988,61.470
per,1989,57.612
per,1990,54.110
per,1991,50.991
per,1992,47.811
per,1993,44.628
per,1994,41.358
per,1995,38.042
per,1996,34.768
per,1997,31.600
per,1998,28.643
per,1999,25.833
per,2000,23.235
per,2001,20.871
per,2002,18.969
per,2003,17.347
per,2004,15.857
per,2005,14.549
per,2006,13.479
per,2007,12.570
per,2008,11.802
per,2009,11.167
per,2010,10.601
per,2011,10.088
per,2012,9.6376
per,2013,9.2713
per,2014,8.9869
per,2015,8.7343
per,2016,8.4973
per,2017,8.2391
per,2018,7.9812
per,2019,7.6717
per,2020,7.3530
per,2021,7.0621
per,2022,6.7496
per,2023,6.4292
per,2024,6.1047
phl,1956,83.507
phl,1957,80.374
phl,1958,77.213
phl,1959,73.944
phl,1960,70.703
phl,1961,67.945
phl,1962,65.537
phl,1963,63.472
phl,1964,61.674
phl,1965,60.097
phl,1966,58.678
phl,1967,57.284
phl,1968,56.010
phl,1969,54.924
phl,1970,54.059
phl,1971,53.451
phl,1972,53.088
phl,1973,53.099
phl,1974,53.146
phl,1975,53.305
phl,1976,53.368
phl,1977,53.361
phl,1978,52.990
phl,1979,52.519
phl,1980,51.903
phl,1981,51.309
phl,1982,50.553
phl,1983,49.892
phl,1984,49.147
phl,1985,48.197
phl,1986,46.805
phl,1987,44.966
phl,1988,42.780
phl,1989,40.268
phl,1990,37.588
phl,1991,34.887
phl,1992,32.337
phl,1993,30.010
phl,1994,27.826
phl,1995,25.962
phl,1996,24.328
phl,1997,22.892
phl,1998,21.639
phl,1999,20.503
phl,2000,19.554
phl,2001,18.755
phl,2002,18.112
phl,2003,17.593
phl,2004,17.083
phl,2005,16.587
phl,2006,16.130
phl,2007,15.683
phl,2008,15.309
phl,2009,14.976
phl,2010,14.693
phl,2011,14.388
phl,2012,14.027
phl,2013,13.728
phl,2014,13.400
phl,2015,13.114
phl,2016,12.805
phl,2017,12.485
phl,2018,12.106
phl,2019,11.700
phl,2020,11.306
phl,2021,10.905
phl,2022,10.481
phl,2023,10.041
phl,2024,9.5528
plw,1990,11.878
plw,1991,11.549
plw,1992,11.219
plw,1993,10.947
plw,1994,10.552
plw,1995,10.141
plw,1996,9.7302
plw,1997,9.2863
plw,1998,8.9087
plw,1999,8.4923
plw,2000,8.1494
plw,2001,7.7619
plw,2002,7.4322
plw,2003,7.0685
plw,2004,6.7619
plw,2005,6.4601
plw,2006,6.1742
plw,2007,5.8893
plw,2008,5.6403
plw,2009,5.4484
plw,2010,5.2597
plw,2011,5.1414
plw,2012,5.0568
plw,2013,4.9830
plw,2014,4.9890
plw,2015,5.0009
plw,2016,5.0439
plw,2017,5.0295
plw,2018,5.0249
plw,2019,5.0405
plw,2020,4.9360
plw,2021,4.7779
plw,2022,4.6486
plw,2023,4.4553
plw,2024,4.2728
png,1975,73.179
png,1976,70.986
png,1977,68.891
png,1978,67.097
png,1979,65.313
png,1980,63.575
png,1981,61.902
png,1982,60.224
png,1983,58.648
png,1984,57.212
png,1985,55.845
png,1986,54.636
png,1987,53.507
png,1988,52.386
png,1989,51.340
png,1990,49.938
png,1991,48.487
png,1992,46.854
png,1993,45.371
png,1994,44.066
png,1995,42.831
png,1996,41.691
png,1997,40.585
png,1998,39.664
png,1999,38.982
png,2000,38.252
png,2001,37.579
png,2002,36.855
png,2003,36.110
png,2004,35.369
png,2005,34.495
png,2006,33.441
png,2007,32.280
png,2008,31.122
png,2009,29.903
png,2010,28.734
png,2011,27.612
png,2012,26.536
png,2013,25.418
png,2014,24.111
png,2015,22.741
png,2016,21.435
png,2017,20.148
png,2018,18.999
png,2019,17.758
png,2020,16.554
png,2021,15.429
png,2022,14.263
png,2023,13.160
png,2024,12.241
pol,1970,18.519
pol,1971,17.342
pol,1972,16.211
pol,1973,14.949
pol,1974,13.651
pol,1975,12.524
pol,1976,11.838
pol,1977,11.444
pol,1978,11.144
pol,1979,10.822
pol,1980,10.392
pol,1981,9.8775
pol,1982,9.3088
pol,1983,8.7410
pol,1984,8.2408
pol,1985,7.7434
pol,1986,7.2594
pol,1987,6.8134
pol,1988,6.4593
pol,1989,6.2393
pol,1990,6.1083
pol,1991,6.0721
pol,1992,6.0072
pol,1993,5.7808
pol,1994,5.3736
pol,1995,4.9100
pol,1996,4.5588
pol,1997,4.2923
pol,1998,4.0558
pol,1999,3.8299
pol,2000,3.6091
pol,2001,3.4272
pol,2002,3.2597
pol,2003,3.1078
pol,2004,2.9819
pol,2005,2.8843
pol,2006,2.8469
pol,2007,2.8156
pol,2008,2.7236
pol,2009,2.5701
pol,2010,2.3987
pol,2011,2.2769
pol,2012,2.1890
pol,2013,2.1123
pol,2014,2.0444
pol,2015,1.9729
pol,2016,1.9182
pol,2017,1.8635
pol,2018,1.7854
pol,2019,1.6978
pol,2020,1.6164
pol,2021,1.5883
pol,2022,1.6244
pol,2023,1.7396
pol,2024,1.8824
prk,1990,12.850
prk,1991,13.318
prk,1992,13.678
prk,1993,13.877
prk,1994,13.826
prk,1995,13.614
prk,1996,49.664
prk,1997,48.615
prk,1998,47.474
prk,1999,46.190
prk,2000,45.122
prk,2001,44.183
prk,2002,43.049
prk,2003,42.102
prk,2004,9.7040
prk,2005,9.4487
prk,2006,9.1996
prk,2007,9.0046
prk,2008,8.8280
prk,2009,8.3883
prk,2010,8.0446
prk,2011,7.6360
prk,2012,7.2231
prk,2013,6.7467
prk,2014,6.2563
prk,2015,5.8170
prk,2016,5.4221
prk,2017,5.2183
prk,2018,4.7775
prk,2019,4.5685
prk,2020,4.3438
prk,2021,4.2457
prk,2022,4.2054
prk,2023,4.2349
prk,2024,4.2713
prt,1961,85.744
prt,1962,82.682
prt,1963,77.818
prt,1964,71.483
prt,1965,64.834
prt,1966,59.297
prt,1967,55.014
prt,1968,51.855
prt,1969,49.428
prt,1970,46.919
prt,1971,44.149
prt,1972,40.669
prt,1973,36.251
prt,1974,31.275
prt,1975,26.388
prt,1976,22.295
prt,1977,18.982
prt,1978,16.418
prt,1979,14.591
prt,1980,13.099
prt,1981,12.016
prt,1982,11.167
prt,1983,10.426
prt,1984,9.7473
prt,1985,9.1352
prt,1986,8.6901
prt,1987,8.3510
prt,1988,8.1087
prt,1989,7.9101
prt,1990,7.6325
prt,1991,7.2442
prt,1992,6.7467
prt,1993,6.2054
prt,1994,5.6943
prt,1995,5.2386
prt,1996,4.9136
prt,1997,4.6628
prt,1998,4.4424
prt,1999,4.2202
prt,2000,3.9432
prt,2001,3.6246
prt,2002,3.2681
prt,2003,2.9120
prt,2004,2.6071
prt,2005,2.3507
prt,2006,2.1762
prt,2007,2.0452
prt,2008,1.9271
prt,2009,1.8134
prt,2010,1.6969
prt,2011,1.6007
prt,2012,1.5209
prt,2013,1.4656
prt,2014,1.4427
prt,2015,1.4330
prt,2016,1.4420
prt,2017,1.4557
prt,2018,1.4648
prt,2019,1.4707
prt,2020,1.4677
prt,2021,1.4644
prt,2022,1.4588
prt,2023,1.4464
prt,2024,1.4230
pry,1968,43.161
pry,1969,43.248
pry,1970,43.139
pry,1971,42.992
pry,1972,42.741
pry,1973,42.453
pry,1974,41.895
pry,1975,41.294
pry,1976,40.726
pry,1977,39.850
pry,1978,38.916
pry,1979,37.898
pry,1980,36.677
pry,1981,35.357
pry,1982,33.930
pry,1983,32.420
pry,1984,30.867
pry,1985,29.254
pry,1986,27.711
pry,1987,26.157
pry,1988,24.727
pry,1989,23.339
pry,1990,21.972
pry,1991,20.736
pry,1992,19.539
pry,1993,18.466
pry,1994,17.449
pry,1995,16.505
pry,1996,15.683
pry,1997,14.951
pry,1998,14.292
pry,1999,13.730
pry,2000,13.159
pry,2001,12.642
pry,2002,12.073
pry,2003,11.590
pry,2004,11.041
pry,2005,10.492
pry,2006,9.9244
pry,2007,9.4425
pry,2008,8.9112
pry,2009,8.4729
pry,2010,8.0516
pry,2011,7.6295
pry,2012,7.2222
pry,2013,6.8408
pry,2014,6.4797
pry,2015,6.1357
pry,2016,5.7590
pry,2017,5.4362
pry,2018,5.1343
pry,2019,4.8192
pry,2020,4.5500
pry,2021,4.2980
pry,2022,4.0525
pry,2023,3.8259
pry,2024,3.6053
pse,1989,23.007
pse,1990,21.535
pse,1991,20.113
pse,1992,18.938
pse,1993,17.829
pse,1994,16.761
pse,1995,15.807
pse,1996,14.982
pse,1997,14.361
pse,1998,13.737
pse,1999,13.131
pse,2000,12.571
pse,2001,11.977
pse,2002,11.419
pse,2003,10.865
pse,2004,10.368
pse,2005,9.9317
pse,2006,9.5081
pse,2007,9.1097
pse,2008,8.7578
pse,2009,8.4049
pse,2010,8.0125
pse,2011,7.6420
pse,2012,7.2564
pse,2013,6.8550
pse,2014,6.4484
pse,2015,8.6809
pse,2016,5.6461
pse,2017,5.2793
pse,2018,4.9413
pse,2019,4.6077
pse,2020,4.2949
pse,2021,4.0400
pse,2022,3.8020
pse,2023,3.5772
pse,2024,12.065
qat,1990,7.6674
qat,1991,7.3945
qat,1992,7.0733
qat,1993,6.7860
qat,1994,6.5566
qat,1995,6.3215
qat,1996,6.1302
qat,1997,5.9312
qat,1998,5.7178
qat,1999,5.5783
qat,2000,5.4348
qat,2001,5.3274
qat,2002,5.1823
qat,2003,4.9867
qat,2004,4.7717
qat,2005,4.5425
qat,2006,4.4030
qat,2007,4.3233
qat,2008,4.2527
qat,2009,4.2055
qat,2010,4.1334
qat,2011,4.1022
qat,2012,4.0870
qat,2013,4.0440
qat,2014,3.9995
qat,2015,3.8719
qat,2016,3.6829
qat,2017,3.4324
qat,2018,3.1517
qat,2019,2.8816
qat,2020,2.6191
qat,2021,2.4129
qat,2022,2.2431
qat,2023,2.0981
qat,2024,1.9795
rks,1990,50.168
rks,1991,47.455
rks,1992,44.435
rks,1993,41.409
rks,1994,38.303
rks,1995,35.277
rks,1996,32.110
rks,1997,29.007
rks,1998,25.886
rks,1999,22.761
rks,2000,19.950
rks,2001,17.355
rks,2002,14.965
rks,2003,12.822
rks,2004,11.021
rks,2005,9.8092
rks,2006,8.7573
rks,2007,7.8177
rks,2008,6.9785
rks,2009,6.1985
rks,2010,5.5411
rks,2011,4.9695
rks,2012,4.5052
rks,2013,4.1158
rks,2014,3.7866
rks,2015,3.5464
rks,2016,3.3288
rks,2017,3.1191
rks,2018,2.9181
rks,2019,2.6881
rks,2020,2.4127
rks,2021,2.1221
rks,2022,1.8808
rks,2023,1.6926
rks,2024,1.5499
rou,1990,12.471
rou,1991,12.042
rou,1992,11.506
rou,1993,11.231
rou,1994,11.258
rou,1995,11.345
rou,1996,11.428
rou,1997,11.431
rou,1998,11.236
rou,1999,10.823
rou,2000,10.264
rou,2001,9.8322
rou,2002,9.5774
rou,2003,9.4589
rou,2004,9.4976
rou,2005,9.3079
rou,2006,8.7828
rou,2007,8.0626
rou,2008,7.4011
rou,2009,6.9696
rou,2010,6.6028
rou,2011,6.2717
rou,2012,5.9066
rou,2013,5.4802
rou,2014,5.0288
rou,2015,4.6158
rou,2016,4.3445
rou,2017,4.1320
rou,2018,3.8469
rou,2019,3.5293
rou,2020,3.2409
rou,2021,3.0927
rou,2022,3.0345
rou,2023,2.9881
rou,2024,2.9067
rus,1990,7.6630
rus,1991,7.8481
rus,1992,8.1303
rus,1993,8.5179
rus,1994,8.9399
rus,1995,9.2793
rus,1996,9.6614
rus,1997,9.9234
rus,1998,10.205
rus,1999,10.255
rus,2000,9.9740
rus,2001,9.4700
rus,2002,8.9184
rus,2003,8.4350
rus,2004,7.9685
rus,2005,7.4080
rus,2006,6.7918
rus,2007,6.2547
rus,2008,5.9817
rus,2009,5.8425
rus,2010,5.6464
rus,2011,5.3425
rus,2012,4.9733
rus,2013,4.6450
rus,2014,4.3690
rus,2015,4.1240
rus,2016,3.9018
rus,2017,3.6385
rus,2018,3.3428
rus,2019,3.0691
rus,2020,2.8852
rus,2021,2.7990
rus,2022,2.6916
rus,2023,2.5125
rus,2024,2.2932
rwa,1961,150.43
rwa,1962,146.82
rwa,1963,144.47
rwa,1964,143.14
rwa,1965,142.95
rwa,1966,143.57
rwa,1967,145.12
rwa,1968,147.60
rwa,1969,150.99
rwa,1970,154.48
rwa,1971,157.72
rwa,1972,160.96
rwa,1973,164.51
rwa,1974,168.56
rwa,1975,174.24
rwa,1976,180.65
rwa,1977,184.92
rwa,1978,185.42
rwa,1979,180.76
rwa,1980,170.71
rwa,1981,157.20
rwa,1982,142.72
rwa,1983,130.12
rwa,1984,120.38
rwa,1985,114.33
rwa,1986,111.21
rwa,1987,108.44
rwa,1988,105.74
rwa,1989,103.72
rwa,1990,103.86
rwa,1991,107.33
rwa,1992,115.01
rwa,1993,128.13
rwa,1994,143.08
rwa,1995,331.53
rwa,1996,165.27
rwa,1997,168.98
rwa,1998,169.57
rwa,1999,163.58
rwa,2000,152.46
rwa,2001,137.81
rwa,2002,122.10
rwa,2003,107.56
rwa,2004,94.091
rwa,2005,81.511
rwa,2006,70.601
rwa,2007,61.341
rwa,2008,53.849
rwa,2009,47.136
rwa,2010,41.437
rwa,2011,36.511
rwa,2012,32.130
rwa,2013,29.107
rwa,2014,26.701
rwa,2015,24.950
rwa,2016,23.560
rwa,2017,22.320
rwa,2018,21.367
rwa,2019,20.667
rwa,2020,20.055
rwa,2021,19.443
rwa,2022,18.781
rwa,2023,17.867
rwa,2024,16.799
sau,1990,17.820
sau,1991,15.989
sau,1992,14.622
sau,1993,13.284
sau,1994,12.309
sau,1995,11.563
sau,1996,10.875
sau,1997,10.271
sau,1998,9.7036
sau,1999,9.1248
sau,2000,8.6436
sau,2001,8.1325
sau,2002,7.6717
sau,2003,7.2382
sau,2004,6.8005
sau,2005,6.3552
sau,2006,5.9405
sau,2007,5.6080
sau,2008,5.2910
sau,2009,4.9852
sau,2010,4.7394
sau,2011,4.4458
sau,2012,4.2062
sau,2013,3.9929
sau,2014,3.8020
sau,2015,3.6748
sau,2016,3.4964
sau,2017,3.2940
sau,2018,3.0558
sau,2019,2.7910
sau,2020,2.5794
sau,2021,2.4064
sau,2022,2.2413
sau,2023,2.0905
sau,2024,1.9615
sdn,1970,107.03
sdn,1971,106.33
sdn,1972,105.95
sdn,1973,105.36
sdn,1974,104.74
sdn,1975,104.04
sdn,1976,103.26
sdn,1977,102.38
sdn,1978,101.49
sdn,1979,100.36
sdn,1980,99.443
sdn,1981,98.510
sdn,1982,97.525
sdn,1983,96.513
sdn,1984,131.86
sdn,1985,130.03
sdn,1986,128.26
sdn,1987,91.812
sdn,1988,90.303
sdn,1989,88.707
sdn,1990,86.960
sdn,1991,85.196
sdn,1992,83.370
sdn,1993,81.480
sdn,1994,79.475
sdn,1995,77.449
sdn,1996,75.339
sdn,1997,73.156
sdn,1998,70.761
sdn,1999,68.176
sdn,2000,65.385
sdn,2001,62.597
sdn,2002,59.750
sdn,2003,56.914
sdn,2004,54.228
sdn,2005,63.347
sdn,2006,61.364
sdn,2007,46.745
sdn,2008,44.501
sdn,2009,42.284
sdn,2010,40.225
sdn,2011,38.166
sdn,2012,36.197
sdn,2013,34.339
sdn,2014,32.557
sdn,2015,30.833
sdn,2016,28.995
sdn,2017,27.198
sdn,2018,25.546
sdn,2019,23.775
sdn,2020,22.191
sdn,2021,20.602
sdn,2022,19.120
sdn,2023,17.659
sdn,2024,16.338
sen,1956,227.24
sen,1957,223.61
sen,1958,221.74
sen,1959,220.25
sen,1960,220.07
sen,1961,221.17
sen,1962,223.35
sen,1963,226.23
sen,1964,229.08
sen,1965,231.92
sen,1966,234.18
sen,1967,235.61
sen,1968,235.69
sen,1969,235.37
sen,1970,234.19
sen,1971,231.70
sen,1972,227.64
sen,1973,222.22
sen,1974,215.48
sen,1975,207.92
sen,1976,199.40
sen,1977,189.86
sen,1978,180.06
sen,1979,170.70
sen,1980,162.39
sen,1981,155.01
sen,1982,149.15
sen,1983,143.87
sen,1984,138.33
sen,1985,132.46
sen,1986,125.59
sen,1987,118.06
sen,1988,110.52
sen,1989,103.78
sen,1990,98.796
sen,1991,95.279
sen,1992,93.497
sen,1993,93.130
sen,1994,93.568
sen,1995,94.596
sen,1996,95.739
sen,1997,96.690
sen,1998,96.819
sen,1999,95.861
sen,2000,93.503
sen,2001,89.327
sen,2002,83.349
sen,2003,76.028
sen,2004,68.284
sen,2005,60.998
sen,2006,54.266
sen,2007,48.536
sen,2008,43.702
sen,2009,39.809
sen,2010,36.641
sen,2011,34.043
sen,2012,31.787
sen,2013,29.844
sen,2014,27.994
sen,2015,26.123
sen,2016,24.291
sen,2017,22.533
sen,2018,20.903
sen,2019,19.484
sen,2020,18.252
sen,2021,17.049
sen,2022,15.771
sen,2023,14.436
sen,2024,13.073
sgp,1969,13.185
sgp,1970,12.476
sgp,1971,11.550
sgp,1972,10.526
sgp,1973,9.4099
sgp,1974,8.3036
sgp,1975,7.3230
sgp,1976,6.4749
sgp,1977,5.9308
sgp,1978,5.6360
sgp,1979,5.5453
sgp,1980,5.6348
sgp,1981,5.6670
sgp,1982,5.5445
sgp,1983,5.2544
sgp,1984,4.8624
sgp,1985,4.4966
sgp,1986,4.1860
sgp,1987,4.0318
sgp,1988,3.9393
sgp,1989,3.8020
sgp,1990,3.6079
sgp,1991,3.3706
sgp,1992,3.1597
sgp,1993,2.9848
sgp,1994,2.8299
sgp,1995,2.7222
sgp,1996,2.6200
sgp,1997,2.5193
sgp,1998,2.4048
sgp,1999,2.2928
sgp,2000,2.1999
sgp,2001,2.0871
sgp,2002,1.9619
sgp,2003,1.8318
sgp,2004,1.7137
sgp,2005,1.6245
sgp,2006,1.5552
sgp,2007,1.5222
sgp,2008,1.5057
sgp,2009,1.5103
sgp,2010,1.5351
sgp,2011,1.5533
sgp,2012,1.5590
sgp,2013,1.5516
sgp,2014,1.5295
sgp,2015,1.5069
sgp,2016,1.4761
sgp,2017,1.4564
sgp,2018,1.4300
sgp,2019,1.3864
sgp,2020,1.3239
sgp,2021,1.2428
sgp,2022,1.1489
sgp,2023,1.0406
sgp,2024,0.93780
slb,1990,20.231
slb,1991,19.821
slb,1992,19.452
slb,1993,19.046
slb,1994,18.614
slb,1995,18.174
slb,1996,17.699
slb,1997,17.214
slb,1998,16.751
slb,1999,16.232
slb,2000,15.785
slb,2001,15.485
slb,2002,15.198
slb,2003,15.051
slb,2004,14.964
slb,2005,14.900
slb,2006,14.805
slb,2007,14.646
slb,2008,14.464
slb,2009,14.208
slb,2010,13.997
slb,2011,13.707
slb,2012,13.339
slb,2013,12.952
slb,2014,12.526
slb,2015,12.059
slb,2016,11.610
slb,2017,11.185
slb,2018,10.733
slb,2019,10.296
slb,2020,9.8138
slb,2021,9.3476
slb,2022,8.8310
slb,2023,8.2925
slb,2024,7.8332
sle,1990,200.95
sle,1991,199.82
sle,1992,198.48
sle,1993,196.96
sle,1994,195.21
sle,1995,193.23
sle,1996,190.68
sle,1997,187.47
sle,1998,183.90
sle,1999,179.94
sle,2000,175.68
sle,2001,171.12
sle,2002,166.27
sle,2003,161.41
sle,2004,156.18
sle,2005,150.66
sle,2006,145.01
sle,2007,139.42
sle,2008,133.45
sle,2009,127.32
sle,2010,121.15
sle,2011,115.00
sle,2012,108.87
sle,2013,103.05
sle,2014,97.525
sle,2015,95.676
sle,2016,96.446
sle,2017,82.339
sle,2018,77.405
sle,2019,72.616
sle,2020,68.132
sle,2021,63.717
sle,2022,59.477
sle,2023,55.423
sle,2024,51.527
slv,1986,49.318
slv,1987,45.805
slv,1988,42.430
slv,1989,39.361
slv,1990,36.502
slv,1991,33.881
slv,1992,31.394
slv,1993,29.212
slv,1994,27.080
slv,1995,25.066
slv,1996,23.163
slv,1997,21.320
slv,1998,19.601
slv,1999,18.079
slv,2000,16.952
slv,2001,15.938
slv,2002,14.995
slv,2003,14.088
slv,2004,13.213
slv,2005,12.395
slv,2006,11.645
slv,2007,10.949
slv,2008,10.287
slv,2009,9.6392
slv,2010,9.0427
slv,2011,8.5089
slv,2012,8.0167
slv,2013,7.5473
slv,2014,7.1163
slv,2015,6.6763
slv,2016,6.2515
slv,2017,5.8457
slv,2018,5.4536
slv,2019,5.0798
slv,2020,4.7179
slv,2021,4.4228
slv,2022,4.1450
slv,2023,3.8746
slv,2024,3.6417
smr,1990,2.9356
smr,1991,2.8294
smr,1992,2.8057
smr,1993,2.7214
smr,1994,2.6580
smr,1995,2.5615
smr,1996,2.4448
smr,1997,2.3000
smr,1998,2.1665
smr,1999,2.0367
smr,2000,1.9097
smr,2001,1.7769
smr,2002,1.6755
smr,2003,1.5658
smr,2004,1.4707
smr,2005,1.3713
smr,2006,1.2729
smr,2007,1.1915
smr,2008,1.1038
smr,2009,1.0071
smr,2010,0.92007
smr,2011,0.83853
smr,2012,0.76772
smr,2013,0.70222
smr,2014,0.64386
smr,2015,0.59342
smr,2016,0.53963
smr,2017,0.49067
smr,2018,0.44759
smr,2019,0.41046
smr,2020,0.37958
smr,2021,0.35117
smr,2022,0.32614
smr,2023,0.30366
smr,2024,0.28661
som,1984,113.57
som,1985,115.88
som,1986,117.56
som,1987,118.67
som,1988,119.00
som,1989,118.70
som,1990,116.89
som,1991,113.50
som,1992,330.60
som,1993,335.62
som,1994,103.40
som,1995,103.07
som,1996,103.13
som,1997,103.12
som,1998,103.10
som,1999,103.21
som,2000,102.78
som,2001,102.64
som,2002,102.63
som,2003,102.35
som,2004,102.03
som,2005,101.54
som,2006,100.94
som,2007,100.02
som,2008,97.598
som,2009,92.974
som,2010,87.006
som,2011,102.26
som,2012,219.63
som,2013,94.837
som,2014,64.831
som,2015,60.035
som,2016,55.768
som,2017,51.628
som,2018,65.139
som,2019,52.573
som,2020,41.492
som,2021,38.646
som,2022,36.089
som,2023,51.043
som,2024,31.549
srb,1990,10.372
srb,1991,9.5848
srb,1992,8.8659
srb,1993,8.3163
srb,1994,7.8984
srb,1995,7.4112
srb,1996,6.8117
srb,1997,6.1296
srb,1998,5.5270
srb,1999,5.0936
srb,2000,4.7838
srb,2001,4.5787
srb,2002,4.3838
srb,2003,4.1130
srb,2004,3.7792
srb,2005,3.4263
srb,2006,3.1564
srb,2007,2.9747
srb,2008,2.8631
srb,2009,2.7927
srb,2010,2.7217
srb,2011,2.6257
srb,2012,2.4960
srb,2013,2.3632
srb,2014,2.2657
srb,2015,2.1947
srb,2016,2.1490
srb,2017,2.1079
srb,2018,2.0566
srb,2019,2.0047
srb,2020,1.9432
srb,2021,1.9115
srb,2022,1.8980
srb,2023,1.8923
srb,2024,1.8610
ssd,1990,208.33
ssd,1991,205.35
ssd,1992,201.13
ssd,1993,236.79
ssd,1994,231.79
ssd,1995,144.71
ssd,1996,180.44
ssd,1997,173.60
ssd,1998,166.95
ssd,1999,321.49
ssd,2000,115.66
ssd,2001,109.03
ssd,2002,102.28
ssd,2003,95.137
ssd,2004,88.600
ssd,2005,81.929
ssd,2006,75.699
ssd,2007,69.205
ssd,2008,62.273
ssd,2009,55.936
ssd,2010,50.162
ssd,2011,44.959
ssd,2012,40.127
ssd,2013,36.342
ssd,2014,33.390
ssd,2015,79.887
ssd,2016,104.36
ssd,2017,110.91
ssd,2018,109.47
ssd,2019,38.599
ssd,2020,21.875
ssd,2021,20.275
ssd,2022,18.827
ssd,2023,17.410
ssd,2024,16.059
stp,1986,63.625
stp,1987,76.486
stp,1988,67.702
stp,1989,69.774
stp,1990,71.457
stp,1991,72.850
stp,1992,74.013
stp,1993,74.499
stp,1994,74.399
stp,1995,73.613
stp,1996,71.804
stp,1997,69.243
stp,1998,65.899
stp,1999,62.028
stp,2000,57.734
stp,2001,53.152
stp,2002,48.389
stp,2003,43.753
stp,2004,39.319
stp,2005,35.083
stp,2006,31.174
stp,2007,27.478
stp,2008,24.111
stp,2009,20.987
stp,2010,18.135
stp,2011,15.706
stp,2012,13.822
stp,2013,12.126
stp,2014,10.640
stp,2015,9.3172
stp,2016,8.1552
stp,2017,7.0804
stp,2018,6.2546
stp,2019,5.5497
stp,2020,5.0135
stp,2021,4.6061
stp,2022,4.2506
stp,2023,3.9320
stp,2024,3.6584
sur,1990,18.670
sur,1991,18.288
sur,1992,17.660
sur,1993,17.009
sur,1994,16.268
sur,1995,15.541
sur,1996,14.737
sur,1997,13.935
sur,1998,13.235
sur,1999,12.498
sur,2000,11.729
sur,2001,10.903
sur,2002,9.8795
sur,2003,8.7560
sur,2004,7.5853
sur,2005,6.5977
sur,2006,5.9314
sur,2007,5.5038
sur,2008,5.3550
sur,2009,5.3481
sur,2010,5.3915
sur,2011,5.4146
sur,2012,5.3484
sur,2013,5.2604
sur,2014,5.1621
sur,2015,4.9955
sur,2016,4.8521
sur,2017,4.5517
sur,2018,4.1930
sur,2019,3.8338
sur,2020,3.5167
sur,2021,3.2157
sur,2022,2.9490
sur,2023,2.7126
sur,2024,2.5125
svk,1983,8.0605
svk,1984,7.8348
svk,1985,7.5248
svk,1986,7.2025
svk,1987,6.8801
svk,1988,6.5800
svk,1989,6.3386
svk,1990,6.0867
svk,1991,5.8335
svk,1992,5.5567
svk,1993,5.2565
svk,1994,4.9593
svk,1995,4.7343
svk,1996,4.6723
svk,1997,4.6947
svk,1998,4.6927
svk,1999,4.6450
svk,2000,4.5469
svk,2001,4.4424
svk,2002,4.3440
svk,2003,4.2886
svk,2004,4.2980
svk,2005,4.2933
svk,2006,4.2382
svk,2007,4.1189
svk,2008,3.9595
svk,2009,3.7837
svk,2010,3.5915
svk,2011,3.4190
svk,2012,3.2690
svk,2013,3.1543
svk,2014,3.0872
svk,2015,3.0358
svk,2016,2.9935
svk,2017,2.9444
svk,2018,2.8832
svk,2019,2.8295
svk,2020,2.7818
svk,2021,2.7777
svk,2022,2.7895
svk,2023,2.8042
svk,2024,2.7922
svn,1983,5.8223
svn,1984,5.6672
svn,1985,5.4763
svn,1986,5.3109
svn,1987,5.1558
svn,1988,4.9896
svn,1989,4.7834
svn,1990,4.5468
svn,1991,4.2948
svn,1992,4.0331
svn,1993,3.7959
svn,1994,3.5617
svn,1995,3.3181
svn,1996,3.0730
svn,1997,2.8276
svn,1998,2.5942
svn,1999,2.3679
svn,2000,2.1551
svn,2001,1.9810
svn,2002,1.8462
svn,2003,1.7584
svn,2004,1.6924
svn,2005,1.6324
svn,2006,1.5753
svn,2007,1.5089
svn,2008,1.4385
svn,2009,1.3682
svn,2010,1.2944
svn,2011,1.2206
svn,2012,1.1438
svn,2013,1.0712
svn,2014,1.0047
svn,2015,0.95491
svn,2016,0.93272
svn,2017,0.91594
svn,2018,0.90610
svn,2019,0.89218
svn,2020,0.87658
svn,2021,0.86377
svn,2022,0.84335
svn,2023,0.81779
svn,2024,0.78695
swe,1961,6.1801
swe,1962,6.1194
swe,1963,5.9899
swe,1964,5.8329
swe,1965,5.5864
swe,1966,5.2786
swe,1967,4.9235
swe,1968,4.5774
swe,1969,4.2995
swe,1970,4.0747
swe,1971,3.9462
swe,1972,3.8542
swe,1973,3.7548
swe,1974,3.6476
swe,1975,3.5310
swe,1976,3.4558
swe,1977,3.4143
swe,1978,3.3914
swe,1979,3.3929
swe,1980,3.3771
swe,1981,3.3491
swe,1982,3.3068
swe,1983,3.2831
swe,1984,3.2993
swe,1985,3.3231
swe,1986,3.3524
swe,1987,3.3794
swe,1988,3.4021
swe,1989,3.4315
swe,1990,3.4039
swe,1991,3.3086
swe,1992,3.1177
swe,1993,2.8402
swe,1994,2.5121
swe,1995,2.2104
swe,1996,2.0076
swe,1997,1.8854
swe,1998,1.8042
swe,1999,1.7520
swe,2000,1.7132
swe,2001,1.6914
swe,2002,1.6762
swe,2003,1.6624
swe,2004,1.6521
swe,2005,1.6218
swe,2006,1.5791
swe,2007,1.5257
swe,2008,1.4755
swe,2009,1.4380
swe,2010,1.4017
swe,2011,1.3700
swe,2012,1.3376
swe,2013,1.3042
swe,2014,1.2780
swe,2015,1.2509
swe,2016,1.2319
swe,2017,1.2110
swe,2018,1.1814
swe,2019,1.1485
swe,2020,1.1094
swe,2021,1.0727
swe,2022,1.0408
swe,2023,1.0049
swe,2024,0.96442
swz,1984,70.935
swz,1985,57.676
swz,1986,53.954
swz,1987,50.391
swz,1988,47.152
swz,1989,44.421
swz,1990,42.064
swz,1991,40.547
swz,1992,40.212
swz,1993,41.323
swz,1994,44.073
swz,1995,48.016
swz,1996,52.324
swz,1997,57.356
swz,1998,62.371
swz,1999,67.501
swz,2000,72.373
swz,2001,77.042
swz,2002,80.593
swz,2003,82.428
swz,2004,83.823
swz,2005,84.351
swz,2006,83.654
swz,2007,74.163
swz,2008,68.713
swz,2009,66.588
swz,2010,60.892
swz,2011,50.793
swz,2012,38.001
swz,2013,33.743
swz,2014,31.195
swz,2015,30.678
swz,2016,27.296
swz,2017,23.732
swz,2018,22.201
swz,2019,18.983
swz,2020,19.057
swz,2021,17.316
swz,2022,15.534
swz,2023,14.368
swz,2024,13.471
syc,1987,4.9678
syc,1988,4.7998
syc,1989,4.6673
syc,1990,4.5140
syc,1991,4.4634
syc,1992,4.4189
syc,1993,4.4029
syc,1994,4.4088
syc,1995,4.4207
syc,1996,4.4243
syc,1997,4.4015
syc,1998,4.3958
syc,1999,4.3744
syc,2000,4.3454
syc,2001,4.3202
syc,2002,4.2962
syc,2003,4.2934
syc,2004,4.2826
syc,2005,4.2962
syc,2006,4.3331
syc,2007,4.3716
syc,2008,4.4121
syc,2009,4.4575
syc,2010,4.5093
syc,2011,4.5831
syc,2012,4.6534
syc,2013,4.7310
syc,2014,4.7945
syc,2015,4.8404
syc,2016,4.8856
syc,2017,4.9080
syc,2018,4.9117
syc,2019,4.8881
syc,2020,4.8423
syc,2021,4.7302
syc,2022,4.5723
syc,2023,4.3632
syc,2024,4.1289
syr,1956,177.40
syr,1957,168.16
syr,1958,158.84
syr,1959,149.88
syr,1960,141.65
syr,1961,134.00
syr,1962,127.03
syr,1963,121.27
syr,1964,115.70
syr,1965,110.29
syr,1966,104.99
syr,1967,99.335
syr,1968,93.687
syr,1969,87.888
syr,1970,82.267
syr,1971,77.008
syr,1972,72.054
syr,1973,67.611
syr,1974,63.369
syr,1975,59.425
syr,1976,55.419
syr,1977,51.246
syr,1978,47.000
syr,1979,42.854
syr,1980,39.036
syr,1981,35.594
syr,1982,38.440
syr,1983,45.452
syr,1984,27.708
syr,1985,25.832
syr,1986,24.148
syr,1987,22.702
syr,1988,21.404
syr,1989,20.229
syr,1990,19.187
syr,1991,18.190
syr,1992,17.308
syr,1993,16.434
syr,1994,15.499
syr,1995,14.539
syr,1996,13.524
syr,1997,12.574
syr,1998,11.733
syr,1999,10.921
syr,2000,10.176
syr,2001,9.5398
syr,2002,9.0204
syr,2003,8.6102
syr,2004,8.2497
syr,2005,7.9808
syr,2006,7.7878
syr,2007,7.6229
syr,2008,7.4791
syr,2009,7.3546
syr,2010,7.2149
syr,2011,7.0401
syr,2012,8.9623
syr,2013,17.699
syr,2014,18.707
syr,2015,16.844
syr,2016,16.973
syr,2017,13.070
syr,2018,12.711
syr,2019,11.804
syr,2020,7.3590
syr,2021,5.8762
syr,2022,5.1147
syr,2023,5.1853
syr,2024,4.9413
tca,1990,5.5282
tca,1991,5.1421
tca,1992,4.8084
tca,1993,4.5232
tca,1994,4.2468
tca,1995,4.0345
tca,1996,3.8511
tca,1997,3.6251
tca,1998,3.4593
tca,1999,3.3011
tca,2000,3.1368
tca,2001,2.9854
tca,2002,2.8622
tca,2003,2.7345
tca,2004,2.6148
tca,2005,2.4680
tca,2006,2.3484
tca,2007,2.2237
tca,2008,2.1055
tca,2009,1.9839
tca,2010,1.8637
tca,2011,1.7425
tca,2012,1.6314
tca,2013,1.5237
tca,2014,1.4105
tca,2015,1.3073
tca,2016,1.1850
tca,2017,1.0904
tca,2018,1.0078
tca,2019,0.93235
tca,2020,0.86502
tca,2021,0.81698
tca,2022,0.76819
tca,2023,0.73110
tca,2024,0.69320
tcd,1974,177.27
tcd,1975,176.76
tcd,1976,175.84
tcd,1977,174.78
tcd,1978,173.92
tcd,1979,173.44
tcd,1980,172.62
tcd,1981,171.60
tcd,1982,170.30
tcd,1983,168.83
tcd,1984,167.33
tcd,1985,165.75
tcd,1986,163.84
tcd,1987,162.23
tcd,1988,160.28
tcd,1989,158.59
tcd,1990,156.69
tcd,1991,154.94
tcd,1992,152.98
tcd,1993,151.15
tcd,1994,149.16
tcd,1995,147.09
tcd,1996,144.95
tcd,1997,143.03
tcd,1998,140.97
tcd,1999,138.72
tcd,2000,136.42
tcd,2001,133.93
tcd,2002,131.53
tcd,2003,128.75
tcd,2004,126.08
tcd,2005,123.33
tcd,2006,120.29
tcd,2007,117.11
tcd,2008,113.52
tcd,2009,109.82
tcd,2010,105.89
tcd,2011,101.87
tcd,2012,97.942
tcd,2013,93.671
tcd,2014,89.550
tcd,2015,85.442
tcd,2016,81.400
tcd,2017,77.096
tcd,2018,72.466
tcd,2019,67.923
tcd,2020,63.077
tcd,2021,58.597
tcd,2022,54.679
tcd,2023,50.635
tcd,2024,47.039
tgo,1966,180.97
tgo,1967,178.05
tgo,1968,174.47
tgo,1969,170.89
tgo,1970,167.14
tgo,1971,163.07
tgo,1972,158.81
tgo,1973,154.57
tgo,1974,150.33
tgo,1975,146.32
tgo,1976,142.39
tgo,1977,138.64
tgo,1978,134.96
tgo,1979,131.37
tgo,1980,127.59
tgo,1981,123.97
tgo,1982,120.33
tgo,1983,116.95
tgo,1984,113.72
tgo,1985,110.80
tgo,1986,108.09
tgo,1987,105.83
tgo,1988,103.83
tgo,1989,102.01
tgo,1990,100.55
tgo,1991,99.221
tgo,1992,97.985
tgo,1993,96.649
tgo,1994,95.107
tgo,1995,93.556
tgo,1996,91.710
tgo,1997,89.581
tgo,1998,87.214
tgo,1999,84.707
tgo,2000,82.107
tgo,2001,79.461
tgo,2002,76.599
tgo,2003,73.896
tgo,2004,71.209
tgo,2005,68.684
tgo,2006,66.180
tgo,2007,63.813
tgo,2008,61.522
tgo,2009,59.343
tgo,2010,57.146
tgo,2011,54.927
tgo,2012,52.661
tgo,2013,50.295
tgo,2014,47.931
tgo,2015,45.399
tgo,2016,42.926
tgo,2017,40.656
tgo,2018,38.343
tgo,2019,35.963
tgo,2020,33.690
tgo,2021,31.416
tgo,2022,29.151
tgo,2023,27.137
tgo,2024,25.118
tha,1953,114.23
tha,1954,110.70
tha,1955,107.10
tha,1956,103.65
tha,1957,100.02
tha,1958,96.147
tha,1959,92.107
tha,1960,88.027
tha,1961,83.951
tha,1962,79.837
tha,1963,76.090
tha,1964,72.379
tha,1965,68.716
tha,1966,65.170
tha,1967,61.631
tha,1968,58.187
tha,1969,54.963
tha,1970,51.732
tha,1971,48.788
tha,1972,45.771
tha,1973,42.981
tha,1974,40.107
tha,1975,37.428
tha,1976,35.054
tha,1977,32.956
tha,1978,31.253
tha,1979,29.787
tha,1980,28.483
tha,1981,27.208
tha,1982,25.891
tha,1983,24.661
tha,1984,23.337
tha,1985,21.990
tha,1986,20.616
tha,1987,19.177
tha,1988,17.788
tha,1989,16.399
tha,1990,15.033
tha,1991,13.821
tha,1992,12.817
tha,1993,11.901
tha,1994,11.113
tha,1995,10.443
tha,1996,9.8101
tha,1997,9.1906
tha,1998,8.6297
tha,1999,8.1207
tha,2000,7.6384
tha,2001,7.1971
tha,2002,6.7961
tha,2003,6.4096
tha,2004,6.0677
tha,2005,5.7544
tha,2006,5.4632
tha,2007,5.1847
tha,2008,4.9257
tha,2009,4.7025
tha,2010,4.5006
tha,2011,4.3061
tha,2012,4.1271
tha,2013,3.9597
tha,2014,3.8009
tha,2015,3.6553
tha,2016,3.5313
tha,2017,3.4098
tha,2018,3.2885
tha,2019,3.1741
tha,2020,3.0684
tha,2021,2.9585
tha,2022,2.8533
tha,2023,2.7350
tha,2024,2.6333
tjk,1990,57.771
tjk,1991,59.425
tjk,1992,63.095
tjk,1993,67.105
tjk,1994,70.384
tjk,1995,71.676
tjk,1996,70.021
tjk,1997,65.892
tjk,1998,60.292
tjk,1999,54.660
tjk,2000,48.979
tjk,2001,43.480
tjk,2002,38.363
tjk,2003,33.683
tjk,2004,29.573
tjk,2005,25.889
tjk,2006,22.279
tjk,2007,18.916
tjk,2008,16.133
tjk,2009,14.159
tjk,2010,12.700
tjk,2011,11.507
tjk,2012,10.643
tjk,2013,9.9946
tjk,2014,9.4743
tjk,2015,8.7870
tjk,2016,7.6920
tjk,2017,6.3191
tjk,2018,5.0470
tjk,2019,4.0150
tjk,2020,3.2334
tjk,2021,2.5880
tjk,2022,2.0446
tjk,2023,1.5936
tjk,2024,1.3870
tkm,1989,51.176
tkm,1990,48.795
tkm,1991,46.579
tkm,1992,45.229
tkm,1993,44.544
tkm,1994,44.368
tkm,1995,44.461
tkm,1996,44.237
tkm,1997,43.548
tkm,1998,42.339
tkm,1999,40.406
tkm,2000,37.923
tkm,2001,35.022
tkm,2002,31.903
tkm,2003,28.772
tkm,2004,25.737
tkm,2005,23.262
tkm,2006,21.084
tkm,2007,19.338
tkm,2008,18.025
tkm,2009,17.017
tkm,2010,16.318
tkm,2011,15.799
tkm,2012,15.455
tkm,2013,15.256
tkm,2014,15.139
tkm,2015,15.079
tkm,2016,14.973
tkm,2017,14.786
tkm,2018,14.441
tkm,2019,13.883
tkm,2020,13.191
tkm,2021,12.373
tkm,2022,11.457
tkm,2023,10.723
tkm,2024,9.9658
tls,1987,180.84
tls,1988,167.24
tls,1989,167.78
tls,1990,159.37
tls,1991,157.45
tls,1992,155.83
tls,1993,147.27
tls,1994,139.14
tls,1995,133.77
tls,1996,136.91
tls,1997,130.87
tls,1998,125.11
tls,1999,129.24
tls,2000,143.29
tls,2001,66.402
tls,2002,63.118
tls,2003,59.851
tls,2004,56.668
tls,2005,53.430
tls,2006,50.365
tls,2007,47.375
tls,2008,44.510
tls,2009,41.680
tls,2010,39.047
tls,2011,36.632
tls,2012,34.407
tls,2013,32.351
tls,2014,30.483
tls,2015,28.911
tls,2016,27.363
tls,2017,25.905
tls,2018,24.665
tls,2019,23.440
tls,2020,22.215
tls,2021,21.049
tls,2022,19.874
tls,2023,18.694
tls,2024,17.649
ton,1990,9.7315
ton,1991,9.5667
ton,1992,9.3829
ton,1993,9.2047
ton,1994,9.0672
ton,1995,8.9383
ton,1996,8.8351
ton,1997,8.7220
ton,1998,8.5884
ton,1999,8.4749
ton,2000,8.3390
ton,2001,8.1583
ton,2002,7.9676
ton,2003,7.7345
ton,2004,7.5355
ton,2005,7.3774
ton,2006,7.2066
ton,2007,7.0244
ton,2008,6.8471
ton,2009,6.6817
ton,2010,6.4942
ton,2011,6.3138
ton,2012,6.1222
ton,2013,5.8911
ton,2014,5.6499
ton,2015,5.4018
ton,2016,5.1412
ton,2017,4.8937
ton,2018,4.6341
ton,2019,4.3853
ton,2020,4.1712
ton,2021,3.9745
ton,2022,3.7883
ton,2023,3.5966
ton,2024,3.4026
tto,1955,31.550
tto,1956,30.651
tto,1957,29.722
tto,1958,28.680
tto,1959,27.672
tto,1960,26.605
tto,1961,25.540
tto,1962,24.424
tto,1963,23.334
tto,1964,22.343
tto,1965,21.479
tto,1966,20.648
tto,1967,19.878
tto,1968,19.193
tto,1969,18.636
tto,1970,18.118
tto,1971,17.618
tto,1972,17.172
tto,1973,16.680
tto,1974,16.136
tto,1975,15.572
tto,1976,14.985
tto,1977,14.407
tto,1978,13.840
tto,1979,13.258
tto,1980,12.677
tto,1981,12.118
tto,1982,11.572
tto,1983,11.068
tto,1984,10.565
tto,1985,10.171
tto,1986,9.8500
tto,1987,9.5564
tto,1988,9.3152
tto,1989,9.1048
tto,1990,8.9785
tto,1991,8.8423
tto,1992,8.7169
tto,1993,8.6137
tto,1994,8.4723
tto,1995,8.3475
tto,1996,8.2201
tto,1997,8.1022
tto,1998,7.9737
tto,1999,7.8381
tto,2000,7.6771
tto,2001,7.5425
tto,2002,7.4211
tto,2003,7.2881
tto,2004,7.1367
tto,2005,7.0137
tto,2006,6.8669
tto,2007,6.7520
tto,2008,6.6320
tto,2009,6.4972
tto,2010,6.3401
tto,2011,6.1686
tto,2012,5.9992
tto,2013,5.8218
tto,2014,5.6511
tto,2015,5.4892
tto,2016,5.3162
tto,2017,5.1842
tto,2018,5.0323
tto,2019,4.8314
tto,2020,4.6423
tto,2021,4.4432
tto,2022,4.2440
tto,2023,4.0582
tto,2024,3.8628
tun,1966,169.45
tun,1967,160.90
tun,1968,152.03
tun,1969,142.84
tun,1970,133.80
tun,1971,124.63
tun,1972,116.01
tun,1973,108.19
tun,1974,100.53
tun,1975,93.146
tun,1976,85.990
tun,1977,79.068
tun,1978,72.461
tun,1979,66.198
tun,1980,60.432
tun,1981,55.379
tun,1982,50.765
tun,1983,46.743
tun,1984,43.180
tun,1985,39.760
tun,1986,36.595
tun,1987,33.574
tun,1988,30.855
tun,1989,28.315
tun,1990,26.081
tun,1991,24.145
tun,1992,22.298
tun,1993,20.625
tun,1994,18.955
tun,1995,17.311
tun,1996,15.773
tun,1997,14.332
tun,1998,13.020
tun,1999,12.061
tun,2000,11.170
tun,2001,10.331
tun,2002,9.5508
tun,2003,8.8708
tun,2004,8.2720
tun,2005,7.7641
tun,2006,7.3461
tun,2007,6.9810
tun,2008,6.6685
tun,2009,6.4064
tun,2010,6.1619
tun,2011,5.9772
tun,2012,5.8490
tun,2013,5.7712
tun,2014,5.7179
tun,2015,5.6952
tun,2016,5.6784
tun,2017,5.6428
tun,2018,5.5847
tun,2019,5.4617
tun,2020,5.2512
tun,2021,4.9721
tun,2022,4.6161
tun,2023,4.2113
tun,2024,3.8314
tur,1956,200.49
tur,1957,199.36
tur,1958,196.55
tur,1959,192.87
tur,1960,188.12
tur,1961,182.60
tur,1962,176.44
tur,1963,169.94
tur,1964,163.36
tur,1965,156.71
tur,1966,150.28
tur,1967,144.59
tur,1968,139.05
tur,1969,133.76
tur,1970,128.83
tur,1971,124.02
tur,1972,119.17
tur,1973,114.54
tur,1974,109.96
tur,1975,105.38
tur,1976,100.49
tur,1977,95.795
tur,1978,91.244
tur,1979,86.666
tur,1980,82.094
tur,1981,77.377
tur,1982,72.673
tur,1983,68.075
tur,1984,63.532
tur,1985,59.131
tur,1986,54.917
tur,1987,50.910
tur,1988,47.115
tur,1989,43.601
tur,1990,40.323
tur,1991,37.212
tur,1992,34.443
tur,1993,31.901
tur,1994,29.570
tur,1995,27.368
tur,1996,25.280
tur,1997,23.159
tur,1998,21.145
tur,1999,19.161
tur,2000,17.363
tur,2001,15.624
tur,2002,14.373
tur,2003,13.220
tur,2004,12.152
tur,2005,11.221
tur,2006,10.381
tur,2007,9.6155
tur,2008,8.9416
tur,2009,8.3440
tur,2010,7.8170
tur,2011,7.3823
tur,2012,7.0019
tur,2013,6.6624
tur,2014,6.3528
tur,2015,6.0453
tur,2016,5.7244
tur,2017,5.3820
tur,2018,5.0441
tur,2019,4.6755
tur,2020,4.3075
tur,2021,3.9293
tur,2022,3.5560
tur,2023,3.1995
tur,2024,5.9303
tuv,1990,19.824
tuv,1991,19.856
tuv,1992,19.907
tuv,1993,19.769
tuv,1994,19.711
tuv,1995,19.448
tuv,1996,19.082
tuv,1997,18.656
tuv,1998,17.859
tuv,1999,17.095
tuv,2000,16.297
tuv,2001,15.500
tuv,2002,14.813
tuv,2003,14.125
tuv,2004,13.651
tuv,2005,13.248
tuv,2006,12.972
tuv,2007,12.739
tuv,2008,12.600
tuv,2009,12.442
tuv,2010,12.187
tuv,2011,11.889
tuv,2012,11.501
tuv,2013,11.045
tuv,2014,10.528
tuv,2015,9.9817
tuv,2016,9.3866
tuv,2017,8.8064
tuv,2018,8.1461
tuv,2019,7.5983
tuv,2020,7.0799
tuv,2021,6.6431
tuv,2022,6.1931
tuv,2023,5.8614
tuv,2024,5.4779
tza,1969,164.06
tza,1970,162.59
tza,1971,161.01
tza,1972,158.97
tza,1973,156.65
tza,1974,153.96
tza,1975,150.67
tza,1976,146.91
tza,1977,143.04
tza,1978,139.10
tza,1979,135.39
tza,1980,132.69
tza,1981,131.19
tza,1982,130.31
tza,1983,130.20
tza,1984,130.67
tza,1985,131.11
tza,1986,131.09
tza,1987,130.16
tza,1988,128.79
tza,1989,126.93
tza,1990,125.21
tza,1991,123.67
tza,1992,122.31
tza,1993,121.07
tza,1994,119.76
tza,1995,118.19
tza,1996,116.06
tza,1997,112.98
tza,1998,109.02
tza,1999,104.33
tza,2000,98.619
tza,2001,92.367
tza,2002,85.799
tza,2003,79.058
tza,2004,72.582
tza,2005,66.851
tza,2006,61.505
tza,2007,56.851
tza,2008,52.267
tza,2009,48.281
tza,2010,44.249
tza,2011,40.854
tza,2012,37.718
tza,2013,35.202
tza,2014,32.828
tza,2015,30.273
tza,2016,28.340
tza,2017,26.009
tza,2018,23.812
tza,2019,21.593
tza,2020,19.743
tza,2021,18.119
tza,2022,16.399
tza,2023,15.075
tza,2024,13.813
uga,1966,134.49
uga,1967,132.93
uga,1968,131.13
uga,1969,129.78
uga,1970,129.41
uga,1971,129.82
uga,1972,131.13
uga,1973,133.22
uga,1974,136.07
uga,1975,139.74
uga,1976,144.27
uga,1977,149.11
uga,1978,153.60
uga,1979,157.55
uga,1980,159.79
uga,1981,162.41
uga,1982,161.99
uga,1983,159.51
uga,1984,155.64
uga,1985,151.61
uga,1986,148.82
uga,1987,146.58
uga,1988,145.35
uga,1989,143.83
uga,1990,142.19
uga,1991,139.72
uga,1992,136.60
uga,1993,133.50
uga,1994,130.26
uga,1995,127.38
uga,1996,125.48
uga,1997,123.71
uga,1998,121.59
uga,1999,118.50
uga,2000,114.25
uga,2001,109.20
uga,2002,103.24
uga,2003,96.644
uga,2004,89.641
uga,2005,82.396
uga,2006,75.307
uga,2007,68.733
uga,2008,62.728
uga,2009,57.293
uga,2010,52.467
uga,2011,47.668
uga,2012,43.016
uga,2013,39.138
uga,2014,35.355
uga,2015,32.390
uga,2016,29.305
uga,2017,26.132
uga,2018,23.539
uga,2019,21.276
uga,2020,19.314
uga,2021,17.574
uga,2022,15.942
uga,2023,14.778
uga,2024,13.460
ukr,1985,6.7331
ukr,1986,6.4863
ukr,1987,6.3169
ukr,1988,6.1736
ukr,1989,6.0535
ukr,1990,5.9940
ukr,1991,5.9791
ukr,1992,5.9979
ukr,1993,6.0796
ukr,1994,6.2034
ukr,1995,6.3819
ukr,1996,6.4432
ukr,1997,6.4964
ukr,1998,6.4276
ukr,1999,6.2907
ukr,2000,6.1524
ukr,2001,5.9243
ukr,2002,5.7045
ukr,2003,5.4476
ukr,2004,5.1915
ukr,2005,4.9564
ukr,2006,4.6479
ukr,2007,4.3361
ukr,2008,4.1013
ukr,2009,3.8953
ukr,2010,3.6781
ukr,2011,3.4702
ukr,2012,3.2772
ukr,2013,3.0938
ukr,2014,2.9304
ukr,2015,2.7828
ukr,2016,2.6484
ukr,2017,2.5360
ukr,2018,2.4559
ukr,2019,2.3876
ukr,2020,2.3131
ukr,2021,2.2523
ukr,2022,2.2204
ukr,2023,2.5797
ukr,2024,2.1947
unicef_eap,1991,27.647
unicef_eap,1992,27.396
unicef_eap,1993,26.784
unicef_eap,1994,25.877
unicef_eap,1995,24.859
unicef_eap,1996,24.544
unicef_eap,1997,23.607
unicef_eap,1998,22.638
unicef_eap,1999,21.617
unicef_eap,2000,20.464
unicef_eap,2001,19.020
unicef_eap,2002,17.969
unicef_eap,2003,16.949
unicef_eap,2004,15.382
unicef_eap,2005,15.274
unicef_eap,2006,13.502
unicef_eap,2007,12.708
unicef_eap,2008,12.004
unicef_eap,2009,12.308
unicef_eap,2010,10.763
unicef_eap,2011,10.262
unicef_eap,2012,9.8005
unicef_eap,2013,9.2330
unicef_eap,2014,8.8034
unicef_eap,2015,8.3687
unicef_eap,2016,8.0481
unicef_eap,2017,7.6744
unicef_eap,2018,7.2911
unicef_eap,2019,7.1256
unicef_eap,2020,6.9152
unicef_eap,2021,6.8244
unicef_eap,2022,6.7117
unicef_eap,2023,6.5442
unicef_eap,2024,6.3407
unicef_eapro,1991,28.915
unicef_eapro,1992,28.776
unicef_eapro,1993,28.276
unicef_eapro,1994,27.360
unicef_eapro,1995,26.324
unicef_eapro,1996,26.016
unicef_eapro,1997,25.039
unicef_eapro,1998,24.039
unicef_eapro,1999,22.969
unicef_eapro,2000,21.755
unicef_eapro,2001,20.203
unicef_eapro,2002,19.072
unicef_eapro,2003,17.971
unicef_eapro,2004,16.278
unicef_eapro,2005,16.150
unicef_eapro,2006,14.239
unicef_eapro,2007,13.388
unicef_eapro,2008,12.643
unicef_eapro,2009,12.965
unicef_eapro,2010,11.310
unicef_eapro,2011,10.777
unicef_eapro,2012,10.285
unicef_eapro,2013,9.6771
unicef_eapro,2014,9.2189
unicef_eapro,2015,8.7576
unicef_eapro,2016,8.4255
unicef_eapro,2017,8.0312
unicef_eapro,2018,7.6155
unicef_eapro,2019,7.4513
unicef_eapro,2020,7.2393
unicef_eapro,2021,7.1579
unicef_eapro,2022,7.0607
unicef_eapro,2023,6.8988
unicef_eapro,2024,6.6844
unicef_eca,1991,16.270
unicef_eca,1992,15.898
unicef_eca,1993,15.828
unicef_eca,1994,15.553
unicef_eca,1995,14.901
unicef_eca,1996,14.430
unicef_eca,1997,13.574
unicef_eca,1998,12.796
unicef_eca,1999,12.029
unicef_eca,2000,11.168
unicef_eca,2001,10.244
unicef_eca,2002,9.5086
unicef_eca,2003,8.8602
unicef_eca,2004,8.2250
unicef_eca,2005,7.6648
unicef_eca,2006,7.1218
unicef_eca,2007,6.6230
unicef_eca,2008,6.2179
unicef_eca,2009,5.8507
unicef_eca,2010,5.5344
unicef_eca,2011,5.2161
unicef_eca,2012,4.9452
unicef_eca,2013,4.7213
unicef_eca,2014,4.5400
unicef_eca,2015,4.3544
unicef_eca,2016,4.1567
unicef_eca,2017,3.9312
unicef_eca,2018,3.7158
unicef_eca,2019,3.5450
unicef_eca,2020,3.3947
unicef_eca,2021,3.2794
unicef_eca,2022,3.1639
unicef_eca,2023,3.0772
unicef_eca,2024,3.3569
unicef_ecaro,1991,30.616
unicef_ecaro,1992,29.941
unicef_ecaro,1993,29.906
unicef_ecaro,1994,29.367
unicef_ecaro,1995,28.122
unicef_ecaro,1996,27.288
unicef_ecaro,1997,25.735
unicef_ecaro,1998,24.236
unicef_ecaro,1999,22.684
unicef_ecaro,2000,21.000
unicef_ecaro,2001,19.290
unicef_ecaro,2002,17.818
unicef_ecaro,2003,16.490
unicef_ecaro,2004,15.143
unicef_ecaro,2005,13.962
unicef_ecaro,2006,12.847
unicef_ecaro,2007,11.803
unicef_ecaro,2008,10.889
unicef_ecaro,2009,10.085
unicef_ecaro,2010,9.3931
unicef_ecaro,2011,8.8103
unicef_ecaro,2012,8.3402
unicef_ecaro,2013,7.8943
unicef_ecaro,2014,7.5197
unicef_ecaro,2015,7.1351
unicef_ecaro,2016,6.7560
unicef_ecaro,2017,6.3782
unicef_ecaro,2018,6.0354
unicef_ecaro,2019,5.7389
unicef_ecaro,2020,5.4731
unicef_ecaro,2021,5.2302
unicef_ecaro,2022,5.0061
unicef_ecaro,2023,4.8510
unicef_ecaro,2024,5.5795
unicef_eeca,1991,25.085
unicef_eeca,1992,24.951
unicef_eeca,1993,25.375
unicef_eeca,1994,25.412
unicef_eeca,1995,24.523
unicef_eeca,1996,23.898
unicef_eeca,1997,22.726
unicef_eeca,1998,21.596
unicef_eeca,1999,20.320
unicef_eeca,2000,18.933
unicef_eeca,2001,17.443
unicef_eeca,2002,16.099
unicef_eeca,2003,14.831
unicef_eeca,2004,13.613
unicef_eeca,2005,12.545
unicef_eeca,2006,11.572
unicef_eeca,2007,10.664
unicef_eeca,2008,9.8528
unicef_eeca,2009,9.1608
unicef_eeca,2010,8.5733
unicef_eeca,2011,8.0463
unicef_eeca,2012,7.5836
unicef_eeca,2013,7.1312
unicef_eeca,2014,6.7639
unicef_eeca,2015,6.4166
unicef_eeca,2016,6.0768
unicef_eeca,2017,5.7308
unicef_eeca,2018,5.4176
unicef_eeca,2019,5.1511
unicef_eeca,2020,4.9220
unicef_eeca,2021,4.7253
unicef_eeca,2022,4.5352
unicef_eeca,2023,4.3937
unicef_eeca,2024,4.8989
unicef_esa,1991,122.20
unicef_esa,1992,129.32
unicef_esa,1993,128.55
unicef_esa,1994,120.27
unicef_esa,1995,121.68
unicef_esa,1996,115.05
unicef_esa,1997,112.17
unicef_esa,1998,109.45
unicef_esa,1999,110.57
unicef_esa,2000,101.61
unicef_esa,2001,97.135
unicef_esa,2002,92.396
unicef_esa,2003,86.930
unicef_esa,2004,81.990
unicef_esa,2005,78.052
unicef_esa,2006,73.115
unicef_esa,2007,67.349
unicef_esa,2008,62.552
unicef_esa,2009,57.802
unicef_esa,2010,53.391
unicef_esa,2011,50.481
unicef_esa,2012,52.073
unicef_esa,2013,43.901
unicef_esa,2014,40.143
unicef_esa,2015,39.538
unicef_esa,2016,38.157
unicef_esa,2017,36.194
unicef_esa,2018,35.222
unicef_esa,2019,30.829
unicef_esa,2020,28.598
unicef_esa,2021,27.390
unicef_esa,2022,26.100
unicef_esa,2023,25.942
unicef_esa,2024,23.768
unicef_esaro,1991,125.18
unicef_esaro,1992,133.03
unicef_esaro,1993,132.41
unicef_esaro,1994,123.56
unicef_esaro,1995,125.29
unicef_esaro,1996,118.28
unicef_esaro,1997,115.29
unicef_esaro,1998,112.50
unicef_esaro,1999,113.92
unicef_esaro,2000,104.45
unicef_esaro,2001,99.824
unicef_esaro,2002,94.901
unicef_esaro,2003,89.247
unicef_esaro,2004,84.087
unicef_esaro,2005,78.959
unicef_esaro,2006,73.715
unicef_esaro,2007,68.746
unicef_esaro,2008,63.725
unicef_esaro,2009,58.707
unicef_esaro,2010,54.087
unicef_esaro,2011,51.112
unicef_esaro,2012,52.982
unicef_esaro,2013,44.238
unicef_esaro,2014,40.340
unicef_esaro,2015,39.795
unicef_esaro,2016,38.448
unicef_esaro,2017,36.475
unicef_esaro,2018,35.517
unicef_esaro,2019,30.801
unicef_esaro,2020,28.524
unicef_esaro,2021,27.344
unicef_esaro,2022,26.047
unicef_esaro,2023,26.005
unicef_esaro,2024,23.673
unicef_lac,1991,31.654
unicef_lac,1992,29.958
unicef_lac,1993,28.208
unicef_lac,1994,26.441
unicef_lac,1995,24.716
unicef_lac,1996,23.067
unicef_lac,1997,21.530
unicef_lac,1998,20.082
unicef_lac,1999,19.252
unicef_lac,2000,17.443
unicef_lac,2001,16.407
unicef_lac,2002,15.523
unicef_lac,2003,14.769
unicef_lac,2004,14.063
unicef_lac,2005,13.396
unicef_lac,2006,12.737
unicef_lac,2007,12.140
unicef_lac,2008,11.558
unicef_lac,2009,10.991
unicef_lac,2010,10.460
unicef_lac,2011,11.407
unicef_lac,2012,9.5586
unicef_lac,2013,9.1967
unicef_lac,2014,8.8545
unicef_lac,2015,8.5289
unicef_lac,2016,8.0868
unicef_lac,2017,8.1566
unicef_lac,2018,7.7238
unicef_lac,2019,7.3606
unicef_lac,2020,7.0246
unicef_lac,2021,6.7549
unicef_lac,2022,6.5894
unicef_lac,2023,6.5333
unicef_lac,2024,6.4907
unicef_lacro,1991,31.665
unicef_lacro,1992,29.969
unicef_lacro,1993,28.219
unicef_lacro,1994,26.451
unicef_lacro,1995,24.724
unicef_lacro,1996,23.075
unicef_lacro,1997,21.537
unicef_lacro,1998,20.088
unicef_lacro,1999,19.258
unicef_lacro,2000,17.448
unicef_lacro,2001,16.412
unicef_lacro,2002,15.527
unicef_lacro,2003,14.772
unicef_lacro,2004,14.067
unicef_lacro,2005,13.398
unicef_lacro,2006,12.739
unicef_lacro,2007,12.142
unicef_lacro,2008,11.560
unicef_lacro,2009,10.993
unicef_lacro,2010,10.461
unicef_lacro,2011,11.409
unicef_lacro,2012,9.5598
unicef_lacro,2013,9.1977
unicef_lacro,2014,8.8558
unicef_lacro,2015,8.5303
unicef_lacro,2016,8.0881
unicef_lacro,2017,8.1581
unicef_lacro,2018,7.7253
unicef_lacro,2019,7.3620
unicef_lacro,2020,7.0218
unicef_lacro,2021,6.7561
unicef_lacro,2022,6.5908
unicef_lacro,2023,6.5346
unicef_lacro,2024,6.4920
unicef_mena,1991,39.627
unicef_mena,1992,36.779
unicef_mena,1993,34.095
unicef_mena,1994,32.500
unicef_mena,1995,30.991
unicef_mena,1996,29.510
unicef_mena,1997,27.899
unicef_mena,1998,26.347
unicef_mena,1999,24.796
unicef_mena,2000,23.219
unicef_mena,2001,21.689
unicef_mena,2002,20.254
unicef_mena,2003,18.902
unicef_mena,2004,17.666
unicef_mena,2005,16.516
unicef_mena,2006,15.473
unicef_mena,2007,14.533
unicef_mena,2008,13.652
unicef_mena,2009,12.868
unicef_mena,2010,12.195
unicef_mena,2011,11.589
unicef_mena,2012,11.249
unicef_mena,2013,11.430
unicef_mena,2014,11.067
unicef_mena,2015,10.554
unicef_mena,2016,10.263
unicef_mena,2017,9.6048
unicef_mena,2018,9.2524
unicef_mena,2019,9.0844
unicef_mena,2020,8.6505
unicef_mena,2021,8.1634
unicef_mena,2022,7.8963
unicef_mena,2023,7.5845
unicef_mena,2024,7.7059
unicef_menaro,1991,45.178
unicef_menaro,1992,42.526
unicef_menaro,1993,40.073
unicef_menaro,1994,38.556
unicef_menaro,1995,37.127
unicef_menaro,1996,35.755
unicef_menaro,1997,34.220
unicef_menaro,1998,32.659
unicef_menaro,1999,31.014
unicef_menaro,2000,29.311
unicef_menaro,2001,27.649
unicef_menaro,2002,26.083
unicef_menaro,2003,24.567
unicef_menaro,2004,23.132
unicef_menaro,2005,23.342
unicef_menaro,2006,22.096
unicef_menaro,2007,19.272
unicef_menaro,2008,18.132
unicef_menaro,2009,17.104
unicef_menaro,2010,16.216
unicef_menaro,2011,15.424
unicef_menaro,2012,14.856
unicef_menaro,2013,14.750
unicef_menaro,2014,14.188
unicef_menaro,2015,13.539
unicef_menaro,2016,13.117
unicef_menaro,2017,12.413
unicef_menaro,2018,11.965
unicef_menaro,2019,11.720
unicef_menaro,2020,11.234
unicef_menaro,2021,10.637
unicef_menaro,2022,10.255
unicef_menaro,2023,9.8546
unicef_menaro,2024,9.7736
unicef_na,1991,5.2154
unicef_na,1992,5.0578
unicef_na,1993,4.8576
unicef_na,1994,4.6368
unicef_na,1995,4.4175
unicef_na,1996,4.2178
unicef_na,1997,4.0490
unicef_na,1998,3.9087
unicef_na,1999,3.7975
unicef_na,2000,3.7033
unicef_na,2001,3.6163
unicef_na,2002,3.5181
unicef_na,2003,3.4190
unicef_na,2004,3.3412
unicef_na,2005,3.3042
unicef_na,2006,3.2923
unicef_na,2007,3.2767
unicef_na,2008,3.2406
unicef_na,2009,3.1818
unicef_na,2010,3.1114
unicef_na,2011,3.0292
unicef_na,2012,2.9327
unicef_na,2013,2.8298
unicef_na,2014,2.7514
unicef_na,2015,2.7217
unicef_na,2016,2.7155
unicef_na,2017,2.6948
unicef_na,2018,2.6461
unicef_na,2019,2.6036
unicef_na,2020,2.6057
unicef_na,2021,2.6561
unicef_na,2022,2.7358
unicef_na,2023,2.8257
unicef_na,2024,2.8695
unicef_rosa,1991,73.240
unicef_rosa,1992,70.506
unicef_rosa,1993,67.888
unicef_rosa,1994,65.372
unicef_rosa,1995,62.828
unicef_rosa,1996,60.263
unicef_rosa,1997,57.682
unicef_rosa,1998,55.063
unicef_rosa,1999,52.471
unicef_rosa,2000,49.922
unicef_rosa,2001,47.414
unicef_rosa,2002,44.998
unicef_rosa,2003,42.792
unicef_rosa,2004,40.704
unicef_rosa,2005,38.808
unicef_rosa,2006,36.693
unicef_rosa,2007,34.736
unicef_rosa,2008,32.810
unicef_rosa,2009,30.909
unicef_rosa,2010,29.177
unicef_rosa,2011,27.360
unicef_rosa,2012,25.647
unicef_rosa,2013,24.002
unicef_rosa,2014,22.402
unicef_rosa,2015,20.902
unicef_rosa,2016,19.471
unicef_rosa,2017,18.057
unicef_rosa,2018,16.808
unicef_rosa,2019,15.699
unicef_rosa,2020,14.775
unicef_rosa,2021,13.958
unicef_rosa,2022,13.202
unicef_rosa,2023,12.480
unicef_rosa,2024,11.806
unicef_sa,1991,73.240
unicef_sa,1992,70.506
unicef_sa,1993,67.888
unicef_sa,1994,65.372
unicef_sa,1995,62.828
unicef_sa,1996,60.263
unicef_sa,1997,57.682
unicef_sa,1998,55.063
unicef_sa,1999,52.471
unicef_sa,2000,49.922
unicef_sa,2001,47.414
unicef_sa,2002,44.998
unicef_sa,2003,42.792
unicef_sa,2004,40.704
unicef_sa,2005,38.808
unicef_sa,2006,36.693
unicef_sa,2007,34.736
unicef_sa,2008,32.810
unicef_sa,2009,30.909
unicef_sa,2010,29.177
unicef_sa,2011,27.360
unicef_sa,2012,25.647
unicef_sa,2013,24.002
unicef_sa,2014,22.402
unicef_sa,2015,20.902
unicef_sa,2016,19.471
unicef_sa,2017,18.057
unicef_sa,2018,16.808
unicef_sa,2019,15.699
unicef_sa,2020,14.775
unicef_sa,2021,13.958
unicef_sa,2022,13.202
unicef_sa,2023,12.480
unicef_sa,2024,11.806
unicef_ssa,1991,136.95
unicef_ssa,1992,140.08
unicef_ssa,1993,139.04
unicef_ssa,1994,133.90
unicef_ssa,1995,133.79
unicef_ssa,1996,129.51
unicef_ssa,1997,126.90
unicef_ssa,1998,124.10
unicef_ssa,1999,123.03
unicef_ssa,2000,116.61
unicef_ssa,2001,112.28
unicef_ssa,2002,107.78
unicef_ssa,2003,102.80
unicef_ssa,2004,98.028
unicef_ssa,2005,93.758
unicef_ssa,2006,88.986
unicef_ssa,2007,83.954
unicef_ssa,2008,79.576
unicef_ssa,2009,75.362
unicef_ssa,2010,73.872
unicef_ssa,2011,68.639
unicef_ssa,2012,68.214
unicef_ssa,2013,62.634
unicef_ssa,2014,59.554
unicef_ssa,2015,58.463
unicef_ssa,2016,56.231
unicef_ssa,2017,54.057
unicef_ssa,2018,52.455
unicef_ssa,2019,48.385
unicef_ssa,2020,46.472
unicef_ssa,2021,43.612
unicef_ssa,2022,41.897
unicef_ssa,2023,42.253
unicef_ssa,2024,37.780
unicef_wca,1991,150.30
unicef_wca,1992,148.80
unicef_wca,1993,147.43
unicef_wca,1994,145.91
unicef_wca,1995,144.21
unicef_wca,1996,142.27
unicef_wca,1997,139.85
unicef_wca,1998,136.99
unicef_wca,1999,133.66
unicef_wca,2000,129.97
unicef_wca,2001,125.85
unicef_wca,2002,121.43
unicef_wca,2003,116.86
unicef_wca,2004,112.21
unicef_wca,2005,107.58
unicef_wca,2006,102.95
unicef_wca,2007,98.584
unicef_wca,2008,94.539
unicef_wca,2009,90.683
unicef_wca,2010,91.760
unicef_wca,2011,83.949
unicef_wca,2012,80.701
unicef_wca,2013,77.811
unicef_wca,2014,75.248
unicef_wca,2015,73.299
unicef_wca,2016,70.048
unicef_wca,2017,67.487
unicef_wca,2018,65.100
unicef_wca,2019,61.984
unicef_wca,2020,60.675
unicef_wca,2021,56.413
unicef_wca,2022,54.164
unicef_wca,2023,54.456
unicef_wca,2024,48.275
unicef_wcaro,1991,150.30
unicef_wcaro,1992,148.80
unicef_wcaro,1993,147.43
unicef_wcaro,1994,145.91
unicef_wcaro,1995,144.21
unicef_wcaro,1996,142.27
unicef_wcaro,1997,139.85
unicef_wcaro,1998,136.99
unicef_wcaro,1999,133.66
unicef_wcaro,2000,129.97
unicef_wcaro,2001,125.85
unicef_wcaro,2002,121.43
unicef_wcaro,2003,116.86
unicef_wcaro,2004,112.21
unicef_wcaro,2005,107.58
unicef_wcaro,2006,102.95
unicef_wcaro,2007,98.584
unicef_wcaro,2008,94.539
unicef_wcaro,2009,90.683
unicef_wcaro,2010,91.760
unicef_wcaro,2011,83.949
unicef_wcaro,2012,80.701
unicef_wcaro,2013,77.811
unicef_wcaro,2014,75.248
unicef_wcaro,2015,73.299
unicef_wcaro,2016,70.048
unicef_wcaro,2017,67.487
unicef_wcaro,2018,65.100
unicef_wcaro,2019,61.984
unicef_wcaro,2020,60.675
unicef_wcaro,2021,56.413
unicef_wcaro,2022,54.164
unicef_wcaro,2023,54.456
unicef_wcaro,2024,48.275
unicef_we,1991,4.8623
unicef_we,1992,4.5931
unicef_we,1993,4.2977
unicef_we,1994,3.9858
unicef_we,1995,3.6820
unicef_we,1996,3.4160
unicef_we,1997,3.2057
unicef_we,1998,3.0450
unicef_we,1999,2.9130
unicef_we,2000,2.7919
unicef_we,2001,2.6802
unicef_we,2002,2.5816
unicef_we,2003,2.4912
unicef_we,2004,2.4037
unicef_we,2005,2.3139
unicef_we,2006,2.2359
unicef_we,2007,2.1690
unicef_we,2008,2.1062
unicef_we,2009,2.0321
unicef_we,2010,1.9481
unicef_we,2011,1.8670
unicef_we,2012,1.7956
unicef_we,2013,1.7364
unicef_we,2014,1.6884
unicef_we,2015,1.6499
unicef_we,2016,1.6152
unicef_we,2017,1.5799
unicef_we,2018,1.5422
unicef_we,2019,1.5049
unicef_we,2020,1.4770
unicef_we,2021,1.4636
unicef_we,2022,1.4596
unicef_we,2023,1.4592
unicef_we,2024,1.4489
unsdg_australianewzealand,1991,4.8589
unsdg_australianewzealand,1992,4.5049
unsdg_australianewzealand,1993,4.1790
unsdg_australianewzealand,1994,3.9256
unsdg_australianewzealand,1995,3.7051
unsdg_australianewzealand,1996,3.5235
unsdg_australianewzealand,1997,3.3531
unsdg_australianewzealand,1998,3.1952
unsdg_australianewzealand,1999,3.0491
unsdg_australianewzealand,2000,2.9221
unsdg_australianewzealand,2001,2.8106
unsdg_australianewzealand,2002,2.7182
unsdg_australianewzealand,2003,2.6462
unsdg_australianewzealand,2004,2.6148
unsdg_australianewzealand,2005,2.5899
unsdg_australianewzealand,2006,2.5587
unsdg_australianewzealand,2007,2.5134
unsdg_australianewzealand,2008,2.4461
unsdg_australianewzealand,2009,2.3548
unsdg_australianewzealand,2010,2.2392
unsdg_australianewzealand,2011,2.1216
unsdg_australianewzealand,2012,1.9958
unsdg_australianewzealand,2013,1.8722
unsdg_australianewzealand,2014,1.7612
unsdg_australianewzealand,2015,1.6689
unsdg_australianewzealand,2016,1.6092
unsdg_australianewzealand,2017,1.5663
unsdg_australianewzealand,2018,1.5337
unsdg_australianewzealand,2019,1.5050
unsdg_australianewzealand,2020,1.4790
unsdg_australianewzealand,2021,1.4539
unsdg_australianewzealand,2022,1.4250
unsdg_australianewzealand,2023,1.3918
unsdg_australianewzealand,2024,1.3491
unsdg_centralasia,1991,40.430
unsdg_centralasia,1992,40.591
unsdg_centralasia,1993,41.080
unsdg_centralasia,1994,41.531
unsdg_centralasia,1995,41.688
unsdg_centralasia,1996,41.308
unsdg_centralasia,1997,39.863
unsdg_centralasia,1998,38.157
unsdg_centralasia,1999,36.324
unsdg_centralasia,2000,34.086
unsdg_centralasia,2001,31.460
unsdg_centralasia,2002,28.854
unsdg_centralasia,2003,26.288
unsdg_centralasia,2004,23.830
unsdg_centralasia,2005,21.493
unsdg_centralasia,2006,19.382
unsdg_centralasia,2007,17.357
unsdg_centralasia,2008,15.667
unsdg_centralasia,2009,14.235
unsdg_centralasia,2010,13.191
unsdg_centralasia,2011,12.255
unsdg_centralasia,2012,11.478
unsdg_centralasia,2013,10.785
unsdg_centralasia,2014,10.181
unsdg_centralasia,2015,9.5460
unsdg_centralasia,2016,8.9109
unsdg_centralasia,2017,8.2922
unsdg_centralasia,2018,7.8115
unsdg_centralasia,2019,7.3558
unsdg_centralasia,2020,6.9553
unsdg_centralasia,2021,6.5959
unsdg_centralasia,2022,6.2620
unsdg_centralasia,2023,6.0094
unsdg_centralasia,2024,5.8294
unsdg_centralasiasouthernasia,1991,70.134
unsdg_centralasiasouthernasia,1992,67.594
unsdg_centralasiasouthernasia,1993,65.250
unsdg_centralasiasouthernasia,1994,63.031
unsdg_centralasiasouthernasia,1995,60.811
unsdg_centralasiasouthernasia,1996,58.569
unsdg_centralasiasouthernasia,1997,56.157
unsdg_centralasiasouthernasia,1998,53.699
unsdg_centralasiasouthernasia,1999,51.218
unsdg_centralasiasouthernasia,2000,48.720
unsdg_centralasiasouthernasia,2001,46.265
unsdg_centralasiasouthernasia,2002,43.878
unsdg_centralasiasouthernasia,2003,41.675
unsdg_centralasiasouthernasia,2004,39.590
unsdg_centralasiasouthernasia,2005,37.663
unsdg_centralasiasouthernasia,2006,35.501
unsdg_centralasiasouthernasia,2007,33.514
unsdg_centralasiasouthernasia,2008,31.565
unsdg_centralasiasouthernasia,2009,29.655
unsdg_centralasiasouthernasia,2010,27.956
unsdg_centralasiasouthernasia,2011,26.179
unsdg_centralasiasouthernasia,2012,24.517
unsdg_centralasiasouthernasia,2013,22.921
unsdg_centralasiasouthernasia,2014,21.358
unsdg_centralasiasouthernasia,2015,19.910
unsdg_centralasiasouthernasia,2016,18.527
unsdg_centralasiasouthernasia,2017,17.183
unsdg_centralasiasouthernasia,2018,16.024
unsdg_centralasiasouthernasia,2019,14.981
unsdg_centralasiasouthernasia,2020,14.138
unsdg_centralasiasouthernasia,2021,13.384
unsdg_centralasiasouthernasia,2022,12.674
unsdg_centralasiasouthernasia,2023,12.002
unsdg_centralasiasouthernasia,2024,11.382
unsdg_easternasia,1991,20.790
unsdg_easternasia,1992,20.673
unsdg_easternasia,1993,20.182
unsdg_easternasia,1994,19.603
unsdg_easternasia,1995,18.795
unsdg_easternasia,1996,19.076
unsdg_easternasia,1997,18.329
unsdg_easternasia,1998,17.497
unsdg_easternasia,1999,16.577
unsdg_easternasia,2000,15.468
unsdg_easternasia,2001,14.287
unsdg_easternasia,2002,13.246
unsdg_easternasia,2003,12.242
unsdg_easternasia,2004,10.390
unsdg_easternasia,2005,9.5573
unsdg_easternasia,2006,8.8468
unsdg_easternasia,2007,8.2516
unsdg_easternasia,2008,7.7357
unsdg_easternasia,2009,7.3344
unsdg_easternasia,2010,6.9367
unsdg_easternasia,2011,6.5611
unsdg_easternasia,2012,6.1835
unsdg_easternasia,2013,5.8075
unsdg_easternasia,2014,5.4537
unsdg_easternasia,2015,5.1161
unsdg_easternasia,2016,4.8217
unsdg_easternasia,2017,4.5600
unsdg_easternasia,2018,4.3110
unsdg_easternasia,2019,4.0852
unsdg_easternasia,2020,3.8580
unsdg_easternasia,2021,3.6606
unsdg_easternasia,2022,3.4408
unsdg_easternasia,2023,3.2265
unsdg_easternasia,2024,3.0049
unsdg_easternasiasoutheasternasia,1991,27.743
unsdg_easternasiasoutheasternasia,1992,27.507
unsdg_easternasiasoutheasternasia,1993,26.901
unsdg_easternasiasoutheasternasia,1994,25.997
unsdg_easternasiasoutheasternasia,1995,24.966
unsdg_easternasiasoutheasternasia,1996,24.649
unsdg_easternasiasoutheasternasia,1997,23.702
unsdg_easternasiasoutheasternasia,1998,22.719
unsdg_easternasiasoutheasternasia,1999,21.685
unsdg_easternasiasoutheasternasia,2000,20.511
unsdg_easternasiasoutheasternasia,2001,19.048
unsdg_easternasiasoutheasternasia,2002,17.974
unsdg_easternasiasoutheasternasia,2003,16.937
unsdg_easternasiasoutheasternasia,2004,15.345
unsdg_easternasiasoutheasternasia,2005,15.239
unsdg_easternasiasoutheasternasia,2006,13.449
unsdg_easternasiasoutheasternasia,2007,12.642
unsdg_easternasiasoutheasternasia,2008,11.934
unsdg_easternasiasoutheasternasia,2009,12.257
unsdg_easternasiasoutheasternasia,2010,10.688
unsdg_easternasiasoutheasternasia,2011,10.182
unsdg_easternasiasoutheasternasia,2012,9.7153
unsdg_easternasiasoutheasternasia,2013,9.1517
unsdg_easternasiasoutheasternasia,2014,8.7206
unsdg_easternasiasoutheasternasia,2015,8.2783
unsdg_easternasiasoutheasternasia,2016,7.9595
unsdg_easternasiasoutheasternasia,2017,7.5919
unsdg_easternasiasoutheasternasia,2018,7.2052
unsdg_easternasiasoutheasternasia,2019,7.0393
unsdg_easternasiasoutheasternasia,2020,6.8249
unsdg_easternasiasoutheasternasia,2021,6.7268
unsdg_easternasiasoutheasternasia,2022,6.6126
unsdg_easternasiasoutheasternasia,2023,6.4525
unsdg_easternasiasoutheasternasia,2024,6.2446
unsdg_europe,1991,7.0121
unsdg_europe,1992,6.7365
unsdg_europe,1993,6.7869
unsdg_europe,1994,6.5428
unsdg_europe,1995,6.0247
unsdg_europe,1996,5.9013
unsdg_europe,1997,5.6622
unsdg_europe,1998,5.4682
unsdg_europe,1999,5.3004
unsdg_europe,2000,5.0538
unsdg_europe,2001,4.7883
unsdg_europe,2002,4.5732
unsdg_europe,2003,4.4147
unsdg_europe,2004,4.2557
unsdg_europe,2005,4.0402
unsdg_europe,2006,3.7909
unsdg_europe,2007,3.5705
unsdg_europe,2008,3.4397
unsdg_europe,2009,3.3510
unsdg_europe,2010,3.2368
unsdg_europe,2011,3.0763
unsdg_europe,2012,2.9177
unsdg_europe,2013,2.7909
unsdg_europe,2014,2.6733
unsdg_europe,2015,2.5587
unsdg_europe,2016,2.4556
unsdg_europe,2017,2.3407
unsdg_europe,2018,2.1992
unsdg_europe,2019,2.0731
unsdg_europe,2020,1.9844
unsdg_europe,2021,1.9405
unsdg_europe,2022,1.8992
unsdg_europe,2023,1.8628
unsdg_europe,2024,1.7905
unsdg_europenorthernamr,1991,6.4643
unsdg_europenorthernamr,1992,6.2158
unsdg_europenorthernamr,1993,6.1623
unsdg_europenorthernamr,1994,5.9117
unsdg_europenorthernamr,1995,5.4899
unsdg_europenorthernamr,1996,5.3352
unsdg_europenorthernamr,1997,5.1176
unsdg_europenorthernamr,1998,4.9379
unsdg_europenorthernamr,1999,4.7827
unsdg_europenorthernamr,2000,4.5841
unsdg_europenorthernamr,2001,4.3758
unsdg_europenorthernamr,2002,4.2050
unsdg_europenorthernamr,2003,4.0684
unsdg_europenorthernamr,2004,3.9404
unsdg_europenorthernamr,2005,3.7911
unsdg_europenorthernamr,2006,3.6283
unsdg_europenorthernamr,2007,3.4847
unsdg_europenorthernamr,2008,3.3877
unsdg_europenorthernamr,2009,3.3089
unsdg_europenorthernamr,2010,3.2106
unsdg_europenorthernamr,2011,3.0769
unsdg_europenorthernamr,2012,2.9387
unsdg_europenorthernamr,2013,2.8196
unsdg_europenorthernamr,2014,2.7171
unsdg_europenorthernamr,2015,2.6327
unsdg_europenorthernamr,2016,2.5636
unsdg_europenorthernamr,2017,2.4812
unsdg_europenorthernamr,2018,2.3736
unsdg_europenorthernamr,2019,2.2798
unsdg_europenorthernamr,2020,2.2269
unsdg_europenorthernamr,2021,2.2174
unsdg_europenorthernamr,2022,2.2240
unsdg_europenorthernamr,2023,2.2504
unsdg_europenorthernamr,2024,2.2321
unsdg_lac,1991,31.654
unsdg_lac,1992,29.958
unsdg_lac,1993,28.208
unsdg_lac,1994,26.441
unsdg_lac,1995,24.716
unsdg_lac,1996,23.067
unsdg_lac,1997,21.530
unsdg_lac,1998,20.082
unsdg_lac,1999,19.252
unsdg_lac,2000,17.443
unsdg_lac,2001,16.407
unsdg_lac,2002,15.523
unsdg_lac,2003,14.769
unsdg_lac,2004,14.063
unsdg_lac,2005,13.396
unsdg_lac,2006,12.737
unsdg_lac,2007,12.140
unsdg_lac,2008,11.558
unsdg_lac,2009,10.991
unsdg_lac,2010,10.460
unsdg_lac,2011,11.407
unsdg_lac,2012,9.5586
unsdg_lac,2013,9.1967
unsdg_lac,2014,8.8545
unsdg_lac,2015,8.5289
unsdg_lac,2016,8.0868
unsdg_lac,2017,8.1566
unsdg_lac,2018,7.7238
unsdg_lac,2019,7.3606
unsdg_lac,2020,7.0246
unsdg_lac,2021,6.7549
unsdg_lac,2022,6.5894
unsdg_lac,2023,6.5333
unsdg_lac,2024,6.4907
unsdg_ldc,1991,127.62
unsdg_ldc,1992,129.64
unsdg_ldc,1993,127.38
unsdg_ldc,1994,120.78
unsdg_ldc,1995,119.41
unsdg_ldc,1996,113.80
unsdg_ldc,1997,110.59
unsdg_ldc,1998,107.21
unsdg_ldc,1999,105.84
unsdg_ldc,2000,98.973
unsdg_ldc,2001,94.457
unsdg_ldc,2002,89.859
unsdg_ldc,2003,85.254
unsdg_ldc,2004,80.726
unsdg_ldc,2005,76.875
unsdg_ldc,2006,72.732
unsdg_ldc,2007,68.286
unsdg_ldc,2008,64.473
unsdg_ldc,2009,62.045
unsdg_ldc,2010,60.544
unsdg_ldc,2011,55.991
unsdg_ldc,2012,55.720
unsdg_ldc,2013,50.016
unsdg_ldc,2014,47.028
unsdg_ldc,2015,46.262
unsdg_ldc,2016,44.317
unsdg_ldc,2017,42.398
unsdg_ldc,2018,41.242
unsdg_ldc,2019,37.694
unsdg_ldc,2020,36.472
unsdg_ldc,2021,34.062
unsdg_ldc,2022,32.968
unsdg_ldc,2023,33.953
unsdg_ldc,2024,29.794
unsdg_lldc,1991,123.66
unsdg_lldc,1992,121.83
unsdg_lldc,1993,121.26
unsdg_lldc,1994,120.16
unsdg_lldc,1995,121.25
unsdg_lldc,1996,113.60
unsdg_lldc,1997,110.73
unsdg_lldc,1998,108.26
unsdg_lldc,1999,109.83
unsdg_lldc,2000,100.52
unsdg_lldc,2001,96.396
unsdg_lldc,2002,91.689
unsdg_lldc,2003,86.402
unsdg_lldc,2004,81.436
unsdg_lldc,2005,76.329
unsdg_lldc,2006,71.397
unsdg_lldc,2007,66.920
unsdg_lldc,2008,62.730
unsdg_lldc,2009,58.781
unsdg_lldc,2010,60.729
unsdg_lldc,2011,52.170
unsdg_lldc,2012,48.992
unsdg_lldc,2013,46.182
unsdg_lldc,2014,43.776
unsdg_lldc,2015,43.943
unsdg_lldc,2016,41.745
unsdg_lldc,2017,40.108
unsdg_lldc,2018,38.637
unsdg_lldc,2019,34.348
unsdg_lldc,2020,33.990
unsdg_lldc,2021,30.820
unsdg_lldc,2022,30.065
unsdg_lldc,2023,32.046
unsdg_lldc,2024,26.615
unsdg_northafr,1991,52.205
unsdg_northafr,1992,50.144
unsdg_northafr,1993,48.058
unsdg_northafr,1994,46.102
unsdg_northafr,1995,44.070
unsdg_northafr,1996,42.108
unsdg_northafr,1997,40.158
unsdg_northafr,1998,38.091
unsdg_northafr,1999,35.995
unsdg_northafr,2000,33.988
unsdg_northafr,2001,32.080
unsdg_northafr,2002,30.294
unsdg_northafr,2003,28.552
unsdg_northafr,2004,26.875
unsdg_northafr,2005,28.239
unsdg_northafr,2006,26.873
unsdg_northafr,2007,22.463
unsdg_northafr,2008,21.204
unsdg_northafr,2009,20.063
unsdg_northafr,2010,19.018
unsdg_northafr,2011,18.034
unsdg_northafr,2012,17.177
unsdg_northafr,2013,16.183
unsdg_northafr,2014,15.391
unsdg_northafr,2015,14.645
unsdg_northafr,2016,14.002
unsdg_northafr,2017,13.421
unsdg_northafr,2018,12.780
unsdg_northafr,2019,12.181
unsdg_northafr,2020,11.675
unsdg_northafr,2021,11.105
unsdg_northafr,2022,10.563
unsdg_northafr,2023,10.054
unsdg_northafr,2024,10.038
unsdg_northernamr,1991,5.2154
unsdg_northernamr,1992,5.0578
unsdg_northernamr,1993,4.8576
unsdg_northernamr,1994,4.6368
unsdg_northernamr,1995,4.4175
unsdg_northernamr,1996,4.2178
unsdg_northernamr,1997,4.0490
unsdg_northernamr,1998,3.9087
unsdg_northernamr,1999,3.7975
unsdg_northernamr,2000,3.7033
unsdg_northernamr,2001,3.6163
unsdg_northernamr,2002,3.5181
unsdg_northernamr,2003,3.4190
unsdg_northernamr,2004,3.3412
unsdg_northernamr,2005,3.3042
unsdg_northernamr,2006,3.2923
unsdg_northernamr,2007,3.2767
unsdg_northernamr,2008,3.2406
unsdg_northernamr,2009,3.1818
unsdg_northernamr,2010,3.1114
unsdg_northernamr,2011,3.0292
unsdg_northernamr,2012,2.9327
unsdg_northernamr,2013,2.8298
unsdg_northernamr,2014,2.7514
unsdg_northernamr,2015,2.7217
unsdg_northernamr,2016,2.7155
unsdg_northernamr,2017,2.6948
unsdg_northernamr,2018,2.6461
unsdg_northernamr,2019,2.6036
unsdg_northernamr,2020,2.6057
unsdg_northernamr,2021,2.6561
unsdg_northernamr,2022,2.7358
unsdg_northernamr,2023,2.8257
unsdg_northernamr,2024,2.8695
unsdg_oceania,1991,18.462
unsdg_oceania,1992,17.775
unsdg_oceania,1993,17.234
unsdg_oceania,1994,16.872
unsdg_oceania,1995,16.638
unsdg_oceania,1996,16.416
unsdg_oceania,1997,16.240
unsdg_oceania,1998,16.125
unsdg_oceania,1999,16.105
unsdg_oceania,2000,16.024
unsdg_oceania,2001,15.897
unsdg_oceania,2002,15.856
unsdg_oceania,2003,15.792
unsdg_oceania,2004,15.571
unsdg_oceania,2005,15.295
unsdg_oceania,2006,14.840
unsdg_oceania,2007,14.346
unsdg_oceania,2008,13.710
unsdg_oceania,2009,13.098
unsdg_oceania,2010,12.743
unsdg_oceania,2011,12.294
unsdg_oceania,2012,11.891
unsdg_oceania,2013,11.427
unsdg_oceania,2014,10.926
unsdg_oceania,2015,10.516
unsdg_oceania,2016,10.014
unsdg_oceania,2017,9.4620
unsdg_oceania,2018,9.0384
unsdg_oceania,2019,8.5790
unsdg_oceania,2020,8.1890
unsdg_oceania,2021,7.8017
unsdg_oceania,2022,7.3614
unsdg_oceania,2023,6.9061
unsdg_oceania,2024,6.5306
unsdg_oceaniaexausnzl,1991,40.049
unsdg_oceaniaexausnzl,1992,38.805
unsdg_oceaniaexausnzl,1993,37.683
unsdg_oceaniaexausnzl,1994,36.749
unsdg_oceaniaexausnzl,1995,35.855
unsdg_oceaniaexausnzl,1996,35.021
unsdg_oceaniaexausnzl,1997,34.259
unsdg_oceaniaexausnzl,1998,33.627
unsdg_oceaniaexausnzl,1999,33.159
unsdg_oceaniaexausnzl,2000,32.660
unsdg_oceaniaexausnzl,2001,32.213
unsdg_oceaniaexausnzl,2002,31.738
unsdg_oceaniaexausnzl,2003,31.294
unsdg_oceaniaexausnzl,2004,30.660
unsdg_oceaniaexausnzl,2005,30.047
unsdg_oceaniaexausnzl,2006,29.231
unsdg_oceaniaexausnzl,2007,28.396
unsdg_oceaniaexausnzl,2008,27.523
unsdg_oceaniaexausnzl,2009,26.667
unsdg_oceaniaexausnzl,2010,25.925
unsdg_oceaniaexausnzl,2011,24.895
unsdg_oceaniaexausnzl,2012,23.988
unsdg_oceaniaexausnzl,2013,23.066
unsdg_oceaniaexausnzl,2014,21.991
unsdg_oceaniaexausnzl,2015,20.867
unsdg_oceaniaexausnzl,2016,19.802
unsdg_oceaniaexausnzl,2017,18.759
unsdg_oceaniaexausnzl,2018,17.820
unsdg_oceaniaexausnzl,2019,16.881
unsdg_oceaniaexausnzl,2020,15.988
unsdg_oceaniaexausnzl,2021,14.931
unsdg_oceaniaexausnzl,2022,13.993
unsdg_oceaniaexausnzl,2023,13.130
unsdg_oceaniaexausnzl,2024,12.403
unsdg_sids,1991,51.030
unsdg_sids,1992,49.839
unsdg_sids,1993,48.554
unsdg_sids,1994,47.157
unsdg_sids,1995,45.785
unsdg_sids,1996,44.651
unsdg_sids,1997,43.200
unsdg_sids,1998,41.605
unsdg_sids,1999,40.456
unsdg_sids,2000,39.703
unsdg_sids,2001,35.572
unsdg_sids,2002,34.363
unsdg_sids,2003,33.224
unsdg_sids,2004,32.201
unsdg_sids,2005,31.313
unsdg_sids,2006,30.382
unsdg_sids,2007,29.498
unsdg_sids,2008,28.513
unsdg_sids,2009,27.368
unsdg_sids,2010,26.201
unsdg_sids,2011,37.223
unsdg_sids,2012,24.185
unsdg_sids,2013,23.277
unsdg_sids,2014,22.429
unsdg_sids,2015,21.614
unsdg_sids,2016,20.720
unsdg_sids,2017,19.911
unsdg_sids,2018,19.108
unsdg_sids,2019,18.245
unsdg_sids,2020,17.414
unsdg_sids,2021,16.578
unsdg_sids,2022,15.840
unsdg_sids,2023,15.133
unsdg_sids,2024,14.405
unsdg_southasia,1991,71.193
unsdg_southasia,1992,68.535
unsdg_southasia,1993,66.077
unsdg_southasia,1994,63.752
unsdg_southasia,1995,61.420
unsdg_southasia,1996,59.093
unsdg_southasia,1997,56.669
unsdg_southasia,1998,54.145
unsdg_southasia,1999,51.622
unsdg_southasia,2000,49.112
unsdg_southasia,2001,46.621
unsdg_southasia,2002,44.234
unsdg_southasia,2003,42.036
unsdg_southasia,2004,39.980
unsdg_southasia,2005,38.077
unsdg_southasia,2006,35.940
unsdg_southasia,2007,33.978
unsdg_southasia,2008,32.042
unsdg_southasia,2009,30.159
unsdg_southasia,2010,28.455
unsdg_southasia,2011,26.670
unsdg_southasia,2012,24.986
unsdg_southasia,2013,23.362
unsdg_southasia,2014,21.778
unsdg_southasia,2015,20.310
unsdg_southasia,2016,18.906
unsdg_southasia,2017,17.530
unsdg_southasia,2018,16.325
unsdg_southasia,2019,15.258
unsdg_southasia,2020,14.409
unsdg_southasia,2021,13.631
unsdg_southasia,2022,12.914
unsdg_southasia,2023,12.219
unsdg_southasia,2024,11.564
unsdg_southeasternasia,1991,43.695
unsdg_southeasternasia,1992,41.303
unsdg_southeasternasia,1993,39.021
unsdg_southeasternasia,1994,37.012
unsdg_southeasternasia,1995,35.201
unsdg_southeasternasia,1996,33.567
unsdg_southeasternasia,1997,32.039
unsdg_southeasternasia,1998,30.611
unsdg_southeasternasia,1999,29.335
unsdg_southeasternasia,2000,28.033
unsdg_southeasternasia,2001,26.353
unsdg_southeasternasia,2002,25.016
unsdg_southeasternasia,2003,23.757
unsdg_southeasternasia,2004,22.501
unsdg_southeasternasia,2005,23.626
unsdg_southeasternasia,2006,20.187
unsdg_southeasternasia,2007,19.132
unsdg_southeasternasia,2008,18.141
unsdg_southeasternasia,2009,19.756
unsdg_southeasternasia,2010,16.431
unsdg_southeasternasia,2011,15.713
unsdg_southeasternasia,2012,15.010
unsdg_southeasternasia,2013,14.351
unsdg_southeasternasia,2014,13.783
unsdg_southeasternasia,2015,13.232
unsdg_southeasternasia,2016,12.752
unsdg_southeasternasia,2017,12.318
unsdg_southeasternasia,2018,11.847
unsdg_southeasternasia,2019,11.417
unsdg_southeasternasia,2020,10.935
unsdg_southeasternasia,2021,10.503
unsdg_southeasternasia,2022,10.097
unsdg_southeasternasia,2023,9.6802
unsdg_southeasternasia,2024,9.2627
unsdg_subsaharanafrica,1991,138.83
unsdg_subsaharanafrica,1992,142.22
unsdg_subsaharanafrica,1993,141.22
unsdg_subsaharanafrica,1994,135.93
unsdg_subsaharanafrica,1995,135.86
unsdg_subsaharanafrica,1996,131.53
unsdg_subsaharanafrica,1997,128.89
unsdg_subsaharanafrica,1998,126.06
unsdg_subsaharanafrica,1999,125.05
unsdg_subsaharanafrica,2000,118.46
unsdg_subsaharanafrica,2001,114.10
unsdg_subsaharanafrica,2002,109.52
unsdg_subsaharanafrica,2003,104.45
unsdg_subsaharanafrica,2004,99.584
unsdg_subsaharanafrica,2005,94.721
unsdg_subsaharanafrica,2006,89.814
unsdg_subsaharanafrica,2007,85.210
unsdg_subsaharanafrica,2008,80.753
unsdg_subsaharanafrica,2009,76.452
unsdg_subsaharanafrica,2010,74.978
unsdg_subsaharanafrica,2011,69.596
unsdg_subsaharanafrica,2012,69.201
unsdg_subsaharanafrica,2013,63.454
unsdg_subsaharanafrica,2014,60.345
unsdg_subsaharanafrica,2015,59.228
unsdg_subsaharanafrica,2016,56.996
unsdg_subsaharanafrica,2017,54.812
unsdg_subsaharanafrica,2018,53.213
unsdg_subsaharanafrica,2019,49.056
unsdg_subsaharanafrica,2020,47.143
unsdg_subsaharanafrica,2021,44.248
unsdg_subsaharanafrica,2022,42.471
unsdg_subsaharanafrica,2023,42.822
unsdg_subsaharanafrica,2024,38.261
unsdg_westernasia,1991,41.017
unsdg_westernasia,1992,37.316
unsdg_westernasia,1993,33.860
unsdg_westernasia,1994,32.241
unsdg_westernasia,1995,30.623
unsdg_westernasia,1996,29.077
unsdg_westernasia,1997,27.453
unsdg_westernasia,1998,25.976
unsdg_westernasia,1999,24.481
unsdg_westernasia,2000,23.005
unsdg_westernasia,2001,21.598
unsdg_westernasia,2002,20.314
unsdg_westernasia,2003,19.135
unsdg_westernasia,2004,18.035
unsdg_westernasia,2005,17.004
unsdg_westernasia,2006,16.033
unsdg_westernasia,2007,15.131
unsdg_westernasia,2008,14.220
unsdg_westernasia,2009,13.366
unsdg_westernasia,2010,12.688
unsdg_westernasia,2011,12.111
unsdg_westernasia,2012,11.896
unsdg_westernasia,2013,12.630
unsdg_westernasia,2014,12.288
unsdg_westernasia,2015,11.676
unsdg_westernasia,2016,11.413
unsdg_westernasia,2017,10.613
unsdg_westernasia,2018,10.231
unsdg_westernasia,2019,10.185
unsdg_westernasia,2020,9.5884
unsdg_westernasia,2021,8.9285
unsdg_westernasia,2022,8.6664
unsdg_westernasia,2023,8.3334
unsdg_westernasia,2024,8.8241
unsdg_westernasianorthernafr,1991,47.274
unsdg_westernasianorthernafr,1992,44.348
unsdg_westernasianorthernafr,1993,41.559
unsdg_westernasianorthernafr,1994,39.686
unsdg_westernasianorthernafr,1995,37.813
unsdg_westernasianorthernafr,1996,35.992
unsdg_westernasianorthernafr,1997,34.139
unsdg_westernasianorthernafr,1998,32.346
unsdg_westernasianorthernafr,1999,30.522
unsdg_westernasianorthernafr,2000,28.759
unsdg_westernasianorthernafr,2001,27.114
unsdg_westernasianorthernafr,2002,25.589
unsdg_westernasianorthernafr,2003,24.154
unsdg_westernasianorthernafr,2004,22.790
unsdg_westernasianorthernafr,2005,22.983
unsdg_westernasianorthernafr,2006,21.834
unsdg_westernasianorthernafr,2007,19.153
unsdg_westernasianorthernafr,2008,18.064
unsdg_westernasianorthernafr,2009,17.071
unsdg_westernasianorthernafr,2010,16.211
unsdg_westernasianorthernafr,2011,15.432
unsdg_westernasianorthernafr,2012,14.897
unsdg_westernasianorthernafr,2013,14.779
unsdg_westernasianorthernafr,2014,14.229
unsdg_westernasianorthernafr,2015,13.569
unsdg_westernasianorthernafr,2016,13.150
unsdg_westernasianorthernafr,2017,12.423
unsdg_westernasianorthernafr,2018,11.940
unsdg_westernasianorthernafr,2019,11.627
unsdg_westernasianorthernafr,2020,11.085
unsdg_westernasianorthernafr,2021,10.507
unsdg_westernasianorthernafr,2022,10.122
unsdg_westernasianorthernafr,2023,9.7249
unsdg_westernasianorthernafr,2024,9.9813
ury,1971,30.063
ury,1972,28.175
ury,1973,26.482
ury,1974,25.482
ury,1975,26.383
ury,1976,28.463
ury,1977,29.959
ury,1978,29.018
ury,1979,25.952
ury,1980,22.291
ury,1981,18.678
ury,1982,15.882
ury,1983,14.273
ury,1984,13.101
ury,1985,12.306
ury,1986,11.805
ury,1987,11.330
ury,1988,10.869
ury,1989,10.552
ury,1990,10.433
ury,1991,10.480
ury,1992,10.493
ury,1993,10.506
ury,1994,10.331
ury,1995,10.228
ury,1996,10.220
ury,1997,10.015
ury,1998,9.5531
ury,1999,8.9499
ury,2000,8.4110
ury,2001,7.9637
ury,2002,7.6158
ury,2003,7.3641
ury,2004,7.1284
ury,2005,6.8671
ury,2006,6.5662
ury,2007,6.3240
ury,2008,6.1440
ury,2009,5.9385
ury,2010,5.7214
ury,2011,5.4325
ury,2012,5.0711
ury,2013,4.6825
ury,2014,4.2668
ury,2015,3.9136
ury,2016,3.5853
ury,2017,3.2284
ury,2018,2.8679
ury,2019,2.5159
ury,2020,2.2703
ury,2021,2.1174
ury,2022,2.0886
ury,2023,2.1373
ury,2024,2.1223
usa,1969,8.8378
usa,1970,8.4985
usa,1971,8.0739
usa,1972,7.7791
usa,1973,7.6805
usa,1974,7.6024
usa,1975,7.3903
usa,1976,7.1015
usa,1977,6.8946
usa,1978,6.8231
usa,1979,6.7776
usa,1980,6.6471
usa,1981,6.4381
usa,1982,6.2096
usa,1983,6.0041
usa,1984,5.8324
usa,1985,5.7035
usa,1986,5.6193
usa,1987,5.5664
usa,1988,5.5345
usa,1989,5.4974
usa,1990,5.4416
usa,1991,5.3469
usa,1992,5.1969
usa,1993,4.9981
usa,1994,4.7745
usa,1995,4.5551
usa,1996,4.3549
usa,1997,4.1786
usa,1998,4.0295
usa,1999,3.9084
usa,2000,3.8088
usa,2001,3.7158
usa,2002,3.6170
usa,2003,3.5157
usa,2004,3.4374
usa,2005,3.3991
usa,2006,3.3883
usa,2007,3.3733
usa,2008,3.3379
usa,2009,3.2818
usa,2010,3.2127
usa,2011,3.1316
usa,2012,3.0321
usa,2013,2.9241
usa,2014,2.8411
usa,2015,2.8112
usa,2016,2.8061
usa,2017,2.7855
usa,2018,2.7356
usa,2019,2.6915
usa,2020,2.6968
usa,2021,2.7550
usa,2022,2.8449
usa,2023,2.9390
usa,2024,2.9873
uzb,1990,35.808
uzb,1991,35.375
uzb,1992,35.279
uzb,1993,35.157
uzb,1994,35.152
uzb,1995,34.935
uzb,1996,34.561
uzb,1997,34.035
uzb,1998,33.243
uzb,1999,32.176
uzb,2000,30.868
uzb,2001,29.333
uzb,2002,27.473
uzb,2003,25.428
uzb,2004,23.315
uzb,2005,21.183
uzb,2006,19.174
uzb,2007,17.179
uzb,2008,15.334
uzb,2009,13.820
uzb,2010,12.663
uzb,2011,11.631
uzb,2012,10.687
uzb,2013,9.8159
uzb,2014,9.0568
uzb,2015,8.3539
uzb,2016,7.7224
uzb,2017,7.1369
uzb,2018,6.5945
uzb,2019,6.1656
uzb,2020,5.7375
uzb,2021,5.3992
uzb,2022,5.1415
uzb,2023,4.9226
uzb,2024,4.7040
vct,1971,39.541
vct,1972,43.730
vct,1973,47.509
vct,1974,50.820
vct,1975,52.833
vct,1976,52.672
vct,1977,50.011
vct,1978,45.653
vct,1979,40.592
vct,1980,35.558
vct,1981,31.097
vct,1982,27.351
vct,1983,23.934
vct,1984,20.669
vct,1985,17.894
vct,1986,15.748
vct,1987,14.019
vct,1988,12.605
vct,1989,11.521
vct,1990,10.658
vct,1991,9.9707
vct,1992,9.4201
vct,1993,8.9777
vct,1994,8.6718
vct,1995,8.4664
vct,1996,8.3437
vct,1997,8.3256
vct,1998,8.3331
vct,1999,8.3385
vct,2000,8.3059
vct,2001,8.2185
vct,2002,8.1098
vct,2003,7.9841
vct,2004,7.9446
vct,2005,7.9446
vct,2006,7.9840
vct,2007,8.0410
vct,2008,8.0576
vct,2009,7.9496
vct,2010,7.7468
vct,2011,7.5045
vct,2012,7.2868
vct,2013,7.0383
vct,2014,6.8047
vct,2015,6.5645
vct,2016,6.2799
vct,2017,5.9702
vct,2018,5.6360
vct,2019,5.2689
vct,2020,4.8653
vct,2021,4.4696
vct,2022,4.1076
vct,2023,3.7748
vct,2024,3.4683
ven,1990,17.601
ven,1991,16.245
ven,1992,14.403
ven,1993,12.952
ven,1994,12.408
ven,1995,12.596
ven,1996,12.950
ven,1997,13.068
ven,1998,12.713
ven,1999,11.870
ven,2000,10.888
ven,2001,10.284
ven,2002,10.186
ven,2003,10.076
ven,2004,9.5183
ven,2005,8.6230
ven,2006,7.8301
ven,2007,7.3524
ven,2008,7.0078
ven,2009,6.6683
ven,2010,6.3635
ven,2011,6.1696
ven,2012,6.1335
ven,2013,6.1835
ven,2014,6.2844
ven,2015,6.4139
ven,2016,4.0456
ven,2017,8.2988
ven,2018,7.8455
ven,2019,7.2351
ven,2020,6.5298
ven,2021,5.8219
ven,2022,5.2163
ven,2023,4.6226
ven,2024,4.0453
vgb,1990,7.8482
vgb,1991,7.4188
vgb,1992,6.9768
vgb,1993,6.5958
vgb,1994,6.2734
vgb,1995,5.9796
vgb,1996,5.7255
vgb,1997,5.5249
vgb,1998,5.3234
vgb,1999,5.1732
vgb,2000,5.0333
vgb,2001,4.8853
vgb,2002,4.7611
vgb,2003,4.6662
vgb,2004,4.5803
vgb,2005,4.5155
vgb,2006,4.4332
vgb,2007,4.3423
vgb,2008,4.2434
vgb,2009,4.1939
vgb,2010,4.1372
vgb,2011,4.0675
vgb,2012,4.0133
vgb,2013,3.9368
vgb,2014,3.8301
vgb,2015,3.7130
vgb,2016,3.5937
vgb,2017,3.4660
vgb,2018,3.3465
vgb,2019,3.1856
vgb,2020,3.0375
vgb,2021,2.8917
vgb,2022,2.7266
vgb,2023,2.6109
vgb,2024,2.4784
vnm,1975,70.986
vnm,1976,44.668
vnm,1977,43.849
vnm,1978,42.860
vnm,1979,41.808
vnm,1980,40.769
vnm,1981,39.693
vnm,1982,38.519
vnm,1983,37.486
vnm,1984,36.384
vnm,1985,35.247
vnm,1986,33.895
vnm,1987,32.361
vnm,1988,30.691
vnm,1989,28.905
vnm,1990,27.078
vnm,1991,25.186
vnm,1992,23.276
vnm,1993,21.541
vnm,1994,19.919
vnm,1995,18.438
vnm,1996,16.984
vnm,1997,15.675
vnm,1998,14.720
vnm,1999,13.856
vnm,2000,13.088
vnm,2001,12.448
vnm,2002,11.854
vnm,2003,11.369
vnm,2004,10.952
vnm,2005,10.618
vnm,2006,10.400
vnm,2007,10.203
vnm,2008,10.070
vnm,2009,9.9516
vnm,2010,9.8468
vnm,2011,9.7300
vnm,2012,9.5543
vnm,2013,9.3835
vnm,2014,9.2304
vnm,2015,9.0586
vnm,2016,8.9173
vnm,2017,8.8001
vnm,2018,8.6892
vnm,2019,8.5706
vnm,2020,8.3873
vnm,2021,8.2079
vnm,2022,7.9784
vnm,2023,7.7170
vnm,2024,7.4330
vut,1990,8.3700
vut,1991,8.2374
vut,1992,7.9520
vut,1993,7.4568
vut,1994,6.8885
vut,1995,6.1143
vut,1996,5.2106
vut,1997,4.3715
vut,1998,3.8277
vut,1999,3.7694
vut,2000,5.1409
vut,2001,8.6378
vut,2002,10.148
vut,2003,10.386
vut,2004,10.409
vut,2005,10.382
vut,2006,10.319
vut,2007,10.012
vut,2008,9.7160
vut,2009,9.4562
vut,2010,9.1400
vut,2011,8.7906
vut,2012,8.1892
vut,2013,7.3239
vut,2014,6.0725
vut,2015,4.9031
vut,2016,4.2765
vut,2017,4.0263
vut,2018,4.2602
vut,2019,4.7039
vut,2020,5.1595
vut,2021,5.2744
vut,2022,5.0613
vut,2023,4.7739
vut,2024,4.5177
wb_hi,1991,6.4620
wb_hi,1992,6.1719
wb_hi,1993,5.8886
wb_hi,1994,5.6233
wb_hi,1995,5.3771
wb_hi,1996,5.1804
wb_hi,1997,4.9800
wb_hi,1998,4.8038
wb_hi,1999,4.6424
wb_hi,2000,4.4594
wb_hi,2001,4.2693
wb_hi,2002,4.1034
wb_hi,2003,3.9674
wb_hi,2004,3.8470
wb_hi,2005,3.7131
wb_hi,2006,3.5740
wb_hi,2007,3.4444
wb_hi,2008,3.3557
wb_hi,2009,3.2787
wb_hi,2010,3.1915
wb_hi,2011,3.0728
wb_hi,2012,2.9523
wb_hi,2013,2.8328
wb_hi,2014,2.7365
wb_hi,2015,2.6587
wb_hi,2016,2.5889
wb_hi,2017,2.5059
wb_hi,2018,2.4067
wb_hi,2019,2.3154
wb_hi,2020,2.2609
wb_hi,2021,2.2352
wb_hi,2022,2.2313
wb_hi,2023,2.2417
wb_hi,2024,2.2329
wb_li,1991,138.76
wb_li,1992,143.37
wb_li,1993,141.15
wb_li,1994,131.93
wb_li,1995,131.28
wb_li,1996,125.30
wb_li,1997,121.79
wb_li,1998,118.37
wb_li,1999,118.30
wb_li,2000,109.65
wb_li,2001,105.01
wb_li,2002,100.15
wb_li,2003,95.328
wb_li,2004,89.445
wb_li,2005,85.412
wb_li,2006,80.858
wb_li,2007,75.599
wb_li,2008,71.271
wb_li,2009,67.245
wb_li,2010,67.746
wb_li,2011,61.288
wb_li,2012,62.576
wb_li,2013,55.649
wb_li,2014,52.339
wb_li,2015,52.074
wb_li,2016,50.056
wb_li,2017,47.908
wb_li,2018,46.900
wb_li,2019,42.280
wb_li,2020,40.858
wb_li,2021,37.771
wb_li,2022,36.637
wb_li,2023,38.476
wb_li,2024,32.907
wb_lmi,1991,79.063
wb_lmi,1992,77.074
wb_lmi,1993,75.193
wb_lmi,1994,73.443
wb_lmi,1995,71.647
wb_lmi,1996,69.777
wb_lmi,1997,67.781
wb_lmi,1998,65.603
wb_lmi,1999,63.391
wb_lmi,2000,60.896
wb_lmi,2001,58.394
wb_lmi,2002,55.906
wb_lmi,2003,53.343
wb_lmi,2004,51.057
wb_lmi,2005,48.887
wb_lmi,2006,46.623
wb_lmi,2007,44.515
wb_lmi,2008,42.422
wb_lmi,2009,40.835
wb_lmi,2010,38.450
wb_lmi,2011,36.820
wb_lmi,2012,34.909
wb_lmi,2013,33.313
wb_lmi,2014,31.726
wb_lmi,2015,30.278
wb_lmi,2016,28.901
wb_lmi,2017,27.443
wb_lmi,2018,26.130
wb_lmi,2019,24.840
wb_lmi,2020,23.671
wb_lmi,2021,22.588
wb_lmi,2022,21.506
wb_lmi,2023,20.505
wb_lmi,2024,19.538
wb_umi,1991,28.373
wb_umi,1992,27.842
wb_umi,1993,26.816
wb_umi,1994,25.763
wb_umi,1995,24.523
wb_umi,1996,23.462
wb_umi,1997,22.398
wb_umi,1998,21.342
wb_umi,1999,20.284
wb_umi,2000,19.160
wb_umi,2001,17.954
wb_umi,2002,17.047
wb_umi,2003,16.128
wb_umi,2004,15.270
wb_umi,2005,15.187
wb_umi,2006,13.691
wb_umi,2007,12.919
wb_umi,2008,12.087
wb_umi,2009,11.278
wb_umi,2010,10.529
wb_umi,2011,9.8457
wb_umi,2012,9.3293
wb_umi,2013,8.7966
wb_umi,2014,8.4197
wb_umi,2015,8.0154
wb_umi,2016,7.6948
wb_umi,2017,7.3310
wb_umi,2018,6.9389
wb_umi,2019,6.7512
wb_umi,2020,6.5278
wb_umi,2021,6.4279
wb_umi,2022,6.3499
wb_umi,2023,6.2728
wb_umi,2024,6.3994
world,1991,57.832
world,1992,57.823
world,1993,57.638
world,1994,56.168
world,1995,55.521
world,1996,54.178
world,1997,52.972
world,1998,51.634
world,1999,50.632
world,2000,48.385
world,2001,46.522
world,2002,44.687
world,2003,42.913
world,2004,40.953
world,2005,39.439
world,2006,37.342
world,2007,35.423
world,2008,33.588
world,2009,32.046
world,2010,30.848
world,2011,29.085
world,2012,28.400
world,2013,26.430
world,2014,25.139
world,2015,24.446
world,2016,23.538
world,2017,22.646
world,2018,21.897
world,2019,20.774
world,2020,20.293
world,2021,19.562
world,2022,19.211
world,2023,19.389
world,2024,18.096
wsm,1990,12.288
wsm,1991,12.331
wsm,1992,12.481
wsm,1993,12.550
wsm,1994,12.503
wsm,1995,12.470
wsm,1996,12.218
wsm,1997,11.920
wsm,1998,11.534
wsm,1999,11.218
wsm,2000,10.844
wsm,2001,10.472
wsm,2002,10.178
wsm,2003,9.9363
wsm,2004,9.7696
wsm,2005,9.6996
wsm,2006,9.6742
wsm,2007,9.6984
wsm,2008,9.6990
wsm,2009,9.6986
wsm,2010,15.061
wsm,2011,9.5953
wsm,2012,9.5037
wsm,2013,9.3572
wsm,2014,9.2208
wsm,2015,9.0282
wsm,2016,8.7986
wsm,2017,8.5291
wsm,2018,8.1256
wsm,2019,7.7322
wsm,2020,9.5232
wsm,2021,6.9924
wsm,2022,6.6311
wsm,2023,6.2513
wsm,2024,5.8826
yem,1962,320.24
yem,1963,316.88
yem,1964,312.34
yem,1965,306.76
yem,1966,299.77
yem,1967,292.00
yem,1968,282.63
yem,1969,272.71
yem,1970,261.85
yem,1971,250.98
yem,1972,240.33
yem,1973,230.44
yem,1974,220.97
yem,1975,211.38
yem,1976,201.53
yem,1977,191.07
yem,1978,180.41
yem,1979,169.30
yem,1980,158.02
yem,1981,146.89
yem,1982,136.14
yem,1983,126.06
yem,1984,116.76
yem,1985,108.41
yem,1986,101.47
yem,1987,95.693
yem,1988,90.559
yem,1989,86.225
yem,1990,82.538
yem,1991,79.288
yem,1992,76.423
yem,1993,73.876
yem,1994,71.766
yem,1995,69.706
yem,1996,67.630
yem,1997,65.465
yem,1998,62.931
yem,1999,60.007
yem,2000,56.823
yem,2001,53.360
yem,2002,49.764
yem,2003,46.236
yem,2004,42.833
yem,2005,39.622
yem,2006,36.646
yem,2007,33.876
yem,2008,31.378
yem,2009,29.191
yem,2010,27.206
yem,2011,25.555
yem,2012,24.294
yem,2013,23.261
yem,2014,21.868
yem,2015,21.203
yem,2016,21.982
yem,2017,20.964
yem,2018,20.092
yem,2019,20.525
yem,2020,19.684
yem,2021,17.393
yem,2022,16.755
yem,2023,15.468
yem,2024,14.229
zaf,1977,78.166
zaf,1978,73.522
zaf,1979,68.513
zaf,1980,63.569
zaf,1981,59.307
zaf,1982,55.422
zaf,1983,51.987
zaf,1984,48.977
zaf,1985,46.180
zaf,1986,43.426
zaf,1987,40.759
zaf,1988,38.226
zaf,1989,36.095
zaf,1990,34.292
zaf,1991,33.065
zaf,1992,32.466
zaf,1993,32.441
zaf,1994,33.295
zaf,1995,34.878
zaf,1996,36.898
zaf,1997,39.346
zaf,1998,42.018
zaf,1999,45.795
zaf,2000,49.600
zaf,2001,53.116
zaf,2002,57.037
zaf,2003,59.974
zaf,2004,62.556
zaf,2005,64.327
zaf,2006,63.797
zaf,2007,61.253
zaf,2008,55.675
zaf,2009,48.259
zaf,2010,41.338
zaf,2011,34.878
zaf,2012,30.488
zaf,2013,28.294
zaf,2014,27.069
zaf,2015,25.837
zaf,2016,24.674
zaf,2017,23.446
zaf,2018,22.406
zaf,2019,21.617
zaf,2020,21.170
zaf,2021,20.805
zaf,2022,20.742
zaf,2023,20.591
zaf,2024,20.250
zmb,1970,134.28
zmb,1971,131.69
zmb,1972,128.07
zmb,1973,123.54
zmb,1974,119.18
zmb,1975,115.27
zmb,1976,112.16
zmb,1977,110.74
zmb,1978,110.45
zmb,1979,110.92
zmb,1980,111.71
zmb,1981,112.71
zmb,1982,113.38
zmb,1983,114.53
zmb,1984,116.39
zmb,1985,119.42
zmb,1986,123.07
zmb,1987,126.82
zmb,1988,130.04
zmb,1989,133.16
zmb,1990,135.84
zmb,1991,137.59
zmb,1992,138.88
zmb,1993,138.85
zmb,1994,137.57
zmb,1995,135.13
zmb,1996,131.94
zmb,1997,128.78
zmb,1998,125.31
zmb,1999,122.04
zmb,2000,117.69
zmb,2001,111.62
zmb,2002,104.18
zmb,2003,95.874
zmb,2004,87.248
zmb,2005,78.400
zmb,2006,70.460
zmb,2007,64.017
zmb,2008,59.124
zmb,2009,54.444
zmb,2010,48.808
zmb,2011,44.651
zmb,2012,42.254
zmb,2013,39.753
zmb,2014,36.502
zmb,2015,33.063
zmb,2016,30.535
zmb,2017,27.788
zmb,2018,24.496
zmb,2019,22.795
zmb,2020,20.948
zmb,2021,18.291
zmb,2022,14.403
zmb,2023,11.110
zmb,2024,8.5888
zwe,1966,87.230
zwe,1967,84.647
zwe,1968,82.403
zwe,1969,80.143
zwe,1970,78.308
zwe,1971,77.172
zwe,1972,76.445
zwe,1973,75.817
zwe,1974,75.333
zwe,1975,75.025
zwe,1976,75.020
zwe,1977,75.334
zwe,1978,75.686
zwe,1979,75.792
zwe,1980,75.005
zwe,1981,73.280
zwe,1982,70.026
zwe,1983,65.514
zwe,1984,60.331
zwe,1985,55.365
zwe,1986,50.931
zwe,1987,47.504
zwe,1988,45.710
zwe,1989,45.758
zwe,1990,47.895
zwe,1991,51.334
zwe,1992,55.485
zwe,1993,59.959
zwe,1994,64.416
zwe,1995,67.841
zwe,1996,70.337
zwe,1997,71.569
zwe,1998,71.738
zwe,1999,70.897
zwe,2000,69.365
zwe,2001,67.966
zwe,2002,67.057
zwe,2003,54.436
zwe,2004,57.220
zwe,2005,59.734
zwe,2006,59.686
zwe,2007,60.764
zwe,2008,61.010
zwe,2009,59.329
zwe,2010,56.354
zwe,2011,51.533
zwe,2012,46.258
zwe,2013,39.742
zwe,2014,34.670
zwe,2015,31.356
zwe,2016,29.329
zwe,2017,26.436
zwe,2018,24.068
zwe,2019,21.182
zwe,2020,19.556
zwe,2021,18.120
zwe,2022,15.732
zwe,2023,14.270
zwe,2024,12.926
