geo,year,mr_5_9_lower
afg,1991,13.705
afg,1992,12.847
afg,1993,11.128
afg,1994,6.7587
afg,1995,6.3199
afg,1996,5.9243
afg,1997,5.5607
afg,1998,5.2585
afg,1999,7.0941
afg,2000,4.7796
afg,2001,4.6086
afg,2002,4.4873
afg,2003,4.3991
afg,2004,4.3833
afg,2005,4.4063
afg,2006,4.5010
afg,2007,4.6209
afg,2008,4.7382
afg,2009,4.8238
afg,2010,4.7889
afg,2011,4.6225
afg,2012,4.3405
afg,2013,4.0089
afg,2014,4.1453
afg,2015,4.0898
afg,2016,4.1038
afg,2017,3.8871
afg,2018,2.7449
afg,2019,2.6203
afg,2020,2.4997
afg,2021,2.3805
afg,2022,2.7290
afg,2023,2.1296
afg,2024,2.0167
ago,1991,29.390
ago,1992,25.264
ago,1993,29.543
ago,1994,25.204
ago,1995,25.157
ago,1996,25.039
ago,1997,24.832
ago,1998,24.511
ago,1999,24.071
ago,2000,23.546
ago,2001,22.931
ago,2002,22.205
ago,2003,21.374
ago,2004,20.466
ago,2005,19.464
ago,2006,18.431
ago,2007,17.307
ago,2008,16.200
ago,2009,15.142
ago,2010,14.125
ago,2011,13.150
ago,2012,12.253
ago,2013,11.417
ago,2014,10.671
ago,2015,10.040
ago,2016,9.5141
ago,2017,9.0484
ago,2018,8.6420
ago,2019,8.2779
ago,2020,7.9515
ago,2021,7.6399
ago,2022,7.3477
ago,2023,7.0604
ago,2024,6.7890
aia,1991,1.2243
aia,1992,1.1762
aia,1993,1.1271
aia,1994,1.0817
aia,1995,1.0393
aia,1996,0.99936
aia,1997,0.96284
aia,1998,0.92867
aia,1999,0.89643
aia,2000,0.86783
aia,2001,0.84073
aia,2002,0.81568
aia,2003,0.79135
aia,2004,0.76892
aia,2005,0.74827
aia,2006,0.72921
aia,2007,0.71160
aia,2008,0.69308
aia,2009,0.67624
aia,2010,0.66072
aia,2011,0.64531
aia,2012,0.63072
aia,2013,0.61675
aia,2014,0.60321
aia,2015,0.58957
aia,2016,0.57498
aia,2017,0.56105
aia,2018,0.54751
aia,2019,0.53382
aia,2020,0.52204
aia,2021,0.50892
aia,2022,0.49516
aia,2023,0.48226
aia,2024,0.47066
alb,1991,3.6218
alb,1992,3.3802
alb,1993,3.1539
alb,1994,2.9426
alb,1995,2.7541
alb,1996,2.5906
alb,1997,2.4529
alb,1998,2.9573
alb,1999,2.2411
alb,2000,2.1583
alb,2001,2.0842
alb,2002,2.0120
alb,2003,1.9403
alb,2004,1.8670
alb,2005,1.7943
alb,2006,1.7192
alb,2007,1.6441
alb,2008,1.5696
alb,2009,1.4968
alb,2010,1.4255
alb,2011,1.3558
alb,2012,1.2888
alb,2013,1.2243
alb,2014,1.1619
alb,2015,1.1019
alb,2016,1.0450
alb,2017,0.99016
alb,2018,0.93779
alb,2019,0.88790
alb,2020,0.84063
alb,2021,0.79490
alb,2022,0.75158
alb,2023,0.71198
alb,2024,0.67561
and,1991,1.0616
and,1992,1.0078
and,1993,0.95790
and,1994,0.91384
and,1995,0.87192
and,1996,0.83065
and,1997,0.78951
and,1998,0.75459
and,1999,0.71970
and,2000,0.68698
and,2001,0.65659
and,2002,0.62907
and,2003,0.60271
and,2004,0.57713
and,2005,0.55236
and,2006,0.52997
and,2007,0.50510
and,2008,0.48261
and,2009,0.46033
and,2010,0.43954
and,2011,0.42024
and,2012,0.40184
and,2013,0.38382
and,2014,0.36704
and,2015,0.34978
and,2016,0.33433
and,2017,0.31962
and,2018,0.30657
and,2019,0.29586
and,2020,0.28584
and,2021,0.27648
and,2022,0.26847
and,2023,0.26033
and,2024,0.25247
are,1991,1.2602
are,1992,1.2083
are,1993,1.1639
are,1994,1.1252
are,1995,1.0913
are,1996,1.0619
are,1997,1.0366
are,1998,1.0149
are,1999,0.99611
are,2000,0.97906
are,2001,0.96365
are,2002,0.94970
are,2003,0.93600
are,2004,0.92296
are,2005,0.90962
are,2006,0.89591
are,2007,0.88271
are,2008,0.86903
are,2009,0.85552
are,2010,0.84149
are,2011,0.82696
are,2012,0.81267
are,2013,0.79746
are,2014,0.78070
are,2015,0.76240
are,2016,0.74174
are,2017,0.71842
are,2018,0.69290
are,2019,0.66560
are,2020,0.63777
are,2021,0.61014
are,2022,0.58358
are,2023,0.55810
are,2024,0.53495
arg,1991,1.6170
arg,1992,1.5824
arg,1993,1.5462
arg,1994,1.5079
arg,1995,1.4699
arg,1996,1.4322
arg,1997,1.3960
arg,1998,1.3629
arg,1999,1.3329
arg,2000,1.3066
arg,2001,1.2852
arg,2002,1.2683
arg,2003,1.2553
arg,2004,1.2447
arg,2005,1.2357
arg,2006,1.2278
arg,2007,1.2195
arg,2008,1.2086
arg,2009,1.1930
arg,2010,1.1707
arg,2011,1.1404
arg,2012,1.1024
arg,2013,1.0592
arg,2014,1.0125
arg,2015,0.96469
arg,2016,0.91733
arg,2017,0.87289
arg,2018,0.83475
arg,2019,0.80574
arg,2020,0.78830
arg,2021,0.78537
arg,2022,0.79535
arg,2023,0.81559
arg,2024,0.84060
arm,1991,1.7247
arm,1992,1.5795
arm,1993,1.4544
arm,1994,1.3475
arm,1995,1.2558
arm,1996,1.1768
arm,1997,1.1097
arm,1998,1.0534
arm,1999,1.0077
arm,2000,0.97307
arm,2001,0.94776
arm,2002,0.93190
arm,2003,0.92430
arm,2004,0.92338
arm,2005,0.92801
arm,2006,0.93718
arm,2007,0.94878
arm,2008,0.96125
arm,2009,0.97447
arm,2010,0.98503
arm,2011,0.99272
arm,2012,0.99665
arm,2013,0.99603
arm,2014,0.99086
arm,2015,0.98250
arm,2016,0.97263
arm,2017,0.96221
arm,2018,0.95259
arm,2019,0.94538
arm,2020,0.94181
arm,2021,0.94128
arm,2022,0.94461
arm,2023,0.94984
arm,2024,0.95592
atg,1991,0.93077
atg,1992,0.95136
atg,1993,0.97319
atg,1994,0.99495
atg,1995,1.0141
atg,1996,1.0293
atg,1997,1.0383
atg,1998,1.0390
atg,1999,1.0333
atg,2000,1.0212
atg,2001,1.0064
atg,2002,0.98923
atg,2003,0.97185
atg,2004,0.95402
atg,2005,0.93622
atg,2006,0.91884
atg,2007,0.90122
atg,2008,0.88487
atg,2009,0.87010
atg,2010,0.85549
atg,2011,0.84182
atg,2012,0.82956
atg,2013,0.81798
atg,2014,0.80729
atg,2015,0.79727
atg,2016,0.78646
atg,2017,0.77721
atg,2018,0.76744
atg,2019,0.75816
atg,2020,0.74653
atg,2021,0.73392
atg,2022,0.72014
atg,2023,0.70580
atg,2024,0.69090
aus,1991,0.88859
aus,1992,0.85563
aus,1993,0.82501
aus,1994,0.79618
aus,1995,0.76891
aus,1996,0.74190
aus,1997,0.71536
aus,1998,0.68891
aus,1999,0.66296
aus,2000,0.63709
aus,2001,0.61241
aus,2002,0.58896
aus,2003,0.56655
aus,2004,0.54545
aus,2005,0.52593
aus,2006,0.50841
aus,2007,0.49274
aus,2008,0.47907
aus,2009,0.46669
aus,2010,0.45555
aus,2011,0.44506
aus,2012,0.43494
aus,2013,0.42508
aus,2014,0.41527
aus,2015,0.40580
aus,2016,0.39650
aus,2017,0.38772
aus,2018,0.37972
aus,2019,0.37256
aus,2020,0.36673
aus,2021,0.36240
aus,2022,0.35883
aus,2023,0.35622
aus,2024,0.35321
aut,1991,0.88924
aut,1992,0.85129
aut,1993,0.81501
aut,1994,0.78127
aut,1995,0.74924
aut,1996,0.71843
aut,1997,0.68909
aut,1998,0.66126
aut,1999,0.63484
aut,2000,0.61012
aut,2001,0.58681
aut,2002,0.56457
aut,2003,0.54437
aut,2004,0.52529
aut,2005,0.50747
aut,2006,0.49042
aut,2007,0.47448
aut,2008,0.45942
aut,2009,0.44531
aut,2010,0.43232
aut,2011,0.41987
aut,2012,0.40829
aut,2013,0.39737
aut,2014,0.38677
aut,2015,0.37668
aut,2016,0.36711
aut,2017,0.35789
aut,2018,0.34910
aut,2019,0.34090
aut,2020,0.33306
aut,2021,0.32558
aut,2022,0.31845
aut,2023,0.31155
aut,2024,0.30450
aze,1991,2.9423
aze,1992,3.0458
aze,1993,3.6116
aze,1994,3.2085
aze,1995,3.2417
aze,1996,3.2284
aze,1997,3.1817
aze,1998,3.1237
aze,1999,3.0724
aze,2000,3.0253
aze,2001,2.9776
aze,2002,2.9214
aze,2003,2.8442
aze,2004,2.7400
aze,2005,2.6066
aze,2006,2.4474
aze,2007,2.2758
aze,2008,2.1059
aze,2009,1.9490
aze,2010,1.8112
aze,2011,1.6977
aze,2012,1.6096
aze,2013,1.5466
aze,2014,1.5056
aze,2015,1.4810
aze,2016,1.4668
aze,2017,1.4598
aze,2018,1.4562
aze,2019,1.4542
aze,2020,1.4536
aze,2021,1.6524
aze,2022,1.4602
aze,2023,1.4698
aze,2024,1.4813
bdi,1991,33.276
bdi,1992,34.720
bdi,1993,35.938
bdi,1994,57.157
bdi,1995,37.143
bdi,1996,37.260
bdi,1997,36.896
bdi,1998,36.298
bdi,1999,35.427
bdi,2000,34.159
bdi,2001,32.540
bdi,2002,30.511
bdi,2003,27.982
bdi,2004,25.290
bdi,2005,22.541
bdi,2006,19.934
bdi,2007,17.632
bdi,2008,15.686
bdi,2009,14.108
bdi,2010,12.869
bdi,2011,11.956
bdi,2012,11.276
bdi,2013,10.750
bdi,2014,10.370
bdi,2015,10.042
bdi,2016,9.7877
bdi,2017,9.4843
bdi,2018,9.1559
bdi,2019,8.7745
bdi,2020,8.4164
bdi,2021,8.0276
bdi,2022,7.6626
bdi,2023,7.2829
bdi,2024,6.9009
bel,1991,0.99333
bel,1992,0.95041
bel,1993,0.90944
bel,1994,0.87087
bel,1995,0.83445
bel,1996,0.80012
bel,1997,0.76831
bel,1998,0.73754
bel,1999,0.70899
bel,2000,0.68159
bel,2001,0.65509
bel,2002,0.63038
bel,2003,0.60618
bel,2004,0.58408
bel,2005,0.56309
bel,2006,0.54384
bel,2007,0.52565
bel,2008,0.50868
bel,2009,0.49281
bel,2010,0.47781
bel,2011,0.46297
bel,2012,0.44874
bel,2013,0.43507
bel,2014,0.42161
bel,2015,0.40849
bel,2016,0.39560
bel,2017,0.38346
bel,2018,0.37136
bel,2019,0.35954
bel,2020,0.34806
bel,2021,0.33659
bel,2022,0.32514
bel,2023,0.31423
bel,2024,0.30261
ben,1991,25.098
ben,1992,24.313
ben,1993,23.555
ben,1994,22.815
ben,1995,22.108
ben,1996,21.425
ben,1997,20.794
ben,1998,20.157
ben,1999,19.587
ben,2000,19.064
ben,2001,18.586
ben,2002,18.133
ben,2003,17.714
ben,2004,17.283
ben,2005,16.856
ben,2006,16.445
ben,2007,16.048
ben,2008,15.637
ben,2009,15.240
ben,2010,14.840
ben,2011,14.430
ben,2012,14.035
ben,2013,13.663
ben,2014,13.260
ben,2015,12.882
ben,2016,12.508
ben,2017,12.142
ben,2018,11.786
ben,2019,11.409
ben,2020,11.078
ben,2021,10.704
ben,2022,10.378
ben,2023,10.028
ben,2024,9.6613
bfa,1991,23.955
bfa,1992,23.833
bfa,1993,23.751
bfa,1994,23.657
bfa,1995,23.581
bfa,1996,23.463
bfa,1997,23.276
bfa,1998,22.994
bfa,1999,22.581
bfa,2000,22.069
bfa,2001,21.398
bfa,2002,20.586
bfa,2003,19.637
bfa,2004,18.658
bfa,2005,17.638
bfa,2006,16.552
bfa,2007,15.515
bfa,2008,14.427
bfa,2009,13.371
bfa,2010,12.361
bfa,2011,11.372
bfa,2012,10.404
bfa,2013,9.4964
bfa,2014,8.6352
bfa,2015,7.8176
bfa,2016,7.0704
bfa,2017,6.3761
bfa,2018,5.7304
bfa,2019,5.1373
bfa,2020,4.5842
bfa,2021,4.1568
bfa,2022,3.8226
bfa,2023,3.5417
bfa,2024,3.3107
bgd,1991,15.682
bgd,1992,23.738
bgd,1993,14.248
bgd,1994,13.698
bgd,1995,13.207
bgd,1996,12.640
bgd,1997,11.876
bgd,1998,10.740
bgd,1999,9.1981
bgd,2000,7.6872
bgd,2001,6.5843
bgd,2002,5.9869
bgd,2003,5.7768
bgd,2004,5.8483
bgd,2005,6.0932
bgd,2006,6.3302
bgd,2007,6.4287
bgd,2008,6.3271
bgd,2009,6.0053
bgd,2010,5.5515
bgd,2011,5.0525
bgd,2012,4.5828
bgd,2013,4.1589
bgd,2014,3.7852
bgd,2015,3.4790
bgd,2016,3.2596
bgd,2017,3.1183
bgd,2018,3.0117
bgd,2019,2.9017
bgd,2020,2.7778
bgd,2021,2.6503
bgd,2022,2.5262
bgd,2023,2.4164
bgd,2024,2.3109
bgr,1991,2.0409
bgr,1992,2.0170
bgr,1993,1.9914
bgr,1994,1.9642
bgr,1995,1.9354
bgr,1996,1.9032
bgr,1997,1.8626
bgr,1998,1.8094
bgr,1999,1.7436
bgr,2000,1.6717
bgr,2001,1.6002
bgr,2002,1.5357
bgr,2003,1.4801
bgr,2004,1.4341
bgr,2005,1.3936
bgr,2006,1.3583
bgr,2007,1.3230
bgr,2008,1.2815
bgr,2009,1.2338
bgr,2010,1.1802
bgr,2011,1.1226
bgr,2012,1.0630
bgr,2013,1.0053
bgr,2014,0.94996
bgr,2015,0.90053
bgr,2016,0.85735
bgr,2017,0.81961
bgr,2018,0.78706
bgr,2019,0.75914
bgr,2020,0.73580
bgr,2021,0.71575
bgr,2022,0.69797
bgr,2023,0.68110
bgr,2024,0.66426
bhr,1991,1.6737
bhr,1992,1.7183
bhr,1993,1.7512
bhr,1994,1.7748
bhr,1995,1.7861
bhr,1996,1.7822
bhr,1997,1.7673
bhr,1998,1.7452
bhr,1999,1.7151
bhr,2000,1.6755
bhr,2001,1.6287
bhr,2002,1.5756
bhr,2003,1.5194
bhr,2004,1.4630
bhr,2005,1.4070
bhr,2006,1.3523
bhr,2007,1.2997
bhr,2008,1.2500
bhr,2009,1.2020
bhr,2010,1.1575
bhr,2011,1.1141
bhr,2012,1.0722
bhr,2013,1.0353
bhr,2014,1.0029
bhr,2015,0.97436
bhr,2016,0.94715
bhr,2017,0.92218
bhr,2018,0.90017
bhr,2019,0.88010
bhr,2020,0.85967
bhr,2021,0.84077
bhr,2022,0.82087
bhr,2023,0.79828
bhr,2024,0.77517
bhs,1991,2.1687
bhs,1992,2.1950
bhs,1993,2.2192
bhs,1994,2.2409
bhs,1995,2.2621
bhs,1996,2.2828
bhs,1997,2.2974
bhs,1998,2.3058
bhs,1999,2.3047
bhs,2000,2.2916
bhs,2001,2.2671
bhs,2002,2.2277
bhs,2003,2.1766
bhs,2004,2.1147
bhs,2005,2.0419
bhs,2006,1.9645
bhs,2007,1.8805
bhs,2008,1.7967
bhs,2009,1.7098
bhs,2010,1.6244
bhs,2011,1.5421
bhs,2012,1.4602
bhs,2013,1.3848
bhs,2014,1.3107
bhs,2015,1.2348
bhs,2016,1.1664
bhs,2017,1.0962
bhs,2018,1.0325
bhs,2019,0.97791
bhs,2020,6.1756
bhs,2021,0.87845
bhs,2022,0.83332
bhs,2023,0.79379
bhs,2024,0.75053
bih,1991,1.2859
bih,1992,1.2131
bih,1993,14.114
bih,1994,14.653
bih,1995,1.0154
bih,1996,2.8550
bih,1997,0.90491
bih,1998,0.85649
bih,1999,0.81297
bih,2000,0.77609
bih,2001,0.74515
bih,2002,0.71931
bih,2003,0.69790
bih,2004,0.68067
bih,2005,0.66568
bih,2006,0.65221
bih,2007,0.63854
bih,2008,0.62403
bih,2009,0.60855
bih,2010,0.59311
bih,2011,0.57814
bih,2012,0.56408
bih,2013,0.55122
bih,2014,0.54019
bih,2015,0.53030
bih,2016,0.52014
bih,2017,0.51108
bih,2018,0.50129
bih,2019,0.49065
bih,2020,0.47994
bih,2021,0.46840
bih,2022,0.45678
bih,2023,0.44491
bih,2024,0.43296
blr,1991,2.0756
blr,1992,2.0363
blr,1993,1.9836
blr,1994,1.9187
blr,1995,1.8472
blr,1996,1.7769
blr,1997,1.7109
blr,1998,1.6509
blr,1999,1.5950
blr,2000,1.5398
blr,2001,1.4851
blr,2002,1.4292
blr,2003,1.3729
blr,2004,1.3162
blr,2005,1.2626
blr,2006,1.2124
blr,2007,1.1695
blr,2008,1.1309
blr,2009,1.0928
blr,2010,1.0517
blr,2011,1.0053
blr,2012,0.95176
blr,2013,0.89379
blr,2014,0.83382
blr,2015,0.77461
blr,2016,0.71809
blr,2017,0.66493
blr,2018,0.61699
blr,2019,0.57130
blr,2020,0.53109
blr,2021,0.49531
blr,2022,0.46365
blr,2023,0.43465
blr,2024,0.40803
blz,1991,2.1964
blz,1992,2.2192
blz,1993,2.2419
blz,1994,2.2644
blz,1995,2.2874
blz,1996,2.3118
blz,1997,2.3337
blz,1998,2.3542
blz,1999,2.3677
blz,2000,2.3731
blz,2001,2.3736
blz,2002,2.3619
blz,2003,2.3429
blz,2004,2.3120
blz,2005,2.2771
blz,2006,2.2282
blz,2007,2.1739
blz,2008,2.1141
blz,2009,2.0442
blz,2010,1.9690
blz,2011,1.8895
blz,2012,1.8071
blz,2013,1.7210
blz,2014,1.6338
blz,2015,1.5487
blz,2016,1.4672
blz,2017,1.3883
blz,2018,1.3128
blz,2019,1.2429
blz,2020,1.1770
blz,2021,1.1157
blz,2022,1.0594
blz,2023,1.0047
blz,2024,0.95451
bol,1991,6.1795
bol,1992,5.8484
bol,1993,5.5442
bol,1994,5.2723
bol,1995,5.0093
bol,1996,4.7797
bol,1997,4.5570
bol,1998,4.3431
bol,1999,4.1482
bol,2000,3.9569
bol,2001,3.7685
bol,2002,3.5966
bol,2003,3.4223
bol,2004,3.2455
bol,2005,3.0684
bol,2006,2.8947
bol,2007,2.7223
bol,2008,2.5540
bol,2009,2.3862
bol,2010,2.2211
bol,2011,2.0660
bol,2012,1.9267
bol,2013,1.8081
bol,2014,1.7038
bol,2015,1.6084
bol,2016,1.5178
bol,2017,1.4306
bol,2018,1.3517
bol,2019,1.2776
bol,2020,1.2113
bol,2021,1.1515
bol,2022,1.0942
bol,2023,1.0315
bol,2024,0.97858
bra,1991,1.9443
bra,1992,1.9228
bra,1993,1.9067
bra,1994,1.8901
bra,1995,1.8685
bra,1996,1.8396
bra,1997,1.8036
bra,1998,1.7617
bra,1999,1.7191
bra,2000,1.6805
bra,2001,1.6467
bra,2002,1.6171
bra,2003,1.5911
bra,2004,1.5671
bra,2005,1.5443
bra,2006,1.5225
bra,2007,1.5011
bra,2008,1.4806
bra,2009,1.4590
bra,2010,1.4341
bra,2011,1.4056
bra,2012,1.3724
bra,2013,1.3351
bra,2014,1.2958
bra,2015,1.2571
bra,2016,1.2194
bra,2017,1.1828
bra,2018,1.1476
bra,2019,1.1148
bra,2020,1.0848
bra,2021,1.0597
bra,2022,1.0420
bra,2023,1.0310
bra,2024,1.0198
brb,1991,0.96331
brb,1992,0.96032
brb,1993,0.95594
brb,1994,0.94995
brb,1995,0.94316
brb,1996,0.93535
brb,1997,0.92370
brb,1998,0.91147
brb,1999,0.89743
brb,2000,0.88257
brb,2001,0.86395
brb,2002,0.84253
brb,2003,0.81691
brb,2004,0.78790
brb,2005,0.75652
brb,2006,0.72173
brb,2007,0.68714
brb,2008,0.65055
brb,2009,0.61365
brb,2010,0.57677
brb,2011,0.54148
brb,2012,0.50748
brb,2013,0.47536
brb,2014,0.44732
brb,2015,0.42148
brb,2016,0.39889
brb,2017,0.37742
brb,2018,0.35545
brb,2019,0.33727
brb,2020,0.31642
brb,2021,0.29776
brb,2022,0.28065
brb,2023,0.26433
brb,2024,0.24879
brn,1991,1.7630
brn,1992,1.7164
brn,1993,1.6701
brn,1994,1.6255
brn,1995,1.5807
brn,1996,1.5371
brn,1997,1.4943
brn,1998,1.4537
brn,1999,1.4181
brn,2000,1.3843
brn,2001,1.3516
brn,2002,1.3230
brn,2003,1.2925
brn,2004,1.2626
brn,2005,1.2331
brn,2006,1.2044
brn,2007,1.1772
brn,2008,1.1520
brn,2009,1.1244
brn,2010,1.0985
brn,2011,1.0743
brn,2012,1.0516
brn,2013,1.0286
brn,2014,1.0059
brn,2015,0.98223
brn,2016,0.95931
brn,2017,0.93638
brn,2018,0.91241
brn,2019,0.88737
brn,2020,0.86368
brn,2021,0.83902
brn,2022,0.81583
brn,2023,0.79301
brn,2024,0.76909
btn,1991,8.3872
btn,1992,8.3698
btn,1993,8.3097
btn,1994,8.2144
btn,1995,8.1136
btn,1996,7.9858
btn,1997,7.8391
btn,1998,7.6837
btn,1999,7.4955
btn,2000,7.2993
btn,2001,7.9658
btn,2002,6.8343
btn,2003,6.5436
btn,2004,6.2669
btn,2005,5.9332
btn,2006,5.6003
btn,2007,5.2505
btn,2008,4.8518
btn,2009,4.4487
btn,2010,4.0186
btn,2011,3.5868
btn,2012,3.1450
btn,2013,2.7021
btn,2014,2.3034
btn,2015,1.9703
btn,2016,1.7144
btn,2017,1.5262
btn,2018,1.3768
btn,2019,1.2587
btn,2020,1.1646
btn,2021,1.0878
btn,2022,1.0124
btn,2023,0.94866
btn,2024,0.89124
bwa,1991,9.7832
bwa,1992,9.4721
bwa,1993,9.1771
bwa,1994,8.8878
bwa,1995,8.5631
bwa,1996,8.2688
bwa,1997,7.9607
bwa,1998,7.6460
bwa,1999,7.3447
bwa,2000,7.0399
bwa,2001,6.7384
bwa,2002,6.4483
bwa,2003,6.1704
bwa,2004,5.9009
bwa,2005,5.6403
bwa,2006,5.3755
bwa,2007,5.8336
bwa,2008,4.8797
bwa,2009,4.6353
bwa,2010,4.4159
bwa,2011,4.1922
bwa,2012,3.9823
bwa,2013,3.7774
bwa,2014,3.5849
bwa,2015,3.3869
bwa,2016,3.1988
bwa,2017,3.0074
bwa,2018,2.8241
bwa,2019,2.6281
bwa,2020,2.4424
bwa,2021,2.2661
bwa,2022,2.0791
bwa,2023,1.9150
bwa,2024,1.7674
caf,1991,14.851
caf,1992,14.501
caf,1993,14.207
caf,1994,13.963
caf,1995,13.765
caf,1996,13.600
caf,1997,13.470
caf,1998,13.367
caf,1999,13.268
caf,2000,13.215
caf,2001,13.164
caf,2002,13.149
caf,2003,13.157
caf,2004,13.156
caf,2005,13.144
caf,2006,13.124
caf,2007,13.093
caf,2008,13.020
caf,2009,12.883
caf,2010,118.73
caf,2011,17.792
caf,2012,14.178
caf,2013,11.888
caf,2014,14.946
caf,2015,27.620
caf,2016,12.930
caf,2017,13.870
caf,2018,20.215
caf,2019,12.389
caf,2020,42.157
caf,2021,13.353
caf,2022,24.609
caf,2023,78.312
caf,2024,7.6344
can,1991,0.97033
can,1992,0.93160
can,1993,0.89258
can,1994,0.85566
can,1995,0.82098
can,1996,0.78810
can,1997,0.75574
can,1998,0.72416
can,1999,0.69233
can,2000,0.66099
can,2001,0.63104
can,2002,0.60387
can,2003,0.57970
can,2004,0.55915
can,2005,0.54164
can,2006,0.52622
can,2007,0.51127
can,2008,0.49622
can,2009,0.48097
can,2010,0.46543
can,2011,0.45063
can,2012,0.43740
can,2013,0.42620
can,2014,0.41707
can,2015,0.40927
can,2016,0.40284
can,2017,0.39705
can,2018,0.39198
can,2019,0.38837
can,2020,0.38680
can,2021,0.38734
can,2022,0.39017
can,2023,0.39459
can,2024,0.39695
che,1991,0.91488
che,1992,0.87904
che,1993,0.84324
che,1994,0.80800
che,1995,0.77340
che,1996,0.73875
che,1997,0.70449
che,1998,0.67220
che,1999,0.64114
che,2000,0.61111
che,2001,0.58363
che,2002,0.55793
che,2003,0.53404
che,2004,0.51197
che,2005,0.49158
che,2006,0.47231
che,2007,0.45397
che,2008,0.43666
che,2009,0.42089
che,2010,0.40579
che,2011,0.39154
che,2012,0.37883
che,2013,0.36673
che,2014,0.35584
che,2015,0.34624
che,2016,0.33730
che,2017,0.32927
che,2018,0.32176
che,2019,0.31492
che,2020,0.30841
che,2021,0.30249
che,2022,0.29656
che,2023,0.29074
che,2024,0.28472
chl,1991,1.5089
chl,1992,1.4426
chl,1993,1.3824
chl,1994,1.3277
chl,1995,1.2774
chl,1996,1.2303
chl,1997,1.1851
chl,1998,1.1399
chl,1999,1.0938
chl,2000,1.0497
chl,2001,1.0083
chl,2002,0.97046
chl,2003,0.93533
chl,2004,0.90263
chl,2005,0.87201
chl,2006,0.84374
chl,2007,0.81752
chl,2008,0.79321
chl,2009,0.77081
chl,2010,0.74962
chl,2011,0.72996
chl,2012,0.71107
chl,2013,0.69230
chl,2014,0.67332
chl,2015,0.65387
chl,2016,0.63409
chl,2017,0.61496
chl,2018,0.59750
chl,2019,0.58309
chl,2020,0.57207
chl,2021,0.56505
chl,2022,0.56163
chl,2023,0.56105
chl,2024,0.56088
chn,1991,3.6619
chn,1992,3.4780
chn,1993,3.3036
chn,1994,3.1367
chn,1995,2.9759
chn,1996,2.8247
chn,1997,2.6832
chn,1998,2.5464
chn,1999,2.4140
chn,2000,2.2865
chn,2001,2.1670
chn,2002,2.0529
chn,2003,1.9436
chn,2004,1.8405
chn,2005,1.7438
chn,2006,1.6557
chn,2007,1.5712
chn,2008,1.4906
chn,2009,1.4130
chn,2010,1.3331
chn,2011,1.2551
chn,2012,1.1802
chn,2013,1.1123
chn,2014,1.0490
chn,2015,0.99002
chn,2016,0.93555
chn,2017,0.88315
chn,2018,0.83073
chn,2019,0.78570
chn,2020,0.74092
chn,2021,0.69900
chn,2022,0.65868
chn,2023,0.61843
chn,2024,0.58399
civ,1991,15.457
civ,1992,15.197
civ,1993,14.935
civ,1994,14.657
civ,1995,14.382
civ,1996,14.139
civ,1997,13.879
civ,1998,13.626
civ,1999,13.400
civ,2000,13.162
civ,2001,12.967
civ,2002,12.771
civ,2003,12.617
civ,2004,12.420
civ,2005,12.229
civ,2006,12.050
civ,2007,11.864
civ,2008,11.691
civ,2009,11.497
civ,2010,11.255
civ,2011,11.025
civ,2012,10.737
civ,2013,10.436
civ,2014,10.123
civ,2015,9.7863
civ,2016,9.4051
civ,2017,9.0217
civ,2018,8.6234
civ,2019,8.2466
civ,2020,7.8658
civ,2021,7.4642
civ,2022,7.0954
civ,2023,6.7706
civ,2024,6.4216
cmr,1991,19.073
cmr,1992,19.003
cmr,1993,18.908
cmr,1994,18.793
cmr,1995,18.691
cmr,1996,18.562
cmr,1997,18.419
cmr,1998,18.251
cmr,1999,18.073
cmr,2000,17.862
cmr,2001,17.637
cmr,2002,17.370
cmr,2003,17.089
cmr,2004,16.794
cmr,2005,16.466
cmr,2006,16.132
cmr,2007,15.778
cmr,2008,15.410
cmr,2009,15.042
cmr,2010,14.641
cmr,2011,14.233
cmr,2012,13.811
cmr,2013,13.384
cmr,2014,12.940
cmr,2015,12.507
cmr,2016,12.049
cmr,2017,11.618
cmr,2018,11.165
cmr,2019,10.740
cmr,2020,10.340
cmr,2021,9.9352
cmr,2022,9.5023
cmr,2023,9.0929
cmr,2024,8.6481
cod,1991,20.856
cod,1992,20.536
cod,1993,20.199
cod,1994,19.794
cod,1995,19.428
cod,1996,19.013
cod,1997,18.633
cod,1998,18.212
cod,1999,17.817
cod,2000,17.404
cod,2001,17.010
cod,2002,16.583
cod,2003,16.194
cod,2004,15.795
cod,2005,15.385
cod,2006,14.976
cod,2007,14.553
cod,2008,14.096
cod,2009,13.617
cod,2010,13.109
cod,2011,12.596
cod,2012,12.087
cod,2013,11.575
cod,2014,11.052
cod,2015,10.498
cod,2016,9.9529
cod,2017,9.4233
cod,2018,8.9640
cod,2019,8.5148
cod,2020,8.1269
cod,2021,7.7578
cod,2022,7.3669
cod,2023,6.9995
cod,2024,6.6186
cog,1991,11.799
cog,1992,12.061
cog,1993,12.205
cog,1994,12.200
cog,1995,12.054
cog,1996,11.868
cog,1997,11.568
cog,1998,13.394
cog,1999,12.195
cog,2000,10.526
cog,2001,10.125
cog,2002,9.7139
cog,2003,9.1935
cog,2004,8.6274
cog,2005,8.0935
cog,2006,7.5304
cog,2007,6.9679
cog,2008,6.3833
cog,2009,5.8112
cog,2010,5.2357
cog,2011,4.7059
cog,2012,4.1806
cog,2013,3.7035
cog,2014,3.3258
cog,2015,3.0091
cog,2016,2.7550
cog,2017,2.5489
cog,2018,2.3691
cog,2019,2.2112
cog,2020,3.4467
cog,2021,1.9453
cog,2022,1.8164
cog,2023,1.7131
cog,2024,1.6126
cok,1991,2.1226
cok,1992,2.1187
cok,1993,2.1125
cok,1994,2.0991
cok,1995,2.0723
cok,1996,2.0321
cok,1997,1.9781
cok,1998,1.9121
cok,1999,1.8407
cok,2000,1.7701
cok,2001,1.7029
cok,2002,1.6392
cok,2003,1.5791
cok,2004,1.5210
cok,2005,1.4635
cok,2006,1.4065
cok,2007,1.3534
cok,2008,1.3051
cok,2009,1.2628
cok,2010,1.2297
cok,2011,1.2073
cok,2012,1.1980
cok,2013,1.2010
cok,2014,1.2124
cok,2015,1.2307
cok,2016,1.2532
cok,2017,1.2776
cok,2018,1.3027
cok,2019,1.3222
cok,2020,1.3325
cok,2021,1.3307
cok,2022,1.3170
cok,2023,1.2974
cok,2024,1.2728
col,1991,2.1076
col,1992,2.1058
col,1993,2.0985
col,1994,2.0795
col,1995,2.0483
col,1996,2.0047
col,1997,1.9567
col,1998,1.9135
col,1999,1.8791
col,2000,1.8473
col,2001,1.8115
col,2002,1.7689
col,2003,1.7187
col,2004,1.6624
col,2005,1.6052
col,2006,1.5516
col,2007,1.5035
col,2008,1.4599
col,2009,1.4204
col,2010,1.3831
col,2011,1.3462
col,2012,1.3107
col,2013,1.2773
col,2014,1.2469
col,2015,1.2198
col,2016,1.1966
col,2017,1.1766
col,2018,1.1596
col,2019,1.1470
col,2020,1.1377
col,2021,1.1319
col,2022,1.1282
col,2023,1.1241
col,2024,1.1177
com,1991,8.9187
com,1992,8.7004
com,1993,8.4799
com,1994,8.2419
com,1995,8.0229
com,1996,7.8002
com,1997,7.5916
com,1998,7.3956
com,1999,7.1911
com,2000,6.9897
com,2001,6.7709
com,2002,6.5697
com,2003,6.3629
com,2004,6.1723
com,2005,5.9613
com,2006,5.7610
com,2007,5.5392
com,2008,5.3158
com,2009,5.0908
com,2010,4.8630
com,2011,4.6353
com,2012,4.4084
com,2013,4.1885
com,2014,3.9677
com,2015,3.7503
com,2016,3.5221
com,2017,3.3123
com,2018,3.0932
com,2019,2.8974
com,2020,2.7222
com,2021,2.5642
com,2022,2.4288
com,2023,2.2985
com,2024,2.1680
cpv,1991,2.3695
cpv,1992,2.3694
cpv,1993,2.3664
cpv,1994,2.3607
cpv,1995,2.3460
cpv,1996,4.1613
cpv,1997,2.2981
cpv,1998,2.2611
cpv,1999,2.2153
cpv,2000,2.1640
cpv,2001,2.1055
cpv,2002,2.0407
cpv,2003,1.9759
cpv,2004,1.9086
cpv,2005,1.8394
cpv,2006,1.7698
cpv,2007,1.6981
cpv,2008,1.6269
cpv,2009,1.5524
cpv,2010,1.4784
cpv,2011,1.4058
cpv,2012,1.3368
cpv,2013,1.2711
cpv,2014,1.2096
cpv,2015,1.1519
cpv,2016,1.0983
cpv,2017,1.0476
cpv,2018,1.0002
cpv,2019,0.95637
cpv,2020,0.91436
cpv,2021,0.87392
cpv,2022,0.83437
cpv,2023,0.79566
cpv,2024,0.76033
cri,1991,1.3248
cri,1992,1.2998
cri,1993,1.2746
cri,1994,1.2501
cri,1995,1.2248
cri,1996,1.1997
cri,1997,1.1737
cri,1998,1.1477
cri,1999,1.1218
cri,2000,1.0964
cri,2001,1.0707
cri,2002,1.0465
cri,2003,1.0223
cri,2004,0.99817
cri,2005,0.97420
cri,2006,0.95118
cri,2007,0.92773
cri,2008,0.90485
cri,2009,0.88238
cri,2010,0.85997
cri,2011,0.83740
cri,2012,0.81514
cri,2013,0.79339
cri,2014,0.77188
cri,2015,0.75172
cri,2016,0.73178
cri,2017,0.71225
cri,2018,0.69290
cri,2019,0.67397
cri,2020,0.65525
cri,2021,0.63636
cri,2022,0.61729
cri,2023,0.59892
cri,2024,0.57988
cub,1991,1.7411
cub,1992,1.7145
cub,1993,1.6845
cub,1994,1.6502
cub,1995,1.6105
cub,1996,1.5643
cub,1997,1.5151
cub,1998,1.4621
cub,1999,1.4055
cub,2000,1.3459
cub,2001,1.2831
cub,2002,1.2183
cub,2003,1.1542
cub,2004,1.0934
cub,2005,1.0406
cub,2006,0.99550
cub,2007,0.95914
cub,2008,0.93127
cub,2009,0.90951
cub,2010,0.89435
cub,2011,0.88481
cub,2012,0.87826
cub,2013,0.87403
cub,2014,0.87217
cub,2015,0.87210
cub,2016,0.87295
cub,2017,0.87434
cub,2018,0.87584
cub,2019,0.87927
cub,2020,0.88651
cub,2021,0.89752
cub,2022,0.91359
cub,2023,0.93029
cub,2024,0.94273
cyp,1991,0.91301
cyp,1992,0.90923
cyp,1993,0.90781
cyp,1994,0.90845
cyp,1995,0.91024
cyp,1996,0.91452
cyp,1997,0.92123
cyp,1998,0.92803
cyp,1999,0.93599
cyp,2000,0.94201
cyp,2001,0.94334
cyp,2002,0.93972
cyp,2003,0.92956
cyp,2004,0.91152
cyp,2005,0.88633
cyp,2006,0.85742
cyp,2007,0.82231
cyp,2008,0.78415
cyp,2009,0.74566
cyp,2010,0.70593
cyp,2011,0.66801
cyp,2012,0.63169
cyp,2013,0.59904
cyp,2014,0.56798
cyp,2015,0.53943
cyp,2016,0.51298
cyp,2017,0.48782
cyp,2018,0.46419
cyp,2019,0.44182
cyp,2020,0.42101
cyp,2021,0.40052
cyp,2022,0.38044
cyp,2023,0.36155
cyp,2024,0.34473
cze,1991,1.2287
cze,1992,1.1922
cze,1993,1.1582
cze,1994,1.1249
cze,1995,1.0873
cze,1996,1.0442
cze,1997,0.99716
cze,1998,0.94711
cze,1999,0.89775
cze,2000,0.84836
cze,2001,0.80028
cze,2002,0.75509
cze,2003,0.71268
cze,2004,0.67380
cze,2005,0.63736
cze,2006,0.60404
cze,2007,0.57372
cze,2008,0.54582
cze,2009,0.52040
cze,2010,0.49681
cze,2011,0.47566
cze,2012,0.45745
cze,2013,0.44109
cze,2014,0.42752
cze,2015,0.41626
cze,2016,0.40738
cze,2017,0.40063
cze,2018,0.39550
cze,2019,0.39087
cze,2020,0.38735
cze,2021,0.38434
cze,2022,0.38064
cze,2023,0.37623
cze,2024,0.37050
deu,1991,0.98380
deu,1992,0.93846
deu,1993,0.88809
deu,1994,0.83504
deu,1995,0.78215
deu,1996,0.73222
deu,1997,0.68789
deu,1998,0.65062
deu,1999,0.62034
deu,2000,0.59580
deu,2001,0.57436
deu,2002,0.55542
deu,2003,0.53750
deu,2004,0.51947
deu,2005,0.50142
deu,2006,0.48371
deu,2007,0.46692
deu,2008,0.45205
deu,2009,0.43912
deu,2010,0.42775
deu,2011,0.41755
deu,2012,0.40802
deu,2013,0.39928
deu,2014,0.39132
deu,2015,0.38465
deu,2016,0.37941
deu,2017,0.37549
deu,2018,0.37207
deu,2019,0.36926
deu,2020,0.36777
deu,2021,0.36875
deu,2022,0.37219
deu,2023,0.37857
deu,2024,0.38674
dji,1991,12.733
dji,1992,12.467
dji,1993,12.263
dji,1994,12.077
dji,1995,11.920
dji,1996,11.763
dji,1997,11.612
dji,1998,11.446
dji,1999,11.244
dji,2000,11.030
dji,2001,10.798
dji,2002,10.540
dji,2003,10.267
dji,2004,9.9895
dji,2005,9.7195
dji,2006,9.4500
dji,2007,9.1775
dji,2008,8.8938
dji,2009,8.6179
dji,2010,8.3679
dji,2011,8.1152
dji,2012,7.8618
dji,2013,7.6153
dji,2014,7.3748
dji,2015,7.1428
dji,2016,6.9086
dji,2017,6.6986
dji,2018,6.4768
dji,2019,6.2697
dji,2020,6.0547
dji,2021,5.8478
dji,2022,5.6499
dji,2023,5.4650
dji,2024,5.2735
dma,1991,1.1760
dma,1992,1.1834
dma,1993,1.1870
dma,1994,1.1915
dma,1995,1.1940
dma,1996,1.1867
dma,1997,1.1760
dma,1998,1.1603
dma,1999,1.1429
dma,2000,1.1258
dma,2001,1.0972
dma,2002,1.0651
dma,2003,1.0256
dma,2004,0.98575
dma,2005,0.94523
dma,2006,0.90045
dma,2007,0.85670
dma,2008,0.81123
dma,2009,0.76838
dma,2010,0.72751
dma,2011,0.68607
dma,2012,0.65361
dma,2013,0.61977
dma,2014,0.58925
dma,2015,0.55952
dma,2016,0.52651
dma,2017,0.50200
dma,2018,3.9470
dma,2019,0.45219
dma,2020,0.42836
dma,2021,0.40363
dma,2022,0.38006
dma,2023,0.35899
dma,2024,0.33727
dnk,1991,0.87978
dnk,1992,0.85246
dnk,1993,0.82420
dnk,1994,0.79543
dnk,1995,0.76628
dnk,1996,0.73648
dnk,1997,0.70628
dnk,1998,0.67718
dnk,1999,0.64686
dnk,2000,0.61675
dnk,2001,0.58700
dnk,2002,0.55723
dnk,2003,0.52744
dnk,2004,0.49941
dnk,2005,0.47270
dnk,2006,0.44736
dnk,2007,0.42384
dnk,2008,0.40157
dnk,2009,0.38087
dnk,2010,0.36250
dnk,2011,0.34538
dnk,2012,0.33056
dnk,2013,0.31790
dnk,2014,0.30666
dnk,2015,0.29699
dnk,2016,0.28872
dnk,2017,0.28149
dnk,2018,0.27521
dnk,2019,0.26957
dnk,2020,0.26457
dnk,2021,0.25967
dnk,2022,0.25489
dnk,2023,0.24981
dnk,2024,0.24436
dom,1991,3.5053
dom,1992,3.3328
dom,1993,3.1831
dom,1994,3.0371
dom,1995,2.9148
dom,1996,2.8057
dom,1997,2.7073
dom,1998,2.6161
dom,1999,2.5266
dom,2000,2.4425
dom,2001,2.3629
dom,2002,2.2883
dom,2003,2.2153
dom,2004,2.1366
dom,2005,2.0614
dom,2006,1.9889
dom,2007,1.9217
dom,2008,1.8549
dom,2009,1.7890
dom,2010,1.7258
dom,2011,1.6611
dom,2012,1.5999
dom,2013,1.5409
dom,2014,1.4767
dom,2015,1.4148
dom,2016,1.3539
dom,2017,1.2945
dom,2018,1.2381
dom,2019,1.1815
dom,2020,1.1261
dom,2021,1.0730
dom,2022,1.0192
dom,2023,0.96748
dom,2024,0.92131
dza,1991,5.3313
dza,1992,5.1181
dza,1993,4.9188
dza,1994,4.7304
dza,1995,4.5494
dza,1996,4.3776
dza,1997,4.2126
dza,1998,4.0505
dza,1999,3.8896
dza,2000,3.7250
dza,2001,3.5556
dza,2002,3.3809
dza,2003,3.2075
dza,2004,3.3744
dza,2005,2.8912
dza,2006,2.7645
dza,2007,2.6557
dza,2008,2.5545
dza,2009,2.4568
dza,2010,2.3678
dza,2011,2.2906
dza,2012,2.2237
dza,2013,2.1631
dza,2014,2.1042
dza,2015,2.0389
dza,2016,1.9607
dza,2017,1.8720
dza,2018,1.7799
dza,2019,1.6897
dza,2020,1.6095
dza,2021,1.5446
dza,2022,1.4962
dza,2023,1.4613
dza,2024,1.4362
ecu,1991,3.6849
ecu,1992,3.5134
ecu,1993,3.3351
ecu,1994,3.1549
ecu,1995,2.9876
ecu,1996,2.8439
ecu,1997,2.7259
ecu,1998,2.6342
ecu,1999,2.5651
ecu,2000,2.5102
ecu,2001,2.4636
ecu,2002,2.4190
ecu,2003,2.3742
ecu,2004,2.3263
ecu,2005,2.2746
ecu,2006,2.2195
ecu,2007,2.1610
ecu,2008,2.1001
ecu,2009,2.0335
ecu,2010,1.9645
ecu,2011,1.8930
ecu,2012,1.8190
ecu,2013,1.7432
ecu,2014,1.6687
ecu,2015,1.5966
ecu,2016,1.5293
ecu,2017,1.6453
ecu,2018,1.4195
ecu,2019,1.3827
ecu,2020,1.3618
ecu,2021,1.3586
ecu,2022,1.3713
ecu,2023,1.3951
ecu,2024,1.4237
egy,1991,5.9427
egy,1992,5.5246
egy,1993,5.1327
egy,1994,4.7718
egy,1995,4.4388
egy,1996,4.1232
egy,1997,3.8256
egy,1998,3.5509
egy,1999,3.3071
egy,2000,3.0963
egy,2001,2.9196
egy,2002,2.7770
egy,2003,2.6609
egy,2004,2.5677
egy,2005,2.4935
egy,2006,2.4396
egy,2007,2.4031
egy,2008,2.3797
egy,2009,2.3640
egy,2010,2.3514
egy,2011,2.3366
egy,2012,2.3153
egy,2013,2.2835
egy,2014,2.2372
egy,2015,2.1795
egy,2016,2.1155
egy,2017,2.0495
egy,2018,1.9864
egy,2019,1.9307
egy,2020,1.8815
egy,2021,1.8356
egy,2022,1.7901
egy,2023,1.7419
egy,2024,1.6797
eri,1991,25.033
eri,1992,22.999
eri,1993,21.105
eri,1994,19.295
eri,1995,17.613
eri,1996,16.081
eri,1997,14.664
eri,1998,13.357
eri,1999,12.164
eri,2000,16.228
eri,2001,11.392
eri,2002,9.1294
eri,2003,8.2922
eri,2004,7.5338
eri,2005,6.8488
eri,2006,6.2464
eri,2007,5.6826
eri,2008,5.1936
eri,2009,4.7321
eri,2010,4.3128
eri,2011,3.9615
eri,2012,3.6674
eri,2013,3.4289
eri,2014,3.1999
eri,2015,3.0097
eri,2016,2.8345
eri,2017,2.6811
eri,2018,2.5302
eri,2019,2.3902
eri,2020,2.2667
eri,2021,2.1669
eri,2022,2.0583
eri,2023,1.9536
eri,2024,1.8488
esp,1991,1.0979
esp,1992,1.0631
esp,1993,1.0226
esp,1994,0.98082
esp,1995,0.94104
esp,1996,0.90423
esp,1997,0.87015
esp,1998,0.83807
esp,1999,0.80705
esp,2000,0.77590
esp,2001,0.74422
esp,2002,0.71223
esp,2003,0.68042
esp,2004,0.64864
esp,2005,0.61751
esp,2006,0.58733
esp,2007,0.55828
esp,2008,0.53054
esp,2009,0.50391
esp,2010,0.47884
esp,2011,0.45533
esp,2012,0.43356
esp,2013,0.41349
esp,2014,0.39517
esp,2015,0.37871
esp,2016,0.36426
esp,2017,0.35241
esp,2018,0.34326
esp,2019,0.33698
esp,2020,0.33359
esp,2021,0.33324
esp,2022,0.33518
esp,2023,0.33835
esp,2024,0.34041
est,1991,2.4012
est,1992,2.3552
est,1993,2.2971
est,1994,2.2252
est,1995,2.1398
est,1996,2.0445
est,1997,1.9410
est,1998,1.8323
est,1999,1.7220
est,2000,1.6117
est,2001,1.5050
est,2002,1.4021
est,2003,1.3056
est,2004,1.2162
est,2005,1.1338
est,2006,1.0575
est,2007,0.98862
est,2008,0.92666
est,2009,0.87016
est,2010,0.81926
est,2011,0.77328
est,2012,0.73153
est,2013,0.69329
est,2014,0.65784
est,2015,0.62663
est,2016,0.59837
est,2017,0.57236
est,2018,0.54926
est,2019,0.52779
est,2020,0.50872
est,2021,0.49136
est,2022,0.47507
est,2023,0.45975
est,2024,0.44550
eth,1991,42.054
eth,1992,40.279
eth,1993,38.521
eth,1994,36.757
eth,1995,34.881
eth,1996,33.082
eth,1997,31.342
eth,1998,29.552
eth,1999,27.783
eth,2000,26.105
eth,2001,24.453
eth,2002,22.819
eth,2003,21.252
eth,2004,19.632
eth,2005,18.090
eth,2006,16.536
eth,2007,14.997
eth,2008,13.526
eth,2009,12.145
eth,2010,10.823
eth,2011,9.6312
eth,2012,8.5453
eth,2013,7.5427
eth,2014,6.6491
eth,2015,5.8549
eth,2016,5.1513
eth,2017,4.5450
eth,2018,4.0392
eth,2019,3.6551
eth,2020,3.3464
eth,2021,3.0975
eth,2022,2.8780
eth,2023,2.6943
eth,2024,2.5315
fin,1991,0.90182
fin,1992,0.88049
fin,1993,0.85943
fin,1994,0.83917
fin,1995,0.81820
fin,1996,0.79720
fin,1997,0.77533
fin,1998,0.75189
fin,1999,0.72754
fin,2000,0.70245
fin,2001,0.67715
fin,2002,0.65255
fin,2003,0.62839
fin,2004,0.60472
fin,2005,0.58070
fin,2006,0.55677
fin,2007,0.53280
fin,2008,0.50855
fin,2009,0.48544
fin,2010,0.46322
fin,2011,0.44285
fin,2012,0.42398
fin,2013,0.40664
fin,2014,0.39068
fin,2015,0.37630
fin,2016,0.36338
fin,2017,0.35184
fin,2018,0.34141
fin,2019,0.33207
fin,2020,0.32455
fin,2021,0.31785
fin,2022,0.31231
fin,2023,0.30711
fin,2024,0.30194
fji,1991,5.9177
fji,1992,5.7736
fji,1993,5.6157
fji,1994,5.4490
fji,1995,5.2650
fji,1996,5.0618
fji,1997,4.8512
fji,1998,4.6335
fji,1999,4.4096
fji,2000,4.1769
fji,2001,3.9456
fji,2002,3.7176
fji,2003,3.4930
fji,2004,3.2823
fji,2005,3.0899
fji,2006,2.9133
fji,2007,2.7562
fji,2008,2.6156
fji,2009,2.4908
fji,2010,2.3815
fji,2011,2.2856
fji,2012,2.2078
fji,2013,2.1450
fji,2014,2.0956
fji,2015,2.0613
fji,2016,2.0397
fji,2017,2.3917
fji,2018,2.0245
fji,2019,2.0237
fji,2020,2.0248
fji,2021,2.0211
fji,2022,1.9997
fji,2023,1.9527
fji,2024,1.8925
fra,1991,0.96985
fra,1992,0.92914
fra,1993,0.89132
fra,1994,0.85563
fra,1995,0.82122
fra,1996,0.78721
fra,1997,0.75449
fra,1998,0.72403
fra,1999,0.69548
fra,2000,0.66792
fra,2001,0.64056
fra,2002,0.61310
fra,2003,0.58482
fra,2004,0.55620
fra,2005,0.52872
fra,2006,0.50391
fra,2007,0.48238
fra,2008,0.46408
fra,2009,0.44884
fra,2010,0.43619
fra,2011,0.42545
fra,2012,0.41604
fra,2013,0.40758
fra,2014,0.39981
fra,2015,0.39243
fra,2016,0.38525
fra,2017,0.37864
fra,2018,0.37279
fra,2019,0.36863
fra,2020,0.36557
fra,2021,0.36398
fra,2022,0.36353
fra,2023,0.36358
fra,2024,0.36312
fsm,1991,4.1456
fsm,1992,4.0509
fsm,1993,3.9712
fsm,1994,3.9000
fsm,1995,3.8285
fsm,1996,3.7571
fsm,1997,3.6758
fsm,1998,3.5844
fsm,1999,3.4916
fsm,2000,3.3972
fsm,2001,3.3083
fsm,2002,3.2352
fsm,2003,5.6210
fsm,2004,3.1367
fsm,2005,3.1095
fsm,2006,3.0919
fsm,2007,3.0944
fsm,2008,3.0809
fsm,2009,3.0526
fsm,2010,3.0103
fsm,2011,2.9569
fsm,2012,2.8979
fsm,2013,2.8247
fsm,2014,2.7517
fsm,2015,2.6780
fsm,2016,2.6004
fsm,2017,2.5257
fsm,2018,2.4544
fsm,2019,2.3879
fsm,2020,2.3244
fsm,2021,2.2544
fsm,2022,2.1895
fsm,2023,2.1236
fsm,2024,2.0571
gab,1991,6.1710
gab,1992,6.3607
gab,1993,6.5181
gab,1994,6.6517
gab,1995,6.7829
gab,1996,6.8877
gab,1997,6.9152
gab,1998,6.9164
gab,1999,6.8880
gab,2000,6.8150
gab,2001,6.6999
gab,2002,6.5370
gab,2003,6.3365
gab,2004,6.1081
gab,2005,5.8373
gab,2006,5.4919
gab,2007,5.1638
gab,2008,4.8191
gab,2009,4.4913
gab,2010,4.2017
gab,2011,3.9665
gab,2012,3.7179
gab,2013,3.4982
gab,2014,3.3250
gab,2015,3.1239
gab,2016,2.9440
gab,2017,2.7968
gab,2018,2.6343
gab,2019,2.4762
gab,2020,2.3357
gab,2021,2.2078
gab,2022,2.0993
gab,2023,1.9898
gab,2024,1.8768
gbr,1991,0.84314
gbr,1992,0.80953
gbr,1993,0.77640
gbr,1994,0.74433
gbr,1995,0.71347
gbr,1996,0.68404
gbr,1997,0.65714
gbr,1998,0.63276
gbr,1999,0.61101
gbr,2000,0.59171
gbr,2001,0.57413
gbr,2002,0.55843
gbr,2003,0.54339
gbr,2004,0.52907
gbr,2005,0.51535
gbr,2006,0.50177
gbr,2007,0.48837
gbr,2008,0.47490
gbr,2009,0.46134
gbr,2010,0.44785
gbr,2011,0.43459
gbr,2012,0.42183
gbr,2013,0.40926
gbr,2014,0.39693
gbr,2015,0.38477
gbr,2016,0.37268
gbr,2017,0.36090
gbr,2018,0.34899
gbr,2019,0.33677
gbr,2020,0.32434
gbr,2021,0.31146
gbr,2022,0.29823
gbr,2023,0.28513
gbr,2024,0.27227
geo,1991,1.5697
geo,1992,1.6276
geo,1993,1.3075
geo,1994,1.2178
geo,1995,1.1500
geo,1996,1.0996
geo,1997,1.0648
geo,1998,1.0414
geo,1999,1.0275
geo,2000,1.0229
geo,2001,1.0281
geo,2002,1.0416
geo,2003,1.0614
geo,2004,1.0860
geo,2005,1.1145
geo,2006,1.1447
geo,2007,1.1748
geo,2008,1.2021
geo,2009,1.2244
geo,2010,1.2399
geo,2011,1.2447
geo,2012,1.2385
geo,2013,1.2225
geo,2014,1.1955
geo,2015,1.1579
geo,2016,1.1092
geo,2017,1.0521
geo,2018,0.99001
geo,2019,0.92451
geo,2020,0.85987
geo,2021,0.79701
geo,2022,0.73729
geo,2023,0.68220
geo,2024,0.63137
gha,1991,14.016
gha,1992,13.683
gha,1993,13.336
gha,1994,13.003
gha,1995,12.675
gha,1996,12.336
gha,1997,12.002
gha,1998,11.651
gha,1999,11.294
gha,2000,10.952
gha,2001,10.599
gha,2002,10.256
gha,2003,9.9084
gha,2004,9.5548
gha,2005,9.2209
gha,2006,8.8946
gha,2007,8.5577
gha,2008,8.2381
gha,2009,7.9342
gha,2010,7.6308
gha,2011,7.3497
gha,2012,7.0786
gha,2013,6.8260
gha,2014,6.5800
gha,2015,6.3478
gha,2016,6.1212
gha,2017,5.9007
gha,2018,5.6801
gha,2019,5.4746
gha,2020,5.2625
gha,2021,5.0626
gha,2022,4.8683
gha,2023,4.6896
gha,2024,4.4997
gin,1991,24.847
gin,1992,24.101
gin,1993,23.383
gin,1994,22.682
gin,1995,21.996
gin,1996,21.356
gin,1997,20.702
gin,1998,20.064
gin,1999,19.422
gin,2000,18.797
gin,2001,18.195
gin,2002,17.643
gin,2003,17.084
gin,2004,16.547
gin,2005,15.994
gin,2006,15.485
gin,2007,14.967
gin,2008,14.450
gin,2009,13.990
gin,2010,13.571
gin,2011,13.157
gin,2012,12.728
gin,2013,12.322
gin,2014,11.913
gin,2015,11.518
gin,2016,11.088
gin,2017,10.665
gin,2018,10.244
gin,2019,9.8505
gin,2020,9.4656
gin,2021,9.0775
gin,2022,8.6998
gin,2023,8.3895
gin,2024,8.0511
gmb,1991,16.674
gmb,1992,16.041
gmb,1993,15.413
gmb,1994,14.802
gmb,1995,14.197
gmb,1996,13.603
gmb,1997,13.016
gmb,1998,12.445
gmb,1999,11.892
gmb,2000,11.361
gmb,2001,10.847
gmb,2002,10.352
gmb,2003,9.8686
gmb,2004,9.3991
gmb,2005,8.9498
gmb,2006,8.5178
gmb,2007,8.1009
gmb,2008,7.7110
gmb,2009,7.3422
gmb,2010,6.9960
gmb,2011,6.6617
gmb,2012,6.3562
gmb,2013,6.0672
gmb,2014,5.7856
gmb,2015,5.5234
gmb,2016,5.2738
gmb,2017,5.0383
gmb,2018,4.8201
gmb,2019,4.6190
gmb,2020,4.4275
gmb,2021,4.2521
gmb,2022,4.0852
gmb,2023,3.9285
gmb,2024,3.7828
gnb,1991,12.545
gnb,1992,13.682
gnb,1993,14.566
gnb,1994,15.458
gnb,1995,16.321
gnb,1996,16.844
gnb,1997,17.577
gnb,1998,20.101
gnb,1999,18.394
gnb,2000,18.420
gnb,2001,18.173
gnb,2002,17.905
gnb,2003,17.535
gnb,2004,17.074
gnb,2005,16.520
gnb,2006,15.916
gnb,2007,15.229
gnb,2008,14.529
gnb,2009,13.705
gnb,2010,12.832
gnb,2011,11.901
gnb,2012,10.925
gnb,2013,9.9554
gnb,2014,8.9908
gnb,2015,8.0569
gnb,2016,7.1789
gnb,2017,6.3788
gnb,2018,5.6764
gnb,2019,5.1664
gnb,2020,4.7312
gnb,2021,4.3569
gnb,2022,4.0796
gnb,2023,3.8241
gnb,2024,3.5868
gnq,1991,18.062
gnq,1992,17.894
gnq,1993,17.740
gnq,1994,17.586
gnq,1995,17.430
gnq,1996,17.237
gnq,1997,17.005
gnq,1998,16.732
gnq,1999,16.380
gnq,2000,15.967
gnq,2001,15.504
gnq,2002,15.016
gnq,2003,14.522
gnq,2004,14.021
gnq,2005,13.500
gnq,2006,12.997
gnq,2007,12.498
gnq,2008,12.001
gnq,2009,11.509
gnq,2010,11.051
gnq,2011,10.610
gnq,2012,10.193
gnq,2013,9.7958
gnq,2014,9.4260
gnq,2015,9.0757
gnq,2016,8.7267
gnq,2017,8.3770
gnq,2018,8.0751
gnq,2019,7.7822
gnq,2020,7.5265
gnq,2021,7.2299
gnq,2022,6.9544
gnq,2023,6.6772
gnq,2024,6.3956
grc,1991,0.89719
grc,1992,0.86432
grc,1993,0.83511
grc,1994,0.80895
grc,1995,0.78523
grc,1996,0.76273
grc,1997,0.74150
grc,1998,0.72147
grc,1999,0.70203
grc,2000,0.68348
grc,2001,0.66565
grc,2002,0.64892
grc,2003,0.63258
grc,2004,0.61632
grc,2005,0.60037
grc,2006,0.58384
grc,2007,0.56670
grc,2008,0.54946
grc,2009,0.53203
grc,2010,0.51418
grc,2011,0.49666
grc,2012,0.47902
grc,2013,0.46183
grc,2014,0.44457
grc,2015,0.42772
grc,2016,0.41128
grc,2017,0.39510
grc,2018,0.37926
grc,2019,0.36357
grc,2020,0.34824
grc,2021,0.33360
grc,2022,0.31979
grc,2023,0.30564
grc,2024,0.28966
grd,1991,1.6704
grd,1992,1.6460
grd,1993,1.6213
grd,1994,1.5999
grd,1995,1.5789
grd,1996,1.5616
grd,1997,1.5466
grd,1998,1.5376
grd,1999,1.5292
grd,2000,1.5225
grd,2001,1.5197
grd,2002,1.5159
grd,2003,1.5142
grd,2004,1.5119
grd,2005,1.5117
grd,2006,1.5091
grd,2007,1.5091
grd,2008,1.5066
grd,2009,1.5013
grd,2010,1.4955
grd,2011,1.4891
grd,2012,1.4795
grd,2013,1.4699
grd,2014,1.4583
grd,2015,1.4356
grd,2016,1.4179
grd,2017,1.3955
grd,2018,1.3798
grd,2019,1.3619
grd,2020,1.3425
grd,2021,1.3202
grd,2022,1.2952
grd,2023,1.2694
grd,2024,1.2372
gtm,1991,7.8167
gtm,1992,7.1293
gtm,1993,6.4155
gtm,1994,5.7499
gtm,1995,5.1819
gtm,1996,4.7197
gtm,1997,4.3601
gtm,1998,4.0848
gtm,1999,3.8540
gtm,2000,3.6358
gtm,2001,3.4266
gtm,2002,3.2319
gtm,2003,3.0572
gtm,2004,2.9072
gtm,2005,2.7842
gtm,2006,3.5013
gtm,2007,2.5794
gtm,2008,2.4792
gtm,2009,2.3780
gtm,2010,2.2769
gtm,2011,2.1817
gtm,2012,2.0989
gtm,2013,2.0303
gtm,2014,1.9704
gtm,2015,1.9146
gtm,2016,1.8566
gtm,2017,1.7940
gtm,2018,1.7248
gtm,2019,1.6554
gtm,2020,1.5917
gtm,2021,1.5357
gtm,2022,1.4886
gtm,2023,1.4497
gtm,2024,1.4126
guy,1991,2.4745
guy,1992,2.3496
guy,1993,2.2393
guy,1994,2.1493
guy,1995,2.0798
guy,1996,2.0269
guy,1997,1.9881
guy,1998,1.9593
guy,1999,1.9407
guy,2000,1.9253
guy,2001,1.9173
guy,2002,1.9139
guy,2003,1.9155
guy,2004,1.9214
guy,2005,1.9339
guy,2006,1.9471
guy,2007,1.9598
guy,2008,1.9699
guy,2009,1.9751
guy,2010,1.9723
guy,2011,1.9576
guy,2012,1.9301
guy,2013,1.8896
guy,2014,1.8337
guy,2015,1.7680
guy,2016,1.6943
guy,2017,1.6211
guy,2018,1.5468
guy,2019,1.4738
guy,2020,1.4045
guy,2021,1.3390
guy,2022,1.2754
guy,2023,1.2115
guy,2024,1.1466
hnd,1991,4.6084
hnd,1992,4.3451
hnd,1993,4.1018
hnd,1994,3.8676
hnd,1995,3.6542
hnd,1996,3.4543
hnd,1997,3.2729
hnd,1998,3.1108
hnd,1999,17.231
hnd,2000,2.8290
hnd,2001,2.7123
hnd,2002,2.6057
hnd,2003,2.5033
hnd,2004,2.4116
hnd,2005,2.3265
hnd,2006,2.2427
hnd,2007,2.1613
hnd,2008,2.0818
hnd,2009,2.0055
hnd,2010,1.9319
hnd,2011,1.8679
hnd,2012,1.8053
hnd,2013,1.7419
hnd,2014,1.6745
hnd,2015,1.6043
hnd,2016,1.5370
hnd,2017,1.4646
hnd,2018,1.3903
hnd,2019,1.3236
hnd,2020,1.2609
hnd,2021,1.2083
hnd,2022,1.1535
hnd,2023,1.0970
hnd,2024,1.0426
hrv,1991,1.4343
hrv,1992,1.9536
hrv,1993,1.3233
hrv,1994,1.2598
hrv,1995,1.1928
hrv,1996,1.2830
hrv,1997,1.0581
hrv,1998,0.99525
hrv,1999,0.93671
hrv,2000,0.88335
hrv,2001,0.83661
hrv,2002,0.79503
hrv,2003,0.75849
hrv,2004,0.93145
hrv,2005,0.70118
hrv,2006,0.67852
hrv,2007,0.65942
hrv,2008,0.64319
hrv,2009,0.62931
hrv,2010,0.61800
hrv,2011,0.60856
hrv,2012,0.60121
hrv,2013,0.59639
hrv,2014,0.59372
hrv,2015,0.59357
hrv,2016,0.59527
hrv,2017,0.59857
hrv,2018,0.60428
hrv,2019,0.61095
hrv,2020,0.61826
hrv,2021,0.62591
hrv,2022,0.63350
hrv,2023,0.80833
hrv,2024,0.64778
hti,1991,14.966
hti,1992,14.527
hti,1993,14.117
hti,1994,13.695
hti,1995,13.224
hti,1996,12.773
hti,1997,12.304
hti,1998,11.805
hti,1999,11.312
hti,2000,10.841
hti,2001,10.386
hti,2002,9.9127
hti,2003,9.4679
hti,2004,9.0512
hti,2005,10.560
hti,2006,8.2680
hti,2007,7.9171
hti,2008,7.5710
hti,2009,7.2371
hti,2010,6.9139
hti,2011,39.803
hti,2012,7.0847
hti,2013,5.9878
hti,2014,5.7051
hti,2015,5.4383
hti,2016,5.1775
hti,2017,4.9313
hti,2018,4.6949
hti,2019,4.4907
hti,2020,4.2953
hti,2021,4.1060
hti,2022,4.6441
hti,2023,3.7422
hti,2024,3.5635
hun,1991,1.1912
hun,1992,1.1591
hun,1993,1.1254
hun,1994,1.0907
hun,1995,1.0557
hun,1996,1.0206
hun,1997,0.98556
hun,1998,0.95084
hun,1999,0.91591
hun,2000,0.88216
hun,2001,0.84863
hun,2002,0.81491
hun,2003,0.78123
hun,2004,0.74917
hun,2005,0.71712
hun,2006,0.68584
hun,2007,0.65614
hun,2008,0.62806
hun,2009,0.60225
hun,2010,0.57810
hun,2011,0.55700
hun,2012,0.53859
hun,2013,0.52368
hun,2014,0.51140
hun,2015,0.50128
hun,2016,0.49172
hun,2017,0.48213
hun,2018,0.47106
hun,2019,0.45963
hun,2020,0.44801
hun,2021,0.43655
hun,2022,0.42531
hun,2023,0.41448
hun,2024,0.40342
idn,1991,7.9518
idn,1992,7.6320
idn,1993,7.3192
idn,1994,7.0171
idn,1995,6.7266
idn,1996,6.4469
idn,1997,6.1740
idn,1998,5.9114
idn,1999,5.6549
idn,2000,5.4059
idn,2001,5.1603
idn,2002,4.9235
idn,2003,4.6915
idn,2004,4.4745
idn,2005,7.6470
idn,2006,4.0681
idn,2007,3.8862
idn,2008,3.7116
idn,2009,3.5520
idn,2010,3.4024
idn,2011,3.2600
idn,2012,3.1244
idn,2013,2.9968
idn,2014,2.8721
idn,2015,2.7541
idn,2016,2.6357
idn,2017,2.5262
idn,2018,2.4212
idn,2019,2.3184
idn,2020,2.2252
idn,2021,2.1313
idn,2022,2.0439
idn,2023,1.9509
idn,2024,1.8629
ind,1991,12.932
ind,1992,12.514
ind,1993,12.094
ind,1994,11.664
ind,1995,11.237
ind,1996,10.813
ind,1997,10.401
ind,1998,9.9978
ind,1999,9.5893
ind,2000,9.1872
ind,2001,8.7864
ind,2002,8.3708
ind,2003,7.9698
ind,2004,7.5681
ind,2005,7.1703
ind,2006,6.7719
ind,2007,6.3756
ind,2008,5.9789
ind,2009,5.5869
ind,2010,5.2079
ind,2011,4.8315
ind,2012,4.4684
ind,2013,4.1174
ind,2014,3.7830
ind,2015,3.4582
ind,2016,3.1420
ind,2017,2.8374
ind,2018,2.5417
ind,2019,2.2456
ind,2020,1.9601
ind,2021,1.6951
ind,2022,1.4685
ind,2023,1.2936
ind,2024,1.1569
irl,1991,0.90559
irl,1992,0.86736
irl,1993,0.83184
irl,1994,0.80019
irl,1995,0.76974
irl,1996,0.74261
irl,1997,0.71604
irl,1998,0.69142
irl,1999,0.66752
irl,2000,0.64474
irl,2001,0.62148
irl,2002,0.59845
irl,2003,0.57567
irl,2004,0.55311
irl,2005,0.53098
irl,2006,0.50876
irl,2007,0.48721
irl,2008,0.46556
irl,2009,0.44500
irl,2010,0.42490
irl,2011,0.40576
irl,2012,0.38728
irl,2013,0.36985
irl,2014,0.35317
irl,2015,0.33742
irl,2016,0.32260
irl,2017,0.30876
irl,2018,0.29559
irl,2019,0.28347
irl,2020,0.27201
irl,2021,0.26130
irl,2022,0.25091
irl,2023,0.24041
irl,2024,0.23073
irn,1991,6.8823
irn,1992,3.5202
irn,1993,3.3168
irn,1994,3.1368
irn,1995,2.9810
irn,1996,2.8469
irn,1997,2.7337
irn,1998,2.6453
irn,1999,2.5746
irn,2000,2.5253
irn,2001,2.4950
irn,2002,2.4846
irn,2003,2.4911
irn,2004,4.3498
irn,2005,2.5559
irn,2006,2.6143
irn,2007,2.6867
irn,2008,2.7634
irn,2009,2.8165
irn,2010,2.8184
irn,2011,2.7610
irn,2012,2.6497
irn,2013,2.4979
irn,2014,2.3359
irn,2015,2.1856
irn,2016,2.0553
irn,2017,1.9475
irn,2018,1.8608
irn,2019,1.7850
irn,2020,1.7048
irn,2021,1.6165
irn,2022,1.5259
irn,2023,1.4365
irn,2024,1.3513
irq,1991,11.586
irq,1992,7.7335
irq,1993,4.3527
irq,1994,4.1698
irq,1995,3.9814
irq,1996,3.8139
irq,1997,3.6516
irq,1998,3.4858
irq,1999,3.3497
irq,2000,3.2120
irq,2001,3.0931
irq,2002,2.9877
irq,2003,2.9097
irq,2004,2.8301
irq,2005,2.7680
irq,2006,2.7158
irq,2007,2.6640
irq,2008,2.6187
irq,2009,2.5662
irq,2010,2.5170
irq,2011,2.4675
irq,2012,2.4166
irq,2013,2.3552
irq,2014,2.2869
irq,2015,2.2097
irq,2016,2.1239
irq,2017,2.0421
irq,2018,1.9516
irq,2019,1.8594
irq,2020,1.7717
irq,2021,1.6802
irq,2022,1.5983
irq,2023,1.5182
irq,2024,1.4469
isl,1991,0.87233
isl,1992,0.83463
isl,1993,0.79881
isl,1994,0.76564
isl,1995,0.73375
isl,1996,0.70262
isl,1997,0.67137
isl,1998,0.64047
isl,1999,0.61047
isl,2000,0.57974
isl,2001,0.55003
isl,2002,0.52030
isl,2003,0.49219
isl,2004,0.46348
isl,2005,0.43564
isl,2006,0.40896
isl,2007,0.38315
isl,2008,0.35807
isl,2009,0.33395
isl,2010,0.31181
isl,2011,0.29013
isl,2012,0.26922
isl,2013,0.24913
isl,2014,0.23043
isl,2015,0.21350
isl,2016,0.19729
isl,2017,0.18201
isl,2018,0.16832
isl,2019,0.15519
isl,2020,0.14396
isl,2021,0.13433
isl,2022,0.12611
isl,2023,0.11829
isl,2024,0.11158
isr,1991,0.97910
isr,1992,0.94403
isr,1993,0.91105
isr,1994,0.88079
isr,1995,0.85320
isr,1996,0.82849
isr,1997,0.80567
isr,1998,0.78475
isr,1999,0.76552
isr,2000,0.74694
isr,2001,0.72884
isr,2002,0.71086
isr,2003,0.69258
isr,2004,0.67385
isr,2005,0.65478
isr,2006,0.63534
isr,2007,0.61569
isr,2008,0.59596
isr,2009,0.57631
isr,2010,0.55699
isr,2011,0.53773
isr,2012,0.51899
isr,2013,0.50141
isr,2014,0.48432
isr,2015,0.46793
isr,2016,0.45194
isr,2017,0.43661
isr,2018,0.42186
isr,2019,0.40803
isr,2020,0.39563
isr,2021,0.38474
isr,2022,0.37516
isr,2023,0.36676
isr,2024,0.35863
ita,1991,0.84811
ita,1992,0.86214
ita,1993,0.87821
ita,1994,0.88378
ita,1995,0.87445
ita,1996,0.84709
ita,1997,0.80446
ita,1998,0.75225
ita,1999,0.69744
ita,2000,0.64909
ita,2001,0.61215
ita,2002,0.58380
ita,2003,0.55696
ita,2004,0.52911
ita,2005,0.50330
ita,2006,0.48219
ita,2007,0.46569
ita,2008,0.45230
ita,2009,0.44059
ita,2010,0.42826
ita,2011,0.41326
ita,2012,0.39660
ita,2013,0.38102
ita,2014,0.36746
ita,2015,0.35726
ita,2016,0.35048
ita,2017,0.34379
ita,2018,0.33266
ita,2019,0.31652
ita,2020,0.30176
ita,2021,0.29427
ita,2022,0.29524
ita,2023,0.30397
ita,2024,0.31914
jam,1991,1.6647
jam,1992,1.6295
jam,1993,1.5955
jam,1994,1.5585
jam,1995,1.5224
jam,1996,1.4857
jam,1997,1.4467
jam,1998,1.4067
jam,1999,1.3675
jam,2000,1.3309
jam,2001,1.2994
jam,2002,1.2727
jam,2003,1.2530
jam,2004,1.2393
jam,2005,1.2320
jam,2006,1.2280
jam,2007,1.2268
jam,2008,1.2276
jam,2009,1.2273
jam,2010,1.2253
jam,2011,1.2238
jam,2012,1.2214
jam,2013,1.2166
jam,2014,1.2118
jam,2015,1.2064
jam,2016,1.2016
jam,2017,1.1998
jam,2018,1.2009
jam,2019,1.2051
jam,2020,1.2111
jam,2021,1.2182
jam,2022,1.2262
jam,2023,1.2329
jam,2024,1.2364
jor,1991,2.2906
jor,1992,2.2630
jor,1993,2.2326
jor,1994,2.2020
jor,1995,2.1698
jor,1996,2.1367
jor,1997,2.1013
jor,1998,2.0662
jor,1999,2.0282
jor,2000,1.9913
jor,2001,1.9520
jor,2002,1.9117
jor,2003,1.8689
jor,2004,1.8246
jor,2005,1.7781
jor,2006,1.7312
jor,2007,1.6870
jor,2008,1.6450
jor,2009,1.6087
jor,2010,1.5794
jor,2011,1.5553
jor,2012,1.5314
jor,2013,1.5002
jor,2014,1.4458
jor,2015,1.3549
jor,2016,1.2281
jor,2017,1.0764
jor,2018,0.91497
jor,2019,0.76129
jor,2020,0.62700
jor,2021,0.51879
jor,2022,0.43751
jor,2023,0.37905
jor,2024,0.33496
jpn,1991,0.91372
jpn,1992,0.89592
jpn,1993,0.87615
jpn,1994,0.85333
jpn,1995,0.82683
jpn,1996,0.95139
jpn,1997,0.76564
jpn,1998,0.73357
jpn,1999,0.70171
jpn,2000,0.67026
jpn,2001,0.63918
jpn,2002,0.60962
jpn,2003,0.58215
jpn,2004,0.55760
jpn,2005,0.53552
jpn,2006,0.51510
jpn,2007,0.49676
jpn,2008,0.48049
jpn,2009,0.46609
jpn,2010,0.45364
jpn,2011,0.44275
jpn,2012,1.0551
jpn,2013,0.42312
jpn,2014,0.41259
jpn,2015,0.40136
jpn,2016,0.38941
jpn,2017,0.37734
jpn,2018,0.36575
jpn,2019,0.35521
jpn,2020,0.34637
jpn,2021,0.33917
jpn,2022,0.33366
jpn,2023,0.32934
jpn,2024,0.32572
kaz,1991,2.9690
kaz,1992,2.9980
kaz,1993,3.0032
kaz,1994,2.9784
kaz,1995,2.9291
kaz,1996,2.8608
kaz,1997,2.7797
kaz,1998,2.6926
kaz,1999,2.6054
kaz,2000,2.5240
kaz,2001,2.4524
kaz,2002,2.3947
kaz,2003,2.3521
kaz,2004,2.3251
kaz,2005,2.3041
kaz,2006,2.2808
kaz,2007,2.2444
kaz,2008,2.1831
kaz,2009,2.0947
kaz,2010,1.9893
kaz,2011,1.8780
kaz,2012,1.7705
kaz,2013,1.6729
kaz,2014,1.5882
kaz,2015,1.5153
kaz,2016,1.4528
kaz,2017,1.3982
kaz,2018,1.3505
kaz,2019,1.3076
kaz,2020,1.2715
kaz,2021,1.2432
kaz,2022,1.2226
kaz,2023,1.2082
kaz,2024,1.1971
ken,1991,9.7681
ken,1992,9.9612
ken,1993,10.107
ken,1994,10.220
ken,1995,10.256
ken,1996,10.228
ken,1997,10.126
ken,1998,9.9523
ken,1999,9.7416
ken,2000,9.4567
ken,2001,9.1039
ken,2002,8.7032
ken,2003,8.2611
ken,2004,7.7910
ken,2005,7.3330
ken,2006,6.9051
ken,2007,6.4964
ken,2008,6.1373
ken,2009,5.8026
ken,2010,5.5000
ken,2011,5.2135
ken,2012,4.9407
ken,2013,4.6631
ken,2014,4.3807
ken,2015,4.0936
ken,2016,3.7930
ken,2017,3.4862
ken,2018,3.1885
ken,2019,2.9132
ken,2020,2.6469
ken,2021,2.4153
ken,2022,2.2158
ken,2023,2.0383
ken,2024,1.9009
kgz,1991,2.9643
kgz,1992,2.8936
kgz,1993,2.8348
kgz,1994,2.7885
kgz,1995,2.7484
kgz,1996,2.7085
kgz,1997,2.6598
kgz,1998,2.5948
kgz,1999,2.5093
kgz,2000,2.4060
kgz,2001,2.2896
kgz,2002,2.1688
kgz,2003,2.0503
kgz,2004,1.9413
kgz,2005,1.8468
kgz,2006,1.7707
kgz,2007,1.7108
kgz,2008,1.6622
kgz,2009,1.6224
kgz,2010,1.5887
kgz,2011,1.5602
kgz,2012,1.5349
kgz,2013,1.5118
kgz,2014,1.4899
kgz,2015,1.4665
kgz,2016,1.4389
kgz,2017,1.4081
kgz,2018,1.3726
kgz,2019,1.3351
kgz,2020,1.3010
kgz,2021,1.2720
kgz,2022,1.2508
kgz,2023,1.2342
kgz,2024,1.2216
khm,1991,17.810
khm,1992,17.159
khm,1993,16.523
khm,1994,15.863
khm,1995,15.166
khm,1996,14.405
khm,1997,13.664
khm,1998,12.905
khm,1999,12.100
khm,2000,11.303
khm,2001,10.498
khm,2002,9.6745
khm,2003,8.8682
khm,2004,8.1102
khm,2005,7.3939
khm,2006,6.7022
khm,2007,6.0506
khm,2008,5.4503
khm,2009,4.8855
khm,2010,4.3498
khm,2011,3.8642
khm,2012,3.4180
khm,2013,3.0297
khm,2014,2.6963
khm,2015,2.4392
khm,2016,2.2402
khm,2017,2.0769
khm,2018,1.9398
khm,2019,1.8170
khm,2020,1.7044
khm,2021,1.5952
khm,2022,1.5026
khm,2023,1.4220
khm,2024,1.3454
kir,1991,7.3518
kir,1992,7.0888
kir,1993,6.8370
kir,1994,6.6062
kir,1995,6.4097
kir,1996,6.2348
kir,1997,6.0754
kir,1998,5.9233
kir,1999,5.7729
kir,2000,5.6230
kir,2001,5.4777
kir,2002,5.3413
kir,2003,5.2270
kir,2004,5.1428
kir,2005,5.0872
kir,2006,5.0466
kir,2007,5.0122
kir,2008,4.9796
kir,2009,4.9370
kir,2010,4.8935
kir,2011,4.8521
kir,2012,4.8306
kir,2013,4.8217
kir,2014,4.8345
kir,2015,4.8686
kir,2016,4.9080
kir,2017,4.9534
kir,2018,4.9798
kir,2019,4.9775
kir,2020,4.9370
kir,2021,4.8816
kir,2022,4.8063
kir,2023,4.7181
kir,2024,4.6165
kna,1991,1.7694
kna,1992,1.7351
kna,1993,1.7068
kna,1994,1.6842
kna,1995,1.6631
kna,1996,1.6404
kna,1997,1.6143
kna,1998,1.5843
kna,1999,1.5482
kna,2000,1.5071
kna,2001,1.4616
kna,2002,1.4144
kna,2003,1.3684
kna,2004,1.3249
kna,2005,1.2853
kna,2006,1.2542
kna,2007,1.2301
kna,2008,1.2143
kna,2009,1.2060
kna,2010,1.2044
kna,2011,1.2070
kna,2012,1.2142
kna,2013,1.2230
kna,2014,1.2336
kna,2015,1.2418
kna,2016,1.2406
kna,2017,1.2305
kna,2018,1.2153
kna,2019,1.1984
kna,2020,1.1778
kna,2021,1.1525
kna,2022,1.1263
kna,2023,1.1010
kna,2024,1.0759
kor,1991,2.5285
kor,1992,2.4029
kor,1993,2.2829
kor,1994,2.1637
kor,1995,2.0413
kor,1996,1.9116
kor,1997,1.7716
kor,1998,1.6255
kor,1999,1.4835
kor,2000,1.3535
kor,2001,1.2374
kor,2002,1.1354
kor,2003,1.0456
kor,2004,0.96676
kor,2005,0.89725
kor,2006,0.83527
kor,2007,0.77926
kor,2008,0.72826
kor,2009,0.68094
kor,2010,0.63658
kor,2011,0.59485
kor,2012,0.55534
kor,2013,0.51847
kor,2014,0.48492
kor,2015,0.45561
kor,2016,0.43052
kor,2017,0.41021
kor,2018,0.39469
kor,2019,0.38334
kor,2020,0.37563
kor,2021,0.37091
kor,2022,0.36833
kor,2023,0.36747
kor,2024,0.36611
kwt,1991,2.7502
kwt,1992,2.0109
kwt,1993,1.9223
kwt,1994,1.7983
kwt,1995,1.6662
kwt,1996,1.5484
kwt,1997,1.4502
kwt,1998,1.3761
kwt,1999,1.3271
kwt,2000,1.3006
kwt,2001,1.2910
kwt,2002,1.2912
kwt,2003,1.2941
kwt,2004,1.2959
kwt,2005,1.2920
kwt,2006,1.2787
kwt,2007,1.2512
kwt,2008,1.2154
kwt,2009,1.1717
kwt,2010,1.1201
kwt,2011,1.0645
kwt,2012,1.0082
kwt,2013,0.95786
kwt,2014,0.91870
kwt,2015,0.89227
kwt,2016,0.87832
kwt,2017,0.87238
kwt,2018,0.86756
kwt,2019,0.85902
kwt,2020,0.84626
kwt,2021,0.82940
kwt,2022,0.80770
kwt,2023,0.78336
kwt,2024,0.75640
lao,1991,20.823
lao,1992,19.991
lao,1993,19.068
lao,1994,18.126
lao,1995,17.158
lao,1996,16.236
lao,1997,15.351
lao,1998,14.546
lao,1999,13.755
lao,2000,12.983
lao,2001,12.273
lao,2002,11.564
lao,2003,10.858
lao,2004,10.167
lao,2005,9.4798
lao,2006,8.7578
lao,2007,8.0534
lao,2008,7.3713
lao,2009,6.6987
lao,2010,6.0560
lao,2011,5.4334
lao,2012,4.8350
lao,2013,4.2699
lao,2014,3.7643
lao,2015,3.2938
lao,2016,2.8705
lao,2017,2.5034
lao,2018,2.2064
lao,2019,1.9757
lao,2020,1.7942
lao,2021,1.6465
lao,2022,1.5135
lao,2023,1.4080
lao,2024,1.3093
lbn,1991,2.2437
lbn,1992,2.1604
lbn,1993,2.0808
lbn,1994,2.0082
lbn,1995,1.9376
lbn,1996,1.8721
lbn,1997,1.8072
lbn,1998,1.7446
lbn,1999,1.6831
lbn,2000,1.6208
lbn,2001,1.5585
lbn,2002,1.4955
lbn,2003,1.4325
lbn,2004,1.3722
lbn,2005,1.3141
lbn,2006,1.2620
lbn,2007,1.2149
lbn,2008,1.1757
lbn,2009,1.1425
lbn,2010,1.1170
lbn,2011,1.0983
lbn,2012,1.0866
lbn,2013,1.0804
lbn,2014,1.0818
lbn,2015,1.0894
lbn,2016,1.1030
lbn,2017,1.1240
lbn,2018,1.1523
lbn,2019,1.1884
lbn,2020,1.2316
lbn,2021,1.2816
lbn,2022,1.3382
lbn,2023,1.3996
lbn,2024,1.4623
lbr,1991,15.951
lbr,1992,16.015
lbr,1993,16.051
lbr,1994,18.558
lbr,1995,19.992
lbr,1996,18.085
lbr,1997,18.579
lbr,1998,15.450
lbr,1999,15.073
lbr,2000,14.602
lbr,2001,14.067
lbr,2002,13.512
lbr,2003,12.974
lbr,2004,14.344
lbr,2005,11.869
lbr,2006,11.327
lbr,2007,10.779
lbr,2008,10.259
lbr,2009,9.8021
lbr,2010,9.3782
lbr,2011,9.0090
lbr,2012,8.6888
lbr,2013,8.4126
lbr,2014,8.1606
lbr,2015,9.2356
lbr,2016,9.2591
lbr,2017,7.5833
lbr,2018,7.3959
lbr,2019,7.2089
lbr,2020,7.0016
lbr,2021,6.7596
lbr,2022,6.5152
lbr,2023,6.2318
lbr,2024,5.9619
lby,1991,3.4064
lby,1992,3.3059
lby,1993,3.1860
lby,1994,3.0322
lby,1995,2.8630
lby,1996,2.6830
lby,1997,2.4927
lby,1998,2.3023
lby,1999,2.1295
lby,2000,1.9684
lby,2001,1.8078
lby,2002,1.6578
lby,2003,1.5083
lby,2004,1.3559
lby,2005,1.2162
lby,2006,1.0869
lby,2007,0.97366
lby,2008,0.88614
lby,2009,0.81184
lby,2010,0.74612
lby,2011,0.69404
lby,2012,1.1344
lby,2013,0.60359
lby,2014,0.57226
lby,2015,0.67026
lby,2016,0.64514
lby,2017,0.61862
lby,2018,0.54196
lby,2019,0.42869
lby,2020,0.51956
lby,2021,0.46460
lby,2022,0.36298
lby,2023,0.34654
lby,2024,4.6362
lca,1991,1.5057
lca,1992,1.5517
lca,1993,1.5991
lca,1994,1.6449
lca,1995,1.6833
lca,1996,1.7131
lca,1997,1.7365
lca,1998,1.7471
lca,1999,1.7541
lca,2000,1.7496
lca,2001,1.7380
lca,2002,1.7173
lca,2003,1.6915
lca,2004,1.6621
lca,2005,1.6263
lca,2006,1.5907
lca,2007,1.5510
lca,2008,1.5153
lca,2009,1.4771
lca,2010,1.4428
lca,2011,1.4110
lca,2012,1.3758
lca,2013,1.3446
lca,2014,1.3140
lca,2015,1.2857
lca,2016,1.2579
lca,2017,1.2290
lca,2018,1.1996
lca,2019,1.1711
lca,2020,1.1429
lca,2021,1.1135
lca,2022,1.0826
lca,2023,1.0465
lca,2024,1.0107
lka,1991,3.4916
lka,1992,3.3269
lka,1993,3.1695
lka,1994,3.0275
lka,1995,2.9054
lka,1996,2.8000
lka,1997,2.7089
lka,1998,2.6210
lka,1999,2.5235
lka,2000,2.4105
lka,2001,2.2846
lka,2002,2.1508
lka,2003,2.0192
lka,2004,1.8997
lka,2005,10.912
lka,2006,1.7274
lka,2007,1.6860
lka,2008,1.6669
lka,2009,1.6565
lka,2010,4.5861
lka,2011,1.5851
lka,2012,1.4802
lka,2013,1.3385
lka,2014,1.1861
lka,2015,1.0428
lka,2016,0.92120
lka,2017,0.82141
lka,2018,0.73858
lka,2019,0.67018
lka,2020,0.61293
lka,2021,0.56393
lka,2022,0.52039
lka,2023,0.48160
lka,2024,0.44618
lso,1991,7.2225
lso,1992,7.0855
lso,1993,6.9650
lso,1994,6.8314
lso,1995,6.7100
lso,1996,6.5976
lso,1997,6.4846
lso,1998,6.3854
lso,1999,6.2773
lso,2000,6.1649
lso,2001,6.0526
lso,2002,5.9380
lso,2003,5.8211
lso,2004,5.6925
lso,2005,5.5692
lso,2006,5.4344
lso,2007,5.2968
lso,2008,5.1504
lso,2009,5.0045
lso,2010,4.8587
lso,2011,4.7159
lso,2012,4.5760
lso,2013,4.4269
lso,2014,4.2793
lso,2015,4.1345
lso,2016,3.9954
lso,2017,3.8415
lso,2018,3.6872
lso,2019,3.5275
lso,2020,3.3943
lso,2021,3.2544
lso,2022,3.1204
lso,2023,2.9811
lso,2024,2.8446
ltu,1991,2.2510
ltu,1992,2.1998
ltu,1993,2.1348
ltu,1994,2.0553
ltu,1995,1.9656
ltu,1996,1.8709
ltu,1997,1.7757
ltu,1998,1.6844
ltu,1999,1.6009
ltu,2000,1.5247
ltu,2001,1.4580
ltu,2002,1.3988
ltu,2003,1.3478
ltu,2004,1.3049
ltu,2005,1.2653
ltu,2006,1.2280
ltu,2007,1.1893
ltu,2008,1.1471
ltu,2009,1.1007
ltu,2010,1.0523
ltu,2011,1.0018
ltu,2012,0.95158
ltu,2013,0.90222
ltu,2014,0.85458
ltu,2015,0.80777
ltu,2016,0.76262
ltu,2017,0.71913
ltu,2018,0.67720
ltu,2019,0.63709
ltu,2020,0.59891
ltu,2021,0.56276
ltu,2022,0.52826
ltu,2023,0.49584
ltu,2024,0.46599
lux,1991,0.81046
lux,1992,0.75436
lux,1993,0.69936
lux,1994,0.64725
lux,1995,0.59809
lux,1996,0.55236
lux,1997,0.50934
lux,1998,0.47008
lux,1999,0.43411
lux,2000,0.40211
lux,2001,0.37256
lux,2002,0.34616
lux,2003,0.32230
lux,2004,0.30179
lux,2005,0.28288
lux,2006,0.26623
lux,2007,0.25187
lux,2008,0.23870
lux,2009,0.22712
lux,2010,0.21749
lux,2011,0.20839
lux,2012,0.20046
lux,2013,0.19355
lux,2014,0.18755
lux,2015,0.18229
lux,2016,0.17757
lux,2017,0.17390
lux,2018,0.17065
lux,2019,0.16783
lux,2020,0.16499
lux,2021,0.16193
lux,2022,0.15957
lux,2023,0.15690
lux,2024,0.15263
lva,1991,2.8040
lva,1992,2.7501
lva,1993,2.6694
lva,1994,2.5658
lva,1995,2.4502
lva,1996,2.3258
lva,1997,2.2051
lva,1998,2.0914
lva,1999,1.9860
lva,2000,1.8931
lva,2001,1.8088
lva,2002,1.7329
lva,2003,1.6631
lva,2004,1.5972
lva,2005,1.5347
lva,2006,1.4715
lva,2007,1.4058
lva,2008,1.3365
lva,2009,1.2650
lva,2010,1.1899
lva,2011,1.1127
lva,2012,1.0363
lva,2013,0.96178
lva,2014,0.88957
lva,2015,0.82088
lva,2016,0.75727
lva,2017,0.69869
lva,2018,0.64413
lva,2019,0.59387
lva,2020,0.54735
lva,2021,0.50550
lva,2022,0.46661
lva,2023,0.43067
lva,2024,0.39763
mar,1991,4.9316
mar,1992,4.6903
mar,1993,4.4522
mar,1994,4.2135
mar,1995,3.9844
mar,1996,3.7635
mar,1997,3.5477
mar,1998,3.3439
mar,1999,3.1486
mar,2000,2.9634
mar,2001,2.7910
mar,2002,2.6311
mar,2003,2.4802
mar,2004,2.3388
mar,2005,2.2018
mar,2006,2.0774
mar,2007,1.9593
mar,2008,1.8472
mar,2009,1.7369
mar,2010,1.6317
mar,2011,1.5369
mar,2012,1.4539
mar,2013,1.3810
mar,2014,1.3087
mar,2015,1.2480
mar,2016,1.1878
mar,2017,1.1271
mar,2018,1.0726
mar,2019,1.0200
mar,2020,0.96553
mar,2021,0.91312
mar,2022,0.86228
mar,2023,0.82162
mar,2024,0.97578
mco,1991,0.66747
mco,1992,0.64193
mco,1993,0.61747
mco,1994,0.59391
mco,1995,0.57204
mco,1996,0.55092
mco,1997,0.53136
mco,1998,0.51305
mco,1999,0.49571
mco,2000,0.47999
mco,2001,0.46576
mco,2002,0.45250
mco,2003,0.44063
mco,2004,0.43013
mco,2005,0.42035
mco,2006,0.41131
mco,2007,0.40259
mco,2008,0.39454
mco,2009,0.38650
mco,2010,0.37881
mco,2011,0.37142
mco,2012,0.36406
mco,2013,0.35651
mco,2014,0.34888
mco,2015,0.34126
mco,2016,0.33296
mco,2017,0.32450
mco,2018,0.31601
mco,2019,0.30738
mco,2020,0.29903
mco,2021,0.29039
mco,2022,0.28245
mco,2023,0.27443
mco,2024,0.26651
mda,1991,2.9759
mda,1992,2.9576
mda,1993,2.9285
mda,1994,2.8833
mda,1995,2.8217
mda,1996,2.7397
mda,1997,2.6423
mda,1998,2.5354
mda,1999,2.4230
mda,2000,2.3087
mda,2001,2.1937
mda,2002,2.0808
mda,2003,1.9715
mda,2004,1.8680
mda,2005,1.7712
mda,2006,1.6831
mda,2007,1.6016
mda,2008,1.5290
mda,2009,1.4638
mda,2010,1.4065
mda,2011,1.3546
mda,2012,1.3092
mda,2013,1.2696
mda,2014,1.2343
mda,2015,1.2015
mda,2016,1.1704
mda,2017,1.1376
mda,2018,1.1025
mda,2019,1.0652
mda,2020,1.0256
mda,2021,0.98423
mda,2022,0.94414
mda,2023,0.90452
mda,2024,0.86582
mdg,1991,19.756
mdg,1992,18.896
mdg,1993,18.073
mdg,1994,17.296
mdg,1995,16.639
mdg,1996,16.086
mdg,1997,15.554
mdg,1998,15.101
mdg,1999,14.642
mdg,2000,14.219
mdg,2001,13.752
mdg,2002,13.280
mdg,2003,12.768
mdg,2004,12.274
mdg,2005,11.781
mdg,2006,11.327
mdg,2007,10.860
mdg,2008,10.419
mdg,2009,10.022
mdg,2010,9.6391
mdg,2011,9.3109
mdg,2012,9.0471
mdg,2013,8.8377
mdg,2014,8.7082
mdg,2015,8.6432
mdg,2016,8.6510
mdg,2017,8.7299
mdg,2018,8.8951
mdg,2019,9.0672
mdg,2020,9.2443
mdg,2021,9.3759
mdg,2022,9.4329
mdg,2023,9.3884
mdg,2024,9.2220
mdv,1991,5.0073
mdv,1992,4.6922
mdv,1993,4.3966
mdv,1994,4.1187
mdv,1995,3.8627
mdv,1996,3.6239
mdv,1997,3.4015
mdv,1998,3.1923
mdv,1999,3.0051
mdv,2000,2.8338
mdv,2001,2.6797
mdv,2002,2.5384
mdv,2003,2.4106
mdv,2004,2.2946
mdv,2005,3.9276
mdv,2006,2.0825
mdv,2007,1.9801
mdv,2008,1.8813
mdv,2009,1.7792
mdv,2010,1.6737
mdv,2011,1.5639
mdv,2012,1.4519
mdv,2013,1.3393
mdv,2014,1.2288
mdv,2015,1.1229
mdv,2016,1.0206
mdv,2017,0.92200
mdv,2018,0.83055
mdv,2019,0.74617
mdv,2020,0.66848
mdv,2021,0.59796
mdv,2022,0.53610
mdv,2023,0.48403
mdv,2024,0.44300
mex,1991,2.6167
mex,1992,2.3855
mex,1993,2.1918
mex,1994,2.0383
mex,1995,1.9202
mex,1996,1.8329
mex,1997,1.7656
mex,1998,1.7070
mex,1999,1.6505
mex,2000,1.5950
mex,2001,1.5416
mex,2002,1.4929
mex,2003,1.4504
mex,2004,1.4162
mex,2005,1.3897
mex,2006,1.3700
mex,2007,1.3548
mex,2008,1.3414
mex,2009,1.3270
mex,2010,1.3081
mex,2011,1.2822
mex,2012,1.2495
mex,2013,1.2141
mex,2014,1.1789
mex,2015,1.1463
mex,2016,1.1191
mex,2017,1.0970
mex,2018,1.0792
mex,2019,1.0654
mex,2020,1.2469
mex,2021,1.3123
mex,2022,1.3514
mex,2023,1.2877
mex,2024,1.0837
mhl,1991,4.0296
mhl,1992,3.8942
mhl,1993,3.7696
mhl,1994,3.6650
mhl,1995,3.5935
mhl,1996,3.5543
mhl,1997,3.5428
mhl,1998,3.5531
mhl,1999,3.5836
mhl,2000,3.6117
mhl,2001,3.6276
mhl,2002,3.6305
mhl,2003,3.6208
mhl,2004,3.6011
mhl,2005,3.5749
mhl,2006,3.5451
mhl,2007,3.5125
mhl,2008,3.4802
mhl,2009,3.4473
mhl,2010,3.4123
mhl,2011,3.3824
mhl,2012,3.3428
mhl,2013,3.2909
mhl,2014,3.2328
mhl,2015,3.1637
mhl,2016,3.0884
mhl,2017,3.0167
mhl,2018,2.9392
mhl,2019,2.8631
mhl,2020,2.7875
mhl,2021,2.7151
mhl,2022,2.6347
mhl,2023,2.5615
mhl,2024,2.4839
mkd,1991,1.6982
mkd,1992,1.6643
mkd,1993,1.6274
mkd,1994,1.5866
mkd,1995,1.5411
mkd,1996,1.4907
mkd,1997,1.4348
mkd,1998,1.3757
mkd,1999,1.3139
mkd,2000,1.2494
mkd,2001,1.1834
mkd,2002,1.1163
mkd,2003,1.0507
mkd,2004,0.98638
mkd,2005,0.92683
mkd,2006,0.87294
mkd,2007,0.82538
mkd,2008,0.78360
mkd,2009,0.74882
mkd,2010,0.71969
mkd,2011,0.69649
mkd,2012,0.67679
mkd,2013,0.66035
mkd,2014,0.64694
mkd,2015,0.63443
mkd,2016,0.62127
mkd,2017,0.60748
mkd,2018,0.59284
mkd,2019,0.57651
mkd,2020,0.55951
mkd,2021,0.54086
mkd,2022,0.52184
mkd,2023,0.50321
mkd,2024,0.48510
mli,1991,24.638
mli,1992,24.081
mli,1993,23.544
mli,1994,23.021
mli,1995,22.476
mli,1996,21.921
mli,1997,21.381
mli,1998,20.877
mli,1999,20.340
mli,2000,19.795
mli,2001,19.249
mli,2002,18.699
mli,2003,18.141
mli,2004,17.591
mli,2005,17.058
mli,2006,16.544
mli,2007,16.036
mli,2008,15.536
mli,2009,15.048
mli,2010,14.594
mli,2011,14.146
mli,2012,13.718
mli,2013,13.282
mli,2014,12.836
mli,2015,12.410
mli,2016,11.960
mli,2017,11.498
mli,2018,11.065
mli,2019,10.640
mli,2020,10.224
mli,2021,9.8219
mli,2022,9.4344
mli,2023,9.0300
mli,2024,8.6585
mlt,1991,0.33242
mlt,1992,0.33775
mlt,1993,0.34519
mlt,1994,0.35243
mlt,1995,0.35834
mlt,1996,0.36579
mlt,1997,0.37280
mlt,1998,0.37953
mlt,1999,0.38518
mlt,2000,0.39010
mlt,2001,0.39483
mlt,2002,0.39646
mlt,2003,0.39685
mlt,2004,0.39653
mlt,2005,0.39437
mlt,2006,0.39034
mlt,2007,0.38415
mlt,2008,0.37612
mlt,2009,0.36763
mlt,2010,0.35727
mlt,2011,0.34554
mlt,2012,0.33405
mlt,2013,0.32137
mlt,2014,0.30797
mlt,2015,0.29526
mlt,2016,0.28178
mlt,2017,0.26824
mlt,2018,0.25505
mlt,2019,0.24198
mlt,2020,0.22925
mlt,2021,0.21812
mlt,2022,0.20785
mlt,2023,0.19786
mlt,2024,0.18855
mmr,1991,14.062
mmr,1992,14.070
mmr,1993,13.789
mmr,1994,13.413
mmr,1995,13.019
mmr,1996,12.514
mmr,1997,12.149
mmr,1998,11.744
mmr,1999,11.371
mmr,2000,10.939
mmr,2001,10.489
mmr,2002,9.9923
mmr,2003,9.5160
mmr,2004,9.0215
mmr,2005,8.4882
mmr,2006,7.8782
mmr,2007,7.2517
mmr,2008,6.6033
mmr,2009,22.970
mmr,2010,5.2929
mmr,2011,4.6529
mmr,2012,4.0326
mmr,2013,3.4453
mmr,2014,2.9002
mmr,2015,2.4447
mmr,2016,2.0689
mmr,2017,1.8044
mmr,2018,1.6062
mmr,2019,1.4352
mmr,2020,1.3039
mmr,2021,1.2002
mmr,2022,1.1063
mmr,2023,1.0188
mmr,2024,0.94773
mne,1991,1.0490
mne,1992,1.0351
mne,1993,1.0205
mne,1994,1.0056
mne,1995,0.98952
mne,1996,0.97096
mne,1997,0.95124
mne,1998,0.93046
mne,1999,0.90786
mne,2000,0.88416
mne,2001,0.85911
mne,2002,0.83208
mne,2003,0.80368
mne,2004,0.77524
mne,2005,0.74566
mne,2006,0.71619
mne,2007,0.68763
mne,2008,0.65885
mne,2009,0.62967
mne,2010,0.60072
mne,2011,0.57165
mne,2012,0.54540
mne,2013,0.52120
mne,2014,0.49760
mne,2015,0.47736
mne,2016,0.45876
mne,2017,0.43978
mne,2018,0.42386
mne,2019,0.40902
mne,2020,0.39454
mne,2021,0.38076
mne,2022,0.36764
mne,2023,0.35490
mne,2024,0.34193
mng,1991,6.4679
mng,1992,6.4304
mng,1993,6.3524
mng,1994,6.2150
mng,1995,6.0013
mng,1996,5.7011
mng,1997,5.3249
mng,1998,4.8983
mng,1999,4.4475
mng,2000,4.0006
mng,2001,3.5816
mng,2002,3.2080
mng,2003,2.8970
mng,2004,2.6527
mng,2005,2.4677
mng,2006,2.3388
mng,2007,2.2588
mng,2008,2.2153
mng,2009,2.2007
mng,2010,2.2021
mng,2011,2.2083
mng,2012,2.2119
mng,2013,2.2062
mng,2014,2.1856
mng,2015,2.1490
mng,2016,2.0923
mng,2017,2.0182
mng,2018,1.9278
mng,2019,1.8272
mng,2020,1.7238
mng,2021,1.6220
mng,2022,1.5246
mng,2023,1.4315
mng,2024,1.3443
moz,1991,30.899
moz,1992,29.606
moz,1993,28.298
moz,1994,27.056
moz,1995,25.776
moz,1996,24.509
moz,1997,23.246
moz,1998,22.019
moz,1999,20.817
moz,2000,19.642
moz,2001,18.481
moz,2002,17.393
moz,2003,16.342
moz,2004,15.358
moz,2005,14.394
moz,2006,13.467
moz,2007,12.585
moz,2008,11.716
moz,2009,10.886
moz,2010,10.108
moz,2011,9.3802
moz,2012,8.6975
moz,2013,8.0666
moz,2014,7.4745
moz,2015,6.9265
moz,2016,6.4116
moz,2017,5.9355
moz,2018,5.4842
moz,2019,5.0512
moz,2020,4.6473
moz,2021,4.2688
moz,2022,3.9511
moz,2023,3.6625
moz,2024,3.4276
mrt,1991,11.679
mrt,1992,11.340
mrt,1993,11.017
mrt,1994,10.678
mrt,1995,10.370
mrt,1996,10.062
mrt,1997,9.7615
mrt,1998,9.4770
mrt,1999,9.2071
mrt,2000,8.9296
mrt,2001,8.6709
mrt,2002,8.4056
mrt,2003,8.1282
mrt,2004,7.8699
mrt,2005,7.5940
mrt,2006,7.3180
mrt,2007,7.0234
mrt,2008,6.7469
mrt,2009,6.4589
mrt,2010,6.1628
mrt,2011,5.8726
mrt,2012,5.5763
mrt,2013,5.2809
mrt,2014,4.9793
mrt,2015,4.6776
mrt,2016,4.3769
mrt,2017,4.0825
mrt,2018,3.7901
mrt,2019,3.4801
mrt,2020,3.2207
mrt,2021,3.0077
mrt,2022,2.8323
mrt,2023,2.6696
mrt,2024,2.5059
msr,1991,1.2863
msr,1992,1.2432
msr,1993,1.2046
msr,1994,1.1681
msr,1995,1.1335
msr,1996,1.0979
msr,1997,1.0675
msr,1998,1.0365
msr,1999,1.0059
msr,2000,0.97625
msr,2001,0.94826
msr,2002,0.92113
msr,2003,0.89592
msr,2004,0.87149
msr,2005,0.84841
msr,2006,0.82545
msr,2007,0.80348
msr,2008,0.78339
msr,2009,0.76225
msr,2010,0.74262
msr,2011,0.72357
msr,2012,0.70491
msr,2013,0.68670
msr,2014,0.66786
msr,2015,0.65035
msr,2016,0.63219
msr,2017,0.61525
msr,2018,0.60042
msr,2019,0.58441
msr,2020,0.56739
msr,2021,0.55470
msr,2022,0.54047
msr,2023,0.52649
msr,2024,0.51330
mus,1991,1.4186
mus,1992,1.4019
mus,1993,1.3818
mus,1994,1.3594
mus,1995,1.3378
mus,1996,1.3166
mus,1997,1.2933
mus,1998,1.2691
mus,1999,1.2439
mus,2000,1.2186
mus,2001,1.1929
mus,2002,1.1667
mus,2003,1.1402
mus,2004,1.1134
mus,2005,1.0869
mus,2006,1.0605
mus,2007,1.0342
mus,2008,1.0083
mus,2009,0.98166
mus,2010,0.95504
mus,2011,0.92986
mus,2012,0.90325
mus,2013,0.87863
mus,2014,0.85568
mus,2015,0.83382
mus,2016,0.81423
mus,2017,0.79513
mus,2018,0.77797
mus,2019,0.76245
mus,2020,0.74731
mus,2021,0.73334
mus,2022,0.71936
mus,2023,0.70448
mus,2024,0.68918
mwi,1991,23.804
mwi,1992,22.708
mwi,1993,21.690
mwi,1994,20.728
mwi,1995,19.785
mwi,1996,18.863
mwi,1997,17.976
mwi,1998,17.126
mwi,1999,16.301
mwi,2000,15.482
mwi,2001,14.739
mwi,2002,14.021
mwi,2003,13.346
mwi,2004,12.722
mwi,2005,12.161
mwi,2006,11.619
mwi,2007,11.127
mwi,2008,10.656
mwi,2009,10.228
mwi,2010,9.8130
mwi,2011,9.4138
mwi,2012,9.0123
mwi,2013,8.6088
mwi,2014,8.2322
mwi,2015,7.8612
mwi,2016,7.5074
mwi,2017,7.1655
mwi,2018,6.8245
mwi,2019,6.5077
mwi,2020,6.1992
mwi,2021,5.9087
mwi,2022,5.6342
mwi,2023,5.3849
mwi,2024,5.1386
mys,1991,2.3367
mys,1992,2.2136
mys,1993,2.1016
mys,1994,2.0031
mys,1995,1.9185
mys,1996,1.8469
mys,1997,1.7855
mys,1998,1.7265
mys,1999,1.6633
mys,2000,1.5993
mys,2001,1.5396
mys,2002,1.4888
mys,2003,1.4457
mys,2004,1.4094
mys,2005,1.3769
mys,2006,1.3446
mys,2007,1.3113
mys,2008,1.2783
mys,2009,1.2473
mys,2010,1.2204
mys,2011,1.1982
mys,2012,1.1826
mys,2013,1.1741
mys,2014,1.1736
mys,2015,1.1760
mys,2016,1.1732
mys,2017,1.1564
mys,2018,1.1175
mys,2019,1.0494
mys,2020,0.95944
mys,2021,0.85889
mys,2022,0.75980
mys,2023,0.67313
mys,2024,0.60137
nam,1991,7.0219
nam,1992,6.8927
nam,1993,6.7804
nam,1994,6.6904
nam,1995,6.6292
nam,1996,6.6066
nam,1997,6.5939
nam,1998,6.6102
nam,1999,6.6770
nam,2000,6.7684
nam,2001,6.8673
nam,2002,6.9604
nam,2003,7.0431
nam,2004,7.0911
nam,2005,7.0924
nam,2006,7.0546
nam,2007,6.9874
nam,2008,6.8928
nam,2009,6.7635
nam,2010,6.6269
nam,2011,6.4642
nam,2012,6.2791
nam,2013,6.0705
nam,2014,5.8443
nam,2015,5.5898
nam,2016,5.2915
nam,2017,4.9791
nam,2018,4.6547
nam,2019,4.3051
nam,2020,3.9490
nam,2021,3.6116
nam,2022,3.2718
nam,2023,2.9545
nam,2024,2.6855
ner,1991,40.378
ner,1992,39.527
ner,1993,38.653
ner,1994,37.710
ner,1995,36.746
ner,1996,35.658
ner,1997,34.538
ner,1998,33.372
ner,1999,32.100
ner,2000,30.730
ner,2001,29.161
ner,2002,27.633
ner,2003,26.159
ner,2004,24.823
ner,2005,23.610
ner,2006,22.633
ner,2007,21.809
ner,2008,21.210
ner,2009,20.753
ner,2010,20.364
ner,2011,19.995
ner,2012,19.658
ner,2013,19.239
ner,2014,18.739
ner,2015,18.284
ner,2016,17.813
ner,2017,17.238
ner,2018,16.688
ner,2019,16.098
ner,2020,15.488
ner,2021,14.909
ner,2022,14.364
ner,2023,13.810
ner,2024,13.292
nga,1991,21.713
nga,1992,21.510
nga,1993,21.277
nga,1994,21.019
nga,1995,20.727
nga,1996,20.431
nga,1997,20.102
nga,1998,19.750
nga,1999,19.353
nga,2000,18.932
nga,2001,18.500
nga,2002,18.060
nga,2003,17.618
nga,2004,17.184
nga,2005,16.780
nga,2006,16.359
nga,2007,15.938
nga,2008,15.487
nga,2009,15.029
nga,2010,14.596
nga,2011,14.162
nga,2012,13.769
nga,2013,13.386
nga,2014,13.046
nga,2015,12.711
nga,2016,12.355
nga,2017,12.014
nga,2018,11.661
nga,2019,11.309
nga,2020,10.946
nga,2021,10.547
nga,2022,10.167
nga,2023,9.7791
nga,2024,9.3327
nic,1991,3.5323
nic,1992,3.4887
nic,1993,3.4327
nic,1994,3.3626
nic,1995,3.2763
nic,1996,3.1845
nic,1997,3.0786
nic,1998,2.9559
nic,1999,6.9666
nic,2000,2.6830
nic,2001,2.5291
nic,2002,2.3536
nic,2003,2.1738
nic,2004,1.9969
nic,2005,1.8092
nic,2006,1.6303
nic,2007,1.4628
nic,2008,1.3290
nic,2009,1.2141
nic,2010,1.1230
nic,2011,1.0485
nic,2012,0.97959
nic,2013,0.91769
nic,2014,0.86123
nic,2015,0.81148
nic,2016,0.76747
nic,2017,0.72462
nic,2018,0.68279
nic,2019,0.64402
nic,2020,0.61022
nic,2021,0.57928
nic,2022,0.54912
nic,2023,0.51971
nic,2024,0.48989
niu,1991,2.2884
niu,1992,2.3164
niu,1993,2.3473
niu,1994,2.3889
niu,1995,2.4412
niu,1996,2.5028
niu,1997,2.5716
niu,1998,2.6465
niu,1999,2.7251
niu,2000,2.8016
niu,2001,2.8744
niu,2002,2.9500
niu,2003,3.0195
niu,2004,3.0894
niu,2005,3.1551
niu,2006,3.2070
niu,2007,3.2288
niu,2008,3.2248
niu,2009,3.1939
niu,2010,3.1508
niu,2011,3.0946
niu,2012,3.0257
niu,2013,2.9486
niu,2014,2.8815
niu,2015,2.8086
niu,2016,2.7329
niu,2017,2.6538
niu,2018,2.5853
niu,2019,2.5164
niu,2020,2.4432
niu,2021,2.3756
niu,2022,2.3068
niu,2023,2.2422
niu,2024,2.1806
nld,1991,0.86775
nld,1992,0.84411
nld,1993,0.81933
nld,1994,0.79350
nld,1995,0.76723
nld,1996,0.74045
nld,1997,0.71445
nld,1998,0.68980
nld,1999,0.66698
nld,2000,0.64473
nld,2001,0.62320
nld,2002,0.60076
nld,2003,0.57734
nld,2004,0.55251
nld,2005,0.52704
nld,2006,0.50161
nld,2007,0.47736
nld,2008,0.45472
nld,2009,0.43459
nld,2010,0.41660
nld,2011,0.40064
nld,2012,0.38650
nld,2013,0.37400
nld,2014,0.36276
nld,2015,0.35251
nld,2016,0.34329
nld,2017,0.33546
nld,2018,0.32894
nld,2019,0.32363
nld,2020,0.31981
nld,2021,0.31725
nld,2022,0.31580
nld,2023,0.31532
nld,2024,0.31425
nor,1991,0.88465
nor,1992,0.85063
nor,1993,0.81823
nor,1994,0.78678
nor,1995,0.75674
nor,1996,0.72811
nor,1997,0.70032
nor,1998,0.67312
nor,1999,0.64741
nor,2000,0.62276
nor,2001,0.59879
nor,2002,0.57582
nor,2003,0.55348
nor,2004,0.53164
nor,2005,0.51016
nor,2006,0.48913
nor,2007,0.46917
nor,2008,0.44955
nor,2009,0.43100
nor,2010,0.41375
nor,2011,0.39755
nor,2012,0.38211
nor,2013,0.36748
nor,2014,0.35402
nor,2015,0.34165
nor,2016,0.33036
nor,2017,0.32022
nor,2018,0.31117
nor,2019,0.30297
nor,2020,0.29591
nor,2021,0.28909
nor,2022,0.28268
nor,2023,0.27638
nor,2024,0.26978
npl,1991,16.083
npl,1992,15.266
npl,1993,14.449
npl,1994,13.628
npl,1995,12.806
npl,1996,11.963
npl,1997,11.132
npl,1998,10.306
npl,1999,9.4991
npl,2000,8.7196
npl,2001,7.9974
npl,2002,7.3296
npl,2003,6.7137
npl,2004,6.1687
npl,2005,5.6787
npl,2006,5.2441
npl,2007,4.8586
npl,2008,4.5153
npl,2009,4.2252
npl,2010,3.9577
npl,2011,3.7309
npl,2012,3.5275
npl,2013,3.3377
npl,2014,3.1565
npl,2015,2.9852
npl,2016,4.0462
npl,2017,2.6597
npl,2018,2.5055
npl,2019,2.3550
npl,2020,2.2073
npl,2021,2.0740
npl,2022,1.9606
npl,2023,1.8622
npl,2024,1.7720
nru,1991,5.5545
nru,1992,5.3048
nru,1993,5.0609
nru,1994,4.8191
nru,1995,4.5970
nru,1996,4.3886
nru,1997,4.1934
nru,1998,4.0115
nru,1999,3.8400
nru,2000,3.6816
nru,2001,3.5352
nru,2002,3.4033
nru,2003,3.2789
nru,2004,3.1636
nru,2005,3.0602
nru,2006,2.9616
nru,2007,2.8615
nru,2008,2.7538
nru,2009,2.6329
nru,2010,2.4995
nru,2011,2.3545
nru,2012,2.2049
nru,2013,2.0526
nru,2014,1.9009
nru,2015,1.7525
nru,2016,1.6109
nru,2017,1.4797
nru,2018,1.3589
nru,2019,1.2469
nru,2020,1.1431
nru,2021,1.0531
nru,2022,0.97606
nru,2023,0.91258
nru,2024,0.86045
nzl,1991,1.1674
nzl,1992,1.1209
nzl,1993,1.0756
nzl,1994,1.0328
nzl,1995,0.99244
nzl,1996,0.95515
nzl,1997,0.92021
nzl,1998,0.88688
nzl,1999,0.85318
nzl,2000,0.82004
nzl,2001,0.78678
nzl,2002,0.75304
nzl,2003,0.71981
nzl,2004,0.68729
nzl,2005,0.65627
nzl,2006,0.62681
nzl,2007,0.59919
nzl,2008,0.57289
nzl,2009,0.54807
nzl,2010,0.52471
nzl,2011,0.50322
nzl,2012,0.48409
nzl,2013,0.46681
nzl,2014,0.45184
nzl,2015,0.43921
nzl,2016,0.42846
nzl,2017,0.41926
nzl,2018,0.41079
nzl,2019,0.40259
nzl,2020,0.39519
nzl,2021,0.38770
nzl,2022,0.38046
nzl,2023,0.37234
nzl,2024,0.36188
omn,1991,2.6470
omn,1992,2.4499
omn,1993,2.2679
omn,1994,2.0998
omn,1995,1.9501
omn,1996,1.8183
omn,1997,1.7021
omn,1998,1.5979
omn,1999,1.5059
omn,2000,1.4215
omn,2001,1.3465
omn,2002,1.2802
omn,2003,1.2241
omn,2004,1.1775
omn,2005,1.1399
omn,2006,1.1102
omn,2007,1.0872
omn,2008,1.2736
omn,2009,1.0569
omn,2010,1.0466
omn,2011,1.0378
omn,2012,1.0288
omn,2013,1.0193
omn,2014,1.0108
omn,2015,1.0044
omn,2016,1.0000
omn,2017,0.99526
omn,2018,0.98959
omn,2019,0.98318
omn,2020,0.97558
omn,2021,0.96821
omn,2022,0.96108
omn,2023,0.95448
omn,2024,0.94585
pak,1991,7.8240
pak,1992,7.8239
pak,1993,7.8218
pak,1994,7.7666
pak,1995,7.6482
pak,1996,7.4539
pak,1997,7.2067
pak,1998,6.9296
pak,1999,6.6536
pak,2000,6.3909
pak,2001,6.1349
pak,2002,5.8838
pak,2003,5.6459
pak,2004,5.4407
pak,2005,5.2786
pak,2006,6.9489
pak,2007,5.0492
pak,2008,4.9726
pak,2009,4.8923
pak,2010,4.8036
pak,2011,4.7031
pak,2012,4.5919
pak,2013,4.4768
pak,2014,4.3548
pak,2015,4.2366
pak,2016,4.1121
pak,2017,3.9856
pak,2018,3.8340
pak,2019,3.6996
pak,2020,3.5503
pak,2021,3.3895
pak,2022,3.2283
pak,2023,3.0729
pak,2024,2.9169
pan,1991,2.4886
pan,1992,2.4437
pan,1993,2.3974
pan,1994,2.3499
pan,1995,2.3048
pan,1996,2.2590
pan,1997,2.2101
pan,1998,2.1586
pan,1999,2.1023
pan,2000,2.0451
pan,2001,1.9877
pan,2002,1.9330
pan,2003,1.8846
pan,2004,1.8430
pan,2005,1.8096
pan,2006,1.7857
pan,2007,1.7706
pan,2008,1.7667
pan,2009,1.7693
pan,2010,1.7750
pan,2011,1.7789
pan,2012,1.7741
pan,2013,1.7571
pan,2014,1.7274
pan,2015,1.6870
pan,2016,1.6397
pan,2017,1.5902
pan,2018,1.5443
pan,2019,1.5026
pan,2020,1.4641
pan,2021,1.4304
pan,2022,1.3996
pan,2023,1.3705
pan,2024,1.3385
per,1991,4.6725
per,1992,4.4061
per,1993,4.1470
per,1994,3.8940
per,1995,3.6412
per,1996,3.3948
per,1997,3.1609
per,1998,2.9344
per,1999,2.7189
per,2000,2.5171
per,2001,2.3339
per,2002,2.1687
per,2003,2.0275
per,2004,1.9072
per,2005,1.8089
per,2006,1.7318
per,2007,1.6744
per,2008,1.6332
per,2009,1.6019
per,2010,1.5733
per,2011,1.5403
per,2012,1.4960
per,2013,1.4428
per,2014,1.3898
per,2015,1.3502
per,2016,1.3273
per,2017,1.3225
per,2018,1.3329
per,2019,1.3456
per,2020,1.3403
per,2021,1.3109
per,2022,1.2681
per,2023,1.2184
per,2024,1.1590
phl,1991,5.1456
phl,1992,5.4563
phl,1993,4.4181
phl,1994,4.1316
phl,1995,3.9081
phl,1996,3.7310
phl,1997,3.5774
phl,1998,3.4327
phl,1999,3.2917
phl,2000,3.1539
phl,2001,3.0241
phl,2002,2.9058
phl,2003,2.8004
phl,2004,2.7069
phl,2005,2.6231
phl,2006,2.5472
phl,2007,2.4778
phl,2008,2.4140
phl,2009,2.3581
phl,2010,2.3120
phl,2011,2.2764
phl,2012,2.2516
phl,2013,2.2378
phl,2014,2.7935
phl,2015,2.2338
phl,2016,2.2348
phl,2017,2.2277
phl,2018,2.2075
phl,2019,2.1790
phl,2020,2.1476
phl,2021,2.1165
phl,2022,2.0933
phl,2023,2.0787
phl,2024,2.0584
plw,1991,3.0479
plw,1992,2.9971
plw,1993,2.9399
plw,1994,2.8801
plw,1995,2.8086
plw,1996,2.7345
plw,1997,2.6551
plw,1998,2.5728
plw,1999,2.4924
plw,2000,2.4134
plw,2001,2.3351
plw,2002,2.2570
plw,2003,2.1848
plw,2004,2.1146
plw,2005,2.0449
plw,2006,1.9783
plw,2007,1.9172
plw,2008,1.8649
plw,2009,1.8223
plw,2010,1.7902
plw,2011,1.7765
plw,2012,1.7770
plw,2013,1.7934
plw,2014,1.8239
plw,2015,1.8666
plw,2016,1.9217
plw,2017,1.9787
plw,2018,2.0333
plw,2019,2.0699
plw,2020,2.0819
plw,2021,2.0748
plw,2022,2.0550
plw,2023,2.0290
plw,2024,1.9932
png,1991,6.8770
png,1992,6.7610
png,1993,6.6523
png,1994,6.5471
png,1995,6.4462
png,1996,6.3506
png,1997,6.2574
png,1998,6.1656
png,1999,7.8740
png,2000,5.9954
png,2001,5.9153
png,2002,5.8289
png,2003,5.7371
png,2004,5.6442
png,2005,5.5506
png,2006,5.4499
png,2007,5.3453
png,2008,5.2392
png,2009,5.1311
png,2010,5.0219
png,2011,4.9086
png,2012,4.7951
png,2013,4.6838
png,2014,4.5749
png,2015,4.4663
png,2016,4.3589
png,2017,4.2422
png,2018,4.1311
png,2019,4.0132
png,2020,3.9039
png,2021,3.7946
png,2022,3.6864
png,2023,3.5744
png,2024,3.4659
pol,1991,1.3789
pol,1992,1.3312
pol,1993,1.2673
pol,1994,1.1999
pol,1995,1.1409
pol,1996,1.0985
pol,1997,1.0658
pol,1998,1.0295
pol,1999,0.98489
pol,2000,0.93949
pol,2001,0.90206
pol,2002,0.87181
pol,2003,0.84469
pol,2004,0.81773
pol,2005,0.79180
pol,2006,0.76671
pol,2007,0.74132
pol,2008,0.71335
pol,2009,0.68251
pol,2010,0.65007
pol,2011,0.61607
pol,2012,0.58225
pol,2013,0.55002
pol,2014,0.52068
pol,2015,0.49424
pol,2016,0.47119
pol,2017,0.45180
pol,2018,0.43510
pol,2019,0.42159
pol,2020,0.41273
pol,2021,0.41036
pol,2022,0.41456
pol,2023,0.42555
pol,2024,0.44176
prk,1991,3.4985
prk,1992,3.5813
prk,1993,3.6351
prk,1994,3.6541
prk,1995,3.6382
prk,1996,8.5818
prk,1997,8.4721
prk,1998,8.3553
prk,1999,8.2492
prk,2000,8.1373
prk,2001,8.0325
prk,2002,7.9423
prk,2003,7.8486
prk,2004,3.0027
prk,2005,2.9441
prk,2006,2.9042
prk,2007,2.8612
prk,2008,2.8317
prk,2009,2.7208
prk,2010,2.6343
prk,2011,2.5285
prk,2012,2.4120
prk,2013,2.2876
prk,2014,2.1556
prk,2015,2.0328
prk,2016,1.9268
prk,2017,1.8644
prk,2018,1.7398
prk,2019,1.6808
prk,2020,1.6203
prk,2021,1.5990
prk,2022,1.5987
prk,2023,1.6223
prk,2024,1.6454
prt,1991,1.9049
prt,1992,1.8540
prt,1993,1.7980
prt,1994,1.7341
prt,1995,1.6632
prt,1996,1.5868
prt,1997,1.5066
prt,1998,1.4209
prt,1999,1.3317
prt,2000,1.2412
prt,2001,1.1511
prt,2002,1.0641
prt,2003,0.98125
prt,2004,0.90318
prt,2005,0.83127
prt,2006,0.76586
prt,2007,0.70650
prt,2008,0.65325
prt,2009,0.60612
prt,2010,0.56432
prt,2011,0.52761
prt,2012,0.49575
prt,2013,0.46822
prt,2014,0.44445
prt,2015,0.42483
prt,2016,0.40846
prt,2017,0.39562
prt,2018,0.38583
prt,2019,0.37853
prt,2020,0.37374
prt,2021,0.37063
prt,2022,0.36852
prt,2023,0.36738
prt,2024,0.36570
pry,1991,2.3980
pry,1992,2.2461
pry,1993,2.1090
pry,1994,1.9813
pry,1995,1.8656
pry,1996,1.7635
pry,1997,1.6747
pry,1998,1.6004
pry,1999,1.5377
pry,2000,1.4874
pry,2001,1.4500
pry,2002,1.4253
pry,2003,1.4119
pry,2004,1.4073
pry,2005,1.4069
pry,2006,1.4036
pry,2007,1.3933
pry,2008,1.3723
pry,2009,1.3408
pry,2010,1.3001
pry,2011,1.2551
pry,2012,1.2085
pry,2013,1.1647
pry,2014,1.1254
pry,2015,1.0898
pry,2016,1.0567
pry,2017,1.0248
pry,2018,0.99339
pry,2019,0.96160
pry,2020,0.93048
pry,2021,0.89907
pry,2022,0.86795
pry,2023,0.83669
pry,2024,0.80326
pse,1991,2.2055
pse,1992,2.1706
pse,1993,2.1296
pse,1994,2.0781
pse,1995,2.0313
pse,1996,1.9792
pse,1997,1.9309
pse,1998,1.8786
pse,1999,1.8361
pse,2000,1.8029
pse,2001,1.7735
pse,2002,1.7495
pse,2003,1.7323
pse,2004,1.7217
pse,2005,1.7085
pse,2006,1.6863
pse,2007,1.6655
pse,2008,1.6416
pse,2009,2.0374
pse,2010,2.0902
pse,2011,1.5398
pse,2012,1.4960
pse,2013,1.4536
pse,2014,1.4103
pse,2015,2.0710
pse,2016,1.3078
pse,2017,1.2493
pse,2018,1.2016
pse,2019,1.1463
pse,2020,1.0915
pse,2021,1.0450
pse,2022,0.99751
pse,2023,0.94823
pse,2024,8.5245
qat,1991,1.5602
qat,1992,1.5084
qat,1993,1.4560
qat,1994,1.4104
qat,1995,1.3716
qat,1996,1.3406
qat,1997,1.3179
qat,1998,1.2999
qat,1999,1.2844
qat,2000,1.2715
qat,2001,1.2549
qat,2002,1.2362
qat,2003,1.2140
qat,2004,1.1895
qat,2005,1.1618
qat,2006,1.1339
qat,2007,1.1083
qat,2008,1.0835
qat,2009,1.0585
qat,2010,1.0309
qat,2011,1.0016
qat,2012,0.96919
qat,2013,0.93465
qat,2014,0.89933
qat,2015,0.86411
qat,2016,0.82980
qat,2017,0.79912
qat,2018,0.77120
qat,2019,0.74779
qat,2020,0.72964
qat,2021,0.71557
qat,2022,0.70583
qat,2023,0.69876
qat,2024,0.68869
rks,1991,3.1925
rks,1992,3.0673
rks,1993,2.9448
rks,1994,2.8273
rks,1995,2.7090
rks,1996,2.5920
rks,1997,2.4757
rks,1998,2.3596
rks,1999,2.2472
rks,2000,2.1347
rks,2001,2.0249
rks,2002,1.9184
rks,2003,1.8149
rks,2004,1.7181
rks,2005,1.6270
rks,2006,1.5417
rks,2007,1.4624
rks,2008,1.3894
rks,2009,1.3217
rks,2010,1.2596
rks,2011,1.2024
rks,2012,1.1505
rks,2013,1.1033
rks,2014,1.0599
rks,2015,1.0192
rks,2016,0.98134
rks,2017,0.94601
rks,2018,0.91140
rks,2019,0.87858
rks,2020,0.84697
rks,2021,0.81807
rks,2022,0.79224
rks,2023,0.77049
rks,2024,0.75084
rou,1991,2.8941
rou,1992,2.6192
rou,1993,2.5497
rou,1994,2.7884
rou,1995,3.2372
rou,1996,3.8089
rou,1997,4.2333
rou,1998,4.2107
rou,1999,3.6490
rou,2000,2.8389
rou,2001,2.2300
rou,2002,1.8602
rou,2003,1.6650
rou,2004,1.5825
rou,2005,1.5298
rou,2006,1.5041
rou,2007,1.4704
rou,2008,1.4261
rou,2009,1.3753
rou,2010,1.2786
rou,2011,1.1528
rou,2012,1.0201
rou,2013,0.92900
rou,2014,0.89745
rou,2015,0.87385
rou,2016,0.85113
rou,2017,0.81632
rou,2018,0.78713
rou,2019,0.77405
rou,2020,0.75020
rou,2021,0.71807
rou,2022,0.66911
rou,2023,0.61241
rou,2024,0.53348
rus,1991,2.7406
rus,1992,2.7845
rus,1993,2.8082
rus,1994,2.7939
rus,1995,2.7331
rus,1996,2.6312
rus,1997,2.5233
rus,1998,2.4394
rus,1999,2.3823
rus,2000,2.3431
rus,2001,2.3123
rus,2002,2.2743
rus,2003,2.2164
rus,2004,2.1359
rus,2005,2.0341
rus,2006,1.9172
rus,2007,1.7972
rus,2008,1.6850
rus,2009,1.5837
rus,2010,1.4957
rus,2011,1.4198
rus,2012,1.3532
rus,2013,1.2920
rus,2014,1.2320
rus,2015,1.1707
rus,2016,1.1061
rus,2017,1.0382
rus,2018,0.96713
rus,2019,0.89612
rus,2020,0.82877
rus,2021,0.76690
rus,2022,0.71134
rus,2023,0.66083
rus,2024,0.61107
rwa,1991,36.239
rwa,1992,40.428
rwa,1993,46.068
rwa,1994,51.660
rwa,1995,162.47
rwa,1996,56.673
rwa,1997,53.348
rwa,1998,47.195
rwa,1999,40.944
rwa,2000,35.734
rwa,2001,31.491
rwa,2002,28.136
rwa,2003,25.338
rwa,2004,22.746
rwa,2005,20.253
rwa,2006,17.928
rwa,2007,15.711
rwa,2008,13.707
rwa,2009,11.930
rwa,2010,10.373
rwa,2011,9.1155
rwa,2012,8.1441
rwa,2013,7.4507
rwa,2014,6.9703
rwa,2015,6.6589
rwa,2016,6.4192
rwa,2017,6.1656
rwa,2018,5.7991
rwa,2019,5.2716
rwa,2020,4.5999
rwa,2021,3.8690
rwa,2022,3.1565
rwa,2023,2.5774
rwa,2024,2.1463
sau,1991,2.9296
sau,1992,2.7572
sau,1993,2.5993
sau,1994,2.4550
sau,1995,2.3184
sau,1996,2.1949
sau,1997,2.0802
sau,1998,1.9745
sau,1999,1.8765
sau,2000,1.7863
sau,2001,1.7033
sau,2002,1.6261
sau,2003,1.5539
sau,2004,1.4856
sau,2005,1.4197
sau,2006,1.3575
sau,2007,1.2974
sau,2008,1.2387
sau,2009,1.1816
sau,2010,1.1270
sau,2011,1.0752
sau,2012,1.0251
sau,2013,0.97752
sau,2014,0.93268
sau,2015,0.88999
sau,2016,0.84981
sau,2017,0.81147
sau,2018,0.77581
sau,2019,0.74398
sau,2020,0.71622
sau,2021,0.69174
sau,2022,0.66960
sau,2023,0.65002
sau,2024,0.63086
sdn,1991,15.935
sdn,1992,15.490
sdn,1993,14.987
sdn,1994,14.414
sdn,1995,13.832
sdn,1996,13.225
sdn,1997,12.609
sdn,1998,11.965
sdn,1999,11.364
sdn,2000,10.737
sdn,2001,10.128
sdn,2002,9.5466
sdn,2003,8.9807
sdn,2004,10.067
sdn,2005,11.427
sdn,2006,11.062
sdn,2007,7.9898
sdn,2008,6.5537
sdn,2009,7.0621
sdn,2010,5.7816
sdn,2011,5.4360
sdn,2012,5.1058
sdn,2013,4.7988
sdn,2014,4.5242
sdn,2015,4.2809
sdn,2016,4.0448
sdn,2017,3.8485
sdn,2018,3.6591
sdn,2019,3.4761
sdn,2020,3.2989
sdn,2021,3.1396
sdn,2022,2.9827
sdn,2023,2.8265
sdn,2024,2.6739
sen,1991,21.117
sen,1992,20.635
sen,1993,20.395
sen,1994,20.327
sen,1995,20.441
sen,1996,20.636
sen,1997,20.813
sen,1998,20.882
sen,1999,20.737
sen,2000,20.333
sen,2001,19.667
sen,2002,18.777
sen,2003,17.700
sen,2004,16.536
sen,2005,15.337
sen,2006,14.197
sen,2007,13.126
sen,2008,12.145
sen,2009,11.227
sen,2010,10.363
sen,2011,9.5437
sen,2012,8.7593
sen,2013,8.0233
sen,2014,7.3310
sen,2015,6.6912
sen,2016,6.1176
sen,2017,5.6116
sen,2018,5.1699
sen,2019,4.7954
sen,2020,4.4734
sen,2021,4.1947
sen,2022,3.9398
sen,2023,3.6911
sen,2024,3.4834
sgp,1991,0.93759
sgp,1992,0.89338
sgp,1993,0.85041
sgp,1994,0.80977
sgp,1995,0.76973
sgp,1996,0.73094
sgp,1997,0.69350
sgp,1998,0.65728
sgp,1999,0.62257
sgp,2000,0.58974
sgp,2001,0.55913
sgp,2002,0.53061
sgp,2003,0.50478
sgp,2004,0.48122
sgp,2005,0.46035
sgp,2006,0.44107
sgp,2007,0.42336
sgp,2008,0.40723
sgp,2009,0.39207
sgp,2010,0.37789
sgp,2011,0.36442
sgp,2012,0.35177
sgp,2013,0.33979
sgp,2014,0.32867
sgp,2015,0.31885
sgp,2016,0.31048
sgp,2017,0.30372
sgp,2018,0.29847
sgp,2019,0.29466
sgp,2020,0.29215
sgp,2021,0.29066
sgp,2022,0.29047
sgp,2023,0.29073
sgp,2024,0.28984
slb,1991,3.2942
slb,1992,3.2123
slb,1993,3.1316
slb,1994,3.0552
slb,1995,2.9833
slb,1996,2.9161
slb,1997,2.8569
slb,1998,2.8050
slb,1999,2.7613
slb,2000,2.7211
slb,2001,2.6883
slb,2002,2.6572
slb,2003,2.6313
slb,2004,2.6097
slb,2005,2.5871
slb,2006,2.5646
slb,2007,2.5401
slb,2008,2.9363
slb,2009,2.4794
slb,2010,2.4441
slb,2011,2.4077
slb,2012,2.3671
slb,2013,2.3280
slb,2014,2.2910
slb,2015,2.2538
slb,2016,2.2219
slb,2017,2.1874
slb,2018,2.1517
slb,2019,2.1115
slb,2020,2.0647
slb,2021,2.4122
slb,2022,1.9652
slb,2023,1.9149
slb,2024,1.8585
sle,1991,17.756
sle,1992,18.046
sle,1993,18.252
sle,1994,18.274
sle,1995,18.235
sle,1996,18.188
sle,1997,18.022
sle,1998,17.814
sle,1999,17.591
sle,2000,17.287
sle,2001,17.019
sle,2002,16.733
sle,2003,16.458
sle,2004,16.176
sle,2005,15.823
sle,2006,15.513
sle,2007,15.210
sle,2008,14.903
sle,2009,14.584
sle,2010,14.280
sle,2011,14.057
sle,2012,13.855
sle,2013,13.700
sle,2014,13.588
sle,2015,13.443
sle,2016,13.236
sle,2017,13.015
sle,2018,12.717
sle,2019,12.396
sle,2020,12.009
sle,2021,11.633
sle,2022,11.190
sle,2023,10.743
sle,2024,10.274
slv,1991,2.8727
slv,1992,2.6249
slv,1993,2.4175
slv,1994,2.2438
slv,1995,2.0969
slv,1996,1.9713
slv,1997,1.8618
slv,1998,1.7656
slv,1999,2.2603
slv,2000,1.6091
slv,2001,1.5467
slv,2002,2.3540
slv,2003,1.4492
slv,2004,1.4101
slv,2005,1.3745
slv,2006,1.3405
slv,2007,1.3068
slv,2008,1.2740
slv,2009,1.2412
slv,2010,1.5368
slv,2011,1.1812
slv,2012,1.1574
slv,2013,1.1403
slv,2014,1.1328
slv,2015,1.1360
slv,2016,1.1458
slv,2017,1.1595
slv,2018,1.1739
slv,2019,1.1866
slv,2020,1.1942
slv,2021,1.1934
slv,2022,1.1775
slv,2023,1.1430
slv,2024,1.0955
smr,1991,1.0327
smr,1992,0.95421
smr,1993,0.88191
smr,1994,0.81485
smr,1995,0.75214
smr,1996,0.69589
smr,1997,0.64398
smr,1998,0.59834
smr,1999,0.55582
smr,2000,0.51709
smr,2001,0.48130
smr,2002,0.44879
smr,2003,0.41958
smr,2004,0.39165
smr,2005,0.36716
smr,2006,0.34530
smr,2007,0.32536
smr,2008,0.30715
smr,2009,0.29020
smr,2010,0.27525
smr,2011,0.26074
smr,2012,0.24840
smr,2013,0.23579
smr,2014,0.22441
smr,2015,0.21388
smr,2016,0.20388
smr,2017,0.19506
smr,2018,0.18637
smr,2019,0.17880
smr,2020,0.17170
smr,2021,0.16568
smr,2022,0.15976
smr,2023,0.15417
smr,2024,0.14956
som,1991,20.216
som,1992,73.970
som,1993,77.411
som,1994,19.348
som,1995,19.316
som,1996,19.315
som,1997,19.315
som,1998,19.315
som,1999,19.315
som,2000,19.315
som,2001,19.315
som,2002,19.315
som,2003,19.315
som,2004,19.315
som,2005,19.315
som,2006,19.310
som,2007,19.220
som,2008,19.005
som,2009,18.581
som,2010,18.073
som,2011,22.693
som,2012,57.459
som,2013,22.962
som,2014,15.820
som,2015,15.253
som,2016,14.762
som,2017,14.305
som,2018,19.193
som,2019,15.918
som,2020,12.964
som,2021,12.543
som,2022,12.128
som,2023,18.106
som,2024,11.341
srb,1991,1.5736
srb,1992,1.5142
srb,1993,1.4569
srb,1994,1.4017
srb,1995,1.3517
srb,1996,1.3086
srb,1997,1.2723
srb,1998,1.2390
srb,1999,1.2056
srb,2000,1.1688
srb,2001,1.1230
srb,2002,1.0693
srb,2003,1.0107
srb,2004,0.95002
srb,2005,0.89105
srb,2006,0.83697
srb,2007,0.78818
srb,2008,0.74482
srb,2009,0.70704
srb,2010,0.67325
srb,2011,0.64357
srb,2012,0.61701
srb,2013,0.59306
srb,2014,0.57134
srb,2015,0.55191
srb,2016,0.53472
srb,2017,0.51914
srb,2018,0.50633
srb,2019,0.49505
srb,2020,0.48686
srb,2021,0.48146
srb,2022,0.47795
srb,2023,0.47705
srb,2024,0.47649
ssd,1991,69.462
ssd,1992,68.040
ssd,1993,104.14
ssd,1994,102.72
ssd,1995,26.064
ssd,1996,62.195
ssd,1997,60.480
ssd,1998,58.608
ssd,1999,116.97
ssd,2000,30.032
ssd,2001,24.525
ssd,2002,23.297
ssd,2003,22.097
ssd,2004,17.365
ssd,2005,16.411
ssd,2006,15.526
ssd,2007,14.681
ssd,2008,13.925
ssd,2009,13.193
ssd,2010,12.510
ssd,2011,11.896
ssd,2012,11.341
ssd,2013,10.929
ssd,2014,10.736
ssd,2015,27.362
ssd,2016,38.612
ssd,2017,44.634
ssd,2018,47.604
ssd,2019,18.804
ssd,2020,10.679
ssd,2021,10.679
ssd,2022,10.679
ssd,2023,10.679
ssd,2024,10.679
stp,1991,10.330
stp,1992,10.404
stp,1993,10.412
stp,1994,10.343
stp,1995,10.193
stp,1996,9.9382
stp,1997,9.5999
stp,1998,9.1767
stp,1999,8.6899
stp,2000,8.1595
stp,2001,7.5941
stp,2002,7.0229
stp,2003,6.4562
stp,2004,5.9144
stp,2005,5.3929
stp,2006,4.9117
stp,2007,4.4635
stp,2008,4.0536
stp,2009,3.6863
stp,2010,3.3495
stp,2011,3.0464
stp,2012,2.7643
stp,2013,2.5007
stp,2014,2.2568
stp,2015,2.0413
stp,2016,1.8402
stp,2017,1.6661
stp,2018,1.5198
stp,2019,1.4001
stp,2020,1.3052
stp,2021,1.2238
stp,2022,1.1564
stp,2023,1.0989
stp,2024,1.0455
sur,1991,1.8460
sur,1992,1.7944
sur,1993,1.7457
sur,1994,1.7032
sur,1995,1.6660
sur,1996,1.6356
sur,1997,1.6103
sur,1998,1.5916
sur,1999,1.5778
sur,2000,1.5666
sur,2001,1.5555
sur,2002,1.5447
sur,2003,1.5330
sur,2004,1.5201
sur,2005,1.5027
sur,2006,1.4815
sur,2007,1.4595
sur,2008,1.4365
sur,2009,1.4154
sur,2010,1.3972
sur,2011,1.3803
sur,2012,1.3670
sur,2013,1.3588
sur,2014,1.3544
sur,2015,1.3563
sur,2016,1.3642
sur,2017,1.3746
sur,2018,1.3888
sur,2019,1.4044
sur,2020,1.4207
sur,2021,1.4306
sur,2022,1.4232
sur,2023,1.4014
sur,2024,1.3684
svk,1991,1.3128
svk,1992,1.2916
svk,1993,1.2716
svk,1994,1.2509
svk,1995,1.2289
svk,1996,1.2071
svk,1997,1.1844
svk,1998,1.1601
svk,1999,1.1341
svk,2000,1.1059
svk,2001,1.0749
svk,2002,1.0421
svk,2003,1.0089
svk,2004,0.97630
svk,2005,0.94466
svk,2006,0.91435
svk,2007,0.88534
svk,2008,0.85753
svk,2009,0.82966
svk,2010,0.80175
svk,2011,0.77388
svk,2012,0.74626
svk,2013,0.71873
svk,2014,0.69221
svk,2015,0.66689
svk,2016,0.64363
svk,2017,0.62256
svk,2018,0.60309
svk,2019,0.58543
svk,2020,0.56923
svk,2021,0.55382
svk,2022,0.53982
svk,2023,0.52645
svk,2024,0.51278
svn,1991,1.1361
svn,1992,1.0898
svn,1993,1.0447
svn,1994,1.0014
svn,1995,0.95889
svn,1996,0.91776
svn,1997,0.87699
svn,1998,0.83666
svn,1999,0.79853
svn,2000,0.76126
svn,2001,0.72492
svn,2002,0.68998
svn,2003,0.65667
svn,2004,0.62490
svn,2005,0.59426
svn,2006,0.56516
svn,2007,0.53775
svn,2008,0.51198
svn,2009,0.48740
svn,2010,0.46367
svn,2011,0.44173
svn,2012,0.42076
svn,2013,0.40046
svn,2014,0.38156
svn,2015,0.36354
svn,2016,0.34653
svn,2017,0.33061
svn,2018,0.31482
svn,2019,0.30029
svn,2020,0.28617
svn,2021,0.27245
svn,2022,0.25939
svn,2023,0.24670
svn,2024,0.23446
swe,1991,0.67009
swe,1992,0.64969
swe,1993,0.63042
swe,1994,0.61185
swe,1995,0.59448
swe,1996,0.57910
swe,1997,0.56475
swe,1998,0.55121
swe,1999,0.53859
swe,2000,0.52629
swe,2001,0.51375
swe,2002,0.50127
swe,2003,0.48842
swe,2004,0.47523
swe,2005,0.46153
swe,2006,0.44672
swe,2007,0.43161
swe,2008,0.41659
swe,2009,0.40205
swe,2010,0.38805
swe,2011,0.37461
swe,2012,0.36205
swe,2013,0.35020
swe,2014,0.33930
swe,2015,0.32912
swe,2016,0.31945
swe,2017,0.31019
swe,2018,0.30131
swe,2019,0.29307
swe,2020,0.28504
swe,2021,0.27747
swe,2022,0.27033
swe,2023,0.26367
swe,2024,0.25694
swz,1991,4.3140
swz,1992,4.6706
swz,1993,5.0249
swz,1994,5.3596
swz,1995,5.6343
swz,1996,5.8908
swz,1997,6.0792
swz,1998,6.2523
swz,1999,6.3707
swz,2000,6.4718
swz,2001,6.5528
swz,2002,6.5905
swz,2003,6.5808
swz,2004,6.5355
swz,2005,6.4750
swz,2006,6.3666
swz,2007,6.2204
swz,2008,6.0283
swz,2009,5.8182
swz,2010,5.5750
swz,2011,5.3239
swz,2012,5.0561
swz,2013,4.7366
swz,2014,4.4039
swz,2015,4.0653
swz,2016,3.7214
swz,2017,3.3738
swz,2018,3.0166
swz,2019,2.6781
swz,2020,2.4017
swz,2021,2.1423
swz,2022,1.9299
swz,2023,1.7681
swz,2024,1.6278
syc,1991,1.7167
syc,1992,1.6899
syc,1993,1.6635
syc,1994,1.6382
syc,1995,1.6111
syc,1996,1.5854
syc,1997,1.5573
syc,1998,1.5283
syc,1999,1.5001
syc,2000,1.4684
syc,2001,1.4334
syc,2002,1.3982
syc,2003,1.3631
syc,2004,1.3285
syc,2005,1.2929
syc,2006,1.2531
syc,2007,1.2171
syc,2008,1.1772
syc,2009,1.1395
syc,2010,1.1002
syc,2011,1.0625
syc,2012,1.0293
syc,2013,0.99419
syc,2014,0.96132
syc,2015,0.92922
syc,2016,0.89760
syc,2017,0.86634
syc,2018,0.83480
syc,2019,0.80245
syc,2020,0.77053
syc,2021,0.73834
syc,2022,0.70681
syc,2023,0.67467
syc,2024,0.63946
syr,1991,5.4120
syr,1992,5.2869
syr,1993,5.1450
syr,1994,4.9868
syr,1995,4.8117
syr,1996,4.6229
syr,1997,4.4221
syr,1998,4.2058
syr,1999,3.9680
syr,2000,3.7024
syr,2001,3.4091
syr,2002,3.1092
syr,2003,2.8199
syr,2004,2.5734
syr,2005,2.4003
syr,2006,2.3064
syr,2007,2.2658
syr,2008,2.2564
syr,2009,2.2601
syr,2010,2.2614
syr,2011,2.2534
syr,2012,3.0716
syr,2013,6.8381
syr,2014,7.4893
syr,2015,6.8680
syr,2016,7.0944
syr,2017,5.4211
syr,2018,5.4016
syr,2019,5.0931
syr,2020,2.8921
syr,2021,2.1765
syr,2022,1.8504
syr,2023,1.9316
syr,2024,2.7270
tca,1991,1.1969
tca,1992,1.1385
tca,1993,1.0858
tca,1994,1.0347
tca,1995,0.98802
tca,1996,0.94402
tca,1997,0.90228
tca,1998,0.86496
tca,1999,0.82916
tca,2000,0.79748
tca,2001,0.76681
tca,2002,0.73775
tca,2003,0.71206
tca,2004,0.68864
tca,2005,0.66778
tca,2006,0.64875
tca,2007,0.63217
tca,2008,0.61729
tca,2009,0.60408
tca,2010,0.59262
tca,2011,0.58093
tca,2012,0.57074
tca,2013,0.56139
tca,2014,0.55219
tca,2015,0.54416
tca,2016,0.53667
tca,2017,0.52876
tca,2018,0.52043
tca,2019,0.51135
tca,2020,0.50204
tca,2021,0.49113
tca,2022,0.48113
tca,2023,0.47037
tca,2024,0.45863
tcd,1991,29.149
tcd,1992,28.337
tcd,1993,27.559
tcd,1994,26.791
tcd,1995,26.048
tcd,1996,25.331
tcd,1997,24.645
tcd,1998,23.964
tcd,1999,23.310
tcd,2000,22.670
tcd,2001,22.054
tcd,2002,21.398
tcd,2003,20.777
tcd,2004,20.177
tcd,2005,19.545
tcd,2006,18.893
tcd,2007,18.260
tcd,2008,17.606
tcd,2009,16.961
tcd,2010,16.298
tcd,2011,15.651
tcd,2012,14.968
tcd,2013,14.311
tcd,2014,13.667
tcd,2015,13.026
tcd,2016,12.382
tcd,2017,11.737
tcd,2018,11.098
tcd,2019,10.483
tcd,2020,9.9196
tcd,2021,9.4182
tcd,2022,8.9277
tcd,2023,8.5005
tcd,2024,8.0960
tgo,1991,21.093
tgo,1992,20.469
tgo,1993,19.879
tgo,1994,19.318
tgo,1995,18.723
tgo,1996,18.154
tgo,1997,17.582
tgo,1998,16.981
tgo,1999,16.383
tgo,2000,15.803
tgo,2001,15.212
tgo,2002,14.615
tgo,2003,14.019
tgo,2004,13.428
tgo,2005,12.819
tgo,2006,12.187
tgo,2007,11.549
tgo,2008,10.906
tgo,2009,10.291
tgo,2010,9.6484
tgo,2011,9.0331
tgo,2012,8.4278
tgo,2013,7.8344
tgo,2014,7.2680
tgo,2015,6.7174
tgo,2016,6.2002
tgo,2017,5.7161
tgo,2018,5.2738
tgo,2019,4.9212
tgo,2020,4.6229
tgo,2021,4.3518
tgo,2022,4.0704
tgo,2023,3.8369
tgo,2024,3.6124
tha,1991,3.5161
tha,1992,3.4387
tha,1993,3.3824
tha,1994,3.3386
tha,1995,3.2883
tha,1996,3.2155
tha,1997,3.1369
tha,1998,3.0843
tha,1999,3.0758
tha,2000,3.1064
tha,2001,3.1667
tha,2002,3.2284
tha,2003,3.2503
tha,2004,3.2083
tha,2005,3.7674
tha,2006,2.9964
tha,2007,2.8649
tha,2008,2.7390
tha,2009,2.6246
tha,2010,2.5164
tha,2011,2.4097
tha,2012,2.3041
tha,2013,2.2024
tha,2014,2.1073
tha,2015,2.0226
tha,2016,1.9496
tha,2017,1.8851
tha,2018,1.8201
tha,2019,1.7534
tha,2020,1.6922
tha,2021,1.6428
tha,2022,1.6087
tha,2023,1.5925
tha,2024,1.5912
tjk,1991,3.4748
tjk,1992,3.7454
tjk,1993,4.6875
tjk,1994,4.1025
tjk,1995,4.0901
tjk,1996,3.9156
tjk,1997,4.5801
tjk,1998,3.2263
tjk,1999,2.8531
tjk,2000,2.5211
tjk,2001,2.2514
tjk,2002,2.0459
tjk,2003,1.8881
tjk,2004,1.7644
tjk,2005,1.6667
tjk,2006,1.5901
tjk,2007,1.5301
tjk,2008,1.4826
tjk,2009,1.4435
tjk,2010,1.4105
tjk,2011,1.3802
tjk,2012,1.3501
tjk,2013,1.3197
tjk,2014,1.2883
tjk,2015,1.2569
tjk,2016,1.2243
tjk,2017,1.1906
tjk,2018,1.1557
tjk,2019,1.1179
tjk,2020,1.0764
tjk,2021,1.0307
tjk,2022,0.98183
tjk,2023,0.93315
tjk,2024,0.88566
tkm,1991,3.4902
tkm,1992,3.5442
tkm,1993,3.6211
tkm,1994,3.7097
tkm,1995,3.7924
tkm,1996,3.8500
tkm,1997,3.8686
tkm,1998,3.8367
tkm,1999,3.7604
tkm,2000,3.6541
tkm,2001,3.5320
tkm,2002,3.4087
tkm,2003,3.2939
tkm,2004,3.1816
tkm,2005,3.0670
tkm,2006,2.9418
tkm,2007,2.8061
tkm,2008,2.6588
tkm,2009,2.5106
tkm,2010,2.3753
tkm,2011,2.2611
tkm,2012,2.1733
tkm,2013,2.1149
tkm,2014,2.0813
tkm,2015,2.0628
tkm,2016,2.0527
tkm,2017,2.0393
tkm,2018,2.0075
tkm,2019,1.9496
tkm,2020,1.8768
tkm,2021,1.7954
tkm,2022,1.7087
tkm,2023,1.6155
tkm,2024,1.5250
tls,1991,22.552
tls,1992,22.759
tls,1993,21.543
tls,1994,20.402
tls,1995,19.758
tls,1996,20.756
tls,1997,19.961
tls,1998,19.196
tls,1999,20.379
tls,2000,24.789
tls,2001,8.8008
tls,2002,8.4341
tls,2003,8.0769
tls,2004,7.7338
tls,2005,7.4072
tls,2006,7.0960
tls,2007,6.8045
tls,2008,6.5358
tls,2009,6.2887
tls,2010,6.0624
tls,2011,5.8577
tls,2012,5.6640
tls,2013,5.4918
tls,2014,5.3321
tls,2015,5.1876
tls,2016,5.0568
tls,2017,4.9406
tls,2018,4.8351
tls,2019,4.7469
tls,2020,4.6616
tls,2021,4.5599
tls,2022,4.4531
tls,2023,4.3423
tls,2024,4.2277
ton,1991,0.97543
ton,1992,1.0778
ton,1993,1.1851
ton,1994,1.2945
ton,1995,1.4149
ton,1996,1.5439
ton,1997,1.6772
ton,1998,1.8123
ton,1999,1.9398
ton,2000,2.0612
ton,2001,2.1781
ton,2002,2.2723
ton,2003,2.3401
ton,2004,2.3857
ton,2005,2.3960
ton,2006,2.3736
ton,2007,2.3202
ton,2008,2.2401
ton,2009,2.1400
ton,2010,2.0244
ton,2011,1.8986
ton,2012,1.7704
ton,2013,1.6414
ton,2014,1.5123
ton,2015,1.3955
ton,2016,1.2818
ton,2017,1.1744
ton,2018,1.0791
ton,2019,0.99868
ton,2020,0.93026
ton,2021,0.87571
ton,2022,0.82776
ton,2023,0.78367
ton,2024,0.74436
tto,1991,1.8250
tto,1992,1.7913
tto,1993,1.7597
tto,1994,1.7295
tto,1995,1.7020
tto,1996,1.6750
tto,1997,1.6484
tto,1998,1.6228
tto,1999,1.5956
tto,2000,1.5676
tto,2001,1.5379
tto,2002,1.5069
tto,2003,1.4744
tto,2004,1.4425
tto,2005,1.4128
tto,2006,1.3814
tto,2007,1.3515
tto,2008,1.3209
tto,2009,1.2893
tto,2010,1.2569
tto,2011,1.2257
tto,2012,1.1950
tto,2013,1.1661
tto,2014,1.1387
tto,2015,1.1139
tto,2016,1.0915
tto,2017,1.0682
tto,2018,1.0453
tto,2019,1.0229
tto,2020,1.0009
tto,2021,0.97639
tto,2022,0.95011
tto,2023,0.91651
tto,2024,0.87906
tun,1991,3.6477
tun,1992,3.4576
tun,1993,3.2765
tun,1994,3.1013
tun,1995,2.9368
tun,1996,2.7877
tun,1997,2.6593
tun,1998,2.5541
tun,1999,2.4696
tun,2000,2.4004
tun,2001,2.3421
tun,2002,2.2908
tun,2003,2.2414
tun,2004,2.1939
tun,2005,2.1488
tun,2006,2.1028
tun,2007,2.0590
tun,2008,2.0175
tun,2009,1.9767
tun,2010,1.9364
tun,2011,1.8966
tun,2012,1.8575
tun,2013,1.8182
tun,2014,1.7792
tun,2015,1.7407
tun,2016,1.7008
tun,2017,1.6583
tun,2018,1.6129
tun,2019,1.5657
tun,2020,1.5174
tun,2021,1.4705
tun,2022,1.4274
tun,2023,1.3882
tun,2024,1.3490
tur,1991,5.7504
tur,1992,5.5904
tur,1993,5.4366
tur,1994,5.2918
tur,1995,5.1470
tur,1996,5.0076
tur,1997,4.8648
tur,1998,4.7197
tur,1999,4.5745
tur,2000,5.6670
tur,2001,4.2660
tur,2002,4.1074
tur,2003,3.9372
tur,2004,3.7574
tur,2005,3.5667
tur,2006,3.3640
tur,2007,3.1502
tur,2008,2.9266
tur,2009,2.6921
tur,2010,2.4491
tur,2011,2.2037
tur,2012,1.9636
tur,2013,1.7380
tur,2014,1.5386
tur,2015,1.3724
tur,2016,1.2378
tur,2017,1.1307
tur,2018,1.0480
tur,2019,0.98518
tur,2020,0.93901
tur,2021,0.90589
tur,2022,0.88241
tur,2023,0.86526
tur,2024,3.2346
tuv,1991,4.5160
tuv,1992,4.4686
tuv,1993,4.4116
tuv,1994,4.3452
tuv,1995,4.2689
tuv,1996,4.1792
tuv,1997,4.0784
tuv,1998,3.9697
tuv,1999,3.8534
tuv,2000,3.7456
tuv,2001,3.6471
tuv,2002,3.5648
tuv,2003,3.4925
tuv,2004,3.4253
tuv,2005,3.3533
tuv,2006,3.2773
tuv,2007,3.1862
tuv,2008,3.0849
tuv,2009,2.9732
tuv,2010,2.8609
tuv,2011,2.7539
tuv,2012,2.6549
tuv,2013,2.5634
tuv,2014,2.4777
tuv,2015,2.3983
tuv,2016,2.3206
tuv,2017,2.2457
tuv,2018,2.1713
tuv,2019,2.1055
tuv,2020,2.0392
tuv,2021,1.9741
tuv,2022,1.9173
tuv,2023,1.8596
tuv,2024,1.8045
tza,1991,16.564
tza,1992,16.411
tza,1993,16.173
tza,1994,15.874
tza,1995,15.495
tza,1996,15.063
tza,1997,14.527
tza,1998,13.918
tza,1999,13.301
tza,2000,12.676
tza,2001,12.065
tza,2002,11.498
tza,2003,10.960
tza,2004,10.450
tza,2005,9.9694
tza,2006,9.5428
tza,2007,9.1704
tza,2008,8.8485
tza,2009,8.5905
tza,2010,8.3939
tza,2011,8.2561
tza,2012,8.1596
tza,2013,8.1128
tza,2014,8.0737
tza,2015,7.9935
tza,2016,7.8766
tza,2017,7.7396
tza,2018,7.5633
tza,2019,7.3338
tza,2020,7.0829
tza,2021,6.7978
tza,2022,6.5153
tza,2023,6.2583
tza,2024,5.9796
uga,1991,16.882
uga,1992,16.582
uga,1993,16.268
uga,1994,15.934
uga,1995,15.623
uga,1996,15.260
uga,1997,14.898
uga,1998,14.530
uga,1999,14.140
uga,2000,13.741
uga,2001,13.342
uga,2002,12.931
uga,2003,12.502
uga,2004,12.054
uga,2005,11.608
uga,2006,11.143
uga,2007,10.704
uga,2008,10.261
uga,2009,9.8169
uga,2010,9.3964
uga,2011,9.0006
uga,2012,8.6216
uga,2013,8.2583
uga,2014,7.9020
uga,2015,7.5604
uga,2016,7.2080
uga,2017,6.8912
uga,2018,6.5765
uga,2019,6.2876
uga,2020,6.0095
uga,2021,5.7315
uga,2022,5.4820
uga,2023,5.2185
uga,2024,4.9635
ukr,1991,2.3800
ukr,1992,2.3869
ukr,1993,2.3844
ukr,1994,2.3633
ukr,1995,2.3217
ukr,1996,2.2628
ukr,1997,2.1907
ukr,1998,2.1157
ukr,1999,2.0460
ukr,2000,1.9837
ukr,2001,1.9282
ukr,2002,1.8786
ukr,2003,1.8324
ukr,2004,1.7855
ukr,2005,1.7352
ukr,2006,1.6780
ukr,2007,1.6118
ukr,2008,1.5365
ukr,2009,1.4525
ukr,2010,1.3647
ukr,2011,1.2791
ukr,2012,1.1990
ukr,2013,1.1248
ukr,2014,1.0557
ukr,2015,0.99174
ukr,2016,0.93352
ukr,2017,0.88138
ukr,2018,0.83585
ukr,2019,0.79704
ukr,2020,0.76488
ukr,2021,0.73817
ukr,2022,0.71520
ukr,2023,1.1138
ukr,2024,0.77087
unicef_eap,1991,5.0856
unicef_eap,1992,4.8810
unicef_eap,1993,4.6059
unicef_eap,1994,4.3659
unicef_eap,1995,4.1413
unicef_eap,1996,4.0033
unicef_eap,1997,3.8160
unicef_eap,1998,3.6631
unicef_eap,1999,3.5359
unicef_eap,2000,3.3975
unicef_eap,2001,3.2672
unicef_eap,2002,3.1470
unicef_eap,2003,3.0128
unicef_eap,2004,2.8046
unicef_eap,2005,3.2035
unicef_eap,2006,2.5401
unicef_eap,2007,2.4143
unicef_eap,2008,2.2954
unicef_eap,2009,2.7641
unicef_eap,2010,2.0733
unicef_eap,2011,1.9693
unicef_eap,2012,1.8968
unicef_eap,2013,1.7807
unicef_eap,2014,1.7356
unicef_eap,2015,1.6122
unicef_eap,2016,1.5411
unicef_eap,2017,1.4733
unicef_eap,2018,1.4086
unicef_eap,2019,1.3483
unicef_eap,2020,1.2936
unicef_eap,2021,1.2417
unicef_eap,2022,1.1937
unicef_eap,2023,1.1503
unicef_eap,2024,1.1140
unicef_eapro,1991,5.3753
unicef_eapro,1992,5.1461
unicef_eapro,1993,4.8439
unicef_eapro,1994,4.5798
unicef_eapro,1995,4.3333
unicef_eapro,1996,4.1763
unicef_eapro,1997,3.9836
unicef_eapro,1998,3.8288
unicef_eapro,1999,3.7024
unicef_eapro,2000,3.5653
unicef_eapro,2001,3.4382
unicef_eapro,2002,3.3193
unicef_eapro,2003,3.1824
unicef_eapro,2004,2.9644
unicef_eapro,2005,3.3983
unicef_eapro,2006,2.6881
unicef_eapro,2007,2.5555
unicef_eapro,2008,2.4293
unicef_eapro,2009,2.9340
unicef_eapro,2010,2.1900
unicef_eapro,2011,2.0775
unicef_eapro,2012,1.9729
unicef_eapro,2013,1.8741
unicef_eapro,2014,1.8254
unicef_eapro,2015,1.6928
unicef_eapro,2016,1.6174
unicef_eapro,2017,1.5454
unicef_eapro,2018,1.4761
unicef_eapro,2019,1.4116
unicef_eapro,2020,1.3528
unicef_eapro,2021,1.2976
unicef_eapro,2022,1.2457
unicef_eapro,2023,1.1990
unicef_eapro,2024,1.1601
unicef_eca,1991,2.3312
unicef_eca,1992,2.3185
unicef_eca,1993,2.3901
unicef_eca,1994,2.3488
unicef_eca,1995,2.2326
unicef_eca,1996,2.1896
unicef_eca,1997,2.1237
unicef_eca,1998,2.0281
unicef_eca,1999,1.9315
unicef_eca,2000,1.9813
unicef_eca,2001,1.7640
unicef_eca,2002,1.6951
unicef_eca,2003,1.6263
unicef_eca,2004,1.5568
unicef_eca,2005,1.4826
unicef_eca,2006,1.4079
unicef_eca,2007,1.3352
unicef_eca,2008,1.2661
unicef_eca,2009,1.2002
unicef_eca,2010,1.1354
unicef_eca,2011,1.0719
unicef_eca,2012,1.0119
unicef_eca,2013,0.95797
unicef_eca,2014,0.91143
unicef_eca,2015,0.87142
unicef_eca,2016,0.83572
unicef_eca,2017,0.80382
unicef_eca,2018,0.77509
unicef_eca,2019,0.74960
unicef_eca,2020,0.72968
unicef_eca,2021,0.72018
unicef_eca,2022,0.71195
unicef_eca,2023,0.73116
unicef_eca,2024,1.0125
unicef_ecaro,1991,3.5443
unicef_ecaro,1992,3.4936
unicef_ecaro,1993,3.6744
unicef_ecaro,1994,3.5995
unicef_ecaro,1995,3.3732
unicef_ecaro,1996,3.3678
unicef_ecaro,1997,3.3187
unicef_ecaro,1998,3.1932
unicef_ecaro,1999,3.0524
unicef_ecaro,2000,3.2649
unicef_ecaro,2001,2.7854
unicef_ecaro,2002,2.6761
unicef_ecaro,2003,2.5742
unicef_ecaro,2004,2.4781
unicef_ecaro,2005,2.3768
unicef_ecaro,2006,2.2765
unicef_ecaro,2007,2.1739
unicef_ecaro,2008,2.0667
unicef_ecaro,2009,1.9542
unicef_ecaro,2010,1.8356
unicef_ecaro,2011,1.7144
unicef_ecaro,2012,1.5982
unicef_ecaro,2013,1.4945
unicef_ecaro,2014,1.4062
unicef_ecaro,2015,1.3317
unicef_ecaro,2016,1.2688
unicef_ecaro,2017,1.2155
unicef_ecaro,2018,1.1700
unicef_ecaro,2019,1.1326
unicef_ecaro,2020,1.1072
unicef_ecaro,2021,1.1044
unicef_ecaro,2022,1.1024
unicef_ecaro,2023,1.1715
unicef_ecaro,2024,1.9079
unicef_eeca,1991,3.3429
unicef_eeca,1992,3.3176
unicef_eeca,1993,3.4453
unicef_eeca,1994,3.3893
unicef_eeca,1995,3.2153
unicef_eeca,1996,3.1808
unicef_eeca,1997,3.1184
unicef_eeca,1998,3.0127
unicef_eeca,1999,2.9049
unicef_eeca,2000,3.0608
unicef_eeca,2001,2.7045
unicef_eeca,2002,2.6168
unicef_eeca,2003,2.5273
unicef_eeca,2004,2.4339
unicef_eeca,2005,2.3307
unicef_eeca,2006,2.2250
unicef_eeca,2007,2.1151
unicef_eeca,2008,2.0030
unicef_eeca,2009,1.8890
unicef_eeca,2010,1.7740
unicef_eeca,2011,1.6611
unicef_eeca,2012,1.5555
unicef_eeca,2013,1.4611
unicef_eeca,2014,1.3786
unicef_eeca,2015,1.3062
unicef_eeca,2016,1.2415
unicef_eeca,2017,1.1823
unicef_eeca,2018,1.1274
unicef_eeca,2019,1.0788
unicef_eeca,2020,1.0397
unicef_eeca,2021,1.0186
unicef_eeca,2022,1.0002
unicef_eeca,2023,1.0351
unicef_eeca,2024,1.5504
unicef_esa,1991,24.204
unicef_esa,1992,25.221
unicef_esa,1993,25.783
unicef_esa,1994,23.908
unicef_esa,1995,24.664
unicef_esa,1996,21.474
unicef_esa,1997,20.918
unicef_esa,1998,20.237
unicef_esa,1999,20.714
unicef_esa,2000,18.105
unicef_esa,2001,17.193
unicef_esa,2002,16.418
unicef_esa,2003,15.656
unicef_esa,2004,14.959
unicef_esa,2005,14.357
unicef_esa,2006,13.609
unicef_esa,2007,12.611
unicef_esa,2008,11.779
unicef_esa,2009,11.157
unicef_esa,2010,10.404
unicef_esa,2011,9.9748
unicef_esa,2012,10.593
unicef_esa,2013,8.9367
unicef_esa,2014,8.2469
unicef_esa,2015,8.2822
unicef_esa,2016,8.1979
unicef_esa,2017,8.0150
unicef_esa,2018,7.9820
unicef_esa,2019,6.8927
unicef_esa,2020,6.3632
unicef_esa,2021,6.1493
unicef_esa,2022,5.9417
unicef_esa,2023,5.9997
unicef_esa,2024,5.5340
unicef_esaro,1991,24.834
unicef_esaro,1992,25.988
unicef_esaro,1993,26.641
unicef_esaro,1994,24.654
unicef_esaro,1995,25.525
unicef_esaro,1996,22.104
unicef_esaro,1997,21.563
unicef_esaro,1998,20.874
unicef_esaro,1999,21.447
unicef_esaro,2000,18.666
unicef_esaro,2001,17.735
unicef_esaro,2002,16.936
unicef_esaro,2003,16.165
unicef_esaro,2004,15.274
unicef_esaro,2005,14.482
unicef_esaro,2006,13.692
unicef_esaro,2007,12.907
unicef_esaro,2008,12.135
unicef_esaro,2009,11.395
unicef_esaro,2010,10.707
unicef_esaro,2011,10.268
unicef_esaro,2012,10.959
unicef_esaro,2013,9.1893
unicef_esaro,2014,8.4601
unicef_esaro,2015,8.5116
unicef_esaro,2016,8.4485
unicef_esaro,2017,8.2644
unicef_esaro,2018,8.2393
unicef_esaro,2019,7.0807
unicef_esaro,2020,6.5186
unicef_esaro,2021,6.2987
unicef_esaro,2022,6.0892
unicef_esaro,2023,6.1618
unicef_esaro,2024,5.6670
unicef_lac,1991,2.9150
unicef_lac,1992,2.7897
unicef_lac,1993,2.6756
unicef_lac,1994,2.5721
unicef_lac,1995,2.4769
unicef_lac,1996,2.3895
unicef_lac,1997,2.3079
unicef_lac,1998,2.2303
unicef_lac,1999,2.4780
unicef_lac,2000,2.0869
unicef_lac,2001,2.0223
unicef_lac,2002,1.9741
unicef_lac,2003,1.9080
unicef_lac,2004,1.8577
unicef_lac,2005,1.8525
unicef_lac,2006,1.7976
unicef_lac,2007,1.7306
unicef_lac,2008,1.6931
unicef_lac,2009,1.6560
unicef_lac,2010,1.6209
unicef_lac,2011,2.3220
unicef_lac,2012,1.5486
unicef_lac,2013,1.4857
unicef_lac,2014,1.4414
unicef_lac,2015,1.3998
unicef_lac,2016,1.3616
unicef_lac,2017,1.3324
unicef_lac,2018,1.3081
unicef_lac,2019,1.2796
unicef_lac,2020,1.2875
unicef_lac,2021,1.2787
unicef_lac,2022,1.2902
unicef_lac,2023,1.2454
unicef_lac,2024,1.1904
unicef_lacro,1991,2.9151
unicef_lacro,1992,2.7898
unicef_lacro,1993,2.6757
unicef_lacro,1994,2.5720
unicef_lacro,1995,2.4769
unicef_lacro,1996,2.3894
unicef_lacro,1997,2.3077
unicef_lacro,1998,2.2301
unicef_lacro,1999,2.4780
unicef_lacro,2000,2.0867
unicef_lacro,2001,2.0220
unicef_lacro,2002,1.9738
unicef_lacro,2003,1.9078
unicef_lacro,2004,1.8574
unicef_lacro,2005,1.8521
unicef_lacro,2006,1.7974
unicef_lacro,2007,1.7305
unicef_lacro,2008,1.6929
unicef_lacro,2009,1.6559
unicef_lacro,2010,1.6209
unicef_lacro,2011,2.3221
unicef_lacro,2012,1.5485
unicef_lacro,2013,1.4857
unicef_lacro,2014,1.4414
unicef_lacro,2015,1.3998
unicef_lacro,2016,1.3616
unicef_lacro,2017,1.3324
unicef_lacro,2018,1.3080
unicef_lacro,2019,1.2796
unicef_lacro,2020,1.2839
unicef_lacro,2021,1.2788
unicef_lacro,2022,1.2903
unicef_lacro,2023,1.2455
unicef_lacro,2024,1.1905
unicef_mena,1991,6.4904
unicef_mena,1992,5.1312
unicef_mena,1993,4.6346
unicef_mena,1994,4.4046
unicef_mena,1995,4.1884
unicef_mena,1996,3.9887
unicef_mena,1997,3.8006
unicef_mena,1998,3.6282
unicef_mena,1999,3.4689
unicef_mena,2000,3.3243
unicef_mena,2001,3.1883
unicef_mena,2002,3.0645
unicef_mena,2003,2.9483
unicef_mena,2004,3.1632
unicef_mena,2005,2.7482
unicef_mena,2006,2.6744
unicef_mena,2007,2.6136
unicef_mena,2008,2.5630
unicef_mena,2009,2.5191
unicef_mena,2010,2.4694
unicef_mena,2011,2.4034
unicef_mena,2012,2.4189
unicef_mena,2013,2.5939
unicef_mena,2014,2.5563
unicef_mena,2015,2.4626
unicef_mena,2016,2.4340
unicef_mena,2017,2.2408
unicef_mena,2018,2.1636
unicef_mena,2019,2.1035
unicef_mena,2020,1.9051
unicef_mena,2021,1.7620
unicef_mena,2022,1.6962
unicef_mena,2023,1.6413
unicef_mena,2024,1.9381
unicef_menaro,1991,7.4980
unicef_menaro,1992,6.1799
unicef_menaro,1993,5.6613
unicef_menaro,1994,5.4017
unicef_menaro,1995,5.1617
unicef_menaro,1996,4.9331
unicef_menaro,1997,4.7140
unicef_menaro,1998,4.5136
unicef_menaro,1999,4.3348
unicef_menaro,2000,4.1679
unicef_menaro,2001,4.0121
unicef_menaro,2002,3.8658
unicef_menaro,2003,3.7212
unicef_menaro,2004,4.0572
unicef_menaro,2005,3.8537
unicef_menaro,2006,3.7610
unicef_menaro,2007,3.3599
unicef_menaro,2008,3.1529
unicef_menaro,2009,3.1855
unicef_menaro,2010,2.9936
unicef_menaro,2011,2.8967
unicef_menaro,2012,2.8737
unicef_menaro,2013,2.9944
unicef_menaro,2014,2.9234
unicef_menaro,2015,2.8094
unicef_menaro,2016,2.7586
unicef_menaro,2017,2.5602
unicef_menaro,2018,2.4662
unicef_menaro,2019,2.3929
unicef_menaro,2020,2.1941
unicef_menaro,2021,2.0412
unicef_menaro,2022,1.9662
unicef_menaro,2023,1.8988
unicef_menaro,2024,2.1648
unicef_na,1991,1.0924
unicef_na,1992,1.0626
unicef_na,1993,1.0346
unicef_na,1994,1.0093
unicef_na,1995,0.98416
unicef_na,1996,0.95650
unicef_na,1997,0.92616
unicef_na,1998,0.89278
unicef_na,1999,0.85754
unicef_na,2000,0.82289
unicef_na,2001,0.79194
unicef_na,2002,0.76514
unicef_na,2003,0.74244
unicef_na,2004,0.72294
unicef_na,2005,0.70469
unicef_na,2006,0.68473
unicef_na,2007,0.66342
unicef_na,2008,0.64031
unicef_na,2009,0.61768
unicef_na,2010,0.59637
unicef_na,2011,0.57920
unicef_na,2012,0.56610
unicef_na,2013,0.55794
unicef_na,2014,0.55404
unicef_na,2015,0.55320
unicef_na,2016,0.55412
unicef_na,2017,0.55583
unicef_na,2018,0.55770
unicef_na,2019,0.55987
unicef_na,2020,0.56282
unicef_na,2021,0.56780
unicef_na,2022,0.57414
unicef_na,2023,0.58042
unicef_na,2024,0.58497
unicef_rosa,1991,12.794
unicef_rosa,1992,13.341
unicef_rosa,1993,11.917
unicef_rosa,1994,11.438
unicef_rosa,1995,11.016
unicef_rosa,1996,10.583
unicef_rosa,1997,10.131
unicef_rosa,1998,9.6477
unicef_rosa,1999,9.1748
unicef_rosa,2000,8.6243
unicef_rosa,2001,8.1697
unicef_rosa,2002,7.7653
unicef_rosa,2003,7.3990
unicef_rosa,2004,7.0705
unicef_rosa,2005,6.8619
unicef_rosa,2006,6.7414
unicef_rosa,2007,6.1952
unicef_rosa,2008,5.8894
unicef_rosa,2009,5.5639
unicef_rosa,2010,5.2564
unicef_rosa,2011,4.8886
unicef_rosa,2012,4.5545
unicef_rosa,2013,4.2348
unicef_rosa,2014,3.9470
unicef_rosa,2015,3.6695
unicef_rosa,2016,3.4356
unicef_rosa,2017,3.1603
unicef_rosa,2018,2.8862
unicef_rosa,2019,2.6537
unicef_rosa,2020,2.4273
unicef_rosa,2021,2.2161
unicef_rosa,2022,2.0537
unicef_rosa,2023,1.8818
unicef_rosa,2024,1.7575
unicef_sa,1991,12.794
unicef_sa,1992,13.341
unicef_sa,1993,11.917
unicef_sa,1994,11.438
unicef_sa,1995,11.016
unicef_sa,1996,10.583
unicef_sa,1997,10.131
unicef_sa,1998,9.6477
unicef_sa,1999,9.1748
unicef_sa,2000,8.6243
unicef_sa,2001,8.1697
unicef_sa,2002,7.7653
unicef_sa,2003,7.3990
unicef_sa,2004,7.0705
unicef_sa,2005,6.8619
unicef_sa,2006,6.7414
unicef_sa,2007,6.1952
unicef_sa,2008,5.8894
unicef_sa,2009,5.5639
unicef_sa,2010,5.2564
unicef_sa,2011,4.8886
unicef_sa,2012,4.5545
unicef_sa,2013,4.2348
unicef_sa,2014,3.9470
unicef_sa,2015,3.6695
unicef_sa,2016,3.4356
unicef_sa,2017,3.1603
unicef_sa,2018,2.8862
unicef_sa,2019,2.6537
unicef_sa,2020,2.4273
unicef_sa,2021,2.2161
unicef_sa,2022,2.0537
unicef_sa,2023,1.8818
unicef_sa,2024,1.7575
unicef_ssa,1991,24.346
unicef_ssa,1992,24.670
unicef_ssa,1993,24.776
unicef_ssa,1994,23.552
unicef_ssa,1995,23.735
unicef_ssa,1996,21.822
unicef_ssa,1997,21.311
unicef_ssa,1998,20.724
unicef_ssa,1999,20.732
unicef_ssa,2000,19.094
unicef_ssa,2001,18.360
unicef_ssa,2002,17.702
unicef_ssa,2003,17.054
unicef_ssa,2004,16.446
unicef_ssa,2005,15.886
unicef_ssa,2006,15.263
unicef_ssa,2007,14.510
unicef_ssa,2008,13.844
unicef_ssa,2009,13.298
unicef_ssa,2010,13.418
unicef_ssa,2011,12.293
unicef_ssa,2012,12.425
unicef_ssa,2013,11.322
unicef_ssa,2014,10.800
unicef_ssa,2015,10.736
unicef_ssa,2016,10.439
unicef_ssa,2017,10.177
unicef_ssa,2018,10.039
unicef_ssa,2019,9.2526
unicef_ssa,2020,9.0529
unicef_ssa,2021,8.5599
unicef_ssa,2022,8.3789
unicef_ssa,2023,8.6302
unicef_ssa,2024,7.7078
unicef_wca,1991,23.456
unicef_wca,1992,23.037
unicef_wca,1993,22.626
unicef_wca,1994,22.243
unicef_wca,1995,21.842
unicef_wca,1996,21.411
unicef_wca,1997,20.985
unicef_wca,1998,20.547
unicef_wca,1999,20.058
unicef_wca,2000,19.557
unicef_wca,2001,19.067
unicef_wca,2002,18.573
unicef_wca,2003,18.061
unicef_wca,2004,17.570
unicef_wca,2005,17.055
unicef_wca,2006,16.561
unicef_wca,2007,16.084
unicef_wca,2008,15.608
unicef_wca,2009,15.138
unicef_wca,2010,16.179
unicef_wca,2011,14.306
unicef_wca,2012,13.835
unicef_wca,2013,13.391
unicef_wca,2014,13.050
unicef_wca,2015,12.844
unicef_wca,2016,12.268
unicef_wca,2017,11.901
unicef_wca,2018,11.623
unicef_wca,2019,11.160
unicef_wca,2020,11.278
unicef_wca,2021,10.486
unicef_wca,2022,10.322
unicef_wca,2023,10.745
unicef_wca,2024,9.3947
unicef_wcaro,1991,23.456
unicef_wcaro,1992,23.037
unicef_wcaro,1993,22.626
unicef_wcaro,1994,22.243
unicef_wcaro,1995,21.842
unicef_wcaro,1996,21.411
unicef_wcaro,1997,20.985
unicef_wcaro,1998,20.547
unicef_wcaro,1999,20.058
unicef_wcaro,2000,19.557
unicef_wcaro,2001,19.067
unicef_wcaro,2002,18.573
unicef_wcaro,2003,18.061
unicef_wcaro,2004,17.570
unicef_wcaro,2005,17.055
unicef_wcaro,2006,16.561
unicef_wcaro,2007,16.084
unicef_wcaro,2008,15.608
unicef_wcaro,2009,15.138
unicef_wcaro,2010,16.179
unicef_wcaro,2011,14.306
unicef_wcaro,2012,13.835
unicef_wcaro,2013,13.391
unicef_wcaro,2014,13.050
unicef_wcaro,2015,12.844
unicef_wcaro,2016,12.268
unicef_wcaro,2017,11.901
unicef_wcaro,2018,11.623
unicef_wcaro,2019,11.160
unicef_wcaro,2020,11.278
unicef_wcaro,2021,10.486
unicef_wcaro,2022,10.322
unicef_wcaro,2023,10.745
unicef_wcaro,2024,9.3947
unicef_we,1991,1.0740
unicef_we,1992,1.0401
unicef_we,1993,1.0025
unicef_we,1994,0.96120
unicef_we,1995,0.91934
unicef_we,1996,0.87867
unicef_we,1997,0.83994
unicef_we,1998,0.80240
unicef_we,1999,0.76603
unicef_we,2000,0.73197
unicef_we,2001,0.70078
unicef_we,2002,0.67202
unicef_we,2003,0.64391
unicef_we,2004,0.61613
unicef_we,2005,0.58985
unicef_we,2006,0.56536
unicef_we,2007,0.54293
unicef_we,2008,0.52199
unicef_we,2009,0.50272
unicef_we,2010,0.48424
unicef_we,2011,0.46679
unicef_we,2012,0.45035
unicef_we,2013,0.43505
unicef_we,2014,0.42119
unicef_we,2015,0.40891
unicef_we,2016,0.39798
unicef_we,2017,0.38790
unicef_we,2018,0.37844
unicef_we,2019,0.36967
unicef_we,2020,0.36237
unicef_we,2021,0.35751
unicef_we,2022,0.35506
unicef_we,2023,0.35508
unicef_we,2024,0.35645
unsdg_australianewzealand,1991,0.94037
unsdg_australianewzealand,1992,0.90679
unsdg_australianewzealand,1993,0.87216
unsdg_australianewzealand,1994,0.84222
unsdg_australianewzealand,1995,0.81437
unsdg_australianewzealand,1996,0.78653
unsdg_australianewzealand,1997,0.75746
unsdg_australianewzealand,1998,0.73028
unsdg_australianewzealand,1999,0.70245
unsdg_australianewzealand,2000,0.67696
unsdg_australianewzealand,2001,0.64842
unsdg_australianewzealand,2002,0.62241
unsdg_australianewzealand,2003,0.59726
unsdg_australianewzealand,2004,0.57518
unsdg_australianewzealand,2005,0.55287
unsdg_australianewzealand,2006,0.53249
unsdg_australianewzealand,2007,0.51683
unsdg_australianewzealand,2008,0.50032
unsdg_australianewzealand,2009,0.48599
unsdg_australianewzealand,2010,0.47067
unsdg_australianewzealand,2011,0.46006
unsdg_australianewzealand,2012,0.44715
unsdg_australianewzealand,2013,0.43495
unsdg_australianewzealand,2014,0.42442
unsdg_australianewzealand,2015,0.41645
unsdg_australianewzealand,2016,0.40641
unsdg_australianewzealand,2017,0.39831
unsdg_australianewzealand,2018,0.39008
unsdg_australianewzealand,2019,0.38120
unsdg_australianewzealand,2020,0.37642
unsdg_australianewzealand,2021,0.37074
unsdg_australianewzealand,2022,0.36680
unsdg_australianewzealand,2023,0.36446
unsdg_australianewzealand,2024,0.36050
unsdg_centralasia,1991,3.3476
unsdg_centralasia,1992,3.3924
unsdg_centralasia,1993,3.5139
unsdg_centralasia,1994,3.4351
unsdg_centralasia,1995,3.4113
unsdg_centralasia,1996,3.3452
unsdg_centralasia,1997,3.3714
unsdg_centralasia,1998,3.0988
unsdg_centralasia,1999,2.9416
unsdg_centralasia,2000,2.7774
unsdg_centralasia,2001,2.6145
unsdg_centralasia,2002,2.4631
unsdg_centralasia,2003,2.3300
unsdg_centralasia,2004,2.2184
unsdg_centralasia,2005,2.1270
unsdg_centralasia,2006,2.0550
unsdg_centralasia,2007,1.9982
unsdg_centralasia,2008,1.9492
unsdg_centralasia,2009,1.9052
unsdg_centralasia,2010,1.8651
unsdg_centralasia,2011,1.8279
unsdg_centralasia,2012,1.7919
unsdg_centralasia,2013,1.7588
unsdg_centralasia,2014,1.7263
unsdg_centralasia,2015,1.6930
unsdg_centralasia,2016,1.6579
unsdg_centralasia,2017,1.6191
unsdg_centralasia,2018,1.5787
unsdg_centralasia,2019,1.5400
unsdg_centralasia,2020,1.5168
unsdg_centralasia,2021,1.5226
unsdg_centralasia,2022,1.5630
unsdg_centralasia,2023,1.6394
unsdg_centralasia,2024,1.7501
unsdg_centralasiasouthernasia,1991,12.139
unsdg_centralasiasouthernasia,1992,12.430
unsdg_centralasiasouthernasia,1993,11.126
unsdg_centralasiasouthernasia,1994,10.680
unsdg_centralasiasouthernasia,1995,10.296
unsdg_centralasiasouthernasia,1996,9.9030
unsdg_centralasiasouthernasia,1997,9.5019
unsdg_centralasiasouthernasia,1998,9.0615
unsdg_centralasiasouthernasia,1999,8.6383
unsdg_centralasiasouthernasia,2000,8.1488
unsdg_centralasiasouthernasia,2001,7.7451
unsdg_centralasiasouthernasia,2002,7.3868
unsdg_centralasiasouthernasia,2003,7.0645
unsdg_centralasiasouthernasia,2004,6.8298
unsdg_centralasiasouthernasia,2005,6.5840
unsdg_centralasiasouthernasia,2006,6.4770
unsdg_centralasiasouthernasia,2007,5.9682
unsdg_centralasiasouthernasia,2008,5.6842
unsdg_centralasiasouthernasia,2009,5.3803
unsdg_centralasiasouthernasia,2010,5.0892
unsdg_centralasiasouthernasia,2011,4.7384
unsdg_centralasiasouthernasia,2012,4.4169
unsdg_centralasiasouthernasia,2013,4.1063
unsdg_centralasiasouthernasia,2014,3.8261
unsdg_centralasiasouthernasia,2015,3.5567
unsdg_centralasiasouthernasia,2016,3.3292
unsdg_centralasiasouthernasia,2017,3.0655
unsdg_centralasiasouthernasia,2018,2.8039
unsdg_centralasiasouthernasia,2019,2.5827
unsdg_centralasiasouthernasia,2020,2.3685
unsdg_centralasiasouthernasia,2021,2.1692
unsdg_centralasiasouthernasia,2022,2.0180
unsdg_centralasiasouthernasia,2023,1.8613
unsdg_centralasiasouthernasia,2024,1.7519
unsdg_easternasia,1991,3.4792
unsdg_easternasia,1992,3.3239
unsdg_easternasia,1993,3.1701
unsdg_easternasia,1994,3.0248
unsdg_easternasia,1995,2.8815
unsdg_easternasia,1996,2.8435
unsdg_easternasia,1997,2.7006
unsdg_easternasia,1998,2.5689
unsdg_easternasia,1999,2.4434
unsdg_easternasia,2000,2.3234
unsdg_easternasia,2001,2.2064
unsdg_easternasia,2002,2.0984
unsdg_easternasia,2003,1.9938
unsdg_easternasia,2004,1.7777
unsdg_easternasia,2005,1.6854
unsdg_easternasia,2006,1.6012
unsdg_easternasia,2007,1.5228
unsdg_easternasia,2008,1.4484
unsdg_easternasia,2009,1.3742
unsdg_easternasia,2010,1.3001
unsdg_easternasia,2011,1.2273
unsdg_easternasia,2012,1.1962
unsdg_easternasia,2013,1.0913
unsdg_easternasia,2014,1.0313
unsdg_easternasia,2015,0.97547
unsdg_easternasia,2016,0.92308
unsdg_easternasia,2017,0.87314
unsdg_easternasia,2018,0.82446
unsdg_easternasia,2019,0.77995
unsdg_easternasia,2020,0.73753
unsdg_easternasia,2021,0.69950
unsdg_easternasia,2022,0.66377
unsdg_easternasia,2023,0.62796
unsdg_easternasia,2024,0.59810
unsdg_easternasiasoutheasternasia,1991,5.1074
unsdg_easternasiasoutheasternasia,1992,4.9023
unsdg_easternasiasoutheasternasia,1993,4.6234
unsdg_easternasiasoutheasternasia,1994,4.3822
unsdg_easternasiasoutheasternasia,1995,4.1539
unsdg_easternasiasoutheasternasia,1996,4.0147
unsdg_easternasiasoutheasternasia,1997,3.8255
unsdg_easternasiasoutheasternasia,1998,3.6719
unsdg_easternasiasoutheasternasia,1999,3.5350
unsdg_easternasiasoutheasternasia,2000,3.4048
unsdg_easternasiasoutheasternasia,2001,3.2724
unsdg_easternasiasoutheasternasia,2002,3.1500
unsdg_easternasiasoutheasternasia,2003,3.0145
unsdg_easternasiasoutheasternasia,2004,2.8040
unsdg_easternasiasoutheasternasia,2005,3.2094
unsdg_easternasiasoutheasternasia,2006,2.5362
unsdg_easternasiasoutheasternasia,2007,2.4078
unsdg_easternasiasoutheasternasia,2008,2.2868
unsdg_easternasiasoutheasternasia,2009,2.7658
unsdg_easternasiasoutheasternasia,2010,2.0607
unsdg_easternasiasoutheasternasia,2011,1.9560
unsdg_easternasiasoutheasternasia,2012,1.8831
unsdg_easternasiasoutheasternasia,2013,1.7646
unsdg_easternasiasoutheasternasia,2014,1.7199
unsdg_easternasiasoutheasternasia,2015,1.5962
unsdg_easternasiasoutheasternasia,2016,1.5243
unsdg_easternasiasoutheasternasia,2017,1.4568
unsdg_easternasiasoutheasternasia,2018,1.3900
unsdg_easternasiasoutheasternasia,2019,1.3307
unsdg_easternasiasoutheasternasia,2020,1.2751
unsdg_easternasiasoutheasternasia,2021,1.2246
unsdg_easternasiasoutheasternasia,2022,1.1758
unsdg_easternasiasoutheasternasia,2023,1.1314
unsdg_easternasiasoutheasternasia,2024,1.0953
unsdg_europe,1991,1.7226
unsdg_europe,1992,1.7155
unsdg_europe,1993,1.8005
unsdg_europe,1994,1.7794
unsdg_europe,1995,1.6462
unsdg_europe,1996,1.6154
unsdg_europe,1997,1.5406
unsdg_europe,1998,1.4675
unsdg_europe,1999,1.3715
unsdg_europe,2000,1.2828
unsdg_europe,2001,1.2102
unsdg_europe,2002,1.1494
unsdg_europe,2003,1.0952
unsdg_europe,2004,1.0463
unsdg_europe,2005,0.99403
unsdg_europe,2006,0.94295
unsdg_europe,2007,0.89553
unsdg_europe,2008,0.85360
unsdg_europe,2009,0.81604
unsdg_europe,2010,0.78101
unsdg_europe,2011,0.74738
unsdg_europe,2012,0.71534
unsdg_europe,2013,0.68628
unsdg_europe,2014,0.66046
unsdg_europe,2015,0.63630
unsdg_europe,2016,0.61220
unsdg_europe,2017,0.58895
unsdg_europe,2018,0.56678
unsdg_europe,2019,0.54496
unsdg_europe,2020,0.52409
unsdg_europe,2021,0.50584
unsdg_europe,2022,0.48929
unsdg_europe,2023,0.49682
unsdg_europe,2024,0.46171
unsdg_europenorthernamr,1991,1.5436
unsdg_europenorthernamr,1992,1.5288
unsdg_europenorthernamr,1993,1.5798
unsdg_europenorthernamr,1994,1.5550
unsdg_europenorthernamr,1995,1.4504
unsdg_europenorthernamr,1996,1.4165
unsdg_europenorthernamr,1997,1.3505
unsdg_europenorthernamr,1998,1.2846
unsdg_europenorthernamr,1999,1.2033
unsdg_europenorthernamr,2000,1.1286
unsdg_europenorthernamr,2001,1.0675
unsdg_europenorthernamr,2002,1.0167
unsdg_europenorthernamr,2003,0.97212
unsdg_europenorthernamr,2004,0.93289
unsdg_europenorthernamr,2005,0.89195
unsdg_europenorthernamr,2006,0.85132
unsdg_europenorthernamr,2007,0.81255
unsdg_europenorthernamr,2008,0.77692
unsdg_europenorthernamr,2009,0.74437
unsdg_europenorthernamr,2010,0.71416
unsdg_europenorthernamr,2011,0.68636
unsdg_europenorthernamr,2012,0.66134
unsdg_europenorthernamr,2013,0.64003
unsdg_europenorthernamr,2014,0.62233
unsdg_europenorthernamr,2015,0.60698
unsdg_europenorthernamr,2016,0.59223
unsdg_europenorthernamr,2017,0.57839
unsdg_europenorthernamr,2018,0.56505
unsdg_europenorthernamr,2019,0.55188
unsdg_europenorthernamr,2020,0.53969
unsdg_europenorthernamr,2021,0.52986
unsdg_europenorthernamr,2022,0.52182
unsdg_europenorthernamr,2023,0.52939
unsdg_europenorthernamr,2024,0.50930
unsdg_lac,1991,2.9150
unsdg_lac,1992,2.7897
unsdg_lac,1993,2.6756
unsdg_lac,1994,2.5721
unsdg_lac,1995,2.4769
unsdg_lac,1996,2.3895
unsdg_lac,1997,2.3079
unsdg_lac,1998,2.2303
unsdg_lac,1999,2.4780
unsdg_lac,2000,2.0869
unsdg_lac,2001,2.0223
unsdg_lac,2002,1.9741
unsdg_lac,2003,1.9080
unsdg_lac,2004,1.8577
unsdg_lac,2005,1.8525
unsdg_lac,2006,1.7976
unsdg_lac,2007,1.7306
unsdg_lac,2008,1.6931
unsdg_lac,2009,1.6560
unsdg_lac,2010,1.6209
unsdg_lac,2011,2.3220
unsdg_lac,2012,1.5486
unsdg_lac,2013,1.4857
unsdg_lac,2014,1.4414
unsdg_lac,2015,1.3998
unsdg_lac,2016,1.3616
unsdg_lac,2017,1.3324
unsdg_lac,2018,1.3081
unsdg_lac,2019,1.2796
unsdg_lac,2020,1.2875
unsdg_lac,2021,1.2787
unsdg_lac,2022,1.2902
unsdg_lac,2023,1.2454
unsdg_lac,2024,1.1904
unsdg_ldc,1991,24.573
unsdg_ldc,1992,26.647
unsdg_ldc,1993,24.600
unsdg_ldc,1994,23.037
unsdg_ldc,1995,23.035
unsdg_ldc,1996,20.895
unsdg_ldc,1997,20.164
unsdg_ldc,1998,19.297
unsdg_ldc,1999,19.096
unsdg_ldc,2000,17.052
unsdg_ldc,2001,16.107
unsdg_ldc,2002,15.357
unsdg_ldc,2003,14.670
unsdg_ldc,2004,14.081
unsdg_ldc,2005,13.606
unsdg_ldc,2006,13.026
unsdg_ldc,2007,12.327
unsdg_ldc,2008,11.712
unsdg_ldc,2009,12.019
unsdg_ldc,2010,11.360
unsdg_ldc,2011,10.603
unsdg_ldc,2012,10.386
unsdg_ldc,2013,9.2653
unsdg_ldc,2014,8.7755
unsdg_ldc,2015,8.7947
unsdg_ldc,2016,8.6157
unsdg_ldc,2017,8.3899
unsdg_ldc,2018,8.3011
unsdg_ldc,2019,7.5255
unsdg_ldc,2020,7.3639
unsdg_ldc,2021,6.8852
unsdg_ldc,2022,6.7922
unsdg_ldc,2023,7.1245
unsdg_ldc,2024,6.1792
unsdg_lldc,1991,23.245
unsdg_lldc,1992,22.723
unsdg_lldc,1993,23.004
unsdg_lldc,1994,22.703
unsdg_lldc,1995,23.418
unsdg_lldc,1996,20.028
unsdg_lldc,1997,19.508
unsdg_lldc,1998,18.831
unsdg_lldc,1999,19.553
unsdg_lldc,2000,16.652
unsdg_lldc,2001,15.804
unsdg_lldc,2002,15.108
unsdg_lldc,2003,14.409
unsdg_lldc,2004,13.626
unsdg_lldc,2005,12.976
unsdg_lldc,2006,12.338
unsdg_lldc,2007,11.706
unsdg_lldc,2008,11.105
unsdg_lldc,2009,10.519
unsdg_lldc,2010,11.517
unsdg_lldc,2011,9.4974
unsdg_lldc,2012,8.9412
unsdg_lldc,2013,8.4380
unsdg_lldc,2014,8.0952
unsdg_lldc,2015,8.4189
unsdg_lldc,2016,8.2553
unsdg_lldc,2017,8.0454
unsdg_lldc,2018,7.8316
unsdg_lldc,2019,6.6195
unsdg_lldc,2020,6.6023
unsdg_lldc,2021,5.9152
unsdg_lldc,2022,5.9299
unsdg_lldc,2023,6.4841
unsdg_lldc,2024,5.2312
unsdg_northafr,1991,7.3405
unsdg_northafr,1992,6.9995
unsdg_northafr,1993,6.6653
unsdg_northafr,1994,6.3485
unsdg_northafr,1995,6.0467
unsdg_northafr,1996,5.7531
unsdg_northafr,1997,5.4694
unsdg_northafr,1998,5.1980
unsdg_northafr,1999,4.9537
unsdg_northafr,2000,4.7250
unsdg_northafr,2001,4.5110
unsdg_northafr,2002,4.3089
unsdg_northafr,2003,4.1121
unsdg_northafr,2004,4.3313
unsdg_northafr,2005,4.5164
unsdg_northafr,2006,4.3967
unsdg_northafr,2007,3.6800
unsdg_northafr,2008,3.3234
unsdg_northafr,2009,3.4139
unsdg_northafr,2010,3.0946
unsdg_northafr,2011,2.9890
unsdg_northafr,2012,2.9150
unsdg_northafr,2013,2.7810
unsdg_northafr,2014,2.6748
unsdg_northafr,2015,2.5751
unsdg_northafr,2016,2.4687
unsdg_northafr,2017,2.3653
unsdg_northafr,2018,2.2691
unsdg_northafr,2019,2.1707
unsdg_northafr,2020,2.0967
unsdg_northafr,2021,2.0185
unsdg_northafr,2022,1.9454
unsdg_northafr,2023,1.8823
unsdg_northafr,2024,2.0900
unsdg_northernamr,1991,1.0924
unsdg_northernamr,1992,1.0626
unsdg_northernamr,1993,1.0346
unsdg_northernamr,1994,1.0093
unsdg_northernamr,1995,0.98416
unsdg_northernamr,1996,0.95650
unsdg_northernamr,1997,0.92616
unsdg_northernamr,1998,0.89278
unsdg_northernamr,1999,0.85754
unsdg_northernamr,2000,0.82289
unsdg_northernamr,2001,0.79194
unsdg_northernamr,2002,0.76514
unsdg_northernamr,2003,0.74244
unsdg_northernamr,2004,0.72294
unsdg_northernamr,2005,0.70469
unsdg_northernamr,2006,0.68473
unsdg_northernamr,2007,0.66342
unsdg_northernamr,2008,0.64031
unsdg_northernamr,2009,0.61768
unsdg_northernamr,2010,0.59637
unsdg_northernamr,2011,0.57920
unsdg_northernamr,2012,0.56610
unsdg_northernamr,2013,0.55794
unsdg_northernamr,2014,0.55404
unsdg_northernamr,2015,0.55320
unsdg_northernamr,2016,0.55412
unsdg_northernamr,2017,0.55583
unsdg_northernamr,2018,0.55770
unsdg_northernamr,2019,0.55987
unsdg_northernamr,2020,0.56282
unsdg_northernamr,2021,0.56780
unsdg_northernamr,2022,0.57414
unsdg_northernamr,2023,0.58042
unsdg_northernamr,2024,0.58497
unsdg_oceania,1991,2.8169
unsdg_oceania,1992,2.7667
unsdg_oceania,1993,2.7312
unsdg_oceania,1994,2.6960
unsdg_oceania,1995,2.6611
unsdg_oceania,1996,2.6207
unsdg_oceania,1997,2.5771
unsdg_oceania,1998,2.5301
unsdg_oceania,1999,2.9742
unsdg_oceania,2000,2.4523
unsdg_oceania,2001,2.4238
unsdg_oceania,2002,2.4001
unsdg_oceania,2003,2.3937
unsdg_oceania,2004,2.3548
unsdg_oceania,2005,2.3343
unsdg_oceania,2006,2.3125
unsdg_oceania,2007,2.2855
unsdg_oceania,2008,2.2719
unsdg_oceania,2009,2.2285
unsdg_oceania,2010,2.2291
unsdg_oceania,2011,2.1555
unsdg_oceania,2012,2.1128
unsdg_oceania,2013,2.0621
unsdg_oceania,2014,2.0109
unsdg_oceania,2015,1.9587
unsdg_oceania,2016,1.9103
unsdg_oceania,2017,1.8740
unsdg_oceania,2018,1.8226
unsdg_oceania,2019,1.7823
unsdg_oceania,2020,1.7478
unsdg_oceania,2021,1.7284
unsdg_oceania,2022,1.6815
unsdg_oceania,2023,1.6489
unsdg_oceania,2024,1.6181
unsdg_oceaniaexausnzl,1991,6.3607
unsdg_oceaniaexausnzl,1992,6.2438
unsdg_oceaniaexausnzl,1993,6.1344
unsdg_oceaniaexausnzl,1994,6.0255
unsdg_oceaniaexausnzl,1995,5.9237
unsdg_oceaniaexausnzl,1996,5.8229
unsdg_oceaniaexausnzl,1997,5.7251
unsdg_oceaniaexausnzl,1998,5.6230
unsdg_oceaniaexausnzl,1999,6.8387
unsdg_oceaniaexausnzl,2000,5.4434
unsdg_oceaniaexausnzl,2001,5.3570
unsdg_oceaniaexausnzl,2002,5.2649
unsdg_oceaniaexausnzl,2003,5.2234
unsdg_oceaniaexausnzl,2004,5.0958
unsdg_oceaniaexausnzl,2005,5.0122
unsdg_oceaniaexausnzl,2006,4.9245
unsdg_oceaniaexausnzl,2007,4.8335
unsdg_oceaniaexausnzl,2008,4.7725
unsdg_oceaniaexausnzl,2009,4.6509
unsdg_oceaniaexausnzl,2010,4.6389
unsdg_oceaniaexausnzl,2011,4.4533
unsdg_oceaniaexausnzl,2012,4.3546
unsdg_oceaniaexausnzl,2013,4.2560
unsdg_oceaniaexausnzl,2014,4.1595
unsdg_oceaniaexausnzl,2015,4.0711
unsdg_oceaniaexausnzl,2016,3.9801
unsdg_oceaniaexausnzl,2017,3.9128
unsdg_oceaniaexausnzl,2018,3.7920
unsdg_oceaniaexausnzl,2019,3.6923
unsdg_oceaniaexausnzl,2020,3.6008
unsdg_oceaniaexausnzl,2021,3.5430
unsdg_oceaniaexausnzl,2022,3.4147
unsdg_oceaniaexausnzl,2023,3.3143
unsdg_oceaniaexausnzl,2024,3.2154
unsdg_sids,1991,7.1387
unsdg_sids,1992,7.0065
unsdg_sids,1993,6.8435
unsdg_sids,1994,6.6948
unsdg_sids,1995,6.5430
unsdg_sids,1996,6.4530
unsdg_sids,1997,6.2601
unsdg_sids,1998,6.1746
unsdg_sids,1999,6.2631
unsdg_sids,2000,5.9299
unsdg_sids,2001,5.3835
unsdg_sids,2002,5.2601
unsdg_sids,2003,5.1458
unsdg_sids,2004,5.0125
unsdg_sids,2005,5.3058
unsdg_sids,2006,4.7438
unsdg_sids,2007,4.6211
unsdg_sids,2008,4.5021
unsdg_sids,2009,4.3704
unsdg_sids,2010,4.2646
unsdg_sids,2011,11.349
unsdg_sids,2012,4.1956
unsdg_sids,2013,3.9051
unsdg_sids,2014,3.7868
unsdg_sids,2015,3.6557
unsdg_sids,2016,3.5282
unsdg_sids,2017,3.4080
unsdg_sids,2018,3.2860
unsdg_sids,2019,3.1764
unsdg_sids,2020,3.1129
unsdg_sids,2021,3.0016
unsdg_sids,2022,3.0794
unsdg_sids,2023,2.8291
unsdg_sids,2024,2.7441
unsdg_southasia,1991,12.484
unsdg_southasia,1992,12.791
unsdg_southasia,1993,11.435
unsdg_southasia,1994,10.976
unsdg_southasia,1995,10.577
unsdg_southasia,1996,10.169
unsdg_southasia,1997,9.7482
unsdg_southasia,1998,9.2968
unsdg_southasia,1999,8.8581
unsdg_southasia,2000,8.3515
unsdg_southasia,2001,7.9360
unsdg_southasia,2002,7.5661
unsdg_southasia,2003,7.2319
unsdg_southasia,2004,6.9874
unsdg_southasia,2005,6.7310
unsdg_southasia,2006,6.6178
unsdg_southasia,2007,6.0902
unsdg_southasia,2008,5.7961
unsdg_southasia,2009,5.4829
unsdg_southasia,2010,5.1845
unsdg_southasia,2011,4.8256
unsdg_southasia,2012,4.4972
unsdg_southasia,2013,4.1810
unsdg_southasia,2014,3.8958
unsdg_southasia,2015,3.6210
unsdg_southasia,2016,3.3895
unsdg_southasia,2017,3.1194
unsdg_southasia,2018,2.8507
unsdg_southasia,2019,2.6239
unsdg_southasia,2020,2.4027
unsdg_southasia,2021,2.1961
unsdg_southasia,2022,2.0369
unsdg_southasia,2023,1.8697
unsdg_southasia,2024,1.7506
unsdg_southeasternasia,1991,8.1251
unsdg_southeasternasia,1992,7.9110
unsdg_southeasternasia,1993,7.4565
unsdg_southeasternasia,1994,7.1174
unsdg_southeasternasia,1995,6.8093
unsdg_southeasternasia,1996,6.5167
unsdg_southeasternasia,1997,6.2325
unsdg_southeasternasia,1998,5.9564
unsdg_southeasternasia,1999,5.6974
unsdg_southeasternasia,2000,5.4399
unsdg_southeasternasia,2001,5.1504
unsdg_southeasternasia,2002,4.9158
unsdg_southeasternasia,2003,4.6863
unsdg_southeasternasia,2004,4.4602
unsdg_southeasternasia,2005,5.7035
unsdg_southeasternasia,2006,4.0151
unsdg_southeasternasia,2007,3.7972
unsdg_southeasternasia,2008,3.5885
unsdg_southeasternasia,2009,4.9518
unsdg_southeasternasia,2010,3.2047
unsdg_southeasternasia,2011,3.0292
unsdg_southeasternasia,2012,2.8668
unsdg_southeasternasia,2013,2.7188
unsdg_southeasternasia,2014,2.6991
unsdg_southeasternasia,2015,2.4666
unsdg_southeasternasia,2016,2.3654
unsdg_southeasternasia,2017,2.2694
unsdg_southeasternasia,2018,2.1779
unsdg_southeasternasia,2019,2.0851
unsdg_southeasternasia,2020,2.0007
unsdg_southeasternasia,2021,1.9234
unsdg_southeasternasia,2022,1.8524
unsdg_southeasternasia,2023,1.7904
unsdg_southeasternasia,2024,1.7345
unsdg_subsaharanafrica,1991,24.613
unsdg_subsaharanafrica,1992,24.990
unsdg_subsaharanafrica,1993,25.109
unsdg_subsaharanafrica,1994,23.869
unsdg_subsaharanafrica,1995,24.085
unsdg_subsaharanafrica,1996,22.127
unsdg_subsaharanafrica,1997,21.617
unsdg_subsaharanafrica,1998,21.040
unsdg_subsaharanafrica,1999,21.073
unsdg_subsaharanafrica,2000,19.389
unsdg_subsaharanafrica,2001,18.652
unsdg_subsaharanafrica,2002,17.993
unsdg_subsaharanafrica,2003,17.340
unsdg_subsaharanafrica,2004,16.652
unsdg_subsaharanafrica,2005,15.989
unsdg_subsaharanafrica,2006,15.346
unsdg_subsaharanafrica,2007,14.715
unsdg_subsaharanafrica,2008,14.094
unsdg_subsaharanafrica,2009,13.499
unsdg_subsaharanafrica,2010,13.689
unsdg_subsaharanafrica,2011,12.523
unsdg_subsaharanafrica,2012,12.669
unsdg_subsaharanafrica,2013,11.537
unsdg_subsaharanafrica,2014,11.005
unsdg_subsaharanafrica,2015,10.945
unsdg_subsaharanafrica,2016,10.638
unsdg_subsaharanafrica,2017,10.377
unsdg_subsaharanafrica,2018,10.238
unsdg_subsaharanafrica,2019,9.4268
unsdg_subsaharanafrica,2020,9.2279
unsdg_subsaharanafrica,2021,8.7198
unsdg_subsaharanafrica,2022,8.5338
unsdg_subsaharanafrica,2023,8.8101
unsdg_subsaharanafrica,2024,7.8505
unsdg_westernasia,1991,6.3673
unsdg_westernasia,1992,5.6729
unsdg_westernasia,1993,5.0491
unsdg_westernasia,1994,4.8657
unsdg_westernasia,1995,4.7028
unsdg_westernasia,1996,4.5416
unsdg_westernasia,1997,4.3802
unsdg_westernasia,1998,4.2194
unsdg_westernasia,1999,4.0620
unsdg_westernasia,2000,4.2825
unsdg_westernasia,2001,3.7441
unsdg_westernasia,2002,3.5833
unsdg_westernasia,2003,3.4213
unsdg_westernasia,2004,3.2636
unsdg_westernasia,2005,3.1143
unsdg_westernasia,2006,2.9757
unsdg_westernasia,2007,2.8414
unsdg_westernasia,2008,2.7136
unsdg_westernasia,2009,2.5946
unsdg_westernasia,2010,2.4733
unsdg_westernasia,2011,2.3399
unsdg_westernasia,2012,2.3293
unsdg_westernasia,2013,2.6691
unsdg_westernasia,2014,2.6377
unsdg_westernasia,2015,2.5139
unsdg_westernasia,2016,2.5117
unsdg_westernasia,2017,2.2363
unsdg_westernasia,2018,2.1589
unsdg_westernasia,2019,2.1110
unsdg_westernasia,2020,1.8016
unsdg_westernasia,2021,1.6083
unsdg_westernasia,2022,1.5330
unsdg_westernasia,2023,1.4808
unsdg_westernasia,2024,2.3435
unsdg_westernasianorthernafr,1991,6.9843
unsdg_westernasianorthernafr,1992,6.4531
unsdg_westernasianorthernafr,1993,5.9575
unsdg_westernasianorthernafr,1994,5.6982
unsdg_westernasianorthernafr,1995,5.4591
unsdg_westernasianorthernafr,1996,5.2259
unsdg_westernasianorthernafr,1997,4.9990
unsdg_westernasianorthernafr,1998,4.7798
unsdg_westernasianorthernafr,1999,4.5758
unsdg_westernasianorthernafr,2000,4.5738
unsdg_westernasianorthernafr,2001,4.1898
unsdg_westernasianorthernafr,2002,4.0072
unsdg_westernasianorthernafr,2003,3.8280
unsdg_westernasianorthernafr,2004,3.8535
unsdg_westernasianorthernafr,2005,3.8697
unsdg_westernasianorthernafr,2006,3.7436
unsdg_westernasianorthernafr,2007,3.3225
unsdg_westernasianorthernafr,2008,3.0825
unsdg_westernasianorthernafr,2009,3.0722
unsdg_westernasianorthernafr,2010,2.8526
unsdg_westernasianorthernafr,2011,2.7358
unsdg_westernasianorthernafr,2012,2.6955
unsdg_westernasianorthernafr,2013,2.8044
unsdg_westernasianorthernafr,2014,2.7360
unsdg_westernasianorthernafr,2015,2.6271
unsdg_westernasianorthernafr,2016,2.5804
unsdg_westernasianorthernafr,2017,2.3911
unsdg_westernasianorthernafr,2018,2.3025
unsdg_westernasianorthernafr,2019,2.2343
unsdg_westernasianorthernafr,2020,2.0439
unsdg_westernasianorthernafr,2021,1.9037
unsdg_westernasianorthernafr,2022,1.8334
unsdg_westernasianorthernafr,2023,1.7770
unsdg_westernasianorthernafr,2024,2.3240
ury,1991,1.4435
ury,1992,1.4207
ury,1993,1.3983
ury,1994,1.3726
ury,1995,1.3452
ury,1996,1.3164
ury,1997,1.2869
ury,1998,1.2559
ury,1999,1.2238
ury,2000,1.1913
ury,2001,1.1589
ury,2002,1.1278
ury,2003,1.0963
ury,2004,1.0667
ury,2005,1.0373
ury,2006,1.0092
ury,2007,0.98131
ury,2008,0.95389
ury,2009,0.92694
ury,2010,0.90065
ury,2011,0.87398
ury,2012,0.84755
ury,2013,0.82144
ury,2014,0.79644
ury,2015,0.77144
ury,2016,0.74720
ury,2017,0.72397
ury,2018,0.70159
ury,2019,0.68006
ury,2020,0.65963
ury,2021,0.64039
ury,2022,0.62189
ury,2023,0.60315
ury,2024,0.58431
usa,1991,1.1032
usa,1992,1.0743
usa,1993,1.0474
usa,1994,1.0236
usa,1995,0.99911
usa,1996,0.97199
usa,1997,0.94185
usa,1998,0.90829
usa,1999,0.87269
usa,2000,0.83787
usa,2001,0.80684
usa,2002,0.78036
usa,2003,0.75773
usa,2004,0.73833
usa,2005,0.71957
usa,2006,0.69891
usa,2007,0.67647
usa,2008,0.65255
usa,2009,0.62888
usa,2010,0.60722
usa,2011,0.58967
usa,2012,0.57662
usa,2013,0.56861
usa,2014,0.56524
usa,2015,0.56524
usa,2016,0.56690
usa,2017,0.56955
usa,2018,0.57235
usa,2019,0.57514
usa,2020,0.57870
usa,2021,0.58406
usa,2022,0.59088
usa,2023,0.59716
usa,2024,0.60167
uzb,1991,3.5392
uzb,1992,3.5504
uzb,1993,3.5544
uzb,1994,3.5429
uzb,1995,3.5056
uzb,1996,3.4323
uzb,1997,3.3236
uzb,1998,3.1843
uzb,1999,3.0204
uzb,2000,2.8383
uzb,2001,2.6473
uzb,2002,2.4603
uzb,2003,2.2910
uzb,2004,2.1486
uzb,2005,2.0361
uzb,2006,1.9548
uzb,2007,1.9021
uzb,2008,1.8747
uzb,2009,1.8680
uzb,2010,1.8747
uzb,2011,1.8893
uzb,2012,1.9032
uzb,2013,1.9103
uzb,2014,1.9058
uzb,2015,1.8892
uzb,2016,1.8606
uzb,2017,1.8232
uzb,2018,1.7807
uzb,2019,1.7454
uzb,2020,1.7468
uzb,2021,1.8140
uzb,2022,1.9567
uzb,2023,2.1787
uzb,2024,2.4716
vct,1991,1.8250
vct,1992,1.8125
vct,1993,1.7983
vct,1994,1.7872
vct,1995,1.7764
vct,1996,1.7659
vct,1997,1.7535
vct,1998,1.7436
vct,1999,1.7325
vct,2000,1.7197
vct,2001,1.7040
vct,2002,1.6917
vct,2003,1.6769
vct,2004,1.6642
vct,2005,1.6491
vct,2006,1.6325
vct,2007,1.6111
vct,2008,1.5892
vct,2009,1.5666
vct,2010,1.5360
vct,2011,1.5027
vct,2012,1.4644
vct,2013,1.4257
vct,2014,1.3859
vct,2015,1.3403
vct,2016,1.2960
vct,2017,1.2495
vct,2018,1.1987
vct,2019,1.1515
vct,2020,1.1048
vct,2021,1.0584
vct,2022,1.0099
vct,2023,0.96816
vct,2024,0.92883
ven,1991,2.1148
ven,1992,2.0511
ven,1993,1.9940
ven,1994,1.9444
ven,1995,1.9022
ven,1996,1.8654
ven,1997,1.8316
ven,1998,1.8032
ven,1999,1.7845
ven,2000,1.7758
ven,2001,1.7756
ven,2002,1.7823
ven,2003,1.7876
ven,2004,1.7835
ven,2005,1.7648
ven,2006,1.7340
ven,2007,1.6947
ven,2008,1.6479
ven,2009,1.5937
ven,2010,1.5353
ven,2011,1.4796
ven,2012,1.4325
ven,2013,1.3962
ven,2014,1.3712
ven,2015,1.3560
ven,2016,1.3456
ven,2017,1.3262
ven,2018,1.5128
ven,2019,1.4747
ven,2020,1.2122
ven,2021,1.1644
ven,2022,1.1240
ven,2023,1.0842
ven,2024,1.0434
vgb,1991,1.4115
vgb,1992,1.3604
vgb,1993,1.3146
vgb,1994,1.2733
vgb,1995,1.2383
vgb,1996,1.2068
vgb,1997,1.1797
vgb,1998,1.1566
vgb,1999,1.1359
vgb,2000,1.1174
vgb,2001,1.1016
vgb,2002,1.0892
vgb,2003,1.0761
vgb,2004,1.0653
vgb,2005,1.0561
vgb,2006,1.0502
vgb,2007,1.0460
vgb,2008,1.0418
vgb,2009,1.0399
vgb,2010,1.0390
vgb,2011,1.0371
vgb,2012,1.0371
vgb,2013,1.0377
vgb,2014,1.0391
vgb,2015,1.0364
vgb,2016,1.0305
vgb,2017,1.0176
vgb,2018,1.0023
vgb,2019,0.98365
vgb,2020,0.96489
vgb,2021,0.94628
vgb,2022,0.92450
vgb,2023,0.90346
vgb,2024,0.88134
vnm,1991,6.3877
vnm,1992,5.9880
vnm,1993,5.6036
vnm,1994,5.2452
vnm,1995,4.8952
vnm,1996,4.5637
vnm,1997,4.2546
vnm,1998,3.9614
vnm,1999,3.6912
vnm,2000,3.4334
vnm,2001,3.1980
vnm,2002,2.9768
vnm,2003,2.7767
vnm,2004,2.5906
vnm,2005,2.4254
vnm,2006,2.2756
vnm,2007,2.1326
vnm,2008,2.0077
vnm,2009,1.8931
vnm,2010,1.7889
vnm,2011,1.6911
vnm,2012,1.6033
vnm,2013,1.5230
vnm,2014,1.4442
vnm,2015,1.3692
vnm,2016,1.2901
vnm,2017,1.2162
vnm,2018,1.1399
vnm,2019,1.0664
vnm,2020,0.99190
vnm,2021,0.92296
vnm,2022,0.86036
vnm,2023,0.80517
vnm,2024,0.75643
vut,1991,3.1022
vut,1992,2.9802
vut,1993,2.8712
vut,1994,2.7780
vut,1995,2.7000
vut,1996,2.6312
vut,1997,2.5728
vut,1998,2.5198
vut,1999,2.4676
vut,2000,2.4205
vut,2001,2.3743
vut,2002,2.3337
vut,2003,2.2961
vut,2004,2.2593
vut,2005,2.2241
vut,2006,2.1867
vut,2007,2.1453
vut,2008,2.0945
vut,2009,2.0374
vut,2010,1.9754
vut,2011,1.9120
vut,2012,1.8521
vut,2013,1.8011
vut,2014,1.7603
vut,2015,1.7259
vut,2016,1.6999
vut,2017,1.6798
vut,2018,1.6620
vut,2019,1.6465
vut,2020,1.6307
vut,2021,1.6154
vut,2022,1.5951
vut,2023,1.5723
vut,2024,1.5423
wb_hi,1991,1.4991
wb_hi,1992,1.4707
wb_hi,1993,1.4411
wb_hi,1994,1.4090
wb_hi,1995,1.3724
wb_hi,1996,1.3420
wb_hi,1997,1.2755
wb_hi,1998,1.2113
wb_hi,1999,1.1393
wb_hi,2000,1.0705
wb_hi,2001,1.0131
wb_hi,2002,0.96494
wb_hi,2003,0.92261
wb_hi,2004,0.88532
wb_hi,2005,0.84754
wb_hi,2006,0.81058
wb_hi,2007,0.77585
wb_hi,2008,0.74510
wb_hi,2009,0.71552
wb_hi,2010,0.68903
wb_hi,2011,0.66478
wb_hi,2012,0.69210
wb_hi,2013,0.62353
wb_hi,2014,0.60733
wb_hi,2015,0.59302
wb_hi,2016,0.57918
wb_hi,2017,0.56607
wb_hi,2018,0.55344
wb_hi,2019,0.54128
wb_hi,2020,0.53297
wb_hi,2021,0.52220
wb_hi,2022,0.51554
wb_hi,2023,0.51072
wb_hi,2024,0.50486
wb_li,1991,27.394
wb_li,1992,28.377
wb_li,1993,28.356
wb_li,1994,26.205
wb_li,1995,26.567
wb_li,1996,23.506
wb_li,1997,22.712
wb_li,1998,21.824
wb_li,1999,22.148
wb_li,2000,19.412
wb_li,2001,18.413
wb_li,2002,17.565
wb_li,2003,16.733
wb_li,2004,15.806
wb_li,2005,15.186
wb_li,2006,14.464
wb_li,2007,13.550
wb_li,2008,12.802
wb_li,2009,12.240
wb_li,2010,12.778
wb_li,2011,11.210
wb_li,2012,11.729
wb_li,2013,10.325
wb_li,2014,9.7677
wb_li,2015,9.9172
wb_li,2016,9.6971
wb_li,2017,9.4358
wb_li,2018,9.3610
wb_li,2019,8.2714
wb_li,2020,8.0557
wb_li,2021,7.4022
wb_li,2022,7.3452
wb_li,2023,7.9364
wb_li,2024,6.6317
wb_lmi,1991,13.132
wb_lmi,1992,13.365
wb_lmi,1993,12.359
wb_lmi,1994,11.934
wb_lmi,1995,11.567
wb_lmi,1996,11.188
wb_lmi,1997,10.801
wb_lmi,1998,10.386
wb_lmi,1999,10.025
wb_lmi,2000,9.5198
wb_lmi,2001,9.1166
wb_lmi,2002,8.7566
wb_lmi,2003,8.4296
wb_lmi,2004,8.1229
wb_lmi,2005,7.9038
wb_lmi,2006,7.7295
wb_lmi,2007,7.2809
wb_lmi,2008,6.9920
wb_lmi,2009,7.0420
wb_lmi,2010,6.4255
wb_lmi,2011,6.2822
wb_lmi,2012,5.8438
wb_lmi,2013,5.5796
wb_lmi,2014,5.3537
wb_lmi,2015,5.1002
wb_lmi,2016,4.8927
wb_lmi,2017,4.6701
wb_lmi,2018,4.4669
wb_lmi,2019,4.2642
wb_lmi,2020,4.0873
wb_lmi,2021,3.9058
wb_lmi,2022,3.7540
wb_lmi,2023,3.6116
wb_lmi,2024,3.5213
wb_umi,1991,4.3221
wb_umi,1992,3.9469
wb_umi,1993,3.7490
wb_umi,1994,3.5837
wb_umi,1995,3.4071
wb_umi,1996,3.2610
wb_umi,1997,3.1255
wb_umi,1998,3.0111
wb_umi,1999,2.9055
wb_umi,2000,2.8422
wb_umi,2001,2.7214
wb_umi,2002,2.6461
wb_umi,2003,2.5624
wb_umi,2004,2.5432
wb_umi,2005,2.8187
wb_umi,2006,2.3270
wb_umi,2007,2.2347
wb_umi,2008,2.1482
wb_umi,2009,2.0642
wb_umi,2010,1.9815
wb_umi,2011,1.8968
wb_umi,2012,1.8196
wb_umi,2013,1.7339
wb_umi,2014,1.6557
wb_umi,2015,1.5827
wb_umi,2016,1.5130
wb_umi,2017,1.4522
wb_umi,2018,1.3916
wb_umi,2019,1.3356
wb_umi,2020,1.2987
wb_umi,2021,1.2562
wb_umi,2022,1.2142
wb_umi,2023,1.1774
wb_umi,2024,1.2542
world,1991,9.3421
world,1992,9.3855
world,1993,8.9313
world,1994,8.5514
world,1995,8.3806
world,1996,7.9452
world,1997,7.7169
world,1998,7.5114
world,1999,7.4446
world,2000,7.0518
world,2001,6.8413
world,2002,6.6651
world,2003,6.4765
world,2004,6.2970
world,2005,6.2810
world,2006,6.0019
world,2007,5.7056
world,2008,5.5009
world,2009,5.4683
world,2010,5.2505
world,2011,4.9933
world,2012,4.8593
world,2013,4.5342
world,2014,4.3444
world,2015,4.2312
world,2016,4.0983
world,2017,3.9524
world,2018,3.8441
world,2019,3.5984
world,2020,3.4880
world,2021,3.3167
world,2022,3.2419
world,2023,3.2762
world,2024,3.0885
wsm,1991,1.3081
wsm,1992,1.4299
wsm,1993,1.5531
wsm,1994,1.6537
wsm,1995,1.7713
wsm,1996,1.8870
wsm,1997,1.9895
wsm,1998,2.0874
wsm,1999,2.1801
wsm,2000,2.2353
wsm,2001,2.2463
wsm,2002,2.2289
wsm,2003,2.2048
wsm,2004,2.1580
wsm,2005,2.1068
wsm,2006,2.0501
wsm,2007,1.9781
wsm,2008,1.9017
wsm,2009,1.8203
wsm,2010,4.7879
wsm,2011,1.6255
wsm,2012,1.5208
wsm,2013,1.4144
wsm,2014,1.3063
wsm,2015,1.1889
wsm,2016,1.0727
wsm,2017,0.96515
wsm,2018,0.86595
wsm,2019,0.78430
wsm,2020,0.71771
wsm,2021,0.66084
wsm,2022,0.61624
wsm,2023,0.57643
wsm,2024,0.54285
yem,1991,10.072
yem,1992,9.7018
yem,1993,9.3219
yem,1994,8.9768
yem,1995,8.6347
yem,1996,8.2862
yem,1997,7.9413
yem,1998,7.5858
yem,1999,7.2371
yem,2000,6.8902
yem,2001,6.5274
yem,2002,6.1841
yem,2003,5.8464
yem,2004,5.5092
yem,2005,5.1876
yem,2006,4.8824
yem,2007,4.5981
yem,2008,4.3125
yem,2009,4.0488
yem,2010,3.8203
yem,2011,3.6129
yem,2012,3.4726
yem,2013,3.3556
yem,2014,3.1096
yem,2015,3.0312
yem,2016,3.2976
yem,2017,3.0939
yem,2018,2.9103
yem,2019,3.0734
yem,2020,2.9415
yem,2021,2.4271
yem,2022,2.3562
yem,2023,2.1437
yem,2024,1.9440
zaf,1991,3.5583
zaf,1992,3.7150
zaf,1993,3.8630
zaf,1994,4.0295
zaf,1995,4.1999
zaf,1996,4.3864
zaf,1997,4.5814
zaf,1998,4.8283
zaf,1999,5.1237
zaf,2000,5.4649
zaf,2001,5.8562
zaf,2002,6.2868
zaf,2003,6.6915
zaf,2004,7.0470
zaf,2005,7.2855
zaf,2006,7.3775
zaf,2007,7.2981
zaf,2008,7.0760
zaf,2009,6.7185
zaf,2010,6.2776
zaf,2011,5.7964
zaf,2012,5.2850
zaf,2013,4.7690
zaf,2014,4.2588
zaf,2015,3.7965
zaf,2016,3.4158
zaf,2017,3.1221
zaf,2018,2.9065
zaf,2019,2.7508
zaf,2020,2.6403
zaf,2021,2.5565
zaf,2022,2.4823
zaf,2023,2.4126
zaf,2024,2.3391
zmb,1991,14.825
zmb,1992,14.910
zmb,1993,14.908
zmb,1994,14.835
zmb,1995,14.703
zmb,1996,14.527
zmb,1997,14.283
zmb,1998,14.037
zmb,1999,13.720
zmb,2000,13.353
zmb,2001,12.958
zmb,2002,12.525
zmb,2003,12.059
zmb,2004,11.577
zmb,2005,11.082
zmb,2006,10.543
zmb,2007,10.034
zmb,2008,9.5117
zmb,2009,9.0368
zmb,2010,8.5764
zmb,2011,8.1278
zmb,2012,7.6881
zmb,2013,7.2425
zmb,2014,6.7465
zmb,2015,6.2656
zmb,2016,5.7343
zmb,2017,5.1921
zmb,2018,4.6523
zmb,2019,4.1878
zmb,2020,3.8332
zmb,2021,3.5226
zmb,2022,3.2510
zmb,2023,3.0318
zmb,2024,2.8427
zwe,1991,6.7891
zwe,1992,6.7930
zwe,1993,6.8090
zwe,1994,6.8349
zwe,1995,6.8455
zwe,1996,6.8526
zwe,1997,6.8819
zwe,1998,6.9412
zwe,1999,6.9982
zwe,2000,7.0530
zwe,2001,7.1299
zwe,2002,7.2095
zwe,2003,7.2809
zwe,2004,7.3398
zwe,2005,7.3948
zwe,2006,7.3940
zwe,2007,7.3615
zwe,2008,7.2453
zwe,2009,7.0542
zwe,2010,6.8063
zwe,2011,6.5095
zwe,2012,6.1674
zwe,2013,5.7782
zwe,2014,5.3390
zwe,2015,4.8514
zwe,2016,4.3159
zwe,2017,3.7741
zwe,2018,3.2643
zwe,2019,2.8706
zwe,2020,2.5666
zwe,2021,2.2906
zwe,2022,2.0864
zwe,2023,1.9086
zwe,2024,1.7813
