geo,year,deaths_5_14_lower
afg,1991,6760.0
afg,1992,6426.0
afg,1993,6053.0
afg,1994,4319.0
afg,1995,4379.0
afg,1996,4316.0
afg,1997,4248.0
afg,1998,4252.0
afg,1999,6102.0
afg,2000,4410.0
afg,2001,4411.0
afg,2002,4425.0
afg,2003,4667.0
afg,2004,5036.0
afg,2005,5349.0
afg,2006,5784.0
afg,2007,6300.0
afg,2008,6657.0
afg,2009,6882.0
afg,2010,7044.0
afg,2011,7009.0
afg,2012,6861.0
afg,2013,6583.0
afg,2014,6800.0
afg,2015,6690.0
afg,2016,6684.0
afg,2017,6342.0
afg,2018,4717.0
afg,2019,4524.0
afg,2020,4346.0
afg,2021,4211.0
afg,2022,4753.0
afg,2023,3839.0
afg,2024,3724.0
ago,1991,13880
ago,1992,12386
ago,1993,15146
ago,1994,13395
ago,1995,13909
ago,1996,14388
ago,1997,14817
ago,1998,15169
ago,1999,15427
ago,2000,15614
ago,2001,15722
ago,2002,15735
ago,2003,15657
ago,2004,15504
ago,2005,15270
ago,2006,14994
ago,2007,14630
ago,2008,14261
ago,2009,13910
ago,2010,13563
ago,2011,13221
ago,2012,12911
ago,2013,12618
ago,2014,12371
ago,2015,12199
ago,2016,12101
ago,2017,12032
ago,2018,11997
ago,2019,11979
ago,2020,11971
ago,2021,11944
ago,2022,11902
ago,2023,11832
ago,2024,11747
aia,1991,0.0000
aia,1992,0.0000
aia,1993,0.0000
aia,1994,0.0000
aia,1995,0.0000
aia,1996,0.0000
aia,1997,0.0000
aia,1998,0.0000
aia,1999,0.0000
aia,2000,0.0000
aia,2001,0.0000
aia,2002,0.0000
aia,2003,0.0000
aia,2004,0.0000
aia,2005,0.0000
aia,2006,0.0000
aia,2007,0.0000
aia,2008,0.0000
aia,2009,0.0000
aia,2010,0.0000
aia,2011,0.0000
aia,2012,0.0000
aia,2013,0.0000
aia,2014,0.0000
aia,2015,0.0000
aia,2016,0.0000
aia,2017,0.0000
aia,2018,0.0000
aia,2019,0.0000
aia,2020,0.0000
aia,2021,0.0000
aia,2022,0.0000
aia,2023,0.0000
aia,2024,0.0000
alb,1991,422.00
alb,1992,397.00
alb,1993,372.00
alb,1994,350.00
alb,1995,330.00
alb,1996,313.00
alb,1997,298.00
alb,1998,346.00
alb,1999,269.00
alb,2000,256.00
alb,2001,243.00
alb,2002,230.00
alb,2003,217.00
alb,2004,204.00
alb,2005,190.00
alb,2006,177.00
alb,2007,164.00
alb,2008,152.00
alb,2009,140.00
alb,2010,129.00
alb,2011,118.00
alb,2012,109.00
alb,2013,101.00
alb,2014,94.000
alb,2015,87.000
alb,2016,81.000
alb,2017,76.000
alb,2018,71.000
alb,2019,67.000
alb,2020,63.000
alb,2021,59.000
alb,2022,55.000
alb,2023,51.000
alb,2024,47.000
and,1991,0.0000
and,1992,0.0000
and,1993,0.0000
and,1994,0.0000
and,1995,0.0000
and,1996,0.0000
and,1997,0.0000
and,1998,0.0000
and,1999,0.0000
and,2000,0.0000
and,2001,0.0000
and,2002,0.0000
and,2003,0.0000
and,2004,0.0000
and,2005,0.0000
and,2006,0.0000
and,2007,0.0000
and,2008,0.0000
and,2009,0.0000
and,2010,0.0000
and,2011,0.0000
and,2012,0.0000
and,2013,0.0000
and,2014,0.0000
and,2015,0.0000
and,2016,0.0000
and,2017,0.0000
and,2018,0.0000
and,2019,0.0000
and,2020,0.0000
and,2021,0.0000
and,2022,0.0000
and,2023,0.0000
and,2024,0.0000
are,1991,89.000
are,1992,88.000
are,1993,88.000
are,1994,88.000
are,1995,88.000
are,1996,88.000
are,1997,90.000
are,1998,92.000
are,1999,92.000
are,2000,90.000
are,2001,88.000
are,2002,86.000
are,2003,86.000
are,2004,87.000
are,2005,88.000
are,2006,91.000
are,2007,96.000
are,2008,106.00
are,2009,117.00
are,2010,124.00
are,2011,126.00
are,2012,128.00
are,2013,130.00
are,2014,133.00
are,2015,136.00
are,2016,139.00
are,2017,140.00
are,2018,137.00
are,2019,131.00
are,2020,125.00
are,2021,120.00
are,2022,118.00
are,2023,118.00
are,2024,116.00
arg,1991,2200.0
arg,1992,2178.0
arg,1993,2145.0
arg,1994,2106.0
arg,1995,2065.0
arg,1996,2026.0
arg,1997,1994.0
arg,1998,1965.0
arg,1999,1941.0
arg,2000,1921.0
arg,2001,1910.0
arg,2002,1906.0
arg,2003,1904.0
arg,2004,1899.0
arg,2005,1895.0
arg,2006,1893.0
arg,2007,1890.0
arg,2008,1879.0
arg,2009,1854.0
arg,2010,1818.0
arg,2011,1774.0
arg,2012,1723.0
arg,2013,1664.0
arg,2014,1601.0
arg,2015,1536.0
arg,2016,1474.0
arg,2017,1420.0
arg,2018,1370.0
arg,2019,1333.0
arg,2020,1321.0
arg,2021,1338.0
arg,2022,1371.0
arg,2023,1400.0
arg,2024,1420.0
arm,1991,216.00
arm,1992,206.00
arm,1993,194.00
arm,1994,183.00
arm,1995,173.00
arm,1996,164.00
arm,1997,156.00
arm,1998,148.00
arm,1999,136.00
arm,2000,121.00
arm,2001,109.00
arm,2002,99.000
arm,2003,93.000
arm,2004,88.000
arm,2005,84.000
arm,2006,79.000
arm,2007,75.000
arm,2008,72.000
arm,2009,70.000
arm,2010,69.000
arm,2011,69.000
arm,2012,69.000
arm,2013,69.000
arm,2014,70.000
arm,2015,71.000
arm,2016,72.000
arm,2017,73.000
arm,2018,75.000
arm,2019,76.000
arm,2020,76.000
arm,2021,76.000
arm,2022,76.000
arm,2023,76.000
arm,2024,76.000
atg,1991,3.0000
atg,1992,3.0000
atg,1993,4.0000
atg,1994,4.0000
atg,1995,4.0000
atg,1996,4.0000
atg,1997,4.0000
atg,1998,4.0000
atg,1999,4.0000
atg,2000,4.0000
atg,2001,4.0000
atg,2002,4.0000
atg,2003,4.0000
atg,2004,4.0000
atg,2005,4.0000
atg,2006,4.0000
atg,2007,4.0000
atg,2008,3.0000
atg,2009,3.0000
atg,2010,3.0000
atg,2011,3.0000
atg,2012,3.0000
atg,2013,3.0000
atg,2014,3.0000
atg,2015,3.0000
atg,2016,2.0000
atg,2017,2.0000
atg,2018,2.0000
atg,2019,2.0000
atg,2020,2.0000
atg,2021,2.0000
atg,2022,1.0000
atg,2023,1.0000
atg,2024,1.0000
aus,1991,465.00
aus,1992,453.00
aus,1993,441.00
aus,1994,429.00
aus,1995,418.00
aus,1996,408.00
aus,1997,397.00
aus,1998,385.00
aus,1999,372.00
aus,2000,360.00
aus,2001,348.00
aus,2002,336.00
aus,2003,324.00
aus,2004,312.00
aus,2005,300.00
aus,2006,291.00
aus,2007,282.00
aus,2008,276.00
aus,2009,271.00
aus,2010,267.00
aus,2011,263.00
aus,2012,260.00
aus,2013,258.00
aus,2014,256.00
aus,2015,255.00
aus,2016,254.00
aus,2017,254.00
aus,2018,254.00
aus,2019,256.00
aus,2020,258.00
aus,2021,260.00
aus,2022,260.00
aus,2023,257.00
aus,2024,253.00
aut,1991,160.00
aut,1992,156.00
aut,1993,152.00
aut,1994,148.00
aut,1995,144.00
aut,1996,139.00
aut,1997,134.00
aut,1998,129.00
aut,1999,124.00
aut,2000,120.00
aut,2001,116.00
aut,2002,112.00
aut,2003,108.00
aut,2004,104.00
aut,2005,100.00
aut,2006,96.000
aut,2007,92.000
aut,2008,88.000
aut,2009,84.000
aut,2010,81.000
aut,2011,78.000
aut,2012,75.000
aut,2013,73.000
aut,2014,71.000
aut,2015,69.000
aut,2016,68.000
aut,2017,68.000
aut,2018,67.000
aut,2019,66.000
aut,2020,65.000
aut,2021,64.000
aut,2022,62.000
aut,2023,62.000
aut,2024,61.000
aze,1991,749.00
aze,1992,800.00
aze,1993,963.00
aze,1994,895.00
aze,1995,935.00
aze,1996,958.00
aze,1997,966.00
aze,1998,967.00
aze,1999,966.00
aze,2000,957.00
aze,2001,937.00
aze,2002,906.00
aze,2003,861.00
aze,2004,798.00
aze,2005,725.00
aze,2006,651.00
aze,2007,578.00
aze,2008,511.00
aze,2009,456.00
aze,2010,415.00
aze,2011,389.00
aze,2012,374.00
aze,2013,369.00
aze,2014,372.00
aze,2015,379.00
aze,2016,389.00
aze,2017,407.00
aze,2018,428.00
aze,2019,447.00
aze,2020,461.00
aze,2021,524.00
aze,2022,479.00
aze,2023,481.00
aze,2024,475.00
bdi,1991,8405.0
bdi,1992,9061.0
bdi,1993,9603.0
bdi,1994,17268
bdi,1995,10249
bdi,1996,10527
bdi,1997,10609
bdi,1998,10623
bdi,1999,10641
bdi,2000,10344
bdi,2001,9906.0
bdi,2002,9489.0
bdi,2003,8916.0
bdi,2004,8197.0
bdi,2005,7485.0
bdi,2006,6806.0
bdi,2007,6096.0
bdi,2008,5558.0
bdi,2009,5193.0
bdi,2010,4997.0
bdi,2011,4917.0
bdi,2012,4910.0
bdi,2013,4983.0
bdi,2014,5098.0
bdi,2015,5195.0
bdi,2016,5266.0
bdi,2017,5282.0
bdi,2018,5266.0
bdi,2019,5206.0
bdi,2020,5129.0
bdi,2021,4992.0
bdi,2022,4873.0
bdi,2023,4660.0
bdi,2024,4468.0
bel,1991,242.00
bel,1992,233.00
bel,1993,225.00
bel,1994,217.00
bel,1995,209.00
bel,1996,202.00
bel,1997,195.00
bel,1998,189.00
bel,1999,183.00
bel,2000,177.00
bel,2001,170.00
bel,2002,164.00
bel,2003,158.00
bel,2004,152.00
bel,2005,146.00
bel,2006,141.00
bel,2007,135.00
bel,2008,130.00
bel,2009,126.00
bel,2010,122.00
bel,2011,120.00
bel,2012,118.00
bel,2013,115.00
bel,2014,113.00
bel,2015,111.00
bel,2016,109.00
bel,2017,107.00
bel,2018,105.00
bel,2019,103.00
bel,2020,100.00
bel,2021,97.000
bel,2022,94.000
bel,2023,90.000
bel,2024,86.000
ben,1991,5561.0
ben,1992,5572.0
ben,1993,5571.0
ben,1994,5593.0
ben,1995,5606.0
ben,1996,5600.0
ben,1997,5597.0
ben,1998,5604.0
ben,1999,5606.0
ben,2000,5645.0
ben,2001,5690.0
ben,2002,5725.0
ben,2003,5752.0
ben,2004,5786.0
ben,2005,5811.0
ben,2006,5824.0
ben,2007,5834.0
ben,2008,5854.0
ben,2009,5866.0
ben,2010,5876.0
ben,2011,5881.0
ben,2012,5911.0
ben,2013,5936.0
ben,2014,5941.0
ben,2015,5937.0
ben,2016,5924.0
ben,2017,5911.0
ben,2018,5892.0
ben,2019,5867.0
ben,2020,5850.0
ben,2021,5817.0
ben,2022,5785.0
ben,2023,5737.0
ben,2024,5643.0
bfa,1991,8720.0
bfa,1992,8991.0
bfa,1993,9262.0
bfa,1994,9525.0
bfa,1995,9770.0
bfa,1996,9971.0
bfa,1997,10135
bfa,1998,10247
bfa,1999,10270
bfa,2000,10284
bfa,2001,10237
bfa,2002,10138
bfa,2003,9984.0
bfa,2004,9807.0
bfa,2005,9611.0
bfa,2006,9369.0
bfa,2007,9086.0
bfa,2008,8766.0
bfa,2009,8437.0
bfa,2010,8087.0
bfa,2011,7748.0
bfa,2012,7393.0
bfa,2013,7044.0
bfa,2014,6686.0
bfa,2015,6350.0
bfa,2016,6013.0
bfa,2017,5668.0
bfa,2018,5334.0
bfa,2019,4984.0
bfa,2020,4628.0
bfa,2021,4311.0
bfa,2022,4064.0
bfa,2023,3845.0
bfa,2024,3621.0
bgd,1991,69257
bgd,1992,107710
bgd,1993,65452
bgd,1994,64560
bgd,1995,63498
bgd,1996,61595
bgd,1997,58223
bgd,1998,52779
bgd,1999,46077
bgd,2000,38673
bgd,2001,32768
bgd,2002,29827
bgd,2003,29178
bgd,2004,30361
bgd,2005,32378
bgd,2006,34171
bgd,2007,35281
bgd,2008,35309
bgd,2009,34213
bgd,2010,32055
bgd,2011,29378
bgd,2012,26764
bgd,2013,24146
bgd,2014,21887
bgd,2015,20036
bgd,2016,18712
bgd,2017,17910
bgd,2018,17177
bgd,2019,16541
bgd,2020,15897
bgd,2021,15145
bgd,2022,14029
bgd,2023,12517
bgd,2024,11018
bgr,1991,478.00
bgr,1992,458.00
bgr,1993,438.00
bgr,1994,421.00
bgr,1995,408.00
bgr,1996,394.00
bgr,1997,377.00
bgr,1998,358.00
bgr,1999,337.00
bgr,2000,312.00
bgr,2001,283.00
bgr,2002,256.00
bgr,2003,233.00
bgr,2004,217.00
bgr,2005,205.00
bgr,2006,195.00
bgr,2007,184.00
bgr,2008,173.00
bgr,2009,163.00
bgr,2010,155.00
bgr,2011,147.00
bgr,2012,141.00
bgr,2013,134.00
bgr,2014,128.00
bgr,2015,123.00
bgr,2016,118.00
bgr,2017,115.00
bgr,2018,112.00
bgr,2019,111.00
bgr,2020,110.00
bgr,2021,109.00
bgr,2022,107.00
bgr,2023,104.00
bgr,2024,100.00
bhr,1991,35.000
bhr,1992,37.000
bhr,1993,39.000
bhr,1994,40.000
bhr,1995,40.000
bhr,1996,40.000
bhr,1997,40.000
bhr,1998,39.000
bhr,1999,39.000
bhr,2000,39.000
bhr,2001,39.000
bhr,2002,39.000
bhr,2003,39.000
bhr,2004,38.000
bhr,2005,37.000
bhr,2006,36.000
bhr,2007,35.000
bhr,2008,34.000
bhr,2009,34.000
bhr,2010,34.000
bhr,2011,33.000
bhr,2012,32.000
bhr,2013,31.000
bhr,2014,31.000
bhr,2015,33.000
bhr,2016,34.000
bhr,2017,35.000
bhr,2018,35.000
bhr,2019,35.000
bhr,2020,35.000
bhr,2021,34.000
bhr,2022,33.000
bhr,2023,33.000
bhr,2024,33.000
bhs,1991,17.000
bhs,1992,18.000
bhs,1993,19.000
bhs,1994,20.000
bhs,1995,21.000
bhs,1996,21.000
bhs,1997,22.000
bhs,1998,23.000
bhs,1999,24.000
bhs,2000,24.000
bhs,2001,25.000
bhs,2002,25.000
bhs,2003,24.000
bhs,2004,24.000
bhs,2005,23.000
bhs,2006,22.000
bhs,2007,22.000
bhs,2008,21.000
bhs,2009,20.000
bhs,2010,19.000
bhs,2011,18.000
bhs,2012,17.000
bhs,2013,17.000
bhs,2014,16.000
bhs,2015,15.000
bhs,2016,14.000
bhs,2017,14.000
bhs,2018,13.000
bhs,2019,12.000
bhs,2020,55.000
bhs,2021,11.000
bhs,2022,10.000
bhs,2023,9.0000
bhs,2024,8.0000
bih,1991,182.00
bih,1992,172.00
bih,1993,1574.0
bih,1994,1567.0
bih,1995,138.00
bih,1996,306.00
bih,1997,115.00
bih,1998,108.00
bih,1999,100.00
bih,2000,93.000
bih,2001,86.000
bih,2002,80.000
bih,2003,76.000
bih,2004,72.000
bih,2005,69.000
bih,2006,65.000
bih,2007,62.000
bih,2008,58.000
bih,2009,55.000
bih,2010,53.000
bih,2011,51.000
bih,2012,49.000
bih,2013,46.000
bih,2014,44.000
bih,2015,42.000
bih,2016,41.000
bih,2017,39.000
bih,2018,38.000
bih,2019,37.000
bih,2020,35.000
bih,2021,34.000
bih,2022,32.000
bih,2023,30.000
bih,2024,29.000
blr,1991,603.00
blr,1992,601.00
blr,1993,595.00
blr,1994,584.00
blr,1995,567.00
blr,1996,542.00
blr,1997,517.00
blr,1998,490.00
blr,1999,457.00
blr,2000,423.00
blr,2001,391.00
blr,2002,357.00
blr,2003,324.00
blr,2004,294.00
blr,2005,267.00
blr,2006,245.00
blr,2007,227.00
blr,2008,213.00
blr,2009,200.00
blr,2010,189.00
blr,2011,178.00
blr,2012,169.00
blr,2013,161.00
blr,2014,154.00
blr,2015,147.00
blr,2016,140.00
blr,2017,134.00
blr,2018,128.00
blr,2019,123.00
blr,2020,116.00
blr,2021,109.00
blr,2022,102.00
blr,2023,94.000
blr,2024,86.000
blz,1991,21.000
blz,1992,22.000
blz,1993,23.000
blz,1994,24.000
blz,1995,25.000
blz,1996,26.000
blz,1997,27.000
blz,1998,28.000
blz,1999,29.000
blz,2000,29.000
blz,2001,30.000
blz,2002,30.000
blz,2003,30.000
blz,2004,31.000
blz,2005,31.000
blz,2006,31.000
blz,2007,31.000
blz,2008,31.000
blz,2009,31.000
blz,2010,31.000
blz,2011,30.000
blz,2012,29.000
blz,2013,28.000
blz,2014,27.000
blz,2015,26.000
blz,2016,24.000
blz,2017,23.000
blz,2018,22.000
blz,2019,21.000
blz,2020,20.000
blz,2021,19.000
blz,2022,18.000
blz,2023,17.000
blz,2024,16.000
bol,1991,1832.0
bol,1992,1770.0
bol,1993,1718.0
bol,1994,1668.0
bol,1995,1619.0
bol,1996,1578.0
bol,1997,1539.0
bol,1998,1504.0
bol,1999,1474.0
bol,2000,1438.0
bol,2001,1403.0
bol,2002,1367.0
bol,2003,1326.0
bol,2004,1284.0
bol,2005,1236.0
bol,2006,1189.0
bol,2007,1134.0
bol,2008,1081.0
bol,2009,1027.0
bol,2010,968.00
bol,2011,915.00
bol,2012,867.00
bol,2013,828.00
bol,2014,790.00
bol,2015,760.00
bol,2016,726.00
bol,2017,696.00
bol,2018,669.00
bol,2019,639.00
bol,2020,611.00
bol,2021,580.00
bol,2022,551.00
bol,2023,523.00
bol,2024,498.00
bra,1991,14056
bra,1992,14271
bra,1993,14401
bra,1994,14414
bra,1995,14315
bra,1996,14109
bra,1997,13808
bra,1998,13446
bra,1999,13063
bra,2000,12719
bra,2001,12420
bra,2002,12156
bra,2003,11938
bra,2004,11747
bra,2005,11583
bra,2006,11430
bra,2007,11272
bra,2008,11124
bra,2009,10938
bra,2010,10722
bra,2011,10459
bra,2012,10147
bra,2013,9795.0
bra,2014,9400.0
bra,2015,9017.0
bra,2016,8656.0
bra,2017,8321.0
bra,2018,8023.0
bra,2019,7754.0
bra,2020,7527.0
bra,2021,7338.0
bra,2022,7179.0
bra,2023,7031.0
bra,2024,6863.0
brb,1991,10.000
brb,1992,10.000
brb,1993,10.000
brb,1994,10.000
brb,1995,10.000
brb,1996,10.000
brb,1997,9.0000
brb,1998,9.0000
brb,1999,9.0000
brb,2000,9.0000
brb,2001,9.0000
brb,2002,8.0000
brb,2003,8.0000
brb,2004,8.0000
brb,2005,8.0000
brb,2006,8.0000
brb,2007,8.0000
brb,2008,7.0000
brb,2009,7.0000
brb,2010,7.0000
brb,2011,7.0000
brb,2012,6.0000
brb,2013,6.0000
brb,2014,6.0000
brb,2015,5.0000
brb,2016,5.0000
brb,2017,5.0000
brb,2018,5.0000
brb,2019,4.0000
brb,2020,4.0000
brb,2021,4.0000
brb,2022,4.0000
brb,2023,3.0000
brb,2024,3.0000
brn,1991,19.000
brn,1992,19.000
brn,1993,19.000
brn,1994,19.000
brn,1995,19.000
brn,1996,19.000
brn,1997,18.000
brn,1998,18.000
brn,1999,18.000
brn,2000,18.000
brn,2001,17.000
brn,2002,17.000
brn,2003,16.000
brn,2004,16.000
brn,2005,15.000
brn,2006,15.000
brn,2007,14.000
brn,2008,14.000
brn,2009,14.000
brn,2010,14.000
brn,2011,14.000
brn,2012,14.000
brn,2013,14.000
brn,2014,13.000
brn,2015,13.000
brn,2016,12.000
brn,2017,12.000
brn,2018,12.000
brn,2019,11.000
brn,2020,11.000
brn,2021,10.000
brn,2022,10.000
brn,2023,10.000
brn,2024,9.0000
btn,1991,213.00
btn,1992,215.00
btn,1993,205.00
btn,1994,195.00
btn,1995,191.00
btn,1996,187.00
btn,1997,183.00
btn,1998,182.00
btn,1999,180.00
btn,2000,178.00
btn,2001,199.00
btn,2002,172.00
btn,2003,166.00
btn,2004,159.00
btn,2005,152.00
btn,2006,146.00
btn,2007,139.00
btn,2008,132.00
btn,2009,125.00
btn,2010,119.00
btn,2011,114.00
btn,2012,108.00
btn,2013,102.00
btn,2014,96.000
btn,2015,90.000
btn,2016,85.000
btn,2017,80.000
btn,2018,76.000
btn,2019,71.000
btn,2020,66.000
btn,2021,62.000
btn,2022,57.000
btn,2023,53.000
btn,2024,49.000
bwa,1991,627.00
bwa,1992,623.00
bwa,1993,614.00
bwa,1994,603.00
bwa,1995,587.00
bwa,1996,569.00
bwa,1997,550.00
bwa,1998,531.00
bwa,1999,511.00
bwa,2000,494.00
bwa,2001,477.00
bwa,2002,457.00
bwa,2003,435.00
bwa,2004,414.00
bwa,2005,396.00
bwa,2006,380.00
bwa,2007,419.00
bwa,2008,356.00
bwa,2009,347.00
bwa,2010,338.00
bwa,2011,332.00
bwa,2012,326.00
bwa,2013,324.00
bwa,2014,323.00
bwa,2015,319.00
bwa,2016,311.00
bwa,2017,303.00
bwa,2018,292.00
bwa,2019,281.00
bwa,2020,268.00
bwa,2021,254.00
bwa,2022,240.00
bwa,2023,229.00
bwa,2024,219.00
caf,1991,1826.0
caf,1992,1841.0
caf,1993,1880.0
caf,1994,1927.0
caf,1995,1985.0
caf,1996,2036.0
caf,1997,2079.0
caf,1998,2149.0
caf,1999,2213.0
caf,2000,2287.0
caf,2001,2362.0
caf,2002,2446.0
caf,2003,2526.0
caf,2004,2604.0
caf,2005,2677.0
caf,2006,2735.0
caf,2007,2790.0
caf,2008,2827.0
caf,2009,2868.0
caf,2010,24810
caf,2011,3887.0
caf,2012,3231.0
caf,2013,2827.0
caf,2014,3525.0
caf,2015,6306.0
caf,2016,3223.0
caf,2017,3537.0
caf,2018,5146.0
caf,2019,3407.0
caf,2020,11016
caf,2021,3756.0
caf,2022,6613.0
caf,2023,20509
caf,2024,2295.0
can,1991,779.00
can,1992,761.00
can,1993,741.00
can,1994,721.00
can,1995,702.00
can,1996,684.00
can,1997,665.00
can,1998,646.00
can,1999,623.00
can,2000,599.00
can,2001,574.00
can,2002,551.00
can,2003,531.00
can,2004,512.00
can,2005,494.00
can,2006,476.00
can,2007,457.00
can,2008,439.00
can,2009,422.00
can,2010,405.00
can,2011,390.00
can,2012,378.00
can,2013,370.00
can,2014,366.00
can,2015,365.00
can,2016,364.00
can,2017,366.00
can,2018,368.00
can,2019,370.00
can,2020,375.00
can,2021,382.00
can,2022,386.00
can,2023,387.00
can,2024,384.00
che,1991,142.00
che,1992,138.00
che,1993,135.00
che,1994,133.00
che,1995,130.00
che,1996,127.00
che,1997,123.00
che,1998,119.00
che,1999,115.00
che,2000,110.00
che,2001,106.00
che,2002,101.00
che,2003,97.000
che,2004,93.000
che,2005,89.000
che,2006,84.000
che,2007,80.000
che,2008,76.000
che,2009,73.000
che,2010,70.000
che,2011,67.000
che,2012,65.000
che,2013,63.000
che,2014,61.000
che,2015,60.000
che,2016,60.000
che,2017,59.000
che,2018,59.000
che,2019,59.000
che,2020,58.000
che,2021,58.000
che,2022,58.000
che,2023,57.000
che,2024,56.000
chl,1991,789.00
chl,1992,764.00
chl,1993,741.00
chl,1994,722.00
chl,1995,705.00
chl,1996,691.00
chl,1997,677.00
chl,1998,660.00
chl,1999,642.00
chl,2000,622.00
chl,2001,601.00
chl,2002,582.00
chl,2003,561.00
chl,2004,540.00
chl,2005,518.00
chl,2006,496.00
chl,2007,474.00
chl,2008,454.00
chl,2009,435.00
chl,2010,417.00
chl,2011,400.00
chl,2012,384.00
chl,2013,370.00
chl,2014,358.00
chl,2015,346.00
chl,2016,336.00
chl,2017,326.00
chl,2018,318.00
chl,2019,313.00
chl,2020,310.00
chl,2021,311.00
chl,2022,312.00
chl,2023,311.00
chl,2024,307.00
chn,1991,124070
chn,1992,120720
chn,1993,118350
chn,1994,116520
chn,1995,114520
chn,1996,112220
chn,1997,108110
chn,1998,101350
chn,1999,94671
chn,2000,88363
chn,2001,81867
chn,2002,75768
chn,2003,69946
chn,2004,64627
chn,2005,59555
chn,2006,54769
chn,2007,50611
chn,2008,47366
chn,2009,44295
chn,2010,41364
chn,2011,38649
chn,2012,36236
chn,2013,34184
chn,2014,32279
chn,2015,30678
chn,2016,29050
chn,2017,27459
chn,2018,26196
chn,2019,25004
chn,2020,23793
chn,2021,22480
chn,2022,21303
chn,2023,20210
chn,2024,18984
civ,1991,8877.0
civ,1992,9091.0
civ,1993,9298.0
civ,1994,9503.0
civ,1995,9689.0
civ,1996,9875.0
civ,1997,10047
civ,1998,10206
civ,1999,10371
civ,2000,10504
civ,2001,10610
civ,2002,10706
civ,2003,10853
civ,2004,11061
civ,2005,11262
civ,2006,11514
civ,2007,11726
civ,2008,11944
civ,2009,11935
civ,2010,11708
civ,2011,11465
civ,2012,11197
civ,2013,11000
civ,2014,10842
civ,2015,10836
civ,2016,10874
civ,2017,10843
civ,2018,10685
civ,2019,10463
civ,2020,10286
civ,2021,10104
civ,2022,9914.0
civ,2023,9750.0
civ,2024,9530.0
cmr,1991,9286.0
cmr,1992,9547.0
cmr,1993,9783.0
cmr,1994,10027
cmr,1995,10275
cmr,1996,10493
cmr,1997,10689
cmr,1998,10850
cmr,1999,11004
cmr,2000,11143
cmr,2001,11268
cmr,2002,11349
cmr,2003,11415
cmr,2004,11475
cmr,2005,11538
cmr,2006,11602
cmr,2007,11678
cmr,2008,11763
cmr,2009,11843
cmr,2010,11936
cmr,2011,12017
cmr,2012,12066
cmr,2013,12091
cmr,2014,12053
cmr,2015,11975
cmr,2016,11893
cmr,2017,11732
cmr,2018,11584
cmr,2019,11400
cmr,2020,11246
cmr,2021,11043
cmr,2022,10829
cmr,2023,10596
cmr,2024,10370
cod,1991,30005
cod,1992,30644
cod,1993,31349
cod,1994,32102
cod,1995,32883
cod,1996,33666
cod,1997,34206
cod,1998,34687
cod,1999,35305
cod,2000,35932
cod,2001,36732
cod,2002,37632
cod,2003,38377
cod,2004,39018
cod,2005,39561
cod,2006,40062
cod,2007,40513
cod,2008,40804
cod,2009,41104
cod,2010,41392
cod,2011,41479
cod,2012,41536
cod,2013,41610
cod,2014,41741
cod,2015,41707
cod,2016,41676
cod,2017,41504
cod,2018,41269
cod,2019,40975
cod,2020,40648
cod,2021,40196
cod,2022,39639
cod,2023,39049
cod,2024,38354
cog,1991,1434.0
cog,1992,1422.0
cog,1993,1414.0
cog,1994,1411.0
cog,1995,1401.0
cog,1996,1393.0
cog,1997,1388.0
cog,1998,1657.0
cog,1999,1534.0
cog,2000,1348.0
cog,2001,1329.0
cog,2002,1303.0
cog,2003,1269.0
cog,2004,1232.0
cog,2005,1189.0
cog,2006,1142.0
cog,2007,1097.0
cog,2008,1055.0
cog,2009,1013.0
cog,2010,970.00
cog,2011,926.00
cog,2012,884.00
cog,2013,839.00
cog,2014,805.00
cog,2015,780.00
cog,2016,761.00
cog,2017,749.00
cog,2018,733.00
cog,2019,716.00
cog,2020,1111.0
cog,2021,672.00
cog,2022,651.00
cog,2023,629.00
cog,2024,605.00
cok,1991,0.0000
cok,1992,0.0000
cok,1993,0.0000
cok,1994,1.0000
cok,1995,1.0000
cok,1996,1.0000
cok,1997,1.0000
cok,1998,1.0000
cok,1999,0.0000
cok,2000,0.0000
cok,2001,0.0000
cok,2002,0.0000
cok,2003,0.0000
cok,2004,0.0000
cok,2005,0.0000
cok,2006,0.0000
cok,2007,0.0000
cok,2008,0.0000
cok,2009,0.0000
cok,2010,0.0000
cok,2011,0.0000
cok,2012,0.0000
cok,2013,0.0000
cok,2014,0.0000
cok,2015,0.0000
cok,2016,0.0000
cok,2017,0.0000
cok,2018,0.0000
cok,2019,0.0000
cok,2020,0.0000
cok,2021,0.0000
cok,2022,0.0000
cok,2023,0.0000
cok,2024,0.0000
col,1991,3362.0
col,1992,3412.0
col,1993,3442.0
col,1994,3456.0
col,1995,3445.0
col,1996,3415.0
col,1997,3371.0
col,1998,3333.0
col,1999,3313.0
col,2000,3297.0
col,2001,3275.0
col,2002,3234.0
col,2003,3172.0
col,2004,3098.0
col,2005,3013.0
col,2006,2928.0
col,2007,2841.0
col,2008,2757.0
col,2009,2676.0
col,2010,2594.0
col,2011,2514.0
col,2012,2435.0
col,2013,2358.0
col,2014,2289.0
col,2015,2223.0
col,2016,2164.0
col,2017,2111.0
col,2018,2068.0
col,2019,2034.0
col,2020,2007.0
col,2021,1987.0
col,2022,1969.0
col,2023,1947.0
col,2024,1913.0
com,1991,173.00
com,1992,174.00
com,1993,175.00
com,1994,176.00
com,1995,177.00
com,1996,178.00
com,1997,178.00
com,1998,177.00
com,1999,176.00
com,2000,173.00
com,2001,169.00
com,2002,167.00
com,2003,165.00
com,2004,164.00
com,2005,161.00
com,2006,157.00
com,2007,152.00
com,2008,146.00
com,2009,140.00
com,2010,133.00
com,2011,127.00
com,2012,121.00
com,2013,117.00
com,2014,113.00
com,2015,110.00
com,2016,108.00
com,2017,104.00
com,2018,100.00
com,2019,96.000
com,2020,91.000
com,2021,88.000
com,2022,85.000
com,2023,82.000
com,2024,79.000
cpv,1991,47.000
cpv,1992,49.000
cpv,1993,51.000
cpv,1994,53.000
cpv,1995,54.000
cpv,1996,94.000
cpv,1997,56.000
cpv,1998,56.000
cpv,1999,55.000
cpv,2000,54.000
cpv,2001,53.000
cpv,2002,51.000
cpv,2003,49.000
cpv,2004,47.000
cpv,2005,45.000
cpv,2006,43.000
cpv,2007,41.000
cpv,2008,38.000
cpv,2009,36.000
cpv,2010,34.000
cpv,2011,31.000
cpv,2012,29.000
cpv,2013,27.000
cpv,2014,25.000
cpv,2015,24.000
cpv,2016,23.000
cpv,2017,22.000
cpv,2018,21.000
cpv,2019,20.000
cpv,2020,19.000
cpv,2021,18.000
cpv,2022,17.000
cpv,2023,16.000
cpv,2024,15.000
cri,1991,197.00
cri,1992,201.00
cri,1993,204.00
cri,1994,205.00
cri,1995,206.00
cri,1996,206.00
cri,1997,205.00
cri,1998,204.00
cri,1999,202.00
cri,2000,199.00
cri,2001,195.00
cri,2002,191.00
cri,2003,186.00
cri,2004,182.00
cri,2005,178.00
cri,2006,174.00
cri,2007,170.00
cri,2008,165.00
cri,2009,160.00
cri,2010,155.00
cri,2011,151.00
cri,2012,146.00
cri,2013,142.00
cri,2014,138.00
cri,2015,134.00
cri,2016,130.00
cri,2017,125.00
cri,2018,122.00
cri,2019,119.00
cri,2020,117.00
cri,2021,114.00
cri,2022,110.00
cri,2023,107.00
cri,2024,103.00
cub,1991,578.00
cub,1992,560.00
cub,1993,549.00
cub,1994,543.00
cub,1995,541.00
cub,1996,539.00
cub,1997,534.00
cub,1998,520.00
cub,1999,498.00
cub,2000,473.00
cub,2001,444.00
cub,2002,415.00
cub,2003,386.00
cub,2004,359.00
cub,2005,335.00
cub,2006,315.00
cub,2007,299.00
cub,2008,287.00
cub,2009,278.00
cub,2010,271.00
cub,2011,265.00
cub,2012,258.00
cub,2013,251.00
cub,2014,245.00
cub,2015,241.00
cub,2016,238.00
cub,2017,235.00
cub,2018,233.00
cub,2019,232.00
cub,2020,232.00
cub,2021,236.00
cub,2022,239.00
cub,2023,240.00
cub,2024,239.00
cyp,1991,20.000
cyp,1992,20.000
cyp,1993,20.000
cyp,1994,21.000
cyp,1995,22.000
cyp,1996,22.000
cyp,1997,23.000
cyp,1998,23.000
cyp,1999,23.000
cyp,2000,24.000
cyp,2001,24.000
cyp,2002,24.000
cyp,2003,24.000
cyp,2004,24.000
cyp,2005,23.000
cyp,2006,22.000
cyp,2007,21.000
cyp,2008,19.000
cyp,2009,18.000
cyp,2010,17.000
cyp,2011,16.000
cyp,2012,15.000
cyp,2013,14.000
cyp,2014,13.000
cyp,2015,13.000
cyp,2016,12.000
cyp,2017,12.000
cyp,2018,12.000
cyp,2019,12.000
cyp,2020,11.000
cyp,2021,11.000
cyp,2022,10.000
cyp,2023,10.000
cyp,2024,10.000
cze,1991,358.00
cze,1992,341.00
cze,1993,324.00
cze,1994,308.00
cze,1995,291.00
cze,1996,275.00
cze,1997,262.00
cze,1998,249.00
cze,1999,235.00
cze,2000,220.00
cze,2001,205.00
cze,2002,189.00
cze,2003,175.00
cze,2004,161.00
cze,2005,149.00
cze,2006,137.00
cze,2007,127.00
cze,2008,117.00
cze,2009,109.00
cze,2010,103.00
cze,2011,98.000
cze,2012,96.000
cze,2013,94.000
cze,2014,93.000
cze,2015,93.000
cze,2016,93.000
cze,2017,93.000
cze,2018,93.000
cze,2019,93.000
cze,2020,93.000
cze,2021,92.000
cze,2022,91.000
cze,2023,90.000
cze,2024,88.000
deu,1991,1592.0
deu,1992,1560.0
deu,1993,1523.0
deu,1994,1478.0
deu,1995,1424.0
deu,1996,1365.0
deu,1997,1301.0
deu,1998,1236.0
deu,1999,1173.0
deu,2000,1118.0
deu,2001,1074.0
deu,2002,1030.0
deu,2003,986.00
deu,2004,939.00
deu,2005,889.00
deu,2006,840.00
deu,2007,793.00
deu,2008,753.00
deu,2009,721.00
deu,2010,693.00
deu,2011,668.00
deu,2012,644.00
deu,2013,620.00
deu,2014,601.00
deu,2015,585.00
deu,2016,578.00
deu,2017,575.00
deu,2018,572.00
deu,2019,570.00
deu,2020,571.00
deu,2021,578.00
deu,2022,592.00
deu,2023,610.00
deu,2024,626.00
dji,1991,321.00
dji,1992,341.00
dji,1993,332.00
dji,1994,320.00
dji,1995,322.00
dji,1996,320.00
dji,1997,323.00
dji,1998,325.00
dji,1999,328.00
dji,2000,329.00
dji,2001,329.00
dji,2002,327.00
dji,2003,325.00
dji,2004,321.00
dji,2005,317.00
dji,2006,314.00
dji,2007,311.00
dji,2008,309.00
dji,2009,306.00
dji,2010,304.00
dji,2011,300.00
dji,2012,295.00
dji,2013,290.00
dji,2014,283.00
dji,2015,276.00
dji,2016,269.00
dji,2017,261.00
dji,2018,252.00
dji,2019,244.00
dji,2020,235.00
dji,2021,227.00
dji,2022,220.00
dji,2023,212.00
dji,2024,205.00
dma,1991,5.0000
dma,1992,5.0000
dma,1993,5.0000
dma,1994,5.0000
dma,1995,4.0000
dma,1996,4.0000
dma,1997,4.0000
dma,1998,4.0000
dma,1999,4.0000
dma,2000,4.0000
dma,2001,4.0000
dma,2002,4.0000
dma,2003,4.0000
dma,2004,4.0000
dma,2005,4.0000
dma,2006,4.0000
dma,2007,3.0000
dma,2008,3.0000
dma,2009,3.0000
dma,2010,2.0000
dma,2011,2.0000
dma,2012,2.0000
dma,2013,2.0000
dma,2014,2.0000
dma,2015,2.0000
dma,2016,2.0000
dma,2017,1.0000
dma,2018,8.0000
dma,2019,0.0000
dma,2020,0.0000
dma,2021,0.0000
dma,2022,0.0000
dma,2023,0.0000
dma,2024,0.0000
dnk,1991,104.00
dnk,1992,99.000
dnk,1993,95.000
dnk,1994,92.000
dnk,1995,89.000
dnk,1996,88.000
dnk,1997,86.000
dnk,1998,85.000
dnk,1999,84.000
dnk,2000,83.000
dnk,2001,82.000
dnk,2002,79.000
dnk,2003,77.000
dnk,2004,74.000
dnk,2005,70.000
dnk,2006,67.000
dnk,2007,63.000
dnk,2008,59.000
dnk,2009,56.000
dnk,2010,52.000
dnk,2011,49.000
dnk,2012,47.000
dnk,2013,45.000
dnk,2014,43.000
dnk,2015,42.000
dnk,2016,41.000
dnk,2017,41.000
dnk,2018,40.000
dnk,2019,39.000
dnk,2020,38.000
dnk,2021,36.000
dnk,2022,35.000
dnk,2023,34.000
dnk,2024,32.000
dom,1991,1042.0
dom,1992,1003.0
dom,1993,970.00
dom,1994,941.00
dom,1995,916.00
dom,1996,898.00
dom,1997,883.00
dom,1998,873.00
dom,1999,858.00
dom,2000,847.00
dom,2001,834.00
dom,2002,823.00
dom,2003,812.00
dom,2004,795.00
dom,2005,777.00
dom,2006,760.00
dom,2007,745.00
dom,2008,728.00
dom,2009,706.00
dom,2010,682.00
dom,2011,657.00
dom,2012,631.00
dom,2013,604.00
dom,2014,580.00
dom,2015,557.00
dom,2016,537.00
dom,2017,517.00
dom,2018,498.00
dom,2019,477.00
dom,2020,458.00
dom,2021,436.00
dom,2022,414.00
dom,2023,394.00
dom,2024,374.00
dza,1991,6024.0
dza,1992,5899.0
dza,1993,5796.0
dza,1994,5704.0
dza,1995,5595.0
dza,1996,5489.0
dza,1997,5371.0
dza,1998,5231.0
dza,1999,5054.0
dza,2000,4832.0
dza,2001,4574.0
dza,2002,4296.0
dza,2003,4011.0
dza,2004,4146.0
dza,2005,3452.0
dza,2006,3231.0
dza,2007,3048.0
dza,2008,2885.0
dza,2009,2748.0
dza,2010,2641.0
dza,2011,2571.0
dza,2012,2535.0
dza,2013,2528.0
dza,2014,2552.0
dza,2015,2588.0
dza,2016,2611.0
dza,2017,2619.0
dza,2018,2624.0
dza,2019,2628.0
dza,2020,2631.0
dza,2021,2649.0
dza,2022,2677.0
dza,2023,2710.0
dza,2024,2733.0
ecu,1991,1855.0
ecu,1992,1812.0
ecu,1993,1752.0
ecu,1994,1684.0
ecu,1995,1619.0
ecu,1996,1566.0
ecu,1997,1526.0
ecu,1998,1500.0
ecu,1999,1483.0
ecu,2000,1467.0
ecu,2001,1453.0
ecu,2002,1437.0
ecu,2003,1422.0
ecu,2004,1404.0
ecu,2005,1386.0
ecu,2006,1367.0
ecu,2007,1347.0
ecu,2008,1328.0
ecu,2009,1308.0
ecu,2010,1287.0
ecu,2011,1260.0
ecu,2012,1227.0
ecu,2013,1187.0
ecu,2014,1146.0
ecu,2015,1104.0
ecu,2016,1066.0
ecu,2017,1137.0
ecu,2018,1008.0
ecu,2019,990.00
ecu,2020,980.00
ecu,2021,981.00
ecu,2022,992.00
ecu,2023,1006.0
ecu,2024,1016.0
egy,1991,16396
egy,1992,15777
egy,1993,15102
egy,1994,14441
egy,1995,13780
egy,1996,13089
egy,1997,12379
egy,1998,11660
egy,1999,10980
egy,2000,10361
egy,2001,9824.0
egy,2002,9386.0
egy,2003,9036.0
egy,2004,8775.0
egy,2005,8589.0
egy,2006,8471.0
egy,2007,8431.0
egy,2008,8452.0
egy,2009,8518.0
egy,2010,8609.0
egy,2011,8707.0
egy,2012,8798.0
egy,2013,8851.0
egy,2014,8856.0
egy,2015,8818.0
egy,2016,8760.0
egy,2017,8711.0
egy,2018,8677.0
egy,2019,8696.0
egy,2020,8750.0
egy,2021,8793.0
egy,2022,8757.0
egy,2023,8614.0
egy,2024,8332.0
eri,1991,1982.0
eri,1992,1731.0
eri,1993,1512.0
eri,1994,1449.0
eri,1995,1380.0
eri,1996,1318.0
eri,1997,1250.0
eri,1998,1172.0
eri,1999,1099.0
eri,2000,1522.0
eri,2001,1102.0
eri,2002,924.00
eri,2003,881.00
eri,2004,839.00
eri,2005,795.00
eri,2006,751.00
eri,2007,704.00
eri,2008,660.00
eri,2009,624.00
eri,2010,594.00
eri,2011,569.00
eri,2012,543.00
eri,2013,521.00
eri,2014,499.00
eri,2015,478.00
eri,2016,455.00
eri,2017,436.00
eri,2018,419.00
eri,2019,402.00
eri,2020,383.00
eri,2021,364.00
eri,2022,345.00
eri,2023,327.00
eri,2024,311.00
esp,1991,1242.0
esp,1992,1163.0
esp,1993,1085.0
esp,1994,1006.0
esp,1995,934.00
esp,1996,871.00
esp,1997,817.00
esp,1998,772.00
esp,1999,730.00
esp,2000,690.00
esp,2001,651.00
esp,2002,614.00
esp,2003,585.00
esp,2004,561.00
esp,2005,538.00
esp,2006,516.00
esp,2007,497.00
esp,2008,481.00
esp,2009,466.00
esp,2010,452.00
esp,2011,438.00
esp,2012,425.00
esp,2013,412.00
esp,2014,400.00
esp,2015,390.00
esp,2016,378.00
esp,2017,368.00
esp,2018,361.00
esp,2019,356.00
esp,2020,354.00
esp,2021,355.00
esp,2022,352.00
esp,2023,346.00
esp,2024,334.00
est,1991,104.00
est,1992,103.00
est,1993,99.000
est,1994,95.000
est,1995,91.000
est,1996,86.000
est,1997,81.000
est,1998,75.000
est,1999,68.000
est,2000,60.000
est,2001,53.000
est,2002,48.000
est,2003,42.000
est,2004,37.000
est,2005,33.000
est,2006,29.000
est,2007,26.000
est,2008,24.000
est,2009,22.000
est,2010,21.000
est,2011,20.000
est,2012,19.000
est,2013,19.000
est,2014,18.000
est,2015,18.000
est,2016,18.000
est,2017,17.000
est,2018,17.000
est,2019,17.000
est,2020,16.000
est,2021,16.000
est,2022,15.000
est,2023,14.000
est,2024,14.000
eth,1991,81827
eth,1992,81878
eth,1993,81944
eth,1994,81766
eth,1995,81371
eth,1996,80587
eth,1997,79485
eth,1998,78074
eth,1999,76632
eth,2000,75121
eth,2001,73297
eth,2002,71030
eth,2003,68515
eth,2004,65741
eth,2005,62619
eth,2006,59372
eth,2007,55912
eth,2008,52283
eth,2009,48556
eth,2010,44771
eth,2011,41035
eth,2012,37480
eth,2013,33996
eth,2014,30721
eth,2015,27496
eth,2016,24519
eth,2017,21927
eth,2018,19790
eth,2019,18187
eth,2020,16870
eth,2021,15838
eth,2022,14998
eth,2023,14339
eth,2024,13840
fin,1991,114.00
fin,1992,112.00
fin,1993,109.00
fin,1994,106.00
fin,1995,104.00
fin,1996,102.00
fin,1997,99.000
fin,1998,97.000
fin,1999,94.000
fin,2000,91.000
fin,2001,88.000
fin,2002,85.000
fin,2003,82.000
fin,2004,79.000
fin,2005,75.000
fin,2006,71.000
fin,2007,68.000
fin,2008,64.000
fin,2009,60.000
fin,2010,57.000
fin,2011,54.000
fin,2012,52.000
fin,2013,50.000
fin,2014,49.000
fin,2015,48.000
fin,2016,47.000
fin,2017,46.000
fin,2018,45.000
fin,2019,45.000
fin,2020,44.000
fin,2021,43.000
fin,2022,42.000
fin,2023,41.000
fin,2024,39.000
fji,1991,180.00
fji,1992,179.00
fji,1993,178.00
fji,1994,176.00
fji,1995,173.00
fji,1996,170.00
fji,1997,166.00
fji,1998,161.00
fji,1999,156.00
fji,2000,151.00
fji,2001,144.00
fji,2002,138.00
fji,2003,130.00
fji,2004,123.00
fji,2005,116.00
fji,2006,109.00
fji,2007,103.00
fji,2008,98.000
fji,2009,93.000
fji,2010,89.000
fji,2011,86.000
fji,2012,83.000
fji,2013,81.000
fji,2014,80.000
fji,2015,80.000
fji,2016,80.000
fji,2017,90.000
fji,2018,80.000
fji,2019,79.000
fji,2020,78.000
fji,2021,77.000
fji,2022,75.000
fji,2023,73.000
fji,2024,70.000
fra,1991,1498.0
fra,1992,1451.0
fra,1993,1406.0
fra,1994,1361.0
fra,1995,1313.0
fra,1996,1259.0
fra,1997,1201.0
fra,1998,1146.0
fra,1999,1093.0
fra,2000,1045.0
fra,2001,1003.0
fra,2002,959.00
fra,2003,913.00
fra,2004,871.00
fra,2005,828.00
fra,2006,790.00
fra,2007,758.00
fra,2008,731.00
fra,2009,711.00
fra,2010,696.00
fra,2011,683.00
fra,2012,673.00
fra,2013,663.00
fra,2014,652.00
fra,2015,642.00
fra,2016,633.00
fra,2017,620.00
fra,2018,609.00
fra,2019,603.00
fra,2020,598.00
fra,2021,595.00
fra,2022,593.00
fra,2023,588.00
fra,2024,576.00
fsm,1991,22.000
fsm,1992,22.000
fsm,1993,22.000
fsm,1994,21.000
fsm,1995,21.000
fsm,1996,21.000
fsm,1997,20.000
fsm,1998,19.000
fsm,1999,19.000
fsm,2000,18.000
fsm,2001,17.000
fsm,2002,16.000
fsm,2003,27.000
fsm,2004,16.000
fsm,2005,16.000
fsm,2006,16.000
fsm,2007,16.000
fsm,2008,15.000
fsm,2009,15.000
fsm,2010,14.000
fsm,2011,13.000
fsm,2012,13.000
fsm,2013,13.000
fsm,2014,12.000
fsm,2015,12.000
fsm,2016,12.000
fsm,2017,11.000
fsm,2018,11.000
fsm,2019,11.000
fsm,2020,10.000
fsm,2021,10.000
fsm,2022,10.000
fsm,2023,10.000
fsm,2024,9.0000
gab,1991,329.00
gab,1992,346.00
gab,1993,362.00
gab,1994,378.00
gab,1995,391.00
gab,1996,404.00
gab,1997,415.00
gab,1998,425.00
gab,1999,432.00
gab,2000,437.00
gab,2001,443.00
gab,2002,447.00
gab,2003,448.00
gab,2004,446.00
gab,2005,445.00
gab,2006,440.00
gab,2007,433.00
gab,2008,426.00
gab,2009,417.00
gab,2010,409.00
gab,2011,402.00
gab,2012,395.00
gab,2013,387.00
gab,2014,380.00
gab,2015,374.00
gab,2016,368.00
gab,2017,361.00
gab,2018,353.00
gab,2019,346.00
gab,2020,338.00
gab,2021,329.00
gab,2022,322.00
gab,2023,313.00
gab,2024,305.00
gbr,1991,1304.0
gbr,1992,1280.0
gbr,1993,1251.0
gbr,1994,1214.0
gbr,1995,1175.0
gbr,1996,1139.0
gbr,1997,1108.0
gbr,1998,1079.0
gbr,1999,1050.0
gbr,2000,1020.0
gbr,2001,986.00
gbr,2002,952.00
gbr,2003,924.00
gbr,2004,901.00
gbr,2005,875.00
gbr,2006,843.00
gbr,2007,809.00
gbr,2008,776.00
gbr,2009,746.00
gbr,2010,721.00
gbr,2011,698.00
gbr,2012,678.00
gbr,2013,660.00
gbr,2014,647.00
gbr,2015,636.00
gbr,2016,627.00
gbr,2017,622.00
gbr,2018,617.00
gbr,2019,610.00
gbr,2020,599.00
gbr,2021,585.00
gbr,2022,569.00
gbr,2023,552.00
gbr,2024,529.00
geo,1991,262.00
geo,1992,273.00
geo,1993,220.00
geo,1994,202.00
geo,1995,187.00
geo,1996,177.00
geo,1997,168.00
geo,1998,160.00
geo,1999,152.00
geo,2000,144.00
geo,2001,136.00
geo,2002,130.00
geo,2003,126.00
geo,2004,124.00
geo,2005,123.00
geo,2006,121.00
geo,2007,120.00
geo,2008,118.00
geo,2009,118.00
geo,2010,117.00
geo,2011,117.00
geo,2012,115.00
geo,2013,114.00
geo,2014,111.00
geo,2015,110.00
geo,2016,109.00
geo,2017,107.00
geo,2018,104.00
geo,2019,100.00
geo,2020,97.000
geo,2021,94.000
geo,2022,90.000
geo,2023,85.000
geo,2024,79.000
gha,1991,9516.0
gha,1992,9576.0
gha,1993,9588.0
gha,1994,9548.0
gha,1995,9487.0
gha,1996,9427.0
gha,1997,9379.0
gha,1998,9293.0
gha,1999,9197.0
gha,2000,9066.0
gha,2001,8928.0
gha,2002,8756.0
gha,2003,8594.0
gha,2004,8434.0
gha,2005,8296.0
gha,2006,8196.0
gha,2007,8107.0
gha,2008,8029.0
gha,2009,7957.0
gha,2010,7877.0
gha,2011,7796.0
gha,2012,7735.0
gha,2013,7664.0
gha,2014,7589.0
gha,2015,7504.0
gha,2016,7411.0
gha,2017,7325.0
gha,2018,7239.0
gha,2019,7152.0
gha,2020,7052.0
gha,2021,6916.0
gha,2022,6760.0
gha,2023,6582.0
gha,2024,6368.0
gin,1991,6376.0
gin,1992,6459.0
gin,1993,6489.0
gin,1994,6510.0
gin,1995,6544.0
gin,1996,6563.0
gin,1997,6573.0
gin,1998,6564.0
gin,1999,6559.0
gin,2000,6550.0
gin,2001,6523.0
gin,2002,6485.0
gin,2003,6430.0
gin,2004,6364.0
gin,2005,6303.0
gin,2006,6231.0
gin,2007,6152.0
gin,2008,6066.0
gin,2009,5991.0
gin,2010,5928.0
gin,2011,5870.0
gin,2012,5821.0
gin,2013,5776.0
gin,2014,5732.0
gin,2015,5687.0
gin,2016,5630.0
gin,2017,5559.0
gin,2018,5476.0
gin,2019,5396.0
gin,2020,5315.0
gin,2021,5217.0
gin,2022,5119.0
gin,2023,4987.0
gin,2024,4827.0
gmb,1991,743.00
gmb,1992,752.00
gmb,1993,760.00
gmb,1994,766.00
gmb,1995,769.00
gmb,1996,770.00
gmb,1997,771.00
gmb,1998,769.00
gmb,1999,767.00
gmb,2000,763.00
gmb,2001,757.00
gmb,2002,748.00
gmb,2003,737.00
gmb,2004,724.00
gmb,2005,709.00
gmb,2006,694.00
gmb,2007,677.00
gmb,2008,661.00
gmb,2009,646.00
gmb,2010,631.00
gmb,2011,618.00
gmb,2012,606.00
gmb,2013,596.00
gmb,2014,587.00
gmb,2015,579.00
gmb,2016,571.00
gmb,2017,564.00
gmb,2018,559.00
gmb,2019,554.00
gmb,2020,548.00
gmb,2021,541.00
gmb,2022,532.00
gmb,2023,522.00
gmb,2024,511.00
gnb,1991,933.00
gnb,1992,932.00
gnb,1993,936.00
gnb,1994,933.00
gnb,1995,934.00
gnb,1996,931.00
gnb,1997,914.00
gnb,1998,1017.0
gnb,1999,888.00
gnb,2000,880.00
gnb,2001,878.00
gnb,2002,878.00
gnb,2003,878.00
gnb,2004,877.00
gnb,2005,873.00
gnb,2006,866.00
gnb,2007,856.00
gnb,2008,841.00
gnb,2009,825.00
gnb,2010,805.00
gnb,2011,780.00
gnb,2012,753.00
gnb,2013,723.00
gnb,2014,689.00
gnb,2015,653.00
gnb,2016,614.00
gnb,2017,577.00
gnb,2018,543.00
gnb,2019,516.00
gnb,2020,494.00
gnb,2021,475.00
gnb,2022,455.00
gnb,2023,435.00
gnb,2024,418.00
gnq,1991,317.00
gnq,1992,332.00
gnq,1993,349.00
gnq,1994,366.00
gnq,1995,383.00
gnq,1996,399.00
gnq,1997,413.00
gnq,1998,425.00
gnq,1999,434.00
gnq,2000,441.00
gnq,2001,451.00
gnq,2002,463.00
gnq,2003,470.00
gnq,2004,474.00
gnq,2005,475.00
gnq,2006,472.00
gnq,2007,468.00
gnq,2008,465.00
gnq,2009,465.00
gnq,2010,468.00
gnq,2011,474.00
gnq,2012,479.00
gnq,2013,485.00
gnq,2014,491.00
gnq,2015,498.00
gnq,2016,503.00
gnq,2017,507.00
gnq,2018,512.00
gnq,2019,515.00
gnq,2020,517.00
gnq,2021,514.00
gnq,2022,511.00
gnq,2023,506.00
gnq,2024,499.00
grc,1991,263.00
grc,1992,249.00
grc,1993,237.00
grc,1994,225.00
grc,1995,214.00
grc,1996,204.00
grc,1997,194.00
grc,1998,185.00
grc,1999,177.00
grc,2000,170.00
grc,2001,165.00
grc,2002,160.00
grc,2003,155.00
grc,2004,149.00
grc,2005,143.00
grc,2006,137.00
grc,2007,132.00
grc,2008,126.00
grc,2009,122.00
grc,2010,118.00
grc,2011,113.00
grc,2012,110.00
grc,2013,106.00
grc,2014,103.00
grc,2015,99.000
grc,2016,96.000
grc,2017,92.000
grc,2018,88.000
grc,2019,84.000
grc,2020,79.000
grc,2021,74.000
grc,2022,69.000
grc,2023,64.000
grc,2024,59.000
grd,1991,6.0000
grd,1992,6.0000
grd,1993,7.0000
grd,1994,7.0000
grd,1995,7.0000
grd,1996,7.0000
grd,1997,7.0000
grd,1998,7.0000
grd,1999,7.0000
grd,2000,7.0000
grd,2001,7.0000
grd,2002,6.0000
grd,2003,6.0000
grd,2004,6.0000
grd,2005,6.0000
grd,2006,6.0000
grd,2007,6.0000
grd,2008,6.0000
grd,2009,6.0000
grd,2010,6.0000
grd,2011,5.0000
grd,2012,5.0000
grd,2013,5.0000
grd,2014,5.0000
grd,2015,6.0000
grd,2016,6.0000
grd,2017,6.0000
grd,2018,6.0000
grd,2019,6.0000
grd,2020,6.0000
grd,2021,6.0000
grd,2022,5.0000
grd,2023,5.0000
grd,2024,5.0000
gtm,1991,3378.0
gtm,1992,3187.0
gtm,1993,2963.0
gtm,1994,2744.0
gtm,1995,2562.0
gtm,1996,2421.0
gtm,1997,2317.0
gtm,1998,2247.0
gtm,1999,2190.0
gtm,2000,2135.0
gtm,2001,2079.0
gtm,2002,2024.0
gtm,2003,1975.0
gtm,2004,1930.0
gtm,2005,1896.0
gtm,2006,2317.0
gtm,2007,1845.0
gtm,2008,1816.0
gtm,2009,1779.0
gtm,2010,1736.0
gtm,2011,1692.0
gtm,2012,1653.0
gtm,2013,1623.0
gtm,2014,1595.0
gtm,2015,1569.0
gtm,2016,1540.0
gtm,2017,1504.0
gtm,2018,1464.0
gtm,2019,1423.0
gtm,2020,1387.0
gtm,2021,1358.0
gtm,2022,1335.0
gtm,2023,1312.0
gtm,2024,1280.0
guy,1991,90.000
guy,1992,84.000
guy,1993,80.000
guy,1994,77.000
guy,1995,74.000
guy,1996,73.000
guy,1997,72.000
guy,1998,72.000
guy,1999,72.000
guy,2000,73.000
guy,2001,73.000
guy,2002,74.000
guy,2003,76.000
guy,2004,77.000
guy,2005,79.000
guy,2006,80.000
guy,2007,80.000
guy,2008,80.000
guy,2009,79.000
guy,2010,77.000
guy,2011,75.000
guy,2012,72.000
guy,2013,69.000
guy,2014,67.000
guy,2015,65.000
guy,2016,62.000
guy,2017,59.000
guy,2018,57.000
guy,2019,55.000
guy,2020,53.000
guy,2021,50.000
guy,2022,48.000
guy,2023,46.000
guy,2024,43.000
hnd,1991,1072.0
hnd,1992,1041.0
hnd,1993,1010.0
hnd,1994,978.00
hnd,1995,943.00
hnd,1996,914.00
hnd,1997,894.00
hnd,1998,879.00
hnd,1999,4517.0
hnd,2000,863.00
hnd,2001,862.00
hnd,2002,863.00
hnd,2003,865.00
hnd,2004,869.00
hnd,2005,870.00
hnd,2006,874.00
hnd,2007,879.00
hnd,2008,888.00
hnd,2009,891.00
hnd,2010,894.00
hnd,2011,896.00
hnd,2012,895.00
hnd,2013,886.00
hnd,2014,876.00
hnd,2015,859.00
hnd,2016,840.00
hnd,2017,814.00
hnd,2018,789.00
hnd,2019,762.00
hnd,2020,732.00
hnd,2021,703.00
hnd,2022,673.00
hnd,2023,644.00
hnd,2024,615.00
hrv,1991,183.00
hrv,1992,228.00
hrv,1993,161.00
hrv,1994,148.00
hrv,1995,136.00
hrv,1996,137.00
hrv,1997,112.00
hrv,1998,102.00
hrv,1999,93.000
hrv,2000,84.000
hrv,2001,78.000
hrv,2002,73.000
hrv,2003,69.000
hrv,2004,84.000
hrv,2005,63.000
hrv,2006,60.000
hrv,2007,58.000
hrv,2008,55.000
hrv,2009,53.000
hrv,2010,51.000
hrv,2011,49.000
hrv,2012,48.000
hrv,2013,46.000
hrv,2014,46.000
hrv,2015,45.000
hrv,2016,45.000
hrv,2017,45.000
hrv,2018,45.000
hrv,2019,45.000
hrv,2020,45.000
hrv,2021,45.000
hrv,2022,44.000
hrv,2023,54.000
hrv,2024,41.000
hti,1991,4238.0
hti,1992,4232.0
hti,1993,4229.0
hti,1994,4215.0
hti,1995,4185.0
hti,1996,4151.0
hti,1997,4102.0
hti,1998,4040.0
hti,1999,3963.0
hti,2000,3864.0
hti,2001,3751.0
hti,2002,3635.0
hti,2003,3522.0
hti,2004,3406.0
hti,2005,3959.0
hti,2006,3172.0
hti,2007,3054.0
hti,2008,2935.0
hti,2009,2821.0
hti,2010,2711.0
hti,2011,17189
hti,2012,2791.0
hti,2013,2373.0
hti,2014,2273.0
hti,2015,2176.0
hti,2016,2096.0
hti,2017,2015.0
hti,2018,1938.0
hti,2019,1867.0
hti,2020,1791.0
hti,2021,1716.0
hti,2022,1960.0
hti,2023,1568.0
hti,2024,1501.0
hun,1991,362.00
hun,1992,340.00
hun,1993,321.00
hun,1994,303.00
hun,1995,287.00
hun,1996,274.00
hun,1997,263.00
hun,1998,253.00
hun,1999,243.00
hun,2000,233.00
hun,2001,223.00
hun,2002,211.00
hun,2003,200.00
hun,2004,189.00
hun,2005,178.00
hun,2006,168.00
hun,2007,157.00
hun,2008,148.00
hun,2009,140.00
hun,2010,132.00
hun,2011,125.00
hun,2012,119.00
hun,2013,115.00
hun,2014,111.00
hun,2015,108.00
hun,2016,106.00
hun,2017,102.00
hun,2018,99.000
hun,2019,96.000
hun,2020,93.000
hun,2021,90.000
hun,2022,87.000
hun,2023,84.000
hun,2024,82.000
idn,1991,52436
idn,1992,50576
idn,1993,48608
idn,1994,46739
idn,1995,45006
idn,1996,43273
idn,1997,41703
idn,1998,40191
idn,1999,38684
idn,2000,37225
idn,2001,35815
idn,2002,34595
idn,2003,33499
idn,2004,32367
idn,2005,56944
idn,2006,29952
idn,2007,28738
idn,2008,27573
idn,2009,26462
idn,2010,25465
idn,2011,24625
idn,2012,23911
idn,2013,23190
idn,2014,22521
idn,2015,21825
idn,2016,21129
idn,2017,20453
idn,2018,19861
idn,2019,19224
idn,2020,18498
idn,2021,17692
idn,2022,16803
idn,2023,15943
idn,2024,14999
ind,1991,421340
ind,1992,418010
ind,1993,413610
ind,1994,408320
ind,1995,401660
ind,1996,394110
ind,1997,385530
ind,1998,376940
ind,1999,367450
ind,2000,357720
ind,2001,347240
ind,2002,336580
ind,2003,325340
ind,2004,313660
ind,2005,301740
ind,2006,289510
ind,2007,277150
ind,2008,264820
ind,2009,252010
ind,2010,238750
ind,2011,225150
ind,2012,211330
ind,2013,197590
ind,2014,184220
ind,2015,171240
ind,2016,158610
ind,2017,146040
ind,2018,133860
ind,2019,122100
ind,2020,110550
ind,2021,99653
ind,2022,90223
ind,2023,82311
ind,2024,75477
irl,1991,126.00
irl,1992,121.00
irl,1993,116.00
irl,1994,110.00
irl,1995,105.00
irl,1996,100.00
irl,1997,95.000
irl,1998,90.000
irl,1999,85.000
irl,2000,81.000
irl,2001,77.000
irl,2002,73.000
irl,2003,70.000
irl,2004,68.000
irl,2005,65.000
irl,2006,63.000
irl,2007,62.000
irl,2008,60.000
irl,2009,59.000
irl,2010,58.000
irl,2011,56.000
irl,2012,54.000
irl,2013,53.000
irl,2014,51.000
irl,2015,50.000
irl,2016,49.000
irl,2017,48.000
irl,2018,47.000
irl,2019,45.000
irl,2020,44.000
irl,2021,42.000
irl,2022,40.000
irl,2023,39.000
irl,2024,37.000
irn,1991,18292
irn,1992,9728.0
irn,1993,9478.0
irn,1994,9161.0
irn,1995,8867.0
irn,1996,8598.0
irn,1997,8354.0
irn,1998,8112.0
irn,1999,7862.0
irn,2000,7570.0
irn,2001,7281.0
irn,2002,7008.0
irn,2003,6765.0
irn,2004,11168
irn,2005,6577.0
irn,2006,6617.0
irn,2007,6700.0
irn,2008,6765.0
irn,2009,6729.0
irn,2010,6605.0
irn,2011,6403.0
irn,2012,6156.0
irn,2013,5860.0
irn,2014,5548.0
irn,2015,5286.0
irn,2016,5082.0
irn,2017,4923.0
irn,2018,4792.0
irn,2019,4670.0
irn,2020,4527.0
irn,2021,4361.0
irn,2022,4176.0
irn,2023,3981.0
irn,2024,3771.0
irq,1991,8415.0
irq,1992,5789.0
irq,1993,3539.0
irq,1994,3570.0
irq,1995,3607.0
irq,1996,3622.0
irq,1997,3637.0
irq,1998,3656.0
irq,1999,3680.0
irq,2000,3703.0
irq,2001,3727.0
irq,2002,3769.0
irq,2003,3817.0
irq,2004,3875.0
irq,2005,3943.0
irq,2006,4006.0
irq,2007,3971.0
irq,2008,3859.0
irq,2009,3827.0
irq,2010,3852.0
irq,2011,3832.0
irq,2012,3807.0
irq,2013,3816.0
irq,2014,3839.0
irq,2015,3807.0
irq,2016,3782.0
irq,2017,3742.0
irq,2018,3707.0
irq,2019,3667.0
irq,2020,3598.0
irq,2021,3497.0
irq,2022,3373.0
irq,2023,3232.0
irq,2024,3069.0
isl,1991,7.0000
isl,1992,6.0000
isl,1993,6.0000
isl,1994,6.0000
isl,1995,6.0000
isl,1996,6.0000
isl,1997,5.0000
isl,1998,5.0000
isl,1999,5.0000
isl,2000,5.0000
isl,2001,5.0000
isl,2002,5.0000
isl,2003,5.0000
isl,2004,4.0000
isl,2005,4.0000
isl,2006,4.0000
isl,2007,4.0000
isl,2008,4.0000
isl,2009,4.0000
isl,2010,4.0000
isl,2011,4.0000
isl,2012,3.0000
isl,2013,3.0000
isl,2014,3.0000
isl,2015,3.0000
isl,2016,3.0000
isl,2017,2.0000
isl,2018,2.0000
isl,2019,2.0000
isl,2020,2.0000
isl,2021,1.0000
isl,2022,1.0000
isl,2023,1.0000
isl,2024,1.0000
isr,1991,176.00
isr,1992,176.00
isr,1993,174.00
isr,1994,171.00
isr,1995,169.00
isr,1996,167.00
isr,1997,165.00
isr,1998,164.00
isr,1999,163.00
isr,2000,162.00
isr,2001,161.00
isr,2002,159.00
isr,2003,158.00
isr,2004,156.00
isr,2005,155.00
isr,2006,153.00
isr,2007,151.00
isr,2008,150.00
isr,2009,148.00
isr,2010,146.00
isr,2011,144.00
isr,2012,142.00
isr,2013,141.00
isr,2014,139.00
isr,2015,138.00
isr,2016,136.00
isr,2017,135.00
isr,2018,134.00
isr,2019,133.00
isr,2020,131.00
isr,2021,131.00
isr,2022,131.00
isr,2023,130.00
isr,2024,129.00
ita,1991,1184.0
ita,1992,1152.0
ita,1993,1124.0
ita,1994,1104.0
ita,1995,1072.0
ita,1996,1026.0
ita,1997,965.00
ita,1998,897.00
ita,1999,834.00
ita,2000,775.00
ita,2001,733.00
ita,2002,701.00
ita,2003,671.00
ita,2004,640.00
ita,2005,606.00
ita,2006,581.00
ita,2007,562.00
ita,2008,546.00
ita,2009,536.00
ita,2010,525.00
ita,2011,513.00
ita,2012,496.00
ita,2013,479.00
ita,2014,465.00
ita,2015,453.00
ita,2016,446.00
ita,2017,436.00
ita,2018,421.00
ita,2019,399.00
ita,2020,374.00
ita,2021,360.00
ita,2022,359.00
ita,2023,366.00
ita,2024,368.00
jam,1991,192.00
jam,1992,189.00
jam,1993,187.00
jam,1994,184.00
jam,1995,182.00
jam,1996,179.00
jam,1997,176.00
jam,1998,173.00
jam,1999,170.00
jam,2000,167.00
jam,2001,164.00
jam,2002,161.00
jam,2003,159.00
jam,2004,157.00
jam,2005,155.00
jam,2006,154.00
jam,2007,151.00
jam,2008,148.00
jam,2009,145.00
jam,2010,141.00
jam,2011,138.00
jam,2012,134.00
jam,2013,131.00
jam,2014,127.00
jam,2015,124.00
jam,2016,121.00
jam,2017,119.00
jam,2018,116.00
jam,2019,114.00
jam,2020,111.00
jam,2021,109.00
jam,2022,107.00
jam,2023,105.00
jam,2024,102.00
jor,1991,407.00
jor,1992,417.00
jor,1993,426.00
jor,1994,435.00
jor,1995,441.00
jor,1996,447.00
jor,1997,454.00
jor,1998,464.00
jor,1999,474.00
jor,2000,485.00
jor,2001,495.00
jor,2002,504.00
jor,2003,509.00
jor,2004,510.00
jor,2005,506.00
jor,2006,499.00
jor,2007,508.00
jor,2008,516.00
jor,2009,506.00
jor,2010,496.00
jor,2011,488.00
jor,2012,483.00
jor,2013,473.00
jor,2014,480.00
jor,2015,501.00
jor,2016,497.00
jor,2017,458.00
jor,2018,398.00
jor,2019,337.00
jor,2020,280.00
jor,2021,231.00
jor,2022,193.00
jor,2023,164.00
jor,2024,143.00
jpn,1991,2562.0
jpn,1992,2446.0
jpn,1993,2335.0
jpn,1994,2223.0
jpn,1995,2105.0
jpn,1996,2373.0
jpn,1997,1873.0
jpn,1998,1766.0
jpn,1999,1663.0
jpn,2000,1565.0
jpn,2001,1476.0
jpn,2002,1394.0
jpn,2003,1324.0
jpn,2004,1266.0
jpn,2005,1216.0
jpn,2006,1176.0
jpn,2007,1141.0
jpn,2008,1108.0
jpn,2009,1080.0
jpn,2010,1052.0
jpn,2011,1026.0
jpn,2012,2196.0
jpn,2013,979.00
jpn,2014,955.00
jpn,2015,928.00
jpn,2016,900.00
jpn,2017,873.00
jpn,2018,847.00
jpn,2019,825.00
jpn,2020,808.00
jpn,2021,796.00
jpn,2022,784.00
jpn,2023,770.00
jpn,2024,752.00
kaz,1991,1934.0
kaz,1992,1995.0
kaz,1993,2029.0
kaz,1994,2034.0
kaz,1995,1993.0
kaz,1996,1922.0
kaz,1997,1837.0
kaz,1998,1738.0
kaz,1999,1634.0
kaz,2000,1544.0
kaz,2001,1476.0
kaz,2002,1409.0
kaz,2003,1344.0
kaz,2004,1287.0
kaz,2005,1239.0
kaz,2006,1196.0
kaz,2007,1152.0
kaz,2008,1104.0
kaz,2009,1054.0
kaz,2010,1004.0
kaz,2011,961.00
kaz,2012,930.00
kaz,2013,912.00
kaz,2014,906.00
kaz,2015,907.00
kaz,2016,911.00
kaz,2017,918.00
kaz,2018,927.00
kaz,2019,933.00
kaz,2020,937.00
kaz,2021,945.00
kaz,2022,957.00
kaz,2023,969.00
kaz,2024,974.00
ken,1991,9930.0
ken,1992,10494
ken,1993,11030
ken,1994,11469
ken,1995,11830
ken,1996,12104
ken,1997,12272
ken,1998,12329
ken,1999,12271
ken,2000,12183
ken,2001,12007
ken,2002,11810
ken,2003,11558
ken,2004,11265
ken,2005,10963
ken,2006,10632
ken,2007,10364
ken,2008,10140
ken,2009,10004
ken,2010,9860.0
ken,2011,9729.0
ken,2012,9575.0
ken,2013,9387.0
ken,2014,9127.0
ken,2015,8770.0
ken,2016,8340.0
ken,2017,7796.0
ken,2018,7244.0
ken,2019,6626.0
ken,2020,5985.0
ken,2021,5399.0
ken,2022,4897.0
ken,2023,4494.0
ken,2024,4184.0
kgz,1991,565.00
kgz,1992,570.00
kgz,1993,576.00
kgz,1994,584.00
kgz,1995,593.00
kgz,1996,601.00
kgz,1997,602.00
kgz,1998,595.00
kgz,1999,580.00
kgz,2000,561.00
kgz,2001,538.00
kgz,2002,509.00
kgz,2003,478.00
kgz,2004,447.00
kgz,2005,421.00
kgz,2006,400.00
kgz,2007,381.00
kgz,2008,365.00
kgz,2009,350.00
kgz,2010,340.00
kgz,2011,334.00
kgz,2012,331.00
kgz,2013,333.00
kgz,2014,337.00
kgz,2015,342.00
kgz,2016,351.00
kgz,2017,361.00
kgz,2018,369.00
kgz,2019,375.00
kgz,2020,381.00
kgz,2021,390.00
kgz,2022,400.00
kgz,2023,409.00
kgz,2024,414.00
khm,1991,5472.0
khm,1992,5628.0
khm,1993,5774.0
khm,1994,5879.0
khm,1995,6053.0
khm,1996,6267.0
khm,1997,6395.0
khm,1998,6439.0
khm,1999,6264.0
khm,2000,5913.0
khm,2001,5527.0
khm,2002,5102.0
khm,2003,4645.0
khm,2004,4180.0
khm,2005,3724.0
khm,2006,3306.0
khm,2007,2932.0
khm,2008,2622.0
khm,2009,2345.0
khm,2010,2106.0
khm,2011,1896.0
khm,2012,1716.0
khm,2013,1558.0
khm,2014,1440.0
khm,2015,1347.0
khm,2016,1271.0
khm,2017,1208.0
khm,2018,1144.0
khm,2019,1083.0
khm,2020,1025.0
khm,2021,978.00
khm,2022,939.00
khm,2023,898.00
khm,2024,860.00
kir,1991,22.000
kir,1992,22.000
kir,1993,22.000
kir,1994,22.000
kir,1995,22.000
kir,1996,22.000
kir,1997,22.000
kir,1998,22.000
kir,1999,21.000
kir,2000,21.000
kir,2001,21.000
kir,2002,21.000
kir,2003,21.000
kir,2004,21.000
kir,2005,21.000
kir,2006,21.000
kir,2007,21.000
kir,2008,21.000
kir,2009,21.000
kir,2010,21.000
kir,2011,21.000
kir,2012,21.000
kir,2013,21.000
kir,2014,21.000
kir,2015,21.000
kir,2016,21.000
kir,2017,22.000
kir,2018,23.000
kir,2019,23.000
kir,2020,24.000
kir,2021,24.000
kir,2022,24.000
kir,2023,24.000
kir,2024,24.000
kna,1991,4.0000
kna,1992,4.0000
kna,1993,4.0000
kna,1994,4.0000
kna,1995,4.0000
kna,1996,4.0000
kna,1997,4.0000
kna,1998,4.0000
kna,1999,4.0000
kna,2000,4.0000
kna,2001,4.0000
kna,2002,3.0000
kna,2003,3.0000
kna,2004,2.0000
kna,2005,2.0000
kna,2006,2.0000
kna,2007,2.0000
kna,2008,2.0000
kna,2009,2.0000
kna,2010,2.0000
kna,2011,1.0000
kna,2012,1.0000
kna,2013,1.0000
kna,2014,1.0000
kna,2015,1.0000
kna,2016,1.0000
kna,2017,1.0000
kna,2018,1.0000
kna,2019,1.0000
kna,2020,1.0000
kna,2021,0.0000
kna,2022,0.0000
kna,2023,0.0000
kna,2024,0.0000
kor,1991,3499.0
kor,1992,3265.0
kor,1993,3028.0
kor,1994,2799.0
kor,1995,2571.0
kor,1996,2340.0
kor,1997,2122.0
kor,1998,1931.0
kor,1999,1761.0
kor,2000,1615.0
kor,2001,1493.0
kor,2002,1387.0
kor,2003,1294.0
kor,2004,1206.0
kor,2005,1124.0
kor,2006,1047.0
kor,2007,971.00
kor,2008,889.00
kor,2009,809.00
kor,2010,732.00
kor,2011,660.00
kor,2012,593.00
kor,2013,536.00
kor,2014,488.00
kor,2015,448.00
kor,2016,416.00
kor,2017,390.00
kor,2018,375.00
kor,2019,366.00
kor,2020,360.00
kor,2021,357.00
kor,2022,356.00
kor,2023,348.00
kor,2024,334.00
kwt,1991,204.00
kwt,1992,125.00
kwt,1993,142.00
kwt,1994,132.00
kwt,1995,115.00
kwt,1996,106.00
kwt,1997,101.00
kwt,1998,98.000
kwt,1999,95.000
kwt,2000,93.000
kwt,2001,92.000
kwt,2002,91.000
kwt,2003,91.000
kwt,2004,91.000
kwt,2005,90.000
kwt,2006,90.000
kwt,2007,90.000
kwt,2008,91.000
kwt,2009,91.000
kwt,2010,90.000
kwt,2011,89.000
kwt,2012,87.000
kwt,2013,86.000
kwt,2014,87.000
kwt,2015,88.000
kwt,2016,93.000
kwt,2017,100.00
kwt,2018,104.00
kwt,2019,108.00
kwt,2020,110.00
kwt,2021,108.00
kwt,2022,101.00
kwt,2023,99.000
kwt,2024,97.000
lao,1991,3779.0
lao,1992,3701.0
lao,1993,3671.0
lao,1994,3634.0
lao,1995,3588.0
lao,1996,3551.0
lao,1997,3512.0
lao,1998,3456.0
lao,1999,3393.0
lao,2000,3312.0
lao,2001,3220.0
lao,2002,3105.0
lao,2003,2980.0
lao,2004,2837.0
lao,2005,2679.0
lao,2006,2526.0
lao,2007,2351.0
lao,2008,2167.0
lao,2009,1992.0
lao,2010,1827.0
lao,2011,1667.0
lao,2012,1520.0
lao,2013,1386.0
lao,2014,1258.0
lao,2015,1137.0
lao,2016,1028.0
lao,2017,930.00
lao,2018,850.00
lao,2019,782.00
lao,2020,730.00
lao,2021,684.00
lao,2022,647.00
lao,2023,612.00
lao,2024,583.00
lbn,1991,414.00
lbn,1992,404.00
lbn,1993,394.00
lbn,1994,385.00
lbn,1995,375.00
lbn,1996,366.00
lbn,1997,357.00
lbn,1998,346.00
lbn,1999,334.00
lbn,2000,320.00
lbn,2001,306.00
lbn,2002,291.00
lbn,2003,275.00
lbn,2004,261.00
lbn,2005,246.00
lbn,2006,234.00
lbn,2007,224.00
lbn,2008,216.00
lbn,2009,209.00
lbn,2010,203.00
lbn,2011,198.00
lbn,2012,195.00
lbn,2013,195.00
lbn,2014,210.00
lbn,2015,231.00
lbn,2016,239.00
lbn,2017,244.00
lbn,2018,253.00
lbn,2019,265.00
lbn,2020,278.00
lbn,2021,292.00
lbn,2022,306.00
lbn,2023,321.00
lbn,2024,333.00
lbr,1991,1502.0
lbr,1992,1347.0
lbr,1993,1432.0
lbr,1994,1702.0
lbr,1995,1816.0
lbr,1996,1657.0
lbr,1997,1740.0
lbr,1998,1585.0
lbr,1999,1716.0
lbr,2000,1775.0
lbr,2001,1799.0
lbr,2002,1802.0
lbr,2003,1801.0
lbr,2004,2007.0
lbr,2005,1732.0
lbr,2006,1740.0
lbr,2007,1759.0
lbr,2008,1765.0
lbr,2009,1749.0
lbr,2010,1729.0
lbr,2011,1721.0
lbr,2012,1730.0
lbr,2013,1746.0
lbr,2014,1760.0
lbr,2015,2045.0
lbr,2016,2094.0
lbr,2017,1764.0
lbr,2018,1748.0
lbr,2019,1728.0
lbr,2020,1698.0
lbr,2021,1661.0
lbr,2022,1612.0
lbr,2023,1556.0
lbr,2024,1494.0
lby,1991,705.00
lby,1992,679.00
lby,1993,651.00
lby,1994,620.00
lby,1995,584.00
lby,1996,544.00
lby,1997,503.00
lby,1998,463.00
lby,1999,428.00
lby,2000,399.00
lby,2001,378.00
lby,2002,364.00
lby,2003,352.00
lby,2004,342.00
lby,2005,331.00
lby,2006,319.00
lby,2007,306.00
lby,2008,289.00
lby,2009,275.00
lby,2010,264.00
lby,2011,255.00
lby,2012,374.00
lby,2013,233.00
lby,2014,228.00
lby,2015,257.00
lby,2016,254.00
lby,2017,248.00
lby,2018,226.00
lby,2019,193.00
lby,2020,221.00
lby,2021,204.00
lby,2022,172.00
lby,2023,164.00
lby,2024,1467.0
lca,1991,11.000
lca,1992,11.000
lca,1993,12.000
lca,1994,12.000
lca,1995,12.000
lca,1996,12.000
lca,1997,12.000
lca,1998,12.000
lca,1999,12.000
lca,2000,12.000
lca,2001,11.000
lca,2002,11.000
lca,2003,11.000
lca,2004,10.000
lca,2005,10.000
lca,2006,10.000
lca,2007,9.0000
lca,2008,8.0000
lca,2009,8.0000
lca,2010,8.0000
lca,2011,7.0000
lca,2012,7.0000
lca,2013,7.0000
lca,2014,6.0000
lca,2015,6.0000
lca,2016,6.0000
lca,2017,6.0000
lca,2018,5.0000
lca,2019,5.0000
lca,2020,5.0000
lca,2021,4.0000
lca,2022,4.0000
lca,2023,4.0000
lca,2024,3.0000
lka,1991,2371.0
lka,1992,2254.0
lka,1993,2133.0
lka,1994,2016.0
lka,1995,1910.0
lka,1996,1830.0
lka,1997,1776.0
lka,1998,1731.0
lka,1999,1686.0
lka,2000,1631.0
lka,2001,1562.0
lka,2002,1480.0
lka,2003,1390.0
lka,2004,1308.0
lka,2005,6463.0
lka,2006,1200.0
lka,2007,1184.0
lka,2008,1187.0
lka,2009,1195.0
lka,2010,2723.0
lka,2011,1175.0
lka,2012,1114.0
lka,2013,1022.0
lka,2014,915.00
lka,2015,810.00
lka,2016,716.00
lka,2017,637.00
lka,2018,571.00
lka,2019,517.00
lka,2020,470.00
lka,2021,429.00
lka,2022,393.00
lka,2023,360.00
lka,2024,331.00
lso,1991,629.00
lso,1992,636.00
lso,1993,643.00
lso,1994,649.00
lso,1995,653.00
lso,1996,655.00
lso,1997,650.00
lso,1998,644.00
lso,1999,632.00
lso,2000,615.00
lso,2001,599.00
lso,2002,581.00
lso,2003,562.00
lso,2004,542.00
lso,2005,521.00
lso,2006,498.00
lso,2007,481.00
lso,2008,469.00
lso,2009,460.00
lso,2010,453.00
lso,2011,445.00
lso,2012,436.00
lso,2013,429.00
lso,2014,421.00
lso,2015,415.00
lso,2016,408.00
lso,2017,400.00
lso,2018,392.00
lso,2019,382.00
lso,2020,372.00
lso,2021,362.00
lso,2022,351.00
lso,2023,339.00
lso,2024,325.00
ltu,1991,228.00
ltu,1992,225.00
ltu,1993,221.00
ltu,1994,213.00
ltu,1995,204.00
ltu,1996,194.00
ltu,1997,184.00
ltu,1998,175.00
ltu,1999,165.00
ltu,2000,154.00
ltu,2001,143.00
ltu,2002,133.00
ltu,2003,122.00
ltu,2004,113.00
ltu,2005,106.00
ltu,2006,99.000
ltu,2007,91.000
ltu,2008,83.000
ltu,2009,75.000
ltu,2010,69.000
ltu,2011,63.000
ltu,2012,58.000
ltu,2013,53.000
ltu,2014,49.000
ltu,2015,46.000
ltu,2016,43.000
ltu,2017,41.000
ltu,2018,39.000
ltu,2019,37.000
ltu,2020,35.000
ltu,2021,33.000
ltu,2022,32.000
ltu,2023,30.000
ltu,2024,28.000
lux,1991,6.0000
lux,1992,6.0000
lux,1993,5.0000
lux,1994,5.0000
lux,1995,5.0000
lux,1996,5.0000
lux,1997,5.0000
lux,1998,4.0000
lux,1999,4.0000
lux,2000,4.0000
lux,2001,4.0000
lux,2002,4.0000
lux,2003,3.0000
lux,2004,3.0000
lux,2005,3.0000
lux,2006,3.0000
lux,2007,3.0000
lux,2008,3.0000
lux,2009,3.0000
lux,2010,3.0000
lux,2011,2.0000
lux,2012,2.0000
lux,2013,2.0000
lux,2014,2.0000
lux,2015,2.0000
lux,2016,2.0000
lux,2017,2.0000
lux,2018,2.0000
lux,2019,2.0000
lux,2020,2.0000
lux,2021,2.0000
lux,2022,2.0000
lux,2023,2.0000
lux,2024,2.0000
lva,1991,190.00
lva,1992,190.00
lva,1993,188.00
lva,1994,181.00
lva,1995,172.00
lva,1996,162.00
lva,1997,151.00
lva,1998,139.00
lva,1999,127.00
lva,2000,115.00
lva,2001,104.00
lva,2002,94.000
lva,2003,84.000
lva,2004,75.000
lva,2005,68.000
lva,2006,61.000
lva,2007,55.000
lva,2008,50.000
lva,2009,46.000
lva,2010,43.000
lva,2011,40.000
lva,2012,37.000
lva,2013,35.000
lva,2014,33.000
lva,2015,31.000
lva,2016,29.000
lva,2017,27.000
lva,2018,25.000
lva,2019,24.000
lva,2020,22.000
lva,2021,21.000
lva,2022,20.000
lva,2023,18.000
lva,2024,17.000
mar,1991,5241.0
mar,1992,5010.0
mar,1993,4760.0
mar,1994,4517.0
mar,1995,4260.0
mar,1996,4015.0
mar,1997,3787.0
mar,1998,3576.0
mar,1999,3371.0
mar,2000,3183.0
mar,2001,2997.0
mar,2002,2824.0
mar,2003,2659.0
mar,2004,2509.0
mar,2005,2354.0
mar,2006,2212.0
mar,2007,2080.0
mar,2008,1966.0
mar,2009,1848.0
mar,2010,1741.0
mar,2011,1643.0
mar,2012,1561.0
mar,2013,1497.0
mar,2014,1444.0
mar,2015,1394.0
mar,2016,1343.0
mar,2017,1295.0
mar,2018,1243.0
mar,2019,1188.0
mar,2020,1131.0
mar,2021,1072.0
mar,2022,1019.0
mar,2023,964.00
mar,2024,1162.0
mco,1991,0.0000
mco,1992,0.0000
mco,1993,0.0000
mco,1994,0.0000
mco,1995,0.0000
mco,1996,0.0000
mco,1997,0.0000
mco,1998,0.0000
mco,1999,0.0000
mco,2000,0.0000
mco,2001,0.0000
mco,2002,0.0000
mco,2003,0.0000
mco,2004,0.0000
mco,2005,0.0000
mco,2006,0.0000
mco,2007,0.0000
mco,2008,0.0000
mco,2009,0.0000
mco,2010,0.0000
mco,2011,0.0000
mco,2012,0.0000
mco,2013,0.0000
mco,2014,0.0000
mco,2015,0.0000
mco,2016,0.0000
mco,2017,0.0000
mco,2018,0.0000
mco,2019,0.0000
mco,2020,0.0000
mco,2021,0.0000
mco,2022,0.0000
mco,2023,0.0000
mco,2024,0.0000
mda,1991,418.00
mda,1992,426.00
mda,1993,431.00
mda,1994,430.00
mda,1995,424.00
mda,1996,412.00
mda,1997,396.00
mda,1998,376.00
mda,1999,353.00
mda,2000,328.00
mda,2001,301.00
mda,2002,273.00
mda,2003,246.00
mda,2004,219.00
mda,2005,196.00
mda,2006,176.00
mda,2007,159.00
mda,2008,145.00
mda,2009,134.00
mda,2010,124.00
mda,2011,115.00
mda,2012,109.00
mda,2013,103.00
mda,2014,99.000
mda,2015,96.000
mda,2016,95.000
mda,2017,94.000
mda,2018,94.000
mda,2019,94.000
mda,2020,93.000
mda,2021,93.000
mda,2022,91.000
mda,2023,90.000
mda,2024,87.000
mdg,1991,10795
mdg,1992,10571
mdg,1993,10266
mdg,1994,9974.0
mdg,1995,9790.0
mdg,1996,9688.0
mdg,1997,9645.0
mdg,1998,9650.0
mdg,1999,9664.0
mdg,2000,9663.0
mdg,2001,9670.0
mdg,2002,9676.0
mdg,2003,9671.0
mdg,2004,9648.0
mdg,2005,9616.0
mdg,2006,9546.0
mdg,2007,9433.0
mdg,2008,9311.0
mdg,2009,9176.0
mdg,2010,9018.0
mdg,2011,8863.0
mdg,2012,8753.0
mdg,2013,8701.0
mdg,2014,8759.0
mdg,2015,8946.0
mdg,2016,9292.0
mdg,2017,9594.0
mdg,2018,9860.0
mdg,2019,10041
mdg,2020,10115
mdg,2021,10146
mdg,2022,10162
mdg,2023,10190
mdg,2024,10171
mdv,1991,55.000
mdv,1992,55.000
mdv,1993,55.000
mdv,1994,54.000
mdv,1995,52.000
mdv,1996,50.000
mdv,1997,48.000
mdv,1998,46.000
mdv,1999,44.000
mdv,2000,41.000
mdv,2001,39.000
mdv,2002,37.000
mdv,2003,35.000
mdv,2004,33.000
mdv,2005,52.000
mdv,2006,29.000
mdv,2007,27.000
mdv,2008,25.000
mdv,2009,23.000
mdv,2010,22.000
mdv,2011,20.000
mdv,2012,19.000
mdv,2013,17.000
mdv,2014,16.000
mdv,2015,16.000
mdv,2016,15.000
mdv,2017,14.000
mdv,2018,13.000
mdv,2019,13.000
mdv,2020,12.000
mdv,2021,11.000
mdv,2022,10.000
mdv,2023,9.0000
mdv,2024,8.0000
mex,1991,10743
mex,1992,9882.0
mex,1993,9154.0
mex,1994,8612.0
mex,1995,8223.0
mex,1996,7970.0
mex,1997,7804.0
mex,1998,7665.0
mex,1999,7527.0
mex,2000,7381.0
mex,2001,7224.0
mex,2002,7058.0
mex,2003,6904.0
mex,2004,6789.0
mex,2005,6697.0
mex,2006,6638.0
mex,2007,6601.0
mex,2008,6575.0
mex,2009,6548.0
mex,2010,6489.0
mex,2011,6394.0
mex,2012,6266.0
mex,2013,6124.0
mex,2014,5984.0
mex,2015,5848.0
mex,2016,5732.0
mex,2017,5636.0
mex,2018,5560.0
mex,2019,5510.0
mex,2020,6112.0
mex,2021,6336.0
mex,2022,6472.0
mex,2023,6259.0
mex,2024,5567.0
mhl,1991,10.000
mhl,1992,10.000
mhl,1993,9.0000
mhl,1994,9.0000
mhl,1995,9.0000
mhl,1996,9.0000
mhl,1997,9.0000
mhl,1998,9.0000
mhl,1999,9.0000
mhl,2000,9.0000
mhl,2001,9.0000
mhl,2002,8.0000
mhl,2003,8.0000
mhl,2004,8.0000
mhl,2005,8.0000
mhl,2006,8.0000
mhl,2007,8.0000
mhl,2008,8.0000
mhl,2009,8.0000
mhl,2010,8.0000
mhl,2011,8.0000
mhl,2012,8.0000
mhl,2013,8.0000
mhl,2014,8.0000
mhl,2015,7.0000
mhl,2016,7.0000
mhl,2017,7.0000
mhl,2018,6.0000
mhl,2019,6.0000
mhl,2020,5.0000
mhl,2021,5.0000
mhl,2022,4.0000
mhl,2023,4.0000
mhl,2024,4.0000
mkd,1991,116.00
mkd,1992,113.00
mkd,1993,108.00
mkd,1994,103.00
mkd,1995,99.000
mkd,1996,96.000
mkd,1997,93.000
mkd,1998,89.000
mkd,1999,86.000
mkd,2000,82.000
mkd,2001,77.000
mkd,2002,72.000
mkd,2003,67.000
mkd,2004,62.000
mkd,2005,58.000
mkd,2006,54.000
mkd,2007,50.000
mkd,2008,47.000
mkd,2009,45.000
mkd,2010,42.000
mkd,2011,40.000
mkd,2012,38.000
mkd,2013,36.000
mkd,2014,35.000
mkd,2015,34.000
mkd,2016,32.000
mkd,2017,31.000
mkd,2018,30.000
mkd,2019,29.000
mkd,2020,28.000
mkd,2021,27.000
mkd,2022,26.000
mkd,2023,25.000
mkd,2024,23.000
mli,1991,9568.0
mli,1992,9600.0
mli,1993,9620.0
mli,1994,9654.0
mli,1995,9676.0
mli,1996,9686.0
mli,1997,9671.0
mli,1998,9664.0
mli,1999,9639.0
mli,2000,9613.0
mli,2001,9580.0
mli,2002,9547.0
mli,2003,9519.0
mli,2004,9518.0
mli,2005,9558.0
mli,2006,9645.0
mli,2007,9749.0
mli,2008,9871.0
mli,2009,10005
mli,2010,10158
mli,2011,10333
mli,2012,10506
mli,2013,10659
mli,2014,10777
mli,2015,10889
mli,2016,10948
mli,2017,10978
mli,2018,11002
mli,2019,10960
mli,2020,10918
mli,2021,10790
mli,2022,10635
mli,2023,10427
mli,2024,10185
mlt,1991,5.0000
mlt,1992,5.0000
mlt,1993,5.0000
mlt,1994,5.0000
mlt,1995,6.0000
mlt,1996,6.0000
mlt,1997,6.0000
mlt,1998,6.0000
mlt,1999,6.0000
mlt,2000,6.0000
mlt,2001,5.0000
mlt,2002,5.0000
mlt,2003,5.0000
mlt,2004,5.0000
mlt,2005,5.0000
mlt,2006,5.0000
mlt,2007,5.0000
mlt,2008,4.0000
mlt,2009,4.0000
mlt,2010,4.0000
mlt,2011,4.0000
mlt,2012,4.0000
mlt,2013,4.0000
mlt,2014,4.0000
mlt,2015,4.0000
mlt,2016,3.0000
mlt,2017,3.0000
mlt,2018,3.0000
mlt,2019,3.0000
mlt,2020,3.0000
mlt,2021,3.0000
mlt,2022,3.0000
mlt,2023,3.0000
mlt,2024,2.0000
mmr,1991,22227
mmr,1992,21933
mmr,1993,21207
mmr,1994,20410
mmr,1995,19489
mmr,1996,18512
mmr,1997,17541
mmr,1998,16758
mmr,1999,16101
mmr,2000,15357
mmr,2001,14602
mmr,2002,13860
mmr,2003,13125
mmr,2004,12346
mmr,2005,11591
mmr,2006,10813
mmr,2007,10058
mmr,2008,9327.0
mmr,2009,32451
mmr,2010,7816.0
mmr,2011,7117.0
mmr,2012,6422.0
mmr,2013,5698.0
mmr,2014,4940.0
mmr,2015,4164.0
mmr,2016,3548.0
mmr,2017,3138.0
mmr,2018,2825.0
mmr,2019,2583.0
mmr,2020,2413.0
mmr,2021,2270.0
mmr,2022,2129.0
mmr,2023,2007.0
mmr,2024,1900.0
mne,1991,23.000
mne,1992,23.000
mne,1993,23.000
mne,1994,22.000
mne,1995,22.000
mne,1996,21.000
mne,1997,20.000
mne,1998,19.000
mne,1999,18.000
mne,2000,18.000
mne,2001,17.000
mne,2002,16.000
mne,2003,15.000
mne,2004,14.000
mne,2005,13.000
mne,2006,13.000
mne,2007,12.000
mne,2008,12.000
mne,2009,11.000
mne,2010,10.000
mne,2011,10.000
mne,2012,10.000
mne,2013,9.0000
mne,2014,9.0000
mne,2015,8.0000
mne,2016,8.0000
mne,2017,8.0000
mne,2018,7.0000
mne,2019,7.0000
mne,2020,7.0000
mne,2021,7.0000
mne,2022,6.0000
mne,2023,6.0000
mne,2024,6.0000
mng,1991,605.00
mng,1992,630.00
mng,1993,647.00
mng,1994,655.00
mng,1995,649.00
mng,1996,629.00
mng,1997,596.00
mng,1998,553.00
mng,1999,504.00
mng,2000,452.00
mng,2001,400.00
mng,2002,353.00
mng,2003,312.00
mng,2004,279.00
mng,2005,252.00
mng,2006,234.00
mng,2007,221.00
mng,2008,213.00
mng,2009,209.00
mng,2010,207.00
mng,2011,207.00
mng,2012,208.00
mng,2013,211.00
mng,2014,215.00
mng,2015,221.00
mng,2016,227.00
mng,2017,233.00
mng,2018,238.00
mng,2019,243.00
mng,2020,248.00
mng,2021,250.00
mng,2022,249.00
mng,2023,244.00
mng,2024,234.00
moz,1991,18029
moz,1992,17589
moz,1993,17198
moz,1994,17002
moz,1995,17342
moz,1996,17465
moz,1997,17080
moz,1998,16609
moz,1999,16052
moz,2000,15474
moz,2001,14913
moz,2002,14369
moz,2003,13850
moz,2004,13359
moz,2005,12886
moz,2006,12402
moz,2007,11926
moz,2008,11467
moz,2009,10979
moz,2010,10481
moz,2011,10003
moz,2012,9537.0
moz,2013,9111.0
moz,2014,8734.0
moz,2015,8431.0
moz,2016,8138.0
moz,2017,7856.0
moz,2018,7558.0
moz,2019,7259.0
moz,2020,6932.0
moz,2021,6622.0
moz,2022,6317.0
moz,2023,6067.0
moz,2024,5857.0
mrt,1991,960.00
mrt,1992,955.00
mrt,1993,951.00
mrt,1994,949.00
mrt,1995,948.00
mrt,1996,946.00
mrt,1997,943.00
mrt,1998,941.00
mrt,1999,944.00
mrt,2000,949.00
mrt,2001,956.00
mrt,2002,958.00
mrt,2003,954.00
mrt,2004,945.00
mrt,2005,932.00
mrt,2006,916.00
mrt,2007,901.00
mrt,2008,890.00
mrt,2009,878.00
mrt,2010,867.00
mrt,2011,860.00
mrt,2012,854.00
mrt,2013,849.00
mrt,2014,840.00
mrt,2015,830.00
mrt,2016,816.00
mrt,2017,798.00
mrt,2018,783.00
mrt,2019,765.00
mrt,2020,749.00
mrt,2021,731.00
mrt,2022,715.00
mrt,2023,697.00
mrt,2024,683.00
msr,1991,0.0000
msr,1992,0.0000
msr,1993,0.0000
msr,1994,0.0000
msr,1995,0.0000
msr,1996,0.0000
msr,1997,0.0000
msr,1998,0.0000
msr,1999,0.0000
msr,2000,0.0000
msr,2001,0.0000
msr,2002,0.0000
msr,2003,0.0000
msr,2004,0.0000
msr,2005,0.0000
msr,2006,0.0000
msr,2007,0.0000
msr,2008,0.0000
msr,2009,0.0000
msr,2010,0.0000
msr,2011,0.0000
msr,2012,0.0000
msr,2013,0.0000
msr,2014,0.0000
msr,2015,0.0000
msr,2016,0.0000
msr,2017,0.0000
msr,2018,0.0000
msr,2019,0.0000
msr,2020,0.0000
msr,2021,0.0000
msr,2022,0.0000
msr,2023,0.0000
msr,2024,0.0000
mus,1991,71.000
mus,1992,69.000
mus,1993,67.000
mus,1994,65.000
mus,1995,63.000
mus,1996,61.000
mus,1997,60.000
mus,1998,58.000
mus,1999,57.000
mus,2000,56.000
mus,2001,55.000
mus,2002,54.000
mus,2003,53.000
mus,2004,51.000
mus,2005,50.000
mus,2006,48.000
mus,2007,46.000
mus,2008,44.000
mus,2009,43.000
mus,2010,41.000
mus,2011,39.000
mus,2012,38.000
mus,2013,36.000
mus,2014,35.000
mus,2015,33.000
mus,2016,32.000
mus,2017,31.000
mus,2018,29.000
mus,2019,28.000
mus,2020,27.000
mus,2021,25.000
mus,2022,23.000
mus,2023,22.000
mus,2024,21.000
mwi,1991,9214.0
mwi,1992,9128.0
mwi,1993,9029.0
mwi,1994,8820.0
mwi,1995,8411.0
mwi,1996,8092.0
mwi,1997,7946.0
mwi,1998,7791.0
mwi,1999,7635.0
mwi,2000,7478.0
mwi,2001,7320.0
mwi,2002,7158.0
mwi,2003,7005.0
mwi,2004,6869.0
mwi,2005,6757.0
mwi,2006,6666.0
mwi,2007,6596.0
mwi,2008,6554.0
mwi,2009,6520.0
mwi,2010,6523.0
mwi,2011,6526.0
mwi,2012,6523.0
mwi,2013,6513.0
mwi,2014,6488.0
mwi,2015,6442.0
mwi,2016,6368.0
mwi,2017,6259.0
mwi,2018,6129.0
mwi,2019,5970.0
mwi,2020,5803.0
mwi,2021,5618.0
mwi,2022,5417.0
mwi,2023,5190.0
mwi,2024,4978.0
mys,1991,2027.0
mys,1992,2009.0
mys,1993,1970.0
mys,1994,1921.0
mys,1995,1877.0
mys,1996,1841.0
mys,1997,1817.0
mys,1998,1794.0
mys,1999,1767.0
mys,2000,1735.0
mys,2001,1705.0
mys,2002,1684.0
mys,2003,1665.0
mys,2004,1647.0
mys,2005,1626.0
mys,2006,1600.0
mys,2007,1569.0
mys,2008,1535.0
mys,2009,1500.0
mys,2010,1466.0
mys,2011,1441.0
mys,2012,1430.0
mys,2013,1428.0
mys,2014,1432.0
mys,2015,1437.0
mys,2016,1434.0
mys,2017,1417.0
mys,2018,1373.0
mys,2019,1297.0
mys,2020,1191.0
mys,2021,1068.0
mys,2022,942.00
mys,2023,828.00
mys,2024,732.00
nam,1991,404.00
nam,1992,403.00
nam,1993,402.00
nam,1994,408.00
nam,1995,419.00
nam,1996,435.00
nam,1997,458.00
nam,1998,485.00
nam,1999,515.00
nam,2000,547.00
nam,2001,574.00
nam,2002,593.00
nam,2003,603.00
nam,2004,607.00
nam,2005,606.00
nam,2006,601.00
nam,2007,590.00
nam,2008,578.00
nam,2009,564.00
nam,2010,548.00
nam,2011,535.00
nam,2012,524.00
nam,2013,519.00
nam,2014,515.00
nam,2015,508.00
nam,2016,502.00
nam,2017,493.00
nam,2018,481.00
nam,2019,467.00
nam,2020,450.00
nam,2021,430.00
nam,2022,407.00
nam,2023,384.00
nam,2024,359.00
ner,1991,13491
ner,1992,13633
ner,1993,13788
ner,1994,13926
ner,1995,14047
ner,1996,14184
ner,1997,14300
ner,1998,14445
ner,1999,14600
ner,2000,14740
ner,2001,14853
ner,2002,14971
ner,2003,15105
ner,2004,15257
ner,2005,15418
ner,2006,15600
ner,2007,15776
ner,2008,16010
ner,2009,16243
ner,2010,16516
ner,2011,16841
ner,2012,17171
ner,2013,17450
ner,2014,17747
ner,2015,18036
ner,2016,18284
ner,2017,18447
ner,2018,18597
ner,2019,18691
ner,2020,18695
ner,2021,18674
ner,2022,18602
ner,2023,18486
ner,2024,18231
nga,1991,91470
nga,1992,92457
nga,1993,93090
nga,1994,93634
nga,1995,93857
nga,1996,94195
nga,1997,94273
nga,1998,94475
nga,1999,94582
nga,2000,94731
nga,2001,94945
nga,2002,95160
nga,2003,95414
nga,2004,95602
nga,2005,95913
nga,2006,96457
nga,2007,97167
nga,2008,97809
nga,2009,98420
nga,2010,98942
nga,2011,99344
nga,2012,99826
nga,2013,99996
nga,2014,100170
nga,2015,100000
nga,2016,99877
nga,2017,99467
nga,2018,98925
nga,2019,98166
nga,2020,96922
nga,2021,95323
nga,2022,92954
nga,2023,89863
nga,2024,86211
nic,1991,727.00
nic,1992,735.00
nic,1993,740.00
nic,1994,742.00
nic,1995,742.00
nic,1996,741.00
nic,1997,734.00
nic,1998,723.00
nic,1999,1584.0
nic,2000,689.00
nic,2001,666.00
nic,2002,639.00
nic,2003,608.00
nic,2004,576.00
nic,2005,541.00
nic,2006,507.00
nic,2007,475.00
nic,2008,448.00
nic,2009,424.00
nic,2010,401.00
nic,2011,379.00
nic,2012,360.00
nic,2013,343.00
nic,2014,326.00
nic,2015,313.00
nic,2016,296.00
nic,2017,282.00
nic,2018,270.00
nic,2019,257.00
nic,2020,244.00
nic,2021,234.00
nic,2022,223.00
nic,2023,213.00
nic,2024,203.00
niu,1991,0.0000
niu,1992,0.0000
niu,1993,0.0000
niu,1994,0.0000
niu,1995,0.0000
niu,1996,0.0000
niu,1997,0.0000
niu,1998,0.0000
niu,1999,0.0000
niu,2000,0.0000
niu,2001,0.0000
niu,2002,0.0000
niu,2003,0.0000
niu,2004,0.0000
niu,2005,0.0000
niu,2006,0.0000
niu,2007,0.0000
niu,2008,0.0000
niu,2009,0.0000
niu,2010,0.0000
niu,2011,0.0000
niu,2012,0.0000
niu,2013,0.0000
niu,2014,0.0000
niu,2015,0.0000
niu,2016,0.0000
niu,2017,0.0000
niu,2018,0.0000
niu,2019,0.0000
niu,2020,0.0000
niu,2021,0.0000
niu,2022,0.0000
niu,2023,0.0000
niu,2024,0.0000
nld,1991,319.00
nld,1992,314.00
nld,1993,310.00
nld,1994,304.00
nld,1995,298.00
nld,1996,292.00
nld,1997,286.00
nld,1998,281.00
nld,1999,276.00
nld,2000,272.00
nld,2001,266.00
nld,2002,259.00
nld,2003,251.00
nld,2004,242.00
nld,2005,232.00
nld,2006,222.00
nld,2007,211.00
nld,2008,201.00
nld,2009,192.00
nld,2010,185.00
nld,2011,178.00
nld,2012,172.00
nld,2013,167.00
nld,2014,161.00
nld,2015,156.00
nld,2016,152.00
nld,2017,148.00
nld,2018,145.00
nld,2019,142.00
nld,2020,140.00
nld,2021,139.00
nld,2022,138.00
nld,2023,136.00
nld,2024,134.00
nor,1991,91.000
nor,1992,87.000
nor,1993,85.000
nor,1994,83.000
nor,1995,81.000
nor,1996,80.000
nor,1997,79.000
nor,1998,77.000
nor,1999,76.000
nor,2000,75.000
nor,2001,74.000
nor,2002,72.000
nor,2003,71.000
nor,2004,69.000
nor,2005,67.000
nor,2006,64.000
nor,2007,62.000
nor,2008,59.000
nor,2009,57.000
nor,2010,55.000
nor,2011,53.000
nor,2012,51.000
nor,2013,49.000
nor,2014,48.000
nor,2015,47.000
nor,2016,46.000
nor,2017,45.000
nor,2018,45.000
nor,2019,45.000
nor,2020,44.000
nor,2021,43.000
nor,2022,42.000
nor,2023,40.000
nor,2024,39.000
npl,1991,11804
npl,1992,11516
npl,1993,11185
npl,1994,10832
npl,1995,10459
npl,1996,10063
npl,1997,9656.0
npl,1998,9226.0
npl,1999,8794.0
npl,2000,8337.0
npl,2001,7861.0
npl,2002,7356.0
npl,2003,6836.0
npl,2004,6319.0
npl,2005,5829.0
npl,2006,5400.0
npl,2007,5034.0
npl,2008,4725.0
npl,2009,4470.0
npl,2010,4268.0
npl,2011,4071.0
npl,2012,3880.0
npl,2013,3679.0
npl,2014,3448.0
npl,2015,3210.0
npl,2016,4390.0
npl,2017,2765.0
npl,2018,2562.0
npl,2019,2370.0
npl,2020,2211.0
npl,2021,2072.0
npl,2022,1952.0
npl,2023,1838.0
npl,2024,1730.0
nru,1991,2.0000
nru,1992,2.0000
nru,1993,2.0000
nru,1994,2.0000
nru,1995,2.0000
nru,1996,2.0000
nru,1997,2.0000
nru,1998,1.0000
nru,1999,1.0000
nru,2000,1.0000
nru,2001,1.0000
nru,2002,1.0000
nru,2003,1.0000
nru,2004,0.0000
nru,2005,0.0000
nru,2006,0.0000
nru,2007,0.0000
nru,2008,0.0000
nru,2009,0.0000
nru,2010,0.0000
nru,2011,0.0000
nru,2012,0.0000
nru,2013,0.0000
nru,2014,0.0000
nru,2015,0.0000
nru,2016,0.0000
nru,2017,0.0000
nru,2018,0.0000
nru,2019,0.0000
nru,2020,0.0000
nru,2021,0.0000
nru,2022,0.0000
nru,2023,0.0000
nru,2024,0.0000
nzl,1991,125.00
nzl,1992,123.00
nzl,1993,119.00
nzl,1994,116.00
nzl,1995,114.00
nzl,1996,113.00
nzl,1997,112.00
nzl,1998,111.00
nzl,1999,109.00
nzl,2000,106.00
nzl,2001,103.00
nzl,2002,100.00
nzl,2003,97.000
nzl,2004,94.000
nzl,2005,90.000
nzl,2006,87.000
nzl,2007,83.000
nzl,2008,79.000
nzl,2009,76.000
nzl,2010,73.000
nzl,2011,70.000
nzl,2012,68.000
nzl,2013,66.000
nzl,2014,65.000
nzl,2015,64.000
nzl,2016,63.000
nzl,2017,63.000
nzl,2018,64.000
nzl,2019,64.000
nzl,2020,64.000
nzl,2021,63.000
nzl,2022,61.000
nzl,2023,59.000
nzl,2024,56.000
omn,1991,275.00
omn,1992,263.00
omn,1993,251.00
omn,1994,238.00
omn,1995,225.00
omn,1996,212.00
omn,1997,200.00
omn,1998,189.00
omn,1999,178.00
omn,2000,167.00
omn,2001,158.00
omn,2002,148.00
omn,2003,139.00
omn,2004,131.00
omn,2005,125.00
omn,2006,119.00
omn,2007,113.00
omn,2008,123.00
omn,2009,104.00
omn,2010,101.00
omn,2011,99.000
omn,2012,98.000
omn,2013,98.000
omn,2014,100.00
omn,2015,105.00
omn,2016,109.00
omn,2017,113.00
omn,2018,117.00
omn,2019,122.00
omn,2020,129.00
omn,2021,138.00
omn,2022,146.00
omn,2023,152.00
omn,2024,159.00
pak,1991,40730
pak,1992,42719
pak,1993,44194
pak,1994,45263
pak,1995,46074
pak,1996,46674
pak,1997,46959
pak,1998,46852
pak,1999,46224
pak,2000,45339
pak,2001,44490
pak,2002,43405
pak,2003,42132
pak,2004,41027
pak,2005,40722
pak,2006,56018
pak,2007,41108
pak,2008,41225
pak,2009,41136
pak,2010,40751
pak,2011,40116
pak,2012,39321
pak,2013,38521
pak,2014,37622
pak,2015,36782
pak,2016,35935
pak,2017,35029
pak,2018,34045
pak,2019,32973
pak,2020,31884
pak,2021,30842
pak,2022,29622
pak,2023,28356
pak,2024,27008
pan,1991,263.00
pan,1992,266.00
pan,1993,267.00
pan,1994,266.00
pan,1995,265.00
pan,1996,263.00
pan,1997,260.00
pan,1998,258.00
pan,1999,254.00
pan,2000,250.00
pan,2001,246.00
pan,2002,242.00
pan,2003,238.00
pan,2004,236.00
pan,2005,235.00
pan,2006,235.00
pan,2007,237.00
pan,2008,240.00
pan,2009,244.00
pan,2010,248.00
pan,2011,253.00
pan,2012,256.00
pan,2013,257.00
pan,2014,257.00
pan,2015,255.00
pan,2016,251.00
pan,2017,248.00
pan,2018,245.00
pan,2019,243.00
pan,2020,241.00
pan,2021,238.00
pan,2022,235.00
pan,2023,230.00
pan,2024,224.00
per,1991,4589.0
per,1992,4398.0
per,1993,4201.0
per,1994,4008.0
per,1995,3807.0
per,1996,3602.0
per,1997,3394.0
per,1998,3189.0
per,1999,2991.0
per,2000,2802.0
per,2001,2624.0
per,2002,2456.0
per,2003,2307.0
per,2004,2176.0
per,2005,2069.0
per,2006,1982.0
per,2007,1915.0
per,2008,1863.0
per,2009,1815.0
per,2010,1771.0
per,2011,1725.0
per,2012,1675.0
per,2013,1619.0
per,2014,1569.0
per,2015,1536.0
per,2016,1524.0
per,2017,1535.0
per,2018,1554.0
per,2019,1560.0
per,2020,1536.0
per,2021,1482.0
per,2022,1412.0
per,2023,1334.0
per,2024,1256.0
phl,1991,14731
phl,1992,15893
phl,1993,13496
phl,1994,13014
phl,1995,12669
phl,1996,12432
phl,1997,12249
phl,1998,12059
phl,1999,11829
phl,2000,11580
phl,2001,11325
phl,2002,11087
phl,2003,10879
phl,2004,10679
phl,2005,10507
phl,2006,10349
phl,2007,10193
phl,2008,10068
phl,2009,9959.0
phl,2010,9883.0
phl,2011,9835.0
phl,2012,9833.0
phl,2013,9893.0
phl,2014,11924
phl,2015,10149
phl,2016,10273
phl,2017,10306
phl,2018,10280
phl,2019,10193
phl,2020,10082
phl,2021,9997.0
phl,2022,9952.0
phl,2023,9864.0
phl,2024,9669.0
plw,1991,1.0000
plw,1992,1.0000
plw,1993,1.0000
plw,1994,1.0000
plw,1995,1.0000
plw,1996,0.0000
plw,1997,0.0000
plw,1998,0.0000
plw,1999,0.0000
plw,2000,0.0000
plw,2001,0.0000
plw,2002,0.0000
plw,2003,0.0000
plw,2004,0.0000
plw,2005,0.0000
plw,2006,0.0000
plw,2007,0.0000
plw,2008,0.0000
plw,2009,0.0000
plw,2010,0.0000
plw,2011,0.0000
plw,2012,0.0000
plw,2013,0.0000
plw,2014,0.0000
plw,2015,0.0000
plw,2016,0.0000
plw,2017,0.0000
plw,2018,0.0000
plw,2019,0.0000
plw,2020,0.0000
plw,2021,0.0000
plw,2022,0.0000
plw,2023,0.0000
plw,2024,0.0000
png,1991,1167.0
png,1992,1184.0
png,1993,1205.0
png,1994,1230.0
png,1995,1255.0
png,1996,1278.0
png,1997,1299.0
png,1998,1320.0
png,1999,1741.0
png,2000,1361.0
png,2001,1382.0
png,2002,1402.0
png,2003,1421.0
png,2004,1438.0
png,2005,1454.0
png,2006,1468.0
png,2007,1482.0
png,2008,1495.0
png,2009,1507.0
png,2010,1517.0
png,2011,1524.0
png,2012,1528.0
png,2013,1530.0
png,2014,1530.0
png,2015,1528.0
png,2016,1525.0
png,2017,1517.0
png,2018,1509.0
png,2019,1495.0
png,2020,1482.0
png,2021,1467.0
png,2022,1447.0
png,2023,1424.0
png,2024,1399.0
pol,1991,1783.0
pol,1992,1732.0
pol,1993,1645.0
pol,1994,1543.0
pol,1995,1449.0
pol,1996,1385.0
pol,1997,1329.0
pol,1998,1261.0
pol,1999,1176.0
pol,2000,1088.0
pol,2001,1013.0
pol,2002,948.00
pol,2003,892.00
pol,2004,840.00
pol,2005,786.00
pol,2006,738.00
pol,2007,690.00
pol,2008,642.00
pol,2009,598.00
pol,2010,552.00
pol,2011,515.00
pol,2012,486.00
pol,2013,459.00
pol,2014,438.00
pol,2015,421.00
pol,2016,408.00
pol,2017,398.00
pol,2018,390.00
pol,2019,386.00
pol,2020,385.00
pol,2021,390.00
pol,2022,399.00
pol,2023,416.00
pol,2024,428.00
prk,1991,2219.0
prk,1992,2282.0
prk,1993,2344.0
prk,1994,2391.0
prk,1995,2418.0
prk,1996,5349.0
prk,1997,5351.0
prk,1998,5341.0
prk,1999,5331.0
prk,2000,5306.0
prk,2001,5274.0
prk,2002,5232.0
prk,2003,5177.0
prk,2004,2165.0
prk,2005,2124.0
prk,2006,2086.0
prk,2007,2038.0
prk,2008,1994.0
prk,2009,1896.0
prk,2010,1811.0
prk,2011,1709.0
prk,2012,1604.0
prk,2013,1499.0
prk,2014,1395.0
prk,2015,1302.0
prk,2016,1219.0
prk,2017,1167.0
prk,2018,1085.0
prk,2019,1042.0
prk,2020,1003.0
prk,2021,991.00
prk,2022,995.00
prk,2023,1010.0
prk,2024,1026.0
prt,1991,548.00
prt,1992,513.00
prt,1993,478.00
prt,1994,447.00
prt,1995,418.00
prt,1996,391.00
prt,1997,365.00
prt,1998,339.00
prt,1999,315.00
prt,2000,290.00
prt,2001,267.00
prt,2002,246.00
prt,2003,226.00
prt,2004,209.00
prt,2005,193.00
prt,2006,178.00
prt,2007,165.00
prt,2008,152.00
prt,2009,142.00
prt,2010,132.00
prt,2011,123.00
prt,2012,115.00
prt,2013,108.00
prt,2014,102.00
prt,2015,96.000
prt,2016,91.000
prt,2017,88.000
prt,2018,85.000
prt,2019,82.000
prt,2020,79.000
prt,2021,77.000
prt,2022,75.000
prt,2023,74.000
prt,2024,72.000
pry,1991,405.00
pry,1992,397.00
pry,1993,389.00
pry,1994,381.00
pry,1995,375.00
pry,1996,371.00
pry,1997,367.00
pry,1998,365.00
pry,1999,364.00
pry,2000,366.00
pry,2001,369.00
pry,2002,375.00
pry,2003,381.00
pry,2004,387.00
pry,2005,391.00
pry,2006,393.00
pry,2007,390.00
pry,2008,383.00
pry,2009,373.00
pry,2010,360.00
pry,2011,347.00
pry,2012,334.00
pry,2013,323.00
pry,2014,313.00
pry,2015,305.00
pry,2016,298.00
pry,2017,293.00
pry,2018,288.00
pry,2019,284.00
pry,2020,281.00
pry,2021,276.00
pry,2022,270.00
pry,2023,263.00
pry,2024,254.00
pse,1991,268.00
pse,1992,276.00
pse,1993,284.00
pse,1994,292.00
pse,1995,301.00
pse,1996,310.00
pse,1997,320.00
pse,1998,330.00
pse,1999,337.00
pse,2000,343.00
pse,2001,348.00
pse,2002,352.00
pse,2003,354.00
pse,2004,355.00
pse,2005,356.00
pse,2006,356.00
pse,2007,355.00
pse,2008,354.00
pse,2009,421.00
pse,2010,432.00
pse,2011,343.00
pse,2012,339.00
pse,2013,334.00
pse,2014,329.00
pse,2015,453.00
pse,2016,320.00
pse,2017,316.00
pse,2018,311.00
pse,2019,306.00
pse,2020,299.00
pse,2021,293.00
pse,2022,285.00
pse,2023,277.00
pse,2024,2391.0
qat,1991,24.000
qat,1992,24.000
qat,1993,24.000
qat,1994,24.000
qat,1995,24.000
qat,1996,24.000
qat,1997,24.000
qat,1998,25.000
qat,1999,25.000
qat,2000,26.000
qat,2001,26.000
qat,2002,26.000
qat,2003,26.000
qat,2004,27.000
qat,2005,27.000
qat,2006,28.000
qat,2007,29.000
qat,2008,28.000
qat,2009,28.000
qat,2010,29.000
qat,2011,30.000
qat,2012,31.000
qat,2013,32.000
qat,2014,34.000
qat,2015,35.000
qat,2016,35.000
qat,2017,34.000
qat,2018,34.000
qat,2019,35.000
qat,2020,36.000
qat,2021,39.000
qat,2022,39.000
qat,2023,39.000
qat,2024,39.000
rks,1991,269.00
rks,1992,264.00
rks,1993,259.00
rks,1994,255.00
rks,1995,249.00
rks,1996,242.00
rks,1997,234.00
rks,1998,223.00
rks,1999,207.00
rks,2000,189.00
rks,2001,175.00
rks,2002,162.00
rks,2003,148.00
rks,2004,134.00
rks,2005,122.00
rks,2006,111.00
rks,2007,103.00
rks,2008,97.000
rks,2009,92.000
rks,2010,87.000
rks,2011,83.000
rks,2012,79.000
rks,2013,75.000
rks,2014,71.000
rks,2015,67.000
rks,2016,64.000
rks,2017,60.000
rks,2018,57.000
rks,2019,54.000
rks,2020,51.000
rks,2021,48.000
rks,2022,46.000
rks,2023,43.000
rks,2024,41.000
rou,1991,1825.0
rou,1992,1692.0
rou,1993,1642.0
rou,1994,1708.0
rou,1995,1845.0
rou,1996,1995.0
rou,1997,2073.0
rou,1998,2034.0
rou,1999,1913.0
rou,2000,1741.0
rou,2001,1549.0
rou,2002,1331.0
rou,2003,1102.0
rou,2004,904.00
rou,2005,754.00
rou,2006,670.00
rou,2007,626.00
rou,2008,600.00
rou,2009,581.00
rou,2010,556.00
rou,2011,524.00
rou,2012,488.00
rou,2013,456.00
rou,2014,436.00
rou,2015,422.00
rou,2016,413.00
rou,2017,404.00
rou,2018,393.00
rou,2019,380.00
rou,2020,361.00
rou,2021,344.00
rou,2022,324.00
rou,2023,302.00
rou,2024,271.00
rus,1991,11426
rus,1992,11856
rus,1993,12159
rus,1994,12242
rus,1995,12126
rus,1996,11743
rus,1997,11207
rus,1998,10690
rus,1999,10118
rus,2000,9554.0
rus,2001,9045.0
rus,2002,8448.0
rus,2003,7814.0
rus,2004,7155.0
rus,2005,6477.0
rus,2006,5838.0
rus,2007,5279.0
rus,2008,4850.0
rus,2009,4542.0
rus,2010,4314.0
rus,2011,4136.0
rus,2012,3992.0
rus,2013,3901.0
rus,2014,3843.0
rus,2015,3786.0
rus,2016,3710.0
rus,2017,3610.0
rus,2018,3511.0
rus,2019,3392.0
rus,2020,3263.0
rus,2021,3120.0
rus,2022,2959.0
rus,2023,2774.0
rus,2024,2559.0
rwa,1991,12084
rwa,1992,13966
rwa,1993,16473
rwa,1994,19333
rwa,1995,74723
rwa,1996,16817
rwa,1997,18560
rwa,1998,18777
rwa,1999,16373
rwa,2000,13768
rwa,2001,11657
rwa,2002,10103
rwa,2003,9001.0
rwa,2004,8153.0
rwa,2005,7416.0
rwa,2006,6668.0
rwa,2007,6000.0
rwa,2008,5429.0
rwa,2009,4902.0
rwa,2010,4452.0
rwa,2011,4050.0
rwa,2012,3748.0
rwa,2013,3530.0
rwa,2014,3376.0
rwa,2015,3263.0
rwa,2016,3146.0
rwa,2017,3013.0
rwa,2018,2848.0
rwa,2019,2624.0
rwa,2020,2355.0
rwa,2021,2055.0
rwa,2022,1719.0
rwa,2023,1383.0
rwa,2024,1104.0
sau,1991,1760.0
sau,1992,1739.0
sau,1993,1716.0
sau,1994,1691.0
sau,1995,1660.0
sau,1996,1627.0
sau,1997,1589.0
sau,1998,1549.0
sau,1999,1508.0
sau,2000,1463.0
sau,2001,1450.0
sau,2002,1453.0
sau,2003,1434.0
sau,2004,1396.0
sau,2005,1341.0
sau,2006,1276.0
sau,2007,1206.0
sau,2008,1134.0
sau,2009,1067.0
sau,2010,1005.0
sau,2011,951.00
sau,2012,903.00
sau,2013,864.00
sau,2014,831.00
sau,2015,804.00
sau,2016,781.00
sau,2017,759.00
sau,2018,733.00
sau,2019,708.00
sau,2020,690.00
sau,2021,677.00
sau,2022,664.00
sau,2023,653.00
sau,2024,642.00
sdn,1991,13863
sdn,1992,13755
sdn,1993,13625
sdn,1994,13452
sdn,1995,13273
sdn,1996,13071
sdn,1997,12805
sdn,1998,12498
sdn,1999,12303
sdn,2000,12071
sdn,2001,11814
sdn,2002,11519
sdn,2003,11195
sdn,2004,12896
sdn,2005,14957
sdn,2006,14889
sdn,2007,11070
sdn,2008,9344.0
sdn,2009,10349
sdn,2010,8801.0
sdn,2011,8553.0
sdn,2012,8286.0
sdn,2013,7990.0
sdn,2014,7704.0
sdn,2015,7454.0
sdn,2016,7256.0
sdn,2017,7080.0
sdn,2018,6898.0
sdn,2019,6734.0
sdn,2020,6532.0
sdn,2021,6332.0
sdn,2022,6118.0
sdn,2023,5983.0
sdn,2024,5734.0
sen,1991,6608.0
sen,1992,6605.0
sen,1993,6675.0
sen,1994,6878.0
sen,1995,7163.0
sen,1996,7487.0
sen,1997,7758.0
sen,1998,7972.0
sen,1999,8081.0
sen,2000,8087.0
sen,2001,7997.0
sen,2002,7846.0
sen,2003,7621.0
sen,2004,7333.0
sen,2005,7031.0
sen,2006,6706.0
sen,2007,6398.0
sen,2008,6126.0
sen,2009,5870.0
sen,2010,5623.0
sen,2011,5377.0
sen,2012,5126.0
sen,2013,4872.0
sen,2014,4629.0
sen,2015,4401.0
sen,2016,4190.0
sen,2017,4001.0
sen,2018,3832.0
sen,2019,3669.0
sen,2020,3500.0
sen,2021,3325.0
sen,2022,3126.0
sen,2023,2930.0
sen,2024,2758.0
sgp,1991,90.000
sgp,1992,88.000
sgp,1993,85.000
sgp,1994,82.000
sgp,1995,81.000
sgp,1996,78.000
sgp,1997,76.000
sgp,1998,74.000
sgp,1999,71.000
sgp,2000,69.000
sgp,2001,67.000
sgp,2002,65.000
sgp,2003,62.000
sgp,2004,59.000
sgp,2005,56.000
sgp,2006,54.000
sgp,2007,52.000
sgp,2008,49.000
sgp,2009,47.000
sgp,2010,45.000
sgp,2011,43.000
sgp,2012,41.000
sgp,2013,40.000
sgp,2014,38.000
sgp,2015,37.000
sgp,2016,36.000
sgp,2017,35.000
sgp,2018,34.000
sgp,2019,34.000
sgp,2020,34.000
sgp,2021,33.000
sgp,2022,32.000
sgp,2023,32.000
sgp,2024,32.000
slb,1991,55.000
slb,1992,55.000
slb,1993,55.000
slb,1994,55.000
slb,1995,55.000
slb,1996,55.000
slb,1997,56.000
slb,1998,56.000
slb,1999,56.000
slb,2000,57.000
slb,2001,57.000
slb,2002,57.000
slb,2003,57.000
slb,2004,58.000
slb,2005,58.000
slb,2006,58.000
slb,2007,59.000
slb,2008,69.000
slb,2009,59.000
slb,2010,60.000
slb,2011,60.000
slb,2012,62.000
slb,2013,62.000
slb,2014,63.000
slb,2015,64.000
slb,2016,65.000
slb,2017,66.000
slb,2018,68.000
slb,2019,69.000
slb,2020,69.000
slb,2021,80.000
slb,2022,69.000
slb,2023,69.000
slb,2024,68.000
sle,1991,3325.0
sle,1992,3340.0
sle,1993,3247.0
sle,1994,3226.0
sle,1995,3195.0
sle,1996,3169.0
sle,1997,3159.0
sle,1998,3184.0
sle,1999,3184.0
sle,2000,3170.0
sle,2001,3220.0
sle,2002,3372.0
sle,2003,3511.0
sle,2004,3601.0
sle,2005,3670.0
sle,2006,3702.0
sle,2007,3716.0
sle,2008,3718.0
sle,2009,3725.0
sle,2010,3732.0
sle,2011,3773.0
sle,2012,3840.0
sle,2013,3929.0
sle,2014,4011.0
sle,2015,4068.0
sle,2016,4107.0
sle,2017,4120.0
sle,2018,4107.0
sle,2019,4058.0
sle,2020,3996.0
sle,2021,3901.0
sle,2022,3797.0
sle,2023,3679.0
sle,2024,3575.0
slv,1991,847.00
slv,1992,794.00
slv,1993,749.00
slv,1994,706.00
slv,1995,663.00
slv,1996,626.00
slv,1997,593.00
slv,1998,564.00
slv,1999,668.00
slv,2000,520.00
slv,2001,505.00
slv,2002,725.00
slv,2003,485.00
slv,2004,477.00
slv,2005,471.00
slv,2006,464.00
slv,2007,457.00
slv,2008,448.00
slv,2009,437.00
slv,2010,492.00
slv,2011,412.00
slv,2012,400.00
slv,2013,391.00
slv,2014,384.00
slv,2015,380.00
slv,2016,378.00
slv,2017,379.00
slv,2018,382.00
slv,2019,385.00
slv,2020,385.00
slv,2021,382.00
slv,2022,375.00
slv,2023,360.00
slv,2024,342.00
smr,1991,0.0000
smr,1992,0.0000
smr,1993,0.0000
smr,1994,0.0000
smr,1995,0.0000
smr,1996,0.0000
smr,1997,0.0000
smr,1998,0.0000
smr,1999,0.0000
smr,2000,0.0000
smr,2001,0.0000
smr,2002,0.0000
smr,2003,0.0000
smr,2004,0.0000
smr,2005,0.0000
smr,2006,0.0000
smr,2007,0.0000
smr,2008,0.0000
smr,2009,0.0000
smr,2010,0.0000
smr,2011,0.0000
smr,2012,0.0000
smr,2013,0.0000
smr,2014,0.0000
smr,2015,0.0000
smr,2016,0.0000
smr,2017,0.0000
smr,2018,0.0000
smr,2019,0.0000
smr,2020,0.0000
smr,2021,0.0000
smr,2022,0.0000
smr,2023,0.0000
smr,2024,0.0000
som,1991,6188.0
som,1992,23916
som,1993,24324
som,1994,5786.0
som,1995,6026.0
som,1996,6138.0
som,1997,6204.0
som,1998,6305.0
som,1999,6565.0
som,2000,6900.0
som,2001,7275.0
som,2002,7690.0
som,2003,8091.0
som,2004,8459.0
som,2005,8827.0
som,2006,9215.0
som,2007,9567.0
som,2008,9853.0
som,2009,9967.0
som,2010,9961.0
som,2011,13079
som,2012,35075
som,2013,13597
som,2014,9454.0
som,2015,9384.0
som,2016,9295.0
som,2017,9249.0
som,2018,13055
som,2019,11176
som,2020,9421.0
som,2021,9534.0
som,2022,9633.0
som,2023,15094
som,2024,9653.0
srb,1991,312.00
srb,1992,299.00
srb,1993,286.00
srb,1994,273.00
srb,1995,260.00
srb,1996,249.00
srb,1997,239.00
srb,1998,230.00
srb,1999,221.00
srb,2000,210.00
srb,2001,198.00
srb,2002,185.00
srb,2003,173.00
srb,2004,160.00
srb,2005,147.00
srb,2006,135.00
srb,2007,125.00
srb,2008,117.00
srb,2009,111.00
srb,2010,105.00
srb,2011,100.00
srb,2012,95.000
srb,2013,91.000
srb,2014,88.000
srb,2015,85.000
srb,2016,83.000
srb,2017,81.000
srb,2018,79.000
srb,2019,77.000
srb,2020,76.000
srb,2021,75.000
srb,2022,75.000
srb,2023,74.000
srb,2024,74.000
ssd,1991,17365
ssd,1992,17030
ssd,1993,27351
ssd,1994,26482
ssd,1995,5129.0
ssd,1996,15752
ssd,1997,15787
ssd,1998,15834
ssd,1999,33604
ssd,2000,7860.0
ssd,2001,6498.0
ssd,2002,6488.0
ssd,2003,6478.0
ssd,2004,5099.0
ssd,2005,5062.0
ssd,2006,5027.0
ssd,2007,4992.0
ssd,2008,4976.0
ssd,2009,4952.0
ssd,2010,4913.0
ssd,2011,4880.0
ssd,2012,4855.0
ssd,2013,4874.0
ssd,2014,4977.0
ssd,2015,13137
ssd,2016,19047
ssd,2017,22437
ssd,2018,24163
ssd,2019,9484.0
ssd,2020,5420.0
ssd,2021,5411.0
ssd,2022,5345.0
ssd,2023,5253.0
ssd,2024,5251.0
stp,1991,59.000
stp,1992,61.000
stp,1993,62.000
stp,1994,63.000
stp,1995,64.000
stp,1996,63.000
stp,1997,62.000
stp,1998,61.000
stp,1999,58.000
stp,2000,55.000
stp,2001,52.000
stp,2002,48.000
stp,2003,45.000
stp,2004,42.000
stp,2005,39.000
stp,2006,37.000
stp,2007,35.000
stp,2008,33.000
stp,2009,31.000
stp,2010,30.000
stp,2011,28.000
stp,2012,26.000
stp,2013,25.000
stp,2014,23.000
stp,2015,22.000
stp,2016,20.000
stp,2017,19.000
stp,2018,18.000
stp,2019,17.000
stp,2020,16.000
stp,2021,15.000
stp,2022,15.000
stp,2023,14.000
stp,2024,14.000
sur,1991,37.000
sur,1992,37.000
sur,1993,37.000
sur,1994,36.000
sur,1995,36.000
sur,1996,36.000
sur,1997,35.000
sur,1998,35.000
sur,1999,34.000
sur,2000,33.000
sur,2001,33.000
sur,2002,32.000
sur,2003,32.000
sur,2004,32.000
sur,2005,32.000
sur,2006,32.000
sur,2007,32.000
sur,2008,32.000
sur,2009,32.000
sur,2010,32.000
sur,2011,32.000
sur,2012,32.000
sur,2013,32.000
sur,2014,32.000
sur,2015,32.000
sur,2016,33.000
sur,2017,33.000
sur,2018,33.000
sur,2019,33.000
sur,2020,33.000
sur,2021,33.000
sur,2022,32.000
sur,2023,31.000
sur,2024,30.000
svk,1991,226.00
svk,1992,222.00
svk,1993,217.00
svk,1994,211.00
svk,1995,204.00
svk,1996,197.00
svk,1997,191.00
svk,1998,185.00
svk,1999,177.00
svk,2000,169.00
svk,2001,160.00
svk,2002,150.00
svk,2003,141.00
svk,2004,132.00
svk,2005,124.00
svk,2006,116.00
svk,2007,109.00
svk,2008,102.00
svk,2009,95.000
svk,2010,90.000
svk,2011,86.000
svk,2012,82.000
svk,2013,79.000
svk,2014,76.000
svk,2015,74.000
svk,2016,72.000
svk,2017,71.000
svk,2018,70.000
svk,2019,70.000
svk,2020,68.000
svk,2021,67.000
svk,2022,66.000
svk,2023,65.000
svk,2024,64.000
svn,1991,63.000
svn,1992,60.000
svn,1993,56.000
svn,1994,53.000
svn,1995,50.000
svn,1996,47.000
svn,1997,44.000
svn,1998,41.000
svn,1999,38.000
svn,2000,35.000
svn,2001,33.000
svn,2002,30.000
svn,2003,28.000
svn,2004,26.000
svn,2005,24.000
svn,2006,23.000
svn,2007,21.000
svn,2008,20.000
svn,2009,19.000
svn,2010,18.000
svn,2011,17.000
svn,2012,17.000
svn,2013,16.000
svn,2014,16.000
svn,2015,16.000
svn,2016,15.000
svn,2017,15.000
svn,2018,15.000
svn,2019,14.000
svn,2020,14.000
svn,2021,14.000
svn,2022,13.000
svn,2023,13.000
svn,2024,12.000
swe,1991,136.00
swe,1992,133.00
swe,1993,131.00
swe,1994,130.00
swe,1995,130.00
swe,1996,131.00
swe,1997,131.00
swe,1998,132.00
swe,1999,132.00
swe,2000,131.00
swe,2001,130.00
swe,2002,127.00
swe,2003,123.00
swe,2004,118.00
swe,2005,113.00
swe,2006,107.00
swe,2007,101.00
swe,2008,96.000
swe,2009,92.000
swe,2010,88.000
swe,2011,85.000
swe,2012,83.000
swe,2013,82.000
swe,2014,82.000
swe,2015,83.000
swe,2016,83.000
swe,2017,84.000
swe,2018,84.000
swe,2019,85.000
swe,2020,84.000
swe,2021,84.000
swe,2022,82.000
swe,2023,80.000
swe,2024,78.000
swz,1991,228.00
swz,1992,240.00
swz,1993,252.00
swz,1994,263.00
swz,1995,274.00
swz,1996,282.00
swz,1997,295.00
swz,1998,307.00
swz,1999,315.00
swz,2000,320.00
swz,2001,320.00
swz,2002,319.00
swz,2003,316.00
swz,2004,313.00
swz,2005,311.00
swz,2006,309.00
swz,2007,308.00
swz,2008,303.00
swz,2009,297.00
swz,2010,292.00
swz,2011,286.00
swz,2012,280.00
swz,2013,276.00
swz,2014,270.00
swz,2015,263.00
swz,2016,255.00
swz,2017,247.00
swz,2018,239.00
swz,2019,231.00
swz,2020,222.00
swz,2021,214.00
swz,2022,205.00
swz,2023,196.00
swz,2024,188.00
syc,1991,4.0000
syc,1992,4.0000
syc,1993,4.0000
syc,1994,4.0000
syc,1995,4.0000
syc,1996,4.0000
syc,1997,4.0000
syc,1998,4.0000
syc,1999,4.0000
syc,2000,4.0000
syc,2001,4.0000
syc,2002,4.0000
syc,2003,4.0000
syc,2004,4.0000
syc,2005,4.0000
syc,2006,4.0000
syc,2007,4.0000
syc,2008,3.0000
syc,2009,3.0000
syc,2010,3.0000
syc,2011,3.0000
syc,2012,3.0000
syc,2013,3.0000
syc,2014,3.0000
syc,2015,3.0000
syc,2016,2.0000
syc,2017,2.0000
syc,2018,2.0000
syc,2019,2.0000
syc,2020,2.0000
syc,2021,2.0000
syc,2022,2.0000
syc,2023,2.0000
syc,2024,2.0000
syr,1991,3055.0
syr,1992,3107.0
syr,1993,3154.0
syr,1994,3181.0
syr,1995,3189.0
syr,1996,3174.0
syr,1997,3138.0
syr,1998,3076.0
syr,1999,2983.0
syr,2000,2847.0
syr,2001,2670.0
syr,2002,2471.0
syr,2003,2271.0
syr,2004,2099.0
syr,2005,1986.0
syr,2006,1940.0
syr,2007,1945.0
syr,2008,1988.0
syr,2009,2032.0
syr,2010,2060.0
syr,2011,2071.0
syr,2012,2698.0
syr,2013,5577.0
syr,2014,6075.0
syr,2015,5584.0
syr,2016,5770.0
syr,2017,4479.0
syr,2018,4383.0
syr,2019,4025.0
syr,2020,2320.0
syr,2021,1724.0
syr,2022,1411.0
syr,2023,1372.0
syr,2024,1820.0
tca,1991,0.0000
tca,1992,0.0000
tca,1993,0.0000
tca,1994,0.0000
tca,1995,0.0000
tca,1996,0.0000
tca,1997,0.0000
tca,1998,0.0000
tca,1999,0.0000
tca,2000,0.0000
tca,2001,0.0000
tca,2002,0.0000
tca,2003,0.0000
tca,2004,0.0000
tca,2005,0.0000
tca,2006,0.0000
tca,2007,0.0000
tca,2008,0.0000
tca,2009,0.0000
tca,2010,0.0000
tca,2011,0.0000
tca,2012,0.0000
tca,2013,0.0000
tca,2014,0.0000
tca,2015,0.0000
tca,2016,0.0000
tca,2017,0.0000
tca,2018,0.0000
tca,2019,0.0000
tca,2020,0.0000
tca,2021,0.0000
tca,2022,0.0000
tca,2023,0.0000
tca,2024,0.0000
tcd,1991,7166.0
tcd,1992,7233.0
tcd,1993,7355.0
tcd,1994,7430.0
tcd,1995,7501.0
tcd,1996,7640.0
tcd,1997,7813.0
tcd,1998,7981.0
tcd,1999,8178.0
tcd,2000,8320.0
tcd,2001,8411.0
tcd,2002,8551.0
tcd,2003,8692.0
tcd,2004,8820.0
tcd,2005,8943.0
tcd,2006,9053.0
tcd,2007,9130.0
tcd,2008,9188.0
tcd,2009,9218.0
tcd,2010,9268.0
tcd,2011,9344.0
tcd,2012,9413.0
tcd,2013,9459.0
tcd,2014,9514.0
tcd,2015,9540.0
tcd,2016,9538.0
tcd,2017,9515.0
tcd,2018,9473.0
tcd,2019,9394.0
tcd,2020,9292.0
tcd,2021,9195.0
tcd,2022,9040.0
tcd,2023,8877.0
tcd,2024,8672.0
tgo,1991,3316.0
tgo,1992,3299.0
tgo,1993,3280.0
tgo,1994,3158.0
tgo,1995,3067.0
tgo,1996,3103.0
tgo,1997,3118.0
tgo,1998,3105.0
tgo,1999,3079.0
tgo,2000,3047.0
tgo,2001,3011.0
tgo,2002,2972.0
tgo,2003,2928.0
tgo,2004,2881.0
tgo,2005,2838.0
tgo,2006,2796.0
tgo,2007,2754.0
tgo,2008,2704.0
tgo,2009,2657.0
tgo,2010,2597.0
tgo,2011,2532.0
tgo,2012,2469.0
tgo,2013,2410.0
tgo,2014,2349.0
tgo,2015,2286.0
tgo,2016,2223.0
tgo,2017,2149.0
tgo,2018,2083.0
tgo,2019,2015.0
tgo,2020,1947.0
tgo,2021,1883.0
tgo,2022,1821.0
tgo,2023,1770.0
tgo,2024,1707.0
tha,1991,7079.0
tha,1992,6908.0
tha,1993,6773.0
tha,1994,6671.0
tha,1995,6562.0
tha,1996,6417.0
tha,1997,6258.0
tha,1998,6147.0
tha,1999,6133.0
tha,2000,6195.0
tha,2001,6307.0
tha,2002,6413.0
tha,2003,6451.0
tha,2004,6374.0
tha,2005,7289.0
tha,2006,5962.0
tha,2007,5718.0
tha,2008,5487.0
tha,2009,5283.0
tha,2010,5089.0
tha,2011,4881.0
tha,2012,4648.0
tha,2013,4416.0
tha,2014,4213.0
tha,2015,4050.0
tha,2016,3919.0
tha,2017,3799.0
tha,2018,3673.0
tha,2019,3543.0
tha,2020,3422.0
tha,2021,3325.0
tha,2022,3257.0
tha,2023,3215.0
tha,2024,3178.0
tjk,1991,852.00
tjk,1992,964.00
tjk,1993,1235.0
tjk,1994,1150.0
tjk,1995,1196.0
tjk,1996,1194.0
tjk,1997,1401.0
tjk,1998,1047.0
tjk,1999,931.00
tjk,2000,820.00
tjk,2001,735.00
tjk,2002,675.00
tjk,2003,625.00
tjk,2004,587.00
tjk,2005,556.00
tjk,2006,529.00
tjk,2007,507.00
tjk,2008,491.00
tjk,2009,480.00
tjk,2010,471.00
tjk,2011,462.00
tjk,2012,456.00
tjk,2013,452.00
tjk,2014,451.00
tjk,2015,450.00
tjk,2016,453.00
tjk,2017,456.00
tjk,2018,458.00
tjk,2019,460.00
tjk,2020,462.00
tjk,2021,462.00
tjk,2022,455.00
tjk,2023,441.00
tjk,2024,424.00
tkm,1991,596.00
tkm,1992,633.00
tkm,1993,674.00
tkm,1994,717.00
tkm,1995,757.00
tkm,1996,792.00
tkm,1997,814.00
tkm,1998,822.00
tkm,1999,814.00
tkm,2000,795.00
tkm,2001,771.00
tkm,2002,743.00
tkm,2003,715.00
tkm,2004,688.00
tkm,2005,660.00
tkm,2006,631.00
tkm,2007,599.00
tkm,2008,566.00
tkm,2009,531.00
tkm,2010,499.00
tkm,2011,472.00
tkm,2012,452.00
tkm,2013,440.00
tkm,2014,436.00
tkm,2015,437.00
tkm,2016,442.00
tkm,2017,447.00
tkm,2018,452.00
tkm,2019,454.00
tkm,2020,454.00
tkm,2021,452.00
tkm,2022,449.00
tkm,2023,441.00
tkm,2024,429.00
tls,1991,688.00
tls,1992,727.00
tls,1993,722.00
tls,1994,715.00
tls,1995,723.00
tls,1996,789.00
tls,1997,780.00
tls,1998,768.00
tls,1999,837.00
tls,2000,890.00
tls,2001,279.00
tls,2002,291.00
tls,2003,301.00
tls,2004,301.00
tls,2005,293.00
tls,2006,288.00
tls,2007,290.00
tls,2008,291.00
tls,2009,292.00
tls,2010,291.00
tls,2011,291.00
tls,2012,289.00
tls,2013,286.00
tls,2014,282.00
tls,2015,277.00
tls,2016,271.00
tls,2017,265.00
tls,2018,259.00
tls,2019,253.00
tls,2020,248.00
tls,2021,244.00
tls,2022,240.00
tls,2023,236.00
tls,2024,233.00
ton,1991,6.0000
ton,1992,6.0000
ton,1993,7.0000
ton,1994,7.0000
ton,1995,8.0000
ton,1996,8.0000
ton,1997,8.0000
ton,1998,9.0000
ton,1999,9.0000
ton,2000,10.000
ton,2001,10.000
ton,2002,10.000
ton,2003,10.000
ton,2004,11.000
ton,2005,11.000
ton,2006,10.000
ton,2007,10.000
ton,2008,10.000
ton,2009,9.0000
ton,2010,9.0000
ton,2011,8.0000
ton,2012,8.0000
ton,2013,7.0000
ton,2014,7.0000
ton,2015,6.0000
ton,2016,6.0000
ton,2017,5.0000
ton,2018,5.0000
ton,2019,4.0000
ton,2020,4.0000
ton,2021,3.0000
ton,2022,3.0000
ton,2023,3.0000
ton,2024,3.0000
tto,1991,104.00
tto,1992,105.00
tto,1993,105.00
tto,1994,103.00
tto,1995,101.00
tto,1996,98.000
tto,1997,95.000
tto,1998,91.000
tto,1999,87.000
tto,2000,83.000
tto,2001,78.000
tto,2002,74.000
tto,2003,70.000
tto,2004,66.000
tto,2005,63.000
tto,2006,60.000
tto,2007,58.000
tto,2008,55.000
tto,2009,53.000
tto,2010,52.000
tto,2011,50.000
tto,2012,49.000
tto,2013,48.000
tto,2014,47.000
tto,2015,46.000
tto,2016,46.000
tto,2017,45.000
tto,2018,44.000
tto,2019,43.000
tto,2020,42.000
tto,2021,40.000
tto,2022,39.000
tto,2023,37.000
tto,2024,35.000
tun,1991,1261.0
tun,1992,1238.0
tun,1993,1214.0
tun,1994,1181.0
tun,1995,1138.0
tun,1996,1089.0
tun,1997,1042.0
tun,1998,1001.0
tun,1999,961.00
tun,2000,923.00
tun,2001,883.00
tun,2002,841.00
tun,2003,798.00
tun,2004,754.00
tun,2005,714.00
tun,2006,678.00
tun,2007,648.00
tun,2008,625.00
tun,2009,605.00
tun,2010,590.00
tun,2011,579.00
tun,2012,573.00
tun,2013,571.00
tun,2014,573.00
tun,2015,579.00
tun,2016,587.00
tun,2017,592.00
tun,2018,595.00
tun,2019,598.00
tun,2020,599.00
tun,2021,597.00
tun,2022,592.00
tun,2023,583.00
tun,2024,566.00
tur,1991,9416.0
tur,1992,9295.0
tur,1993,9181.0
tur,1994,9082.0
tur,1995,8970.0
tur,1996,8794.0
tur,1997,8566.0
tur,1998,8349.0
tur,1999,8140.0
tur,2000,10682
tur,2001,7821.0
tur,2002,7663.0
tur,2003,7491.0
tur,2004,7290.0
tur,2005,7069.0
tur,2006,6816.0
tur,2007,6534.0
tur,2008,6214.0
tur,2009,5867.0
tur,2010,5472.0
tur,2011,5018.0
tur,2012,4530.0
tur,2013,4053.0
tur,2014,3622.0
tur,2015,3273.0
tur,2016,2999.0
tur,2017,2785.0
tur,2018,2632.0
tur,2019,2533.0
tur,2020,2496.0
tur,2021,2507.0
tur,2022,2526.0
tur,2023,2524.0
tur,2024,8282.0
tuv,1991,1.0000
tuv,1992,1.0000
tuv,1993,1.0000
tuv,1994,1.0000
tuv,1995,1.0000
tuv,1996,1.0000
tuv,1997,1.0000
tuv,1998,1.0000
tuv,1999,1.0000
tuv,2000,1.0000
tuv,2001,1.0000
tuv,2002,0.0000
tuv,2003,0.0000
tuv,2004,0.0000
tuv,2005,0.0000
tuv,2006,0.0000
tuv,2007,0.0000
tuv,2008,0.0000
tuv,2009,0.0000
tuv,2010,0.0000
tuv,2011,0.0000
tuv,2012,0.0000
tuv,2013,0.0000
tuv,2014,0.0000
tuv,2015,0.0000
tuv,2016,0.0000
tuv,2017,0.0000
tuv,2018,0.0000
tuv,2019,0.0000
tuv,2020,0.0000
tuv,2021,0.0000
tuv,2022,0.0000
tuv,2023,0.0000
tuv,2024,0.0000
tza,1991,18176
tza,1992,18340
tza,1993,18450
tza,1994,18470
tza,1995,18388
tza,1996,18181
tza,1997,17904
tza,1998,17540
tza,1999,17119
tza,2000,16590
tza,2001,16167
tza,2002,15831
tza,2003,15506
tza,2004,15263
tza,2005,15052
tza,2006,14848
tza,2007,14730
tza,2008,14709
tza,2009,14835
tza,2010,15203
tza,2011,15633
tza,2012,16112
tza,2013,16484
tza,2014,16674
tza,2015,16737
tza,2016,16727
tza,2017,16642
tza,2018,16517
tza,2019,16393
tza,2020,16283
tza,2021,16100
tza,2022,15860
tza,2023,15755
tza,2024,15549
uga,1991,12976
uga,1992,13213
uga,1993,13475
uga,1994,13747
uga,1995,14025
uga,1996,14266
uga,1997,14487
uga,1998,14686
uga,1999,14868
uga,2000,15052
uga,2001,15218
uga,2002,15340
uga,2003,15377
uga,2004,15389
uga,2005,15353
uga,2006,15297
uga,2007,15238
uga,2008,15163
uga,2009,15064
uga,2010,14977
uga,2011,14864
uga,2012,14717
uga,2013,14548
uga,2014,14352
uga,2015,14120
uga,2016,13852
uga,2017,13620
uga,2018,13389
uga,2019,13144
uga,2020,12833
uga,2021,12499
uga,2022,12124
uga,2023,11781
uga,2024,11407
ukr,1991,3267.0
ukr,1992,3324.0
ukr,1993,3388.0
ukr,1994,3422.0
ukr,1995,3386.0
ukr,1996,3285.0
ukr,1997,3149.0
ukr,1998,2986.0
ukr,1999,2808.0
ukr,2000,2630.0
ukr,2001,2463.0
ukr,2002,2296.0
ukr,2003,2122.0
ukr,2004,1954.0
ukr,2005,1797.0
ukr,2006,1649.0
ukr,2007,1509.0
ukr,2008,1378.0
ukr,2009,1264.0
ukr,2010,1168.0
ukr,2011,1084.0
ukr,2012,1016.0
ukr,2013,963.00
ukr,2014,926.00
ukr,2015,899.00
ukr,2016,877.00
ukr,2017,858.00
ukr,2018,845.00
ukr,2019,835.00
ukr,2020,823.00
ukr,2021,807.00
ukr,2022,783.00
ukr,2023,1153.0
ukr,2024,713.00
unicef_eap,1991,261510
unicef_eap,1992,256520
unicef_eap,1993,247700
unicef_eap,1994,241550
unicef_eap,1995,235240
unicef_eap,1996,233610
unicef_eap,1997,225390
unicef_eap,1998,215240
unicef_eap,1999,205130
unicef_eap,2000,194760
unicef_eap,2001,183900
unicef_eap,2002,174180
unicef_eap,2003,164770
unicef_eap,2004,151840
unicef_eap,2005,173020
unicef_eap,2006,135110
unicef_eap,2007,128540
unicef_eap,2008,123180
unicef_eap,2009,141260
unicef_eap,2010,112300
unicef_eap,2011,107110
unicef_eap,2012,103480
unicef_eap,2013,97941
unicef_eap,2014,96149
unicef_eap,2015,90795
unicef_eap,2016,87699
unicef_eap,2017,84837
unicef_eap,2018,82225
unicef_eap,2019,79792
unicef_eap,2020,77446
unicef_eap,2021,74886
unicef_eap,2022,72485
unicef_eap,2023,70104
unicef_eap,2024,67524
unicef_eapro,1991,254560
unicef_eapro,1992,250020
unicef_eapro,1993,241560
unicef_eapro,1994,235700
unicef_eapro,1995,229770
unicef_eapro,1996,228190
unicef_eapro,1997,220710
unicef_eapro,1998,210800
unicef_eapro,1999,201050
unicef_eapro,2000,190950
unicef_eapro,2001,180340
unicef_eapro,2002,170800
unicef_eapro,2003,161570
unicef_eapro,2004,148800
unicef_eapro,2005,170150
unicef_eapro,2006,132360
unicef_eapro,2007,125900
unicef_eapro,2008,120700
unicef_eapro,2009,138930
unicef_eapro,2010,110060
unicef_eapro,2011,104970
unicef_eapro,2012,100200
unicef_eapro,2013,95996
unicef_eapro,2014,94254
unicef_eapro,2015,88989
unicef_eapro,2016,85964
unicef_eapro,2017,83155
unicef_eapro,2018,80580
unicef_eapro,2019,78192
unicef_eapro,2020,75843
unicef_eapro,2021,73317
unicef_eapro,2022,70909
unicef_eapro,2023,68560
unicef_eapro,2024,65976
unicef_eca,1991,50801
unicef_eca,1992,51005
unicef_eca,1993,52721
unicef_eca,1994,52239
unicef_eca,1995,50120
unicef_eca,1996,49226
unicef_eca,1997,47782
unicef_eca,1998,45807
unicef_eca,1999,43660
unicef_eca,2000,44225
unicef_eca,2001,39433
unicef_eca,2002,37290
unicef_eca,2003,35103
unicef_eca,2004,32958
unicef_eca,2005,30855
unicef_eca,2006,28925
unicef_eca,2007,27164
unicef_eca,2008,25602
unicef_eca,2009,24240
unicef_eca,2010,23014
unicef_eca,2011,21857
unicef_eca,2012,20785
unicef_eca,2013,19878
unicef_eca,2014,19155
unicef_eca,2015,18593
unicef_eca,2016,18133
unicef_eca,2017,17735
unicef_eca,2018,17412
unicef_eca,2019,17138
unicef_eca,2020,16970
unicef_eca,2021,17013
unicef_eca,2022,17071
unicef_eca,2023,17711
unicef_eca,2024,23433
unicef_ecaro,1991,26708
unicef_ecaro,1992,26859
unicef_ecaro,1993,28705
unicef_ecaro,1994,28582
unicef_ecaro,1995,27063
unicef_ecaro,1996,27011
unicef_ecaro,1997,26522
unicef_ecaro,1998,25503
unicef_ecaro,1999,24386
unicef_ecaro,2000,25978
unicef_ecaro,2001,22143
unicef_ecaro,2002,20987
unicef_ecaro,2003,19806
unicef_ecaro,2004,18685
unicef_ecaro,2005,17623
unicef_ecaro,2006,16678
unicef_ecaro,2007,15800
unicef_ecaro,2008,14962
unicef_ecaro,2009,14170
unicef_ecaro,2010,13400
unicef_ecaro,2011,12628
unicef_ecaro,2012,11879
unicef_ecaro,2013,11225
unicef_ecaro,2014,10699
unicef_ecaro,2015,10303
unicef_ecaro,2016,10008
unicef_ecaro,2017,9785.0
unicef_ecaro,2018,9630.0
unicef_ecaro,2019,9538.0
unicef_ecaro,2020,9550.0
unicef_ecaro,2021,9752.0
unicef_ecaro,2022,9955.0
unicef_ecaro,2023,10719
unicef_ecaro,2024,16515
unicef_eeca,1991,38035
unicef_eeca,1992,38649
unicef_eeca,1993,40828
unicef_eeca,1994,40815
unicef_eeca,1995,39177
unicef_eeca,1996,38755
unicef_eeca,1997,37763
unicef_eeca,1998,36243
unicef_eeca,1999,34575
unicef_eeca,2000,35577
unicef_eeca,2001,31203
unicef_eeca,2002,29462
unicef_eeca,2003,27638
unicef_eeca,2004,25834
unicef_eeca,2005,24087
unicef_eeca,2006,22496
unicef_eeca,2007,21054
unicef_eeca,2008,19781
unicef_eeca,2009,18669
unicef_eeca,2010,17667
unicef_eeca,2011,16706
unicef_eeca,2012,15813
unicef_eeca,2013,15068
unicef_eeca,2014,14481
unicef_eeca,2015,14032
unicef_eeca,2016,13661
unicef_eeca,2017,13343
unicef_eeca,2018,13090
unicef_eeca,2019,12884
unicef_eeca,2020,12773
unicef_eeca,2021,12851
unicef_eeca,2022,12921
unicef_eeca,2023,13542
unicef_eeca,2024,19240
unicef_esa,1991,276100
unicef_esa,1992,302270
unicef_esa,1993,324240
unicef_esa,1994,310890
unicef_esa,1995,338750
unicef_esa,1996,288800
unicef_esa,1997,289590
unicef_esa,1998,287780
unicef_esa,1999,303790
unicef_esa,2000,268310
unicef_esa,2001,260950
unicef_esa,2002,255430
unicef_esa,2003,249960
unicef_esa,2004,244830
unicef_esa,2005,241760
unicef_esa,2006,235510
unicef_esa,2007,224720
unicef_esa,2008,216100
unicef_esa,2009,210710
unicef_esa,2010,202610
unicef_esa,2011,200400
unicef_esa,2012,219720
unicef_esa,2013,189770
unicef_esa,2014,179440
unicef_esa,2015,184230
unicef_esa,2016,184990
unicef_esa,2017,183470
unicef_esa,2018,185870
unicef_esa,2019,160700
unicef_esa,2020,150010
unicef_esa,2021,146840
unicef_esa,2022,143890
unicef_esa,2023,147710
unicef_esa,2024,138390
unicef_esaro,1991,259930
unicef_esaro,1992,285740
unicef_esaro,1993,307570
unicef_esaro,1994,294900
unicef_esaro,1995,322640
unicef_esaro,1996,272790
unicef_esaro,1997,273940
unicef_esaro,1998,272660
unicef_esaro,1999,288720
unicef_esaro,2000,253820
unicef_esaro,2001,246510
unicef_esaro,2002,241520
unicef_esaro,2003,236520
unicef_esaro,2004,229440
unicef_esaro,2005,223800
unicef_esaro,2006,217910
unicef_esaro,2007,211470
unicef_esaro,2008,204820
unicef_esaro,2009,198220
unicef_esaro,2010,191840
unicef_esaro,2011,189880
unicef_esaro,2012,209350
unicef_esaro,2013,179940
unicef_esaro,2014,169940
unicef_esaro,2015,174940
unicef_esaro,2016,176390
unicef_esaro,2017,174190
unicef_esaro,2018,176480
unicef_esaro,2019,151460
unicef_esaro,2020,140870
unicef_esaro,2021,137880
unicef_esaro,2022,135080
unicef_esaro,2023,138890
unicef_esaro,2024,129860
unicef_lac,1991,57307
unicef_lac,1992,55772
unicef_lac,1993,54335
unicef_lac,1994,52984
unicef_lac,1995,51717
unicef_lac,1996,50538
unicef_lac,1997,49385
unicef_lac,1998,48234
unicef_lac,1999,52239
unicef_lac,2000,46066
unicef_lac,2001,45058
unicef_lac,2002,44323
unicef_lac,2003,43172
unicef_lac,2004,42324
unicef_lac,2005,42215
unicef_lac,2006,41230
unicef_lac,2007,40038
unicef_lac,2008,39327
unicef_lac,2009,38554
unicef_lac,2010,37787
unicef_lac,2011,51553
unicef_lac,2012,36066
unicef_lac,2013,34665
unicef_lac,2014,33605
unicef_lac,2015,32605
unicef_lac,2016,31678
unicef_lac,2017,30948
unicef_lac,2018,30363
unicef_lac,2019,29711
unicef_lac,2020,29595
unicef_lac,2021,29353
unicef_lac,2022,29430
unicef_lac,2023,28614
unicef_lac,2024,27678
unicef_lacro,1991,57284
unicef_lacro,1992,55748
unicef_lacro,1993,54312
unicef_lacro,1994,52961
unicef_lacro,1995,51694
unicef_lacro,1996,50514
unicef_lacro,1997,49361
unicef_lacro,1998,48208
unicef_lacro,1999,52214
unicef_lacro,2000,46039
unicef_lacro,2001,45031
unicef_lacro,2002,44296
unicef_lacro,2003,43146
unicef_lacro,2004,42297
unicef_lacro,2005,42190
unicef_lacro,2006,41206
unicef_lacro,2007,40014
unicef_lacro,2008,39305
unicef_lacro,2009,38533
unicef_lacro,2010,37765
unicef_lacro,2011,51534
unicef_lacro,2012,36047
unicef_lacro,2013,34645
unicef_lacro,2014,33588
unicef_lacro,2015,32589
unicef_lacro,2016,31662
unicef_lacro,2017,30931
unicef_lacro,2018,30345
unicef_lacro,2019,29695
unicef_lacro,2020,29519
unicef_lacro,2021,29339
unicef_lacro,2022,29418
unicef_lacro,2023,28601
unicef_lacro,2024,27665
unicef_mena,1991,74861
unicef_mena,1992,61967
unicef_mena,1993,58205
unicef_mena,1994,56807
unicef_mena,1995,55304
unicef_mena,1996,53659
unicef_mena,1997,51998
unicef_mena,1998,50277
unicef_mena,1999,48511
unicef_mena,2000,46716
unicef_mena,2001,44963
unicef_mena,2002,43271
unicef_mena,2003,41664
unicef_mena,2004,45489
unicef_mena,2005,39072
unicef_mena,2006,38156
unicef_mena,2007,37472
unicef_mena,2008,36902
unicef_mena,2009,36503
unicef_mena,2010,36173
unicef_mena,2011,35721
unicef_mena,2012,36348
unicef_mena,2013,39022
unicef_mena,2014,39314
unicef_mena,2015,39019
unicef_mena,2016,39593
unicef_mena,2017,37947
unicef_mena,2018,37729
unicef_mena,2019,37763
unicef_mena,2020,35852
unicef_mena,2021,34403
unicef_mena,2022,33986
unicef_mena,2023,33540
unicef_mena,2024,39260
unicef_menaro,1991,90365
unicef_menaro,1992,77323
unicef_menaro,1993,73373
unicef_menaro,1994,71774
unicef_menaro,1995,70081
unicef_menaro,1996,68255
unicef_menaro,1997,66252
unicef_menaro,1998,64251
unicef_menaro,1999,62263
unicef_menaro,2000,60193
unicef_menaro,2001,58166
unicef_menaro,2002,56172
unicef_menaro,2003,54192
unicef_menaro,2004,59775
unicef_menaro,2005,55392
unicef_menaro,2006,54434
unicef_menaro,2007,49806
unicef_menaro,2008,47448
unicef_menaro,2009,48118
unicef_menaro,2010,46121
unicef_menaro,2011,45339
unicef_menaro,2012,45501
unicef_menaro,2013,47602
unicef_menaro,2014,46795
unicef_menaro,2015,44945
unicef_menaro,2016,44850
unicef_menaro,2017,42798
unicef_menaro,2018,42594
unicef_menaro,2019,42851
unicef_menaro,2020,40884
unicef_menaro,2021,39426
unicef_menaro,2022,39131
unicef_menaro,2023,38801
unicef_menaro,2024,45370
unicef_na,1991,9220.0
unicef_na,1992,9204.0
unicef_na,1993,9183.0
unicef_na,1994,9174.0
unicef_na,1995,9133.0
unicef_na,1996,9049.0
unicef_na,1997,8910.0
unicef_na,1998,8708.0
unicef_na,1999,8466.0
unicef_na,2000,8195.0
unicef_na,2001,7934.0
unicef_na,2002,7693.0
unicef_na,2003,7475.0
unicef_na,2004,7270.0
unicef_na,2005,7044.0
unicef_na,2006,6798.0
unicef_na,2007,6541.0
unicef_na,2008,6287.0
unicef_na,2009,6057.0
unicef_na,2010,5858.0
unicef_na,2011,5717.0
unicef_na,2012,5642.0
unicef_na,2013,5633.0
unicef_na,2014,5680.0
unicef_na,2015,5747.0
unicef_na,2016,5819.0
unicef_na,2017,5897.0
unicef_na,2018,5988.0
unicef_na,2019,6085.0
unicef_na,2020,6187.0
unicef_na,2021,6289.0
unicef_na,2022,6366.0
unicef_na,2023,6413.0
unicef_na,2024,6393.0
unicef_rosa,1991,565230
unicef_rosa,1992,603430
unicef_rosa,1993,554400
unicef_rosa,1994,546190
unicef_rosa,1995,538790
unicef_rosa,1996,529070
unicef_rosa,1997,516730
unicef_rosa,1998,501420
unicef_rosa,1999,485650
unicef_rosa,2000,464910
unicef_rosa,2001,447540
unicef_rosa,2002,432150
unicef_rosa,2003,418840
unicef_rosa,2004,407130
unicef_rosa,2005,401590
unicef_rosa,2006,402060
unicef_rosa,2007,375420
unicef_rosa,2008,363380
unicef_rosa,2009,349340
unicef_rosa,2010,335060
unicef_rosa,2011,316170
unicef_rosa,2012,298390
unicef_rosa,2013,280970
unicef_rosa,2014,264530
unicef_rosa,2015,248320
unicef_rosa,2016,234820
unicef_rosa,2017,218110
unicef_rosa,2018,201810
unicef_rosa,2019,187740
unicef_rosa,2020,174100
unicef_rosa,2021,161040
unicef_rosa,2022,150740
unicef_rosa,2023,139890
unicef_rosa,2024,130770
unicef_sa,1991,565230
unicef_sa,1992,603430
unicef_sa,1993,554400
unicef_sa,1994,546190
unicef_sa,1995,538790
unicef_sa,1996,529070
unicef_sa,1997,516730
unicef_sa,1998,501420
unicef_sa,1999,485650
unicef_sa,2000,464910
unicef_sa,2001,447540
unicef_sa,2002,432150
unicef_sa,2003,418840
unicef_sa,2004,407130
unicef_sa,2005,401590
unicef_sa,2006,402060
unicef_sa,2007,375420
unicef_sa,2008,363380
unicef_sa,2009,349340
unicef_sa,2010,335060
unicef_sa,2011,316170
unicef_sa,2012,298390
unicef_sa,2013,280970
unicef_sa,2014,264530
unicef_sa,2015,248320
unicef_sa,2016,234820
unicef_sa,2017,218110
unicef_sa,2018,201810
unicef_sa,2019,187740
unicef_sa,2020,174100
unicef_sa,2021,161040
unicef_sa,2022,150740
unicef_sa,2023,139890
unicef_sa,2024,130770
unicef_ssa,1991,516130
unicef_ssa,1992,546600
unicef_ssa,1993,573380
unicef_ssa,1994,563890
unicef_ssa,1995,595240
unicef_ssa,1996,547160
unicef_ssa,1997,550770
unicef_ssa,1998,551550
unicef_ssa,1999,569890
unicef_ssa,2000,534620
unicef_ssa,2001,528380
unicef_ssa,2002,524160
unicef_ssa,2003,519820
unicef_ssa,2004,515610
unicef_ssa,2005,512770
unicef_ssa,2006,507830
unicef_ssa,2007,498340
unicef_ssa,2008,491230
unicef_ssa,2009,486910
unicef_ssa,2010,506470
unicef_ssa,2011,479440
unicef_ssa,2012,500100
unicef_ssa,2013,469150
unicef_ssa,2014,460920
unicef_ssa,2015,471830
unicef_ssa,2016,471290
unicef_ssa,2017,471480
unicef_ssa,2018,476460
unicef_ssa,2019,448220
unicef_ssa,2020,447060
unicef_ssa,2021,431270
unicef_ssa,2022,428970
unicef_ssa,2023,447110
unicef_ssa,2024,409690
unicef_wca,1991,227110
unicef_wca,1992,231730
unicef_wca,1993,238060
unicef_wca,1994,243720
unicef_wca,1995,247360
unicef_wca,1996,250460
unicef_wca,1997,253280
unicef_wca,1998,255650
unicef_wca,1999,257450
unicef_wca,2000,258720
unicef_wca,2001,260020
unicef_wca,2002,261520
unicef_wca,2003,262690
unicef_wca,2004,263600
unicef_wca,2005,264130
unicef_wca,2006,265190
unicef_wca,2007,266400
unicef_wca,2008,267710
unicef_wca,2009,268780
unicef_wca,2010,296150
unicef_wca,2011,271350
unicef_wca,2012,271080
unicef_wca,2013,271320
unicef_wca,2014,272950
unicef_wca,2015,277640
unicef_wca,2016,274380
unicef_wca,2017,274620
unicef_wca,2018,276130
unicef_wca,2019,272990
unicef_wca,2020,281180
unicef_wca,2021,268200
unicef_wca,2022,267790
unicef_wca,2023,280720
unicef_wca,2024,252260
unicef_wcaro,1991,227110
unicef_wcaro,1992,231730
unicef_wcaro,1993,238060
unicef_wcaro,1994,243720
unicef_wcaro,1995,247360
unicef_wcaro,1996,250460
unicef_wcaro,1997,253280
unicef_wcaro,1998,255650
unicef_wcaro,1999,257450
unicef_wcaro,2000,258720
unicef_wcaro,2001,260020
unicef_wcaro,2002,261520
unicef_wcaro,2003,262690
unicef_wcaro,2004,263600
unicef_wcaro,2005,264130
unicef_wcaro,2006,265190
unicef_wcaro,2007,266400
unicef_wcaro,2008,267710
unicef_wcaro,2009,268780
unicef_wcaro,2010,296150
unicef_wcaro,2011,271350
unicef_wcaro,2012,271080
unicef_wcaro,2013,271320
unicef_wcaro,2014,272950
unicef_wcaro,2015,277640
unicef_wcaro,2016,274380
unicef_wcaro,2017,274620
unicef_wcaro,2018,276130
unicef_wcaro,2019,272990
unicef_wcaro,2020,281180
unicef_wcaro,2021,268200
unicef_wcaro,2022,267790
unicef_wcaro,2023,280720
unicef_wcaro,2024,252260
unicef_we,1991,12682
unicef_we,1992,12264
unicef_we,1993,11813
unicef_we,1994,11342
unicef_we,1995,10862
unicef_we,1996,10399
unicef_we,1997,9942.0
unicef_we,1998,9486.0
unicef_we,1999,9018.0
unicef_we,2000,8569.0
unicef_we,2001,8159.0
unicef_we,2002,7769.0
unicef_we,2003,7406.0
unicef_we,2004,7060.0
unicef_we,2005,6711.0
unicef_we,2006,6376.0
unicef_we,2007,6062.0
unicef_we,2008,5775.0
unicef_we,2009,5528.0
unicef_we,2010,5306.0
unicef_we,2011,5109.0
unicef_we,2012,4934.0
unicef_we,2013,4774.0
unicef_we,2014,4639.0
unicef_we,2015,4527.0
unicef_we,2016,4438.0
unicef_we,2017,4360.0
unicef_we,2018,4288.0
unicef_we,2019,4219.0
unicef_we,2020,4158.0
unicef_we,2021,4120.0
unicef_we,2022,4105.0
unicef_we,2023,4112.0
unicef_we,2024,4110.0
unsdg_australianewzealand,1991,595.00
unsdg_australianewzealand,1992,580.00
unsdg_australianewzealand,1993,564.00
unsdg_australianewzealand,1994,550.00
unsdg_australianewzealand,1995,537.00
unsdg_australianewzealand,1996,525.00
unsdg_australianewzealand,1997,513.00
unsdg_australianewzealand,1998,499.00
unsdg_australianewzealand,1999,485.00
unsdg_australianewzealand,2000,471.00
unsdg_australianewzealand,2001,456.00
unsdg_australianewzealand,2002,441.00
unsdg_australianewzealand,2003,425.00
unsdg_australianewzealand,2004,410.00
unsdg_australianewzealand,2005,395.00
unsdg_australianewzealand,2006,382.00
unsdg_australianewzealand,2007,369.00
unsdg_australianewzealand,2008,359.00
unsdg_australianewzealand,2009,350.00
unsdg_australianewzealand,2010,343.00
unsdg_australianewzealand,2011,336.00
unsdg_australianewzealand,2012,331.00
unsdg_australianewzealand,2013,327.00
unsdg_australianewzealand,2014,324.00
unsdg_australianewzealand,2015,322.00
unsdg_australianewzealand,2016,321.00
unsdg_australianewzealand,2017,321.00
unsdg_australianewzealand,2018,321.00
unsdg_australianewzealand,2019,323.00
unsdg_australianewzealand,2020,325.00
unsdg_australianewzealand,2021,327.00
unsdg_australianewzealand,2022,326.00
unsdg_australianewzealand,2023,322.00
unsdg_australianewzealand,2024,316.00
unsdg_centralasia,1991,7310.0
unsdg_centralasia,1992,7652.0
unsdg_centralasia,1993,8136.0
unsdg_centralasia,1994,8208.0
unsdg_centralasia,1995,8331.0
unsdg_centralasia,1996,8322.0
unsdg_centralasia,1997,8453.0
unsdg_centralasia,1998,7931.0
unsdg_centralasia,1999,7571.0
unsdg_centralasia,2000,7163.0
unsdg_centralasia,2001,6758.0
unsdg_centralasia,2002,6354.0
unsdg_centralasia,2003,5962.0
unsdg_centralasia,2004,5615.0
unsdg_centralasia,2005,5317.0
unsdg_centralasia,2006,5061.0
unsdg_centralasia,2007,4835.0
unsdg_centralasia,2008,4638.0
unsdg_centralasia,2009,4472.0
unsdg_centralasia,2010,4338.0
unsdg_centralasia,2011,4234.0
unsdg_centralasia,2012,4160.0
unsdg_centralasia,2013,4129.0
unsdg_centralasia,2014,4137.0
unsdg_centralasia,2015,4164.0
unsdg_centralasia,2016,4201.0
unsdg_centralasia,2017,4234.0
unsdg_centralasia,2018,4259.0
unsdg_centralasia,2019,4291.0
unsdg_centralasia,2020,4372.0
unsdg_centralasia,2021,4550.0
unsdg_centralasia,2022,4829.0
unsdg_centralasia,2023,5201.0
unsdg_centralasia,2024,5655.0
unsdg_centralasiasouthernasia,1991,594600
unsdg_centralasiasouthernasia,1992,622900
unsdg_centralasiasouthernasia,1993,574370
unsdg_centralasiasouthernasia,1994,565820
unsdg_centralasiasouthernasia,1995,558030
unsdg_centralasiasouthernasia,1996,547990
unsdg_centralasiasouthernasia,1997,535540
unsdg_centralasiasouthernasia,1998,519400
unsdg_centralasiasouthernasia,1999,502700
unsdg_centralasiasouthernasia,2000,480940
unsdg_centralasiasouthernasia,2001,462900
unsdg_centralasiasouthernasia,2002,446560
unsdg_centralasiasouthernasia,2003,432360
unsdg_centralasiasouthernasia,2004,424970
unsdg_centralasiasouthernasia,2005,414030
unsdg_centralasiasouthernasia,2006,414160
unsdg_centralasiasouthernasia,2007,387290
unsdg_centralasiasouthernasia,2008,375020
unsdg_centralasiasouthernasia,2009,360690
unsdg_centralasiasouthernasia,2010,346150
unsdg_centralasiasouthernasia,2011,326970
unsdg_centralasiasouthernasia,2012,308900
unsdg_centralasiasouthernasia,2013,291120
unsdg_centralasiasouthernasia,2014,274380
unsdg_centralasiasouthernasia,2015,257940
unsdg_centralasiasouthernasia,2016,244260
unsdg_centralasiasouthernasia,2017,227440
unsdg_centralasiasouthernasia,2018,211090
unsdg_centralasiasouthernasia,2019,196990
unsdg_centralasiasouthernasia,2020,183400
unsdg_centralasiasouthernasia,2021,170460
unsdg_centralasiasouthernasia,2022,160400
unsdg_centralasiasouthernasia,2023,149980
unsdg_centralasiasouthernasia,2024,141350
unsdg_easternasia,1991,133620
unsdg_easternasia,1992,130020
unsdg_easternasia,1993,127550
unsdg_easternasia,1994,125340
unsdg_easternasia,1995,123050
unsdg_easternasia,1996,124680
unsdg_easternasia,1997,119740
unsdg_easternasia,1998,112610
unsdg_easternasia,1999,105530
unsdg_easternasia,2000,98840
unsdg_easternasia,2001,92061
unsdg_easternasia,2002,85593
unsdg_easternasia,2003,79539
unsdg_easternasia,2004,70237
unsdg_easternasia,2005,64914
unsdg_easternasia,2006,59873
unsdg_easternasia,2007,55595
unsdg_easternasia,2008,52137
unsdg_easternasia,2009,48799
unsdg_easternasia,2010,45671
unsdg_easternasia,2011,42742
unsdg_easternasia,2012,41342
unsdg_easternasia,2013,37869
unsdg_easternasia,2014,35797
unsdg_easternasia,2015,33985
unsdg_easternasia,2016,32207
unsdg_easternasia,2017,30518
unsdg_easternasia,2018,29110
unsdg_easternasia,2019,27815
unsdg_easternasia,2020,26557
unsdg_easternasia,2021,25230
unsdg_easternasia,2022,24011
unsdg_easternasia,2023,22931
unsdg_easternasia,2024,21646
unsdg_easternasiasoutheasternasia,1991,259000
unsdg_easternasiasoutheasternasia,1992,253960
unsdg_easternasiasoutheasternasia,1993,245180
unsdg_easternasiasoutheasternasia,1994,238860
unsdg_easternasiasoutheasternasia,1995,232630
unsdg_easternasiasoutheasternasia,1996,230970
unsdg_easternasiasoutheasternasia,1997,222800
unsdg_easternasiasoutheasternasia,1998,212510
unsdg_easternasiasoutheasternasia,1999,202060
unsdg_easternasiasoutheasternasia,2000,192170
unsdg_easternasiasoutheasternasia,2001,181260
unsdg_easternasiasoutheasternasia,2002,171600
unsdg_easternasiasoutheasternasia,2003,162130
unsdg_easternasiasoutheasternasia,2004,149140
unsdg_easternasiasoutheasternasia,2005,170320
unsdg_easternasiasoutheasternasia,2006,132550
unsdg_easternasiasoutheasternasia,2007,125910
unsdg_easternasiasoutheasternasia,2008,120570
unsdg_easternasiasoutheasternasia,2009,138860
unsdg_easternasiasoutheasternasia,2010,109630
unsdg_easternasiasoutheasternasia,2011,104560
unsdg_easternasiasoutheasternasia,2012,100920
unsdg_easternasiasoutheasternasia,2013,95419
unsdg_easternasiasoutheasternasia,2014,93572
unsdg_easternasiasoutheasternasia,2015,88189
unsdg_easternasiasoutheasternasia,2016,85144
unsdg_easternasiasoutheasternasia,2017,82276
unsdg_easternasiasoutheasternasia,2018,79691
unsdg_easternasiasoutheasternasia,2019,77261
unsdg_easternasiasoutheasternasia,2020,74879
unsdg_easternasiasoutheasternasia,2021,72352
unsdg_easternasiasoutheasternasia,2022,69898
unsdg_easternasiasoutheasternasia,2023,67563
unsdg_easternasiasoutheasternasia,2024,65067
unsdg_europe,1991,32534
unsdg_europe,1992,32431
unsdg_europe,1993,33636
unsdg_europe,1994,33260
unsdg_europe,1995,31145
unsdg_europe,1996,30441
unsdg_europe,1997,29062
unsdg_europe,1998,27829
unsdg_europe,1999,26268
unsdg_europe,2000,24758
unsdg_europe,2001,23323
unsdg_europe,2002,21794
unsdg_europe,2003,20245
unsdg_europe,2004,18743
unsdg_europe,2005,17264
unsdg_europe,2006,15941
unsdg_europe,2007,14783
unsdg_europe,2008,13829
unsdg_europe,2009,13067
unsdg_europe,2010,12429
unsdg_europe,2011,11875
unsdg_europe,2012,11397
unsdg_europe,2013,11015
unsdg_europe,2014,10723
unsdg_europe,2015,10481
unsdg_europe,2016,10253
unsdg_europe,2017,10022
unsdg_europe,2018,9803.0
unsdg_europe,2019,9572.0
unsdg_europe,2020,9341.0
unsdg_europe,2021,9122.0
unsdg_europe,2022,8902.0
unsdg_europe,2023,9123.0
unsdg_europe,2024,8435.0
unsdg_europenorthernamr,1991,41863
unsdg_europenorthernamr,1992,41753
unsdg_europenorthernamr,1993,42948
unsdg_europenorthernamr,1994,42554
unsdg_europenorthernamr,1995,40398
unsdg_europenorthernamr,1996,39605
unsdg_europenorthernamr,1997,38087
unsdg_europenorthernamr,1998,36654
unsdg_europenorthernamr,1999,34849
unsdg_europenorthernamr,2000,33063
unsdg_europenorthernamr,2001,31363
unsdg_europenorthernamr,2002,29595
unsdg_europenorthernamr,2003,27815
unsdg_europenorthernamr,2004,26104
unsdg_europenorthernamr,2005,24393
unsdg_europenorthernamr,2006,22820
unsdg_europenorthernamr,2007,21402
unsdg_europenorthernamr,2008,20185
unsdg_europenorthernamr,2009,19186
unsdg_europenorthernamr,2010,18351
unsdg_europenorthernamr,2011,17650
unsdg_europenorthernamr,2012,17100
unsdg_europenorthernamr,2013,16708
unsdg_europenorthernamr,2014,16459
unsdg_europenorthernamr,2015,16284
unsdg_europenorthernamr,2016,16125
unsdg_europenorthernamr,2017,15973
unsdg_europenorthernamr,2018,15848
unsdg_europenorthernamr,2019,15717
unsdg_europenorthernamr,2020,15589
unsdg_europenorthernamr,2021,15478
unsdg_europenorthernamr,2022,15352
unsdg_europenorthernamr,2023,15648
unsdg_europenorthernamr,2024,14979
unsdg_lac,1991,57307
unsdg_lac,1992,55772
unsdg_lac,1993,54335
unsdg_lac,1994,52984
unsdg_lac,1995,51717
unsdg_lac,1996,50538
unsdg_lac,1997,49385
unsdg_lac,1998,48234
unsdg_lac,1999,52239
unsdg_lac,2000,46066
unsdg_lac,2001,45058
unsdg_lac,2002,44323
unsdg_lac,2003,43172
unsdg_lac,2004,42324
unsdg_lac,2005,42215
unsdg_lac,2006,41230
unsdg_lac,2007,40038
unsdg_lac,2008,39327
unsdg_lac,2009,38554
unsdg_lac,2010,37787
unsdg_lac,2011,51553
unsdg_lac,2012,36066
unsdg_lac,2013,34665
unsdg_lac,2014,33605
unsdg_lac,2015,32605
unsdg_lac,2016,31678
unsdg_lac,2017,30948
unsdg_lac,2018,30363
unsdg_lac,2019,29711
unsdg_lac,2020,29595
unsdg_lac,2021,29353
unsdg_lac,2022,29430
unsdg_lac,2023,28614
unsdg_lac,2024,27678
unsdg_ldc,1991,498400
unsdg_ldc,1992,566700
unsdg_ldc,1993,543240
unsdg_ldc,1994,526200
unsdg_ldc,1995,554430
unsdg_ldc,1996,500090
unsdg_ldc,1997,497860
unsdg_ldc,1998,490580
unsdg_ldc,1999,503530
unsdg_ldc,2000,455030
unsdg_ldc,2001,440720
unsdg_ldc,2002,431650
unsdg_ldc,2003,424860
unsdg_ldc,2004,420240
unsdg_ldc,2005,418140
unsdg_ldc,2006,412610
unsdg_ldc,2007,402710
unsdg_ldc,2008,394400
unsdg_ldc,2009,409810
unsdg_ldc,2010,402690
unsdg_ldc,2011,389860
unsdg_ldc,2012,389100
unsdg_ldc,2013,354640
unsdg_ldc,2014,343180
unsdg_ldc,2015,350530
unsdg_ldc,2016,350150
unsdg_ldc,2017,347100
unsdg_ldc,2018,349700
unsdg_ldc,2019,323030
unsdg_ldc,2020,321360
unsdg_ldc,2021,307340
unsdg_ldc,2022,309120
unsdg_ldc,2023,327960
unsdg_ldc,2024,293950
unsdg_lldc,1991,245320
unsdg_lldc,1992,249900
unsdg_lldc,1993,267500
unsdg_lldc,1994,277590
unsdg_lldc,1995,304330
unsdg_lldc,1996,253220
unsdg_lldc,1997,254100
unsdg_lldc,1998,252170
unsdg_lldc,1999,269910
unsdg_lldc,2000,231740
unsdg_lldc,2001,224320
unsdg_lldc,2002,218600
unsdg_lldc,2003,213280
unsdg_lldc,2004,206140
unsdg_lldc,2005,200720
unsdg_lldc,2006,195430
unsdg_lldc,2007,190070
unsdg_lldc,2008,184840
unsdg_lldc,2009,179890
unsdg_lldc,2010,200680
unsdg_lldc,2011,171800
unsdg_lldc,2012,166540
unsdg_lldc,2013,161650
unsdg_lldc,2014,159300
unsdg_lldc,2015,169170
unsdg_lldc,2016,170390
unsdg_lldc,2017,168640
unsdg_lldc,2018,166920
unsdg_lldc,2019,142460
unsdg_lldc,2020,143850
unsdg_lldc,2021,132800
unsdg_lldc,2022,135000
unsdg_lldc,2023,147230
unsdg_lldc,2024,124510
unsdg_northafr,1991,44915
unsdg_northafr,1992,43731
unsdg_northafr,1993,42464
unsdg_northafr,1994,41229
unsdg_northafr,1995,39932
unsdg_northafr,1996,38516
unsdg_northafr,1997,36993
unsdg_northafr,1998,35499
unsdg_northafr,1999,34060
unsdg_northafr,2000,32669
unsdg_northafr,2001,31358
unsdg_northafr,2002,30106
unsdg_northafr,2003,28856
unsdg_northafr,2004,30224
unsdg_northafr,2005,31199
unsdg_northafr,2006,30568
unsdg_northafr,2007,26318
unsdg_northafr,2008,24246
unsdg_northafr,2009,25017
unsdg_northafr,2010,23188
unsdg_northafr,2011,22728
unsdg_northafr,2012,22473
unsdg_northafr,2013,21696
unsdg_northafr,2014,20890
unsdg_northafr,2015,15703
unsdg_northafr,2016,15089
unsdg_northafr,2017,14871
unsdg_northafr,2018,14675
unsdg_northafr,2019,14558
unsdg_northafr,2020,14638
unsdg_northafr,2021,14598
unsdg_northafr,2022,14528
unsdg_northafr,2023,14514
unsdg_northafr,2024,18116
unsdg_northernamr,1991,9220.0
unsdg_northernamr,1992,9204.0
unsdg_northernamr,1993,9183.0
unsdg_northernamr,1994,9174.0
unsdg_northernamr,1995,9133.0
unsdg_northernamr,1996,9049.0
unsdg_northernamr,1997,8910.0
unsdg_northernamr,1998,8708.0
unsdg_northernamr,1999,8466.0
unsdg_northernamr,2000,8195.0
unsdg_northernamr,2001,7934.0
unsdg_northernamr,2002,7693.0
unsdg_northernamr,2003,7475.0
unsdg_northernamr,2004,7270.0
unsdg_northernamr,2005,7044.0
unsdg_northernamr,2006,6798.0
unsdg_northernamr,2007,6541.0
unsdg_northernamr,2008,6287.0
unsdg_northernamr,2009,6057.0
unsdg_northernamr,2010,5858.0
unsdg_northernamr,2011,5717.0
unsdg_northernamr,2012,5642.0
unsdg_northernamr,2013,5633.0
unsdg_northernamr,2014,5680.0
unsdg_northernamr,2015,5747.0
unsdg_northernamr,2016,5819.0
unsdg_northernamr,2017,5897.0
unsdg_northernamr,2018,5988.0
unsdg_northernamr,2019,6085.0
unsdg_northernamr,2020,6187.0
unsdg_northernamr,2021,6289.0
unsdg_northernamr,2022,6366.0
unsdg_northernamr,2023,6413.0
unsdg_northernamr,2024,6393.0
unsdg_oceania,1991,2209.0
unsdg_oceania,1992,2206.0
unsdg_oceania,1993,2206.0
unsdg_oceania,1994,2210.0
unsdg_oceania,1995,2215.0
unsdg_oceania,1996,2217.0
unsdg_oceania,1997,2217.0
unsdg_oceania,1998,2216.0
unsdg_oceania,1999,2613.0
unsdg_oceania,2000,2207.0
unsdg_oceania,2001,2203.0
unsdg_oceania,2002,2198.0
unsdg_oceania,2003,2205.0
unsdg_oceania,2004,2185.0
unsdg_oceania,2005,2177.0
unsdg_oceania,2006,2169.0
unsdg_oceania,2007,2163.0
unsdg_oceania,2008,2169.0
unsdg_oceania,2009,2153.0
unsdg_oceania,2010,2176.0
unsdg_oceania,2011,2143.0
unsdg_oceania,2012,2138.0
unsdg_oceania,2013,2132.0
unsdg_oceania,2014,2127.0
unsdg_oceania,2015,2122.0
unsdg_oceania,2016,2118.0
unsdg_oceania,2017,2123.0
unsdg_oceania,2018,2108.0
unsdg_oceania,2019,2099.0
unsdg_oceania,2020,2090.0
unsdg_oceania,2021,2092.0
unsdg_oceania,2022,2058.0
unsdg_oceania,2023,2032.0
unsdg_oceania,2024,2001.0
unsdg_oceaniaexausnzl,1991,1599.0
unsdg_oceaniaexausnzl,1992,1614.0
unsdg_oceaniaexausnzl,1993,1630.0
unsdg_oceaniaexausnzl,1994,1649.0
unsdg_oceaniaexausnzl,1995,1666.0
unsdg_oceaniaexausnzl,1996,1679.0
unsdg_oceaniaexausnzl,1997,1692.0
unsdg_oceaniaexausnzl,1998,1703.0
unsdg_oceaniaexausnzl,1999,2114.0
unsdg_oceaniaexausnzl,2000,1723.0
unsdg_oceaniaexausnzl,2001,1734.0
unsdg_oceaniaexausnzl,2002,1744.0
unsdg_oceaniaexausnzl,2003,1767.0
unsdg_oceaniaexausnzl,2004,1761.0
unsdg_oceaniaexausnzl,2005,1769.0
unsdg_oceaniaexausnzl,2006,1775.0
unsdg_oceaniaexausnzl,2007,1781.0
unsdg_oceaniaexausnzl,2008,1799.0
unsdg_oceaniaexausnzl,2009,1791.0
unsdg_oceaniaexausnzl,2010,1825.0
unsdg_oceaniaexausnzl,2011,1796.0
unsdg_oceaniaexausnzl,2012,1797.0
unsdg_oceaniaexausnzl,2013,1796.0
unsdg_oceaniaexausnzl,2014,1794.0
unsdg_oceaniaexausnzl,2015,1791.0
unsdg_oceaniaexausnzl,2016,1788.0
unsdg_oceaniaexausnzl,2017,1794.0
unsdg_oceaniaexausnzl,2018,1776.0
unsdg_oceaniaexausnzl,2019,1765.0
unsdg_oceaniaexausnzl,2020,1753.0
unsdg_oceaniaexausnzl,2021,1751.0
unsdg_oceaniaexausnzl,2022,1718.0
unsdg_oceaniaexausnzl,2023,1692.0
unsdg_oceaniaexausnzl,2024,1664.0
unsdg_sids,1991,10272
unsdg_sids,1992,10259
unsdg_sids,1993,10209
unsdg_sids,1994,10166
unsdg_sids,1995,10144
unsdg_sids,1996,10232
unsdg_sids,1997,10148
unsdg_sids,1998,10078
unsdg_sids,1999,10580
unsdg_sids,2000,10077
unsdg_sids,2001,9239.0
unsdg_sids,2002,9205.0
unsdg_sids,2003,9132.0
unsdg_sids,2004,8989.0
unsdg_sids,2005,9559.0
unsdg_sids,2006,8670.0
unsdg_sids,2007,8514.0
unsdg_sids,2008,8355.0
unsdg_sids,2009,8159.0
unsdg_sids,2010,8003.0
unsdg_sids,2011,22497
unsdg_sids,2012,7912.0
unsdg_sids,2013,7386.0
unsdg_sids,2014,7197.0
unsdg_sids,2015,6983.0
unsdg_sids,2016,6787.0
unsdg_sids,2017,6565.0
unsdg_sids,2018,6355.0
unsdg_sids,2019,6150.0
unsdg_sids,2020,6014.0
unsdg_sids,2021,5815.0
unsdg_sids,2022,5933.0
unsdg_sids,2023,5399.0
unsdg_sids,2024,5196.0
unsdg_southasia,1991,587240
unsdg_southasia,1992,615150
unsdg_southasia,1993,566190
unsdg_southasia,1994,557540
unsdg_southasia,1995,549600
unsdg_southasia,1996,539630
unsdg_southasia,1997,527010
unsdg_southasia,1998,511370
unsdg_southasia,1999,495050
unsdg_southasia,2000,473690
unsdg_southasia,2001,456090
unsdg_southasia,2002,440110
unsdg_southasia,2003,426300
unsdg_southasia,2004,419290
unsdg_southasia,2005,408640
unsdg_southasia,2006,409040
unsdg_southasia,2007,382400
unsdg_southasia,2008,370330
unsdg_southasia,2009,356190
unsdg_southasia,2010,341770
unsdg_southasia,2011,322720
unsdg_southasia,2012,304690
unsdg_southasia,2013,286950
unsdg_southasia,2014,270200
unsdg_southasia,2015,253730
unsdg_southasia,2016,240000
unsdg_southasia,2017,223160
unsdg_southasia,2018,206810
unsdg_southasia,2019,192650
unsdg_southasia,2020,178980
unsdg_southasia,2021,165830
unsdg_southasia,2022,155470
unsdg_southasia,2023,144630
unsdg_southasia,2024,135540
unsdg_southeasternasia,1991,109790
unsdg_southeasternasia,1992,108600
unsdg_southeasternasia,1993,102930
unsdg_southeasternasia,1994,99421
unsdg_southeasternasia,1995,96418
unsdg_southeasternasia,1996,93718
unsdg_southeasternasia,1997,91121
unsdg_southeasternasia,1998,88611
unsdg_southeasternasia,1999,85920
unsdg_southeasternasia,2000,83200
unsdg_southeasternasia,2001,79646
unsdg_southeasternasia,2002,77120
unsdg_southeasternasia,2003,74730
unsdg_southeasternasia,2004,72235
unsdg_southeasternasia,2005,100110
unsdg_southeasternasia,2006,67869
unsdg_southeasternasia,2007,66596
unsdg_southeasternasia,2008,65696
unsdg_southeasternasia,2009,87120
unsdg_southeasternasia,2010,61449
unsdg_southeasternasia,2011,59130
unsdg_southeasternasia,2012,56943
unsdg_southeasternasia,2013,54763
unsdg_southeasternasia,2014,54727
unsdg_southeasternasia,2015,50896
unsdg_southeasternasia,2016,49214
unsdg_southeasternasia,2017,47730
unsdg_southeasternasia,2018,46426
unsdg_southeasternasia,2019,45169
unsdg_southeasternasia,2020,43790
unsdg_southeasternasia,2021,42434
unsdg_southeasternasia,2022,41099
unsdg_southeasternasia,2023,39763
unsdg_southeasternasia,2024,38319
unsdg_subsaharanafrica,1991,500110
unsdg_subsaharanafrica,1992,530360
unsdg_subsaharanafrica,1993,557080
unsdg_subsaharanafrica,1994,548200
unsdg_subsaharanafrica,1995,579550
unsdg_subsaharanafrica,1996,531810
unsdg_subsaharanafrica,1997,535750
unsdg_subsaharanafrica,1998,536950
unsdg_subsaharanafrica,1999,555240
unsdg_subsaharanafrica,2000,520570
unsdg_subsaharanafrica,2001,514680
unsdg_subsaharanafrica,2002,510820
unsdg_subsaharanafrica,2003,506890
unsdg_subsaharanafrica,2004,500740
unsdg_subsaharanafrica,2005,495420
unsdg_subsaharanafrica,2006,490510
unsdg_subsaharanafrica,2007,485400
unsdg_subsaharanafrica,2008,480150
unsdg_subsaharanafrica,2009,474540
unsdg_subsaharanafrica,2010,496030
unsdg_subsaharanafrica,2011,469220
unsdg_subsaharanafrica,2012,489960
unsdg_subsaharanafrica,2013,459570
unsdg_subsaharanafrica,2014,451570
unsdg_subsaharanafrica,2015,462320
unsdg_subsaharanafrica,2016,462210
unsdg_subsaharanafrica,2017,462440
unsdg_subsaharanafrica,2018,467160
unsdg_subsaharanafrica,2019,439750
unsdg_subsaharanafrica,2020,438340
unsdg_subsaharanafrica,2021,422420
unsdg_subsaharanafrica,2022,420420
unsdg_subsaharanafrica,2023,438350
unsdg_subsaharanafrica,2024,401120
unsdg_westernasia,1991,35307
unsdg_westernasia,1992,32512
unsdg_westernasia,1993,30191
unsdg_westernasia,1994,30017
unsdg_westernasia,1995,29890
unsdg_westernasia,1996,29580
unsdg_westernasia,1997,29180
unsdg_westernasia,1998,28745
unsdg_westernasia,1999,28264
unsdg_westernasia,2000,30532
unsdg_westernasia,2001,27121
unsdg_westernasia,2002,26535
unsdg_westernasia,2003,25852
unsdg_westernasia,2004,25120
unsdg_westernasia,2005,24440
unsdg_westernasia,2006,23788
unsdg_westernasia,2007,23099
unsdg_westernasia,2008,22379
unsdg_westernasia,2009,21807
unsdg_westernasia,2010,21269
unsdg_westernasia,2011,20552
unsdg_westernasia,2012,20718
unsdg_westernasia,2013,23420
unsdg_westernasia,2014,23613
unsdg_westernasia,2015,23204
unsdg_westernasia,2016,23764
unsdg_westernasia,2017,22167
unsdg_westernasia,2018,21962
unsdg_westernasia,2019,22019
unsdg_westernasia,2020,19995
unsdg_westernasia,2021,18642
unsdg_westernasia,2022,18244
unsdg_westernasia,2023,17914
unsdg_westernasia,2024,27303
unsdg_westernasianorthernafr,1991,81542
unsdg_westernasianorthernafr,1992,77695
unsdg_westernasianorthernafr,1993,74064
unsdg_westernasianorthernafr,1994,72578
unsdg_westernasianorthernafr,1995,71118
unsdg_westernasianorthernafr,1996,69377
unsdg_westernasianorthernafr,1997,67463
unsdg_westernasianorthernafr,1998,65545
unsdg_westernasianorthernafr,1999,63615
unsdg_westernasianorthernafr,2000,64573
unsdg_westernasianorthernafr,2001,59734
unsdg_westernasianorthernafr,2002,57795
unsdg_westernasianorthernafr,2003,55890
unsdg_westernasianorthernafr,2004,56590
unsdg_westernasianorthernafr,2005,56918
unsdg_westernasianorthernafr,2006,55588
unsdg_westernasianorthernafr,2007,50495
unsdg_westernasianorthernafr,2008,47640
unsdg_westernasianorthernafr,2009,47868
unsdg_westernasianorthernafr,2010,45457
unsdg_westernasianorthernafr,2011,44337
unsdg_westernasianorthernafr,2012,44218
unsdg_westernasianorthernafr,2013,46077
unsdg_westernasianorthernafr,2014,45205
unsdg_westernasianorthernafr,2015,43317
unsdg_westernasianorthernafr,2016,43139
unsdg_westernasianorthernafr,2017,40989
unsdg_westernasianorthernafr,2018,40779
unsdg_westernasianorthernafr,2019,41052
unsdg_westernasianorthernafr,2020,39075
unsdg_westernasianorthernafr,2021,37755
unsdg_westernasianorthernafr,2022,37411
unsdg_westernasianorthernafr,2023,37240
unsdg_westernasianorthernafr,2024,49966
ury,1991,161.00
ury,1992,158.00
ury,1993,155.00
ury,1994,152.00
ury,1995,149.00
ury,1996,146.00
ury,1997,144.00
ury,1998,142.00
ury,1999,139.00
ury,2000,136.00
ury,2001,134.00
ury,2002,131.00
ury,2003,128.00
ury,2004,125.00
ury,2005,121.00
ury,2006,118.00
ury,2007,114.00
ury,2008,111.00
ury,2009,107.00
ury,2010,104.00
ury,2011,100.00
ury,2012,96.000
ury,2013,93.000
ury,2014,89.000
ury,2015,86.000
ury,2016,83.000
ury,2017,80.000
ury,2018,77.000
ury,2019,75.000
ury,2020,73.000
ury,2021,71.000
ury,2022,69.000
ury,2023,66.000
ury,2024,63.000
usa,1991,8422.0
usa,1992,8425.0
usa,1993,8426.0
usa,1994,8437.0
usa,1995,8415.0
usa,1996,8348.0
usa,1997,8228.0
usa,1998,8046.0
usa,1999,7825.0
usa,2000,7581.0
usa,2001,7344.0
usa,2002,7126.0
usa,2003,6927.0
usa,2004,6742.0
usa,2005,6533.0
usa,2006,6309.0
usa,2007,6069.0
usa,2008,5834.0
usa,2009,5620.0
usa,2010,5440.0
usa,2011,5316.0
usa,2012,5253.0
usa,2013,5251.0
usa,2014,5303.0
usa,2015,5370.0
usa,2016,5444.0
usa,2017,5518.0
usa,2018,5609.0
usa,2019,5702.0
usa,2020,5797.0
usa,2021,5893.0
usa,2022,5964.0
usa,2023,6004.0
usa,2024,5980.0
uzb,1991,3283.0
uzb,1992,3419.0
uzb,1993,3546.0
uzb,1994,3653.0
uzb,1995,3718.0
uzb,1996,3738.0
uzb,1997,3720.0
uzb,1998,3655.0
uzb,1999,3540.0
uzb,2000,3372.0
uzb,2001,3168.0
uzb,2002,2948.0
uzb,2003,2732.0
uzb,2004,2540.0
uzb,2005,2377.0
uzb,2006,2245.0
uzb,2007,2136.0
uzb,2008,2054.0
uzb,2009,2000.0
uzb,2010,1967.0
uzb,2011,1949.0
uzb,2012,1938.0
uzb,2013,1940.0
uzb,2014,1957.0
uzb,2015,1977.0
uzb,2016,1991.0
uzb,2017,1996.0
uzb,2018,1993.0
uzb,2019,2007.0
uzb,2020,2072.0
uzb,2021,2227.0
uzb,2022,2482.0
uzb,2023,2831.0
uzb,2024,3263.0
vct,1991,9.0000
vct,1992,9.0000
vct,1993,8.0000
vct,1994,8.0000
vct,1995,8.0000
vct,1996,8.0000
vct,1997,8.0000
vct,1998,8.0000
vct,1999,8.0000
vct,2000,8.0000
vct,2001,8.0000
vct,2002,8.0000
vct,2003,8.0000
vct,2004,8.0000
vct,2005,8.0000
vct,2006,8.0000
vct,2007,7.0000
vct,2008,7.0000
vct,2009,7.0000
vct,2010,6.0000
vct,2011,6.0000
vct,2012,6.0000
vct,2013,6.0000
vct,2014,6.0000
vct,2015,6.0000
vct,2016,6.0000
vct,2017,6.0000
vct,2018,5.0000
vct,2019,5.0000
vct,2020,5.0000
vct,2021,5.0000
vct,2022,5.0000
vct,2023,5.0000
vct,2024,5.0000
ven,1991,2096.0
ven,1992,2088.0
ven,1993,2075.0
ven,1994,2062.0
ven,1995,2053.0
ven,1996,2046.0
ven,1997,2042.0
ven,1998,2040.0
ven,1999,2047.0
ven,2000,2065.0
ven,2001,2090.0
ven,2002,2121.0
ven,2003,2148.0
ven,2004,2162.0
ven,2005,2158.0
ven,2006,2137.0
ven,2007,2106.0
ven,2008,2067.0
ven,2009,2019.0
ven,2010,1965.0
ven,2011,1913.0
ven,2012,1874.0
ven,2013,1847.0
ven,2014,1826.0
ven,2015,1805.0
ven,2016,1779.0
ven,2017,1738.0
ven,2018,1927.0
ven,2019,1849.0
ven,2020,1528.0
ven,2021,1450.0
ven,2022,1371.0
ven,2023,1288.0
ven,2024,1206.0
vgb,1991,0.0000
vgb,1992,0.0000
vgb,1993,0.0000
vgb,1994,0.0000
vgb,1995,0.0000
vgb,1996,0.0000
vgb,1997,0.0000
vgb,1998,0.0000
vgb,1999,0.0000
vgb,2000,0.0000
vgb,2001,0.0000
vgb,2002,0.0000
vgb,2003,0.0000
vgb,2004,0.0000
vgb,2005,0.0000
vgb,2006,0.0000
vgb,2007,0.0000
vgb,2008,0.0000
vgb,2009,0.0000
vgb,2010,0.0000
vgb,2011,0.0000
vgb,2012,0.0000
vgb,2013,0.0000
vgb,2014,0.0000
vgb,2015,0.0000
vgb,2016,0.0000
vgb,2017,0.0000
vgb,2018,0.0000
vgb,2019,0.0000
vgb,2020,0.0000
vgb,2021,0.0000
vgb,2022,0.0000
vgb,2023,0.0000
vgb,2024,0.0000
vnm,1991,14816
vnm,1992,14250
vnm,1993,13581
vnm,1994,12874
vnm,1995,12199
vnm,1996,11600
vnm,1997,11049
vnm,1998,10525
vnm,1999,9956.0
vnm,2000,9341.0
vnm,2001,8644.0
vnm,2002,7956.0
vnm,2003,7301.0
vnm,2004,6693.0
vnm,2005,6168.0
vnm,2006,5733.0
vnm,2007,5408.0
vnm,2008,5154.0
vnm,2009,4974.0
vnm,2010,4816.0
vnm,2011,4673.0
vnm,2012,4547.0
vnm,2013,4460.0
vnm,2014,4391.0
vnm,2015,4320.0
vnm,2016,4205.0
vnm,2017,4088.0
vnm,2018,4038.0
vnm,2019,4004.0
vnm,2020,3920.0
vnm,2021,3804.0
vnm,2022,3668.0
vnm,2023,3505.0
vnm,2024,3322.0
vut,1991,22.000
vut,1992,22.000
vut,1993,22.000
vut,1994,22.000
vut,1995,23.000
vut,1996,23.000
vut,1997,23.000
vut,1998,23.000
vut,1999,23.000
vut,2000,23.000
vut,2001,23.000
vut,2002,23.000
vut,2003,23.000
vut,2004,22.000
vut,2005,22.000
vut,2006,22.000
vut,2007,22.000
vut,2008,21.000
vut,2009,21.000
vut,2010,21.000
vut,2011,20.000
vut,2012,19.000
vut,2013,19.000
vut,2014,19.000
vut,2015,19.000
vut,2016,20.000
vut,2017,20.000
vut,2018,21.000
vut,2019,22.000
vut,2020,22.000
vut,2021,23.000
vut,2022,23.000
vut,2023,23.000
vut,2024,23.000
wb_hi,1991,47385
wb_hi,1992,46755
wb_hi,1993,46029
wb_hi,1994,45194
wb_hi,1995,44197
wb_hi,1996,43337
wb_hi,1997,41430
wb_hi,1998,39776
wb_hi,1999,37935
wb_hi,2000,36094
wb_hi,2001,34365
wb_hi,2002,32632
wb_hi,2003,30891
wb_hi,2004,29201
wb_hi,2005,27502
wb_hi,2006,25921
wb_hi,2007,24483
wb_hi,2008,23258
wb_hi,2009,22193
wb_hi,2010,21302
wb_hi,2011,20549
wb_hi,2012,21154
wb_hi,2013,19481
wb_hi,2014,19173
wb_hi,2015,18945
wb_hi,2016,18737
wb_hi,2017,18542
wb_hi,2018,18371
wb_hi,2019,18200
wb_hi,2020,18112
wb_hi,2021,17952
wb_hi,2022,17844
wb_hi,2023,17737
wb_hi,2024,17510
wb_li,1991,310850
wb_li,1992,340340
wb_li,1993,360190
wb_li,1994,348850
wb_li,1995,378520
wb_li,1996,332950
wb_li,1997,334950
wb_li,1998,333860
wb_li,1999,353460
wb_li,2000,316560
wb_li,2001,309940
wb_li,2002,305400
wb_li,2003,301290
wb_li,2004,293680
wb_li,2005,291190
wb_li,2006,286670
wb_li,2007,278120
wb_li,2008,271870
wb_li,2009,268510
wb_li,2010,288250
wb_li,2011,262410
wb_li,2012,283320
wb_li,2013,256670
wb_li,2014,249950
wb_li,2015,260520
wb_li,2016,262200
wb_li,2017,261540
wb_li,2018,265490
wb_li,2019,239900
wb_li,2020,237600
wb_li,2021,224750
wb_li,2022,226850
wb_li,2023,246390
wb_li,2024,214590
wb_lmi,1991,876140
wb_lmi,1992,915640
wb_lmi,1993,867760
wb_lmi,1994,858260
wb_lmi,1995,849990
wb_lmi,1996,839840
wb_lmi,1997,826750
wb_lmi,1998,809930
wb_lmi,1999,794890
wb_lmi,2000,766880
wb_lmi,2001,745400
wb_lmi,2002,726980
wb_lmi,2003,710100
wb_lmi,2004,694250
wb_lmi,2005,685600
wb_lmi,2006,682170
wb_lmi,2007,652260
wb_lmi,2008,637730
wb_lmi,2009,645100
wb_lmi,2010,604950
wb_lmi,2011,602270
wb_lmi,2012,565660
wb_lmi,2013,546380
wb_lmi,2014,529780
wb_lmi,2015,510270
wb_lmi,2016,494910
wb_lmi,2017,476250
wb_lmi,2018,459990
wb_lmi,2019,443390
wb_lmi,2020,428070
wb_lmi,2021,411780
wb_lmi,2022,397690
wb_lmi,2023,383510
wb_lmi,2024,375200
wb_umi,1991,307970
wb_umi,1992,288010
wb_umi,1993,280690
wb_umi,1994,275270
wb_umi,1995,268230
wb_umi,1996,262590
wb_umi,1997,254570
wb_umi,1998,244270
wb_umi,1999,233740
wb_umi,2000,226600
wb_umi,2001,213660
wb_umi,2002,204770
wb_umi,2003,195780
wb_umi,2004,192830
wb_umi,2005,207080
wb_umi,2006,171500
wb_umi,2007,163530
wb_umi,2008,156520
wb_umi,2009,149960
wb_umi,2010,143710
wb_umi,2011,137530
wb_umi,2012,132040
wb_umi,2013,126530
wb_umi,2014,121800
wb_umi,2015,117650
wb_umi,2016,113750
wb_umi,2017,110340
wb_umi,2018,107130
wb_umi,2019,104370
wb_umi,2020,102470
wb_umi,2021,100260
wb_umi,2022,97838
wb_umi,2023,95561
wb_umi,2024,100800
world,1991,1585900
world,1992,1630700
world,1993,1592700
world,1994,1562800
world,1995,1576500
world,1996,1509700
world,1997,1487000
world,1998,1456000
world,1999,1449200
world,2000,1371600
world,2001,1327700
world,2002,1292500
world,2003,1258700
world,2004,1229800
world,2005,1231900
world,2006,1184700
world,2007,1135700
world,2008,1106100
world,2009,1103300
world,2010,1075700
world,2011,1039700
world,2012,1020800
world,2013,967410
world,2014,940400
world,2015,929050
world,2016,912680
world,2017,892280
world,2018,879360
world,2019,835560
world,2020,817220
world,2021,787200
world,2022,774890
world,2023,782700
world,2024,747810
wsm,1991,16.000
wsm,1992,16.000
wsm,1993,15.000
wsm,1994,15.000
wsm,1995,16.000
wsm,1996,16.000
wsm,1997,16.000
wsm,1998,16.000
wsm,1999,16.000
wsm,2000,16.000
wsm,2001,16.000
wsm,2002,17.000
wsm,2003,17.000
wsm,2004,16.000
wsm,2005,16.000
wsm,2006,15.000
wsm,2007,15.000
wsm,2008,14.000
wsm,2009,14.000
wsm,2010,39.000
wsm,2011,13.000
wsm,2012,12.000
wsm,2013,12.000
wsm,2014,12.000
wsm,2015,11.000
wsm,2016,11.000
wsm,2017,10.000
wsm,2018,10.000
wsm,2019,10.000
wsm,2020,9.0000
wsm,2021,9.0000
wsm,2022,9.0000
wsm,2023,8.0000
wsm,2024,8.0000
yem,1991,6664.0
yem,1992,6710.0
yem,1993,6741.0
yem,1994,6791.0
yem,1995,6791.0
yem,1996,6789.0
yem,1997,6776.0
yem,1998,6735.0
yem,1999,6676.0
yem,2000,6603.0
yem,2001,6503.0
yem,2002,6332.0
yem,2003,6141.0
yem,2004,5933.0
yem,2005,5734.0
yem,2006,5564.0
yem,2007,5437.0
yem,2008,5319.0
yem,2009,5239.0
yem,2010,5193.0
yem,2011,5194.0
yem,2012,5260.0
yem,2013,5393.0
yem,2014,5359.0
yem,2015,5529.0
yem,2016,6201.0
yem,2017,6126.0
yem,2018,6078.0
yem,2019,6511.0
yem,2020,6505.0
yem,2021,5861.0
yem,2022,5901.0
yem,2023,5685.0
yem,2024,5472.0
zaf,1991,5822.0
zaf,1992,6260.0
zaf,1993,6642.0
zaf,1994,6970.0
zaf,1995,7348.0
zaf,1996,7773.0
zaf,1997,8215.0
zaf,1998,8698.0
zaf,1999,9236.0
zaf,2000,9803.0
zaf,2001,10457
zaf,2002,11151
zaf,2003,11769
zaf,2004,12256
zaf,2005,12541
zaf,2006,12594
zaf,2007,12361
zaf,2008,11907
zaf,2009,11321
zaf,2010,10666
zaf,2011,9998.0
zaf,2012,9313.0
zaf,2013,8657.0
zaf,2014,8061.0
zaf,2015,7483.0
zaf,2016,6990.0
zaf,2017,6590.0
zaf,2018,6294.0
zaf,2019,6102.0
zaf,2020,5945.0
zaf,2021,5825.0
zaf,2022,5694.0
zaf,2023,5536.0
zaf,2024,5348.0
zmb,1991,5436.0
zmb,1992,5532.0
zmb,1993,5607.0
zmb,1994,5665.0
zmb,1995,5714.0
zmb,1996,5737.0
zmb,1997,5756.0
zmb,1998,5763.0
zmb,1999,5760.0
zmb,2000,5754.0
zmb,2001,5739.0
zmb,2002,5717.0
zmb,2003,5677.0
zmb,2004,5630.0
zmb,2005,5576.0
zmb,2006,5485.0
zmb,2007,5410.0
zmb,2008,5330.0
zmb,2009,5258.0
zmb,2010,5200.0
zmb,2011,5142.0
zmb,2012,5080.0
zmb,2013,5002.0
zmb,2014,4908.0
zmb,2015,4805.0
zmb,2016,4657.0
zmb,2017,4499.0
zmb,2018,4313.0
zmb,2019,4153.0
zmb,2020,4008.0
zmb,2021,3861.0
zmb,2022,3738.0
zmb,2023,3649.0
zmb,2024,3523.0
zwe,1991,3423.0
zwe,1992,3494.0
zwe,1993,3696.0
zwe,1994,3835.0
zwe,1995,3773.0
zwe,1996,3723.0
zwe,1997,3686.0
zwe,1998,3668.0
zwe,1999,3696.0
zwe,2000,3722.0
zwe,2001,3753.0
zwe,2002,3811.0
zwe,2003,3921.0
zwe,2004,4057.0
zwe,2005,4213.0
zwe,2006,4368.0
zwe,2007,4519.0
zwe,2008,4646.0
zwe,2009,4729.0
zwe,2010,4795.0
zwe,2011,4838.0
zwe,2012,4803.0
zwe,2013,4695.0
zwe,2014,4546.0
zwe,2015,4361.0
zwe,2016,4185.0
zwe,2017,4004.0
zwe,2018,3801.0
zwe,2019,3617.0
zwe,2020,3454.0
zwe,2021,3271.0
zwe,2022,3103.0
zwe,2023,2934.0
zwe,2024,2799.0
