geo,year,nmr_lower
afg,1988,71.336
afg,1989,70.008
afg,1990,68.627
afg,1991,67.561
afg,1992,66.255
afg,1993,65.133
afg,1994,63.918
afg,1995,62.805
afg,1996,61.720
afg,1997,60.708
afg,1998,59.729
afg,1999,58.710
afg,2000,57.751
afg,2001,56.623
afg,2002,55.657
afg,2003,54.494
afg,2004,53.293
afg,2005,52.176
afg,2006,50.862
afg,2007,49.599
afg,2008,48.237
afg,2009,46.760
afg,2010,45.330
afg,2011,43.847
afg,2012,42.344
afg,2013,40.900
afg,2014,39.503
afg,2015,38.137
afg,2016,36.738
afg,2017,35.369
afg,2018,33.990
afg,2019,32.599
afg,2020,31.062
afg,2021,29.710
afg,2022,28.490
afg,2023,27.304
afg,2024,26.060
ago,1990,42.971
ago,1991,43.546
ago,1992,43.899
ago,1993,44.206
ago,1994,44.300
ago,1995,44.481
ago,1996,44.477
ago,1997,44.123
ago,1998,43.725
ago,1999,43.107
ago,2000,42.235
ago,2001,41.338
ago,2002,40.292
ago,2003,39.131
ago,2004,37.782
ago,2005,36.240
ago,2006,34.489
ago,2007,32.601
ago,2008,30.620
ago,2009,28.442
ago,2010,26.333
ago,2011,24.172
ago,2012,22.131
ago,2013,20.076
ago,2014,18.194
ago,2015,16.632
ago,2016,15.298
ago,2017,14.191
ago,2018,13.320
ago,2019,12.546
ago,2020,11.980
ago,2021,11.376
ago,2022,10.824
ago,2023,10.351
ago,2024,9.9008
aia,1990,6.7629
aia,1991,6.3750
aia,1992,6.0645
aia,1993,5.7408
aia,1994,5.4526
aia,1995,5.1720
aia,1996,4.8788
aia,1997,4.6157
aia,1998,4.3833
aia,1999,4.1870
aia,2000,3.9664
aia,2001,3.7700
aia,2002,3.5901
aia,2003,3.4486
aia,2004,3.3006
aia,2005,3.1682
aia,2006,3.0272
aia,2007,2.8990
aia,2008,2.7893
aia,2009,2.6859
aia,2010,2.5993
aia,2011,2.4979
aia,2012,2.3870
aia,2013,2.2851
aia,2014,2.1609
aia,2015,2.0489
aia,2016,1.9264
aia,2017,1.8315
aia,2018,1.7336
aia,2019,1.6442
aia,2020,1.5610
aia,2021,1.4778
aia,2022,1.3974
aia,2023,1.3124
aia,2024,1.2515
alb,1980,13.101
alb,1981,13.009
alb,1982,12.779
alb,1983,12.498
alb,1984,12.214
alb,1985,11.910
alb,1986,11.422
alb,1987,11.029
alb,1988,10.618
alb,1989,10.372
alb,1990,10.193
alb,1991,9.8971
alb,1992,9.7100
alb,1993,9.5336
alb,1994,9.6817
alb,1995,9.8149
alb,1996,9.8883
alb,1997,9.8933
alb,1998,9.8447
alb,1999,9.9004
alb,2000,9.9092
alb,2001,9.7993
alb,2002,9.6365
alb,2003,9.3811
alb,2004,9.4306
alb,2005,9.5785
alb,2006,9.4454
alb,2007,9.0632
alb,2008,8.3533
alb,2009,7.4844
alb,2010,6.6031
alb,2011,5.9423
alb,2012,5.6265
alb,2013,5.4444
alb,2014,5.3509
alb,2015,5.3453
alb,2016,5.4998
alb,2017,5.8490
alb,2018,6.1867
alb,2019,6.4636
alb,2020,6.5916
alb,2021,6.5750
alb,2022,6.4058
alb,2023,6.0596
alb,2024,5.6594
and,1990,1.4731
and,1991,1.5200
and,1992,1.5568
and,1993,1.5988
and,1994,1.6358
and,1995,1.6697
and,1996,1.6770
and,1997,1.7070
and,1998,1.6936
and,1999,1.6834
and,2000,1.6649
and,2001,1.6345
and,2002,1.5757
and,2003,1.5338
and,2004,1.4566
and,2005,1.4228
and,2006,1.3837
and,2007,1.3121
and,2008,1.2463
and,2009,1.1721
and,2010,1.0991
and,2011,1.0112
and,2012,0.92937
and,2013,0.83764
and,2014,0.75134
and,2015,0.66992
and,2016,0.59568
and,2017,0.53584
and,2018,0.48477
and,2019,0.43966
and,2020,0.40506
and,2021,0.37418
and,2022,0.34790
and,2023,0.32760
and,2024,0.30806
are,1979,13.092
are,1980,12.380
are,1981,11.383
are,1982,10.461
are,1983,9.6956
are,1984,8.9437
are,1985,8.2978
are,1986,7.8021
are,1987,7.4347
are,1988,7.3253
are,1989,7.2284
are,1990,7.1634
are,1991,7.0725
are,1992,6.9068
are,1993,6.7033
are,1994,6.4132
are,1995,6.1170
are,1996,5.8522
are,1997,5.6834
are,1998,5.6464
are,1999,5.6097
are,2000,5.5332
are,2001,5.3963
are,2002,5.2642
are,2003,5.1981
are,2004,5.1276
are,2005,5.0722
are,2006,4.9946
are,2007,4.8371
are,2008,4.5962
are,2009,4.2168
are,2010,3.7249
are,2011,3.2745
are,2012,3.1004
are,2013,3.2705
are,2014,3.5611
are,2015,3.7837
are,2016,3.8472
are,2017,3.7586
are,2018,3.5607
are,2019,3.2838
are,2020,3.0140
are,2021,2.7483
are,2022,2.5210
are,2023,2.3179
are,2024,2.0931
arg,1971,23.486
arg,1972,22.029
arg,1973,20.550
arg,1974,19.658
arg,1975,20.018
arg,1976,21.134
arg,1977,21.712
arg,1978,21.384
arg,1979,20.558
arg,1980,19.498
arg,1981,18.234
arg,1982,16.892
arg,1983,15.708
arg,1984,14.911
arg,1985,15.297
arg,1986,16.216
arg,1987,16.690
arg,1988,16.366
arg,1989,15.642
arg,1990,14.980
arg,1991,14.517
arg,1992,14.258
arg,1993,14.140
arg,1994,13.973
arg,1995,13.615
arg,1996,13.001
arg,1997,12.145
arg,1998,11.212
arg,1999,10.572
arg,2000,10.534
arg,2001,10.765
arg,2002,10.774
arg,2003,10.374
arg,2004,9.7743
arg,2005,9.2587
arg,2006,8.8536
arg,2007,8.4880
arg,2008,8.1402
arg,2009,7.8081
arg,2010,7.5410
arg,2011,7.3414
arg,2012,7.2241
arg,2013,7.1782
arg,2014,7.0783
arg,2015,6.8515
arg,2016,6.5307
arg,2017,6.2008
arg,2018,5.9357
arg,2019,5.7698
arg,2020,5.7442
arg,2021,5.6963
arg,2022,5.4419
arg,2023,4.9263
arg,2024,4.3280
arm,1978,21.457
arm,1979,21.156
arm,1980,20.890
arm,1981,20.629
arm,1982,20.407
arm,1983,20.321
arm,1984,20.237
arm,1985,20.239
arm,1986,20.279
arm,1987,20.274
arm,1988,20.287
arm,1989,20.952
arm,1990,19.970
arm,1991,19.694
arm,1992,19.352
arm,1993,18.965
arm,1994,18.446
arm,1995,17.962
arm,1996,17.427
arm,1997,16.874
arm,1998,16.198
arm,1999,15.408
arm,2000,14.648
arm,2001,13.906
arm,2002,13.227
arm,2003,12.555
arm,2004,11.871
arm,2005,11.229
arm,2006,10.593
arm,2007,10.001
arm,2008,9.4311
arm,2009,8.8722
arm,2010,8.3149
arm,2011,7.8319
arm,2012,7.3904
arm,2013,6.9652
arm,2014,6.5852
arm,2015,6.2110
arm,2016,5.8733
arm,2017,5.5528
arm,2018,5.2513
arm,2019,4.9787
arm,2020,4.7070
arm,2021,4.4506
arm,2022,4.1995
arm,2023,3.9617
arm,2024,3.7401
atg,1972,14.052
atg,1973,13.152
atg,1974,12.408
atg,1975,11.707
atg,1976,11.075
atg,1977,10.393
atg,1978,9.6510
atg,1979,8.8882
atg,1980,8.1696
atg,1981,7.5312
atg,1982,6.9973
atg,1983,6.5723
atg,1984,6.2725
atg,1985,6.0970
atg,1986,6.0586
atg,1987,6.1267
atg,1988,6.2821
atg,1989,6.5376
atg,1990,6.8531
atg,1991,7.2410
atg,1992,7.6725
atg,1993,8.1148
atg,1994,8.5518
atg,1995,8.9705
atg,1996,9.3172
atg,1997,9.5344
atg,1998,9.6760
atg,1999,9.7110
atg,2000,9.6753
atg,2001,9.5996
atg,2002,9.4570
atg,2003,9.2630
atg,2004,8.9834
atg,2005,8.6194
atg,2006,8.2498
atg,2007,7.8691
atg,2008,7.4811
atg,2009,7.1210
atg,2010,6.7678
atg,2011,6.4656
atg,2012,6.1967
atg,2013,5.9621
atg,2014,5.7815
atg,2015,5.6106
atg,2016,5.4697
atg,2017,5.3233
atg,2018,5.1676
atg,2019,4.9642
atg,2020,4.7353
atg,2021,4.4841
atg,2022,4.2299
atg,2023,3.9823
atg,2024,3.7393
aus,1969,12.512
aus,1970,12.412
aus,1971,12.253
aus,1972,12.023
aus,1973,11.709
aus,1974,11.314
aus,1975,10.774
aus,1976,10.107
aus,1977,9.3559
aus,1978,8.6110
aus,1979,7.9254
aus,1980,7.3143
aus,1981,6.8352
aus,1982,6.4610
aus,1983,6.1581
aus,1984,5.9249
aus,1985,5.7154
aus,1986,5.5210
aus,1987,5.3188
aus,1988,5.1104
aus,1989,4.9022
aus,1990,4.6841
aus,1991,4.4854
aus,1992,4.2879
aus,1993,4.0933
aus,1994,3.9116
aus,1995,3.7445
aus,1996,3.6206
aus,1997,3.5304
aus,1998,3.4750
aus,1999,3.4516
aus,2000,3.4326
aus,2001,3.4086
aus,2002,3.3712
aus,2003,3.3250
aus,2004,3.2795
aus,2005,3.2209
aus,2006,3.1622
aus,2007,3.0919
aus,2008,3.0079
aus,2009,2.9112
aus,2010,2.7932
aus,2011,2.6692
aus,2012,2.5473
aus,2013,2.4408
aus,2014,2.3609
aus,2015,2.3031
aus,2016,2.2725
aus,2017,2.2602
aus,2018,2.2607
aus,2019,2.2720
aus,2020,2.2797
aus,2021,2.2832
aus,2022,2.2775
aus,2023,2.2553
aus,2024,2.2043
aut,1956,27.097
aut,1957,26.379
aut,1958,25.540
aut,1959,24.702
aut,1960,23.782
aut,1961,22.877
aut,1962,22.000
aut,1963,21.279
aut,1964,20.673
aut,1965,20.030
aut,1966,19.531
aut,1967,19.069
aut,1968,18.695
aut,1969,18.440
aut,1970,18.275
aut,1971,18.317
aut,1972,18.309
aut,1973,17.963
aut,1974,17.191
aut,1975,15.981
aut,1976,14.473
aut,1977,12.846
aut,1978,11.357
aut,1979,10.180
aut,1980,9.2366
aut,1981,8.5606
aut,1982,8.0520
aut,1983,7.6062
aut,1984,7.1903
aut,1985,6.7390
aut,1986,6.2927
aut,1987,5.8347
aut,1988,5.3894
aut,1989,4.9883
aut,1990,4.6335
aut,1991,4.3833
aut,1992,4.1789
aut,1993,3.9758
aut,1994,3.7745
aut,1995,3.5620
aut,1996,3.3768
aut,1997,3.2174
aut,1998,3.0908
aut,1999,3.0118
aut,2000,2.9574
aut,2001,2.9270
aut,2002,2.9057
aut,2003,2.8779
aut,2004,2.8379
aut,2005,2.7761
aut,2006,2.6998
aut,2007,2.6156
aut,2008,2.5366
aut,2009,2.4791
aut,2010,2.4220
aut,2011,2.3696
aut,2012,2.3192
aut,2013,2.2698
aut,2014,2.2265
aut,2015,2.1848
aut,2016,2.1493
aut,2017,2.1209
aut,2018,2.1006
aut,2019,2.0935
aut,2020,2.0797
aut,2021,2.0545
aut,2022,2.0065
aut,2023,1.9305
aut,2024,1.8297
aze,1984,22.951
aze,1985,22.958
aze,1986,22.974
aze,1987,22.927
aze,1988,23.108
aze,1989,23.671
aze,1990,24.205
aze,1991,25.180
aze,1992,26.459
aze,1993,27.924
aze,1994,29.327
aze,1995,30.180
aze,1996,30.908
aze,1997,31.268
aze,1998,31.332
aze,1999,31.144
aze,2000,30.293
aze,2001,29.126
aze,2002,27.739
aze,2003,26.413
aze,2004,25.101
aze,2005,23.711
aze,2006,22.389
aze,2007,21.202
aze,2008,20.107
aze,2009,19.119
aze,2010,17.975
aze,2011,16.912
aze,2012,15.705
aze,2013,14.480
aze,2014,13.428
aze,2015,12.541
aze,2016,11.782
aze,2017,11.252
aze,2018,10.843
aze,2019,10.542
aze,2020,10.233
aze,2021,9.9240
aze,2022,9.5042
aze,2023,8.9902
aze,2024,8.4002
bdi,1965,38.867
bdi,1966,40.181
bdi,1967,41.055
bdi,1968,41.643
bdi,1969,42.081
bdi,1970,42.298
bdi,1971,42.360
bdi,1972,42.323
bdi,1973,43.396
bdi,1974,42.190
bdi,1975,42.001
bdi,1976,41.779
bdi,1977,41.483
bdi,1978,41.152
bdi,1979,40.768
bdi,1980,40.119
bdi,1981,39.342
bdi,1982,38.687
bdi,1983,37.649
bdi,1984,36.636
bdi,1985,35.579
bdi,1986,34.742
bdi,1987,34.147
bdi,1988,33.874
bdi,1989,33.794
bdi,1990,33.722
bdi,1991,33.644
bdi,1992,33.607
bdi,1993,33.481
bdi,1994,33.773
bdi,1995,33.322
bdi,1996,33.168
bdi,1997,32.937
bdi,1998,32.745
bdi,1999,32.396
bdi,2000,31.942
bdi,2001,31.500
bdi,2002,30.987
bdi,2003,30.437
bdi,2004,29.866
bdi,2005,29.059
bdi,2006,28.370
bdi,2007,27.608
bdi,2008,26.627
bdi,2009,25.690
bdi,2010,24.570
bdi,2011,23.495
bdi,2012,22.414
bdi,2013,21.196
bdi,2014,19.978
bdi,2015,18.687
bdi,2016,17.591
bdi,2017,16.542
bdi,2018,15.612
bdi,2019,14.757
bdi,2020,13.958
bdi,2021,13.226
bdi,2022,12.545
bdi,2023,11.873
bdi,2024,11.250
bel,1961,19.314
bel,1962,18.268
bel,1963,17.299
bel,1964,16.674
bel,1965,16.304
bel,1966,16.040
bel,1967,15.802
bel,1968,15.431
bel,1969,14.863
bel,1970,14.175
bel,1971,13.522
bel,1972,13.056
bel,1973,12.644
bel,1974,12.255
bel,1975,11.747
bel,1976,11.035
bel,1977,10.159
bel,1978,9.2445
bel,1979,8.4835
bel,1980,7.8684
bel,1981,7.3547
bel,1982,6.9265
bel,1983,6.5139
bel,1984,6.1394
bel,1985,5.7800
bel,1986,5.4768
bel,1987,5.2543
bel,1988,5.0438
bel,1989,4.8333
bel,1990,4.6070
bel,1991,4.3876
bel,1992,4.1928
bel,1993,3.9959
bel,1994,3.8340
bel,1995,3.6827
bel,1996,3.5545
bel,1997,3.4516
bel,1998,3.3178
bel,1999,3.1607
bel,2000,2.9913
bel,2001,2.8440
bel,2002,2.7421
bel,2003,2.6635
bel,2004,2.6089
bel,2005,2.5607
bel,2006,2.5110
bel,2007,2.4599
bel,2008,2.4008
bel,2009,2.3351
bel,2010,2.2724
bel,2011,2.2180
bel,2012,2.1879
bel,2013,2.1684
bel,2014,2.1697
bel,2015,2.1779
bel,2016,2.1874
bel,2017,2.1987
bel,2018,2.1969
bel,2019,2.1968
bel,2020,2.1823
bel,2021,2.1403
bel,2022,2.0629
bel,2023,1.9540
bel,2024,1.8389
ben,1959,55.946
ben,1960,55.894
ben,1961,55.776
ben,1962,55.682
ben,1963,55.429
ben,1964,55.194
ben,1965,54.831
ben,1966,54.422
ben,1967,53.993
ben,1968,53.575
ben,1969,53.153
ben,1970,52.685
ben,1971,52.203
ben,1972,51.707
ben,1973,51.187
ben,1974,50.659
ben,1975,50.032
ben,1976,49.489
ben,1977,48.817
ben,1978,48.193
ben,1979,47.606
ben,1980,47.011
ben,1981,46.483
ben,1982,45.921
ben,1983,45.270
ben,1984,44.714
ben,1985,44.102
ben,1986,43.594
ben,1987,43.148
ben,1988,42.574
ben,1989,42.014
ben,1990,41.352
ben,1991,40.695
ben,1992,40.128
ben,1993,39.445
ben,1994,38.940
ben,1995,38.347
ben,1996,37.886
ben,1997,37.457
ben,1998,37.025
ben,1999,36.490
ben,2000,35.857
ben,2001,35.144
ben,2002,34.433
ben,2003,33.732
ben,2004,33.097
ben,2005,32.439
ben,2006,31.940
ben,2007,31.508
ben,2008,31.157
ben,2009,30.848
ben,2010,30.537
ben,2011,30.183
ben,2012,29.735
ben,2013,29.297
ben,2014,28.827
ben,2015,28.283
ben,2016,27.732
ben,2017,27.128
ben,2018,26.401
ben,2019,25.696
ben,2020,24.853
ben,2021,23.884
ben,2022,22.881
ben,2023,21.826
ben,2024,20.817
bfa,1970,59.205
bfa,1971,60.106
bfa,1972,60.902
bfa,1973,61.554
bfa,1974,61.685
bfa,1975,61.248
bfa,1976,60.235
bfa,1977,58.654
bfa,1978,57.122
bfa,1979,55.400
bfa,1980,54.175
bfa,1981,52.828
bfa,1982,51.642
bfa,1983,50.684
bfa,1984,49.619
bfa,1985,48.507
bfa,1986,47.039
bfa,1987,45.367
bfa,1988,43.736
bfa,1989,42.221
bfa,1990,41.159
bfa,1991,40.388
bfa,1992,39.823
bfa,1993,39.352
bfa,1994,39.019
bfa,1995,38.762
bfa,1996,38.383
bfa,1997,38.010
bfa,1998,37.567
bfa,1999,36.935
bfa,2000,36.300
bfa,2001,35.524
bfa,2002,34.829
bfa,2003,34.120
bfa,2004,33.164
bfa,2005,32.103
bfa,2006,30.968
bfa,2007,29.849
bfa,2008,28.752
bfa,2009,27.575
bfa,2010,26.407
bfa,2011,25.246
bfa,2012,24.159
bfa,2013,23.176
bfa,2014,22.242
bfa,2015,21.345
bfa,2016,20.361
bfa,2017,19.445
bfa,2018,18.531
bfa,2019,17.751
bfa,2020,17.061
bfa,2021,16.306
bfa,2022,15.615
bfa,2023,14.772
bfa,2024,13.970
bgd,1953,100.36
bgd,1954,99.774
bgd,1955,98.820
bgd,1956,97.914
bgd,1957,96.862
bgd,1958,95.559
bgd,1959,94.210
bgd,1960,92.740
bgd,1961,91.320
bgd,1962,89.882
bgd,1963,88.501
bgd,1964,87.226
bgd,1965,86.013
bgd,1966,84.998
bgd,1967,84.348
bgd,1968,83.879
bgd,1969,84.121
bgd,1970,84.577
bgd,1971,85.957
bgd,1972,88.436
bgd,1973,86.668
bgd,1974,87.253
bgd,1975,87.545
bgd,1976,87.541
bgd,1977,87.279
bgd,1978,86.654
bgd,1979,85.760
bgd,1980,84.560
bgd,1981,83.023
bgd,1982,81.312
bgd,1983,79.220
bgd,1984,76.974
bgd,1985,74.581
bgd,1986,72.373
bgd,1987,70.280
bgd,1988,68.099
bgd,1989,66.078
bgd,1990,63.975
bgd,1991,61.933
bgd,1992,59.812
bgd,1993,57.609
bgd,1994,55.318
bgd,1995,53.042
bgd,1996,50.886
bgd,1997,48.813
bgd,1998,46.762
bgd,1999,44.866
bgd,2000,42.929
bgd,2001,41.043
bgd,2002,39.197
bgd,2003,37.445
bgd,2004,35.951
bgd,2005,34.481
bgd,2006,33.168
bgd,2007,31.909
bgd,2008,30.725
bgd,2009,29.620
bgd,2010,28.507
bgd,2011,27.424
bgd,2012,26.367
bgd,2013,25.331
bgd,2014,24.354
bgd,2015,23.350
bgd,2016,22.344
bgd,2017,21.274
bgd,2018,20.056
bgd,2019,18.940
bgd,2020,18.020
bgd,2021,17.468
bgd,2022,17.140
bgd,2023,16.915
bgd,2024,16.625
bgr,1965,14.098
bgr,1966,13.892
bgr,1967,13.770
bgr,1968,13.635
bgr,1969,13.424
bgr,1970,13.139
bgr,1971,12.929
bgr,1972,12.826
bgr,1973,12.933
bgr,1974,13.209
bgr,1975,13.227
bgr,1976,12.795
bgr,1977,11.983
bgr,1978,11.217
bgr,1979,10.754
bgr,1980,10.375
bgr,1981,10.042
bgr,1982,9.6807
bgr,1983,9.2653
bgr,1984,8.8399
bgr,1985,8.4059
bgr,1986,8.0620
bgr,1987,7.7519
bgr,1988,7.4791
bgr,1989,7.3110
bgr,1990,7.2994
bgr,1991,7.6077
bgr,1992,8.0674
bgr,1993,8.3619
bgr,1994,8.3836
bgr,1995,8.2004
bgr,1996,8.0710
bgr,1997,7.9927
bgr,1998,7.9326
bgr,1999,7.9005
bgr,2000,7.7577
bgr,2001,7.5449
bgr,2002,7.2289
bgr,2003,6.8659
bgr,2004,6.5027
bgr,2005,6.0841
bgr,2006,5.6587
bgr,2007,5.2750
bgr,2008,5.0310
bgr,2009,4.9610
bgr,2010,4.9157
bgr,2011,4.8403
bgr,2012,4.6903
bgr,2013,4.4918
bgr,2014,4.2796
bgr,2015,4.0448
bgr,2016,3.8530
bgr,2017,3.6665
bgr,2018,3.4645
bgr,2019,3.2549
bgr,2020,3.0343
bgr,2021,2.8386
bgr,2022,2.6638
bgr,2023,2.5039
bgr,2024,2.3454
bhr,1972,25.322
bhr,1973,24.014
bhr,1974,22.663
bhr,1975,21.429
bhr,1976,20.446
bhr,1977,19.715
bhr,1978,19.113
bhr,1979,18.687
bhr,1980,18.122
bhr,1981,17.502
bhr,1982,17.064
bhr,1983,16.738
bhr,1984,16.545
bhr,1985,16.315
bhr,1986,16.088
bhr,1987,15.848
bhr,1988,15.570
bhr,1989,15.281
bhr,1990,14.876
bhr,1991,14.363
bhr,1992,13.643
bhr,1993,12.667
bhr,1994,11.499
bhr,1995,10.179
bhr,1996,8.8588
bhr,1997,7.6140
bhr,1998,6.5516
bhr,1999,5.7077
bhr,2000,5.0406
bhr,2001,4.5296
bhr,2002,4.1477
bhr,2003,3.8502
bhr,2004,3.6138
bhr,2005,3.4081
bhr,2006,3.2414
bhr,2007,3.0980
bhr,2008,2.9769
bhr,2009,2.9040
bhr,2010,2.8646
bhr,2011,2.8602
bhr,2012,2.8741
bhr,2013,2.9012
bhr,2014,2.9441
bhr,2015,2.9955
bhr,2016,3.0777
bhr,2017,3.1867
bhr,2018,3.3245
bhr,2019,3.4873
bhr,2020,3.6454
bhr,2021,3.7801
bhr,2022,3.8717
bhr,2023,3.9222
bhr,2024,3.9208
bhs,1970,18.397
bhs,1971,18.878
bhs,1972,19.183
bhs,1973,19.564
bhs,1974,19.895
bhs,1975,20.086
bhs,1976,20.153
bhs,1977,19.924
bhs,1978,19.396
bhs,1979,18.655
bhs,1980,17.820
bhs,1981,17.063
bhs,1982,16.383
bhs,1983,15.904
bhs,1984,15.607
bhs,1985,15.392
bhs,1986,15.216
bhs,1987,14.933
bhs,1988,14.543
bhs,1989,13.924
bhs,1990,13.180
bhs,1991,12.301
bhs,1992,11.403
bhs,1993,10.537
bhs,1994,9.7310
bhs,1995,9.0022
bhs,1996,8.3717
bhs,1997,7.8284
bhs,1998,7.4150
bhs,1999,7.1520
bhs,2000,7.0331
bhs,2001,7.1148
bhs,2002,7.2655
bhs,2003,7.4671
bhs,2004,7.6596
bhs,2005,7.8067
bhs,2006,7.9222
bhs,2007,7.9446
bhs,2008,7.8974
bhs,2009,7.7841
bhs,2010,7.6470
bhs,2011,7.5272
bhs,2012,7.4111
bhs,2013,7.3910
bhs,2014,7.4480
bhs,2015,7.5837
bhs,2016,7.8225
bhs,2017,8.0667
bhs,2018,8.2752
bhs,2019,8.3847
bhs,2020,8.5344
bhs,2021,8.1925
bhs,2022,7.9281
bhs,2023,7.5670
bhs,2024,7.1897
bih,1986,14.711
bih,1987,13.510
bih,1988,12.403
bih,1989,11.589
bih,1990,11.137
bih,1991,10.857
bih,1992,10.513
bih,1993,10.758
bih,1994,10.241
bih,1995,8.9581
bih,1996,8.5464
bih,1997,7.9583
bih,1998,7.5215
bih,1999,7.0853
bih,2000,6.6549
bih,2001,6.2357
bih,2002,5.8581
bih,2003,5.5656
bih,2004,5.3204
bih,2005,5.1196
bih,2006,4.9521
bih,2007,4.8296
bih,2008,4.7568
bih,2009,4.7118
bih,2010,4.6960
bih,2011,4.6819
bih,2012,4.6627
bih,2013,4.6440
bih,2014,4.6233
bih,2015,4.6027
bih,2016,4.5889
bih,2017,4.5601
bih,2018,4.5308
bih,2019,4.4871
bih,2020,4.4654
bih,2021,4.4424
bih,2022,4.3724
bih,2023,4.2565
bih,2024,4.0761
blr,1990,7.6824
blr,1991,7.5856
blr,1992,7.6345
blr,1993,7.6875
blr,1994,7.7542
blr,1995,7.8262
blr,1996,7.7915
blr,1997,7.6374
blr,1998,7.2361
blr,1999,6.3374
blr,2000,5.1856
blr,2001,4.1444
blr,2002,3.4377
blr,2003,3.0229
blr,2004,2.7941
blr,2005,2.6596
blr,2006,2.5139
blr,2007,2.2874
blr,2008,2.0044
blr,2009,1.7303
blr,2010,1.5147
blr,2011,1.3716
blr,2012,1.3223
blr,2013,1.3164
blr,2014,1.3171
blr,2015,1.2929
blr,2016,1.2436
blr,2017,1.1680
blr,2018,1.0753
blr,2019,0.95740
blr,2020,0.82133
blr,2021,0.67557
blr,2022,0.56155
blr,2023,0.47711
blr,2024,0.40986
blz,1969,23.789
blz,1970,24.011
blz,1971,24.220
blz,1972,24.377
blz,1973,24.351
blz,1974,24.195
blz,1975,23.995
blz,1976,23.829
blz,1977,23.687
blz,1978,23.423
blz,1979,23.031
blz,1980,22.459
blz,1981,21.841
blz,1982,21.194
blz,1983,20.488
blz,1984,19.887
blz,1985,19.252
blz,1986,18.659
blz,1987,18.044
blz,1988,17.465
blz,1989,16.928
blz,1990,16.304
blz,1991,15.699
blz,1992,15.056
blz,1993,14.220
blz,1994,13.497
blz,1995,12.897
blz,1996,12.385
blz,1997,11.971
blz,1998,11.609
blz,1999,11.321
blz,2000,11.073
blz,2001,10.832
blz,2002,10.604
blz,2003,10.297
blz,2004,9.9165
blz,2005,9.5044
blz,2006,9.1268
blz,2007,8.8185
blz,2008,8.6904
blz,2009,8.8289
blz,2010,9.1114
blz,2011,9.5141
blz,2012,9.8839
blz,2013,10.067
blz,2014,10.074
blz,2015,9.9043
blz,2016,9.6677
blz,2017,9.4111
blz,2018,9.1774
blz,2019,9.0172
blz,2020,8.8787
blz,2021,8.7657
blz,2022,8.6569
blz,2023,8.4572
blz,2024,8.2159
bol,1967,60.618
bol,1968,59.866
bol,1969,58.757
bol,1970,57.346
bol,1971,56.042
bol,1972,54.713
bol,1973,53.698
bol,1974,52.802
bol,1975,51.977
bol,1976,50.886
bol,1977,49.594
bol,1978,48.236
bol,1979,47.072
bol,1980,46.050
bol,1981,45.310
bol,1982,44.566
bol,1983,43.824
bol,1984,43.241
bol,1985,42.560
bol,1986,41.817
bol,1987,40.801
bol,1988,39.722
bol,1989,38.925
bol,1990,38.124
bol,1991,37.239
bol,1992,36.219
bol,1993,35.223
bol,1994,34.445
bol,1995,33.585
bol,1996,32.613
bol,1997,31.479
bol,1998,30.089
bol,1999,28.608
bol,2000,27.204
bol,2001,26.158
bol,2002,25.394
bol,2003,24.960
bol,2004,24.667
bol,2005,24.206
bol,2006,23.595
bol,2007,22.833
bol,2008,21.982
bol,2009,21.057
bol,2010,20.040
bol,2011,19.047
bol,2012,18.021
bol,2013,17.000
bol,2014,15.854
bol,2015,14.670
bol,2016,13.636
bol,2017,12.719
bol,2018,11.861
bol,2019,11.047
bol,2020,10.311
bol,2021,9.6430
bol,2022,9.0161
bol,2023,8.4223
bol,2024,7.8740
bra,1964,40.444
bra,1965,40.838
bra,1966,41.009
bra,1967,41.222
bra,1968,41.520
bra,1969,41.513
bra,1970,41.369
bra,1971,40.962
bra,1972,40.404
bra,1973,39.753
bra,1974,38.802
bra,1975,37.679
bra,1976,36.382
bra,1977,35.168
bra,1978,34.165
bra,1979,33.076
bra,1980,32.036
bra,1981,30.988
bra,1982,29.959
bra,1983,29.112
bra,1984,28.215
bra,1985,27.299
bra,1986,26.330
bra,1987,25.439
bra,1988,24.706
bra,1989,23.947
bra,1990,23.138
bra,1991,22.242
bra,1992,21.352
bra,1993,20.599
bra,1994,19.830
bra,1995,19.197
bra,1996,18.566
bra,1997,18.007
bra,1998,17.513
bra,1999,17.074
bra,2000,16.557
bra,2001,15.777
bra,2002,15.048
bra,2003,14.308
bra,2004,13.599
bra,2005,12.986
bra,2006,12.429
bra,2007,11.989
bra,2008,11.644
bra,2009,11.298
bra,2010,10.933
bra,2011,10.569
bra,2012,10.197
bra,2013,9.8387
bra,2014,9.5124
bra,2015,9.2498
bra,2016,9.0225
bra,2017,9.5072
bra,2018,8.6475
bra,2019,8.5552
bra,2020,8.5562
bra,2021,8.4771
bra,2022,8.1099
bra,2023,7.3982
bra,2024,6.6183
brb,1969,28.980
brb,1970,27.786
brb,1971,26.525
brb,1972,25.315
brb,1973,24.307
brb,1974,23.383
brb,1975,22.489
brb,1976,21.511
brb,1977,20.229
brb,1978,19.045
brb,1979,17.880
brb,1980,16.836
brb,1981,15.932
brb,1982,15.182
brb,1983,14.631
brb,1984,14.189
brb,1985,13.862
brb,1986,13.582
brb,1987,13.218
brb,1988,12.781
brb,1989,12.223
brb,1990,11.560
brb,1991,10.860
brb,1992,10.203
brb,1993,9.6723
brb,1994,9.2042
brb,1995,8.8457
brb,1996,8.5569
brb,1997,8.3424
brb,1998,8.1831
brb,1999,8.0876
brb,2000,8.0662
brb,2001,8.1143
brb,2002,8.2356
brb,2003,8.4018
brb,2004,8.5740
brb,2005,8.7548
brb,2006,8.9053
brb,2007,8.9894
brb,2008,8.9886
brb,2009,8.9123
brb,2010,8.7899
brb,2011,8.6381
brb,2012,8.4144
brb,2013,8.1119
brb,2014,7.7874
brb,2015,7.4048
brb,2016,6.9867
brb,2017,6.5873
brb,2018,6.1985
brb,2019,5.8154
brb,2020,5.4376
brb,2021,5.0711
brb,2022,4.7483
brb,2023,4.4609
brb,2024,4.1769
brn,1990,5.2906
brn,1991,5.2996
brn,1992,5.2964
brn,1993,5.2629
brn,1994,5.1727
brn,1995,5.0611
brn,1996,4.8904
brn,1997,4.7439
brn,1998,4.6172
brn,1999,4.5199
brn,2000,4.4857
brn,2001,4.4782
brn,2002,4.5122
brn,2003,4.5536
brn,2004,4.5687
brn,2005,4.5412
brn,2006,4.4986
brn,2007,4.4522
brn,2008,4.4213
brn,2009,4.3926
brn,2010,4.3880
brn,2011,4.3750
brn,2012,4.3683
brn,2013,4.3599
brn,2014,4.3798
brn,2015,4.4324
brn,2016,4.4964
brn,2017,4.5864
brn,2018,4.6489
brn,2019,4.6772
brn,2020,4.6634
brn,2021,4.5842
brn,2022,4.4599
brn,2023,4.2812
brn,2024,4.0777
btn,1990,31.190
btn,1991,31.275
btn,1992,31.096
btn,1993,30.932
btn,1994,30.549
btn,1995,30.118
btn,1996,29.627
btn,1997,28.900
btn,1998,28.444
btn,1999,27.790
btn,2000,26.904
btn,2001,26.010
btn,2002,24.964
btn,2003,24.153
btn,2004,23.434
btn,2005,22.717
btn,2006,21.959
btn,2007,21.031
btn,2008,20.075
btn,2009,19.033
btn,2010,17.947
btn,2011,16.797
btn,2012,15.425
btn,2013,14.147
btn,2014,12.965
btn,2015,11.883
btn,2016,11.001
btn,2017,10.242
btn,2018,9.5082
btn,2019,8.8469
btn,2020,8.2128
btn,2021,7.6682
btn,2022,7.1385
btn,2023,6.6427
btn,2024,6.2328
bwa,1966,31.304
bwa,1967,30.977
bwa,1968,30.521
bwa,1969,30.112
bwa,1970,29.610
bwa,1971,29.044
bwa,1972,28.473
bwa,1973,27.855
bwa,1974,27.400
bwa,1975,27.044
bwa,1976,26.625
bwa,1977,26.293
bwa,1978,26.059
bwa,1979,25.909
bwa,1980,25.861
bwa,1981,25.705
bwa,1982,25.681
bwa,1983,25.552
bwa,1984,25.203
bwa,1985,24.703
bwa,1986,23.965
bwa,1987,22.947
bwa,1988,21.685
bwa,1989,20.367
bwa,1990,19.012
bwa,1991,17.252
bwa,1992,15.557
bwa,1993,14.043
bwa,1994,12.747
bwa,1995,11.552
bwa,1996,10.409
bwa,1997,9.4039
bwa,1998,8.6169
bwa,1999,8.1747
bwa,2000,8.0371
bwa,2001,8.2809
bwa,2002,8.9478
bwa,2003,9.9945
bwa,2004,11.325
bwa,2005,12.721
bwa,2006,13.893
bwa,2007,14.950
bwa,2008,15.462
bwa,2009,15.795
bwa,2010,16.004
bwa,2011,16.027
bwa,2012,15.937
bwa,2013,15.595
bwa,2014,15.032
bwa,2015,14.047
bwa,2016,12.926
bwa,2017,11.818
bwa,2018,10.951
bwa,2019,10.179
bwa,2020,9.5984
bwa,2021,9.0308
bwa,2022,8.4466
bwa,2023,7.9135
bwa,2024,7.5035
caf,1972,47.496
caf,1973,47.329
caf,1974,47.217
caf,1975,46.994
caf,1976,46.746
caf,1977,46.366
caf,1978,46.022
caf,1979,45.663
caf,1980,45.290
caf,1981,45.078
caf,1982,45.021
caf,1983,44.991
caf,1984,44.933
caf,1985,44.911
caf,1986,45.113
caf,1987,44.988
caf,1988,44.848
caf,1989,44.448
caf,1990,44.019
caf,1991,43.536
caf,1992,43.062
caf,1993,42.505
caf,1994,41.942
caf,1995,41.245
caf,1996,40.597
caf,1997,39.791
caf,1998,38.986
caf,1999,38.225
caf,2000,37.473
caf,2001,36.708
caf,2002,36.011
caf,2003,35.409
caf,2004,34.855
caf,2005,34.237
caf,2006,33.552
caf,2007,32.856
caf,2008,32.135
caf,2009,31.393
caf,2010,36.515
caf,2011,30.344
caf,2012,29.384
caf,2013,28.872
caf,2014,28.593
caf,2015,29.016
caf,2016,27.392
caf,2017,26.966
caf,2018,26.765
caf,2019,25.601
caf,2020,26.990
caf,2021,24.271
caf,2022,24.234
caf,2023,27.079
caf,2024,21.382
can,1970,13.502
can,1971,12.863
can,1972,12.134
can,1973,11.378
can,1974,10.578
can,1975,9.7948
can,1976,9.0720
can,1977,8.4834
can,1978,8.0349
can,1979,7.5849
can,1980,7.0837
can,1981,6.5587
can,1982,6.0947
can,1983,5.7436
can,1984,5.4547
can,1985,5.2127
can,1986,4.9931
can,1987,4.7864
can,1988,4.6017
can,1989,4.4334
can,1990,4.3139
can,1991,4.2182
can,1992,4.1319
can,1993,4.0619
can,1994,4.0027
can,1995,3.9665
can,1996,3.9300
can,1997,3.8626
can,1998,3.7717
can,1999,3.6810
can,2000,3.6405
can,2001,3.6482
can,2002,3.6970
can,2003,3.7720
can,2004,3.8238
can,2005,3.8332
can,2006,3.7991
can,2007,3.7490
can,2008,3.7097
can,2009,3.6767
can,2010,3.6588
can,2011,3.6469
can,2012,3.6270
can,2013,3.5954
can,2014,3.5472
can,2015,3.4987
can,2016,3.4498
can,2017,3.4070
can,2018,3.3782
can,2019,3.3560
can,2020,3.3449
can,2021,3.3369
can,2022,3.3210
can,2023,3.2833
can,2024,3.2077
che,1956,18.071
che,1957,17.517
che,1958,16.983
che,1959,16.581
che,1960,16.191
che,1961,15.847
che,1962,15.471
che,1963,15.020
che,1964,14.574
che,1965,14.098
che,1966,13.691
che,1967,13.240
che,1968,12.657
che,1969,11.946
che,1970,11.142
che,1971,10.363
che,1972,9.6373
che,1973,8.9904
che,1974,8.4449
che,1975,7.9204
che,1976,7.3944
che,1977,6.8607
che,1978,6.3762
che,1979,5.9682
che,1980,5.5989
che,1981,5.2836
che,1982,4.9982
che,1983,4.7393
che,1984,4.5149
che,1985,4.3275
che,1986,4.2042
che,1987,4.1200
che,1988,4.0396
che,1989,3.9613
che,1990,3.8459
che,1991,3.7212
che,1992,3.5910
che,1993,3.4746
che,1994,3.3860
che,1995,3.3104
che,1996,3.2711
che,1997,3.2545
che,1998,3.2558
che,1999,3.2818
che,2000,3.2943
che,2001,3.3002
che,2002,3.2901
che,2003,3.2569
che,2004,3.2114
che,2005,3.1609
che,2006,3.1316
che,2007,3.1110
che,2008,3.0971
che,2009,3.0795
che,2010,3.0514
che,2011,3.0141
che,2012,2.9693
che,2013,2.9264
che,2014,2.8978
che,2015,2.8675
che,2016,2.8335
che,2017,2.7919
che,2018,2.7501
che,2019,2.7252
che,2020,2.7080
che,2021,2.7042
che,2022,2.7002
che,2023,2.6789
che,2024,2.6270
chl,1969,32.570
chl,1970,29.502
chl,1971,28.237
chl,1972,28.042
chl,1973,27.640
chl,1974,26.468
chl,1975,24.819
chl,1976,23.327
chl,1977,21.882
chl,1978,20.383
chl,1979,18.906
chl,1980,17.272
chl,1981,15.094
chl,1982,13.092
chl,1983,11.424
chl,1984,10.086
chl,1985,9.1545
chl,1986,8.9205
chl,1987,9.0355
chl,1988,9.0828
chl,1989,9.0079
chl,1990,8.7005
chl,1991,8.2189
chl,1992,7.6432
chl,1993,7.1227
chl,1994,6.7497
chl,1995,6.4560
chl,1996,6.2591
chl,1997,6.1165
chl,1998,6.0164
chl,1999,5.9584
chl,2000,5.7930
chl,2001,5.5167
chl,2002,5.2070
chl,2003,5.0312
chl,2004,5.0817
chl,2005,5.1842
chl,2006,5.2723
chl,2007,5.2826
chl,2008,5.2177
chl,2009,5.1436
chl,2010,5.0627
chl,2011,5.1036
chl,2012,5.1553
chl,2013,5.1248
chl,2014,5.0362
chl,2015,4.9559
chl,2016,5.0414
chl,2017,5.1450
chl,2018,5.0751
chl,2019,4.8226
chl,2020,4.5237
chl,2021,4.3819
chl,2022,4.3055
chl,2023,4.3344
chl,2024,4.4064
chn,1990,25.925
chn,1991,26.334
chn,1992,26.561
chn,1993,26.498
chn,1994,26.165
chn,1995,25.525
chn,1996,24.671
chn,1997,23.676
chn,1998,22.642
chn,1999,21.681
chn,2000,20.703
chn,2001,19.757
chn,2002,18.418
chn,2003,17.015
chn,2004,15.563
chn,2005,14.132
chn,2006,12.756
chn,2007,11.477
chn,2008,10.326
chn,2009,9.3178
chn,2010,8.4157
chn,2011,7.6463
chn,2012,6.9678
chn,2013,6.3638
chn,2014,5.8262
chn,2015,5.3125
chn,2016,4.8566
chn,2017,4.4283
chn,2018,4.0455
chn,2019,3.7140
chn,2020,3.4031
chn,2021,3.1461
chn,2022,2.9111
chn,2023,2.6761
chn,2024,2.4506
civ,1958,78.228
civ,1959,77.975
civ,1960,77.001
civ,1961,76.219
civ,1962,75.300
civ,1963,74.406
civ,1964,73.603
civ,1965,72.885
civ,1966,72.197
civ,1967,71.557
civ,1968,70.714
civ,1969,69.893
civ,1970,68.850
civ,1971,67.754
civ,1972,66.380
civ,1973,64.726
civ,1974,62.736
civ,1975,60.546
civ,1976,58.396
civ,1977,56.370
civ,1978,54.362
civ,1979,52.553
civ,1980,51.044
civ,1981,49.902
civ,1982,48.824
civ,1983,47.914
civ,1984,47.156
civ,1985,46.430
civ,1986,45.836
civ,1987,45.326
civ,1988,44.678
civ,1989,44.045
civ,1990,43.357
civ,1991,42.866
civ,1992,42.394
civ,1993,41.918
civ,1994,41.435
civ,1995,40.807
civ,1996,40.130
civ,1997,39.349
civ,1998,38.515
civ,1999,37.711
civ,2000,37.033
civ,2001,36.532
civ,2002,36.072
civ,2003,35.685
civ,2004,35.273
civ,2005,34.808
civ,2006,34.413
civ,2007,33.900
civ,2008,33.395
civ,2009,32.927
civ,2010,32.272
civ,2011,31.661
civ,2012,31.047
civ,2013,30.420
civ,2014,29.841
civ,2015,29.198
civ,2016,28.537
civ,2017,27.896
civ,2018,27.175
civ,2019,26.412
civ,2020,25.574
civ,2021,24.694
civ,2022,23.782
civ,2023,22.879
civ,2024,21.995
cmr,1956,68.754
cmr,1957,67.733
cmr,1958,66.233
cmr,1959,64.460
cmr,1960,62.936
cmr,1961,61.546
cmr,1962,60.543
cmr,1963,59.896
cmr,1964,59.285
cmr,1965,58.677
cmr,1966,58.017
cmr,1967,57.062
cmr,1968,55.915
cmr,1969,54.599
cmr,1970,53.109
cmr,1971,51.617
cmr,1972,50.033
cmr,1973,49.060
cmr,1974,48.430
cmr,1975,48.024
cmr,1976,47.910
cmr,1977,47.609
cmr,1978,47.328
cmr,1979,46.825
cmr,1980,46.285
cmr,1981,45.634
cmr,1982,44.735
cmr,1983,43.825
cmr,1984,42.809
cmr,1985,41.553
cmr,1986,40.308
cmr,1987,39.019
cmr,1988,37.855
cmr,1989,37.079
cmr,1990,36.524
cmr,1991,36.307
cmr,1992,36.150
cmr,1993,35.991
cmr,1994,35.759
cmr,1995,35.514
cmr,1996,35.306
cmr,1997,34.884
cmr,1998,34.278
cmr,1999,33.449
cmr,2000,32.592
cmr,2001,31.746
cmr,2002,30.968
cmr,2003,30.392
cmr,2004,30.122
cmr,2005,29.820
cmr,2006,29.694
cmr,2007,29.440
cmr,2008,29.111
cmr,2009,28.804
cmr,2010,28.419
cmr,2011,28.134
cmr,2012,27.693
cmr,2013,27.261
cmr,2014,26.696
cmr,2015,26.132
cmr,2016,25.484
cmr,2017,24.798
cmr,2018,23.912
cmr,2019,22.866
cmr,2020,21.783
cmr,2021,20.773
cmr,2022,19.790
cmr,2023,18.794
cmr,2024,17.832
cod,1985,35.894
cod,1986,36.163
cod,1987,36.154
cod,1988,36.081
cod,1989,35.880
cod,1990,35.690
cod,1991,35.556
cod,1992,35.116
cod,1993,34.818
cod,1994,34.554
cod,1995,34.194
cod,1996,34.026
cod,1997,33.716
cod,1998,33.471
cod,1999,33.073
cod,2000,32.762
cod,2001,32.645
cod,2002,32.352
cod,2003,32.150
cod,2004,31.752
cod,2005,31.274
cod,2006,30.680
cod,2007,29.842
cod,2008,28.850
cod,2009,27.871
cod,2010,26.777
cod,2011,25.671
cod,2012,24.506
cod,2013,23.446
cod,2014,22.335
cod,2015,21.224
cod,2016,20.352
cod,2017,19.308
cod,2018,18.365
cod,2019,17.429
cod,2020,16.600
cod,2021,15.637
cod,2022,14.920
cod,2023,14.204
cod,2024,13.492
cog,1983,23.848
cog,1984,23.885
cog,1985,23.791
cog,1986,23.634
cog,1987,23.513
cog,1988,23.461
cog,1989,23.432
cog,1990,23.489
cog,1991,23.543
cog,1992,23.747
cog,1993,24.115
cog,1994,24.522
cog,1995,25.136
cog,1996,25.589
cog,1997,26.210
cog,1998,26.665
cog,1999,26.857
cog,2000,26.831
cog,2001,26.516
cog,2002,26.083
cog,2003,25.432
cog,2004,24.597
cog,2005,23.749
cog,2006,22.809
cog,2007,21.875
cog,2008,21.016
cog,2009,20.249
cog,2010,19.582
cog,2011,18.825
cog,2012,17.944
cog,2013,16.900
cog,2014,15.828
cog,2015,14.788
cog,2016,13.929
cog,2017,13.124
cog,2018,12.459
cog,2019,11.834
cog,2020,11.247
cog,2021,10.564
cog,2022,10.018
cog,2023,9.5882
cog,2024,9.1460
cok,1990,9.4987
cok,1991,9.3620
cok,1992,9.2345
cok,1993,9.1107
cok,1994,8.9409
cok,1995,8.7849
cok,1996,8.5414
cok,1997,8.2327
cok,1998,7.8845
cok,1999,7.4781
cok,2000,7.0905
cok,2001,6.7029
cok,2002,6.3899
cok,2003,6.0862
cok,2004,5.7824
cok,2005,5.4920
cok,2006,5.2102
cok,2007,4.9361
cok,2008,4.6883
cok,2009,4.4778
cok,2010,4.2921
cok,2011,4.1618
cok,2012,4.0918
cok,2013,4.0326
cok,2014,4.0285
cok,2015,4.0292
cok,2016,4.0589
cok,2017,4.1010
cok,2018,4.0930
cok,2019,4.0595
cok,2020,3.9951
cok,2021,3.9318
cok,2022,3.7948
cok,2023,3.6495
cok,2024,3.4901
col,1954,37.122
col,1955,37.056
col,1956,36.764
col,1957,36.445
col,1958,35.996
col,1959,35.448
col,1960,34.864
col,1961,34.257
col,1962,33.602
col,1963,32.885
col,1964,32.108
col,1965,31.258
col,1966,30.445
col,1967,29.676
col,1968,28.995
col,1969,28.469
col,1970,28.057
col,1971,27.628
col,1972,27.210
col,1973,26.705
col,1974,26.148
col,1975,25.537
col,1976,24.833
col,1977,24.190
col,1978,23.493
col,1979,22.771
col,1980,22.024
col,1981,21.308
col,1982,20.678
col,1983,20.059
col,1984,19.464
col,1985,18.912
col,1986,18.512
col,1987,18.018
col,1988,17.610
col,1989,17.278
col,1990,16.942
col,1991,16.495
col,1992,16.098
col,1993,15.728
col,1994,15.319
col,1995,14.883
col,1996,14.445
col,1997,14.019
col,1998,13.557
col,1999,13.118
col,2000,12.672
col,2001,12.246
col,2002,11.846
col,2003,11.455
col,2004,11.102
col,2005,10.753
col,2006,10.433
col,2007,10.074
col,2008,9.6695
col,2009,9.2699
col,2010,8.8800
col,2011,8.4915
col,2012,8.1018
col,2013,7.7264
col,2014,7.3339
col,2015,6.9625
col,2016,6.6214
col,2017,6.2560
col,2018,5.8969
col,2019,5.5499
col,2020,5.2299
col,2021,4.8943
col,2022,4.6042
col,2023,4.3196
col,2024,4.0515
com,1974,61.817
com,1975,62.635
com,1976,63.344
com,1977,63.889
com,1978,64.094
com,1979,63.267
com,1980,62.257
com,1981,60.652
com,1982,59.022
com,1983,57.077
com,1984,54.968
com,1985,52.922
com,1986,50.713
com,1987,48.559
com,1988,46.609
com,1989,44.732
com,1990,42.585
com,1991,40.256
com,1992,38.253
com,1993,36.516
com,1994,34.884
com,1995,33.295
com,1996,31.712
com,1997,30.287
com,1998,29.127
com,1999,28.130
com,2000,27.425
com,2001,26.689
com,2002,26.029
com,2003,25.511
com,2004,25.110
com,2005,24.532
com,2006,24.024
com,2007,23.580
com,2008,23.224
com,2009,22.782
com,2010,22.413
com,2011,22.054
com,2012,21.727
com,2013,21.446
com,2014,21.216
com,2015,20.959
com,2016,20.577
com,2017,20.200
com,2018,19.715
com,2019,19.159
com,2020,18.578
com,2021,17.846
com,2022,17.173
com,2023,16.396
com,2024,15.789
cpv,1976,16.361
cpv,1977,16.481
cpv,1978,16.591
cpv,1979,16.661
cpv,1980,16.832
cpv,1981,16.923
cpv,1982,16.801
cpv,1983,16.744
cpv,1984,16.636
cpv,1985,16.659
cpv,1986,16.637
cpv,1987,16.408
cpv,1988,16.210
cpv,1989,15.980
cpv,1990,15.987
cpv,1991,15.952
cpv,1992,15.805
cpv,1993,15.601
cpv,1994,15.420
cpv,1995,15.410
cpv,1996,15.642
cpv,1997,15.925
cpv,1998,16.237
cpv,1999,16.211
cpv,2000,16.017
cpv,2001,15.548
cpv,2002,14.791
cpv,2003,14.381
cpv,2004,14.222
cpv,2005,14.361
cpv,2006,14.654
cpv,2007,14.931
cpv,2008,15.141
cpv,2009,15.214
cpv,2010,15.165
cpv,2011,14.944
cpv,2012,14.491
cpv,2013,13.786
cpv,2014,12.972
cpv,2015,12.146
cpv,2016,11.355
cpv,2017,10.574
cpv,2018,9.9250
cpv,2019,9.3524
cpv,2020,8.8983
cpv,2021,8.4942
cpv,2022,8.0914
cpv,2023,7.6616
cpv,2024,7.1916
cri,1954,28.305
cri,1955,28.448
cri,1956,28.315
cri,1957,27.972
cri,1958,27.570
cri,1959,27.058
cri,1960,26.647
cri,1961,26.301
cri,1962,26.277
cri,1963,26.630
cri,1964,26.953
cri,1965,27.135
cri,1966,26.981
cri,1967,26.583
cri,1968,26.154
cri,1969,25.439
cri,1970,24.431
cri,1971,23.119
cri,1972,21.657
cri,1973,20.194
cri,1974,18.676
cri,1975,17.411
cri,1976,16.286
cri,1977,15.196
cri,1978,13.804
cri,1979,12.386
cri,1980,11.471
cri,1981,10.943
cri,1982,10.672
cri,1983,10.637
cri,1984,10.604
cri,1985,10.466
cri,1986,10.186
cri,1987,9.8535
cri,1988,9.5556
cri,1989,9.2025
cri,1990,8.8452
cri,1991,8.5339
cri,1992,8.3782
cri,1993,8.4089
cri,1994,8.4288
cri,1995,8.3679
cri,1996,8.1984
cri,1997,7.9630
cri,1998,7.7470
cri,1999,7.5379
cri,2000,7.3991
cri,2001,7.2763
cri,2002,7.1377
cri,2003,6.9951
cri,2004,6.8665
cri,2005,6.8028
cri,2006,6.7590
cri,2007,6.6860
cri,2008,6.5921
cri,2009,6.4590
cri,2010,6.3640
cri,2011,6.2943
cri,2012,6.2217
cri,2013,6.1647
cri,2014,6.0789
cri,2015,5.9983
cri,2016,5.9265
cri,2017,5.8737
cri,2018,5.8630
cri,2019,5.8822
cri,2020,5.9700
cri,2021,6.1188
cri,2022,6.3103
cri,2023,6.5070
cri,2024,6.5907
cub,1969,19.987
cub,1970,19.082
cub,1971,18.185
cub,1972,17.774
cub,1973,17.766
cub,1974,17.508
cub,1975,16.461
cub,1976,15.093
cub,1977,14.211
cub,1978,14.151
cub,1979,14.142
cub,1980,13.719
cub,1981,12.866
cub,1982,11.716
cub,1983,10.454
cub,1984,9.2812
cub,1985,8.5184
cub,1986,8.0758
cub,1987,7.7066
cub,1988,7.3264
cub,1989,6.9104
cub,1990,6.4564
cub,1991,6.0650
cub,1992,5.8145
cub,1993,5.7201
cub,1994,5.5949
cub,1995,5.3198
cub,1996,4.9129
cub,1997,4.4743
cub,1998,4.1163
cub,1999,3.8379
cub,2000,3.7115
cub,2001,3.6570
cub,2002,3.5818
cub,2003,3.4369
cub,2004,3.2542
cub,2005,3.0706
cub,2006,2.8983
cub,2007,2.7707
cub,2008,2.6865
cub,2009,2.6161
cub,2010,2.5436
cub,2011,2.4631
cub,2012,2.3770
cub,2013,2.3042
cub,2014,2.2449
cub,2015,2.2098
cub,2016,2.2119
cub,2017,2.2603
cub,2018,2.3636
cub,2019,2.5353
cub,2020,2.7755
cub,2021,3.0351
cub,2022,3.2426
cub,2023,3.3550
cub,2024,3.3575
cyp,1990,4.8333
cyp,1991,4.8575
cyp,1992,4.8582
cyp,1993,4.7507
cyp,1994,4.5793
cyp,1995,4.3740
cyp,1996,4.1438
cyp,1997,3.9364
cyp,1998,3.7031
cyp,1999,3.5009
cyp,2000,3.2890
cyp,2001,3.0794
cyp,2002,2.8972
cyp,2003,2.7028
cyp,2004,2.5186
cyp,2005,2.3414
cyp,2006,2.1613
cyp,2007,2.0019
cyp,2008,1.8601
cyp,2009,1.7522
cyp,2010,1.6729
cyp,2011,1.6105
cyp,2012,1.5477
cyp,2013,1.4950
cyp,2014,1.4605
cyp,2015,1.4348
cyp,2016,1.4234
cyp,2017,1.4243
cyp,2018,1.4368
cyp,2019,1.4639
cyp,2020,1.4872
cyp,2021,1.5116
cyp,2022,1.5172
cyp,2023,1.4834
cyp,2024,1.4283
cze,1983,10.055
cze,1984,9.5533
cze,1985,8.9941
cze,1986,8.5038
cze,1987,8.0810
cze,1988,7.7464
cze,1989,7.5141
cze,1990,7.2506
cze,1991,6.9506
cze,1992,6.5382
cze,1993,6.0124
cze,1994,5.4453
cze,1995,4.8572
cze,1996,4.3167
cze,1997,3.8197
cze,1998,3.3906
cze,1999,3.0361
cze,2000,2.7488
cze,2001,2.5529
cze,2002,2.4075
cze,2003,2.2989
cze,2004,2.2218
cze,2005,2.1436
cze,2006,2.0704
cze,2007,1.9786
cze,2008,1.8704
cze,2009,1.7590
cze,2010,1.6504
cze,2011,1.5744
cze,2012,1.5230
cze,2013,1.4880
cze,2014,1.4752
cze,2015,1.4752
cze,2016,1.4989
cze,2017,1.5265
cze,2018,1.5353
cze,2019,1.5200
cze,2020,1.4741
cze,2021,1.4125
cze,2022,1.3383
cze,2023,1.2619
cze,2024,1.1837
deu,1970,13.857
deu,1971,13.630
deu,1972,13.484
deu,1973,13.039
deu,1974,12.166
deu,1975,11.084
deu,1976,10.045
deu,1977,9.0358
deu,1978,7.9716
deu,1979,6.8863
deu,1980,5.9286
deu,1981,5.2376
deu,1982,4.7518
deu,1983,4.3887
deu,1984,4.0946
deu,1985,3.8142
deu,1986,3.5366
deu,1987,3.2901
deu,1988,3.1304
deu,1989,3.0872
deu,1990,3.1267
deu,1991,3.2328
deu,1992,3.3255
deu,1993,3.3278
deu,1994,3.2257
deu,1995,3.0820
deu,1996,2.9743
deu,1997,2.8935
deu,1998,2.8238
deu,1999,2.7635
deu,2000,2.7086
deu,2001,2.6800
deu,2002,2.6594
deu,2003,2.6298
deu,2004,2.5939
deu,2005,2.5510
deu,2006,2.5256
deu,2007,2.4968
deu,2008,2.4415
deu,2009,2.3614
deu,2010,2.2777
deu,2011,2.2311
deu,2012,2.2140
deu,2013,2.2102
deu,2014,2.2179
deu,2015,2.2167
deu,2016,2.2169
deu,2017,2.2133
deu,2018,2.2076
deu,2019,2.2086
deu,2020,2.2019
deu,2021,2.1976
deu,2022,2.1944
deu,2023,2.2005
deu,2024,2.2070
dji,1980,44.064
dji,1981,44.095
dji,1982,43.954
dji,1983,43.687
dji,1984,43.145
dji,1985,42.783
dji,1986,42.385
dji,1987,41.795
dji,1988,41.317
dji,1989,40.660
dji,1990,40.197
dji,1991,39.969
dji,1992,39.826
dji,1993,39.654
dji,1994,39.371
dji,1995,39.192
dji,1996,38.752
dji,1997,38.032
dji,1998,37.322
dji,1999,36.549
dji,2000,35.955
dji,2001,35.225
dji,2002,34.676
dji,2003,34.132
dji,2004,33.456
dji,2005,32.929
dji,2006,32.320
dji,2007,31.695
dji,2008,31.098
dji,2009,30.210
dji,2010,29.306
dji,2011,28.238
dji,2012,26.820
dji,2013,25.439
dji,2014,24.179
dji,2015,22.944
dji,2016,21.744
dji,2017,20.686
dji,2018,19.571
dji,2019,18.614
dji,2020,17.598
dji,2021,16.700
dji,2022,15.897
dji,2023,15.050
dji,2024,14.246
dma,1970,16.941
dma,1971,16.396
dma,1972,15.703
dma,1973,15.133
dma,1974,14.693
dma,1975,14.472
dma,1976,14.372
dma,1977,14.010
dma,1978,13.738
dma,1979,13.392
dma,1980,13.037
dma,1981,12.692
dma,1982,12.336
dma,1983,12.005
dma,1984,11.687
dma,1985,11.350
dma,1986,11.029
dma,1987,10.723
dma,1988,10.449
dma,1989,10.172
dma,1990,9.9262
dma,1991,9.7071
dma,1992,9.5348
dma,1993,9.4412
dma,1994,9.4393
dma,1995,9.5182
dma,1996,9.7194
dma,1997,9.9661
dma,1998,10.286
dma,1999,10.654
dma,2000,11.015
dma,2001,11.426
dma,2002,11.867
dma,2003,12.345
dma,2004,12.876
dma,2005,13.440
dma,2006,14.031
dma,2007,14.677
dma,2008,15.416
dma,2009,16.234
dma,2010,17.134
dma,2011,18.110
dma,2012,19.155
dma,2013,20.204
dma,2014,21.265
dma,2015,22.291
dma,2016,23.259
dma,2017,24.112
dma,2018,24.840
dma,2019,25.384
dma,2020,25.807
dma,2021,26.123
dma,2022,26.341
dma,2023,26.491
dma,2024,26.518
dnk,1961,15.381
dnk,1962,15.317
dnk,1963,14.960
dnk,1964,14.469
dnk,1965,13.890
dnk,1966,13.368
dnk,1967,12.953
dnk,1968,12.464
dnk,1969,11.833
dnk,1970,11.146
dnk,1971,10.503
dnk,1972,9.9177
dnk,1973,9.2795
dnk,1974,8.6478
dnk,1975,7.9901
dnk,1976,7.3086
dnk,1977,6.6270
dnk,1978,6.0065
dnk,1979,5.5620
dnk,1980,5.2589
dnk,1981,5.0029
dnk,1982,4.7860
dnk,1983,4.6007
dnk,1984,4.5295
dnk,1985,4.5262
dnk,1986,4.5346
dnk,1987,4.5297
dnk,1988,4.4659
dnk,1989,4.3704
dnk,1990,4.2397
dnk,1991,4.0905
dnk,1992,3.9530
dnk,1993,3.8135
dnk,1994,3.7247
dnk,1995,3.6791
dnk,1996,3.6601
dnk,1997,3.6553
dnk,1998,3.6043
dnk,1999,3.5229
dnk,2000,3.4111
dnk,2001,3.2787
dnk,2002,3.1392
dnk,2003,3.0052
dnk,2004,2.9638
dnk,2005,2.9615
dnk,2006,2.9210
dnk,2007,2.8365
dnk,2008,2.7309
dnk,2009,2.6505
dnk,2010,2.6174
dnk,2011,2.6667
dnk,2012,2.7787
dnk,2013,2.8692
dnk,2014,2.9122
dnk,2015,2.8956
dnk,2016,2.8439
dnk,2017,2.7761
dnk,2018,2.6717
dnk,2019,2.5421
dnk,2020,2.3842
dnk,2021,2.1801
dnk,2022,1.9073
dnk,2023,1.5762
dnk,2024,1.3278
dom,1964,34.592
dom,1965,34.920
dom,1966,35.057
dom,1967,35.274
dom,1968,35.371
dom,1969,35.509
dom,1970,35.572
dom,1971,35.571
dom,1972,35.620
dom,1973,35.572
dom,1974,35.413
dom,1975,35.128
dom,1976,34.636
dom,1977,34.208
dom,1978,33.568
dom,1979,32.750
dom,1980,31.614
dom,1981,30.283
dom,1982,29.147
dom,1983,28.143
dom,1984,27.200
dom,1985,26.188
dom,1986,25.264
dom,1987,24.542
dom,1988,23.898
dom,1989,23.313
dom,1990,22.686
dom,1991,22.018
dom,1992,21.497
dom,1993,21.100
dom,1994,20.914
dom,1995,20.776
dom,1996,20.663
dom,1997,20.712
dom,1998,20.799
dom,1999,20.888
dom,2000,20.942
dom,2001,20.918
dom,2002,20.846
dom,2003,20.758
dom,2004,20.766
dom,2005,20.811
dom,2006,20.883
dom,2007,20.976
dom,2008,21.075
dom,2009,21.170
dom,2010,21.208
dom,2011,21.256
dom,2012,21.227
dom,2013,21.113
dom,2014,20.894
dom,2015,20.652
dom,2016,20.355
dom,2017,20.033
dom,2018,19.615
dom,2019,19.071
dom,2020,18.392
dom,2021,17.591
dom,2022,16.763
dom,2023,15.882
dom,2024,14.963
dza,1970,59.717
dza,1971,59.103
dza,1972,57.980
dza,1973,56.450
dza,1974,54.951
dza,1975,53.127
dza,1976,51.353
dza,1977,49.579
dza,1978,47.843
dza,1979,46.335
dza,1980,44.472
dza,1981,42.377
dza,1982,39.720
dza,1983,36.840
dza,1984,33.964
dza,1985,30.872
dza,1986,28.143
dza,1987,25.832
dza,1988,24.093
dza,1989,22.974
dza,1990,22.132
dza,1991,21.609
dza,1992,21.301
dza,1993,21.049
dza,1994,20.990
dza,1995,20.927
dza,1996,20.992
dza,1997,20.955
dza,1998,20.923
dza,1999,20.875
dza,2000,20.721
dza,2001,20.479
dza,2002,20.189
dza,2003,19.819
dza,2004,19.512
dza,2005,18.989
dza,2006,18.539
dza,2007,18.130
dza,2008,17.718
dza,2009,17.364
dza,2010,17.022
dza,2011,16.767
dza,2012,16.493
dza,2013,16.009
dza,2014,15.298
dza,2015,14.591
dza,2016,14.167
dza,2017,14.062
dza,2018,14.218
dza,2019,14.546
dza,2020,14.841
dza,2021,14.934
dza,2022,14.771
dza,2023,14.365
dza,2024,13.767
ecu,1957,45.536
ecu,1958,46.466
ecu,1959,47.083
ecu,1960,47.744
ecu,1961,48.205
ecu,1962,48.432
ecu,1963,48.541
ecu,1964,48.393
ecu,1965,47.787
ecu,1966,47.030
ecu,1967,45.950
ecu,1968,44.781
ecu,1969,43.693
ecu,1970,42.457
ecu,1971,41.497
ecu,1972,40.322
ecu,1973,39.235
ecu,1974,38.156
ecu,1975,36.885
ecu,1976,35.578
ecu,1977,34.318
ecu,1978,33.076
ecu,1979,31.987
ecu,1980,30.907
ecu,1981,29.689
ecu,1982,28.394
ecu,1983,27.185
ecu,1984,25.976
ecu,1985,24.737
ecu,1986,23.491
ecu,1987,22.233
ecu,1988,21.147
ecu,1989,20.304
ecu,1990,19.523
ecu,1991,18.910
ecu,1992,18.366
ecu,1993,17.878
ecu,1994,17.369
ecu,1995,16.780
ecu,1996,16.181
ecu,1997,15.501
ecu,1998,14.671
ecu,1999,13.729
ecu,2000,12.871
ecu,2001,12.127
ecu,2002,11.440
ecu,2003,10.862
ecu,2004,10.365
ecu,2005,9.8986
ecu,2006,9.4895
ecu,2007,9.0759
ecu,2008,8.7001
ecu,2009,8.3509
ecu,2010,7.9922
ecu,2011,7.6448
ecu,2012,7.3556
ecu,2013,7.0926
ecu,2014,6.8711
ecu,2015,6.6923
ecu,2016,6.5757
ecu,2017,6.5048
ecu,2018,6.4848
ecu,2019,6.4887
ecu,2020,6.5138
ecu,2021,6.5642
ecu,2022,6.5235
ecu,2023,6.3930
ecu,2024,6.1645
egy,1958,59.525
egy,1959,59.203
egy,1960,58.560
egy,1961,57.820
egy,1962,57.347
egy,1963,56.576
egy,1964,55.939
egy,1965,55.372
egy,1966,54.788
egy,1967,54.621
egy,1968,54.575
egy,1969,54.629
egy,1970,54.863
egy,1971,54.997
egy,1972,55.116
egy,1973,55.007
egy,1974,54.709
egy,1975,54.157
egy,1976,53.354
egy,1977,52.479
egy,1978,51.472
egy,1979,50.369
egy,1980,49.157
egy,1981,47.839
egy,1982,46.455
egy,1983,44.908
egy,1984,43.077
egy,1985,41.185
egy,1986,39.077
egy,1987,37.072
egy,1988,35.184
egy,1989,33.519
egy,1990,32.076
egy,1991,30.764
egy,1992,29.500
egy,1993,28.285
egy,1994,27.043
egy,1995,25.874
egy,1996,24.809
egy,1997,23.903
egy,1998,23.037
egy,1999,22.205
egy,2000,21.437
egy,2001,20.682
egy,2002,19.961
egy,2003,19.294
egy,2004,18.613
egy,2005,17.990
egy,2006,17.231
egy,2007,16.409
egy,2008,15.630
egy,2009,14.842
egy,2010,14.065
egy,2011,13.302
egy,2012,12.530
egy,2013,11.776
egy,2014,11.020
egy,2015,10.315
egy,2016,9.6518
egy,2017,9.0393
egy,2018,8.4672
egy,2019,7.9139
egy,2020,7.3756
egy,2021,6.8931
egy,2022,6.4397
egy,2023,6.0262
egy,2024,5.6415
eri,1978,38.161
eri,1979,37.939
eri,1980,37.597
eri,1981,37.076
eri,1982,36.450
eri,1983,35.830
eri,1984,36.795
eri,1985,36.344
eri,1986,35.784
eri,1987,35.288
eri,1988,33.262
eri,1989,32.363
eri,1990,31.437
eri,1991,30.429
eri,1992,29.556
eri,1993,28.909
eri,1994,28.152
eri,1995,27.393
eri,1996,26.654
eri,1997,25.979
eri,1998,25.326
eri,1999,24.735
eri,2000,24.654
eri,2001,23.839
eri,2002,23.417
eri,2003,22.930
eri,2004,22.458
eri,2005,22.050
eri,2006,21.570
eri,2007,21.156
eri,2008,20.601
eri,2009,19.854
eri,2010,19.015
eri,2011,17.988
eri,2012,17.029
eri,2013,16.121
eri,2014,15.276
eri,2015,14.424
eri,2016,13.589
eri,2017,12.803
eri,2018,12.095
eri,2019,11.409
eri,2020,10.791
eri,2021,10.270
eri,2022,9.8122
eri,2023,9.3090
eri,2024,8.7603
esp,1961,19.517
esp,1962,19.906
esp,1963,20.374
esp,1964,20.563
esp,1965,20.238
esp,1966,19.618
esp,1967,19.167
esp,1968,19.012
esp,1969,18.687
esp,1970,17.842
esp,1971,16.731
esp,1972,15.573
esp,1973,14.520
esp,1974,13.617
esp,1975,12.938
esp,1976,12.300
esp,1977,11.504
esp,1978,10.553
esp,1979,9.6972
esp,1980,9.1511
esp,1981,8.7580
esp,1982,8.3090
esp,1983,7.7557
esp,1984,7.1603
esp,1985,6.6285
esp,1986,6.1709
esp,1987,5.7879
esp,1988,5.4865
esp,1989,5.2266
esp,1990,5.0062
esp,1991,4.7800
esp,1992,4.5207
esp,1993,4.2375
esp,1994,3.9515
esp,1995,3.7295
esp,1996,3.5285
esp,1997,3.3167
esp,1998,3.0958
esp,1999,2.8987
esp,2000,2.7841
esp,2001,2.7191
esp,2002,2.6620
esp,2003,2.5969
esp,2004,2.5141
esp,2005,2.4333
esp,2006,2.3447
esp,2007,2.2513
esp,2008,2.1653
esp,2009,2.0942
esp,2010,2.0613
esp,2011,2.0460
esp,2012,2.0259
esp,2013,1.9996
esp,2014,1.9577
esp,2015,1.9155
esp,2016,1.8725
esp,2017,1.8374
esp,2018,1.8203
esp,2019,1.8003
esp,2020,1.7776
esp,2021,1.7465
esp,2022,1.7078
esp,2023,1.6496
esp,2024,1.5639
est,1989,9.7708
est,1990,9.4870
est,1991,9.1953
est,1992,9.0561
est,1993,9.0330
est,1994,8.8685
est,1995,8.4853
est,1996,7.8981
est,1997,7.1840
est,1998,6.4638
est,1999,5.7962
est,2000,5.2726
est,2001,4.8297
est,2002,4.4119
est,2003,4.0257
est,2004,3.6455
est,2005,3.3196
est,2006,3.0179
est,2007,2.7350
est,2008,2.4896
est,2009,2.2500
est,2010,2.0445
est,2011,1.8597
est,2012,1.7024
est,2013,1.5647
est,2014,1.4426
est,2015,1.3464
est,2016,1.2557
est,2017,1.1778
est,2018,1.1153
est,2019,1.0599
est,2020,1.0079
est,2021,0.95940
est,2022,0.90761
est,2023,0.85564
est,2024,0.79582
eth,1978,57.199
eth,1979,58.023
eth,1980,58.766
eth,1981,59.286
eth,1982,59.387
eth,1983,59.349
eth,1984,60.395
eth,1985,59.729
eth,1986,58.825
eth,1987,57.901
eth,1988,55.841
eth,1989,55.129
eth,1990,54.389
eth,1991,53.606
eth,1992,52.860
eth,1993,51.988
eth,1994,50.865
eth,1995,49.651
eth,1996,48.330
eth,1997,47.203
eth,1998,46.086
eth,1999,44.998
eth,2000,44.045
eth,2001,43.072
eth,2002,42.230
eth,2003,41.506
eth,2004,40.854
eth,2005,40.225
eth,2006,39.540
eth,2007,38.741
eth,2008,37.944
eth,2009,37.070
eth,2010,36.118
eth,2011,35.079
eth,2012,34.035
eth,2013,33.020
eth,2014,31.944
eth,2015,30.864
eth,2016,29.723
eth,2017,28.506
eth,2018,27.242
eth,2019,26.016
eth,2020,24.667
eth,2021,23.330
eth,2022,22.021
eth,2023,20.729
eth,2024,19.604
fin,1961,15.150
fin,1962,14.749
fin,1963,14.286
fin,1964,13.778
fin,1965,13.210
fin,1966,12.622
fin,1967,12.034
fin,1968,11.481
fin,1969,11.003
fin,1970,10.538
fin,1971,10.104
fin,1972,9.6501
fin,1973,9.1326
fin,1974,8.5831
fin,1975,7.9772
fin,1976,7.3719
fin,1977,6.7945
fin,1978,6.2415
fin,1979,5.7452
fin,1980,5.2923
fin,1981,4.8978
fin,1982,4.5683
fin,1983,4.3243
fin,1984,4.1829
fin,1985,4.0882
fin,1986,4.0281
fin,1987,3.9714
fin,1988,3.9103
fin,1989,3.8428
fin,1990,3.7549
fin,1991,3.6605
fin,1992,3.5443
fin,1993,3.3957
fin,1994,3.2258
fin,1995,3.0520
fin,1996,2.8969
fin,1997,2.7660
fin,1998,2.6484
fin,1999,2.5415
fin,2000,2.4383
fin,2001,2.3420
fin,2002,2.2465
fin,2003,2.1607
fin,2004,2.0880
fin,2005,2.0156
fin,2006,1.9495
fin,2007,1.8841
fin,2008,1.8116
fin,2009,1.7343
fin,2010,1.6441
fin,2011,1.5529
fin,2012,1.4629
fin,2013,1.3896
fin,2014,1.3421
fin,2015,1.3091
fin,2016,1.2932
fin,2017,1.2850
fin,2018,1.2775
fin,2019,1.2728
fin,2020,1.2629
fin,2021,1.2520
fin,2022,1.2333
fin,2023,1.2070
fin,2024,1.1716
fji,1990,10.668
fji,1991,10.343
fji,1992,10.058
fji,1993,9.8078
fji,1994,9.5500
fji,1995,9.3663
fji,1996,9.1819
fji,1997,9.0606
fji,1998,8.9722
fji,1999,8.9038
fji,2000,8.9123
fji,2001,8.9381
fji,2002,9.1460
fji,2003,9.4567
fji,2004,9.8706
fji,2005,10.330
fji,2006,10.531
fji,2007,10.323
fji,2008,9.7177
fji,2009,8.9771
fji,2010,8.3392
fji,2011,7.7859
fji,2012,7.4434
fji,2013,7.2405
fji,2014,7.1716
fji,2015,7.2580
fji,2016,7.5246
fji,2017,8.1345
fji,2018,9.0556
fji,2019,10.098
fji,2020,11.171
fji,2021,11.953
fji,2022,12.240
fji,2023,12.158
fji,2024,11.742
fra,1961,17.936
fra,1962,16.742
fra,1963,15.969
fra,1964,15.720
fra,1965,15.627
fra,1966,15.409
fra,1967,14.784
fra,1968,13.476
fra,1969,11.509
fra,1970,9.6619
fra,1971,8.7663
fra,1972,8.5818
fra,1973,8.4597
fra,1974,8.1364
fra,1975,7.8062
fra,1976,7.6978
fra,1977,7.6344
fra,1978,7.3022
fra,1979,6.6451
fra,1980,5.9367
fra,1981,5.4700
fra,1982,5.2107
fra,1983,5.0132
fra,1984,4.8093
fra,1985,4.5897
fra,1986,4.3818
fra,1987,4.1847
fra,1988,4.0039
fra,1989,3.8489
fra,1990,3.6729
fra,1991,3.4700
fra,1992,3.2596
fra,1993,3.0942
fra,1994,3.0074
fra,1995,2.9623
fra,1996,2.9645
fra,1997,2.9635
fra,1998,2.9097
fra,1999,2.8080
fra,2000,2.6995
fra,2001,2.6478
fra,2002,2.6296
fra,2003,2.5948
fra,2004,2.5263
fra,2005,2.4352
fra,2006,2.3613
fra,2007,2.3087
fra,2008,2.2776
fra,2009,2.2753
fra,2010,2.2701
fra,2011,2.2543
fra,2012,2.2321
fra,2013,2.2275
fra,2014,2.2559
fra,2015,2.2981
fra,2016,2.3577
fra,2017,2.4134
fra,2018,2.4517
fra,2019,2.4776
fra,2020,2.4816
fra,2021,2.4884
fra,2022,2.5071
fra,2023,2.5629
fra,2024,2.6352
fsm,1990,16.882
fsm,1991,16.564
fsm,1992,16.139
fsm,1993,15.811
fsm,1994,15.469
fsm,1995,15.168
fsm,1996,14.807
fsm,1997,14.397
fsm,1998,14.086
fsm,1999,13.685
fsm,2000,13.323
fsm,2001,12.907
fsm,2002,12.496
fsm,2003,12.237
fsm,2004,11.767
fsm,2005,11.420
fsm,2006,11.156
fsm,2007,10.863
fsm,2008,10.451
fsm,2009,10.073
fsm,2010,9.6440
fsm,2011,9.1538
fsm,2012,8.7300
fsm,2013,8.3093
fsm,2014,7.8839
fsm,2015,7.4404
fsm,2016,7.0854
fsm,2017,6.7164
fsm,2018,6.3979
fsm,2019,6.0783
fsm,2020,5.7021
fsm,2021,5.4179
fsm,2022,5.1405
fsm,2023,4.8243
fsm,2024,4.5796
gab,1978,25.789
gab,1979,25.563
gab,1980,25.206
gab,1981,24.817
gab,1982,24.607
gab,1983,24.227
gab,1984,24.068
gab,1985,23.820
gab,1986,23.709
gab,1987,23.722
gab,1988,23.614
gab,1989,23.486
gab,1990,23.372
gab,1991,23.148
gab,1992,23.061
gab,1993,22.714
gab,1994,22.166
gab,1995,21.598
gab,1996,21.124
gab,1997,21.066
gab,1998,21.298
gab,1999,21.759
gab,2000,22.302
gab,2001,22.783
gab,2002,23.106
gab,2003,23.198
gab,2004,23.200
gab,2005,23.113
gab,2006,22.881
gab,2007,22.598
gab,2008,22.125
gab,2009,21.567
gab,2010,20.946
gab,2011,20.301
gab,2012,19.702
gab,2013,19.099
gab,2014,18.549
gab,2015,18.029
gab,2016,17.505
gab,2017,16.934
gab,2018,16.125
gab,2019,15.331
gab,2020,14.594
gab,2021,13.853
gab,2022,13.109
gab,2023,12.362
gab,2024,11.622
gbr,1961,15.637
gbr,1962,15.203
gbr,1963,14.672
gbr,1964,14.191
gbr,1965,13.761
gbr,1966,13.338
gbr,1967,12.937
gbr,1968,12.569
gbr,1969,12.289
gbr,1970,12.060
gbr,1971,11.840
gbr,1972,11.630
gbr,1973,11.398
gbr,1974,11.174
gbr,1975,10.877
gbr,1976,10.460
gbr,1977,9.9046
gbr,1978,9.2497
gbr,1979,8.5743
gbr,1980,7.9017
gbr,1981,7.2583
gbr,1982,6.6921
gbr,1983,6.2049
gbr,1984,5.8428
gbr,1985,5.5656
gbr,1986,5.3174
gbr,1987,5.0852
gbr,1988,4.8400
gbr,1989,4.6194
gbr,1990,4.4430
gbr,1991,4.3294
gbr,1992,4.2785
gbr,1993,4.2311
gbr,1994,4.1712
gbr,1995,4.0863
gbr,1996,3.9796
gbr,1997,3.8624
gbr,1998,3.7649
gbr,1999,3.7338
gbr,2000,3.7307
gbr,2001,3.6896
gbr,2002,3.6014
gbr,2003,3.4967
gbr,2004,3.4460
gbr,2005,3.4239
gbr,2006,3.3860
gbr,2007,3.3194
gbr,2008,3.2252
gbr,2009,3.1291
gbr,2010,3.0292
gbr,2011,2.9213
gbr,2012,2.8121
gbr,2013,2.7056
gbr,2014,2.6229
gbr,2015,2.5718
gbr,2016,2.5637
gbr,2017,2.6000
gbr,2018,2.6411
gbr,2019,2.6703
gbr,2020,2.6730
gbr,2021,2.6625
gbr,2022,2.6220
gbr,2023,2.5395
gbr,2024,2.4293
geo,1978,19.732
geo,1979,20.251
geo,1980,20.532
geo,1981,20.693
geo,1982,20.785
geo,1983,20.822
geo,1984,20.731
geo,1985,20.655
geo,1986,20.621
geo,1987,20.689
geo,1988,20.790
geo,1989,20.924
geo,1990,21.144
geo,1991,21.320
geo,1992,21.515
geo,1993,21.587
geo,1994,21.572
geo,1995,21.482
geo,1996,21.350
geo,1997,21.224
geo,1998,20.901
geo,1999,20.608
geo,2000,20.184
geo,2001,19.514
geo,2002,18.554
geo,2003,17.487
geo,2004,16.371
geo,2005,15.224
geo,2006,14.107
geo,2007,13.036
geo,2008,12.018
geo,2009,11.059
geo,2010,10.157
geo,2011,9.3499
geo,2012,8.6481
geo,2013,7.9845
geo,2014,7.3527
geo,2015,6.7373
geo,2016,6.1678
geo,2017,5.6908
geo,2018,5.2991
geo,2019,5.0727
geo,2020,4.9406
geo,2021,4.8382
geo,2022,4.7186
geo,2023,4.5406
geo,2024,4.3140
gha,1966,52.904
gha,1967,53.435
gha,1968,53.857
gha,1969,54.157
gha,1970,54.303
gha,1971,54.146
gha,1972,53.795
gha,1973,53.391
gha,1974,52.800
gha,1975,51.931
gha,1976,51.103
gha,1977,50.098
gha,1978,49.256
gha,1979,48.406
gha,1980,47.625
gha,1981,46.976
gha,1982,46.293
gha,1983,45.633
gha,1984,44.910
gha,1985,44.123
gha,1986,43.314
gha,1987,42.289
gha,1988,41.342
gha,1989,40.316
gha,1990,39.402
gha,1991,38.500
gha,1992,37.644
gha,1993,36.991
gha,1994,36.495
gha,1995,36.084
gha,1996,35.765
gha,1997,35.319
gha,1998,34.858
gha,1999,34.213
gha,2000,33.507
gha,2001,32.709
gha,2002,32.004
gha,2003,31.365
gha,2004,30.822
gha,2005,30.319
gha,2006,29.858
gha,2007,29.300
gha,2008,28.764
gha,2009,28.087
gha,2010,27.362
gha,2011,26.579
gha,2012,25.743
gha,2013,24.883
gha,2014,24.102
gha,2015,23.391
gha,2016,22.729
gha,2017,22.143
gha,2018,21.554
gha,2019,20.906
gha,2020,20.226
gha,2021,19.492
gha,2022,18.710
gha,2023,17.886
gha,2024,17.060
gin,1977,58.418
gin,1978,60.017
gin,1979,61.550
gin,1980,63.003
gin,1981,64.176
gin,1982,64.675
gin,1983,64.779
gin,1984,64.370
gin,1985,63.485
gin,1986,62.294
gin,1987,60.965
gin,1988,59.427
gin,1989,57.873
gin,1990,56.356
gin,1991,55.184
gin,1992,53.980
gin,1993,52.946
gin,1994,52.334
gin,1995,51.601
gin,1996,50.823
gin,1997,49.453
gin,1998,47.723
gin,1999,45.546
gin,2000,43.131
gin,2001,40.974
gin,2002,39.087
gin,2003,37.702
gin,2004,36.616
gin,2005,35.604
gin,2006,34.719
gin,2007,33.732
gin,2008,33.009
gin,2009,32.619
gin,2010,32.151
gin,2011,31.720
gin,2012,31.153
gin,2013,30.523
gin,2014,29.937
gin,2015,29.212
gin,2016,28.529
gin,2017,27.710
gin,2018,26.763
gin,2019,25.944
gin,2020,25.116
gin,2021,24.315
gin,2022,23.232
gin,2023,22.284
gin,2024,21.290
gmb,1990,41.333
gmb,1991,41.108
gmb,1992,41.104
gmb,1993,40.822
gmb,1994,40.490
gmb,1995,40.116
gmb,1996,39.495
gmb,1997,38.928
gmb,1998,37.907
gmb,1999,36.848
gmb,2000,35.855
gmb,2001,34.992
gmb,2002,34.359
gmb,2003,33.715
gmb,2004,33.176
gmb,2005,32.707
gmb,2006,32.093
gmb,2007,31.496
gmb,2008,30.711
gmb,2009,29.974
gmb,2010,29.192
gmb,2011,28.558
gmb,2012,27.777
gmb,2013,26.942
gmb,2014,26.223
gmb,2015,25.409
gmb,2016,24.597
gmb,2017,23.700
gmb,2018,22.750
gmb,2019,21.709
gmb,2020,20.736
gmb,2021,19.692
gmb,2022,18.711
gmb,2023,17.767
gmb,2024,16.829
gnb,1988,53.186
gnb,1989,53.716
gnb,1990,53.744
gnb,1991,53.713
gnb,1992,53.619
gnb,1993,53.289
gnb,1994,52.991
gnb,1995,52.552
gnb,1996,51.945
gnb,1997,51.210
gnb,1998,50.318
gnb,1999,49.376
gnb,2000,48.163
gnb,2001,46.996
gnb,2002,46.120
gnb,2003,45.244
gnb,2004,44.630
gnb,2005,43.934
gnb,2006,43.042
gnb,2007,42.024
gnb,2008,40.819
gnb,2009,39.481
gnb,2010,37.813
gnb,2011,35.944
gnb,2012,34.086
gnb,2013,32.162
gnb,2014,30.206
gnb,2015,28.503
gnb,2016,26.832
gnb,2017,25.468
gnb,2018,24.097
gnb,2019,22.990
gnb,2020,21.857
gnb,2021,20.596
gnb,2022,19.492
gnb,2023,18.536
gnb,2024,17.633
gnq,1990,38.227
gnq,1991,38.476
gnq,1992,38.956
gnq,1993,39.111
gnq,1994,39.199
gnq,1995,39.358
gnq,1996,39.146
gnq,1997,39.256
gnq,1998,38.781
gnq,1999,38.451
gnq,2000,37.991
gnq,2001,37.489
gnq,2002,37.140
gnq,2003,36.340
gnq,2004,35.505
gnq,2005,34.511
gnq,2006,33.037
gnq,2007,31.376
gnq,2008,29.947
gnq,2009,28.366
gnq,2010,26.699
gnq,2011,24.975
gnq,2012,23.349
gnq,2013,21.924
gnq,2014,20.696
gnq,2015,19.458
gnq,2016,18.273
gnq,2017,17.353
gnq,2018,16.451
gnq,2019,15.635
gnq,2020,14.755
gnq,2021,14.031
gnq,2022,13.449
gnq,2023,12.703
gnq,2024,12.046
grc,1961,19.002
grc,1962,19.195
grc,1963,19.229
grc,1964,19.269
grc,1965,19.395
grc,1966,19.755
grc,1967,20.134
grc,1968,20.183
grc,1969,19.834
grc,1970,19.639
grc,1971,19.740
grc,1972,19.545
grc,1973,18.696
grc,1974,17.603
grc,1975,16.806
grc,1976,16.508
grc,1977,16.183
grc,1978,15.490
grc,1979,14.576
grc,1980,13.687
grc,1981,12.948
grc,1982,12.231
grc,1983,11.513
grc,1984,10.856
grc,1985,10.234
grc,1986,9.5995
grc,1987,8.8848
grc,1988,8.1339
grc,1989,7.4154
grc,1990,6.7657
grc,1991,6.2527
grc,1992,5.8925
grc,1993,5.7011
grc,1994,5.6127
grc,1995,5.5011
grc,1996,5.3278
grc,1997,5.0679
grc,1998,4.7594
grc,1999,4.4217
grc,2000,4.0786
grc,2001,3.7608
grc,2002,3.4338
grc,2003,3.1086
grc,2004,2.8063
grc,2005,2.5562
grc,2006,2.3830
grc,2007,2.2342
grc,2008,2.1100
grc,2009,2.0197
grc,2010,1.9894
grc,2011,2.0272
grc,2012,2.1023
grc,2013,2.2069
grc,2014,2.3253
grc,2015,2.4166
grc,2016,2.4571
grc,2017,2.4446
grc,2018,2.4145
grc,2019,2.3747
grc,2020,2.3216
grc,2021,2.2359
grc,2022,2.1069
grc,2023,1.9639
grc,2024,1.8136
grd,1990,11.486
grd,1991,10.878
grd,1992,10.169
grd,1993,9.3987
grd,1994,8.6822
grd,1995,8.0202
grd,1996,7.5050
grd,1997,7.1538
grd,1998,6.8952
grd,1999,6.7832
grd,2000,6.7723
grd,2001,6.8009
grd,2002,6.8407
grd,2003,6.8597
grd,2004,6.8816
grd,2005,6.9053
grd,2006,6.9099
grd,2007,6.9610
grd,2008,7.0655
grd,2009,7.2876
grd,2010,7.5921
grd,2011,7.9929
grd,2012,8.4512
grd,2013,8.9456
grd,2014,9.4314
grd,2015,9.8665
grd,2016,10.209
grd,2017,10.454
grd,2018,10.610
grd,2019,10.701
grd,2020,10.699
grd,2021,10.575
grd,2022,10.353
grd,2023,9.9721
grd,2024,9.5358
gtm,1965,49.186
gtm,1966,48.981
gtm,1967,48.474
gtm,1968,47.896
gtm,1969,47.224
gtm,1970,46.473
gtm,1971,45.720
gtm,1972,44.836
gtm,1973,43.787
gtm,1974,42.721
gtm,1975,41.451
gtm,1976,40.149
gtm,1977,39.220
gtm,1978,37.626
gtm,1979,36.495
gtm,1980,35.395
gtm,1981,34.445
gtm,1982,33.471
gtm,1983,32.838
gtm,1984,31.382
gtm,1985,30.307
gtm,1986,29.492
gtm,1987,28.658
gtm,1988,27.847
gtm,1989,27.035
gtm,1990,26.249
gtm,1991,25.466
gtm,1992,24.702
gtm,1993,23.975
gtm,1994,23.316
gtm,1995,22.637
gtm,1996,22.006
gtm,1997,21.366
gtm,1998,20.785
gtm,1999,20.242
gtm,2000,19.672
gtm,2001,19.109
gtm,2002,18.562
gtm,2003,18.023
gtm,2004,17.532
gtm,2005,17.082
gtm,2006,16.583
gtm,2007,16.095
gtm,2008,15.666
gtm,2009,15.261
gtm,2010,14.758
gtm,2011,14.120
gtm,2012,13.461
gtm,2013,12.814
gtm,2014,12.195
gtm,2015,11.562
gtm,2016,10.959
gtm,2017,10.371
gtm,2018,9.7681
gtm,2019,9.2039
gtm,2020,8.6267
gtm,2021,8.0794
gtm,2022,7.5972
gtm,2023,7.1162
gtm,2024,6.6754
guy,1953,39.719
guy,1954,39.119
guy,1955,38.432
guy,1956,37.657
guy,1957,36.886
guy,1958,35.877
guy,1959,34.950
guy,1960,33.924
guy,1961,32.934
guy,1962,32.062
guy,1963,31.457
guy,1964,30.883
guy,1965,30.334
guy,1966,30.006
guy,1967,29.791
guy,1968,29.594
guy,1969,29.450
guy,1970,29.327
guy,1971,29.197
guy,1972,29.145
guy,1973,29.042
guy,1974,28.794
guy,1975,28.387
guy,1976,27.942
guy,1977,27.538
guy,1978,27.024
guy,1979,26.522
guy,1980,26.100
guy,1981,25.707
guy,1982,25.306
guy,1983,25.056
guy,1984,25.115
guy,1985,25.275
guy,1986,25.395
guy,1987,25.753
guy,1988,26.090
guy,1989,26.474
guy,1990,26.808
guy,1991,26.900
guy,1992,27.062
guy,1993,27.007
guy,1994,26.814
guy,1995,26.512
guy,1996,26.131
guy,1997,25.718
guy,1998,25.237
guy,1999,24.749
guy,2000,24.231
guy,2001,23.704
guy,2002,23.148
guy,2003,22.647
guy,2004,22.140
guy,2005,21.650
guy,2006,21.109
guy,2007,20.575
guy,2008,19.917
guy,2009,19.245
guy,2010,18.503
guy,2011,17.731
guy,2012,16.893
guy,2013,16.020
guy,2014,15.151
guy,2015,14.371
guy,2016,13.538
guy,2017,12.783
guy,2018,12.099
guy,2019,11.413
guy,2020,10.793
guy,2021,10.195
guy,2022,9.5741
guy,2023,9.0353
guy,2024,8.5024
hnd,1973,31.631
hnd,1974,31.017
hnd,1975,30.922
hnd,1976,29.826
hnd,1977,29.246
hnd,1978,28.760
hnd,1979,28.276
hnd,1980,27.852
hnd,1981,27.232
hnd,1982,26.529
hnd,1983,25.643
hnd,1984,24.678
hnd,1985,23.823
hnd,1986,22.956
hnd,1987,22.202
hnd,1988,21.482
hnd,1989,20.621
hnd,1990,19.786
hnd,1991,18.970
hnd,1992,18.246
hnd,1993,17.636
hnd,1994,17.153
hnd,1995,16.889
hnd,1996,16.743
hnd,1997,16.658
hnd,1998,16.559
hnd,1999,16.792
hnd,2000,16.213
hnd,2001,15.927
hnd,2002,15.524
hnd,2003,15.008
hnd,2004,14.543
hnd,2005,14.177
hnd,2006,13.799
hnd,2007,13.543
hnd,2008,13.240
hnd,2009,12.900
hnd,2010,12.507
hnd,2011,12.068
hnd,2012,11.614
hnd,2013,11.165
hnd,2014,10.674
hnd,2015,10.181
hnd,2016,9.6959
hnd,2017,9.2210
hnd,2018,8.7599
hnd,2019,8.3208
hnd,2020,7.8834
hnd,2021,7.4212
hnd,2022,6.9889
hnd,2023,6.5616
hnd,2024,6.1277
hrv,1983,13.194
hrv,1984,12.953
hrv,1985,12.381
hrv,1986,11.618
hrv,1987,10.715
hrv,1988,9.7411
hrv,1989,8.7930
hrv,1990,8.0646
hrv,1991,7.7739
hrv,1992,7.6670
hrv,1993,7.3917
hrv,1994,7.0221
hrv,1995,6.5565
hrv,1996,6.0923
hrv,1997,5.6868
hrv,1998,5.4757
hrv,1999,5.4486
hrv,2000,5.3941
hrv,2001,5.2569
hrv,2002,5.0233
hrv,2003,4.7489
hrv,2004,4.4948
hrv,2005,4.2226
hrv,2006,3.9974
hrv,2007,3.8014
hrv,2008,3.6601
hrv,2009,3.5646
hrv,2010,3.4534
hrv,2011,3.3232
hrv,2012,3.1828
hrv,2013,3.0660
hrv,2014,3.0105
hrv,2015,2.9489
hrv,2016,2.8812
hrv,2017,2.8026
hrv,2018,2.7475
hrv,2019,2.7497
hrv,2020,2.7449
hrv,2021,2.7250
hrv,2022,2.6819
hrv,2023,2.6116
hrv,2024,2.5205
hti,1960,72.551
hti,1961,73.013
hti,1962,73.419
hti,1963,73.759
hti,1964,73.800
hti,1965,73.824
hti,1966,73.508
hti,1967,73.119
hti,1968,72.553
hti,1969,72.251
hti,1970,71.556
hti,1971,70.470
hti,1972,69.155
hti,1973,67.602
hti,1974,66.068
hti,1975,64.103
hti,1976,62.164
hti,1977,60.094
hti,1978,57.851
hti,1979,55.743
hti,1980,53.555
hti,1981,51.617
hti,1982,49.898
hti,1983,48.139
hti,1984,46.647
hti,1985,45.061
hti,1986,43.605
hti,1987,42.105
hti,1988,40.154
hti,1989,38.065
hti,1990,35.956
hti,1991,34.203
hti,1992,32.894
hti,1993,31.782
hti,1994,30.908
hti,1995,29.949
hti,1996,29.255
hti,1997,28.644
hti,1998,27.988
hti,1999,27.366
hti,2000,26.617
hti,2001,26.125
hti,2002,25.795
hti,2003,25.668
hti,2004,25.751
hti,2005,25.732
hti,2006,25.685
hti,2007,25.574
hti,2008,25.436
hti,2009,25.264
hti,2010,24.915
hti,2011,25.501
hti,2012,24.117
hti,2013,23.637
hti,2014,23.093
hti,2015,22.396
hti,2016,21.629
hti,2017,20.726
hti,2018,19.806
hti,2019,18.872
hti,2020,17.920
hti,2021,17.036
hti,2022,16.095
hti,2023,15.250
hti,2024,14.473
hun,1961,27.205
hun,1962,26.473
hun,1963,26.051
hun,1964,26.185
hun,1965,26.480
hun,1966,26.920
hun,1967,27.233
hun,1968,27.249
hun,1969,27.134
hun,1970,26.967
hun,1971,27.166
hun,1972,27.420
hun,1973,27.501
hun,1974,27.287
hun,1975,26.387
hun,1976,25.110
hun,1977,23.257
hun,1978,21.211
hun,1979,19.421
hun,1980,17.784
hun,1981,16.492
hun,1982,15.548
hun,1983,15.034
hun,1984,14.975
hun,1985,14.848
hun,1986,14.462
hun,1987,13.767
hun,1988,12.886
hun,1989,12.026
hun,1990,11.267
hun,1991,10.774
hun,1992,10.287
hun,1993,9.5785
hun,1994,8.6766
hun,1995,7.7807
hun,1996,7.2058
hun,1997,6.8330
hun,1998,6.4994
hun,1999,6.1488
hun,2000,5.7739
hun,2001,5.4918
hun,2002,5.2263
hun,2003,4.9013
hun,2004,4.5552
hun,2005,4.2016
hun,2006,3.9406
hun,2007,3.7410
hun,2008,3.5813
hun,2009,3.4621
hun,2010,3.3393
hun,2011,3.2278
hun,2012,3.1115
hun,2013,2.9834
hun,2014,2.8560
hun,2015,2.7033
hun,2016,2.5480
hun,2017,2.3833
hun,2018,2.2404
hun,2019,2.1451
hun,2020,2.0777
hun,2021,2.0535
hun,2022,2.0412
hun,2023,2.0104
hun,2024,1.9279
idn,1954,56.884
idn,1955,56.258
idn,1956,55.566
idn,1957,54.905
idn,1958,54.108
idn,1959,53.286
idn,1960,52.438
idn,1961,51.662
idn,1962,50.882
idn,1963,50.117
idn,1964,49.465
idn,1965,48.708
idn,1966,48.608
idn,1967,47.395
idn,1968,46.784
idn,1969,46.156
idn,1970,45.407
idn,1971,44.622
idn,1972,43.848
idn,1973,42.994
idn,1974,42.117
idn,1975,41.072
idn,1976,40.069
idn,1977,39.064
idn,1978,38.126
idn,1979,37.313
idn,1980,36.438
idn,1981,35.546
idn,1982,34.670
idn,1983,33.712
idn,1984,32.807
idn,1985,31.878
idn,1986,31.046
idn,1987,30.383
idn,1988,29.795
idn,1989,29.347
idn,1990,28.868
idn,1991,28.500
idn,1992,28.043
idn,1993,27.538
idn,1994,26.994
idn,1995,26.294
idn,1996,25.548
idn,1997,24.719
idn,1998,23.810
idn,1999,22.908
idn,2000,21.954
idn,2001,21.093
idn,2002,20.317
idn,2003,19.661
idn,2004,19.135
idn,2005,18.809
idn,2006,18.340
idn,2007,17.967
idn,2008,17.593
idn,2009,17.151
idn,2010,16.505
idn,2011,15.828
idn,2012,15.170
idn,2013,14.467
idn,2014,13.770
idn,2015,13.075
idn,2016,12.395
idn,2017,11.765
idn,2018,11.154
idn,2019,10.545
idn,2020,9.9441
idn,2021,9.3697
idn,2022,8.7567
idn,2023,8.2005
idn,2024,7.6509
ind,1970,78.187
ind,1971,77.999
ind,1972,77.550
ind,1973,77.137
ind,1974,76.654
ind,1975,75.748
ind,1976,74.844
ind,1977,73.631
ind,1978,72.334
ind,1979,70.829
ind,1980,69.370
ind,1981,67.964
ind,1982,66.422
ind,1983,64.987
ind,1984,63.539
ind,1985,62.118
ind,1986,60.696
ind,1987,59.328
ind,1988,57.916
ind,1989,56.549
ind,1990,55.196
ind,1991,54.008
ind,1992,52.744
ind,1993,51.544
ind,1994,50.359
ind,1995,49.250
ind,1996,48.205
ind,1997,47.074
ind,1998,45.899
ind,1999,44.614
ind,2000,43.288
ind,2001,41.985
ind,2002,40.614
ind,2003,39.252
ind,2004,37.887
ind,2005,36.563
ind,2006,35.385
ind,2007,34.173
ind,2008,33.071
ind,2009,31.985
ind,2010,30.892
ind,2011,29.828
ind,2012,28.699
ind,2013,27.567
ind,2014,26.507
ind,2015,25.392
ind,2016,24.312
ind,2017,23.215
ind,2018,22.141
ind,2019,20.973
ind,2020,19.560
ind,2021,18.210
ind,2022,16.949
ind,2023,15.843
ind,2024,14.753
irl,1961,20.328
irl,1962,19.382
irl,1963,18.503
irl,1964,17.740
irl,1965,17.084
irl,1966,16.495
irl,1967,15.837
irl,1968,14.996
irl,1969,14.063
irl,1970,13.238
irl,1971,12.612
irl,1972,12.150
irl,1973,11.874
irl,1974,11.692
irl,1975,11.432
irl,1976,11.017
irl,1977,10.401
irl,1978,9.6375
irl,1979,8.7590
irl,1980,7.8592
irl,1981,7.0926
irl,1982,6.4892
irl,1983,6.0502
irl,1984,5.7089
irl,1985,5.3879
irl,1986,5.0811
irl,1987,4.8140
irl,1988,4.6370
irl,1989,4.5573
irl,1990,4.5050
irl,1991,4.4669
irl,1992,4.3941
irl,1993,4.2675
irl,1994,4.1211
irl,1995,4.0142
irl,1996,3.9438
irl,1997,3.8779
irl,1998,3.8398
irl,1999,3.8520
irl,2000,3.8585
irl,2001,3.8106
irl,2002,3.6918
irl,2003,3.5210
irl,2004,3.3133
irl,2005,3.0716
irl,2006,2.8160
irl,2007,2.5832
irl,2008,2.4237
irl,2009,2.3452
irl,2010,2.3210
irl,2011,2.3417
irl,2012,2.3660
irl,2013,2.3757
irl,2014,2.3550
irl,2015,2.3098
irl,2016,2.2565
irl,2017,2.2005
irl,2018,2.1504
irl,2019,2.1058
irl,2020,2.0906
irl,2021,2.1016
irl,2022,2.1146
irl,2023,2.1232
irl,2024,2.1096
irn,1990,16.243
irn,1991,16.590
irn,1992,16.724
irn,1993,16.659
irn,1994,16.731
irn,1995,16.668
irn,1996,16.742
irn,1997,16.780
irn,1998,16.640
irn,1999,16.562
irn,2000,16.347
irn,2001,15.880
irn,2002,15.119
irn,2003,14.457
irn,2004,13.991
irn,2005,13.439
irn,2006,13.078
irn,2007,12.719
irn,2008,12.161
irn,2009,11.476
irn,2010,10.585
irn,2011,9.6233
irn,2012,8.8070
irn,2013,8.0167
irn,2014,7.3458
irn,2015,6.7132
irn,2016,6.1754
irn,2017,5.7299
irn,2018,5.2981
irn,2019,4.8721
irn,2020,4.5364
irn,2021,4.1854
irn,2022,3.8894
irn,2023,3.6317
irn,2024,3.3836
irq,1984,25.888
irq,1985,25.389
irq,1986,25.002
irq,1987,24.546
irq,1988,24.183
irq,1989,24.080
irq,1990,23.954
irq,1991,23.670
irq,1992,23.139
irq,1993,22.712
irq,1994,22.577
irq,1995,22.407
irq,1996,22.294
irq,1997,22.121
irq,1998,21.930
irq,1999,21.778
irq,2000,21.502
irq,2001,21.233
irq,2002,20.905
irq,2003,20.633
irq,2004,20.328
irq,2005,19.995
irq,2006,19.636
irq,2007,19.174
irq,2008,18.753
irq,2009,18.273
irq,2010,17.691
irq,2011,17.064
irq,2012,16.425
irq,2013,15.766
irq,2014,15.133
irq,2015,14.479
irq,2016,13.778
irq,2017,13.074
irq,2018,12.397
irq,2019,11.717
irq,2020,11.124
irq,2021,10.539
irq,2022,9.9784
irq,2023,9.3900
irq,2024,8.8432
isl,1955,11.361
isl,1956,11.021
isl,1957,10.752
isl,1958,10.536
isl,1959,10.416
isl,1960,10.337
isl,1961,10.307
isl,1962,10.283
isl,1963,10.208
isl,1964,10.134
isl,1965,10.010
isl,1966,9.8580
isl,1967,9.6886
isl,1968,9.4781
isl,1969,9.2370
isl,1970,8.9484
isl,1971,8.6262
isl,1972,8.3134
isl,1973,7.9618
isl,1974,7.5703
isl,1975,7.1471
isl,1976,6.6990
isl,1977,6.2642
isl,1978,5.8399
isl,1979,5.4744
isl,1980,5.1443
isl,1981,4.8553
isl,1982,4.5946
isl,1983,4.3462
isl,1984,4.1166
isl,1985,3.9068
isl,1986,3.7240
isl,1987,3.5541
isl,1988,3.3962
isl,1989,3.2501
isl,1990,3.1026
isl,1991,2.9596
isl,1992,2.8313
isl,1993,2.7079
isl,1994,2.5971
isl,1995,2.4897
isl,1996,2.3850
isl,1997,2.2801
isl,1998,2.1664
isl,1999,2.0484
isl,2000,1.9378
isl,2001,1.8233
isl,2002,1.7198
isl,2003,1.6200
isl,2004,1.5299
isl,2005,1.4418
isl,2006,1.3634
isl,2007,1.2994
isl,2008,1.2480
isl,2009,1.2064
isl,2010,1.1721
isl,2011,1.1446
isl,2012,1.1282
isl,2013,1.1159
isl,2014,1.1073
isl,2015,1.1034
isl,2016,1.1022
isl,2017,1.1139
isl,2018,1.1157
isl,2019,1.1142
isl,2020,1.1028
isl,2021,1.0740
isl,2022,1.0365
isl,2023,0.98932
isl,2024,0.93710
isr,1976,12.287
isr,1977,11.917
isr,1978,11.406
isr,1979,10.815
isr,1980,10.199
isr,1981,9.6387
isr,1982,9.1065
isr,1983,8.5864
isr,1984,8.1176
isr,1985,7.7274
isr,1986,7.4821
isr,1987,7.2724
isr,1988,7.0108
isr,1989,6.7120
isr,1990,6.3563
isr,1991,5.9776
isr,1992,5.5970
isr,1993,5.2294
isr,1994,4.8895
isr,1995,4.5711
isr,1996,4.2969
isr,1997,4.0637
isr,1998,3.8647
isr,1999,3.7034
isr,2000,3.5588
isr,2001,3.4409
isr,2002,3.3142
isr,2003,3.1675
isr,2004,2.9981
isr,2005,2.8093
isr,2006,2.6241
isr,2007,2.4627
isr,2008,2.3663
isr,2009,2.3435
isr,2010,2.3252
isr,2011,2.2926
isr,2012,2.2399
isr,2013,2.1793
isr,2014,2.1224
isr,2015,2.0605
isr,2016,2.0035
isr,2017,1.9420
isr,2018,1.8845
isr,2019,1.8350
isr,2020,1.7879
isr,2021,1.7484
isr,2022,1.7122
isr,2023,1.6753
isr,2024,1.6303
ita,1961,23.728
ita,1962,22.886
ita,1963,22.190
ita,1964,22.069
ita,1965,22.214
ita,1966,22.179
ita,1967,21.734
ita,1968,21.138
ita,1969,20.593
ita,1970,20.105
ita,1971,19.847
ita,1972,19.663
ita,1973,19.133
ita,1974,18.066
ita,1975,16.713
ita,1976,15.487
ita,1977,14.501
ita,1978,13.622
ita,1979,12.756
ita,1980,11.867
ita,1981,11.032
ita,1982,10.274
ita,1983,9.5999
ita,1984,9.0558
ita,1985,8.5822
ita,1986,8.1210
ita,1987,7.6526
ita,1988,7.2275
ita,1989,6.9171
ita,1990,6.6443
ita,1991,6.3174
ita,1992,5.8834
ita,1993,5.4334
ita,1994,5.1026
ita,1995,4.8497
ita,1996,4.6078
ita,1997,4.3398
ita,1998,4.0580
ita,1999,3.8143
ita,2000,3.5906
ita,2001,3.3744
ita,2002,3.1615
ita,2003,2.9710
ita,2004,2.8401
ita,2005,2.7428
ita,2006,2.6482
ita,2007,2.5418
ita,2008,2.4453
ita,2009,2.3986
ita,2010,2.3755
ita,2011,2.3423
ita,2012,2.2929
ita,2013,2.2284
ita,2014,2.1725
ita,2015,2.1165
ita,2016,2.0604
ita,2017,1.9993
ita,2018,1.9238
ita,2019,1.8428
ita,2020,1.7593
ita,2021,1.6905
ita,2022,1.6297
ita,2023,1.5584
ita,2024,1.4861
jam,1953,34.930
jam,1954,34.878
jam,1955,34.356
jam,1956,33.666
jam,1957,32.826
jam,1958,31.957
jam,1959,30.911
jam,1960,29.845
jam,1961,28.724
jam,1962,27.712
jam,1963,26.776
jam,1964,25.817
jam,1965,25.052
jam,1966,24.337
jam,1967,23.588
jam,1968,22.996
jam,1969,22.334
jam,1970,21.698
jam,1971,21.073
jam,1972,20.507
jam,1973,19.978
jam,1974,19.417
jam,1975,18.973
jam,1976,18.564
jam,1977,18.267
jam,1978,18.018
jam,1979,17.772
jam,1980,17.614
jam,1981,17.393
jam,1982,17.192
jam,1983,16.928
jam,1984,16.634
jam,1985,16.399
jam,1986,16.159
jam,1987,15.937
jam,1988,15.699
jam,1989,15.509
jam,1990,15.321
jam,1991,15.167
jam,1992,15.025
jam,1993,14.881
jam,1994,14.743
jam,1995,14.636
jam,1996,14.522
jam,1997,14.392
jam,1998,14.238
jam,1999,14.107
jam,2000,13.934
jam,2001,13.739
jam,2002,13.555
jam,2003,13.384
jam,2004,13.255
jam,2005,13.182
jam,2006,13.157
jam,2007,13.147
jam,2008,13.181
jam,2009,13.228
jam,2010,13.291
jam,2011,13.358
jam,2012,13.410
jam,2013,13.499
jam,2014,13.573
jam,2015,13.573
jam,2016,13.522
jam,2017,13.431
jam,2018,13.396
jam,2019,13.411
jam,2020,13.486
jam,2021,13.571
jam,2022,13.603
jam,2023,13.529
jam,2024,13.283
jor,1954,38.472
jor,1955,37.930
jor,1956,37.474
jor,1957,36.844
jor,1958,36.322
jor,1959,35.812
jor,1960,35.249
jor,1961,34.628
jor,1962,33.959
jor,1963,33.355
jor,1964,32.660
jor,1965,31.949
jor,1966,31.233
jor,1967,30.438
jor,1968,29.748
jor,1969,29.081
jor,1970,28.269
jor,1971,27.587
jor,1972,26.870
jor,1973,26.205
jor,1974,25.579
jor,1975,24.950
jor,1976,24.333
jor,1977,23.817
jor,1978,23.453
jor,1979,23.239
jor,1980,23.022
jor,1981,22.936
jor,1982,22.735
jor,1983,22.515
jor,1984,22.174
jor,1985,21.690
jor,1986,21.140
jor,1987,20.464
jor,1988,19.790
jor,1989,19.142
jor,1990,18.534
jor,1991,17.870
jor,1992,17.275
jor,1993,16.790
jor,1994,16.366
jor,1995,15.986
jor,1996,15.583
jor,1997,15.181
jor,1998,14.866
jor,1999,14.577
jor,2000,14.293
jor,2001,13.987
jor,2002,13.653
jor,2003,13.314
jor,2004,12.934
jor,2005,12.536
jor,2006,12.136
jor,2007,11.695
jor,2008,11.262
jor,2009,10.813
jor,2010,10.400
jor,2011,10.009
jor,2012,9.6303
jor,2013,9.2769
jor,2014,8.9360
jor,2015,8.5725
jor,2016,8.2173
jor,2017,7.8556
jor,2018,7.5128
jor,2019,7.1620
jor,2020,6.8018
jor,2021,6.4726
jor,2022,6.1563
jor,2023,5.8461
jor,2024,5.5413
jpn,1969,9.4180
jpn,1970,8.8630
jpn,1971,8.4035
jpn,1972,7.9956
jpn,1973,7.5922
jpn,1974,7.1851
jpn,1975,6.8074
jpn,1976,6.5165
jpn,1977,6.2450
jpn,1978,5.9220
jpn,1979,5.5304
jpn,1980,5.1241
jpn,1981,4.7695
jpn,1982,4.4523
jpn,1983,4.1409
jpn,1984,3.8377
jpn,1985,3.5403
jpn,1986,3.2743
jpn,1987,3.0387
jpn,1988,2.8404
jpn,1989,2.6816
jpn,1990,2.5515
jpn,1991,2.4564
jpn,1992,2.3818
jpn,1993,2.3143
jpn,1994,2.2489
jpn,1995,2.1725
jpn,1996,2.0870
jpn,1997,1.9951
jpn,1998,1.9052
jpn,1999,1.8233
jpn,2000,1.7535
jpn,2001,1.7034
jpn,2002,1.6566
jpn,2003,1.5984
jpn,2004,1.5269
jpn,2005,1.4465
jpn,2006,1.3701
jpn,2007,1.2990
jpn,2008,1.2348
jpn,2009,1.1791
jpn,2010,1.1248
jpn,2011,1.0729
jpn,2012,1.0256
jpn,2013,0.98065
jpn,2014,0.94657
jpn,2015,0.91516
jpn,2016,0.88736
jpn,2017,0.86201
jpn,2018,0.84149
jpn,2019,0.82782
jpn,2020,0.81443
jpn,2021,0.80217
jpn,2022,0.78894
jpn,2023,0.77685
jpn,2024,0.76193
kaz,1973,20.594
kaz,1974,20.802
kaz,1975,20.895
kaz,1976,21.034
kaz,1977,21.001
kaz,1978,21.002
kaz,1979,21.040
kaz,1980,20.912
kaz,1981,20.759
kaz,1982,20.606
kaz,1983,20.362
kaz,1984,20.152
kaz,1985,19.895
kaz,1986,19.828
kaz,1987,19.765
kaz,1988,19.657
kaz,1989,19.554
kaz,1990,19.528
kaz,1991,19.617
kaz,1992,19.803
kaz,1993,20.131
kaz,1994,20.641
kaz,1995,21.184
kaz,1996,21.618
kaz,1997,21.829
kaz,1998,21.833
kaz,1999,21.623
kaz,2000,21.278
kaz,2001,20.839
kaz,2002,20.396
kaz,2003,19.864
kaz,2004,19.240
kaz,2005,18.525
kaz,2006,17.912
kaz,2007,17.154
kaz,2008,16.019
kaz,2009,14.519
kaz,2010,12.772
kaz,2011,11.126
kaz,2012,9.6098
kaz,2013,8.1655
kaz,2014,6.8726
kaz,2015,5.8250
kaz,2016,5.1359
kaz,2017,4.7166
kaz,2018,4.4941
kaz,2019,4.4225
kaz,2020,4.4290
kaz,2021,4.4803
kaz,2022,4.4833
kaz,2023,4.3233
kaz,2024,3.9825
ken,1955,47.829
ken,1956,47.205
ken,1957,46.360
ken,1958,45.334
ken,1959,44.275
ken,1960,43.208
ken,1961,41.990
ken,1962,40.775
ken,1963,39.612
ken,1964,38.548
ken,1965,37.620
ken,1966,36.864
ken,1967,36.334
ken,1968,36.017
ken,1969,35.686
ken,1970,35.302
ken,1971,34.777
ken,1972,34.209
ken,1973,33.514
ken,1974,32.780
ken,1975,32.142
ken,1976,31.383
ken,1977,30.816
ken,1978,30.217
ken,1979,29.807
ken,1980,29.448
ken,1981,28.993
ken,1982,28.476
ken,1983,27.979
ken,1984,27.472
ken,1985,27.043
ken,1986,26.553
ken,1987,26.057
ken,1988,25.450
ken,1989,24.908
ken,1990,24.468
ken,1991,24.149
ken,1992,23.960
ken,1993,23.810
ken,1994,23.786
ken,1995,23.938
ken,1996,24.088
ken,1997,24.186
ken,1998,24.247
ken,1999,24.266
ken,2000,24.285
ken,2001,24.188
ken,2002,23.981
ken,2003,23.661
ken,2004,23.299
ken,2005,22.922
ken,2006,22.499
ken,2007,22.121
ken,2008,21.779
ken,2009,21.563
ken,2010,21.451
ken,2011,21.391
ken,2012,21.340
ken,2013,21.313
ken,2014,21.261
ken,2015,21.204
ken,2016,21.066
ken,2017,20.872
ken,2018,20.579
ken,2019,20.251
ken,2020,19.857
ken,2021,19.399
ken,2022,18.810
ken,2023,18.143
ken,2024,17.423
kgz,1980,22.688
kgz,1981,22.432
kgz,1982,21.912
kgz,1983,21.470
kgz,1984,20.934
kgz,1985,20.558
kgz,1986,20.375
kgz,1987,20.203
kgz,1988,20.168
kgz,1989,20.242
kgz,1990,20.235
kgz,1991,20.323
kgz,1992,20.561
kgz,1993,21.101
kgz,1994,21.724
kgz,1995,22.004
kgz,1996,21.804
kgz,1997,21.136
kgz,1998,20.131
kgz,1999,19.068
kgz,2000,18.134
kgz,2001,17.575
kgz,2002,17.140
kgz,2003,16.964
kgz,2004,16.939
kgz,2005,17.016
kgz,2006,17.186
kgz,2007,17.238
kgz,2008,17.024
kgz,2009,16.514
kgz,2010,15.908
kgz,2011,15.265
kgz,2012,14.520
kgz,2013,13.871
kgz,2014,13.351
kgz,2015,12.855
kgz,2016,12.334
kgz,2017,11.755
kgz,2018,11.230
kgz,2019,10.799
kgz,2020,10.409
kgz,2021,10.136
kgz,2022,9.8602
kgz,2023,9.5428
kgz,2024,9.1651
khm,1978,55.612
khm,1979,53.860
khm,1980,47.590
khm,1981,45.435
khm,1982,43.251
khm,1983,41.047
khm,1984,39.547
khm,1985,38.493
khm,1986,37.860
khm,1987,37.471
khm,1988,37.125
khm,1989,36.792
khm,1990,36.430
khm,1991,36.022
khm,1992,35.773
khm,1993,35.446
khm,1994,35.210
khm,1995,35.033
khm,1996,34.781
khm,1997,34.635
khm,1998,34.183
khm,1999,33.567
khm,2000,32.582
khm,2001,31.211
khm,2002,29.759
khm,2003,28.013
khm,2004,26.373
khm,2005,24.863
khm,2006,23.577
khm,2007,22.445
khm,2008,21.244
khm,2009,20.107
khm,2010,18.946
khm,2011,17.682
khm,2012,16.356
khm,2013,14.797
khm,2014,13.297
khm,2015,11.837
khm,2016,10.620
khm,2017,9.5790
khm,2018,8.6767
khm,2019,7.9459
khm,2020,7.3372
khm,2021,6.7971
khm,2022,6.2652
khm,2023,5.8221
khm,2024,5.4586
kir,1990,27.410
kir,1991,27.096
kir,1992,26.884
kir,1993,26.504
kir,1994,26.106
kir,1995,25.726
kir,1996,25.275
kir,1997,24.836
kir,1998,24.373
kir,1999,23.577
kir,2000,22.906
kir,2001,22.107
kir,2002,21.408
kir,2003,20.688
kir,2004,19.966
kir,2005,19.222
kir,2006,18.700
kir,2007,18.209
kir,2008,17.718
kir,2009,17.022
kir,2010,16.239
kir,2011,15.583
kir,2012,15.040
kir,2013,14.627
kir,2014,14.225
kir,2015,13.729
kir,2016,13.302
kir,2017,12.910
kir,2018,12.532
kir,2019,12.254
kir,2020,11.966
kir,2021,11.657
kir,2022,11.209
kir,2023,10.814
kir,2024,10.406
kna,1978,20.737
kna,1979,20.874
kna,1980,20.956
kna,1981,20.907
kna,1982,20.726
kna,1983,20.410
kna,1984,20.053
kna,1985,19.674
kna,1986,19.283
kna,1987,18.693
kna,1988,17.997
kna,1989,17.379
kna,1990,16.873
kna,1991,16.485
kna,1992,16.182
kna,1993,16.005
kna,1994,15.862
kna,1995,15.660
kna,1996,15.390
kna,1997,15.104
kna,1998,14.713
kna,1999,14.306
kna,2000,13.780
kna,2001,13.216
kna,2002,12.641
kna,2003,12.036
kna,2004,11.476
kna,2005,10.995
kna,2006,10.630
kna,2007,10.330
kna,2008,10.110
kna,2009,10.027
kna,2010,9.9587
kna,2011,9.9447
kna,2012,10.005
kna,2013,10.032
kna,2014,10.028
kna,2015,9.9686
kna,2016,9.7371
kna,2017,9.4307
kna,2018,8.9878
kna,2019,8.5374
kna,2020,8.0688
kna,2021,7.6002
kna,2022,7.1315
kna,2023,6.6889
kna,2024,6.2862
kor,1952,29.834
kor,1953,28.463
kor,1954,27.149
kor,1955,25.995
kor,1956,25.058
kor,1957,24.353
kor,1958,23.912
kor,1959,23.597
kor,1960,23.507
kor,1961,23.498
kor,1962,23.528
kor,1963,23.538
kor,1964,23.442
kor,1965,23.409
kor,1966,23.227
kor,1967,22.942
kor,1968,22.563
kor,1969,22.084
kor,1970,21.569
kor,1971,21.008
kor,1972,20.346
kor,1973,19.722
kor,1974,19.016
kor,1975,18.385
kor,1976,17.802
kor,1977,17.229
kor,1978,16.750
kor,1979,16.210
kor,1980,15.653
kor,1981,15.003
kor,1982,14.039
kor,1983,13.065
kor,1984,12.060
kor,1985,11.073
kor,1986,10.097
kor,1987,9.1672
kor,1988,8.3405
kor,1989,7.6156
kor,1990,6.9590
kor,1991,6.3981
kor,1992,5.8898
kor,1993,5.4223
kor,1994,5.0055
kor,1995,4.6422
kor,1996,4.3177
kor,1997,4.0224
kor,1998,3.7711
kor,1999,3.5409
kor,2000,3.3393
kor,2001,3.1446
kor,2002,2.9586
kor,2003,2.7898
kor,2004,2.6121
kor,2005,2.4186
kor,2006,2.2143
kor,2007,2.0185
kor,2008,1.8572
kor,2009,1.7292
kor,2010,1.6548
kor,2011,1.6168
kor,2012,1.5951
kor,2013,1.5852
kor,2014,1.5689
kor,2015,1.5439
kor,2016,1.5109
kor,2017,1.4800
kor,2018,1.4517
kor,2019,1.4072
kor,2020,1.3410
kor,2021,1.2587
kor,2022,1.1777
kor,2023,1.1021
kor,2024,1.0280
kwt,1986,11.915
kwt,1987,11.576
kwt,1988,11.158
kwt,1989,10.641
kwt,1990,10.066
kwt,1991,9.4961
kwt,1992,8.9735
kwt,1993,8.5429
kwt,1994,8.2325
kwt,1995,7.9357
kwt,1996,7.6184
kwt,1997,7.2691
kwt,1998,6.9540
kwt,1999,6.6963
kwt,2000,6.4472
kwt,2001,6.2459
kwt,2002,6.0693
kwt,2003,5.8970
kwt,2004,5.7429
kwt,2005,5.6000
kwt,2006,5.5246
kwt,2007,5.4827
kwt,2008,5.4463
kwt,2009,5.4041
kwt,2010,5.3272
kwt,2011,5.2201
kwt,2012,5.0833
kwt,2013,4.9418
kwt,2014,4.8252
kwt,2015,4.7347
kwt,2016,4.7064
kwt,2017,4.7117
kwt,2018,4.7342
kwt,2019,4.7578
kwt,2020,4.7452
kwt,2021,4.7047
kwt,2022,4.6394
kwt,2023,4.5681
kwt,2024,4.4786
lao,1983,46.120
lao,1984,45.702
lao,1985,45.321
lao,1986,44.857
lao,1987,44.497
lao,1988,44.094
lao,1989,43.609
lao,1990,42.880
lao,1991,42.029
lao,1992,41.254
lao,1993,40.414
lao,1994,39.649
lao,1995,38.866
lao,1996,38.101
lao,1997,37.363
lao,1998,36.644
lao,1999,35.848
lao,2000,34.997
lao,2001,34.056
lao,2002,33.237
lao,2003,32.393
lao,2004,31.550
lao,2005,30.644
lao,2006,29.667
lao,2007,28.740
lao,2008,27.676
lao,2009,26.575
lao,2010,25.624
lao,2011,24.584
lao,2012,23.575
lao,2013,22.529
lao,2014,21.550
lao,2015,20.464
lao,2016,19.381
lao,2017,18.424
lao,2018,17.491
lao,2019,16.634
lao,2020,15.822
lao,2021,15.037
lao,2022,14.326
lao,2023,13.647
lao,2024,12.957
lbn,1974,27.351
lbn,1975,27.284
lbn,1976,27.204
lbn,1977,29.261
lbn,1978,27.243
lbn,1979,26.988
lbn,1980,26.702
lbn,1981,26.276
lbn,1982,25.750
lbn,1983,26.097
lbn,1984,24.314
lbn,1985,23.514
lbn,1986,22.682
lbn,1987,21.815
lbn,1988,21.139
lbn,1989,20.097
lbn,1990,18.648
lbn,1991,17.623
lbn,1992,16.632
lbn,1993,15.702
lbn,1994,14.840
lbn,1995,14.017
lbn,1996,13.215
lbn,1997,12.462
lbn,1998,11.756
lbn,1999,11.120
lbn,2000,10.507
lbn,2001,9.9094
lbn,2002,9.3553
lbn,2003,8.8122
lbn,2004,8.2605
lbn,2005,7.7764
lbn,2006,7.3341
lbn,2007,6.9696
lbn,2008,6.6431
lbn,2009,6.4052
lbn,2010,6.2206
lbn,2011,6.1157
lbn,2012,6.0535
lbn,2013,6.0667
lbn,2014,6.1589
lbn,2015,6.3134
lbn,2016,6.5321
lbn,2017,6.8231
lbn,2018,7.1518
lbn,2019,7.5561
lbn,2020,8.0077
lbn,2021,8.5173
lbn,2022,9.0455
lbn,2023,9.5206
lbn,2024,9.8880
lbr,1964,88.761
lbr,1965,88.217
lbr,1966,87.074
lbr,1967,86.056
lbr,1968,84.510
lbr,1969,82.447
lbr,1970,80.516
lbr,1971,78.429
lbr,1972,76.393
lbr,1973,74.537
lbr,1974,72.892
lbr,1975,71.198
lbr,1976,69.634
lbr,1977,68.191
lbr,1978,66.904
lbr,1979,65.744
lbr,1980,64.417
lbr,1981,63.014
lbr,1982,62.007
lbr,1983,60.763
lbr,1984,59.580
lbr,1985,58.097
lbr,1986,56.728
lbr,1987,55.654
lbr,1988,54.623
lbr,1989,53.920
lbr,1990,53.329
lbr,1991,52.535
lbr,1992,51.572
lbr,1993,50.664
lbr,1994,50.194
lbr,1995,49.917
lbr,1996,49.497
lbr,1997,48.851
lbr,1998,47.770
lbr,1999,46.497
lbr,2000,44.930
lbr,2001,43.219
lbr,2002,41.447
lbr,2003,39.707
lbr,2004,38.003
lbr,2005,36.431
lbr,2006,34.996
lbr,2007,33.732
lbr,2008,32.451
lbr,2009,31.445
lbr,2010,30.634
lbr,2011,30.051
lbr,2012,29.694
lbr,2013,29.446
lbr,2014,29.197
lbr,2015,28.876
lbr,2016,28.433
lbr,2017,27.789
lbr,2018,26.843
lbr,2019,25.773
lbr,2020,24.506
lbr,2021,23.323
lbr,2022,22.148
lbr,2023,21.090
lbr,2024,20.070
lby,1973,30.281
lby,1974,29.209
lby,1975,28.270
lby,1976,27.288
lby,1977,26.361
lby,1978,25.550
lby,1979,24.738
lby,1980,23.971
lby,1981,23.236
lby,1982,22.520
lby,1983,21.860
lby,1984,21.242
lby,1985,20.647
lby,1986,20.096
lby,1987,19.562
lby,1988,19.076
lby,1989,18.587
lby,1990,18.152
lby,1991,17.663
lby,1992,17.246
lby,1993,16.839
lby,1994,16.263
lby,1995,15.575
lby,1996,14.980
lby,1997,14.468
lby,1998,14.008
lby,1999,13.590
lby,2000,13.190
lby,2001,12.822
lby,2002,12.397
lby,2003,11.969
lby,2004,11.464
lby,2005,10.886
lby,2006,10.264
lby,2007,9.5767
lby,2008,8.8588
lby,2009,8.1640
lby,2010,7.5764
lby,2011,7.0378
lby,2012,6.5835
lby,2013,6.0737
lby,2014,5.6506
lby,2015,5.2324
lby,2016,4.8460
lby,2017,4.5210
lby,2018,4.2232
lby,2019,3.9377
lby,2020,3.6747
lby,2021,3.4358
lby,2022,3.2348
lby,2023,3.0158
lby,2024,3.1958
lca,1973,17.342
lca,1974,16.326
lca,1975,15.361
lca,1976,14.668
lca,1977,14.285
lca,1978,14.439
lca,1979,14.833
lca,1980,14.975
lca,1981,15.009
lca,1982,14.892
lca,1983,14.619
lca,1984,14.211
lca,1985,13.751
lca,1986,13.283
lca,1987,12.811
lca,1988,12.369
lca,1989,11.935
lca,1990,11.501
lca,1991,11.093
lca,1992,10.672
lca,1993,10.272
lca,1994,9.9206
lca,1995,9.6505
lca,1996,9.5247
lca,1997,9.4866
lca,1998,9.6139
lca,1999,9.8334
lca,2000,10.105
lca,2001,10.446
lca,2002,10.777
lca,2003,11.089
lca,2004,11.388
lca,2005,11.596
lca,2006,11.721
lca,2007,11.765
lca,2008,11.746
lca,2009,11.692
lca,2010,11.651
lca,2011,11.644
lca,2012,11.632
lca,2013,11.559
lca,2014,11.421
lca,2015,11.227
lca,2016,10.979
lca,2017,10.668
lca,2018,10.331
lca,2019,9.9650
lca,2020,9.5971
lca,2021,9.2221
lca,2022,8.8539
lca,2023,8.5362
lca,2024,8.2491
lka,1953,38.318
lka,1954,39.030
lka,1955,39.562
lka,1956,39.631
lka,1957,39.250
lka,1958,38.747
lka,1959,37.893
lka,1960,37.006
lka,1961,36.064
lka,1962,35.357
lka,1963,34.936
lka,1964,34.580
lka,1965,34.165
lka,1966,33.512
lka,1967,32.940
lka,1968,32.360
lka,1969,31.608
lka,1970,30.732
lka,1971,29.657
lka,1972,28.590
lka,1973,27.427
lka,1974,26.288
lka,1975,25.338
lka,1976,24.555
lka,1977,24.043
lka,1978,23.653
lka,1979,23.426
lka,1980,23.364
lka,1981,22.492
lka,1982,20.193
lka,1983,17.582
lka,1984,16.190
lka,1985,15.947
lka,1986,16.181
lka,1987,16.216
lka,1988,15.911
lka,1989,15.278
lka,1990,14.505
lka,1991,13.663
lka,1992,13.173
lka,1993,12.840
lka,1994,12.581
lka,1995,12.459
lka,1996,12.275
lka,1997,11.859
lka,1998,11.197
lka,1999,10.452
lka,2000,9.8301
lka,2001,9.3634
lka,2002,9.0926
lka,2003,8.8508
lka,2004,8.3118
lka,2005,7.6576
lka,2006,6.6060
lka,2007,6.3215
lka,2008,6.4002
lka,2009,6.4306
lka,2010,6.4230
lka,2011,6.0672
lka,2012,5.9433
lka,2013,5.8364
lka,2014,5.6482
lka,2015,5.3922
lka,2016,5.1365
lka,2017,4.9532
lka,2018,4.8331
lka,2019,4.7292
lka,2020,4.5831
lka,2021,4.3519
lka,2022,4.0692
lka,2023,3.7750
lka,2024,3.4924
lso,1955,51.912
lso,1956,52.337
lso,1957,52.605
lso,1958,52.977
lso,1959,53.290
lso,1960,53.526
lso,1961,53.829
lso,1962,54.140
lso,1963,54.844
lso,1964,55.560
lso,1965,56.007
lso,1966,56.122
lso,1967,55.703
lso,1968,55.484
lso,1969,54.831
lso,1970,54.148
lso,1971,53.212
lso,1972,52.074
lso,1973,51.024
lso,1974,49.895
lso,1975,48.505
lso,1976,46.741
lso,1977,44.606
lso,1978,42.565
lso,1979,40.492
lso,1980,38.674
lso,1981,36.995
lso,1982,35.507
lso,1983,34.565
lso,1984,33.935
lso,1985,33.439
lso,1986,33.289
lso,1987,33.185
lso,1988,33.296
lso,1989,33.367
lso,1990,33.550
lso,1991,33.910
lso,1992,33.993
lso,1993,34.147
lso,1994,34.140
lso,1995,34.108
lso,1996,34.101
lso,1997,33.940
lso,1998,33.629
lso,1999,33.345
lso,2000,33.308
lso,2001,33.639
lso,2002,34.049
lso,2003,34.479
lso,2004,34.840
lso,2005,35.084
lso,2006,35.166
lso,2007,34.992
lso,2008,34.533
lso,2009,33.857
lso,2010,33.056
lso,2011,32.423
lso,2012,31.803
lso,2013,31.360
lso,2014,30.928
lso,2015,30.471
lso,2016,29.950
lso,2017,29.198
lso,2018,28.285
lso,2019,27.261
lso,2020,25.963
lso,2021,24.546
lso,2022,23.095
lso,2023,21.759
lso,2024,20.440
ltu,1982,6.6941
ltu,1983,6.3864
ltu,1984,6.3774
ltu,1985,6.4948
ltu,1986,6.6118
ltu,1987,6.5277
ltu,1988,6.2082
ltu,1989,5.9055
ltu,1990,6.1177
ltu,1991,7.3528
ltu,1992,9.0789
ltu,1993,10.185
ltu,1994,9.9904
ltu,1995,8.7385
ltu,1996,7.2291
ltu,1997,5.9492
ltu,1998,5.1428
ltu,1999,4.6892
ltu,2000,4.3567
ltu,2001,4.1541
ltu,2002,3.9882
ltu,2003,3.9316
ltu,2004,3.9720
ltu,2005,3.9593
ltu,2006,3.8753
ltu,2007,3.6359
ltu,2008,3.3353
ltu,2009,3.0390
ltu,2010,2.7633
ltu,2011,2.5825
ltu,2012,2.4293
ltu,2013,2.3286
ltu,2014,2.2554
ltu,2015,2.1746
ltu,2016,2.1508
ltu,2017,2.1096
ltu,2018,2.0619
ltu,2019,2.0127
ltu,2020,1.9393
ltu,2021,1.8866
ltu,2022,1.8191
ltu,2023,1.7462
ltu,2024,1.6180
lux,1966,15.089
lux,1967,13.991
lux,1968,13.013
lux,1969,12.309
lux,1970,11.899
lux,1971,11.478
lux,1972,10.830
lux,1973,10.001
lux,1974,9.1561
lux,1975,8.6973
lux,1976,8.3625
lux,1977,7.9194
lux,1978,7.4173
lux,1979,6.8180
lux,1980,6.1862
lux,1981,5.5548
lux,1982,5.0213
lux,1983,4.6541
lux,1984,4.4161
lux,1985,4.2765
lux,1986,4.2111
lux,1987,4.1379
lux,1988,4.1017
lux,1989,3.9948
lux,1990,3.8321
lux,1991,3.6151
lux,1992,3.3790
lux,1993,3.1613
lux,1994,2.9242
lux,1995,2.7364
lux,1996,2.5926
lux,1997,2.4704
lux,1998,2.3613
lux,1999,2.2371
lux,2000,2.1383
lux,2001,2.0322
lux,2002,1.9113
lux,2003,1.7695
lux,2004,1.6293
lux,2005,1.5234
lux,2006,1.4378
lux,2007,1.3734
lux,2008,1.3202
lux,2009,1.2868
lux,2010,1.2742
lux,2011,1.2796
lux,2012,1.2890
lux,2013,1.2953
lux,2014,1.2923
lux,2015,1.2916
lux,2016,1.2993
lux,2017,1.3161
lux,2018,1.3398
lux,2019,1.3617
lux,2020,1.3743
lux,2021,1.3690
lux,2022,1.3400
lux,2023,1.2957
lux,2024,1.2367
lva,1981,6.8733
lva,1982,6.7835
lva,1983,6.5901
lva,1984,6.3788
lva,1985,6.2529
lva,1986,6.1461
lva,1987,6.0376
lva,1988,6.0053
lva,1989,6.1662
lva,1990,6.8170
lva,1991,7.8469
lva,1992,8.9647
lva,1993,9.9668
lva,1994,10.603
lva,1995,10.855
lva,1996,10.630
lva,1997,9.9781
lva,1998,9.0683
lva,1999,8.0698
lva,2000,7.2808
lva,2001,6.6436
lva,2002,6.1195
lva,2003,5.7056
lva,2004,5.3499
lva,2005,5.1208
lva,2006,4.9484
lva,2007,4.7775
lva,2008,4.6249
lva,2009,4.4152
lva,2010,4.1660
lva,2011,3.8689
lva,2012,3.5351
lva,2013,3.2064
lva,2014,2.8792
lva,2015,2.6338
lva,2016,2.4477
lva,2017,2.3004
lva,2018,2.1931
lva,2019,2.0754
lva,2020,1.9401
lva,2021,1.7808
lva,2022,1.6026
lva,2023,1.4129
lva,2024,1.2144
mar,1958,58.158
mar,1959,58.313
mar,1960,58.385
mar,1961,58.272
mar,1962,58.039
mar,1963,57.690
mar,1964,57.142
mar,1965,56.334
mar,1966,55.493
mar,1967,54.512
mar,1968,53.498
mar,1969,52.462
mar,1970,51.470
mar,1971,50.673
mar,1972,49.981
mar,1973,49.295
mar,1974,48.565
mar,1975,47.874
mar,1976,47.310
mar,1977,46.630
mar,1978,46.030
mar,1979,45.453
mar,1980,44.559
mar,1981,43.675
mar,1982,42.681
mar,1983,41.646
mar,1984,40.591
mar,1985,39.447
mar,1986,38.323
mar,1987,37.127
mar,1988,36.101
mar,1989,35.090
mar,1990,34.113
mar,1991,33.275
mar,1992,32.451
mar,1993,31.713
mar,1994,30.983
mar,1995,30.206
mar,1996,29.453
mar,1997,28.612
mar,1998,27.793
mar,1999,26.992
mar,2000,26.255
mar,2001,25.513
mar,2002,24.793
mar,2003,24.065
mar,2004,23.300
mar,2005,22.507
mar,2006,21.727
mar,2007,20.870
mar,2008,19.983
mar,2009,18.799
mar,2010,17.617
mar,2011,16.472
mar,2012,15.351
mar,2013,14.296
mar,2014,13.296
mar,2015,12.303
mar,2016,11.380
mar,2017,10.572
mar,2018,9.8066
mar,2019,9.1691
mar,2020,8.5329
mar,2021,7.9612
mar,2022,7.4524
mar,2023,6.9609
mar,2024,6.5334
mco,1990,3.2245
mco,1991,3.0957
mco,1992,2.9627
mco,1993,2.8083
mco,1994,2.6637
mco,1995,2.5335
mco,1996,2.3955
mco,1997,2.2726
mco,1998,2.1667
mco,1999,2.0671
mco,2000,1.9765
mco,2001,1.8854
mco,2002,1.8046
mco,2003,1.7377
mco,2004,1.6840
mco,2005,1.6252
mco,2006,1.5797
mco,2007,1.5317
mco,2008,1.4849
mco,2009,1.4390
mco,2010,1.3919
mco,2011,1.3412
mco,2012,1.2947
mco,2013,1.2500
mco,2014,1.2017
mco,2015,1.1467
mco,2016,1.0982
mco,2017,1.0481
mco,2018,0.99658
mco,2019,0.94156
mco,2020,0.88689
mco,2021,0.83433
mco,2022,0.78409
mco,2023,0.73817
mco,2024,0.69592
mda,1983,16.844
mda,1984,16.704
mda,1985,16.460
mda,1986,16.258
mda,1987,16.121
mda,1988,15.927
mda,1989,15.630
mda,1990,15.470
mda,1991,15.419
mda,1992,15.656
mda,1993,16.278
mda,1994,17.170
mda,1995,18.128
mda,1996,18.865
mda,1997,19.256
mda,1998,19.278
mda,1999,18.819
mda,2000,17.762
mda,2001,16.483
mda,2002,15.054
mda,2003,13.727
mda,2004,12.666
mda,2005,11.864
mda,2006,11.383
mda,2007,11.144
mda,2008,11.037
mda,2009,11.029
mda,2010,10.928
mda,2011,10.699
mda,2012,10.337
mda,2013,9.9351
mda,2014,9.5806
mda,2015,9.2719
mda,2016,9.0014
mda,2017,8.7720
mda,2018,8.6340
mda,2019,8.5302
mda,2020,8.4387
mda,2021,8.3708
mda,2022,8.2829
mda,2023,8.1182
mda,2024,7.8331
mdg,1970,28.689
mdg,1971,29.226
mdg,1972,29.706
mdg,1973,30.113
mdg,1974,30.530
mdg,1975,30.997
mdg,1976,31.699
mdg,1977,32.355
mdg,1978,33.032
mdg,1979,33.717
mdg,1980,34.297
mdg,1981,34.853
mdg,1982,35.355
mdg,1983,35.774
mdg,1984,36.141
mdg,1985,36.428
mdg,1986,36.575
mdg,1987,36.527
mdg,1988,36.246
mdg,1989,35.942
mdg,1990,35.520
mdg,1991,35.005
mdg,1992,34.383
mdg,1993,33.781
mdg,1994,33.251
mdg,1995,32.655
mdg,1996,32.059
mdg,1997,31.378
mdg,1998,30.634
mdg,1999,29.861
mdg,2000,29.042
mdg,2001,28.294
mdg,2002,27.578
mdg,2003,26.930
mdg,2004,26.325
mdg,2005,25.686
mdg,2006,25.052
mdg,2007,24.408
mdg,2008,23.856
mdg,2009,23.344
mdg,2010,22.810
mdg,2011,22.380
mdg,2012,21.995
mdg,2013,21.673
mdg,2014,21.486
mdg,2015,21.330
mdg,2016,21.225
mdg,2017,21.129
mdg,2018,21.026
mdg,2019,20.836
mdg,2020,20.553
mdg,2021,20.217
mdg,2022,19.757
mdg,2023,19.134
mdg,2024,18.524
mdv,1987,41.079
mdv,1988,39.803
mdv,1989,38.352
mdv,1990,36.951
mdv,1991,35.680
mdv,1992,34.570
mdv,1993,33.173
mdv,1994,31.673
mdv,1995,29.894
mdv,1996,28.002
mdv,1997,26.209
mdv,1998,24.327
mdv,1999,22.536
mdv,2000,20.703
mdv,2001,19.005
mdv,2002,17.105
mdv,2003,15.092
mdv,2004,13.455
mdv,2005,12.221
mdv,2006,11.056
mdv,2007,10.078
mdv,2008,9.1523
mdv,2009,8.3092
mdv,2010,7.5296
mdv,2011,6.7644
mdv,2012,6.1328
mdv,2013,5.6277
mdv,2014,5.3487
mdv,2015,5.2556
mdv,2016,5.2308
mdv,2017,5.1929
mdv,2018,5.0308
mdv,2019,4.7619
mdv,2020,4.4204
mdv,2021,4.0401
mdv,2022,3.6651
mdv,2023,3.3215
mdv,2024,3.0098
mex,1954,51.235
mex,1955,50.470
mex,1956,49.649
mex,1957,48.761
mex,1958,47.877
mex,1959,46.567
mex,1960,45.108
mex,1961,43.650
mex,1962,42.246
mex,1963,41.357
mex,1964,40.894
mex,1965,40.613
mex,1966,40.550
mex,1967,40.752
mex,1968,40.989
mex,1969,40.704
mex,1970,39.826
mex,1971,38.526
mex,1972,37.151
mex,1973,35.895
mex,1974,34.450
mex,1975,32.986
mex,1976,31.399
mex,1977,29.877
mex,1978,28.648
mex,1979,27.562
mex,1980,26.582
mex,1981,25.814
mex,1982,25.224
mex,1983,24.706
mex,1984,24.132
mex,1985,23.547
mex,1986,22.975
mex,1987,22.350
mex,1988,21.723
mex,1989,21.029
mex,1990,20.406
mex,1991,19.870
mex,1992,19.290
mex,1993,18.709
mex,1994,18.091
mex,1995,17.529
mex,1996,16.740
mex,1997,15.873
mex,1998,15.024
mex,1999,14.187
mex,2000,13.413
mex,2001,12.644
mex,2002,11.844
mex,2003,11.076
mex,2004,10.298
mex,2005,9.5656
mex,2006,8.9597
mex,2007,8.5923
mex,2008,8.4672
mex,2009,8.4624
mex,2010,8.4447
mex,2011,8.3638
mex,2012,8.2380
mex,2013,8.0679
mex,2014,7.8988
mex,2015,7.7848
mex,2016,7.7443
mex,2017,7.8059
mex,2018,7.9223
mex,2019,7.9422
mex,2020,7.7117
mex,2021,7.2191
mex,2022,6.6731
mex,2023,6.1634
mex,2024,5.6936
mhl,1990,14.777
mhl,1991,14.586
mhl,1992,14.427
mhl,1993,14.200
mhl,1994,14.043
mhl,1995,14.106
mhl,1996,14.177
mhl,1997,14.452
mhl,1998,14.825
mhl,1999,15.186
mhl,2000,15.370
mhl,2001,15.417
mhl,2002,15.479
mhl,2003,15.379
mhl,2004,15.216
mhl,2005,15.038
mhl,2006,14.792
mhl,2007,14.486
mhl,2008,14.157
mhl,2009,13.883
mhl,2010,13.565
mhl,2011,13.124
mhl,2012,12.727
mhl,2013,12.317
mhl,2014,11.834
mhl,2015,11.317
mhl,2016,10.776
mhl,2017,10.165
mhl,2018,9.5871
mhl,2019,9.0004
mhl,2020,8.4508
mhl,2021,7.9601
mhl,2022,7.4502
mhl,2023,6.9942
mhl,2024,6.5765
mkd,1983,19.274
mkd,1984,18.546
mkd,1985,18.423
mkd,1986,18.962
mkd,1987,19.048
mkd,1988,18.418
mkd,1989,17.447
mkd,1990,16.928
mkd,1991,16.573
mkd,1992,15.612
mkd,1993,14.581
mkd,1994,13.526
mkd,1995,12.712
mkd,1996,11.741
mkd,1997,10.686
mkd,1998,10.217
mkd,1999,9.8502
mkd,2000,9.2707
mkd,2001,8.4448
mkd,2002,7.6910
mkd,2003,7.5239
mkd,2004,7.7330
mkd,2005,8.0635
mkd,2006,8.2414
mkd,2007,8.0832
mkd,2008,7.7625
mkd,2009,7.2886
mkd,2010,6.7610
mkd,2011,6.3023
mkd,2012,6.0387
mkd,2013,6.2803
mkd,2014,6.8092
mkd,2015,7.3809
mkd,2016,7.6743
mkd,2017,7.3515
mkd,2018,6.4145
mkd,2019,5.0954
mkd,2020,3.9473
mkd,2021,3.0647
mkd,2022,2.2978
mkd,2023,1.6447
mkd,2024,1.0977
mli,1965,81.232
mli,1966,82.038
mli,1967,82.782
mli,1968,83.348
mli,1969,83.730
mli,1970,84.212
mli,1971,84.803
mli,1972,85.235
mli,1973,85.205
mli,1974,84.614
mli,1975,83.743
mli,1976,82.811
mli,1977,81.783
mli,1978,80.623
mli,1979,79.057
mli,1980,77.097
mli,1981,74.507
mli,1982,71.616
mli,1983,69.007
mli,1984,66.768
mli,1985,64.997
mli,1986,64.127
mli,1987,63.390
mli,1988,62.926
mli,1989,62.333
mli,1990,61.264
mli,1991,59.974
mli,1992,58.555
mli,1993,57.277
mli,1994,56.057
mli,1995,54.692
mli,1996,53.143
mli,1997,51.514
mli,1998,50.007
mli,1999,48.757
mli,2000,47.258
mli,2001,45.751
mli,2002,44.119
mli,2003,42.721
mli,2004,41.418
mli,2005,40.172
mli,2006,39.246
mli,2007,38.220
mli,2008,37.465
mli,2009,36.815
mli,2010,36.086
mli,2011,35.327
mli,2012,34.472
mli,2013,33.790
mli,2014,33.093
mli,2015,32.287
mli,2016,31.459
mli,2017,30.462
mli,2018,29.425
mli,2019,28.348
mli,2020,27.326
mli,2021,26.209
mli,2022,25.044
mli,2023,23.898
mli,2024,22.694
mlt,1971,17.772
mlt,1972,16.881
mlt,1973,15.988
mlt,1974,15.058
mlt,1975,14.158
mlt,1976,13.336
mlt,1977,12.594
mlt,1978,11.952
mlt,1979,11.446
mlt,1980,11.010
mlt,1981,10.620
mlt,1982,10.255
mlt,1983,9.8766
mlt,1984,9.5022
mlt,1985,9.0897
mlt,1986,8.6621
mlt,1987,8.2446
mlt,1988,7.8446
mlt,1989,7.5039
mlt,1990,7.2305
mlt,1991,6.9809
mlt,1992,6.7580
mlt,1993,6.5317
mlt,1994,6.2933
mlt,1995,6.0484
mlt,1996,5.7893
mlt,1997,5.5201
mlt,1998,5.2571
mlt,1999,4.9955
mlt,2000,4.7776
mlt,2001,4.5846
mlt,2002,4.4271
mlt,2003,4.3003
mlt,2004,4.2110
mlt,2005,4.1496
mlt,2006,4.1074
mlt,2007,4.0913
mlt,2008,4.1026
mlt,2009,4.1168
mlt,2010,4.1303
mlt,2011,4.1322
mlt,2012,4.1242
mlt,2013,4.1060
mlt,2014,4.0693
mlt,2015,4.0263
mlt,2016,3.9694
mlt,2017,3.9018
mlt,2018,3.8240
mlt,2019,3.7191
mlt,2020,3.5987
mlt,2021,3.4512
mlt,2022,3.2927
mlt,2023,3.1193
mlt,2024,2.9457
mmr,1990,41.409
mmr,1991,41.112
mmr,1992,40.578
mmr,1993,39.941
mmr,1994,39.222
mmr,1995,38.345
mmr,1996,37.526
mmr,1997,36.619
mmr,1998,35.785
mmr,1999,34.978
mmr,2000,34.017
mmr,2001,32.984
mmr,2002,31.880
mmr,2003,30.848
mmr,2004,29.979
mmr,2005,28.976
mmr,2006,27.986
mmr,2007,26.988
mmr,2008,26.067
mmr,2009,25.871
mmr,2010,24.483
mmr,2011,23.605
mmr,2012,22.620
mmr,2013,21.609
mmr,2014,20.548
mmr,2015,19.513
mmr,2016,18.480
mmr,2017,17.580
mmr,2018,16.629
mmr,2019,15.673
mmr,2020,14.876
mmr,2021,14.074
mmr,2022,13.445
mmr,2023,12.770
mmr,2024,12.120
mne,1990,10.286
mne,1991,9.8044
mne,1992,9.2576
mne,1993,8.7040
mne,1994,8.1542
mne,1995,7.8099
mne,1996,7.5257
mne,1997,7.3423
mne,1998,7.2609
mne,1999,7.2674
mne,2000,7.4301
mne,2001,7.5841
mne,2002,7.5459
mne,2003,7.4244
mne,2004,7.1472
mne,2005,6.7616
mne,2006,6.2859
mne,2007,5.7845
mne,2008,5.3257
mne,2009,4.8342
mne,2010,4.3674
mne,2011,3.9065
mne,2012,3.4572
mne,2013,3.0379
mne,2014,2.6338
mne,2015,2.2761
mne,2016,1.9514
mne,2017,1.6548
mne,2018,1.4212
mne,2019,1.2367
mne,2020,1.1040
mne,2021,0.97502
mne,2022,0.83851
mne,2023,0.72844
mne,2024,0.64104
mng,1987,24.584
mng,1988,24.678
mng,1989,24.952
mng,1990,25.072
mng,1991,25.237
mng,1992,25.395
mng,1993,25.426
mng,1994,25.450
mng,1995,25.309
mng,1996,25.081
mng,1997,24.522
mng,1998,23.695
mng,1999,22.705
mng,2000,21.575
mng,2001,20.426
mng,2002,19.300
mng,2003,18.157
mng,2004,17.146
mng,2005,16.194
mng,2006,15.299
mng,2007,14.466
mng,2008,13.284
mng,2009,12.272
mng,2010,11.369
mng,2011,10.624
mng,2012,10.017
mng,2013,9.5976
mng,2014,9.3890
mng,2015,9.1987
mng,2016,8.9801
mng,2017,8.6913
mng,2018,8.3822
mng,2019,8.1269
mng,2020,7.8815
mng,2021,7.6896
mng,2022,7.5005
mng,2023,7.2614
mng,2024,6.9435
moz,1981,53.422
moz,1982,54.057
moz,1983,54.455
moz,1984,54.621
moz,1985,54.804
moz,1986,54.846
moz,1987,54.828
moz,1988,54.590
moz,1989,54.280
moz,1990,53.747
moz,1991,53.092
moz,1992,52.451
moz,1993,51.638
moz,1994,50.778
moz,1995,49.954
moz,1996,48.770
moz,1997,47.494
moz,1998,45.922
moz,1999,44.098
moz,2000,42.027
moz,2001,39.700
moz,2002,37.388
moz,2003,35.188
moz,2004,33.164
moz,2005,31.443
moz,2006,29.954
moz,2007,28.736
moz,2008,27.746
moz,2009,26.846
moz,2010,25.932
moz,2011,25.067
moz,2012,24.281
moz,2013,23.640
moz,2014,23.207
moz,2015,23.034
moz,2016,22.969
moz,2017,23.040
moz,2018,23.069
moz,2019,22.945
moz,2020,22.628
moz,2021,22.146
moz,2022,21.471
moz,2023,20.609
moz,2024,19.679
mrt,1959,47.205
mrt,1960,47.452
mrt,1961,47.877
mrt,1962,48.322
mrt,1963,48.718
mrt,1964,49.104
mrt,1965,49.423
mrt,1966,49.705
mrt,1967,49.656
mrt,1968,49.481
mrt,1969,49.170
mrt,1970,48.925
mrt,1971,49.005
mrt,1972,49.306
mrt,1973,49.719
mrt,1974,50.150
mrt,1975,50.294
mrt,1976,50.496
mrt,1977,50.443
mrt,1978,50.204
mrt,1979,49.892
mrt,1980,49.486
mrt,1981,49.275
mrt,1982,48.821
mrt,1983,48.362
mrt,1984,47.527
mrt,1985,46.521
mrt,1986,45.149
mrt,1987,43.756
mrt,1988,42.374
mrt,1989,41.077
mrt,1990,39.980
mrt,1991,39.410
mrt,1992,38.894
mrt,1993,38.719
mrt,1994,38.607
mrt,1995,38.555
mrt,1996,38.513
mrt,1997,38.244
mrt,1998,37.650
mrt,1999,36.845
mrt,2000,35.756
mrt,2001,34.634
mrt,2002,33.392
mrt,2003,32.159
mrt,2004,30.906
mrt,2005,29.634
mrt,2006,28.365
mrt,2007,27.233
mrt,2008,26.312
mrt,2009,25.589
mrt,2010,25.063
mrt,2011,24.626
mrt,2012,24.197
mrt,2013,23.812
mrt,2014,23.357
mrt,2015,22.879
mrt,2016,22.333
mrt,2017,21.595
mrt,2018,20.758
mrt,2019,19.861
mrt,2020,18.942
mrt,2021,17.925
mrt,2022,16.916
mrt,2023,15.905
mrt,2024,15.090
msr,1990,7.6019
msr,1991,7.1800
msr,1992,6.7947
msr,1993,6.4607
msr,1994,6.1681
msr,1995,5.8430
msr,1996,5.5514
msr,1997,5.2444
msr,1998,4.9827
msr,1999,4.7139
msr,2000,4.4283
msr,2001,4.1597
msr,2002,3.9222
msr,2003,3.7087
msr,2004,3.4939
msr,2005,3.2781
msr,2006,3.0963
msr,2007,2.9161
msr,2008,2.7566
msr,2009,2.5978
msr,2010,2.4468
msr,2011,2.3203
msr,2012,2.2040
msr,2013,2.1030
msr,2014,1.9771
msr,2015,1.8645
msr,2016,1.7629
msr,2017,1.6723
msr,2018,1.5955
msr,2019,1.5084
msr,2020,1.4291
msr,2021,1.3491
msr,2022,1.2682
msr,2023,1.2022
msr,2024,1.1478
mus,1970,28.329
mus,1971,28.634
mus,1972,28.464
mus,1973,27.731
mus,1974,26.568
mus,1975,25.083
mus,1976,23.896
mus,1977,22.642
mus,1978,21.269
mus,1979,20.054
mus,1980,19.045
mus,1981,18.579
mus,1982,18.284
mus,1983,17.518
mus,1984,16.452
mus,1985,15.614
mus,1986,15.742
mus,1987,16.270
mus,1988,16.327
mus,1989,15.743
mus,1990,14.733
mus,1991,13.937
mus,1992,13.389
mus,1993,13.166
mus,1994,13.342
mus,1995,13.681
mus,1996,14.251
mus,1997,14.696
mus,1998,14.630
mus,1999,14.020
mus,2000,12.922
mus,2001,11.764
mus,2002,10.656
mus,2003,9.8798
mus,2004,9.5721
mus,2005,9.4655
mus,2006,9.4936
mus,2007,9.4763
mus,2008,9.3290
mus,2009,9.0834
mus,2010,8.8180
mus,2011,8.7250
mus,2012,8.7312
mus,2013,8.7160
mus,2014,8.6793
mus,2015,8.5402
mus,2016,8.4869
mus,2017,8.5121
mus,2018,8.6434
mus,2019,8.9453
mus,2020,9.1444
mus,2021,9.1576
mus,2022,8.9331
mus,2023,8.5875
mus,2024,8.0030
mwi,1970,58.858
mwi,1971,58.855
mwi,1972,58.498
mwi,1973,57.819
mwi,1974,57.174
mwi,1975,56.202
mwi,1976,55.249
mwi,1977,54.381
mwi,1978,53.311
mwi,1979,52.487
mwi,1980,51.539
mwi,1981,50.521
mwi,1982,49.777
mwi,1983,49.117
mwi,1984,48.704
mwi,1985,48.371
mwi,1986,48.098
mwi,1987,47.659
mwi,1988,47.140
mwi,1989,46.522
mwi,1990,45.626
mwi,1991,44.715
mwi,1992,43.865
mwi,1993,42.916
mwi,1994,42.137
mwi,1995,41.228
mwi,1996,40.422
mwi,1997,39.829
mwi,1998,39.052
mwi,1999,38.007
mwi,2000,36.581
mwi,2001,34.737
mwi,2002,32.841
mwi,2003,30.952
mwi,2004,29.314
mwi,2005,27.866
mwi,2006,26.804
mwi,2007,26.322
mwi,2008,25.891
mwi,2009,25.510
mwi,2010,25.085
mwi,2011,24.449
mwi,2012,23.651
mwi,2013,22.679
mwi,2014,21.671
mwi,2015,20.542
mwi,2016,19.207
mwi,2017,17.771
mwi,2018,16.244
mwi,2019,14.908
mwi,2020,13.844
mwi,2021,12.885
mwi,2022,12.055
mwi,2023,11.356
mwi,2024,10.683
mys,1952,23.582
mys,1953,23.095
mys,1954,22.518
mys,1955,21.769
mys,1956,21.047
mys,1957,20.301
mys,1958,19.482
mys,1959,18.648
mys,1960,17.814
mys,1961,17.129
mys,1962,16.459
mys,1963,15.839
mys,1964,15.279
mys,1965,14.769
mys,1966,14.480
mys,1967,14.181
mys,1968,13.871
mys,1969,13.715
mys,1970,13.559
mys,1971,13.505
mys,1972,13.423
mys,1973,13.315
mys,1974,13.078
mys,1975,12.799
mys,1976,12.580
mys,1977,12.296
mys,1978,11.972
mys,1979,11.398
mys,1980,10.766
mys,1981,10.171
mys,1982,9.6309
mys,1983,9.1160
mys,1984,8.6203
mys,1985,8.1732
mys,1986,7.8103
mys,1987,7.4504
mys,1988,7.1361
mys,1989,6.8630
mys,1990,6.6319
mys,1991,6.3921
mys,1992,6.1765
mys,1993,5.9519
mys,1994,5.7536
mys,1995,5.5768
mys,1996,5.4474
mys,1997,5.3313
mys,1998,5.1394
mys,1999,4.9037
mys,2000,4.6149
mys,2001,4.3288
mys,2002,4.0790
mys,2003,3.9049
mys,2004,3.8376
mys,2005,3.8173
mys,2006,3.8338
mys,2007,3.8645
mys,2008,3.9016
mys,2009,3.9493
mys,2010,3.9688
mys,2011,3.9434
mys,2012,3.8975
mys,2013,3.8360
mys,2014,3.8034
mys,2015,3.7948
mys,2016,3.8277
mys,2017,3.8764
mys,2018,3.9074
mys,2019,3.9151
mys,2020,3.8979
mys,2021,3.8694
mys,2022,3.8126
mys,2023,3.7120
mys,2024,3.5652
nam,1970,22.546
nam,1971,23.383
nam,1972,24.073
nam,1973,24.786
nam,1974,25.535
nam,1975,26.186
nam,1976,26.706
nam,1977,26.959
nam,1978,27.373
nam,1979,27.652
nam,1980,27.760
nam,1981,27.873
nam,1982,27.833
nam,1983,27.776
nam,1984,27.605
nam,1985,27.257
nam,1986,26.822
nam,1987,26.235
nam,1988,25.940
nam,1989,25.705
nam,1990,25.683
nam,1991,25.721
nam,1992,25.672
nam,1993,25.551
nam,1994,25.248
nam,1995,24.812
nam,1996,24.372
nam,1997,23.735
nam,1998,22.640
nam,1999,21.205
nam,2000,19.679
nam,2001,18.253
nam,2002,16.859
nam,2003,15.728
nam,2004,14.896
nam,2005,14.535
nam,2006,14.662
nam,2007,15.054
nam,2008,15.626
nam,2009,16.352
nam,2010,17.138
nam,2011,18.098
nam,2012,19.038
nam,2013,19.811
nam,2014,20.426
nam,2015,20.903
nam,2016,21.322
nam,2017,21.379
nam,2018,21.254
nam,2019,20.967
nam,2020,20.568
nam,2021,20.059
nam,2022,19.525
nam,2023,18.737
nam,2024,17.761
ner,1970,49.957
ner,1971,50.909
ner,1972,51.724
ner,1973,52.548
ner,1974,53.238
ner,1975,53.557
ner,1976,53.493
ner,1977,52.989
ner,1978,52.168
ner,1979,51.285
ner,1980,50.428
ner,1981,49.849
ner,1982,49.608
ner,1983,49.895
ner,1984,50.281
ner,1985,50.522
ner,1986,50.704
ner,1987,50.553
ner,1988,50.237
ner,1989,49.879
ner,1990,49.213
ner,1991,48.471
ner,1992,47.665
ner,1993,46.705
ner,1994,45.723
ner,1995,44.724
ner,1996,43.822
ner,1997,43.053
ner,1998,42.075
ner,1999,41.098
ner,2000,39.857
ner,2001,38.519
ner,2002,37.103
ner,2003,35.711
ner,2004,34.672
ner,2005,33.715
ner,2006,32.949
ner,2007,32.198
ner,2008,31.519
ner,2009,30.965
ner,2010,30.497
ner,2011,30.202
ner,2012,30.006
ner,2013,29.858
ner,2014,29.768
ner,2015,29.707
ner,2016,29.543
ner,2017,29.477
ner,2018,29.186
ner,2019,28.926
ner,2020,28.352
ner,2021,27.638
ner,2022,26.715
ner,2023,25.792
ner,2024,24.809
nga,1968,58.990
nga,1969,58.480
nga,1970,57.882
nga,1971,56.927
nga,1972,55.942
nga,1973,54.978
nga,1974,54.013
nga,1975,53.008
nga,1976,52.053
nga,1977,51.160
nga,1978,50.201
nga,1979,49.196
nga,1980,48.164
nga,1981,47.221
nga,1982,46.429
nga,1983,45.598
nga,1984,44.974
nga,1985,44.462
nga,1986,44.234
nga,1987,44.017
nga,1988,44.066
nga,1989,44.157
nga,1990,44.321
nga,1991,44.486
nga,1992,44.630
nga,1993,44.819
nga,1994,44.909
nga,1995,44.932
nga,1996,44.792
nga,1997,44.475
nga,1998,43.967
nga,1999,43.306
nga,2000,42.606
nga,2001,41.721
nga,2002,40.711
nga,2003,39.526
nga,2004,38.415
nga,2005,37.332
nga,2006,36.448
nga,2007,35.653
nga,2008,35.024
nga,2009,34.454
nga,2010,34.014
nga,2011,33.580
nga,2012,33.143
nga,2013,32.825
nga,2014,32.305
nga,2015,31.958
nga,2016,31.342
nga,2017,30.641
nga,2018,29.785
nga,2019,28.650
nga,2020,27.420
nga,2021,26.202
nga,2022,24.993
nga,2023,23.740
nga,2024,22.612
nic,1975,33.148
nic,1976,32.558
nic,1977,31.726
nic,1978,30.777
nic,1979,29.671
nic,1980,28.606
nic,1981,27.605
nic,1982,26.623
nic,1983,25.872
nic,1984,25.172
nic,1985,24.471
nic,1986,23.743
nic,1987,23.020
nic,1988,22.379
nic,1989,21.675
nic,1990,20.985
nic,1991,20.277
nic,1992,19.569
nic,1993,19.077
nic,1994,18.558
nic,1995,18.004
nic,1996,17.429
nic,1997,16.816
nic,1998,16.203
nic,1999,15.724
nic,2000,15.031
nic,2001,14.484
nic,2002,13.883
nic,2003,13.249
nic,2004,12.708
nic,2005,12.277
nic,2006,11.900
nic,2007,11.611
nic,2008,11.386
nic,2009,11.171
nic,2010,11.014
nic,2011,10.878
nic,2012,10.782
nic,2013,10.715
nic,2014,10.586
nic,2015,10.369
nic,2016,10.074
nic,2017,9.7132
nic,2018,9.3662
nic,2019,9.0982
nic,2020,9.0035
nic,2021,8.9342
nic,2022,8.7015
nic,2023,8.2436
nic,2024,7.6676
niu,1990,9.9008
niu,1991,9.9298
niu,1992,9.9501
niu,1993,9.9789
niu,1994,10.060
niu,1995,10.192
niu,1996,10.347
niu,1997,10.529
niu,1998,10.718
niu,1999,10.918
niu,2000,11.049
niu,2001,11.106
niu,2002,11.252
niu,2003,11.314
niu,2004,11.304
niu,2005,11.187
niu,2006,11.012
niu,2007,10.802
niu,2008,10.447
niu,2009,10.103
niu,2010,9.6894
niu,2011,9.3167
niu,2012,8.9086
niu,2013,8.4264
niu,2014,7.9798
niu,2015,7.5778
niu,2016,7.2146
niu,2017,6.8271
niu,2018,6.4849
niu,2019,6.1612
niu,2020,5.8603
niu,2021,5.5592
niu,2022,5.2529
niu,2023,4.9831
niu,2024,4.6939
nld,1961,13.065
nld,1962,12.684
nld,1963,12.242
nld,1964,11.777
nld,1965,11.344
nld,1966,11.018
nld,1967,10.729
nld,1968,10.375
nld,1969,9.9414
nld,1970,9.4970
nld,1971,9.1755
nld,1972,8.9028
nld,1973,8.5937
nld,1974,8.2280
nld,1975,7.8148
nld,1976,7.4192
nld,1977,7.0238
nld,1978,6.6187
nld,1979,6.2232
nld,1980,5.8476
nld,1981,5.5498
nld,1982,5.3118
nld,1983,5.1287
nld,1984,4.9839
nld,1985,4.8541
nld,1986,4.7582
nld,1987,4.6730
nld,1988,4.6071
nld,1989,4.5637
nld,1990,4.5122
nld,1991,4.4655
nld,1992,4.3867
nld,1993,4.2554
nld,1994,4.0789
nld,1995,3.8703
nld,1996,3.6765
nld,1997,3.5367
nld,1998,3.5086
nld,1999,3.6012
nld,2000,3.6861
nld,2001,3.7089
nld,2002,3.6657
nld,2003,3.5922
nld,2004,3.5198
nld,2005,3.4304
nld,2006,3.3237
nld,2007,3.1934
nld,2008,3.0476
nld,2009,2.9033
nld,2010,2.7749
nld,2011,2.6869
nld,2012,2.6319
nld,2013,2.5959
nld,2014,2.5731
nld,2015,2.5544
nld,2016,2.5423
nld,2017,2.5311
nld,2018,2.5245
nld,2019,2.5296
nld,2020,2.5284
nld,2021,2.5281
nld,2022,2.5198
nld,2023,2.4982
nld,2024,2.4593
nor,1961,11.436
nor,1962,11.559
nor,1963,11.553
nor,1964,11.462
nor,1965,11.246
nor,1966,10.974
nor,1967,10.648
nor,1968,10.312
nor,1969,10.018
nor,1970,9.6956
nor,1971,9.3690
nor,1972,8.9754
nor,1973,8.5012
nor,1974,7.9751
nor,1975,7.4094
nor,1976,6.8884
nor,1977,6.3856
nor,1978,5.9110
nor,1979,5.4752
nor,1980,5.0791
nor,1981,4.7835
nor,1982,4.5651
nor,1983,4.4161
nor,1984,4.3450
nor,1985,4.3025
nor,1986,4.2877
nor,1987,4.2580
nor,1988,4.1769
nor,1989,4.0514
nor,1990,3.8862
nor,1991,3.7439
nor,1992,3.5991
nor,1993,3.4261
nor,1994,3.2361
nor,1995,3.0452
nor,1996,2.8824
nor,1997,2.7530
nor,1998,2.6591
nor,1999,2.6153
nor,2000,2.5735
nor,2001,2.5255
nor,2002,2.4592
nor,2003,2.3769
nor,2004,2.2920
nor,2005,2.2025
nor,2006,2.1298
nor,2007,2.0600
nor,2008,1.9851
nor,2009,1.9070
nor,2010,1.8219
nor,2011,1.7511
nor,2012,1.6856
nor,2013,1.6271
nor,2014,1.5762
nor,2015,1.5237
nor,2016,1.4737
nor,2017,1.4227
nor,2018,1.3711
nor,2019,1.3258
nor,2020,1.2875
nor,2021,1.2596
nor,2022,1.2340
nor,2023,1.2057
nor,2024,1.1627
npl,1954,82.665
npl,1955,83.362
npl,1956,83.701
npl,1957,84.055
npl,1958,84.355
npl,1959,84.420
npl,1960,84.752
npl,1961,84.778
npl,1962,84.742
npl,1963,84.307
npl,1964,83.796
npl,1965,83.132
npl,1966,82.355
npl,1967,81.624
npl,1968,80.829
npl,1969,80.114
npl,1970,79.267
npl,1971,78.455
npl,1972,77.731
npl,1973,77.003
npl,1974,76.142
npl,1975,75.355
npl,1976,74.564
npl,1977,73.655
npl,1978,72.574
npl,1979,71.512
npl,1980,70.340
npl,1981,69.090
npl,1982,67.799
npl,1983,66.368
npl,1984,64.907
npl,1985,63.505
npl,1986,61.969
npl,1987,60.532
npl,1988,58.954
npl,1989,57.258
npl,1990,55.327
npl,1991,53.455
npl,1992,51.659
npl,1993,49.844
npl,1994,48.038
npl,1995,46.276
npl,1996,44.620
npl,1997,42.996
npl,1998,41.370
npl,1999,39.847
npl,2000,38.347
npl,2001,36.875
npl,2002,35.501
npl,2003,34.168
npl,2004,32.925
npl,2005,31.727
npl,2006,30.641
npl,2007,29.644
npl,2008,28.672
npl,2009,27.730
npl,2010,26.761
npl,2011,25.805
npl,2012,24.808
npl,2013,23.791
npl,2014,22.798
npl,2015,21.866
npl,2016,20.992
npl,2017,20.050
npl,2018,18.945
npl,2019,17.889
npl,2020,16.843
npl,2021,15.856
npl,2022,14.945
npl,2023,14.044
npl,2024,13.181
nru,1990,21.788
nru,1991,22.249
nru,1992,22.603
nru,1993,22.804
nru,1994,22.815
nru,1995,22.724
nru,1996,22.416
nru,1997,21.840
nru,1998,21.362
nru,1999,20.977
nru,2000,20.579
nru,2001,20.167
nru,2002,19.801
nru,2003,19.439
nru,2004,19.054
nru,2005,18.545
nru,2006,17.920
nru,2007,17.059
nru,2008,16.145
nru,2009,15.094
nru,2010,13.976
nru,2011,12.795
nru,2012,11.472
nru,2013,10.140
nru,2014,8.7930
nru,2015,7.5612
nru,2016,6.5803
nru,2017,5.7427
nru,2018,5.1484
nru,2019,4.6135
nru,2020,4.1547
nru,2021,3.6776
nru,2022,3.2456
nru,2023,2.9007
nru,2024,2.6234
nzl,1969,10.618
nzl,1970,10.396
nzl,1971,10.175
nzl,1972,9.9686
nzl,1973,9.7178
nzl,1974,9.4130
nzl,1975,9.0040
nzl,1976,8.5600
nzl,1977,8.0529
nzl,1978,7.5025
nzl,1979,6.9849
nzl,1980,6.4612
nzl,1981,6.0073
nzl,1982,5.6132
nzl,1983,5.2738
nzl,1984,5.0016
nzl,1985,4.7587
nzl,1986,4.5757
nzl,1987,4.4207
nzl,1988,4.3001
nzl,1989,4.2306
nzl,1990,4.1508
nzl,1991,4.0909
nzl,1992,3.9773
nzl,1993,3.7999
nzl,1994,3.5876
nzl,1995,3.3936
nzl,1996,3.2997
nzl,1997,3.2780
nzl,1998,3.2795
nzl,1999,3.2982
nzl,2000,3.2959
nzl,2001,3.3010
nzl,2002,3.2951
nzl,2003,3.2576
nzl,2004,3.1975
nzl,2005,3.0869
nzl,2006,2.9401
nzl,2007,2.7895
nzl,2008,2.7163
nzl,2009,2.7736
nzl,2010,2.8821
nzl,2011,3.0041
nzl,2012,3.1020
nzl,2013,3.1551
nzl,2014,3.1659
nzl,2015,3.1253
nzl,2016,3.0516
nzl,2017,2.9566
nzl,2018,2.8712
nzl,2019,2.7843
nzl,2020,2.6745
nzl,2021,2.5513
nzl,2022,2.4154
nzl,2023,2.2755
nzl,2024,2.1492
omn,1972,41.769
omn,1973,40.709
omn,1974,39.515
omn,1975,38.111
omn,1976,36.952
omn,1977,35.505
omn,1978,34.116
omn,1979,32.539
omn,1980,30.717
omn,1981,28.899
omn,1982,27.040
omn,1983,25.152
omn,1984,23.402
omn,1985,21.709
omn,1986,20.293
omn,1987,19.021
omn,1988,17.856
omn,1989,16.745
omn,1990,15.672
omn,1991,14.646
omn,1992,13.344
omn,1993,11.953
omn,1994,10.718
omn,1995,9.5560
omn,1996,8.5618
omn,1997,7.7139
omn,1998,7.0103
omn,1999,6.4069
omn,2000,5.8498
omn,2001,5.4062
omn,2002,4.9700
omn,2003,4.6514
omn,2004,4.3766
omn,2005,4.1578
omn,2006,3.9762
omn,2007,3.8453
omn,2008,3.7304
omn,2009,3.6370
omn,2010,3.5381
omn,2011,3.4645
omn,2012,3.3963
omn,2013,3.3444
omn,2014,3.2769
omn,2015,3.2070
omn,2016,3.1335
omn,2017,3.0766
omn,2018,3.0315
omn,2019,2.9955
omn,2020,2.9123
omn,2021,2.8734
omn,2022,2.8005
omn,2023,2.7390
omn,2024,2.6708
pak,1953,86.712
pak,1954,85.449
pak,1955,84.431
pak,1956,83.074
pak,1957,81.791
pak,1958,80.400
pak,1959,79.047
pak,1960,77.950
pak,1961,76.755
pak,1962,75.475
pak,1963,74.303
pak,1964,73.171
pak,1965,72.234
pak,1966,71.343
pak,1967,70.488
pak,1968,69.738
pak,1969,69.112
pak,1970,68.650
pak,1971,68.158
pak,1972,67.732
pak,1973,67.288
pak,1974,67.050
pak,1975,66.778
pak,1976,66.468
pak,1977,66.252
pak,1978,65.981
pak,1979,65.650
pak,1980,65.312
pak,1981,64.890
pak,1982,64.484
pak,1983,64.037
pak,1984,63.292
pak,1985,62.490
pak,1986,61.495
pak,1987,60.864
pak,1988,60.378
pak,1989,60.131
pak,1990,60.055
pak,1991,59.937
pak,1992,59.956
pak,1993,59.823
pak,1994,59.477
pak,1995,58.994
pak,1996,58.296
pak,1997,57.566
pak,1998,56.653
pak,1999,55.662
pak,2000,54.677
pak,2001,53.685
pak,2002,52.753
pak,2003,51.874
pak,2004,51.129
pak,2005,50.460
pak,2006,49.740
pak,2007,49.153
pak,2008,48.484
pak,2009,47.877
pak,2010,47.270
pak,2011,46.480
pak,2012,45.562
pak,2013,44.587
pak,2014,43.544
pak,2015,42.455
pak,2016,41.297
pak,2017,40.079
pak,2018,38.830
pak,2019,37.462
pak,2020,36.023
pak,2021,34.671
pak,2022,33.332
pak,2023,31.847
pak,2024,30.266
pan,1955,35.308
pan,1956,34.997
pan,1957,34.591
pan,1958,34.094
pan,1959,33.538
pan,1960,33.141
pan,1961,32.830
pan,1962,32.548
pan,1963,32.313
pan,1964,31.933
pan,1965,31.453
pan,1966,30.859
pan,1967,30.122
pan,1968,29.373
pan,1969,28.605
pan,1970,27.811
pan,1971,26.866
pan,1972,25.809
pan,1973,24.780
pan,1974,23.666
pan,1975,22.700
pan,1976,21.743
pan,1977,20.868
pan,1978,20.184
pan,1979,19.501
pan,1980,18.946
pan,1981,18.337
pan,1982,17.693
pan,1983,17.099
pan,1984,16.459
pan,1985,15.950
pan,1986,15.251
pan,1987,14.517
pan,1988,13.942
pan,1989,13.331
pan,1990,12.845
pan,1991,12.428
pan,1992,12.005
pan,1993,11.662
pan,1994,11.321
pan,1995,11.107
pan,1996,10.898
pan,1997,10.702
pan,1998,10.523
pan,1999,10.261
pan,2000,9.9608
pan,2001,9.6259
pan,2002,9.2631
pan,2003,8.8906
pan,2004,8.4829
pan,2005,8.1051
pan,2006,7.7913
pan,2007,7.4702
pan,2008,7.2181
pan,2009,6.9790
pan,2010,6.8000
pan,2011,6.6412
pan,2012,6.5207
pan,2013,6.4605
pan,2014,6.4163
pan,2015,6.4162
pan,2016,6.4331
pan,2017,6.4755
pan,2018,6.5786
pan,2019,6.6387
pan,2020,6.6180
pan,2021,6.4781
pan,2022,6.2859
pan,2023,6.0200
pan,2024,5.6812
per,1955,52.123
per,1956,51.751
per,1957,51.026
per,1958,50.561
per,1959,50.192
per,1960,49.810
per,1961,49.265
per,1962,48.555
per,1963,47.989
per,1964,47.134
per,1965,46.403
per,1966,45.596
per,1967,44.696
per,1968,43.951
per,1969,43.134
per,1970,42.181
per,1971,41.576
per,1972,39.889
per,1973,38.854
per,1974,37.865
per,1975,36.872
per,1976,35.955
per,1977,35.250
per,1978,34.761
per,1979,34.389
per,1980,34.083
per,1981,33.864
per,1982,33.537
per,1983,33.183
per,1984,32.591
per,1985,31.775
per,1986,30.786
per,1987,29.710
per,1988,28.609
per,1989,27.572
per,1990,26.588
per,1991,25.762
per,1992,24.809
per,1993,23.804
per,1994,22.651
per,1995,21.432
per,1996,20.237
per,1997,18.936
per,1998,17.698
per,1999,16.496
per,2000,15.398
per,2001,14.509
per,2002,13.530
per,2003,12.747
per,2004,12.181
per,2005,11.673
per,2006,11.192
per,2007,10.689
per,2008,10.203
per,2009,9.7106
per,2010,9.2716
per,2011,8.8664
per,2012,8.4707
per,2013,8.1393
per,2014,7.8510
per,2015,7.6271
per,2016,7.4717
per,2017,7.3481
per,2018,7.2552
per,2019,7.0921
per,2020,6.9229
per,2021,6.6913
per,2022,6.4157
per,2023,6.1021
per,2024,5.7930
phl,1956,20.483
phl,1957,20.670
phl,1958,20.850
phl,1959,20.963
phl,1960,21.141
phl,1961,21.301
phl,1962,21.408
phl,1963,21.586
phl,1964,21.707
phl,1965,21.884
phl,1966,22.068
phl,1967,22.112
phl,1968,22.116
phl,1969,22.081
phl,1970,22.042
phl,1971,22.038
phl,1972,21.931
phl,1973,21.907
phl,1974,21.858
phl,1975,21.866
phl,1976,21.931
phl,1977,22.007
phl,1978,22.097
phl,1979,22.149
phl,1980,22.153
phl,1981,22.003
phl,1982,21.739
phl,1983,21.363
phl,1984,20.864
phl,1985,20.435
phl,1986,19.958
phl,1987,19.413
phl,1988,18.788
phl,1989,18.142
phl,1990,17.561
phl,1991,17.016
phl,1992,16.477
phl,1993,16.098
phl,1994,15.788
phl,1995,15.553
phl,1996,15.340
phl,1997,15.203
phl,1998,15.178
phl,1999,15.195
phl,2000,15.235
phl,2001,15.196
phl,2002,15.028
phl,2003,14.786
phl,2004,14.472
phl,2005,14.174
phl,2006,13.870
phl,2007,13.565
phl,2008,13.245
phl,2009,12.920
phl,2010,12.642
phl,2011,12.383
phl,2012,12.171
phl,2013,11.984
phl,2014,11.848
phl,2015,11.809
phl,2016,11.773
phl,2017,11.819
phl,2018,11.860
phl,2019,11.886
phl,2020,11.815
phl,2021,11.638
phl,2022,11.337
phl,2023,10.890
phl,2024,10.381
plw,1990,13.996
plw,1991,13.693
plw,1992,13.375
plw,1993,12.994
plw,1994,12.561
plw,1995,12.144
plw,1996,11.695
plw,1997,11.178
plw,1998,10.740
plw,1999,10.309
plw,2000,9.8879
plw,2001,9.4471
plw,2002,8.9974
plw,2003,8.6071
plw,2004,8.2460
plw,2005,7.8922
plw,2006,7.5757
plw,2007,7.2229
plw,2008,6.9163
plw,2009,6.6620
plw,2010,6.4242
plw,2011,6.2699
plw,2012,6.2043
plw,2013,6.1198
plw,2014,6.1168
plw,2015,6.1163
plw,2016,6.0966
plw,2017,6.1025
plw,2018,6.1567
plw,2019,6.1421
plw,2020,6.0716
plw,2021,5.9478
plw,2022,5.7334
plw,2023,5.4762
plw,2024,5.2464
png,1975,36.599
png,1976,35.767
png,1977,34.804
png,1978,33.712
png,1979,32.717
png,1980,31.844
png,1981,31.125
png,1982,30.573
png,1983,30.169
png,1984,29.873
png,1985,29.471
png,1986,28.972
png,1987,28.300
png,1988,27.716
png,1989,27.497
png,1990,27.469
png,1991,27.799
png,1992,28.240
png,1993,28.464
png,1994,28.634
png,1995,28.554
png,1996,28.346
png,1997,28.123
png,1998,27.864
png,1999,27.532
png,2000,27.113
png,2001,26.616
png,2002,26.095
png,2003,25.548
png,2004,25.080
png,2005,24.585
png,2006,24.251
png,2007,23.919
png,2008,23.532
png,2009,23.114
png,2010,22.580
png,2011,22.034
png,2012,21.406
png,2013,20.729
png,2014,20.035
png,2015,19.273
png,2016,18.496
png,2017,17.795
png,2018,17.033
png,2019,16.329
png,2020,15.504
png,2021,14.766
png,2022,14.081
png,2023,13.425
png,2024,12.730
pol,1970,18.031
pol,1971,17.630
pol,1972,17.107
pol,1973,16.612
pol,1974,16.185
pol,1975,15.734
pol,1976,15.307
pol,1977,14.855
pol,1978,14.377
pol,1979,13.938
pol,1980,13.578
pol,1981,13.429
pol,1982,13.361
pol,1983,13.260
pol,1984,13.069
pol,1985,12.791
pol,1986,12.523
pol,1987,12.247
pol,1988,11.945
pol,1989,11.629
pol,1990,11.241
pol,1991,10.818
pol,1992,10.413
pol,1993,10.198
pol,1994,10.142
pol,1995,9.9176
pol,1996,9.3381
pol,1997,8.4916
pol,1998,7.5757
pol,1999,6.7533
pol,2000,6.0750
pol,2001,5.6027
pol,2002,5.2719
pol,2003,5.0309
pol,2004,4.8447
pol,2005,4.6561
pol,2006,4.4504
pol,2007,4.2299
pol,2008,4.0247
pol,2009,3.8660
pol,2010,3.6881
pol,2011,3.4952
pol,2012,3.2914
pol,2013,3.1127
pol,2014,2.9845
pol,2015,2.8773
pol,2016,2.7944
pol,2017,2.7287
pol,2018,2.6869
pol,2019,2.6751
pol,2020,2.6556
pol,2021,2.6272
pol,2022,2.5632
pol,2023,2.4415
pol,2024,2.2333
prk,1990,14.245
prk,1991,14.423
prk,1992,14.543
prk,1993,14.589
prk,1994,14.486
prk,1995,14.306
prk,1996,23.299
prk,1997,22.953
prk,1998,22.583
prk,1999,22.115
prk,2000,21.900
prk,2001,21.549
prk,2002,21.163
prk,2003,20.776
prk,2004,11.430
prk,2005,11.147
prk,2006,10.922
prk,2007,10.651
prk,2008,10.501
prk,2009,9.9457
prk,2010,9.5095
prk,2011,9.0766
prk,2012,8.5552
prk,2013,7.9981
prk,2014,7.4337
prk,2015,6.9130
prk,2016,6.4581
prk,2017,6.1815
prk,2018,5.6778
prk,2019,5.4654
prk,2020,5.2195
prk,2021,5.1225
prk,2022,5.0729
prk,2023,5.1004
prk,2024,5.1234
prt,1961,27.223
prt,1962,26.282
prt,1963,25.524
prt,1964,25.247
prt,1965,25.096
prt,1966,24.909
prt,1967,24.717
prt,1968,24.659
prt,1969,24.700
prt,1970,24.188
prt,1971,22.898
prt,1972,21.354
prt,1973,20.444
prt,1974,20.430
prt,1975,20.543
prt,1976,20.208
prt,1977,19.446
prt,1978,18.335
prt,1979,16.992
prt,1980,15.774
prt,1981,14.757
prt,1982,13.860
prt,1983,13.093
prt,1984,12.440
prt,1985,11.775
prt,1986,11.095
prt,1987,10.340
prt,1988,9.4722
prt,1989,8.5673
prt,1990,7.6786
prt,1991,6.9582
prt,1992,6.3442
prt,1993,5.7927
prt,1994,5.2922
prt,1995,4.8297
prt,1996,4.4466
prt,1997,4.1184
prt,1998,3.8303
prt,1999,3.5992
prt,2000,3.3830
prt,2001,3.2120
prt,2002,3.0447
prt,2003,2.8514
prt,2004,2.6422
prt,2005,2.4259
prt,2006,2.2450
prt,2007,2.1021
prt,2008,2.0125
prt,2009,1.9849
prt,2010,1.9799
prt,2011,1.9865
prt,2012,1.9906
prt,2013,1.9926
prt,2014,1.9939
prt,2015,1.9817
prt,2016,1.9724
prt,2017,1.9475
prt,2018,1.9036
prt,2019,1.8462
prt,2020,1.7719
prt,2021,1.6961
prt,2022,1.6187
prt,2023,1.5379
prt,2024,1.4463
pry,1968,26.225
pry,1969,26.263
pry,1970,26.183
pry,1971,26.173
pry,1972,26.001
pry,1973,25.810
pry,1974,25.439
pry,1975,24.986
pry,1976,24.545
pry,1977,24.054
pry,1978,23.642
pry,1979,23.187
pry,1980,22.753
pry,1981,22.384
pry,1982,22.055
pry,1983,21.773
pry,1984,21.469
pry,1985,21.130
pry,1986,20.946
pry,1987,20.660
pry,1988,20.361
pry,1989,19.981
pry,1990,19.484
pry,1991,19.099
pry,1992,18.624
pry,1993,18.220
pry,1994,17.741
pry,1995,17.307
pry,1996,16.910
pry,1997,16.475
pry,1998,16.069
pry,1999,15.595
pry,2000,15.125
pry,2001,14.588
pry,2002,14.016
pry,2003,13.485
pry,2004,12.881
pry,2005,12.265
pry,2006,11.637
pry,2007,10.984
pry,2008,10.396
pry,2009,9.8723
pry,2010,9.3652
pry,2011,8.8815
pry,2012,8.4308
pry,2013,7.9700
pry,2014,7.5311
pry,2015,7.0914
pry,2016,6.6879
pry,2017,6.3023
pry,2018,5.9503
pry,2019,5.6299
pry,2020,5.3090
pry,2021,5.0156
pry,2022,4.7195
pry,2023,4.4390
pry,2024,4.1726
pse,1989,20.563
pse,1990,20.199
pse,1991,19.759
pse,1992,19.355
pse,1993,18.936
pse,1994,18.470
pse,1995,18.081
pse,1996,17.594
pse,1997,16.994
pse,1998,16.492
pse,1999,15.987
pse,2000,15.614
pse,2001,15.293
pse,2002,15.039
pse,2003,14.774
pse,2004,14.430
pse,2005,14.073
pse,2006,13.658
pse,2007,13.227
pse,2008,12.758
pse,2009,12.280
pse,2010,11.830
pse,2011,11.362
pse,2012,10.930
pse,2013,10.521
pse,2014,10.101
pse,2015,9.7170
pse,2016,9.1947
pse,2017,8.7008
pse,2018,8.2238
pse,2019,7.7711
pse,2020,7.3231
pse,2021,6.8940
pse,2022,6.4857
pse,2023,6.1038
pse,2024,5.9342
qat,1990,9.8265
qat,1991,9.4567
qat,1992,9.0727
qat,1993,8.6561
qat,1994,8.3192
qat,1995,7.9623
qat,1996,7.6906
qat,1997,7.3767
qat,1998,7.0313
qat,1999,6.6732
qat,2000,6.3241
qat,2001,5.9891
qat,2002,5.6925
qat,2003,5.4760
qat,2004,5.3430
qat,2005,5.1980
qat,2006,5.0377
qat,2007,4.8313
qat,2008,4.6311
qat,2009,4.4695
qat,2010,4.3132
qat,2011,4.1617
qat,2012,4.0005
qat,2013,3.8201
qat,2014,3.6549
qat,2015,3.5158
qat,2016,3.4425
qat,2017,3.4037
qat,2018,3.3945
qat,2019,3.4058
qat,2020,3.4156
qat,2021,3.4328
qat,2022,3.4409
qat,2023,3.4148
qat,2024,3.3398
rks,1990,32.088
rks,1991,31.997
rks,1992,31.370
rks,1993,30.605
rks,1994,29.613
rks,1995,28.628
rks,1996,27.538
rks,1997,26.473
rks,1998,25.320
rks,1999,24.227
rks,2000,23.297
rks,2001,22.199
rks,2002,21.193
rks,2003,20.029
rks,2004,18.887
rks,2005,17.447
rks,2006,16.126
rks,2007,14.961
rks,2008,13.910
rks,2009,13.007
rks,2010,12.220
rks,2011,11.475
rks,2012,10.806
rks,2013,10.222
rks,2014,9.6922
rks,2015,9.2531
rks,2016,8.8770
rks,2017,8.5930
rks,2018,8.3303
rks,2019,8.0078
rks,2020,7.5500
rks,2021,6.9948
rks,2022,6.4408
rks,2023,5.9205
rks,2024,5.4344
rou,1990,12.960
rou,1991,12.457
rou,1992,11.916
rou,1993,11.523
rou,1994,11.391
rou,1995,11.357
rou,1996,11.344
rou,1997,11.182
rou,1998,10.778
rou,1999,10.244
rou,2000,9.6133
rou,2001,9.0810
rou,2002,8.6977
rou,2003,8.4521
rou,2004,8.3471
rou,2005,8.0438
rou,2006,7.4586
rou,2007,6.7140
rou,2008,5.9955
rou,2009,5.4343
rou,2010,4.9859
rou,2011,4.7115
rou,2012,4.5419
rou,2013,4.4214
rou,2014,4.3186
rou,2015,4.1092
rou,2016,3.8018
rou,2017,3.4268
rou,2018,3.0977
rou,2019,2.8845
rou,2020,2.7561
rou,2021,2.7162
rou,2022,2.7446
rou,2023,2.8311
rou,2024,2.9250
rus,1990,8.3256
rus,1991,8.3641
rus,1992,8.4533
rus,1993,8.6079
rus,1994,8.7676
rus,1995,8.9167
rus,1996,8.9938
rus,1997,8.9084
rus,1998,8.8298
rus,1999,8.6474
rus,2000,8.2804
rus,2001,7.9586
rus,2002,7.5814
rus,2003,7.0744
rus,2004,6.5082
rus,2005,6.0189
rus,2006,5.6669
rus,2007,5.2604
rus,2008,4.7498
rus,2009,4.2676
rus,2010,3.9986
rus,2011,4.0047
rus,2012,4.1047
rus,2013,4.1741
rus,2014,4.1151
rus,2015,3.8750
rus,2016,3.5000
rus,2017,3.1161
rus,2018,2.8362
rus,2019,2.5943
rus,2020,2.3299
rus,2021,2.0308
rus,2022,1.7313
rus,2023,1.5010
rus,2024,1.3241
rwa,1961,52.800
rwa,1962,52.775
rwa,1963,52.868
rwa,1964,53.073
rwa,1965,53.289
rwa,1966,53.382
rwa,1967,53.432
rwa,1968,53.432
rwa,1969,53.498
rwa,1970,53.763
rwa,1971,53.860
rwa,1972,53.900
rwa,1973,54.161
rwa,1974,54.470
rwa,1975,55.111
rwa,1976,55.709
rwa,1977,56.201
rwa,1978,56.114
rwa,1979,55.275
rwa,1980,53.863
rwa,1981,51.859
rwa,1982,49.643
rwa,1983,47.381
rwa,1984,45.166
rwa,1985,43.312
rwa,1986,41.698
rwa,1987,40.210
rwa,1988,38.757
rwa,1989,37.552
rwa,1990,36.885
rwa,1991,36.962
rwa,1992,38.074
rwa,1993,39.956
rwa,1994,41.959
rwa,1995,46.570
rwa,1996,44.579
rwa,1997,44.958
rwa,1998,44.663
rwa,1999,43.391
rwa,2000,41.442
rwa,2001,39.044
rwa,2002,36.376
rwa,2003,33.808
rwa,2004,31.437
rwa,2005,29.226
rwa,2006,27.251
rwa,2007,25.578
rwa,2008,24.114
rwa,2009,22.804
rwa,2010,21.598
rwa,2011,20.508
rwa,2012,19.467
rwa,2013,18.558
rwa,2014,17.745
rwa,2015,17.122
rwa,2016,16.618
rwa,2017,16.202
rwa,2018,15.711
rwa,2019,15.334
rwa,2020,15.045
rwa,2021,14.887
rwa,2022,14.611
rwa,2023,14.157
rwa,2024,13.487
sau,1990,16.819
sau,1991,16.264
sau,1992,15.621
sau,1993,14.968
sau,1994,14.177
sau,1995,13.353
sau,1996,12.643
sau,1997,11.914
sau,1998,11.266
sau,1999,10.603
sau,2000,10.008
sau,2001,9.3758
sau,2002,8.8165
sau,2003,8.2744
sau,2004,7.7654
sau,2005,7.3414
sau,2006,6.8455
sau,2007,6.3808
sau,2008,5.9771
sau,2009,5.5976
sau,2010,5.2695
sau,2011,4.9383
sau,2012,4.6458
sau,2013,4.3653
sau,2014,4.0802
sau,2015,3.7808
sau,2016,3.4497
sau,2017,3.1249
sau,2018,2.7868
sau,2019,2.4887
sau,2020,2.2687
sau,2021,2.1255
sau,2022,1.9927
sau,2023,1.8629
sau,2024,1.7396
sdn,1970,40.803
sdn,1971,40.784
sdn,1972,40.729
sdn,1973,40.668
sdn,1974,40.656
sdn,1975,40.542
sdn,1976,40.506
sdn,1977,40.462
sdn,1978,40.291
sdn,1979,40.247
sdn,1980,40.168
sdn,1981,40.191
sdn,1982,40.158
sdn,1983,40.205
sdn,1984,40.941
sdn,1985,40.842
sdn,1986,40.727
sdn,1987,39.822
sdn,1988,39.496
sdn,1989,39.216
sdn,1990,38.654
sdn,1991,38.091
sdn,1992,37.572
sdn,1993,36.985
sdn,1994,36.438
sdn,1995,35.864
sdn,1996,35.327
sdn,1997,34.680
sdn,1998,34.027
sdn,1999,33.494
sdn,2000,32.912
sdn,2001,32.399
sdn,2002,31.800
sdn,2003,31.198
sdn,2004,30.610
sdn,2005,30.185
sdn,2006,29.686
sdn,2007,28.923
sdn,2008,28.442
sdn,2009,28.053
sdn,2010,27.561
sdn,2011,27.023
sdn,2012,26.372
sdn,2013,25.704
sdn,2014,24.959
sdn,2015,24.086
sdn,2016,23.218
sdn,2017,22.298
sdn,2018,21.333
sdn,2019,20.327
sdn,2020,19.344
sdn,2021,18.400
sdn,2022,17.456
sdn,2023,16.544
sdn,2024,15.633
sen,1956,58.762
sen,1957,58.139
sen,1958,57.425
sen,1959,56.590
sen,1960,55.949
sen,1961,55.221
sen,1962,54.583
sen,1963,53.840
sen,1964,52.889
sen,1965,51.953
sen,1966,50.940
sen,1967,50.080
sen,1968,49.112
sen,1969,48.434
sen,1970,47.908
sen,1971,47.301
sen,1972,47.039
sen,1973,46.910
sen,1974,46.709
sen,1975,46.528
sen,1976,45.923
sen,1977,45.149
sen,1978,44.237
sen,1979,43.297
sen,1980,42.672
sen,1981,42.039
sen,1982,41.597
sen,1983,41.295
sen,1984,40.815
sen,1985,40.307
sen,1986,39.566
sen,1987,38.784
sen,1988,37.990
sen,1989,37.329
sen,1990,37.086
sen,1991,36.852
sen,1992,36.829
sen,1993,36.822
sen,1994,36.828
sen,1995,36.896
sen,1996,36.677
sen,1997,36.611
sen,1998,36.435
sen,1999,35.909
sen,2000,35.253
sen,2001,34.296
sen,2002,33.357
sen,2003,32.309
sen,2004,31.160
sen,2005,30.056
sen,2006,28.991
sen,2007,27.998
sen,2008,27.049
sen,2009,26.181
sen,2010,25.397
sen,2011,24.687
sen,2012,24.151
sen,2013,23.794
sen,2014,23.686
sen,2015,23.873
sen,2016,24.119
sen,2017,24.348
sen,2018,24.350
sen,2019,23.989
sen,2020,23.287
sen,2021,22.202
sen,2022,20.869
sen,2023,19.361
sen,2024,17.989
sgp,1969,15.414
sgp,1970,14.900
sgp,1971,14.365
sgp,1972,13.978
sgp,1973,13.437
sgp,1974,12.507
sgp,1975,11.261
sgp,1976,10.021
sgp,1977,9.2848
sgp,1978,8.9384
sgp,1979,8.7188
sgp,1980,8.4805
sgp,1981,8.1242
sgp,1982,7.6742
sgp,1983,7.1838
sgp,1984,6.7387
sgp,1985,6.4126
sgp,1986,6.0645
sgp,1987,5.6707
sgp,1988,5.2076
sgp,1989,4.7274
sgp,1990,4.2746
sgp,1991,3.7978
sgp,1992,3.3341
sgp,1993,2.9007
sgp,1994,2.5334
sgp,1995,2.2575
sgp,1996,2.0568
sgp,1997,1.9335
sgp,1998,1.8378
sgp,1999,1.7260
sgp,2000,1.5931
sgp,2001,1.4528
sgp,2002,1.3434
sgp,2003,1.2657
sgp,2004,1.2034
sgp,2005,1.1647
sgp,2006,1.1312
sgp,2007,1.1120
sgp,2008,1.0951
sgp,2009,1.0705
sgp,2010,1.0455
sgp,2011,1.0131
sgp,2012,0.99007
sgp,2013,0.97420
sgp,2014,0.96995
sgp,2015,0.97678
sgp,2016,0.97525
sgp,2017,0.96392
sgp,2018,0.93750
sgp,2019,0.90597
sgp,2020,0.87830
sgp,2021,0.84745
sgp,2022,0.81579
sgp,2023,0.77170
sgp,2024,0.71655
slb,1990,11.986
slb,1991,11.897
slb,1992,11.710
slb,1993,11.552
slb,1994,11.284
slb,1995,11.115
slb,1996,11.005
slb,1997,10.930
slb,1998,10.962
slb,1999,10.967
slb,2000,10.934
slb,2001,10.903
slb,2002,10.782
slb,2003,10.689
slb,2004,10.562
slb,2005,10.414
slb,2006,10.235
slb,2007,10.040
slb,2008,9.8424
slb,2009,9.5798
slb,2010,9.3438
slb,2011,9.0944
slb,2012,8.7687
slb,2013,8.5004
slb,2014,8.1064
slb,2015,7.7540
slb,2016,7.4876
slb,2017,7.2219
slb,2018,6.9715
slb,2019,6.6457
slb,2020,6.3331
slb,2021,6.0299
slb,2022,5.7046
slb,2023,5.4087
slb,2024,5.0818
sle,1990,45.232
sle,1991,45.261
sle,1992,45.407
sle,1993,45.438
sle,1994,45.386
sle,1995,45.391
sle,1996,45.123
sle,1997,44.712
sle,1998,44.224
sle,1999,43.747
sle,2000,43.281
sle,2001,42.752
sle,2002,42.208
sle,2003,41.600
sle,2004,41.090
sle,2005,40.510
sle,2006,39.756
sle,2007,38.929
sle,2008,37.960
sle,2009,36.989
sle,2010,35.854
sle,2011,34.699
sle,2012,33.632
sle,2013,32.487
sle,2014,31.445
sle,2015,30.501
sle,2016,29.680
sle,2017,28.641
sle,2018,27.608
sle,2019,26.528
sle,2020,25.601
sle,2021,24.704
sle,2022,23.717
sle,2023,22.611
sle,2024,21.616
slv,1986,22.411
slv,1987,21.933
slv,1988,21.421
slv,1989,20.906
slv,1990,20.364
slv,1991,19.823
slv,1992,19.272
slv,1993,18.601
slv,1994,17.946
slv,1995,17.269
slv,1996,16.625
slv,1997,15.964
slv,1998,15.336
slv,1999,14.622
slv,2000,13.662
slv,2001,12.807
slv,2002,12.007
slv,2003,11.281
slv,2004,10.598
slv,2005,9.9400
slv,2006,9.3383
slv,2007,8.7963
slv,2008,8.2642
slv,2009,7.7677
slv,2010,7.2856
slv,2011,6.8429
slv,2012,6.4026
slv,2013,5.9579
slv,2014,5.5521
slv,2015,5.1380
slv,2016,4.7479
slv,2017,4.3496
slv,2018,4.0041
slv,2019,3.6948
slv,2020,3.4134
slv,2021,3.1664
slv,2022,2.9707
slv,2023,2.7971
slv,2024,2.6360
smr,1990,3.8591
smr,1991,3.7021
smr,1992,3.5473
smr,1993,3.3498
smr,1994,3.1481
smr,1995,2.9430
smr,1996,2.7115
smr,1997,2.4981
smr,1998,2.2741
smr,1999,2.0597
smr,2000,1.8362
smr,2001,1.6346
smr,2002,1.4599
smr,2003,1.2972
smr,2004,1.1590
smr,2005,1.0134
smr,2006,0.88556
smr,2007,0.79076
smr,2008,0.68997
smr,2009,0.60421
smr,2010,0.54495
smr,2011,0.48844
smr,2012,0.44722
smr,2013,0.40832
smr,2014,0.37341
smr,2015,0.33643
smr,2016,0.30582
smr,2017,0.27584
smr,2018,0.25562
smr,2019,0.23224
smr,2020,0.20938
smr,2021,0.19432
smr,2022,0.17975
smr,2023,0.16546
smr,2024,0.15370
som,1984,33.327
som,1985,34.158
som,1986,34.555
som,1987,35.003
som,1988,35.208
som,1989,35.453
som,1990,35.139
som,1991,34.764
som,1992,38.429
som,1993,37.958
som,1994,32.963
som,1995,32.833
som,1996,32.705
som,1997,32.520
som,1998,32.461
som,1999,32.491
som,2000,32.584
som,2001,32.665
som,2002,32.982
som,2003,33.043
som,2004,32.956
som,2005,32.371
som,2006,31.820
som,2007,31.203
som,2008,30.557
som,2009,29.475
som,2010,28.211
som,2011,27.361
som,2012,29.012
som,2013,24.866
som,2014,23.156
som,2015,22.203
som,2016,21.328
som,2017,20.292
som,2018,19.918
som,2019,18.682
som,2020,17.561
som,2021,16.839
som,2022,16.062
som,2023,16.037
som,2024,14.743
srb,1990,17.232
srb,1991,15.977
srb,1992,14.817
srb,1993,13.922
srb,1994,13.259
srb,1995,12.460
srb,1996,11.427
srb,1997,10.271
srb,1998,9.1621
srb,1999,8.3399
srb,2000,7.7374
srb,2001,7.3462
srb,2002,7.0101
srb,2003,6.6174
srb,2004,6.1830
srb,2005,5.6994
srb,2006,5.3047
srb,2007,5.0072
srb,2008,4.8069
srb,2009,4.6909
srb,2010,4.5880
srb,2011,4.5011
srb,2012,4.3957
srb,2013,4.2610
srb,2014,4.1072
srb,2015,3.9354
srb,2016,3.7655
srb,2017,3.6009
srb,2018,3.4724
srb,2019,3.4029
srb,2020,3.3259
srb,2021,3.2430
srb,2022,3.1472
srb,2023,3.0371
srb,2024,2.8860
ssd,1990,45.141
ssd,1991,45.418
ssd,1992,45.609
ssd,1993,46.610
ssd,1994,46.823
ssd,1995,45.156
ssd,1996,45.437
ssd,1997,45.082
ssd,1998,44.731
ssd,1999,47.640
ssd,2000,43.031
ssd,2001,42.111
ssd,2002,41.404
ssd,2003,40.175
ssd,2004,39.540
ssd,2005,38.661
ssd,2006,37.572
ssd,2007,36.072
ssd,2008,33.572
ssd,2009,31.220
ssd,2010,29.287
ssd,2011,27.438
ssd,2012,25.506
ssd,2013,23.933
ssd,2014,22.573
ssd,2015,22.661
ssd,2016,22.304
ssd,2017,21.466
ssd,2018,20.559
ssd,2019,16.962
ssd,2020,15.169
ssd,2021,14.109
ssd,2022,13.056
ssd,2023,12.015
ssd,2024,11.068
stp,1986,19.480
stp,1987,20.100
stp,1988,20.069
stp,1989,20.141
stp,1990,20.180
stp,1991,20.087
stp,1992,19.910
stp,1993,19.509
stp,1994,19.066
stp,1995,18.441
stp,1996,17.883
stp,1997,17.457
stp,1998,17.045
stp,1999,17.071
stp,2000,17.216
stp,2001,17.207
stp,2002,17.032
stp,2003,16.582
stp,2004,16.170
stp,2005,15.653
stp,2006,15.153
stp,2007,14.766
stp,2008,14.216
stp,2009,13.743
stp,2010,13.243
stp,2011,12.562
stp,2012,11.573
stp,2013,10.487
stp,2014,9.4510
stp,2015,8.4487
stp,2016,7.4881
stp,2017,6.6220
stp,2018,5.8471
stp,2019,5.2371
stp,2020,4.7406
stp,2021,4.3232
stp,2022,3.9863
stp,2023,3.7110
stp,2024,3.4561
sur,1990,11.804
sur,1991,12.302
sur,1992,12.584
sur,1993,13.122
sur,1994,13.507
sur,1995,13.665
sur,1996,13.679
sur,1997,13.236
sur,1998,12.947
sur,1999,12.757
sur,2000,12.676
sur,2001,12.880
sur,2002,13.007
sur,2003,13.210
sur,2004,13.302
sur,2005,13.202
sur,2006,13.014
sur,2007,12.693
sur,2008,12.380
sur,2009,12.026
sur,2010,11.607
sur,2011,11.204
sur,2012,10.716
sur,2013,10.228
sur,2014,9.7724
sur,2015,9.2894
sur,2016,8.8558
sur,2017,8.3589
sur,2018,7.7678
sur,2019,7.2119
sur,2020,6.7029
sur,2021,6.1953
sur,2022,5.7784
sur,2023,5.4966
sur,2024,5.1072
svk,1983,11.845
svk,1984,11.417
svk,1985,10.883
svk,1986,10.355
svk,1987,9.8298
svk,1988,9.3582
svk,1989,8.9588
svk,1990,8.6092
svk,1991,8.3462
svk,1992,8.1064
svk,1993,7.8690
svk,1994,7.6027
svk,1995,7.2359
svk,1996,6.7763
svk,1997,6.2514
svk,1998,5.7377
svk,1999,5.3216
svk,2000,4.9815
svk,2001,4.7363
svk,2002,4.5204
svk,2003,4.3064
svk,2004,4.0859
svk,2005,3.8518
svk,2006,3.6436
svk,2007,3.4632
svk,2008,3.3211
svk,2009,3.2205
svk,2010,3.1465
svk,2011,3.1073
svk,2012,3.0759
svk,2013,3.0383
svk,2014,2.9988
svk,2015,2.9398
svk,2016,2.8842
svk,2017,2.8304
svk,2018,2.7965
svk,2019,2.7965
svk,2020,2.8040
svk,2021,2.8215
svk,2022,2.8284
svk,2023,2.8278
svk,2024,2.7942
svn,1983,9.8277
svn,1984,9.4367
svn,1985,8.8660
svn,1986,8.2460
svn,1987,7.5901
svn,1988,6.9472
svn,1989,6.3405
svn,1990,5.8119
svn,1991,5.3796
svn,1992,4.9728
svn,1993,4.5978
svn,1994,4.2435
svn,1995,3.9275
svn,1996,3.6798
svn,1997,3.4883
svn,1998,3.3494
svn,1999,3.2330
svn,2000,3.1117
svn,2001,2.9869
svn,2002,2.8499
svn,2003,2.7074
svn,2004,2.5579
svn,2005,2.3979
svn,2006,2.2546
svn,2007,2.1119
svn,2008,1.9812
svn,2009,1.8717
svn,2010,1.7728
svn,2011,1.6955
svn,2012,1.6281
svn,2013,1.5724
svn,2014,1.5186
svn,2015,1.4669
svn,2016,1.4167
svn,2017,1.3721
svn,2018,1.3315
svn,2019,1.2983
svn,2020,1.2637
svn,2021,1.2282
svn,2022,1.1873
svn,2023,1.1434
svn,2024,1.0946
swe,1961,12.696
swe,1962,12.452
swe,1963,12.034
swe,1964,11.523
swe,1965,10.972
swe,1966,10.517
swe,1967,10.141
swe,1968,9.8463
swe,1969,9.6123
swe,1970,9.3499
swe,1971,9.0084
swe,1972,8.5783
swe,1973,8.0754
swe,1974,7.5596
swe,1975,7.0155
swe,1976,6.5077
swe,1977,6.0331
swe,1978,5.6190
swe,1979,5.2827
swe,1980,4.9845
swe,1981,4.7443
swe,1982,4.5379
swe,1983,4.3531
swe,1984,4.1958
swe,1985,4.0435
swe,1986,3.9160
swe,1987,3.8058
swe,1988,3.7003
swe,1989,3.5964
swe,1990,3.4711
swe,1991,3.3425
swe,1992,3.2027
swe,1993,3.0578
swe,1994,2.9147
swe,1995,2.7453
swe,1996,2.5756
swe,1997,2.4172
swe,1998,2.2974
swe,1999,2.2389
swe,2000,2.2031
swe,2001,2.1843
swe,2002,2.1521
swe,2003,2.0957
swe,2004,2.0164
swe,2005,1.9153
swe,2006,1.8230
swe,2007,1.7356
swe,2008,1.6609
swe,2009,1.5985
swe,2010,1.5513
swe,2011,1.5205
swe,2012,1.5050
swe,2013,1.4987
swe,2014,1.4979
swe,2015,1.4897
swe,2016,1.4734
swe,2017,1.4477
swe,2018,1.4191
swe,2019,1.3960
swe,2020,1.3750
swe,2021,1.3613
swe,2022,1.3493
swe,2023,1.3255
swe,2024,1.2863
swz,1984,18.935
swz,1985,18.657
swz,1986,18.580
swz,1987,18.493
swz,1988,18.395
swz,1989,18.340
swz,1990,18.315
swz,1991,18.468
swz,1992,18.716
swz,1993,19.012
swz,1994,19.445
swz,1995,19.909
swz,1996,20.503
swz,1997,21.133
swz,1998,21.747
swz,1999,22.280
swz,2000,22.527
swz,2001,22.537
swz,2002,22.356
swz,2003,22.018
swz,2004,21.709
swz,2005,21.334
swz,2006,21.178
swz,2007,21.140
swz,2008,21.137
swz,2009,21.260
swz,2010,21.238
swz,2011,21.222
swz,2012,21.087
swz,2013,20.951
swz,2014,20.882
swz,2015,20.843
swz,2016,20.799
swz,2017,20.609
swz,2018,20.274
swz,2019,19.748
swz,2020,19.062
swz,2021,18.332
swz,2022,17.515
swz,2023,16.765
swz,2024,15.985
syc,1987,11.619
syc,1988,11.098
syc,1989,10.606
syc,1990,10.141
syc,1991,9.7203
syc,1992,9.3386
syc,1993,8.9689
syc,1994,8.6495
syc,1995,8.3566
syc,1996,8.1120
syc,1997,7.9141
syc,1998,7.7694
syc,1999,7.6825
syc,2000,7.6400
syc,2001,7.6461
syc,2002,7.6469
syc,2003,7.6662
syc,2004,7.6788
syc,2005,7.6882
syc,2006,7.6797
syc,2007,7.6693
syc,2008,7.6726
syc,2009,7.6558
syc,2010,7.6622
syc,2011,7.6516
syc,2012,7.6527
syc,2013,7.6543
syc,2014,7.6585
syc,2015,7.6579
syc,2016,7.6708
syc,2017,7.6478
syc,2018,7.6170
syc,2019,7.5340
syc,2020,7.4122
syc,2021,7.2442
syc,2022,6.9557
syc,2023,6.6089
syc,2024,6.2534
syr,1956,18.505
syr,1957,18.431
syr,1958,18.376
syr,1959,18.350
syr,1960,18.273
syr,1961,18.078
syr,1962,17.865
syr,1963,17.728
syr,1964,17.584
syr,1965,17.511
syr,1966,17.519
syr,1967,17.656
syr,1968,17.898
syr,1969,18.164
syr,1970,18.342
syr,1971,18.371
syr,1972,18.152
syr,1973,17.814
syr,1974,17.453
syr,1975,17.341
syr,1976,17.289
syr,1977,17.490
syr,1978,17.822
syr,1979,18.103
syr,1980,18.287
syr,1981,18.268
syr,1982,18.171
syr,1983,18.034
syr,1984,17.356
syr,1985,16.991
syr,1986,16.593
syr,1987,16.113
syr,1988,15.693
syr,1989,15.246
syr,1990,14.869
syr,1991,14.515
syr,1992,14.014
syr,1993,13.498
syr,1994,13.005
syr,1995,12.609
syr,1996,12.232
syr,1997,11.876
syr,1998,11.549
syr,1999,11.194
syr,2000,10.899
syr,2001,10.614
syr,2002,10.321
syr,2003,10.048
syr,2004,9.7835
syr,2005,9.5673
syr,2006,9.3472
syr,2007,9.1246
syr,2008,8.8611
syr,2009,8.5779
syr,2010,8.3326
syr,2011,8.0551
syr,2012,7.8099
syr,2013,7.7024
syr,2014,7.4904
syr,2015,7.1886
syr,2016,6.9488
syr,2017,6.6125
syr,2018,6.3842
syr,2019,6.1208
syr,2020,5.7444
syr,2021,5.4771
syr,2022,5.2532
syr,2023,5.0649
syr,2024,4.8366
tca,1990,6.6528
tca,1991,6.2027
tca,1992,5.8086
tca,1993,5.4726
tca,1994,5.1721
tca,1995,4.8550
tca,1996,4.6264
tca,1997,4.4018
tca,1998,4.2008
tca,1999,4.0387
tca,2000,3.8697
tca,2001,3.7017
tca,2002,3.5414
tca,2003,3.4004
tca,2004,3.2576
tca,2005,3.0914
tca,2006,2.9361
tca,2007,2.7923
tca,2008,2.6287
tca,2009,2.4727
tca,2010,2.3005
tca,2011,2.1418
tca,2012,1.9896
tca,2013,1.8526
tca,2014,1.7167
tca,2015,1.5738
tca,2016,1.4355
tca,2017,1.3169
tca,2018,1.2164
tca,2019,1.1322
tca,2020,1.0578
tca,2021,1.0004
tca,2022,0.94284
tca,2023,0.89161
tca,2024,0.84523
tcd,1974,52.155
tcd,1975,52.480
tcd,1976,52.747
tcd,1977,52.912
tcd,1978,53.072
tcd,1979,52.992
tcd,1980,52.636
tcd,1981,52.264
tcd,1982,51.964
tcd,1983,51.449
tcd,1984,50.983
tcd,1985,50.420
tcd,1986,49.758
tcd,1987,49.201
tcd,1988,48.538
tcd,1989,47.711
tcd,1990,46.737
tcd,1991,45.765
tcd,1992,44.893
tcd,1993,44.105
tcd,1994,43.569
tcd,1995,43.126
tcd,1996,42.680
tcd,1997,42.246
tcd,1998,41.522
tcd,1999,40.683
tcd,2000,39.771
tcd,2001,38.892
tcd,2002,38.036
tcd,2003,37.097
tcd,2004,36.145
tcd,2005,35.238
tcd,2006,34.507
tcd,2007,34.039
tcd,2008,33.645
tcd,2009,33.356
tcd,2010,33.058
tcd,2011,32.619
tcd,2012,32.153
tcd,2013,31.339
tcd,2014,30.442
tcd,2015,29.522
tcd,2016,28.612
tcd,2017,27.531
tcd,2018,26.633
tcd,2019,25.491
tcd,2020,24.248
tcd,2021,23.107
tcd,2022,22.059
tcd,2023,21.031
tcd,2024,20.026
tgo,1966,48.869
tgo,1967,48.771
tgo,1968,48.471
tgo,1969,48.315
tgo,1970,48.284
tgo,1971,48.066
tgo,1972,47.856
tgo,1973,47.683
tgo,1974,47.402
tgo,1975,47.175
tgo,1976,46.626
tgo,1977,46.102
tgo,1978,45.530
tgo,1979,44.831
tgo,1980,44.241
tgo,1981,43.719
tgo,1982,43.239
tgo,1983,42.736
tgo,1984,42.292
tgo,1985,41.812
tgo,1986,41.351
tgo,1987,40.906
tgo,1988,40.489
tgo,1989,40.043
tgo,1990,39.615
tgo,1991,39.059
tgo,1992,38.540
tgo,1993,37.988
tgo,1994,37.453
tgo,1995,36.964
tgo,1996,36.320
tgo,1997,35.688
tgo,1998,34.971
tgo,1999,34.260
tgo,2000,33.527
tgo,2001,32.754
tgo,2002,31.965
tgo,2003,31.179
tgo,2004,30.446
tgo,2005,29.805
tgo,2006,29.119
tgo,2007,28.386
tgo,2008,27.654
tgo,2009,26.911
tgo,2010,26.258
tgo,2011,25.588
tgo,2012,24.981
tgo,2013,24.355
tgo,2014,23.732
tgo,2015,23.078
tgo,2016,22.373
tgo,2017,21.607
tgo,2018,20.835
tgo,2019,20.016
tgo,2020,19.244
tgo,2021,18.365
tgo,2022,17.443
tgo,2023,16.595
tgo,2024,15.746
tha,1953,53.445
tha,1954,52.924
tha,1955,52.526
tha,1956,52.018
tha,1957,51.367
tha,1958,50.850
tha,1959,50.204
tha,1960,49.786
tha,1961,49.294
tha,1962,48.838
tha,1963,48.286
tha,1964,47.562
tha,1965,46.949
tha,1966,46.119
tha,1967,45.233
tha,1968,44.187
tha,1969,43.123
tha,1970,42.034
tha,1971,40.808
tha,1972,39.469
tha,1973,38.257
tha,1974,36.874
tha,1975,35.517
tha,1976,34.136
tha,1977,32.748
tha,1978,31.432
tha,1979,30.044
tha,1980,28.785
tha,1981,27.400
tha,1982,26.005
tha,1983,24.769
tha,1984,23.456
tha,1985,22.382
tha,1986,21.243
tha,1987,20.163
tha,1988,19.153
tha,1989,18.181
tha,1990,17.252
tha,1991,16.325
tha,1992,15.234
tha,1993,14.247
tha,1994,13.403
tha,1995,12.597
tha,1996,11.845
tha,1997,11.146
tha,1998,10.497
tha,1999,9.9228
tha,2000,9.4051
tha,2001,8.9310
tha,2002,8.4751
tha,2003,8.0134
tha,2004,7.6151
tha,2005,7.2342
tha,2006,6.8818
tha,2007,6.5470
tha,2008,6.2258
tha,2009,5.9378
tha,2010,5.6863
tha,2011,5.4764
tha,2012,5.2493
tha,2013,5.0472
tha,2014,4.8459
tha,2015,4.6762
tha,2016,4.5177
tha,2017,4.3674
tha,2018,4.2372
tha,2019,4.1025
tha,2020,3.9815
tha,2021,3.8532
tha,2022,3.7286
tha,2023,3.6116
tha,2024,3.4878
tjk,1990,26.129
tjk,1991,25.702
tjk,1992,25.520
tjk,1993,25.457
tjk,1994,25.331
tjk,1995,25.267
tjk,1996,25.002
tjk,1997,25.036
tjk,1998,25.311
tjk,1999,25.315
tjk,2000,25.012
tjk,2001,24.057
tjk,2002,22.960
tjk,2003,21.751
tjk,2004,20.850
tjk,2005,20.203
tjk,2006,19.448
tjk,2007,18.824
tjk,2008,18.361
tjk,2009,17.966
tjk,2010,17.512
tjk,2011,16.854
tjk,2012,16.023
tjk,2013,15.077
tjk,2014,14.106
tjk,2015,13.219
tjk,2016,12.089
tjk,2017,11.106
tjk,2018,10.142
tjk,2019,9.2661
tjk,2020,8.5780
tjk,2021,7.9610
tjk,2022,7.3561
tjk,2023,6.8116
tjk,2024,6.3196
tkm,1989,21.188
tkm,1990,21.587
tkm,1991,22.053
tkm,1992,22.657
tkm,1993,23.399
tkm,1994,24.014
tkm,1995,24.671
tkm,1996,25.099
tkm,1997,25.412
tkm,1998,25.623
tkm,1999,25.519
tkm,2000,25.270
tkm,2001,24.769
tkm,2002,24.098
tkm,2003,23.366
tkm,2004,22.426
tkm,2005,21.410
tkm,2006,20.425
tkm,2007,19.602
tkm,2008,18.819
tkm,2009,18.275
tkm,2010,17.955
tkm,2011,17.839
tkm,2012,17.793
tkm,2013,17.889
tkm,2014,18.091
tkm,2015,18.236
tkm,2016,18.370
tkm,2017,18.273
tkm,2018,17.892
tkm,2019,17.370
tkm,2020,16.627
tkm,2021,15.920
tkm,2022,15.064
tkm,2023,14.233
tkm,2024,13.495
tls,1987,50.761
tls,1988,50.543
tls,1989,50.260
tls,1990,49.821
tls,1991,49.131
tls,1992,48.208
tls,1993,46.700
tls,1994,45.109
tls,1995,43.646
tls,1996,42.115
tls,1997,40.487
tls,1998,38.731
tls,1999,37.373
tls,2000,36.266
tls,2001,33.554
tls,2002,32.124
tls,2003,30.610
tls,2004,29.078
tls,2005,27.599
tls,2006,26.297
tls,2007,25.128
tls,2008,23.835
tls,2009,22.720
tls,2010,21.813
tls,2011,20.965
tls,2012,20.274
tls,2013,19.552
tls,2014,18.966
tls,2015,18.425
tls,2016,17.837
tls,2017,17.300
tls,2018,16.794
tls,2019,16.250
tls,2020,15.712
tls,2021,15.181
tls,2022,14.709
tls,2023,14.240
tls,2024,13.690
ton,1990,7.7914
ton,1991,7.6148
ton,1992,7.3665
ton,1993,7.1137
ton,1994,6.8738
ton,1995,6.6722
ton,1996,6.5069
ton,1997,6.3657
ton,1998,6.1844
ton,1999,6.0628
ton,2000,5.9085
ton,2001,5.7641
ton,2002,5.6273
ton,2003,5.4853
ton,2004,5.3435
ton,2005,5.1554
ton,2006,4.9589
ton,2007,4.8000
ton,2008,4.6393
ton,2009,4.5029
ton,2010,4.3798
ton,2011,4.2676
ton,2012,4.1878
ton,2013,4.1113
ton,2014,4.0460
ton,2015,3.9606
ton,2016,3.8640
ton,2017,3.7477
ton,2018,3.5829
ton,2019,3.4162
ton,2020,3.2381
ton,2021,3.0807
ton,2022,2.9332
ton,2023,2.7778
ton,2024,2.6340
tto,1955,34.796
tto,1956,34.322
tto,1957,33.897
tto,1958,33.479
tto,1959,33.033
tto,1960,32.454
tto,1961,31.932
tto,1962,31.467
tto,1963,30.962
tto,1964,30.410
tto,1965,29.907
tto,1966,29.411
tto,1967,28.961
tto,1968,28.587
tto,1969,28.232
tto,1970,27.819
tto,1971,27.371
tto,1972,26.902
tto,1973,26.364
tto,1974,25.888
tto,1975,25.483
tto,1976,24.991
tto,1977,24.464
tto,1978,24.028
tto,1979,23.511
tto,1980,23.060
tto,1981,22.582
tto,1982,22.106
tto,1983,21.610
tto,1984,21.161
tto,1985,20.632
tto,1986,20.153
tto,1987,19.696
tto,1988,19.325
tto,1989,18.998
tto,1990,18.745
tto,1991,18.508
tto,1992,18.333
tto,1993,18.169
tto,1994,18.073
tto,1995,17.986
tto,1996,17.855
tto,1997,17.697
tto,1998,17.505
tto,1999,17.273
tto,2000,17.063
tto,2001,16.788
tto,2002,16.486
tto,2003,16.158
tto,2004,15.860
tto,2005,15.526
tto,2006,15.223
tto,2007,14.857
tto,2008,14.480
tto,2009,14.127
tto,2010,13.778
tto,2011,13.410
tto,2012,13.034
tto,2013,12.669
tto,2014,12.295
tto,2015,11.922
tto,2016,11.534
tto,2017,11.127
tto,2018,10.670
tto,2019,10.229
tto,2020,9.7830
tto,2021,9.3913
tto,2022,8.9788
tto,2023,8.5600
tto,2024,8.1363
tun,1966,42.555
tun,1967,42.377
tun,1968,42.349
tun,1969,42.089
tun,1970,41.793
tun,1971,41.401
tun,1972,40.572
tun,1973,39.709
tun,1974,38.817
tun,1975,37.719
tun,1976,36.701
tun,1977,35.432
tun,1978,34.157
tun,1979,32.923
tun,1980,31.762
tun,1981,30.839
tun,1982,29.923
tun,1983,29.022
tun,1984,28.160
tun,1985,27.359
tun,1986,26.597
tun,1987,25.886
tun,1988,25.239
tun,1989,24.634
tun,1990,24.038
tun,1991,23.554
tun,1992,23.017
tun,1993,22.369
tun,1994,21.670
tun,1995,20.930
tun,1996,20.076
tun,1997,19.198
tun,1998,18.273
tun,1999,17.020
tun,2000,15.849
tun,2001,14.817
tun,2002,13.996
tun,2003,13.288
tun,2004,12.724
tun,2005,12.266
tun,2006,11.966
tun,2007,11.722
tun,2008,11.535
tun,2009,11.379
tun,2010,11.237
tun,2011,11.155
tun,2012,11.111
tun,2013,11.149
tun,2014,11.256
tun,2015,11.420
tun,2016,11.569
tun,2017,11.588
tun,2018,11.419
tun,2019,11.011
tun,2020,10.387
tun,2021,9.6408
tun,2022,8.8464
tun,2023,8.0576
tun,2024,7.3654
tur,1956,57.121
tur,1957,57.149
tur,1958,57.004
tur,1959,56.673
tur,1960,56.325
tur,1961,55.933
tur,1962,55.214
tur,1963,54.616
tur,1964,53.840
tur,1965,53.141
tur,1966,52.443
tur,1967,51.940
tur,1968,51.497
tur,1969,51.011
tur,1970,50.628
tur,1971,50.207
tur,1972,49.618
tur,1973,49.089
tur,1974,48.301
tur,1975,47.457
tur,1976,46.464
tur,1977,45.278
tur,1978,44.129
tur,1979,42.816
tur,1980,41.516
tur,1981,40.345
tur,1982,39.148
tur,1983,37.968
tur,1984,36.822
tur,1985,35.657
tur,1986,34.506
tur,1987,33.379
tur,1988,32.374
tur,1989,31.305
tur,1990,30.214
tur,1991,28.991
tur,1992,27.681
tur,1993,26.323
tur,1994,24.921
tur,1995,23.553
tur,1996,22.188
tur,1997,20.904
tur,1998,19.731
tur,1999,18.651
tur,2000,17.606
tur,2001,16.646
tur,2002,15.447
tur,2003,14.294
tur,2004,13.241
tur,2005,12.275
tur,2006,11.389
tur,2007,10.560
tur,2008,9.7872
tur,2009,9.0708
tur,2010,8.4229
tur,2011,7.8621
tur,2012,7.3780
tur,2013,6.9514
tur,2014,6.5843
tur,2015,6.2650
tur,2016,5.9900
tur,2017,5.7452
tur,2018,5.5464
tur,2019,5.3482
tur,2020,5.1367
tur,2021,4.9026
tur,2022,4.6485
tur,2023,4.3845
tur,2024,4.1767
tuv,1990,22.616
tuv,1991,22.810
tuv,1992,23.036
tuv,1993,23.075
tuv,1994,23.209
tuv,1995,23.203
tuv,1996,23.050
tuv,1997,22.834
tuv,1998,22.470
tuv,1999,22.102
tuv,2000,21.712
tuv,2001,21.371
tuv,2002,21.134
tuv,2003,20.851
tuv,2004,20.498
tuv,2005,19.942
tuv,2006,19.148
tuv,2007,18.188
tuv,2008,16.841
tuv,2009,15.461
tuv,2010,14.090
tuv,2011,12.801
tuv,2012,11.725
tuv,2013,10.696
tuv,2014,9.7939
tuv,2015,8.9515
tuv,2016,8.1997
tuv,2017,7.4608
tuv,2018,6.8373
tuv,2019,6.2972
tuv,2020,5.8510
tuv,2021,5.4760
tuv,2022,5.1374
tuv,2023,4.8112
tuv,2024,4.5132
tza,1969,40.407
tza,1970,40.040
tza,1971,39.153
tza,1972,38.372
tza,1973,37.579
tza,1974,36.807
tza,1975,36.595
tza,1976,36.692
tza,1977,37.279
tza,1978,37.947
tza,1979,38.299
tza,1980,38.541
tza,1981,38.703
tza,1982,39.015
tza,1983,39.184
tza,1984,39.060
tza,1985,38.585
tza,1986,37.898
tza,1987,37.581
tza,1988,37.373
tza,1989,36.956
tza,1990,36.422
tza,1991,35.736
tza,1992,35.124
tza,1993,34.415
tza,1994,33.866
tza,1995,33.398
tza,1996,32.895
tza,1997,32.291
tza,1998,31.702
tza,1999,30.959
tza,2000,30.229
tza,2001,29.488
tza,2002,28.583
tza,2003,27.566
tza,2004,26.515
tza,2005,25.645
tza,2006,24.799
tza,2007,24.149
tza,2008,23.571
tza,2009,23.042
tza,2010,22.541
tza,2011,21.992
tza,2012,21.599
tza,2013,21.318
tza,2014,21.069
tza,2015,20.898
tza,2016,20.699
tza,2017,20.408
tza,2018,20.033
tza,2019,19.568
tza,2020,18.898
tza,2021,18.098
tza,2022,17.273
tza,2023,16.484
tza,2024,15.642
uga,1966,49.384
uga,1967,48.997
uga,1968,48.461
uga,1969,47.876
uga,1970,47.134
uga,1971,46.427
uga,1972,45.688
uga,1973,45.138
uga,1974,44.956
uga,1975,44.878
uga,1976,45.251
uga,1977,45.703
uga,1978,46.105
uga,1979,46.409
uga,1980,46.386
uga,1981,46.131
uga,1982,45.557
uga,1983,44.683
uga,1984,43.720
uga,1985,42.289
uga,1986,40.944
uga,1987,39.664
uga,1988,38.425
uga,1989,37.305
uga,1990,36.086
uga,1991,35.073
uga,1992,34.001
uga,1993,33.090
uga,1994,32.309
uga,1995,31.622
uga,1996,31.257
uga,1997,30.955
uga,1998,30.613
uga,1999,30.199
uga,2000,29.456
uga,2001,28.723
uga,2002,27.905
uga,2003,27.153
uga,2004,26.423
uga,2005,25.698
uga,2006,25.094
uga,2007,24.577
uga,2008,24.043
uga,2009,23.522
uga,2010,22.913
uga,2011,22.342
uga,2012,21.754
uga,2013,21.037
uga,2014,20.265
uga,2015,19.364
uga,2016,18.307
uga,2017,17.205
uga,2018,16.200
uga,2019,15.224
uga,2020,14.271
uga,2021,13.394
uga,2022,12.563
uga,2023,11.840
uga,2024,11.186
ukr,1985,11.382
ukr,1986,11.110
ukr,1987,10.823
ukr,1988,10.557
ukr,1989,10.316
ukr,1990,10.174
ukr,1991,10.008
ukr,1992,10.010
ukr,1993,10.048
ukr,1994,10.135
ukr,1995,10.302
ukr,1996,10.368
ukr,1997,10.406
ukr,1998,10.315
ukr,1999,10.137
ukr,2000,9.8022
ukr,2001,9.3091
ukr,2002,8.7901
ukr,2003,8.2308
ukr,2004,7.7117
ukr,2005,7.2651
ukr,2006,6.8012
ukr,2007,6.3862
ukr,2008,6.0755
ukr,2009,5.7730
ukr,2010,5.4639
ukr,2011,5.1773
ukr,2012,4.9035
ukr,2013,4.6663
ukr,2014,4.4533
ukr,2015,4.2435
ukr,2016,4.0635
ukr,2017,3.9159
ukr,2018,3.7886
ukr,2019,3.6802
ukr,2020,3.5827
ukr,2021,3.4964
ukr,2022,3.4283
ukr,2023,3.3606
ukr,2024,3.2774
unicef_eap,1991,25.493
unicef_eap,1992,25.247
unicef_eap,1993,24.926
unicef_eap,1994,24.489
unicef_eap,1995,23.814
unicef_eap,1996,23.305
unicef_eap,1997,22.450
unicef_eap,1998,21.606
unicef_eap,1999,20.806
unicef_eap,2000,20.003
unicef_eap,2001,19.207
unicef_eap,2002,18.251
unicef_eap,2003,17.249
unicef_eap,2004,16.062
unicef_eap,2005,15.092
unicef_eap,2006,14.187
unicef_eap,2007,13.308
unicef_eap,2008,12.492
unicef_eap,2009,11.736
unicef_eap,2010,11.017
unicef_eap,2011,10.403
unicef_eap,2012,9.8672
unicef_eap,2013,9.2255
unicef_eap,2014,8.7982
unicef_eap,2015,8.2854
unicef_eap,2016,7.9750
unicef_eap,2017,7.5042
unicef_eap,2018,7.1276
unicef_eap,2019,7.0527
unicef_eap,2020,6.8100
unicef_eap,2021,6.8576
unicef_eap,2022,6.7499
unicef_eap,2023,6.6354
unicef_eap,2024,6.4530
unicef_eapro,1991,26.663
unicef_eapro,1992,26.603
unicef_eapro,1993,26.356
unicef_eapro,1994,25.914
unicef_eapro,1995,25.262
unicef_eapro,1996,24.725
unicef_eapro,1997,23.852
unicef_eapro,1998,22.974
unicef_eapro,1999,22.141
unicef_eapro,2000,21.291
unicef_eapro,2001,20.422
unicef_eapro,2002,19.397
unicef_eapro,2003,18.306
unicef_eapro,2004,17.025
unicef_eapro,2005,15.974
unicef_eapro,2006,14.987
unicef_eapro,2007,14.060
unicef_eapro,2008,13.201
unicef_eapro,2009,12.387
unicef_eapro,2010,11.608
unicef_eapro,2011,10.962
unicef_eapro,2012,10.389
unicef_eapro,2013,9.6877
unicef_eapro,2014,9.2428
unicef_eapro,2015,8.6878
unicef_eapro,2016,8.3772
unicef_eapro,2017,7.8627
unicef_eapro,2018,7.4537
unicef_eapro,2019,7.4030
unicef_eapro,2020,7.1396
unicef_eapro,2021,7.2193
unicef_eapro,2022,7.1255
unicef_eapro,2023,7.0157
unicef_eapro,2024,6.8183
unicef_eca,1991,13.230
unicef_eca,1992,13.103
unicef_eca,1993,12.941
unicef_eca,1994,12.839
unicef_eca,1995,12.579
unicef_eca,1996,12.280
unicef_eca,1997,11.771
unicef_eca,1998,11.359
unicef_eca,1999,10.913
unicef_eca,2000,10.420
unicef_eca,2001,9.8546
unicef_eca,2002,9.4024
unicef_eca,2003,8.9201
unicef_eca,2004,8.4523
unicef_eca,2005,8.1091
unicef_eca,2006,7.7406
unicef_eca,2007,7.3695
unicef_eca,2008,6.9964
unicef_eca,2009,6.5920
unicef_eca,2010,6.2512
unicef_eca,2011,5.9586
unicef_eca,2012,5.7401
unicef_eca,2013,5.5344
unicef_eca,2014,5.3624
unicef_eca,2015,5.1488
unicef_eca,2016,4.9240
unicef_eca,2017,4.6885
unicef_eca,2018,4.5348
unicef_eca,2019,4.4301
unicef_eca,2020,4.3189
unicef_eca,2021,4.1800
unicef_eca,2022,4.0292
unicef_eca,2023,3.9162
unicef_eca,2024,3.8022
unicef_ecaro,1991,22.615
unicef_ecaro,1992,22.404
unicef_ecaro,1993,22.172
unicef_ecaro,1994,21.996
unicef_ecaro,1995,21.685
unicef_ecaro,1996,21.322
unicef_ecaro,1997,20.719
unicef_ecaro,1998,20.179
unicef_ecaro,1999,19.516
unicef_ecaro,2000,18.748
unicef_ecaro,2001,17.924
unicef_ecaro,2002,17.067
unicef_ecaro,2003,16.224
unicef_ecaro,2004,15.405
unicef_ecaro,2005,14.740
unicef_ecaro,2006,13.984
unicef_ecaro,2007,13.267
unicef_ecaro,2008,12.596
unicef_ecaro,2009,11.844
unicef_ecaro,2010,11.104
unicef_ecaro,2011,10.516
unicef_ecaro,2012,9.9407
unicef_ecaro,2013,9.3626
unicef_ecaro,2014,8.8873
unicef_ecaro,2015,8.4395
unicef_ecaro,2016,8.0672
unicef_ecaro,2017,7.6819
unicef_ecaro,2018,7.4089
unicef_ecaro,2019,7.1963
unicef_ecaro,2020,7.0144
unicef_ecaro,2021,6.7971
unicef_ecaro,2022,6.5767
unicef_ecaro,2023,6.4096
unicef_ecaro,2024,6.1832
unicef_eeca,1991,19.290
unicef_eeca,1992,19.355
unicef_eeca,1993,19.440
unicef_eeca,1994,19.586
unicef_eeca,1995,19.276
unicef_eeca,1996,18.981
unicef_eeca,1997,18.490
unicef_eeca,1998,18.043
unicef_eeca,1999,17.395
unicef_eeca,2000,16.759
unicef_eeca,2001,15.971
unicef_eeca,2002,15.125
unicef_eeca,2003,14.224
unicef_eeca,2004,13.358
unicef_eeca,2005,12.736
unicef_eeca,2006,12.120
unicef_eeca,2007,11.481
unicef_eeca,2008,10.725
unicef_eeca,2009,9.9808
unicef_eeca,2010,9.3344
unicef_eeca,2011,8.8692
unicef_eeca,2012,8.4595
unicef_eeca,2013,8.0112
unicef_eeca,2014,7.6584
unicef_eeca,2015,7.2640
unicef_eeca,2016,6.8791
unicef_eeca,2017,6.5061
unicef_eeca,2018,6.2893
unicef_eeca,2019,6.1038
unicef_eeca,2020,5.9407
unicef_eeca,2021,5.7009
unicef_eeca,2022,5.4777
unicef_eeca,2023,5.3000
unicef_eeca,2024,5.1025
unicef_esa,1991,40.966
unicef_esa,1992,40.643
unicef_esa,1993,40.274
unicef_esa,1994,39.658
unicef_esa,1995,39.355
unicef_esa,1996,38.600
unicef_esa,1997,38.083
unicef_esa,1998,37.513
unicef_esa,1999,36.881
unicef_esa,2000,36.035
unicef_esa,2001,35.286
unicef_esa,2002,34.453
unicef_esa,2003,33.617
unicef_esa,2004,32.752
unicef_esa,2005,31.966
unicef_esa,2006,31.237
unicef_esa,2007,30.550
unicef_esa,2008,29.916
unicef_esa,2009,29.222
unicef_esa,2010,28.617
unicef_esa,2011,27.987
unicef_esa,2012,27.443
unicef_esa,2013,26.688
unicef_esa,2014,26.068
unicef_esa,2015,25.581
unicef_esa,2016,25.099
unicef_esa,2017,24.629
unicef_esa,2018,24.125
unicef_esa,2019,23.553
unicef_esa,2020,23.027
unicef_esa,2021,22.426
unicef_esa,2022,21.870
unicef_esa,2023,21.287
unicef_esa,2024,20.695
unicef_esaro,1991,40.945
unicef_esaro,1992,40.619
unicef_esaro,1993,40.293
unicef_esaro,1994,39.686
unicef_esaro,1995,39.345
unicef_esaro,1996,38.591
unicef_esaro,1997,38.080
unicef_esaro,1998,37.536
unicef_esaro,1999,36.879
unicef_esaro,2000,36.020
unicef_esaro,2001,35.247
unicef_esaro,2002,34.393
unicef_esaro,2003,33.553
unicef_esaro,2004,32.672
unicef_esaro,2005,31.846
unicef_esaro,2006,31.110
unicef_esaro,2007,30.406
unicef_esaro,2008,29.787
unicef_esaro,2009,29.044
unicef_esaro,2010,28.426
unicef_esaro,2011,27.726
unicef_esaro,2012,27.205
unicef_esaro,2013,26.416
unicef_esaro,2014,25.767
unicef_esaro,2015,25.295
unicef_esaro,2016,24.823
unicef_esaro,2017,24.375
unicef_esaro,2018,23.866
unicef_esaro,2019,23.297
unicef_esaro,2020,22.753
unicef_esaro,2021,22.204
unicef_esaro,2022,21.637
unicef_esaro,2023,21.066
unicef_esaro,2024,20.459
unicef_lac,1991,21.406
unicef_lac,1992,20.781
unicef_lac,1993,20.209
unicef_lac,1994,19.569
unicef_lac,1995,18.966
unicef_lac,1996,18.309
unicef_lac,1997,17.634
unicef_lac,1998,16.959
unicef_lac,1999,16.356
unicef_lac,2000,15.766
unicef_lac,2001,15.142
unicef_lac,2002,14.484
unicef_lac,2003,13.847
unicef_lac,2004,13.272
unicef_lac,2005,12.778
unicef_lac,2006,12.333
unicef_lac,2007,11.955
unicef_lac,2008,11.632
unicef_lac,2009,11.347
unicef_lac,2010,11.080
unicef_lac,2011,10.832
unicef_lac,2012,10.533
unicef_lac,2013,10.275
unicef_lac,2014,10.013
unicef_lac,2015,9.7849
unicef_lac,2016,9.7690
unicef_lac,2017,9.8425
unicef_lac,2018,9.5136
unicef_lac,2019,9.3718
unicef_lac,2020,9.2326
unicef_lac,2021,9.0484
unicef_lac,2022,8.7523
unicef_lac,2023,8.3412
unicef_lac,2024,7.8999
unicef_lacro,1991,21.410
unicef_lacro,1992,20.785
unicef_lacro,1993,20.214
unicef_lacro,1994,19.573
unicef_lacro,1995,18.971
unicef_lacro,1996,18.314
unicef_lacro,1997,17.639
unicef_lacro,1998,16.964
unicef_lacro,1999,16.360
unicef_lacro,2000,15.770
unicef_lacro,2001,15.145
unicef_lacro,2002,14.487
unicef_lacro,2003,13.850
unicef_lacro,2004,13.273
unicef_lacro,2005,12.780
unicef_lacro,2006,12.335
unicef_lacro,2007,11.957
unicef_lacro,2008,11.633
unicef_lacro,2009,11.348
unicef_lacro,2010,11.081
unicef_lacro,2011,10.834
unicef_lacro,2012,10.534
unicef_lacro,2013,10.276
unicef_lacro,2014,10.014
unicef_lacro,2015,9.7855
unicef_lacro,2016,9.7691
unicef_lacro,2017,9.8428
unicef_lacro,2018,9.5136
unicef_lacro,2019,9.3717
unicef_lacro,2020,9.2328
unicef_lacro,2021,9.0481
unicef_lacro,2022,8.7521
unicef_lacro,2023,8.3407
unicef_lacro,2024,7.8991
unicef_mena,1991,26.129
unicef_mena,1992,25.610
unicef_mena,1993,25.023
unicef_mena,1994,24.530
unicef_mena,1995,24.071
unicef_mena,1996,23.600
unicef_mena,1997,23.053
unicef_mena,1998,22.549
unicef_mena,1999,21.985
unicef_mena,2000,21.378
unicef_mena,2001,20.767
unicef_mena,2002,20.158
unicef_mena,2003,19.552
unicef_mena,2004,18.998
unicef_mena,2005,18.437
unicef_mena,2006,17.827
unicef_mena,2007,17.197
unicef_mena,2008,16.504
unicef_mena,2009,15.825
unicef_mena,2010,15.204
unicef_mena,2011,14.596
unicef_mena,2012,14.020
unicef_mena,2013,13.507
unicef_mena,2014,12.980
unicef_mena,2015,12.482
unicef_mena,2016,12.035
unicef_mena,2017,11.631
unicef_mena,2018,11.307
unicef_mena,2019,11.107
unicef_mena,2020,10.958
unicef_mena,2021,10.702
unicef_mena,2022,10.420
unicef_mena,2023,10.113
unicef_mena,2024,9.7398
unicef_menaro,1991,28.018
unicef_menaro,1992,27.510
unicef_menaro,1993,26.992
unicef_menaro,1994,26.518
unicef_menaro,1995,26.110
unicef_menaro,1996,25.662
unicef_menaro,1997,25.168
unicef_menaro,1998,24.657
unicef_menaro,1999,24.095
unicef_menaro,2000,23.525
unicef_menaro,2001,22.929
unicef_menaro,2002,22.340
unicef_menaro,2003,21.734
unicef_menaro,2004,21.160
unicef_menaro,2005,20.593
unicef_menaro,2006,19.960
unicef_menaro,2007,19.288
unicef_menaro,2008,18.576
unicef_menaro,2009,17.891
unicef_menaro,2010,17.286
unicef_menaro,2011,16.702
unicef_menaro,2012,16.083
unicef_menaro,2013,15.512
unicef_menaro,2014,14.973
unicef_menaro,2015,14.451
unicef_menaro,2016,14.026
unicef_menaro,2017,13.631
unicef_menaro,2018,13.285
unicef_menaro,2019,13.107
unicef_menaro,2020,12.928
unicef_menaro,2021,12.625
unicef_menaro,2022,12.303
unicef_menaro,2023,11.920
unicef_menaro,2024,11.499
unicef_na,1991,5.4909
unicef_na,1992,5.2988
unicef_na,1993,5.1446
unicef_na,1994,5.0118
unicef_na,1995,4.8930
unicef_na,1996,4.7858
unicef_na,1997,4.6928
unicef_na,1998,4.6119
unicef_na,1999,4.5452
unicef_na,2000,4.4923
unicef_na,2001,4.4563
unicef_na,2002,4.4443
unicef_na,2003,4.4504
unicef_na,2004,4.4493
unicef_na,2005,4.4079
unicef_na,2006,4.3307
unicef_na,2007,4.2446
unicef_na,2008,4.1678
unicef_na,2009,4.0947
unicef_na,2010,4.0275
unicef_na,2011,3.9739
unicef_na,2012,3.9411
unicef_na,2013,3.9259
unicef_na,2014,3.9011
unicef_na,2015,3.8379
unicef_na,2016,3.7561
unicef_na,2017,3.6954
unicef_na,2018,3.6732
unicef_na,2019,3.6528
unicef_na,2020,3.6023
unicef_na,2021,3.5271
unicef_na,2022,3.4366
unicef_na,2023,3.3392
unicef_na,2024,3.2358
unicef_rosa,1991,56.450
unicef_rosa,1992,55.184
unicef_rosa,1993,54.007
unicef_rosa,1994,52.831
unicef_rosa,1995,51.708
unicef_rosa,1996,50.606
unicef_rosa,1997,49.417
unicef_rosa,1998,48.215
unicef_rosa,1999,46.925
unicef_rosa,2000,45.620
unicef_rosa,2001,44.280
unicef_rosa,2002,42.904
unicef_rosa,2003,41.576
unicef_rosa,2004,40.354
unicef_rosa,2005,39.118
unicef_rosa,2006,38.015
unicef_rosa,2007,37.026
unicef_rosa,2008,36.110
unicef_rosa,2009,35.204
unicef_rosa,2010,34.269
unicef_rosa,2011,33.331
unicef_rosa,2012,32.310
unicef_rosa,2013,31.301
unicef_rosa,2014,30.269
unicef_rosa,2015,29.309
unicef_rosa,2016,28.226
unicef_rosa,2017,27.116
unicef_rosa,2018,26.137
unicef_rosa,2019,24.984
unicef_rosa,2020,23.792
unicef_rosa,2021,22.676
unicef_rosa,2022,21.595
unicef_rosa,2023,20.595
unicef_rosa,2024,19.667
unicef_sa,1991,56.450
unicef_sa,1992,55.184
unicef_sa,1993,54.007
unicef_sa,1994,52.831
unicef_sa,1995,51.708
unicef_sa,1996,50.606
unicef_sa,1997,49.417
unicef_sa,1998,48.215
unicef_sa,1999,46.925
unicef_sa,2000,45.620
unicef_sa,2001,44.280
unicef_sa,2002,42.904
unicef_sa,2003,41.576
unicef_sa,2004,40.354
unicef_sa,2005,39.118
unicef_sa,2006,38.015
unicef_sa,2007,37.026
unicef_sa,2008,36.110
unicef_sa,2009,35.204
unicef_sa,2010,34.269
unicef_sa,2011,33.331
unicef_sa,2012,32.310
unicef_sa,2013,31.301
unicef_sa,2014,30.269
unicef_sa,2015,29.309
unicef_sa,2016,28.226
unicef_sa,2017,27.116
unicef_sa,2018,26.137
unicef_sa,2019,24.984
unicef_sa,2020,23.792
unicef_sa,2021,22.676
unicef_sa,2022,21.595
unicef_sa,2023,20.595
unicef_sa,2024,19.667
unicef_ssa,1991,43.713
unicef_ssa,1992,43.327
unicef_ssa,1993,43.002
unicef_ssa,1994,42.570
unicef_ssa,1995,42.274
unicef_ssa,1996,41.678
unicef_ssa,1997,41.163
unicef_ssa,1998,40.621
unicef_ssa,1999,39.967
unicef_ssa,2000,39.152
unicef_ssa,2001,38.352
unicef_ssa,2002,37.475
unicef_ssa,2003,36.635
unicef_ssa,2004,35.765
unicef_ssa,2005,34.942
unicef_ssa,2006,34.174
unicef_ssa,2007,33.437
unicef_ssa,2008,32.792
unicef_ssa,2009,32.105
unicef_ssa,2010,31.580
unicef_ssa,2011,31.009
unicef_ssa,2012,30.495
unicef_ssa,2013,29.898
unicef_ssa,2014,29.359
unicef_ssa,2015,28.900
unicef_ssa,2016,28.404
unicef_ssa,2017,27.920
unicef_ssa,2018,27.407
unicef_ssa,2019,26.753
unicef_ssa,2020,26.140
unicef_ssa,2021,25.487
unicef_ssa,2022,24.881
unicef_ssa,2023,24.294
unicef_ssa,2024,23.619
unicef_wca,1991,45.381
unicef_wca,1992,45.020
unicef_wca,1993,44.752
unicef_wca,1994,44.480
unicef_wca,1995,44.173
unicef_wca,1996,43.730
unicef_wca,1997,43.255
unicef_wca,1998,42.694
unicef_wca,1999,42.014
unicef_wca,2000,41.276
unicef_wca,2001,40.437
unicef_wca,2002,39.528
unicef_wca,2003,38.666
unicef_wca,2004,37.746
unicef_wca,2005,36.866
unicef_wca,2006,36.052
unicef_wca,2007,35.298
unicef_wca,2008,34.614
unicef_wca,2009,33.957
unicef_wca,2010,33.425
unicef_wca,2011,32.844
unicef_wca,2012,32.313
unicef_wca,2013,31.804
unicef_wca,2014,31.239
unicef_wca,2015,30.780
unicef_wca,2016,30.232
unicef_wca,2017,29.657
unicef_wca,2018,29.032
unicef_wca,2019,28.266
unicef_wca,2020,27.494
unicef_wca,2021,26.682
unicef_wca,2022,25.870
unicef_wca,2023,25.183
unicef_wca,2024,24.327
unicef_wcaro,1991,45.381
unicef_wcaro,1992,45.020
unicef_wcaro,1993,44.752
unicef_wcaro,1994,44.480
unicef_wcaro,1995,44.173
unicef_wcaro,1996,43.730
unicef_wcaro,1997,43.255
unicef_wcaro,1998,42.694
unicef_wcaro,1999,42.014
unicef_wcaro,2000,41.276
unicef_wcaro,2001,40.437
unicef_wcaro,2002,39.528
unicef_wcaro,2003,38.666
unicef_wcaro,2004,37.746
unicef_wcaro,2005,36.866
unicef_wcaro,2006,36.052
unicef_wcaro,2007,35.298
unicef_wcaro,2008,34.614
unicef_wcaro,2009,33.957
unicef_wcaro,2010,33.425
unicef_wcaro,2011,32.844
unicef_wcaro,2012,32.313
unicef_wcaro,2013,31.804
unicef_wcaro,2014,31.239
unicef_wcaro,2015,30.780
unicef_wcaro,2016,30.232
unicef_wcaro,2017,29.657
unicef_wcaro,2018,29.032
unicef_wcaro,2019,28.266
unicef_wcaro,2020,27.494
unicef_wcaro,2021,26.682
unicef_wcaro,2022,25.870
unicef_wcaro,2023,25.183
unicef_wcaro,2024,24.327
unicef_we,1991,5.3844
unicef_we,1992,5.2346
unicef_we,1993,5.0335
unicef_we,1994,4.8336
unicef_we,1995,4.6217
unicef_we,1996,4.3597
unicef_we,1997,4.1148
unicef_we,1998,3.8807
unicef_we,1999,3.6814
unicef_we,2000,3.5224
unicef_we,2001,3.3920
unicef_we,2002,3.2768
unicef_we,2003,3.1650
unicef_we,2004,3.0625
unicef_we,2005,2.9696
unicef_we,2006,2.8811
unicef_we,2007,2.7883
unicef_we,2008,2.7026
unicef_we,2009,2.6270
unicef_we,2010,2.5612
unicef_we,2011,2.5005
unicef_we,2012,2.4451
unicef_we,2013,2.3973
unicef_we,2014,2.3619
unicef_we,2015,2.3374
unicef_we,2016,2.3203
unicef_we,2017,2.3134
unicef_we,2018,2.3066
unicef_we,2019,2.2949
unicef_we,2020,2.2771
unicef_we,2021,2.2547
unicef_we,2022,2.2295
unicef_we,2023,2.2064
unicef_we,2024,2.1737
unsdg_australianewzealand,1991,4.4378
unsdg_australianewzealand,1992,4.2571
unsdg_australianewzealand,1993,4.0660
unsdg_australianewzealand,1994,3.8767
unsdg_australianewzealand,1995,3.7060
unsdg_australianewzealand,1996,3.5847
unsdg_australianewzealand,1997,3.5075
unsdg_australianewzealand,1998,3.4637
unsdg_australianewzealand,1999,3.4472
unsdg_australianewzealand,2000,3.4308
unsdg_australianewzealand,2001,3.4134
unsdg_australianewzealand,2002,3.3800
unsdg_australianewzealand,2003,3.3345
unsdg_australianewzealand,2004,3.2855
unsdg_australianewzealand,2005,3.2194
unsdg_australianewzealand,2006,3.1450
unsdg_australianewzealand,2007,3.0618
unsdg_australianewzealand,2008,2.9786
unsdg_australianewzealand,2009,2.9074
unsdg_australianewzealand,2010,2.8293
unsdg_australianewzealand,2011,2.7465
unsdg_australianewzealand,2012,2.6595
unsdg_australianewzealand,2013,2.5770
unsdg_australianewzealand,2014,2.5066
unsdg_australianewzealand,2015,2.4512
unsdg_australianewzealand,2016,2.4168
unsdg_australianewzealand,2017,2.3878
unsdg_australianewzealand,2018,2.3761
unsdg_australianewzealand,2019,2.3704
unsdg_australianewzealand,2020,2.3695
unsdg_australianewzealand,2021,2.3579
unsdg_australianewzealand,2022,2.3346
unsdg_australianewzealand,2023,2.2972
unsdg_australianewzealand,2024,2.2444
unsdg_centralasia,1991,25.401
unsdg_centralasia,1992,25.542
unsdg_centralasia,1993,25.779
unsdg_centralasia,1994,26.103
unsdg_centralasia,1995,26.329
unsdg_centralasia,1996,26.464
unsdg_centralasia,1997,26.406
unsdg_centralasia,1998,26.218
unsdg_centralasia,1999,25.887
unsdg_centralasia,2000,25.344
unsdg_centralasia,2001,24.698
unsdg_centralasia,2002,23.967
unsdg_centralasia,2003,23.118
unsdg_centralasia,2004,22.190
unsdg_centralasia,2005,21.308
unsdg_centralasia,2006,20.459
unsdg_centralasia,2007,19.553
unsdg_centralasia,2008,18.566
unsdg_centralasia,2009,17.480
unsdg_centralasia,2010,16.324
unsdg_centralasia,2011,15.226
unsdg_centralasia,2012,14.212
unsdg_centralasia,2013,13.245
unsdg_centralasia,2014,12.386
unsdg_centralasia,2015,11.625
unsdg_centralasia,2016,11.036
unsdg_centralasia,2017,10.459
unsdg_centralasia,2018,10.008
unsdg_centralasia,2019,9.5774
unsdg_centralasia,2020,9.1969
unsdg_centralasia,2021,8.7457
unsdg_centralasia,2022,8.3616
unsdg_centralasia,2023,8.0573
unsdg_centralasia,2024,7.6626
unsdg_centralasiasouthernasia,1991,53.856
unsdg_centralasiasouthernasia,1992,52.762
unsdg_centralasiasouthernasia,1993,51.772
unsdg_centralasiasouthernasia,1994,50.839
unsdg_centralasiasouthernasia,1995,49.971
unsdg_centralasiasouthernasia,1996,49.020
unsdg_centralasiasouthernasia,1997,48.013
unsdg_centralasiasouthernasia,1998,46.922
unsdg_centralasiasouthernasia,1999,45.719
unsdg_centralasiasouthernasia,2000,44.475
unsdg_centralasiasouthernasia,2001,43.188
unsdg_centralasiasouthernasia,2002,41.832
unsdg_centralasiasouthernasia,2003,40.513
unsdg_centralasiasouthernasia,2004,39.308
unsdg_centralasiasouthernasia,2005,38.065
unsdg_centralasiasouthernasia,2006,36.930
unsdg_centralasiasouthernasia,2007,35.900
unsdg_centralasiasouthernasia,2008,34.923
unsdg_centralasiasouthernasia,2009,33.977
unsdg_centralasiasouthernasia,2010,33.025
unsdg_centralasiasouthernasia,2011,32.051
unsdg_centralasiasouthernasia,2012,31.008
unsdg_centralasiasouthernasia,2013,29.964
unsdg_centralasiasouthernasia,2014,28.897
unsdg_centralasiasouthernasia,2015,27.878
unsdg_centralasiasouthernasia,2016,26.833
unsdg_centralasiasouthernasia,2017,25.768
unsdg_centralasiasouthernasia,2018,24.838
unsdg_centralasiasouthernasia,2019,23.783
unsdg_centralasiasouthernasia,2020,22.683
unsdg_centralasiasouthernasia,2021,21.611
unsdg_centralasiasouthernasia,2022,20.587
unsdg_centralasiasouthernasia,2023,19.657
unsdg_centralasiasouthernasia,2024,18.794
unsdg_easternasia,1991,24.930
unsdg_easternasia,1992,24.752
unsdg_easternasia,1993,24.565
unsdg_easternasia,1994,24.200
unsdg_easternasia,1995,23.520
unsdg_easternasia,1996,23.092
unsdg_easternasia,1997,22.138
unsdg_easternasia,1998,21.162
unsdg_easternasia,1999,20.271
unsdg_easternasia,2000,19.366
unsdg_easternasia,2001,18.530
unsdg_easternasia,2002,17.313
unsdg_easternasia,2003,16.059
unsdg_easternasia,2004,14.425
unsdg_easternasia,2005,13.161
unsdg_easternasia,2006,11.955
unsdg_easternasia,2007,10.795
unsdg_easternasia,2008,9.7461
unsdg_easternasia,2009,8.8406
unsdg_easternasia,2010,8.0181
unsdg_easternasia,2011,7.2993
unsdg_easternasia,2012,6.6630
unsdg_easternasia,2013,6.1288
unsdg_easternasia,2014,5.6193
unsdg_easternasia,2015,5.1431
unsdg_easternasia,2016,4.7037
unsdg_easternasia,2017,4.3267
unsdg_easternasia,2018,3.9748
unsdg_easternasia,2019,3.6564
unsdg_easternasia,2020,3.3785
unsdg_easternasia,2021,3.1367
unsdg_easternasia,2022,2.9300
unsdg_easternasia,2023,2.7313
unsdg_easternasia,2024,2.5457
unsdg_easternasiasoutheasternasia,1991,25.647
unsdg_easternasiasoutheasternasia,1992,25.408
unsdg_easternasiasoutheasternasia,1993,25.099
unsdg_easternasiasoutheasternasia,1994,24.666
unsdg_easternasiasoutheasternasia,1995,23.976
unsdg_easternasiasoutheasternasia,1996,23.461
unsdg_easternasiasoutheasternasia,1997,22.598
unsdg_easternasiasoutheasternasia,1998,21.738
unsdg_easternasiasoutheasternasia,1999,20.928
unsdg_easternasiasoutheasternasia,2000,20.115
unsdg_easternasiasoutheasternasia,2001,19.303
unsdg_easternasiasoutheasternasia,2002,18.334
unsdg_easternasiasoutheasternasia,2003,17.318
unsdg_easternasiasoutheasternasia,2004,16.106
unsdg_easternasiasoutheasternasia,2005,15.130
unsdg_easternasiasoutheasternasia,2006,14.213
unsdg_easternasiasoutheasternasia,2007,13.318
unsdg_easternasiasoutheasternasia,2008,12.494
unsdg_easternasiasoutheasternasia,2009,11.733
unsdg_easternasiasoutheasternasia,2010,10.995
unsdg_easternasiasoutheasternasia,2011,10.376
unsdg_easternasiasoutheasternasia,2012,9.8264
unsdg_easternasiasoutheasternasia,2013,9.1825
unsdg_easternasiasoutheasternasia,2014,8.7480
unsdg_easternasiasoutheasternasia,2015,8.2246
unsdg_easternasiasoutheasternasia,2016,7.9085
unsdg_easternasiasoutheasternasia,2017,7.4306
unsdg_easternasiasoutheasternasia,2018,7.0521
unsdg_easternasiasoutheasternasia,2019,6.9713
unsdg_easternasiasoutheasternasia,2020,6.7229
unsdg_easternasiasoutheasternasia,2021,6.7624
unsdg_easternasiasoutheasternasia,2022,6.6488
unsdg_easternasiasoutheasternasia,2023,6.5173
unsdg_easternasiasoutheasternasia,2024,6.3468
unsdg_europe,1991,7.6211
unsdg_europe,1992,7.4170
unsdg_europe,1993,7.2063
unsdg_europe,1994,7.0186
unsdg_europe,1995,6.8730
unsdg_europe,1996,6.6555
unsdg_europe,1997,6.3876
unsdg_europe,1998,6.1089
unsdg_europe,1999,5.8490
unsdg_europe,2000,5.5287
unsdg_europe,2001,5.2589
unsdg_europe,2002,5.0526
unsdg_europe,2003,4.8492
unsdg_europe,2004,4.6300
unsdg_europe,2005,4.4165
unsdg_europe,2006,4.2090
unsdg_europe,2007,3.9929
unsdg_europe,2008,3.7900
unsdg_europe,2009,3.5951
unsdg_europe,2010,3.4547
unsdg_europe,2011,3.3584
unsdg_europe,2012,3.3111
unsdg_europe,2013,3.2843
unsdg_europe,2014,3.2218
unsdg_europe,2015,3.1194
unsdg_europe,2016,2.9783
unsdg_europe,2017,2.8381
unsdg_europe,2018,2.7248
unsdg_europe,2019,2.6330
unsdg_europe,2020,2.5428
unsdg_europe,2021,2.4443
unsdg_europe,2022,2.3500
unsdg_europe,2023,2.2655
unsdg_europe,2024,2.2029
unsdg_europenorthernamr,1991,6.9566
unsdg_europenorthernamr,1992,6.7444
unsdg_europenorthernamr,1993,6.5334
unsdg_europenorthernamr,1994,6.3492
unsdg_europenorthernamr,1995,6.2028
unsdg_europenorthernamr,1996,6.0206
unsdg_europenorthernamr,1997,5.8088
unsdg_europenorthernamr,1998,5.5986
unsdg_europenorthernamr,1999,5.4034
unsdg_europenorthernamr,2000,5.1742
unsdg_europenorthernamr,2001,4.9864
unsdg_europenorthernamr,2002,4.8530
unsdg_europenorthernamr,2003,4.7283
unsdg_europenorthernamr,2004,4.5906
unsdg_europenorthernamr,2005,4.4358
unsdg_europenorthernamr,2006,4.2755
unsdg_europenorthernamr,2007,4.1115
unsdg_europenorthernamr,2008,3.9533
unsdg_europenorthernamr,2009,3.7975
unsdg_europenorthernamr,2010,3.6788
unsdg_europenorthernamr,2011,3.5922
unsdg_europenorthernamr,2012,3.5510
unsdg_europenorthernamr,2013,3.5258
unsdg_europenorthernamr,2014,3.4783
unsdg_europenorthernamr,2015,3.3909
unsdg_europenorthernamr,2016,3.2717
unsdg_europenorthernamr,2017,3.1593
unsdg_europenorthernamr,2018,3.0832
unsdg_europenorthernamr,2019,3.0214
unsdg_europenorthernamr,2020,2.9503
unsdg_europenorthernamr,2021,2.8577
unsdg_europenorthernamr,2022,2.7690
unsdg_europenorthernamr,2023,2.7011
unsdg_europenorthernamr,2024,2.6254
unsdg_lac,1991,21.406
unsdg_lac,1992,20.781
unsdg_lac,1993,20.209
unsdg_lac,1994,19.569
unsdg_lac,1995,18.966
unsdg_lac,1996,18.309
unsdg_lac,1997,17.634
unsdg_lac,1998,16.959
unsdg_lac,1999,16.356
unsdg_lac,2000,15.766
unsdg_lac,2001,15.142
unsdg_lac,2002,14.484
unsdg_lac,2003,13.847
unsdg_lac,2004,13.272
unsdg_lac,2005,12.778
unsdg_lac,2006,12.333
unsdg_lac,2007,11.955
unsdg_lac,2008,11.632
unsdg_lac,2009,11.347
unsdg_lac,2010,11.080
unsdg_lac,2011,10.832
unsdg_lac,2012,10.533
unsdg_lac,2013,10.275
unsdg_lac,2014,10.013
unsdg_lac,2015,9.7849
unsdg_lac,2016,9.7690
unsdg_lac,2017,9.8425
unsdg_lac,2018,9.5136
unsdg_lac,2019,9.3718
unsdg_lac,2020,9.2326
unsdg_lac,2021,9.0484
unsdg_lac,2022,8.7523
unsdg_lac,2023,8.3412
unsdg_lac,2024,7.8999
unsdg_ldc,1991,50.462
unsdg_ldc,1992,49.451
unsdg_ldc,1993,48.457
unsdg_ldc,1994,47.437
unsdg_ldc,1995,46.557
unsdg_ldc,1996,45.519
unsdg_ldc,1997,44.580
unsdg_ldc,1998,43.661
unsdg_ldc,1999,42.680
unsdg_ldc,2000,41.555
unsdg_ldc,2001,40.419
unsdg_ldc,2002,39.226
unsdg_ldc,2003,38.129
unsdg_ldc,2004,37.113
unsdg_ldc,2005,36.120
unsdg_ldc,2006,35.152
unsdg_ldc,2007,34.230
unsdg_ldc,2008,33.355
unsdg_ldc,2009,32.513
unsdg_ldc,2010,31.708
unsdg_ldc,2011,30.892
unsdg_ldc,2012,30.182
unsdg_ldc,2013,29.373
unsdg_ldc,2014,28.642
unsdg_ldc,2015,28.001
unsdg_ldc,2016,27.353
unsdg_ldc,2017,26.715
unsdg_ldc,2018,26.061
unsdg_ldc,2019,25.367
unsdg_ldc,2020,24.735
unsdg_ldc,2021,24.125
unsdg_ldc,2022,23.529
unsdg_ldc,2023,23.007
unsdg_ldc,2024,22.427
unsdg_lldc,1991,45.510
unsdg_lldc,1992,44.921
unsdg_lldc,1993,44.517
unsdg_lldc,1994,44.241
unsdg_lldc,1995,43.965
unsdg_lldc,1996,43.304
unsdg_lldc,1997,42.779
unsdg_lldc,1998,42.176
unsdg_lldc,1999,41.502
unsdg_lldc,2000,40.569
unsdg_lldc,2001,39.655
unsdg_lldc,2002,38.643
unsdg_lldc,2003,37.663
unsdg_lldc,2004,36.771
unsdg_lldc,2005,35.860
unsdg_lldc,2006,34.987
unsdg_lldc,2007,34.126
unsdg_lldc,2008,33.237
unsdg_lldc,2009,32.337
unsdg_lldc,2010,31.555
unsdg_lldc,2011,30.621
unsdg_lldc,2012,29.795
unsdg_lldc,2013,28.980
unsdg_lldc,2014,28.187
unsdg_lldc,2015,27.497
unsdg_lldc,2016,26.836
unsdg_lldc,2017,26.185
unsdg_lldc,2018,25.528
unsdg_lldc,2019,24.738
unsdg_lldc,2020,24.042
unsdg_lldc,2021,23.285
unsdg_lldc,2022,22.579
unsdg_lldc,2023,22.026
unsdg_lldc,2024,21.355
unsdg_northafr,1991,32.100
unsdg_northafr,1992,31.293
unsdg_northafr,1993,30.468
unsdg_northafr,1994,29.729
unsdg_northafr,1995,29.005
unsdg_northafr,1996,28.365
unsdg_northafr,1997,27.736
unsdg_northafr,1998,27.040
unsdg_northafr,1999,26.353
unsdg_northafr,2000,25.685
unsdg_northafr,2001,25.033
unsdg_northafr,2002,24.367
unsdg_northafr,2003,23.720
unsdg_northafr,2004,23.084
unsdg_northafr,2005,22.490
unsdg_northafr,2006,21.790
unsdg_northafr,2007,21.005
unsdg_northafr,2008,20.297
unsdg_northafr,2009,19.582
unsdg_northafr,2010,18.908
unsdg_northafr,2011,18.245
unsdg_northafr,2012,17.550
unsdg_northafr,2013,16.821
unsdg_northafr,2014,16.092
unsdg_northafr,2015,15.425
unsdg_northafr,2016,14.859
unsdg_northafr,2017,14.441
unsdg_northafr,2018,14.013
unsdg_northafr,2019,13.761
unsdg_northafr,2020,13.436
unsdg_northafr,2021,12.991
unsdg_northafr,2022,12.585
unsdg_northafr,2023,12.091
unsdg_northafr,2024,11.612
unsdg_northernamr,1991,5.4909
unsdg_northernamr,1992,5.2988
unsdg_northernamr,1993,5.1446
unsdg_northernamr,1994,5.0118
unsdg_northernamr,1995,4.8930
unsdg_northernamr,1996,4.7858
unsdg_northernamr,1997,4.6928
unsdg_northernamr,1998,4.6119
unsdg_northernamr,1999,4.5452
unsdg_northernamr,2000,4.4923
unsdg_northernamr,2001,4.4563
unsdg_northernamr,2002,4.4443
unsdg_northernamr,2003,4.4504
unsdg_northernamr,2004,4.4493
unsdg_northernamr,2005,4.4079
unsdg_northernamr,2006,4.3307
unsdg_northernamr,2007,4.2446
unsdg_northernamr,2008,4.1678
unsdg_northernamr,2009,4.0947
unsdg_northernamr,2010,4.0275
unsdg_northernamr,2011,3.9739
unsdg_northernamr,2012,3.9411
unsdg_northernamr,2013,3.9259
unsdg_northernamr,2014,3.9011
unsdg_northernamr,2015,3.8379
unsdg_northernamr,2016,3.7561
unsdg_northernamr,2017,3.6954
unsdg_northernamr,2018,3.6732
unsdg_northernamr,2019,3.6528
unsdg_northernamr,2020,3.6023
unsdg_northernamr,2021,3.5271
unsdg_northernamr,2022,3.4366
unsdg_northernamr,2023,3.3392
unsdg_northernamr,2024,3.2358
unsdg_oceania,1991,12.191
unsdg_oceania,1992,12.265
unsdg_oceania,1993,12.201
unsdg_oceania,1994,12.291
unsdg_oceania,1995,12.300
unsdg_oceania,1996,12.314
unsdg_oceania,1997,12.376
unsdg_oceania,1998,12.443
unsdg_oceania,1999,12.537
unsdg_oceania,2000,12.490
unsdg_oceania,2001,12.419
unsdg_oceania,2002,12.406
unsdg_oceania,2003,12.261
unsdg_oceania,2004,12.136
unsdg_oceania,2005,11.938
unsdg_oceania,2006,11.687
unsdg_oceania,2007,11.498
unsdg_oceania,2008,11.061
unsdg_oceania,2009,10.782
unsdg_oceania,2010,10.616
unsdg_oceania,2011,10.389
unsdg_oceania,2012,10.179
unsdg_oceania,2013,9.8718
unsdg_oceania,2014,9.6435
unsdg_oceania,2015,9.4550
unsdg_oceania,2016,9.0972
unsdg_oceania,2017,8.8281
unsdg_oceania,2018,8.5763
unsdg_oceania,2019,8.3054
unsdg_oceania,2020,8.1184
unsdg_oceania,2021,7.9605
unsdg_oceania,2022,7.6077
unsdg_oceania,2023,7.3243
unsdg_oceania,2024,7.0064
unsdg_oceaniaexausnzl,1991,24.320
unsdg_oceaniaexausnzl,1992,24.511
unsdg_oceaniaexausnzl,1993,24.628
unsdg_oceaniaexausnzl,1994,24.681
unsdg_oceaniaexausnzl,1995,24.590
unsdg_oceaniaexausnzl,1996,24.407
unsdg_oceaniaexausnzl,1997,24.290
unsdg_oceaniaexausnzl,1998,24.150
unsdg_oceaniaexausnzl,1999,23.952
unsdg_oceaniaexausnzl,2000,23.651
unsdg_oceaniaexausnzl,2001,23.274
unsdg_oceaniaexausnzl,2002,22.902
unsdg_oceaniaexausnzl,2003,22.486
unsdg_oceaniaexausnzl,2004,22.174
unsdg_oceaniaexausnzl,2005,21.834
unsdg_oceaniaexausnzl,2006,21.546
unsdg_oceaniaexausnzl,2007,21.323
unsdg_oceaniaexausnzl,2008,20.978
unsdg_oceaniaexausnzl,2009,20.575
unsdg_oceaniaexausnzl,2010,20.106
unsdg_oceaniaexausnzl,2011,19.657
unsdg_oceaniaexausnzl,2012,19.140
unsdg_oceaniaexausnzl,2013,18.597
unsdg_oceaniaexausnzl,2014,18.012
unsdg_oceaniaexausnzl,2015,17.397
unsdg_oceaniaexausnzl,2016,16.796
unsdg_oceaniaexausnzl,2017,16.283
unsdg_oceaniaexausnzl,2018,15.687
unsdg_oceaniaexausnzl,2019,15.185
unsdg_oceaniaexausnzl,2020,14.603
unsdg_oceaniaexausnzl,2021,14.045
unsdg_oceaniaexausnzl,2022,13.496
unsdg_oceaniaexausnzl,2023,12.937
unsdg_oceaniaexausnzl,2024,12.326
unsdg_sids,1991,25.122
unsdg_sids,1992,24.777
unsdg_sids,1993,24.464
unsdg_sids,1994,24.210
unsdg_sids,1995,23.931
unsdg_sids,1996,23.610
unsdg_sids,1997,23.370
unsdg_sids,1998,22.924
unsdg_sids,1999,22.679
unsdg_sids,2000,22.375
unsdg_sids,2001,21.891
unsdg_sids,2002,21.763
unsdg_sids,2003,21.523
unsdg_sids,2004,21.521
unsdg_sids,2005,21.511
unsdg_sids,2006,21.503
unsdg_sids,2007,21.497
unsdg_sids,2008,21.279
unsdg_sids,2009,20.907
unsdg_sids,2010,20.556
unsdg_sids,2011,20.562
unsdg_sids,2012,19.967
unsdg_sids,2013,19.666
unsdg_sids,2014,19.403
unsdg_sids,2015,19.028
unsdg_sids,2016,18.658
unsdg_sids,2017,18.332
unsdg_sids,2018,17.878
unsdg_sids,2019,17.441
unsdg_sids,2020,17.019
unsdg_sids,2021,16.614
unsdg_sids,2022,16.205
unsdg_sids,2023,15.700
unsdg_sids,2024,15.181
unsdg_southasia,1991,54.879
unsdg_southasia,1992,53.740
unsdg_southasia,1993,52.682
unsdg_southasia,1994,51.676
unsdg_southasia,1995,50.736
unsdg_southasia,1996,49.745
unsdg_southasia,1997,48.655
unsdg_southasia,1998,47.507
unsdg_southasia,1999,46.251
unsdg_southasia,2000,44.985
unsdg_southasia,2001,43.663
unsdg_southasia,2002,42.279
unsdg_southasia,2003,40.959
unsdg_southasia,2004,39.750
unsdg_southasia,2005,38.506
unsdg_southasia,2006,37.378
unsdg_southasia,2007,36.371
unsdg_southasia,2008,35.445
unsdg_southasia,2009,34.532
unsdg_southasia,2010,33.601
unsdg_southasia,2011,32.641
unsdg_southasia,2012,31.614
unsdg_southasia,2013,30.587
unsdg_southasia,2014,29.545
unsdg_southasia,2015,28.552
unsdg_southasia,2016,27.499
unsdg_southasia,2017,26.410
unsdg_southasia,2018,25.448
unsdg_southasia,2019,24.397
unsdg_southasia,2020,23.268
unsdg_southasia,2021,22.205
unsdg_southasia,2022,21.153
unsdg_southasia,2023,20.181
unsdg_southasia,2024,19.276
unsdg_southeasternasia,1991,26.354
unsdg_southeasternasia,1992,25.744
unsdg_southeasternasia,1993,25.150
unsdg_southeasternasia,1994,24.554
unsdg_southeasternasia,1995,23.942
unsdg_southeasternasia,1996,23.280
unsdg_southeasternasia,1997,22.638
unsdg_southeasternasia,1998,21.954
unsdg_southeasternasia,1999,21.273
unsdg_southeasternasia,2000,20.573
unsdg_southeasternasia,2001,19.852
unsdg_southeasternasia,2002,19.232
unsdg_southeasternasia,2003,18.655
unsdg_southeasternasia,2004,18.096
unsdg_southeasternasia,2005,17.643
unsdg_southeasternasia,2006,17.196
unsdg_southeasternasia,2007,16.770
unsdg_southeasternasia,2008,16.359
unsdg_southeasternasia,2009,15.951
unsdg_southeasternasia,2010,15.419
unsdg_southeasternasia,2011,14.954
unsdg_southeasternasia,2012,14.456
unsdg_southeasternasia,2013,13.968
unsdg_southeasternasia,2014,13.518
unsdg_southeasternasia,2015,13.064
unsdg_southeasternasia,2016,12.686
unsdg_southeasternasia,2017,12.343
unsdg_southeasternasia,2018,12.025
unsdg_southeasternasia,2019,11.702
unsdg_southeasternasia,2020,11.346
unsdg_southeasternasia,2021,10.982
unsdg_southeasternasia,2022,10.619
unsdg_southeasternasia,2023,10.224
unsdg_southeasternasia,2024,9.8480
unsdg_subsaharanafrica,1991,43.782
unsdg_subsaharanafrica,1992,43.413
unsdg_subsaharanafrica,1993,43.084
unsdg_subsaharanafrica,1994,42.653
unsdg_subsaharanafrica,1995,42.379
unsdg_subsaharanafrica,1996,41.771
unsdg_subsaharanafrica,1997,41.255
unsdg_subsaharanafrica,1998,40.704
unsdg_subsaharanafrica,1999,40.066
unsdg_subsaharanafrica,2000,39.238
unsdg_subsaharanafrica,2001,38.414
unsdg_subsaharanafrica,2002,37.539
unsdg_subsaharanafrica,2003,36.692
unsdg_subsaharanafrica,2004,35.824
unsdg_subsaharanafrica,2005,34.983
unsdg_subsaharanafrica,2006,34.199
unsdg_subsaharanafrica,2007,33.466
unsdg_subsaharanafrica,2008,32.812
unsdg_subsaharanafrica,2009,32.122
unsdg_subsaharanafrica,2010,31.583
unsdg_subsaharanafrica,2011,31.008
unsdg_subsaharanafrica,2012,30.493
unsdg_subsaharanafrica,2013,29.893
unsdg_subsaharanafrica,2014,29.344
unsdg_subsaharanafrica,2015,28.870
unsdg_subsaharanafrica,2016,28.390
unsdg_subsaharanafrica,2017,27.906
unsdg_subsaharanafrica,2018,27.392
unsdg_subsaharanafrica,2019,26.724
unsdg_subsaharanafrica,2020,26.099
unsdg_subsaharanafrica,2021,25.457
unsdg_subsaharanafrica,2022,24.818
unsdg_subsaharanafrica,2023,24.243
unsdg_subsaharanafrica,2024,23.594
unsdg_westernasia,1991,26.612
unsdg_westernasia,1992,25.931
unsdg_westernasia,1993,25.109
unsdg_westernasia,1994,24.368
unsdg_westernasia,1995,23.581
unsdg_westernasia,1996,22.853
unsdg_westernasia,1997,22.065
unsdg_westernasia,1998,21.453
unsdg_westernasia,1999,20.778
unsdg_westernasia,2000,20.113
unsdg_westernasia,2001,19.451
unsdg_westernasia,2002,18.731
unsdg_westernasia,2003,18.053
unsdg_westernasia,2004,17.413
unsdg_westernasia,2005,16.833
unsdg_westernasia,2006,16.194
unsdg_westernasia,2007,15.588
unsdg_westernasia,2008,14.876
unsdg_westernasia,2009,14.248
unsdg_westernasia,2010,13.734
unsdg_westernasia,2011,13.287
unsdg_westernasia,2012,12.855
unsdg_westernasia,2013,12.454
unsdg_westernasia,2014,12.138
unsdg_westernasia,2015,11.761
unsdg_westernasia,2016,11.428
unsdg_westernasia,2017,11.079
unsdg_westernasia,2018,10.801
unsdg_westernasia,2019,10.612
unsdg_westernasia,2020,10.491
unsdg_westernasia,2021,10.373
unsdg_westernasia,2022,10.171
unsdg_westernasia,2023,9.9473
unsdg_westernasia,2024,9.5888
unsdg_westernasianorthernafr,1991,29.744
unsdg_westernasianorthernafr,1992,28.984
unsdg_westernasianorthernafr,1993,28.150
unsdg_westernasianorthernafr,1994,27.376
unsdg_westernasianorthernafr,1995,26.606
unsdg_westernasianorthernafr,1996,25.887
unsdg_westernasianorthernafr,1997,25.163
unsdg_westernasianorthernafr,1998,24.505
unsdg_westernasianorthernafr,1999,23.789
unsdg_westernasianorthernafr,2000,23.127
unsdg_westernasianorthernafr,2001,22.495
unsdg_westernasianorthernafr,2002,21.813
unsdg_westernasianorthernafr,2003,21.161
unsdg_westernasianorthernafr,2004,20.527
unsdg_westernasianorthernafr,2005,19.948
unsdg_westernasianorthernafr,2006,19.294
unsdg_westernasianorthernafr,2007,18.596
unsdg_westernasianorthernafr,2008,17.892
unsdg_westernasianorthernafr,2009,17.228
unsdg_westernasianorthernafr,2010,16.635
unsdg_westernasianorthernafr,2011,16.101
unsdg_westernasianorthernafr,2012,15.538
unsdg_westernasianorthernafr,2013,14.991
unsdg_westernasianorthernafr,2014,14.474
unsdg_westernasianorthernafr,2015,13.941
unsdg_westernasianorthernafr,2016,13.521
unsdg_westernasianorthernafr,2017,13.140
unsdg_westernasianorthernafr,2018,12.803
unsdg_westernasianorthernafr,2019,12.599
unsdg_westernasianorthernafr,2020,12.410
unsdg_westernasianorthernafr,2021,12.141
unsdg_westernasianorthernafr,2022,11.849
unsdg_westernasianorthernafr,2023,11.514
unsdg_westernasianorthernafr,2024,11.104
ury,1971,20.788
ury,1972,21.894
ury,1973,23.403
ury,1974,24.234
ury,1975,23.790
ury,1976,22.431
ury,1977,20.918
ury,1978,19.343
ury,1979,17.326
ury,1980,15.706
ury,1981,14.356
ury,1982,13.113
ury,1983,11.949
ury,1984,11.079
ury,1985,10.612
ury,1986,10.340
ury,1987,10.067
ury,1988,9.7863
ury,1989,9.5902
ury,1990,9.5702
ury,1991,9.8014
ury,1992,10.142
ury,1993,10.601
ury,1994,10.617
ury,1995,10.161
ury,1996,9.5086
ury,1997,8.8887
ury,1998,8.4547
ury,1999,8.1227
ury,2000,7.9181
ury,2001,7.7830
ury,2002,7.6819
ury,2003,7.6081
ury,2004,7.4491
ury,2005,7.1478
ury,2006,6.7064
ury,2007,6.1572
ury,2008,5.5861
ury,2009,5.0651
ury,2010,4.7061
ury,2011,4.4780
ury,2012,4.4327
ury,2013,4.5490
ury,2014,4.6543
ury,2015,4.6822
ury,2016,4.6285
ury,2017,4.5724
ury,2018,4.5576
ury,2019,4.5315
ury,2020,4.4875
ury,2021,4.3756
ury,2022,4.1851
ury,2023,3.8925
ury,2024,3.5230
usa,1969,15.573
usa,1970,15.092
usa,1971,14.686
usa,1972,14.115
usa,1973,13.328
usa,1974,12.513
usa,1975,11.848
usa,1976,11.266
usa,1977,10.620
usa,1978,9.8849
usa,1979,9.1765
usa,1980,8.6102
usa,1981,8.1785
usa,1982,7.8255
usa,1983,7.5195
usa,1984,7.2525
usa,1985,7.0053
usa,1986,6.7727
usa,1987,6.5458
usa,1988,6.3114
usa,1989,6.0713
usa,1990,5.8337
usa,1991,5.6061
usa,1992,5.4079
usa,1993,5.2456
usa,1994,5.1055
usa,1995,4.9792
usa,1996,4.8643
usa,1997,4.7647
usa,1998,4.6834
usa,1999,4.6167
usa,2000,4.5610
usa,2001,4.5199
usa,2002,4.5015
usa,2003,4.5026
usa,2004,4.4967
usa,2005,4.4498
usa,2006,4.3713
usa,2007,4.2817
usa,2008,4.2032
usa,2009,4.1274
usa,2010,4.0566
usa,2011,4.0001
usa,2012,3.9662
usa,2013,3.9531
usa,2014,3.9302
usa,2015,3.8652
usa,2016,3.7812
usa,2017,3.7184
usa,2018,3.6969
usa,2019,3.6766
usa,2020,3.6221
usa,2021,3.5409
usa,2022,3.4420
usa,2023,3.3364
usa,2024,3.2263
uzb,1990,25.914
uzb,1991,25.988
uzb,1992,26.069
uzb,1993,26.125
uzb,1994,26.267
uzb,1995,26.415
uzb,1996,26.357
uzb,1997,26.218
uzb,1998,25.931
uzb,1999,25.599
uzb,2000,25.081
uzb,2001,24.415
uzb,2002,23.584
uzb,2003,22.620
uzb,2004,21.639
uzb,2005,20.548
uzb,2006,19.516
uzb,2007,18.474
uzb,2008,17.462
uzb,2009,16.391
uzb,2010,15.067
uzb,2011,13.897
uzb,2012,12.898
uzb,2013,11.935
uzb,2014,11.167
uzb,2015,10.477
uzb,2016,9.8402
uzb,2017,9.2802
uzb,2018,8.7637
uzb,2019,8.3205
uzb,2020,7.8822
uzb,2021,7.4946
uzb,2022,7.1543
uzb,2023,6.8376
uzb,2024,6.5029
vct,1971,19.123
vct,1972,19.972
vct,1973,20.303
vct,1974,20.322
vct,1975,20.140
vct,1976,20.122
vct,1977,20.366
vct,1978,20.474
vct,1979,20.246
vct,1980,19.582
vct,1981,18.514
vct,1982,17.284
vct,1983,16.141
vct,1984,15.391
vct,1985,14.638
vct,1986,13.741
vct,1987,13.005
vct,1988,12.380
vct,1989,11.928
vct,1990,11.588
vct,1991,11.339
vct,1992,11.194
vct,1993,11.144
vct,1994,11.253
vct,1995,11.408
vct,1996,11.590
vct,1997,11.793
vct,1998,11.893
vct,1999,11.951
vct,2000,11.997
vct,2001,12.051
vct,2002,12.092
vct,2003,12.146
vct,2004,12.211
vct,2005,12.272
vct,2006,12.258
vct,2007,12.231
vct,2008,12.128
vct,2009,12.013
vct,2010,11.831
vct,2011,11.489
vct,2012,11.058
vct,2013,10.483
vct,2014,9.8589
vct,2015,9.1778
vct,2016,8.4888
vct,2017,7.8103
vct,2018,7.1664
vct,2019,6.5512
vct,2020,5.9659
vct,2021,5.4370
vct,2022,4.9887
vct,2023,4.5736
vct,2024,4.2263
ven,1990,11.685
ven,1991,12.068
ven,1992,12.904
ven,1993,13.683
ven,1994,13.725
ven,1995,13.091
ven,1996,12.171
ven,1997,11.311
ven,1998,10.706
ven,1999,10.513
ven,2000,10.504
ven,2001,10.267
ven,2002,9.7558
ven,2003,9.3403
ven,2004,9.3896
ven,2005,9.6785
ven,2006,9.8440
ven,2007,9.7743
ven,2008,9.6655
ven,2009,9.7404
ven,2010,9.9950
ven,2011,10.253
ven,2012,10.459
ven,2013,10.619
ven,2014,10.817
ven,2015,10.948
ven,2016,13.938
ven,2017,14.043
ven,2018,13.664
ven,2019,13.122
ven,2020,12.505
ven,2021,11.865
ven,2022,11.336
ven,2023,10.821
ven,2024,10.433
vgb,1990,9.3491
vgb,1991,8.8421
vgb,1992,8.3475
vgb,1993,7.9236
vgb,1994,7.5764
vgb,1995,7.2425
vgb,1996,6.9467
vgb,1997,6.6712
vgb,1998,6.4533
vgb,1999,6.2594
vgb,2000,6.0701
vgb,2001,5.8979
vgb,2002,5.7638
vgb,2003,5.6415
vgb,2004,5.5046
vgb,2005,5.4032
vgb,2006,5.3030
vgb,2007,5.2360
vgb,2008,5.1750
vgb,2009,5.1072
vgb,2010,5.0274
vgb,2011,4.9497
vgb,2012,4.8481
vgb,2013,4.7457
vgb,2014,4.6086
vgb,2015,4.4805
vgb,2016,4.3472
vgb,2017,4.2054
vgb,2018,4.0257
vgb,2019,3.8420
vgb,2020,3.6521
vgb,2021,3.4788
vgb,2022,3.2967
vgb,2023,3.1357
vgb,2024,2.9624
vnm,1975,23.774
vnm,1976,23.370
vnm,1977,23.165
vnm,1978,22.918
vnm,1979,22.774
vnm,1980,22.532
vnm,1981,22.271
vnm,1982,22.050
vnm,1983,21.952
vnm,1984,21.992
vnm,1985,21.962
vnm,1986,21.965
vnm,1987,21.874
vnm,1988,21.816
vnm,1989,21.685
vnm,1990,21.381
vnm,1991,20.943
vnm,1992,20.324
vnm,1993,19.724
vnm,1994,19.003
vnm,1995,18.221
vnm,1996,17.336
vnm,1997,16.386
vnm,1998,15.240
vnm,1999,14.147
vnm,2000,13.194
vnm,2001,12.396
vnm,2002,11.762
vnm,2003,11.259
vnm,2004,10.833
vnm,2005,10.547
vnm,2006,10.367
vnm,2007,10.228
vnm,2008,10.167
vnm,2009,10.157
vnm,2010,10.133
vnm,2011,10.125
vnm,2012,10.045
vnm,2013,9.9067
vnm,2014,9.7723
vnm,2015,9.6099
vnm,2016,9.4551
vnm,2017,9.2836
vnm,2018,9.1161
vnm,2019,8.9542
vnm,2020,8.7559
vnm,2021,8.5665
vnm,2022,8.3238
vnm,2023,8.0301
vnm,2024,7.7229
vut,1990,11.164
vut,1991,11.689
vut,1992,12.034
vut,1993,12.325
vut,1994,12.426
vut,1995,12.473
vut,1996,12.547
vut,1997,12.546
vut,1998,12.538
vut,1999,12.388
vut,2000,12.046
vut,2001,11.244
vut,2002,9.0693
vut,2003,6.7355
vut,2004,6.1059
vut,2005,6.4608
vut,2006,7.1150
vut,2007,7.1834
vut,2008,6.8283
vut,2009,6.2917
vut,2010,5.9660
vut,2011,6.1138
vut,2012,6.4927
vut,2013,7.1881
vut,2014,7.7616
vut,2015,8.1078
vut,2016,8.1223
vut,2017,7.9857
vut,2018,7.7264
vut,2019,7.3434
vut,2020,6.8384
vut,2021,6.3033
vut,2022,5.5233
vut,2023,4.9600
vut,2024,4.6225
wb_hi,1991,6.6058
wb_hi,1992,6.3584
wb_hi,1993,6.1322
wb_hi,1994,5.9120
wb_hi,1995,5.7251
wb_hi,1996,5.5223
wb_hi,1997,5.2984
wb_hi,1998,5.0989
wb_hi,1999,4.9194
wb_hi,2000,4.7430
wb_hi,2001,4.5892
wb_hi,2002,4.4714
wb_hi,2003,4.3596
wb_hi,2004,4.2401
wb_hi,2005,4.1045
wb_hi,2006,3.9705
wb_hi,2007,3.8173
wb_hi,2008,3.6762
wb_hi,2009,3.5325
wb_hi,2010,3.4269
wb_hi,2011,3.3501
wb_hi,2012,3.3162
wb_hi,2013,3.2937
wb_hi,2014,3.2552
wb_hi,2015,3.1827
wb_hi,2016,3.0806
wb_hi,2017,2.9878
wb_hi,2018,2.9202
wb_hi,2019,2.8609
wb_hi,2020,2.7952
wb_hi,2021,2.7087
wb_hi,2022,2.6297
wb_hi,2023,2.5784
wb_hi,2024,2.5122
wb_li,1991,46.559
wb_li,1992,45.966
wb_li,1993,45.419
wb_li,1994,44.790
wb_li,1995,44.282
wb_li,1996,43.960
wb_li,1997,43.306
wb_li,1998,42.657
wb_li,1999,41.976
wb_li,2000,41.043
wb_li,2001,40.119
wb_li,2002,39.135
wb_li,2003,38.238
wb_li,2004,37.044
wb_li,2005,36.239
wb_li,2006,35.395
wb_li,2007,34.545
wb_li,2008,33.691
wb_li,2009,32.799
wb_li,2010,32.098
wb_li,2011,31.300
wb_li,2012,30.659
wb_li,2013,29.848
wb_li,2014,29.162
wb_li,2015,28.632
wb_li,2016,28.063
wb_li,2017,27.494
wb_li,2018,26.822
wb_li,2019,26.140
wb_li,2020,25.504
wb_li,2021,24.850
wb_li,2022,24.237
wb_li,2023,23.659
wb_li,2024,22.984
wb_lmi,1991,48.944
wb_lmi,1992,47.948
wb_lmi,1993,47.064
wb_lmi,1994,46.180
wb_lmi,1995,45.350
wb_lmi,1996,44.490
wb_lmi,1997,43.620
wb_lmi,1998,42.633
wb_lmi,1999,41.603
wb_lmi,2000,40.566
wb_lmi,2001,39.460
wb_lmi,2002,38.298
wb_lmi,2003,37.149
wb_lmi,2004,36.031
wb_lmi,2005,34.940
wb_lmi,2006,33.985
wb_lmi,2007,33.080
wb_lmi,2008,32.224
wb_lmi,2009,31.437
wb_lmi,2010,30.642
wb_lmi,2011,29.854
wb_lmi,2012,29.043
wb_lmi,2013,28.224
wb_lmi,2014,27.413
wb_lmi,2015,26.630
wb_lmi,2016,25.853
wb_lmi,2017,25.130
wb_lmi,2018,24.416
wb_lmi,2019,23.695
wb_lmi,2020,22.810
wb_lmi,2021,21.970
wb_lmi,2022,21.181
wb_lmi,2023,20.409
wb_lmi,2024,19.692
wb_umi,1991,25.291
wb_umi,1992,24.939
wb_umi,1993,24.530
wb_umi,1994,24.045
wb_umi,1995,23.415
wb_umi,1996,22.675
wb_umi,1997,21.827
wb_umi,1998,20.941
wb_umi,1999,20.116
wb_umi,2000,19.315
wb_umi,2001,18.525
wb_umi,2002,17.531
wb_umi,2003,16.531
wb_umi,2004,15.578
wb_umi,2005,14.678
wb_umi,2006,13.830
wb_umi,2007,13.044
wb_umi,2008,12.311
wb_umi,2009,11.605
wb_umi,2010,10.945
wb_umi,2011,10.389
wb_umi,2012,9.8785
wb_umi,2013,9.2946
wb_umi,2014,8.8718
wb_umi,2015,8.3954
wb_umi,2016,8.0812
wb_umi,2017,7.7014
wb_umi,2018,7.3365
wb_umi,2019,7.3044
wb_umi,2020,7.1188
wb_umi,2021,7.1546
wb_umi,2022,7.0358
wb_umi,2023,6.8577
wb_umi,2024,6.6153
world,1991,35.606
world,1992,35.444
world,1993,35.058
world,1994,34.622
world,1995,34.116
world,1996,33.594
world,1997,32.941
world,1998,32.238
world,1999,31.498
world,2000,30.751
world,2001,29.907
world,2002,29.114
world,2003,28.213
world,2004,27.248
world,2005,26.320
world,2006,25.469
world,2007,24.631
world,2008,23.841
world,2009,23.117
world,2010,22.495
world,2011,21.900
world,2012,21.310
world,2013,20.548
world,2014,20.064
world,2015,19.429
world,2016,19.062
world,2017,18.538
world,2018,18.088
world,2019,17.942
world,2020,17.533
world,2021,17.328
world,2022,16.972
world,2023,16.645
world,2024,16.255
wsm,1990,10.494
wsm,1991,10.165
wsm,1992,9.9415
wsm,1993,9.6383
wsm,1994,9.2793
wsm,1995,8.9120
wsm,1996,8.5510
wsm,1997,8.1932
wsm,1998,7.8362
wsm,1999,7.5075
wsm,2000,7.2394
wsm,2001,6.9603
wsm,2002,6.7524
wsm,2003,6.4854
wsm,2004,6.2630
wsm,2005,6.0536
wsm,2006,5.8936
wsm,2007,5.8392
wsm,2008,5.7907
wsm,2009,5.8421
wsm,2010,6.0241
wsm,2011,5.9561
wsm,2012,5.9188
wsm,2013,5.8116
wsm,2014,5.6907
wsm,2015,5.4984
wsm,2016,5.3281
wsm,2017,5.1501
wsm,2018,4.8630
wsm,2019,4.6191
wsm,2020,4.4377
wsm,2021,4.1686
wsm,2022,3.9528
wsm,2023,3.7327
wsm,2024,3.5354
yem,1962,71.412
yem,1963,71.509
yem,1964,71.724
yem,1965,71.546
yem,1966,71.234
yem,1967,70.717
yem,1968,70.011
yem,1969,69.059
yem,1970,67.923
yem,1971,66.828
yem,1972,65.702
yem,1973,64.519
yem,1974,63.412
yem,1975,62.144
yem,1976,60.822
yem,1977,59.342
yem,1978,57.827
yem,1979,56.343
yem,1980,54.789
yem,1981,53.220
yem,1982,51.620
yem,1983,49.855
yem,1984,48.155
yem,1985,46.513
yem,1986,45.104
yem,1987,43.824
yem,1988,42.691
yem,1989,41.663
yem,1990,40.681
yem,1991,39.741
yem,1992,38.905
yem,1993,38.162
yem,1994,37.630
yem,1995,37.177
yem,1996,36.800
yem,1997,36.405
yem,1998,35.834
yem,1999,35.141
yem,2000,34.303
yem,2001,33.397
yem,2002,32.416
yem,2003,31.358
yem,2004,30.278
yem,2005,29.189
yem,2006,28.125
yem,2007,27.085
yem,2008,26.109
yem,2009,25.249
yem,2010,24.486
yem,2011,23.829
yem,2012,23.179
yem,2013,22.613
yem,2014,22.069
yem,2015,21.620
yem,2016,21.216
yem,2017,20.744
yem,2018,20.289
yem,2019,19.853
yem,2020,19.362
yem,2021,18.810
yem,2022,18.265
yem,2023,17.613
yem,2024,16.920
zaf,1976,21.320
zaf,1977,21.504
zaf,1978,21.641
zaf,1979,21.775
zaf,1980,21.595
zaf,1981,21.366
zaf,1982,20.918
zaf,1983,20.429
zaf,1984,20.026
zaf,1985,19.480
zaf,1986,19.089
zaf,1987,18.532
zaf,1988,18.056
zaf,1989,17.707
zaf,1990,17.356
zaf,1991,17.103
zaf,1992,16.814
zaf,1993,16.438
zaf,1994,16.113
zaf,1995,15.685
zaf,1996,15.176
zaf,1997,14.557
zaf,1998,13.766
zaf,1999,12.844
zaf,2000,12.006
zaf,2001,11.352
zaf,2002,10.834
zaf,2003,10.422
zaf,2004,10.204
zaf,2005,10.098
zaf,2006,10.107
zaf,2007,10.204
zaf,2008,10.287
zaf,2009,10.425
zaf,2010,10.424
zaf,2011,10.271
zaf,2012,10.125
zaf,2013,9.9515
zaf,2014,9.9125
zaf,2015,9.8695
zaf,2016,9.9023
zaf,2017,9.9335
zaf,2018,9.9097
zaf,2019,9.9189
zaf,2020,9.9191
zaf,2021,9.9444
zaf,2022,9.9301
zaf,2023,9.8825
zaf,2024,9.6547
zmb,1970,31.120
zmb,1971,31.278
zmb,1972,31.070
zmb,1973,30.848
zmb,1974,30.590
zmb,1975,30.403
zmb,1976,30.320
zmb,1977,30.367
zmb,1978,30.540
zmb,1979,30.799
zmb,1980,30.987
zmb,1981,31.232
zmb,1982,31.371
zmb,1983,31.641
zmb,1984,31.960
zmb,1985,32.276
zmb,1986,32.632
zmb,1987,32.887
zmb,1988,33.093
zmb,1989,33.197
zmb,1990,33.077
zmb,1991,32.769
zmb,1992,32.347
zmb,1993,32.029
zmb,1994,31.737
zmb,1995,31.592
zmb,1996,31.579
zmb,1997,31.600
zmb,1998,31.616
zmb,1999,31.565
zmb,2000,31.316
zmb,2001,30.776
zmb,2002,29.892
zmb,2003,28.824
zmb,2004,27.613
zmb,2005,26.415
zmb,2006,25.408
zmb,2007,24.605
zmb,2008,24.093
zmb,2009,23.746
zmb,2010,23.436
zmb,2011,23.190
zmb,2012,22.886
zmb,2013,22.546
zmb,2014,22.190
zmb,2015,21.793
zmb,2016,21.364
zmb,2017,20.776
zmb,2018,19.988
zmb,2019,19.086
zmb,2020,18.147
zmb,2021,17.188
zmb,2022,16.242
zmb,2023,15.290
zmb,2024,14.395
zwe,1966,25.433
zwe,1967,25.821
zwe,1968,26.168
zwe,1969,26.489
zwe,1970,26.923
zwe,1971,27.384
zwe,1972,27.868
zwe,1973,28.305
zwe,1974,28.804
zwe,1975,29.332
zwe,1976,29.760
zwe,1977,29.877
zwe,1978,29.777
zwe,1979,29.599
zwe,1980,29.181
zwe,1981,28.637
zwe,1982,28.013
zwe,1983,27.247
zwe,1984,26.477
zwe,1985,25.874
zwe,1986,25.214
zwe,1987,24.618
zwe,1988,24.011
zwe,1989,23.351
zwe,1990,22.691
zwe,1991,21.875
zwe,1992,21.103
zwe,1993,20.620
zwe,1994,20.386
zwe,1995,20.519
zwe,1996,20.927
zwe,1997,21.496
zwe,1998,21.824
zwe,1999,21.958
zwe,2000,22.044
zwe,2001,22.183
zwe,2002,22.493
zwe,2003,23.048
zwe,2004,23.727
zwe,2005,24.416
zwe,2006,25.099
zwe,2007,25.880
zwe,2008,26.491
zwe,2009,26.823
zwe,2010,26.692
zwe,2011,26.169
zwe,2012,25.470
zwe,2013,24.689
zwe,2014,23.864
zwe,2015,23.070
zwe,2016,22.241
zwe,2017,21.317
zwe,2018,20.227
zwe,2019,18.983
zwe,2020,17.591
zwe,2021,16.404
zwe,2022,15.343
zwe,2023,14.260
zwe,2024,13.278
