geo,year,mr_10_14_median
afg,1991,11.455
afg,1992,10.618
afg,1993,9.2581
afg,1994,6.2515
afg,1995,5.7874
afg,1996,5.3741
afg,1997,4.9950
afg,1998,4.6882
afg,1999,6.3099
afg,2000,4.2464
afg,2001,4.0953
afg,2002,3.9894
afg,2003,3.9229
afg,2004,3.9218
afg,2005,3.9626
afg,2006,4.0621
afg,2007,4.1940
afg,2008,4.3301
afg,2009,4.4368
afg,2010,4.4436
afg,2011,4.3312
afg,2012,4.1101
afg,2013,3.8426
afg,2014,3.8339
afg,2015,3.7183
afg,2016,3.6688
afg,2017,3.5067
afg,2018,2.8168
afg,2019,2.7382
afg,2020,2.6718
afg,2021,2.6002
afg,2022,2.8712
afg,2023,2.4607
afg,2024,2.4023
ago,1991,18.404
ago,1992,15.678
ago,1993,18.500
ago,1994,15.650
ago,1995,15.629
ago,1996,15.575
ago,1997,15.482
ago,1998,15.336
ago,1999,15.135
ago,2000,14.893
ago,2001,14.608
ago,2002,14.268
ago,2003,13.875
ago,2004,13.440
ago,2005,12.954
ago,2006,12.443
ago,2007,11.879
ago,2008,11.312
ago,2009,10.759
ago,2010,10.216
ago,2011,9.6857
ago,2012,9.1868
ago,2013,8.7124
ago,2014,8.2808
ago,2015,7.9087
ago,2016,7.5935
ago,2017,7.3104
ago,2018,7.0600
ago,2019,6.8329
ago,2020,6.6269
ago,2021,6.4281
ago,2022,6.2396
ago,2023,6.0523
ago,2024,5.8735
aia,1991,1.8094
aia,1992,1.7564
aia,1993,1.7017
aia,1994,1.6504
aia,1995,1.6020
aia,1996,1.5559
aia,1997,1.5132
aia,1998,1.4729
aia,1999,1.4344
aia,2000,1.4000
aia,2001,1.3670
aia,2002,1.3363
aia,2003,1.3062
aia,2004,1.2782
aia,2005,1.2523
aia,2006,1.2281
aia,2007,1.2057
aia,2008,1.1819
aia,2009,1.1601
aia,2010,1.1399
aia,2011,1.1197
aia,2012,1.1005
aia,2013,1.0819
aia,2014,1.0638
aia,2015,1.0455
aia,2016,1.0258
aia,2017,1.0068
aia,2018,0.98829
aia,2019,0.96940
aia,2020,0.95305
aia,2021,0.93472
aia,2022,0.91535
aia,2023,0.89708
aia,2024,0.88054
alb,1991,2.5882
alb,1992,2.4525
alb,1993,2.3239
alb,1994,2.2024
alb,1995,2.0943
alb,1996,2.0027
alb,1997,1.9286
alb,1998,2.1784
alb,1999,1.8246
alb,2000,1.7884
alb,2001,1.7581
alb,2002,1.7295
alb,2003,1.7004
alb,2004,1.6689
alb,2005,1.6357
alb,2006,1.5990
alb,2007,1.5610
alb,2008,1.5218
alb,2009,1.4820
alb,2010,1.4418
alb,2011,1.4010
alb,2012,1.3611
alb,2013,1.3222
alb,2014,1.2832
alb,2015,1.2443
alb,2016,1.2068
alb,2017,1.1698
alb,2018,1.1338
alb,2019,1.0983
alb,2020,1.0639
alb,2021,1.0304
alb,2022,0.99761
alb,2023,0.96651
alb,2024,0.93934
and,1991,1.3997
and,1992,1.3364
and,1993,1.2773
and,1994,1.2248
and,1995,1.1746
and,1996,1.1249
and,1997,1.0751
and,1998,1.0326
and,1999,0.98991
and,2000,0.94965
and,2001,0.91206
and,2002,0.87785
and,2003,0.84493
and,2004,0.81283
and,2005,0.78159
and,2006,0.75321
and,2007,0.72154
and,2008,0.69275
and,2009,0.66408
and,2010,0.63719
and,2011,0.61209
and,2012,0.58806
and,2013,0.56440
and,2014,0.54226
and,2015,0.51936
and,2016,0.49876
and,2017,0.47906
and,2018,0.46149
and,2019,0.44702
and,2020,0.43342
and,2021,0.42067
and,2022,0.40972
and,2023,0.39856
and,2024,0.38775
are,1991,1.7003
are,1992,1.6147
are,1993,1.5421
are,1994,1.4792
are,1995,1.4245
are,1996,1.3773
are,1997,1.3370
are,1998,1.3027
are,1999,1.2729
are,2000,1.2461
are,2001,1.2219
are,2002,1.2001
are,2003,1.1788
are,2004,1.1585
are,2005,1.1379
are,2006,1.1167
are,2007,1.0964
are,2008,1.0754
are,2009,1.0548
are,2010,1.0334
are,2011,1.0113
are,2012,0.98971
are,2013,0.96681
are,2014,0.94167
are,2015,0.91437
are,2016,0.88370
are,2017,0.84932
are,2018,0.81197
are,2019,0.77235
are,2020,0.73233
are,2021,0.69297
are,2022,0.65552
are,2023,0.61994
are,2024,0.58794
arg,1991,1.7789
arg,1992,1.7505
arg,1993,1.7199
arg,1994,1.6874
arg,1995,1.6549
arg,1996,1.6223
arg,1997,1.5909
arg,1998,1.5624
arg,1999,1.5370
arg,2000,1.5159
arg,2001,1.5005
arg,2002,1.4903
arg,2003,1.4846
arg,2004,1.4820
arg,2005,1.4813
arg,2006,1.4821
arg,2007,1.4822
arg,2008,1.4791
arg,2009,1.4706
arg,2010,1.4537
arg,2011,1.4266
arg,2012,1.3893
arg,2013,1.3449
arg,2014,1.2955
arg,2015,1.2438
arg,2016,1.1920
arg,2017,1.1435
arg,2018,1.1027
arg,2019,1.0734
arg,2020,1.0596
arg,2021,1.0651
arg,2022,1.0889
arg,2023,1.1273
arg,2024,1.1747
arm,1991,1.5427
arm,1992,1.4180
arm,1993,1.3104
arm,1994,1.2190
arm,1995,1.1408
arm,1996,1.0738
arm,1997,1.0165
arm,1998,0.96963
arm,1999,0.93240
arm,2000,0.90476
arm,2001,0.88610
arm,2002,0.87635
arm,2003,0.87437
arm,2004,0.87886
arm,2005,0.88923
arm,2006,0.90359
arm,2007,0.92115
arm,2008,0.94007
arm,2009,0.95983
arm,2010,0.97758
arm,2011,0.99297
arm,2012,1.0046
arm,2013,1.0121
arm,2014,1.0152
arm,2015,1.0149
arm,2016,1.0135
arm,2017,1.0112
arm,2018,1.0101
arm,2019,1.0117
arm,2020,1.0170
arm,2021,1.0258
arm,2022,1.0391
arm,2023,1.0551
arm,2024,1.0724
atg,1991,1.4788
atg,1992,1.5032
atg,1993,1.5289
atg,1994,1.5544
atg,1995,1.5766
atg,1996,1.5942
atg,1997,1.6046
atg,1998,1.6054
atg,1999,1.5988
atg,2000,1.5849
atg,2001,1.5677
atg,2002,1.5477
atg,2003,1.5273
atg,2004,1.5063
atg,2005,1.4853
atg,2006,1.4646
atg,2007,1.4435
atg,2008,1.4238
atg,2009,1.4060
atg,2010,1.3882
atg,2011,1.3715
atg,2012,1.3565
atg,2013,1.3422
atg,2014,1.3290
atg,2015,1.3166
atg,2016,1.3031
atg,2017,1.2916
atg,2018,1.2793
atg,2019,1.2676
atg,2020,1.2529
atg,2021,1.2370
atg,2022,1.2194
atg,2023,1.2010
atg,2024,1.1818
aus,1991,0.98333
aus,1992,0.95345
aus,1993,0.92509
aus,1994,0.89817
aus,1995,0.87122
aus,1996,0.84398
aus,1997,0.81628
aus,1998,0.78799
aus,1999,0.75938
aus,2000,0.73058
aus,2001,0.70278
aus,2002,0.67594
aus,2003,0.65063
aus,2004,0.62711
aus,2005,0.60584
aus,2006,0.58653
aus,2007,0.56981
aus,2008,0.55542
aus,2009,0.54295
aus,2010,0.53188
aus,2011,0.52164
aus,2012,0.51206
aus,2013,0.50290
aus,2014,0.49388
aus,2015,0.48549
aus,2016,0.47769
aus,2017,0.47051
aus,2018,0.46438
aus,2019,0.45959
aus,2020,0.45617
aus,2021,0.45436
aus,2022,0.45392
aus,2023,0.45458
aus,2024,0.45512
aut,1991,0.93160
aut,1992,0.89939
aut,1993,0.86888
aut,1994,0.84018
aut,1995,0.81289
aut,1996,0.78662
aut,1997,0.76115
aut,1998,0.73695
aut,1999,0.71402
aut,2000,0.69242
aut,2001,0.67205
aut,2002,0.65263
aut,2003,0.63464
aut,2004,0.61796
aut,2005,0.60231
aut,2006,0.58761
aut,2007,0.57370
aut,2008,0.56067
aut,2009,0.54856
aut,2010,0.53738
aut,2011,0.52690
aut,2012,0.51720
aut,2013,0.50817
aut,2014,0.49944
aut,2015,0.49121
aut,2016,0.48348
aut,2017,0.47604
aut,2018,0.46898
aut,2019,0.46249
aut,2020,0.45634
aut,2021,0.45078
aut,2022,0.44552
aut,2023,0.44039
aut,2024,0.43525
aze,1991,1.9954
aze,1992,2.0855
aze,1993,2.4102
aze,1994,2.2399
aze,1995,2.2852
aze,1996,2.2990
aze,1997,2.2891
aze,1998,2.2713
aze,1999,2.2583
aze,2000,2.2479
aze,2001,2.2384
aze,2002,2.2224
aze,2003,2.1898
aze,2004,2.1352
aze,2005,2.0578
aze,2006,1.9576
aze,2007,1.8450
aze,2008,1.7307
aze,2009,1.6239
aze,2010,1.5306
aze,2011,1.4552
aze,2012,1.3996
aze,2013,1.3642
aze,2014,1.3476
aze,2015,1.3450
aze,2016,1.3518
aze,2017,1.3654
aze,2018,1.3824
aze,2019,1.4010
aze,2020,1.4215
aze,2021,1.5650
aze,2022,1.4719
aze,2023,1.5040
aze,2024,1.5403
bdi,1991,20.481
bdi,1992,21.588
bdi,1993,22.541
bdi,1994,48.782
bdi,1995,23.762
bdi,1996,24.004
bdi,1997,24.008
bdi,1998,23.856
bdi,1999,23.539
bdi,2000,22.968
bdi,2001,22.200
bdi,2002,21.106
bdi,2003,19.648
bdi,2004,18.009
bdi,2005,16.299
bdi,2006,14.701
bdi,2007,13.227
bdi,2008,12.012
bdi,2009,11.058
bdi,2010,10.334
bdi,2011,9.8191
bdi,2012,9.4692
bdi,2013,9.2555
bdi,2014,9.1092
bdi,2015,9.0200
bdi,2016,8.9718
bdi,2017,8.8996
bdi,2018,8.7777
bdi,2019,8.6160
bdi,2020,8.4742
bdi,2021,8.2960
bdi,2022,8.1525
bdi,2023,7.9660
bdi,2024,7.7840
bel,1991,1.0378
bel,1992,1.0044
bel,1993,0.97198
bel,1994,0.94113
bel,1995,0.91108
bel,1996,0.88214
bel,1997,0.85405
bel,1998,0.82658
bel,1999,0.79964
bel,2000,0.77350
bel,2001,0.74825
bel,2002,0.72374
bel,2003,0.70015
bel,2004,0.67746
bel,2005,0.65587
bel,2006,0.63548
bel,2007,0.61597
bel,2008,0.59762
bel,2009,0.58019
bel,2010,0.56355
bel,2011,0.54765
bel,2012,0.53222
bel,2013,0.51738
bel,2014,0.50318
bel,2015,0.48943
bel,2016,0.47635
bel,2017,0.46405
bel,2018,0.45193
bel,2019,0.44009
bel,2020,0.42866
bel,2021,0.41749
bel,2022,0.40650
bel,2023,0.39585
bel,2024,0.38583
ben,1991,12.691
ben,1992,12.364
ben,1993,12.068
ben,1994,11.776
ben,1995,11.501
ben,1996,11.232
ben,1997,10.972
ben,1998,10.732
ben,1999,10.493
ben,2000,10.273
ben,2001,10.052
ben,2002,9.8524
ben,2003,9.6646
ben,2004,9.4724
ben,2005,9.2843
ben,2006,9.0955
ben,2007,8.9225
ben,2008,8.7404
ben,2009,8.5636
ben,2010,8.3918
ben,2011,8.2150
ben,2012,8.0538
ben,2013,7.9001
ben,2014,7.7313
ben,2015,7.5805
ben,2016,7.4370
ben,2017,7.2950
ben,2018,7.1583
ben,2019,7.0171
ben,2020,6.8970
ben,2021,6.7681
ben,2022,6.6460
ben,2023,6.5182
ben,2024,6.3821
bfa,1991,9.4331
bfa,1992,9.4778
bfa,1993,9.5499
bfa,1994,9.6241
bfa,1995,9.7194
bfa,1996,9.8163
bfa,1997,9.8681
bfa,1998,9.8955
bfa,1999,9.8714
bfa,2000,9.7956
bfa,2001,9.6602
bfa,2002,9.4773
bfa,2003,9.2101
bfa,2004,8.9193
bfa,2005,8.6031
bfa,2006,8.2503
bfa,2007,7.9090
bfa,2008,7.5507
bfa,2009,7.1957
bfa,2010,6.8220
bfa,2011,6.4560
bfa,2012,6.0858
bfa,2013,5.7070
bfa,2014,5.3564
bfa,2015,5.0123
bfa,2016,4.6841
bfa,2017,4.3712
bfa,2018,4.0704
bfa,2019,3.7838
bfa,2020,3.5327
bfa,2021,3.3116
bfa,2022,3.1434
bfa,2023,3.0055
bfa,2024,2.8844
bgd,1991,8.0979
bgd,1992,12.651
bgd,1993,7.6361
bgd,1994,7.4783
bgd,1995,7.3427
bgd,1996,7.1614
bgd,1997,6.8558
bgd,1998,6.3148
bgd,1999,5.5060
bgd,2000,4.6847
bgd,2001,4.0879
bgd,2002,3.7836
bgd,2003,3.7154
bgd,2004,3.8267
bgd,2005,4.0530
bgd,2006,4.2804
bgd,2007,4.4180
bgd,2008,4.4155
bgd,2009,4.2594
bgd,2010,4.0001
bgd,2011,3.6998
bgd,2012,3.4086
bgd,2013,3.1412
bgd,2014,2.9016
bgd,2015,2.7073
bgd,2016,2.5741
bgd,2017,2.4992
bgd,2018,2.4511
bgd,2019,2.3989
bgd,2020,2.3345
bgd,2021,2.2666
bgd,2022,2.1987
bgd,2023,2.1404
bgd,2024,2.0861
bgr,1991,1.9134
bgr,1992,1.9031
bgr,1993,1.8912
bgr,1994,1.8782
bgr,1995,1.8635
bgr,1996,1.8459
bgr,1997,1.8205
bgr,1998,1.7821
bgr,1999,1.7313
bgr,2000,1.6739
bgr,2001,1.6159
bgr,2002,1.5642
bgr,2003,1.5209
bgr,2004,1.4873
bgr,2005,1.4597
bgr,2006,1.4362
bgr,2007,1.4125
bgr,2008,1.3823
bgr,2009,1.3455
bgr,2010,1.3011
bgr,2011,1.2516
bgr,2012,1.1994
bgr,2013,1.1483
bgr,2014,1.0993
bgr,2015,1.0555
bgr,2016,1.0185
bgr,2017,0.98781
bgr,2018,0.96287
bgr,2019,0.94274
bgr,2020,0.92838
bgr,2021,0.91777
bgr,2022,0.90997
bgr,2023,0.90402
bgr,2024,0.89730
bhr,1991,1.6900
bhr,1992,1.6641
bhr,1993,1.6376
bhr,1994,1.6104
bhr,1995,1.5841
bhr,1996,1.5583
bhr,1997,1.5336
bhr,1998,1.5084
bhr,1999,1.4835
bhr,2000,1.4546
bhr,2001,1.4206
bhr,2002,1.3853
bhr,2003,1.3487
bhr,2004,1.3107
bhr,2005,1.2748
bhr,2006,1.2416
bhr,2007,1.2104
bhr,2008,1.1831
bhr,2009,1.1569
bhr,2010,1.1345
bhr,2011,1.1143
bhr,2012,1.0964
bhr,2013,1.0797
bhr,2014,1.0644
bhr,2015,1.0507
bhr,2016,1.0375
bhr,2017,1.0254
bhr,2018,1.0137
bhr,2019,1.0032
bhr,2020,0.99188
bhr,2021,0.98029
bhr,2022,0.96854
bhr,2023,0.95639
bhr,2024,0.94520
bhs,1991,1.5603
bhs,1992,1.6026
bhs,1993,1.6450
bhs,1994,1.6877
bhs,1995,1.7310
bhs,1996,1.7746
bhs,1997,1.8162
bhs,1998,1.8528
bhs,1999,1.8864
bhs,2000,1.9112
bhs,2001,1.9298
bhs,2002,1.9347
bhs,2003,1.9319
bhs,2004,1.9225
bhs,2005,1.9044
bhs,2006,1.8826
bhs,2007,1.8576
bhs,2008,1.8305
bhs,2009,1.8026
bhs,2010,1.7751
bhs,2011,1.7454
bhs,2012,1.7164
bhs,2013,1.6907
bhs,2014,1.6641
bhs,2015,1.6340
bhs,2016,1.6054
bhs,2017,1.5757
bhs,2018,1.5460
bhs,2019,1.5192
bhs,2020,4.9907
bhs,2021,1.4561
bhs,2022,1.4247
bhs,2023,1.3931
bhs,2024,1.3626
bih,1991,1.2342
bih,1992,1.1741
bih,1993,7.9905
bih,1994,8.2511
bih,1995,1.0953
bih,1996,1.9428
bih,1997,0.91506
bih,1998,0.87497
bih,1999,0.83970
bih,2000,0.80992
bih,2001,0.78614
bih,2002,0.76788
bih,2003,0.75418
bih,2004,0.74501
bih,2005,0.73818
bih,2006,0.73290
bih,2007,0.72756
bih,2008,0.72180
bih,2009,0.71504
bih,2010,0.70771
bih,2011,0.70088
bih,2012,0.69496
bih,2013,0.69028
bih,2014,0.68793
bih,2015,0.68685
bih,2016,0.68636
bih,2017,0.68620
bih,2018,0.68574
bih,2019,0.68372
bih,2020,0.68141
bih,2021,0.67800
bih,2022,0.67376
bih,2023,0.66918
bih,2024,0.66413
blr,1991,1.8731
blr,1992,1.8476
blr,1993,1.8094
blr,1994,1.7602
blr,1995,1.7041
blr,1996,1.6487
blr,1997,1.5969
blr,1998,1.5500
blr,1999,1.5063
blr,2000,1.4635
blr,2001,1.4200
blr,2002,1.3753
blr,2003,1.3300
blr,2004,1.2842
blr,2005,1.2407
blr,2006,1.2007
blr,2007,1.1671
blr,2008,1.1377
blr,2009,1.1089
blr,2010,1.0763
blr,2011,1.0383
blr,2012,0.99356
blr,2013,0.94318
blr,2014,0.89012
blr,2015,0.83718
blr,2016,0.78616
blr,2017,0.73821
blr,2018,0.69430
blr,2019,0.65349
blr,2020,0.61685
blr,2021,0.58441
blr,2022,0.55744
blr,2023,0.53468
blr,2024,0.51525
blz,1991,2.3467
blz,1992,2.3741
blz,1993,2.4019
blz,1994,2.4300
blz,1995,2.4596
blz,1996,2.4891
blz,1997,2.5184
blz,1998,2.5460
blz,1999,2.5680
blz,2000,2.5840
blz,2001,2.5935
blz,2002,2.5914
blz,2003,2.5831
blz,2004,2.5648
blz,2005,2.5418
blz,2006,2.5070
blz,2007,2.4671
blz,2008,2.4215
blz,2009,2.3666
blz,2010,2.3056
blz,2011,2.2384
blz,2012,2.1671
blz,2013,2.0923
blz,2014,2.0153
blz,2015,1.9391
blz,2016,1.8633
blz,2017,1.7899
blz,2018,1.7216
blz,2019,1.6567
blz,2020,1.5964
blz,2021,1.5405
blz,2022,1.4895
blz,2023,1.4408
blz,2024,1.3945
bol,1991,4.4535
bol,1992,4.2983
bol,1993,4.1522
bol,1994,4.0066
bol,1995,3.8772
bol,1996,3.7596
bol,1997,3.6544
bol,1998,3.5461
bol,1999,3.4518
bol,2000,3.3599
bol,2001,3.2843
bol,2002,3.2063
bol,2003,3.1397
bol,2004,3.0701
bol,2005,2.9985
bol,2006,2.9238
bol,2007,2.8447
bol,2008,2.7642
bol,2009,2.6829
bol,2010,2.6031
bol,2011,2.5219
bol,2012,2.4457
bol,2013,2.3825
bol,2014,2.3195
bol,2015,2.2623
bol,2016,2.2036
bol,2017,2.1479
bol,2018,2.0939
bol,2019,2.0366
bol,2020,1.9908
bol,2021,1.9429
bol,2022,1.8948
bol,2023,1.8575
bol,2024,1.8171
bra,1991,2.2191
bra,1992,2.2020
bra,1993,2.1910
bra,1994,2.1797
bra,1995,2.1632
bra,1996,2.1383
bra,1997,2.1051
bra,1998,2.0655
bra,1999,2.0253
bra,2000,1.9903
bra,2001,1.9609
bra,2002,1.9369
bra,2003,1.9176
bra,2004,1.9010
bra,2005,1.8859
bra,2006,1.8727
bra,2007,1.8605
bra,2008,1.8495
bra,2009,1.8371
bra,2010,1.8207
bra,2011,1.7995
bra,2012,1.7717
bra,2013,1.7382
bra,2014,1.7013
bra,2015,1.6643
bra,2016,1.6278
bra,2017,1.5918
bra,2018,1.5573
bra,2019,1.5252
bra,2020,1.4966
bra,2021,1.4745
bra,2022,1.4624
bra,2023,1.4596
bra,2024,1.4599
brb,1991,1.5745
brb,1992,1.5725
brb,1993,1.5706
brb,1994,1.5674
brb,1995,1.5662
brb,1996,1.5637
brb,1997,1.5612
brb,1998,1.5608
brb,1999,1.5636
brb,2000,1.5640
brb,2001,1.5661
brb,2002,1.5646
brb,2003,1.5637
brb,2004,1.5594
brb,2005,1.5538
brb,2006,1.5442
brb,2007,1.5323
brb,2008,1.5171
brb,2009,1.4973
brb,2010,1.4772
brb,2011,1.4586
brb,2012,1.4382
brb,2013,1.4176
brb,2014,1.3946
brb,2015,1.3673
brb,2016,1.3374
brb,2017,1.3080
brb,2018,1.2773
brb,2019,1.2475
brb,2020,1.2129
brb,2021,1.1832
brb,2022,1.1540
brb,2023,1.1247
brb,2024,1.0966
brn,1991,1.9217
brn,1992,1.8608
brn,1993,1.8008
brn,1994,1.7449
brn,1995,1.6894
brn,1996,1.6373
brn,1997,1.5868
brn,1998,1.5403
brn,1999,1.4993
brn,2000,1.4608
brn,2001,1.4246
brn,2002,1.3935
brn,2003,1.3617
brn,2004,1.3327
brn,2005,1.3027
brn,2006,1.2747
brn,2007,1.2491
brn,2008,1.2241
brn,2009,1.1990
brn,2010,1.1758
brn,2011,1.1542
brn,2012,1.1340
brn,2013,1.1146
brn,2014,1.0957
brn,2015,1.0759
brn,2016,1.0560
brn,2017,1.0362
brn,2018,1.0152
brn,2019,0.99357
brn,2020,0.97239
brn,2021,0.95132
brn,2022,0.93079
brn,2023,0.91090
brn,2024,0.89055
btn,1991,2.5765
btn,1992,2.7146
btn,1993,2.8639
btn,1994,3.0053
btn,1995,3.1366
btn,1996,3.2796
btn,1997,3.4222
btn,1998,3.5586
btn,1999,3.6889
btn,2000,3.8414
btn,2001,4.5854
btn,2002,4.1036
btn,2003,4.2101
btn,2004,4.3401
btn,2005,4.4420
btn,2006,4.5541
btn,2007,4.6726
btn,2008,4.7881
btn,2009,4.9047
btn,2010,5.0075
btn,2011,5.1053
btn,2012,5.1990
btn,2013,5.2679
btn,2014,5.2970
btn,2015,5.2752
btn,2016,5.2235
btn,2017,5.1571
btn,2018,5.0761
btn,2019,4.9736
btn,2020,4.8713
btn,2021,4.7715
btn,2022,4.6732
btn,2023,4.5649
btn,2024,4.4446
bwa,1991,6.7536
bwa,1992,6.6029
bwa,1993,6.4459
bwa,1994,6.2982
bwa,1995,6.1382
bwa,1996,5.9872
bwa,1997,5.8258
bwa,1998,5.6718
bwa,1999,5.5154
bwa,2000,5.3662
bwa,2001,5.2203
bwa,2002,5.0772
bwa,2003,4.9392
bwa,2004,4.8053
bwa,2005,4.6720
bwa,2006,4.5443
bwa,2007,5.0660
bwa,2008,4.3167
bwa,2009,4.2054
bwa,2010,4.1033
bwa,2011,4.0073
bwa,2012,3.9157
bwa,2013,3.8264
bwa,2014,3.7453
bwa,2015,3.6616
bwa,2016,3.5911
bwa,2017,3.5157
bwa,2018,3.4409
bwa,2019,3.3599
bwa,2020,3.2806
bwa,2021,3.2001
bwa,2022,3.1233
bwa,2023,3.0447
bwa,2024,2.9638
caf,1991,11.616
caf,1992,11.417
caf,1993,11.265
caf,1994,11.137
caf,1995,11.038
caf,1996,10.986
caf,1997,10.956
caf,1998,10.941
caf,1999,10.948
caf,2000,10.964
caf,2001,11.010
caf,2002,11.086
caf,2003,11.172
caf,2004,11.276
caf,2005,11.373
caf,2006,11.502
caf,2007,11.626
caf,2008,11.683
caf,2009,11.719
caf,2010,80.762
caf,2011,15.078
caf,2012,12.929
caf,2013,11.594
caf,2014,13.746
caf,2015,22.357
caf,2016,12.674
caf,2017,13.427
caf,2018,17.956
caf,2019,12.680
caf,2020,34.539
caf,2021,13.607
caf,2022,22.224
caf,2023,65.315
caf,2024,9.6564
can,1991,1.0971
can,1992,1.0650
can,1993,1.0317
can,1994,0.99905
can,1995,0.96811
can,1996,0.93802
can,1997,0.90784
can,1998,0.87711
can,1999,0.84561
can,2000,0.81399
can,2001,0.78303
can,2002,0.75443
can,2003,0.72920
can,2004,0.70753
can,2005,0.68964
can,2006,0.67436
can,2007,0.65948
can,2008,0.64442
can,2009,0.62870
can,2010,0.61265
can,2011,0.59729
can,2012,0.58401
can,2013,0.57322
can,2014,0.56504
can,2015,0.55847
can,2016,0.55384
can,2017,0.55012
can,2018,0.54727
can,2019,0.54650
can,2020,0.54848
can,2021,0.55355
can,2022,0.56246
can,2023,0.57394
can,2024,0.58317
che,1991,0.98200
che,1992,0.95277
che,1993,0.92355
che,1994,0.89372
che,1995,0.86343
che,1996,0.83316
che,1997,0.80252
che,1998,0.77245
che,1999,0.74361
che,2000,0.71529
che,2001,0.68845
che,2002,0.66269
che,2003,0.63794
che,2004,0.61463
che,2005,0.59255
che,2006,0.57151
che,2007,0.55157
che,2008,0.53293
che,2009,0.51531
che,2010,0.49867
che,2011,0.48334
che,2012,0.46950
che,2013,0.45680
che,2014,0.44546
che,2015,0.43551
che,2016,0.42640
che,2017,0.41841
che,2018,0.41111
che,2019,0.40469
che,2020,0.39875
che,2021,0.39372
che,2022,0.38856
che,2023,0.38359
che,2024,0.37869
chl,1991,1.5803
chl,1992,1.5239
chl,1993,1.4719
chl,1994,1.4251
chl,1995,1.3818
chl,1996,1.3411
chl,1997,1.3016
chl,1998,1.2615
chl,1999,1.2203
chl,2000,1.1801
chl,2001,1.1426
chl,2002,1.1086
chl,2003,1.0767
chl,2004,1.0472
chl,2005,1.0193
chl,2006,0.99325
chl,2007,0.96911
chl,2008,0.94684
chl,2009,0.92611
chl,2010,0.90680
chl,2011,0.88875
chl,2012,0.87150
chl,2013,0.85417
chl,2014,0.83633
chl,2015,0.81757
chl,2016,0.79820
chl,2017,0.77928
chl,2018,0.76238
chl,2019,0.74928
chl,2020,0.74057
chl,2021,0.73687
chl,2022,0.73794
chl,2023,0.74290
chl,2024,0.74887
chn,1991,2.6637
chn,1992,2.5599
chn,1993,2.4616
chn,1994,2.3681
chn,1995,2.2763
chn,1996,2.1871
chn,1997,2.1005
chn,1998,2.0175
chn,1999,1.9368
chn,2000,1.8582
chn,2001,1.7828
chn,2002,1.7095
chn,2003,1.6402
chn,2004,1.5739
chn,2005,1.5114
chn,2006,1.4524
chn,2007,1.3988
chn,2008,1.3500
chn,2009,1.3058
chn,2010,1.2639
chn,2011,1.2238
chn,2012,1.1844
chn,2013,1.1474
chn,2014,1.1143
chn,2015,1.0839
chn,2016,1.0570
chn,2017,1.0318
chn,2018,1.0058
chn,2019,0.98358
chn,2020,0.96023
chn,2021,0.93789
chn,2022,0.91552
chn,2023,0.89414
chn,2024,0.87536
civ,1991,10.621
civ,1992,10.496
civ,1993,10.363
civ,1994,10.234
civ,1995,10.101
civ,1996,9.9613
civ,1997,9.8401
civ,1998,9.7096
civ,1999,9.5864
civ,2000,9.4744
civ,2001,9.3611
civ,2002,9.2631
civ,2003,9.1672
civ,2004,9.0755
civ,2005,8.9902
civ,2006,8.9130
civ,2007,8.8479
civ,2008,8.7903
civ,2009,8.7386
civ,2010,8.6796
civ,2011,8.6079
civ,2012,8.5227
civ,2013,8.4140
civ,2014,8.3051
civ,2015,8.1887
civ,2016,8.0557
civ,2017,7.9176
civ,2018,7.7794
civ,2019,7.6337
civ,2020,7.4914
civ,2021,7.3589
civ,2022,7.2256
civ,2023,7.0767
civ,2024,6.9211
cmr,1991,10.206
cmr,1992,10.184
cmr,1993,10.163
cmr,1994,10.134
cmr,1995,10.111
cmr,1996,10.085
cmr,1997,10.049
cmr,1998,10.021
cmr,1999,9.9849
cmr,2000,9.9355
cmr,2001,9.8906
cmr,2002,9.8308
cmr,2003,9.7643
cmr,2004,9.7005
cmr,2005,9.6337
cmr,2006,9.5528
cmr,2007,9.4878
cmr,2008,9.4031
cmr,2009,9.3044
cmr,2010,9.2037
cmr,2011,9.1064
cmr,2012,8.9969
cmr,2013,8.8804
cmr,2014,8.7574
cmr,2015,8.6302
cmr,2016,8.4996
cmr,2017,8.3691
cmr,2018,8.2575
cmr,2019,8.1363
cmr,2020,8.0183
cmr,2021,7.8575
cmr,2022,7.7062
cmr,2023,7.5498
cmr,2024,7.3495
cod,1991,10.772
cod,1992,10.741
cod,1993,10.695
cod,1994,10.640
cod,1995,10.587
cod,1996,10.537
cod,1997,10.487
cod,1998,10.443
cod,1999,10.390
cod,2000,10.350
cod,2001,10.317
cod,2002,10.275
cod,2003,10.241
cod,2004,10.218
cod,2005,10.193
cod,2006,10.165
cod,2007,10.129
cod,2008,10.093
cod,2009,10.047
cod,2010,10.004
cod,2011,9.9612
cod,2012,9.9328
cod,2013,9.8845
cod,2014,9.8468
cod,2015,9.7998
cod,2016,9.7390
cod,2017,9.6444
cod,2018,9.5139
cod,2019,9.3719
cod,2020,9.2112
cod,2021,9.0566
cod,2022,8.8835
cod,2023,8.7067
cod,2024,8.5000
cog,1991,7.5887
cog,1992,7.4082
cog,1993,7.2415
cog,1994,7.0775
cog,1995,6.9294
cog,1996,6.8113
cog,1997,6.6515
cog,1998,7.9906
cog,1999,7.2050
cog,2000,6.2021
cog,2001,6.0280
cog,2002,5.8554
cog,2003,5.6754
cog,2004,5.5118
cog,2005,5.3456
cog,2006,5.1664
cog,2007,4.9972
cog,2008,4.8566
cog,2009,4.7015
cog,2010,4.5469
cog,2011,4.3854
cog,2012,4.2311
cog,2013,4.0926
cog,2014,3.9624
cog,2015,3.8358
cog,2016,3.7140
cog,2017,3.6177
cog,2018,3.5224
cog,2019,3.4281
cog,2020,5.0843
cog,2021,3.2572
cog,2022,3.1695
cog,2023,3.0931
cog,2024,3.0115
cok,1991,2.2897
cok,1992,2.2864
cok,1993,2.2811
cok,1994,2.2697
cok,1995,2.2469
cok,1996,2.2125
cok,1997,2.1660
cok,1998,2.1088
cok,1999,2.0464
cok,2000,1.9841
cok,2001,1.9242
cok,2002,1.8669
cok,2003,1.8125
cok,2004,1.7593
cok,2005,1.7063
cok,2006,1.6531
cok,2007,1.6033
cok,2008,1.5576
cok,2009,1.5172
cok,2010,1.4853
cok,2011,1.4636
cok,2012,1.4547
cok,2013,1.4575
cok,2014,1.4685
cok,2015,1.4862
cok,2016,1.5079
cok,2017,1.5313
cok,2018,1.5553
cok,2019,1.5737
cok,2020,1.5835
cok,2021,1.5818
cok,2022,1.5688
cok,2023,1.5502
cok,2024,1.5267
col,1991,2.4066
col,1992,2.4154
col,1993,2.4182
col,1994,2.4076
col,1995,2.3821
col,1996,2.3417
col,1997,2.2954
col,1998,2.2542
col,1999,2.2223
col,2000,2.1931
col,2001,2.1588
col,2002,2.1159
col,2003,2.0634
col,2004,2.0034
col,2005,1.9419
col,2006,1.8851
col,2007,1.8347
col,2008,1.7904
col,2009,1.7514
col,2010,1.7154
col,2011,1.6801
col,2012,1.6466
col,2013,1.6162
col,2014,1.5898
col,2015,1.5678
col,2016,1.5508
col,2017,1.5388
col,2018,1.5313
col,2019,1.5296
col,2020,1.5330
col,2021,1.5416
col,2022,1.5535
col,2023,1.5656
col,2024,1.5753
com,1991,5.0514
com,1992,4.9285
com,1993,4.8003
com,1994,4.6778
com,1995,4.5653
com,1996,4.4478
com,1997,4.3462
com,1998,4.2329
com,1999,4.1322
com,2000,4.0271
com,2001,3.9175
com,2002,3.8243
com,2003,3.7229
com,2004,3.6303
com,2005,3.5369
com,2006,3.4495
com,2007,3.3534
com,2008,3.2666
com,2009,3.1774
com,2010,3.0822
com,2011,2.9966
com,2012,2.9070
com,2013,2.8178
com,2014,2.7268
com,2015,2.6413
com,2016,2.5547
com,2017,2.4687
com,2018,2.3834
com,2019,2.3051
com,2020,2.2314
com,2021,2.1707
com,2022,2.1150
com,2023,2.0634
com,2024,2.0096
cpv,1991,2.4415
cpv,1992,2.4398
cpv,1993,2.4341
cpv,1994,2.4266
cpv,1995,2.4102
cpv,1996,3.8610
cpv,1997,2.3586
cpv,1998,2.3202
cpv,1999,2.2755
cpv,2000,2.2249
cpv,2001,2.1685
cpv,2002,2.1084
cpv,2003,2.0499
cpv,2004,1.9903
cpv,2005,1.9293
cpv,2006,1.8670
cpv,2007,1.8037
cpv,2008,1.7408
cpv,2009,1.6777
cpv,2010,1.6143
cpv,2011,1.5519
cpv,2012,1.4926
cpv,2013,1.4366
cpv,2014,1.3839
cpv,2015,1.3349
cpv,2016,1.2903
cpv,2017,1.2482
cpv,2018,1.2083
cpv,2019,1.1713
cpv,2020,1.1362
cpv,2021,1.1015
cpv,2022,1.0674
cpv,2023,1.0335
cpv,2024,1.0031
cri,1991,1.5106
cri,1992,1.4911
cri,1993,1.4713
cri,1994,1.4529
cri,1995,1.4340
cri,1996,1.4153
cri,1997,1.3963
cri,1998,1.3767
cri,1999,1.3571
cri,2000,1.3378
cri,2001,1.3186
cri,2002,1.2999
cri,2003,1.2817
cri,2004,1.2636
cri,2005,1.2458
cri,2006,1.2283
cri,2007,1.2106
cri,2008,1.1933
cri,2009,1.1763
cri,2010,1.1593
cri,2011,1.1422
cri,2012,1.1251
cri,2013,1.1087
cri,2014,1.0922
cri,2015,1.0762
cri,2016,1.0607
cri,2017,1.0456
cri,2018,1.0307
cri,2019,1.0164
cri,2020,1.0022
cri,2021,0.98818
cri,2022,0.97410
cri,2023,0.96011
cri,2024,0.94529
cub,1991,2.0780
cub,1992,2.0254
cub,1993,1.9740
cub,1994,1.9220
cub,1995,1.8676
cub,1996,1.8093
cub,1997,1.7490
cub,1998,1.6860
cub,1999,1.6202
cub,2000,1.5519
cub,2001,1.4809
cub,2002,1.4086
cub,2003,1.3373
cub,2004,1.2710
cub,2005,1.2144
cub,2006,1.1680
cub,2007,1.1310
cub,2008,1.1032
cub,2009,1.0823
cub,2010,1.0682
cub,2011,1.0590
cub,2012,1.0531
cub,2013,1.0498
cub,2014,1.0485
cub,2015,1.0489
cub,2016,1.0510
cub,2017,1.0539
cub,2018,1.0569
cub,2019,1.0630
cub,2020,1.0735
cub,2021,1.0890
cub,2022,1.1108
cub,2023,1.1359
cub,2024,1.1575
cyp,1991,0.72517
cyp,1992,0.72530
cyp,1993,0.72742
cyp,1994,0.73121
cyp,1995,0.73687
cyp,1996,0.74479
cyp,1997,0.75482
cyp,1998,0.76537
cyp,1999,0.77709
cyp,2000,0.78749
cyp,2001,0.79527
cyp,2002,0.79983
cyp,2003,0.79918
cyp,2004,0.79205
cyp,2005,0.78011
cyp,2006,0.76388
cyp,2007,0.74287
cyp,2008,0.71835
cyp,2009,0.69296
cyp,2010,0.66712
cyp,2011,0.64208
cyp,2012,0.61837
cyp,2013,0.59694
cyp,2014,0.57690
cyp,2015,0.55897
cyp,2016,0.54276
cyp,2017,0.52737
cyp,2018,0.51292
cyp,2019,0.49874
cyp,2020,0.48548
cyp,2021,0.47280
cyp,2022,0.45951
cyp,2023,0.44713
cyp,2024,0.43602
cze,1991,1.1377
cze,1992,1.1237
cze,1993,1.1101
cze,1994,1.0947
cze,1995,1.0750
cze,1996,1.0506
cze,1997,1.0224
cze,1998,0.99104
cze,1999,0.95886
cze,2000,0.92551
cze,2001,0.89224
cze,2002,0.85950
cze,2003,0.82770
cze,2004,0.79769
cze,2005,0.76820
cze,2006,0.74018
cze,2007,0.71263
cze,2008,0.68576
cze,2009,0.65899
cze,2010,0.63289
cze,2011,0.60692
cze,2012,0.58194
cze,2013,0.55855
cze,2014,0.53731
cze,2015,0.51870
cze,2016,0.50317
cze,2017,0.49004
cze,2018,0.47908
cze,2019,0.47018
cze,2020,0.46273
cze,2021,0.45638
cze,2022,0.45118
cze,2023,0.44599
cze,2024,0.44088
deu,1991,0.93650
deu,1992,0.90891
deu,1993,0.87642
deu,1994,0.84092
deu,1995,0.80454
deu,1996,0.76927
deu,1997,0.73738
deu,1998,0.71009
deu,1999,0.68777
deu,2000,0.66835
deu,2001,0.65070
deu,2002,0.63319
deu,2003,0.61520
deu,2004,0.59609
deu,2005,0.57616
deu,2006,0.55603
deu,2007,0.53645
deu,2008,0.51872
deu,2009,0.50315
deu,2010,0.48900
deu,2011,0.47615
deu,2012,0.46413
deu,2013,0.45296
deu,2014,0.44286
deu,2015,0.43427
deu,2016,0.42750
deu,2017,0.42210
deu,2018,0.41737
deu,2019,0.41335
deu,2020,0.41104
deu,2021,0.41136
deu,2022,0.41465
deu,2023,0.42109
deu,2024,0.43002
dji,1991,9.4638
dji,1992,9.3155
dji,1993,9.2012
dji,1994,9.0964
dji,1995,9.0074
dji,1996,8.9181
dji,1997,8.8321
dji,1998,8.7371
dji,1999,8.6212
dji,2000,8.4975
dji,2001,8.3624
dji,2002,8.2114
dji,2003,8.0505
dji,2004,7.8860
dji,2005,7.7244
dji,2006,7.5619
dji,2007,7.3963
dji,2008,7.2223
dji,2009,7.0517
dji,2010,6.8957
dji,2011,6.7368
dji,2012,6.5761
dji,2013,6.4183
dji,2014,6.2631
dji,2015,6.1120
dji,2016,5.9582
dji,2017,5.8190
dji,2018,5.6707
dji,2019,5.5310
dji,2020,5.3847
dji,2021,5.2427
dji,2022,5.1055
dji,2023,4.9762
dji,2024,4.8411
dma,1991,2.3854
dma,1992,2.3296
dma,1993,2.2724
dma,1994,2.2207
dma,1995,2.1715
dma,1996,2.1237
dma,1997,2.0775
dma,1998,2.0364
dma,1999,2.0020
dma,2000,1.9731
dma,2001,1.9483
dma,2002,1.9262
dma,2003,1.9100
dma,2004,1.9007
dma,2005,1.8937
dma,2006,1.8856
dma,2007,1.8774
dma,2008,1.8676
dma,2009,1.8618
dma,2010,1.8508
dma,2011,1.8331
dma,2012,1.8139
dma,2013,1.7882
dma,2014,1.7589
dma,2015,1.7227
dma,2016,1.6795
dma,2017,1.6425
dma,2018,5.2014
dma,2019,1.5699
dma,2020,1.5300
dma,2021,1.4956
dma,2022,1.4559
dma,2023,1.4214
dma,2024,1.3855
dnk,1991,0.94272
dnk,1992,0.92368
dnk,1993,0.90378
dnk,1994,0.88240
dnk,1995,0.85958
dnk,1996,0.83587
dnk,1997,0.81105
dnk,1998,0.78558
dnk,1999,0.75851
dnk,2000,0.73015
dnk,2001,0.70109
dnk,2002,0.67103
dnk,2003,0.63999
dnk,2004,0.60933
dnk,2005,0.57964
dnk,2006,0.55103
dnk,2007,0.52384
dnk,2008,0.49803
dnk,2009,0.47399
dnk,2010,0.45197
dnk,2011,0.43202
dnk,2012,0.41479
dnk,2013,0.39981
dnk,2014,0.38740
dnk,2015,0.37721
dnk,2016,0.36861
dnk,2017,0.36145
dnk,2018,0.35555
dnk,2019,0.35077
dnk,2020,0.34680
dnk,2021,0.34308
dnk,2022,0.33920
dnk,2023,0.33535
dnk,2024,0.33099
dom,1991,2.7873
dom,1992,2.7004
dom,1993,2.6226
dom,1994,2.5501
dom,1995,2.4857
dom,1996,2.4250
dom,1997,2.3730
dom,1998,2.3274
dom,1999,2.2821
dom,2000,2.2410
dom,2001,2.2035
dom,2002,2.1696
dom,2003,2.1382
dom,2004,2.1047
dom,2005,2.0726
dom,2006,2.0402
dom,2007,2.0120
dom,2008,1.9834
dom,2009,1.9585
dom,2010,1.9354
dom,2011,1.9095
dom,2012,1.8859
dom,2013,1.8652
dom,2014,1.8380
dom,2015,1.8134
dom,2016,1.7816
dom,2017,1.7508
dom,2018,1.7167
dom,2019,1.6824
dom,2020,1.6468
dom,2021,1.6144
dom,2022,1.5780
dom,2023,1.5411
dom,2024,1.5061
dza,1991,3.7865
dza,1992,3.6663
dza,1993,3.5540
dza,1994,3.4483
dza,1995,3.3461
dza,1996,3.2491
dza,1997,3.1558
dza,1998,3.0631
dza,1999,2.9703
dza,2000,2.8731
dza,2001,2.7707
dza,2002,2.6625
dza,2003,2.5537
dza,2004,2.7367
dza,2005,2.3547
dza,2006,2.2783
dza,2007,2.2153
dza,2008,2.1574
dza,2009,2.1015
dza,2010,2.0518
dza,2011,2.0116
dza,2012,1.9801
dza,2013,1.9537
dza,2014,1.9283
dza,2015,1.8966
dza,2016,1.8520
dza,2017,1.7965
dza,2018,1.7354
dza,2019,1.6745
dza,2020,1.6214
dza,2021,1.5824
dza,2022,1.5590
dza,2023,1.5491
dza,2024,1.5490
ecu,1991,3.5125
ecu,1992,3.3805
ecu,1993,3.2405
ecu,1994,3.0962
ecu,1995,2.9620
ecu,1996,2.8494
ecu,1997,2.7607
ecu,1998,2.6967
ecu,1999,2.6544
ecu,2000,2.6265
ecu,2001,2.6055
ecu,2002,2.5865
ecu,2003,2.5665
ecu,2004,2.5423
ecu,2005,2.5131
ecu,2006,2.4780
ecu,2007,2.4382
ecu,2008,2.3944
ecu,2009,2.3434
ecu,2010,2.2877
ecu,2011,2.2272
ecu,2012,2.1621
ecu,2013,2.0936
ecu,2014,2.0246
ecu,2015,1.9566
ecu,2016,1.8932
ecu,2017,1.9910
ecu,2018,1.7942
ecu,2019,1.7664
ecu,2020,1.7586
ecu,2021,1.7740
ecu,2022,1.8109
ecu,2023,1.8636
ecu,2024,1.9251
egy,1991,5.1045
egy,1992,4.7818
egy,1993,4.4764
egy,1994,4.1942
egy,1995,3.9313
egy,1996,3.6792
egy,1997,3.4379
egy,1998,3.2134
egy,1999,3.0127
egy,2000,2.8387
egy,2001,2.6929
egy,2002,2.5757
egy,2003,2.4812
egy,2004,2.4063
egy,2005,2.3483
egy,2006,2.3091
egy,2007,2.2861
egy,2008,2.2753
egy,2009,2.2718
egy,2010,2.2708
egy,2011,2.2680
egy,2012,2.2588
egy,2013,2.2390
egy,2014,2.2051
egy,2015,2.1596
egy,2016,2.1073
egy,2017,2.0530
egy,2018,2.0015
egy,2019,1.9571
egy,2020,1.9189
egy,2021,1.8846
egy,2022,1.8508
egy,2023,1.8174
egy,2024,1.7834
eri,1991,11.671
eri,1992,11.009
eri,1993,10.392
eri,1994,9.7851
eri,1995,9.1982
eri,1996,8.6645
eri,1997,8.1522
eri,1998,7.6795
eri,1999,7.2553
eri,2000,10.108
eri,2001,7.3087
eri,2002,6.1767
eri,2003,5.8850
eri,2004,5.6167
eri,2005,5.3624
eri,2006,5.1613
eri,2007,4.9669
eri,2008,4.7954
eri,2009,4.6257
eri,2010,4.4815
eri,2011,4.3477
eri,2012,4.2124
eri,2013,4.0987
eri,2014,3.9686
eri,2015,3.8649
eri,2016,3.7642
eri,2017,3.6727
eri,2018,3.5692
eri,2019,3.4866
eri,2020,3.3996
eri,2021,3.3271
eri,2022,3.2424
eri,2023,3.1643
eri,2024,3.0847
esp,1991,1.1366
esp,1992,1.1106
esp,1993,1.0779
esp,1994,1.0429
esp,1995,1.0090
esp,1996,0.97745
esp,1997,0.94804
esp,1998,0.92006
esp,1999,0.89232
esp,2000,0.86388
esp,2001,0.83420
esp,2002,0.80350
esp,2003,0.77216
esp,2004,0.74036
esp,2005,0.70864
esp,2006,0.67720
esp,2007,0.64679
esp,2008,0.61778
esp,2009,0.58967
esp,2010,0.56299
esp,2011,0.53814
esp,2012,0.51513
esp,2013,0.49401
esp,2014,0.47495
esp,2015,0.45793
esp,2016,0.44323
esp,2017,0.43149
esp,2018,0.42295
esp,2019,0.41797
esp,2020,0.41672
esp,2021,0.41919
esp,2022,0.42483
esp,2023,0.43215
esp,2024,0.43846
est,1991,2.2686
est,1992,2.2460
est,1993,2.2119
est,1994,2.1633
est,1995,2.1016
est,1996,2.0276
est,1997,1.9450
est,1998,1.8559
est,1999,1.7627
est,2000,1.6677
est,2001,1.5748
est,2002,1.4840
est,2003,1.3979
est,2004,1.3174
est,2005,1.2425
est,2006,1.1735
est,2007,1.1102
est,2008,1.0532
est,2009,1.0021
est,2010,0.95554
est,2011,0.91319
est,2012,0.87467
est,2013,0.83997
est,2014,0.80724
est,2015,0.77948
est,2016,0.75414
est,2017,0.73154
est,2018,0.71129
est,2019,0.69342
est,2020,0.67757
est,2021,0.66409
est,2022,0.65120
est,2023,0.63951
est,2024,0.62930
eth,1991,21.411
eth,1992,20.524
eth,1993,19.661
eth,1994,18.824
eth,1995,17.962
eth,1996,17.130
eth,1997,16.308
eth,1998,15.503
eth,1999,14.741
eth,2000,14.031
eth,2001,13.347
eth,2002,12.627
eth,2003,11.944
eth,2004,11.255
eth,2005,10.589
eth,2006,9.9046
eth,2007,9.2230
eth,2008,8.5619
eth,2009,7.9107
eth,2010,7.3056
eth,2011,6.7330
eth,2012,6.1952
eth,2013,5.6952
eth,2014,5.2229
eth,2015,4.7924
eth,2016,4.3956
eth,2017,4.0485
eth,2018,3.7590
eth,2019,3.5340
eth,2020,3.3479
eth,2021,3.2010
eth,2022,3.0788
eth,2023,2.9663
eth,2024,2.8650
fin,1991,0.90097
fin,1992,0.88731
fin,1993,0.87350
fin,1994,0.85970
fin,1995,0.84475
fin,1996,0.82936
fin,1997,0.81299
fin,1998,0.79450
fin,1999,0.77516
fin,2000,0.75454
fin,2001,0.73369
fin,2002,0.71318
fin,2003,0.69210
fin,2004,0.67174
fin,2005,0.65074
fin,2006,0.62954
fin,2007,0.60785
fin,2008,0.58581
fin,2009,0.56443
fin,2010,0.54383
fin,2011,0.52529
fin,2012,0.50793
fin,2013,0.49225
fin,2014,0.47798
fin,2015,0.46539
fin,2016,0.45426
fin,2017,0.44468
fin,2018,0.43649
fin,2019,0.42943
fin,2020,0.42453
fin,2021,0.42072
fin,2022,0.41801
fin,2023,0.41617
fin,2024,0.41440
fji,1991,5.4619
fji,1992,5.3758
fji,1993,5.2782
fji,1994,5.1664
fji,1995,5.0358
fji,1996,4.8892
fji,1997,4.7275
fji,1998,4.5568
fji,1999,4.3811
fji,2000,4.1905
fji,2001,3.9975
fji,2002,3.8021
fji,2003,3.6110
fji,2004,3.4311
fji,2005,3.2670
fji,2006,3.1201
fji,2007,2.9885
fji,2008,2.8738
fji,2009,2.7760
fji,2010,2.6952
fji,2011,2.6287
fji,2012,2.5820
fji,2013,2.5527
fji,2014,2.5393
fji,2015,2.5461
fji,2016,2.5673
fji,2017,2.8047
fji,2018,2.6529
fji,2019,2.7095
fji,2020,2.7667
fji,2021,2.8175
fji,2022,2.8435
fji,2023,2.8457
fji,2024,2.8277
fra,1991,1.0007
fra,1992,0.96952
fra,1993,0.94003
fra,1994,0.91133
fra,1995,0.88254
fra,1996,0.85288
fra,1997,0.82305
fra,1998,0.79373
fra,1999,0.76528
fra,2000,0.73651
fra,2001,0.70690
fra,2002,0.67601
fra,2003,0.64369
fra,2004,0.61056
fra,2005,0.57878
fra,2006,0.54995
fra,2007,0.52447
fra,2008,0.50268
fra,2009,0.48460
fra,2010,0.46931
fra,2011,0.45633
fra,2012,0.44508
fra,2013,0.43530
fra,2014,0.42664
fra,2015,0.41859
fra,2016,0.41093
fra,2017,0.40417
fra,2018,0.39855
fra,2019,0.39482
fra,2020,0.39296
fra,2021,0.39283
fra,2022,0.39418
fra,2023,0.39658
fra,2024,0.39887
fsm,1991,3.8854
fsm,1992,3.8167
fsm,1993,3.7587
fsm,1994,3.7065
fsm,1995,3.6539
fsm,1996,3.6011
fsm,1997,3.5406
fsm,1998,3.4723
fsm,1999,3.4024
fsm,2000,3.3308
fsm,2001,3.2629
fsm,2002,3.2068
fsm,2003,4.7664
fsm,2004,3.1306
fsm,2005,3.1095
fsm,2006,3.0958
fsm,2007,3.0977
fsm,2008,3.0872
fsm,2009,3.0651
fsm,2010,3.0320
fsm,2011,2.9899
fsm,2012,2.9434
fsm,2013,2.8851
fsm,2014,2.8268
fsm,2015,2.7674
fsm,2016,2.7045
fsm,2017,2.6435
fsm,2018,2.5848
fsm,2019,2.5298
fsm,2020,2.4768
fsm,2021,2.4180
fsm,2022,2.3631
fsm,2023,2.3069
fsm,2024,2.2499
gab,1991,7.5867
gab,1992,7.6529
gab,1993,7.6988
gab,1994,7.7550
gab,1995,7.8126
gab,1996,7.8564
gab,1997,7.9233
gab,1998,7.9899
gab,1999,8.0446
gab,2000,8.0880
gab,2001,8.1470
gab,2002,8.2061
gab,2003,8.2692
gab,2004,8.3477
gab,2005,8.4630
gab,2006,8.5492
gab,2007,8.6165
gab,2008,8.6261
gab,2009,8.5805
gab,2010,8.5001
gab,2011,8.4001
gab,2012,8.2602
gab,2013,8.0995
gab,2014,7.9482
gab,2015,7.7786
gab,2016,7.5942
gab,2017,7.4479
gab,2018,7.2811
gab,2019,7.1013
gab,2020,6.9584
gab,2021,6.7701
gab,2022,6.6143
gab,2023,6.4537
gab,2024,6.3039
gbr,1991,0.96961
gbr,1992,0.94352
gbr,1993,0.91807
gbr,1994,0.89297
gbr,1995,0.86832
gbr,1996,0.84402
gbr,1997,0.81998
gbr,1998,0.79638
gbr,1999,0.77321
gbr,2000,0.75056
gbr,2001,0.72852
gbr,2002,0.70685
gbr,2003,0.68560
gbr,2004,0.66460
gbr,2005,0.64395
gbr,2006,0.62358
gbr,2007,0.60355
gbr,2008,0.58403
gbr,2009,0.56518
gbr,2010,0.54724
gbr,2011,0.53009
gbr,2012,0.51380
gbr,2013,0.49858
gbr,2014,0.48430
gbr,2015,0.47077
gbr,2016,0.45792
gbr,2017,0.44582
gbr,2018,0.43415
gbr,2019,0.42300
gbr,2020,0.41206
gbr,2021,0.40131
gbr,2022,0.39058
gbr,2023,0.38029
gbr,2024,0.37053
geo,1991,1.3797
geo,1992,1.4467
geo,1993,1.1727
geo,1994,1.1036
geo,1995,1.0533
geo,1996,1.0186
geo,1997,0.99733
geo,1998,0.98651
geo,1999,0.98488
geo,2000,0.99241
geo,2001,1.0095
geo,2002,1.0352
geo,2003,1.0678
geo,2004,1.1067
geo,2005,1.1504
geo,2006,1.1977
geo,2007,1.2460
geo,2008,1.2930
geo,2009,1.3367
geo,2010,1.3735
geo,2011,1.4001
geo,2012,1.4155
geo,2013,1.4188
geo,2014,1.4102
geo,2015,1.3885
geo,2016,1.3526
geo,2017,1.3053
geo,2018,1.2494
geo,2019,1.1876
geo,2020,1.1237
geo,2021,1.0606
geo,2022,0.99929
geo,2023,0.94173
geo,2024,0.88798
gha,1991,8.4170
gha,1992,8.2596
gha,1993,8.1051
gha,1994,7.9574
gha,1995,7.8105
gha,1996,7.6622
gha,1997,7.5098
gha,1998,7.3541
gha,1999,7.2038
gha,2000,7.0491
gha,2001,6.8964
gha,2002,6.7464
gha,2003,6.5988
gha,2004,6.4526
gha,2005,6.3053
gha,2006,6.1661
gha,2007,6.0259
gha,2008,5.8842
gha,2009,5.7591
gha,2010,5.6292
gha,2011,5.5170
gha,2012,5.4047
gha,2013,5.3079
gha,2014,5.2172
gha,2015,5.1332
gha,2016,5.0519
gha,2017,4.9764
gha,2018,4.9015
gha,2019,4.8298
gha,2020,4.7505
gha,2021,4.6818
gha,2022,4.6113
gha,2023,4.5367
gha,2024,4.4488
gin,1991,14.565
gin,1992,14.027
gin,1993,13.507
gin,1994,13.033
gin,1995,12.568
gin,1996,12.145
gin,1997,11.724
gin,1998,11.332
gin,1999,10.949
gin,2000,10.599
gin,2001,10.267
gin,2002,9.9335
gin,2003,9.6427
gin,2004,9.3707
gin,2005,9.1024
gin,2006,8.8529
gin,2007,8.6101
gin,2008,8.3852
gin,2009,8.1802
gin,2010,7.9801
gin,2011,7.8170
gin,2012,7.6397
gin,2013,7.4742
gin,2014,7.3191
gin,2015,7.1576
gin,2016,6.9930
gin,2017,6.8367
gin,2018,6.6795
gin,2019,6.5195
gin,2020,6.3544
gin,2021,6.2116
gin,2022,6.0781
gin,2023,5.9526
gin,2024,5.8180
gmb,1991,11.448
gmb,1992,11.177
gmb,1993,10.903
gmb,1994,10.631
gmb,1995,10.356
gmb,1996,10.080
gmb,1997,9.8018
gmb,1998,9.5251
gmb,1999,9.2516
gmb,2000,8.9833
gmb,2001,8.7178
gmb,2002,8.4568
gmb,2003,8.1965
gmb,2004,7.9381
gmb,2005,7.6855
gmb,2006,7.4374
gmb,2007,7.1928
gmb,2008,6.9593
gmb,2009,6.7338
gmb,2010,6.5179
gmb,2011,6.3052
gmb,2012,6.1071
gmb,2013,5.9162
gmb,2014,5.7267
gmb,2015,5.5470
gmb,2016,5.3729
gmb,2017,5.2058
gmb,2018,5.0482
gmb,2019,4.9006
gmb,2020,4.7579
gmb,2021,4.6252
gmb,2022,4.4970
gmb,2023,4.3750
gmb,2024,4.2599
gnb,1991,6.9148
gnb,1992,6.9309
gnb,1993,6.9748
gnb,1994,6.9990
gnb,1995,7.0466
gnb,1996,7.0667
gnb,1997,7.0609
gnb,1998,9.0647
gnb,1999,7.0947
gnb,2000,7.1136
gnb,2001,7.1332
gnb,2002,7.1453
gnb,2003,7.1760
gnb,2004,7.2006
gnb,2005,7.2335
gnb,2006,7.2470
gnb,2007,7.2639
gnb,2008,7.2765
gnb,2009,7.2295
gnb,2010,7.2116
gnb,2011,7.1480
gnb,2012,7.0541
gnb,2013,6.9400
gnb,2014,6.8052
gnb,2015,6.6648
gnb,2016,6.5249
gnb,2017,6.3887
gnb,2018,6.2567
gnb,2019,6.1145
gnb,2020,5.9788
gnb,2021,5.8509
gnb,2022,5.7166
gnb,2023,5.5880
gnb,2024,5.4570
gnq,1991,12.065
gnq,1992,11.996
gnq,1993,11.933
gnq,1994,11.870
gnq,1995,11.805
gnq,1996,11.724
gnq,1997,11.627
gnq,1998,11.512
gnq,1999,11.362
gnq,2000,11.183
gnq,2001,10.981
gnq,2002,10.763
gnq,2003,10.540
gnq,2004,10.310
gnq,2005,10.066
gnq,2006,9.8259
gnq,2007,9.5832
gnq,2008,9.3374
gnq,2009,9.0887
gnq,2010,8.8531
gnq,2011,8.6219
gnq,2012,8.3992
gnq,2013,8.1834
gnq,2014,7.9790
gnq,2015,7.7820
gnq,2016,7.5825
gnq,2017,7.3791
gnq,2018,7.2006
gnq,2019,7.0247
gnq,2020,6.8689
gnq,2021,6.6855
gnq,2022,6.5123
gnq,2023,6.3352
gnq,2024,6.1522
grc,1991,0.96968
grc,1992,0.94045
grc,1993,0.91439
grc,1994,0.89066
grc,1995,0.86886
grc,1996,0.84854
grc,1997,0.82910
grc,1998,0.81006
grc,1999,0.79162
grc,2000,0.77350
grc,2001,0.75608
grc,2002,0.73945
grc,2003,0.72321
grc,2004,0.70716
grc,2005,0.69103
grc,2006,0.67463
grc,2007,0.65791
grc,2008,0.64074
grc,2009,0.62330
grc,2010,0.60562
grc,2011,0.58800
grc,2012,0.57021
grc,2013,0.55242
grc,2014,0.53472
grc,2015,0.51747
grc,2016,0.50066
grc,2017,0.48421
grc,2018,0.46790
grc,2019,0.45193
grc,2020,0.43594
grc,2021,0.42080
grc,2022,0.40669
grc,2023,0.39343
grc,2024,0.38099
grd,1991,1.5451
grd,1992,1.5352
grd,1993,1.5219
grd,1994,1.5131
grd,1995,1.5064
grd,1996,1.5044
grd,1997,1.5023
grd,1998,1.5079
grd,1999,1.5163
grd,2000,1.5291
grd,2001,1.5442
grd,2002,1.5607
grd,2003,1.5828
grd,2004,1.6090
grd,2005,1.6396
grd,2006,1.6715
grd,2007,1.7094
grd,2008,1.7491
grd,2009,1.7899
grd,2010,1.8331
grd,2011,1.8796
grd,2012,1.9306
grd,2013,1.9845
grd,2014,2.0402
grd,2015,2.0902
grd,2016,2.1501
grd,2017,2.2070
grd,2018,2.2680
grd,2019,2.3335
grd,2020,2.3971
grd,2021,2.4672
grd,2022,2.5301
grd,2023,2.5845
grd,2024,2.6145
gtm,1991,5.4643
gtm,1992,5.0994
gtm,1993,4.6965
gtm,1994,4.3081
gtm,1995,3.9741
gtm,1996,3.7053
gtm,1997,3.5040
gtm,1998,3.3596
gtm,1999,3.2432
gtm,2000,3.1295
gtm,2001,3.0162
gtm,2002,2.9089
gtm,2003,2.8127
gtm,2004,2.7330
gtm,2005,2.6738
gtm,2006,3.0513
gtm,2007,2.5826
gtm,2008,2.5330
gtm,2009,2.4790
gtm,2010,2.4208
gtm,2011,2.3648
gtm,2012,2.3189
gtm,2013,2.2859
gtm,2014,2.2601
gtm,2015,2.2368
gtm,2016,2.2098
gtm,2017,2.1745
gtm,2018,2.1291
gtm,2019,2.0813
gtm,2020,2.0387
gtm,2021,2.0045
gtm,2022,1.9808
gtm,2023,1.9666
gtm,2024,1.9544
guy,1991,2.6932
guy,1992,2.5838
guy,1993,2.4880
guy,1994,2.4132
guy,1995,2.3591
guy,1996,2.3240
guy,1997,2.3050
guy,1998,2.2973
guy,1999,2.3005
guy,2000,2.3104
guy,2001,2.3282
guy,2002,2.3528
guy,2003,2.3845
guy,2004,2.4233
guy,2005,2.4721
guy,2006,2.5255
guy,2007,2.5799
guy,2008,2.6336
guy,2009,2.6826
guy,2010,2.7214
guy,2011,2.7453
guy,2012,2.7535
guy,2013,2.7426
guy,2014,2.7107
guy,2015,2.6621
guy,2016,2.6006
guy,2017,2.5336
guy,2018,2.4643
guy,2019,2.3925
guy,2020,2.3238
guy,2021,2.2590
guy,2022,2.1949
guy,2023,2.1361
guy,2024,2.0773
hnd,1991,3.2299
hnd,1992,3.1332
hnd,1993,3.0359
hnd,1994,2.9540
hnd,1995,2.8716
hnd,1996,2.8001
hnd,1997,2.7340
hnd,1998,2.6839
hnd,1999,11.117
hnd,2000,2.6119
hnd,2001,2.5921
hnd,2002,2.5822
hnd,2003,2.5843
hnd,2004,2.5893
hnd,2005,2.6026
hnd,2006,2.6172
hnd,2007,2.6398
hnd,2008,2.6659
hnd,2009,2.6970
hnd,2010,2.7312
hnd,2011,2.7794
hnd,2012,2.8350
hnd,2013,2.8981
hnd,2014,2.9607
hnd,2015,3.0220
hnd,2016,3.0802
hnd,2017,3.1326
hnd,2018,3.1662
hnd,2019,3.1838
hnd,2020,3.1661
hnd,2021,3.1410
hnd,2022,3.0890
hnd,2023,3.0476
hnd,2024,2.9855
hrv,1991,1.3999
hrv,1992,1.6392
hrv,1993,1.2811
hrv,1994,1.2152
hrv,1995,1.1464
hrv,1996,1.1601
hrv,1997,1.0109
hrv,1998,0.94771
hrv,1999,0.88936
hrv,2000,0.83612
hrv,2001,0.78922
hrv,2002,0.74769
hrv,2003,0.71154
hrv,2004,0.87068
hrv,2005,0.65390
hrv,2006,0.63101
hrv,2007,0.61137
hrv,2008,0.59467
hrv,2009,0.57989
hrv,2010,0.56746
hrv,2011,0.55689
hrv,2012,0.54827
hrv,2013,0.54201
hrv,2014,0.53774
hrv,2015,0.53561
hrv,2016,0.53547
hrv,2017,0.53683
hrv,2018,0.54026
hrv,2019,0.54430
hrv,2020,0.54894
hrv,2021,0.55400
hrv,2022,0.55919
hrv,2023,0.72775
hrv,2024,0.56883
hti,1991,9.9130
hti,1992,9.6712
hti,1993,9.4584
hti,1994,9.2570
hti,1995,9.0254
hti,1996,8.7990
hti,1997,8.5796
hti,1998,8.3485
hti,1999,8.1108
hti,2000,7.8860
hti,2001,7.6560
hti,2002,7.4300
hti,2003,7.2200
hti,2004,7.0031
hti,2005,7.9816
hti,2006,6.5860
hti,2007,6.3918
hti,2008,6.1958
hti,2009,6.0108
hti,2010,5.8283
hti,2011,41.598
hti,2012,6.2290
hti,2013,5.3282
hti,2014,5.1698
hti,2015,5.0180
hti,2016,4.8821
hti,2017,4.7527
hti,2018,4.6060
hti,2019,4.4800
hti,2020,4.3795
hti,2021,4.2701
hti,2022,5.0704
hti,2023,4.0714
hti,2024,3.9644
hun,1991,1.2863
hun,1992,1.2582
hun,1993,1.2294
hun,1994,1.1997
hun,1995,1.1703
hun,1996,1.1408
hun,1997,1.1119
hun,1998,1.0828
hun,1999,1.0538
hun,2000,1.0254
hun,2001,0.99705
hun,2002,0.96895
hun,2003,0.94041
hun,2004,0.91200
hun,2005,0.88378
hun,2006,0.85587
hun,2007,0.82853
hun,2008,0.80158
hun,2009,0.77531
hun,2010,0.74976
hun,2011,0.72505
hun,2012,0.70193
hun,2013,0.68026
hun,2014,0.65943
hun,2015,0.63963
hun,2016,0.62076
hun,2017,0.60261
hun,2018,0.58523
hun,2019,0.56887
hun,2020,0.55363
hun,2021,0.53950
hun,2022,0.52635
hun,2023,0.51391
hun,2024,0.50166
idn,1991,4.4352
idn,1992,4.3175
idn,1993,4.2017
idn,1994,4.0873
idn,1995,3.9780
idn,1996,3.8761
idn,1997,3.7779
idn,1998,3.6797
idn,1999,3.5802
idn,2000,3.4868
idn,2001,3.3932
idn,2002,3.3020
idn,2003,3.2105
idn,2004,3.1189
idn,2005,5.6702
idn,2006,2.9444
idn,2007,2.8624
idn,2008,2.7848
idn,2009,2.7128
idn,2010,2.6443
idn,2011,2.5798
idn,2012,2.5188
idn,2013,2.4600
idn,2014,2.4035
idn,2015,2.3525
idn,2016,2.2960
idn,2017,2.2433
idn,2018,2.1920
idn,2019,2.1415
idn,2020,2.0934
idn,2021,2.0510
idn,2022,2.0058
idn,2023,1.9628
idn,2024,1.9188
ind,1991,7.0205
ind,1992,6.8830
ind,1993,6.7468
ind,1994,6.6027
ind,1995,6.4628
ind,1996,6.3234
ind,1997,6.1891
ind,1998,6.0565
ind,1999,5.9207
ind,2000,5.7883
ind,2001,5.6484
ind,2002,5.4991
ind,2003,5.3470
ind,2004,5.1919
ind,2005,5.0265
ind,2006,4.8608
ind,2007,4.6876
ind,2008,4.5112
ind,2009,4.3322
ind,2010,4.1560
ind,2011,3.9794
ind,2012,3.8024
ind,2013,3.6295
ind,2014,3.4594
ind,2015,3.2948
ind,2016,3.1338
ind,2017,2.9824
ind,2018,2.8375
ind,2019,2.6952
ind,2020,2.5588
ind,2021,2.4258
ind,2022,2.3042
ind,2023,2.1977
ind,2024,2.1063
irl,1991,1.0174
irl,1992,0.98936
irl,1993,0.96245
irl,1994,0.93720
irl,1995,0.91328
irl,1996,0.89043
irl,1997,0.86747
irl,1998,0.84493
irl,1999,0.82214
irl,2000,0.79939
irl,2001,0.77602
irl,2002,0.75198
irl,2003,0.72768
irl,2004,0.70282
irl,2005,0.67811
irl,2006,0.65354
irl,2007,0.62932
irl,2008,0.60503
irl,2009,0.58172
irl,2010,0.55877
irl,2011,0.53683
irl,2012,0.51581
irl,2013,0.49599
irl,2014,0.47710
irl,2015,0.45948
irl,2016,0.44317
irl,2017,0.42799
irl,2018,0.41376
irl,2019,0.40066
irl,2020,0.38851
irl,2021,0.37706
irl,2022,0.36624
irl,2023,0.35526
irl,2024,0.34473
irn,1991,6.3034
irn,1992,3.2370
irn,1993,3.0635
irn,1994,2.9097
irn,1995,2.7785
irn,1996,2.6656
irn,1997,2.5709
irn,1998,2.4989
irn,1999,2.4433
irn,2000,2.4081
irn,2001,2.3891
irn,2002,2.3901
irn,2003,2.4073
irn,2004,4.0566
irn,2005,2.4927
irn,2006,2.5610
irn,2007,2.6439
irn,2008,2.7322
irn,2009,2.7976
irn,2010,2.8141
irn,2011,2.7715
irn,2012,2.6753
irn,2013,2.5390
irn,2014,2.3919
irn,2015,2.2565
irn,2016,2.1403
irn,2017,2.0467
irn,2018,1.9742
irn,2019,1.9140
irn,2020,1.8607
irn,2021,1.8115
irn,2022,1.7650
irn,2023,1.7183
irn,2024,1.6755
irq,1991,8.5426
irq,1992,6.1663
irq,1993,4.0820
irq,1994,3.9488
irq,1995,3.8184
irq,1996,3.7016
irq,1997,3.5861
irq,1998,3.4812
irq,1999,3.3877
irq,2000,3.3031
irq,2001,3.2300
irq,2002,3.1695
irq,2003,3.1213
irq,2004,3.0802
irq,2005,3.0516
irq,2006,3.0270
irq,2007,3.0067
irq,2008,2.9978
irq,2009,2.9897
irq,2010,2.9914
irq,2011,2.9923
irq,2012,2.9908
irq,2013,2.9890
irq,2014,2.9700
irq,2015,2.9410
irq,2016,2.9022
irq,2017,2.8553
irq,2018,2.8029
irq,2019,2.7470
irq,2020,2.6847
irq,2021,2.6229
irq,2022,2.5647
irq,2023,2.5154
irq,2024,2.4679
isl,1991,0.86670
isl,1992,0.85065
isl,1993,0.83526
isl,1994,0.82139
isl,1995,0.80904
isl,1996,0.79585
isl,1997,0.78253
isl,1998,0.76822
isl,1999,0.75386
isl,2000,0.73835
isl,2001,0.72261
isl,2002,0.70549
isl,2003,0.68856
isl,2004,0.67137
isl,2005,0.65254
isl,2006,0.63331
isl,2007,0.61383
isl,2008,0.59388
isl,2009,0.57374
isl,2010,0.55437
isl,2011,0.53452
isl,2012,0.51420
isl,2013,0.49386
isl,2014,0.47450
isl,2015,0.45619
isl,2016,0.43764
isl,2017,0.41989
isl,2018,0.40351
isl,2019,0.38679
isl,2020,0.37248
isl,2021,0.35928
isl,2022,0.34690
isl,2023,0.33535
isl,2024,0.32485
isr,1991,0.95447
isr,1992,0.92461
isr,1993,0.89689
isr,1994,0.87182
isr,1995,0.84903
isr,1996,0.82899
isr,1997,0.81106
isr,1998,0.79454
isr,1999,0.77958
isr,2000,0.76525
isr,2001,0.75122
isr,2002,0.73709
isr,2003,0.72244
isr,2004,0.70742
isr,2005,0.69174
isr,2006,0.67562
isr,2007,0.65928
isr,2008,0.64234
isr,2009,0.62531
isr,2010,0.60837
isr,2011,0.59142
isr,2012,0.57499
isr,2013,0.55955
isr,2014,0.54456
isr,2015,0.53037
isr,2016,0.51646
isr,2017,0.50317
isr,2018,0.49051
isr,2019,0.47885
isr,2020,0.46863
isr,2021,0.46012
isr,2022,0.45310
isr,2023,0.44769
isr,2024,0.44225
ita,1991,0.97226
ita,1992,0.99380
ita,1993,1.0176
ita,1994,1.0294
ita,1995,1.0241
ita,1996,0.99733
ita,1997,0.95219
ita,1998,0.89517
ita,1999,0.83435
ita,2000,0.78031
ita,2001,0.73956
ita,2002,0.70875
ita,2003,0.67936
ita,2004,0.64844
ita,2005,0.61960
ita,2006,0.59620
ita,2007,0.57834
ita,2008,0.56417
ita,2009,0.55204
ita,2010,0.53899
ita,2011,0.52249
ita,2012,0.50381
ita,2013,0.48623
ita,2014,0.47123
ita,2015,0.46037
ita,2016,0.45398
ita,2017,0.44764
ita,2018,0.43534
ita,2019,0.41646
ita,2020,0.39928
ita,2021,0.39166
ita,2022,0.39521
ita,2023,0.40934
ita,2024,0.43263
jam,1991,2.2861
jam,1992,2.2507
jam,1993,2.2162
jam,1994,2.1784
jam,1995,2.1412
jam,1996,2.1032
jam,1997,2.0624
jam,1998,2.0203
jam,1999,1.9787
jam,2000,1.9394
jam,2001,1.9054
jam,2002,1.8764
jam,2003,1.8548
jam,2004,1.8398
jam,2005,1.8318
jam,2006,1.8273
jam,2007,1.8260
jam,2008,1.8269
jam,2009,1.8265
jam,2010,1.8243
jam,2011,1.8226
jam,2012,1.8200
jam,2013,1.8147
jam,2014,1.8094
jam,2015,1.8035
jam,2016,1.7982
jam,2017,1.7961
jam,2018,1.7974
jam,2019,1.8020
jam,2020,1.8087
jam,2021,1.8165
jam,2022,1.8254
jam,2023,1.8327
jam,2024,1.8365
jor,1991,2.2123
jor,1992,2.1763
jor,1993,2.1379
jor,1994,2.0983
jor,1995,2.0573
jor,1996,2.0161
jor,1997,1.9744
jor,1998,1.9328
jor,1999,1.8895
jor,2000,1.8470
jor,2001,1.8029
jor,2002,1.7590
jor,2003,1.7135
jor,2004,1.6674
jor,2005,1.6196
jor,2006,1.5724
jor,2007,1.5275
jor,2008,1.4859
jor,2009,1.4500
jor,2010,1.4211
jor,2011,1.3977
jor,2012,1.3761
jor,2013,1.3492
jor,2014,1.3024
jor,2015,1.2228
jor,2016,1.1119
jor,2017,0.97814
jor,2018,0.83491
jor,2019,0.69782
jor,2020,0.57786
jor,2021,0.48078
jor,2022,0.40908
jor,2023,0.35948
jor,2024,0.32403
jpn,1991,0.73419
jpn,1992,0.72731
jpn,1993,0.71870
jpn,1994,0.70749
jpn,1995,0.69298
jpn,1996,0.80835
jpn,1997,0.65611
jpn,1998,0.63570
jpn,1999,0.61492
jpn,2000,0.59403
jpn,2001,0.57273
jpn,2002,0.55229
jpn,2003,0.53328
jpn,2004,0.51652
jpn,2005,0.50172
jpn,2006,0.48821
jpn,2007,0.47643
jpn,2008,0.46642
jpn,2009,0.45811
jpn,2010,0.45150
jpn,2011,0.44643
jpn,2012,0.86906
jpn,2013,0.43841
jpn,2014,0.43372
jpn,2015,0.42836
jpn,2016,0.42226
jpn,2017,0.41611
jpn,2018,0.41056
jpn,2019,0.40641
jpn,2020,0.40406
jpn,2021,0.40346
jpn,2022,0.40484
jpn,2023,0.40808
jpn,2024,0.41218
kaz,1991,2.6784
kaz,1992,2.7258
kaz,1993,2.7513
kaz,1994,2.7506
kaz,1995,2.7269
kaz,1996,2.6853
kaz,1997,2.6312
kaz,1998,2.5697
kaz,1999,2.5067
kaz,2000,2.4476
kaz,2001,2.3971
kaz,2002,2.3584
kaz,2003,2.3342
kaz,2004,2.3240
kaz,2005,2.3193
kaz,2006,2.3116
kaz,2007,2.2897
kaz,2008,2.2418
kaz,2009,2.1647
kaz,2010,2.0680
kaz,2011,1.9646
kaz,2012,1.8638
kaz,2013,1.7719
kaz,2014,1.6928
kaz,2015,1.6255
kaz,2016,1.5687
kaz,2017,1.5200
kaz,2018,1.4780
kaz,2019,1.4409
kaz,2020,1.4112
kaz,2021,1.3903
kaz,2022,1.3782
kaz,2023,1.3727
kaz,2024,1.3713
ken,1991,5.1051
ken,1992,5.2809
ken,1993,5.4415
ken,1994,5.5770
ken,1995,5.6859
ken,1996,5.7634
ken,1997,5.7963
ken,1998,5.7986
ken,1999,5.7765
ken,2000,5.7066
ken,2001,5.5999
ken,2002,5.4567
ken,2003,5.2898
ken,2004,5.0881
ken,2005,4.8888
ken,2006,4.6981
ken,2007,4.5189
ken,2008,4.3563
ken,2009,4.2083
ken,2010,4.0720
ken,2011,3.9425
ken,2012,3.8179
ken,2013,3.6862
ken,2014,3.5388
ken,2015,3.3898
ken,2016,3.2184
ken,2017,3.0377
ken,2018,2.8590
ken,2019,2.6858
ken,2020,2.5103
ken,2021,2.3582
ken,2022,2.2267
ken,2023,2.1083
ken,2024,2.0130
kgz,1991,2.5859
kgz,1992,2.5479
kgz,1993,2.5206
kgz,1994,2.5032
kgz,1995,2.4917
kgz,1996,2.4809
kgz,1997,2.4620
kgz,1998,2.4273
kgz,1999,2.3726
kgz,2000,2.3003
kgz,2001,2.2135
kgz,2002,2.1209
kgz,2003,2.0282
kgz,2004,1.9437
kgz,2005,1.8714
kgz,2006,1.8165
kgz,2007,1.7770
kgz,2008,1.7486
kgz,2009,1.7289
kgz,2010,1.7151
kgz,2011,1.7062
kgz,2012,1.7004
kgz,2013,1.6967
kgz,2014,1.6946
kgz,2015,1.6905
kgz,2016,1.6814
kgz,2017,1.6674
kgz,2018,1.6480
kgz,2019,1.6253
kgz,2020,1.6054
kgz,2021,1.5916
kgz,2022,1.5873
kgz,2023,1.5890
kgz,2024,1.5952
khm,1991,9.0300
khm,1992,8.6128
khm,1993,8.1855
khm,1994,7.7716
khm,1995,7.3942
khm,1996,6.9865
khm,1997,6.6400
khm,1998,6.2642
khm,1999,5.8933
khm,2000,5.5228
khm,2001,5.1815
khm,2002,4.8503
khm,2003,4.5390
khm,2004,4.2473
khm,2005,3.9661
khm,2006,3.7115
khm,2007,3.4640
khm,2008,3.2309
khm,2009,3.0291
khm,2010,2.8260
khm,2011,2.6402
khm,2012,2.4597
khm,2013,2.3046
khm,2014,2.1661
khm,2015,2.0499
khm,2016,1.9544
khm,2017,1.8772
khm,2018,1.8070
khm,2019,1.7488
khm,2020,1.6957
khm,2021,1.6479
khm,2022,1.5992
khm,2023,1.5584
khm,2024,1.5119
kir,1991,5.9837
kir,1992,5.8213
kir,1993,5.6643
kir,1994,5.5189
kir,1995,5.3940
kir,1996,5.2819
kir,1997,5.1790
kir,1998,5.0801
kir,1999,4.9816
kir,2000,4.8828
kir,2001,4.7862
kir,2002,4.6950
kir,2003,4.6180
kir,2004,4.5609
kir,2005,4.5232
kir,2006,4.4956
kir,2007,4.4720
kir,2008,4.4498
kir,2009,4.4206
kir,2010,4.3907
kir,2011,4.3622
kir,2012,4.3474
kir,2013,4.3413
kir,2014,4.3501
kir,2015,4.3736
kir,2016,4.4007
kir,2017,4.4318
kir,2018,4.4500
kir,2019,4.4483
kir,2020,4.4206
kir,2021,4.3825
kir,2022,4.3306
kir,2023,4.2695
kir,2024,4.1988
kna,1991,2.3893
kna,1992,2.3555
kna,1993,2.3274
kna,1994,2.3048
kna,1995,2.2837
kna,1996,2.2608
kna,1997,2.2344
kna,1998,2.2039
kna,1999,2.1670
kna,2000,2.1247
kna,2001,2.0773
kna,2002,2.0277
kna,2003,1.9789
kna,2004,1.9322
kna,2005,1.8895
kna,2006,1.8555
kna,2007,1.8290
kna,2008,1.8116
kna,2009,1.8024
kna,2010,1.8007
kna,2011,1.8036
kna,2012,1.8115
kna,2013,1.8212
kna,2014,1.8329
kna,2015,1.8419
kna,2016,1.8406
kna,2017,1.8295
kna,2018,1.8127
kna,2019,1.7940
kna,2020,1.7711
kna,2021,1.7427
kna,2022,1.7133
kna,2023,1.6846
kna,2024,1.6559
kor,1991,1.8934
kor,1992,1.8188
kor,1993,1.7473
kor,1994,1.6748
kor,1995,1.5984
kor,1996,1.5144
kor,1997,1.4205
kor,1998,1.3192
kor,1999,1.2191
kor,2000,1.1267
kor,2001,1.0437
kor,2002,0.97059
kor,2003,0.90617
kor,2004,0.84984
kor,2005,0.80016
kor,2006,0.75592
kor,2007,0.71598
kor,2008,0.67954
kor,2009,0.64558
kor,2010,0.61334
kor,2011,0.58251
kor,2012,0.55297
kor,2013,0.52502
kor,2014,0.49949
kor,2015,0.47744
kor,2016,0.45922
kor,2017,0.44554
kor,2018,0.43640
kor,2019,0.43161
kor,2020,0.43088
kor,2021,0.43360
kor,2022,0.43900
kor,2023,0.44629
kor,2024,0.45289
kwt,1991,2.4180
kwt,1992,2.0021
kwt,1993,1.9182
kwt,1994,1.7991
kwt,1995,1.6725
kwt,1996,1.5588
kwt,1997,1.4656
kwt,1998,1.3958
kwt,1999,1.3513
kwt,2000,1.3303
kwt,2001,1.3265
kwt,2002,1.3332
kwt,2003,1.3433
kwt,2004,1.3528
kwt,2005,1.3557
kwt,2006,1.3488
kwt,2007,1.3283
kwt,2008,1.2989
kwt,2009,1.2605
kwt,2010,1.2138
kwt,2011,1.1608
kwt,2012,1.1074
kwt,2013,1.0588
kwt,2014,1.0223
kwt,2015,0.99971
kwt,2016,0.99090
kwt,2017,0.99126
kwt,2018,0.99311
kwt,2019,0.99057
kwt,2020,0.98352
kwt,2021,0.97235
kwt,2022,0.95664
kwt,2023,0.93732
kwt,2024,0.91419
lao,1991,11.677
lao,1992,11.417
lao,1993,11.160
lao,1994,10.895
lao,1995,10.619
lao,1996,10.362
lao,1997,10.077
lao,1998,9.8545
lao,1999,9.6379
lao,2000,9.3915
lao,2001,9.1571
lao,2002,8.9101
lao,2003,8.6751
lao,2004,8.4315
lao,2005,8.1786
lao,2006,7.9013
lao,2007,7.6182
lao,2008,7.3382
lao,2009,7.0605
lao,2010,6.7845
lao,2011,6.4970
lao,2012,6.2122
lao,2013,5.9229
lao,2014,5.6404
lao,2015,5.3742
lao,2016,5.1191
lao,2017,4.8800
lao,2018,4.6641
lao,2019,4.4808
lao,2020,4.3266
lao,2021,4.1813
lao,2022,4.0480
lao,2023,3.9311
lao,2024,3.8134
lbn,1991,3.4332
lbn,1992,3.2789
lbn,1993,3.1324
lbn,1994,2.9997
lbn,1995,2.8717
lbn,1996,2.7539
lbn,1997,2.6378
lbn,1998,2.5266
lbn,1999,2.4184
lbn,2000,2.3093
lbn,2001,2.2013
lbn,2002,2.0930
lbn,2003,1.9855
lbn,2004,1.8834
lbn,2005,1.7861
lbn,2006,1.6996
lbn,2007,1.6221
lbn,2008,1.5579
lbn,2009,1.5040
lbn,2010,1.4627
lbn,2011,1.4326
lbn,2012,1.4139
lbn,2013,1.4040
lbn,2014,1.4062
lbn,2015,1.4184
lbn,2016,1.4402
lbn,2017,1.4740
lbn,2018,1.5198
lbn,2019,1.5787
lbn,2020,1.6494
lbn,2021,1.7322
lbn,2022,1.8265
lbn,2023,1.9296
lbn,2024,2.0361
lbr,1991,12.119
lbr,1992,12.223
lbr,1993,12.315
lbr,1994,13.864
lbr,1995,14.769
lbr,1996,13.725
lbr,1997,14.076
lbr,1998,12.308
lbr,1999,12.108
lbr,2000,11.848
lbr,2001,11.534
lbr,2002,11.198
lbr,2003,10.858
lbr,2004,11.614
lbr,2005,10.153
lbr,2006,9.8241
lbr,2007,9.4855
lbr,2008,9.1769
lbr,2009,8.8906
lbr,2010,8.6426
lbr,2011,8.4283
lbr,2012,8.2636
lbr,2013,8.1486
lbr,2014,8.0618
lbr,2015,9.1834
lbr,2016,9.3748
lbr,2017,7.9572
lbr,2018,7.9377
lbr,2019,7.9117
lbr,2020,7.8546
lbr,2021,7.7589
lbr,2022,7.6488
lbr,2023,7.4967
lbr,2024,7.3482
lby,1991,2.7043
lby,1992,2.6269
lby,1993,2.5604
lby,1994,2.4893
lby,1995,2.4101
lby,1996,2.3437
lby,1997,2.2808
lby,1998,2.2254
lby,1999,2.1823
lby,2000,2.1438
lby,2001,2.1140
lby,2002,2.0892
lby,2003,2.0678
lby,2004,2.0535
lby,2005,2.0455
lby,2006,2.0276
lby,2007,1.9951
lby,2008,1.9554
lby,2009,1.9108
lby,2010,1.8718
lby,2011,1.8335
lby,2012,2.3916
lby,2013,1.7423
lby,2014,1.6970
lby,2015,1.8329
lby,2016,1.8047
lby,2017,1.7685
lby,2018,1.6523
lby,2019,1.4861
lby,2020,1.6278
lby,2021,1.5380
lby,2022,1.3770
lby,2023,1.3467
lby,2024,8.5126
lca,1991,1.8610
lca,1992,1.8724
lca,1993,1.8815
lca,1994,1.8885
lca,1995,1.8913
lca,1996,1.8864
lca,1997,1.8760
lca,1998,1.8588
lca,1999,1.8363
lca,2000,1.8064
lca,2001,1.7719
lca,2002,1.7316
lca,2003,1.6888
lca,2004,1.6452
lca,2005,1.6018
lca,2006,1.5594
lca,2007,1.5199
lca,2008,1.4833
lca,2009,1.4467
lca,2010,1.4153
lca,2011,1.3864
lca,2012,1.3569
lca,2013,1.3298
lca,2014,1.3031
lca,2015,1.2803
lca,2016,1.2572
lca,2017,1.2354
lca,2018,1.2133
lca,2019,1.1917
lca,2020,1.1707
lca,2021,1.1497
lca,2022,1.1285
lca,2023,1.1048
lca,2024,1.0814
lka,1991,2.9859
lka,1992,2.8830
lka,1993,2.7830
lka,1994,2.6943
lka,1995,2.6214
lka,1996,2.5621
lka,1997,2.5140
lka,1998,2.4675
lka,1999,2.4107
lka,2000,2.3373
lka,2001,2.2490
lka,2002,2.1500
lka,2003,2.0497
lka,2004,1.9590
lka,2005,8.1649
lka,2006,1.8386
lka,2007,1.8235
lka,2008,1.8324
lka,2009,1.8514
lka,2010,3.3180
lka,2011,1.8329
lka,2012,1.7411
lka,2013,1.6018
lka,2014,1.4449
lka,2015,1.2930
lka,2016,1.1625
lka,2017,1.0608
lka,2018,0.98391
lka,2019,0.92370
lka,2020,0.87615
lka,2021,0.83809
lka,2022,0.80463
lka,2023,0.77531
lka,2024,0.74859
lso,1991,7.4011
lso,1992,7.2769
lso,1993,7.1604
lso,1994,7.0360
lso,1995,6.9096
lso,1996,6.7900
lso,1997,6.6731
lso,1998,6.5589
lso,1999,6.4465
lso,2000,6.3423
lso,2001,6.2416
lso,2002,6.1388
lso,2003,6.0321
lso,2004,5.9295
lso,2005,5.8320
lso,2006,5.7404
lso,2007,5.6457
lso,2008,5.5508
lso,2009,5.4577
lso,2010,5.3640
lso,2011,5.2725
lso,2012,5.1840
lso,2013,5.1005
lso,2014,5.0145
lso,2015,4.9384
lso,2016,4.8628
lso,2017,4.7865
lso,2018,4.7150
lso,2019,4.6342
lso,2020,4.5456
lso,2021,4.4477
lso,2022,4.3641
lso,2023,4.2761
lso,2024,4.1755
ltu,1991,2.0128
ltu,1992,1.9848
ltu,1993,1.9440
ltu,1994,1.8896
ltu,1995,1.8240
ltu,1996,1.7527
ltu,1997,1.6793
ltu,1998,1.6087
ltu,1999,1.5442
ltu,2000,1.4858
ltu,2001,1.4356
ltu,2002,1.3917
ltu,2003,1.3551
ltu,2004,1.3262
ltu,2005,1.2999
ltu,2006,1.2758
ltu,2007,1.2491
ltu,2008,1.2182
ltu,2009,1.1827
ltu,2010,1.1437
ltu,2011,1.1016
ltu,2012,1.0583
ltu,2013,1.0154
ltu,2014,0.97328
ltu,2015,0.93163
ltu,2016,0.89006
ltu,2017,0.84961
ltu,2018,0.81034
ltu,2019,0.77219
ltu,2020,0.73520
ltu,2021,0.69970
ltu,2022,0.66542
ltu,2023,0.63244
ltu,2024,0.60218
lux,1991,0.78169
lux,1992,0.73374
lux,1993,0.68704
lux,1994,0.64147
lux,1995,0.59815
lux,1996,0.55814
lux,1997,0.52002
lux,1998,0.48527
lux,1999,0.45342
lux,2000,0.42505
lux,2001,0.39896
lux,2002,0.37535
lux,2003,0.35416
lux,2004,0.33537
lux,2005,0.31860
lux,2006,0.30379
lux,2007,0.29125
lux,2008,0.28015
lux,2009,0.27072
lux,2010,0.26301
lux,2011,0.25580
lux,2012,0.24989
lux,2013,0.24512
lux,2014,0.24137
lux,2015,0.23836
lux,2016,0.23626
lux,2017,0.23504
lux,2018,0.23405
lux,2019,0.23374
lux,2020,0.23343
lux,2021,0.23314
lux,2022,0.23344
lux,2023,0.23318
lux,2024,0.23129
lva,1991,2.5600
lva,1992,2.5107
lva,1993,2.4376
lva,1994,2.3445
lva,1995,2.2400
lva,1996,2.1292
lva,1997,2.0216
lva,1998,1.9198
lva,1999,1.8263
lva,2000,1.7450
lva,2001,1.6713
lva,2002,1.6058
lva,2003,1.5469
lva,2004,1.4923
lva,2005,1.4399
lva,2006,1.3879
lva,2007,1.3331
lva,2008,1.2757
lva,2009,1.2151
lva,2010,1.1518
lva,2011,1.0862
lva,2012,1.0216
lva,2013,0.95827
lva,2014,0.89784
lva,2015,0.84080
lva,2016,0.78734
lva,2017,0.73723
lva,2018,0.69073
lva,2019,0.64752
lva,2020,0.60787
lva,2021,0.57146
lva,2022,0.53804
lva,2023,0.50662
lva,2024,0.47755
mar,1991,3.5152
mar,1992,3.3515
mar,1993,3.1961
mar,1994,3.0405
mar,1995,2.8932
mar,1996,2.7513
mar,1997,2.6164
mar,1998,2.4887
mar,1999,2.3680
mar,2000,2.2518
mar,2001,2.1461
mar,2002,2.0434
mar,2003,1.9458
mar,2004,1.8508
mar,2005,1.7636
mar,2006,1.6842
mar,2007,1.6045
mar,2008,1.5309
mar,2009,1.4629
mar,2010,1.3960
mar,2011,1.3344
mar,2012,1.2799
mar,2013,1.2330
mar,2014,1.1898
mar,2015,1.1536
mar,2016,1.1215
mar,2017,1.0878
mar,2018,1.0595
mar,2019,1.0288
mar,2020,1.0015
mar,2021,0.97763
mar,2022,0.95330
mar,2023,0.92849
mar,2024,1.1889
mco,1991,0.92780
mco,1992,0.89605
mco,1993,0.86550
mco,1994,0.83595
mco,1995,0.80838
mco,1996,0.78166
mco,1997,0.75682
mco,1998,0.73347
mco,1999,0.71127
mco,2000,0.69106
mco,2001,0.67271
mco,2002,0.65555
mco,2003,0.64015
mco,2004,0.62649
mco,2005,0.61372
mco,2006,0.60190
mco,2007,0.59046
mco,2008,0.57988
mco,2009,0.56930
mco,2010,0.55914
mco,2011,0.54936
mco,2012,0.53961
mco,2013,0.52957
mco,2014,0.51941
mco,2015,0.50923
mco,2016,0.49813
mco,2017,0.48677
mco,2018,0.47535
mco,2019,0.46369
mco,2020,0.45239
mco,2021,0.44065
mco,2022,0.42984
mco,2023,0.41886
mco,2024,0.40801
mda,1991,2.3230
mda,1992,2.3463
mda,1993,2.3610
mda,1994,2.3629
mda,1995,2.3502
mda,1996,2.3196
mda,1997,2.2755
mda,1998,2.2210
mda,1999,2.1602
mda,2000,2.0949
mda,2001,2.0263
mda,2002,1.9572
mda,2003,1.8897
mda,2004,1.8247
mda,2005,1.7635
mda,2006,1.7080
mda,2007,1.6573
mda,2008,1.6133
mda,2009,1.5756
mda,2010,1.5440
mda,2011,1.5176
mda,2012,1.4972
mda,2013,1.4817
mda,2014,1.4706
mda,2015,1.4617
mda,2016,1.4550
mda,2017,1.4449
mda,2018,1.4316
mda,2019,1.4140
mda,2020,1.3912
mda,2021,1.3655
mda,2022,1.3390
mda,2023,1.3113
mda,2024,1.2836
mdg,1991,13.227
mdg,1992,12.541
mdg,1993,11.898
mdg,1994,11.322
mdg,1995,10.831
mdg,1996,10.421
mdg,1997,10.056
mdg,1998,9.7334
mdg,1999,9.4283
mdg,2000,9.1352
mdg,2001,8.8342
mdg,2002,8.5289
mdg,2003,8.2145
mdg,2004,7.8991
mdg,2005,7.5952
mdg,2006,7.3103
mdg,2007,7.0384
mdg,2008,6.7782
mdg,2009,6.5354
mdg,2010,6.3087
mdg,2011,6.1114
mdg,2012,5.9542
mdg,2013,5.8314
mdg,2014,5.7491
mdg,2015,5.7131
mdg,2016,5.7276
mdg,2017,5.7865
mdg,2018,5.8957
mdg,2019,6.0211
mdg,2020,6.1647
mdg,2021,6.2882
mdg,2022,6.3755
mdg,2023,6.4038
mdg,2024,6.4009
mdv,1991,3.5024
mdv,1992,3.3592
mdv,1993,3.2240
mdv,1994,3.0944
mdv,1995,2.9724
mdv,1996,2.8594
mdv,1997,2.7520
mdv,1998,2.6541
mdv,1999,2.5664
mdv,2000,2.4855
mdv,2001,2.4161
mdv,2002,2.3564
mdv,2003,2.3041
mdv,2004,2.2629
mdv,2005,3.4971
mdv,2006,2.1894
mdv,2007,2.1531
mdv,2008,2.1142
mdv,2009,2.0694
mdv,2010,2.0178
mdv,2011,1.9566
mdv,2012,1.8865
mdv,2013,1.8078
mdv,2014,1.7232
mdv,2015,1.6347
mdv,2016,1.5442
mdv,2017,1.4521
mdv,2018,1.3616
mdv,2019,1.2726
mdv,2020,1.1880
mdv,2021,1.1080
mdv,2022,1.0358
mdv,2023,0.97122
mdv,2024,0.91840
mex,1991,2.5412
mex,1992,2.3497
mex,1993,2.1891
mex,1994,2.0647
mex,1995,1.9727
mex,1996,1.9098
mex,1997,1.8658
mex,1998,1.8292
mex,1999,1.7930
mex,2000,1.7562
mex,2001,1.7199
mex,2002,1.6869
mex,2003,1.6596
mex,2004,1.6401
mex,2005,1.6282
mex,2006,1.6229
mex,2007,1.6217
mex,2008,1.6221
mex,2009,1.6204
mex,2010,1.6123
mex,2011,1.5945
mex,2012,1.5674
mex,2013,1.5358
mex,2014,1.5034
mex,2015,1.4735
mex,2016,1.4497
mex,2017,1.4320
mex,2018,1.4194
mex,2019,1.4121
mex,2020,1.5046
mex,2021,1.5464
mex,2022,1.5812
mex,2023,1.5712
mex,2024,1.4956
mhl,1991,3.7684
mhl,1992,3.6703
mhl,1993,3.5792
mhl,1994,3.5022
mhl,1995,3.4492
mhl,1996,3.4201
mhl,1997,3.4115
mhl,1998,3.4192
mhl,1999,3.4419
mhl,2000,3.4627
mhl,2001,3.4745
mhl,2002,3.4767
mhl,2003,3.4695
mhl,2004,3.4548
mhl,2005,3.4354
mhl,2006,3.4132
mhl,2007,3.3889
mhl,2008,3.3647
mhl,2009,3.3401
mhl,2010,3.3137
mhl,2011,3.2911
mhl,2012,3.2613
mhl,2013,3.2218
mhl,2014,3.1776
mhl,2015,3.1247
mhl,2016,3.0667
mhl,2017,3.0112
mhl,2018,2.9508
mhl,2019,2.8910
mhl,2020,2.8313
mhl,2021,2.7738
mhl,2022,2.7093
mhl,2023,2.6503
mhl,2024,2.5872
mkd,1991,1.5616
mkd,1992,1.5439
mkd,1993,1.5231
mkd,1994,1.4983
mkd,1995,1.4689
mkd,1996,1.4343
mkd,1997,1.3945
mkd,1998,1.3509
mkd,1999,1.3040
mkd,2000,1.2541
mkd,2001,1.2014
mkd,2002,1.1476
mkd,2003,1.0935
mkd,2004,1.0403
mkd,2005,0.99063
mkd,2006,0.94620
mkd,2007,0.90769
mkd,2008,0.87486
mkd,2009,0.84924
mkd,2010,0.82954
mkd,2011,0.81538
mkd,2012,0.80591
mkd,2013,0.79992
mkd,2014,0.79712
mkd,2015,0.79538
mkd,2016,0.79241
mkd,2017,0.78883
mkd,2018,0.78381
mkd,2019,0.77632
mkd,2020,0.76721
mkd,2021,0.75533
mkd,2022,0.74267
mkd,2023,0.72989
mkd,2024,0.71696
mli,1991,11.802
mli,1992,11.657
mli,1993,11.520
mli,1994,11.379
mli,1995,11.250
mli,1996,11.118
mli,1997,11.002
mli,1998,10.877
mli,1999,10.741
mli,2000,10.617
mli,2001,10.488
mli,2002,10.355
mli,2003,10.218
mli,2004,10.106
mli,2005,9.9896
mli,2006,9.8849
mli,2007,9.7893
mli,2008,9.6845
mli,2009,9.5839
mli,2010,9.4859
mli,2011,9.3924
mli,2012,9.3074
mli,2013,9.2314
mli,2014,9.1425
mli,2015,9.0701
mli,2016,8.9938
mli,2017,8.9073
mli,2018,8.8175
mli,2019,8.7155
mli,2020,8.6124
mli,2021,8.4709
mli,2022,8.3132
mli,2023,8.1518
mli,2024,7.9980
mlt,1991,0.73513
mlt,1992,0.72958
mlt,1993,0.72608
mlt,1994,0.72262
mlt,1995,0.71980
mlt,1996,0.71749
mlt,1997,0.71583
mlt,1998,0.71437
mlt,1999,0.71243
mlt,2000,0.71057
mlt,2001,0.70908
mlt,2002,0.70526
mlt,2003,0.70003
mlt,2004,0.69532
mlt,2005,0.68843
mlt,2006,0.68141
mlt,2007,0.67264
mlt,2008,0.66317
mlt,2009,0.65279
mlt,2010,0.64204
mlt,2011,0.62946
mlt,2012,0.61662
mlt,2013,0.60414
mlt,2014,0.59163
mlt,2015,0.57901
mlt,2016,0.56599
mlt,2017,0.55226
mlt,2018,0.53995
mlt,2019,0.52733
mlt,2020,0.51424
mlt,2021,0.50215
mlt,2022,0.49057
mlt,2023,0.47891
mlt,2024,0.46660
mmr,1991,6.7317
mmr,1992,6.7488
mmr,1993,6.7319
mmr,1994,6.7058
mmr,1995,6.6470
mmr,1996,6.5456
mmr,1997,6.4578
mmr,1998,6.3248
mmr,1999,6.1938
mmr,2000,6.0636
mmr,2001,5.9181
mmr,2002,5.7704
mmr,2003,5.6085
mmr,2004,5.4475
mmr,2005,5.2691
mmr,2006,5.0583
mmr,2007,4.8291
mmr,2008,4.5561
mmr,2009,15.728
mmr,2010,4.0109
mmr,2011,3.7235
mmr,2012,3.4499
mmr,2013,3.1857
mmr,2014,2.9289
mmr,2015,2.7146
mmr,2016,2.5459
mmr,2017,2.4156
mmr,2018,2.3095
mmr,2019,2.2148
mmr,2020,2.1432
mmr,2021,2.0759
mmr,2022,2.0064
mmr,2023,1.9404
mmr,2024,1.8827
mne,1991,1.2632
mne,1992,1.2389
mne,1993,1.2153
mne,1994,1.1908
mne,1995,1.1658
mne,1996,1.1415
mne,1997,1.1158
mne,1998,1.0895
mne,1999,1.0624
mne,2000,1.0355
mne,2001,1.0070
mne,2002,0.97928
mne,2003,0.94993
mne,2004,0.92287
mne,2005,0.89564
mne,2006,0.86867
mne,2007,0.84278
mne,2008,0.81663
mne,2009,0.79155
mne,2010,0.76581
mne,2011,0.74136
mne,2012,0.71873
mne,2013,0.69792
mne,2014,0.67868
mne,2015,0.66247
mne,2016,0.64831
mne,2017,0.63535
mne,2018,0.62409
mne,2019,0.61386
mne,2020,0.60441
mne,2021,0.59641
mne,2022,0.58805
mne,2023,0.57974
mne,2024,0.57065
mng,1991,4.7860
mng,1992,4.8378
mng,1993,4.8599
mng,1994,4.8360
mng,1995,4.7493
mng,1996,4.5885
mng,1997,4.3601
mng,1998,4.0807
mng,1999,3.7702
mng,2000,3.4520
mng,2001,3.1463
mng,2002,2.8701
mng,2003,2.6400
mng,2004,2.4622
mng,2005,2.3340
mng,2006,2.2549
mng,2007,2.2194
mng,2008,2.2187
mng,2009,2.2475
mng,2010,2.2933
mng,2011,2.3462
mng,2012,2.3970
mng,2013,2.4395
mng,2014,2.4665
mng,2015,2.4743
mng,2016,2.4587
mng,2017,2.4210
mng,2018,2.3610
mng,2019,2.2847
mng,2020,2.2008
mng,2021,2.1148
mng,2022,2.0309
mng,2023,1.9486
mng,2024,1.8689
moz,1991,20.375
moz,1992,19.321
moz,1993,18.336
moz,1994,17.389
moz,1995,16.491
moz,1996,15.597
moz,1997,14.748
moz,1998,13.955
moz,1999,13.182
moz,2000,12.448
moz,2001,11.748
moz,2002,11.107
moz,2003,10.507
moz,2004,9.9360
moz,2005,9.3964
moz,2006,8.8940
moz,2007,8.4229
moz,2008,7.9609
moz,2009,7.5195
moz,2010,7.1208
moz,2011,6.7415
moz,2012,6.3854
moz,2013,6.0575
moz,2014,5.7529
moz,2015,5.4688
moz,2016,5.2068
moz,2017,4.9523
moz,2018,4.7032
moz,2019,4.4644
moz,2020,4.2440
moz,2021,4.0347
moz,2022,3.8529
moz,2023,3.6821
moz,2024,3.5442
mrt,1991,6.6020
mrt,1992,6.3935
mrt,1993,6.2077
mrt,1994,6.0287
mrt,1995,5.8643
mrt,1996,5.7050
mrt,1997,5.5449
mrt,1998,5.4004
mrt,1999,5.2604
mrt,2000,5.1166
mrt,2001,4.9757
mrt,2002,4.8472
mrt,2003,4.7179
mrt,2004,4.5973
mrt,2005,4.4774
mrt,2006,4.3632
mrt,2007,4.2477
mrt,2008,4.1320
mrt,2009,4.0155
mrt,2010,3.8989
mrt,2011,3.7915
mrt,2012,3.6872
mrt,2013,3.5779
mrt,2014,3.4787
mrt,2015,3.3865
mrt,2016,3.2989
mrt,2017,3.2095
mrt,2018,3.1238
mrt,2019,3.0369
mrt,2020,2.9571
mrt,2021,2.8737
mrt,2022,2.7999
mrt,2023,2.7181
mrt,2024,2.6454
msr,1991,1.8841
msr,1992,1.8372
msr,1993,1.7948
msr,1994,1.7544
msr,1995,1.7156
msr,1996,1.6755
msr,1997,1.6408
msr,1998,1.6052
msr,1999,1.5698
msr,2000,1.5351
msr,2001,1.5021
msr,2002,1.4698
msr,2003,1.4396
msr,2004,1.4100
msr,2005,1.3819
msr,2006,1.3537
msr,2007,1.3266
msr,2008,1.3015
msr,2009,1.2750
msr,2010,1.2502
msr,2011,1.2259
msr,2012,1.2019
msr,2013,1.1784
msr,2014,1.1539
msr,2015,1.1309
msr,2016,1.1069
msr,2017,1.0843
msr,2018,1.0644
msr,2019,1.0428
msr,2020,1.0196
msr,2021,1.0022
msr,2022,0.98257
msr,2023,0.96315
msr,2024,0.94469
mus,1991,1.8890
mus,1992,1.8481
mus,1993,1.8081
mus,1994,1.7690
mus,1995,1.7305
mus,1996,1.6927
mus,1997,1.6553
mus,1998,1.6183
mus,1999,1.5833
mus,2000,1.5481
mus,2001,1.5144
mus,2002,1.4810
mus,2003,1.4488
mus,2004,1.4171
mus,2005,1.3858
mus,2006,1.3554
mus,2007,1.3255
mus,2008,1.2967
mus,2009,1.2691
mus,2010,1.2420
mus,2011,1.2161
mus,2012,1.1907
mus,2013,1.1670
mus,2014,1.1449
mus,2015,1.1245
mus,2016,1.1059
mus,2017,1.0891
mus,2018,1.0735
mus,2019,1.0601
mus,2020,1.0471
mus,2021,1.0362
mus,2022,1.0249
mus,2023,1.0126
mus,2024,0.99995
mwi,1991,11.228
mwi,1992,10.919
mwi,1993,10.622
mwi,1994,10.330
mwi,1995,10.040
mwi,1996,9.7589
mwi,1997,9.4782
mwi,1998,9.2045
mwi,1999,8.9297
mwi,2000,8.6586
mwi,2001,8.3998
mwi,2002,8.1369
mwi,2003,7.8947
mwi,2004,7.6705
mwi,2005,7.4571
mwi,2006,7.2638
mwi,2007,7.0786
mwi,2008,6.9076
mwi,2009,6.7394
mwi,2010,6.5893
mwi,2011,6.4407
mwi,2012,6.2918
mwi,2013,6.1391
mwi,2014,5.9971
mwi,2015,5.8623
mwi,2016,5.7349
mwi,2017,5.6107
mwi,2018,5.4861
mwi,2019,5.3667
mwi,2020,5.2429
mwi,2021,5.1255
mwi,2022,5.0031
mwi,2023,4.8926
mwi,2024,4.7767
mys,1991,2.5798
mys,1992,2.4569
mys,1993,2.3450
mys,1994,2.2468
mys,1995,2.1632
mys,1996,2.0938
mys,1997,2.0349
mys,1998,1.9781
mys,1999,1.9158
mys,2000,1.8519
mys,2001,1.7920
mys,2002,1.7419
mys,2003,1.7003
mys,2004,1.6663
mys,2005,1.6363
mys,2006,1.6062
mys,2007,1.5745
mys,2008,1.5427
mys,2009,1.5129
mys,2010,1.4878
mys,2011,1.4679
mys,2012,1.4556
mys,2013,1.4520
mys,2014,1.4582
mys,2015,1.4679
mys,2016,1.4716
mys,2017,1.4581
mys,2018,1.4163
mys,2019,1.3373
mys,2020,1.2297
mys,2021,1.1074
mys,2022,0.98586
mys,2023,0.88040
mys,2024,0.79862
nam,1991,5.6029
nam,1992,5.4931
nam,1993,5.4006
nam,1994,5.3384
nam,1995,5.2895
nam,1996,5.2721
nam,1997,5.2772
nam,1998,5.3180
nam,1999,5.3879
nam,2000,5.4714
nam,2001,5.5680
nam,2002,5.6769
nam,2003,5.7796
nam,2004,5.8633
nam,2005,5.9131
nam,2006,5.9508
nam,2007,5.9712
nam,2008,5.9614
nam,2009,5.9258
nam,2010,5.8899
nam,2011,5.8467
nam,2012,5.7679
nam,2013,5.6767
nam,2014,5.5703
nam,2015,5.4261
nam,2016,5.2429
nam,2017,5.0457
nam,2018,4.8150
nam,2019,4.5585
nam,2020,4.2981
nam,2021,4.0304
nam,2022,3.7531
nam,2023,3.4892
nam,2024,3.2570
ner,1991,17.308
ner,1992,17.286
ner,1993,17.294
ner,1994,17.274
ner,1995,17.265
ner,1996,17.256
ner,1997,17.244
ner,1998,17.219
ner,1999,17.220
ner,2000,17.147
ner,2001,17.111
ner,2002,16.992
ner,2003,16.867
ner,2004,16.672
ner,2005,16.469
ner,2006,16.249
ner,2007,16.034
ner,2008,15.813
ner,2009,15.607
ner,2010,15.398
ner,2011,15.179
ner,2012,14.919
ner,2013,14.643
ner,2014,14.378
ner,2015,14.121
ner,2016,13.854
ner,2017,13.584
ner,2018,13.343
ner,2019,13.102
ner,2020,12.899
ner,2021,12.703
ner,2022,12.503
ner,2023,12.284
ner,2024,12.064
nga,1991,12.962
nga,1992,12.664
nga,1993,12.377
nga,1994,12.096
nga,1995,11.826
nga,1996,11.544
nga,1997,11.271
nga,1998,11.019
nga,1999,10.763
nga,2000,10.523
nga,2001,10.293
nga,2002,10.085
nga,2003,9.8739
nga,2004,9.6770
nga,2005,9.4940
nga,2006,9.3243
nga,2007,9.1459
nga,2008,8.9705
nga,2009,8.7995
nga,2010,8.6305
nga,2011,8.4607
nga,2012,8.2936
nga,2013,8.1319
nga,2014,7.9828
nga,2015,7.8253
nga,2016,7.6664
nga,2017,7.5083
nga,2018,7.3474
nga,2019,7.2018
nga,2020,7.0491
nga,2021,6.8896
nga,2022,6.7528
nga,2023,6.6156
nga,2024,6.4559
nic,1991,2.5730
nic,1992,2.6007
nic,1993,2.6207
nic,1994,2.6409
nic,1995,2.6612
nic,1996,2.6769
nic,1997,2.6918
nic,1998,2.7086
nic,1999,5.2618
nic,2000,2.7446
nic,2001,2.7548
nic,2002,2.7718
nic,2003,2.7815
nic,2004,2.7918
nic,2005,2.7890
nic,2006,2.7910
nic,2007,2.7869
nic,2008,2.7710
nic,2009,2.7374
nic,2010,2.6959
nic,2011,2.6480
nic,2012,2.5878
nic,2013,2.5354
nic,2014,2.4791
nic,2015,2.4237
nic,2016,2.3686
nic,2017,2.3153
nic,2018,2.2643
nic,2019,2.2051
nic,2020,2.1520
nic,2021,2.1007
nic,2022,2.0412
nic,2023,1.9953
nic,2024,1.9522
niu,1991,2.4036
niu,1992,2.4266
niu,1993,2.4519
niu,1994,2.4860
niu,1995,2.5285
niu,1996,2.5784
niu,1997,2.6336
niu,1998,2.6934
niu,1999,2.7557
niu,2000,2.8158
niu,2001,2.8728
niu,2002,2.9315
niu,2003,2.9851
niu,2004,3.0387
niu,2005,3.0888
niu,2006,3.1282
niu,2007,3.1447
niu,2008,3.1417
niu,2009,3.1183
niu,2010,3.0855
niu,2011,3.0426
niu,2012,2.9898
niu,2013,2.9304
niu,2014,2.8783
niu,2015,2.8214
niu,2016,2.7618
niu,2017,2.6992
niu,2018,2.6446
niu,2019,2.5893
niu,2020,2.5301
niu,2021,2.4751
niu,2022,2.4188
niu,2023,2.3654
niu,2024,2.3142
nld,1991,0.92737
nld,1992,0.91208
nld,1993,0.89511
nld,1994,0.87607
nld,1995,0.85542
nld,1996,0.83399
nld,1997,0.81234
nld,1998,0.79151
nld,1999,0.77204
nld,2000,0.75265
nld,2001,0.73341
nld,2002,0.71307
nld,2003,0.69072
nld,2004,0.66641
nld,2005,0.64075
nld,2006,0.61471
nld,2007,0.58948
nld,2008,0.56610
nld,2009,0.54496
nld,2010,0.52650
nld,2011,0.51040
nld,2012,0.49637
nld,2013,0.48430
nld,2014,0.47346
nld,2015,0.46405
nld,2016,0.45601
nld,2017,0.44963
nld,2018,0.44495
nld,2019,0.44190
nld,2020,0.44087
nld,2021,0.44182
nld,2022,0.44428
nld,2023,0.44809
nld,2024,0.45131
nor,1991,0.89075
nor,1992,0.86565
nor,1993,0.84160
nor,1994,0.81798
nor,1995,0.79492
nor,1996,0.77256
nor,1997,0.75110
nor,1998,0.72988
nor,1999,0.70959
nor,2000,0.68947
nor,2001,0.66991
nor,2002,0.65118
nor,2003,0.63271
nor,2004,0.61473
nor,2005,0.59666
nor,2006,0.57898
nor,2007,0.56181
nor,2008,0.54514
nor,2009,0.52933
nor,2010,0.51428
nor,2011,0.50018
nor,2012,0.48674
nor,2013,0.47414
nor,2014,0.46257
nor,2015,0.45220
nor,2016,0.44311
nor,2017,0.43481
nor,2018,0.42769
nor,2019,0.42166
nor,2020,0.41690
nor,2021,0.41301
nor,2022,0.40911
nor,2023,0.40517
nor,2024,0.40081
npl,1991,7.6396
npl,1992,7.3634
npl,1993,7.0698
npl,1994,6.7771
npl,1995,6.4777
npl,1996,6.1642
npl,1997,5.8496
npl,1998,5.5273
npl,1999,5.2086
npl,2000,4.8946
npl,2001,4.5963
npl,2002,4.3136
npl,2003,4.0487
npl,2004,3.8147
npl,2005,3.5995
npl,2006,3.4075
npl,2007,3.2393
npl,2008,3.0896
npl,2009,2.9657
npl,2010,2.8535
npl,2011,2.7629
npl,2012,2.6870
npl,2013,2.6161
npl,2014,2.5532
npl,2015,2.4914
npl,2016,3.6950
npl,2017,2.3689
npl,2018,2.3136
npl,2019,2.2555
npl,2020,2.1969
npl,2021,2.1370
npl,2022,2.0821
npl,2023,2.0292
npl,2024,1.9789
nru,1991,4.8110
nru,1992,4.6452
nru,1993,4.4811
nru,1994,4.3164
nru,1995,4.1631
nru,1996,4.0174
nru,1997,3.8793
nru,1998,3.7490
nru,1999,3.6247
nru,2000,3.5087
nru,2001,3.4002
nru,2002,3.3015
nru,2003,3.2075
nru,2004,3.1196
nru,2005,3.0400
nru,2006,2.9635
nru,2007,2.8852
nru,2008,2.8002
nru,2009,2.7037
nru,2010,2.5959
nru,2011,2.4771
nru,2012,2.3527
nru,2013,2.2240
nru,2014,2.0934
nru,2015,1.9632
nru,2016,1.8365
nru,2017,1.7168
nru,2018,1.6044
nru,2019,1.4981
nru,2020,1.3977
nru,2021,1.3088
nru,2022,1.2315
nru,2023,1.1667
nru,2024,1.1128
nzl,1991,1.3558
nzl,1992,1.3162
nzl,1993,1.2768
nzl,1994,1.2393
nzl,1995,1.2036
nzl,1996,1.1709
nzl,1997,1.1399
nzl,1998,1.1102
nzl,1999,1.0798
nzl,2000,1.0484
nzl,2001,1.0165
nzl,2002,0.98361
nzl,2003,0.95056
nzl,2004,0.91743
nzl,2005,0.88537
nzl,2006,0.85490
nzl,2007,0.82613
nzl,2008,0.79850
nzl,2009,0.77242
nzl,2010,0.74763
nzl,2011,0.72493
nzl,2012,0.70498
nzl,2013,0.68760
nzl,2014,0.67345
nzl,2015,0.66222
nzl,2016,0.65357
nzl,2017,0.64721
nzl,2018,0.64211
nzl,2019,0.63734
nzl,2020,0.63344
nzl,2021,0.62947
nzl,2022,0.62523
nzl,2023,0.62010
nzl,2024,0.61283
omn,1991,4.1716
omn,1992,3.7974
omn,1993,3.4573
omn,1994,3.1481
omn,1995,2.8768
omn,1996,2.6415
omn,1997,2.4367
omn,1998,2.2557
omn,1999,2.0979
omn,2000,1.9547
omn,2001,1.8289
omn,2002,1.7191
omn,2003,1.6269
omn,2004,1.5512
omn,2005,1.4905
omn,2006,1.4428
omn,2007,1.4061
omn,2008,1.5110
omn,2009,1.3580
omn,2010,1.3417
omn,2011,1.3277
omn,2012,1.3136
omn,2013,1.2987
omn,2014,1.2853
omn,2015,1.2752
omn,2016,1.2684
omn,2017,1.2609
omn,2018,1.2521
omn,2019,1.2421
omn,2020,1.2302
omn,2021,1.2187
omn,2022,1.2077
omn,2023,1.1974
omn,2024,1.1841
pak,1991,5.6083
pak,1992,5.6438
pak,1993,5.6797
pak,1994,5.6803
pak,1995,5.6367
pak,1996,5.5409
pak,1997,5.4048
pak,1998,5.2488
pak,1999,5.0943
pak,2000,4.9453
pak,2001,4.7976
pak,2002,4.6516
pak,2003,4.5138
pak,2004,4.4030
pak,2005,4.3232
pak,2006,5.9561
pak,2007,4.2441
pak,2008,4.2325
pak,2009,4.2139
pak,2010,4.1967
pak,2011,4.1662
pak,2012,4.1240
pak,2013,4.0800
pak,2014,4.0316
pak,2015,3.9847
pak,2016,3.9320
pak,2017,3.8720
pak,2018,3.8066
pak,2019,3.7437
pak,2020,3.6763
pak,2021,3.5989
pak,2022,3.5163
pak,2023,3.4441
pak,2024,3.3734
pan,1991,2.2576
pan,1992,2.2333
pan,1993,2.2085
pan,1994,2.1815
pan,1995,2.1562
pan,1996,2.1299
pan,1997,2.1008
pan,1998,2.0689
pan,1999,2.0331
pan,2000,1.9965
pan,2001,1.9583
pan,2002,1.9230
pan,2003,1.8937
pan,2004,1.8708
pan,2005,1.8566
pan,2006,1.8523
pan,2007,1.8582
pan,2008,1.8757
pan,2009,1.9004
pan,2010,1.9298
pan,2011,1.9579
pan,2012,1.9773
pan,2013,1.9835
pan,2014,1.9756
pan,2015,1.9545
pan,2016,1.9257
pan,2017,1.8935
pan,2018,1.8656
pan,2019,1.8411
pan,2020,1.8204
pan,2021,1.8050
pan,2022,1.7924
pan,2023,1.7811
pan,2024,1.7668
per,1991,4.3111
per,1992,4.0882
per,1993,3.8669
per,1994,3.6494
per,1995,3.4294
per,1996,3.2141
per,1997,3.0072
per,1998,2.8072
per,1999,2.6142
per,2000,2.4338
per,2001,2.2685
per,2002,2.1180
per,2003,1.9898
per,2004,1.8811
per,2005,1.7923
per,2006,1.7239
per,2007,1.6747
per,2008,1.6419
per,2009,1.6185
per,2010,1.5978
per,2011,1.5730
per,2012,1.5375
per,2013,1.4927
per,2014,1.4495
per,2015,1.4206
per,2016,1.4091
per,2017,1.4178
per,2018,1.4435
per,2019,1.4736
per,2020,1.4926
per,2021,1.4986
per,2022,1.4946
per,2023,1.4835
per,2024,1.4664
phl,1991,3.8587
phl,1992,3.9896
phl,1993,3.4224
phl,1994,3.2527
phl,1995,3.1265
phl,1996,3.0322
phl,1997,2.9527
phl,1998,2.8765
phl,1999,2.7991
phl,2000,2.7201
phl,2001,2.6434
phl,2002,2.5727
phl,2003,2.5094
phl,2004,2.4533
phl,2005,2.4029
phl,2006,2.3571
phl,2007,2.3150
phl,2008,2.2758
phl,2009,2.2423
phl,2010,2.2167
phl,2011,2.1999
phl,2012,2.1930
phl,2013,2.1965
phl,2014,2.4966
phl,2015,2.2267
phl,2016,2.2462
phl,2017,2.2583
phl,2018,2.2581
phl,2019,2.2501
phl,2020,2.2397
phl,2021,2.2306
phl,2022,2.2303
phl,2023,2.2392
phl,2024,2.2461
plw,1991,3.0776
plw,1992,3.0376
plw,1993,2.9922
plw,1994,2.9446
plw,1995,2.8874
plw,1996,2.8277
plw,1997,2.7632
plw,1998,2.6959
plw,1999,2.6297
plw,2000,2.5640
plw,2001,2.4984
plw,2002,2.4325
plw,2003,2.3711
plw,2004,2.3109
plw,2005,2.2506
plw,2006,2.1926
plw,2007,2.1389
plw,2008,2.0927
plw,2009,2.0548
plw,2010,2.0261
plw,2011,2.0138
plw,2012,2.0142
plw,2013,2.0289
plw,2014,2.0562
plw,2015,2.0942
plw,2016,2.1429
plw,2017,2.1929
plw,2018,2.2405
plw,2019,2.2723
plw,2020,2.2827
plw,2021,2.2765
plw,2022,2.2594
plw,2023,2.2368
plw,2024,2.2056
png,1991,5.6788
png,1992,5.6062
png,1993,5.5378
png,1994,5.4713
png,1995,5.4073
png,1996,5.3463
png,1997,5.2866
png,1998,5.2276
png,1999,6.7380
png,2000,5.1175
png,2001,5.0655
png,2002,5.0090
png,2003,4.9488
png,2004,4.8876
png,2005,4.8257
png,2006,4.7588
png,2007,4.6888
png,2008,4.6175
png,2009,4.5445
png,2010,4.4703
png,2011,4.3928
png,2012,4.3147
png,2013,4.2377
png,2014,4.1619
png,2015,4.0857
png,2016,4.0100
png,2017,3.9270
png,2018,3.8475
png,2019,3.7625
png,2020,3.6832
png,2021,3.6033
png,2022,3.5235
png,2023,3.4403
png,2024,3.3591
pol,1991,1.3628
pol,1992,1.3311
pol,1993,1.2820
pol,1994,1.2283
pol,1995,1.1817
pol,1996,1.1513
pol,1997,1.1303
pol,1998,1.1048
pol,1999,1.0697
pol,2000,1.0328
pol,2001,1.0038
pol,2002,0.98223
pol,2003,0.96347
pol,2004,0.94441
pol,2005,0.92578
pol,2006,0.90757
pol,2007,0.88846
pol,2008,0.86561
pol,2009,0.83858
pol,2010,0.80857
pol,2011,0.77589
pol,2012,0.74243
pol,2013,0.71019
pol,2014,0.68065
pol,2015,0.65411
pol,2016,0.63141
pol,2017,0.61304
pol,2018,0.59782
pol,2019,0.58661
pol,2020,0.58168
pol,2021,0.58574
pol,2022,0.59955
pol,2023,0.62371
pol,2024,0.65621
prk,1991,3.3603
prk,1992,3.4216
prk,1993,3.4614
prk,1994,3.4753
prk,1995,3.4637
prk,1996,6.6566
prk,1997,6.5928
prk,1998,6.5246
prk,1999,6.4624
prk,2000,6.3965
prk,2001,6.3346
prk,2002,6.2812
prk,2003,6.2254
prk,2004,2.9844
prk,2005,2.9390
prk,2006,2.9079
prk,2007,2.8743
prk,2008,2.8512
prk,2009,2.7637
prk,2010,2.6948
prk,2011,2.6099
prk,2012,2.5153
prk,2013,2.4129
prk,2014,2.3029
prk,2015,2.1990
prk,2016,2.1081
prk,2017,2.0541
prk,2018,1.9449
prk,2019,1.8925
prk,2020,1.8384
prk,2021,1.8192
prk,2022,1.8189
prk,2023,1.8402
prk,2024,1.8609
prt,1991,1.9006
prt,1992,1.8696
prt,1993,1.8319
prt,1994,1.7846
prt,1995,1.7286
prt,1996,1.6649
prt,1997,1.5954
prt,1998,1.5179
prt,1999,1.4351
prt,2000,1.3491
prt,2001,1.2616
prt,2002,1.1759
prt,2003,1.0930
prt,2004,1.0143
prt,2005,0.94095
prt,2006,0.87364
prt,2007,0.81221
prt,2008,0.75699
prt,2009,0.70764
prt,2010,0.66390
prt,2011,0.62541
prt,2012,0.59204
prt,2013,0.56335
prt,2014,0.53889
prt,2015,0.51892
prt,2016,0.50289
prt,2017,0.49097
prt,2018,0.48278
prt,2019,0.47771
prt,2020,0.47546
prt,2021,0.47532
prt,2022,0.47661
prt,2023,0.47916
prt,2024,0.48150
pry,1991,2.1379
pry,1992,2.0364
pry,1993,1.9446
pry,1994,1.8579
pry,1995,1.7795
pry,1996,1.7116
pry,1997,1.6529
pry,1998,1.6062
pry,1999,1.5689
pry,2000,1.5428
pry,2001,1.5295
pry,2002,1.5286
pry,2003,1.5398
pry,2004,1.5607
pry,2005,1.5874
pry,2006,1.6113
pry,2007,1.6270
pry,2008,1.6313
pry,2009,1.6220
pry,2010,1.6012
pry,2011,1.5748
pry,2012,1.5457
pry,2013,1.5189
pry,2014,1.4971
pry,2015,1.4804
pry,2016,1.4662
pry,2017,1.4529
pry,2018,1.4400
pry,2019,1.4258
pry,2020,1.4105
pry,2021,1.3948
pry,2022,1.3780
pry,2023,1.3597
pry,2024,1.3379
pse,1991,2.4382
pse,1992,2.4203
pse,1993,2.3980
pse,1994,2.3725
pse,1995,2.3511
pse,1996,2.3260
pse,1997,2.2977
pse,1998,2.2673
pse,1999,2.2403
pse,2000,2.2129
pse,2001,2.1843
pse,2002,2.1583
pse,2003,2.1381
pse,2004,2.1200
pse,2005,2.0982
pse,2006,2.0785
pse,2007,2.0586
pse,2008,2.0409
pse,2009,2.2859
pse,2010,2.3296
pse,2011,2.0028
pse,2012,1.9899
pse,2013,1.9780
pse,2014,1.9707
pse,2015,2.4424
pse,2016,1.9319
pse,2017,1.9039
pse,2018,1.8744
pse,2019,1.8411
pse,2020,1.8049
pse,2021,1.7720
pse,2022,1.7351
pse,2023,1.6920
pse,2024,13.890
qat,1991,2.0722
qat,1992,1.9815
qat,1993,1.8917
qat,1994,1.8159
qat,1995,1.7518
qat,1996,1.6982
qat,1997,1.6554
qat,1998,1.6173
qat,1999,1.5833
qat,2000,1.5530
qat,2001,1.5209
qat,2002,1.4866
qat,2003,1.4507
qat,2004,1.4117
qat,2005,1.3717
qat,2006,1.3318
qat,2007,1.2927
qat,2008,1.2531
qat,2009,1.2118
qat,2010,1.1675
qat,2011,1.1218
qat,2012,1.0749
qat,2013,1.0278
qat,2014,0.98062
qat,2015,0.93455
qat,2016,0.89120
qat,2017,0.85218
qat,2018,0.81776
qat,2019,0.78712
qat,2020,0.76160
qat,2021,0.74015
qat,2022,0.72470
qat,2023,0.71183
qat,2024,0.69915
rks,1991,3.2629
rks,1992,3.1637
rks,1993,3.0656
rks,1994,2.9705
rks,1995,2.8736
rks,1996,2.7768
rks,1997,2.6794
rks,1998,2.5811
rks,1999,2.4847
rks,2000,2.3871
rks,2001,2.2905
rks,2002,2.1955
rks,2003,2.1021
rks,2004,2.0135
rks,2005,1.9290
rks,2006,1.8488
rks,2007,1.7732
rks,2008,1.7029
rks,2009,1.6369
rks,2010,1.5757
rks,2011,1.5186
rks,2012,1.4663
rks,2013,1.4183
rks,2014,1.3737
rks,2015,1.3315
rks,2016,1.2918
rks,2017,1.2546
rks,2018,1.2178
rks,2019,1.1826
rks,2020,1.1484
rks,2021,1.1169
rks,2022,1.0885
rks,2023,1.0645
rks,2024,1.0426
rou,1991,2.2857
rou,1992,2.2393
rou,1993,2.2147
rou,1994,2.1928
rou,1995,2.1565
rou,1996,2.0933
rou,1997,2.0778
rou,1998,2.2303
rou,1999,2.5705
rou,2000,2.8798
rou,2001,2.9425
rou,2002,2.7518
rou,2003,2.3917
rou,2004,1.9670
rou,2005,1.6165
rou,2006,1.4088
rou,2007,1.3178
rou,2008,1.2911
rou,2009,1.2964
rou,2010,1.3092
rou,2011,1.3043
rou,2012,1.2774
rou,2013,1.2346
rou,2014,1.1861
rou,2015,1.1477
rou,2016,1.1303
rou,2017,1.1201
rou,2018,1.0929
rou,2019,1.0406
rou,2020,0.98124
rou,2021,0.93305
rou,2022,0.89463
rou,2023,0.85334
rou,2024,0.80564
rus,1991,2.3856
rus,1992,2.4503
rus,1993,2.4994
rus,1994,2.5171
rus,1995,2.4934
rus,1996,2.4317
rus,1997,2.3632
rus,1998,2.3147
rus,1999,2.2907
rus,2000,2.2843
rus,2001,2.2856
rus,2002,2.2800
rus,2003,2.2535
rus,2004,2.2026
rus,2005,2.1274
rus,2006,2.0339
rus,2007,1.9340
rus,2008,1.8391
rus,2009,1.7541
rus,2010,1.6818
rus,2011,1.6219
rus,2012,1.5721
rus,2013,1.5275
rus,2014,1.4836
rus,2015,1.4376
rus,2016,1.3862
rus,2017,1.3292
rus,2018,1.2665
rus,2019,1.2014
rus,2020,1.1382
rus,2021,1.0800
rus,2022,1.0281
rus,2023,0.98429
rus,2024,0.94574
rwa,1991,20.709
rwa,1992,23.424
rwa,1993,27.109
rwa,1994,30.913
rwa,1995,195.04
rwa,1996,34.814
rwa,1997,32.969
rwa,1998,29.303
rwa,1999,25.526
rwa,2000,22.429
rwa,2001,19.899
rwa,2002,17.951
rwa,2003,16.336
rwa,2004,14.840
rwa,2005,13.396
rwa,2006,12.021
rwa,2007,10.674
rwa,2008,9.4623
rwa,2009,8.3634
rwa,2010,7.3858
rwa,2011,6.5985
rwa,2012,5.9940
rwa,2013,5.5767
rwa,2014,5.3113
rwa,2015,5.1686
rwa,2016,5.0717
rwa,2017,4.9558
rwa,2018,4.7518
rwa,2019,4.4078
rwa,2020,3.9262
rwa,2021,3.3689
rwa,2022,2.8118
rwa,2023,2.3471
rwa,2024,2.0071
sau,1991,4.6676
sau,1992,4.3365
sau,1993,4.0368
sau,1994,3.7663
sau,1995,3.5130
sau,1996,3.2865
sau,1997,3.0785
sau,1998,2.8890
sau,1999,2.7149
sau,2000,2.5563
sau,2001,2.4120
sau,2002,2.2790
sau,2003,2.1558
sau,2004,2.0402
sau,2005,1.9298
sau,2006,1.8266
sau,2007,1.7277
sau,2008,1.6321
sau,2009,1.5401
sau,2010,1.4530
sau,2011,1.3710
sau,2012,1.2927
sau,2013,1.2190
sau,2014,1.1502
sau,2015,1.0854
sau,2016,1.0251
sau,2017,0.96802
sau,2018,0.91549
sau,2019,0.86904
sau,2020,0.82889
sau,2021,0.79376
sau,2022,0.76224
sau,2023,0.73453
sau,2024,0.70761
sdn,1991,7.4914
sdn,1992,7.3702
sdn,1993,7.2091
sdn,1994,7.0207
sdn,1995,6.8267
sdn,1996,6.6166
sdn,1997,6.4093
sdn,1998,6.1925
sdn,1999,5.9752
sdn,2000,5.7460
sdn,2001,5.5240
sdn,2002,5.3038
sdn,2003,5.0946
sdn,2004,5.8485
sdn,2005,6.7513
sdn,2006,6.6518
sdn,2007,4.9455
sdn,2008,4.1886
sdn,2009,4.5927
sdn,2010,3.9185
sdn,2011,3.7977
sdn,2012,3.6847
sdn,2013,3.5836
sdn,2014,3.4890
sdn,2015,3.4000
sdn,2016,3.3119
sdn,2017,3.2303
sdn,2018,3.1496
sdn,2019,3.0645
sdn,2020,2.9914
sdn,2021,2.9088
sdn,2022,2.8376
sdn,2023,2.7588
sdn,2024,2.6921
sen,1991,9.6517
sen,1992,9.6112
sen,1993,9.6872
sen,1994,9.8485
sen,1995,10.114
sen,1996,10.432
sen,1997,10.744
sen,1998,11.016
sen,1999,11.175
sen,2000,11.202
sen,2001,11.098
sen,2002,10.842
sen,2003,10.470
sen,2004,10.032
sen,2005,9.5464
sen,2006,9.0711
sen,2007,8.6300
sen,2008,8.2197
sen,2009,7.8261
sen,2010,7.4485
sen,2011,7.0800
sen,2012,6.7198
sen,2013,6.3618
sen,2014,6.0259
sen,2015,5.6985
sen,2016,5.4035
sen,2017,5.1464
sen,2018,4.9323
sen,2019,4.7632
sen,2020,4.6329
sen,2021,4.5239
sen,2022,4.4365
sen,2023,4.3289
sen,2024,4.2378
sgp,1991,1.3344
sgp,1992,1.2695
sgp,1993,1.2082
sgp,1994,1.1498
sgp,1995,1.0932
sgp,1996,1.0381
sgp,1997,0.98610
sgp,1998,0.93507
sgp,1999,0.88688
sgp,2000,0.84178
sgp,2001,0.79979
sgp,2002,0.76087
sgp,2003,0.72628
sgp,2004,0.69528
sgp,2005,0.66821
sgp,2006,0.64382
sgp,2007,0.62129
sgp,2008,0.60134
sgp,2009,0.58267
sgp,2010,0.56552
sgp,2011,0.54917
sgp,2012,0.53389
sgp,2013,0.51936
sgp,2014,0.50677
sgp,2015,0.49588
sgp,2016,0.48720
sgp,2017,0.48060
sgp,2018,0.47666
sgp,2019,0.47494
sgp,2020,0.47556
sgp,2021,0.47833
sgp,2022,0.48290
sgp,2023,0.48786
sgp,2024,0.49154
slb,1991,3.2272
slb,1992,3.1647
slb,1993,3.1027
slb,1994,3.0437
slb,1995,2.9877
slb,1996,2.9352
slb,1997,2.8886
slb,1998,2.8475
slb,1999,2.8129
slb,2000,2.7809
slb,2001,2.7546
slb,2002,2.7297
slb,2003,2.7089
slb,2004,2.6914
slb,2005,2.6732
slb,2006,2.6550
slb,2007,2.6351
slb,2008,2.9801
slb,2009,2.5856
slb,2010,2.5567
slb,2011,2.5269
slb,2012,2.4934
slb,2013,2.4610
slb,2014,2.4302
slb,2015,2.3992
slb,2016,2.3725
slb,2017,2.3435
slb,2018,2.3133
slb,2019,2.2793
slb,2020,2.2394
slb,2021,2.4546
slb,2022,2.1539
slb,2023,2.1102
slb,2024,2.0610
sle,1991,14.601
sle,1992,14.281
sle,1993,13.931
sle,1994,13.615
sle,1995,13.291
sle,1996,12.986
sle,1997,12.664
sle,1998,12.342
sle,1999,12.026
sle,2000,11.716
sle,2001,11.434
sle,2002,11.149
sle,2003,10.859
sle,2004,10.579
sle,2005,10.312
sle,2006,10.089
sle,2007,9.9007
sle,2008,9.7286
sle,2009,9.5745
sle,2010,9.4710
sle,2011,9.4147
sle,2012,9.4010
sle,2013,9.4536
sle,2014,9.5315
sle,2015,9.6167
sle,2016,9.6795
sle,2017,9.7145
sle,2018,9.7415
sle,2019,9.7449
sle,2020,9.6931
sle,2021,9.6115
sle,2022,9.4853
sle,2023,9.3505
sle,2024,9.2102
slv,1991,3.1163
slv,1992,2.8973
slv,1993,2.7154
slv,1994,2.5652
slv,1995,2.4396
slv,1996,2.3353
slv,1997,2.2457
slv,1998,2.1695
slv,1999,2.4064
slv,2000,2.0525
slv,2001,2.0107
slv,2002,2.7319
slv,2003,1.9586
slv,2004,1.9433
slv,2005,1.9324
slv,2006,1.9233
slv,2007,1.9138
slv,2008,1.9046
slv,2009,1.8953
slv,2010,2.0577
slv,2011,1.8824
slv,2012,1.8856
slv,2013,1.8998
slv,2014,1.9303
slv,2015,1.9799
slv,2016,2.0424
slv,2017,2.1156
slv,2018,2.1928
slv,2019,2.2694
slv,2020,2.3388
slv,2021,2.3925
slv,2022,2.4248
slv,2023,2.4342
slv,2024,2.4252
smr,1991,1.3773
smr,1992,1.2836
smr,1993,1.1965
smr,1994,1.1151
smr,1995,1.0382
smr,1996,0.96859
smr,1997,0.90382
smr,1998,0.84637
smr,1999,0.79241
smr,2000,0.74286
smr,2001,0.69672
smr,2002,0.65446
smr,2003,0.61621
smr,2004,0.57935
smr,2005,0.54681
smr,2006,0.51754
smr,2007,0.49067
smr,2008,0.46599
smr,2009,0.44287
smr,2010,0.42235
smr,2011,0.40232
smr,2012,0.38518
smr,2013,0.36759
smr,2014,0.35162
smr,2015,0.33677
smr,2016,0.32260
smr,2017,0.31003
smr,2018,0.29759
smr,2019,0.28670
smr,2020,0.27644
smr,2021,0.26771
smr,2022,0.25910
smr,2023,0.25093
smr,2024,0.24417
som,1991,13.372
som,1992,59.653
som,1993,62.741
som,1994,12.947
som,1995,12.931
som,1996,12.931
som,1997,12.931
som,1998,12.931
som,1999,12.931
som,2000,12.931
som,2001,12.931
som,2002,12.931
som,2003,12.931
som,2004,12.931
som,2005,12.931
som,2006,12.929
som,2007,12.884
som,2008,12.778
som,2009,12.567
som,2010,12.312
som,2011,16.392
som,2012,46.138
som,2013,16.969
som,2014,11.156
som,2015,10.857
som,2016,10.596
som,2017,10.351
som,2018,14.579
som,2019,11.956
som,2020,9.6174
som,2021,9.3821
som,2022,9.1486
som,2023,14.222
som,2024,8.6988
srb,1991,1.4721
srb,1992,1.4318
srb,1993,1.3931
srb,1994,1.3557
srb,1995,1.3229
srb,1996,1.2963
srb,1997,1.2749
srb,1998,1.2573
srb,1999,1.2393
srb,2000,1.2178
srb,2001,1.1861
srb,2002,1.1450
srb,2003,1.0974
srb,2004,1.0464
srb,2005,0.99622
srb,2006,0.94987
srb,2007,0.90784
srb,2008,0.87142
srb,2009,0.84017
srb,2010,0.81276
srb,2011,0.78928
srb,2012,0.76918
srb,2013,0.75113
srb,2014,0.73543
srb,2015,0.72234
srb,2016,0.71147
srb,2017,0.70265
srb,2018,0.69694
srb,2019,0.69383
srb,2020,0.69448
srb,2021,0.69924
srb,2022,0.70733
srb,2023,0.71935
srb,2024,0.73226
ssd,1991,74.330
ssd,1992,72.781
ssd,1993,123.81
ssd,1994,122.32
ssd,1995,16.197
ssd,1996,67.039
ssd,1997,65.388
ssd,1998,63.558
ssd,1999,131.23
ssd,2000,25.797
ssd,2001,19.163
ssd,2002,18.388
ssd,2003,17.629
ssd,2004,12.021
ssd,2005,11.528
ssd,2006,11.063
ssd,2007,10.612
ssd,2008,10.202
ssd,2009,9.7978
ssd,2010,9.4154
ssd,2011,9.0666
ssd,2012,8.7472
ssd,2013,8.5067
ssd,2014,8.3931
ssd,2015,21.438
ssd,2016,30.508
ssd,2017,35.330
ssd,2018,37.864
ssd,2019,14.732
ssd,2020,8.3597
ssd,2021,8.3597
ssd,2022,8.3597
ssd,2023,8.3597
ssd,2024,8.3597
stp,1991,8.4241
stp,1992,8.4632
stp,1993,8.4672
stp,1994,8.4310
stp,1995,8.3511
stp,1996,8.2137
stp,1997,8.0293
stp,1998,7.7944
stp,1999,7.5183
stp,2000,7.2099
stp,2001,6.8716
stp,2002,6.5191
stp,2003,6.1576
stp,2004,5.8000
stp,2005,5.4436
stp,2006,5.1027
stp,2007,4.7739
stp,2008,4.4623
stp,2009,4.1733
stp,2010,3.8993
stp,2011,3.6444
stp,2012,3.3992
stp,2013,3.1625
stp,2014,2.9361
stp,2015,2.7293
stp,2016,2.5301
stp,2017,2.3520
stp,2018,2.1978
stp,2019,2.0684
stp,2020,1.9634
stp,2021,1.8715
stp,2022,1.7941
stp,2023,1.7269
stp,2024,1.6637
sur,1991,2.2639
sur,1992,2.1885
sur,1993,2.1189
sur,1994,2.0560
sur,1995,2.0015
sur,1996,1.9560
sur,1997,1.9176
sur,1998,1.8886
sur,1999,1.8667
sur,2000,1.8499
sur,2001,1.8333
sur,2002,1.8175
sur,2003,1.8021
sur,2004,1.7861
sur,2005,1.7669
sur,2006,1.7445
sur,2007,1.7229
sur,2008,1.7016
sur,2009,1.6836
sur,2010,1.6687
sur,2011,1.6564
sur,2012,1.6487
sur,2013,1.6487
sur,2014,1.6534
sur,2015,1.6655
sur,2016,1.6841
sur,2017,1.7086
sur,2018,1.7377
sur,2019,1.7698
sur,2020,1.8036
sur,2021,1.8317
sur,2022,1.8451
sur,2023,1.8412
sur,2024,1.8310
svk,1991,1.2250
svk,1992,1.2135
svk,1993,1.2028
svk,1994,1.1912
svk,1995,1.1784
svk,1996,1.1655
svk,1997,1.1518
svk,1998,1.1365
svk,1999,1.1191
svk,2000,1.0995
svk,2001,1.0766
svk,2002,1.0518
svk,2003,1.0262
svk,2004,1.0010
svk,2005,0.97629
svk,2006,0.95243
svk,2007,0.92977
svk,2008,0.90809
svk,2009,0.88628
svk,2010,0.86434
svk,2011,0.84186
svk,2012,0.81921
svk,2013,0.79657
svk,2014,0.77456
svk,2015,0.75383
svk,2016,0.73478
svk,2017,0.71761
svk,2018,0.70249
svk,2019,0.68956
svk,2020,0.67801
svk,2021,0.66757
svk,2022,0.65815
svk,2023,0.64960
svk,2024,0.64039
svn,1991,1.0965
svn,1992,1.0625
svn,1993,1.0292
svn,1994,0.99662
svn,1995,0.96486
svn,1996,0.93387
svn,1997,0.90310
svn,1998,0.87287
svn,1999,0.84319
svn,2000,0.81391
svn,2001,0.78528
svn,2002,0.75743
svn,2003,0.73041
svn,2004,0.70450
svn,2005,0.67955
svn,2006,0.65542
svn,2007,0.63244
svn,2008,0.61053
svn,2009,0.58968
svn,2010,0.56933
svn,2011,0.55006
svn,2012,0.53177
svn,2013,0.51437
svn,2014,0.49767
svn,2015,0.48191
svn,2016,0.46657
svn,2017,0.45216
svn,2018,0.43832
svn,2019,0.42511
svn,2020,0.41252
svn,2021,0.39985
svn,2022,0.38776
svn,2023,0.37583
svn,2024,0.36425
swe,1991,0.74519
swe,1992,0.72910
swe,1993,0.71344
swe,1994,0.69884
swe,1995,0.68513
swe,1996,0.67290
swe,1997,0.66175
swe,1998,0.65178
swe,1999,0.64257
swe,2000,0.63347
swe,2001,0.62422
swe,2002,0.61455
swe,2003,0.60456
swe,2004,0.59381
swe,2005,0.58237
swe,2006,0.56951
swe,2007,0.55591
swe,2008,0.54206
swe,2009,0.52859
swe,2010,0.51563
swe,2011,0.50318
swe,2012,0.49154
swe,2013,0.48088
swe,2014,0.47114
swe,2015,0.46221
swe,2016,0.45411
swe,2017,0.44647
swe,2018,0.43919
swe,2019,0.43249
swe,2020,0.42602
swe,2021,0.42031
swe,2022,0.41498
swe,2023,0.40998
swe,2024,0.40515
swz,1991,2.1813
swz,1992,2.3207
swz,1993,2.4624
swz,1994,2.6154
swz,1995,2.7757
swz,1996,2.9305
swz,1997,3.1000
swz,1998,3.2710
swz,1999,3.4542
swz,2000,3.6397
swz,2001,3.8193
swz,2002,4.0049
swz,2003,4.1970
swz,2004,4.3875
swz,2005,4.5979
swz,2006,4.8051
swz,2007,5.0209
swz,2008,5.2429
swz,2009,5.4808
swz,2010,5.7147
swz,2011,5.9508
swz,2012,6.2065
swz,2013,6.4381
swz,2014,6.6794
swz,2015,6.9102
swz,2016,7.1579
swz,2017,7.3669
swz,2018,7.5729
swz,2019,7.7810
swz,2020,7.9451
swz,2021,8.0245
swz,2022,8.0431
swz,2023,8.0195
swz,2024,7.9280
syc,1991,1.6143
syc,1992,1.6037
syc,1993,1.5930
syc,1994,1.5831
syc,1995,1.5733
syc,1996,1.5637
syc,1997,1.5548
syc,1998,1.5457
syc,1999,1.5379
syc,2000,1.5269
syc,2001,1.5120
syc,2002,1.5001
syc,2003,1.4856
syc,2004,1.4722
syc,2005,1.4596
syc,2006,1.4442
syc,2007,1.4282
syc,2008,1.4141
syc,2009,1.3981
syc,2010,1.3831
syc,2011,1.3709
syc,2012,1.3616
syc,2013,1.3490
syc,2014,1.3379
syc,2015,1.3267
syc,2016,1.3188
syc,2017,1.3101
syc,2018,1.2970
syc,2019,1.2804
syc,2020,1.2614
syc,2021,1.2370
syc,2022,1.2176
syc,2023,1.1916
syc,2024,1.1649
syr,1991,3.7908
syr,1992,3.7250
syr,1993,3.6477
syr,1994,3.5562
syr,1995,3.4528
syr,1996,3.3382
syr,1997,3.2130
syr,1998,3.0760
syr,1999,2.9212
syr,2000,2.7437
syr,2001,2.5443
syr,2002,2.3373
syr,2003,2.1371
syr,2004,1.9669
syr,2005,1.8522
syr,2006,1.7976
syr,2007,1.7851
syr,2008,1.7973
syr,2009,1.8212
syr,2010,1.8443
syr,2011,1.8603
syr,2012,2.2889
syr,2013,4.2306
syr,2014,4.6341
syr,2015,4.4018
syr,2016,4.6509
syr,2017,3.8399
syr,2018,3.9048
syr,2019,3.7986
syr,2020,2.5821
syr,2021,2.2042
syr,2022,2.0451
syr,2023,2.1520
syr,2024,3.1611
tca,1991,1.7809
tca,1992,1.7160
tca,1993,1.6567
tca,1994,1.5983
tca,1995,1.5442
tca,1996,1.4926
tca,1997,1.4429
tca,1998,1.3980
tca,1999,1.3543
tca,2000,1.3152
tca,2001,1.2770
tca,2002,1.2403
tca,2003,1.2076
tca,2004,1.1775
tca,2005,1.1504
tca,2006,1.1255
tca,2007,1.1037
tca,2008,1.0839
tca,2009,1.0663
tca,2010,1.0509
tca,2011,1.0351
tca,2012,1.0213
tca,2013,1.0085
tca,2014,0.99590
tca,2015,0.98486
tca,2016,0.97453
tca,2017,0.96356
tca,2018,0.95197
tca,2019,0.93928
tca,2020,0.92620
tca,2021,0.91079
tca,2022,0.89659
tca,2023,0.88122
tca,2024,0.86435
tcd,1991,13.748
tcd,1992,13.619
tcd,1993,13.488
tcd,1994,13.341
tcd,1995,13.212
tcd,1996,13.071
tcd,1997,12.946
tcd,1998,12.827
tcd,1999,12.714
tcd,2000,12.598
tcd,2001,12.503
tcd,2002,12.413
tcd,2003,12.324
tcd,2004,12.231
tcd,2005,12.134
tcd,2006,12.044
tcd,2007,11.942
tcd,2008,11.854
tcd,2009,11.765
tcd,2010,11.671
tcd,2011,11.577
tcd,2012,11.481
tcd,2013,11.375
tcd,2014,11.275
tcd,2015,11.182
tcd,2016,11.078
tcd,2017,10.957
tcd,2018,10.834
tcd,2019,10.687
tcd,2020,10.547
tcd,2021,10.427
tcd,2022,10.246
tcd,2023,10.060
tcd,2024,9.8488
tgo,1991,8.0646
tgo,1992,7.9768
tgo,1993,7.9151
tgo,1994,7.8556
tgo,1995,7.7713
tgo,1996,7.6882
tgo,1997,7.6050
tgo,1998,7.5239
tgo,1999,7.4419
tgo,2000,7.3586
tgo,2001,7.2684
tgo,2002,7.1720
tgo,2003,7.0663
tgo,2004,6.9607
tgo,2005,6.8484
tgo,2006,6.7473
tgo,2007,6.6406
tgo,2008,6.5198
tgo,2009,6.4014
tgo,2010,6.2817
tgo,2011,6.1678
tgo,2012,6.0502
tgo,2013,5.9281
tgo,2014,5.8136
tgo,2015,5.7020
tgo,2016,5.6031
tgo,2017,5.4865
tgo,2018,5.3799
tgo,2019,5.2696
tgo,2020,5.1437
tgo,2021,5.0329
tgo,2022,4.8992
tgo,2023,4.7905
tgo,2024,4.6821
tha,1991,2.9625
tha,1992,2.9167
tha,1993,2.8885
tha,1994,2.8715
tha,1995,2.8491
tha,1996,2.8077
tha,1997,2.7621
tha,1998,2.7408
tha,1999,2.7612
tha,2000,2.8209
tha,2001,2.9134
tha,2002,3.0137
tha,2003,3.0833
tha,2004,3.0982
tha,2005,3.5151
tha,2006,3.0132
tha,2007,2.9463
tha,2008,2.8836
tha,2009,2.8310
tha,2010,2.7835
tha,2011,2.7350
tha,2012,2.6850
tha,2013,2.6362
tha,2014,2.5917
tha,2015,2.5561
tha,2016,2.5321
tha,2017,2.5160
tha,2018,2.4967
tha,2019,2.4717
tha,2020,2.4512
tha,2021,2.4453
tha,2022,2.4617
tha,2023,2.5058
tha,2024,2.5734
tjk,1991,2.7534
tjk,1992,2.9980
tjk,1993,3.5805
tjk,1994,3.3515
tjk,1995,3.3750
tjk,1996,3.2638
tjk,1997,3.5168
tjk,1998,2.7451
tjk,1999,2.4516
tjk,2000,2.1880
tjk,2001,1.9734
tjk,2002,1.8107
tjk,2003,1.6874
tjk,2004,1.5918
tjk,2005,1.5180
tjk,2006,1.4616
tjk,2007,1.4190
tjk,2008,1.3869
tjk,2009,1.3618
tjk,2010,1.3414
tjk,2011,1.3235
tjk,2012,1.3048
tjk,2013,1.2857
tjk,2014,1.2649
tjk,2015,1.2435
tjk,2016,1.2207
tjk,2017,1.1967
tjk,2018,1.1712
tjk,2019,1.1416
tjk,2020,1.1081
tjk,2021,1.0696
tjk,2022,1.0277
tjk,2023,0.98620
tjk,2024,0.94965
tkm,1991,2.8588
tkm,1992,2.9215
tkm,1993,3.0037
tkm,1994,3.0971
tkm,1995,3.1866
tkm,1996,3.2565
tkm,1997,3.2942
tkm,1998,3.2891
tkm,1999,3.2461
tkm,2000,3.1765
tkm,2001,3.0928
tkm,2002,3.0068
tkm,2003,2.9281
tkm,2004,2.8507
tkm,2005,2.7698
tkm,2006,2.6793
tkm,2007,2.5772
tkm,2008,2.4628
tkm,2009,2.3465
tkm,2010,2.2402
tkm,2011,2.1523
tkm,2012,2.0882
tkm,2013,2.0510
tkm,2014,2.0377
tkm,2015,2.0390
tkm,2016,2.0493
tkm,2017,2.0583
tkm,2018,2.0572
tkm,2019,2.0448
tkm,2020,2.0247
tkm,2021,1.9980
tkm,2022,1.9645
tkm,2023,1.9279
tkm,2024,1.8891
tls,1991,16.869
tls,1992,17.214
tls,1993,16.359
tls,1994,15.562
tls,1995,15.169
tls,1996,16.129
tls,1997,15.592
tls,1998,15.072
tls,1999,16.153
tls,2000,19.159
tls,2001,6.8079
tls,2002,6.5943
tls,2003,6.3835
tls,2004,6.1786
tls,2005,5.9810
tls,2006,5.7905
tls,2007,5.6098
tls,2008,5.4413
tls,2009,5.2846
tls,2010,5.1396
tls,2011,5.0071
tls,2012,4.8806
tls,2013,4.7670
tls,2014,4.6609
tls,2015,4.5641
tls,2016,4.4758
tls,2017,4.3969
tls,2018,4.3248
tls,2019,4.2643
tls,2020,4.2053
tls,2021,4.1348
tls,2022,4.0602
tls,2023,3.9823
tls,2024,3.9011
ton,1991,1.5286
ton,1992,1.5763
ton,1993,1.6263
ton,1994,1.6722
ton,1995,1.7256
ton,1996,1.7763
ton,1997,1.8296
ton,1998,1.8795
ton,1999,1.9270
ton,2000,1.9646
ton,2001,1.9938
ton,2002,2.0032
ton,2003,2.0014
ton,2004,1.9884
ton,2005,1.9577
ton,2006,1.9085
ton,2007,1.8454
ton,2008,1.7723
ton,2009,1.6858
ton,2010,1.5921
ton,2011,1.4975
ton,2012,1.4011
ton,2013,1.3058
ton,2014,1.2120
ton,2015,1.1234
ton,2016,1.0397
ton,2017,0.96288
ton,2018,0.89274
ton,2019,0.83415
ton,2020,0.78654
ton,2021,0.74940
ton,2022,0.71854
ton,2023,0.69536
ton,2024,0.67191
tto,1991,2.0269
tto,1992,1.9962
tto,1993,1.9672
tto,1994,1.9408
tto,1995,1.9166
tto,1996,1.8942
tto,1997,1.8728
tto,1998,1.8520
tto,1999,1.8305
tto,2000,1.8086
tto,2001,1.7854
tto,2002,1.7612
tto,2003,1.7364
tto,2004,1.7119
tto,2005,1.6908
tto,2006,1.6683
tto,2007,1.6475
tto,2008,1.6256
tto,2009,1.6024
tto,2010,1.5786
tto,2011,1.5553
tto,2012,1.5327
tto,2013,1.5115
tto,2014,1.4926
tto,2015,1.4761
tto,2016,1.4625
tto,2017,1.4482
tto,2018,1.4347
tto,2019,1.4217
tto,2020,1.4092
tto,2021,1.3923
tto,2022,1.3750
tto,2023,1.3540
tto,2024,1.3290
tun,1991,2.9246
tun,1992,2.7963
tun,1993,2.6715
tun,1994,2.5506
tun,1995,2.4363
tun,1996,2.3329
tun,1997,2.2449
tun,1998,2.1758
tun,1999,2.1228
tun,2000,2.0830
tun,2001,2.0516
tun,2002,2.0255
tun,2003,2.0010
tun,2004,1.9772
tun,2005,1.9556
tun,2006,1.9326
tun,2007,1.9109
tun,2008,1.8907
tun,2009,1.8711
tun,2010,1.8512
tun,2011,1.8310
tun,2012,1.8110
tun,2013,1.7907
tun,2014,1.7701
tun,2015,1.7490
tun,2016,1.7268
tun,2017,1.7013
tun,2018,1.6720
tun,2019,1.6403
tun,2020,1.6069
tun,2021,1.5743
tun,2022,1.5450
tun,2023,1.5191
tun,2024,1.4942
tur,1991,2.4021
tur,1992,2.4144
tur,1993,2.4283
tur,1994,2.4431
tur,1995,2.4567
tur,1996,2.4715
tur,1997,2.4820
tur,1998,2.4897
tur,1999,2.4949
tur,2000,3.6045
tur,2001,2.4844
tur,2002,2.4723
tur,2003,2.4498
tur,2004,2.4164
tur,2005,2.3710
tur,2006,2.3114
tur,2007,2.2368
tur,2008,2.1472
tur,2009,2.0414
tur,2010,1.9195
tur,2011,1.7855
tur,2012,1.6449
tur,2013,1.5055
tur,2014,1.3788
tur,2015,1.2723
tur,2016,1.1877
tur,2017,1.1232
tur,2018,1.0781
tur,2019,1.0501
tur,2020,1.0377
tur,2021,1.0384
tur,2022,1.0496
tur,2023,1.0676
tur,2024,3.1769
tuv,1991,4.1331
tuv,1992,4.0997
tuv,1993,4.0594
tuv,1994,4.0123
tuv,1995,3.9580
tuv,1996,3.8937
tuv,1997,3.8211
tuv,1998,3.7422
tuv,1999,3.6572
tuv,2000,3.5778
tuv,2001,3.5048
tuv,2002,3.4433
tuv,2003,3.3891
tuv,2004,3.3384
tuv,2005,3.2837
tuv,2006,3.2258
tuv,2007,3.1558
tuv,2008,3.0775
tuv,2009,2.9903
tuv,2010,2.9018
tuv,2011,2.8167
tuv,2012,2.7372
tuv,2013,2.6631
tuv,2014,2.5931
tuv,2015,2.5277
tuv,2016,2.4632
tuv,2017,2.4005
tuv,2018,2.3377
tuv,2019,2.2818
tuv,2020,2.2249
tuv,2021,2.1687
tuv,2022,2.1193
tuv,2023,2.0688
tuv,2024,2.0201
tza,1991,8.4769
tza,1992,8.3201
tza,1993,8.1367
tza,1994,7.9302
tza,1995,7.6813
tza,1996,7.4021
tza,1997,7.1045
tza,1998,6.7872
tza,1999,6.4665
tza,2000,6.1561
tza,2001,5.8647
tza,2002,5.5961
tza,2003,5.3493
tza,2004,5.1160
tza,2005,4.9017
tza,2006,4.7102
tza,2007,4.5488
tza,2008,4.4176
tza,2009,4.3197
tza,2010,4.2457
tza,2011,4.2062
tza,2012,4.1951
tza,2013,4.2052
tza,2014,4.2246
tza,2015,4.2345
tza,2016,4.2173
tza,2017,4.1912
tza,2018,4.1540
tza,2019,4.1006
tza,2020,4.0223
tza,2021,3.9518
tza,2022,3.8584
tza,2023,3.7941
tza,2024,3.7157
uga,1991,9.3245
uga,1992,9.1557
uga,1993,8.9853
uga,1994,8.8202
uga,1995,8.6648
uga,1996,8.5093
uga,1997,8.3600
uga,1998,8.2156
uga,1999,8.0701
uga,2000,7.9353
uga,2001,7.8027
uga,2002,7.6680
uga,2003,7.5401
uga,2004,7.4002
uga,2005,7.2537
uga,2006,7.1058
uga,2007,6.9707
uga,2008,6.8393
uga,2009,6.7103
uga,2010,6.5749
uga,2011,6.4452
uga,2012,6.3189
uga,2013,6.2051
uga,2014,6.0842
uga,2015,5.9654
uga,2016,5.8429
uga,2017,5.7352
uga,2018,5.6015
uga,2019,5.4885
uga,2020,5.3740
uga,2021,5.2528
uga,2022,5.1468
uga,2023,5.0317
uga,2024,4.9122
ukr,1991,2.0650
ukr,1992,2.0855
ukr,1993,2.0984
ukr,1994,2.0955
ukr,1995,2.0750
ukr,1996,2.0391
ukr,1997,1.9912
ukr,1998,1.9404
ukr,1999,1.8941
ukr,2000,1.8545
ukr,2001,1.8210
ukr,2002,1.7931
ukr,2003,1.7683
ukr,2004,1.7432
ukr,2005,1.7146
ukr,2006,1.6792
ukr,2007,1.6347
ukr,2008,1.5799
ukr,2009,1.5149
ukr,2010,1.4444
ukr,2011,1.3747
ukr,2012,1.3089
ukr,2013,1.2479
ukr,2014,1.1909
ukr,2015,1.1378
ukr,2016,1.0894
ukr,2017,1.0464
ukr,2018,1.0099
ukr,2019,0.98035
ukr,2020,0.95826
ukr,2021,0.94214
ukr,2022,0.92966
ukr,2023,1.5411
ukr,2024,1.0800
unicef_eap,1991,3.0172
unicef_eap,1992,2.9506
unicef_eap,1993,2.8473
unicef_eap,1994,2.7636
unicef_eap,1995,2.6848
unicef_eap,1996,2.6452
unicef_eap,1997,2.5573
unicef_eap,1998,2.4731
unicef_eap,1999,2.3937
unicef_eap,2000,2.3040
unicef_eap,2001,2.2157
unicef_eap,2002,2.1451
unicef_eap,2003,2.0885
unicef_eap,2004,2.0018
unicef_eap,2005,2.2867
unicef_eap,2006,1.9083
unicef_eap,2007,1.8644
unicef_eap,2008,1.8167
unicef_eap,2009,2.1113
unicef_eap,2010,1.7259
unicef_eap,2011,1.6801
unicef_eap,2012,1.6524
unicef_eap,2013,1.5945
unicef_eap,2014,1.5784
unicef_eap,2015,1.5236
unicef_eap,2016,1.4943
unicef_eap,2017,1.4671
unicef_eap,2018,1.4351
unicef_eap,2019,1.4038
unicef_eap,2020,1.3719
unicef_eap,2021,1.3427
unicef_eap,2022,1.3154
unicef_eap,2023,1.2908
unicef_eap,2024,1.2684
unicef_eapro,1991,3.1996
unicef_eapro,1992,3.1240
unicef_eapro,1993,3.0067
unicef_eapro,1994,2.9118
unicef_eapro,1995,2.8241
unicef_eapro,1996,2.7729
unicef_eapro,1997,2.6813
unicef_eapro,1998,2.5886
unicef_eapro,1999,2.5014
unicef_eapro,2000,2.4035
unicef_eapro,2001,2.3081
unicef_eapro,2002,2.2340
unicef_eapro,2003,2.1776
unicef_eapro,2004,2.0899
unicef_eapro,2005,2.3991
unicef_eapro,2006,2.0013
unicef_eapro,2007,1.9597
unicef_eapro,2008,1.9120
unicef_eapro,2009,2.2323
unicef_eapro,2010,1.8198
unicef_eapro,2011,1.7721
unicef_eapro,2012,1.7253
unicef_eapro,2013,1.6814
unicef_eapro,2014,1.6640
unicef_eapro,2015,1.6045
unicef_eapro,2016,1.5721
unicef_eapro,2017,1.5419
unicef_eapro,2018,1.5069
unicef_eapro,2019,1.4728
unicef_eapro,2020,1.4378
unicef_eapro,2021,1.4058
unicef_eapro,2022,1.3759
unicef_eapro,2023,1.3483
unicef_eapro,2024,1.3231
unicef_eca,1991,1.7490
unicef_eca,1992,1.7588
unicef_eca,1993,1.8037
unicef_eca,1994,1.7954
unicef_eca,1995,1.7442
unicef_eca,1996,1.7259
unicef_eca,1997,1.6987
unicef_eca,1998,1.6706
unicef_eca,1999,1.6485
unicef_eca,2000,1.7378
unicef_eca,2001,1.5911
unicef_eca,2002,1.5466
unicef_eca,2003,1.4913
unicef_eca,2004,1.4322
unicef_eca,2005,1.3736
unicef_eca,2006,1.3202
unicef_eca,2007,1.2696
unicef_eca,2008,1.2200
unicef_eca,2009,1.1716
unicef_eca,2010,1.1246
unicef_eca,2011,1.0785
unicef_eca,2012,1.0345
unicef_eca,2013,0.99379
unicef_eca,2014,0.95817
unicef_eca,2015,0.92621
unicef_eca,2016,0.89822
unicef_eca,2017,0.87256
unicef_eca,2018,0.84900
unicef_eca,2019,0.82837
unicef_eca,2020,0.81387
unicef_eca,2021,0.80977
unicef_eca,2022,0.81133
unicef_eca,2023,0.84811
unicef_eca,2024,1.0895
unicef_ecaro,1991,2.2713
unicef_ecaro,1992,2.2898
unicef_ecaro,1993,2.4144
unicef_ecaro,1994,2.4050
unicef_ecaro,1995,2.2946
unicef_ecaro,1996,2.2923
unicef_ecaro,1997,2.2655
unicef_ecaro,1998,2.2296
unicef_ecaro,1999,2.2089
unicef_ecaro,2000,2.4826
unicef_ecaro,2001,2.1476
unicef_ecaro,2002,2.0900
unicef_ecaro,2003,2.0224
unicef_ecaro,2004,1.9569
unicef_ecaro,2005,1.8961
unicef_ecaro,2006,1.8461
unicef_ecaro,2007,1.7991
unicef_ecaro,2008,1.7495
unicef_ecaro,2009,1.6957
unicef_ecaro,2010,1.6381
unicef_ecaro,2011,1.5751
unicef_ecaro,2012,1.5089
unicef_ecaro,2013,1.4421
unicef_ecaro,2014,1.3804
unicef_ecaro,2015,1.3257
unicef_ecaro,2016,1.2812
unicef_ecaro,2017,1.2446
unicef_ecaro,2018,1.2147
unicef_ecaro,2019,1.1910
unicef_ecaro,2020,1.1777
unicef_ecaro,2021,1.1850
unicef_ecaro,2022,1.1995
unicef_ecaro,2023,1.3042
unicef_ecaro,2024,1.9448
unicef_eeca,1991,2.3379
unicef_eeca,1992,2.3721
unicef_eeca,1993,2.4753
unicef_eeca,1994,2.4745
unicef_eeca,1995,2.3899
unicef_eeca,1996,2.3675
unicef_eeca,1997,2.3256
unicef_eeca,1998,2.2839
unicef_eeca,1999,2.2611
unicef_eeca,2000,2.4450
unicef_eeca,2001,2.2173
unicef_eeca,2002,2.1755
unicef_eeca,2003,2.1189
unicef_eeca,2004,2.0546
unicef_eeca,2005,1.9862
unicef_eeca,2006,1.9213
unicef_eeca,2007,1.8578
unicef_eeca,2008,1.7950
unicef_eeca,2009,1.7325
unicef_eeca,2010,1.6705
unicef_eeca,2011,1.6077
unicef_eeca,2012,1.5453
unicef_eeca,2013,1.4836
unicef_eeca,2014,1.4262
unicef_eeca,2015,1.3735
unicef_eeca,2016,1.3268
unicef_eeca,2017,1.2843
unicef_eeca,2018,1.2446
unicef_eeca,2019,1.2087
unicef_eeca,2020,1.1812
unicef_eeca,2021,1.1699
unicef_eeca,2022,1.1652
unicef_eeca,2023,1.2271
unicef_eeca,2024,1.6741
unicef_esa,1991,12.649
unicef_esa,1992,13.485
unicef_esa,1993,14.399
unicef_esa,1994,13.453
unicef_esa,1995,15.460
unicef_esa,1996,11.272
unicef_esa,1997,10.996
unicef_esa,1998,10.664
unicef_esa,1999,11.343
unicef_esa,2000,9.4699
unicef_esa,2001,9.0823
unicef_esa,2002,8.7881
unicef_esa,2003,8.5058
unicef_esa,2004,8.2129
unicef_esa,2005,8.0114
unicef_esa,2006,7.7232
unicef_esa,2007,7.3036
unicef_esa,2008,6.9539
unicef_esa,2009,6.6932
unicef_esa,2010,6.3597
unicef_esa,2011,6.2113
unicef_esa,2012,6.8107
unicef_esa,2013,5.7531
unicef_esa,2014,5.3869
unicef_esa,2015,5.4687
unicef_esa,2016,5.4811
unicef_esa,2017,5.4179
unicef_esa,2018,5.4433
unicef_esa,2019,4.7613
unicef_esa,2020,4.4493
unicef_esa,2021,4.3384
unicef_esa,2022,4.2383
unicef_esa,2023,4.2972
unicef_esa,2024,4.0602
unicef_esaro,1991,13.154
unicef_esaro,1992,14.079
unicef_esaro,1993,15.088
unicef_esaro,1994,14.066
unicef_esaro,1995,16.271
unicef_esaro,1996,11.712
unicef_esaro,1997,11.421
unicef_esaro,1998,11.071
unicef_esaro,1999,11.827
unicef_esaro,2000,9.8068
unicef_esaro,2001,9.4041
unicef_esaro,2002,9.1036
unicef_esaro,2003,8.8157
unicef_esaro,2004,8.4335
unicef_esaro,2005,8.1372
unicef_esaro,2006,7.8319
unicef_esaro,2007,7.5214
unicef_esaro,2008,7.2043
unicef_esaro,2009,6.8847
unicef_esaro,2010,6.5790
unicef_esaro,2011,6.4276
unicef_esaro,2012,7.0911
unicef_esaro,2013,5.9477
unicef_esaro,2014,5.5569
unicef_esaro,2015,5.6540
unicef_esaro,2016,5.6748
unicef_esaro,2017,5.6124
unicef_esaro,2018,5.6461
unicef_esaro,2019,4.9101
unicef_esaro,2020,4.5764
unicef_esaro,2021,4.4627
unicef_esaro,2022,4.3601
unicef_esaro,2023,4.4311
unicef_esaro,2024,4.1774
unicef_lac,1991,2.6736
unicef_lac,1992,2.5874
unicef_lac,1993,2.5099
unicef_lac,1994,2.4407
unicef_lac,1995,2.3776
unicef_lac,1996,2.3194
unicef_lac,1997,2.2653
unicef_lac,1998,2.2139
unicef_lac,1999,2.3277
unicef_lac,2000,2.1222
unicef_lac,2001,2.0827
unicef_lac,2002,2.0567
unicef_lac,2003,2.0165
unicef_lac,2004,1.9886
unicef_lac,2005,1.9877
unicef_lac,2006,1.9554
unicef_lac,2007,1.9231
unicef_lac,2008,1.9052
unicef_lac,2009,1.8859
unicef_lac,2010,1.8661
unicef_lac,2011,2.5999
unicef_lac,2012,1.8212
unicef_lac,2013,1.7734
unicef_lac,2014,1.7410
unicef_lac,2015,1.7108
unicef_lac,2016,1.6837
unicef_lac,2017,1.6645
unicef_lac,2018,1.6522
unicef_lac,2019,1.6342
unicef_lac,2020,1.6283
unicef_lac,2021,1.6249
unicef_lac,2022,1.6468
unicef_lac,2023,1.6230
unicef_lac,2024,1.6054
unicef_lacro,1991,2.6742
unicef_lacro,1992,2.5879
unicef_lacro,1993,2.5103
unicef_lacro,1994,2.4411
unicef_lacro,1995,2.3779
unicef_lacro,1996,2.3196
unicef_lacro,1997,2.2655
unicef_lacro,1998,2.2140
unicef_lacro,1999,2.3280
unicef_lacro,2000,2.1223
unicef_lacro,2001,2.0827
unicef_lacro,2002,2.0568
unicef_lacro,2003,2.0165
unicef_lacro,2004,1.9886
unicef_lacro,2005,1.9877
unicef_lacro,2006,1.9555
unicef_lacro,2007,1.9231
unicef_lacro,2008,1.9052
unicef_lacro,2009,1.8860
unicef_lacro,2010,1.8661
unicef_lacro,2011,2.6003
unicef_lacro,2012,1.8213
unicef_lacro,2013,1.7734
unicef_lacro,2014,1.7411
unicef_lacro,2015,1.7109
unicef_lacro,2016,1.6837
unicef_lacro,2017,1.6645
unicef_lacro,2018,1.6522
unicef_lacro,2019,1.6342
unicef_lacro,2020,1.6265
unicef_lacro,2021,1.6250
unicef_lacro,2022,1.6469
unicef_lacro,2023,1.6231
unicef_lacro,2024,1.6056
unicef_mena,1991,4.9896
unicef_mena,1992,3.9754
unicef_mena,1993,3.6494
unicef_mena,1994,3.4799
unicef_mena,1995,3.3239
unicef_mena,1996,3.1787
unicef_mena,1997,3.0420
unicef_mena,1998,2.9182
unicef_mena,1999,2.8071
unicef_mena,2000,2.7087
unicef_mena,2001,2.6213
unicef_mena,2002,2.5458
unicef_mena,2003,2.4806
unicef_mena,2004,2.8018
unicef_mena,2005,2.3875
unicef_mena,2006,2.3601
unicef_mena,2007,2.3406
unicef_mena,2008,2.3283
unicef_mena,2009,2.3203
unicef_mena,2010,2.3099
unicef_mena,2011,2.2875
unicef_mena,2012,2.3021
unicef_mena,2013,2.3943
unicef_mena,2014,2.3778
unicef_mena,2015,2.3361
unicef_mena,2016,2.3355
unicef_mena,2017,2.2462
unicef_mena,2018,2.2150
unicef_mena,2019,2.2020
unicef_mena,2020,2.1087
unicef_mena,2021,2.0331
unicef_mena,2022,2.0042
unicef_mena,2023,1.9804
unicef_mena,2024,2.2936
unicef_menaro,1991,5.2633
unicef_menaro,1992,4.3102
unicef_menaro,1993,3.9901
unicef_menaro,1994,3.8130
unicef_menaro,1995,3.6502
unicef_menaro,1996,3.4968
unicef_menaro,1997,3.3515
unicef_menaro,1998,3.2185
unicef_menaro,1999,3.0996
unicef_menaro,2000,2.9928
unicef_menaro,2001,2.8967
unicef_menaro,2002,2.8119
unicef_menaro,2003,2.7388
unicef_menaro,2004,3.1080
unicef_menaro,2005,2.8181
unicef_menaro,2006,2.7981
unicef_menaro,2007,2.6284
unicef_menaro,2008,2.5497
unicef_menaro,2009,2.5899
unicef_menaro,2010,2.5160
unicef_menaro,2011,2.4873
unicef_menaro,2012,2.4918
unicef_menaro,2013,2.5664
unicef_menaro,2014,2.5432
unicef_menaro,2015,2.4968
unicef_menaro,2016,2.4868
unicef_menaro,2017,2.3972
unicef_menaro,2018,2.3594
unicef_menaro,2019,2.3368
unicef_menaro,2020,2.2435
unicef_menaro,2021,2.1649
unicef_menaro,2022,2.1298
unicef_menaro,2023,2.0983
unicef_menaro,2024,2.3711
unicef_na,1991,1.2944
unicef_na,1992,1.2743
unicef_na,1993,1.2547
unicef_na,1994,1.2360
unicef_na,1995,1.2151
unicef_na,1996,1.1893
unicef_na,1997,1.1584
unicef_na,1998,1.1222
unicef_na,1999,1.0825
unicef_na,2000,1.0424
unicef_na,2001,1.0056
unicef_na,2002,0.97239
unicef_na,2003,0.94268
unicef_na,2004,0.91568
unicef_na,2005,0.88943
unicef_na,2006,0.86138
unicef_na,2007,0.83207
unicef_na,2008,0.80156
unicef_na,2009,0.77228
unicef_na,2010,0.74603
unicef_na,2011,0.72536
unicef_na,2012,0.71079
unicef_na,2013,0.70296
unicef_na,2014,0.70132
unicef_na,2015,0.70493
unicef_na,2016,0.71173
unicef_na,2017,0.72093
unicef_na,2018,0.73178
unicef_na,2019,0.74377
unicef_na,2020,0.75738
unicef_na,2021,0.77385
unicef_na,2022,0.79240
unicef_na,2023,0.81135
unicef_na,2024,0.82860
unicef_rosa,1991,6.9914
unicef_rosa,1992,7.3610
unicef_rosa,1993,6.7057
unicef_rosa,1994,6.5388
unicef_rosa,1995,6.4039
unicef_rosa,1996,6.2592
unicef_rosa,1997,6.1006
unicef_rosa,1998,5.9171
unicef_rosa,1999,5.7331
unicef_rosa,2000,5.4966
unicef_rosa,2001,5.3083
unicef_rosa,2002,5.1428
unicef_rosa,2003,4.9995
unicef_rosa,2004,4.8764
unicef_rosa,2005,4.8263
unicef_rosa,2006,4.8739
unicef_rosa,2007,4.5359
unicef_rosa,2008,4.4062
unicef_rosa,2009,4.2600
unicef_rosa,2010,4.1190
unicef_rosa,2011,3.9417
unicef_rosa,2012,3.7746
unicef_rosa,2013,3.6108
unicef_rosa,2014,3.4573
unicef_rosa,2015,3.3100
unicef_rosa,2016,3.1946
unicef_rosa,2017,3.0443
unicef_rosa,2018,2.9106
unicef_rosa,2019,2.7956
unicef_rosa,2020,2.6846
unicef_rosa,2021,2.5751
unicef_rosa,2022,2.4825
unicef_rosa,2023,2.3832
unicef_rosa,2024,2.3044
unicef_sa,1991,6.9914
unicef_sa,1992,7.3610
unicef_sa,1993,6.7057
unicef_sa,1994,6.5388
unicef_sa,1995,6.4039
unicef_sa,1996,6.2592
unicef_sa,1997,6.1006
unicef_sa,1998,5.9171
unicef_sa,1999,5.7331
unicef_sa,2000,5.4966
unicef_sa,2001,5.3083
unicef_sa,2002,5.1428
unicef_sa,2003,4.9995
unicef_sa,2004,4.8764
unicef_sa,2005,4.8263
unicef_sa,2006,4.8739
unicef_sa,2007,4.5359
unicef_sa,2008,4.4062
unicef_sa,2009,4.2600
unicef_sa,2010,4.1190
unicef_sa,2011,3.9417
unicef_sa,2012,3.7746
unicef_sa,2013,3.6108
unicef_sa,2014,3.4573
unicef_sa,2015,3.3100
unicef_sa,2016,3.1946
unicef_sa,2017,3.0443
unicef_sa,2018,2.9106
unicef_sa,2019,2.7956
unicef_sa,2020,2.6846
unicef_sa,2021,2.5751
unicef_sa,2022,2.4825
unicef_sa,2023,2.3832
unicef_sa,2024,2.3044
unicef_ssa,1991,12.236
unicef_ssa,1992,12.589
unicef_ssa,1993,12.989
unicef_ssa,1994,12.417
unicef_ssa,1995,13.407
unicef_ssa,1996,11.117
unicef_ssa,1997,10.897
unicef_ssa,1998,10.655
unicef_ssa,1999,10.939
unicef_ssa,2000,9.8675
unicef_ssa,2001,9.5926
unicef_ssa,2002,9.3684
unicef_ssa,2003,9.1487
unicef_ssa,2004,8.9300
unicef_ssa,2005,8.7522
unicef_ssa,2006,8.5370
unicef_ssa,2007,8.2536
unicef_ssa,2008,8.0079
unicef_ssa,2009,7.8091
unicef_ssa,2010,7.9736
unicef_ssa,2011,7.4518
unicef_ssa,2012,7.6899
unicef_ssa,2013,7.0708
unicef_ssa,2014,6.8345
unicef_ssa,2015,6.8678
unicef_ssa,2016,6.7614
unicef_ssa,2017,6.6618
unicef_ssa,2018,6.6318
unicef_ssa,2019,6.1927
unicef_ssa,2020,6.0862
unicef_ssa,2021,5.8559
unicef_ssa,2022,5.7886
unicef_ssa,2023,5.9773
unicef_ssa,2024,5.5075
unicef_wca,1991,11.777
unicef_wca,1992,11.594
unicef_wca,1993,11.418
unicef_wca,1994,11.261
unicef_wca,1995,11.109
unicef_wca,1996,10.942
unicef_wca,1997,10.784
unicef_wca,1998,10.646
unicef_wca,1999,10.479
unicef_wca,2000,10.319
unicef_wca,2001,10.171
unicef_wca,2002,10.022
unicef_wca,2003,9.8687
unicef_wca,2004,9.7295
unicef_wca,2005,9.5746
unicef_wca,2006,9.4364
unicef_wca,2007,9.2995
unicef_wca,2008,9.1636
unicef_wca,2009,9.0290
unicef_wca,2010,9.7336
unicef_wca,2011,8.8009
unicef_wca,2012,8.6413
unicef_wca,2013,8.4888
unicef_wca,2014,8.3846
unicef_wca,2015,8.3577
unicef_wca,2016,8.1185
unicef_wca,2017,7.9741
unicef_wca,2018,7.8787
unicef_wca,2019,7.6850
unicef_wca,2020,7.7792
unicef_wca,2021,7.4106
unicef_wca,2022,7.3598
unicef_wca,2023,7.6614
unicef_wca,2024,6.9431
unicef_wcaro,1991,11.777
unicef_wcaro,1992,11.594
unicef_wcaro,1993,11.418
unicef_wcaro,1994,11.261
unicef_wcaro,1995,11.109
unicef_wcaro,1996,10.942
unicef_wcaro,1997,10.784
unicef_wcaro,1998,10.646
unicef_wcaro,1999,10.479
unicef_wcaro,2000,10.319
unicef_wcaro,2001,10.171
unicef_wcaro,2002,10.022
unicef_wcaro,2003,9.8687
unicef_wcaro,2004,9.7295
unicef_wcaro,2005,9.5746
unicef_wcaro,2006,9.4364
unicef_wcaro,2007,9.2995
unicef_wcaro,2008,9.1636
unicef_wcaro,2009,9.0290
unicef_wcaro,2010,9.7336
unicef_wcaro,2011,8.8009
unicef_wcaro,2012,8.6413
unicef_wcaro,2013,8.4888
unicef_wcaro,2014,8.3846
unicef_wcaro,2015,8.3577
unicef_wcaro,2016,8.1185
unicef_wcaro,2017,7.9741
unicef_wcaro,2018,7.8787
unicef_wcaro,2019,7.6850
unicef_wcaro,2020,7.7792
unicef_wcaro,2021,7.4106
unicef_wcaro,2022,7.3598
unicef_wcaro,2023,7.6614
unicef_wcaro,2024,6.9431
unicef_we,1991,1.0891
unicef_we,1992,1.0657
unicef_we,1993,1.0393
unicef_we,1994,1.0100
unicef_we,1995,0.97994
unicef_we,1996,0.94837
unicef_we,1997,0.91748
unicef_we,1998,0.88505
unicef_we,1999,0.85216
unicef_we,2000,0.82001
unicef_we,2001,0.79007
unicef_we,2002,0.76202
unicef_we,2003,0.73451
unicef_we,2004,0.70802
unicef_we,2005,0.68181
unicef_we,2006,0.65611
unicef_we,2007,0.63162
unicef_we,2008,0.60833
unicef_we,2009,0.58609
unicef_we,2010,0.56452
unicef_we,2011,0.54483
unicef_we,2012,0.52642
unicef_we,2013,0.50870
unicef_we,2014,0.49330
unicef_we,2015,0.47976
unicef_we,2016,0.46818
unicef_we,2017,0.45744
unicef_we,2018,0.44786
unicef_we,2019,0.43951
unicef_we,2020,0.43336
unicef_we,2021,0.42982
unicef_we,2022,0.42892
unicef_we,2023,0.43094
unicef_we,2024,0.43514
unsdg_australianewzealand,1991,1.0471
unsdg_australianewzealand,1992,1.0167
unsdg_australianewzealand,1993,0.98426
unsdg_australianewzealand,1994,0.95608
unsdg_australianewzealand,1995,0.92690
unsdg_australianewzealand,1996,0.89794
unsdg_australianewzealand,1997,0.87125
unsdg_australianewzealand,1998,0.84403
unsdg_australianewzealand,1999,0.81349
unsdg_australianewzealand,2000,0.78731
unsdg_australianewzealand,2001,0.75958
unsdg_australianewzealand,2002,0.73139
unsdg_australianewzealand,2003,0.70454
unsdg_australianewzealand,2004,0.67996
unsdg_australianewzealand,2005,0.65809
unsdg_australianewzealand,2006,0.63625
unsdg_australianewzealand,2007,0.61661
unsdg_australianewzealand,2008,0.60033
unsdg_australianewzealand,2009,0.58329
unsdg_australianewzealand,2010,0.56863
unsdg_australianewzealand,2011,0.55959
unsdg_australianewzealand,2012,0.54749
unsdg_australianewzealand,2013,0.53550
unsdg_australianewzealand,2014,0.52600
unsdg_australianewzealand,2015,0.51553
unsdg_australianewzealand,2016,0.50922
unsdg_australianewzealand,2017,0.50162
unsdg_australianewzealand,2018,0.49483
unsdg_australianewzealand,2019,0.48896
unsdg_australianewzealand,2020,0.48599
unsdg_australianewzealand,2021,0.48488
unsdg_australianewzealand,2022,0.48318
unsdg_australianewzealand,2023,0.48288
unsdg_australianewzealand,2024,0.48183
unsdg_centralasia,1991,2.8467
unsdg_centralasia,1992,2.9035
unsdg_centralasia,1993,2.9929
unsdg_centralasia,1994,2.9796
unsdg_centralasia,1995,2.9793
unsdg_centralasia,1996,2.9455
unsdg_centralasia,1997,2.9325
unsdg_centralasia,1998,2.7770
unsdg_centralasia,1999,2.6599
unsdg_centralasia,2000,2.5348
unsdg_centralasia,2001,2.4089
unsdg_centralasia,2002,2.2912
unsdg_centralasia,2003,2.1876
unsdg_centralasia,2004,2.1013
unsdg_centralasia,2005,2.0309
unsdg_centralasia,2006,1.9760
unsdg_centralasia,2007,1.9321
unsdg_centralasia,2008,1.8949
unsdg_centralasia,2009,1.8622
unsdg_centralasia,2010,1.8338
unsdg_centralasia,2011,1.8116
unsdg_centralasia,2012,1.7904
unsdg_centralasia,2013,1.7682
unsdg_centralasia,2014,1.7466
unsdg_centralasia,2015,1.7213
unsdg_centralasia,2016,1.6926
unsdg_centralasia,2017,1.6614
unsdg_centralasia,2018,1.6282
unsdg_centralasia,2019,1.5974
unsdg_centralasia,2020,1.5829
unsdg_centralasia,2021,1.5983
unsdg_centralasia,2022,1.6455
unsdg_centralasia,2023,1.7266
unsdg_centralasia,2024,1.8374
unsdg_centralasiasouthernasia,1991,6.8017
unsdg_centralasiasouthernasia,1992,6.9887
unsdg_centralasiasouthernasia,1993,6.3802
unsdg_centralasiasouthernasia,1994,6.2152
unsdg_centralasiasouthernasia,1995,6.0814
unsdg_centralasiasouthernasia,1996,5.9386
unsdg_centralasiasouthernasia,1997,5.7860
unsdg_centralasiasouthernasia,1998,5.6086
unsdg_centralasiasouthernasia,1999,5.4356
unsdg_centralasiasouthernasia,2000,5.2174
unsdg_centralasiasouthernasia,2001,5.0441
unsdg_centralasiasouthernasia,2002,4.8934
unsdg_centralasiasouthernasia,2003,4.7656
unsdg_centralasiasouthernasia,2004,4.7348
unsdg_centralasiasouthernasia,2005,4.6206
unsdg_centralasiasouthernasia,2006,4.6740
unsdg_centralasiasouthernasia,2007,4.3710
unsdg_centralasiasouthernasia,2008,4.2593
unsdg_centralasiasouthernasia,2009,4.1301
unsdg_centralasiasouthernasia,2010,4.0027
unsdg_centralasiasouthernasia,2011,3.8385
unsdg_centralasiasouthernasia,2012,3.6812
unsdg_centralasiasouthernasia,2013,3.5245
unsdg_centralasiasouthernasia,2014,3.3763
unsdg_centralasiasouthernasia,2015,3.2332
unsdg_centralasiasouthernasia,2016,3.1196
unsdg_centralasiasouthernasia,2017,2.9731
unsdg_centralasiasouthernasia,2018,2.8423
unsdg_centralasiasouthernasia,2019,2.7293
unsdg_centralasiasouthernasia,2020,2.6211
unsdg_centralasiasouthernasia,2021,2.5158
unsdg_centralasiasouthernasia,2022,2.4281
unsdg_centralasiasouthernasia,2023,2.3359
unsdg_centralasiasouthernasia,2024,2.2644
unsdg_easternasia,1991,2.5044
unsdg_easternasia,1992,2.4168
unsdg_easternasia,1993,2.3356
unsdg_easternasia,1994,2.2568
unsdg_easternasia,1995,2.1767
unsdg_easternasia,1996,2.1563
unsdg_easternasia,1997,2.0704
unsdg_easternasia,1998,1.9946
unsdg_easternasia,1999,1.9206
unsdg_easternasia,2000,1.8479
unsdg_easternasia,2001,1.7775
unsdg_easternasia,2002,1.7085
unsdg_easternasia,2003,1.6429
unsdg_easternasia,2004,1.5294
unsdg_easternasia,2005,1.4676
unsdg_easternasia,2006,1.4087
unsdg_easternasia,2007,1.3555
unsdg_easternasia,2008,1.3084
unsdg_easternasia,2009,1.2646
unsdg_easternasia,2010,1.2239
unsdg_easternasia,2011,1.1849
unsdg_easternasia,2012,1.1739
unsdg_easternasia,2013,1.1111
unsdg_easternasia,2014,1.0791
unsdg_easternasia,2015,1.0496
unsdg_easternasia,2016,1.0238
unsdg_easternasia,2017,1.0005
unsdg_easternasia,2018,0.97530
unsdg_easternasia,2019,0.95465
unsdg_easternasia,2020,0.93332
unsdg_easternasia,2021,0.91334
unsdg_easternasia,2022,0.89385
unsdg_easternasia,2023,0.87572
unsdg_easternasia,2024,0.86004
unsdg_easternasiasoutheasternasia,1991,3.0263
unsdg_easternasiasoutheasternasia,1992,2.9592
unsdg_easternasiasoutheasternasia,1993,2.8548
unsdg_easternasiasoutheasternasia,1994,2.7702
unsdg_easternasiasoutheasternasia,1995,2.6906
unsdg_easternasiasoutheasternasia,1996,2.6509
unsdg_easternasiasoutheasternasia,1997,2.5620
unsdg_easternasiasoutheasternasia,1998,2.4769
unsdg_easternasiasoutheasternasia,1999,2.3915
unsdg_easternasiasoutheasternasia,2000,2.3062
unsdg_easternasiasoutheasternasia,2001,2.2171
unsdg_easternasiasoutheasternasia,2002,2.1459
unsdg_easternasiasoutheasternasia,2003,2.0889
unsdg_easternasiasoutheasternasia,2004,2.0015
unsdg_easternasiasoutheasternasia,2005,2.2910
unsdg_easternasiasoutheasternasia,2006,1.9071
unsdg_easternasiasoutheasternasia,2007,1.8628
unsdg_easternasiasoutheasternasia,2008,1.8142
unsdg_easternasiasoutheasternasia,2009,2.1144
unsdg_easternasiasoutheasternasia,2010,1.7219
unsdg_easternasiasoutheasternasia,2011,1.6759
unsdg_easternasiasoutheasternasia,2012,1.6478
unsdg_easternasiasoutheasternasia,2013,1.5891
unsdg_easternasiasoutheasternasia,2014,1.5729
unsdg_easternasiasoutheasternasia,2015,1.5173
unsdg_easternasiasoutheasternasia,2016,1.4876
unsdg_easternasiasoutheasternasia,2017,1.4603
unsdg_easternasiasoutheasternasia,2018,1.4285
unsdg_easternasiasoutheasternasia,2019,1.3972
unsdg_easternasiasoutheasternasia,2020,1.3652
unsdg_easternasiasoutheasternasia,2021,1.3359
unsdg_easternasiasoutheasternasia,2022,1.3087
unsdg_easternasiasoutheasternasia,2023,1.2842
unsdg_easternasiasoutheasternasia,2024,1.2618
unsdg_europe,1991,1.5486
unsdg_europe,1992,1.5483
unsdg_europe,1993,1.5876
unsdg_europe,1994,1.5762
unsdg_europe,1995,1.5050
unsdg_europe,1996,1.4791
unsdg_europe,1997,1.4404
unsdg_europe,1998,1.4204
unsdg_europe,1999,1.4031
unsdg_europe,2000,1.3863
unsdg_europe,2001,1.3579
unsdg_europe,2002,1.3140
unsdg_europe,2003,1.2544
unsdg_europe,2004,1.1877
unsdg_europe,2005,1.1196
unsdg_europe,2006,1.0580
unsdg_europe,2007,1.0025
unsdg_europe,2008,0.95253
unsdg_europe,2009,0.90870
unsdg_europe,2010,0.87013
unsdg_europe,2011,0.83507
unsdg_europe,2012,0.80504
unsdg_europe,2013,0.77919
unsdg_europe,2014,0.75774
unsdg_europe,2015,0.73754
unsdg_europe,2016,0.71868
unsdg_europe,2017,0.69880
unsdg_europe,2018,0.67814
unsdg_europe,2019,0.65764
unsdg_europe,2020,0.63935
unsdg_europe,2021,0.62414
unsdg_europe,2022,0.61353
unsdg_europe,2023,0.64189
unsdg_europe,2024,0.60843
unsdg_europenorthernamr,1991,1.4790
unsdg_europenorthernamr,1992,1.4715
unsdg_europenorthernamr,1993,1.4922
unsdg_europenorthernamr,1994,1.4773
unsdg_europenorthernamr,1995,1.4199
unsdg_europenorthernamr,1996,1.3932
unsdg_europenorthernamr,1997,1.3564
unsdg_europenorthernamr,1998,1.3312
unsdg_europenorthernamr,1999,1.3063
unsdg_europenorthernamr,2000,1.2807
unsdg_europenorthernamr,2001,1.2476
unsdg_europenorthernamr,2002,1.2043
unsdg_europenorthernamr,2003,1.1517
unsdg_europenorthernamr,2004,1.0958
unsdg_europenorthernamr,2005,1.0400
unsdg_europenorthernamr,2006,0.98885
unsdg_europenorthernamr,2007,0.94178
unsdg_europenorthernamr,2008,0.89817
unsdg_europenorthernamr,2009,0.85921
unsdg_europenorthernamr,2010,0.82478
unsdg_europenorthernamr,2011,0.79462
unsdg_europenorthernamr,2012,0.76997
unsdg_europenorthernamr,2013,0.75059
unsdg_europenorthernamr,2014,0.73642
unsdg_europenorthernamr,2015,0.72517
unsdg_europenorthernamr,2016,0.71604
unsdg_europenorthernamr,2017,0.70723
unsdg_europenorthernamr,2018,0.69859
unsdg_europenorthernamr,2019,0.69044
unsdg_europenorthernamr,2020,0.68411
unsdg_europenorthernamr,2021,0.68047
unsdg_europenorthernamr,2022,0.68003
unsdg_europenorthernamr,2023,0.70410
unsdg_europenorthernamr,2024,0.68847
unsdg_lac,1991,2.6736
unsdg_lac,1992,2.5874
unsdg_lac,1993,2.5099
unsdg_lac,1994,2.4407
unsdg_lac,1995,2.3776
unsdg_lac,1996,2.3194
unsdg_lac,1997,2.2653
unsdg_lac,1998,2.2139
unsdg_lac,1999,2.3277
unsdg_lac,2000,2.1222
unsdg_lac,2001,2.0827
unsdg_lac,2002,2.0567
unsdg_lac,2003,2.0165
unsdg_lac,2004,1.9886
unsdg_lac,2005,1.9877
unsdg_lac,2006,1.9554
unsdg_lac,2007,1.9231
unsdg_lac,2008,1.9052
unsdg_lac,2009,1.8859
unsdg_lac,2010,1.8661
unsdg_lac,2011,2.5999
unsdg_lac,2012,1.8212
unsdg_lac,2013,1.7734
unsdg_lac,2014,1.7410
unsdg_lac,2015,1.7108
unsdg_lac,2016,1.6837
unsdg_lac,2017,1.6645
unsdg_lac,2018,1.6522
unsdg_lac,2019,1.6342
unsdg_lac,2020,1.6283
unsdg_lac,2021,1.6249
unsdg_lac,2022,1.6468
unsdg_lac,2023,1.6230
unsdg_lac,2024,1.6054
unsdg_ldc,1991,11.850
unsdg_ldc,1992,13.210
unsdg_ldc,1993,12.528
unsdg_ldc,1994,11.865
unsdg_ldc,1995,12.854
unsdg_ldc,1996,10.512
unsdg_ldc,1997,10.246
unsdg_ldc,1998,9.8893
unsdg_ldc,1999,10.081
unsdg_ldc,2000,8.7772
unsdg_ldc,2001,8.3709
unsdg_ldc,2002,8.0857
unsdg_ldc,2003,7.8446
unsdg_ldc,2004,7.6428
unsdg_ldc,2005,7.5229
unsdg_ldc,2006,7.3417
unsdg_ldc,2007,7.0981
unsdg_ldc,2008,6.8793
unsdg_ldc,2009,7.2227
unsdg_ldc,2010,6.8591
unsdg_ldc,2011,6.7017
unsdg_ldc,2012,6.5565
unsdg_ldc,2013,5.8964
unsdg_ldc,2014,5.6625
unsdg_ldc,2015,5.7296
unsdg_ldc,2016,5.7113
unsdg_ldc,2017,5.6295
unsdg_ldc,2018,5.6427
unsdg_ldc,2019,5.2292
unsdg_ldc,2020,5.1630
unsdg_ldc,2021,4.9602
unsdg_ldc,2022,4.9533
unsdg_ldc,2023,5.1924
unsdg_ldc,2024,4.7065
unsdg_lldc,1991,11.993
unsdg_lldc,1992,11.839
unsdg_lldc,1993,12.740
unsdg_lldc,1994,13.006
unsdg_lldc,1995,15.218
unsdg_lldc,1996,10.763
unsdg_lldc,1997,10.505
unsdg_lldc,1998,10.148
unsdg_lldc,1999,10.997
unsdg_lldc,2000,8.8604
unsdg_lldc,2001,8.4845
unsdg_lldc,2002,8.2019
unsdg_lldc,2003,7.9268
unsdg_lldc,2004,7.5734
unsdg_lldc,2005,7.3223
unsdg_lldc,2006,7.0799
unsdg_lldc,2007,6.8584
unsdg_lldc,2008,6.6508
unsdg_lldc,2009,6.4527
unsdg_lldc,2010,7.1144
unsdg_lldc,2011,6.1226
unsdg_lldc,2012,5.9146
unsdg_lldc,2013,5.7198
unsdg_lldc,2014,5.5960
unsdg_lldc,2015,5.8596
unsdg_lldc,2016,5.8984
unsdg_lldc,2017,5.8099
unsdg_lldc,2018,5.7376
unsdg_lldc,2019,5.0056
unsdg_lldc,2020,4.9890
unsdg_lldc,2021,4.6550
unsdg_lldc,2022,4.6886
unsdg_lldc,2023,5.0845
unsdg_lldc,2024,4.3735
unsdg_northafr,1991,4.7582
unsdg_northafr,1992,4.5550
unsdg_northafr,1993,4.3543
unsdg_northafr,1994,4.1597
unsdg_northafr,1995,3.9764
unsdg_northafr,1996,3.7989
unsdg_northafr,1997,3.6279
unsdg_northafr,1998,3.4644
unsdg_northafr,1999,3.3146
unsdg_northafr,2000,3.1746
unsdg_northafr,2001,3.0485
unsdg_northafr,2002,2.9340
unsdg_northafr,2003,2.8329
unsdg_northafr,2004,2.9647
unsdg_northafr,2005,3.0456
unsdg_northafr,2006,3.0103
unsdg_northafr,2007,2.6668
unsdg_northafr,2008,2.5028
unsdg_northafr,2009,2.5742
unsdg_northafr,2010,2.4271
unsdg_northafr,2011,2.3940
unsdg_northafr,2012,2.3767
unsdg_northafr,2013,2.3257
unsdg_northafr,2014,2.2860
unsdg_northafr,2015,2.2452
unsdg_northafr,2016,2.1941
unsdg_northafr,2017,2.1398
unsdg_northafr,2018,2.0830
unsdg_northafr,2019,2.0247
unsdg_northafr,2020,1.9813
unsdg_northafr,2021,1.9339
unsdg_northafr,2022,1.8904
unsdg_northafr,2023,1.8513
unsdg_northafr,2024,2.0331
unsdg_northernamr,1991,1.2944
unsdg_northernamr,1992,1.2743
unsdg_northernamr,1993,1.2547
unsdg_northernamr,1994,1.2360
unsdg_northernamr,1995,1.2151
unsdg_northernamr,1996,1.1893
unsdg_northernamr,1997,1.1584
unsdg_northernamr,1998,1.1222
unsdg_northernamr,1999,1.0825
unsdg_northernamr,2000,1.0424
unsdg_northernamr,2001,1.0056
unsdg_northernamr,2002,0.97239
unsdg_northernamr,2003,0.94268
unsdg_northernamr,2004,0.91568
unsdg_northernamr,2005,0.88943
unsdg_northernamr,2006,0.86138
unsdg_northernamr,2007,0.83207
unsdg_northernamr,2008,0.80156
unsdg_northernamr,2009,0.77228
unsdg_northernamr,2010,0.74603
unsdg_northernamr,2011,0.72536
unsdg_northernamr,2012,0.71079
unsdg_northernamr,2013,0.70296
unsdg_northernamr,2014,0.70132
unsdg_northernamr,2015,0.70493
unsdg_northernamr,2016,0.71173
unsdg_northernamr,2017,0.72093
unsdg_northernamr,2018,0.73178
unsdg_northernamr,2019,0.74377
unsdg_northernamr,2020,0.75738
unsdg_northernamr,2021,0.77385
unsdg_northernamr,2022,0.79240
unsdg_northernamr,2023,0.81135
unsdg_northernamr,2024,0.82860
unsdg_oceania,1991,2.3393
unsdg_oceania,1992,2.3147
unsdg_oceania,1993,2.2914
unsdg_oceania,1994,2.2691
unsdg_oceania,1995,2.2488
unsdg_oceania,1996,2.2271
unsdg_oceania,1997,2.2045
unsdg_oceania,1998,2.1859
unsdg_oceania,1999,2.5589
unsdg_oceania,2000,2.1390
unsdg_oceania,2001,2.1115
unsdg_oceania,2002,2.0811
unsdg_oceania,2003,2.0579
unsdg_oceania,2004,2.0258
unsdg_oceania,2005,2.0030
unsdg_oceania,2006,1.9802
unsdg_oceania,2007,1.9628
unsdg_oceania,2008,1.9627
unsdg_oceania,2009,1.9361
unsdg_oceania,2010,1.9461
unsdg_oceania,2011,1.9082
unsdg_oceania,2012,1.8920
unsdg_oceania,2013,1.8731
unsdg_oceania,2014,1.8585
unsdg_oceania,2015,1.8403
unsdg_oceania,2016,1.8241
unsdg_oceania,2017,1.7976
unsdg_oceania,2018,1.7536
unsdg_oceania,2019,1.7153
unsdg_oceania,2020,1.6803
unsdg_oceania,2021,1.6549
unsdg_oceania,2022,1.6227
unsdg_oceania,2023,1.5993
unsdg_oceania,2024,1.5761
unsdg_oceaniaexausnzl,1991,5.1519
unsdg_oceaniaexausnzl,1992,5.0802
unsdg_oceaniaexausnzl,1993,5.0165
unsdg_oceaniaexausnzl,1994,4.9496
unsdg_oceaniaexausnzl,1995,4.8963
unsdg_oceaniaexausnzl,1996,4.8433
unsdg_oceaniaexausnzl,1997,4.7802
unsdg_oceaniaexausnzl,1998,4.7243
unsdg_oceaniaexausnzl,1999,5.7944
unsdg_oceaniaexausnzl,2000,4.6074
unsdg_oceaniaexausnzl,2001,4.5539
unsdg_oceaniaexausnzl,2002,4.4989
unsdg_oceaniaexausnzl,2003,4.4582
unsdg_oceaniaexausnzl,2004,4.3856
unsdg_oceaniaexausnzl,2005,4.3289
unsdg_oceaniaexausnzl,2006,4.2627
unsdg_oceaniaexausnzl,2007,4.1984
unsdg_oceaniaexausnzl,2008,4.1731
unsdg_oceaniaexausnzl,2009,4.0848
unsdg_oceaniaexausnzl,2010,4.0895
unsdg_oceaniaexausnzl,2011,3.9637
unsdg_oceaniaexausnzl,2012,3.9008
unsdg_oceaniaexausnzl,2013,3.8336
unsdg_oceaniaexausnzl,2014,3.7757
unsdg_oceaniaexausnzl,2015,3.7161
unsdg_oceaniaexausnzl,2016,3.6632
unsdg_oceaniaexausnzl,2017,3.6041
unsdg_oceaniaexausnzl,2018,3.5209
unsdg_oceaniaexausnzl,2019,3.4570
unsdg_oceaniaexausnzl,2020,3.3960
unsdg_oceaniaexausnzl,2021,3.3481
unsdg_oceaniaexausnzl,2022,3.2679
unsdg_oceaniaexausnzl,2023,3.1957
unsdg_oceaniaexausnzl,2024,3.1219
unsdg_sids,1991,4.5742
unsdg_sids,1992,4.5415
unsdg_sids,1993,4.4770
unsdg_sids,1994,4.4045
unsdg_sids,1995,4.3355
unsdg_sids,1996,4.3026
unsdg_sids,1997,4.2084
unsdg_sids,1998,4.1922
unsdg_sids,1999,4.2796
unsdg_sids,2000,4.0471
unsdg_sids,2001,3.7191
unsdg_sids,2002,3.6460
unsdg_sids,2003,3.5875
unsdg_sids,2004,3.5271
unsdg_sids,2005,3.7219
unsdg_sids,2006,3.4213
unsdg_sids,2007,3.3752
unsdg_sids,2008,3.3354
unsdg_sids,2009,3.2834
unsdg_sids,2010,3.2500
unsdg_sids,2011,10.734
unsdg_sids,2012,3.2906
unsdg_sids,2013,3.0888
unsdg_sids,2014,3.0467
unsdg_sids,2015,3.0023
unsdg_sids,2016,2.9662
unsdg_sids,2017,2.9294
unsdg_sids,2018,2.8870
unsdg_sids,2019,2.8387
unsdg_sids,2020,2.8121
unsdg_sids,2021,2.7496
unsdg_sids,2022,2.8896
unsdg_sids,2023,2.6514
unsdg_sids,2024,2.5962
unsdg_southasia,1991,6.9570
unsdg_southasia,1992,7.1473
unsdg_southasia,1993,6.5106
unsdg_southasia,1994,6.3391
unsdg_southasia,1995,6.2001
unsdg_southasia,1996,6.0540
unsdg_southasia,1997,5.8972
unsdg_southasia,1998,5.7202
unsdg_southasia,1999,5.5456
unsdg_southasia,2000,5.3236
unsdg_southasia,2001,5.1482
unsdg_southasia,2002,4.9957
unsdg_southasia,2003,4.8661
unsdg_southasia,2004,4.8364
unsdg_southasia,2005,4.7194
unsdg_southasia,2006,4.7753
unsdg_southasia,2007,4.4606
unsdg_southasia,2008,4.3437
unsdg_southasia,2009,4.2085
unsdg_southasia,2010,4.0752
unsdg_southasia,2011,3.9038
unsdg_southasia,2012,3.7399
unsdg_southasia,2013,3.5778
unsdg_southasia,2014,3.4250
unsdg_southasia,2015,3.2783
unsdg_southasia,2016,3.1626
unsdg_southasia,2017,3.0135
unsdg_southasia,2018,2.8809
unsdg_southasia,2019,2.7669
unsdg_southasia,2020,2.6570
unsdg_southasia,2021,2.5489
unsdg_southasia,2022,2.4575
unsdg_southasia,2023,2.3595
unsdg_southasia,2024,2.2815
unsdg_southeasternasia,1991,4.1900
unsdg_southeasternasia,1992,4.1469
unsdg_southeasternasia,1993,3.9954
unsdg_southeasternasia,1994,3.9048
unsdg_southeasternasia,1995,3.8214
unsdg_southeasternasia,1996,3.7400
unsdg_southeasternasia,1997,3.6573
unsdg_southeasternasia,1998,3.5710
unsdg_southeasternasia,1999,3.4873
unsdg_southeasternasia,2000,3.4063
unsdg_southeasternasia,2001,3.3009
unsdg_southeasternasia,2002,3.2220
unsdg_southeasternasia,2003,3.1432
unsdg_southeasternasia,2004,3.0627
unsdg_southeasternasia,2005,4.0423
unsdg_southeasternasia,2006,2.8986
unsdg_southeasternasia,2007,2.8167
unsdg_southeasternasia,2008,2.7348
unsdg_southeasternasia,2009,3.6210
unsdg_southeasternasia,2010,2.5875
unsdg_southeasternasia,2011,2.5182
unsdg_southeasternasia,2012,2.4527
unsdg_southeasternasia,2013,2.3922
unsdg_southeasternasia,2014,2.3939
unsdg_southeasternasia,2015,2.2873
unsdg_southeasternasia,2016,2.2431
unsdg_southeasternasia,2017,2.2039
unsdg_southeasternasia,2018,2.1623
unsdg_southeasternasia,2019,2.1186
unsdg_southeasternasia,2020,2.0768
unsdg_southeasternasia,2021,2.0393
unsdg_southeasternasia,2022,2.0032
unsdg_southeasternasia,2023,1.9716
unsdg_southeasternasia,2024,1.9415
unsdg_subsaharanafrica,1991,12.447
unsdg_subsaharanafrica,1992,12.820
unsdg_subsaharanafrica,1993,13.244
unsdg_subsaharanafrica,1994,12.655
unsdg_subsaharanafrica,1995,13.696
unsdg_subsaharanafrica,1996,11.314
unsdg_subsaharanafrica,1997,11.092
unsdg_subsaharanafrica,1998,10.847
unsdg_subsaharanafrica,1999,11.152
unsdg_subsaharanafrica,2000,10.045
unsdg_subsaharanafrica,2001,9.7675
unsdg_subsaharanafrica,2002,9.5432
unsdg_subsaharanafrica,2003,9.3234
unsdg_subsaharanafrica,2004,9.0631
unsdg_subsaharanafrica,2005,8.8388
unsdg_subsaharanafrica,2006,8.6188
unsdg_subsaharanafrica,2007,8.3969
unsdg_subsaharanafrica,2008,8.1724
unsdg_subsaharanafrica,2009,7.9473
unsdg_subsaharanafrica,2010,8.1477
unsdg_subsaharanafrica,2011,7.6085
unsdg_subsaharanafrica,2012,7.8615
unsdg_subsaharanafrica,2013,7.2202
unsdg_subsaharanafrica,2014,6.9777
unsdg_subsaharanafrica,2015,7.0158
unsdg_subsaharanafrica,2016,6.9081
unsdg_subsaharanafrica,2017,6.8069
unsdg_subsaharanafrica,2018,6.7780
unsdg_subsaharanafrica,2019,6.3231
unsdg_subsaharanafrica,2020,6.2143
unsdg_subsaharanafrica,2021,5.9773
unsdg_subsaharanafrica,2022,5.9096
unsdg_subsaharanafrica,2023,6.1087
unsdg_subsaharanafrica,2024,5.6204
unsdg_westernasia,1991,3.8432
unsdg_westernasia,1992,3.4706
unsdg_westernasia,1993,3.1542
unsdg_westernasia,1994,3.0865
unsdg_westernasia,1995,3.0278
unsdg_westernasia,1996,2.9696
unsdg_westernasia,1997,2.9064
unsdg_westernasia,1998,2.8430
unsdg_westernasia,1999,2.7836
unsdg_westernasia,2000,3.0775
unsdg_westernasia,2001,2.6640
unsdg_westernasia,2002,2.6035
unsdg_westernasia,2003,2.5412
unsdg_westernasia,2004,2.4831
unsdg_westernasia,2005,2.4303
unsdg_westernasia,2006,2.3827
unsdg_westernasia,2007,2.3349
unsdg_westernasia,2008,2.2898
unsdg_westernasia,2009,2.2527
unsdg_westernasia,2010,2.2175
unsdg_westernasia,2011,2.1715
unsdg_westernasia,2012,2.1832
unsdg_westernasia,2013,2.3674
unsdg_westernasia,2014,2.3693
unsdg_westernasia,2015,2.3340
unsdg_westernasia,2016,2.3767
unsdg_westernasia,2017,2.2767
unsdg_westernasia,2018,2.2752
unsdg_westernasia,2019,2.3048
unsdg_westernasia,2020,2.1865
unsdg_westernasia,2021,2.1024
unsdg_westernasia,2022,2.0898
unsdg_westernasia,2023,2.0866
unsdg_westernasia,2024,2.9413
unsdg_westernasianorthernafr,1991,4.3050
unsdg_westernasianorthernafr,1992,4.0192
unsdg_westernasianorthernafr,1993,3.7617
unsdg_westernasianorthernafr,1994,3.6303
unsdg_westernasianorthernafr,1995,3.5089
unsdg_westernasianorthernafr,1996,3.3902
unsdg_westernasianorthernafr,1997,3.2718
unsdg_westernasianorthernafr,1998,3.1570
unsdg_westernasianorthernafr,1999,3.0514
unsdg_westernasianorthernafr,2000,3.1264
unsdg_westernasianorthernafr,2001,2.8568
unsdg_westernasianorthernafr,2002,2.7684
unsdg_westernasianorthernafr,2003,2.6858
unsdg_westernasianorthernafr,2004,2.7202
unsdg_westernasianorthernafr,2005,2.7311
unsdg_westernasianorthernafr,2006,2.6874
unsdg_westernasianorthernafr,2007,2.4953
unsdg_westernasianorthernafr,2008,2.3925
unsdg_westernasianorthernafr,2009,2.4076
unsdg_westernasianorthernafr,2010,2.3183
unsdg_westernasianorthernafr,2011,2.2785
unsdg_westernasianorthernafr,2012,2.2763
unsdg_westernasianorthernafr,2013,2.3473
unsdg_westernasianorthernafr,2014,2.3291
unsdg_westernasianorthernafr,2015,2.2911
unsdg_westernasianorthernafr,2016,2.2884
unsdg_westernasianorthernafr,2017,2.2103
unsdg_westernasianorthernafr,2018,2.1815
unsdg_westernasianorthernafr,2019,2.1678
unsdg_westernasianorthernafr,2020,2.0859
unsdg_westernasianorthernafr,2021,2.0196
unsdg_westernasianorthernafr,2022,1.9917
unsdg_westernasianorthernafr,2023,1.9706
unsdg_westernasianorthernafr,2024,2.4932
ury,1991,1.7016
ury,1992,1.6776
ury,1993,1.6526
ury,1994,1.6258
ury,1995,1.5983
ury,1996,1.5697
ury,1997,1.5399
ury,1998,1.5093
ury,1999,1.4779
ury,2000,1.4466
ury,2001,1.4161
ury,2002,1.3857
ury,2003,1.3565
ury,2004,1.3291
ury,2005,1.3021
ury,2006,1.2759
ury,2007,1.2504
ury,2008,1.2252
ury,2009,1.2004
ury,2010,1.1759
ury,2011,1.1508
ury,2012,1.1260
ury,2013,1.1015
ury,2014,1.0777
ury,2015,1.0535
ury,2016,1.0295
ury,2017,1.0066
ury,2018,0.98491
ury,2019,0.96413
ury,2020,0.94410
ury,2021,0.92612
ury,2022,0.90903
ury,2023,0.89206
ury,2024,0.87481
usa,1991,1.3163
usa,1992,1.2970
usa,1993,1.2785
usa,1994,1.2611
usa,1995,1.2412
usa,1996,1.2158
usa,1997,1.1846
usa,1998,1.1478
usa,1999,1.1070
usa,2000,1.0658
usa,2001,1.0280
usa,2002,0.99434
usa,2003,0.96425
usa,2004,0.93681
usa,2005,0.90980
usa,2006,0.88055
usa,2007,0.84970
usa,2008,0.81774
usa,2009,0.78679
usa,2010,0.75939
usa,2011,0.73783
usa,2012,0.72287
usa,2013,0.71501
usa,2014,0.71396
usa,2015,0.71821
usa,2016,0.72600
usa,2017,0.73641
usa,2018,0.74848
usa,2019,0.76164
usa,2020,0.77670
usa,2021,0.79451
usa,2022,0.81438
usa,2023,0.83443
usa,2024,0.85283
uzb,1991,3.0400
uzb,1992,3.0698
uzb,1993,3.0944
uzb,1994,3.1064
uzb,1995,3.0958
uzb,1996,3.0533
uzb,1997,2.9786
uzb,1998,2.8749
uzb,1999,2.7473
uzb,2000,2.6005
uzb,2001,2.4429
uzb,2002,2.2863
uzb,2003,2.1436
uzb,2004,2.0234
uzb,2005,1.9295
uzb,2006,1.8637
uzb,2007,1.8239
uzb,2008,1.8072
uzb,2009,1.8099
uzb,2010,1.8252
uzb,2011,1.8478
uzb,2012,1.8693
uzb,2013,1.8839
uzb,2014,1.8864
uzb,2015,1.8757
uzb,2016,1.8528
uzb,2017,1.8201
uzb,2018,1.7811
uzb,2019,1.7487
uzb,2020,1.7522
uzb,2021,1.8213
uzb,2022,1.9661
uzb,2023,2.1904
uzb,2024,2.4875
vct,1991,1.4403
vct,1992,1.4748
vct,1993,1.5091
vct,1994,1.5453
vct,1995,1.5814
vct,1996,1.6172
vct,1997,1.6574
vct,1998,1.6975
vct,1999,1.7391
vct,2000,1.7831
vct,2001,1.8302
vct,2002,1.8812
vct,2003,1.9323
vct,2004,1.9858
vct,2005,2.0404
vct,2006,2.1028
vct,2007,2.1651
vct,2008,2.2267
vct,2009,2.2908
vct,2010,2.3517
vct,2011,2.4106
vct,2012,2.4659
vct,2013,2.5170
vct,2014,2.5682
vct,2015,2.6150
vct,2016,2.6593
vct,2017,2.6999
vct,2018,2.7379
vct,2019,2.7781
vct,2020,2.8193
vct,2021,2.8547
vct,2022,2.8735
vct,2023,2.8776
vct,2024,2.8668
ven,1991,2.3100
ven,1992,2.2516
ven,1993,2.2002
ven,1994,2.1572
ven,1995,2.1226
ven,1996,2.0939
ven,1997,2.0692
ven,1998,2.0513
ven,1999,2.0446
ven,2000,2.0506
ven,2001,2.0674
ven,2002,2.0933
ven,2003,2.1195
ven,2004,2.1351
ven,2005,2.1340
ven,2006,2.1186
ven,2007,2.0931
ven,2008,2.0576
ven,2009,2.0128
ven,2010,1.9616
ven,2011,1.9130
ven,2012,1.8745
ven,2013,1.8500
ven,2014,1.8398
ven,2015,1.8425
ven,2016,1.8533
ven,2017,1.8644
ven,2018,2.1160
ven,2019,2.1303
ven,2020,1.8897
ven,2021,1.8944
ven,2022,1.9030
ven,2023,1.9105
ven,2024,1.9173
vgb,1991,2.0280
vgb,1992,1.9736
vgb,1993,1.9244
vgb,1994,1.8795
vgb,1995,1.8411
vgb,1996,1.8063
vgb,1997,1.7761
vgb,1998,1.7503
vgb,1999,1.7269
vgb,2000,1.7060
vgb,2001,1.6881
vgb,2002,1.6739
vgb,2003,1.6589
vgb,2004,1.6464
vgb,2005,1.6359
vgb,2006,1.6291
vgb,2007,1.6242
vgb,2008,1.6193
vgb,2009,1.6171
vgb,2010,1.6161
vgb,2011,1.6139
vgb,2012,1.6138
vgb,2013,1.6145
vgb,2014,1.6162
vgb,2015,1.6131
vgb,2016,1.6062
vgb,2017,1.5912
vgb,2018,1.5733
vgb,2019,1.5514
vgb,2020,1.5292
vgb,2021,1.5071
vgb,2022,1.4811
vgb,2023,1.4558
vgb,2024,1.4290
vnm,1991,2.7505
vnm,1992,2.7033
vnm,1993,2.6540
vnm,1994,2.6032
vnm,1995,2.5583
vnm,1996,2.5075
vnm,1997,2.4533
vnm,1998,2.3942
vnm,1999,2.3369
vnm,2000,2.2845
vnm,2001,2.2315
vnm,2002,2.1768
vnm,2003,2.1300
vnm,2004,2.0829
vnm,2005,2.0368
vnm,2006,1.9962
vnm,2007,1.9594
vnm,2008,1.9283
vnm,2009,1.8971
vnm,2010,1.8718
vnm,2011,1.8499
vnm,2012,1.8301
vnm,2013,1.8121
vnm,2014,1.7967
vnm,2015,1.7822
vnm,2016,1.7651
vnm,2017,1.7517
vnm,2018,1.7355
vnm,2019,1.7175
vnm,2020,1.6989
vnm,2021,1.6809
vnm,2022,1.6570
vnm,2023,1.6318
vnm,2024,1.6018
vut,1991,3.0812
vut,1992,2.9864
vut,1993,2.9009
vut,1994,2.8272
vut,1995,2.7650
vut,1996,2.7097
vut,1997,2.6626
vut,1998,2.6196
vut,1999,2.5770
vut,2000,2.5384
vut,2001,2.5003
vut,2002,2.4666
vut,2003,2.4354
vut,2004,2.4047
vut,2005,2.3752
vut,2006,2.3438
vut,2007,2.3088
vut,2008,2.2656
vut,2009,2.2168
vut,2010,2.1635
vut,2011,2.1085
vut,2012,2.0562
vut,2013,2.0113
vut,2014,1.9751
vut,2015,1.9446
vut,2016,1.9213
vut,2017,1.9033
vut,2018,1.8873
vut,2019,1.8734
vut,2020,1.8591
vut,2021,1.8453
vut,2022,1.8268
vut,2023,1.8061
vut,2024,1.7787
wb_hi,1991,1.4305
wb_hi,1992,1.4174
wb_hi,1993,1.3989
wb_hi,1994,1.3788
wb_hi,1995,1.3532
wb_hi,1996,1.3316
wb_hi,1997,1.2859
wb_hi,1998,1.2567
wb_hi,1999,1.2305
wb_hi,2000,1.2033
wb_hi,2001,1.1712
wb_hi,2002,1.1307
wb_hi,2003,1.0824
wb_hi,2004,1.0313
wb_hi,2005,0.98022
wb_hi,2006,0.93323
wb_hi,2007,0.88998
wb_hi,2008,0.85094
wb_hi,2009,0.81575
wb_hi,2010,0.78528
wb_hi,2011,0.75900
wb_hi,2012,0.77164
wb_hi,2013,0.71938
wb_hi,2014,0.70617
wb_hi,2015,0.69566
wb_hi,2016,0.68702
wb_hi,2017,0.67867
wb_hi,2018,0.67004
wb_hi,2019,0.66190
wb_hi,2020,0.65696
wb_hi,2021,0.65193
wb_hi,2022,0.65083
wb_hi,2023,0.65280
wb_hi,2024,0.65400
wb_li,1991,13.774
wb_li,1992,14.613
wb_li,1993,15.313
wb_li,1994,14.361
wb_li,1995,16.258
wb_li,1996,12.355
wb_li,1997,12.050
wb_li,1998,11.666
wb_li,1999,12.326
wb_li,2000,10.370
wb_li,2001,9.9393
wb_li,2002,9.6037
wb_li,2003,9.2774
wb_li,2004,8.8446
wb_li,2005,8.6243
wb_li,2006,8.3570
wb_li,2007,7.9937
wb_li,2008,7.7172
wb_li,2009,7.5223
wb_li,2010,7.9383
wb_li,2011,7.1907
wb_li,2012,7.7267
wb_li,2013,6.8739
wb_li,2014,6.6169
wb_li,2015,6.7927
wb_li,2016,6.7703
wb_li,2017,6.6998
wb_li,2018,6.7393
wb_li,2019,6.1171
wb_li,2020,5.9989
wb_li,2021,5.7019
wb_li,2022,5.7030
wb_li,2023,6.1033
wb_li,2024,5.4268
wb_lmi,1991,6.9922
wb_lmi,1992,7.1880
wb_lmi,1993,6.7284
wb_lmi,1994,6.5752
wb_lmi,1995,6.4444
wb_lmi,1996,6.3059
wb_lmi,1997,6.1589
wb_lmi,1998,5.9949
wb_lmi,1999,5.8505
wb_lmi,2000,5.6319
wb_lmi,2001,5.4612
wb_lmi,2002,5.3120
wb_lmi,2003,5.1789
wb_lmi,2004,5.0613
wb_lmi,2005,4.9982
wb_lmi,2006,4.9923
wb_lmi,2007,4.7418
wb_lmi,2008,4.6283
wb_lmi,2009,4.7074
wb_lmi,2010,4.3911
wb_lmi,2011,4.4055
wb_lmi,2012,4.1281
wb_lmi,2013,4.0007
wb_lmi,2014,3.8912
wb_lmi,2015,3.7657
wb_lmi,2016,3.6711
wb_lmi,2017,3.5588
wb_lmi,2018,3.4655
wb_lmi,2019,3.3739
wb_lmi,2020,3.2874
wb_lmi,2021,3.1938
wb_lmi,2022,3.1146
wb_lmi,2023,3.0368
wb_lmi,2024,2.9962
wb_umi,1991,3.0137
wb_umi,1992,2.8023
wb_umi,1993,2.7080
wb_umi,1994,2.6271
wb_umi,1995,2.5396
wb_umi,1996,2.4672
wb_umi,1997,2.3927
wb_umi,1998,2.3233
wb_umi,1999,2.2566
wb_umi,2000,2.2227
wb_umi,2001,2.1325
wb_umi,2002,2.0846
wb_umi,2003,2.0436
wb_umi,2004,2.0751
wb_umi,2005,2.2497
wb_umi,2006,1.9594
wb_umi,2007,1.9314
wb_umi,2008,1.8991
wb_umi,2009,1.8645
wb_umi,2010,1.8272
wb_umi,2011,1.7828
wb_umi,2012,1.7361
wb_umi,2013,1.6859
wb_umi,2014,1.6396
wb_umi,2015,1.5972
wb_umi,2016,1.5590
wb_umi,2017,1.5266
wb_umi,2018,1.4918
wb_umi,2019,1.4610
wb_umi,2020,1.4377
wb_umi,2021,1.4146
wb_umi,2022,1.3932
wb_umi,2023,1.3805
wb_umi,2024,1.4483
world,1991,5.0285
world,1992,5.1072
world,1993,4.9587
world,1994,4.8174
world,1995,4.8865
world,1996,4.5406
world,1997,4.4437
world,1998,4.3369
world,1999,4.3165
world,2000,4.0760
world,2001,3.9466
world,2002,3.8582
world,2003,3.7935
world,2004,3.7563
world,2005,3.8108
world,2006,3.7237
world,2007,3.6104
world,2008,3.5510
world,2009,3.5789
world,2010,3.4921
world,2011,3.4250
world,2012,3.3669
world,2013,3.2133
world,2014,3.1365
world,2015,3.1007
world,2016,3.0557
world,2017,2.9958
world,2018,2.9546
world,2019,2.8293
world,2020,2.7703
world,2021,2.6870
world,2022,2.6505
world,2023,2.6696
world,2024,2.5872
wsm,1991,1.0037
wsm,1992,1.0199
wsm,1993,1.0403
wsm,1994,1.0556
wsm,1995,1.0693
wsm,1996,1.0813
wsm,1997,1.0891
wsm,1998,1.1017
wsm,1999,1.1165
wsm,2000,1.1205
wsm,2001,1.1170
wsm,2002,1.1167
wsm,2003,1.1251
wsm,2004,1.1358
wsm,2005,1.1478
wsm,2006,1.1583
wsm,2007,1.1642
wsm,2008,1.1732
wsm,2009,1.1825
wsm,2010,3.8661
wsm,2011,1.1871
wsm,2012,1.1901
wsm,2013,1.1957
wsm,2014,1.1950
wsm,2015,1.1913
wsm,2016,1.1914
wsm,2017,1.1854
wsm,2018,1.1749
wsm,2019,1.1602
wsm,2020,1.1436
wsm,2021,1.1249
wsm,2022,1.1052
wsm,2023,1.0844
wsm,2024,1.0600
yem,1991,6.0669
yem,1992,5.8564
yem,1993,5.6634
yem,1994,5.4792
yem,1995,5.3085
yem,1996,5.1510
yem,1997,4.9857
yem,1998,4.8286
yem,1999,4.6751
yem,2000,4.5392
yem,2001,4.3985
yem,2002,4.2748
yem,2003,4.1508
yem,2004,4.0543
yem,2005,3.9712
yem,2006,3.9034
yem,2007,3.8652
yem,2008,3.8530
yem,2009,3.8464
yem,2010,3.8625
yem,2011,3.8800
yem,2012,3.9331
yem,2013,4.0142
yem,2014,4.0218
yem,2015,4.1666
yem,2016,4.5825
yem,2017,4.6756
yem,2018,4.7736
yem,2019,5.1403
yem,2020,5.3256
yem,2021,5.1544
yem,2022,5.3085
yem,2023,5.2836
yem,2024,5.2090
zaf,1991,2.2916
zaf,1992,2.4030
zaf,1993,2.5260
zaf,1994,2.6514
zaf,1995,2.7876
zaf,1996,2.9252
zaf,1997,3.0731
zaf,1998,3.2385
zaf,1999,3.4222
zaf,2000,3.6337
zaf,2001,3.8768
zaf,2002,4.1570
zaf,2003,4.4597
zaf,2004,4.7619
zaf,2005,5.0331
zaf,2006,5.2394
zaf,2007,5.3429
zaf,2008,5.3448
zaf,2009,5.2486
zaf,2010,5.0791
zaf,2011,4.8665
zaf,2012,4.6141
zaf,2013,4.3390
zaf,2014,4.0551
zaf,2015,3.7890
zaf,2016,3.5618
zaf,2017,3.3815
zaf,2018,3.2507
zaf,2019,3.1628
zaf,2020,3.1132
zaf,2021,3.0924
zaf,2022,3.0940
zaf,2023,3.1094
zaf,2024,3.1296
zmb,1991,9.1876
zmb,1992,8.9435
zmb,1993,8.7196
zmb,1994,8.4930
zmb,1995,8.2353
zmb,1996,8.0025
zmb,1997,7.7814
zmb,1998,7.5601
zmb,1999,7.3240
zmb,2000,7.1004
zmb,2001,6.8789
zmb,2002,6.6585
zmb,2003,6.4425
zmb,2004,6.2424
zmb,2005,6.0427
zmb,2006,5.8500
zmb,2007,5.6941
zmb,2008,5.5378
zmb,2009,5.3877
zmb,2010,5.2587
zmb,2011,5.1158
zmb,2012,4.9819
zmb,2013,4.8509
zmb,2014,4.7199
zmb,2015,4.5831
zmb,2016,4.4464
zmb,2017,4.3103
zmb,2018,4.1743
zmb,2019,4.0492
zmb,2020,3.9301
zmb,2021,3.8223
zmb,2022,3.7199
zmb,2023,3.6145
zmb,2024,3.5239
zwe,1991,4.8785
zwe,1992,4.9493
zwe,1993,5.0219
zwe,1994,5.1128
zwe,1995,5.2065
zwe,1996,5.3104
zwe,1997,5.4262
zwe,1998,5.5597
zwe,1999,5.7038
zwe,2000,5.8584
zwe,2001,6.0307
zwe,2002,6.2177
zwe,2003,6.4171
zwe,2004,6.6234
zwe,2005,6.8357
zwe,2006,7.0351
zwe,2007,7.2263
zwe,2008,7.3734
zwe,2009,7.4681
zwe,2010,7.5328
zwe,2011,7.5680
zwe,2012,7.5848
zwe,2013,7.5876
zwe,2014,7.6114
zwe,2015,7.6160
zwe,2016,7.6204
zwe,2017,7.6002
zwe,2018,7.5732
zwe,2019,7.5103
zwe,2020,7.4288
zwe,2021,7.3056
zwe,2022,7.1783
zwe,2023,7.0141
zwe,2024,6.8826
