geo,year,u5mr_lower
afg,1958,292.79
afg,1959,296.05
afg,1960,297.86
afg,1961,298.60
afg,1962,298.58
afg,1963,297.02
afg,1964,294.63
afg,1965,291.10
afg,1966,288.01
afg,1967,283.54
afg,1968,278.95
afg,1969,274.44
afg,1970,269.89
afg,1971,265.48
afg,1972,260.68
afg,1973,256.39
afg,1974,251.97
afg,1975,247.72
afg,1976,243.36
afg,1977,239.27
afg,1978,234.45
afg,1979,229.73
afg,1980,224.43
afg,1981,219.50
afg,1982,214.40
afg,1983,251.27
afg,1984,246.52
afg,1985,278.64
afg,1986,271.93
afg,1987,229.12
afg,1988,224.11
afg,1989,198.43
afg,1990,170.64
afg,1991,165.05
afg,1992,159.86
afg,1993,154.77
afg,1994,149.87
afg,1995,145.38
afg,1996,141.09
afg,1997,137.15
afg,1998,133.35
afg,1999,129.65
afg,2000,125.94
afg,2001,122.05
afg,2002,118.17
afg,2003,114.24
afg,2004,110.24
afg,2005,106.12
afg,2006,102.02
afg,2007,97.859
afg,2008,93.618
afg,2009,89.449
afg,2010,85.264
afg,2011,81.231
afg,2012,77.435
afg,2013,73.914
afg,2014,70.609
afg,2015,67.463
afg,2016,64.326
afg,2017,61.292
afg,2018,58.353
afg,2019,55.407
afg,2020,52.526
afg,2021,49.943
afg,2022,47.344
afg,2023,44.819
afg,2024,42.416
ago,1981,180.97
ago,1982,184.92
ago,1983,188.12
ago,1984,190.12
ago,1985,191.92
ago,1986,193.33
ago,1987,194.36
ago,1988,195.64
ago,1989,196.87
ago,1990,197.36
ago,1991,197.43
ago,1992,197.64
ago,1993,197.72
ago,1994,197.62
ago,1995,197.33
ago,1996,196.15
ago,1997,194.34
ago,1998,191.58
ago,1999,187.85
ago,2000,183.22
ago,2001,177.88
ago,2002,171.76
ago,2003,165.18
ago,2004,157.22
ago,2005,148.47
ago,2006,138.63
ago,2007,127.54
ago,2008,116.08
ago,2009,104.43
ago,2010,93.288
ago,2011,82.876
ago,2012,72.749
ago,2013,63.324
ago,2014,55.476
ago,2015,49.874
ago,2016,45.186
ago,2017,41.572
ago,2018,38.472
ago,2019,35.859
ago,2020,33.653
ago,2021,31.407
ago,2022,29.855
ago,2023,28.288
ago,2024,26.820
aia,1986,15.565
aia,1987,15.133
aia,1988,14.714
aia,1989,14.175
aia,1990,13.634
aia,1991,13.042
aia,1992,12.534
aia,1993,11.940
aia,1994,11.373
aia,1995,10.867
aia,1996,10.388
aia,1997,9.8830
aia,1998,9.4357
aia,1999,8.9953
aia,2000,8.5786
aia,2001,8.2072
aia,2002,7.8820
aia,2003,7.5735
aia,2004,7.2958
aia,2005,6.9908
aia,2006,6.7266
aia,2007,6.5036
aia,2008,6.2868
aia,2009,6.0833
aia,2010,5.8574
aia,2011,5.6080
aia,2012,5.3737
aia,2013,5.1110
aia,2014,4.8591
aia,2015,4.5841
aia,2016,4.3146
aia,2017,4.0799
aia,2018,3.8723
aia,2019,3.6727
aia,2020,3.4724
aia,2021,3.2986
aia,2022,3.1419
aia,2023,2.9637
aia,2024,2.8285
alb,1979,63.853
alb,1980,61.764
alb,1981,59.493
alb,1982,57.068
alb,1983,54.489
alb,1984,52.124
alb,1985,49.631
alb,1986,47.051
alb,1987,44.533
alb,1988,42.145
alb,1989,39.972
alb,1990,37.988
alb,1991,36.317
alb,1992,34.851
alb,1993,33.466
alb,1994,32.282
alb,1995,31.144
alb,1996,30.033
alb,1997,28.904
alb,1998,27.803
alb,1999,26.761
alb,2000,25.674
alb,2001,24.618
alb,2002,23.587
alb,2003,22.529
alb,2004,21.478
alb,2005,20.391
alb,2006,19.196
alb,2007,17.917
alb,2008,16.584
alb,2009,15.285
alb,2010,14.039
alb,2011,12.861
alb,2012,11.776
alb,2013,10.838
alb,2014,10.106
alb,2015,9.5788
alb,2016,9.2230
alb,2017,9.0393
alb,2018,8.9650
alb,2019,8.9542
alb,2020,8.9349
alb,2021,8.8762
alb,2022,8.7375
alb,2023,8.5204
alb,2024,8.2146
and,1986,2.6878
and,1987,2.7960
and,1988,2.8909
and,1989,3.0171
and,1990,3.1255
and,1991,3.2151
and,1992,3.3312
and,1993,3.4353
and,1994,3.5205
and,1995,3.6105
and,1996,3.6725
and,1997,3.7491
and,1998,3.7940
and,1999,3.7975
and,2000,3.8028
and,2001,3.7691
and,2002,3.7299
and,2003,3.6680
and,2004,3.5818
and,2005,3.4261
and,2006,3.2424
and,2007,3.0817
and,2008,2.8639
and,2009,2.6453
and,2010,2.4099
and,2011,2.2004
and,2012,1.9845
and,2013,1.7665
and,2014,1.5846
and,2015,1.3876
and,2016,1.2194
and,2017,1.0842
and,2018,0.98616
and,2019,0.90863
and,2020,0.84981
and,2021,0.79837
and,2022,0.74919
and,2023,0.70952
and,2024,0.66896
are,1961,154.00
are,1962,148.63
are,1963,143.20
are,1964,136.75
are,1965,129.89
are,1966,122.46
are,1967,114.52
are,1968,106.70
are,1969,98.316
are,1970,90.262
are,1971,82.524
are,1972,75.112
are,1973,68.072
are,1974,61.681
are,1975,55.781
are,1976,50.418
are,1977,45.394
are,1978,40.889
are,1979,36.687
are,1980,32.912
are,1981,29.583
are,1982,26.786
are,1983,24.285
are,1984,22.139
are,1985,20.315
are,1986,18.837
are,1987,17.524
are,1988,16.458
are,1989,15.521
are,1990,14.708
are,1991,14.007
are,1992,13.374
are,1993,12.825
are,1994,12.319
are,1995,11.872
are,1996,11.483
are,1997,11.129
are,1998,10.822
are,1999,10.562
are,2000,10.327
are,2001,10.135
are,2002,9.9478
are,2003,9.7645
are,2004,9.5804
are,2005,9.3989
are,2006,9.2153
are,2007,9.0428
are,2008,8.8580
are,2009,8.6772
are,2010,8.4937
are,2011,8.3102
are,2012,8.1183
are,2013,7.9210
are,2014,7.7124
are,2015,7.4826
are,2016,7.2271
are,2017,6.9262
are,2018,6.6093
are,2019,6.2735
are,2020,5.9245
are,2021,5.5576
are,2022,5.1760
are,2023,4.7877
are,2024,4.4178
arg,1970,68.480
arg,1971,68.853
arg,1972,68.004
arg,1973,66.417
arg,1974,64.692
arg,1975,62.837
arg,1976,60.558
arg,1977,57.643
arg,1978,54.125
arg,1979,50.094
arg,1980,45.933
arg,1981,42.009
arg,1982,38.594
arg,1983,35.818
arg,1984,33.473
arg,1985,31.533
arg,1986,30.009
arg,1987,29.009
arg,1988,28.570
arg,1989,28.409
arg,1990,28.388
arg,1991,28.254
arg,1992,27.828
arg,1993,27.075
arg,1994,26.052
arg,1995,24.939
arg,1996,23.779
arg,1997,22.606
arg,1998,21.500
arg,1999,20.490
arg,2000,19.661
arg,2001,18.983
arg,2002,18.426
arg,2003,17.965
arg,2004,17.488
arg,2005,16.961
arg,2006,16.413
arg,2007,15.919
arg,2008,15.507
arg,2009,15.096
arg,2010,14.664
arg,2011,14.168
arg,2012,13.615
arg,2013,13.034
arg,2014,12.436
arg,2015,11.883
arg,2016,11.371
arg,2017,10.915
arg,2018,10.534
arg,2019,10.196
arg,2020,9.8880
arg,2021,9.5963
arg,2022,9.2592
arg,2023,8.8874
arg,2024,8.4922
arm,1977,71.535
arm,1978,69.959
arm,1979,68.145
arm,1980,66.190
arm,1981,64.197
arm,1982,62.140
arm,1983,60.078
arm,1984,57.992
arm,1985,55.894
arm,1986,53.891
arm,1987,51.985
arm,1988,50.049
arm,1989,89.713
arm,1990,46.205
arm,1991,44.373
arm,1992,42.516
arm,1993,40.634
arm,1994,38.807
arm,1995,37.020
arm,1996,35.288
arm,1997,33.652
arm,1998,32.059
arm,1999,30.524
arm,2000,29.041
arm,2001,27.595
arm,2002,26.209
arm,2003,24.862
arm,2004,23.532
arm,2005,22.268
arm,2006,21.068
arm,2007,19.941
arm,2008,18.866
arm,2009,17.858
arm,2010,16.916
arm,2011,16.006
arm,2012,15.183
arm,2013,14.403
arm,2014,13.671
arm,2015,12.992
arm,2016,12.353
arm,2017,11.726
arm,2018,11.149
arm,2019,10.601
arm,2020,10.067
arm,2021,9.5538
arm,2022,9.0432
arm,2023,8.5381
arm,2024,8.0301
atg,1950,107.33
atg,1951,107.27
atg,1952,106.27
atg,1953,104.44
atg,1954,101.89
atg,1955,98.915
atg,1956,95.687
atg,1957,92.516
atg,1958,89.431
atg,1959,86.126
atg,1960,82.374
atg,1961,78.158
atg,1962,73.201
atg,1963,67.812
atg,1964,62.111
atg,1965,56.217
atg,1966,50.517
atg,1967,45.194
atg,1968,40.394
atg,1969,36.221
atg,1970,32.645
atg,1971,29.711
atg,1972,27.223
atg,1973,25.149
atg,1974,23.367
atg,1975,21.837
atg,1976,20.457
atg,1977,19.096
atg,1978,17.772
atg,1979,16.469
atg,1980,15.255
atg,1981,14.223
atg,1982,13.303
atg,1983,12.568
atg,1984,11.996
atg,1985,11.598
atg,1986,11.329
atg,1987,11.221
atg,1988,11.259
atg,1989,11.397
atg,1990,11.644
atg,1991,11.959
atg,1992,12.337
atg,1993,12.737
atg,1994,13.163
atg,1995,13.547
atg,1996,13.814
atg,1997,13.978
atg,1998,13.980
atg,1999,13.859
atg,2000,13.654
atg,2001,13.381
atg,2002,13.072
atg,2003,12.718
atg,2004,12.392
atg,2005,12.061
atg,2006,11.760
atg,2007,11.478
atg,2008,11.242
atg,2009,11.003
atg,2010,10.749
atg,2011,10.539
atg,2012,10.305
atg,2013,10.091
atg,2014,9.9118
atg,2015,9.7233
atg,2016,9.5449
atg,2017,9.3591
atg,2018,9.1169
atg,2019,8.8393
atg,2020,8.4725
atg,2021,8.0784
atg,2022,7.6331
atg,2023,7.2078
atg,2024,6.7933
aus,1950,30.505
aus,1951,30.586
aus,1952,30.283
aus,1953,29.677
aus,1954,28.927
aus,1955,28.143
aus,1956,27.425
aus,1957,26.746
aus,1958,26.098
aus,1959,25.518
aus,1960,24.939
aus,1961,24.388
aus,1962,23.825
aus,1963,23.256
aus,1964,22.747
aus,1965,22.263
aus,1966,21.914
aus,1967,21.675
aus,1968,21.538
aus,1969,21.473
aus,1970,21.322
aus,1971,21.035
aus,1972,20.569
aus,1973,19.896
aus,1974,19.055
aus,1975,18.057
aus,1976,17.001
aus,1977,15.930
aus,1978,14.933
aus,1979,14.087
aus,1980,13.363
aus,1981,12.781
aus,1982,12.311
aus,1983,11.935
aus,1984,11.646
aus,1985,11.364
aus,1986,11.083
aus,1987,10.764
aus,1988,10.399
aus,1989,9.9963
aus,1990,9.5327
aus,1991,9.0247
aus,1992,8.4989
aus,1993,7.9972
aus,1994,7.5511
aus,1995,7.1713
aus,1996,6.8770
aus,1997,6.6469
aus,1998,6.4653
aus,1999,6.3202
aus,2000,6.1915
aus,2001,6.0751
aus,2002,5.9617
aus,2003,5.8659
aus,2004,5.7957
aus,2005,5.7159
aus,2006,5.6134
aus,2007,5.4752
aus,2008,5.3063
aus,2009,5.1179
aus,2010,4.9042
aus,2011,4.6756
aus,2012,4.4436
aus,2013,4.2242
aus,2014,4.0385
aus,2015,3.8890
aus,2016,3.7938
aus,2017,3.7409
aus,2018,3.7158
aus,2019,3.7082
aus,2020,3.7004
aus,2021,3.6878
aus,2022,3.6629
aus,2023,3.6147
aus,2024,3.5262
aut,1950,66.039
aut,1951,64.195
aut,1952,61.652
aut,1953,58.932
aut,1954,56.419
aut,1955,54.063
aut,1956,52.301
aut,1957,50.620
aut,1958,48.743
aut,1959,46.720
aut,1960,44.422
aut,1961,41.964
aut,1962,39.432
aut,1963,37.093
aut,1964,35.208
aut,1965,33.497
aut,1966,32.052
aut,1967,30.843
aut,1968,29.870
aut,1969,29.221
aut,1970,28.735
aut,1971,28.465
aut,1972,28.096
aut,1973,27.346
aut,1974,26.155
aut,1975,24.529
aut,1976,22.634
aut,1977,20.654
aut,1978,18.953
aut,1979,17.739
aut,1980,16.750
aut,1981,15.908
aut,1982,15.142
aut,1983,14.413
aut,1984,13.730
aut,1985,13.022
aut,1986,12.304
aut,1987,11.573
aut,1988,10.874
aut,1989,10.263
aut,1990,9.7163
aut,1991,9.2577
aut,1992,8.7994
aut,1993,8.2865
aut,1994,7.7317
aut,1995,7.1460
aut,1996,6.6189
aut,1997,6.1623
aut,1998,5.8117
aut,1999,5.5831
aut,2000,5.4209
aut,2001,5.3121
aut,2002,5.2143
aut,2003,5.1150
aut,2004,5.0023
aut,2005,4.8716
aut,2006,4.7294
aut,2007,4.5886
aut,2008,4.4677
aut,2009,4.3756
aut,2010,4.2793
aut,2011,4.1629
aut,2012,4.0311
aut,2013,3.8898
aut,2014,3.7598
aut,2015,3.6449
aut,2016,3.5618
aut,2017,3.5021
aut,2018,3.4505
aut,2019,3.4062
aut,2020,3.3478
aut,2021,3.2769
aut,2022,3.1807
aut,2023,3.0553
aut,2024,2.8995
aze,1983,92.057
aze,1984,92.504
aze,1985,91.825
aze,1986,90.559
aze,1987,89.105
aze,1988,87.712
aze,1989,86.771
aze,1990,86.026
aze,1991,85.758
aze,1992,85.821
aze,1993,86.095
aze,1994,86.332
aze,1995,85.831
aze,1996,84.549
aze,1997,82.295
aze,1998,79.284
aze,1999,75.433
aze,2000,70.992
aze,2001,65.951
aze,2002,60.870
aze,2003,55.988
aze,2004,51.727
aze,2005,47.757
aze,2006,44.278
aze,2007,41.227
aze,2008,38.443
aze,2009,35.901
aze,2010,33.461
aze,2011,31.083
aze,2012,28.984
aze,2013,26.982
aze,2014,25.168
aze,2015,23.466
aze,2016,21.891
aze,2017,20.484
aze,2018,19.124
aze,2019,17.820
aze,2020,16.672
aze,2021,15.543
aze,2022,14.429
aze,2023,13.290
aze,2024,12.210
bdi,1965,197.46
bdi,1966,204.98
bdi,1967,211.24
bdi,1968,215.25
bdi,1969,218.55
bdi,1970,221.03
bdi,1971,222.33
bdi,1972,223.14
bdi,1973,283.41
bdi,1974,224.28
bdi,1975,224.57
bdi,1976,224.67
bdi,1977,223.31
bdi,1978,220.29
bdi,1979,215.55
bdi,1980,209.05
bdi,1981,201.24
bdi,1982,192.04
bdi,1983,182.22
bdi,1984,171.82
bdi,1985,162.47
bdi,1986,155.78
bdi,1987,151.37
bdi,1988,149.76
bdi,1989,150.01
bdi,1990,151.44
bdi,1991,152.73
bdi,1992,154.07
bdi,1993,154.89
bdi,1994,175.72
bdi,1995,155.15
bdi,1996,154.41
bdi,1997,152.86
bdi,1998,150.52
bdi,1999,147.26
bdi,2000,143.38
bdi,2001,138.97
bdi,2002,134.19
bdi,2003,128.94
bdi,2004,123.43
bdi,2005,117.21
bdi,2006,110.93
bdi,2007,104.10
bdi,2008,97.310
bdi,2009,90.674
bdi,2010,84.216
bdi,2011,78.230
bdi,2012,72.613
bdi,2013,66.837
bdi,2014,61.463
bdi,2015,56.160
bdi,2016,51.695
bdi,2017,47.741
bdi,2018,43.963
bdi,2019,40.728
bdi,2020,37.842
bdi,2021,35.218
bdi,2022,32.909
bdi,2023,30.714
bdi,2024,28.683
bel,1950,56.284
bel,1951,54.750
bel,1952,53.038
bel,1953,51.184
bel,1954,49.147
bel,1955,46.911
bel,1956,44.412
bel,1957,41.876
bel,1958,39.371
bel,1959,37.080
bel,1960,35.020
bel,1961,33.278
bel,1962,31.858
bel,1963,30.575
bel,1964,29.432
bel,1965,28.355
bel,1966,27.389
bel,1967,26.538
bel,1968,25.750
bel,1969,25.049
bel,1970,24.322
bel,1971,23.490
bel,1972,22.536
bel,1973,21.484
bel,1974,20.388
bel,1975,19.292
bel,1976,18.238
bel,1977,17.285
bel,1978,16.416
bel,1979,15.645
bel,1980,14.940
bel,1981,14.271
bel,1982,13.639
bel,1983,13.023
bel,1984,12.464
bel,1985,11.960
bel,1986,11.525
bel,1987,11.154
bel,1988,10.804
bel,1989,10.472
bel,1990,10.129
bel,1991,9.7832
bel,1992,9.4153
bel,1993,8.9950
bel,1994,8.5180
bel,1995,8.0028
bel,1996,7.4741
bel,1997,6.9747
bel,1998,6.5389
bel,1999,6.2042
bel,2000,5.9427
bel,2001,5.7195
bel,2002,5.5265
bel,2003,5.3474
bel,2004,5.1848
bel,2005,5.0327
bel,2006,4.8946
bel,2007,4.7734
bel,2008,4.6553
bel,2009,4.5445
bel,2010,4.4368
bel,2011,4.3386
bel,2012,4.2505
bel,2013,4.1696
bel,2014,4.0954
bel,2015,4.0309
bel,2016,3.9840
bel,2017,3.9480
bel,2018,3.9108
bel,2019,3.8646
bel,2020,3.8036
bel,2021,3.7124
bel,2022,3.5818
bel,2023,3.4218
bel,2024,3.2494
ben,1946,303.41
ben,1947,305.40
ben,1948,307.43
ben,1949,308.95
ben,1950,310.46
ben,1951,310.60
ben,1952,310.29
ben,1953,308.94
ben,1954,307.34
ben,1955,305.53
ben,1956,302.89
ben,1957,299.88
ben,1958,296.68
ben,1959,293.26
ben,1960,289.37
ben,1961,285.34
ben,1962,281.18
ben,1963,276.78
ben,1964,272.12
ben,1965,267.59
ben,1966,263.16
ben,1967,258.54
ben,1968,254.22
ben,1969,250.30
ben,1970,246.34
ben,1971,242.37
ben,1972,238.34
ben,1973,234.11
ben,1974,229.79
ben,1975,225.20
ben,1976,220.74
ben,1977,216.01
ben,1978,211.26
ben,1979,206.88
ben,1980,202.72
ben,1981,198.73
ben,1982,195.09
ben,1983,191.47
ben,1984,187.77
ben,1985,184.20
ben,1986,180.47
ben,1987,176.85
ben,1988,173.25
ben,1989,169.62
ben,1990,165.87
ben,1991,162.08
ben,1992,158.24
ben,1993,154.40
ben,1994,150.60
ben,1995,146.96
ben,1996,143.47
ben,1997,140.25
ben,1998,137.13
ben,1999,133.99
ben,2000,130.83
ben,2001,127.63
ben,2002,124.45
ben,2003,121.32
ben,2004,118.19
ben,2005,115.23
ben,2006,112.31
ben,2007,109.64
ben,2008,107.17
ben,2009,104.66
ben,2010,102.29
ben,2011,100.05
ben,2012,97.629
ben,2013,95.285
ben,2014,92.815
ben,2015,90.354
ben,2016,87.887
ben,2017,85.211
ben,2018,82.506
ben,2019,79.334
ben,2020,75.648
ben,2021,71.636
ben,2022,67.639
ben,2023,63.536
ben,2024,59.561
bfa,1945,310.19
bfa,1946,317.81
bfa,1947,323.56
bfa,1948,328.23
bfa,1949,331.13
bfa,1950,333.07
bfa,1951,333.34
bfa,1952,331.53
bfa,1953,329.07
bfa,1954,325.96
bfa,1955,321.49
bfa,1956,317.50
bfa,1957,313.62
bfa,1958,309.80
bfa,1959,305.27
bfa,1960,301.24
bfa,1961,297.57
bfa,1962,294.88
bfa,1963,292.43
bfa,1964,289.89
bfa,1965,288.90
bfa,1966,287.97
bfa,1967,287.72
bfa,1968,287.48
bfa,1969,287.31
bfa,1970,286.96
bfa,1971,286.11
bfa,1972,284.34
bfa,1973,281.11
bfa,1974,276.10
bfa,1975,269.84
bfa,1976,261.76
bfa,1977,252.88
bfa,1978,244.00
bfa,1979,235.82
bfa,1980,228.44
bfa,1981,222.23
bfa,1982,217.13
bfa,1983,212.51
bfa,1984,208.39
bfa,1985,204.16
bfa,1986,200.17
bfa,1987,196.10
bfa,1988,192.23
bfa,1989,189.16
bfa,1990,186.86
bfa,1991,185.48
bfa,1992,184.95
bfa,1993,184.56
bfa,1994,184.36
bfa,1995,183.48
bfa,1996,181.87
bfa,1997,179.59
bfa,1998,176.54
bfa,1999,173.24
bfa,2000,169.71
bfa,2001,165.80
bfa,2002,161.71
bfa,2003,157.23
bfa,2004,152.20
bfa,2005,146.74
bfa,2006,140.70
bfa,2007,134.25
bfa,2008,127.63
bfa,2009,121.31
bfa,2010,115.37
bfa,2011,109.72
bfa,2012,104.33
bfa,2013,99.009
bfa,2014,93.665
bfa,2015,88.445
bfa,2016,83.468
bfa,2017,78.743
bfa,2018,74.098
bfa,2019,69.736
bfa,2020,65.248
bfa,2021,61.096
bfa,2022,56.907
bfa,2023,53.452
bfa,2024,50.065
bgd,1951,294.43
bgd,1952,290.90
bgd,1953,286.57
bgd,1954,281.29
bgd,1955,275.31
bgd,1956,269.13
bgd,1957,262.98
bgd,1958,256.92
bgd,1959,250.92
bgd,1960,245.53
bgd,1961,240.12
bgd,1962,234.89
bgd,1963,230.20
bgd,1964,225.77
bgd,1965,221.42
bgd,1966,217.80
bgd,1967,215.19
bgd,1968,213.26
bgd,1969,212.58
bgd,1970,212.73
bgd,1971,255.02
bgd,1972,346.56
bgd,1973,215.59
bgd,1974,216.06
bgd,1975,215.66
bgd,1976,214.49
bgd,1977,212.51
bgd,1978,209.55
bgd,1979,206.13
bgd,1980,201.84
bgd,1981,197.48
bgd,1982,192.97
bgd,1983,188.27
bgd,1984,183.29
bgd,1985,177.70
bgd,1986,171.94
bgd,1987,165.98
bgd,1988,159.69
bgd,1989,153.51
bgd,1990,147.33
bgd,1991,141.19
bgd,1992,135.25
bgd,1993,129.28
bgd,1994,123.25
bgd,1995,117.30
bgd,1996,111.42
bgd,1997,105.51
bgd,1998,99.616
bgd,1999,93.794
bgd,2000,88.060
bgd,2001,82.592
bgd,2002,77.469
bgd,2003,72.764
bgd,2004,68.524
bgd,2005,64.656
bgd,2006,61.105
bgd,2007,57.836
bgd,2008,54.795
bgd,2009,52.004
bgd,2010,49.428
bgd,2011,47.153
bgd,2012,45.021
bgd,2013,42.983
bgd,2014,41.042
bgd,2015,39.128
bgd,2016,37.236
bgd,2017,35.379
bgd,2018,33.574
bgd,2019,31.968
bgd,2020,30.736
bgd,2021,30.008
bgd,2022,29.796
bgd,2023,29.696
bgd,2024,29.212
bgr,1950,124.99
bgr,1951,123.16
bgr,1952,118.98
bgr,1953,112.55
bgr,1954,104.72
bgr,1955,96.432
bgr,1956,88.399
bgr,1957,80.425
bgr,1958,72.392
bgr,1959,64.730
bgr,1960,57.511
bgr,1961,51.312
bgr,1962,46.168
bgr,1963,42.053
bgr,1964,39.224
bgr,1965,37.364
bgr,1966,36.580
bgr,1967,36.220
bgr,1968,35.593
bgr,1969,34.596
bgr,1970,33.229
bgr,1971,31.820
bgr,1972,30.468
bgr,1973,29.431
bgr,1974,28.863
bgr,1975,28.416
bgr,1976,28.031
bgr,1977,27.450
bgr,1978,26.574
bgr,1979,25.503
bgr,1980,24.288
bgr,1981,23.303
bgr,1982,22.474
bgr,1983,21.720
bgr,1984,21.020
bgr,1985,20.186
bgr,1986,19.253
bgr,1987,18.303
bgr,1988,17.605
bgr,1989,17.384
bgr,1990,17.496
bgr,1991,17.946
bgr,1992,18.453
bgr,1993,18.769
bgr,1994,18.802
bgr,1995,18.659
bgr,1996,18.778
bgr,1997,18.945
bgr,1998,18.853
bgr,1999,18.446
bgr,2000,17.778
bgr,2001,17.091
bgr,2002,16.360
bgr,2003,15.564
bgr,2004,14.732
bgr,2005,13.821
bgr,2006,12.933
bgr,2007,12.093
bgr,2008,11.468
bgr,2009,11.128
bgr,2010,10.849
bgr,2011,10.530
bgr,2012,10.111
bgr,2013,9.5878
bgr,2014,9.0074
bgr,2015,8.3996
bgr,2016,7.8873
bgr,2017,7.4334
bgr,2018,7.0433
bgr,2019,6.7188
bgr,2020,6.4324
bgr,2021,6.2171
bgr,2022,6.0524
bgr,2023,5.8932
bgr,2024,5.6803
bhr,1956,229.14
bhr,1957,218.93
bhr,1958,209.12
bhr,1959,197.19
bhr,1960,184.49
bhr,1961,171.64
bhr,1962,158.59
bhr,1963,145.71
bhr,1964,133.57
bhr,1965,121.80
bhr,1966,110.73
bhr,1967,100.65
bhr,1968,91.288
bhr,1969,82.766
bhr,1970,75.068
bhr,1971,68.166
bhr,1972,62.051
bhr,1973,56.556
bhr,1974,51.763
bhr,1975,47.506
bhr,1976,43.916
bhr,1977,40.810
bhr,1978,38.068
bhr,1979,35.613
bhr,1980,33.412
bhr,1981,31.443
bhr,1982,29.685
bhr,1983,28.060
bhr,1984,26.610
bhr,1985,25.338
bhr,1986,24.309
bhr,1987,23.512
bhr,1988,22.947
bhr,1989,22.614
bhr,1990,22.393
bhr,1991,22.226
bhr,1992,21.927
bhr,1993,21.306
bhr,1994,20.296
bhr,1995,18.971
bhr,1996,17.462
bhr,1997,15.932
bhr,1998,14.580
bhr,1999,13.464
bhr,2000,12.584
bhr,2001,11.923
bhr,2002,11.440
bhr,2003,11.064
bhr,2004,10.758
bhr,2005,10.457
bhr,2006,10.139
bhr,2007,9.7774
bhr,2008,9.3725
bhr,2009,8.9575
bhr,2010,8.5558
bhr,2011,8.2030
bhr,2012,7.9087
bhr,2013,7.6841
bhr,2014,7.5181
bhr,2015,7.3964
bhr,2016,7.3140
bhr,2017,7.2759
bhr,2018,7.2821
bhr,2019,7.3467
bhr,2020,7.4458
bhr,2021,7.5782
bhr,2022,7.7265
bhr,2023,7.8416
bhr,2024,7.8874
bhs,1969,25.541
bhs,1970,26.785
bhs,1971,27.812
bhs,1972,28.623
bhs,1973,29.186
bhs,1974,29.522
bhs,1975,29.648
bhs,1976,29.579
bhs,1977,29.365
bhs,1978,29.065
bhs,1979,28.690
bhs,1980,28.305
bhs,1981,27.942
bhs,1982,27.605
bhs,1983,27.310
bhs,1984,27.043
bhs,1985,26.819
bhs,1986,26.518
bhs,1987,25.998
bhs,1988,25.234
bhs,1989,24.294
bhs,1990,23.260
bhs,1991,22.209
bhs,1992,21.158
bhs,1993,20.161
bhs,1994,19.200
bhs,1995,18.282
bhs,1996,17.423
bhs,1997,16.634
bhs,1998,15.976
bhs,1999,15.491
bhs,2000,15.252
bhs,2001,15.235
bhs,2002,15.329
bhs,2003,15.536
bhs,2004,15.755
bhs,2005,15.891
bhs,2006,15.910
bhs,2007,15.785
bhs,2008,15.547
bhs,2009,15.223
bhs,2010,14.849
bhs,2011,14.462
bhs,2012,14.088
bhs,2013,13.771
bhs,2014,13.481
bhs,2015,13.214
bhs,2016,12.997
bhs,2017,12.807
bhs,2018,12.613
bhs,2019,12.382
bhs,2020,21.155
bhs,2021,11.708
bhs,2022,11.288
bhs,2023,10.777
bhs,2024,10.249
bih,1985,27.915
bih,1986,26.169
bih,1987,24.320
bih,1988,22.470
bih,1989,20.771
bih,1990,19.185
bih,1991,17.734
bih,1992,16.380
bih,1993,55.619
bih,1994,55.997
bih,1995,13.242
bih,1996,18.359
bih,1997,11.793
bih,1998,11.144
bih,1999,10.507
bih,2000,9.8604
bih,2001,9.2332
bih,2002,8.6386
bih,2003,8.1154
bih,2004,7.6894
bih,2005,7.3492
bih,2006,7.1062
bih,2007,6.9310
bih,2008,6.8030
bih,2009,6.7040
bih,2010,6.6181
bih,2011,6.5405
bih,2012,6.4714
bih,2013,6.4269
bih,2014,6.4010
bih,2015,6.4057
bih,2016,6.4387
bih,2017,6.4798
bih,2018,6.4996
bih,2019,6.4772
bih,2020,6.3988
bih,2021,6.2680
bih,2022,6.0806
bih,2023,5.8285
bih,2024,5.5405
blr,1959,48.087
blr,1960,44.718
blr,1961,41.235
blr,1962,37.679
blr,1963,34.397
blr,1964,31.468
blr,1965,29.020
blr,1966,26.941
blr,1967,25.328
blr,1968,24.037
blr,1969,23.027
blr,1970,22.230
blr,1971,21.627
blr,1972,21.172
blr,1973,20.844
blr,1974,20.640
blr,1975,20.558
blr,1976,20.522
blr,1977,20.506
blr,1978,20.415
blr,1979,20.301
blr,1980,20.133
blr,1981,19.870
blr,1982,19.494
blr,1983,18.993
blr,1984,18.383
blr,1985,17.819
blr,1986,17.231
blr,1987,16.655
blr,1988,16.081
blr,1989,15.553
blr,1990,15.149
blr,1991,14.875
blr,1992,14.865
blr,1993,15.020
blr,1994,15.206
blr,1995,15.348
blr,1996,15.339
blr,1997,15.166
blr,1998,14.776
blr,1999,14.163
blr,2000,13.380
blr,2001,12.462
blr,2002,11.547
blr,2003,10.665
blr,2004,9.8784
blr,2005,9.1906
blr,2006,8.4949
blr,2007,7.7960
blr,2008,7.0987
blr,2009,6.4492
blr,2010,5.8917
blr,2011,5.4155
blr,2012,5.0299
blr,2013,4.7057
blr,2014,4.4262
blr,2015,4.1813
blr,2016,3.9467
blr,2017,3.7196
blr,2018,3.4772
blr,2019,3.2116
blr,2020,2.9125
blr,2021,2.6203
blr,2022,2.3589
blr,2023,2.1331
blr,2024,1.9430
blz,1968,77.271
blz,1969,76.674
blz,1970,75.568
blz,1971,74.010
blz,1972,72.446
blz,1973,70.490
blz,1974,68.479
blz,1975,66.659
blz,1976,64.584
blz,1977,62.500
blz,1978,60.452
blz,1979,58.708
blz,1980,56.873
blz,1981,55.000
blz,1982,53.213
blz,1983,51.400
blz,1984,49.363
blz,1985,47.342
blz,1986,45.211
blz,1987,43.133
blz,1988,40.990
blz,1989,38.794
blz,1990,36.661
blz,1991,34.575
blz,1992,32.584
blz,1993,30.819
blz,1994,29.219
blz,1995,27.861
blz,1996,26.754
blz,1997,25.833
blz,1998,25.001
blz,1999,24.295
blz,2000,23.615
blz,2001,22.952
blz,2002,22.311
blz,2003,21.691
blz,2004,21.103
blz,2005,20.551
blz,2006,20.066
blz,2007,19.609
blz,2008,19.180
blz,2009,18.776
blz,2010,18.340
blz,2011,17.891
blz,2012,17.386
blz,2013,16.799
blz,2014,16.140
blz,2015,15.450
blz,2016,14.794
blz,2017,14.167
blz,2018,13.594
blz,2019,13.102
blz,2020,12.706
blz,2021,12.370
blz,2022,12.067
blz,2023,11.765
blz,2024,11.433
bol,1961,249.40
bol,1962,247.84
bol,1963,246.06
bol,1964,243.29
bol,1965,240.21
bol,1966,236.73
bol,1967,232.60
bol,1968,228.38
bol,1969,223.74
bol,1970,218.93
bol,1971,213.63
bol,1972,208.32
bol,1973,202.73
bol,1974,197.23
bol,1975,191.65
bol,1976,185.87
bol,1977,180.17
bol,1978,174.52
bol,1979,169.24
bol,1980,164.28
bol,1981,159.67
bol,1982,155.37
bol,1983,151.26
bol,1984,147.10
bol,1985,142.86
bol,1986,138.36
bol,1987,133.83
bol,1988,129.17
bol,1989,124.53
bol,1990,119.84
bol,1991,115.23
bol,1992,110.74
bol,1993,106.23
bol,1994,101.78
bol,1995,97.244
bol,1996,92.802
bol,1997,88.319
bol,1998,83.859
bol,1999,79.494
bol,2000,75.120
bol,2001,70.838
bol,2002,66.710
bol,2003,62.725
bol,2004,58.931
bol,2005,55.280
bol,2006,51.842
bol,2007,48.567
bol,2008,45.405
bol,2009,42.470
bol,2010,39.726
bol,2011,37.199
bol,2012,34.749
bol,2013,32.461
bol,2014,30.207
bol,2015,28.128
bol,2016,26.251
bol,2017,24.566
bol,2018,23.094
bol,2019,21.646
bol,2020,20.235
bol,2021,18.894
bol,2022,17.628
bol,2023,16.487
bol,2024,15.436
bra,1935,197.55
bra,1936,204.33
bra,1937,209.23
bra,1938,212.53
bra,1939,215.47
bra,1940,217.08
bra,1941,217.10
bra,1942,216.55
bra,1943,214.71
bra,1944,212.61
bra,1945,210.35
bra,1946,207.50
bra,1947,204.48
bra,1948,201.35
bra,1949,197.90
bra,1950,194.67
bra,1951,190.90
bra,1952,187.33
bra,1953,183.78
bra,1954,180.18
bra,1955,177.10
bra,1956,173.94
bra,1957,170.45
bra,1958,166.92
bra,1959,163.35
bra,1960,159.95
bra,1961,156.40
bra,1962,152.83
bra,1963,149.41
bra,1964,145.68
bra,1965,142.34
bra,1966,138.82
bra,1967,135.63
bra,1968,132.61
bra,1969,129.63
bra,1970,126.66
bra,1971,123.66
bra,1972,120.58
bra,1973,117.49
bra,1974,114.25
bra,1975,111.12
bra,1976,107.79
bra,1977,104.33
bra,1978,100.80
bra,1979,97.052
bra,1980,93.080
bra,1981,89.002
bra,1982,84.997
bra,1983,81.110
bra,1984,77.428
bra,1985,74.074
bra,1986,71.089
bra,1987,68.380
bra,1988,65.881
bra,1989,63.541
bra,1990,61.278
bra,1991,58.833
bra,1992,56.204
bra,1993,53.414
bra,1994,50.486
bra,1995,47.556
bra,1996,44.627
bra,1997,41.880
bra,1998,39.233
bra,1999,36.753
bra,2000,34.468
bra,2001,32.235
bra,2002,30.151
bra,2003,28.157
bra,2004,26.293
bra,2005,24.587
bra,2006,23.027
bra,2007,21.691
bra,2008,20.574
bra,2009,19.596
bra,2010,18.802
bra,2011,18.105
bra,2012,17.478
bra,2013,16.907
bra,2014,16.364
bra,2015,15.891
bra,2016,15.443
bra,2017,16.118
bra,2018,14.727
bra,2019,14.430
bra,2020,14.179
bra,2021,13.898
bra,2022,13.563
bra,2023,13.153
bra,2024,12.708
brb,1950,167.58
brb,1951,166.75
brb,1952,164.44
brb,1953,160.13
brb,1954,153.62
brb,1955,144.52
brb,1956,133.45
brb,1957,121.31
brb,1958,109.28
brb,1959,98.419
brb,1960,89.585
brb,1961,82.401
brb,1962,76.333
brb,1963,71.165
brb,1964,66.552
brb,1965,62.530
brb,1966,58.992
brb,1967,55.943
brb,1968,53.327
brb,1969,50.825
brb,1970,48.400
brb,1971,46.028
brb,1972,43.662
brb,1973,41.387
brb,1974,39.126
brb,1975,36.925
brb,1976,34.776
brb,1977,32.722
brb,1978,30.751
brb,1979,28.864
brb,1980,27.127
brb,1981,25.543
brb,1982,24.199
brb,1983,23.069
brb,1984,22.145
brb,1985,21.366
brb,1986,20.657
brb,1987,19.976
brb,1988,19.286
brb,1989,18.534
brb,1990,17.764
brb,1991,17.004
brb,1992,16.227
brb,1993,15.495
brb,1994,14.826
brb,1995,14.267
brb,1996,13.819
brb,1997,13.479
brb,1998,13.288
brb,1999,13.206
brb,2000,13.236
brb,2001,13.337
brb,2002,13.486
brb,2003,13.656
brb,2004,13.792
brb,2005,13.835
brb,2006,13.776
brb,2007,13.646
brb,2008,13.453
brb,2009,13.232
brb,2010,12.974
brb,2011,12.691
brb,2012,12.370
brb,2013,11.986
brb,2014,11.503
brb,2015,10.988
brb,2016,10.444
brb,2017,9.8786
brb,2018,9.3203
brb,2019,8.7612
brb,2020,8.2139
brb,2021,7.6874
brb,2022,7.2038
brb,2023,6.7426
brb,2024,6.3287
brn,1946,221.89
brn,1947,214.43
brn,1948,206.16
brn,1949,196.26
brn,1950,185.68
brn,1951,173.59
brn,1952,161.08
brn,1953,148.61
brn,1954,136.80
brn,1955,125.46
brn,1956,114.97
brn,1957,105.57
brn,1958,97.202
brn,1959,89.495
brn,1960,82.862
brn,1961,77.156
brn,1962,72.260
brn,1963,68.097
brn,1964,64.539
brn,1965,61.349
brn,1966,58.493
brn,1967,55.908
brn,1968,53.398
brn,1969,51.043
brn,1970,48.647
brn,1971,46.243
brn,1972,43.688
brn,1973,41.082
brn,1974,38.342
brn,1975,35.567
brn,1976,32.809
brn,1977,30.099
brn,1978,27.551
brn,1979,25.138
brn,1980,22.934
brn,1981,20.961
brn,1982,19.266
brn,1983,17.813
brn,1984,16.552
brn,1985,15.513
brn,1986,14.627
brn,1987,13.892
brn,1988,13.333
brn,1989,12.925
brn,1990,12.681
brn,1991,12.538
brn,1992,12.465
brn,1993,12.375
brn,1994,12.223
brn,1995,11.968
brn,1996,11.621
brn,1997,11.219
brn,1998,10.797
brn,1999,10.373
brn,2000,10.002
brn,2001,9.6631
brn,2002,9.3782
brn,2003,9.1571
brn,2004,9.0033
brn,2005,8.9002
brn,2006,8.8515
brn,2007,8.8484
brn,2008,8.8614
brn,2009,8.9155
brn,2010,8.9850
brn,2011,9.0506
brn,2012,9.1286
brn,2013,9.2082
brn,2014,9.2724
brn,2015,9.3118
brn,2016,9.3295
brn,2017,9.3169
brn,2018,9.2856
brn,2019,9.2188
brn,2020,9.1254
brn,2021,8.9541
brn,2022,8.7124
brn,2023,8.4157
brn,2024,8.0665
btn,1969,202.98
btn,1970,202.78
btn,1971,201.05
btn,1972,198.80
btn,1973,196.05
btn,1974,192.35
btn,1975,188.41
btn,1976,184.00
btn,1977,179.70
btn,1978,175.49
btn,1979,170.78
btn,1980,166.29
btn,1981,161.37
btn,1982,156.53
btn,1983,151.67
btn,1984,146.26
btn,1985,141.08
btn,1986,135.57
btn,1987,130.14
btn,1988,124.84
btn,1989,119.91
btn,1990,115.36
btn,1991,111.16
btn,1992,107.15
btn,1993,103.10
btn,1994,99.104
btn,1995,95.215
btn,1996,91.130
btn,1997,86.944
btn,1998,82.547
btn,1999,78.115
btn,2000,73.876
btn,2001,69.809
btn,2002,65.863
btn,2003,62.130
btn,2004,58.378
btn,2005,54.729
btn,2006,50.923
btn,2007,47.072
btn,2008,43.341
btn,2009,39.668
btn,2010,36.079
btn,2011,32.645
btn,2012,29.544
btn,2013,27.017
btn,2014,24.959
btn,2015,23.172
btn,2016,21.507
btn,2017,20.025
btn,2018,18.573
btn,2019,17.323
btn,2020,16.199
btn,2021,15.155
btn,2022,14.219
btn,2023,13.315
btn,2024,12.549
bwa,1955,136.74
bwa,1956,143.26
bwa,1957,146.57
bwa,1958,146.74
bwa,1959,146.35
bwa,1960,144.70
bwa,1961,142.02
bwa,1962,139.27
bwa,1963,136.23
bwa,1964,132.46
bwa,1965,129.11
bwa,1966,125.38
bwa,1967,122.32
bwa,1968,119.51
bwa,1969,116.63
bwa,1970,113.26
bwa,1971,109.53
bwa,1972,105.32
bwa,1973,100.87
bwa,1974,96.388
bwa,1975,91.398
bwa,1976,86.296
bwa,1977,81.364
bwa,1978,76.639
bwa,1979,71.969
bwa,1980,67.635
bwa,1981,63.465
bwa,1982,59.611
bwa,1983,56.220
bwa,1984,53.249
bwa,1985,50.440
bwa,1986,47.740
bwa,1987,45.201
bwa,1988,42.950
bwa,1989,41.561
bwa,1990,41.020
bwa,1991,41.801
bwa,1992,43.884
bwa,1993,47.036
bwa,1994,51.090
bwa,1995,55.155
bwa,1996,54.966
bwa,1997,57.132
bwa,1998,58.067
bwa,1999,59.029
bwa,2000,61.055
bwa,2001,62.373
bwa,2002,63.088
bwa,2003,63.012
bwa,2004,62.651
bwa,2005,60.878
bwa,2006,55.542
bwa,2007,49.921
bwa,2008,47.135
bwa,2009,45.529
bwa,2010,43.009
bwa,2011,41.103
bwa,2012,41.284
bwa,2013,38.190
bwa,2014,34.827
bwa,2015,32.432
bwa,2016,29.153
bwa,2017,26.497
bwa,2018,23.470
bwa,2019,21.604
bwa,2020,20.167
bwa,2021,18.752
bwa,2022,17.168
bwa,2023,15.942
bwa,2024,14.894
caf,1960,224.23
caf,1961,223.48
caf,1962,221.91
caf,1963,220.37
caf,1964,218.27
caf,1965,216.26
caf,1966,213.43
caf,1967,210.30
caf,1968,207.06
caf,1969,203.45
caf,1970,200.07
caf,1971,196.61
caf,1972,192.88
caf,1973,189.33
caf,1974,186.23
caf,1975,183.08
caf,1976,179.62
caf,1977,176.28
caf,1978,173.68
caf,1979,170.89
caf,1980,168.38
caf,1981,166.22
caf,1982,164.43
caf,1983,163.09
caf,1984,162.05
caf,1985,161.29
caf,1986,160.87
caf,1987,160.62
caf,1988,160.31
caf,1989,160.26
caf,1990,160.26
caf,1991,160.13
caf,1992,159.84
caf,1993,159.63
caf,1994,159.15
caf,1995,158.94
caf,1996,158.42
caf,1997,157.53
caf,1998,156.28
caf,1999,154.71
caf,2000,152.81
caf,2001,150.34
caf,2002,147.33
caf,2003,144.23
caf,2004,140.79
caf,2005,137.05
caf,2006,133.26
caf,2007,129.06
caf,2008,124.91
caf,2009,120.92
caf,2010,425.20
caf,2011,131.85
caf,2012,110.37
caf,2013,107.01
caf,2014,116.31
caf,2015,157.95
caf,2016,98.013
caf,2017,107.28
caf,2018,128.30
caf,2019,99.444
caf,2020,198.91
caf,2021,98.398
caf,2022,134.16
caf,2023,296.47
caf,2024,68.587
can,1950,48.995
can,1951,47.130
can,1952,45.146
can,1953,43.059
can,1954,41.037
can,1955,39.253
can,1956,37.711
can,1957,36.381
can,1958,35.213
can,1959,34.121
can,1960,33.086
can,1961,32.051
can,1962,31.007
can,1963,29.955
can,1964,28.871
can,1965,27.774
can,1966,26.656
can,1967,25.574
can,1968,24.544
can,1969,23.535
can,1970,22.555
can,1971,21.571
can,1972,20.586
can,1973,19.596
can,1974,18.605
can,1975,17.632
can,1976,16.678
can,1977,15.733
can,1978,14.817
can,1979,13.929
can,1980,13.098
can,1981,12.322
can,1982,11.605
can,1983,10.975
can,1984,10.422
can,1985,9.9648
can,1986,9.5859
can,1987,9.2602
can,1988,8.9667
can,1989,8.6811
can,1990,8.3947
can,1991,8.1062
can,1992,7.8249
can,1993,7.5527
can,1994,7.2899
can,1995,7.0429
can,1996,6.8100
can,1997,6.5986
can,1998,6.4175
can,1999,6.2689
can,2000,6.1719
can,2001,6.1176
can,2002,6.0888
can,2003,6.0759
can,2004,6.0612
can,2005,6.0330
can,2006,5.9922
can,2007,5.9343
can,2008,5.8661
can,2009,5.7842
can,2010,5.7068
can,2011,5.6294
can,2012,5.5549
can,2013,5.4829
can,2014,5.4061
can,2015,5.3333
can,2016,5.2620
can,2017,5.1943
can,2018,5.1397
can,2019,5.0925
can,2020,5.0543
can,2021,5.0222
can,2022,4.9886
can,2023,4.9381
can,2024,4.8479
che,1951,36.552
che,1952,36.014
che,1953,35.049
che,1954,33.796
che,1955,32.410
che,1956,31.032
che,1957,29.666
che,1958,28.403
che,1959,27.372
che,1960,26.575
che,1961,26.025
che,1962,25.502
che,1963,24.841
che,1964,24.039
che,1965,23.115
che,1966,22.156
che,1967,21.192
che,1968,20.315
che,1969,19.558
che,1970,18.809
che,1971,18.044
che,1972,17.229
che,1973,16.346
che,1974,15.429
che,1975,14.481
che,1976,13.534
che,1977,12.622
che,1978,11.808
che,1979,11.130
che,1980,10.565
che,1981,10.108
che,1982,9.7322
che,1983,9.4133
che,1984,9.1544
che,1985,8.9431
che,1986,8.7809
che,1987,8.6502
che,1988,8.5279
che,1989,8.3897
che,1990,8.1945
che,1991,7.9391
che,1992,7.6188
che,1993,7.2610
che,1994,6.8799
che,1995,6.5049
che,1996,6.1894
che,1997,5.9428
che,1998,5.7677
che,1999,5.6472
che,2000,5.5498
che,2001,5.4575
che,2002,5.3580
che,2003,5.2521
che,2004,5.1355
che,2005,5.0130
che,2006,4.8913
che,2007,4.7736
che,2008,4.6607
che,2009,4.5636
che,2010,4.4712
che,2011,4.4027
che,2012,4.3397
che,2013,4.2887
che,2014,4.2415
che,2015,4.1889
che,2016,4.1293
che,2017,4.0624
che,2018,3.9960
che,2019,3.9390
che,2020,3.8901
che,2021,3.8604
che,2022,3.8310
che,2023,3.7827
che,2024,3.7082
chl,1955,138.13
chl,1956,143.89
chl,1957,146.62
chl,1958,148.42
chl,1959,150.87
chl,1960,151.53
chl,1961,149.82
chl,1962,145.39
chl,1963,139.46
chl,1964,133.14
chl,1965,124.10
chl,1966,112.88
chl,1967,101.12
chl,1968,91.313
chl,1969,84.978
chl,1970,80.643
chl,1971,78.276
chl,1972,76.843
chl,1973,75.551
chl,1974,73.786
chl,1975,69.708
chl,1976,63.160
chl,1977,55.087
chl,1978,47.359
chl,1979,41.101
chl,1980,36.031
chl,1981,32.237
chl,1982,29.136
chl,1983,26.423
chl,1984,24.149
chl,1985,22.451
chl,1986,21.810
chl,1987,21.703
chl,1988,21.494
chl,1989,20.911
chl,1990,19.875
chl,1991,18.635
chl,1992,17.265
chl,1993,15.875
chl,1994,14.646
chl,1995,13.578
chl,1996,12.819
chl,1997,12.279
chl,1998,11.903
chl,1999,11.637
chl,2000,11.240
chl,2001,10.693
chl,2002,10.051
chl,2003,9.5312
chl,2004,9.2721
chl,2005,9.0764
chl,2006,8.9279
chl,2007,8.7727
chl,2008,8.6674
chl,2009,8.6662
chl,2010,8.6265
chl,2011,8.5410
chl,2012,8.3842
chl,2013,8.1922
chl,2014,8.0396
chl,2015,7.8743
chl,2016,7.7344
chl,2017,7.5685
chl,2018,7.3431
chl,2019,7.0807
chl,2020,6.8006
chl,2021,6.5975
chl,2022,6.5037
chl,2023,6.6340
chl,2024,6.8800
chn,1970,101.17
chn,1971,97.591
chn,1972,93.622
chn,1973,89.339
chn,1974,84.897
chn,1975,80.281
chn,1976,75.333
chn,1977,70.584
chn,1978,66.057
chn,1979,61.894
chn,1980,58.220
chn,1981,55.245
chn,1982,52.812
chn,1983,50.975
chn,1984,49.573
chn,1985,48.695
chn,1986,48.337
chn,1987,48.384
chn,1988,48.647
chn,1989,49.090
chn,1990,49.481
chn,1991,49.599
chn,1992,49.467
chn,1993,48.833
chn,1994,47.786
chn,1995,46.376
chn,1996,44.784
chn,1997,42.993
chn,1998,41.126
chn,1999,39.198
chn,2000,37.033
chn,2001,34.748
chn,2002,32.319
chn,2003,29.796
chn,2004,27.270
chn,2005,24.850
chn,2006,22.607
chn,2007,20.621
chn,2008,18.878
chn,2009,17.362
chn,2010,16.051
chn,2011,14.829
chn,2012,13.707
chn,2013,12.675
chn,2014,11.745
chn,2015,10.873
chn,2016,10.092
chn,2017,9.3655
chn,2018,8.7015
chn,2019,8.1021
chn,2020,7.5464
chn,2021,7.0524
chn,2022,6.5673
chn,2023,6.0806
chn,2024,5.5884
civ,1956,308.71
civ,1957,304.45
civ,1958,299.86
civ,1959,294.56
civ,1960,289.04
civ,1961,282.91
civ,1962,276.83
civ,1963,270.77
civ,1964,265.02
civ,1965,259.11
civ,1966,252.93
civ,1967,247.04
civ,1968,241.45
civ,1969,235.68
civ,1970,229.99
civ,1971,223.77
civ,1972,217.15
civ,1973,210.03
civ,1974,202.72
civ,1975,195.19
civ,1976,187.36
civ,1977,179.78
civ,1978,172.39
civ,1979,165.98
civ,1980,160.33
civ,1981,155.72
civ,1982,151.79
civ,1983,148.52
civ,1984,145.86
civ,1985,143.81
civ,1986,142.35
civ,1987,141.49
civ,1988,141.22
civ,1989,141.35
civ,1990,141.93
civ,1991,142.62
civ,1992,143.29
civ,1993,143.57
civ,1994,143.52
civ,1995,143.05
civ,1996,142.19
civ,1997,140.89
civ,1998,138.97
civ,1999,136.58
civ,2000,133.94
civ,2001,131.02
civ,2002,127.76
civ,2003,124.25
civ,2004,120.64
civ,2005,116.91
civ,2006,113.12
civ,2007,109.46
civ,2008,105.69
civ,2009,101.45
civ,2010,97.939
civ,2011,94.359
civ,2012,91.279
civ,2013,88.160
civ,2014,84.745
civ,2015,81.307
civ,2016,78.109
civ,2017,75.332
civ,2018,72.569
civ,2019,69.526
civ,2020,66.415
civ,2021,63.647
civ,2022,60.750
civ,2023,57.742
civ,2024,54.716
cmr,1954,293.58
cmr,1955,289.04
cmr,1956,282.93
cmr,1957,275.92
cmr,1958,268.01
cmr,1959,260.25
cmr,1960,253.05
cmr,1961,247.16
cmr,1962,242.64
cmr,1963,239.18
cmr,1964,235.78
cmr,1965,231.93
cmr,1966,227.60
cmr,1967,222.11
cmr,1968,215.47
cmr,1969,208.39
cmr,1970,200.79
cmr,1971,193.33
cmr,1972,186.28
cmr,1973,180.98
cmr,1974,177.81
cmr,1975,175.86
cmr,1976,174.98
cmr,1977,174.76
cmr,1978,173.44
cmr,1979,171.42
cmr,1980,168.44
cmr,1981,164.65
cmr,1982,160.36
cmr,1983,155.13
cmr,1984,149.68
cmr,1985,143.84
cmr,1986,138.46
cmr,1987,133.57
cmr,1988,129.70
cmr,1989,127.43
cmr,1990,126.50
cmr,1991,127.08
cmr,1992,128.66
cmr,1993,130.88
cmr,1994,133.08
cmr,1995,135.26
cmr,1996,136.88
cmr,1997,137.96
cmr,1998,138.20
cmr,1999,137.71
cmr,2000,136.27
cmr,2001,134.21
cmr,2002,131.20
cmr,2003,127.77
cmr,2004,124.45
cmr,2005,120.96
cmr,2006,117.87
cmr,2007,114.45
cmr,2008,111.31
cmr,2009,107.87
cmr,2010,104.39
cmr,2011,100.52
cmr,2012,96.590
cmr,2013,92.434
cmr,2014,88.177
cmr,2015,84.247
cmr,2016,80.124
cmr,2017,76.506
cmr,2018,72.728
cmr,2019,68.745
cmr,2020,65.053
cmr,2021,61.131
cmr,2022,57.073
cmr,2023,53.247
cmr,2024,49.995
cod,1970,190.94
cod,1971,191.80
cod,1972,192.15
cod,1973,192.38
cod,1974,192.22
cod,1975,191.38
cod,1976,190.72
cod,1977,189.50
cod,1978,187.84
cod,1979,186.28
cod,1980,184.40
cod,1981,182.71
cod,1982,180.91
cod,1983,179.17
cod,1984,177.68
cod,1985,176.54
cod,1986,175.24
cod,1987,173.52
cod,1988,171.97
cod,1989,170.49
cod,1990,168.85
cod,1991,167.05
cod,1992,165.25
cod,1993,163.33
cod,1994,161.71
cod,1995,160.07
cod,1996,158.46
cod,1997,156.62
cod,1998,154.20
cod,1999,151.02
cod,2000,147.83
cod,2001,144.07
cod,2002,140.16
cod,2003,135.90
cod,2004,131.16
cod,2005,126.29
cod,2006,121.21
cod,2007,116.00
cod,2008,110.63
cod,2009,105.38
cod,2010,99.706
cod,2011,94.064
cod,2012,88.615
cod,2013,83.644
cod,2014,78.808
cod,2015,74.258
cod,2016,69.911
cod,2017,65.725
cod,2018,61.772
cod,2019,58.025
cod,2020,54.290
cod,2021,51.018
cod,2022,47.779
cod,2023,44.730
cod,2024,42.079
cog,1945,226.09
cog,1946,235.50
cog,1947,241.62
cog,1948,245.28
cog,1949,245.76
cog,1950,243.55
cog,1951,239.15
cog,1952,232.63
cog,1953,226.19
cog,1954,218.56
cog,1955,210.61
cog,1956,202.84
cog,1957,194.64
cog,1958,186.98
cog,1959,178.52
cog,1960,171.31
cog,1961,164.93
cog,1962,159.02
cog,1963,153.74
cog,1964,148.52
cog,1965,143.22
cog,1966,137.35
cog,1967,132.10
cog,1968,126.47
cog,1969,120.68
cog,1970,115.24
cog,1971,109.90
cog,1972,105.08
cog,1973,101.04
cog,1974,97.940
cog,1975,95.260
cog,1976,92.719
cog,1977,90.578
cog,1978,88.938
cog,1979,88.063
cog,1980,87.193
cog,1981,86.548
cog,1982,85.858
cog,1983,84.786
cog,1984,83.774
cog,1985,82.478
cog,1986,81.038
cog,1987,79.875
cog,1988,79.232
cog,1989,79.026
cog,1990,79.370
cog,1991,80.431
cog,1992,82.192
cog,1993,84.836
cog,1994,87.833
cog,1995,91.173
cog,1996,94.692
cog,1997,98.047
cog,1998,100.98
cog,1999,102.82
cog,2000,103.28
cog,2001,102.12
cog,2002,99.411
cog,2003,95.369
cog,2004,90.003
cog,2005,84.083
cog,2006,77.533
cog,2007,71.217
cog,2008,65.682
cog,2009,61.022
cog,2010,57.142
cog,2011,53.425
cog,2012,49.743
cog,2013,46.010
cog,2014,42.409
cog,2015,39.298
cog,2016,36.412
cog,2017,33.759
cog,2018,31.558
cog,2019,29.538
cog,2020,31.431
cog,2021,25.895
cog,2022,24.398
cog,2023,22.868
cog,2024,21.542
cok,1952,145.33
cok,1953,142.84
cok,1954,139.45
cok,1955,135.07
cok,1956,128.99
cok,1957,122.41
cok,1958,115.19
cok,1959,107.89
cok,1960,100.34
cok,1961,93.023
cok,1962,85.713
cok,1963,78.681
cok,1964,72.161
cok,1965,66.289
cok,1966,60.904
cok,1967,55.868
cok,1968,51.308
cok,1969,47.229
cok,1970,43.482
cok,1971,40.298
cok,1972,37.481
cok,1973,34.975
cok,1974,32.795
cok,1975,31.017
cok,1976,29.501
cok,1977,28.235
cok,1978,27.112
cok,1979,26.141
cok,1980,25.322
cok,1981,24.613
cok,1982,23.953
cok,1983,23.370
cok,1984,22.858
cok,1985,22.369
cok,1986,22.002
cok,1987,21.725
cok,1988,21.559
cok,1989,21.424
cok,1990,21.387
cok,1991,21.364
cok,1992,21.286
cok,1993,21.200
cok,1994,21.038
cok,1995,20.775
cok,1996,20.363
cok,1997,19.775
cok,1998,19.049
cok,1999,18.231
cok,2000,17.411
cok,2001,16.631
cok,2002,15.924
cok,2003,15.243
cok,2004,14.587
cok,2005,13.944
cok,2006,13.283
cok,2007,12.624
cok,2008,12.029
cok,2009,11.454
cok,2010,11.027
cok,2011,10.685
cok,2012,10.427
cok,2013,10.313
cok,2014,10.263
cok,2015,10.239
cok,2016,10.226
cok,2017,10.227
cok,2018,10.196
cok,2019,10.082
cok,2020,9.9035
cok,2021,9.6436
cok,2022,9.3577
cok,2023,9.0003
cok,2024,8.5873
col,1953,146.19
col,1954,144.32
col,1955,141.92
col,1956,138.96
col,1957,135.87
col,1958,132.62
col,1959,129.22
col,1960,125.90
col,1961,122.41
col,1962,119.09
col,1963,115.88
col,1964,112.59
col,1965,109.54
col,1966,106.52
col,1967,103.45
col,1968,100.40
col,1969,97.229
col,1970,94.067
col,1971,90.790
col,1972,87.340
col,1973,83.897
col,1974,80.351
col,1975,76.683
col,1976,72.968
col,1977,69.233
col,1978,65.452
col,1979,61.710
col,1980,58.083
col,1981,54.586
col,1982,51.293
col,1983,48.310
col,1984,45.515
col,1985,42.994
col,1986,45.393
col,1987,38.733
col,1988,37.068
col,1989,35.675
col,1990,34.416
col,1991,33.237
col,1992,32.086
col,1993,30.999
col,1994,29.913
col,1995,28.822
col,1996,27.749
col,1997,26.731
col,1998,25.750
col,1999,24.781
col,2000,23.893
col,2001,23.057
col,2002,22.285
col,2003,21.587
col,2004,20.875
col,2005,20.224
col,2006,19.560
col,2007,18.876
col,2008,18.185
col,2009,17.480
col,2010,16.782
col,2011,16.061
col,2012,15.339
col,2013,14.627
col,2014,13.946
col,2015,13.248
col,2016,12.540
col,2017,11.856
col,2018,11.145
col,2019,10.478
col,2020,9.8603
col,2021,9.2491
col,2022,8.6826
col,2023,8.1234
col,2024,7.6340
com,1971,181.21
com,1972,181.74
com,1973,181.13
com,1974,179.96
com,1975,177.78
com,1976,174.94
com,1977,171.71
com,1978,167.71
com,1979,163.63
com,1980,159.28
com,1981,154.54
com,1982,149.66
com,1983,144.70
com,1984,139.52
com,1985,134.48
com,1986,129.65
com,1987,125.03
com,1988,120.43
com,1989,115.91
com,1990,111.61
com,1991,107.36
com,1992,103.06
com,1993,98.649
com,1994,94.171
com,1995,89.844
com,1996,85.125
com,1997,80.739
com,1998,76.588
com,1999,72.729
com,2000,69.248
com,2001,65.812
com,2002,62.530
com,2003,59.504
com,2004,56.686
com,2005,54.171
com,2006,51.838
com,2007,49.780
com,2008,47.787
com,2009,46.163
com,2010,44.671
com,2011,43.577
com,2012,42.754
com,2013,42.044
com,2014,41.288
com,2015,40.572
com,2016,39.838
com,2017,38.841
com,2018,37.863
com,2019,36.841
com,2020,35.608
com,2021,34.318
com,2022,32.871
com,2023,31.484
com,2024,30.007
cpv,1946,180.82
cpv,1947,182.86
cpv,1948,183.96
cpv,1949,183.64
cpv,1950,182.48
cpv,1951,179.43
cpv,1952,175.35
cpv,1953,170.34
cpv,1954,164.60
cpv,1955,158.61
cpv,1956,152.96
cpv,1957,147.56
cpv,1958,142.58
cpv,1959,137.41
cpv,1960,132.94
cpv,1961,128.77
cpv,1962,124.97
cpv,1963,120.92
cpv,1964,117.50
cpv,1965,113.99
cpv,1966,110.78
cpv,1967,107.81
cpv,1968,104.77
cpv,1969,101.81
cpv,1970,98.804
cpv,1971,95.547
cpv,1972,92.425
cpv,1973,89.617
cpv,1974,86.989
cpv,1975,84.128
cpv,1976,81.601
cpv,1977,79.348
cpv,1978,77.589
cpv,1979,76.171
cpv,1980,75.335
cpv,1981,74.793
cpv,1982,74.362
cpv,1983,74.137
cpv,1984,73.679
cpv,1985,72.576
cpv,1986,70.400
cpv,1987,67.243
cpv,1988,63.491
cpv,1989,59.736
cpv,1990,56.640
cpv,1991,54.389
cpv,1992,53.081
cpv,1993,52.718
cpv,1994,52.700
cpv,1995,52.701
cpv,1996,52.080
cpv,1997,50.241
cpv,1998,47.132
cpv,1999,43.121
cpv,2000,38.880
cpv,2001,34.932
cpv,2002,31.712
cpv,2003,29.453
cpv,2004,27.998
cpv,2005,27.251
cpv,2006,27.013
cpv,2007,27.002
cpv,2008,27.025
cpv,2009,26.889
cpv,2010,26.479
cpv,2011,25.730
cpv,2012,24.618
cpv,2013,23.218
cpv,2014,21.603
cpv,2015,19.895
cpv,2016,18.222
cpv,2017,16.715
cpv,2018,15.426
cpv,2019,14.306
cpv,2020,13.375
cpv,2021,12.537
cpv,2022,11.738
cpv,2023,10.993
cpv,2024,10.244
cri,1950,115.62
cri,1951,118.14
cri,1952,119.82
cri,1953,120.69
cri,1954,120.48
cri,1955,119.51
cri,1956,117.50
cri,1957,114.10
cri,1958,109.43
cri,1959,104.01
cri,1960,98.745
cri,1961,94.415
cri,1962,91.794
cri,1963,91.057
cri,1964,90.785
cri,1965,90.109
cri,1966,88.537
cri,1967,86.167
cri,1968,83.395
cri,1969,80.246
cri,1970,77.029
cri,1971,73.394
cri,1972,68.873
cri,1973,63.363
cri,1974,57.201
cri,1975,50.820
cri,1976,44.511
cri,1977,38.556
cri,1978,33.292
cri,1979,29.008
cri,1980,25.975
cri,1981,23.998
cri,1982,22.880
cri,1983,22.441
cri,1984,22.264
cri,1985,22.052
cri,1986,21.595
cri,1987,20.791
cri,1988,19.693
cri,1989,18.501
cri,1990,17.466
cri,1991,16.614
cri,1992,15.922
cri,1993,15.406
cri,1994,15.019
cri,1995,14.765
cri,1996,14.575
cri,1997,14.387
cri,1998,14.153
cri,1999,13.803
cri,2000,13.340
cri,2001,12.811
cri,2002,12.297
cri,2003,11.871
cri,2004,11.516
cri,2005,11.257
cri,2006,11.068
cri,2007,10.917
cri,2008,10.801
cri,2009,10.654
cri,2010,10.472
cri,2011,10.224
cri,2012,9.9117
cri,2013,9.5820
cri,2014,9.2505
cri,2015,8.9680
cri,2016,8.7552
cri,2017,8.6278
cri,2018,8.6035
cri,2019,8.6728
cri,2020,8.8397
cri,2021,9.0866
cri,2022,9.3649
cri,2023,9.6132
cri,2024,9.7451
cub,1959,37.050
cub,1960,39.003
cub,1961,40.450
cub,1962,41.293
cub,1963,41.376
cub,1964,40.974
cub,1965,40.331
cub,1966,39.476
cub,1967,38.526
cub,1968,37.498
cub,1969,36.378
cub,1970,35.114
cub,1971,33.732
cub,1972,32.257
cub,1973,30.747
cub,1974,29.195
cub,1975,27.579
cub,1976,26.005
cub,1977,24.504
cub,1978,23.086
cub,1979,21.774
cub,1980,20.628
cub,1981,19.580
cub,1982,18.630
cub,1983,17.754
cub,1984,16.902
cub,1985,16.097
cub,1986,15.342
cub,1987,14.613
cub,1988,13.885
cub,1989,13.185
cub,1990,12.537
cub,1991,11.948
cub,1992,11.372
cub,1993,10.841
cub,1994,10.344
cub,1995,9.8715
cub,1996,9.4200
cub,1997,9.0012
cub,1998,8.6198
cub,1999,8.2734
cub,2000,7.9398
cub,2001,7.6180
cub,2002,7.3286
cub,2003,7.0481
cub,2004,6.7900
cub,2005,6.5308
cub,2006,6.2859
cub,2007,6.0738
cub,2008,5.8812
cub,2009,5.7060
cub,2010,5.5435
cub,2011,5.4203
cub,2012,5.3234
cub,2013,5.2608
cub,2014,5.2302
cub,2015,5.2505
cub,2016,5.3139
cub,2017,5.4279
cub,2018,5.6083
cub,2019,5.8330
cub,2020,6.0967
cub,2021,6.3540
cub,2022,6.5496
cub,2023,6.7060
cub,2024,6.7649
cyp,1972,31.271
cyp,1973,32.709
cyp,1974,33.310
cyp,1975,32.788
cyp,1976,31.403
cyp,1977,29.454
cyp,1978,27.186
cyp,1979,24.841
cyp,1980,22.529
cyp,1981,20.432
cyp,1982,18.666
cyp,1983,16.939
cyp,1984,15.329
cyp,1985,13.821
cyp,1986,12.504
cyp,1987,11.478
cyp,1988,10.795
cyp,1989,10.581
cyp,1990,10.606
cyp,1991,10.530
cyp,1992,10.329
cyp,1993,10.017
cyp,1994,9.5998
cyp,1995,9.0903
cyp,1996,8.5452
cyp,1997,8.0250
cyp,1998,7.5195
cyp,1999,7.0526
cyp,2000,6.5970
cyp,2001,6.1534
cyp,2002,5.7361
cyp,2003,5.3271
cyp,2004,4.9222
cyp,2005,4.5344
cyp,2006,4.1630
cyp,2007,3.8318
cyp,2008,3.5421
cyp,2009,3.3086
cyp,2010,3.1222
cyp,2011,2.9602
cyp,2012,2.8213
cyp,2013,2.7056
cyp,2014,2.6307
cyp,2015,2.5793
cyp,2016,2.5656
cyp,2017,2.5788
cyp,2018,2.6272
cyp,2019,2.7061
cyp,2020,2.7917
cyp,2021,2.8631
cyp,2022,2.9061
cyp,2023,2.8856
cyp,2024,2.7980
cze,1951,58.615
cze,1952,52.601
cze,1953,46.532
cze,1954,40.838
cze,1955,35.813
cze,1956,31.892
cze,1957,28.877
cze,1958,26.635
cze,1959,25.012
cze,1960,23.871
cze,1961,23.191
cze,1962,22.831
cze,1963,22.703
cze,1964,22.743
cze,1965,22.841
cze,1966,23.024
cze,1967,23.155
cze,1968,23.171
cze,1969,23.124
cze,1970,22.981
cze,1971,22.757
cze,1972,22.410
cze,1973,21.982
cze,1974,21.484
cze,1975,20.890
cze,1976,20.217
cze,1977,19.480
cze,1978,18.667
cze,1979,17.780
cze,1980,16.874
cze,1981,16.047
cze,1982,15.339
cze,1983,14.768
cze,1984,14.362
cze,1985,14.025
cze,1986,13.782
cze,1987,13.531
cze,1988,13.172
cze,1989,12.725
cze,1990,12.232
cze,1991,11.841
cze,1992,11.411
cze,1993,10.809
cze,1994,10.029
cze,1995,9.1351
cze,1996,8.2658
cze,1997,7.4581
cze,1998,6.7320
cze,1999,6.1193
cze,2000,5.6201
cze,2001,5.2712
cze,2002,5.0179
cze,2003,4.8029
cze,2004,4.6104
cze,2005,4.4075
cze,2006,4.2046
cze,2007,3.9932
cze,2008,3.7800
cze,2009,3.5856
cze,2010,3.4002
cze,2011,3.2518
cze,2012,3.1320
cze,2013,3.0516
cze,2014,3.0205
cze,2015,3.0158
cze,2016,3.0441
cze,2017,3.0679
cze,2018,3.0538
cze,2019,2.9972
cze,2020,2.9010
cze,2021,2.7865
cze,2022,2.6590
cze,2023,2.5239
cze,2024,2.3698
deu,1969,25.813
deu,1970,25.557
deu,1971,25.083
deu,1972,24.404
deu,1973,23.576
deu,1974,22.635
deu,1975,21.571
deu,1976,20.418
deu,1977,19.192
deu,1978,17.956
deu,1979,16.782
deu,1980,15.688
deu,1981,14.698
deu,1982,13.794
deu,1983,12.971
deu,1984,12.229
deu,1985,11.550
deu,1986,10.949
deu,1987,10.401
deu,1988,9.8739
deu,1989,9.3693
deu,1990,8.8670
deu,1991,8.3785
deu,1992,7.9040
deu,1993,7.4554
deu,1994,7.0416
deu,1995,6.6674
deu,1996,6.3427
deu,1997,6.0588
deu,1998,5.8100
deu,1999,5.5987
deu,2000,5.4150
deu,2001,5.2625
deu,2002,5.1282
deu,2003,5.0034
deu,2004,4.8863
deu,2005,4.7672
deu,2006,4.6480
deu,2007,4.5273
deu,2008,4.4092
deu,2009,4.2979
deu,2010,4.1918
deu,2011,4.1001
deu,2012,4.0221
deu,2013,3.9620
deu,2014,3.9195
deu,2015,3.8832
deu,2016,3.8523
deu,2017,3.8193
deu,2018,3.7775
deu,2019,3.7276
deu,2020,3.6720
deu,2021,3.6274
deu,2022,3.5998
deu,2023,3.5862
deu,2024,3.5636
dji,1977,130.19
dji,1978,130.30
dji,1979,129.14
dji,1980,127.61
dji,1981,125.48
dji,1982,122.90
dji,1983,120.00
dji,1984,117.34
dji,1985,114.37
dji,1986,111.71
dji,1987,108.87
dji,1988,106.14
dji,1989,103.39
dji,1990,101.23
dji,1991,99.381
dji,1992,97.684
dji,1993,96.771
dji,1994,95.640
dji,1995,94.429
dji,1996,93.212
dji,1997,91.875
dji,1998,90.200
dji,1999,88.507
dji,2000,86.723
dji,2001,84.797
dji,2002,82.659
dji,2003,80.377
dji,2004,77.890
dji,2005,75.402
dji,2006,72.885
dji,2007,70.328
dji,2008,67.490
dji,2009,64.805
dji,2010,61.874
dji,2011,58.744
dji,2012,55.759
dji,2013,52.612
dji,2014,49.431
dji,2015,46.550
dji,2016,43.927
dji,2017,41.124
dji,2018,38.833
dji,2019,36.496
dji,2020,34.257
dji,2021,32.246
dji,2022,30.233
dji,2023,28.525
dji,2024,26.759
dma,1961,127.44
dma,1962,116.87
dma,1963,107.15
dma,1964,98.088
dma,1965,89.846
dma,1966,82.193
dma,1967,75.175
dma,1968,68.728
dma,1969,62.871
dma,1970,57.479
dma,1971,52.608
dma,1972,48.186
dma,1973,44.206
dma,1974,40.607
dma,1975,37.398
dma,1976,34.505
dma,1977,31.961
dma,1978,29.717
dma,1979,27.760
dma,1980,26.038
dma,1981,24.527
dma,1982,23.217
dma,1983,22.061
dma,1984,21.058
dma,1985,20.199
dma,1986,19.478
dma,1987,18.888
dma,1988,18.398
dma,1989,18.007
dma,1990,17.682
dma,1991,17.444
dma,1992,17.272
dma,1993,17.168
dma,1994,17.120
dma,1995,17.129
dma,1996,17.193
dma,1997,17.298
dma,1998,17.447
dma,1999,17.643
dma,2000,17.872
dma,2001,18.157
dma,2002,18.477
dma,2003,18.853
dma,2004,19.272
dma,2005,19.728
dma,2006,20.219
dma,2007,20.758
dma,2008,21.341
dma,2009,21.944
dma,2010,22.602
dma,2011,23.280
dma,2012,24.006
dma,2013,24.719
dma,2014,25.425
dma,2015,26.152
dma,2016,26.884
dma,2017,27.595
dma,2018,28.269
dma,2019,28.929
dma,2020,29.483
dma,2021,29.979
dma,2022,30.389
dma,2023,30.646
dma,2024,30.804
dnk,1951,32.143
dnk,1952,32.318
dnk,1953,31.891
dnk,1954,30.961
dnk,1955,29.859
dnk,1956,28.674
dnk,1957,27.509
dnk,1958,26.517
dnk,1959,25.648
dnk,1960,25.038
dnk,1961,24.522
dnk,1962,23.969
dnk,1963,23.329
dnk,1964,22.553
dnk,1965,21.657
dnk,1966,20.668
dnk,1967,19.639
dnk,1968,18.651
dnk,1969,17.713
dnk,1970,16.965
dnk,1971,16.239
dnk,1972,15.425
dnk,1973,14.526
dnk,1974,13.589
dnk,1975,12.739
dnk,1976,11.988
dnk,1977,11.336
dnk,1978,10.791
dnk,1979,10.322
dnk,1980,9.9524
dnk,1981,9.6632
dnk,1982,9.4401
dnk,1983,9.3106
dnk,1984,9.2432
dnk,1985,9.2727
dnk,1986,9.3510
dnk,1987,9.4087
dnk,1988,9.4102
dnk,1989,9.2884
dnk,1990,9.0281
dnk,1991,8.6490
dnk,1992,8.1652
dnk,1993,7.6330
dnk,1994,7.1052
dnk,1995,6.6637
dnk,1996,6.3153
dnk,1997,6.0390
dnk,1998,5.8275
dnk,1999,5.6620
dnk,2000,5.5380
dnk,2001,5.4386
dnk,2002,5.3169
dnk,2003,5.1844
dnk,2004,5.0216
dnk,2005,4.8418
dnk,2006,4.6536
dnk,2007,4.4640
dnk,2008,4.2913
dnk,2009,4.1353
dnk,2010,4.0187
dnk,2011,3.9419
dnk,2012,3.9034
dnk,2013,3.9048
dnk,2014,3.9128
dnk,2015,3.9138
dnk,2016,3.8936
dnk,2017,3.8506
dnk,2018,3.7895
dnk,2019,3.7050
dnk,2020,3.6134
dnk,2021,3.5133
dnk,2022,3.3921
dnk,2023,3.2447
dnk,2024,3.0732
dom,1951,116.71
dom,1952,120.66
dom,1953,123.80
dom,1954,126.85
dom,1955,129.50
dom,1956,131.77
dom,1957,133.47
dom,1958,134.74
dom,1959,135.81
dom,1960,136.23
dom,1961,136.29
dom,1962,135.74
dom,1963,134.65
dom,1964,133.19
dom,1965,131.12
dom,1966,128.91
dom,1967,126.53
dom,1968,123.99
dom,1969,121.35
dom,1970,118.77
dom,1971,115.86
dom,1972,112.80
dom,1973,109.52
dom,1974,105.90
dom,1975,102.09
dom,1976,98.205
dom,1977,94.531
dom,1978,91.100
dom,1979,87.642
dom,1980,84.474
dom,1981,81.293
dom,1982,78.283
dom,1983,75.409
dom,1984,72.686
dom,1985,70.180
dom,1986,67.651
dom,1987,65.216
dom,1988,62.792
dom,1989,60.418
dom,1990,58.100
dom,1991,55.762
dom,1992,53.443
dom,1993,51.168
dom,1994,48.927
dom,1995,46.721
dom,1996,44.630
dom,1997,42.659
dom,1998,40.894
dom,1999,39.319
dom,2000,37.967
dom,2001,36.758
dom,2002,35.817
dom,2003,34.970
dom,2004,34.287
dom,2005,33.741
dom,2006,33.285
dom,2007,32.826
dom,2008,32.449
dom,2009,32.065
dom,2010,31.715
dom,2011,31.429
dom,2012,31.172
dom,2013,30.884
dom,2014,30.550
dom,2015,30.138
dom,2016,29.671
dom,2017,29.193
dom,2018,28.652
dom,2019,27.899
dom,2020,27.072
dom,2021,25.960
dom,2022,24.773
dom,2023,23.472
dom,2024,22.142
dza,1955,180.55
dza,1956,187.76
dza,1957,194.20
dza,1958,198.99
dza,1959,203.46
dza,1960,206.68
dza,1961,208.88
dza,1962,210.56
dza,1963,211.16
dza,1964,212.07
dza,1965,212.94
dza,1966,213.93
dza,1967,215.06
dza,1968,215.83
dza,1969,216.24
dza,1970,215.60
dza,1971,213.95
dza,1972,210.93
dza,1973,207.06
dza,1974,202.48
dza,1975,197.35
dza,1976,191.64
dza,1977,185.38
dza,1978,178.88
dza,1979,171.66
dza,1980,162.73
dza,1981,151.43
dza,1982,137.08
dza,1983,120.20
dza,1984,102.72
dza,1985,86.891
dza,1986,74.131
dza,1987,64.345
dza,1988,57.230
dza,1989,52.631
dza,1990,49.688
dza,1991,47.909
dza,1992,46.812
dza,1993,46.116
dza,1994,45.534
dza,1995,44.938
dza,1996,44.248
dza,1997,43.419
dza,1998,42.522
dza,1999,41.544
dza,2000,40.388
dza,2001,39.154
dza,2002,37.810
dza,2003,36.366
dza,2004,34.952
dza,2005,33.494
dza,2006,32.099
dza,2007,30.780
dza,2008,29.548
dza,2009,28.428
dza,2010,27.421
dza,2011,26.531
dza,2012,25.755
dza,2013,25.073
dza,2014,24.487
dza,2015,23.952
dza,2016,23.482
dza,2017,23.059
dza,2018,22.669
dza,2019,22.309
dza,2020,21.944
dza,2021,21.587
dza,2022,21.163
dza,2023,20.580
dza,2024,19.848
ecu,1956,149.59
ecu,1957,151.20
ecu,1958,151.56
ecu,1959,151.32
ecu,1960,151.17
ecu,1961,149.92
ecu,1962,148.05
ecu,1963,145.83
ecu,1964,143.34
ecu,1965,140.63
ecu,1966,137.87
ecu,1967,135.02
ecu,1968,132.39
ecu,1969,129.91
ecu,1970,127.46
ecu,1971,124.89
ecu,1972,121.85
ecu,1973,118.16
ecu,1974,113.99
ecu,1975,109.42
ecu,1976,104.71
ecu,1977,99.908
ecu,1978,95.385
ecu,1979,91.216
ecu,1980,87.149
ecu,1981,83.056
ecu,1982,78.938
ecu,1983,74.830
ecu,1984,70.684
ecu,1985,66.680
ecu,1986,62.910
ecu,1987,59.496
ecu,1988,56.420
ecu,1989,53.575
ecu,1990,51.001
ecu,1991,48.432
ecu,1992,45.942
ecu,1993,43.512
ecu,1994,41.057
ecu,1995,38.511
ecu,1996,36.083
ecu,1997,33.739
ecu,1998,31.610
ecu,1999,29.638
ecu,2000,27.856
ecu,2001,26.320
ecu,2002,24.967
ecu,2003,23.784
ecu,2004,22.710
ecu,2005,21.757
ecu,2006,20.935
ecu,2007,20.168
ecu,2008,19.387
ecu,2009,18.685
ecu,2010,18.003
ecu,2011,17.346
ecu,2012,16.720
ecu,2013,16.128
ecu,2014,15.598
ecu,2015,15.135
ecu,2016,14.755
ecu,2017,14.416
ecu,2018,14.037
ecu,2019,13.644
ecu,2020,13.254
ecu,2021,12.896
ecu,2022,12.543
ecu,2023,12.174
ecu,2024,11.768
egy,1956,321.40
egy,1957,318.12
egy,1958,313.33
egy,1959,306.76
egy,1960,298.94
egy,1961,291.31
egy,1962,283.06
egy,1963,274.89
egy,1964,267.10
egy,1965,259.30
egy,1966,252.34
egy,1967,246.38
egy,1968,241.86
egy,1969,238.05
egy,1970,235.18
egy,1971,232.40
egy,1972,229.44
egy,1973,225.78
egy,1974,220.58
egy,1975,213.85
egy,1976,206.07
egy,1977,197.25
egy,1978,187.95
egy,1979,178.49
egy,1980,169.28
egy,1981,160.24
egy,1982,151.15
egy,1983,141.93
egy,1984,132.28
egy,1985,122.74
egy,1986,113.24
egy,1987,104.52
egy,1988,97.120
egy,1989,90.884
egy,1990,85.798
egy,1991,81.507
egy,1992,77.371
egy,1993,73.333
egy,1994,69.184
egy,1995,65.107
egy,1996,60.990
egy,1997,57.032
egy,1998,53.311
egy,1999,49.824
egy,2000,46.623
egy,2001,43.715
egy,2002,41.070
egy,2003,38.712
egy,2004,36.576
egy,2005,34.654
egy,2006,32.945
egy,2007,31.325
egy,2008,29.805
egy,2009,28.336
egy,2010,26.928
egy,2011,25.525
egy,2012,24.077
egy,2013,22.623
egy,2014,21.227
egy,2015,19.909
egy,2016,18.602
egy,2017,17.438
egy,2018,16.380
egy,2019,15.242
egy,2020,14.294
egy,2021,13.333
egy,2022,12.466
egy,2023,11.695
egy,2024,10.961
eri,1975,214.64
eri,1976,214.19
eri,1977,180.80
eri,1978,179.29
eri,1979,177.24
eri,1980,175.42
eri,1981,173.61
eri,1982,171.61
eri,1983,169.67
eri,1984,251.04
eri,1985,246.68
eri,1986,237.95
eri,1987,232.81
eri,1988,155.29
eri,1989,150.78
eri,1990,145.57
eri,1991,139.94
eri,1992,133.55
eri,1993,126.57
eri,1994,119.46
eri,1995,112.07
eri,1996,104.82
eri,1997,98.202
eri,1998,92.072
eri,1999,86.759
eri,2000,98.881
eri,2001,77.551
eri,2002,73.574
eri,2003,69.872
eri,2004,66.498
eri,2005,63.293
eri,2006,60.296
eri,2007,57.436
eri,2008,54.763
eri,2009,51.922
eri,2010,49.026
eri,2011,46.077
eri,2012,43.163
eri,2013,40.367
eri,2014,37.638
eri,2015,35.043
eri,2016,32.588
eri,2017,30.459
eri,2018,28.262
eri,2019,26.414
eri,2020,24.801
eri,2021,23.267
eri,2022,21.899
eri,2023,20.548
eri,2024,19.331
esp,1950,110.10
esp,1951,99.945
esp,1952,90.369
esp,1953,81.752
esp,1954,74.918
esp,1955,70.185
esp,1956,66.699
esp,1957,63.786
esp,1958,61.185
esp,1959,58.640
esp,1960,56.185
esp,1961,53.670
esp,1962,51.051
esp,1963,48.453
esp,1964,45.886
esp,1965,43.602
esp,1966,41.514
esp,1967,39.498
esp,1968,37.520
esp,1969,35.415
esp,1970,33.271
esp,1971,31.025
esp,1972,28.799
esp,1973,26.658
esp,1974,24.655
esp,1975,22.884
esp,1976,21.290
esp,1977,19.790
esp,1978,18.385
esp,1979,17.025
esp,1980,15.753
esp,1981,14.572
esp,1982,13.553
esp,1983,12.724
esp,1984,12.027
esp,1985,11.441
esp,1986,10.935
esp,1987,10.488
esp,1988,10.103
esp,1989,9.7272
esp,1990,9.3642
esp,1991,8.9865
esp,1992,8.5887
esp,1993,8.1674
esp,1994,7.7111
esp,1995,7.2391
esp,1996,6.7710
esp,1997,6.3510
esp,1998,6.0069
esp,1999,5.7183
esp,2000,5.4947
esp,2001,5.3186
esp,2002,5.1719
esp,2003,5.0503
esp,2004,4.9219
esp,2005,4.7833
esp,2006,4.6259
esp,2007,4.4557
esp,2008,4.2833
esp,2009,4.1062
esp,2010,3.9372
esp,2011,3.7750
esp,2012,3.6249
esp,2013,3.4967
esp,2014,3.3868
esp,2015,3.3044
esp,2016,3.2436
esp,2017,3.1979
esp,2018,3.1676
esp,2019,3.1369
esp,2020,3.1104
esp,2021,3.0833
esp,2022,3.0554
esp,2023,3.0118
esp,2024,2.9385
est,1981,20.724
est,1982,20.485
est,1983,20.061
est,1984,19.504
est,1985,18.946
est,1986,18.439
est,1987,18.041
est,1988,17.729
est,1989,17.478
est,1990,17.277
est,1991,17.091
est,1992,16.911
est,1993,16.659
est,1994,16.272
est,1995,15.729
est,1996,15.014
est,1997,14.177
est,1998,13.248
est,1999,12.301
est,2000,11.381
est,2001,10.488
est,2002,9.6384
est,2003,8.8129
est,2004,8.0533
est,2005,7.3563
est,2006,6.7143
est,2007,6.1264
est,2008,5.5884
est,2009,5.0970
est,2010,4.6575
est,2011,4.2633
est,2012,3.9206
est,2013,3.6200
est,2014,3.3553
est,2015,3.1261
est,2016,2.9249
est,2017,2.7479
est,2018,2.5904
est,2019,2.4438
est,2020,2.3083
est,2021,2.1736
est,2022,2.0426
est,2023,1.9142
est,2024,1.7867
eth,1967,216.97
eth,1968,198.85
eth,1969,202.24
eth,1970,205.36
eth,1971,208.48
eth,1972,211.19
eth,1973,213.21
eth,1974,215.53
eth,1975,250.44
eth,1976,252.05
eth,1977,221.47
eth,1978,222.63
eth,1979,223.00
eth,1980,222.82
eth,1981,221.76
eth,1982,219.81
eth,1983,217.43
eth,1984,296.86
eth,1985,292.04
eth,1986,282.04
eth,1987,276.34
eth,1988,199.81
eth,1989,196.10
eth,1990,192.41
eth,1991,188.36
eth,1992,183.98
eth,1993,179.02
eth,1994,173.81
eth,1995,168.05
eth,1996,161.89
eth,1997,155.63
eth,1998,149.51
eth,1999,143.55
eth,2000,137.68
eth,2001,131.82
eth,2002,125.80
eth,2003,119.72
eth,2004,113.71
eth,2005,107.64
eth,2006,101.69
eth,2007,96.025
eth,2008,90.589
eth,2009,85.693
eth,2010,81.089
eth,2011,76.913
eth,2012,72.955
eth,2013,69.171
eth,2014,65.369
eth,2015,61.705
eth,2016,58.025
eth,2017,54.377
eth,2018,50.941
eth,2019,47.802
eth,2020,44.769
eth,2021,41.816
eth,2022,38.982
eth,2023,36.406
eth,2024,34.027
fin,1950,43.062
fin,1951,42.227
fin,1952,41.124
fin,1953,39.798
fin,1954,38.239
fin,1955,36.546
fin,1956,34.941
fin,1957,33.315
fin,1958,31.602
fin,1959,29.816
fin,1960,28.015
fin,1961,26.332
fin,1962,24.768
fin,1963,23.335
fin,1964,22.072
fin,1965,20.900
fin,1966,19.835
fin,1967,18.854
fin,1968,17.983
fin,1969,17.221
fin,1970,16.477
fin,1971,15.747
fin,1972,15.008
fin,1973,14.263
fin,1974,13.526
fin,1975,12.753
fin,1976,11.960
fin,1977,11.146
fin,1978,10.355
fin,1979,9.6234
fin,1980,8.9625
fin,1981,8.4041
fin,1982,7.9524
fin,1983,7.6075
fin,1984,7.3683
fin,1985,7.2082
fin,1986,7.1107
fin,1987,7.0366
fin,1988,6.9622
fin,1989,6.8624
fin,1990,6.7076
fin,1991,6.4979
fin,1992,6.2282
fin,1993,5.9127
fin,1994,5.5774
fin,1995,5.2511
fin,1996,4.9704
fin,1997,4.7374
fin,1998,4.5427
fin,1999,4.3799
fin,2000,4.2357
fin,2001,4.1087
fin,2002,3.9988
fin,2003,3.9000
fin,2004,3.8072
fin,2005,3.7058
fin,2006,3.5894
fin,2007,3.4593
fin,2008,3.3187
fin,2009,3.1737
fin,2010,3.0265
fin,2011,2.8853
fin,2012,2.7491
fin,2013,2.6278
fin,2014,2.5185
fin,2015,2.4230
fin,2016,2.3506
fin,2017,2.2979
fin,2018,2.2600
fin,2019,2.2325
fin,2020,2.2144
fin,2021,2.1941
fin,2022,2.1661
fin,2023,2.1269
fin,2024,2.0766
fji,1941,109.93
fji,1942,113.46
fji,1943,116.35
fji,1944,118.52
fji,1945,120.28
fji,1946,120.89
fji,1947,121.13
fji,1948,120.34
fji,1949,118.82
fji,1950,116.80
fji,1951,113.78
fji,1952,110.04
fji,1953,105.54
fji,1954,100.72
fji,1955,95.825
fji,1956,91.063
fji,1957,86.424
fji,1958,82.129
fji,1959,78.153
fji,1960,74.354
fji,1961,70.952
fji,1962,67.740
fji,1963,64.741
fji,1964,61.872
fji,1965,59.204
fji,1966,56.865
fji,1967,54.932
fji,1968,53.460
fji,1969,52.196
fji,1970,51.447
fji,1971,50.805
fji,1972,50.368
fji,1973,49.964
fji,1974,49.468
fji,1975,48.739
fji,1976,47.667
fji,1977,46.304
fji,1978,44.678
fji,1979,42.657
fji,1980,40.612
fji,1981,38.454
fji,1982,36.460
fji,1983,34.596
fji,1984,32.886
fji,1985,31.448
fji,1986,30.148
fji,1987,29.035
fji,1988,27.959
fji,1989,26.900
fji,1990,25.882
fji,1991,24.943
fji,1992,24.086
fji,1993,23.340
fji,1994,22.722
fji,1995,22.220
fji,1996,21.883
fji,1997,21.657
fji,1998,21.535
fji,1999,21.501
fji,2000,21.539
fji,2001,21.604
fji,2002,21.710
fji,2003,21.862
fji,2004,22.065
fji,2005,22.330
fji,2006,22.567
fji,2007,22.732
fji,2008,22.727
fji,2009,22.500
fji,2010,22.062
fji,2011,21.483
fji,2012,20.888
fji,2013,20.359
fji,2014,20.021
fji,2015,19.958
fji,2016,20.220
fji,2017,20.919
fji,2018,21.973
fji,2019,23.229
fji,2020,24.413
fji,2021,25.282
fji,2022,25.605
fji,2023,25.295
fji,2024,24.584
fra,1950,58.105
fra,1951,55.355
fra,1952,52.169
fra,1953,48.732
fra,1954,45.416
fra,1955,42.278
fra,1956,39.392
fra,1957,36.685
fra,1958,34.160
fra,1959,31.830
fra,1960,29.735
fra,1961,27.989
fra,1962,26.503
fra,1963,25.184
fra,1964,24.011
fra,1965,22.908
fra,1966,21.926
fra,1967,21.033
fra,1968,20.222
fra,1969,19.472
fra,1970,18.696
fra,1971,17.882
fra,1972,17.048
fra,1973,16.285
fra,1974,15.671
fra,1975,15.138
fra,1976,14.653
fra,1977,14.164
fra,1978,13.650
fra,1979,13.115
fra,1980,12.585
fra,1981,12.118
fra,1982,11.694
fra,1983,11.282
fra,1984,10.883
fra,1985,10.496
fra,1986,10.165
fra,1987,9.8769
fra,1988,9.6245
fra,1989,9.3945
fra,1990,9.1245
fra,1991,8.7964
fra,1992,8.3920
fra,1993,7.9151
fra,1994,7.3965
fra,1995,6.8610
fra,1996,6.3831
fra,1997,5.9948
fra,1998,5.7164
fra,1999,5.5385
fra,2000,5.4008
fra,2001,5.2754
fra,2002,5.1420
fra,2003,4.9956
fra,2004,4.8366
fra,2005,4.6737
fra,2006,4.5406
fra,2007,4.4368
fra,2008,4.3494
fra,2009,4.2784
fra,2010,4.2070
fra,2011,4.1367
fra,2012,4.0731
fra,2013,4.0330
fra,2014,4.0329
fra,2015,4.0541
fra,2016,4.0895
fra,2017,4.1238
fra,2018,4.1459
fra,2019,4.1568
fra,2020,4.1543
fra,2021,4.1602
fra,2022,4.1769
fra,2023,4.1960
fra,2024,4.1873
fsm,1959,103.16
fsm,1960,103.41
fsm,1961,102.95
fsm,1962,101.43
fsm,1963,99.003
fsm,1964,95.475
fsm,1965,91.622
fsm,1966,87.234
fsm,1967,82.964
fsm,1968,78.852
fsm,1969,74.717
fsm,1970,70.804
fsm,1971,67.364
fsm,1972,64.174
fsm,1973,61.179
fsm,1974,58.613
fsm,1975,56.497
fsm,1976,54.658
fsm,1977,53.080
fsm,1978,51.716
fsm,1979,50.780
fsm,1980,49.910
fsm,1981,49.207
fsm,1982,48.600
fsm,1983,48.024
fsm,1984,47.611
fsm,1985,47.088
fsm,1986,46.436
fsm,1987,45.464
fsm,1988,44.380
fsm,1989,43.145
fsm,1990,42.020
fsm,1991,40.858
fsm,1992,39.840
fsm,1993,38.938
fsm,1994,38.044
fsm,1995,37.191
fsm,1996,36.232
fsm,1997,35.292
fsm,1998,34.120
fsm,1999,32.904
fsm,2000,31.650
fsm,2001,30.486
fsm,2002,29.283
fsm,2003,31.788
fsm,2004,27.284
fsm,2005,26.436
fsm,2006,25.585
fsm,2007,24.552
fsm,2008,23.707
fsm,2009,22.760
fsm,2010,21.730
fsm,2011,20.773
fsm,2012,19.674
fsm,2013,18.630
fsm,2014,17.712
fsm,2015,16.790
fsm,2016,15.994
fsm,2017,15.217
fsm,2018,14.446
fsm,2019,13.727
fsm,2020,12.952
fsm,2021,12.288
fsm,2022,11.604
fsm,2023,10.956
fsm,2024,10.402
gab,1945,283.32
gab,1946,282.35
gab,1947,280.56
gab,1948,277.42
gab,1949,273.44
gab,1950,268.48
gab,1951,262.12
gab,1952,254.93
gab,1953,246.89
gab,1954,238.98
gab,1955,230.96
gab,1956,222.73
gab,1957,214.79
gab,1958,206.79
gab,1959,198.95
gab,1960,191.65
gab,1961,184.64
gab,1962,177.78
gab,1963,171.07
gab,1964,164.79
gab,1965,158.72
gab,1966,153.44
gab,1967,148.04
gab,1968,143.07
gab,1969,138.41
gab,1970,134.06
gab,1971,129.85
gab,1972,125.79
gab,1973,122.12
gab,1974,118.54
gab,1975,114.96
gab,1976,111.69
gab,1977,108.56
gab,1978,105.25
gab,1979,101.98
gab,1980,98.993
gab,1981,95.850
gab,1982,92.797
gab,1983,89.826
gab,1984,86.977
gab,1985,84.545
gab,1986,82.215
gab,1987,80.188
gab,1988,78.253
gab,1989,76.586
gab,1990,75.290
gab,1991,74.108
gab,1992,73.112
gab,1993,72.316
gab,1994,71.557
gab,1995,71.061
gab,1996,70.487
gab,1997,69.776
gab,1998,69.045
gab,1999,68.187
gab,2000,66.959
gab,2001,65.527
gab,2002,63.897
gab,2003,62.111
gab,2004,60.267
gab,2005,58.161
gab,2006,56.145
gab,2007,54.553
gab,2008,52.654
gab,2009,50.854
gab,2010,49.119
gab,2011,47.050
gab,2012,45.007
gab,2013,42.926
gab,2014,40.790
gab,2015,39.036
gab,2016,37.420
gab,2017,35.490
gab,2018,33.802
gab,2019,32.061
gab,2020,30.259
gab,2021,28.243
gab,2022,26.763
gab,2023,25.223
gab,2024,23.806
gbr,1950,36.220
gbr,1951,35.446
gbr,1952,34.302
gbr,1953,32.914
gbr,1954,31.505
gbr,1955,30.179
gbr,1956,29.027
gbr,1957,28.126
gbr,1958,27.402
gbr,1959,26.867
gbr,1960,26.448
gbr,1961,26.042
gbr,1962,25.626
gbr,1963,25.097
gbr,1964,24.456
gbr,1965,23.716
gbr,1966,22.976
gbr,1967,22.340
gbr,1968,21.789
gbr,1969,21.379
gbr,1970,21.025
gbr,1971,20.637
gbr,1972,20.196
gbr,1973,19.660
gbr,1974,19.042
gbr,1975,18.349
gbr,1976,17.620
gbr,1977,16.892
gbr,1978,16.138
gbr,1979,15.384
gbr,1980,14.623
gbr,1981,13.855
gbr,1982,13.128
gbr,1983,12.453
gbr,1984,11.909
gbr,1985,11.482
gbr,1986,11.152
gbr,1987,10.883
gbr,1988,10.558
gbr,1989,10.156
gbr,1990,9.6742
gbr,1991,9.1224
gbr,1992,8.5456
gbr,1993,7.9964
gbr,1994,7.5718
gbr,1995,7.2647
gbr,1996,7.0430
gbr,1997,6.8872
gbr,1998,6.7539
gbr,1999,6.6398
gbr,2000,6.5278
gbr,2001,6.4196
gbr,2002,6.3232
gbr,2003,6.2223
gbr,2004,6.1321
gbr,2005,6.0317
gbr,2006,5.9189
gbr,2007,5.7920
gbr,2008,5.6408
gbr,2009,5.4660
gbr,2010,5.2747
gbr,2011,5.0734
gbr,2012,4.8778
gbr,2013,4.6956
gbr,2014,4.5527
gbr,2015,4.4457
gbr,2016,4.3708
gbr,2017,4.3273
gbr,2018,4.2991
gbr,2019,4.2872
gbr,2020,4.2906
gbr,2021,4.3012
gbr,2022,4.2964
gbr,2023,4.2389
gbr,2024,4.1211
geo,1976,46.648
geo,1977,47.330
geo,1978,47.768
geo,1979,47.981
geo,1980,47.795
geo,1981,47.331
geo,1982,46.736
geo,1983,45.921
geo,1984,45.139
geo,1985,44.389
geo,1986,43.804
geo,1987,43.267
geo,1988,42.899
geo,1989,42.714
geo,1990,42.622
geo,1991,42.454
geo,1992,42.217
geo,1993,41.827
geo,1994,41.322
geo,1995,40.727
geo,1996,39.901
geo,1997,38.922
geo,1998,37.585
geo,1999,35.943
geo,2000,34.158
geo,2001,32.118
geo,2002,30.003
geo,2003,27.820
geo,2004,25.665
geo,2005,23.582
geo,2006,21.588
geo,2007,19.690
geo,2008,17.852
geo,2009,16.153
geo,2010,14.615
geo,2011,13.279
geo,2012,12.186
geo,2013,11.327
geo,2014,10.678
geo,2015,10.191
geo,2016,9.8368
geo,2017,9.5821
geo,2018,9.3922
geo,2019,9.2222
geo,2020,9.0419
geo,2021,8.8053
geo,2022,8.4748
geo,2023,8.0755
geo,2024,7.6449
gha,1933,278.33
gha,1934,284.66
gha,1935,289.19
gha,1936,291.59
gha,1937,291.07
gha,1938,289.09
gha,1939,285.69
gha,1940,280.08
gha,1941,274.35
gha,1942,267.88
gha,1943,261.23
gha,1944,255.36
gha,1945,249.69
gha,1946,244.69
gha,1947,239.63
gha,1948,234.80
gha,1949,230.03
gha,1950,225.51
gha,1951,220.93
gha,1952,216.31
gha,1953,211.81
gha,1954,207.69
gha,1955,203.73
gha,1956,199.78
gha,1957,196.03
gha,1958,192.99
gha,1959,190.68
gha,1960,188.41
gha,1961,186.84
gha,1962,185.90
gha,1963,185.65
gha,1964,185.82
gha,1965,186.75
gha,1966,188.18
gha,1967,190.12
gha,1968,192.62
gha,1969,194.78
gha,1970,195.80
gha,1971,195.02
gha,1972,193.22
gha,1973,190.98
gha,1974,188.39
gha,1975,184.83
gha,1976,180.36
gha,1977,174.78
gha,1978,169.28
gha,1979,164.42
gha,1980,160.68
gha,1981,158.38
gha,1982,156.71
gha,1983,155.13
gha,1984,153.27
gha,1985,150.58
gha,1986,146.78
gha,1987,142.00
gha,1988,136.49
gha,1989,130.76
gha,1990,125.32
gha,1991,120.58
gha,1992,116.63
gha,1993,113.62
gha,1994,111.53
gha,1995,109.82
gha,1996,108.40
gha,1997,106.77
gha,1998,104.66
gha,1999,101.86
gha,2000,98.523
gha,2001,94.728
gha,2002,90.677
gha,2003,86.880
gha,2004,83.449
gha,2005,80.304
gha,2006,77.426
gha,2007,74.577
gha,2008,71.721
gha,2009,68.693
gha,2010,65.475
gha,2011,62.248
gha,2012,59.010
gha,2013,56.036
gha,2014,53.259
gha,2015,50.653
gha,2016,48.269
gha,2017,45.940
gha,2018,43.646
gha,2019,41.280
gha,2020,38.776
gha,2021,36.272
gha,2022,33.873
gha,2023,31.659
gha,2024,29.524
gin,1938,276.13
gin,1939,283.08
gin,1940,289.60
gin,1941,295.65
gin,1942,300.75
gin,1943,305.23
gin,1944,309.36
gin,1945,311.64
gin,1946,313.88
gin,1947,315.31
gin,1948,316.43
gin,1949,316.85
gin,1950,316.57
gin,1951,316.43
gin,1952,316.32
gin,1953,315.38
gin,1954,314.33
gin,1955,313.30
gin,1956,311.47
gin,1957,309.23
gin,1958,307.02
gin,1959,304.63
gin,1960,302.49
gin,1961,300.31
gin,1962,297.38
gin,1963,295.22
gin,1964,292.75
gin,1965,290.37
gin,1966,289.37
gin,1967,287.98
gin,1968,286.88
gin,1969,286.26
gin,1970,285.34
gin,1971,284.52
gin,1972,283.51
gin,1973,282.71
gin,1974,281.57
gin,1975,279.58
gin,1976,277.06
gin,1977,274.24
gin,1978,270.99
gin,1979,267.49
gin,1980,263.30
gin,1981,259.08
gin,1982,255.13
gin,1983,251.24
gin,1984,247.27
gin,1985,243.33
gin,1986,239.23
gin,1987,235.23
gin,1988,231.22
gin,1989,227.16
gin,1990,222.76
gin,1991,217.77
gin,1992,212.27
gin,1993,206.35
gin,1994,200.12
gin,1995,193.58
gin,1996,187.12
gin,1997,180.48
gin,1998,174.02
gin,1999,167.47
gin,2000,160.86
gin,2001,154.27
gin,2002,147.76
gin,2003,141.52
gin,2004,136.01
gin,2005,130.93
gin,2006,126.56
gin,2007,122.64
gin,2008,119.42
gin,2009,116.74
gin,2010,114.48
gin,2011,112.30
gin,2012,110.34
gin,2013,108.44
gin,2014,106.39
gin,2015,104.84
gin,2016,102.75
gin,2017,99.768
gin,2018,97.220
gin,2019,94.434
gin,2020,91.167
gin,2021,87.014
gin,2022,82.588
gin,2023,77.954
gin,2024,73.391
gmb,1957,312.23
gmb,1958,313.41
gmb,1959,313.38
gmb,1960,312.36
gmb,1961,310.60
gmb,1962,308.12
gmb,1963,304.79
gmb,1964,300.36
gmb,1965,295.62
gmb,1966,289.83
gmb,1967,284.57
gmb,1968,279.06
gmb,1969,273.19
gmb,1970,267.30
gmb,1971,261.25
gmb,1972,255.20
gmb,1973,249.14
gmb,1974,243.17
gmb,1975,237.08
gmb,1976,231.16
gmb,1977,225.25
gmb,1978,219.65
gmb,1979,214.21
gmb,1980,208.76
gmb,1981,203.52
gmb,1982,198.12
gmb,1983,192.52
gmb,1984,187.13
gmb,1985,181.63
gmb,1986,176.29
gmb,1987,170.85
gmb,1988,165.62
gmb,1989,160.56
gmb,1990,155.61
gmb,1991,150.77
gmb,1992,146.03
gmb,1993,141.36
gmb,1994,136.58
gmb,1995,131.68
gmb,1996,126.84
gmb,1997,121.96
gmb,1998,117.15
gmb,1999,112.45
gmb,2000,107.77
gmb,2001,103.31
gmb,2002,98.997
gmb,2003,94.653
gmb,2004,90.412
gmb,2005,86.301
gmb,2006,82.387
gmb,2007,78.579
gmb,2008,74.986
gmb,2009,71.582
gmb,2010,68.297
gmb,2011,65.232
gmb,2012,62.157
gmb,2013,59.375
gmb,2014,56.625
gmb,2015,54.060
gmb,2016,51.445
gmb,2017,48.821
gmb,2018,46.364
gmb,2019,43.962
gmb,2020,41.618
gmb,2021,39.368
gmb,2022,37.011
gmb,2023,34.621
gmb,2024,32.377
gnb,1986,201.15
gnb,1987,202.74
gnb,1988,204.10
gnb,1989,203.34
gnb,1990,201.52
gnb,1991,198.86
gnb,1992,195.70
gnb,1993,192.10
gnb,1994,188.37
gnb,1995,184.41
gnb,1996,180.11
gnb,1997,175.59
gnb,1998,170.95
gnb,1999,166.03
gnb,2000,161.15
gnb,2001,156.14
gnb,2002,151.05
gnb,2003,145.47
gnb,2004,139.72
gnb,2005,133.95
gnb,2006,127.82
gnb,2007,121.56
gnb,2008,114.94
gnb,2009,108.39
gnb,2010,101.44
gnb,2011,94.499
gnb,2012,87.746
gnb,2013,81.344
gnb,2014,75.662
gnb,2015,70.333
gnb,2016,65.537
gnb,2017,61.275
gnb,2018,57.316
gnb,2019,53.699
gnb,2020,50.534
gnb,2021,47.266
gnb,2022,44.391
gnb,2023,41.696
gnb,2024,39.175
gnq,1983,161.57
gnq,1984,162.28
gnq,1985,162.64
gnq,1986,161.99
gnq,1987,160.99
gnq,1988,159.62
gnq,1989,158.55
gnq,1990,158.11
gnq,1991,157.89
gnq,1992,157.74
gnq,1993,157.67
gnq,1994,157.25
gnq,1995,156.54
gnq,1996,155.22
gnq,1997,153.20
gnq,1998,150.59
gnq,1999,147.44
gnq,2000,143.95
gnq,2001,140.06
gnq,2002,135.56
gnq,2003,130.78
gnq,2004,125.91
gnq,2005,120.65
gnq,2006,115.32
gnq,2007,109.99
gnq,2008,104.46
gnq,2009,98.750
gnq,2010,93.176
gnq,2011,87.413
gnq,2012,82.013
gnq,2013,77.267
gnq,2014,72.270
gnq,2015,67.670
gnq,2016,63.336
gnq,2017,59.270
gnq,2018,55.505
gnq,2019,52.002
gnq,2020,48.843
gnq,2021,45.881
gnq,2022,43.005
gnq,2023,40.526
gnq,2024,38.228
grc,1952,49.903
grc,1953,50.303
grc,1954,50.226
grc,1955,49.848
grc,1956,49.343
grc,1957,48.839
grc,1958,48.147
grc,1959,47.270
grc,1960,46.255
grc,1961,45.221
grc,1962,44.244
grc,1963,43.024
grc,1964,41.663
grc,1965,40.167
grc,1966,38.880
grc,1967,37.842
grc,1968,36.466
grc,1969,34.687
grc,1970,32.622
grc,1971,30.580
grc,1972,28.931
grc,1973,27.722
grc,1974,27.008
grc,1975,26.421
grc,1976,25.624
grc,1977,24.576
grc,1978,23.275
grc,1979,21.905
grc,1980,20.510
grc,1981,19.138
grc,1982,17.888
grc,1983,16.754
grc,1984,15.880
grc,1985,15.094
grc,1986,14.262
grc,1987,13.383
grc,1988,12.466
grc,1989,11.619
grc,1990,10.850
grc,1991,10.193
grc,1992,9.6693
grc,1993,9.2271
grc,1994,8.8779
grc,1995,8.5652
grc,1996,8.2388
grc,1997,7.8965
grc,1998,7.5045
grc,1999,7.0924
grc,2000,6.6594
grc,2001,6.2210
grc,2002,5.8003
grc,2003,5.3969
grc,2004,5.0369
grc,2005,4.7091
grc,2006,4.4186
grc,2007,4.1787
grc,2008,3.9915
grc,2009,3.8768
grc,2010,3.8175
grc,2011,3.8065
grc,2012,3.8354
grc,2013,3.8931
grc,2014,3.9922
grc,2015,4.0868
grc,2016,4.1409
grc,2017,4.1489
grc,2018,4.1081
grc,2019,4.0331
grc,2020,3.9262
grc,2021,3.7797
grc,2022,3.6018
grc,2023,3.3966
grc,2024,3.1757
grd,1950,135.40
grd,1951,134.82
grd,1952,132.68
grd,1953,129.42
grd,1954,125.25
grd,1955,120.70
grd,1956,115.99
grd,1957,111.27
grd,1958,106.36
grd,1959,101.23
grd,1960,95.709
grd,1961,89.671
grd,1962,83.392
grd,1963,76.982
grd,1964,70.759
grd,1965,65.199
grd,1966,60.175
grd,1967,55.883
grd,1968,52.326
grd,1969,49.206
grd,1970,46.591
grd,1971,44.441
grd,1972,42.599
grd,1973,41.054
grd,1974,39.671
grd,1975,38.611
grd,1976,37.609
grd,1977,36.630
grd,1978,35.643
grd,1979,34.549
grd,1980,33.332
grd,1981,32.044
grd,1982,30.681
grd,1983,29.396
grd,1984,28.105
grd,1985,26.903
grd,1986,25.808
grd,1987,24.772
grd,1988,23.782
grd,1989,22.811
grd,1990,21.821
grd,1991,20.887
grd,1992,19.888
grd,1993,18.937
grd,1994,18.059
grd,1995,17.261
grd,1996,16.555
grd,1997,15.930
grd,1998,15.385
grd,1999,14.919
grd,2000,14.524
grd,2001,14.173
grd,2002,13.909
grd,2003,13.734
grd,2004,13.601
grd,2005,13.528
grd,2006,13.488
grd,2007,13.508
grd,2008,13.598
grd,2009,13.727
grd,2010,13.923
grd,2011,14.213
grd,2012,14.541
grd,2013,14.887
grd,2014,15.281
grd,2015,15.640
grd,2016,15.972
grd,2017,16.214
grd,2018,16.361
grd,2019,16.361
grd,2020,16.250
grd,2021,15.970
grd,2022,15.568
grd,2023,14.999
grd,2024,14.319
gtm,1958,197.71
gtm,1959,196.93
gtm,1960,195.82
gtm,1961,194.56
gtm,1962,192.69
gtm,1963,190.11
gtm,1964,187.26
gtm,1965,184.16
gtm,1966,180.47
gtm,1967,176.65
gtm,1968,172.41
gtm,1969,168.11
gtm,1970,163.66
gtm,1971,159.21
gtm,1972,154.69
gtm,1973,150.17
gtm,1974,145.55
gtm,1975,141.01
gtm,1976,136.44
gtm,1977,154.37
gtm,1978,127.38
gtm,1979,122.98
gtm,1980,118.62
gtm,1981,114.35
gtm,1982,110.08
gtm,1983,126.96
gtm,1984,101.81
gtm,1985,97.827
gtm,1986,93.885
gtm,1987,90.001
gtm,1988,86.110
gtm,1989,82.397
gtm,1990,78.752
gtm,1991,75.250
gtm,1992,71.912
gtm,1993,68.733
gtm,1994,65.620
gtm,1995,62.638
gtm,1996,59.823
gtm,1997,57.198
gtm,1998,54.705
gtm,1999,52.351
gtm,2000,50.129
gtm,2001,48.031
gtm,2002,46.037
gtm,2003,44.109
gtm,2004,42.331
gtm,2005,40.672
gtm,2006,38.976
gtm,2007,37.336
gtm,2008,35.728
gtm,2009,34.154
gtm,2010,32.572
gtm,2011,31.062
gtm,2012,29.596
gtm,2013,28.116
gtm,2014,26.727
gtm,2015,25.356
gtm,2016,24.079
gtm,2017,22.835
gtm,2018,21.572
gtm,2019,20.302
gtm,2020,19.050
gtm,2021,17.826
gtm,2022,16.695
gtm,2023,15.656
gtm,2024,14.690
guy,1950,127.61
guy,1951,124.25
guy,1952,120.20
guy,1953,115.73
guy,1954,111.23
guy,1955,106.33
guy,1956,101.26
guy,1957,95.939
guy,1958,91.018
guy,1959,86.387
guy,1960,82.127
guy,1961,78.207
guy,1962,74.939
guy,1963,72.132
guy,1964,69.711
guy,1965,67.876
guy,1966,66.410
guy,1967,65.312
guy,1968,64.602
guy,1969,64.043
guy,1970,63.755
guy,1971,63.643
guy,1972,63.559
guy,1973,63.561
guy,1974,63.515
guy,1975,63.389
guy,1976,63.174
guy,1977,62.960
guy,1978,62.610
guy,1979,62.293
guy,1980,61.807
guy,1981,61.455
guy,1982,61.060
guy,1983,60.724
guy,1984,60.271
guy,1985,59.875
guy,1986,59.313
guy,1987,58.753
guy,1988,58.008
guy,1989,57.063
guy,1990,56.084
guy,1991,54.913
guy,1992,53.600
guy,1993,52.319
guy,1994,50.925
guy,1995,49.519
guy,1996,48.172
guy,1997,46.812
guy,1998,45.563
guy,1999,44.272
guy,2000,42.968
guy,2001,41.758
guy,2002,40.558
guy,2003,39.362
guy,2004,38.243
guy,2005,37.171
guy,2006,36.073
guy,2007,34.892
guy,2008,33.607
guy,2009,32.309
guy,2010,31.011
guy,2011,29.589
guy,2012,28.211
guy,2013,26.884
guy,2014,25.502
guy,2015,24.268
guy,2016,23.017
guy,2017,21.764
guy,2018,20.554
guy,2019,19.494
guy,2020,18.335
guy,2021,17.315
guy,2022,16.303
guy,2023,15.355
guy,2024,14.459
hnd,1957,193.91
hnd,1958,192.01
hnd,1959,189.60
hnd,1960,187.06
hnd,1961,183.87
hnd,1962,180.18
hnd,1963,175.94
hnd,1964,171.50
hnd,1965,166.63
hnd,1966,161.42
hnd,1967,155.96
hnd,1968,150.60
hnd,1969,145.08
hnd,1970,139.76
hnd,1971,134.27
hnd,1972,129.03
hnd,1973,123.95
hnd,1974,118.88
hnd,1975,136.78
hnd,1976,109.13
hnd,1977,104.57
hnd,1978,100.04
hnd,1979,95.687
hnd,1980,91.434
hnd,1981,87.248
hnd,1982,83.297
hnd,1983,79.402
hnd,1984,75.675
hnd,1985,71.985
hnd,1986,68.611
hnd,1987,65.276
hnd,1988,62.151
hnd,1989,59.223
hnd,1990,56.384
hnd,1991,53.735
hnd,1992,51.242
hnd,1993,48.944
hnd,1994,46.778
hnd,1995,44.748
hnd,1996,42.852
hnd,1997,41.061
hnd,1998,39.342
hnd,1999,59.942
hnd,2000,35.973
hnd,2001,34.374
hnd,2002,32.847
hnd,2003,31.335
hnd,2004,29.895
hnd,2005,28.543
hnd,2006,27.243
hnd,2007,26.085
hnd,2008,24.958
hnd,2009,23.902
hnd,2010,22.897
hnd,2011,21.938
hnd,2012,20.980
hnd,2013,20.052
hnd,2014,19.159
hnd,2015,18.261
hnd,2016,17.380
hnd,2017,16.540
hnd,2018,15.739
hnd,2019,15.013
hnd,2020,14.266
hnd,2021,13.447
hnd,2022,12.653
hnd,2023,11.916
hnd,2024,11.193
hrv,1982,20.528
hrv,1983,20.184
hrv,1984,19.550
hrv,1985,18.647
hrv,1986,17.612
hrv,1987,16.553
hrv,1988,15.480
hrv,1989,14.418
hrv,1990,13.382
hrv,1991,12.484
hrv,1992,13.494
hrv,1993,11.083
hrv,1994,10.550
hrv,1995,10.087
hrv,1996,9.6954
hrv,1997,9.3369
hrv,1998,8.9973
hrv,1999,8.6799
hrv,2000,8.3643
hrv,2001,8.0523
hrv,2002,7.7366
hrv,2003,7.4170
hrv,2004,7.8345
hrv,2005,6.7875
hrv,2006,6.4814
hrv,2007,6.1896
hrv,2008,5.9154
hrv,2009,5.6627
hrv,2010,5.4312
hrv,2011,5.2286
hrv,2012,5.0613
hrv,2013,4.9314
hrv,2014,4.8371
hrv,2015,4.7610
hrv,2016,4.7019
hrv,2017,4.6470
hrv,2018,4.5979
hrv,2019,4.5483
hrv,2020,4.4972
hrv,2021,4.4447
hrv,2022,4.3821
hrv,2023,4.3027
hrv,2024,4.1977
hti,1957,262.97
hti,1958,262.12
hti,1959,260.82
hti,1960,259.04
hti,1961,256.88
hti,1962,254.87
hti,1963,252.12
hti,1964,249.39
hti,1965,246.20
hti,1966,243.00
hti,1967,239.80
hti,1968,236.32
hti,1969,232.69
hti,1970,228.53
hti,1971,224.48
hti,1972,220.07
hti,1973,215.54
hti,1974,210.93
hti,1975,206.12
hti,1976,201.16
hti,1977,196.06
hti,1978,191.04
hti,1979,186.32
hti,1980,181.62
hti,1981,177.01
hti,1982,172.31
hti,1983,167.87
hti,1984,163.46
hti,1985,159.09
hti,1986,154.89
hti,1987,150.74
hti,1988,146.72
hti,1989,142.76
hti,1990,138.83
hti,1991,134.97
hti,1992,131.16
hti,1993,127.30
hti,1994,123.32
hti,1995,119.25
hti,1996,115.12
hti,1997,111.02
hti,1998,106.95
hti,1999,103.02
hti,2000,99.141
hti,2001,95.413
hti,2002,92.002
hti,2003,88.918
hti,2004,86.183
hti,2005,83.858
hti,2006,81.727
hti,2007,79.573
hti,2008,77.490
hti,2009,75.258
hti,2010,73.008
hti,2011,122.08
hti,2012,68.570
hti,2013,66.179
hti,2014,63.832
hti,2015,61.515
hti,2016,59.144
hti,2017,56.387
hti,2018,53.495
hti,2019,50.479
hti,2020,47.335
hti,2021,44.352
hti,2022,41.640
hti,2023,38.994
hti,2024,36.422
hun,1950,92.165
hun,1951,88.371
hun,1952,83.110
hun,1953,76.975
hun,1954,71.389
hun,1955,67.394
hun,1956,65.384
hun,1957,64.064
hun,1958,61.896
hun,1959,59.061
hun,1960,55.771
hun,1961,52.931
hun,1962,50.417
hun,1963,48.238
hun,1964,46.510
hun,1965,44.885
hun,1966,43.562
hun,1967,42.312
hun,1968,41.054
hun,1969,39.954
hun,1970,38.838
hun,1971,38.002
hun,1972,37.377
hun,1973,37.297
hun,1974,37.549
hun,1975,36.719
hun,1976,34.621
hun,1977,31.555
hun,1978,28.547
hun,1979,26.411
hun,1980,24.631
hun,1981,23.177
hun,1982,22.050
hun,1983,21.461
hun,1984,21.498
hun,1985,21.429
hun,1986,21.023
hun,1987,20.225
hun,1988,19.195
hun,1989,18.238
hun,1990,17.375
hun,1991,16.796
hun,1992,16.165
hun,1993,15.282
hun,1994,14.190
hun,1995,13.039
hun,1996,12.214
hun,1997,11.644
hun,1998,11.193
hun,1999,10.807
hun,2000,10.350
hun,2001,9.8446
hun,2002,9.2809
hun,2003,8.6963
hun,2004,8.1880
hun,2005,7.7111
hun,2006,7.3175
hun,2007,6.9589
hun,2008,6.6219
hun,2009,6.3115
hun,2010,6.0187
hun,2011,5.8220
hun,2012,5.6759
hun,2013,5.5320
hun,2014,5.3686
hun,2015,5.1420
hun,2016,4.8698
hun,2017,4.5652
hun,2018,4.2893
hun,2019,4.1002
hun,2020,3.9626
hun,2021,3.8713
hun,2022,3.8000
hun,2023,3.7048
hun,2024,3.5321
idn,1952,256.13
idn,1953,251.43
idn,1954,246.25
idn,1955,240.55
idn,1956,235.12
idn,1957,229.46
idn,1958,223.84
idn,1959,218.16
idn,1960,212.65
idn,1961,207.44
idn,1962,202.37
idn,1963,197.52
idn,1964,192.67
idn,1965,187.82
idn,1966,215.02
idn,1967,177.70
idn,1968,172.49
idn,1969,167.31
idn,1970,162.08
idn,1971,156.88
idn,1972,151.76
idn,1973,146.91
idn,1974,142.37
idn,1975,137.92
idn,1976,133.56
idn,1977,129.47
idn,1978,125.63
idn,1979,121.98
idn,1980,118.48
idn,1981,114.93
idn,1982,111.43
idn,1983,108.02
idn,1984,104.54
idn,1985,101.09
idn,1986,97.612
idn,1987,94.096
idn,1988,90.602
idn,1989,87.100
idn,1990,83.564
idn,1991,79.969
idn,1992,76.399
idn,1993,72.911
idn,1994,69.462
idn,1995,66.156
idn,1996,62.998
idn,1997,59.948
idn,1998,57.042
idn,1999,54.321
idn,2000,51.718
idn,2001,49.293
idn,2002,47.008
idn,2003,44.803
idn,2004,42.726
idn,2005,46.362
idn,2006,38.958
idn,2007,37.228
idn,2008,35.604
idn,2009,34.052
idn,2010,32.552
idn,2011,31.111
idn,2012,29.725
idn,2013,28.375
idn,2014,27.070
idn,2015,25.769
idn,2016,24.513
idn,2017,23.312
idn,2018,22.185
idn,2019,21.004
idn,2020,19.794
idn,2021,18.603
idn,2022,17.443
idn,2023,16.306
idn,2024,15.221
ind,1954,225.73
ind,1955,226.03
ind,1956,226.08
ind,1957,225.33
ind,1958,224.40
ind,1959,223.08
ind,1960,221.43
ind,1961,219.63
ind,1962,217.79
ind,1963,215.89
ind,1964,214.09
ind,1965,212.85
ind,1966,211.57
ind,1967,210.42
ind,1968,209.27
ind,1969,207.91
ind,1970,206.14
ind,1971,203.92
ind,1972,201.51
ind,1973,198.71
ind,1974,195.53
ind,1975,191.83
ind,1976,187.77
ind,1977,183.24
ind,1978,178.29
ind,1979,173.25
ind,1980,167.89
ind,1981,162.72
ind,1982,157.70
ind,1983,153.11
ind,1984,148.79
ind,1985,144.82
ind,1986,141.02
ind,1987,137.26
ind,1988,133.41
ind,1989,129.51
ind,1990,125.76
ind,1991,122.17
ind,1992,118.69
ind,1993,115.40
ind,1994,112.20
ind,1995,108.99
ind,1996,105.65
ind,1997,102.30
ind,1998,98.855
ind,1999,95.319
ind,2000,91.762
ind,2001,88.249
ind,2002,84.669
ind,2003,81.226
ind,2004,77.860
ind,2005,74.512
ind,2006,71.237
ind,2007,67.992
ind,2008,64.797
ind,2009,61.657
ind,2010,58.533
ind,2011,55.514
ind,2012,52.537
ind,2013,49.616
ind,2014,46.775
ind,2015,44.025
ind,2016,41.420
ind,2017,38.905
ind,2018,36.467
ind,2019,34.114
ind,2020,31.787
ind,2021,29.560
ind,2022,27.548
ind,2023,25.674
ind,2024,23.852
irl,1950,52.597
irl,1951,52.319
irl,1952,50.749
irl,1953,48.486
irl,1954,46.102
irl,1955,43.960
irl,1956,42.017
irl,1957,40.317
irl,1958,38.947
irl,1959,37.530
irl,1960,36.066
irl,1961,34.515
irl,1962,33.064
irl,1963,31.865
irl,1964,30.651
irl,1965,29.430
irl,1966,28.057
irl,1967,26.526
irl,1968,24.969
irl,1969,23.500
irl,1970,22.438
irl,1971,21.719
irl,1972,21.241
irl,1973,20.955
irl,1974,20.611
irl,1975,20.167
irl,1976,19.503
irl,1977,18.646
irl,1978,17.647
irl,1979,16.454
irl,1980,15.178
irl,1981,13.907
irl,1982,12.826
irl,1983,12.017
irl,1984,11.349
irl,1985,10.816
irl,1986,10.378
irl,1987,10.056
irl,1988,9.8462
irl,1989,9.5983
irl,1990,9.2761
irl,1991,8.8549
irl,1992,8.3529
irl,1993,7.8126
irl,1994,7.3236
irl,1995,7.0617
irl,1996,6.9852
irl,1997,6.9942
irl,1998,7.0391
irl,1999,7.0547
irl,2000,7.0205
irl,2001,6.8804
irl,2002,6.6207
irl,2003,6.2549
irl,2004,5.8127
irl,2005,5.3682
irl,2006,4.9558
irl,2007,4.6397
irl,2008,4.4192
irl,2009,4.2518
irl,2010,4.1212
irl,2011,4.0012
irl,2012,3.8924
irl,2013,3.7992
irl,2014,3.7009
irl,2015,3.6036
irl,2016,3.4982
irl,2017,3.3929
irl,2018,3.3066
irl,2019,3.2449
irl,2020,3.2507
irl,2021,3.3100
irl,2022,3.3731
irl,2023,3.4032
irl,2024,3.3712
irn,1972,159.05
irn,1973,155.15
irn,1974,149.98
irn,1975,144.26
irn,1976,137.61
irn,1977,130.70
irn,1978,122.85
irn,1979,114.74
irn,1980,106.58
irn,1981,98.550
irn,1982,91.211
irn,1983,84.767
irn,1984,79.105
irn,1985,74.159
irn,1986,69.806
irn,1987,65.948
irn,1988,62.427
irn,1989,58.958
irn,1990,55.716
irn,1991,52.791
irn,1992,50.166
irn,1993,47.888
irn,1994,45.837
irn,1995,43.982
irn,1996,42.192
irn,1997,40.474
irn,1998,38.675
irn,1999,36.788
irn,2000,34.840
irn,2001,32.816
irn,2002,30.805
irn,2003,28.903
irn,2004,27.079
irn,2005,25.339
irn,2006,23.761
irn,2007,22.279
irn,2008,20.798
irn,2009,19.227
irn,2010,17.700
irn,2011,16.328
irn,2012,15.084
irn,2013,13.953
irn,2014,12.888
irn,2015,11.980
irn,2016,11.105
irn,2017,10.379
irn,2018,9.6529
irn,2019,8.9572
irn,2020,8.3150
irn,2021,7.7638
irn,2022,7.2941
irn,2023,6.8450
irn,2024,6.4423
irq,1943,451.37
irq,1944,436.03
irq,1945,419.41
irq,1946,402.18
irq,1947,383.89
irq,1948,365.70
irq,1949,346.83
irq,1950,328.62
irq,1951,309.86
irq,1952,291.87
irq,1953,273.98
irq,1954,257.55
irq,1955,241.31
irq,1956,226.68
irq,1957,212.56
irq,1958,199.69
irq,1959,187.49
irq,1960,176.64
irq,1961,166.68
irq,1962,157.35
irq,1963,148.89
irq,1964,141.03
irq,1965,133.95
irq,1966,127.68
irq,1967,121.69
irq,1968,116.04
irq,1969,110.82
irq,1970,105.86
irq,1971,101.11
irq,1972,96.746
irq,1973,92.454
irq,1974,88.398
irq,1975,84.559
irq,1976,80.847
irq,1977,77.259
irq,1978,73.975
irq,1979,70.944
irq,1980,68.066
irq,1981,65.465
irq,1982,62.955
irq,1983,60.751
irq,1984,58.677
irq,1985,56.846
irq,1986,55.135
irq,1987,53.567
irq,1988,52.155
irq,1989,62.801
irq,1990,73.816
irq,1991,72.654
irq,1992,59.180
irq,1993,47.262
irq,1994,46.383
irq,1995,45.541
irq,1996,44.701
irq,1997,43.818
irq,1998,42.956
irq,1999,42.066
irq,2000,41.128
irq,2001,40.206
irq,2002,39.312
irq,2003,38.459
irq,2004,37.568
irq,2005,36.669
irq,2006,35.730
irq,2007,34.774
irq,2008,33.810
irq,2009,32.751
irq,2010,31.654
irq,2011,30.591
irq,2012,29.452
irq,2013,28.276
irq,2014,27.086
irq,2015,25.885
irq,2016,24.644
irq,2017,23.385
irq,2018,22.162
irq,2019,20.986
irq,2020,19.849
irq,2021,18.839
irq,2022,17.797
irq,2023,16.723
irq,2024,15.794
isl,1950,28.339
isl,1951,27.728
isl,1952,26.942
isl,1953,25.950
isl,1954,24.963
isl,1955,23.962
isl,1956,23.041
isl,1957,22.255
isl,1958,21.594
isl,1959,21.060
isl,1960,20.625
isl,1961,20.252
isl,1962,19.907
isl,1963,19.548
isl,1964,19.120
isl,1965,18.616
isl,1966,18.058
isl,1967,17.434
isl,1968,16.792
isl,1969,16.161
isl,1970,15.532
isl,1971,14.931
isl,1972,14.357
isl,1973,13.758
isl,1974,13.163
isl,1975,12.558
isl,1976,11.960
isl,1977,11.334
isl,1978,10.699
isl,1979,10.082
isl,1980,9.4962
isl,1981,8.9410
isl,1982,8.4356
isl,1983,7.9634
isl,1984,7.5604
isl,1985,7.2072
isl,1986,6.9018
isl,1987,6.6279
isl,1988,6.3842
isl,1989,6.1556
isl,1990,5.9416
isl,1991,5.7308
isl,1992,5.5192
isl,1993,5.3133
isl,1994,5.1124
isl,1995,4.9079
isl,1996,4.6942
isl,1997,4.4707
isl,1998,4.2418
isl,1999,4.0208
isl,2000,3.8011
isl,2001,3.5857
isl,2002,3.3887
isl,2003,3.2023
isl,2004,3.0336
isl,2005,2.8799
isl,2006,2.7483
isl,2007,2.6371
isl,2008,2.5408
isl,2009,2.4678
isl,2010,2.4119
isl,2011,2.3675
isl,2012,2.3338
isl,2013,2.3118
isl,2014,2.2957
isl,2015,2.2896
isl,2016,2.2922
isl,2017,2.2925
isl,2018,2.2970
isl,2019,2.2811
isl,2020,2.2521
isl,2021,2.2009
isl,2022,2.1300
isl,2023,2.0406
isl,2024,1.9428
isr,1953,58.415
isr,1954,57.908
isr,1955,56.869
isr,1956,55.390
isr,1957,53.416
isr,1958,51.273
isr,1959,49.001
isr,1960,46.722
isr,1961,44.546
isr,1962,42.370
isr,1963,40.292
isr,1964,38.283
isr,1965,36.365
isr,1966,34.605
isr,1967,32.930
isr,1968,31.403
isr,1969,30.105
isr,1970,29.050
isr,1971,28.300
isr,1972,27.636
isr,1973,27.028
isr,1974,26.246
isr,1975,25.223
isr,1976,24.045
isr,1977,22.793
isr,1978,21.439
isr,1979,20.053
isr,1980,18.800
isr,1981,17.829
isr,1982,17.027
isr,1983,16.283
isr,1984,15.569
isr,1985,14.863
isr,1986,14.163
isr,1987,13.465
isr,1988,12.832
isr,1989,12.310
isr,1990,11.808
isr,1991,11.297
isr,1992,10.757
isr,1993,10.201
isr,1994,9.6264
isr,1995,9.0308
isr,1996,8.4842
isr,1997,8.0213
isr,1998,7.6278
isr,1999,7.3008
isr,2000,7.0082
isr,2001,6.7369
isr,2002,6.4713
isr,2003,6.2073
isr,2004,5.9489
isr,2005,5.6896
isr,2006,5.4374
isr,2007,5.2032
isr,2008,4.9872
isr,2009,4.7930
isr,2010,4.6137
isr,2011,4.4512
isr,2012,4.3030
isr,2013,4.1639
isr,2014,4.0394
isr,2015,3.9241
isr,2016,3.8250
isr,2017,3.7319
isr,2018,3.6435
isr,2019,3.5579
isr,2020,3.4793
isr,2021,3.4190
isr,2022,3.3677
isr,2023,3.3073
isr,2024,3.2332
ita,1951,83.854
ita,1952,78.915
ita,1953,73.656
ita,1954,68.381
ita,1955,63.867
ita,1956,60.626
ita,1957,58.304
ita,1958,56.361
ita,1959,54.612
ita,1960,52.820
ita,1961,50.932
ita,1962,48.865
ita,1963,46.681
ita,1964,44.478
ita,1965,42.291
ita,1966,40.326
ita,1967,38.553
ita,1968,37.026
ita,1969,35.734
ita,1970,34.383
ita,1971,32.922
ita,1972,31.192
ita,1973,29.197
ita,1974,27.027
ita,1975,24.774
ita,1976,22.636
ita,1977,20.715
ita,1978,19.082
ita,1979,17.784
ita,1980,16.691
ita,1981,15.754
ita,1982,14.892
ita,1983,14.047
ita,1984,13.232
ita,1985,12.451
ita,1986,11.755
ita,1987,11.140
ita,1988,10.606
ita,1989,10.170
ita,1990,9.7937
ita,1991,9.4723
ita,1992,9.1396
ita,1993,8.7504
ita,1994,8.2988
ita,1995,7.8059
ita,1996,7.3372
ita,1997,6.8957
ita,1998,6.4813
ita,1999,6.1034
ita,2000,5.7558
ita,2001,5.4593
ita,2002,5.1998
ita,2003,4.9583
ita,2004,4.7410
ita,2005,4.5414
ita,2006,4.3832
ita,2007,4.2549
ita,2008,4.1480
ita,2009,4.0635
ita,2010,3.9770
ita,2011,3.8888
ita,2012,3.7957
ita,2013,3.7016
ita,2014,3.6135
ita,2015,3.5263
ita,2016,3.4423
ita,2017,3.3506
ita,2018,3.2467
ita,2019,3.1320
ita,2020,3.0119
ita,2021,2.9084
ita,2022,2.8189
ita,2023,2.7410
ita,2024,2.6544
jam,1953,100.36
jam,1954,97.535
jam,1955,94.194
jam,1956,90.743
jam,1957,87.022
jam,1958,83.329
jam,1959,79.542
jam,1960,75.840
jam,1961,72.355
jam,1962,68.935
jam,1963,65.995
jam,1964,63.254
jam,1965,60.841
jam,1966,58.651
jam,1967,56.587
jam,1968,54.752
jam,1969,52.917
jam,1970,51.068
jam,1971,49.094
jam,1972,46.950
jam,1973,44.821
jam,1974,42.623
jam,1975,40.591
jam,1976,38.675
jam,1977,36.870
jam,1978,35.216
jam,1979,33.726
jam,1980,32.366
jam,1981,31.094
jam,1982,29.972
jam,1983,28.884
jam,1984,27.949
jam,1985,27.115
jam,1986,26.349
jam,1987,25.626
jam,1988,24.975
jam,1989,24.375
jam,1990,23.845
jam,1991,23.354
jam,1992,22.833
jam,1993,22.311
jam,1994,21.789
jam,1995,21.255
jam,1996,20.678
jam,1997,20.053
jam,1998,19.420
jam,1999,18.795
jam,2000,18.206
jam,2001,17.663
jam,2002,17.236
jam,2003,16.895
jam,2004,16.654
jam,2005,16.508
jam,2006,16.462
jam,2007,16.456
jam,2008,16.542
jam,2009,16.655
jam,2010,16.822
jam,2011,16.975
jam,2012,17.158
jam,2013,17.362
jam,2014,17.579
jam,2015,17.761
jam,2016,17.914
jam,2017,18.017
jam,2018,18.114
jam,2019,18.181
jam,2020,18.269
jam,2021,18.351
jam,2022,18.353
jam,2023,18.243
jam,2024,17.954
jor,1946,300.73
jor,1947,290.61
jor,1948,280.14
jor,1949,269.47
jor,1950,258.33
jor,1951,247.25
jor,1952,235.58
jor,1953,223.94
jor,1954,212.48
jor,1955,201.40
jor,1956,190.71
jor,1957,180.23
jor,1958,170.43
jor,1959,161.05
jor,1960,151.88
jor,1961,143.34
jor,1962,135.32
jor,1963,127.67
jor,1964,120.59
jor,1965,113.99
jor,1966,107.93
jor,1967,102.25
jor,1968,97.003
jor,1969,92.150
jor,1970,87.563
jor,1971,83.226
jor,1972,79.148
jor,1973,75.325
jor,1974,71.693
jor,1975,68.273
jor,1976,64.997
jor,1977,61.871
jor,1978,58.973
jor,1979,56.256
jor,1980,53.686
jor,1981,51.229
jor,1982,48.927
jor,1983,46.711
jor,1984,44.581
jor,1985,42.574
jor,1986,40.649
jor,1987,38.838
jor,1988,37.174
jor,1989,35.670
jor,1990,34.311
jor,1991,33.071
jor,1992,31.956
jor,1993,30.914
jor,1994,29.912
jor,1995,28.978
jor,1996,28.093
jor,1997,27.227
jor,1998,26.383
jor,1999,25.551
jor,2000,24.739
jor,2001,23.952
jor,2002,23.186
jor,2003,22.415
jor,2004,21.645
jor,2005,20.911
jor,2006,20.179
jor,2007,19.504
jor,2008,18.841
jor,2009,18.179
jor,2010,17.574
jor,2011,16.966
jor,2012,16.385
jor,2013,15.818
jor,2014,15.252
jor,2015,14.697
jor,2016,14.136
jor,2017,13.581
jor,2018,13.000
jor,2019,12.451
jor,2020,11.920
jor,2021,11.401
jor,2022,10.886
jor,2023,10.363
jor,2024,9.8489
jpn,1950,96.398
jpn,1951,88.529
jpn,1952,80.824
jpn,1953,73.440
jpn,1954,66.955
jpn,1955,61.445
jpn,1956,56.912
jpn,1957,53.011
jpn,1958,49.396
jpn,1959,45.940
jpn,1960,42.464
jpn,1961,38.991
jpn,1962,35.570
jpn,1963,32.270
jpn,1964,29.200
jpn,1965,26.447
jpn,1966,24.137
jpn,1967,22.198
jpn,1968,20.586
jpn,1969,19.268
jpn,1970,18.132
jpn,1971,17.143
jpn,1972,16.234
jpn,1973,15.385
jpn,1974,14.584
jpn,1975,13.794
jpn,1976,13.025
jpn,1977,12.277
jpn,1978,11.562
jpn,1979,10.909
jpn,1980,10.289
jpn,1981,9.7137
jpn,1982,9.1722
jpn,1983,8.6575
jpn,1984,8.1805
jpn,1985,7.7354
jpn,1986,7.3392
jpn,1987,6.9913
jpn,1988,6.7044
jpn,1989,6.4876
jpn,1990,6.3207
jpn,1991,6.2070
jpn,1992,6.1117
jpn,1993,6.0210
jpn,1994,5.9088
jpn,1995,5.7613
jpn,1996,5.5774
jpn,1997,5.3598
jpn,1998,5.1204
jpn,1999,4.8791
jpn,2000,4.6376
jpn,2001,4.4187
jpn,2002,4.2199
jpn,2003,4.0495
jpn,2004,3.9100
jpn,2005,3.7861
jpn,2006,3.6747
jpn,2007,3.5699
jpn,2008,3.4730
jpn,2009,3.3827
jpn,2010,3.2929
jpn,2011,3.2043
jpn,2012,3.2170
jpn,2013,3.0114
jpn,2014,2.9083
jpn,2015,2.8040
jpn,2016,2.7097
jpn,2017,2.6254
jpn,2018,2.5473
jpn,2019,2.4779
jpn,2020,2.4148
jpn,2021,2.3662
jpn,2022,2.3324
jpn,2023,2.3104
jpn,2024,2.2892
kaz,1972,69.486
kaz,1973,69.597
kaz,1974,69.219
kaz,1975,68.251
kaz,1976,67.737
kaz,1977,67.258
kaz,1978,66.539
kaz,1979,65.714
kaz,1980,64.587
kaz,1981,62.943
kaz,1982,61.046
kaz,1983,58.935
kaz,1984,56.825
kaz,1985,54.944
kaz,1986,53.246
kaz,1987,51.684
kaz,1988,50.163
kaz,1989,48.759
kaz,1990,47.622
kaz,1991,46.823
kaz,1992,46.443
kaz,1993,46.632
kaz,1994,47.236
kaz,1995,47.841
kaz,1996,47.875
kaz,1997,47.081
kaz,1998,45.566
kaz,1999,43.570
kaz,2000,41.243
kaz,2001,38.779
kaz,2002,36.384
kaz,2003,34.191
kaz,2004,32.198
kaz,2005,30.438
kaz,2006,28.869
kaz,2007,27.367
kaz,2008,25.709
kaz,2009,23.956
kaz,2010,21.975
kaz,2011,19.926
kaz,2012,17.915
kaz,2013,16.003
kaz,2014,14.261
kaz,2015,12.752
kaz,2016,11.613
kaz,2017,10.805
kaz,2018,10.310
kaz,2019,10.105
kaz,2020,9.9879
kaz,2021,9.8967
kaz,2022,9.7741
kaz,2023,9.6048
kaz,2024,9.3262
ken,1953,255.98
ken,1954,246.72
ken,1955,236.66
ken,1956,226.17
ken,1957,215.94
ken,1958,206.02
ken,1959,196.87
ken,1960,188.45
ken,1961,180.46
ken,1962,173.53
ken,1963,167.30
ken,1964,162.15
ken,1965,157.91
ken,1966,154.33
ken,1967,151.45
ken,1968,148.77
ken,1969,146.16
ken,1970,143.40
ken,1971,140.38
ken,1972,137.29
ken,1973,133.98
ken,1974,130.39
ken,1975,126.62
ken,1976,122.61
ken,1977,118.60
ken,1978,114.46
ken,1979,110.38
ken,1980,106.27
ken,1981,102.54
ken,1982,99.109
ken,1983,95.902
ken,1984,93.158
ken,1985,90.898
ken,1986,89.410
ken,1987,88.743
ken,1988,88.909
ken,1989,90.162
ken,1990,92.302
ken,1991,95.165
ken,1992,98.171
ken,1993,100.81
ken,1994,102.66
ken,1995,103.37
ken,1996,103.06
ken,1997,101.95
ken,1998,100.03
ken,1999,97.265
ken,2000,93.961
ken,2001,90.000
ken,2002,85.494
ken,2003,80.807
ken,2004,75.939
ken,2005,71.074
ken,2006,65.970
ken,2007,61.746
ken,2008,58.093
ken,2009,53.542
ken,2010,51.028
ken,2011,49.323
ken,2012,48.173
ken,2013,47.220
ken,2014,46.040
ken,2015,44.823
ken,2016,43.486
ken,2017,42.080
ken,2018,41.280
ken,2019,40.218
ken,2020,39.017
ken,2021,38.159
ken,2022,36.675
ken,2023,35.208
ken,2024,33.333
kgz,1976,88.037
kgz,1977,88.862
kgz,1978,88.208
kgz,1979,86.846
kgz,1980,85.058
kgz,1981,82.731
kgz,1982,80.169
kgz,1983,77.335
kgz,1984,74.356
kgz,1985,71.240
kgz,1986,68.300
kgz,1987,65.374
kgz,1988,62.770
kgz,1989,60.344
kgz,1990,58.615
kgz,1991,57.824
kgz,1992,57.721
kgz,1993,58.063
kgz,1994,58.395
kgz,1995,58.177
kgz,1996,57.211
kgz,1997,55.631
kgz,1998,53.446
kgz,1999,50.951
kgz,2000,48.141
kgz,2001,45.619
kgz,2002,43.464
kgz,2003,41.659
kgz,2004,40.170
kgz,2005,38.845
kgz,2006,37.749
kgz,2007,36.498
kgz,2008,34.772
kgz,2009,32.784
kgz,2010,30.712
kgz,2011,28.700
kgz,2012,26.817
kgz,2013,25.231
kgz,2014,24.006
kgz,2015,22.801
kgz,2016,21.615
kgz,2017,20.430
kgz,2018,19.342
kgz,2019,18.476
kgz,2020,17.792
kgz,2021,17.344
kgz,2022,17.005
kgz,2023,16.646
kgz,2024,16.148
khm,1976,418.89
khm,1977,464.46
khm,1978,461.39
khm,1979,429.65
khm,1980,184.75
khm,1981,162.74
khm,1982,143.64
khm,1983,128.30
khm,1984,118.57
khm,1985,113.05
khm,1986,110.12
khm,1987,108.36
khm,1988,107.47
khm,1989,107.32
khm,1990,107.40
khm,1991,107.42
khm,1992,107.68
khm,1993,107.78
khm,1994,108.69
khm,1995,109.76
khm,1996,110.74
khm,1997,111.10
khm,1998,110.45
khm,1999,108.27
khm,2000,103.85
khm,2001,97.123
khm,2002,88.419
khm,2003,78.892
khm,2004,70.394
khm,2005,63.381
khm,2006,57.889
khm,2007,53.193
khm,2008,48.830
khm,2009,44.698
khm,2010,40.728
khm,2011,36.916
khm,2012,33.131
khm,2013,29.305
khm,2014,26.089
khm,2015,23.301
khm,2016,20.848
khm,2017,18.734
khm,2018,17.065
khm,2019,15.623
khm,2020,14.509
khm,2021,13.413
khm,2022,12.488
khm,2023,11.660
khm,2024,10.895
kir,1947,164.83
kir,1948,171.39
kir,1949,177.06
kir,1950,181.35
kir,1951,185.36
kir,1952,189.11
kir,1953,191.01
kir,1954,192.68
kir,1955,192.98
kir,1956,192.88
kir,1957,191.84
kir,1958,190.01
kir,1959,187.66
kir,1960,184.68
kir,1961,180.94
kir,1962,176.62
kir,1963,171.49
kir,1964,165.71
kir,1965,159.68
kir,1966,153.72
kir,1967,147.61
kir,1968,141.45
kir,1969,135.86
kir,1970,130.51
kir,1971,125.51
kir,1972,120.88
kir,1973,117.20
kir,1974,114.15
kir,1975,111.97
kir,1976,110.08
kir,1977,108.61
kir,1978,107.38
kir,1979,106.21
kir,1980,105.07
kir,1981,103.71
kir,1982,102.26
kir,1983,100.77
kir,1984,99.021
kir,1985,97.041
kir,1986,94.833
kir,1987,92.351
kir,1988,89.684
kir,1989,86.703
kir,1990,83.716
kir,1991,80.632
kir,1992,77.732
kir,1993,74.896
kir,1994,72.370
kir,1995,70.087
kir,1996,68.013
kir,1997,66.064
kir,1998,64.218
kir,1999,62.419
kir,2000,60.575
kir,2001,58.798
kir,2002,57.159
kir,2003,55.742
kir,2004,54.604
kir,2005,53.737
kir,2006,53.091
kir,2007,52.445
kir,2008,51.788
kir,2009,50.907
kir,2010,50.025
kir,2011,49.058
kir,2012,48.117
kir,2013,47.286
kir,2014,46.633
kir,2015,45.971
kir,2016,45.307
kir,2017,44.766
kir,2018,44.011
kir,2019,42.847
kir,2020,41.572
kir,2021,39.926
kir,2022,38.093
kir,2023,36.288
kir,2024,34.461
kna,1974,54.509
kna,1975,54.712
kna,1976,54.434
kna,1977,53.711
kna,1978,52.638
kna,1979,51.115
kna,1980,49.269
kna,1981,47.078
kna,1982,44.593
kna,1983,41.971
kna,1984,39.296
kna,1985,36.784
kna,1986,34.574
kna,1987,32.643
kna,1988,30.993
kna,1989,29.608
kna,1990,28.458
kna,1991,27.594
kna,1992,26.868
kna,1993,26.286
kna,1994,25.859
kna,1995,25.441
kna,1996,25.005
kna,1997,24.457
kna,1998,23.838
kna,1999,23.142
kna,2000,22.287
kna,2001,21.342
kna,2002,20.413
kna,2003,19.515
kna,2004,18.700
kna,2005,17.988
kna,2006,17.419
kna,2007,16.950
kna,2008,16.708
kna,2009,16.555
kna,2010,16.499
kna,2011,16.506
kna,2012,16.545
kna,2013,16.561
kna,2014,16.466
kna,2015,16.257
kna,2016,15.810
kna,2017,15.236
kna,2018,14.583
kna,2019,13.885
kna,2020,13.144
kna,2021,12.441
kna,2022,11.712
kna,2023,11.014
kna,2024,10.349
kor,1951,302.33
kor,1952,260.70
kor,1953,224.73
kor,1954,193.96
kor,1955,168.69
kor,1956,148.73
kor,1957,133.03
kor,1958,121.27
kor,1959,112.28
kor,1960,105.67
kor,1961,100.40
kor,1962,96.047
kor,1963,92.166
kor,1964,88.238
kor,1965,83.931
kor,1966,79.541
kor,1967,74.957
kor,1968,70.282
kor,1969,65.667
kor,1970,61.207
kor,1971,57.147
kor,1972,53.580
kor,1973,50.530
kor,1974,47.917
kor,1975,45.686
kor,1976,43.664
kor,1977,41.820
kor,1978,40.059
kor,1979,38.176
kor,1980,36.265
kor,1981,34.228
kor,1982,32.086
kor,1983,29.908
kor,1984,27.654
kor,1985,25.449
kor,1986,23.317
kor,1987,21.265
kor,1988,19.353
kor,1989,17.638
kor,1990,16.129
kor,1991,14.818
kor,1992,13.637
kor,1993,12.579
kor,1994,11.621
kor,1995,10.760
kor,1996,9.9809
kor,1997,9.2785
kor,1998,8.6639
kor,1999,8.1350
kor,2000,7.6906
kor,2001,7.3153
kor,2002,6.9683
kor,2003,6.6332
kor,2004,6.2687
kor,2005,5.8707
kor,2006,5.4628
kor,2007,5.0774
kor,2008,4.7394
kor,2009,4.4503
kor,2010,4.2279
kor,2011,4.0503
kor,2012,3.9018
kor,2013,3.7731
kor,2014,3.6548
kor,2015,3.5464
kor,2016,3.4437
kor,2017,3.3466
kor,2018,3.2556
kor,2019,3.1592
kor,2020,3.0605
kor,2021,2.9581
kor,2022,2.8464
kor,2023,2.7259
kor,2024,2.5845
kwt,1960,116.33
kwt,1961,111.00
kwt,1962,105.80
kwt,1963,100.41
kwt,1964,94.772
kwt,1965,89.381
kwt,1966,84.341
kwt,1967,79.414
kwt,1968,74.952
kwt,1969,70.874
kwt,1970,67.206
kwt,1971,63.786
kwt,1972,60.706
kwt,1973,57.771
kwt,1974,55.044
kwt,1975,52.377
kwt,1976,49.719
kwt,1977,46.961
kwt,1978,44.035
kwt,1979,41.122
kwt,1980,38.186
kwt,1981,35.260
kwt,1982,32.329
kwt,1983,29.426
kwt,1984,26.696
kwt,1985,24.334
kwt,1986,22.541
kwt,1987,21.160
kwt,1988,19.975
kwt,1989,18.879
kwt,1990,17.798
kwt,1991,16.785
kwt,1992,15.900
kwt,1993,15.229
kwt,1994,14.780
kwt,1995,14.450
kwt,1996,14.152
kwt,1997,13.815
kwt,1998,13.439
kwt,1999,13.029
kwt,2000,12.653
kwt,2001,12.372
kwt,2002,12.168
kwt,2003,11.978
kwt,2004,11.794
kwt,2005,11.592
kwt,2006,11.416
kwt,2007,11.242
kwt,2008,11.085
kwt,2009,10.939
kwt,2010,10.723
kwt,2011,10.422
kwt,2012,10.040
kwt,2013,9.6584
kwt,2014,9.3241
kwt,2015,9.0434
kwt,2016,8.8427
kwt,2017,8.7064
kwt,2018,8.6193
kwt,2019,8.5734
kwt,2020,8.5419
kwt,2021,8.5192
kwt,2022,8.4915
kwt,2023,8.4160
kwt,2024,8.2495
lao,1979,185.20
lao,1980,182.86
lao,1981,180.07
lao,1982,176.78
lao,1983,173.41
lao,1984,169.66
lao,1985,166.05
lao,1986,162.25
lao,1987,158.56
lao,1988,154.46
lao,1989,150.23
lao,1990,145.79
lao,1991,141.27
lao,1992,136.63
lao,1993,132.06
lao,1994,127.53
lao,1995,123.12
lao,1996,118.81
lao,1997,114.46
lao,1998,110.32
lao,1999,106.38
lao,2000,102.38
lao,2001,98.340
lao,2002,94.401
lao,2003,90.446
lao,2004,86.485
lao,2005,82.487
lao,2006,78.544
lao,2007,74.622
lao,2008,70.702
lao,2009,66.861
lao,2010,63.228
lao,2011,59.534
lao,2012,56.070
lao,2013,52.527
lao,2014,49.240
lao,2015,46.037
lao,2016,43.057
lao,2017,40.470
lao,2018,38.054
lao,2019,35.754
lao,2020,33.568
lao,2021,31.436
lao,2022,29.476
lao,2023,27.663
lao,2024,25.963
lbn,1957,63.577
lbn,1958,64.063
lbn,1959,63.850
lbn,1960,63.308
lbn,1961,62.308
lbn,1962,61.116
lbn,1963,59.762
lbn,1964,58.177
lbn,1965,56.483
lbn,1966,54.900
lbn,1967,53.406
lbn,1968,52.262
lbn,1969,51.329
lbn,1970,50.621
lbn,1971,50.052
lbn,1972,49.632
lbn,1973,49.419
lbn,1974,49.182
lbn,1975,48.820
lbn,1976,48.414
lbn,1977,158.62
lbn,1978,64.545
lbn,1979,65.221
lbn,1980,66.162
lbn,1981,64.691
lbn,1982,62.967
lbn,1983,107.46
lbn,1984,47.949
lbn,1985,46.112
lbn,1986,44.261
lbn,1987,42.280
lbn,1988,51.416
lbn,1989,49.329
lbn,1990,29.863
lbn,1991,28.349
lbn,1992,26.948
lbn,1993,25.586
lbn,1994,24.331
lbn,1995,23.116
lbn,1996,21.984
lbn,1997,20.883
lbn,1998,19.823
lbn,1999,18.814
lbn,2000,17.797
lbn,2001,16.825
lbn,2002,15.888
lbn,2003,14.924
lbn,2004,14.024
lbn,2005,13.197
lbn,2006,12.464
lbn,2007,11.836
lbn,2008,11.326
lbn,2009,10.924
lbn,2010,10.653
lbn,2011,10.472
lbn,2012,10.402
lbn,2013,10.436
lbn,2014,10.587
lbn,2015,10.840
lbn,2016,11.210
lbn,2017,11.678
lbn,2018,12.245
lbn,2019,12.914
lbn,2020,13.663
lbn,2021,14.463
lbn,2022,15.257
lbn,2023,15.947
lbn,2024,16.460
lbr,1955,230.18
lbr,1956,242.05
lbr,1957,252.46
lbr,1958,261.41
lbr,1959,269.17
lbr,1960,274.66
lbr,1961,278.84
lbr,1962,280.98
lbr,1963,281.69
lbr,1964,281.06
lbr,1965,279.42
lbr,1966,277.57
lbr,1967,275.12
lbr,1968,272.22
lbr,1969,268.37
lbr,1970,264.35
lbr,1971,260.03
lbr,1972,255.95
lbr,1973,251.51
lbr,1974,247.31
lbr,1975,243.32
lbr,1976,239.13
lbr,1977,235.29
lbr,1978,231.73
lbr,1979,228.62
lbr,1980,225.48
lbr,1981,222.82
lbr,1982,220.54
lbr,1983,219.08
lbr,1984,218.51
lbr,1985,219.37
lbr,1986,222.02
lbr,1987,226.11
lbr,1988,231.19
lbr,1989,236.69
lbr,1990,241.80
lbr,1991,246.06
lbr,1992,247.83
lbr,1993,247.47
lbr,1994,244.08
lbr,1995,238.94
lbr,1996,231.78
lbr,1997,223.12
lbr,1998,213.05
lbr,1999,202.38
lbr,2000,190.68
lbr,2001,178.71
lbr,2002,166.55
lbr,2003,154.48
lbr,2004,142.87
lbr,2005,132.40
lbr,2006,123.16
lbr,2007,115.38
lbr,2008,108.94
lbr,2009,103.71
lbr,2010,99.335
lbr,2011,95.717
lbr,2012,92.462
lbr,2013,89.441
lbr,2014,86.370
lbr,2015,85.584
lbr,2016,80.894
lbr,2017,77.685
lbr,2018,74.267
lbr,2019,70.509
lbr,2020,66.764
lbr,2021,62.949
lbr,2022,59.278
lbr,2023,55.618
lbr,2024,52.247
lby,1957,263.83
lby,1958,258.18
lby,1959,251.05
lby,1960,242.66
lby,1961,232.67
lby,1962,221.50
lby,1963,209.00
lby,1964,195.72
lby,1965,183.04
lby,1966,170.37
lby,1967,157.59
lby,1968,145.78
lby,1969,134.85
lby,1970,124.41
lby,1971,114.97
lby,1972,106.31
lby,1973,98.332
lby,1974,91.167
lby,1975,84.960
lby,1976,79.344
lby,1977,74.441
lby,1978,70.008
lby,1979,66.208
lby,1980,62.755
lby,1981,59.551
lby,1982,56.530
lby,1983,53.647
lby,1984,51.009
lby,1985,48.415
lby,1986,46.080
lby,1987,43.609
lby,1988,41.419
lby,1989,39.361
lby,1990,37.380
lby,1991,35.554
lby,1992,33.922
lby,1993,32.471
lby,1994,31.185
lby,1995,30.103
lby,1996,29.207
lby,1997,28.460
lby,1998,27.851
lby,1999,27.364
lby,2000,26.957
lby,2001,26.567
lby,2002,26.172
lby,2003,25.679
lby,2004,24.943
lby,2005,23.916
lby,2006,22.661
lby,2007,21.202
lby,2008,19.543
lby,2009,17.868
lby,2010,16.296
lby,2011,14.863
lby,2012,16.787
lby,2013,12.384
lby,2014,11.388
lby,2015,10.531
lby,2016,9.7146
lby,2017,9.0114
lby,2018,8.4270
lby,2019,7.8361
lby,2020,7.2827
lby,2021,6.8161
lby,2022,6.3749
lby,2023,5.9913
lby,2024,17.046
lca,1951,158.30
lca,1952,157.08
lca,1953,155.60
lca,1954,153.86
lca,1955,151.51
lca,1956,148.73
lca,1957,145.44
lca,1958,141.57
lca,1959,137.29
lca,1960,132.56
lca,1961,127.37
lca,1962,121.91
lca,1963,116.10
lca,1964,109.99
lca,1965,103.73
lca,1966,97.382
lca,1967,91.136
lca,1968,85.004
lca,1969,79.101
lca,1970,73.399
lca,1971,67.948
lca,1972,62.715
lca,1973,57.800
lca,1974,53.164
lca,1975,48.898
lca,1976,44.964
lca,1977,41.402
lca,1978,38.203
lca,1979,35.357
lca,1980,32.890
lca,1981,30.706
lca,1982,28.799
lca,1983,27.130
lca,1984,25.694
lca,1985,24.461
lca,1986,23.396
lca,1987,22.464
lca,1988,21.658
lca,1989,20.991
lca,1990,20.422
lca,1991,19.932
lca,1992,19.518
lca,1993,19.145
lca,1994,18.807
lca,1995,18.528
lca,1996,18.268
lca,1997,18.036
lca,1998,17.845
lca,1999,17.687
lca,2000,17.559
lca,2001,17.436
lca,2002,17.339
lca,2003,17.268
lca,2004,17.218
lca,2005,17.194
lca,2006,17.163
lca,2007,17.142
lca,2008,17.090
lca,2009,17.046
lca,2010,16.980
lca,2011,16.898
lca,2012,16.803
lca,2013,16.665
lca,2014,16.502
lca,2015,16.311
lca,2016,16.066
lca,2017,15.816
lca,2018,15.521
lca,2019,15.192
lca,2020,14.808
lca,2021,14.416
lca,2022,14.021
lca,2023,13.621
lca,2024,13.228
lka,1952,111.95
lka,1953,114.57
lka,1954,116.47
lka,1955,117.07
lka,1956,116.60
lka,1957,114.24
lka,1958,109.88
lka,1959,104.05
lka,1960,97.897
lka,1961,92.345
lka,1962,87.876
lka,1963,85.074
lka,1964,83.293
lka,1965,81.494
lka,1966,79.274
lka,1967,76.650
lka,1968,73.995
lka,1969,71.355
lka,1970,69.151
lka,1971,67.554
lka,1972,66.302
lka,1973,65.355
lka,1974,64.367
lka,1975,63.123
lka,1976,61.428
lka,1977,59.014
lka,1978,55.884
lka,1979,52.260
lka,1980,48.614
lka,1981,45.234
lka,1982,42.038
lka,1983,39.043
lka,1984,36.037
lka,1985,32.839
lka,1986,29.629
lka,1987,26.853
lka,1988,24.861
lka,1989,23.597
lka,1990,26.768
lka,1991,22.833
lka,1992,22.751
lka,1993,22.428
lka,1994,21.795
lka,1995,20.999
lka,1996,20.125
lka,1997,19.163
lka,1998,18.209
lka,1999,17.310
lka,2000,16.544
lka,2001,15.965
lka,2002,15.513
lka,2003,15.194
lka,2004,14.865
lka,2005,28.185
lka,2006,13.758
lka,2007,13.041
lka,2008,12.370
lka,2009,11.780
lka,2010,20.317
lka,2011,10.943
lka,2012,10.576
lka,2013,10.124
lka,2014,9.5949
lka,2015,9.0440
lka,2016,8.5252
lka,2017,8.0558
lka,2018,7.6632
lka,2019,7.3235
lka,2020,6.9787
lka,2021,6.5739
lka,2022,6.1425
lka,2023,5.7196
lka,2024,5.3088
lso,1953,190.09
lso,1954,189.91
lso,1955,188.26
lso,1956,185.13
lso,1957,181.77
lso,1958,177.82
lso,1959,174.30
lso,1960,171.74
lso,1961,170.15
lso,1962,169.62
lso,1963,170.10
lso,1964,171.00
lso,1965,172.05
lso,1966,172.25
lso,1967,171.62
lso,1968,170.08
lso,1969,167.53
lso,1970,164.34
lso,1971,160.92
lso,1972,157.15
lso,1973,153.53
lso,1974,149.72
lso,1975,145.29
lso,1976,140.38
lso,1977,134.79
lso,1978,128.97
lso,1979,122.67
lso,1980,116.08
lso,1981,109.82
lso,1982,103.99
lso,1983,98.583
lso,1984,93.904
lso,1985,89.982
lso,1986,86.520
lso,1987,83.640
lso,1988,81.158
lso,1989,79.181
lso,1990,77.686
lso,1991,76.888
lso,1992,76.819
lso,1993,77.878
lso,1994,80.163
lso,1995,83.402
lso,1996,87.040
lso,1997,90.417
lso,1998,93.354
lso,1999,95.925
lso,2000,98.320
lso,2001,100.38
lso,2002,101.99
lso,2003,103.27
lso,2004,104.49
lso,2005,105.38
lso,2006,105.99
lso,2007,105.59
lso,2008,101.88
lso,2009,99.237
lso,2010,87.702
lso,2011,81.675
lso,2012,77.767
lso,2013,74.725
lso,2014,72.694
lso,2015,70.743
lso,2016,67.674
lso,2017,64.214
lso,2018,62.858
lso,2019,59.820
lso,2020,57.947
lso,2021,54.536
lso,2022,50.477
lso,2023,46.602
lso,2024,43.123
ltu,1968,23.264
ltu,1969,25.226
ltu,1970,24.331
ltu,1971,22.263
ltu,1972,20.463
ltu,1973,20.188
ltu,1974,20.979
ltu,1975,21.738
ltu,1976,22.056
ltu,1977,21.824
ltu,1978,21.586
ltu,1979,21.212
ltu,1980,20.601
ltu,1981,19.944
ltu,1982,19.168
ltu,1983,18.661
ltu,1984,18.198
ltu,1985,17.634
ltu,1986,16.942
ltu,1987,15.874
ltu,1988,14.692
ltu,1989,13.726
ltu,1990,13.616
ltu,1991,14.740
ltu,1992,16.201
ltu,1993,17.259
ltu,1994,17.341
ltu,1995,16.335
ltu,1996,14.607
ltu,1997,12.833
ltu,1998,11.770
ltu,1999,11.148
ltu,2000,10.661
ltu,2001,10.243
ltu,2002,9.7672
ltu,2003,9.4138
ltu,2004,9.0912
ltu,2005,8.7909
ltu,2006,8.5545
ltu,2007,8.1414
ltu,2008,7.6180
ltu,2009,6.9498
ltu,2010,6.2627
ltu,2011,5.6698
ltu,2012,5.1728
ltu,2013,4.9116
ltu,2014,4.7908
ltu,2015,4.7352
ltu,2016,4.6939
ltu,2017,4.5375
ltu,2018,4.2675
ltu,2019,3.9074
ltu,2020,3.5886
ltu,2021,3.3822
ltu,2022,3.2402
ltu,2023,3.1173
ltu,2024,2.8827
lux,1950,50.578
lux,1951,50.295
lux,1952,49.617
lux,1953,48.496
lux,1954,47.070
lux,1955,45.437
lux,1956,43.726
lux,1957,41.988
lux,1958,40.294
lux,1959,38.509
lux,1960,36.684
lux,1961,34.863
lux,1962,33.045
lux,1963,31.385
lux,1964,29.806
lux,1965,28.373
lux,1966,27.066
lux,1967,25.836
lux,1968,24.686
lux,1969,23.498
lux,1970,22.315
lux,1971,21.134
lux,1972,19.934
lux,1973,18.757
lux,1974,17.615
lux,1975,16.554
lux,1976,15.593
lux,1977,14.754
lux,1978,14.066
lux,1979,13.453
lux,1980,12.918
lux,1981,12.468
lux,1982,12.036
lux,1983,11.620
lux,1984,11.196
lux,1985,10.788
lux,1986,10.360
lux,1987,9.9210
lux,1988,9.4783
lux,1989,9.0261
lux,1990,8.5626
lux,1991,8.0937
lux,1992,7.6229
lux,1993,7.1558
lux,1994,6.6922
lux,1995,6.2512
lux,1996,5.8405
lux,1997,5.4654
lux,1998,5.1249
lux,1999,4.8086
lux,2000,4.5193
lux,2001,4.2485
lux,2002,3.9905
lux,2003,3.7441
lux,2004,3.5154
lux,2005,3.3021
lux,2006,3.1109
lux,2007,2.9430
lux,2008,2.7964
lux,2009,2.6755
lux,2010,2.5783
lux,2011,2.4995
lux,2012,2.4326
lux,2013,2.3880
lux,2014,2.3477
lux,2015,2.3135
lux,2016,2.2875
lux,2017,2.2602
lux,2018,2.2296
lux,2019,2.1922
lux,2020,2.1456
lux,2021,2.0850
lux,2022,2.0082
lux,2023,1.9216
lux,2024,1.8218
lva,1980,18.731
lva,1981,19.664
lva,1982,19.851
lva,1983,19.611
lva,1984,18.999
lva,1985,18.066
lva,1986,16.908
lva,1987,15.787
lva,1988,14.950
lva,1989,14.620
lva,1990,15.254
lva,1991,16.466
lva,1992,17.682
lva,1993,18.644
lva,1994,19.152
lva,1995,19.292
lva,1996,18.990
lva,1997,18.246
lva,1998,17.182
lva,1999,15.899
lva,2000,14.692
lva,2001,13.570
lva,2002,12.636
lva,2003,11.949
lva,2004,11.280
lva,2005,10.622
lva,2006,9.9512
lva,2007,9.3221
lva,2008,8.8179
lva,2009,8.3280
lva,2010,7.8542
lva,2011,7.3410
lva,2012,6.7822
lva,2013,6.2103
lva,2014,5.6350
lva,2015,5.1381
lva,2016,4.7230
lva,2017,4.3848
lva,2018,4.1272
lva,2019,3.8866
lva,2020,3.6543
lva,2021,3.4125
lva,2022,3.1420
lva,2023,2.8251
lva,2024,2.4787
mar,1957,227.95
mar,1958,226.72
mar,1959,225.23
mar,1960,222.73
mar,1961,219.85
mar,1962,216.70
mar,1963,213.10
mar,1964,209.30
mar,1965,205.07
mar,1966,200.72
mar,1967,196.01
mar,1968,191.27
mar,1969,186.34
mar,1970,181.95
mar,1971,177.86
mar,1972,174.39
mar,1973,170.85
mar,1974,167.10
mar,1975,162.63
mar,1976,157.67
mar,1977,152.01
mar,1978,145.96
mar,1979,139.50
mar,1980,132.89
mar,1981,126.28
mar,1982,119.86
mar,1983,113.68
mar,1984,107.69
mar,1985,101.95
mar,1986,96.549
mar,1987,91.448
mar,1988,86.757
mar,1989,82.523
mar,1990,78.590
mar,1991,75.013
mar,1992,71.773
mar,1993,68.660
mar,1994,65.690
mar,1995,62.785
mar,1996,59.935
mar,1997,57.193
mar,1998,54.585
mar,1999,52.161
mar,2000,49.907
mar,2001,47.743
mar,2002,45.584
mar,2003,43.507
mar,2004,41.410
mar,2005,39.299
mar,2006,37.153
mar,2007,35.104
mar,2008,32.982
mar,2009,30.956
mar,2010,28.968
mar,2011,27.050
mar,2012,25.245
mar,2013,23.542
mar,2014,21.861
mar,2015,20.269
mar,2016,18.747
mar,2017,17.359
mar,2018,16.185
mar,2019,15.086
mar,2020,14.076
mar,2021,13.173
mar,2022,12.245
mar,2023,11.518
mar,2024,10.861
mco,1986,7.1093
mco,1987,7.1630
mco,1988,7.1632
mco,1989,7.1482
mco,1990,7.0971
mco,1991,6.9883
mco,1992,6.8327
mco,1993,6.6323
mco,1994,6.3872
mco,1995,6.1381
mco,1996,5.8905
mco,1997,5.6464
mco,1998,5.4196
mco,1999,5.2163
mco,2000,5.0289
mco,2001,4.8594
mco,2002,4.7095
mco,2003,4.5733
mco,2004,4.4448
mco,2005,4.3309
mco,2006,4.2274
mco,2007,4.1243
mco,2008,4.0270
mco,2009,3.9255
mco,2010,3.8123
mco,2011,3.6717
mco,2012,3.5187
mco,2013,3.3541
mco,2014,3.1787
mco,2015,2.9866
mco,2016,2.8082
mco,2017,2.6295
mco,2018,2.4594
mco,2019,2.2974
mco,2020,2.1581
mco,2021,2.0179
mco,2022,1.8901
mco,2023,1.7738
mco,2024,1.6564
mda,1972,43.913
mda,1973,44.135
mda,1974,44.018
mda,1975,43.734
mda,1976,43.250
mda,1977,42.886
mda,1978,42.332
mda,1979,41.797
mda,1980,41.235
mda,1981,40.502
mda,1982,39.504
mda,1983,38.220
mda,1984,36.734
mda,1985,35.171
mda,1986,33.660
mda,1987,32.332
mda,1988,31.176
mda,1989,30.116
mda,1990,29.326
mda,1991,28.866
mda,1992,28.994
mda,1993,29.720
mda,1994,31.027
mda,1995,32.355
mda,1996,33.212
mda,1997,33.154
mda,1998,32.189
mda,1999,30.492
mda,2000,28.324
mda,2001,25.818
mda,2002,23.329
mda,2003,20.995
mda,2004,19.127
mda,2005,17.671
mda,2006,16.669
mda,2007,16.073
mda,2008,15.746
mda,2009,15.499
mda,2010,15.260
mda,2011,14.859
mda,2012,14.333
mda,2013,13.810
mda,2014,13.306
mda,2015,12.882
mda,2016,12.576
mda,2017,12.274
mda,2018,12.104
mda,2019,11.999
mda,2020,11.919
mda,2021,11.870
mda,2022,11.800
mda,2023,11.628
mda,2024,11.243
mdg,1969,122.00
mdg,1970,126.24
mdg,1971,130.01
mdg,1972,133.40
mdg,1973,136.51
mdg,1974,139.49
mdg,1975,142.58
mdg,1976,145.66
mdg,1977,148.49
mdg,1978,150.98
mdg,1979,153.34
mdg,1980,155.58
mdg,1981,158.22
mdg,1982,160.89
mdg,1983,163.19
mdg,1984,164.74
mdg,1985,165.29
mdg,1986,164.63
mdg,1987,162.59
mdg,1988,159.29
mdg,1989,155.19
mdg,1990,150.29
mdg,1991,145.11
mdg,1992,139.99
mdg,1993,135.38
mdg,1994,130.95
mdg,1995,126.49
mdg,1996,122.09
mdg,1997,117.30
mdg,1998,112.46
mdg,1999,107.38
mdg,2000,102.40
mdg,2001,97.718
mdg,2002,93.339
mdg,2003,89.288
mdg,2004,85.428
mdg,2005,81.752
mdg,2006,78.231
mdg,2007,74.955
mdg,2008,71.881
mdg,2009,69.017
mdg,2010,66.441
mdg,2011,64.316
mdg,2012,62.462
mdg,2013,61.145
mdg,2014,60.212
mdg,2015,59.595
mdg,2016,59.189
mdg,2017,58.960
mdg,2018,58.743
mdg,2019,58.269
mdg,2020,57.682
mdg,2021,56.748
mdg,2022,55.426
mdg,2023,53.698
mdg,2024,51.555
mdv,1963,253.35
mdv,1964,251.60
mdv,1965,249.53
mdv,1966,245.90
mdv,1967,241.59
mdv,1968,236.91
mdv,1969,231.85
mdv,1970,225.67
mdv,1971,218.61
mdv,1972,210.83
mdv,1973,202.25
mdv,1974,193.09
mdv,1975,183.98
mdv,1976,174.86
mdv,1977,166.06
mdv,1978,157.45
mdv,1979,149.09
mdv,1980,141.18
mdv,1981,134.00
mdv,1982,127.13
mdv,1983,120.54
mdv,1984,114.32
mdv,1985,108.55
mdv,1986,102.85
mdv,1987,97.348
mdv,1988,92.177
mdv,1989,87.203
mdv,1990,82.569
mdv,1991,78.103
mdv,1992,73.811
mdv,1993,69.544
mdv,1994,65.304
mdv,1995,60.939
mdv,1996,56.614
mdv,1997,52.239
mdv,1998,47.966
mdv,1999,43.701
mdv,2000,39.484
mdv,2001,35.400
mdv,2002,31.553
mdv,2003,28.009
mdv,2004,24.836
mdv,2005,24.750
mdv,2006,19.905
mdv,2007,18.027
mdv,2008,16.485
mdv,2009,15.166
mdv,2010,14.029
mdv,2011,13.040
mdv,2012,12.151
mdv,2013,11.341
mdv,2014,10.598
mdv,2015,9.8839
mdv,2016,9.2155
mdv,2017,8.5576
mdv,2018,7.9425
mdv,2019,7.3235
mdv,2020,6.7024
mdv,2021,6.1128
mdv,2022,5.5636
mdv,2023,5.0925
mdv,2024,4.6812
mex,1952,200.19
mex,1953,192.96
mex,1954,185.79
mex,1955,178.55
mex,1956,171.08
mex,1957,163.82
mex,1958,157.01
mex,1959,150.42
mex,1960,144.49
mex,1961,138.84
mex,1962,133.70
mex,1963,128.83
mex,1964,124.38
mex,1965,120.31
mex,1966,116.35
mex,1967,112.41
mex,1968,108.83
mex,1969,105.23
mex,1970,101.75
mex,1971,98.238
mex,1972,94.800
mex,1973,91.347
mex,1974,87.983
mex,1975,84.666
mex,1976,81.535
mex,1977,78.424
mex,1978,75.341
mex,1979,72.279
mex,1980,69.259
mex,1981,66.311
mex,1982,63.456
mex,1983,60.692
mex,1984,57.975
mex,1985,55.416
mex,1986,52.960
mex,1987,50.611
mex,1988,48.367
mex,1989,46.168
mex,1990,44.056
mex,1991,42.020
mex,1992,40.063
mex,1993,38.193
mex,1994,36.369
mex,1995,34.614
mex,1996,33.013
mex,1997,31.466
mex,1998,29.997
mex,1999,28.590
mex,2000,27.274
mex,2001,26.040
mex,2002,24.910
mex,2003,23.853
mex,2004,22.892
mex,2005,22.024
mex,2006,21.248
mex,2007,20.530
mex,2008,19.870
mex,2009,19.262
mex,2010,18.686
mex,2011,18.132
mex,2012,17.593
mex,2013,17.063
mex,2014,16.527
mex,2015,15.980
mex,2016,15.414
mex,2017,14.810
mex,2018,14.190
mex,2019,13.562
mex,2020,12.898
mex,2021,12.157
mex,2022,11.395
mex,2023,10.653
mex,2024,9.9402
mhl,1960,98.819
mhl,1961,97.818
mhl,1962,95.922
mhl,1963,93.459
mhl,1964,90.669
mhl,1965,87.179
mhl,1966,83.916
mhl,1967,80.747
mhl,1968,77.458
mhl,1969,74.469
mhl,1970,71.464
mhl,1971,68.728
mhl,1972,66.052
mhl,1973,63.809
mhl,1974,61.753
mhl,1975,60.227
mhl,1976,59.189
mhl,1977,58.394
mhl,1978,57.718
mhl,1979,57.010
mhl,1980,55.999
mhl,1981,54.976
mhl,1982,53.760
mhl,1983,52.339
mhl,1984,50.775
mhl,1985,49.226
mhl,1986,47.751
mhl,1987,46.359
mhl,1988,44.827
mhl,1989,43.357
mhl,1990,41.876
mhl,1991,40.521
mhl,1992,39.138
mhl,1993,37.860
mhl,1994,36.820
mhl,1995,36.033
mhl,1996,35.605
mhl,1997,35.465
mhl,1998,35.608
mhl,1999,35.825
mhl,2000,36.065
mhl,2001,36.174
mhl,2002,36.159
mhl,2003,36.117
mhl,2004,36.002
mhl,2005,35.776
mhl,2006,35.596
mhl,2007,35.262
mhl,2008,34.943
mhl,2009,34.462
mhl,2010,33.803
mhl,2011,32.883
mhl,2012,31.804
mhl,2013,30.605
mhl,2014,29.123
mhl,2015,27.634
mhl,2016,26.096
mhl,2017,24.658
mhl,2018,23.247
mhl,2019,21.832
mhl,2020,20.419
mhl,2021,19.207
mhl,2022,18.088
mhl,2023,16.980
mhl,2024,15.984
mkd,1982,51.702
mkd,1983,53.175
mkd,1984,51.123
mkd,1985,49.230
mkd,1986,48.792
mkd,1987,47.858
mkd,1988,45.715
mkd,1989,42.449
mkd,1990,38.949
mkd,1991,35.970
mkd,1992,33.525
mkd,1993,32.126
mkd,1994,30.324
mkd,1995,27.468
mkd,1996,23.699
mkd,1997,20.145
mkd,1998,18.522
mkd,1999,17.604
mkd,2000,16.525
mkd,2001,15.296
mkd,2002,14.022
mkd,2003,13.652
mkd,2004,13.704
mkd,2005,13.527
mkd,2006,13.055
mkd,2007,12.312
mkd,2008,11.684
mkd,2009,11.069
mkd,2010,10.405
mkd,2011,9.8160
mkd,2012,9.3858
mkd,2013,9.5600
mkd,2014,10.065
mkd,2015,10.505
mkd,2016,10.645
mkd,2017,10.193
mkd,2018,9.1265
mkd,2019,7.6496
mkd,2020,6.4064
mkd,2021,5.5154
mkd,2022,4.5969
mkd,2023,3.6613
mkd,2024,2.7196
mli,1964,362.79
mli,1965,362.43
mli,1966,361.44
mli,1967,359.37
mli,1968,357.01
mli,1969,353.82
mli,1970,350.37
mli,1971,346.67
mli,1972,342.29
mli,1973,337.36
mli,1974,331.47
mli,1975,325.20
mli,1976,318.42
mli,1977,311.23
mli,1978,303.67
mli,1979,296.09
mli,1980,288.64
mli,1981,281.27
mli,1982,273.91
mli,1983,266.54
mli,1984,259.28
mli,1985,251.99
mli,1986,245.13
mli,1987,238.61
mli,1988,232.48
mli,1989,227.00
mli,1990,221.95
mli,1991,217.44
mli,1992,213.31
mli,1993,209.49
mli,1994,206.06
mli,1995,202.69
mli,1996,199.43
mli,1997,195.53
mli,1998,191.48
mli,1999,186.73
mli,2000,181.65
mli,2001,176.23
mli,2002,170.56
mli,2003,164.67
mli,2004,158.63
mli,2005,152.86
mli,2006,147.41
mli,2007,142.26
mli,2008,137.38
mli,2009,132.69
mli,2010,128.23
mli,2011,123.84
mli,2012,119.62
mli,2013,115.38
mli,2014,111.20
mli,2015,107.27
mli,2016,103.20
mli,2017,99.187
mli,2018,95.179
mli,2019,91.021
mli,2020,86.916
mli,2021,82.439
mli,2022,77.897
mli,2023,73.351
mli,2024,68.692
mlt,1951,94.694
mlt,1952,85.264
mlt,1953,76.543
mlt,1954,68.568
mlt,1955,61.524
mlt,1956,55.514
mlt,1957,50.484
mlt,1958,46.351
mlt,1959,43.091
mlt,1960,40.534
mlt,1961,38.558
mlt,1962,37.071
mlt,1963,35.917
mlt,1964,34.888
mlt,1965,33.905
mlt,1966,32.860
mlt,1967,31.694
mlt,1968,30.472
mlt,1969,29.198
mlt,1970,27.871
mlt,1971,26.578
mlt,1972,25.301
mlt,1973,24.019
mlt,1974,22.762
mlt,1975,21.516
mlt,1976,20.345
mlt,1977,19.230
mlt,1978,18.223
mlt,1979,17.342
mlt,1980,16.570
mlt,1981,15.914
mlt,1982,15.321
mlt,1983,14.738
mlt,1984,14.176
mlt,1985,13.612
mlt,1986,13.033
mlt,1987,12.460
mlt,1988,11.934
mlt,1989,11.448
mlt,1990,11.001
mlt,1991,10.602
mlt,1992,10.207
mlt,1993,9.8380
mlt,1994,9.4679
mlt,1995,9.0840
mlt,1996,8.6929
mlt,1997,8.3006
mlt,1998,7.9222
mlt,1999,7.5767
mlt,2000,7.2531
mlt,2001,6.9767
mlt,2002,6.7478
mlt,2003,6.5723
mlt,2004,6.4408
mlt,2005,6.3491
mlt,2006,6.3002
mlt,2007,6.2639
mlt,2008,6.2532
mlt,2009,6.2529
mlt,2010,6.2453
mlt,2011,6.2431
mlt,2012,6.2169
mlt,2013,6.1906
mlt,2014,6.1412
mlt,2015,6.0736
mlt,2016,5.9921
mlt,2017,5.8979
mlt,2018,5.7745
mlt,2019,5.6217
mlt,2020,5.4326
mlt,2021,5.2166
mlt,2022,4.9693
mlt,2023,4.7239
mlt,2024,4.4569
mmr,1969,138.28
mmr,1970,138.33
mmr,1971,138.06
mmr,1972,137.48
mmr,1973,136.52
mmr,1974,135.27
mmr,1975,133.56
mmr,1976,132.01
mmr,1977,130.11
mmr,1978,128.03
mmr,1979,125.95
mmr,1980,123.98
mmr,1981,121.79
mmr,1982,120.09
mmr,1983,118.29
mmr,1984,116.52
mmr,1985,115.05
mmr,1986,113.54
mmr,1987,112.14
mmr,1988,110.60
mmr,1989,108.82
mmr,1990,107.00
mmr,1991,104.94
mmr,1992,102.81
mmr,1993,100.71
mmr,1994,98.347
mmr,1995,96.066
mmr,1996,93.798
mmr,1997,91.488
mmr,1998,89.150
mmr,1999,86.887
mmr,2000,84.611
mmr,2001,82.371
mmr,2002,80.046
mmr,2003,77.662
mmr,2004,75.230
mmr,2005,72.655
mmr,2006,69.963
mmr,2007,67.212
mmr,2008,64.232
mmr,2009,89.885
mmr,2010,58.017
mmr,2011,54.842
mmr,2012,51.566
mmr,2013,48.165
mmr,2014,45.078
mmr,2015,42.193
mmr,2016,39.516
mmr,2017,37.043
mmr,2018,34.709
mmr,2019,32.431
mmr,2020,30.330
mmr,2021,28.483
mmr,2022,26.710
mmr,2023,25.041
mmr,2024,23.513
mne,1985,24.780
mne,1986,23.080
mne,1987,21.324
mne,1988,19.602
mne,1989,18.021
mne,1990,16.697
mne,1991,15.710
mne,1992,15.046
mne,1993,14.635
mne,1994,14.434
mne,1995,14.365
mne,1996,14.364
mne,1997,14.354
mne,1998,14.299
mne,1999,14.155
mne,2000,13.883
mne,2001,13.471
mne,2002,12.938
mne,2003,12.281
mne,2004,11.549
mne,2005,10.757
mne,2006,9.9367
mne,2007,9.1042
mne,2008,8.2847
mne,2009,7.5008
mne,2010,6.7711
mne,2011,6.1009
mne,2012,5.4930
mne,2013,4.9636
mne,2014,4.4991
mne,2015,4.1011
mne,2016,3.7586
mne,2017,3.4700
mne,2018,3.2202
mne,2019,3.0123
mne,2020,2.8226
mne,2021,2.6357
mne,2022,2.4636
mne,2023,2.2951
mne,2024,2.1390
mng,1979,134.56
mng,1980,134.52
mng,1981,133.54
mng,1982,131.64
mng,1983,129.57
mng,1984,127.09
mng,1985,123.91
mng,1986,120.11
mng,1987,115.65
mng,1988,111.12
mng,1989,106.57
mng,1990,102.10
mng,1991,97.929
mng,1992,94.032
mng,1993,90.237
mng,1994,86.654
mng,1995,83.011
mng,1996,79.336
mng,1997,75.422
mng,1998,71.238
mng,1999,66.933
mng,2000,62.320
mng,2001,57.787
mng,2002,53.201
mng,2003,48.733
mng,2004,44.692
mng,2005,40.975
mng,2006,37.614
mng,2007,34.616
mng,2008,31.946
mng,2009,29.562
mng,2010,27.446
mng,2011,25.538
mng,2012,23.831
mng,2013,22.337
mng,2014,21.122
mng,2015,20.050
mng,2016,19.037
mng,2017,18.042
mng,2018,17.044
mng,2019,16.099
mng,2020,15.217
mng,2021,14.512
mng,2022,13.968
mng,2023,13.513
mng,2024,13.101
moz,1964,186.99
moz,1965,192.58
moz,1966,197.89
moz,1967,202.35
moz,1968,206.43
moz,1969,210.23
moz,1970,213.77
moz,1971,216.31
moz,1972,217.93
moz,1973,218.99
moz,1974,220.46
moz,1975,221.58
moz,1976,222.58
moz,1977,223.35
moz,1978,224.69
moz,1979,226.31
moz,1980,227.97
moz,1981,229.11
moz,1982,229.58
moz,1983,229.69
moz,1984,228.86
moz,1985,227.68
moz,1986,225.72
moz,1987,223.63
moz,1988,221.37
moz,1989,219.04
moz,1990,216.74
moz,1991,214.31
moz,1992,211.77
moz,1993,208.50
moz,1994,204.62
moz,1995,199.25
moz,1996,193.03
moz,1997,185.89
moz,1998,177.63
moz,1999,168.89
moz,2000,160.00
moz,2001,151.25
moz,2002,143.04
moz,2003,135.42
moz,2004,128.42
moz,2005,121.86
moz,2006,115.66
moz,2007,109.24
moz,2008,101.59
moz,2009,95.543
moz,2010,89.704
moz,2011,87.221
moz,2012,83.012
moz,2013,78.935
moz,2014,75.199
moz,2015,71.833
moz,2016,67.812
moz,2017,64.956
moz,2018,63.473
moz,2019,61.838
moz,2020,60.139
moz,2021,58.400
moz,2022,56.079
moz,2023,53.634
moz,2024,50.105
mrt,1941,253.59
mrt,1942,263.49
mrt,1943,271.20
mrt,1944,277.15
mrt,1945,280.75
mrt,1946,280.89
mrt,1947,279.74
mrt,1948,277.65
mrt,1949,274.17
mrt,1950,270.28
mrt,1951,266.03
mrt,1952,261.36
mrt,1953,256.75
mrt,1954,252.09
mrt,1955,247.45
mrt,1956,243.23
mrt,1957,239.39
mrt,1958,235.08
mrt,1959,231.35
mrt,1960,227.44
mrt,1961,222.37
mrt,1962,217.37
mrt,1963,212.22
mrt,1964,206.91
mrt,1965,201.69
mrt,1966,196.61
mrt,1967,191.17
mrt,1968,185.53
mrt,1969,179.72
mrt,1970,175.27
mrt,1971,172.56
mrt,1972,171.59
mrt,1973,172.33
mrt,1974,173.41
mrt,1975,173.68
mrt,1976,172.69
mrt,1977,170.52
mrt,1978,166.83
mrt,1979,162.18
mrt,1980,157.37
mrt,1981,152.82
mrt,1982,148.10
mrt,1983,143.49
mrt,1984,138.49
mrt,1985,132.72
mrt,1986,126.52
mrt,1987,120.18
mrt,1988,114.58
mrt,1989,110.20
mrt,1990,106.85
mrt,1991,104.76
mrt,1992,103.68
mrt,1993,103.15
mrt,1994,102.77
mrt,1995,102.56
mrt,1996,102.00
mrt,1997,100.93
mrt,1998,99.209
mrt,1999,96.764
mrt,2000,93.568
mrt,2001,89.785
mrt,2002,85.365
mrt,2003,80.480
mrt,2004,75.239
mrt,2005,69.858
mrt,2006,64.699
mrt,2007,60.367
mrt,2008,56.679
mrt,2009,53.866
mrt,2010,51.697
mrt,2011,50.038
mrt,2012,48.682
mrt,2013,47.418
mrt,2014,46.085
mrt,2015,44.645
mrt,2016,43.123
mrt,2017,41.316
mrt,2018,39.399
mrt,2019,37.267
mrt,2020,35.005
mrt,2021,32.912
mrt,2022,30.843
mrt,2023,28.801
mrt,2024,26.937
msr,1959,126.30
msr,1960,118.66
msr,1961,110.54
msr,1962,102.27
msr,1963,94.006
msr,1964,86.314
msr,1965,79.286
msr,1966,72.974
msr,1967,67.660
msr,1968,62.839
msr,1969,58.526
msr,1970,54.649
msr,1971,51.182
msr,1972,47.910
msr,1973,44.994
msr,1974,42.260
msr,1975,39.564
msr,1976,37.146
msr,1977,34.832
msr,1978,32.739
msr,1979,30.745
msr,1980,28.841
msr,1981,27.069
msr,1982,25.323
msr,1983,23.736
msr,1984,22.313
msr,1985,20.923
msr,1986,19.726
msr,1987,18.590
msr,1988,17.533
msr,1989,16.618
msr,1990,15.752
msr,1991,14.996
msr,1992,14.313
msr,1993,13.605
msr,1994,12.992
msr,1995,12.388
msr,1996,11.774
msr,1997,11.136
msr,1998,10.539
msr,1999,9.9896
msr,2000,9.3762
msr,2001,8.7862
msr,2002,8.2729
msr,2003,7.8155
msr,2004,7.4169
msr,2005,6.9983
msr,2006,6.5894
msr,2007,6.2208
msr,2008,5.8798
msr,2009,5.5262
msr,2010,5.2523
msr,2011,4.9844
msr,2012,4.7250
msr,2013,4.4836
msr,2014,4.2172
msr,2015,3.9988
msr,2016,3.7731
msr,2017,3.5636
msr,2018,3.3990
msr,2019,3.2259
msr,2020,3.0564
msr,2021,2.9116
msr,2022,2.7647
msr,2023,2.6145
msr,2024,2.5039
mus,1957,121.44
mus,1958,116.23
mus,1959,109.09
mus,1960,103.26
mus,1961,99.556
mus,1962,95.858
mus,1963,90.750
mus,1964,85.179
mus,1965,81.612
mus,1966,84.459
mus,1967,90.213
mus,1968,92.859
mus,1969,90.392
mus,1970,84.918
mus,1971,81.358
mus,1972,79.531
mus,1973,77.806
mus,1974,75.340
mus,1975,70.485
mus,1976,63.631
mus,1977,55.887
mus,1978,49.340
mus,1979,44.913
mus,1980,41.487
mus,1981,39.055
mus,1982,36.492
mus,1983,33.526
mus,1984,30.372
mus,1985,27.852
mus,1986,27.380
mus,1987,27.699
mus,1988,27.318
mus,1989,25.973
mus,1990,23.967
mus,1991,22.258
mus,1992,21.015
mus,1993,20.338
mus,1994,20.374
mus,1995,20.672
mus,1996,21.282
mus,1997,21.694
mus,1998,21.526
mus,1999,20.764
mus,2000,19.409
mus,2001,18.072
mus,2002,16.786
mus,2003,15.813
mus,2004,15.310
mus,2005,14.946
mus,2006,14.777
mus,2007,14.634
mus,2008,14.421
mus,2009,14.205
mus,2010,13.995
mus,2011,14.015
mus,2012,14.094
mus,2013,14.100
mus,2014,14.067
mus,2015,13.865
mus,2016,13.818
mus,2017,13.853
mus,2018,14.046
mus,2019,14.494
mus,2020,14.792
mus,2021,14.919
mus,2022,14.806
mus,2023,14.494
mus,2024,13.745
mwi,1962,279.24
mwi,1963,286.43
mwi,1964,291.68
mwi,1965,296.87
mwi,1966,301.29
mwi,1967,305.49
mwi,1968,309.62
mwi,1969,313.04
mwi,1970,314.61
mwi,1971,313.87
mwi,1972,310.48
mwi,1973,304.82
mwi,1974,298.29
mwi,1975,290.99
mwi,1976,283.22
mwi,1977,275.19
mwi,1978,266.53
mwi,1979,257.23
mwi,1980,247.49
mwi,1981,238.91
mwi,1982,232.10
mwi,1983,228.63
mwi,1984,229.31
mwi,1985,232.24
mwi,1986,235.86
mwi,1987,238.82
mwi,1988,239.76
mwi,1989,238.46
mwi,1990,234.71
mwi,1991,229.30
mwi,1992,222.72
mwi,1993,214.85
mwi,1994,207.62
mwi,1995,201.16
mwi,1996,194.78
mwi,1997,190.60
mwi,1998,186.19
mwi,1999,180.98
mwi,2000,173.68
mwi,2001,163.26
mwi,2002,150.58
mwi,2003,136.77
mwi,2004,123.36
mwi,2005,111.37
mwi,2006,102.53
mwi,2007,96.675
mwi,2008,91.564
mwi,2009,86.242
mwi,2010,81.178
mwi,2011,76.292
mwi,2012,70.235
mwi,2013,63.673
mwi,2014,57.745
mwi,2015,53.035
mwi,2016,47.991
mwi,2017,42.896
mwi,2018,38.219
mwi,2019,33.777
mwi,2020,30.708
mwi,2021,27.845
mwi,2022,25.702
mwi,2023,23.652
mwi,2024,21.913
mys,1951,141.89
mys,1952,136.80
mys,1953,130.95
mys,1954,125.29
mys,1955,119.74
mys,1956,114.05
mys,1957,108.46
mys,1958,102.80
mys,1959,97.355
mys,1960,91.664
mys,1961,86.003
mys,1962,80.509
mys,1963,75.397
mys,1964,70.871
mys,1965,66.802
mys,1966,63.394
mys,1967,60.452
mys,1968,57.975
mys,1969,55.797
mys,1970,53.881
mys,1971,52.028
mys,1972,50.021
mys,1973,47.807
mys,1974,45.338
mys,1975,42.664
mys,1976,40.024
mys,1977,37.474
mys,1978,35.002
mys,1979,32.703
mys,1980,30.483
mys,1981,28.426
mys,1982,26.527
mys,1983,24.794
mys,1984,23.248
mys,1985,21.828
mys,1986,20.566
mys,1987,19.452
mys,1988,18.468
mys,1989,17.629
mys,1990,16.882
mys,1991,16.174
mys,1992,15.495
mys,1993,14.823
mys,1994,14.189
mys,1995,13.600
mys,1996,13.103
mys,1997,12.609
mys,1998,12.014
mys,1999,11.307
mys,2000,10.535
mys,2001,9.7702
mys,2002,9.1086
mys,2003,8.6398
mys,2004,8.3845
mys,2005,8.2535
mys,2006,8.1804
mys,2007,8.1263
mys,2008,8.0932
mys,2009,8.0792
mys,2010,8.0416
mys,2011,7.9863
mys,2012,7.9195
mys,2013,7.8845
mys,2014,7.9049
mys,2015,7.9458
mys,2016,7.9798
mys,2017,7.9786
mys,2018,7.9354
mys,2019,7.8669
mys,2020,7.7839
mys,2021,7.7032
mys,2022,7.6048
mys,2023,7.4675
mys,2024,7.2861
nam,1968,71.726
nam,1969,75.594
nam,1970,78.105
nam,1971,79.130
nam,1972,80.023
nam,1973,80.824
nam,1974,81.604
nam,1975,82.735
nam,1976,84.158
nam,1977,86.022
nam,1978,87.942
nam,1979,89.902
nam,1980,91.154
nam,1981,91.338
nam,1982,90.313
nam,1983,88.329
nam,1984,85.585
nam,1985,82.237
nam,1986,78.805
nam,1987,75.660
nam,1988,72.680
nam,1989,70.307
nam,1990,68.241
nam,1991,66.686
nam,1992,65.175
nam,1993,63.916
nam,1994,62.850
nam,1995,62.517
nam,1996,63.124
nam,1997,64.442
nam,1998,65.841
nam,1999,67.119
nam,2000,68.146
nam,2001,68.568
nam,2002,68.016
nam,2003,66.966
nam,2004,66.046
nam,2005,65.126
nam,2006,62.184
nam,2007,57.064
nam,2008,52.848
nam,2009,48.493
nam,2010,44.950
nam,2011,42.720
nam,2012,42.882
nam,2013,45.253
nam,2014,43.981
nam,2015,43.083
nam,2016,44.501
nam,2017,43.687
nam,2018,41.896
nam,2019,40.563
nam,2020,38.812
nam,2021,37.423
nam,2022,36.276
nam,2023,34.839
nam,2024,33.022
ner,1968,269.07
ner,1969,279.57
ner,1970,288.56
ner,1971,296.26
ner,1972,302.06
ner,1973,307.22
ner,1974,310.89
ner,1975,312.88
ner,1976,313.18
ner,1977,311.33
ner,1978,308.38
ner,1979,304.30
ner,1980,300.96
ner,1981,299.02
ner,1982,299.20
ner,1983,301.86
ner,1984,305.74
ner,1985,310.08
ner,1986,314.38
ner,1987,317.38
ner,1988,318.38
ner,1989,317.48
ner,1990,314.63
ner,1991,310.44
ner,1992,304.16
ner,1993,296.26
ner,1994,286.46
ner,1995,275.30
ner,1996,262.86
ner,1997,250.82
ner,1998,240.07
ner,1999,230.09
ner,2000,220.80
ner,2001,211.62
ner,2002,201.63
ner,2003,191.23
ner,2004,180.32
ner,2005,169.51
ner,2006,159.32
ner,2007,149.77
ner,2008,141.47
ner,2009,134.37
ner,2010,128.63
ner,2011,124.39
ner,2012,120.98
ner,2013,118.30
ner,2014,116.05
ner,2015,114.33
ner,2016,112.57
ner,2017,110.88
ner,2018,109.06
ner,2019,106.75
ner,2020,104.32
ner,2021,101.11
ner,2022,97.240
ner,2023,92.952
ner,2024,88.134
nga,1965,279.51
nga,1966,279.73
nga,1967,277.77
nga,1968,274.47
nga,1969,269.07
nga,1970,262.59
nga,1971,256.22
nga,1972,248.96
nga,1973,241.93
nga,1974,234.74
nga,1975,227.71
nga,1976,220.69
nga,1977,214.33
nga,1978,208.32
nga,1979,203.35
nga,1980,198.82
nga,1981,195.04
nga,1982,192.48
nga,1983,191.22
nga,1984,190.98
nga,1985,191.29
nga,1986,192.35
nga,1987,193.62
nga,1988,194.87
nga,1989,195.57
nga,1990,196.00
nga,1991,196.01
nga,1992,195.61
nga,1993,195.00
nga,1994,194.18
nga,1995,192.88
nga,1996,191.28
nga,1997,188.72
nga,1998,185.20
nga,1999,181.00
nga,2000,176.19
nga,2001,171.15
nga,2002,165.89
nga,2003,160.51
nga,2004,155.14
nga,2005,149.68
nga,2006,144.42
nga,2007,139.53
nga,2008,134.91
nga,2009,130.87
nga,2010,127.00
nga,2011,123.85
nga,2012,120.97
nga,2013,118.17
nga,2014,115.52
nga,2015,112.59
nga,2016,109.41
nga,2017,105.80
nga,2018,101.82
nga,2019,97.360
nga,2020,92.563
nga,2021,87.353
nga,2022,82.464
nga,2023,77.489
nga,2024,72.742
nic,1956,161.77
nic,1957,166.13
nic,1958,169.06
nic,1959,171.30
nic,1960,173.15
nic,1961,173.79
nic,1962,173.60
nic,1963,172.78
nic,1964,171.37
nic,1965,169.50
nic,1966,167.58
nic,1967,165.18
nic,1968,162.63
nic,1969,159.86
nic,1970,156.83
nic,1971,153.33
nic,1972,149.38
nic,1973,168.31
nic,1974,140.33
nic,1975,135.29
nic,1976,129.70
nic,1977,123.95
nic,1978,117.96
nic,1979,111.67
nic,1980,105.52
nic,1981,99.477
nic,1982,93.848
nic,1983,88.560
nic,1984,83.699
nic,1985,79.546
nic,1986,75.898
nic,1987,72.742
nic,1988,69.794
nic,1989,66.973
nic,1990,64.104
nic,1991,61.280
nic,1992,58.407
nic,1993,55.607
nic,1994,52.723
nic,1995,49.876
nic,1996,47.015
nic,1997,44.232
nic,1998,41.532
nic,1999,45.634
nic,2000,36.701
nic,2001,34.589
nic,2002,32.651
nic,2003,30.902
nic,2004,29.302
nic,2005,27.807
nic,2006,26.419
nic,2007,25.146
nic,2008,23.962
nic,2009,22.896
nic,2010,21.912
nic,2011,20.999
nic,2012,20.193
nic,2013,19.457
nic,2014,18.753
nic,2015,18.085
nic,2016,17.449
nic,2017,16.797
nic,2018,16.137
nic,2019,15.482
nic,2020,14.861
nic,2021,14.286
nic,2022,13.709
nic,2023,13.096
nic,2024,12.434
niu,1944,105.54
niu,1945,108.76
niu,1946,111.33
niu,1947,113.20
niu,1948,114.48
niu,1949,115.13
niu,1950,114.61
niu,1951,113.16
niu,1952,111.11
niu,1953,108.19
niu,1954,104.81
niu,1955,101.22
niu,1956,97.025
niu,1957,92.823
niu,1958,88.707
niu,1959,84.325
niu,1960,80.276
niu,1961,76.293
niu,1962,72.373
niu,1963,68.669
niu,1964,65.197
niu,1965,61.838
niu,1966,58.545
niu,1967,55.554
niu,1968,52.703
niu,1969,49.883
niu,1970,47.304
niu,1971,44.766
niu,1972,42.054
niu,1973,39.421
niu,1974,36.942
niu,1975,34.331
niu,1976,31.903
niu,1977,29.622
niu,1978,27.590
niu,1979,25.848
niu,1980,24.379
niu,1981,23.192
niu,1982,22.225
niu,1983,21.568
niu,1984,21.110
niu,1985,20.823
niu,1986,20.731
niu,1987,20.785
niu,1988,20.973
niu,1989,21.184
niu,1990,21.413
niu,1991,21.602
niu,1992,21.820
niu,1993,22.054
niu,1994,22.365
niu,1995,22.740
niu,1996,23.164
niu,1997,23.617
niu,1998,24.137
niu,1999,24.584
niu,2000,24.966
niu,2001,25.294
niu,2002,25.432
niu,2003,25.442
niu,2004,25.354
niu,2005,24.957
niu,2006,24.518
niu,2007,23.916
niu,2008,23.109
niu,2009,22.374
niu,2010,21.405
niu,2011,20.407
niu,2012,19.415
niu,2013,18.525
niu,2014,17.673
niu,2015,16.739
niu,2016,15.877
niu,2017,15.001
niu,2018,14.236
niu,2019,13.506
niu,2020,12.786
niu,2021,12.166
niu,2022,11.533
niu,2023,10.919
niu,2024,10.365
nld,1950,31.944
nld,1951,30.943
nld,1952,29.790
nld,1953,28.501
nld,1954,27.188
nld,1955,25.889
nld,1956,24.683
nld,1957,23.597
nld,1958,22.636
nld,1959,21.829
nld,1960,21.110
nld,1961,20.487
nld,1962,19.917
nld,1963,19.395
nld,1964,18.917
nld,1965,18.453
nld,1966,18.015
nld,1967,17.566
nld,1968,17.098
nld,1969,16.608
nld,1970,16.092
nld,1971,15.556
nld,1972,15.001
nld,1973,14.447
nld,1974,13.907
nld,1975,13.374
nld,1976,12.856
nld,1977,12.355
nld,1978,11.875
nld,1979,11.435
nld,1980,11.033
nld,1981,10.695
nld,1982,10.419
nld,1983,10.189
nld,1984,9.9817
nld,1985,9.7703
nld,1986,9.5432
nld,1987,9.2947
nld,1988,9.0272
nld,1989,8.7517
nld,1990,8.4652
nld,1991,8.1728
nld,1992,7.8784
nld,1993,7.5806
nld,1994,7.2870
nld,1995,7.0080
nld,1996,6.7691
nld,1997,6.5710
nld,1998,6.4183
nld,1999,6.2977
nld,2000,6.1885
nld,2001,6.0674
nld,2002,5.9310
nld,2003,5.7744
nld,2004,5.5966
nld,2005,5.4037
nld,2006,5.2075
nld,2007,5.0051
nld,2008,4.8104
nld,2009,4.6317
nld,2010,4.4700
nld,2011,4.3365
nld,2012,4.2277
nld,2013,4.1379
nld,2014,4.0680
nld,2015,4.0145
nld,2016,3.9783
nld,2017,3.9550
nld,2018,3.9422
nld,2019,3.9349
nld,2020,3.9249
nld,2021,3.9122
nld,2022,3.8897
nld,2023,3.8507
nld,2024,3.7909
nor,1951,30.880
nor,1952,29.826
nor,1953,28.453
nor,1954,27.099
nor,1955,25.980
nor,1956,25.248
nor,1957,24.670
nor,1958,24.071
nor,1959,23.434
nor,1960,22.736
nor,1961,22.141
nor,1962,21.586
nor,1963,21.071
nor,1964,20.582
nor,1965,19.986
nor,1966,19.301
nor,1967,18.546
nor,1968,17.799
nor,1969,17.140
nor,1970,16.490
nor,1971,15.859
nor,1972,15.220
nor,1973,14.573
nor,1974,13.937
nor,1975,13.249
nor,1976,12.561
nor,1977,11.847
nor,1978,11.169
nor,1979,10.561
nor,1980,10.056
nor,1981,9.7255
nor,1982,9.5711
nor,1983,9.5434
nor,1984,9.6476
nor,1985,9.7772
nor,1986,9.8997
nor,1987,9.9178
nor,1988,9.7855
nor,1989,9.4871
nor,1990,9.0026
nor,1991,8.3866
nor,1992,7.6828
nor,1993,6.9895
nor,1994,6.3687
nor,1995,5.8511
nor,1996,5.4817
nor,1997,5.2227
nor,1998,5.0447
nor,1999,4.9138
nor,2000,4.7889
nor,2001,4.6618
nor,2002,4.5238
nor,2003,4.3671
nor,2004,4.2040
nor,2005,4.0365
nor,2006,3.8801
nor,2007,3.7220
nor,2008,3.5692
nor,2009,3.4148
nor,2010,3.2602
nor,2011,3.1157
nor,2012,2.9781
nor,2013,2.8565
nor,2014,2.7494
nor,2015,2.6501
nor,2016,2.5610
nor,2017,2.4757
nor,2018,2.3947
nor,2019,2.3246
nor,2020,2.2654
nor,2021,2.2282
nor,2022,2.2039
nor,2023,2.1779
nor,2024,2.1385
npl,1951,280.73
npl,1952,284.72
npl,1953,287.58
npl,1954,290.38
npl,1955,292.05
npl,1956,293.51
npl,1957,294.58
npl,1958,294.47
npl,1959,294.10
npl,1960,293.24
npl,1961,291.59
npl,1962,289.12
npl,1963,285.74
npl,1964,281.67
npl,1965,276.97
npl,1966,271.51
npl,1967,266.02
npl,1968,260.26
npl,1969,254.64
npl,1970,249.33
npl,1971,244.38
npl,1972,239.61
npl,1973,234.94
npl,1974,230.29
npl,1975,226.02
npl,1976,221.30
npl,1977,216.35
npl,1978,211.14
npl,1979,205.75
npl,1980,200.17
npl,1981,194.37
npl,1982,188.54
npl,1983,182.51
npl,1984,176.45
npl,1985,170.30
npl,1986,163.96
npl,1987,157.46
npl,1988,150.91
npl,1989,144.21
npl,1990,137.41
npl,1991,130.56
npl,1992,123.88
npl,1993,117.50
npl,1994,111.23
npl,1995,105.28
npl,1996,99.515
npl,1997,94.022
npl,1998,88.794
npl,1999,83.752
npl,2000,78.868
npl,2001,74.293
npl,2002,69.981
npl,2003,66.049
npl,2004,62.435
npl,2005,59.212
npl,2006,56.295
npl,2007,53.678
npl,2008,51.231
npl,2009,48.978
npl,2010,46.822
npl,2011,44.698
npl,2012,42.620
npl,2013,40.595
npl,2014,38.575
npl,2015,36.611
npl,2016,34.691
npl,2017,32.793
npl,2018,30.882
npl,2019,29.048
npl,2020,27.275
npl,2021,25.652
npl,2022,24.125
npl,2023,22.623
npl,2024,21.289
nru,1986,58.335
nru,1987,57.861
nru,1988,57.039
nru,1989,55.966
nru,1990,54.733
nru,1991,53.225
nru,1992,51.553
nru,1993,49.701
nru,1994,47.780
nru,1995,45.890
nru,1996,44.200
nru,1997,42.491
nru,1998,40.816
nru,1999,39.188
nru,2000,37.628
nru,2001,36.120
nru,2002,34.723
nru,2003,33.383
nru,2004,32.117
nru,2005,30.934
nru,2006,29.761
nru,2007,28.452
nru,2008,26.957
nru,2009,25.434
nru,2010,23.723
nru,2011,21.977
nru,2012,20.208
nru,2013,18.471
nru,2014,16.703
nru,2015,15.006
nru,2016,13.443
nru,2017,11.945
nru,2018,10.546
nru,2019,9.2902
nru,2020,8.1437
nru,2021,7.1642
nru,2022,6.3217
nru,2023,5.6800
nru,2024,5.1351
nzl,1950,34.626
nzl,1951,34.474
nzl,1952,33.985
nzl,1953,33.250
nzl,1954,32.392
nzl,1955,31.523
nzl,1956,30.737
nzl,1957,30.122
nzl,1958,29.536
nzl,1959,28.909
nzl,1960,28.170
nzl,1961,27.306
nzl,1962,26.348
nzl,1963,25.295
nzl,1964,24.275
nzl,1965,23.356
nzl,1966,22.596
nzl,1967,22.057
nzl,1968,21.597
nzl,1969,21.194
nzl,1970,20.789
nzl,1971,20.363
nzl,1972,19.926
nzl,1973,19.457
nzl,1974,18.972
nzl,1975,18.465
nzl,1976,17.917
nzl,1977,17.352
nzl,1978,16.760
nzl,1979,16.196
nzl,1980,15.672
nzl,1981,15.207
nzl,1982,14.819
nzl,1983,14.466
nzl,1984,14.137
nzl,1985,13.801
nzl,1986,13.431
nzl,1987,13.022
nzl,1988,12.555
nzl,1989,12.033
nzl,1990,11.481
nzl,1991,10.885
nzl,1992,10.288
nzl,1993,9.7288
nzl,1994,9.2535
nzl,1995,8.8486
nzl,1996,8.4856
nzl,1997,8.1602
nzl,1998,7.8668
nzl,1999,7.6035
nzl,2000,7.3663
nzl,2001,7.1596
nzl,2002,6.9800
nzl,2003,6.8204
nzl,2004,6.6723
nzl,2005,6.5380
nzl,2006,6.4257
nzl,2007,6.3371
nzl,2008,6.2561
nzl,2009,6.1922
nzl,2010,6.1203
nzl,2011,6.0365
nzl,2012,5.9336
nzl,2013,5.8157
nzl,2014,5.6881
nzl,2015,5.5516
nzl,2016,5.4116
nzl,2017,5.2694
nzl,2018,5.1264
nzl,2019,4.9810
nzl,2020,4.8278
nzl,2021,4.6620
nzl,2022,4.4862
nzl,2023,4.3005
nzl,2024,4.1030
omn,1960,295.56
omn,1961,290.44
omn,1962,284.47
omn,1963,276.48
omn,1964,268.13
omn,1965,259.20
omn,1966,249.44
omn,1967,239.25
omn,1968,228.80
omn,1969,217.89
omn,1970,207.73
omn,1971,198.05
omn,1972,188.17
omn,1973,178.17
omn,1974,168.50
omn,1975,158.38
omn,1976,148.22
omn,1977,137.88
omn,1978,127.28
omn,1979,117.10
omn,1980,107.04
omn,1981,97.438
omn,1982,88.350
omn,1983,79.820
omn,1984,71.784
omn,1985,64.367
omn,1986,57.594
omn,1987,51.591
omn,1988,46.300
omn,1989,41.647
omn,1990,37.595
omn,1991,34.011
omn,1992,30.786
omn,1993,27.879
omn,1994,25.283
omn,1995,23.061
omn,1996,21.100
omn,1997,19.388
omn,1998,17.884
omn,1999,16.536
omn,2000,15.351
omn,2001,14.340
omn,2002,13.502
omn,2003,12.870
omn,2004,12.364
omn,2005,12.000
omn,2006,11.767
omn,2007,11.620
omn,2008,11.546
omn,2009,11.513
omn,2010,11.469
omn,2011,11.386
omn,2012,11.279
omn,2013,11.164
omn,2014,11.049
omn,2015,10.960
omn,2016,10.875
omn,2017,10.768
omn,2018,10.633
omn,2019,10.459
omn,2020,10.268
omn,2021,10.054
omn,2022,9.7912
omn,2023,9.4871
omn,2024,9.1398
pak,1951,319.38
pak,1952,309.55
pak,1953,299.16
pak,1954,289.42
pak,1955,279.81
pak,1956,269.90
pak,1957,260.49
pak,1958,251.54
pak,1959,242.89
pak,1960,234.64
pak,1961,227.24
pak,1962,219.81
pak,1963,212.90
pak,1964,206.44
pak,1965,200.46
pak,1966,194.90
pak,1967,190.02
pak,1968,185.98
pak,1969,182.45
pak,1970,179.47
pak,1971,176.70
pak,1972,173.95
pak,1973,171.34
pak,1974,169.05
pak,1975,166.81
pak,1976,164.83
pak,1977,162.95
pak,1978,161.15
pak,1979,159.49
pak,1980,157.83
pak,1981,156.23
pak,1982,154.53
pak,1983,152.91
pak,1984,151.01
pak,1985,148.98
pak,1986,146.69
pak,1987,144.37
pak,1988,142.03
pak,1989,139.61
pak,1990,137.18
pak,1991,134.62
pak,1992,131.97
pak,1993,129.18
pak,1994,126.24
pak,1995,123.20
pak,1996,120.04
pak,1997,116.79
pak,1998,113.39
pak,1999,110.01
pak,2000,106.74
pak,2001,103.66
pak,2002,100.89
pak,2003,98.373
pak,2004,96.111
pak,2005,94.183
pak,2006,92.226
pak,2007,90.311
pak,2008,88.333
pak,2009,86.365
pak,2010,84.290
pak,2011,82.068
pak,2012,79.771
pak,2013,77.362
pak,2014,74.867
pak,2015,72.264
pak,2016,69.686
pak,2017,67.098
pak,2018,64.331
pak,2019,61.571
pak,2020,58.831
pak,2021,56.051
pak,2022,53.337
pak,2023,50.473
pak,2024,47.758
pan,1952,97.476
pan,1953,96.837
pan,1954,95.952
pan,1955,94.349
pan,1956,92.499
pan,1957,90.598
pan,1958,88.652
pan,1959,86.588
pan,1960,84.629
pan,1961,82.612
pan,1962,80.401
pan,1963,78.044
pan,1964,75.833
pan,1965,73.779
pan,1966,71.891
pan,1967,70.006
pan,1968,68.162
pan,1969,66.138
pan,1970,63.747
pan,1971,60.974
pan,1972,57.868
pan,1973,54.637
pan,1974,51.552
pan,1975,48.747
pan,1976,46.293
pan,1977,44.315
pan,1978,42.808
pan,1979,41.445
pan,1980,40.127
pan,1981,38.781
pan,1982,37.342
pan,1983,35.873
pan,1984,34.386
pan,1985,32.932
pan,1986,31.591
pan,1987,30.410
pan,1988,29.312
pan,1989,28.363
pan,1990,27.419
pan,1991,26.650
pan,1992,26.011
pan,1993,25.467
pan,1994,25.016
pan,1995,24.653
pan,1996,24.332
pan,1997,24.048
pan,1998,23.749
pan,1999,23.348
pan,2000,22.884
pan,2001,22.318
pan,2002,21.624
pan,2003,20.837
pan,2004,20.027
pan,2005,19.317
pan,2006,18.617
pan,2007,18.007
pan,2008,17.507
pan,2009,17.093
pan,2010,16.768
pan,2011,16.527
pan,2012,16.383
pan,2013,16.336
pan,2014,16.374
pan,2015,16.493
pan,2016,16.610
pan,2017,16.615
pan,2018,16.468
pan,2019,16.114
pan,2020,15.564
pan,2021,14.876
pan,2022,14.116
pan,2023,13.323
pan,2024,12.503
per,1953,263.76
per,1954,257.24
per,1955,249.05
per,1956,240.23
per,1957,231.92
per,1958,225.00
per,1959,219.15
per,1960,214.55
per,1961,210.06
per,1962,205.32
per,1963,200.02
per,1964,194.29
per,1965,188.08
per,1966,181.89
per,1967,175.44
per,1968,169.62
per,1969,164.35
per,1970,159.54
per,1971,185.00
per,1972,151.11
per,1973,147.09
per,1974,142.83
per,1975,138.45
per,1976,134.31
per,1977,130.75
per,1978,127.62
per,1979,124.88
per,1980,122.44
per,1981,120.00
per,1982,117.18
per,1983,113.88
per,1984,109.90
per,1985,105.28
per,1986,100.15
per,1987,94.707
per,1988,89.514
per,1989,84.668
per,1990,80.284
per,1991,76.346
per,1992,72.404
per,1993,68.242
per,1994,63.900
per,1995,59.486
per,1996,55.004
per,1997,50.662
per,1998,46.488
per,1999,42.584
per,2000,38.976
per,2001,35.738
per,2002,32.865
per,2003,30.379
per,2004,28.278
per,2005,26.437
per,2006,24.883
per,2007,23.495
per,2008,22.254
per,2009,21.122
per,2010,20.090
per,2011,19.163
per,2012,18.335
per,2013,17.638
per,2014,17.071
per,2015,16.585
per,2016,16.171
per,2017,15.779
per,2018,15.361
per,2019,14.911
per,2020,14.420
per,2021,13.889
per,2022,13.302
per,2023,12.725
per,2024,12.102
phl,1954,109.22
phl,1955,106.93
phl,1956,104.26
phl,1957,101.17
phl,1958,97.924
phl,1959,94.788
phl,1960,91.950
phl,1961,89.221
phl,1962,86.914
phl,1963,85.003
phl,1964,83.388
phl,1965,81.971
phl,1966,80.763
phl,1967,79.381
phl,1968,78.242
phl,1969,77.156
phl,1970,76.260
phl,1971,75.616
phl,1972,75.229
phl,1973,75.096
phl,1974,75.114
phl,1975,75.213
phl,1976,75.391
phl,1977,75.402
phl,1978,75.218
phl,1979,74.829
phl,1980,74.240
phl,1981,73.460
phl,1982,72.495
phl,1983,71.482
phl,1984,70.276
phl,1985,68.758
phl,1986,66.887
phl,1987,64.527
phl,1988,61.776
phl,1989,58.774
phl,1990,55.514
phl,1991,52.329
phl,1992,49.283
phl,1993,46.514
phl,1994,44.073
phl,1995,41.971
phl,1996,40.109
phl,1997,38.516
phl,1998,37.182
phl,1999,36.096
phl,2000,35.151
phl,2001,34.348
phl,2002,33.569
phl,2003,32.813
phl,2004,31.981
phl,2005,31.208
phl,2006,30.410
phl,2007,29.660
phl,2008,28.957
phl,2009,28.274
phl,2010,27.675
phl,2011,27.090
phl,2012,26.548
phl,2013,26.039
phl,2014,25.593
phl,2015,25.203
phl,2016,24.899
phl,2017,24.633
phl,2018,24.351
phl,2019,24.019
phl,2020,23.571
phl,2021,23.007
phl,2022,22.329
phl,2023,21.477
phl,2024,20.530
plw,1966,54.021
plw,1967,55.721
plw,1968,57.190
plw,1969,58.053
plw,1970,58.410
plw,1971,57.890
plw,1972,56.612
plw,1973,54.624
plw,1974,52.152
plw,1975,49.488
plw,1976,46.813
plw,1977,44.132
plw,1978,41.711
plw,1979,39.575
plw,1980,37.744
plw,1981,36.240
plw,1982,34.985
plw,1983,33.987
plw,1984,33.126
plw,1985,32.501
plw,1986,32.102
plw,1987,31.739
plw,1988,31.493
plw,1989,31.298
plw,1990,30.989
plw,1991,30.640
plw,1992,30.218
plw,1993,29.671
plw,1994,28.969
plw,1995,28.236
plw,1996,27.331
plw,1997,26.478
plw,1998,25.526
plw,1999,24.628
plw,2000,23.707
plw,2001,22.809
plw,2002,21.968
plw,2003,21.074
plw,2004,20.224
plw,2005,19.411
plw,2006,18.595
plw,2007,17.809
plw,2008,17.021
plw,2009,16.429
plw,2010,15.883
plw,2011,15.495
plw,2012,15.263
plw,2013,15.192
plw,2014,15.177
plw,2015,15.165
plw,2016,15.251
plw,2017,15.254
plw,2018,15.208
plw,2019,15.106
plw,2020,14.779
plw,2021,14.371
plw,2022,13.809
plw,2023,13.197
plw,2024,12.578
png,1949,223.21
png,1950,222.43
png,1951,221.34
png,1952,241.88
png,1953,216.48
png,1954,213.56
png,1955,209.90
png,1956,205.55
png,1957,201.17
png,1958,196.19
png,1959,191.11
png,1960,185.55
png,1961,180.24
png,1962,174.54
png,1963,168.83
png,1964,163.29
png,1965,157.65
png,1966,152.08
png,1967,146.58
png,1968,141.24
png,1969,136.09
png,1970,131.33
png,1971,126.58
png,1972,122.16
png,1973,117.86
png,1974,113.91
png,1975,110.26
png,1976,106.64
png,1977,103.41
png,1978,100.50
png,1979,97.736
png,1980,95.213
png,1981,92.984
png,1982,90.824
png,1983,88.791
png,1984,87.024
png,1985,85.252
png,1986,83.688
png,1987,82.240
png,1988,80.862
png,1989,79.509
png,1990,78.127
png,1991,76.723
png,1992,75.354
png,1993,74.028
png,1994,72.786
png,1995,71.461
png,1996,70.302
png,1997,69.146
png,1998,67.957
png,1999,66.869
png,2000,65.723
png,2001,64.515
png,2002,63.294
png,2003,62.040
png,2004,60.704
png,2005,59.303
png,2006,57.828
png,2007,56.445
png,2008,54.880
png,2009,53.361
png,2010,51.735
png,2011,49.978
png,2012,48.249
png,2013,46.397
png,2014,44.422
png,2015,42.581
png,2016,40.683
png,2017,38.717
png,2018,36.802
png,2019,34.808
png,2020,32.945
png,2021,31.055
png,2022,29.092
png,2023,27.294
png,2024,25.683
pol,1951,118.58
pol,1952,113.89
pol,1953,108.38
pol,1954,102.17
pol,1955,95.877
pol,1956,90.029
pol,1957,84.504
pol,1958,79.115
pol,1959,73.893
pol,1960,68.676
pol,1961,63.685
pol,1962,58.985
pol,1963,54.838
pol,1964,51.260
pol,1965,47.908
pol,1966,44.824
pol,1967,42.006
pol,1968,39.748
pol,1969,38.178
pol,1970,36.711
pol,1971,35.163
pol,1972,33.490
pol,1973,31.731
pol,1974,29.999
pol,1975,28.422
pol,1976,27.297
pol,1977,26.464
pol,1978,25.692
pol,1979,24.933
pol,1980,24.155
pol,1981,23.480
pol,1982,22.846
pol,1983,22.177
pol,1984,21.475
pol,1985,20.700
pol,1986,19.940
pol,1987,19.208
pol,1988,18.551
pol,1989,18.015
pol,1990,17.504
pol,1991,17.029
pol,1992,16.562
pol,1993,16.119
pol,1994,15.658
pol,1995,14.959
pol,1996,14.029
pol,1997,12.914
pol,1998,11.757
pol,1999,10.699
pol,2000,9.7976
pol,2001,9.1364
pol,2002,8.6432
pol,2003,8.2544
pol,2004,7.9446
pol,2005,7.6611
pol,2006,7.4104
pol,2007,7.1487
pol,2008,6.8542
pol,2009,6.5309
pol,2010,6.1873
pol,2011,5.8649
pol,2012,5.5689
pol,2013,5.3107
pol,2014,5.1088
pol,2015,4.9347
pol,2016,4.7953
pol,2017,4.6703
pol,2018,4.5479
pol,2019,4.4419
pol,2020,4.3484
pol,2021,4.2993
pol,2022,4.2774
pol,2023,4.2570
pol,2024,4.2008
prk,1951,362.73
prk,1952,317.10
prk,1953,207.83
prk,1954,170.74
prk,1955,132.38
prk,1956,121.71
prk,1957,112.63
prk,1958,105.19
prk,1959,99.212
prk,1960,94.473
prk,1961,90.655
prk,1962,87.375
prk,1963,84.286
prk,1964,81.117
prk,1965,77.725
prk,1966,74.067
prk,1967,70.177
prk,1968,66.165
prk,1969,62.176
prk,1970,58.348
prk,1971,54.774
prk,1972,51.505
prk,1973,48.552
prk,1974,45.893
prk,1975,43.506
prk,1976,41.348
prk,1977,39.388
prk,1978,37.598
prk,1979,35.952
prk,1980,34.432
prk,1981,33.029
prk,1982,31.753
prk,1983,30.633
prk,1984,29.723
prk,1985,29.087
prk,1986,28.781
prk,1987,28.846
prk,1988,29.563
prk,1989,30.019
prk,1990,30.947
prk,1991,31.906
prk,1992,32.725
prk,1993,33.258
prk,1994,33.446
prk,1995,33.289
prk,1996,84.326
prk,1997,83.159
prk,1998,81.919
prk,1999,80.793
prk,2000,79.606
prk,2001,78.497
prk,2002,77.542
prk,2003,76.552
prk,2004,27.039
prk,2005,26.468
prk,2006,26.079
prk,2007,25.662
prk,2008,25.375
prk,2009,24.300
prk,2010,23.465
prk,2011,22.446
prk,2012,21.328
prk,2013,20.139
prk,2014,18.884
prk,2015,17.721
prk,2016,16.722
prk,2017,16.136
prk,2018,14.972
prk,2019,14.422
prk,2020,13.862
prk,2021,13.664
prk,2022,13.661
prk,2023,13.880
prk,2024,14.094
prt,1950,134.64
prt,1951,134.68
prt,1952,133.26
prt,1953,131.09
prt,1954,128.62
prt,1955,126.08
prt,1956,123.77
prt,1957,121.53
prt,1958,119.21
prt,1959,117.20
prt,1960,114.71
prt,1961,111.75
prt,1962,107.63
prt,1963,102.12
prt,1964,95.712
prt,1965,89.015
prt,1966,83.390
prt,1967,79.040
prt,1968,75.918
prt,1969,73.593
prt,1970,70.697
prt,1971,66.697
prt,1972,61.789
prt,1973,56.560
prt,1974,51.650
prt,1975,46.929
prt,1976,42.600
prt,1977,38.586
prt,1978,34.933
prt,1979,31.784
prt,1980,29.088
prt,1981,26.990
prt,1982,25.264
prt,1983,23.741
prt,1984,22.398
prt,1985,21.126
prt,1986,19.993
prt,1987,18.909
prt,1988,17.803
prt,1989,16.691
prt,1990,15.545
prt,1991,14.421
prt,1992,13.300
prt,1993,12.201
prt,1994,11.164
prt,1995,10.237
prt,1996,9.5117
prt,1997,8.9257
prt,1998,8.4223
prt,1999,7.9547
prt,2000,7.4686
prt,2001,6.9609
prt,2002,6.4261
prt,2003,5.8781
prt,2004,5.3500
prt,2005,4.8728
prt,2006,4.5093
prt,2007,4.2296
prt,2008,4.0207
prt,2009,3.8737
prt,2010,3.7560
prt,2011,3.6622
prt,2012,3.5874
prt,2013,3.5346
prt,2014,3.5067
prt,2015,3.4909
prt,2016,3.4880
prt,2017,3.4774
prt,2018,3.4450
prt,2019,3.3898
prt,2020,3.3141
prt,2021,3.2318
prt,2022,3.1448
prt,2023,3.0535
prt,2024,2.9402
pry,1957,69.926
pry,1958,70.778
pry,1959,71.432
pry,1960,71.847
pry,1961,72.062
pry,1962,72.202
pry,1963,72.242
pry,1964,72.351
pry,1965,72.374
pry,1966,72.345
pry,1967,72.389
pry,1968,72.393
pry,1969,72.172
pry,1970,71.872
pry,1971,71.460
pry,1972,70.899
pry,1973,70.158
pry,1974,69.258
pry,1975,68.221
pry,1976,67.030
pry,1977,65.777
pry,1978,64.398
pry,1979,62.930
pry,1980,61.391
pry,1981,59.676
pry,1982,57.849
pry,1983,55.914
pry,1984,53.938
pry,1985,51.899
pry,1986,49.935
pry,1987,48.014
pry,1988,46.134
pry,1989,44.262
pry,1990,42.505
pry,1991,40.795
pry,1992,39.116
pry,1993,37.517
pry,1994,35.946
pry,1995,34.565
pry,1996,33.306
pry,1997,32.158
pry,1998,31.125
pry,1999,30.120
pry,2000,29.104
pry,2001,28.021
pry,2002,26.876
pry,2003,25.769
pry,2004,24.648
pry,2005,23.386
pry,2006,22.245
pry,2007,21.123
pry,2008,20.071
pry,2009,19.071
pry,2010,18.087
pry,2011,17.167
pry,2012,16.294
pry,2013,15.400
pry,2014,14.510
pry,2015,13.730
pry,2016,12.947
pry,2017,12.249
pry,2018,11.509
pry,2019,10.867
pry,2020,10.257
pry,2021,9.6883
pry,2022,9.1586
pry,2023,8.6624
pry,2024,8.1449
pse,1976,89.242
pse,1977,85.582
pse,1978,81.791
pse,1979,77.929
pse,1980,74.183
pse,1981,70.599
pse,1982,67.095
pse,1983,63.621
pse,1984,60.260
pse,1985,57.039
pse,1986,53.939
pse,1987,50.983
pse,1988,48.227
pse,1989,45.695
pse,1990,43.405
pse,1991,41.324
pse,1992,39.456
pse,1993,37.741
pse,1994,36.237
pse,1995,34.827
pse,1996,33.510
pse,1997,32.246
pse,1998,31.078
pse,1999,29.976
pse,2000,28.933
pse,2001,27.986
pse,2002,27.092
pse,2003,26.221
pse,2004,25.378
pse,2005,24.542
pse,2006,23.739
pse,2007,22.873
pse,2008,21.997
pse,2009,21.151
pse,2010,20.290
pse,2011,19.440
pse,2012,18.611
pse,2013,17.782
pse,2014,16.938
pse,2015,18.679
pse,2016,15.191
pse,2017,14.378
pse,2018,13.573
pse,2019,12.810
pse,2020,12.047
pse,2021,11.334
pse,2022,10.716
pse,2023,10.054
pse,2024,18.132
qat,1970,53.272
qat,1971,50.863
qat,1972,48.516
qat,1973,45.996
qat,1974,43.608
qat,1975,41.235
qat,1976,38.977
qat,1977,36.843
qat,1978,34.985
qat,1979,33.226
qat,1980,31.653
qat,1981,30.210
qat,1982,28.918
qat,1983,27.723
qat,1984,26.693
qat,1985,25.666
qat,1986,24.640
qat,1987,23.623
qat,1988,22.619
qat,1989,21.590
qat,1990,20.537
qat,1991,19.478
qat,1992,18.398
qat,1993,17.307
qat,1994,16.269
qat,1995,15.347
qat,1996,14.557
qat,1997,13.887
qat,1998,13.297
qat,1999,12.782
qat,2000,12.314
qat,2001,11.867
qat,2002,11.430
qat,2003,11.010
qat,2004,10.620
qat,2005,10.252
qat,2006,9.9095
qat,2007,9.6172
qat,2008,9.3514
qat,2009,9.1102
qat,2010,8.8936
qat,2011,8.6925
qat,2012,8.5003
qat,2013,8.2941
qat,2014,8.0697
qat,2015,7.8054
qat,2016,7.5151
qat,2017,7.2008
qat,2018,6.8913
qat,2019,6.6004
qat,2020,6.3415
qat,2021,6.1308
qat,2022,5.9454
qat,2023,5.7551
qat,2024,5.5502
rks,1986,91.397
rks,1987,89.826
rks,1988,87.849
rks,1989,85.648
rks,1990,82.830
rks,1991,79.921
rks,1992,76.647
rks,1993,72.825
rks,1994,68.712
rks,1995,64.571
rks,1996,60.420
rks,1997,56.199
rks,1998,51.969
rks,1999,47.935
rks,2000,43.971
rks,2001,40.222
rks,2002,36.770
rks,2003,33.464
rks,2004,30.549
rks,2005,27.826
rks,2006,25.420
rks,2007,23.290
rks,2008,21.343
rks,2009,19.625
rks,2010,18.127
rks,2011,16.831
rks,2012,15.713
rks,2013,14.761
rks,2014,13.924
rks,2015,13.247
rks,2016,12.644
rks,2017,12.115
rks,2018,11.620
rks,2019,11.041
rks,2020,10.325
rks,2021,9.5065
rks,2022,8.7616
rks,2023,8.0614
rks,2024,7.4232
rou,1956,79.265
rou,1957,86.307
rou,1958,89.865
rou,1959,91.715
rou,1960,90.847
rou,1961,85.956
rou,1962,77.939
rou,1963,68.039
rou,1964,58.948
rou,1965,53.063
rou,1966,53.030
rou,1967,56.945
rou,1968,61.068
rou,1969,62.908
rou,1970,60.773
rou,1971,55.519
rou,1972,49.345
rou,1973,45.164
rou,1974,43.918
rou,1975,43.150
rou,1976,41.741
rou,1977,39.553
rou,1978,37.622
rou,1979,36.566
rou,1980,35.577
rou,1981,34.724
rou,1982,33.574
rou,1983,31.995
rou,1984,30.663
rou,1985,29.974
rou,1986,30.859
rou,1987,32.506
rou,1988,33.615
rou,1989,33.560
rou,1990,32.278
rou,1991,30.639
rou,1992,28.983
rou,1993,27.728
rou,1994,27.238
rou,1995,26.895
rou,1996,26.673
rou,1997,26.125
rou,1998,25.118
rou,1999,23.811
rou,2000,22.277
rou,2001,21.069
rou,2002,20.147
rou,2003,19.611
rou,2004,19.436
rou,2005,18.888
rou,2006,17.769
rou,2007,16.210
rou,2008,14.725
rou,2009,13.637
rou,2010,12.738
rou,2011,12.097
rou,2012,11.525
rou,2013,10.925
rou,2014,10.307
rou,2015,9.6123
rou,2016,8.9763
rou,2017,8.3388
rou,2018,7.6779
rou,2019,7.0855
rou,2020,6.6044
rou,2021,6.4008
rou,2022,6.3600
rou,2023,6.3985
rou,2024,6.3284
rus,1959,45.776
rus,1960,43.994
rus,1961,42.008
rus,1962,39.807
rus,1963,37.572
rus,1964,35.445
rus,1965,33.523
rus,1966,31.912
rus,1967,30.518
rus,1968,29.382
rus,1969,28.481
rus,1970,27.765
rus,1971,27.244
rus,1972,26.817
rus,1973,26.535
rus,1974,26.335
rus,1975,26.250
rus,1976,26.213
rus,1977,26.244
rus,1978,26.389
rus,1979,26.540
rus,1980,26.635
rus,1981,26.608
rus,1982,26.416
rus,1983,26.102
rus,1984,25.682
rus,1985,25.157
rus,1986,24.536
rus,1987,23.788
rus,1988,22.985
rus,1989,22.200
rus,1990,21.589
rus,1991,21.257
rus,1992,21.143
rus,1993,21.290
rus,1994,21.511
rus,1995,21.620
rus,1996,21.538
rus,1997,21.261
rus,1998,20.900
rus,1999,20.428
rus,2000,19.796
rus,2001,19.015
rus,2002,18.052
rus,2003,16.969
rus,2004,15.817
rus,2005,14.675
rus,2006,13.605
rus,2007,12.612
rus,2008,11.756
rus,2009,11.050
rus,2010,10.539
rus,2011,10.220
rus,2012,9.9605
rus,2013,9.6788
rus,2014,9.2934
rus,2015,8.7568
rus,2016,8.0977
rus,2017,7.4003
rus,2018,6.7638
rus,2019,6.2082
rus,2020,5.7056
rus,2021,5.2383
rus,2022,4.8012
rus,2023,4.3902
rus,2024,4.0012
rwa,1957,195.42
rwa,1958,202.63
rwa,1959,205.26
rwa,1960,202.81
rwa,1961,199.02
rwa,1962,194.89
rwa,1963,192.82
rwa,1964,191.76
rwa,1965,191.61
rwa,1966,192.26
rwa,1967,193.31
rwa,1968,195.99
rwa,1969,199.29
rwa,1970,202.70
rwa,1971,205.75
rwa,1972,208.77
rwa,1973,212.27
rwa,1974,216.31
rwa,1975,222.44
rwa,1976,229.00
rwa,1977,233.13
rwa,1978,233.62
rwa,1979,228.64
rwa,1980,217.93
rwa,1981,203.20
rwa,1982,187.34
rwa,1983,173.50
rwa,1984,162.04
rwa,1985,154.57
rwa,1986,149.91
rwa,1987,145.92
rwa,1988,141.98
rwa,1989,139.12
rwa,1990,138.70
rwa,1991,142.11
rwa,1992,150.48
rwa,1993,164.59
rwa,1994,180.77
rwa,1995,364.10
rwa,1996,204.56
rwa,1997,208.26
rwa,1998,208.54
rwa,1999,201.85
rwa,2000,189.36
rwa,2001,173.08
rwa,2002,155.65
rwa,2003,139.24
rwa,2004,123.94
rwa,2005,109.67
rwa,2006,97.122
rwa,2007,86.238
rwa,2008,77.511
rwa,2009,69.634
rwa,2010,62.941
rwa,2011,57.039
rwa,2012,51.722
rwa,2013,47.684
rwa,2014,44.533
rwa,2015,42.203
rwa,2016,40.372
rwa,2017,38.703
rwa,2018,37.387
rwa,2019,36.371
rwa,2020,35.579
rwa,2021,34.881
rwa,2022,34.021
rwa,2023,32.846
rwa,2024,30.958
sau,1973,119.82
sau,1974,114.50
sau,1975,108.66
sau,1976,102.72
sau,1977,96.950
sau,1978,91.136
sau,1979,85.610
sau,1980,80.170
sau,1981,75.094
sau,1982,70.323
sau,1983,65.900
sau,1984,61.537
sau,1985,57.554
sau,1986,53.661
sau,1987,49.978
sau,1988,46.577
sau,1989,43.248
sau,1990,40.117
sau,1991,37.094
sau,1992,34.337
sau,1993,31.828
sau,1994,29.649
sau,1995,27.775
sau,1996,26.140
sau,1997,24.695
sau,1998,23.407
sau,1999,22.195
sau,2000,21.026
sau,2001,19.854
sau,2002,18.715
sau,2003,17.634
sau,2004,16.619
sau,2005,15.623
sau,2006,14.675
sau,2007,13.774
sau,2008,12.924
sau,2009,12.116
sau,2010,11.371
sau,2011,10.680
sau,2012,10.037
sau,2013,9.4363
sau,2014,8.8551
sau,2015,8.2938
sau,2016,7.7385
sau,2017,7.1741
sau,2018,6.6409
sau,2019,6.1535
sau,2020,5.7374
sau,2021,5.3293
sau,2022,4.9592
sau,2023,4.6451
sau,2024,4.3348
sdn,1954,169.97
sdn,1955,169.75
sdn,1956,169.37
sdn,1957,168.55
sdn,1958,167.21
sdn,1959,165.80
sdn,1960,164.28
sdn,1961,162.58
sdn,1962,160.69
sdn,1963,158.71
sdn,1964,156.51
sdn,1965,154.51
sdn,1966,152.69
sdn,1967,150.88
sdn,1968,149.32
sdn,1969,147.98
sdn,1970,147.01
sdn,1971,146.22
sdn,1972,145.40
sdn,1973,144.72
sdn,1974,144.09
sdn,1975,143.14
sdn,1976,142.20
sdn,1977,141.15
sdn,1978,140.24
sdn,1979,139.16
sdn,1980,138.09
sdn,1981,137.05
sdn,1982,136.00
sdn,1983,135.04
sdn,1984,169.18
sdn,1985,167.28
sdn,1986,165.38
sdn,1987,129.81
sdn,1988,128.08
sdn,1989,126.20
sdn,1990,124.13
sdn,1991,122.03
sdn,1992,119.83
sdn,1993,117.53
sdn,1994,115.17
sdn,1995,112.71
sdn,1996,110.02
sdn,1997,107.39
sdn,1998,104.43
sdn,1999,101.44
sdn,2000,98.217
sdn,2001,94.915
sdn,2002,91.516
sdn,2003,88.083
sdn,2004,84.810
sdn,2005,93.086
sdn,2006,90.529
sdn,2007,75.598
sdn,2008,72.918
sdn,2009,70.310
sdn,2010,67.874
sdn,2011,65.413
sdn,2012,62.948
sdn,2013,60.552
sdn,2014,58.098
sdn,2015,55.570
sdn,2016,53.054
sdn,2017,50.400
sdn,2018,47.598
sdn,2019,44.853
sdn,2020,42.171
sdn,2021,39.630
sdn,2022,37.189
sdn,2023,34.754
sdn,2024,32.541
sen,1945,275.83
sen,1946,284.24
sen,1947,291.23
sen,1948,295.42
sen,1949,297.70
sen,1950,297.96
sen,1951,296.75
sen,1952,294.04
sen,1953,291.00
sen,1954,287.05
sen,1955,282.65
sen,1956,278.05
sen,1957,273.97
sen,1958,271.05
sen,1959,268.62
sen,1960,267.74
sen,1961,267.68
sen,1962,269.30
sen,1963,271.22
sen,1964,273.32
sen,1965,275.39
sen,1966,276.52
sen,1967,277.17
sen,1968,276.83
sen,1969,275.82
sen,1970,274.24
sen,1971,271.29
sen,1972,267.09
sen,1973,261.43
sen,1974,254.80
sen,1975,247.31
sen,1976,238.67
sen,1977,229.00
sen,1978,218.90
sen,1979,209.10
sen,1980,200.31
sen,1981,192.95
sen,1982,186.92
sen,1983,181.39
sen,1984,175.69
sen,1985,169.48
sen,1986,162.35
sen,1987,154.45
sen,1988,146.53
sen,1989,139.52
sen,1990,134.13
sen,1991,130.58
sen,1992,128.84
sen,1993,128.39
sen,1994,128.75
sen,1995,129.76
sen,1996,130.74
sen,1997,131.46
sen,1998,131.35
sen,1999,130.06
sen,2000,127.10
sen,2001,122.28
sen,2002,115.60
sen,2003,107.32
sen,2004,98.742
sen,2005,90.603
sen,2006,82.921
sen,2007,76.360
sen,2008,70.720
sen,2009,66.003
sen,2010,62.055
sen,2011,58.892
sen,2012,56.189
sen,2013,53.829
sen,2014,51.871
sen,2015,50.169
sen,2016,48.556
sen,2017,47.133
sen,2018,45.608
sen,2019,43.869
sen,2020,41.892
sen,2021,39.625
sen,2022,36.939
sen,2023,34.083
sen,2024,31.461
sgp,1955,72.817
sgp,1956,69.397
sgp,1957,64.857
sgp,1958,60.199
sgp,1959,55.521
sgp,1960,51.001
sgp,1961,46.590
sgp,1962,42.815
sgp,1963,39.637
sgp,1964,37.270
sgp,1965,35.669
sgp,1966,34.189
sgp,1967,32.704
sgp,1968,31.066
sgp,1969,29.404
sgp,1970,27.920
sgp,1971,26.445
sgp,1972,24.996
sgp,1973,23.266
sgp,1974,21.229
sgp,1975,18.960
sgp,1976,16.806
sgp,1977,15.489
sgp,1978,14.857
sgp,1979,14.590
sgp,1980,14.427
sgp,1981,14.083
sgp,1982,13.529
sgp,1983,12.741
sgp,1984,11.869
sgp,1985,11.144
sgp,1986,10.500
sgp,1987,9.9443
sgp,1988,9.3835
sgp,1989,8.7531
sgp,1990,8.0729
sgp,1991,7.3570
sgp,1992,6.6676
sgp,1993,6.0317
sgp,1994,5.5023
sgp,1995,5.1164
sgp,1996,4.8110
sgp,1997,4.5756
sgp,1998,4.3557
sgp,1999,4.1258
sgp,2000,3.8925
sgp,2001,3.6459
sgp,2002,3.4086
sgp,2003,3.1903
sgp,2004,3.0039
sgp,2005,2.8704
sgp,2006,2.7673
sgp,2007,2.7108
sgp,2008,2.6801
sgp,2009,2.6593
sgp,2010,2.6512
sgp,2011,2.6425
sgp,2012,2.6306
sgp,2013,2.6069
sgp,2014,2.5814
sgp,2015,2.5614
sgp,2016,2.5315
sgp,2017,2.4934
sgp,2018,2.4398
sgp,2019,2.3600
sgp,2020,2.2680
sgp,2021,2.1566
sgp,2022,2.0264
sgp,2023,1.8757
sgp,2024,1.7209
slb,1944,211.73
slb,1945,213.53
slb,1946,214.08
slb,1947,213.90
slb,1948,212.74
slb,1949,210.73
slb,1950,208.18
slb,1951,204.59
slb,1952,200.30
slb,1953,195.26
slb,1954,190.10
slb,1955,184.55
slb,1956,179.01
slb,1957,173.04
slb,1958,167.26
slb,1959,161.20
slb,1960,154.99
slb,1961,148.82
slb,1962,142.84
slb,1963,136.50
slb,1964,130.34
slb,1965,123.98
slb,1966,117.51
slb,1967,111.18
slb,1968,105.12
slb,1969,98.926
slb,1970,92.545
slb,1971,86.138
slb,1972,80.102
slb,1973,74.379
slb,1974,69.261
slb,1975,64.475
slb,1976,66.826
slb,1977,56.421
slb,1978,53.095
slb,1979,50.067
slb,1980,47.323
slb,1981,44.971
slb,1982,42.970
slb,1983,41.252
slb,1984,39.765
slb,1985,38.580
slb,1986,37.496
slb,1987,36.551
slb,1988,35.713
slb,1989,34.973
slb,1990,34.188
slb,1991,33.391
slb,1992,32.651
slb,1993,31.919
slb,1994,31.119
slb,1995,30.389
slb,1996,29.697
slb,1997,29.141
slb,1998,28.646
slb,1999,28.206
slb,2000,27.812
slb,2001,27.417
slb,2002,27.102
slb,2003,26.801
slb,2004,26.529
slb,2005,26.252
slb,2006,25.960
slb,2007,25.632
slb,2008,25.213
slb,2009,24.762
slb,2010,24.221
slb,2011,23.579
slb,2012,22.943
slb,2013,22.228
slb,2014,21.542
slb,2015,20.898
slb,2016,20.213
slb,2017,19.548
slb,2018,18.806
slb,2019,18.059
slb,2020,17.255
slb,2021,16.381
slb,2022,15.530
slb,2023,14.661
slb,2024,13.863
sle,1957,341.65
sle,1958,344.43
sle,1959,346.50
sle,1960,347.44
sle,1961,348.02
sle,1962,346.94
sle,1963,344.72
sle,1964,340.94
sle,1965,336.34
sle,1966,331.30
sle,1967,325.82
sle,1968,319.86
sle,1969,314.15
sle,1970,307.95
sle,1971,302.53
sle,1972,297.42
sle,1973,292.36
sle,1974,287.79
sle,1975,283.32
sle,1976,279.33
sle,1977,274.79
sle,1978,270.87
sle,1979,267.07
sle,1980,262.88
sle,1981,259.46
sle,1982,256.22
sle,1983,253.62
sle,1984,251.20
sle,1985,248.83
sle,1986,246.79
sle,1987,244.97
sle,1988,243.30
sle,1989,241.81
sle,1990,240.22
sle,1991,239.14
sle,1992,238.03
sle,1993,236.50
sle,1994,234.88
sle,1995,232.73
sle,1996,229.90
sle,1997,226.58
sle,1998,222.63
sle,1999,218.39
sle,2000,213.96
sle,2001,209.03
sle,2002,203.85
sle,2003,198.69
sle,2004,193.24
sle,2005,187.41
sle,2006,181.42
sle,2007,175.18
sle,2008,168.69
sle,2009,161.83
sle,2010,154.84
sle,2011,147.84
sle,2012,140.93
sle,2013,134.40
sle,2014,128.11
sle,2015,125.58
sle,2016,125.33
sle,2017,110.67
sle,2018,105.12
sle,2019,99.741
sle,2020,94.437
sle,2021,89.128
sle,2022,83.892
sle,2023,78.816
sle,2024,73.931
slv,1956,163.48
slv,1957,164.67
slv,1958,165.06
slv,1959,165.24
slv,1960,164.75
slv,1961,163.66
slv,1962,161.85
slv,1963,159.27
slv,1964,156.39
slv,1965,153.37
slv,1966,150.03
slv,1967,147.01
slv,1968,143.66
slv,1969,140.54
slv,1970,137.35
slv,1971,134.12
slv,1972,130.81
slv,1973,127.28
slv,1974,123.53
slv,1975,119.76
slv,1976,115.82
slv,1977,111.89
slv,1978,107.55
slv,1979,103.23
slv,1980,98.669
slv,1981,112.11
slv,1982,90.000
slv,1983,85.688
slv,1984,81.195
slv,1985,76.832
slv,1986,72.477
slv,1987,68.220
slv,1988,64.321
slv,1989,60.761
slv,1990,57.434
slv,1991,54.300
slv,1992,51.288
slv,1993,48.343
slv,1994,45.494
slv,1995,42.841
slv,1996,40.224
slv,1997,37.756
slv,1998,35.360
slv,1999,33.132
slv,2000,31.022
slv,2001,29.114
slv,2002,27.340
slv,2003,25.683
slv,2004,24.132
slv,2005,22.641
slv,2006,21.233
slv,2007,19.952
slv,2008,18.727
slv,2009,17.580
slv,2010,16.532
slv,2011,15.530
slv,2012,14.565
slv,2013,13.646
slv,2014,12.724
slv,2015,11.871
slv,2016,11.061
slv,2017,10.301
slv,2018,9.5721
slv,2019,8.9029
slv,2020,8.2765
slv,2021,7.7074
slv,2022,7.2278
slv,2023,6.7838
slv,2024,6.4018
smr,1986,8.4477
smr,1987,8.2443
smr,1988,8.0409
smr,1989,7.8715
smr,1990,7.6259
smr,1991,7.3872
smr,1992,7.0792
smr,1993,6.7650
smr,1994,6.4098
smr,1995,6.0698
smr,1996,5.6901
smr,1997,5.3085
smr,1998,4.9276
smr,1999,4.5602
smr,2000,4.1836
smr,2001,3.8440
smr,2002,3.5295
smr,2003,3.2403
smr,2004,2.9877
smr,2005,2.7638
smr,2006,2.5580
smr,2007,2.3662
smr,2008,2.1957
smr,2009,2.0390
smr,2010,1.8932
smr,2011,1.7507
smr,2012,1.6213
smr,2013,1.5080
smr,2014,1.3980
smr,2015,1.2880
smr,2016,1.1750
smr,2017,1.0763
smr,2018,0.98838
smr,2019,0.91463
smr,2020,0.85268
smr,2021,0.79923
smr,2022,0.75429
smr,2023,0.70756
smr,2024,0.66685
som,1983,141.99
som,1984,146.59
som,1985,149.61
som,1986,151.95
som,1987,153.32
som,1988,153.82
som,1989,153.00
som,1990,151.93
som,1991,148.09
som,1992,358.28
som,1993,362.49
som,1994,135.92
som,1995,135.48
som,1996,135.47
som,1997,135.47
som,1998,135.47
som,1999,135.47
som,2000,135.47
som,2001,135.47
som,2002,135.47
som,2003,135.47
som,2004,135.47
som,2005,135.47
som,2006,135.41
som,2007,134.45
som,2008,131.14
som,2009,125.40
som,2010,118.39
som,2011,131.38
som,2012,245.31
som,2013,121.57
som,2014,91.307
som,2015,85.493
som,2016,79.741
som,2017,74.803
som,2018,87.438
som,2019,73.728
som,2020,61.943
som,2021,57.967
som,2022,54.546
som,2023,68.263
som,2024,48.315
srb,1985,37.624
srb,1986,37.814
srb,1987,36.930
srb,1988,35.076
srb,1989,32.829
srb,1990,30.322
srb,1991,27.809
srb,1992,25.448
srb,1993,23.702
srb,1994,22.444
srb,1995,20.814
srb,1996,18.986
srb,1997,16.972
srb,1998,15.080
srb,1999,13.745
srb,2000,12.820
srb,2001,12.252
srb,2002,11.668
srb,2003,10.979
srb,2004,10.215
srb,2005,9.3802
srb,2006,8.6890
srb,2007,8.1821
srb,2008,7.8572
srb,2009,7.6759
srb,2010,7.4945
srb,2011,7.3143
srb,2012,7.0907
srb,2013,6.8348
srb,2014,6.5825
srb,2015,6.3140
srb,2016,6.0753
srb,2017,5.8519
srb,2018,5.6694
srb,2019,5.5447
srb,2020,5.4172
srb,2021,5.3055
srb,2022,5.1785
srb,2023,5.0481
srb,2024,4.8712
ssd,1955,295.82
ssd,1956,297.64
ssd,1957,295.57
ssd,1958,290.74
ssd,1959,282.70
ssd,1960,276.46
ssd,1961,269.81
ssd,1962,262.97
ssd,1963,256.92
ssd,1964,251.58
ssd,1965,246.53
ssd,1966,242.31
ssd,1967,238.93
ssd,1968,235.67
ssd,1969,233.93
ssd,1970,231.95
ssd,1971,231.44
ssd,1972,229.90
ssd,1973,229.26
ssd,1974,228.92
ssd,1975,228.54
ssd,1976,228.52
ssd,1977,229.16
ssd,1978,228.27
ssd,1979,227.34
ssd,1980,226.74
ssd,1981,226.52
ssd,1982,225.87
ssd,1983,225.20
ssd,1984,223.86
ssd,1985,222.09
ssd,1986,219.94
ssd,1987,217.75
ssd,1988,295.08
ssd,1989,632.61
ssd,1990,253.65
ssd,1991,250.49
ssd,1992,246.08
ssd,1993,279.57
ssd,1994,274.40
ssd,1995,191.24
ssd,1996,224.82
ssd,1997,218.36
ssd,1998,211.60
ssd,1999,358.16
ssd,2000,162.00
ssd,2001,155.17
ssd,2002,147.81
ssd,2003,140.52
ssd,2004,133.30
ssd,2005,125.88
ssd,2006,118.40
ssd,2007,110.65
ssd,2008,102.77
ssd,2009,94.057
ssd,2010,85.690
ssd,2011,77.959
ssd,2012,70.874
ssd,2013,65.207
ssd,2014,60.183
ssd,2015,104.06
ssd,2016,126.04
ssd,2017,132.20
ssd,2018,129.47
ssd,2019,57.498
ssd,2020,39.857
ssd,2021,36.865
ssd,2022,33.818
ssd,2023,31.131
ssd,2024,28.631
stp,1966,68.322
stp,1967,68.389
stp,1968,68.015
stp,1969,67.742
stp,1970,67.588
stp,1971,67.949
stp,1972,68.839
stp,1973,69.764
stp,1974,70.692
stp,1975,71.621
stp,1976,72.422
stp,1977,73.094
stp,1978,73.840
stp,1979,74.814
stp,1980,75.797
stp,1981,77.199
stp,1982,78.661
stp,1983,80.572
stp,1984,82.705
stp,1985,85.005
stp,1986,87.234
stp,1987,99.627
stp,1988,91.289
stp,1989,92.972
stp,1990,94.407
stp,1991,95.547
stp,1992,96.334
stp,1993,96.548
stp,1994,95.987
stp,1995,94.777
stp,1996,92.683
stp,1997,89.949
stp,1998,86.155
stp,1999,81.867
stp,2000,77.241
stp,2001,72.369
stp,2002,67.328
stp,2003,62.307
stp,2004,57.351
stp,2005,52.532
stp,2006,47.880
stp,2007,43.589
stp,2008,39.614
stp,2009,35.948
stp,2010,32.446
stp,2011,29.316
stp,2012,26.249
stp,2013,23.441
stp,2014,20.870
stp,2015,18.454
stp,2016,16.281
stp,2017,14.365
stp,2018,12.770
stp,2019,11.391
stp,2020,10.394
stp,2021,9.5615
stp,2022,8.8895
stp,2023,8.2838
stp,2024,7.7010
sur,1984,43.516
sur,1985,43.198
sur,1986,42.666
sur,1987,42.004
sur,1988,41.248
sur,1989,40.306
sur,1990,39.295
sur,1991,38.209
sur,1992,37.064
sur,1993,35.892
sur,1994,34.688
sur,1995,33.431
sur,1996,32.177
sur,1997,30.896
sur,1998,29.648
sur,1999,28.397
sur,2000,27.207
sur,2001,26.116
sur,2002,25.111
sur,2003,24.128
sur,2004,23.274
sur,2005,22.441
sur,2006,21.680
sur,2007,20.972
sur,2008,20.339
sur,2009,19.664
sur,2010,18.976
sur,2011,18.326
sur,2012,17.704
sur,2013,17.050
sur,2014,16.355
sur,2015,15.581
sur,2016,14.884
sur,2017,14.195
sur,2018,13.525
sur,2019,12.868
sur,2020,12.200
sur,2021,11.598
sur,2022,10.980
sur,2023,10.431
sur,2024,9.8385
svk,1951,102.45
svk,1952,90.950
svk,1953,80.328
svk,1954,70.669
svk,1955,61.955
svk,1956,54.595
svk,1957,48.595
svk,1958,43.751
svk,1959,39.887
svk,1960,36.790
svk,1961,34.404
svk,1962,32.549
svk,1963,31.161
svk,1964,30.236
svk,1965,29.586
svk,1966,29.117
svk,1967,28.803
svk,1968,28.528
svk,1969,28.307
svk,1970,28.111
svk,1971,27.893
svk,1972,27.620
svk,1973,27.250
svk,1974,26.825
svk,1975,26.297
svk,1976,25.665
svk,1977,24.952
svk,1978,24.161
svk,1979,23.360
svk,1980,22.539
svk,1981,21.765
svk,1982,21.031
svk,1983,20.287
svk,1984,19.523
svk,1985,18.690
svk,1986,17.831
svk,1987,16.976
svk,1988,16.191
svk,1989,15.534
svk,1990,14.940
svk,1991,14.410
svk,1992,13.889
svk,1993,13.347
svk,1994,12.784
svk,1995,12.207
svk,1996,11.663
svk,1997,11.138
svk,1998,10.635
svk,1999,10.163
svk,2000,9.7283
svk,2001,9.3565
svk,2002,9.0333
svk,2003,8.7719
svk,2004,8.5481
svk,2005,8.3078
svk,2006,8.0431
svk,2007,7.7442
svk,2008,7.4356
svk,2009,7.1448
svk,2010,6.8778
svk,2011,6.6529
svk,2012,6.4717
svk,2013,6.3286
svk,2014,6.2107
svk,2015,6.1010
svk,2016,5.9917
svk,2017,5.8892
svk,2018,5.7957
svk,2019,5.7342
svk,2020,5.7051
svk,2021,5.7102
svk,2022,5.7322
svk,2023,5.7365
svk,2024,5.7037
svn,1982,16.357
svn,1983,16.006
svn,1984,15.474
svn,1985,14.744
svn,1986,13.938
svn,1987,13.108
svn,1988,12.279
svn,1989,11.473
svn,1990,10.703
svn,1991,9.9850
svn,1992,9.2995
svn,1993,8.6648
svn,1994,8.0689
svn,1995,7.5126
svn,1996,6.9915
svn,1997,6.5291
svn,1998,6.1259
svn,1999,5.7696
svn,2000,5.4492
svn,2001,5.1568
svn,2002,4.8901
svn,2003,4.6382
svn,2004,4.3968
svn,2005,4.1731
svn,2006,3.9579
svn,2007,3.7480
svn,2008,3.5459
svn,2009,3.3511
svn,2010,3.1730
svn,2011,3.0093
svn,2012,2.8584
svn,2013,2.7228
svn,2014,2.6066
svn,2015,2.5082
svn,2016,2.4264
svn,2017,2.3606
svn,2018,2.3095
svn,2019,2.2607
svn,2020,2.2107
svn,2021,2.1576
svn,2022,2.0920
svn,2023,2.0222
svn,2024,1.9462
swe,1951,25.533
swe,1952,24.807
swe,1953,23.807
swe,1954,22.755
swe,1955,21.850
swe,1956,21.174
swe,1957,20.666
swe,1958,20.233
swe,1959,19.866
swe,1960,19.501
swe,1961,19.174
swe,1962,18.772
swe,1963,18.232
swe,1964,17.548
swe,1965,16.763
swe,1966,15.980
swe,1967,15.237
swe,1968,14.592
swe,1969,14.078
swe,1970,13.593
swe,1971,13.117
swe,1972,12.594
swe,1973,11.993
swe,1974,11.354
swe,1975,10.694
swe,1976,10.102
swe,1977,9.5828
swe,1978,9.1486
swe,1979,8.8085
swe,1980,8.4976
swe,1981,8.2237
swe,1982,7.9779
swe,1983,7.7678
swe,1984,7.6232
swe,1985,7.4963
swe,1986,7.3977
swe,1987,7.3014
swe,1988,7.2260
swe,1989,7.1481
swe,1990,7.0013
swe,1991,6.7632
swe,1992,6.4276
swe,1993,6.0017
swe,1994,5.5255
swe,1995,5.0545
swe,1996,4.6657
swe,1997,4.3797
swe,1998,4.1828
swe,1999,4.0661
swe,2000,3.9956
swe,2001,3.9511
swe,2002,3.9019
swe,2003,3.8310
swe,2004,3.7345
swe,2005,3.6066
swe,2006,3.4668
swe,2007,3.3252
swe,2008,3.1968
swe,2009,3.0936
swe,2010,3.0080
swe,2011,2.9484
swe,2012,2.9001
swe,2013,2.8605
swe,2014,2.8318
swe,2015,2.7961
swe,2016,2.7589
swe,2017,2.7128
swe,2018,2.6565
swe,2019,2.5958
swe,2020,2.5336
swe,2021,2.4827
swe,2022,2.4355
swe,2023,2.3786
swe,2024,2.3007
swz,1950,188.37
swz,1951,192.33
swz,1952,195.60
swz,1953,197.18
swz,1954,198.09
swz,1955,197.69
swz,1956,196.58
swz,1957,194.61
swz,1958,191.62
swz,1959,188.26
swz,1960,184.63
swz,1961,180.89
swz,1962,176.93
swz,1963,172.94
swz,1964,168.92
swz,1965,165.05
swz,1966,160.91
swz,1967,156.45
swz,1968,151.88
swz,1969,147.46
swz,1970,143.05
swz,1971,138.71
swz,1972,134.45
swz,1973,129.72
swz,1974,125.28
swz,1975,120.72
swz,1976,116.22
swz,1977,111.73
swz,1978,107.18
swz,1979,102.75
swz,1980,98.497
swz,1981,94.286
swz,1982,90.071
swz,1983,85.852
swz,1984,91.128
swz,1985,77.679
swz,1986,73.684
swz,1987,70.023
swz,1988,66.585
swz,1989,63.706
swz,1990,61.341
swz,1991,59.881
swz,1992,59.767
swz,1993,61.161
swz,1994,64.093
swz,1995,68.458
swz,1996,73.095
swz,1997,78.601
swz,1998,83.949
swz,1999,89.340
swz,2000,94.371
swz,2001,98.906
swz,2002,102.07
swz,2003,103.57
swz,2004,104.74
swz,2005,104.93
swz,2006,104.09
swz,2007,94.798
swz,2008,89.505
swz,2009,87.419
swz,2010,81.850
swz,2011,71.882
swz,2012,59.366
swz,2013,54.961
swz,2014,52.390
swz,2015,51.613
swz,2016,48.244
swz,2017,44.647
swz,2018,42.815
swz,2019,39.162
swz,2020,38.537
swz,2021,36.129
swz,2022,33.706
swz,2023,32.042
swz,2024,30.391
syc,1944,88.107
syc,1945,91.511
syc,1946,94.600
syc,1947,97.250
syc,1948,99.195
syc,1949,100.27
syc,1950,100.75
syc,1951,100.82
syc,1952,100.32
syc,1953,99.538
syc,1954,98.408
syc,1955,97.222
syc,1956,96.068
syc,1957,94.945
syc,1958,93.991
syc,1959,93.045
syc,1960,92.083
syc,1961,91.102
syc,1962,90.208
syc,1963,89.354
syc,1964,88.320
syc,1965,87.299
syc,1966,85.960
syc,1967,84.360
syc,1968,82.211
syc,1969,79.319
syc,1970,75.790
syc,1971,71.519
syc,1972,66.964
syc,1973,62.200
syc,1974,57.344
syc,1975,52.629
syc,1976,47.852
syc,1977,43.198
syc,1978,38.748
syc,1979,34.727
syc,1980,31.136
syc,1981,27.963
syc,1982,25.328
syc,1983,23.126
syc,1984,21.321
syc,1985,19.870
syc,1986,18.679
syc,1987,17.673
syc,1988,16.841
syc,1989,16.117
syc,1990,15.468
syc,1991,14.859
syc,1992,14.353
syc,1993,13.891
syc,1994,13.540
syc,1995,13.222
syc,1996,12.967
syc,1997,12.784
syc,1998,12.623
syc,1999,12.523
syc,2000,12.449
syc,2001,12.396
syc,2002,12.361
syc,2003,12.360
syc,2004,12.366
syc,2005,12.398
syc,2006,12.434
syc,2007,12.473
syc,2008,12.514
syc,2009,12.575
syc,2010,12.642
syc,2011,12.712
syc,2012,12.799
syc,2013,12.876
syc,2014,12.960
syc,2015,13.028
syc,2016,13.084
syc,2017,13.103
syc,2018,13.086
syc,2019,12.966
syc,2020,12.776
syc,2021,12.453
syc,2022,12.039
syc,2023,11.528
syc,2024,10.970
syr,1954,213.39
syr,1955,204.78
syr,1956,195.68
syr,1957,186.44
syr,1958,177.25
syr,1959,168.26
syr,1960,159.84
syr,1961,151.85
syr,1962,145.05
syr,1963,138.94
syr,1964,133.43
syr,1965,128.06
syr,1966,122.73
syr,1967,117.43
syr,1968,112.02
syr,1969,106.54
syr,1970,101.21
syr,1971,95.952
syr,1972,90.863
syr,1973,86.258
syr,1974,81.794
syr,1975,77.604
syr,1976,73.597
syr,1977,69.739
syr,1978,65.888
syr,1979,62.080
syr,1980,58.374
syr,1981,54.878
syr,1982,57.436
syr,1983,63.965
syr,1984,46.098
syr,1985,43.687
syr,1986,41.538
syr,1987,39.647
syr,1988,37.920
syr,1989,36.401
syr,1990,34.946
syr,1991,33.570
syr,1992,32.163
syr,1993,30.741
syr,1994,29.258
syr,1995,27.840
syr,1996,26.497
syr,1997,25.227
syr,1998,23.977
syr,1999,22.848
syr,2000,21.788
syr,2001,20.850
syr,2002,20.006
syr,2003,19.329
syr,2004,18.712
syr,2005,18.201
syr,2006,17.745
syr,2007,17.304
syr,2008,16.882
syr,2009,16.436
syr,2010,15.983
syr,2011,15.513
syr,2012,17.094
syr,2013,25.609
syr,2014,26.337
syr,2015,24.141
syr,2016,23.955
syr,2017,19.742
syr,2018,19.071
syr,2019,17.988
syr,2020,13.284
syr,2021,11.555
syr,2022,10.603
syr,2023,10.501
syr,2024,10.050
tca,1960,124.62
tca,1961,117.38
tca,1962,109.96
tca,1963,101.77
tca,1964,93.786
tca,1965,86.682
tca,1966,80.394
tca,1967,74.686
tca,1968,69.598
tca,1969,64.916
tca,1970,60.960
tca,1971,57.385
tca,1972,54.181
tca,1973,51.089
tca,1974,47.961
tca,1975,44.904
tca,1976,41.715
tca,1977,38.650
tca,1978,35.521
tca,1979,32.516
tca,1980,29.706
tca,1981,27.154
tca,1982,24.873
tca,1983,22.864
tca,1984,21.010
tca,1985,19.375
tca,1986,17.867
tca,1987,16.595
tca,1988,15.421
tca,1989,14.397
tca,1990,13.489
tca,1991,12.637
tca,1992,11.932
tca,1993,11.318
tca,1994,10.748
tca,1995,10.273
tca,1996,9.8557
tca,1997,9.4731
tca,1998,9.2090
tca,1999,8.9676
tca,2000,8.7424
tca,2001,8.5510
tca,2002,8.3537
tca,2003,8.1975
tca,2004,7.9337
tca,2005,7.6057
tca,2006,7.1898
tca,2007,6.7249
tca,2008,6.2376
tca,2009,5.7750
tca,2010,5.3258
tca,2011,4.9087
tca,2012,4.5207
tca,2013,4.1375
tca,2014,3.7636
tca,2015,3.4331
tca,2016,3.1393
tca,2017,2.8748
tca,2018,2.6167
tca,2019,2.4040
tca,2020,2.2357
tca,2021,2.0963
tca,2022,1.9787
tca,2023,1.8697
tca,2024,1.7845
tcd,1945,232.57
tcd,1946,235.14
tcd,1947,237.68
tcd,1948,239.58
tcd,1949,240.86
tcd,1950,241.92
tcd,1951,242.83
tcd,1952,242.81
tcd,1953,242.99
tcd,1954,242.33
tcd,1955,241.65
tcd,1956,240.79
tcd,1957,239.84
tcd,1958,238.47
tcd,1959,237.02
tcd,1960,235.65
tcd,1961,234.01
tcd,1962,232.71
tcd,1963,231.65
tcd,1964,230.05
tcd,1965,229.20
tcd,1966,228.09
tcd,1967,227.47
tcd,1968,226.51
tcd,1969,225.85
tcd,1970,225.58
tcd,1971,225.30
tcd,1972,224.87
tcd,1973,224.52
tcd,1974,223.94
tcd,1975,223.14
tcd,1976,222.51
tcd,1977,221.93
tcd,1978,220.89
tcd,1979,219.95
tcd,1980,218.81
tcd,1981,217.44
tcd,1982,215.99
tcd,1983,214.13
tcd,1984,212.14
tcd,1985,210.18
tcd,1986,207.93
tcd,1987,205.67
tcd,1988,203.47
tcd,1989,200.88
tcd,1990,198.48
tcd,1991,195.98
tcd,1992,193.46
tcd,1993,190.87
tcd,1994,188.58
tcd,1995,186.25
tcd,1996,183.93
tcd,1997,181.37
tcd,1998,178.73
tcd,1999,175.87
tcd,2000,172.76
tcd,2001,169.73
tcd,2002,166.38
tcd,2003,163.13
tcd,2004,159.77
tcd,2005,156.44
tcd,2006,153.02
tcd,2007,149.38
tcd,2008,145.52
tcd,2009,141.62
tcd,2010,137.48
tcd,2011,133.26
tcd,2012,128.84
tcd,2013,124.17
tcd,2014,119.52
tcd,2015,114.95
tcd,2016,110.28
tcd,2017,105.12
tcd,2018,99.684
tcd,2019,94.134
tcd,2020,88.380
tcd,2021,82.818
tcd,2022,77.735
tcd,2023,72.799
tcd,2024,68.374
tgo,1945,237.32
tgo,1946,240.68
tgo,1947,243.54
tgo,1948,246.48
tgo,1949,248.63
tgo,1950,250.37
tgo,1951,251.36
tgo,1952,251.35
tgo,1953,251.14
tgo,1954,250.45
tgo,1955,249.38
tgo,1956,248.32
tgo,1957,246.88
tgo,1958,245.37
tgo,1959,243.29
tgo,1960,241.40
tgo,1961,239.12
tgo,1962,236.60
tgo,1963,233.91
tgo,1964,231.20
tgo,1965,228.27
tgo,1966,224.90
tgo,1967,221.58
tgo,1968,217.85
tgo,1969,214.10
tgo,1970,210.18
tgo,1971,206.13
tgo,1972,201.98
tgo,1973,197.68
tgo,1974,193.30
tgo,1975,189.19
tgo,1976,184.99
tgo,1977,180.63
tgo,1978,176.44
tgo,1979,172.34
tgo,1980,168.15
tgo,1981,164.20
tgo,1982,160.22
tgo,1983,156.53
tgo,1984,153.22
tgo,1985,150.17
tgo,1986,147.28
tgo,1987,144.64
tgo,1988,142.23
tgo,1989,140.16
tgo,1990,138.30
tgo,1991,136.62
tgo,1992,134.93
tgo,1993,133.11
tgo,1994,131.22
tgo,1995,129.08
tgo,1996,126.70
tgo,1997,124.00
tgo,1998,121.07
tgo,1999,118.02
tgo,2000,114.91
tgo,2001,111.59
tgo,2002,108.10
tgo,2003,104.69
tgo,2004,101.36
tgo,2005,98.151
tgo,2006,95.037
tgo,2007,92.063
tgo,2008,89.290
tgo,2009,86.559
tgo,2010,83.805
tgo,2011,81.002
tgo,2012,78.088
tgo,2013,75.237
tgo,2014,72.281
tgo,2015,69.239
tgo,2016,66.191
tgo,2017,63.113
tgo,2018,60.218
tgo,2019,57.049
tgo,2020,53.901
tgo,2021,50.664
tgo,2022,47.509
tgo,2023,44.399
tgo,2024,41.527
tha,1950,177.12
tha,1951,174.54
tha,1952,171.30
tha,1953,167.54
tha,1954,163.43
tha,1955,159.44
tha,1956,155.32
tha,1957,151.11
tha,1958,146.92
tha,1959,142.65
tha,1960,138.60
tha,1961,134.54
tha,1962,130.45
tha,1963,126.29
tha,1964,122.07
tha,1965,118.03
tha,1966,113.94
tha,1967,109.75
tha,1968,105.47
tha,1969,101.22
tha,1970,96.955
tha,1971,92.731
tha,1972,88.552
tha,1973,84.292
tha,1974,80.144
tha,1975,76.169
tha,1976,72.315
tha,1977,68.743
tha,1978,65.433
tha,1979,62.338
tha,1980,59.421
tha,1981,56.764
tha,1982,54.242
tha,1983,51.852
tha,1984,49.610
tha,1985,47.370
tha,1986,45.137
tha,1987,42.972
tha,1988,40.789
tha,1989,38.646
tha,1990,36.535
tha,1991,34.450
tha,1992,32.411
tha,1993,30.444
tha,1994,28.644
tha,1995,26.983
tha,1996,25.455
tha,1997,24.038
tha,1998,22.757
tha,1999,21.495
tha,2000,20.288
tha,2001,19.196
tha,2002,18.207
tha,2003,17.274
tha,2004,16.380
tha,2005,15.607
tha,2006,14.856
tha,2007,14.184
tha,2008,13.526
tha,2009,12.979
tha,2010,12.470
tha,2011,11.970
tha,2012,11.533
tha,2013,11.158
tha,2014,10.821
tha,2015,10.525
tha,2016,10.277
tha,2017,10.024
tha,2018,9.7781
tha,2019,9.5612
tha,2020,9.3420
tha,2021,9.1069
tha,2022,8.8535
tha,2023,8.5690
tha,2024,8.2448
tjk,1973,115.75
tjk,1974,116.20
tjk,1975,114.53
tjk,1976,112.79
tjk,1977,111.42
tjk,1978,109.96
tjk,1979,109.27
tjk,1980,108.80
tjk,1981,108.36
tjk,1982,107.78
tjk,1983,106.59
tjk,1984,104.88
tjk,1985,102.39
tjk,1986,99.690
tjk,1987,96.861
tjk,1988,93.966
tjk,1989,91.479
tjk,1990,89.803
tjk,1991,90.309
tjk,1992,93.136
tjk,1993,96.657
tjk,1994,99.581
tjk,1995,100.76
tjk,1996,99.230
tjk,1997,95.208
tjk,1998,89.726
tjk,1999,84.112
tjk,2000,77.933
tjk,2001,71.775
tjk,2002,65.684
tjk,2003,59.874
tjk,2004,54.731
tjk,2005,49.993
tjk,2006,45.950
tjk,2007,42.370
tjk,2008,39.293
tjk,2009,36.831
tjk,2010,34.769
tjk,2011,32.826
tjk,2012,31.074
tjk,2013,29.537
tjk,2014,28.272
tjk,2015,27.212
tjk,2016,26.212
tjk,2017,25.282
tjk,2018,24.474
tjk,2019,23.959
tjk,2020,23.592
tjk,2021,23.243
tjk,2022,22.608
tjk,2023,21.628
tjk,2024,20.487
tkm,1978,105.55
tkm,1979,104.18
tkm,1980,101.46
tkm,1981,98.248
tkm,1982,94.873
tkm,1983,91.329
tkm,1984,88.096
tkm,1985,84.695
tkm,1986,81.588
tkm,1987,78.541
tkm,1988,75.686
tkm,1989,73.288
tkm,1990,71.176
tkm,1991,69.577
tkm,1992,68.713
tkm,1993,68.686
tkm,1994,69.211
tkm,1995,69.824
tkm,1996,70.118
tkm,1997,69.784
tkm,1998,68.682
tkm,1999,66.669
tkm,2000,63.964
tkm,2001,60.495
tkm,2002,56.858
tkm,2003,52.814
tkm,2004,48.831
tkm,2005,45.246
tkm,2006,42.103
tkm,2007,39.485
tkm,2008,37.410
tkm,2009,35.933
tkm,2010,34.784
tkm,2011,34.121
tkm,2012,33.877
tkm,2013,33.655
tkm,2014,33.788
tkm,2015,33.861
tkm,2016,33.810
tkm,2017,33.424
tkm,2018,32.711
tkm,2019,31.767
tkm,2020,30.515
tkm,2021,29.047
tkm,2022,27.536
tkm,2023,25.909
tkm,2024,24.421
tls,1986,227.87
tls,1987,225.75
tls,1988,213.07
tls,1989,213.13
tls,1990,205.30
tls,1991,202.56
tls,1992,200.04
tls,1993,190.50
tls,1994,181.41
tls,1995,174.72
tls,1996,176.07
tls,1997,168.58
tls,1998,161.48
tls,1999,163.98
tls,2000,176.38
tls,2001,100.55
tls,2002,95.841
tls,2003,91.182
tls,2004,86.801
tls,2005,82.485
tls,2006,78.370
tls,2007,74.606
tls,2008,71.034
tls,2009,67.523
tls,2010,64.284
tls,2011,61.410
tls,2012,58.740
tls,2013,56.135
tls,2014,53.803
tls,2015,51.497
tls,2016,49.489
tls,2017,47.577
tls,2018,45.757
tls,2019,43.931
tls,2020,42.198
tls,2021,40.413
tls,2022,38.521
tls,2023,36.664
tls,2024,34.804
ton,1964,58.681
ton,1965,56.108
ton,1966,53.493
ton,1967,50.777
ton,1968,48.073
ton,1969,45.151
ton,1970,42.415
ton,1971,39.891
ton,1972,37.561
ton,1973,35.479
ton,1974,33.580
ton,1975,31.942
ton,1976,30.411
ton,1977,29.053
ton,1978,27.708
ton,1979,26.501
ton,1980,25.441
ton,1981,24.465
ton,1982,23.635
ton,1983,22.931
ton,1984,22.320
ton,1985,21.785
ton,1986,21.270
ton,1987,20.823
ton,1988,20.343
ton,1989,19.796
ton,1990,19.198
ton,1991,18.550
ton,1992,17.912
ton,1993,17.323
ton,1994,16.822
ton,1995,16.427
ton,1996,16.075
ton,1997,15.800
ton,1998,15.559
ton,1999,15.289
ton,2000,14.982
ton,2001,14.650
ton,2002,14.287
ton,2003,13.914
ton,2004,13.548
ton,2005,13.193
ton,2006,12.879
ton,2007,12.556
ton,2008,12.223
ton,2009,11.909
ton,2010,11.598
ton,2011,11.264
ton,2012,10.914
ton,2013,10.556
ton,2014,10.187
ton,2015,9.8372
ton,2016,9.4670
ton,2017,9.1102
ton,2018,8.7180
ton,2019,8.2974
ton,2020,7.9107
ton,2021,7.5386
ton,2022,7.1786
ton,2023,6.8232
ton,2024,6.4871
tto,1954,68.257
tto,1955,67.256
tto,1956,66.010
tto,1957,64.570
tto,1958,63.084
tto,1959,61.481
tto,1960,59.891
tto,1961,58.293
tto,1962,56.568
tto,1963,54.971
tto,1964,53.441
tto,1965,52.060
tto,1966,50.689
tto,1967,49.516
tto,1968,48.448
tto,1969,47.530
tto,1970,46.557
tto,1971,45.597
tto,1972,44.705
tto,1973,43.784
tto,1974,42.793
tto,1975,41.745
tto,1976,40.717
tto,1977,39.673
tto,1978,38.584
tto,1979,37.457
tto,1980,36.389
tto,1981,35.296
tto,1982,34.167
tto,1983,33.163
tto,1984,32.190
tto,1985,31.265
tto,1986,30.465
tto,1987,29.759
tto,1988,29.118
tto,1989,28.655
tto,1990,28.281
tto,1991,27.888
tto,1992,27.570
tto,1993,27.325
tto,1994,27.107
tto,1995,26.881
tto,1996,26.614
tto,1997,26.352
tto,1998,26.050
tto,1999,25.663
tto,2000,25.261
tto,2001,24.808
tto,2002,24.375
tto,2003,23.936
tto,2004,23.487
tto,2005,22.987
tto,2006,22.500
tto,2007,22.014
tto,2008,21.507
tto,2009,20.981
tto,2010,20.433
tto,2011,19.912
tto,2012,19.316
tto,2013,18.789
tto,2014,18.189
tto,2015,17.679
tto,2016,17.087
tto,2017,16.538
tto,2018,15.914
tto,2019,15.313
tto,2020,14.694
tto,2021,14.116
tto,2022,13.545
tto,2023,12.937
tto,2024,12.300
tun,1963,229.54
tun,1964,223.40
tun,1965,216.47
tun,1966,208.83
tun,1967,200.51
tun,1968,191.66
tun,1969,182.26
tun,1970,173.04
tun,1971,164.00
tun,1972,155.03
tun,1973,146.47
tun,1974,138.06
tun,1975,130.00
tun,1976,121.94
tun,1977,113.89
tun,1978,106.11
tun,1979,98.788
tun,1980,92.022
tun,1981,86.044
tun,1982,80.766
tun,1983,75.925
tun,1984,71.531
tun,1985,67.347
tun,1986,63.377
tun,1987,59.756
tun,1988,56.427
tun,1989,53.399
tun,1990,50.624
tun,1991,48.151
tun,1992,45.807
tun,1993,43.489
tun,1994,41.247
tun,1995,38.874
tun,1996,36.514
tun,1997,34.166
tun,1998,31.888
tun,1999,29.621
tun,2000,27.565
tun,2001,25.689
tun,2002,24.083
tun,2003,22.732
tun,2004,21.598
tun,2005,20.699
tun,2006,20.016
tun,2007,19.487
tun,2008,19.071
tun,2009,18.686
tun,2010,18.274
tun,2011,17.909
tun,2012,17.653
tun,2013,17.553
tun,2014,17.561
tun,2015,17.654
tun,2016,17.743
tun,2017,17.734
tun,2018,17.571
tun,2019,17.176
tun,2020,16.534
tun,2021,15.673
tun,2022,14.631
tun,2023,13.446
tun,2024,12.254
tur,1954,256.17
tur,1955,257.00
tur,1956,256.40
tur,1957,254.88
tur,1958,251.97
tur,1959,247.79
tur,1960,242.56
tur,1961,236.69
tur,1962,230.11
tur,1963,222.99
tur,1964,215.87
tur,1965,208.56
tur,1966,201.97
tur,1967,195.64
tur,1968,189.87
tur,1969,184.52
tur,1970,179.40
tur,1971,174.20
tur,1972,169.10
tur,1973,163.80
tur,1974,158.69
tur,1975,153.29
tur,1976,147.76
tur,1977,142.15
tur,1978,136.45
tur,1979,130.80
tur,1980,125.13
tur,1981,119.40
tur,1982,113.62
tur,1983,107.89
tur,1984,102.32
tur,1985,96.858
tur,1986,91.618
tur,1987,86.618
tur,1988,81.833
tur,1989,77.312
tur,1990,72.951
tur,1991,68.706
tur,1992,64.629
tur,1993,60.702
tur,1994,56.856
tur,1995,53.166
tur,1996,49.609
tur,1997,46.243
tur,1998,43.022
tur,1999,39.979
tur,2000,37.109
tur,2001,34.411
tur,2002,31.869
tur,2003,29.488
tur,2004,27.301
tur,2005,25.270
tur,2006,23.379
tur,2007,21.670
tur,2008,20.122
tur,2009,18.737
tur,2010,17.490
tur,2011,16.356
tur,2012,15.343
tur,2013,14.477
tur,2014,13.686
tur,2015,12.986
tur,2016,12.340
tur,2017,11.732
tur,2018,11.181
tur,2019,10.630
tur,2020,10.079
tur,2021,9.5192
tur,2022,8.9822
tur,2023,8.4463
tur,2024,10.993
tuv,1955,174.33
tuv,1956,173.83
tuv,1957,172.39
tuv,1958,170.02
tuv,1959,166.95
tuv,1960,162.68
tuv,1961,157.44
tuv,1962,151.61
tuv,1963,145.50
tuv,1964,139.17
tuv,1965,132.73
tuv,1966,126.03
tuv,1967,119.56
tuv,1968,113.44
tuv,1969,107.60
tuv,1970,101.82
tuv,1971,96.123
tuv,1972,90.450
tuv,1973,84.831
tuv,1974,79.433
tuv,1975,74.242
tuv,1976,69.571
tuv,1977,65.470
tuv,1978,61.771
tuv,1979,58.570
tuv,1980,55.918
tuv,1981,53.572
tuv,1982,51.394
tuv,1983,49.596
tuv,1984,48.127
tuv,1985,46.926
tuv,1986,45.999
tuv,1987,45.403
tuv,1988,45.234
tuv,1989,45.185
tuv,1990,45.162
tuv,1991,45.183
tuv,1992,45.150
tuv,1993,45.071
tuv,1994,44.889
tuv,1995,44.567
tuv,1996,44.054
tuv,1997,43.225
tuv,1998,42.219
tuv,1999,41.024
tuv,2000,39.794
tuv,2001,38.644
tuv,2002,37.565
tuv,2003,36.560
tuv,2004,35.656
tuv,2005,34.640
tuv,2006,33.494
tuv,2007,32.162
tuv,2008,30.639
tuv,2009,28.925
tuv,2010,27.221
tuv,2011,25.619
tuv,2012,24.054
tuv,2013,22.473
tuv,2014,20.971
tuv,2015,19.481
tuv,2016,18.131
tuv,2017,16.808
tuv,2018,15.582
tuv,2019,14.485
tuv,2020,13.486
tuv,2021,12.678
tuv,2022,11.926
tuv,2023,11.240
tuv,2024,10.585
tza,1952,199.68
tza,1953,205.41
tza,1954,209.93
tza,1955,213.18
tza,1956,215.34
tza,1957,216.48
tza,1958,216.98
tza,1959,216.31
tza,1960,215.45
tza,1961,214.42
tza,1962,212.78
tza,1963,211.88
tza,1964,210.36
tza,1965,208.70
tza,1966,207.18
tza,1967,205.57
tza,1968,203.43
tza,1969,201.56
tza,1970,199.23
tza,1971,196.96
tza,1972,194.19
tza,1973,191.23
tza,1974,188.36
tza,1975,184.94
tza,1976,181.50
tza,1977,177.93
tza,1978,174.19
tza,1979,170.83
tza,1980,168.19
tza,1981,166.97
tza,1982,166.39
tza,1983,166.46
tza,1984,166.82
tza,1985,166.81
tza,1986,166.30
tza,1987,165.09
tza,1988,163.41
tza,1989,161.23
tza,1990,159.17
tza,1991,157.07
tza,1992,155.17
tza,1993,153.33
tza,1994,151.61
tza,1995,149.69
tza,1996,147.30
tza,1997,143.77
tza,1998,139.23
tza,1999,133.97
tza,2000,127.64
tza,2001,120.78
tza,2002,113.59
tza,2003,105.91
tza,2004,98.693
tza,2005,92.064
tza,2006,86.134
tza,2007,80.892
tza,2008,75.804
tza,2009,71.431
tza,2010,67.005
tza,2011,63.257
tza,2012,59.795
tza,2013,56.962
tza,2014,54.296
tza,2015,51.583
tza,2016,49.491
tza,2017,47.025
tza,2018,44.670
tza,2019,42.224
tza,2020,39.797
tza,2021,37.474
tza,2022,34.890
tza,2023,32.608
tza,2024,30.451
uga,1954,189.89
uga,1955,194.91
uga,1956,198.41
uga,1957,200.35
uga,1958,200.84
uga,1959,199.45
uga,1960,197.54
uga,1961,195.07
uga,1962,191.72
uga,1963,188.83
uga,1964,186.40
uga,1965,183.83
uga,1966,181.40
uga,1967,178.99
uga,1968,176.85
uga,1969,174.90
uga,1970,173.21
uga,1971,172.76
uga,1972,173.32
uga,1973,174.96
uga,1974,177.38
uga,1975,181.16
uga,1976,185.71
uga,1977,190.46
uga,1978,195.34
uga,1979,199.33
uga,1980,201.62
uga,1981,203.79
uga,1982,202.68
uga,1983,199.46
uga,1984,194.77
uga,1985,189.90
uga,1986,185.58
uga,1987,182.27
uga,1988,180.31
uga,1989,178.04
uga,1990,175.40
uga,1991,172.02
uga,1992,168.21
uga,1993,164.16
uga,1994,160.34
uga,1995,157.14
uga,1996,154.88
uga,1997,152.94
uga,1998,150.42
uga,1999,146.97
uga,2000,142.45
uga,2001,136.80
uga,2002,130.24
uga,2003,123.10
uga,2004,115.56
uga,2005,107.77
uga,2006,100.20
uga,2007,93.096
uga,2008,86.662
uga,2009,80.740
uga,2010,75.513
uga,2011,70.326
uga,2012,65.189
uga,2013,60.776
uga,2014,56.395
uga,2015,52.589
uga,2016,48.542
uga,2017,44.225
uga,2018,40.688
uga,2019,37.364
uga,2020,34.384
uga,2021,31.687
uga,2022,29.176
uga,2023,27.342
uga,2024,25.247
ukr,1972,22.862
ukr,1973,22.749
ukr,1974,22.656
ukr,1975,22.509
ukr,1976,22.394
ukr,1977,22.365
ukr,1978,22.310
ukr,1979,22.183
ukr,1980,22.049
ukr,1981,21.828
ukr,1982,21.448
ukr,1983,20.948
ukr,1984,20.400
ukr,1985,19.820
ukr,1986,19.247
ukr,1987,18.693
ukr,1988,18.209
ukr,1989,17.792
ukr,1990,17.492
ukr,1991,17.330
ukr,1992,17.314
ukr,1993,17.445
ukr,1994,17.719
ukr,1995,18.028
ukr,1996,18.249
ukr,1997,18.297
ukr,1998,18.139
ukr,1999,17.794
ukr,2000,17.287
ukr,2001,16.650
ukr,2002,15.983
ukr,2003,15.305
ukr,2004,14.738
ukr,2005,14.283
ukr,2006,13.903
ukr,2007,13.536
ukr,2008,13.082
ukr,2009,12.540
ukr,2010,11.956
ukr,2011,11.380
ukr,2012,10.844
ukr,2013,10.336
ukr,2014,9.8853
ukr,2015,9.4894
ukr,2016,9.1408
ukr,2017,8.8619
ukr,2018,8.6144
ukr,2019,8.4060
ukr,2020,8.2360
ukr,2021,8.0730
ukr,2022,7.8700
ukr,2023,7.9699
ukr,2024,7.3253
unicef_eap,1981,67.290
unicef_eap,1982,64.734
unicef_eap,1983,62.283
unicef_eap,1984,60.934
unicef_eap,1985,59.702
unicef_eap,1986,58.354
unicef_eap,1987,56.998
unicef_eap,1988,56.007
unicef_eap,1989,55.498
unicef_eap,1990,54.855
unicef_eap,1991,53.930
unicef_eap,1992,53.115
unicef_eap,1993,52.006
unicef_eap,1994,50.616
unicef_eap,1995,48.949
unicef_eap,1996,48.104
unicef_eap,1997,46.333
unicef_eap,1998,44.510
unicef_eap,1999,42.693
unicef_eap,2000,40.763
unicef_eap,2001,38.526
unicef_eap,2002,36.518
unicef_eap,2003,34.533
unicef_eap,2004,31.742
unicef_eap,2005,30.643
unicef_eap,2006,27.967
unicef_eap,2007,26.280
unicef_eap,2008,24.725
unicef_eap,2009,24.233
unicef_eap,2010,21.981
unicef_eap,2011,20.857
unicef_eap,2012,19.833
unicef_eap,2013,18.626
unicef_eap,2014,17.763
unicef_eap,2015,16.828
unicef_eap,2016,16.196
unicef_eap,2017,15.354
unicef_eap,2018,14.591
unicef_eap,2019,14.363
unicef_eap,2020,13.919
unicef_eap,2021,13.884
unicef_eap,2022,13.686
unicef_eap,2023,13.411
unicef_eap,2024,13.030
unicef_eapro,1981,71.310
unicef_eapro,1982,68.472
unicef_eapro,1983,65.682
unicef_eapro,1984,64.361
unicef_eapro,1985,62.981
unicef_eapro,1986,61.390
unicef_eapro,1987,59.784
unicef_eapro,1988,58.613
unicef_eapro,1989,58.104
unicef_eapro,1990,57.368
unicef_eapro,1991,56.377
unicef_eapro,1992,55.858
unicef_eapro,1993,54.910
unicef_eapro,1994,53.501
unicef_eapro,1995,51.839
unicef_eapro,1996,50.979
unicef_eapro,1997,49.153
unicef_eapro,1998,47.264
unicef_eapro,1999,45.374
unicef_eapro,2000,43.338
unicef_eapro,2001,40.925
unicef_eapro,2002,38.766
unicef_eapro,2003,36.611
unicef_eapro,2004,33.604
unicef_eapro,2005,32.403
unicef_eapro,2006,29.509
unicef_eapro,2007,27.717
unicef_eapro,2008,26.079
unicef_eapro,2009,25.545
unicef_eapro,2010,23.124
unicef_eapro,2011,21.936
unicef_eapro,2012,20.844
unicef_eapro,2013,19.537
unicef_eapro,2014,18.629
unicef_eapro,2015,17.626
unicef_eapro,2016,16.982
unicef_eapro,2017,16.073
unicef_eapro,2018,15.249
unicef_eapro,2019,15.048
unicef_eapro,2020,14.583
unicef_eapro,2021,14.591
unicef_eapro,2022,14.424
unicef_eapro,2023,14.158
unicef_eapro,2024,13.752
unicef_eca,1981,41.978
unicef_eca,1982,40.763
unicef_eca,1983,39.147
unicef_eca,1984,37.770
unicef_eca,1985,36.780
unicef_eca,1986,36.117
unicef_eca,1987,34.728
unicef_eca,1988,33.396
unicef_eca,1989,32.417
unicef_eca,1990,31.111
unicef_eca,1991,30.092
unicef_eca,1992,29.541
unicef_eca,1993,29.240
unicef_eca,1994,28.820
unicef_eca,1995,27.894
unicef_eca,1996,27.098
unicef_eca,1997,25.717
unicef_eca,1998,24.493
unicef_eca,1999,23.268
unicef_eca,2000,21.939
unicef_eca,2001,20.442
unicef_eca,2002,19.228
unicef_eca,2003,18.078
unicef_eca,2004,16.957
unicef_eca,2005,16.032
unicef_eca,2006,15.112
unicef_eca,2007,14.225
unicef_eca,2008,13.438
unicef_eca,2009,12.664
unicef_eca,2010,11.996
unicef_eca,2011,11.387
unicef_eca,2012,10.894
unicef_eca,2013,10.465
unicef_eca,2014,10.112
unicef_eca,2015,9.7153
unicef_eca,2016,9.2931
unicef_eca,2017,8.8543
unicef_eca,2018,8.5045
unicef_eca,2019,8.2527
unicef_eca,2020,8.0297
unicef_eca,2021,7.8079
unicef_eca,2022,7.5774
unicef_eca,2023,7.4314
unicef_eca,2024,7.6243
unicef_ecaro,1981,76.849
unicef_ecaro,1982,74.277
unicef_ecaro,1983,70.987
unicef_ecaro,1984,67.604
unicef_ecaro,1985,65.193
unicef_ecaro,1986,64.002
unicef_ecaro,1987,61.206
unicef_ecaro,1988,58.899
unicef_ecaro,1989,57.482
unicef_ecaro,1990,55.047
unicef_ecaro,1991,53.751
unicef_ecaro,1992,52.862
unicef_ecaro,1993,52.551
unicef_ecaro,1994,51.843
unicef_ecaro,1995,50.275
unicef_ecaro,1996,49.095
unicef_ecaro,1997,46.968
unicef_ecaro,1998,44.924
unicef_ecaro,1999,42.714
unicef_ecaro,2000,40.346
unicef_ecaro,2001,37.804
unicef_ecaro,2002,35.455
unicef_ecaro,2003,33.235
unicef_ecaro,2004,31.055
unicef_ecaro,2005,29.185
unicef_ecaro,2006,27.303
unicef_ecaro,2007,25.498
unicef_ecaro,2008,23.899
unicef_ecaro,2009,22.320
unicef_ecaro,2010,20.885
unicef_ecaro,2011,19.711
unicef_ecaro,2012,18.669
unicef_ecaro,2013,17.621
unicef_ecaro,2014,16.785
unicef_ecaro,2015,15.962
unicef_ecaro,2016,15.241
unicef_ecaro,2017,14.545
unicef_ecaro,2018,13.976
unicef_ecaro,2019,13.538
unicef_ecaro,2020,13.172
unicef_ecaro,2021,12.803
unicef_ecaro,2022,12.443
unicef_ecaro,2023,12.221
unicef_ecaro,2024,12.734
unicef_eeca,1981,62.857
unicef_eeca,1982,60.854
unicef_eeca,1983,58.017
unicef_eeca,1984,55.133
unicef_eeca,1985,53.479
unicef_eeca,1986,52.621
unicef_eeca,1987,50.272
unicef_eeca,1988,48.288
unicef_eeca,1989,47.387
unicef_eeca,1990,45.920
unicef_eeca,1991,45.263
unicef_eeca,1992,45.099
unicef_eeca,1993,45.494
unicef_eeca,1994,45.617
unicef_eeca,1995,44.379
unicef_eeca,1996,43.415
unicef_eeca,1997,41.741
unicef_eeca,1998,40.130
unicef_eeca,1999,38.202
unicef_eeca,2000,36.235
unicef_eeca,2001,33.954
unicef_eeca,2002,31.735
unicef_eeca,2003,29.529
unicef_eeca,2004,27.416
unicef_eeca,2005,25.714
unicef_eeca,2006,24.107
unicef_eeca,2007,22.525
unicef_eeca,2008,20.937
unicef_eeca,2009,19.505
unicef_eeca,2010,18.260
unicef_eeca,2011,17.266
unicef_eeca,2012,16.386
unicef_eeca,2013,15.480
unicef_eeca,2014,14.757
unicef_eeca,2015,14.022
unicef_eeca,2016,13.306
unicef_eeca,2017,12.619
unicef_eeca,2018,12.135
unicef_eeca,2019,11.732
unicef_eeca,2020,11.405
unicef_eeca,2021,11.041
unicef_eeca,2022,10.700
unicef_eeca,2023,10.465
unicef_eeca,2024,10.809
unicef_esa,1981,181.26
unicef_esa,1982,178.15
unicef_esa,1983,174.99
unicef_esa,1984,192.83
unicef_esa,1985,189.39
unicef_esa,1986,185.69
unicef_esa,1987,180.39
unicef_esa,1988,165.40
unicef_esa,1989,175.12
unicef_esa,1990,160.28
unicef_esa,1991,159.52
unicef_esa,1992,166.06
unicef_esa,1993,164.93
unicef_esa,1994,156.37
unicef_esa,1995,157.48
unicef_esa,1996,150.43
unicef_esa,1997,147.15
unicef_esa,1998,143.96
unicef_esa,1999,144.48
unicef_esa,2000,135.08
unicef_esa,2001,130.00
unicef_esa,2002,124.63
unicef_esa,2003,118.54
unicef_esa,2004,112.99
unicef_esa,2005,108.38
unicef_esa,2006,102.87
unicef_esa,2007,96.586
unicef_esa,2008,91.316
unicef_esa,2009,86.017
unicef_esa,2010,81.114
unicef_esa,2011,77.635
unicef_esa,2012,78.742
unicef_esa,2013,69.955
unicef_esa,2014,65.719
unicef_esa,2015,64.607
unicef_esa,2016,62.857
unicef_esa,2017,60.587
unicef_esa,2018,59.132
unicef_esa,2019,54.258
unicef_esa,2020,51.582
unicef_esa,2021,49.988
unicef_esa,2022,48.298
unicef_esa,2023,47.665
unicef_esa,2024,45.069
unicef_esaro,1981,184.69
unicef_esaro,1982,181.48
unicef_esaro,1983,178.19
unicef_esaro,1984,194.40
unicef_esaro,1985,190.75
unicef_esaro,1986,186.88
unicef_esaro,1987,184.35
unicef_esaro,1988,168.28
unicef_esaro,1989,178.89
unicef_esaro,1990,163.05
unicef_esaro,1991,162.40
unicef_esaro,1992,169.64
unicef_esaro,1993,168.64
unicef_esaro,1994,159.57
unicef_esaro,1995,160.93
unicef_esaro,1996,153.52
unicef_esaro,1997,150.20
unicef_esaro,1998,146.91
unicef_esaro,1999,147.70
unicef_esaro,2000,137.77
unicef_esaro,2001,132.57
unicef_esaro,2002,127.04
unicef_esaro,2003,120.72
unicef_esaro,2004,114.95
unicef_esaro,2005,109.17
unicef_esaro,2006,103.38
unicef_esaro,2007,97.838
unicef_esaro,2008,92.297
unicef_esaro,2009,86.753
unicef_esaro,2010,81.603
unicef_esaro,2011,78.025
unicef_esaro,2012,79.412
unicef_esaro,2013,70.032
unicef_esaro,2014,65.601
unicef_esaro,2015,64.571
unicef_esaro,2016,62.862
unicef_esaro,2017,60.531
unicef_esaro,2018,59.143
unicef_esaro,2019,53.999
unicef_esaro,2020,51.293
unicef_esaro,2021,49.695
unicef_esaro,2022,47.978
unicef_esaro,2023,47.569
unicef_esaro,2024,44.843
unicef_lac,1981,81.894
unicef_lac,1982,78.118
unicef_lac,1983,75.259
unicef_lac,1984,71.348
unicef_lac,1985,68.284
unicef_lac,1986,65.780
unicef_lac,1987,62.726
unicef_lac,1988,60.234
unicef_lac,1989,57.851
unicef_lac,1990,55.564
unicef_lac,1991,53.273
unicef_lac,1992,51.010
unicef_lac,1993,48.672
unicef_lac,1994,46.342
unicef_lac,1995,44.055
unicef_lac,1996,41.838
unicef_lac,1997,39.703
unicef_lac,1998,37.626
unicef_lac,1999,36.184
unicef_lac,2000,33.794
unicef_lac,2001,32.094
unicef_lac,2002,30.495
unicef_lac,2003,29.014
unicef_lac,2004,27.671
unicef_lac,2005,26.441
unicef_lac,2006,25.277
unicef_lac,2007,24.253
unicef_lac,2008,23.316
unicef_lac,2009,22.428
unicef_lac,2010,21.640
unicef_lac,2011,22.334
unicef_lac,2012,20.211
unicef_lac,2013,19.599
unicef_lac,2014,18.990
unicef_lac,2015,18.436
unicef_lac,2016,17.984
unicef_lac,2017,18.125
unicef_lac,2018,17.376
unicef_lac,2019,16.908
unicef_lac,2020,16.480
unicef_lac,2021,16.088
unicef_lac,2022,15.657
unicef_lac,2023,15.239
unicef_lac,2024,14.812
unicef_lacro,1981,81.918
unicef_lacro,1982,78.139
unicef_lacro,1983,75.280
unicef_lacro,1984,71.367
unicef_lacro,1985,68.301
unicef_lacro,1986,65.797
unicef_lacro,1987,62.743
unicef_lacro,1988,60.249
unicef_lacro,1989,57.867
unicef_lacro,1990,55.579
unicef_lacro,1991,53.289
unicef_lacro,1992,51.025
unicef_lacro,1993,48.688
unicef_lacro,1994,46.356
unicef_lacro,1995,44.069
unicef_lacro,1996,41.851
unicef_lacro,1997,39.714
unicef_lacro,1998,37.637
unicef_lacro,1999,36.194
unicef_lacro,2000,33.803
unicef_lacro,2001,32.103
unicef_lacro,2002,30.502
unicef_lacro,2003,29.020
unicef_lacro,2004,27.676
unicef_lacro,2005,26.445
unicef_lacro,2006,25.281
unicef_lacro,2007,24.257
unicef_lacro,2008,23.319
unicef_lacro,2009,22.431
unicef_lacro,2010,21.644
unicef_lacro,2011,22.338
unicef_lacro,2012,20.214
unicef_lacro,2013,19.601
unicef_lacro,2014,18.993
unicef_lacro,2015,18.439
unicef_lacro,2016,17.985
unicef_lacro,2017,18.128
unicef_lacro,2018,17.378
unicef_lacro,2019,16.909
unicef_lacro,2020,16.477
unicef_lacro,2021,16.090
unicef_lacro,2022,15.658
unicef_lacro,2023,15.239
unicef_lacro,2024,14.813
unicef_mena,1981,123.17
unicef_mena,1982,115.32
unicef_mena,1983,108.35
unicef_mena,1984,99.039
unicef_mena,1985,91.901
unicef_mena,1986,85.504
unicef_mena,1987,79.952
unicef_mena,1988,75.363
unicef_mena,1989,72.353
unicef_mena,1990,69.808
unicef_mena,1991,66.891
unicef_mena,1992,63.274
unicef_mena,1993,59.826
unicef_mena,1994,57.543
unicef_mena,1995,55.380
unicef_mena,1996,53.286
unicef_mena,1997,51.066
unicef_mena,1998,48.944
unicef_mena,1999,46.803
unicef_mena,2000,44.647
unicef_mena,2001,42.537
unicef_mena,2002,40.516
unicef_mena,2003,38.599
unicef_mena,2004,36.828
unicef_mena,2005,35.123
unicef_mena,2006,33.479
unicef_mena,2007,31.891
unicef_mena,2008,30.299
unicef_mena,2009,28.820
unicef_mena,2010,27.546
unicef_mena,2011,26.341
unicef_mena,2012,25.444
unicef_mena,2013,25.116
unicef_mena,2014,24.256
unicef_mena,2015,23.272
unicef_mena,2016,22.554
unicef_mena,2017,21.544
unicef_mena,2018,20.864
unicef_mena,2019,20.508
unicef_mena,2020,19.891
unicef_mena,2021,19.135
unicef_mena,2022,18.597
unicef_mena,2023,17.971
unicef_mena,2024,17.707
unicef_menaro,1981,126.44
unicef_menaro,1982,119.13
unicef_menaro,1983,112.71
unicef_menaro,1984,107.69
unicef_menaro,1985,100.94
unicef_menaro,1986,94.871
unicef_menaro,1987,86.172
unicef_menaro,1988,81.937
unicef_menaro,1989,79.057
unicef_menaro,1990,76.589
unicef_menaro,1991,73.848
unicef_menaro,1992,70.509
unicef_menaro,1993,67.355
unicef_menaro,1994,65.242
unicef_menaro,1995,63.263
unicef_menaro,1996,61.345
unicef_menaro,1997,59.268
unicef_menaro,1998,57.185
unicef_menaro,1999,54.996
unicef_menaro,2000,52.751
unicef_menaro,2001,50.554
unicef_menaro,2002,48.382
unicef_menaro,2003,46.299
unicef_menaro,2004,44.321
unicef_menaro,2005,43.931
unicef_menaro,2006,42.046
unicef_menaro,2007,38.581
unicef_menaro,2008,36.724
unicef_menaro,2009,35.015
unicef_menaro,2010,33.541
unicef_menaro,2011,32.175
unicef_menaro,2012,31.032
unicef_menaro,2013,30.392
unicef_menaro,2014,29.308
unicef_menaro,2015,28.166
unicef_menaro,2016,27.325
unicef_menaro,2017,26.246
unicef_menaro,2018,25.475
unicef_menaro,2019,25.038
unicef_menaro,2020,24.373
unicef_menaro,2021,23.483
unicef_menaro,2022,22.821
unicef_menaro,2023,22.016
unicef_menaro,2024,21.515
unicef_na,1981,14.523
unicef_na,1982,13.934
unicef_na,1983,13.406
unicef_na,1984,12.950
unicef_na,1985,12.566
unicef_na,1986,12.246
unicef_na,1987,11.963
unicef_na,1988,11.696
unicef_na,1989,11.423
unicef_na,1990,11.121
unicef_na,1991,10.795
unicef_na,1992,10.448
unicef_na,1993,10.090
unicef_na,1994,9.7360
unicef_na,1995,9.3917
unicef_na,1996,9.0832
unicef_na,1997,8.8190
unicef_na,1998,8.5959
unicef_na,1999,8.4172
unicef_na,2000,8.2669
unicef_na,2001,8.1471
unicef_na,2002,8.0377
unicef_na,2003,7.9443
unicef_na,2004,7.8663
unicef_na,2005,7.7835
unicef_na,2006,7.6972
unicef_na,2007,7.5981
unicef_na,2008,7.4822
unicef_na,2009,7.3516
unicef_na,2010,7.2123
unicef_na,2011,7.0772
unicef_na,2012,6.9479
unicef_na,2013,6.8295
unicef_na,2014,6.7251
unicef_na,2015,6.6272
unicef_na,2016,6.5387
unicef_na,2017,6.4558
unicef_na,2018,6.3811
unicef_na,2019,6.3172
unicef_na,2020,6.2687
unicef_na,2021,6.2434
unicef_na,2022,6.2328
unicef_na,2023,6.2200
unicef_na,2024,6.1804
unicef_rosa,1981,168.89
unicef_rosa,1982,164.05
unicef_rosa,1983,160.26
unicef_rosa,1984,155.95
unicef_rosa,1985,152.43
unicef_rosa,1986,148.41
unicef_rosa,1987,143.79
unicef_rosa,1988,139.81
unicef_rosa,1989,135.39
unicef_rosa,1990,131.06
unicef_rosa,1991,127.20
unicef_rosa,1992,123.46
unicef_rosa,1993,119.86
unicef_rosa,1994,116.40
unicef_rosa,1995,112.91
unicef_rosa,1996,109.34
unicef_rosa,1997,105.70
unicef_rosa,1998,102.00
unicef_rosa,1999,98.288
unicef_rosa,2000,94.608
unicef_rosa,2001,90.919
unicef_rosa,2002,87.237
unicef_rosa,2003,83.792
unicef_rosa,2004,80.585
unicef_rosa,2005,77.495
unicef_rosa,2006,74.344
unicef_rosa,2007,71.444
unicef_rosa,2008,68.633
unicef_rosa,2009,65.885
unicef_rosa,2010,63.276
unicef_rosa,2011,60.578
unicef_rosa,2012,57.912
unicef_rosa,2013,55.244
unicef_rosa,2014,52.652
unicef_rosa,2015,50.193
unicef_rosa,2016,47.698
unicef_rosa,2017,45.245
unicef_rosa,2018,43.005
unicef_rosa,2019,40.739
unicef_rosa,2020,38.635
unicef_rosa,2021,36.720
unicef_rosa,2022,34.905
unicef_rosa,2023,33.180
unicef_rosa,2024,31.596
unicef_sa,1981,168.89
unicef_sa,1982,164.05
unicef_sa,1983,160.26
unicef_sa,1984,155.95
unicef_sa,1985,152.43
unicef_sa,1986,148.41
unicef_sa,1987,143.79
unicef_sa,1988,139.81
unicef_sa,1989,135.39
unicef_sa,1990,131.06
unicef_sa,1991,127.20
unicef_sa,1992,123.46
unicef_sa,1993,119.86
unicef_sa,1994,116.40
unicef_sa,1995,112.91
unicef_sa,1996,109.34
unicef_sa,1997,105.70
unicef_sa,1998,102.00
unicef_sa,1999,98.288
unicef_sa,2000,94.608
unicef_sa,2001,90.919
unicef_sa,2002,87.237
unicef_sa,2003,83.792
unicef_sa,2004,80.585
unicef_sa,2005,77.495
unicef_sa,2006,74.344
unicef_sa,2007,71.444
unicef_sa,2008,68.633
unicef_sa,2009,65.885
unicef_sa,2010,63.276
unicef_sa,2011,60.578
unicef_sa,2012,57.912
unicef_sa,2013,55.244
unicef_sa,2014,52.652
unicef_sa,2015,50.193
unicef_sa,2016,47.698
unicef_sa,2017,45.245
unicef_sa,2018,43.005
unicef_sa,2019,40.739
unicef_sa,2020,38.635
unicef_sa,2021,36.720
unicef_sa,2022,34.905
unicef_sa,2023,33.180
unicef_sa,2024,31.596
unicef_ssa,1981,196.55
unicef_ssa,1982,193.23
unicef_ssa,1983,190.15
unicef_ssa,1984,198.57
unicef_ssa,1985,195.99
unicef_ssa,1986,193.36
unicef_ssa,1987,189.76
unicef_ssa,1988,181.12
unicef_ssa,1989,185.81
unicef_ssa,1990,176.95
unicef_ssa,1991,175.81
unicef_ssa,1992,178.49
unicef_ssa,1993,177.20
unicef_ssa,1994,171.90
unicef_ssa,1995,171.47
unicef_ssa,1996,166.81
unicef_ssa,1997,163.84
unicef_ssa,1998,160.59
unicef_ssa,1999,159.02
unicef_ssa,2000,152.08
unicef_ssa,2001,147.23
unicef_ssa,2002,142.09
unicef_ssa,2003,136.51
unicef_ssa,2004,131.07
unicef_ssa,2005,126.18
unicef_ssa,2006,120.95
unicef_ssa,2007,115.40
unicef_ssa,2008,110.50
unicef_ssa,2009,105.75
unicef_ssa,2010,103.83
unicef_ssa,2011,98.128
unicef_ssa,2012,97.233
unicef_ssa,2013,91.186
unicef_ssa,2014,87.682
unicef_ssa,2015,86.181
unicef_ssa,2016,83.606
unicef_ssa,2017,81.110
unicef_ssa,2018,79.016
unicef_ssa,2019,74.550
unicef_ssa,2020,72.167
unicef_ssa,2021,68.840
unicef_ssa,2022,66.678
unicef_ssa,2023,66.559
unicef_ssa,2024,61.612
unicef_wca,1981,208.85
unicef_wca,1982,205.29
unicef_wca,1983,202.65
unicef_wca,1984,200.54
unicef_wca,1985,199.02
unicef_wca,1986,197.81
unicef_wca,1987,196.31
unicef_wca,1988,194.75
unicef_wca,1989,193.29
unicef_wca,1990,191.77
unicef_wca,1991,190.38
unicef_wca,1992,188.68
unicef_wca,1993,187.08
unicef_wca,1994,185.36
unicef_wca,1995,183.46
unicef_wca,1996,181.20
unicef_wca,1997,178.40
unicef_wca,1998,175.21
unicef_wca,1999,171.49
unicef_wca,2000,167.20
unicef_wca,2001,162.53
unicef_wca,2002,157.47
unicef_wca,2003,152.23
unicef_wca,2004,146.97
unicef_wca,2005,141.71
unicef_wca,2006,136.58
unicef_wca,2007,131.67
unicef_wca,2008,127.04
unicef_wca,2009,122.62
unicef_wca,2010,123.13
unicef_wca,2011,114.95
unicef_wca,2012,111.22
unicef_wca,2013,107.99
unicef_wca,2014,105.03
unicef_wca,2015,102.68
unicef_wca,2016,98.931
unicef_wca,2017,95.872
unicef_wca,2018,92.943
unicef_wca,2019,89.375
unicef_wca,2020,87.441
unicef_wca,2021,82.573
unicef_wca,2022,79.835
unicef_wca,2023,79.528
unicef_wca,2024,72.560
unicef_wcaro,1981,208.85
unicef_wcaro,1982,205.29
unicef_wcaro,1983,202.65
unicef_wcaro,1984,200.54
unicef_wcaro,1985,199.02
unicef_wcaro,1986,197.81
unicef_wcaro,1987,196.31
unicef_wcaro,1988,194.75
unicef_wcaro,1989,193.29
unicef_wcaro,1990,191.77
unicef_wcaro,1991,190.38
unicef_wcaro,1992,188.68
unicef_wcaro,1993,187.08
unicef_wcaro,1994,185.36
unicef_wcaro,1995,183.46
unicef_wcaro,1996,181.20
unicef_wcaro,1997,178.40
unicef_wcaro,1998,175.21
unicef_wcaro,1999,171.49
unicef_wcaro,2000,167.20
unicef_wcaro,2001,162.53
unicef_wcaro,2002,157.47
unicef_wcaro,2003,152.23
unicef_wcaro,2004,146.97
unicef_wcaro,2005,141.71
unicef_wcaro,2006,136.58
unicef_wcaro,2007,131.67
unicef_wcaro,2008,127.04
unicef_wcaro,2009,122.62
unicef_wcaro,2010,123.13
unicef_wcaro,2011,114.95
unicef_wcaro,2012,111.22
unicef_wcaro,2013,107.99
unicef_wcaro,2014,105.03
unicef_wcaro,2015,102.68
unicef_wcaro,2016,98.931
unicef_wcaro,2017,95.872
unicef_wcaro,2018,92.943
unicef_wcaro,2019,89.375
unicef_wcaro,2020,87.441
unicef_wcaro,2021,82.573
unicef_wcaro,2022,79.835
unicef_wcaro,2023,79.528
unicef_wcaro,2024,72.560
unicef_we,1981,16.124
unicef_we,1982,15.317
unicef_we,1983,14.651
unicef_we,1984,14.083
unicef_we,1985,13.477
unicef_we,1986,12.897
unicef_we,1987,12.320
unicef_we,1988,11.798
unicef_we,1989,11.310
unicef_we,1990,10.835
unicef_we,1991,10.374
unicef_we,1992,9.9491
unicef_we,1993,9.4482
unicef_we,1994,8.9305
unicef_we,1995,8.4096
unicef_we,1996,7.8772
unicef_we,1997,7.4165
unicef_we,1998,7.0183
unicef_we,1999,6.6827
unicef_we,2000,6.4007
unicef_we,2001,6.1572
unicef_we,2002,5.9409
unicef_we,2003,5.7350
unicef_we,2004,5.5431
unicef_we,2005,5.3581
unicef_we,2006,5.1904
unicef_we,2007,5.0281
unicef_we,2008,4.8767
unicef_we,2009,4.7247
unicef_we,2010,4.5744
unicef_we,2011,4.4305
unicef_we,2012,4.3005
unicef_we,2013,4.1932
unicef_we,2014,4.1081
unicef_we,2015,4.0438
unicef_we,2016,3.9917
unicef_we,2017,3.9481
unicef_we,2018,3.9035
unicef_we,2019,3.8527
unicef_we,2020,3.8071
unicef_we,2021,3.7695
unicef_we,2022,3.7398
unicef_we,2023,3.7150
unicef_we,2024,3.6826
unsdg_australianewzealand,1981,13.293
unsdg_australianewzealand,1982,12.816
unsdg_australianewzealand,1983,12.428
unsdg_australianewzealand,1984,12.124
unsdg_australianewzealand,1985,11.847
unsdg_australianewzealand,1986,11.547
unsdg_australianewzealand,1987,11.218
unsdg_australianewzealand,1988,10.847
unsdg_australianewzealand,1989,10.429
unsdg_australianewzealand,1990,9.9431
unsdg_australianewzealand,1991,9.4109
unsdg_australianewzealand,1992,8.8731
unsdg_australianewzealand,1993,8.3542
unsdg_australianewzealand,1994,7.9026
unsdg_australianewzealand,1995,7.5115
unsdg_australianewzealand,1996,7.2065
unsdg_australianewzealand,1997,6.9592
unsdg_australianewzealand,1998,6.7568
unsdg_australianewzealand,1999,6.5869
unsdg_australianewzealand,2000,6.4443
unsdg_australianewzealand,2001,6.3098
unsdg_australianewzealand,2002,6.1812
unsdg_australianewzealand,2003,6.0663
unsdg_australianewzealand,2004,5.9839
unsdg_australianewzealand,2005,5.8968
unsdg_australianewzealand,2006,5.7881
unsdg_australianewzealand,2007,5.6571
unsdg_australianewzealand,2008,5.5066
unsdg_australianewzealand,2009,5.3350
unsdg_australianewzealand,2010,5.1407
unsdg_australianewzealand,2011,4.9380
unsdg_australianewzealand,2012,4.7203
unsdg_australianewzealand,2013,4.5125
unsdg_australianewzealand,2014,4.3272
unsdg_australianewzealand,2015,4.1782
unsdg_australianewzealand,2016,4.0828
unsdg_australianewzealand,2017,4.0103
unsdg_australianewzealand,2018,3.9672
unsdg_australianewzealand,2019,3.9322
unsdg_australianewzealand,2020,3.9110
unsdg_australianewzealand,2021,3.8810
unsdg_australianewzealand,2022,3.8359
unsdg_australianewzealand,2023,3.7744
unsdg_australianewzealand,2024,3.6817
unsdg_centralasia,1981,93.446
unsdg_centralasia,1982,90.168
unsdg_centralasia,1983,86.818
unsdg_centralasia,1984,83.314
unsdg_centralasia,1985,79.744
unsdg_centralasia,1986,76.190
unsdg_centralasia,1987,73.025
unsdg_centralasia,1988,70.279
unsdg_centralasia,1989,68.104
unsdg_centralasia,1990,66.661
unsdg_centralasia,1991,66.189
unsdg_centralasia,1992,66.410
unsdg_centralasia,1993,67.107
unsdg_centralasia,1994,67.734
unsdg_centralasia,1995,68.065
unsdg_centralasia,1996,67.804
unsdg_centralasia,1997,66.392
unsdg_centralasia,1998,64.590
unsdg_centralasia,1999,62.480
unsdg_centralasia,2000,59.701
unsdg_centralasia,2001,56.476
unsdg_centralasia,2002,53.094
unsdg_centralasia,2003,49.740
unsdg_centralasia,2004,46.393
unsdg_centralasia,2005,43.141
unsdg_centralasia,2006,40.183
unsdg_centralasia,2007,37.335
unsdg_centralasia,2008,34.660
unsdg_centralasia,2009,32.169
unsdg_centralasia,2010,29.929
unsdg_centralasia,2011,27.923
unsdg_centralasia,2012,26.135
unsdg_centralasia,2013,24.544
unsdg_centralasia,2014,23.122
unsdg_centralasia,2015,21.829
unsdg_centralasia,2016,20.778
unsdg_centralasia,2017,19.799
unsdg_centralasia,2018,19.016
unsdg_centralasia,2019,18.284
unsdg_centralasia,2020,17.652
unsdg_centralasia,2021,16.964
unsdg_centralasia,2022,16.328
unsdg_centralasia,2023,15.900
unsdg_centralasia,2024,15.297
unsdg_centralasiasouthernasia,1981,163.74
unsdg_centralasiasouthernasia,1982,158.75
unsdg_centralasiasouthernasia,1983,154.68
unsdg_centralasiasouthernasia,1984,150.06
unsdg_centralasiasouthernasia,1985,146.34
unsdg_centralasiasouthernasia,1986,142.26
unsdg_centralasiasouthernasia,1987,137.68
unsdg_centralasiasouthernasia,1988,133.77
unsdg_centralasiasouthernasia,1989,129.49
unsdg_centralasiasouthernasia,1990,125.40
unsdg_centralasiasouthernasia,1991,121.82
unsdg_centralasiasouthernasia,1992,118.39
unsdg_centralasiasouthernasia,1993,115.20
unsdg_centralasiasouthernasia,1994,112.21
unsdg_centralasiasouthernasia,1995,109.26
unsdg_centralasiasouthernasia,1996,106.16
unsdg_centralasiasouthernasia,1997,102.87
unsdg_centralasiasouthernasia,1998,99.449
unsdg_centralasiasouthernasia,1999,95.916
unsdg_centralasiasouthernasia,2000,92.324
unsdg_centralasiasouthernasia,2001,88.737
unsdg_centralasiasouthernasia,2002,85.116
unsdg_centralasiasouthernasia,2003,81.663
unsdg_centralasiasouthernasia,2004,78.444
unsdg_centralasiasouthernasia,2005,75.302
unsdg_centralasiasouthernasia,2006,72.091
unsdg_centralasiasouthernasia,2007,69.127
unsdg_centralasiasouthernasia,2008,66.248
unsdg_centralasiasouthernasia,2009,63.453
unsdg_centralasiasouthernasia,2010,60.825
unsdg_centralasiasouthernasia,2011,58.149
unsdg_centralasiasouthernasia,2012,55.488
unsdg_centralasiasouthernasia,2013,52.855
unsdg_centralasiasouthernasia,2014,50.263
unsdg_centralasiasouthernasia,2015,47.766
unsdg_centralasiasouthernasia,2016,45.359
unsdg_centralasiasouthernasia,2017,43.009
unsdg_centralasiasouthernasia,2018,40.910
unsdg_centralasiasouthernasia,2019,38.821
unsdg_centralasiasouthernasia,2020,36.905
unsdg_centralasiasouthernasia,2021,35.093
unsdg_centralasiasouthernasia,2022,33.385
unsdg_centralasiasouthernasia,2023,31.788
unsdg_centralasiasouthernasia,2024,30.293
unsdg_easternasia,1981,51.721
unsdg_easternasia,1982,49.592
unsdg_easternasia,1983,48.091
unsdg_easternasia,1984,46.550
unsdg_easternasia,1985,45.792
unsdg_easternasia,1986,45.636
unsdg_easternasia,1987,45.830
unsdg_easternasia,1988,46.231
unsdg_easternasia,1989,46.540
unsdg_easternasia,1990,46.996
unsdg_easternasia,1991,47.188
unsdg_easternasia,1992,46.511
unsdg_easternasia,1993,45.631
unsdg_easternasia,1994,44.562
unsdg_easternasia,1995,43.105
unsdg_easternasia,1996,42.944
unsdg_easternasia,1997,41.208
unsdg_easternasia,1998,39.438
unsdg_easternasia,1999,37.594
unsdg_easternasia,2000,35.637
unsdg_easternasia,2001,33.545
unsdg_easternasia,2002,31.273
unsdg_easternasia,2003,29.009
unsdg_easternasia,2004,25.472
unsdg_easternasia,2005,23.312
unsdg_easternasia,2006,21.345
unsdg_easternasia,2007,19.526
unsdg_easternasia,2008,17.940
unsdg_easternasia,2009,16.587
unsdg_easternasia,2010,15.364
unsdg_easternasia,2011,14.228
unsdg_easternasia,2012,13.184
unsdg_easternasia,2013,12.248
unsdg_easternasia,2014,11.362
unsdg_easternasia,2015,10.561
unsdg_easternasia,2016,9.8050
unsdg_easternasia,2017,9.1431
unsdg_easternasia,2018,8.5290
unsdg_easternasia,2019,7.9649
unsdg_easternasia,2020,7.4488
unsdg_easternasia,2021,6.9947
unsdg_easternasia,2022,6.5595
unsdg_easternasia,2023,6.1488
unsdg_easternasia,2024,5.7362
unsdg_easternasiasoutheasternasia,1981,67.593
unsdg_easternasiasoutheasternasia,1982,65.029
unsdg_easternasiasoutheasternasia,1983,62.558
unsdg_easternasiasoutheasternasia,1984,61.219
unsdg_easternasiasoutheasternasia,1985,59.969
unsdg_easternasiasoutheasternasia,1986,58.617
unsdg_easternasiasoutheasternasia,1987,57.245
unsdg_easternasiasoutheasternasia,1988,56.245
unsdg_easternasiasoutheasternasia,1989,55.743
unsdg_easternasiasoutheasternasia,1990,55.106
unsdg_easternasiasoutheasternasia,1991,54.188
unsdg_easternasiasoutheasternasia,1992,53.393
unsdg_easternasiasoutheasternasia,1993,52.308
unsdg_easternasiasoutheasternasia,1994,50.915
unsdg_easternasiasoutheasternasia,1995,49.228
unsdg_easternasiasoutheasternasia,1996,48.382
unsdg_easternasiasoutheasternasia,1997,46.584
unsdg_easternasiasoutheasternasia,1998,44.727
unsdg_easternasiasoutheasternasia,1999,42.884
unsdg_easternasiasoutheasternasia,2000,40.935
unsdg_easternasiasoutheasternasia,2001,38.656
unsdg_easternasiasoutheasternasia,2002,36.621
unsdg_easternasiasoutheasternasia,2003,34.603
unsdg_easternasiasoutheasternasia,2004,31.758
unsdg_easternasiasoutheasternasia,2005,30.647
unsdg_easternasiasoutheasternasia,2006,27.939
unsdg_easternasiasoutheasternasia,2007,26.229
unsdg_easternasiasoutheasternasia,2008,24.662
unsdg_easternasiasoutheasternasia,2009,24.177
unsdg_easternasiasoutheasternasia,2010,21.894
unsdg_easternasiasoutheasternasia,2011,20.758
unsdg_easternasiasoutheasternasia,2012,19.718
unsdg_easternasiasoutheasternasia,2013,18.501
unsdg_easternasiasoutheasternasia,2014,17.636
unsdg_easternasiasoutheasternasia,2015,16.685
unsdg_easternasiasoutheasternasia,2016,16.047
unsdg_easternasiasoutheasternasia,2017,15.191
unsdg_easternasiasoutheasternasia,2018,14.421
unsdg_easternasiasoutheasternasia,2019,14.180
unsdg_easternasiasoutheasternasia,2020,13.734
unsdg_easternasiasoutheasternasia,2021,13.693
unsdg_easternasiasoutheasternasia,2022,13.481
unsdg_easternasiasoutheasternasia,2023,13.205
unsdg_easternasiasoutheasternasia,2024,12.831
unsdg_europe,1981,20.807
unsdg_europe,1982,20.306
unsdg_europe,1983,19.714
unsdg_europe,1984,19.237
unsdg_europe,1985,18.984
unsdg_europe,1986,18.961
unsdg_europe,1987,18.410
unsdg_europe,1988,17.839
unsdg_europe,1989,17.111
unsdg_europe,1990,16.363
unsdg_europe,1991,15.624
unsdg_europe,1992,15.008
unsdg_europe,1993,14.709
unsdg_europe,1994,14.174
unsdg_europe,1995,13.471
unsdg_europe,1996,13.046
unsdg_europe,1997,12.458
unsdg_europe,1998,11.912
unsdg_europe,1999,11.440
unsdg_europe,2000,10.874
unsdg_europe,2001,10.343
unsdg_europe,2002,9.9313
unsdg_europe,2003,9.5680
unsdg_europe,2004,9.1900
unsdg_europe,2005,8.7502
unsdg_europe,2006,8.2813
unsdg_europe,2007,7.8515
unsdg_europe,2008,7.5157
unsdg_europe,2009,7.2269
unsdg_europe,2010,6.9674
unsdg_europe,2011,6.7034
unsdg_europe,2012,6.4979
unsdg_europe,2013,6.3447
unsdg_europe,2014,6.1571
unsdg_europe,2015,5.9243
unsdg_europe,2016,5.6600
unsdg_europe,2017,5.3916
unsdg_europe,2018,5.1197
unsdg_europe,2019,4.8901
unsdg_europe,2020,4.6973
unsdg_europe,2021,4.5432
unsdg_europe,2022,4.3918
unsdg_europe,2023,4.2643
unsdg_europe,2024,4.1496
unsdg_europenorthernamr,1981,19.064
unsdg_europenorthernamr,1982,18.512
unsdg_europenorthernamr,1983,17.929
unsdg_europenorthernamr,1984,17.475
unsdg_europenorthernamr,1985,17.167
unsdg_europenorthernamr,1986,17.027
unsdg_europenorthernamr,1987,16.567
unsdg_europenorthernamr,1988,16.065
unsdg_europenorthernamr,1989,15.432
unsdg_europenorthernamr,1990,14.751
unsdg_europenorthernamr,1991,14.092
unsdg_europenorthernamr,1992,13.529
unsdg_europenorthernamr,1993,13.179
unsdg_europenorthernamr,1994,12.672
unsdg_europenorthernamr,1995,12.077
unsdg_europenorthernamr,1996,11.683
unsdg_europenorthernamr,1997,11.206
unsdg_europenorthernamr,1998,10.769
unsdg_europenorthernamr,1999,10.387
unsdg_europenorthernamr,2000,9.9529
unsdg_europenorthernamr,2001,9.5650
unsdg_europenorthernamr,2002,9.2611
unsdg_europenorthernamr,2003,9.0018
unsdg_europenorthernamr,2004,8.7338
unsdg_europenorthernamr,2005,8.4258
unsdg_europenorthernamr,2006,8.0947
unsdg_europenorthernamr,2007,7.7848
unsdg_europenorthernamr,2008,7.5275
unsdg_europenorthernamr,2009,7.2924
unsdg_europenorthernamr,2010,7.0744
unsdg_europenorthernamr,2011,6.8531
unsdg_europenorthernamr,2012,6.6747
unsdg_europenorthernamr,2013,6.5317
unsdg_europenorthernamr,2014,6.3744
unsdg_europenorthernamr,2015,6.1903
unsdg_europenorthernamr,2016,5.9895
unsdg_europenorthernamr,2017,5.7868
unsdg_europenorthernamr,2018,5.5891
unsdg_europenorthernamr,2019,5.4247
unsdg_europenorthernamr,2020,5.2928
unsdg_europenorthernamr,2021,5.1840
unsdg_europenorthernamr,2022,5.0948
unsdg_europenorthernamr,2023,5.0472
unsdg_europenorthernamr,2024,4.9803
unsdg_lac,1981,81.894
unsdg_lac,1982,78.118
unsdg_lac,1983,75.259
unsdg_lac,1984,71.348
unsdg_lac,1985,68.284
unsdg_lac,1986,65.780
unsdg_lac,1987,62.726
unsdg_lac,1988,60.234
unsdg_lac,1989,57.851
unsdg_lac,1990,55.564
unsdg_lac,1991,53.273
unsdg_lac,1992,51.010
unsdg_lac,1993,48.672
unsdg_lac,1994,46.342
unsdg_lac,1995,44.055
unsdg_lac,1996,41.838
unsdg_lac,1997,39.703
unsdg_lac,1998,37.626
unsdg_lac,1999,36.184
unsdg_lac,2000,33.794
unsdg_lac,2001,32.094
unsdg_lac,2002,30.495
unsdg_lac,2003,29.014
unsdg_lac,2004,27.671
unsdg_lac,2005,26.441
unsdg_lac,2006,25.277
unsdg_lac,2007,24.253
unsdg_lac,2008,23.316
unsdg_lac,2009,22.428
unsdg_lac,2010,21.640
unsdg_lac,2011,22.334
unsdg_lac,2012,20.211
unsdg_lac,2013,19.599
unsdg_lac,2014,18.990
unsdg_lac,2015,18.436
unsdg_lac,2016,17.984
unsdg_lac,2017,18.125
unsdg_lac,2018,17.376
unsdg_lac,2019,16.908
unsdg_lac,2020,16.480
unsdg_lac,2021,16.088
unsdg_lac,2022,15.657
unsdg_lac,2023,15.239
unsdg_lac,2024,14.812
unsdg_ldc,1981,208.65
unsdg_ldc,1982,204.27
unsdg_ldc,1983,201.49
unsdg_ldc,1984,208.44
unsdg_ldc,1985,205.55
unsdg_ldc,1986,201.70
unsdg_ldc,1987,195.49
unsdg_ldc,1988,185.23
unsdg_ldc,1989,187.81
unsdg_ldc,1990,176.22
unsdg_ldc,1991,173.09
unsdg_ldc,1992,173.99
unsdg_ldc,1993,170.96
unsdg_ldc,1994,163.71
unsdg_ldc,1995,161.61
unsdg_ldc,1996,155.25
unsdg_ldc,1997,151.29
unsdg_ldc,1998,147.17
unsdg_ldc,1999,145.00
unsdg_ldc,2000,137.42
unsdg_ldc,2001,132.05
unsdg_ldc,2002,126.52
unsdg_ldc,2003,121.01
unsdg_ldc,2004,115.65
unsdg_ldc,2005,110.95
unsdg_ldc,2006,106.04
unsdg_ldc,2007,100.86
unsdg_ldc,2008,96.320
unsdg_ldc,2009,93.153
unsdg_ldc,2010,90.899
unsdg_ldc,2011,85.637
unsdg_ldc,2012,84.718
unsdg_ldc,2013,78.356
unsdg_ldc,2014,74.797
unsdg_ldc,2015,73.457
unsdg_ldc,2016,70.971
unsdg_ldc,2017,68.534
unsdg_ldc,2018,66.900
unsdg_ldc,2019,62.801
unsdg_ldc,2020,61.103
unsdg_ldc,2021,58.256
unsdg_ldc,2022,56.721
unsdg_ldc,2023,57.206
unsdg_ldc,2024,52.629
unsdg_lldc,1981,198.25
unsdg_lldc,1982,193.43
unsdg_lldc,1983,191.50
unsdg_lldc,1984,204.54
unsdg_lldc,1985,201.89
unsdg_lldc,1986,196.95
unsdg_lldc,1987,190.96
unsdg_lldc,1988,175.17
unsdg_lldc,1989,183.93
unsdg_lldc,1990,166.24
unsdg_lldc,1991,164.77
unsdg_lldc,1992,162.45
unsdg_lldc,1993,161.50
unsdg_lldc,1994,160.21
unsdg_lldc,1995,160.97
unsdg_lldc,1996,153.13
unsdg_lldc,1997,149.90
unsdg_lldc,1998,146.93
unsdg_lldc,1999,147.83
unsdg_lldc,2000,138.09
unsdg_lldc,2001,133.27
unsdg_lldc,2002,127.80
unsdg_lldc,2003,121.74
unsdg_lldc,2004,116.08
unsdg_lldc,2005,110.30
unsdg_lldc,2006,104.68
unsdg_lldc,2007,99.563
unsdg_lldc,2008,94.630
unsdg_lldc,2009,89.926
unsdg_lldc,2010,91.085
unsdg_lldc,2011,81.831
unsdg_lldc,2012,77.967
unsdg_lldc,2013,74.456
unsdg_lldc,2014,71.341
unsdg_lldc,2015,70.794
unsdg_lldc,2016,68.067
unsdg_lldc,2017,65.917
unsdg_lldc,2018,63.957
unsdg_lldc,2019,59.042
unsdg_lldc,2020,58.120
unsdg_lldc,2021,54.416
unsdg_lldc,2022,53.111
unsdg_lldc,2023,54.619
unsdg_lldc,2024,48.649
unsdg_northafr,1981,145.75
unsdg_northafr,1982,137.56
unsdg_northafr,1983,129.38
unsdg_northafr,1984,128.04
unsdg_northafr,1985,119.93
unsdg_northafr,1986,112.42
unsdg_northafr,1987,99.302
unsdg_northafr,1988,94.090
unsdg_northafr,1989,89.835
unsdg_northafr,1990,86.406
unsdg_northafr,1991,83.450
unsdg_northafr,1992,80.671
unsdg_northafr,1993,77.911
unsdg_northafr,1994,75.266
unsdg_northafr,1995,72.583
unsdg_northafr,1996,70.067
unsdg_northafr,1997,67.508
unsdg_northafr,1998,64.835
unsdg_northafr,1999,62.107
unsdg_northafr,2000,59.465
unsdg_northafr,2001,56.970
unsdg_northafr,2002,54.513
unsdg_northafr,2003,52.178
unsdg_northafr,2004,49.887
unsdg_northafr,2005,50.601
unsdg_northafr,2006,48.558
unsdg_northafr,2007,43.442
unsdg_northafr,2008,41.534
unsdg_northafr,2009,39.667
unsdg_northafr,2010,37.964
unsdg_northafr,2011,36.357
unsdg_northafr,2012,34.857
unsdg_northafr,2013,33.151
unsdg_northafr,2014,31.627
unsdg_northafr,2015,30.246
unsdg_northafr,2016,29.072
unsdg_northafr,2017,28.037
unsdg_northafr,2018,27.004
unsdg_northafr,2019,26.171
unsdg_northafr,2020,25.339
unsdg_northafr,2021,24.299
unsdg_northafr,2022,23.339
unsdg_northafr,2023,22.349
unsdg_northafr,2024,21.749
unsdg_northernamr,1981,14.523
unsdg_northernamr,1982,13.934
unsdg_northernamr,1983,13.406
unsdg_northernamr,1984,12.950
unsdg_northernamr,1985,12.566
unsdg_northernamr,1986,12.246
unsdg_northernamr,1987,11.963
unsdg_northernamr,1988,11.696
unsdg_northernamr,1989,11.423
unsdg_northernamr,1990,11.121
unsdg_northernamr,1991,10.795
unsdg_northernamr,1992,10.448
unsdg_northernamr,1993,10.090
unsdg_northernamr,1994,9.7360
unsdg_northernamr,1995,9.3917
unsdg_northernamr,1996,9.0832
unsdg_northernamr,1997,8.8190
unsdg_northernamr,1998,8.5959
unsdg_northernamr,1999,8.4172
unsdg_northernamr,2000,8.2669
unsdg_northernamr,2001,8.1471
unsdg_northernamr,2002,8.0377
unsdg_northernamr,2003,7.9443
unsdg_northernamr,2004,7.8663
unsdg_northernamr,2005,7.7835
unsdg_northernamr,2006,7.6972
unsdg_northernamr,2007,7.5981
unsdg_northernamr,2008,7.4822
unsdg_northernamr,2009,7.3516
unsdg_northernamr,2010,7.2123
unsdg_northernamr,2011,7.0772
unsdg_northernamr,2012,6.9479
unsdg_northernamr,2013,6.8295
unsdg_northernamr,2014,6.7251
unsdg_northernamr,2015,6.6272
unsdg_northernamr,2016,6.5387
unsdg_northernamr,2017,6.4558
unsdg_northernamr,2018,6.3811
unsdg_northernamr,2019,6.3172
unsdg_northernamr,2020,6.2687
unsdg_northernamr,2021,6.2434
unsdg_northernamr,2022,6.2328
unsdg_northernamr,2023,6.2200
unsdg_northernamr,2024,6.1804
unsdg_oceania,1981,39.168
unsdg_oceania,1982,37.879
unsdg_oceania,1983,36.856
unsdg_oceania,1984,36.102
unsdg_oceania,1985,35.629
unsdg_oceania,1986,34.942
unsdg_oceania,1987,34.325
unsdg_oceania,1988,33.681
unsdg_oceania,1989,32.948
unsdg_oceania,1990,32.096
unsdg_oceania,1991,30.946
unsdg_oceania,1992,30.298
unsdg_oceania,1993,29.677
unsdg_oceania,1994,29.372
unsdg_oceania,1995,29.181
unsdg_oceania,1996,29.019
unsdg_oceania,1997,28.933
unsdg_oceania,1998,28.897
unsdg_oceania,1999,28.948
unsdg_oceania,2000,28.809
unsdg_oceania,2001,28.612
unsdg_oceania,2002,28.551
unsdg_oceania,2003,28.341
unsdg_oceania,2004,27.952
unsdg_oceania,2005,27.438
unsdg_oceania,2006,26.748
unsdg_oceania,2007,26.056
unsdg_oceania,2008,24.969
unsdg_oceania,2009,24.127
unsdg_oceania,2010,23.598
unsdg_oceania,2011,22.911
unsdg_oceania,2012,22.299
unsdg_oceania,2013,21.491
unsdg_oceania,2014,20.783
unsdg_oceania,2015,20.278
unsdg_oceania,2016,19.461
unsdg_oceania,2017,18.650
unsdg_oceania,2018,17.984
unsdg_oceania,2019,17.258
unsdg_oceania,2020,16.708
unsdg_oceania,2021,16.162
unsdg_oceania,2022,15.296
unsdg_oceania,2023,14.557
unsdg_oceania,2024,13.866
unsdg_oceaniaexausnzl,1981,80.118
unsdg_oceaniaexausnzl,1982,77.938
unsdg_oceaniaexausnzl,1983,75.938
unsdg_oceaniaexausnzl,1984,74.143
unsdg_oceaniaexausnzl,1985,72.406
unsdg_oceaniaexausnzl,1986,71.040
unsdg_oceaniaexausnzl,1987,69.692
unsdg_oceaniaexausnzl,1988,68.419
unsdg_oceaniaexausnzl,1989,67.209
unsdg_oceaniaexausnzl,1990,65.924
unsdg_oceaniaexausnzl,1991,64.681
unsdg_oceaniaexausnzl,1992,63.476
unsdg_oceaniaexausnzl,1993,62.434
unsdg_oceaniaexausnzl,1994,61.503
unsdg_oceaniaexausnzl,1995,60.592
unsdg_oceaniaexausnzl,1996,59.680
unsdg_oceaniaexausnzl,1997,58.843
unsdg_oceaniaexausnzl,1998,58.133
unsdg_oceaniaexausnzl,1999,57.401
unsdg_oceaniaexausnzl,2000,56.616
unsdg_oceaniaexausnzl,2001,55.775
unsdg_oceaniaexausnzl,2002,54.913
unsdg_oceaniaexausnzl,2003,54.110
unsdg_oceaniaexausnzl,2004,53.054
unsdg_oceaniaexausnzl,2005,52.039
unsdg_oceaniaexausnzl,2006,50.970
unsdg_oceaniaexausnzl,2007,49.903
unsdg_oceaniaexausnzl,2008,48.695
unsdg_oceaniaexausnzl,2009,47.547
unsdg_oceaniaexausnzl,2010,46.323
unsdg_oceaniaexausnzl,2011,44.787
unsdg_oceaniaexausnzl,2012,43.388
unsdg_oceaniaexausnzl,2013,41.905
unsdg_oceaniaexausnzl,2014,40.251
unsdg_oceaniaexausnzl,2015,38.754
unsdg_oceaniaexausnzl,2016,37.196
unsdg_oceaniaexausnzl,2017,35.646
unsdg_oceaniaexausnzl,2018,34.179
unsdg_oceaniaexausnzl,2019,32.727
unsdg_oceaniaexausnzl,2020,31.311
unsdg_oceaniaexausnzl,2021,29.725
unsdg_oceaniaexausnzl,2022,28.125
unsdg_oceaniaexausnzl,2023,26.655
unsdg_oceaniaexausnzl,2024,25.300
unsdg_sids,1981,93.638
unsdg_sids,1982,91.201
unsdg_sids,1983,87.757
unsdg_sids,1984,84.977
unsdg_sids,1985,82.682
unsdg_sids,1986,87.101
unsdg_sids,1987,85.084
unsdg_sids,1988,82.452
unsdg_sids,1989,79.823
unsdg_sids,1990,77.644
unsdg_sids,1991,75.713
unsdg_sids,1992,74.192
unsdg_sids,1993,72.605
unsdg_sids,1994,70.954
unsdg_sids,1995,69.366
unsdg_sids,1996,67.914
unsdg_sids,1997,66.213
unsdg_sids,1998,64.222
unsdg_sids,1999,62.860
unsdg_sids,2000,61.819
unsdg_sids,2001,57.290
unsdg_sids,2002,55.961
unsdg_sids,2003,54.626
unsdg_sids,2004,53.571
unsdg_sids,2005,52.705
unsdg_sids,2006,51.750
unsdg_sids,2007,50.891
unsdg_sids,2008,49.705
unsdg_sids,2009,48.189
unsdg_sids,2010,46.713
unsdg_sids,2011,57.483
unsdg_sids,2012,44.139
unsdg_sids,2013,42.955
unsdg_sids,2014,41.893
unsdg_sids,2015,40.758
unsdg_sids,2016,39.594
unsdg_sids,2017,38.611
unsdg_sids,2018,37.498
unsdg_sids,2019,36.316
unsdg_sids,2020,35.205
unsdg_sids,2021,33.998
unsdg_sids,2022,32.918
unsdg_sids,2023,31.766
unsdg_sids,2024,30.596
unsdg_southasia,1981,165.94
unsdg_southasia,1982,160.92
unsdg_southasia,1983,156.85
unsdg_southasia,1984,152.25
unsdg_southasia,1985,148.63
unsdg_southasia,1986,144.63
unsdg_southasia,1987,140.04
unsdg_southasia,1988,136.13
unsdg_southasia,1989,131.76
unsdg_southasia,1990,127.56
unsdg_southasia,1991,123.81
unsdg_southasia,1992,120.24
unsdg_southasia,1993,116.91
unsdg_southasia,1994,113.75
unsdg_southasia,1995,110.63
unsdg_southasia,1996,107.36
unsdg_southasia,1997,103.98
unsdg_southasia,1998,100.43
unsdg_southasia,1999,96.832
unsdg_southasia,2000,93.187
unsdg_southasia,2001,89.545
unsdg_southasia,2002,85.911
unsdg_southasia,2003,82.463
unsdg_southasia,2004,79.265
unsdg_southasia,2005,76.169
unsdg_southasia,2006,73.002
unsdg_southasia,2007,70.051
unsdg_southasia,2008,67.230
unsdg_southasia,2009,64.494
unsdg_southasia,2010,61.894
unsdg_southasia,2011,59.230
unsdg_southasia,2012,56.558
unsdg_southasia,2013,53.923
unsdg_southasia,2014,51.319
unsdg_southasia,2015,48.841
unsdg_southasia,2016,46.417
unsdg_southasia,2017,43.992
unsdg_southasia,2018,41.835
unsdg_southasia,2019,39.708
unsdg_southasia,2020,37.756
unsdg_southasia,2021,35.931
unsdg_southasia,2022,34.188
unsdg_southasia,2023,32.530
unsdg_southasia,2024,30.970
unsdg_southeasternasia,1981,97.713
unsdg_southeasternasia,1982,94.814
unsdg_southeasternasia,1983,91.936
unsdg_southeasternasia,1984,89.212
unsdg_southeasternasia,1985,86.610
unsdg_southeasternasia,1986,84.349
unsdg_southeasternasia,1987,81.518
unsdg_southeasternasia,1988,78.716
unsdg_southeasternasia,1989,75.829
unsdg_southeasternasia,1990,72.811
unsdg_southeasternasia,1991,69.745
unsdg_southeasternasia,1992,66.797
unsdg_southeasternasia,1993,63.982
unsdg_southeasternasia,1994,61.414
unsdg_southeasternasia,1995,59.025
unsdg_southeasternasia,1996,56.755
unsdg_southeasternasia,1997,54.598
unsdg_southeasternasia,1998,52.455
unsdg_southeasternasia,1999,50.497
unsdg_southeasternasia,2000,48.557
unsdg_southeasternasia,2001,46.215
unsdg_southeasternasia,2002,44.293
unsdg_southeasternasia,2003,42.496
unsdg_southeasternasia,2004,40.690
unsdg_southeasternasia,2005,41.300
unsdg_southeasternasia,2006,37.456
unsdg_southeasternasia,2007,35.986
unsdg_southeasternasia,2008,34.595
unsdg_southeasternasia,2009,35.745
unsdg_southeasternasia,2010,31.945
unsdg_southeasternasia,2011,30.764
unsdg_southeasternasia,2012,29.568
unsdg_southeasternasia,2013,28.450
unsdg_southeasternasia,2014,27.448
unsdg_southeasternasia,2015,26.476
unsdg_southeasternasia,2016,25.637
unsdg_southeasternasia,2017,24.914
unsdg_southeasternasia,2018,24.160
unsdg_southeasternasia,2019,23.465
unsdg_southeasternasia,2020,22.654
unsdg_southeasternasia,2021,21.897
unsdg_southeasternasia,2022,21.101
unsdg_southeasternasia,2023,20.281
unsdg_southeasternasia,2024,19.512
unsdg_subsaharanafrica,1981,198.68
unsdg_subsaharanafrica,1982,195.25
unsdg_subsaharanafrica,1983,192.16
unsdg_subsaharanafrica,1984,199.32
unsdg_subsaharanafrica,1985,196.68
unsdg_subsaharanafrica,1986,194.03
unsdg_subsaharanafrica,1987,191.88
unsdg_subsaharanafrica,1988,183.01
unsdg_subsaharanafrica,1989,187.96
unsdg_subsaharanafrica,1990,178.77
unsdg_subsaharanafrica,1991,177.67
unsdg_subsaharanafrica,1992,180.61
unsdg_subsaharanafrica,1993,179.37
unsdg_subsaharanafrica,1994,173.91
unsdg_subsaharanafrica,1995,173.57
unsdg_subsaharanafrica,1996,168.84
unsdg_subsaharanafrica,1997,165.83
unsdg_subsaharanafrica,1998,162.58
unsdg_subsaharanafrica,1999,161.06
unsdg_subsaharanafrica,2000,153.95
unsdg_subsaharanafrica,2001,149.05
unsdg_subsaharanafrica,2002,143.87
unsdg_subsaharanafrica,2003,138.18
unsdg_subsaharanafrica,2004,132.68
unsdg_subsaharanafrica,2005,127.18
unsdg_subsaharanafrica,2006,121.79
unsdg_subsaharanafrica,2007,116.65
unsdg_subsaharanafrica,2008,111.70
unsdg_subsaharanafrica,2009,106.82
unsdg_subsaharanafrica,2010,104.90
unsdg_subsaharanafrica,2011,99.041
unsdg_subsaharanafrica,2012,98.179
unsdg_subsaharanafrica,2013,91.994
unsdg_subsaharanafrica,2014,88.442
unsdg_subsaharanafrica,2015,86.892
unsdg_subsaharanafrica,2016,84.321
unsdg_subsaharanafrica,2017,81.765
unsdg_subsaharanafrica,2018,79.755
unsdg_subsaharanafrica,2019,75.148
unsdg_subsaharanafrica,2020,72.811
unsdg_subsaharanafrica,2021,69.427
unsdg_subsaharanafrica,2022,67.236
unsdg_subsaharanafrica,2023,67.091
unsdg_subsaharanafrica,2024,62.201
unsdg_westernasia,1981,106.05
unsdg_westernasia,1982,101.19
unsdg_westernasia,1983,97.748
unsdg_westernasia,1984,89.672
unsdg_westernasia,1985,84.932
unsdg_westernasia,1986,80.686
unsdg_westernasia,1987,76.835
unsdg_westernasia,1988,73.569
unsdg_westernasia,1989,72.894
unsdg_westernasia,1990,70.515
unsdg_westernasia,1991,67.750
unsdg_westernasia,1992,63.456
unsdg_westernasia,1993,59.228
unsdg_westernasia,1994,56.907
unsdg_westernasia,1995,54.544
unsdg_westernasia,1996,52.282
unsdg_westernasia,1997,49.859
unsdg_westernasia,1998,47.760
unsdg_westernasia,1999,45.559
unsdg_westernasia,2000,43.413
unsdg_westernasia,2001,41.359
unsdg_westernasia,2002,39.357
unsdg_westernasia,2003,37.471
unsdg_westernasia,2004,35.718
unsdg_westernasia,2005,34.094
unsdg_westernasia,2006,32.464
unsdg_westernasia,2007,30.932
unsdg_westernasia,2008,29.300
unsdg_westernasia,2009,27.813
unsdg_westernasia,2010,26.607
unsdg_westernasia,2011,25.562
unsdg_westernasia,2012,24.878
unsdg_westernasia,2013,25.219
unsdg_westernasia,2014,24.565
unsdg_westernasia,2015,23.544
unsdg_westernasia,2016,22.969
unsdg_westernasia,2017,21.793
unsdg_westernasia,2018,21.147
unsdg_westernasia,2019,20.891
unsdg_westernasia,2020,20.209
unsdg_westernasia,2021,19.422
unsdg_westernasia,2022,18.969
unsdg_westernasia,2023,18.437
unsdg_westernasia,2024,18.605
unsdg_westernasianorthernafr,1981,127.81
unsdg_westernasianorthernafr,1982,121.23
unsdg_westernasianorthernafr,1983,115.24
unsdg_westernasianorthernafr,1984,110.68
unsdg_westernasianorthernafr,1985,104.12
unsdg_westernasianorthernafr,1986,98.025
unsdg_westernasianorthernafr,1987,89.234
unsdg_westernasianorthernafr,1988,84.909
unsdg_westernasianorthernafr,1989,82.354
unsdg_westernasianorthernafr,1990,79.362
unsdg_westernasianorthernafr,1991,76.443
unsdg_westernasianorthernafr,1992,72.853
unsdg_westernasianorthernafr,1993,69.319
unsdg_westernasianorthernafr,1994,66.722
unsdg_westernasianorthernafr,1995,64.096
unsdg_westernasianorthernafr,1996,61.611
unsdg_westernasianorthernafr,1997,59.084
unsdg_westernasianorthernafr,1998,56.636
unsdg_westernasianorthernafr,1999,54.173
unsdg_westernasianorthernafr,2000,51.793
unsdg_westernasianorthernafr,2001,49.521
unsdg_westernasianorthernafr,2002,47.346
unsdg_westernasianorthernafr,2003,45.287
unsdg_westernasianorthernafr,2004,43.299
unsdg_westernasianorthernafr,2005,42.894
unsdg_westernasianorthernafr,2006,41.057
unsdg_westernasianorthernafr,2007,37.733
unsdg_westernasianorthernafr,2008,35.942
unsdg_westernasianorthernafr,2009,34.300
unsdg_westernasianorthernafr,2010,32.862
unsdg_westernasianorthernafr,2011,31.564
unsdg_westernasianorthernafr,2012,30.483
unsdg_westernasianorthernafr,2013,29.844
unsdg_westernasianorthernafr,2014,28.774
unsdg_westernasianorthernafr,2015,27.561
unsdg_westernasianorthernafr,2016,26.722
unsdg_westernasianorthernafr,2017,25.646
unsdg_westernasianorthernafr,2018,24.839
unsdg_westernasianorthernafr,2019,24.332
unsdg_westernasianorthernafr,2020,23.605
unsdg_westernasianorthernafr,2021,22.754
unsdg_westernasianorthernafr,2022,22.073
unsdg_westernasianorthernafr,2023,21.353
unsdg_westernasianorthernafr,2024,21.229
ury,1950,55.737
ury,1951,56.545
ury,1952,57.063
ury,1953,57.473
ury,1954,57.901
ury,1955,58.586
ury,1956,59.558
ury,1957,60.713
ury,1958,61.934
ury,1959,62.719
ury,1960,62.723
ury,1961,61.888
ury,1962,60.577
ury,1963,59.188
ury,1964,57.929
ury,1965,57.141
ury,1966,56.660
ury,1967,56.300
ury,1968,55.974
ury,1969,55.313
ury,1970,54.236
ury,1971,53.058
ury,1972,52.316
ury,1973,52.389
ury,1974,52.879
ury,1975,53.594
ury,1976,53.872
ury,1977,53.044
ury,1978,50.790
ury,1979,47.323
ury,1980,43.165
ury,1981,38.952
ury,1982,35.300
ury,1983,32.489
ury,1984,30.396
ury,1985,28.977
ury,1986,27.897
ury,1987,26.808
ury,1988,25.640
ury,1989,24.538
ury,1990,23.736
ury,1991,23.183
ury,1992,22.772
ury,1993,22.429
ury,1994,22.011
ury,1995,21.483
ury,1996,20.765
ury,1997,19.890
ury,1998,18.924
ury,1999,17.986
ury,2000,17.211
ury,2001,16.605
ury,2002,16.149
ury,2003,15.803
ury,2004,15.376
ury,2005,14.783
ury,2006,14.020
ury,2007,13.185
ury,2008,12.358
ury,2009,11.586
ury,2010,10.952
ury,2011,10.443
ury,2012,10.037
ury,2013,9.7083
ury,2014,9.3863
ury,2015,9.0326
ury,2016,8.6248
ury,2017,8.1995
ury,2018,7.7836
ury,2019,7.4084
ury,2020,7.0950
ury,2021,6.8321
ury,2022,6.5909
ury,2023,6.3409
ury,2024,6.0748
usa,1950,37.150
usa,1951,36.563
usa,1952,35.844
usa,1953,34.994
usa,1954,34.091
usa,1955,33.214
usa,1956,32.428
usa,1957,31.764
usa,1958,31.168
usa,1959,30.623
usa,1960,30.098
usa,1961,29.565
usa,1962,29.010
usa,1963,28.449
usa,1964,27.876
usa,1965,27.277
usa,1966,26.643
usa,1967,25.975
usa,1968,25.260
usa,1969,24.510
usa,1970,23.707
usa,1971,22.865
usa,1972,22.000
usa,1973,21.115
usa,1974,20.234
usa,1975,19.344
usa,1976,18.475
usa,1977,17.625
usa,1978,16.818
usa,1979,16.067
usa,1980,15.364
usa,1981,14.721
usa,1982,14.140
usa,1983,13.621
usa,1984,13.181
usa,1985,12.805
usa,1986,12.490
usa,1987,12.210
usa,1988,11.940
usa,1989,11.667
usa,1990,11.367
usa,1991,11.041
usa,1992,10.694
usa,1993,10.328
usa,1994,9.9660
usa,1995,9.6143
usa,1996,9.2973
usa,1997,9.0213
usa,1998,8.7873
usa,1999,8.5990
usa,2000,8.4412
usa,2001,8.3095
usa,2002,8.1935
usa,2003,8.0931
usa,2004,8.0098
usa,2005,7.9228
usa,2006,7.8327
usa,2007,7.7298
usa,2008,7.6129
usa,2009,7.4831
usa,2010,7.3431
usa,2011,7.2047
usa,2012,7.0726
usa,2013,6.9516
usa,2014,6.8445
usa,2015,6.7443
usa,2016,6.6534
usa,2017,6.5697
usa,2018,6.4940
usa,2019,6.4291
usa,2020,6.3792
usa,2021,6.3555
usa,2022,6.3462
usa,2023,6.3302
usa,2024,6.2914
uzb,1980,99.753
uzb,1981,95.832
uzb,1982,91.446
uzb,1983,86.781
uzb,1984,82.461
uzb,1985,78.105
uzb,1986,74.145
uzb,1987,70.399
uzb,1988,67.191
uzb,1989,64.870
uzb,1990,63.217
uzb,1991,62.334
uzb,1992,62.123
uzb,1993,62.068
uzb,1994,62.086
uzb,1995,61.868
uzb,1996,61.418
uzb,1997,60.691
uzb,1998,59.714
uzb,1999,58.303
uzb,2000,56.361
uzb,2001,54.112
uzb,2002,51.423
uzb,2003,48.486
uzb,2004,45.299
uzb,2005,42.175
uzb,2006,39.144
uzb,2007,36.072
uzb,2008,33.175
uzb,2009,30.513
uzb,2010,28.087
uzb,2011,25.908
uzb,2012,23.957
uzb,2013,22.208
uzb,2014,20.668
uzb,2015,19.337
uzb,2016,18.143
uzb,2017,17.080
uzb,2018,16.077
uzb,2019,15.216
uzb,2020,14.462
uzb,2021,13.837
uzb,2022,13.305
uzb,2023,12.764
uzb,2024,12.141
vct,1970,54.373
vct,1971,59.467
vct,1972,64.439
vct,1973,68.750
vct,1974,72.141
vct,1975,74.039
vct,1976,73.939
vct,1977,71.587
vct,1978,67.410
vct,1979,62.136
vct,1980,56.441
vct,1981,50.907
vct,1982,45.851
vct,1983,41.223
vct,1984,37.088
vct,1985,33.455
vct,1986,30.375
vct,1987,27.887
vct,1988,25.858
vct,1989,24.263
vct,1990,23.088
vct,1991,22.177
vct,1992,21.532
vct,1993,21.103
vct,1994,20.847
vct,1995,20.742
vct,1996,20.749
vct,1997,20.801
vct,1998,20.863
vct,1999,20.900
vct,2000,20.872
vct,2001,20.817
vct,2002,20.784
vct,2003,20.751
vct,2004,20.772
vct,2005,20.784
vct,2006,20.830
vct,2007,20.866
vct,2008,20.774
vct,2009,20.563
vct,2010,20.179
vct,2011,19.619
vct,2012,18.919
vct,2013,18.098
vct,2014,17.183
vct,2015,16.245
vct,2016,15.264
vct,2017,14.261
vct,2018,13.246
vct,2019,12.223
vct,2020,11.205
vct,2021,10.305
vct,2022,9.4998
vct,2023,8.7741
vct,2024,8.1366
ven,1952,80.325
ven,1953,80.404
ven,1954,80.319
ven,1955,79.616
ven,1956,78.754
ven,1957,77.742
ven,1958,76.032
ven,1959,74.239
ven,1960,72.399
ven,1961,70.459
ven,1962,68.678
ven,1963,66.886
ven,1964,65.235
ven,1965,63.765
ven,1966,62.429
ven,1967,61.345
ven,1968,60.188
ven,1969,59.052
ven,1970,57.851
ven,1971,56.593
ven,1972,55.081
ven,1973,53.522
ven,1974,51.870
ven,1975,50.248
ven,1976,48.686
ven,1977,47.017
ven,1978,45.383
ven,1979,43.724
ven,1980,42.023
ven,1981,40.342
ven,1982,38.787
ven,1983,37.271
ven,1984,35.926
ven,1985,34.741
ven,1986,33.654
ven,1987,32.664
ven,1988,31.736
ven,1989,30.734
ven,1990,29.751
ven,1991,28.796
ven,1992,27.975
ven,1993,27.295
ven,1994,26.745
ven,1995,26.301
ven,1996,25.753
ven,1997,24.992
ven,1998,24.025
ven,1999,22.966
ven,2000,21.971
ven,2001,21.112
ven,2002,20.471
ven,2003,19.970
ven,2004,19.418
ven,2005,18.801
ven,2006,18.152
ven,2007,17.578
ven,2008,17.126
ven,2009,16.841
ven,2010,16.783
ven,2011,16.846
ven,2012,17.016
ven,2013,17.252
ven,2014,17.520
ven,2015,17.693
ven,2016,18.234
ven,2017,22.408
ven,2018,21.614
ven,2019,20.707
ven,2020,19.780
ven,2021,18.823
ven,2022,17.859
ven,2023,16.863
ven,2024,15.923
vgb,1956,98.992
vgb,1957,96.209
vgb,1958,92.603
vgb,1959,88.400
vgb,1960,83.298
vgb,1961,78.156
vgb,1962,72.960
vgb,1963,68.075
vgb,1964,63.569
vgb,1965,59.266
vgb,1966,55.284
vgb,1967,51.601
vgb,1968,48.169
vgb,1969,45.076
vgb,1970,42.455
vgb,1971,40.142
vgb,1972,38.210
vgb,1973,36.541
vgb,1974,35.130
vgb,1975,33.950
vgb,1976,32.924
vgb,1977,32.124
vgb,1978,31.399
vgb,1979,30.725
vgb,1980,29.995
vgb,1981,29.256
vgb,1982,28.390
vgb,1983,27.468
vgb,1984,26.498
vgb,1985,25.448
vgb,1986,24.364
vgb,1987,23.288
vgb,1988,22.209
vgb,1989,21.167
vgb,1990,20.153
vgb,1991,19.211
vgb,1992,18.329
vgb,1993,17.521
vgb,1994,16.830
vgb,1995,16.206
vgb,1996,15.683
vgb,1997,15.206
vgb,1998,14.778
vgb,1999,14.408
vgb,2000,14.119
vgb,2001,13.820
vgb,2002,13.565
vgb,2003,13.368
vgb,2004,13.193
vgb,2005,13.007
vgb,2006,12.871
vgb,2007,12.741
vgb,2008,12.608
vgb,2009,12.446
vgb,2010,12.274
vgb,2011,12.081
vgb,2012,11.836
vgb,2013,11.486
vgb,2014,11.117
vgb,2015,10.703
vgb,2016,10.286
vgb,2017,9.8096
vgb,2018,9.3217
vgb,2019,8.8878
vgb,2020,8.4090
vgb,2021,8.0239
vgb,2022,7.5826
vgb,2023,7.1964
vgb,2024,6.8251
vnm,1965,68.081
vnm,1966,79.550
vnm,1967,81.876
vnm,1968,84.130
vnm,1969,98.686
vnm,1970,92.971
vnm,1971,93.391
vnm,1972,92.179
vnm,1973,105.04
vnm,1974,92.690
vnm,1975,95.948
vnm,1976,69.866
vnm,1977,68.679
vnm,1978,67.369
vnm,1979,66.131
vnm,1980,64.845
vnm,1981,63.495
vnm,1982,62.133
vnm,1983,60.867
vnm,1984,59.637
vnm,1985,58.392
vnm,1986,57.039
vnm,1987,55.523
vnm,1988,53.842
vnm,1989,51.858
vnm,1990,49.691
vnm,1991,47.520
vnm,1992,45.120
vnm,1993,42.646
vnm,1994,40.182
vnm,1995,37.656
vnm,1996,35.195
vnm,1997,32.802
vnm,1998,30.553
vnm,1999,28.574
vnm,2000,26.799
vnm,2001,25.284
vnm,2002,24.080
vnm,2003,23.088
vnm,2004,22.321
vnm,2005,21.697
vnm,2006,21.264
vnm,2007,20.982
vnm,2008,20.905
vnm,2009,20.907
vnm,2010,20.971
vnm,2011,21.048
vnm,2012,21.106
vnm,2013,21.095
vnm,2014,21.003
vnm,2015,20.878
vnm,2016,20.739
vnm,2017,20.504
vnm,2018,20.255
vnm,2019,19.923
vnm,2020,19.509
vnm,2021,18.979
vnm,2022,18.379
vnm,2023,17.662
vnm,2024,16.813
vut,1953,139.27
vut,1954,141.81
vut,1955,143.71
vut,1956,144.26
vut,1957,143.04
vut,1958,141.06
vut,1959,137.81
vut,1960,133.72
vut,1961,129.21
vut,1962,124.32
vut,1963,119.28
vut,1964,114.44
vut,1965,109.61
vut,1966,105.16
vut,1967,100.65
vut,1968,96.474
vut,1969,92.315
vut,1970,88.239
vut,1971,84.802
vut,1972,81.260
vut,1973,77.912
vut,1974,74.814
vut,1975,71.907
vut,1976,69.065
vut,1977,66.311
vut,1978,63.641
vut,1979,60.841
vut,1980,57.892
vut,1981,54.879
vut,1982,51.665
vut,1983,48.443
vut,1984,45.204
vut,1985,42.244
vut,1986,39.443
vut,1987,36.908
vut,1988,34.686
vut,1989,32.872
vut,1990,31.194
vut,1991,29.745
vut,1992,28.498
vut,1993,27.402
vut,1994,26.436
vut,1995,25.653
vut,1996,25.015
vut,1997,24.504
vut,1998,24.161
vut,1999,23.813
vut,2000,23.437
vut,2001,23.089
vut,2002,22.689
vut,2003,22.329
vut,2004,21.930
vut,2005,21.525
vut,2006,21.085
vut,2007,20.617
vut,2008,20.090
vut,2009,19.502
vut,2010,18.854
vut,2011,18.201
vut,2012,17.530
vut,2013,16.892
vut,2014,16.321
vut,2015,15.837
vut,2016,15.476
vut,2017,15.131
vut,2018,14.812
vut,2019,14.440
vut,2020,14.024
vut,2021,13.510
vut,2022,12.977
vut,2023,12.479
vut,2024,11.907
wb_hi,1981,20.197
wb_hi,1982,19.445
wb_hi,1983,18.697
wb_hi,1984,18.018
wb_hi,1985,17.323
wb_hi,1986,16.697
wb_hi,1987,16.176
wb_hi,1988,15.635
wb_hi,1989,14.981
wb_hi,1990,14.325
wb_hi,1991,13.637
wb_hi,1992,13.017
wb_hi,1993,12.429
wb_hi,1994,11.877
wb_hi,1995,11.417
wb_hi,1996,10.983
wb_hi,1997,10.523
wb_hi,1998,10.108
wb_hi,1999,9.7550
wb_hi,2000,9.3947
wb_hi,2001,9.0511
wb_hi,2002,8.7672
wb_hi,2003,8.5157
wb_hi,2004,8.2693
wb_hi,2005,7.9857
wb_hi,2006,7.7009
wb_hi,2007,7.4122
wb_hi,2008,7.1773
wb_hi,2009,6.9530
wb_hi,2010,6.7578
wb_hi,2011,6.5578
wb_hi,2012,6.4036
wb_hi,2013,6.2613
wb_hi,2014,6.1182
wb_hi,2015,5.9593
wb_hi,2016,5.7792
wb_hi,2017,5.5957
wb_hi,2018,5.4188
wb_hi,2019,5.2637
wb_hi,2020,5.1374
wb_hi,2021,5.0212
wb_hi,2022,4.9360
wb_hi,2023,4.8964
wb_hi,2024,4.8478
wb_li,1981,210.50
wb_li,1982,206.64
wb_li,1983,205.51
wb_li,1984,220.24
wb_li,1985,218.40
wb_li,1986,214.39
wb_li,1987,206.53
wb_li,1988,192.04
wb_li,1989,198.81
wb_li,1990,182.58
wb_li,1991,180.09
wb_li,1992,184.05
wb_li,1993,181.41
wb_li,1994,172.01
wb_li,1995,170.89
wb_li,1996,164.97
wb_li,1997,161.01
wb_li,1998,157.06
wb_li,1999,156.33
wb_li,2000,147.18
wb_li,2001,141.88
wb_li,2002,136.37
wb_li,2003,130.86
wb_li,2004,124.04
wb_li,2005,119.35
wb_li,2006,114.17
wb_li,2007,108.28
wb_li,2008,103.25
wb_li,2009,98.433
wb_li,2010,98.285
wb_li,2011,91.246
wb_li,2012,91.959
wb_li,2013,84.414
wb_li,2014,80.608
wb_li,2015,79.838
wb_li,2016,77.418
wb_li,2017,74.896
wb_li,2018,73.348
wb_li,2019,68.121
wb_li,2020,66.256
wb_li,2021,62.729
wb_li,2022,61.112
wb_li,2023,62.450
wb_li,2024,56.276
wb_lmi,1981,161.24
wb_lmi,1982,156.82
wb_lmi,1983,152.74
wb_lmi,1984,148.73
wb_lmi,1985,145.00
wb_lmi,1986,141.55
wb_lmi,1987,138.14
wb_lmi,1988,134.83
wb_lmi,1989,131.59
wb_lmi,1990,128.43
wb_lmi,1991,125.47
wb_lmi,1992,122.63
wb_lmi,1993,120.04
wb_lmi,1994,117.50
wb_lmi,1995,114.95
wb_lmi,1996,112.34
wb_lmi,1997,109.57
wb_lmi,1998,106.56
wb_lmi,1999,103.46
wb_lmi,2000,100.07
wb_lmi,2001,96.594
wb_lmi,2002,93.097
wb_lmi,2003,89.528
wb_lmi,2004,86.205
wb_lmi,2005,83.047
wb_lmi,2006,79.929
wb_lmi,2007,77.012
wb_lmi,2008,74.110
wb_lmi,2009,71.765
wb_lmi,2010,68.636
wb_lmi,2011,66.230
wb_lmi,2012,63.518
wb_lmi,2013,61.122
wb_lmi,2014,58.765
wb_lmi,2015,56.545
wb_lmi,2016,54.442
wb_lmi,2017,52.251
wb_lmi,2018,50.292
wb_lmi,2019,48.321
wb_lmi,2020,46.366
wb_lmi,2021,44.507
wb_lmi,2022,42.703
wb_lmi,2023,41.007
wb_lmi,2024,39.362
wb_umi,1981,75.595
wb_umi,1982,71.894
wb_umi,1983,68.446
wb_umi,1984,66.068
wb_umi,1985,63.570
wb_umi,1986,61.373
wb_umi,1987,59.079
wb_umi,1988,57.367
wb_umi,1989,56.530
wb_umi,1990,55.485
wb_umi,1991,54.220
wb_umi,1992,53.093
wb_umi,1993,51.584
wb_umi,1994,49.976
wb_umi,1995,48.169
wb_umi,1996,46.360
wb_umi,1997,44.485
wb_umi,1998,42.594
wb_umi,1999,40.675
wb_umi,2000,38.721
wb_umi,2001,36.759
wb_umi,2002,34.834
wb_umi,2003,32.945
wb_umi,2004,31.115
wb_umi,2005,30.120
wb_umi,2006,27.764
wb_umi,2007,26.178
wb_umi,2008,24.600
wb_umi,2009,23.068
wb_umi,2010,21.672
wb_umi,2011,20.428
wb_umi,2012,19.387
wb_umi,2013,18.269
wb_umi,2014,17.457
wb_umi,2015,16.580
wb_umi,2016,15.935
wb_umi,2017,15.186
wb_umi,2018,14.436
wb_umi,2019,14.219
wb_umi,2020,13.815
wb_umi,2021,13.763
wb_umi,2022,13.566
wb_umi,2023,13.330
wb_umi,2024,13.212
world,1981,116.57
world,1982,113.17
world,1983,109.97
world,1984,109.20
world,1985,107.20
world,1986,104.58
world,1987,101.50
world,1988,97.887
world,1989,97.176
world,1990,94.116
world,1991,92.267
world,1992,92.054
world,1993,91.498
world,1994,89.676
world,1995,88.535
world,1996,86.688
world,1997,84.890
world,1998,82.919
world,1999,81.251
world,2000,78.344
world,2001,75.698
world,2002,73.146
world,2003,70.545
world,2004,67.684
world,2005,65.282
world,2006,62.410
world,2007,59.711
world,2008,57.136
world,2009,54.878
world,2010,53.076
world,2011,50.741
world,2012,49.509
world,2013,46.769
world,2014,45.035
world,2015,43.720
world,2016,42.468
world,2017,41.046
world,2018,39.875
world,2019,38.649
world,2020,37.822
world,2021,36.966
world,2022,36.355
world,2023,36.252
world,2024,34.658
wsm,1941,144.29
wsm,1942,147.45
wsm,1943,149.95
wsm,1944,151.56
wsm,1945,152.14
wsm,1946,151.75
wsm,1947,150.53
wsm,1948,148.36
wsm,1949,145.92
wsm,1950,142.93
wsm,1951,139.32
wsm,1952,135.54
wsm,1953,131.33
wsm,1954,126.92
wsm,1955,122.28
wsm,1956,117.56
wsm,1957,112.70
wsm,1958,107.96
wsm,1959,103.26
wsm,1960,98.642
wsm,1961,94.108
wsm,1962,90.027
wsm,1963,86.124
wsm,1964,82.498
wsm,1965,95.154
wsm,1966,75.830
wsm,1967,72.847
wsm,1968,69.649
wsm,1969,66.628
wsm,1970,63.555
wsm,1971,60.476
wsm,1972,57.510
wsm,1973,54.668
wsm,1974,51.956
wsm,1975,49.296
wsm,1976,46.735
wsm,1977,44.306
wsm,1978,42.002
wsm,1979,39.964
wsm,1980,38.017
wsm,1981,36.353
wsm,1982,34.926
wsm,1983,33.698
wsm,1984,32.496
wsm,1985,31.489
wsm,1986,30.464
wsm,1987,29.432
wsm,1988,28.491
wsm,1989,27.611
wsm,1990,26.795
wsm,1991,26.044
wsm,1992,25.344
wsm,1993,24.625
wsm,1994,23.874
wsm,1995,23.101
wsm,1996,22.324
wsm,1997,21.594
wsm,1998,20.857
wsm,1999,20.093
wsm,2000,19.384
wsm,2001,18.713
wsm,2002,18.137
wsm,2003,17.665
wsm,2004,17.310
wsm,2005,17.118
wsm,2006,17.010
wsm,2007,16.979
wsm,2008,17.018
wsm,2009,17.006
wsm,2010,22.318
wsm,2011,16.951
wsm,2012,16.804
wsm,2013,16.549
wsm,2014,16.224
wsm,2015,15.842
wsm,2016,15.367
wsm,2017,14.871
wsm,2018,14.285
wsm,2019,13.652
wsm,2020,15.038
wsm,2021,12.284
wsm,2022,11.646
wsm,2023,10.999
wsm,2024,10.377
yem,1958,370.93
yem,1959,373.95
yem,1960,374.28
yem,1961,373.31
yem,1962,371.16
yem,1963,368.31
yem,1964,364.21
yem,1965,359.26
yem,1966,352.48
yem,1967,344.72
yem,1968,335.50
yem,1969,325.59
yem,1970,314.17
yem,1971,303.25
yem,1972,292.47
yem,1973,282.33
yem,1974,272.50
yem,1975,262.49
yem,1976,252.13
yem,1977,241.22
yem,1978,229.70
yem,1979,218.01
yem,1980,206.00
yem,1981,194.03
yem,1982,182.46
yem,1983,171.17
yem,1984,160.74
yem,1985,151.52
yem,1986,143.52
yem,1987,136.67
yem,1988,130.65
yem,1989,125.59
yem,1990,121.18
yem,1991,117.19
yem,1992,113.67
yem,1993,110.65
yem,1994,107.98
yem,1995,105.43
yem,1996,102.96
yem,1997,100.43
yem,1998,97.353
yem,1999,93.836
yem,2000,89.953
yem,2001,85.711
yem,2002,81.312
yem,2003,76.884
yem,2004,72.476
yem,2005,68.258
yem,2006,64.347
yem,2007,60.599
yem,2008,57.172
yem,2009,54.155
yem,2010,51.482
yem,2011,49.216
yem,2012,47.387
yem,2013,45.826
yem,2014,43.909
yem,2015,42.796
yem,2016,43.125
yem,2017,41.691
yem,2018,40.351
yem,2019,40.278
yem,2020,38.988
yem,2021,36.261
yem,2022,35.141
yem,2023,33.254
yem,2024,31.323
zaf,1975,106.41
zaf,1976,104.29
zaf,1977,100.76
zaf,1978,96.242
zaf,1979,91.280
zaf,1980,86.372
zaf,1981,81.897
zaf,1982,77.607
zaf,1983,73.610
zaf,1984,70.169
zaf,1985,66.822
zaf,1986,63.660
zaf,1987,60.639
zaf,1988,57.592
zaf,1989,54.910
zaf,1990,52.760
zaf,1991,51.137
zaf,1992,50.219
zaf,1993,49.962
zaf,1994,50.423
zaf,1995,51.549
zaf,1996,53.036
zaf,1997,54.833
zaf,1998,56.838
zaf,1999,59.834
zaf,2000,62.888
zaf,2001,65.860
zaf,2002,69.173
zaf,2003,71.598
zaf,2004,74.014
zaf,2005,75.713
zaf,2006,75.324
zaf,2007,72.885
zaf,2008,67.621
zaf,2009,60.321
zaf,2010,53.452
zaf,2011,46.817
zaf,2012,42.197
zaf,2013,39.741
zaf,2014,38.393
zaf,2015,37.151
zaf,2016,35.876
zaf,2017,34.504
zaf,2018,33.368
zaf,2019,32.533
zaf,2020,32.074
zaf,2021,31.778
zaf,2022,31.781
zaf,2023,31.524
zaf,2024,30.987
zmb,1953,170.44
zmb,1954,176.96
zmb,1955,181.59
zmb,1956,185.11
zmb,1957,186.55
zmb,1958,187.18
zmb,1959,185.98
zmb,1960,184.03
zmb,1961,181.71
zmb,1962,179.49
zmb,1963,177.35
zmb,1964,175.19
zmb,1965,173.22
zmb,1966,171.73
zmb,1967,170.95
zmb,1968,169.71
zmb,1969,168.50
zmb,1970,166.65
zmb,1971,163.76
zmb,1972,159.91
zmb,1973,155.13
zmb,1974,150.39
zmb,1975,146.00
zmb,1976,143.02
zmb,1977,141.57
zmb,1978,141.51
zmb,1979,142.05
zmb,1980,142.93
zmb,1981,143.99
zmb,1982,144.88
zmb,1983,145.91
zmb,1984,148.04
zmb,1985,151.35
zmb,1986,155.16
zmb,1987,159.01
zmb,1988,162.51
zmb,1989,165.63
zmb,1990,167.87
zmb,1991,169.34
zmb,1992,170.24
zmb,1993,169.83
zmb,1994,168.39
zmb,1995,165.81
zmb,1996,162.63
zmb,1997,159.50
zmb,1998,156.26
zmb,1999,153.07
zmb,2000,148.76
zmb,2001,142.33
zmb,2002,134.28
zmb,2003,125.04
zmb,2004,115.59
zmb,2005,105.81
zmb,2006,97.116
zmb,2007,89.914
zmb,2008,84.708
zmb,2009,79.862
zmb,2010,74.144
zmb,2011,69.962
zmb,2012,67.413
zmb,2013,64.730
zmb,2014,61.504
zmb,2015,58.143
zmb,2016,55.765
zmb,2017,53.055
zmb,2018,49.971
zmb,2019,48.608
zmb,2020,47.179
zmb,2021,44.918
zmb,2022,41.220
zmb,2023,37.927
zmb,2024,35.125
zwe,1955,125.66
zwe,1956,130.89
zwe,1957,133.85
zwe,1958,135.11
zwe,1959,134.28
zwe,1960,131.57
zwe,1961,128.34
zwe,1962,125.23
zwe,1963,122.06
zwe,1964,119.04
zwe,1965,116.45
zwe,1966,113.71
zwe,1967,111.34
zwe,1968,109.23
zwe,1969,107.00
zwe,1970,105.62
zwe,1971,104.72
zwe,1972,104.38
zwe,1973,104.38
zwe,1974,104.25
zwe,1975,104.49
zwe,1976,104.74
zwe,1977,105.10
zwe,1978,105.54
zwe,1979,105.32
zwe,1980,104.17
zwe,1981,101.86
zwe,1982,97.841
zwe,1983,92.824
zwe,1984,87.083
zwe,1985,81.510
zwe,1986,76.405
zwe,1987,72.324
zwe,1988,69.848
zwe,1989,69.087
zwe,1990,70.249
zwe,1991,72.639
zwe,1992,75.810
zwe,1993,79.814
zwe,1994,83.956
zwe,1995,87.413
zwe,1996,90.273
zwe,1997,91.957
zwe,1998,92.503
zwe,1999,91.676
zwe,2000,90.343
zwe,2001,89.114
zwe,2002,88.583
zwe,2003,76.963
zwe,2004,80.500
zwe,2005,83.686
zwe,2006,84.444
zwe,2007,86.266
zwe,2008,86.912
zwe,2009,85.647
zwe,2010,82.707
zwe,2011,77.560
zwe,2012,71.771
zwe,2013,64.672
zwe,2014,58.944
zwe,2015,55.005
zwe,2016,52.159
zwe,2017,48.468
zwe,2018,45.310
zwe,2019,41.182
zwe,2020,38.250
zwe,2021,35.723
zwe,2022,32.142
zwe,2023,29.432
zwe,2024,27.004
