geo,year,deaths_10_14_lower
afg,1991,237.00
afg,1992,226.00
afg,1993,276.00
afg,1994,421.00
afg,1995,425.00
afg,1996,460.00
afg,1997,483.00
afg,1998,541.00
afg,1999,846.00
afg,2000,710.00
afg,2001,788.00
afg,2002,846.00
afg,2003,967.00
afg,2004,1084.0
afg,2005,1226.0
afg,2006,1435.0
afg,2007,1672.0
afg,2008,1826.0
afg,2009,1857.0
afg,2010,1897.0
afg,2011,1950.0
afg,2012,1967.0
afg,2013,1900.0
afg,2014,1812.0
afg,2015,1619.0
afg,2016,1439.0
afg,2017,1270.0
afg,2018,1020.0
afg,2019,863.00
afg,2020,730.00
afg,2021,631.00
afg,2022,522.00
afg,2023,512.00
afg,2024,486.00
ago,1991,3844.0
ago,1992,3404.0
ago,1993,4177.0
ago,1994,3684.0
ago,1995,3838.0
ago,1996,3992.0
ago,1997,4142.0
ago,1998,4278.0
ago,1999,4395.0
ago,2000,4496.0
ago,2001,4576.0
ago,2002,4630.0
ago,2003,4657.0
ago,2004,4657.0
ago,2005,4632.0
ago,2006,4588.0
ago,2007,4514.0
ago,2008,4432.0
ago,2009,4350.0
ago,2010,4266.0
ago,2011,4185.0
ago,2012,4117.0
ago,2013,4060.0
ago,2014,4021.0
ago,2015,4008.0
ago,2016,4021.0
ago,2017,4046.0
ago,2018,4084.0
ago,2019,4127.0
ago,2020,4175.0
ago,2021,4217.0
ago,2022,4255.0
ago,2023,4283.0
ago,2024,4305.0
aia,1991,0.0000
aia,1992,0.0000
aia,1993,0.0000
aia,1994,0.0000
aia,1995,0.0000
aia,1996,0.0000
aia,1997,0.0000
aia,1998,0.0000
aia,1999,0.0000
aia,2000,0.0000
aia,2001,0.0000
aia,2002,0.0000
aia,2003,0.0000
aia,2004,0.0000
aia,2005,0.0000
aia,2006,0.0000
aia,2007,0.0000
aia,2008,0.0000
aia,2009,0.0000
aia,2010,0.0000
aia,2011,0.0000
aia,2012,0.0000
aia,2013,0.0000
aia,2014,0.0000
aia,2015,0.0000
aia,2016,0.0000
aia,2017,0.0000
aia,2018,0.0000
aia,2019,0.0000
aia,2020,0.0000
aia,2021,0.0000
aia,2022,0.0000
aia,2023,0.0000
aia,2024,0.0000
alb,1991,150.00
alb,1992,142.00
alb,1993,135.00
alb,1994,128.00
alb,1995,123.00
alb,1996,119.00
alb,1997,116.00
alb,1998,131.00
alb,1999,111.00
alb,2000,108.00
alb,2001,105.00
alb,2002,101.00
alb,2003,96.000
alb,2004,90.000
alb,2005,84.000
alb,2006,79.000
alb,2007,74.000
alb,2008,70.000
alb,2009,66.000
alb,2010,63.000
alb,2011,59.000
alb,2012,55.000
alb,2013,51.000
alb,2014,48.000
alb,2015,45.000
alb,2016,42.000
alb,2017,39.000
alb,2018,35.000
alb,2019,33.000
alb,2020,30.000
alb,2021,27.000
alb,2022,25.000
alb,2023,23.000
alb,2024,21.000
and,1991,0.0000
and,1992,0.0000
and,1993,0.0000
and,1994,0.0000
and,1995,0.0000
and,1996,0.0000
and,1997,0.0000
and,1998,0.0000
and,1999,0.0000
and,2000,0.0000
and,2001,0.0000
and,2002,0.0000
and,2003,0.0000
and,2004,0.0000
and,2005,0.0000
and,2006,0.0000
and,2007,0.0000
and,2008,0.0000
and,2009,0.0000
and,2010,0.0000
and,2011,0.0000
and,2012,0.0000
and,2013,0.0000
and,2014,0.0000
and,2015,0.0000
and,2016,0.0000
and,2017,0.0000
and,2018,0.0000
and,2019,0.0000
and,2020,0.0000
and,2021,0.0000
and,2022,0.0000
and,2023,0.0000
and,2024,0.0000
are,1991,41.000
are,1992,40.000
are,1993,40.000
are,1994,41.000
are,1995,41.000
are,1996,42.000
are,1997,45.000
are,1998,48.000
are,1999,49.000
are,2000,48.000
are,2001,45.000
are,2002,43.000
are,2003,40.000
are,2004,38.000
are,2005,38.000
are,2006,39.000
are,2007,42.000
are,2008,47.000
are,2009,52.000
are,2010,55.000
are,2011,56.000
are,2012,57.000
are,2013,58.000
are,2014,60.000
are,2015,61.000
are,2016,62.000
are,2017,62.000
are,2018,60.000
are,2019,57.000
are,2020,54.000
are,2021,51.000
are,2022,50.000
are,2023,50.000
are,2024,51.000
arg,1991,1100.0
arg,1992,1102.0
arg,1993,1094.0
arg,1994,1078.0
arg,1995,1057.0
arg,1996,1036.0
arg,1997,1018.0
arg,1998,1003.0
arg,1999,992.00
arg,2000,983.00
arg,2001,981.00
arg,2002,988.00
arg,2003,996.00
arg,2004,1003.0
arg,2005,1010.0
arg,2006,1017.0
arg,2007,1022.0
arg,2008,1020.0
arg,2009,1008.0
arg,2010,989.00
arg,2011,967.00
arg,2012,942.00
arg,2013,911.00
arg,2014,875.00
arg,2015,836.00
arg,2016,801.00
arg,2017,771.00
arg,2018,744.00
arg,2019,725.00
arg,2020,722.00
arg,2021,735.00
arg,2022,759.00
arg,2023,777.00
arg,2024,783.00
arm,1991,83.000
arm,1992,80.000
arm,1993,76.000
arm,1994,72.000
arm,1995,69.000
arm,1996,67.000
arm,1997,66.000
arm,1998,64.000
arm,1999,61.000
arm,2000,57.000
arm,2001,52.000
arm,2002,49.000
arm,2003,48.000
arm,2004,46.000
arm,2005,44.000
arm,2006,42.000
arm,2007,39.000
arm,2008,37.000
arm,2009,35.000
arm,2010,34.000
arm,2011,32.000
arm,2012,31.000
arm,2013,31.000
arm,2014,30.000
arm,2015,30.000
arm,2016,30.000
arm,2017,31.000
arm,2018,32.000
arm,2019,32.000
arm,2020,33.000
arm,2021,33.000
arm,2022,34.000
arm,2023,34.000
arm,2024,34.000
atg,1991,2.0000
atg,1992,2.0000
atg,1993,2.0000
atg,1994,2.0000
atg,1995,2.0000
atg,1996,2.0000
atg,1997,2.0000
atg,1998,2.0000
atg,1999,2.0000
atg,2000,2.0000
atg,2001,2.0000
atg,2002,2.0000
atg,2003,2.0000
atg,2004,2.0000
atg,2005,2.0000
atg,2006,2.0000
atg,2007,2.0000
atg,2008,2.0000
atg,2009,2.0000
atg,2010,2.0000
atg,2011,2.0000
atg,2012,2.0000
atg,2013,2.0000
atg,2014,2.0000
atg,2015,2.0000
atg,2016,1.0000
atg,2017,1.0000
atg,2018,1.0000
atg,2019,1.0000
atg,2020,1.0000
atg,2021,1.0000
atg,2022,1.0000
atg,2023,1.0000
atg,2024,1.0000
aus,1991,231.00
aus,1992,225.00
aus,1993,220.00
aus,1994,216.00
aus,1995,212.00
aus,1996,207.00
aus,1997,202.00
aus,1998,195.00
aus,1999,189.00
aus,2000,183.00
aus,2001,177.00
aus,2002,172.00
aus,2003,166.00
aus,2004,161.00
aus,2005,156.00
aus,2006,151.00
aus,2007,146.00
aus,2008,143.00
aus,2009,140.00
aus,2010,138.00
aus,2011,135.00
aus,2012,133.00
aus,2013,131.00
aus,2014,129.00
aus,2015,128.00
aus,2016,126.00
aus,2017,126.00
aus,2018,127.00
aus,2019,129.00
aus,2020,132.00
aus,2021,135.00
aus,2022,136.00
aus,2023,134.00
aus,2024,132.00
aut,1991,75.000
aut,1992,74.000
aut,1993,74.000
aut,1994,73.000
aut,1995,72.000
aut,1996,69.000
aut,1997,67.000
aut,1998,64.000
aut,1999,61.000
aut,2000,59.000
aut,2001,58.000
aut,2002,57.000
aut,2003,56.000
aut,2004,55.000
aut,2005,53.000
aut,2006,52.000
aut,2007,50.000
aut,2008,48.000
aut,2009,46.000
aut,2010,44.000
aut,2011,42.000
aut,2012,40.000
aut,2013,39.000
aut,2014,37.000
aut,2015,37.000
aut,2016,36.000
aut,2017,36.000
aut,2018,35.000
aut,2019,35.000
aut,2020,34.000
aut,2021,33.000
aut,2022,32.000
aut,2023,32.000
aut,2024,31.000
aze,1991,255.00
aze,1992,276.00
aze,1993,327.00
aze,1994,315.00
aze,1995,335.00
aze,1996,350.00
aze,1997,360.00
aze,1998,370.00
aze,1999,379.00
aze,2000,386.00
aze,2001,392.00
aze,2002,393.00
aze,2003,387.00
aze,2004,374.00
aze,2005,354.00
aze,2006,327.00
aze,2007,296.00
aze,2008,263.00
aze,2009,229.00
aze,2010,198.00
aze,2011,175.00
aze,2012,158.00
aze,2013,146.00
aze,2014,143.00
aze,2015,146.00
aze,2016,155.00
aze,2017,167.00
aze,2018,180.00
aze,2019,191.00
aze,2020,201.00
aze,2021,229.00
aze,2022,221.00
aze,2023,228.00
aze,2024,231.00
bdi,1991,1158.0
bdi,1992,1290.0
bdi,1993,1451.0
bdi,1994,4042.0
bdi,1995,1619.0
bdi,1996,1717.0
bdi,1997,1792.0
bdi,1998,1863.0
bdi,1999,1921.0
bdi,2000,1961.0
bdi,2001,1983.0
bdi,2002,1957.0
bdi,2003,1900.0
bdi,2004,1828.0
bdi,2005,1682.0
bdi,2006,1476.0
bdi,2007,1294.0
bdi,2008,1110.0
bdi,2009,976.00
bdi,2010,895.00
bdi,2011,850.00
bdi,2012,839.00
bdi,2013,831.00
bdi,2014,819.00
bdi,2015,786.00
bdi,2016,714.00
bdi,2017,647.00
bdi,2018,588.00
bdi,2019,558.00
bdi,2020,513.00
bdi,2021,492.00
bdi,2022,488.00
bdi,2023,487.00
bdi,2024,497.00
bel,1991,118.00
bel,1992,115.00
bel,1993,112.00
bel,1994,108.00
bel,1995,104.00
bel,1996,100.00
bel,1997,95.000
bel,1998,92.000
bel,1999,89.000
bel,2000,87.000
bel,2001,85.000
bel,2002,83.000
bel,2003,81.000
bel,2004,79.000
bel,2005,76.000
bel,2006,73.000
bel,2007,70.000
bel,2008,67.000
bel,2009,64.000
bel,2010,62.000
bel,2011,61.000
bel,2012,60.000
bel,2013,58.000
bel,2014,56.000
bel,2015,55.000
bel,2016,53.000
bel,2017,52.000
bel,2018,51.000
bel,2019,50.000
bel,2020,49.000
bel,2021,48.000
bel,2022,46.000
bel,2023,44.000
bel,2024,42.000
ben,1991,811.00
ben,1992,847.00
ben,1993,875.00
ben,1994,903.00
ben,1995,927.00
ben,1996,953.00
ben,1997,973.00
ben,1998,986.00
ben,1999,1004.0
ben,2000,1021.0
ben,2001,1040.0
ben,2002,1056.0
ben,2003,1080.0
ben,2004,1102.0
ben,2005,1120.0
ben,2006,1135.0
ben,2007,1147.0
ben,2008,1141.0
ben,2009,1146.0
ben,2010,1138.0
ben,2011,1133.0
ben,2012,1117.0
ben,2013,1094.0
ben,2014,1079.0
ben,2015,1047.0
ben,2016,1012.0
ben,2017,973.00
ben,2018,940.00
ben,2019,906.00
ben,2020,854.00
ben,2021,799.00
ben,2022,751.00
ben,2023,712.00
ben,2024,690.00
bfa,1991,688.00
bfa,1992,761.00
bfa,1993,862.00
bfa,1994,950.00
bfa,1995,1024.0
bfa,1996,1093.0
bfa,1997,1139.0
bfa,1998,1154.0
bfa,1999,1185.0
bfa,2000,1183.0
bfa,2001,1187.0
bfa,2002,1200.0
bfa,2003,1212.0
bfa,2004,1200.0
bfa,2005,1168.0
bfa,2006,1161.0
bfa,2007,1114.0
bfa,2008,1068.0
bfa,2009,997.00
bfa,2010,947.00
bfa,2011,880.00
bfa,2012,823.00
bfa,2013,769.00
bfa,2014,709.00
bfa,2015,676.00
bfa,2016,619.00
bfa,2017,575.00
bfa,2018,533.00
bfa,2019,489.00
bfa,2020,423.00
bfa,2021,388.00
bfa,2022,362.00
bfa,2023,351.00
bfa,2024,334.00
bgd,1991,15133
bgd,1992,24736
bgd,1993,15781
bgd,1994,16693
bgd,1995,17292
bgd,1996,17294
bgd,1997,16621
bgd,1998,15488
bgd,1999,14204
bgd,2000,12168
bgd,2001,10178
bgd,2002,9340.0
bgd,2003,9217.0
bgd,2004,9871.0
bgd,2005,10666
bgd,2006,11244
bgd,2007,11620
bgd,2008,11739
bgd,2009,11689
bgd,2010,11165
bgd,2011,10446
bgd,2012,9757.0
bgd,2013,8893.0
bgd,2014,8218.0
bgd,2015,7696.0
bgd,2016,7351.0
bgd,2017,7243.0
bgd,2018,6976.0
bgd,2019,6745.0
bgd,2020,6471.0
bgd,2021,6128.0
bgd,2022,5417.0
bgd,2023,4308.0
bgd,2024,3183.0
bgr,1991,231.00
bgr,1992,222.00
bgr,1993,212.00
bgr,1994,203.00
bgr,1995,196.00
bgr,1996,189.00
bgr,1997,183.00
bgr,1998,177.00
bgr,1999,170.00
bgr,2000,161.00
bgr,2001,149.00
bgr,2002,135.00
bgr,2003,125.00
bgr,2004,118.00
bgr,2005,113.00
bgr,2006,105.00
bgr,2007,96.000
bgr,2008,88.000
bgr,2009,80.000
bgr,2010,75.000
bgr,2011,72.000
bgr,2012,69.000
bgr,2013,65.000
bgr,2014,62.000
bgr,2015,59.000
bgr,2016,56.000
bgr,2017,54.000
bgr,2018,54.000
bgr,2019,54.000
bgr,2020,55.000
bgr,2021,56.000
bgr,2022,56.000
bgr,2023,54.000
bgr,2024,51.000
bhr,1991,11.000
bhr,1992,12.000
bhr,1993,12.000
bhr,1994,13.000
bhr,1995,14.000
bhr,1996,14.000
bhr,1997,14.000
bhr,1998,14.000
bhr,1999,14.000
bhr,2000,13.000
bhr,2001,13.000
bhr,2002,13.000
bhr,2003,14.000
bhr,2004,14.000
bhr,2005,14.000
bhr,2006,14.000
bhr,2007,14.000
bhr,2008,14.000
bhr,2009,13.000
bhr,2010,13.000
bhr,2011,13.000
bhr,2012,13.000
bhr,2013,12.000
bhr,2014,12.000
bhr,2015,13.000
bhr,2016,14.000
bhr,2017,14.000
bhr,2018,14.000
bhr,2019,14.000
bhr,2020,14.000
bhr,2021,14.000
bhr,2022,13.000
bhr,2023,13.000
bhr,2024,13.000
bhs,1991,3.0000
bhs,1992,4.0000
bhs,1993,5.0000
bhs,1994,5.0000
bhs,1995,6.0000
bhs,1996,6.0000
bhs,1997,7.0000
bhs,1998,7.0000
bhs,1999,8.0000
bhs,2000,8.0000
bhs,2001,8.0000
bhs,2002,8.0000
bhs,2003,9.0000
bhs,2004,9.0000
bhs,2005,9.0000
bhs,2006,9.0000
bhs,2007,9.0000
bhs,2008,9.0000
bhs,2009,8.0000
bhs,2010,8.0000
bhs,2011,8.0000
bhs,2012,8.0000
bhs,2013,7.0000
bhs,2014,7.0000
bhs,2015,6.0000
bhs,2016,6.0000
bhs,2017,5.0000
bhs,2018,5.0000
bhs,2019,5.0000
bhs,2020,8.0000
bhs,2021,5.0000
bhs,2022,4.0000
bhs,2023,3.0000
bhs,2024,3.0000
bih,1991,76.000
bih,1992,72.000
bih,1993,430.00
bih,1994,430.00
bih,1995,64.000
bih,1996,105.00
bih,1997,54.000
bih,1998,52.000
bih,1999,49.000
bih,2000,47.000
bih,2001,44.000
bih,2002,42.000
bih,2003,40.000
bih,2004,37.000
bih,2005,35.000
bih,2006,33.000
bih,2007,31.000
bih,2008,29.000
bih,2009,28.000
bih,2010,28.000
bih,2011,27.000
bih,2012,26.000
bih,2013,24.000
bih,2014,23.000
bih,2015,22.000
bih,2016,21.000
bih,2017,21.000
bih,2018,20.000
bih,2019,19.000
bih,2020,19.000
bih,2021,18.000
bih,2022,17.000
bih,2023,16.000
bih,2024,15.000
blr,1991,259.00
blr,1992,258.00
blr,1993,256.00
blr,1994,255.00
blr,1995,254.00
blr,1996,248.00
blr,1997,244.00
blr,1998,239.00
blr,1999,230.00
blr,2000,220.00
blr,2001,208.00
blr,2002,192.00
blr,2003,176.00
blr,2004,159.00
blr,2005,144.00
blr,2006,129.00
blr,2007,118.00
blr,2008,107.00
blr,2009,98.000
blr,2010,91.000
blr,2011,86.000
blr,2012,81.000
blr,2013,76.000
blr,2014,72.000
blr,2015,67.000
blr,2016,62.000
blr,2017,58.000
blr,2018,56.000
blr,2019,53.000
blr,2020,50.000
blr,2021,46.000
blr,2022,42.000
blr,2023,38.000
blr,2024,35.000
blz,1991,7.0000
blz,1992,8.0000
blz,1993,8.0000
blz,1994,9.0000
blz,1995,10.000
blz,1996,10.000
blz,1997,11.000
blz,1998,11.000
blz,1999,12.000
blz,2000,12.000
blz,2001,13.000
blz,2002,13.000
blz,2003,13.000
blz,2004,14.000
blz,2005,14.000
blz,2006,14.000
blz,2007,14.000
blz,2008,14.000
blz,2009,14.000
blz,2010,14.000
blz,2011,14.000
blz,2012,13.000
blz,2013,13.000
blz,2014,13.000
blz,2015,12.000
blz,2016,12.000
blz,2017,11.000
blz,2018,10.000
blz,2019,10.000
blz,2020,9.0000
blz,2021,9.0000
blz,2022,8.0000
blz,2023,7.0000
blz,2024,7.0000
bol,1991,380.00
bol,1992,377.00
bol,1993,373.00
bol,1994,373.00
bol,1995,370.00
bol,1996,365.00
bol,1997,362.00
bol,1998,362.00
bol,1999,359.00
bol,2000,355.00
bol,2001,353.00
bol,2002,343.00
bol,2003,334.00
bol,2004,319.00
bol,2005,299.00
bol,2006,282.00
bol,2007,265.00
bol,2008,246.00
bol,2009,228.00
bol,2010,203.00
bol,2011,183.00
bol,2012,167.00
bol,2013,149.00
bol,2014,139.00
bol,2015,131.00
bol,2016,125.00
bol,2017,121.00
bol,2018,122.00
bol,2019,120.00
bol,2020,116.00
bol,2021,112.00
bol,2022,108.00
bol,2023,105.00
bol,2024,99.000
bra,1991,6838.0
bra,1992,7114.0
bra,1993,7324.0
bra,1994,7449.0
bra,1995,7487.0
bra,1996,7460.0
bra,1997,7368.0
bra,1998,7228.0
bra,1999,7055.0
bra,2000,6891.0
bra,2001,6731.0
bra,2002,6578.0
bra,2003,6442.0
bra,2004,6316.0
bra,2005,6224.0
bra,2006,6165.0
bra,2007,6118.0
bra,2008,6101.0
bra,2009,6072.0
bra,2010,6028.0
bra,2011,5938.0
bra,2012,5804.0
bra,2013,5627.0
bra,2014,5411.0
bra,2015,5196.0
bra,2016,4991.0
bra,2017,4803.0
bra,2018,4634.0
bra,2019,4478.0
bra,2020,4341.0
bra,2021,4222.0
bra,2022,4118.0
bra,2023,4013.0
bra,2024,3881.0
brb,1991,4.0000
brb,1992,4.0000
brb,1993,5.0000
brb,1994,5.0000
brb,1995,5.0000
brb,1996,5.0000
brb,1997,5.0000
brb,1998,5.0000
brb,1999,5.0000
brb,2000,5.0000
brb,2001,5.0000
brb,2002,5.0000
brb,2003,5.0000
brb,2004,5.0000
brb,2005,5.0000
brb,2006,5.0000
brb,2007,4.0000
brb,2008,4.0000
brb,2009,4.0000
brb,2010,3.0000
brb,2011,3.0000
brb,2012,3.0000
brb,2013,3.0000
brb,2014,3.0000
brb,2015,3.0000
brb,2016,3.0000
brb,2017,3.0000
brb,2018,3.0000
brb,2019,2.0000
brb,2020,2.0000
brb,2021,2.0000
brb,2022,2.0000
brb,2023,2.0000
brb,2024,2.0000
brn,1991,8.0000
brn,1992,8.0000
brn,1993,8.0000
brn,1994,8.0000
brn,1995,8.0000
brn,1996,8.0000
brn,1997,7.0000
brn,1998,7.0000
brn,1999,7.0000
brn,2000,7.0000
brn,2001,7.0000
brn,2002,7.0000
brn,2003,7.0000
brn,2004,7.0000
brn,2005,6.0000
brn,2006,6.0000
brn,2007,6.0000
brn,2008,6.0000
brn,2009,6.0000
brn,2010,6.0000
brn,2011,6.0000
brn,2012,6.0000
brn,2013,6.0000
brn,2014,6.0000
brn,2015,5.0000
brn,2016,5.0000
brn,2017,5.0000
brn,2018,5.0000
brn,2019,5.0000
brn,2020,4.0000
brn,2021,3.0000
brn,2022,3.0000
brn,2023,3.0000
brn,2024,3.0000
btn,1991,7.0000
btn,1992,7.0000
btn,1993,7.0000
btn,1994,7.0000
btn,1995,6.0000
btn,1996,7.0000
btn,1997,7.0000
btn,1998,7.0000
btn,1999,8.0000
btn,2000,9.0000
btn,2001,13.000
btn,2002,12.000
btn,2003,14.000
btn,2004,15.000
btn,2005,17.000
btn,2006,19.000
btn,2007,21.000
btn,2008,22.000
btn,2009,24.000
btn,2010,25.000
btn,2011,26.000
btn,2012,26.000
btn,2013,25.000
btn,2014,24.000
btn,2015,23.000
btn,2016,23.000
btn,2017,22.000
btn,2018,21.000
btn,2019,20.000
btn,2020,19.000
btn,2021,18.000
btn,2022,17.000
btn,2023,16.000
btn,2024,16.000
bwa,1991,60.000
bwa,1992,63.000
bwa,1993,67.000
bwa,1994,70.000
bwa,1995,73.000
bwa,1996,75.000
bwa,1997,78.000
bwa,1998,81.000
bwa,1999,82.000
bwa,2000,83.000
bwa,2001,83.000
bwa,2002,82.000
bwa,2003,82.000
bwa,2004,81.000
bwa,2005,81.000
bwa,2006,82.000
bwa,2007,92.000
bwa,2008,79.000
bwa,2009,79.000
bwa,2010,80.000
bwa,2011,80.000
bwa,2012,81.000
bwa,2013,84.000
bwa,2014,85.000
bwa,2015,86.000
bwa,2016,86.000
bwa,2017,85.000
bwa,2018,84.000
bwa,2019,81.000
bwa,2020,78.000
bwa,2021,72.000
bwa,2022,67.000
bwa,2023,61.000
bwa,2024,57.000
caf,1991,287.00
caf,1992,282.00
caf,1993,280.00
caf,1994,290.00
caf,1995,301.00
caf,1996,310.00
caf,1997,320.00
caf,1998,344.00
caf,1999,373.00
caf,2000,404.00
caf,2001,450.00
caf,2002,486.00
caf,2003,522.00
caf,2004,547.00
caf,2005,568.00
caf,2006,569.00
caf,2007,566.00
caf,2008,562.00
caf,2009,565.00
caf,2010,1501.0
caf,2011,594.00
caf,2012,554.00
caf,2013,532.00
caf,2014,534.00
caf,2015,544.00
caf,2016,479.00
caf,2017,446.00
caf,2018,358.00
caf,2019,354.00
caf,2020,205.00
caf,2021,269.00
caf,2022,152.00
caf,2023,0.0000
caf,2024,307.00
can,1991,394.00
can,1992,388.00
can,1993,381.00
can,1994,374.00
can,1995,367.00
can,1996,358.00
can,1997,349.00
can,1998,339.00
can,1999,328.00
can,2000,317.00
can,2001,307.00
can,2002,299.00
can,2003,292.00
can,2004,286.00
can,2005,280.00
can,2006,272.00
can,2007,263.00
can,2008,253.00
can,2009,243.00
can,2010,232.00
can,2011,222.00
can,2012,213.00
can,2013,206.00
can,2014,202.00
can,2015,200.00
can,2016,199.00
can,2017,199.00
can,2018,201.00
can,2019,204.00
can,2020,209.00
can,2021,214.00
can,2022,217.00
can,2023,216.00
can,2024,213.00
che,1991,67.000
che,1992,66.000
che,1993,65.000
che,1994,64.000
che,1995,63.000
che,1996,61.000
che,1997,59.000
che,1998,57.000
che,1999,56.000
che,2000,54.000
che,2001,53.000
che,2002,51.000
che,2003,50.000
che,2004,48.000
che,2005,46.000
che,2006,44.000
che,2007,42.000
che,2008,40.000
che,2009,38.000
che,2010,37.000
che,2011,35.000
che,2012,34.000
che,2013,32.000
che,2014,31.000
che,2015,30.000
che,2016,30.000
che,2017,29.000
che,2018,29.000
che,2019,29.000
che,2020,29.000
che,2021,28.000
che,2022,28.000
che,2023,27.000
che,2024,26.000
chl,1991,383.00
chl,1992,370.00
chl,1993,359.00
chl,1994,349.00
chl,1995,341.00
chl,1996,335.00
chl,1997,329.00
chl,1998,324.00
chl,1999,318.00
chl,2000,311.00
chl,2001,306.00
chl,2002,300.00
chl,2003,294.00
chl,2004,286.00
chl,2005,277.00
chl,2006,267.00
chl,2007,258.00
chl,2008,247.00
chl,2009,238.00
chl,2010,229.00
chl,2011,220.00
chl,2012,212.00
chl,2013,203.00
chl,2014,195.00
chl,2015,187.00
chl,2016,179.00
chl,2017,172.00
chl,2018,166.00
chl,2019,163.00
chl,2020,163.00
chl,2021,164.00
chl,2022,166.00
chl,2023,166.00
chl,2024,164.00
chn,1991,24321
chn,1992,24595
chn,1993,25336
chn,1994,26357
chn,1995,26738
chn,1996,27189
chn,1997,28374
chn,1998,29271
chn,1999,29953
chn,2000,30783
chn,2001,31540
chn,2002,31472
chn,2003,30049
chn,2004,28412
chn,2005,26526
chn,2006,24260
chn,2007,22244
chn,2008,20867
chn,2009,19348
chn,2010,17764
chn,2011,16262
chn,2012,14900
chn,2013,13641
chn,2014,12599
chn,2015,11723
chn,2016,10870
chn,2017,10118
chn,2018,9490.0
chn,2019,9000.0
chn,2020,8659.0
chn,2021,8315.0
chn,2022,7919.0
chn,2023,7625.0
chn,2024,7315.0
civ,1991,1731.0
civ,1992,1823.0
civ,1993,1921.0
civ,1994,2002.0
civ,1995,2082.0
civ,1996,2175.0
civ,1997,2265.0
civ,1998,2321.0
civ,1999,2394.0
civ,2000,2455.0
civ,2001,2506.0
civ,2002,2581.0
civ,2003,2613.0
civ,2004,2668.0
civ,2005,2746.0
civ,2006,2804.0
civ,2007,2859.0
civ,2008,2890.0
civ,2009,2897.0
civ,2010,2856.0
civ,2011,2791.0
civ,2012,2730.0
civ,2013,2639.0
civ,2014,2559.0
civ,2015,2470.0
civ,2016,2410.0
civ,2017,2341.0
civ,2018,2253.0
civ,2019,2131.0
civ,2020,1971.0
civ,2021,1817.0
civ,2022,1650.0
civ,2023,1529.0
civ,2024,1457.0
cmr,1991,1616.0
cmr,1992,1693.0
cmr,1993,1783.0
cmr,1994,1861.0
cmr,1995,1933.0
cmr,1996,1981.0
cmr,1997,2039.0
cmr,1998,2093.0
cmr,1999,2145.0
cmr,2000,2183.0
cmr,2001,2217.0
cmr,2002,2276.0
cmr,2003,2323.0
cmr,2004,2350.0
cmr,2005,2356.0
cmr,2006,2359.0
cmr,2007,2358.0
cmr,2008,2335.0
cmr,2009,2310.0
cmr,2010,2318.0
cmr,2011,2273.0
cmr,2012,2208.0
cmr,2013,2139.0
cmr,2014,2053.0
cmr,2015,1938.0
cmr,2016,1779.0
cmr,2017,1668.0
cmr,2018,1535.0
cmr,2019,1427.0
cmr,2020,1355.0
cmr,2021,1306.0
cmr,2022,1267.0
cmr,2023,1241.0
cmr,2024,1214.0
cod,1991,1737.0
cod,1992,1917.0
cod,1993,2120.0
cod,1994,2362.0
cod,1995,2699.0
cod,1996,2985.0
cod,1997,3182.0
cod,1998,3595.0
cod,1999,3843.0
cod,2000,4312.0
cod,2001,4689.0
cod,2002,5220.0
cod,2003,5817.0
cod,2004,6322.0
cod,2005,6736.0
cod,2006,7237.0
cod,2007,7668.0
cod,2008,8040.0
cod,2009,8333.0
cod,2010,8592.0
cod,2011,8737.0
cod,2012,8696.0
cod,2013,8704.0
cod,2014,8599.0
cod,2015,8221.0
cod,2016,7894.0
cod,2017,7688.0
cod,2018,7398.0
cod,2019,7197.0
cod,2020,7240.0
cod,2021,7005.0
cod,2022,6962.0
cod,2023,6918.0
cod,2024,7008.0
cog,1991,78.000
cog,1992,79.000
cog,1993,82.000
cog,1994,80.000
cog,1995,77.000
cog,1996,79.000
cog,1997,82.000
cog,1998,126.00
cog,1999,124.00
cog,2000,121.00
cog,2001,134.00
cog,2002,147.00
cog,2003,158.00
cog,2004,173.00
cog,2005,181.00
cog,2006,182.00
cog,2007,184.00
cog,2008,179.00
cog,2009,170.00
cog,2010,161.00
cog,2011,147.00
cog,2012,134.00
cog,2013,124.00
cog,2014,112.00
cog,2015,105.00
cog,2016,101.00
cog,2017,98.000
cog,2018,95.000
cog,2019,96.000
cog,2020,100.00
cog,2021,98.000
cog,2022,99.000
cog,2023,100.00
cog,2024,99.000
cok,1991,0.0000
cok,1992,0.0000
cok,1993,0.0000
cok,1994,0.0000
cok,1995,0.0000
cok,1996,0.0000
cok,1997,0.0000
cok,1998,0.0000
cok,1999,0.0000
cok,2000,0.0000
cok,2001,0.0000
cok,2002,0.0000
cok,2003,0.0000
cok,2004,0.0000
cok,2005,0.0000
cok,2006,0.0000
cok,2007,0.0000
cok,2008,0.0000
cok,2009,0.0000
cok,2010,0.0000
cok,2011,0.0000
cok,2012,0.0000
cok,2013,0.0000
cok,2014,0.0000
cok,2015,0.0000
cok,2016,0.0000
cok,2017,0.0000
cok,2018,0.0000
cok,2019,0.0000
cok,2020,0.0000
cok,2021,0.0000
cok,2022,0.0000
cok,2023,0.0000
cok,2024,0.0000
col,1991,1678.0
col,1992,1722.0
col,1993,1753.0
col,1994,1777.0
col,1995,1781.0
col,1996,1770.0
col,1997,1744.0
col,1998,1720.0
col,1999,1704.0
col,2000,1692.0
col,2001,1685.0
col,2002,1674.0
col,2003,1657.0
col,2004,1635.0
col,2005,1607.0
col,2006,1576.0
col,2007,1539.0
col,2008,1501.0
col,2009,1464.0
col,2010,1424.0
col,2011,1387.0
col,2012,1349.0
col,2013,1315.0
col,2014,1284.0
col,2015,1254.0
col,2016,1228.0
col,2017,1204.0
col,2018,1185.0
col,2019,1172.0
col,2020,1161.0
col,2021,1154.0
col,2022,1146.0
col,2023,1133.0
col,2024,1106.0
com,1991,12.000
com,1992,13.000
com,1993,13.000
com,1994,14.000
com,1995,14.000
com,1996,15.000
com,1997,15.000
com,1998,16.000
com,1999,16.000
com,2000,17.000
com,2001,18.000
com,2002,18.000
com,2003,19.000
com,2004,19.000
com,2005,19.000
com,2006,19.000
com,2007,20.000
com,2008,20.000
com,2009,19.000
com,2010,18.000
com,2011,18.000
com,2012,17.000
com,2013,16.000
com,2014,15.000
com,2015,14.000
com,2016,13.000
com,2017,13.000
com,2018,11.000
com,2019,10.000
com,2020,9.0000
com,2021,9.0000
com,2022,9.0000
com,2023,8.0000
com,2024,8.0000
cpv,1991,16.000
cpv,1992,17.000
cpv,1993,18.000
cpv,1994,19.000
cpv,1995,20.000
cpv,1996,33.000
cpv,1997,22.000
cpv,1998,22.000
cpv,1999,23.000
cpv,2000,23.000
cpv,2001,23.000
cpv,2002,23.000
cpv,2003,22.000
cpv,2004,21.000
cpv,2005,21.000
cpv,2006,20.000
cpv,2007,19.000
cpv,2008,18.000
cpv,2009,17.000
cpv,2010,16.000
cpv,2011,15.000
cpv,2012,13.000
cpv,2013,12.000
cpv,2014,11.000
cpv,2015,10.000
cpv,2016,10.000
cpv,2017,9.0000
cpv,2018,9.0000
cpv,2019,9.0000
cpv,2020,8.0000
cpv,2021,8.0000
cpv,2022,7.0000
cpv,2023,6.0000
cpv,2024,6.0000
cri,1991,89.000
cri,1992,92.000
cri,1993,95.000
cri,1994,97.000
cri,1995,99.000
cri,1996,101.00
cri,1997,103.00
cri,1998,104.00
cri,1999,104.00
cri,2000,104.00
cri,2001,103.00
cri,2002,101.00
cri,2003,100.00
cri,2004,98.000
cri,2005,96.000
cri,2006,94.000
cri,2007,92.000
cri,2008,91.000
cri,2009,89.000
cri,2010,87.000
cri,2011,85.000
cri,2012,83.000
cri,2013,81.000
cri,2014,78.000
cri,2015,75.000
cri,2016,73.000
cri,2017,70.000
cri,2018,68.000
cri,2019,67.000
cri,2020,66.000
cri,2021,64.000
cri,2022,62.000
cri,2023,61.000
cri,2024,58.000
cub,1991,300.00
cub,1992,277.00
cub,1993,262.00
cub,1994,256.00
cub,1995,254.00
cub,1996,255.00
cub,1997,257.00
cub,1998,255.00
cub,1999,251.00
cub,2000,245.00
cub,2001,237.00
cub,2002,226.00
cub,2003,213.00
cub,2004,196.00
cub,2005,181.00
cub,2006,166.00
cub,2007,155.00
cub,2008,148.00
cub,2009,143.00
cub,2010,142.00
cub,2011,141.00
cub,2012,140.00
cub,2013,138.00
cub,2014,136.00
cub,2015,132.00
cub,2016,128.00
cub,2017,123.00
cub,2018,119.00
cub,2019,116.00
cub,2020,115.00
cub,2021,117.00
cub,2022,120.00
cub,2023,121.00
cub,2024,119.00
cyp,1991,5.0000
cyp,1992,5.0000
cyp,1993,6.0000
cyp,1994,7.0000
cyp,1995,7.0000
cyp,1996,8.0000
cyp,1997,8.0000
cyp,1998,8.0000
cyp,1999,8.0000
cyp,2000,8.0000
cyp,2001,9.0000
cyp,2002,9.0000
cyp,2003,9.0000
cyp,2004,9.0000
cyp,2005,9.0000
cyp,2006,9.0000
cyp,2007,8.0000
cyp,2008,8.0000
cyp,2009,8.0000
cyp,2010,7.0000
cyp,2011,6.0000
cyp,2012,6.0000
cyp,2013,5.0000
cyp,2014,5.0000
cyp,2015,5.0000
cyp,2016,5.0000
cyp,2017,5.0000
cyp,2018,5.0000
cyp,2019,5.0000
cyp,2020,4.0000
cyp,2021,4.0000
cyp,2022,3.0000
cyp,2023,3.0000
cyp,2024,3.0000
cze,1991,180.00
cze,1992,171.00
cze,1993,161.00
cze,1994,152.00
cze,1995,141.00
cze,1996,133.00
cze,1997,127.00
cze,1998,121.00
cze,1999,115.00
cze,2000,110.00
cze,2001,105.00
cze,2002,100.00
cze,2003,95.000
cze,2004,91.000
cze,2005,85.000
cze,2006,78.000
cze,2007,71.000
cze,2008,64.000
cze,2009,57.000
cze,2010,52.000
cze,2011,49.000
cze,2012,47.000
cze,2013,45.000
cze,2014,44.000
cze,2015,43.000
cze,2016,42.000
cze,2017,42.000
cze,2018,43.000
cze,2019,44.000
cze,2020,45.000
cze,2021,45.000
cze,2022,44.000
cze,2023,42.000
cze,2024,40.000
deu,1991,730.00
deu,1992,731.00
deu,1993,726.00
deu,1994,713.00
deu,1995,691.00
deu,1996,663.00
deu,1997,635.00
deu,1998,616.00
deu,1999,600.00
deu,2000,587.00
deu,2001,580.00
deu,2002,565.00
deu,2003,539.00
deu,2004,508.00
deu,2005,475.00
deu,2006,441.00
deu,2007,413.00
deu,2008,394.00
deu,2009,380.00
deu,2010,368.00
deu,2011,357.00
deu,2012,345.00
deu,2013,331.00
deu,2014,317.00
deu,2015,307.00
deu,2016,300.00
deu,2017,295.00
deu,2018,291.00
deu,2019,289.00
deu,2020,287.00
deu,2021,287.00
deu,2022,291.00
deu,2023,294.00
deu,2024,295.00
dji,1991,108.00
dji,1992,115.00
dji,1993,112.00
dji,1994,108.00
dji,1995,109.00
dji,1996,109.00
dji,1997,110.00
dji,1998,111.00
dji,1999,113.00
dji,2000,114.00
dji,2001,115.00
dji,2002,115.00
dji,2003,116.00
dji,2004,115.00
dji,2005,115.00
dji,2006,114.00
dji,2007,113.00
dji,2008,112.00
dji,2009,110.00
dji,2010,110.00
dji,2011,109.00
dji,2012,109.00
dji,2013,110.00
dji,2014,110.00
dji,2015,110.00
dji,2016,109.00
dji,2017,107.00
dji,2018,104.00
dji,2019,100.00
dji,2020,97.000
dji,2021,94.000
dji,2022,91.000
dji,2023,88.000
dji,2024,86.000
dma,1991,1.0000
dma,1992,1.0000
dma,1993,2.0000
dma,1994,2.0000
dma,1995,2.0000
dma,1996,2.0000
dma,1997,2.0000
dma,1998,2.0000
dma,1999,2.0000
dma,2000,2.0000
dma,2001,2.0000
dma,2002,2.0000
dma,2003,2.0000
dma,2004,2.0000
dma,2005,2.0000
dma,2006,2.0000
dma,2007,2.0000
dma,2008,1.0000
dma,2009,1.0000
dma,2010,1.0000
dma,2011,1.0000
dma,2012,1.0000
dma,2013,0.0000
dma,2014,0.0000
dma,2015,0.0000
dma,2016,0.0000
dma,2017,0.0000
dma,2018,0.0000
dma,2019,0.0000
dma,2020,0.0000
dma,2021,0.0000
dma,2022,0.0000
dma,2023,0.0000
dma,2024,0.0000
dnk,1991,53.000
dnk,1992,50.000
dnk,1993,48.000
dnk,1994,45.000
dnk,1995,42.000
dnk,1996,41.000
dnk,1997,40.000
dnk,1998,39.000
dnk,1999,38.000
dnk,2000,38.000
dnk,2001,38.000
dnk,2002,37.000
dnk,2003,37.000
dnk,2004,36.000
dnk,2005,35.000
dnk,2006,34.000
dnk,2007,32.000
dnk,2008,30.000
dnk,2009,28.000
dnk,2010,27.000
dnk,2011,25.000
dnk,2012,23.000
dnk,2013,22.000
dnk,2014,21.000
dnk,2015,21.000
dnk,2016,20.000
dnk,2017,20.000
dnk,2018,20.000
dnk,2019,19.000
dnk,2020,19.000
dnk,2021,18.000
dnk,2022,17.000
dnk,2023,16.000
dnk,2024,14.000
dom,1991,256.00
dom,1992,251.00
dom,1993,245.00
dom,1994,241.00
dom,1995,238.00
dom,1996,233.00
dom,1997,233.00
dom,1998,235.00
dom,1999,238.00
dom,2000,240.00
dom,2001,243.00
dom,2002,246.00
dom,2003,248.00
dom,2004,251.00
dom,2005,250.00
dom,2006,247.00
dom,2007,242.00
dom,2008,235.00
dom,2009,223.00
dom,2010,214.00
dom,2011,204.00
dom,2012,193.00
dom,2013,179.00
dom,2014,166.00
dom,2015,152.00
dom,2016,138.00
dom,2017,129.00
dom,2018,121.00
dom,2019,114.00
dom,2020,108.00
dom,2021,103.00
dom,2022,101.00
dom,2023,98.000
dom,2024,93.000
dza,1991,1951.0
dza,1992,1926.0
dza,1993,1941.0
dza,1994,1985.0
dza,1995,2029.0
dza,1996,2080.0
dza,1997,2120.0
dza,1998,2138.0
dza,1999,2129.0
dza,2000,2086.0
dza,2001,2011.0
dza,2002,1917.0
dza,2003,1815.0
dza,2004,1916.0
dza,2005,1619.0
dza,2006,1536.0
dza,2007,1461.0
dza,2008,1389.0
dza,2009,1309.0
dza,2010,1227.0
dza,2011,1165.0
dza,2012,1117.0
dza,2013,1081.0
dza,2014,1066.0
dza,2015,1068.0
dza,2016,1073.0
dza,2017,1081.0
dza,2018,1096.0
dza,2019,1117.0
dza,2020,1139.0
dza,2021,1165.0
dza,2022,1196.0
dza,2023,1231.0
dza,2024,1259.0
ecu,1991,825.00
ecu,1992,819.00
ecu,1993,801.00
ecu,1994,780.00
ecu,1995,757.00
ecu,1996,740.00
ecu,1997,726.00
ecu,1998,716.00
ecu,1999,709.00
ecu,2000,703.00
ecu,2001,696.00
ecu,2002,688.00
ecu,2003,681.00
ecu,2004,674.00
ecu,2005,667.00
ecu,2006,661.00
ecu,2007,659.00
ecu,2008,659.00
ecu,2009,659.00
ecu,2010,658.00
ecu,2011,653.00
ecu,2012,643.00
ecu,2013,626.00
ecu,2014,606.00
ecu,2015,585.00
ecu,2016,566.00
ecu,2017,595.00
ecu,2018,537.00
ecu,2019,531.00
ecu,2020,532.00
ecu,2021,541.00
ecu,2022,556.00
ecu,2023,572.00
ecu,2024,579.00
egy,1991,6674.0
egy,1992,6494.0
egy,1993,6264.0
egy,1994,6063.0
egy,1995,5859.0
egy,1996,5650.0
egy,1997,5437.0
egy,1998,5208.0
egy,1999,4991.0
egy,2000,4784.0
egy,2001,4591.0
egy,2002,4424.0
egy,2003,4271.0
egy,2004,4131.0
egy,2005,4011.0
egy,2006,3925.0
egy,2007,3876.0
egy,2008,3863.0
egy,2009,3898.0
egy,2010,3950.0
egy,2011,4007.0
egy,2012,4064.0
egy,2013,4096.0
egy,2014,4094.0
egy,2015,4065.0
egy,2016,4019.0
egy,2017,3979.0
egy,2018,3951.0
egy,2019,3947.0
egy,2020,3962.0
egy,2021,3971.0
egy,2022,3945.0
egy,2023,3874.0
egy,2024,3777.0
eri,1991,164.00
eri,1992,154.00
eri,1993,149.00
eri,1994,149.00
eri,1995,142.00
eri,1996,144.00
eri,1997,140.00
eri,1998,141.00
eri,1999,140.00
eri,2000,196.00
eri,2001,144.00
eri,2002,128.00
eri,2003,123.00
eri,2004,117.00
eri,2005,111.00
eri,2006,105.00
eri,2007,101.00
eri,2008,95.000
eri,2009,87.000
eri,2010,80.000
eri,2011,75.000
eri,2012,70.000
eri,2013,63.000
eri,2014,61.000
eri,2015,59.000
eri,2016,58.000
eri,2017,58.000
eri,2018,60.000
eri,2019,59.000
eri,2020,59.000
eri,2021,58.000
eri,2022,55.000
eri,2023,53.000
eri,2024,51.000
esp,1991,680.00
esp,1992,641.00
esp,1993,599.00
esp,1994,555.00
esp,1995,513.00
esp,1996,475.00
esp,1997,441.00
esp,1998,414.00
esp,1999,388.00
esp,2000,367.00
esp,2001,347.00
esp,2002,328.00
esp,2003,313.00
esp,2004,301.00
esp,2005,286.00
esp,2006,272.00
esp,2007,258.00
esp,2008,246.00
esp,2009,236.00
esp,2010,227.00
esp,2011,220.00
esp,2012,213.00
esp,2013,207.00
esp,2014,200.00
esp,2015,196.00
esp,2016,192.00
esp,2017,189.00
esp,2018,188.00
esp,2019,188.00
esp,2020,191.00
esp,2021,193.00
esp,2022,192.00
esp,2023,188.00
esp,2024,179.00
est,1991,45.000
est,1992,44.000
est,1993,43.000
est,1994,41.000
est,1995,40.000
est,1996,38.000
est,1997,37.000
est,1998,35.000
est,1999,33.000
est,2000,31.000
est,2001,28.000
est,2002,26.000
est,2003,23.000
est,2004,20.000
est,2005,18.000
est,2006,15.000
est,2007,13.000
est,2008,12.000
est,2009,10.000
est,2010,10.000
est,2011,9.0000
est,2012,8.0000
est,2013,8.0000
est,2014,8.0000
est,2015,8.0000
est,2016,7.0000
est,2017,7.0000
est,2018,7.0000
est,2019,7.0000
est,2020,7.0000
est,2021,7.0000
est,2022,7.0000
est,2023,7.0000
est,2024,6.0000
eth,1991,6399.0
eth,1992,6960.0
eth,1993,7721.0
eth,1994,8077.0
eth,1995,8494.0
eth,1996,9013.0
eth,1997,9548.0
eth,1998,10095
eth,1999,10655
eth,2000,10952
eth,2001,11075
eth,2002,11213
eth,2003,11235
eth,2004,11299
eth,2005,11144
eth,2006,10972
eth,2007,10692
eth,2008,10350
eth,2009,9647.0
eth,2010,8755.0
eth,2011,7844.0
eth,2012,7028.0
eth,2013,6233.0
eth,2014,5343.0
eth,2015,4312.0
eth,2016,3656.0
eth,2017,3006.0
eth,2018,2588.0
eth,2019,2273.0
eth,2020,2073.0
eth,2021,1841.0
eth,2022,1816.0
eth,2023,1730.0
eth,2024,1693.0
fin,1991,53.000
fin,1992,52.000
fin,1993,51.000
fin,1994,50.000
fin,1995,50.000
fin,1996,49.000
fin,1997,48.000
fin,1998,46.000
fin,1999,44.000
fin,2000,42.000
fin,2001,41.000
fin,2002,40.000
fin,2003,40.000
fin,2004,39.000
fin,2005,38.000
fin,2006,36.000
fin,2007,35.000
fin,2008,33.000
fin,2009,31.000
fin,2010,29.000
fin,2011,27.000
fin,2012,26.000
fin,2013,24.000
fin,2014,24.000
fin,2015,23.000
fin,2016,23.000
fin,2017,22.000
fin,2018,22.000
fin,2019,22.000
fin,2020,22.000
fin,2021,22.000
fin,2022,21.000
fin,2023,21.000
fin,2024,20.000
fji,1991,42.000
fji,1992,46.000
fji,1993,49.000
fji,1994,53.000
fji,1995,56.000
fji,1996,59.000
fji,1997,61.000
fji,1998,62.000
fji,1999,63.000
fji,2000,62.000
fji,2001,62.000
fji,2002,60.000
fji,2003,58.000
fji,2004,56.000
fji,2005,53.000
fji,2006,50.000
fji,2007,48.000
fji,2008,46.000
fji,2009,44.000
fji,2010,42.000
fji,2011,40.000
fji,2012,39.000
fji,2013,38.000
fji,2014,37.000
fji,2015,37.000
fji,2016,38.000
fji,2017,41.000
fji,2018,39.000
fji,2019,39.000
fji,2020,38.000
fji,2021,37.000
fji,2022,36.000
fji,2023,34.000
fji,2024,33.000
fra,1991,732.00
fra,1992,722.00
fra,1993,710.00
fra,1994,691.00
fra,1995,666.00
fra,1996,638.00
fra,1997,608.00
fra,1998,582.00
fra,1999,559.00
fra,2000,541.00
fra,2001,523.00
fra,2002,501.00
fra,2003,476.00
fra,2004,447.00
fra,2005,416.00
fra,2006,391.00
fra,2007,371.00
fra,2008,356.00
fra,2009,350.00
fra,2010,345.00
fra,2011,341.00
fra,2012,337.00
fra,2013,332.00
fra,2014,324.00
fra,2015,317.00
fra,2016,312.00
fra,2017,305.00
fra,2018,301.00
fra,2019,299.00
fra,2020,299.00
fra,2021,301.00
fra,2022,300.00
fra,2023,296.00
fra,2024,290.00
fsm,1991,9.0000
fsm,1992,9.0000
fsm,1993,9.0000
fsm,1994,9.0000
fsm,1995,9.0000
fsm,1996,9.0000
fsm,1997,8.0000
fsm,1998,8.0000
fsm,1999,8.0000
fsm,2000,8.0000
fsm,2001,7.0000
fsm,2002,7.0000
fsm,2003,10.000
fsm,2004,7.0000
fsm,2005,7.0000
fsm,2006,7.0000
fsm,2007,7.0000
fsm,2008,7.0000
fsm,2009,7.0000
fsm,2010,6.0000
fsm,2011,6.0000
fsm,2012,6.0000
fsm,2013,6.0000
fsm,2014,5.0000
fsm,2015,5.0000
fsm,2016,5.0000
fsm,2017,5.0000
fsm,2018,5.0000
fsm,2019,5.0000
fsm,2020,5.0000
fsm,2021,5.0000
fsm,2022,5.0000
fsm,2023,5.0000
fsm,2024,4.0000
gab,1991,34.000
gab,1992,40.000
gab,1993,45.000
gab,1994,52.000
gab,1995,60.000
gab,1996,69.000
gab,1997,75.000
gab,1998,84.000
gab,1999,96.000
gab,2000,103.00
gab,2001,107.00
gab,2002,111.00
gab,2003,114.00
gab,2004,116.00
gab,2005,112.00
gab,2006,108.00
gab,2007,98.000
gab,2008,94.000
gab,2009,88.000
gab,2010,83.000
gab,2011,79.000
gab,2012,77.000
gab,2013,78.000
gab,2014,76.000
gab,2015,77.000
gab,2016,77.000
gab,2017,75.000
gab,2018,74.000
gab,2019,75.000
gab,2020,77.000
gab,2021,78.000
gab,2022,78.000
gab,2023,78.000
gab,2024,78.000
gbr,1991,660.00
gbr,1992,654.00
gbr,1993,648.00
gbr,1994,639.00
gbr,1995,624.00
gbr,1996,609.00
gbr,1997,596.00
gbr,1998,582.00
gbr,1999,563.00
gbr,2000,545.00
gbr,2001,531.00
gbr,2002,517.00
gbr,2003,506.00
gbr,2004,497.00
gbr,2005,485.00
gbr,2006,466.00
gbr,2007,447.00
gbr,2008,428.00
gbr,2009,411.00
gbr,2010,394.00
gbr,2011,378.00
gbr,2012,362.00
gbr,2013,345.00
gbr,2014,332.00
gbr,2015,323.00
gbr,2016,317.00
gbr,2017,315.00
gbr,2018,315.00
gbr,2019,315.00
gbr,2020,313.00
gbr,2021,308.00
gbr,2022,301.00
gbr,2023,295.00
gbr,2024,286.00
geo,1991,102.00
geo,1992,108.00
geo,1993,88.000
geo,1994,82.000
geo,1995,78.000
geo,1996,76.000
geo,1997,74.000
geo,1998,72.000
geo,1999,70.000
geo,2000,69.000
geo,2001,68.000
geo,2002,67.000
geo,2003,65.000
geo,2004,65.000
geo,2005,64.000
geo,2006,63.000
geo,2007,61.000
geo,2008,60.000
geo,2009,59.000
geo,2010,59.000
geo,2011,59.000
geo,2012,58.000
geo,2013,57.000
geo,2014,55.000
geo,2015,53.000
geo,2016,51.000
geo,2017,49.000
geo,2018,48.000
geo,2019,47.000
geo,2020,46.000
geo,2021,45.000
geo,2022,44.000
geo,2023,42.000
geo,2024,39.000
gha,1991,1805.0
gha,1992,1869.0
gha,1993,1945.0
gha,1994,2000.0
gha,1995,2049.0
gha,1996,2084.0
gha,1997,2136.0
gha,1998,2191.0
gha,1999,2232.0
gha,2000,2243.0
gha,2001,2258.0
gha,2002,2266.0
gha,2003,2272.0
gha,2004,2278.0
gha,2005,2270.0
gha,2006,2243.0
gha,2007,2218.0
gha,2008,2183.0
gha,2009,2146.0
gha,2010,2130.0
gha,2011,2108.0
gha,2012,2081.0
gha,2013,2051.0
gha,2014,2031.0
gha,2015,1994.0
gha,2016,1955.0
gha,2017,1897.0
gha,2018,1825.0
gha,2019,1747.0
gha,2020,1649.0
gha,2021,1549.0
gha,2022,1461.0
gha,2023,1379.0
gha,2024,1299.0
gin,1991,934.00
gin,1992,983.00
gin,1993,1015.0
gin,1994,1050.0
gin,1995,1081.0
gin,1996,1091.0
gin,1997,1127.0
gin,1998,1128.0
gin,1999,1145.0
gin,2000,1155.0
gin,2001,1151.0
gin,2002,1146.0
gin,2003,1140.0
gin,2004,1130.0
gin,2005,1133.0
gin,2006,1100.0
gin,2007,1088.0
gin,2008,1076.0
gin,2009,1068.0
gin,2010,1033.0
gin,2011,997.00
gin,2012,965.00
gin,2013,920.00
gin,2014,860.00
gin,2015,825.00
gin,2016,758.00
gin,2017,698.00
gin,2018,631.00
gin,2019,586.00
gin,2020,566.00
gin,2021,531.00
gin,2022,508.00
gin,2023,480.00
gin,2024,471.00
gmb,1991,219.00
gmb,1992,225.00
gmb,1993,230.00
gmb,1994,235.00
gmb,1995,239.00
gmb,1996,243.00
gmb,1997,247.00
gmb,1998,250.00
gmb,1999,253.00
gmb,2000,256.00
gmb,2001,258.00
gmb,2002,260.00
gmb,2003,261.00
gmb,2004,262.00
gmb,2005,262.00
gmb,2006,262.00
gmb,2007,260.00
gmb,2008,257.00
gmb,2009,254.00
gmb,2010,250.00
gmb,2011,246.00
gmb,2012,242.00
gmb,2013,238.00
gmb,2014,235.00
gmb,2015,233.00
gmb,2016,231.00
gmb,2017,230.00
gmb,2018,230.00
gmb,2019,230.00
gmb,2020,230.00
gmb,2021,230.00
gmb,2022,230.00
gmb,2023,230.00
gmb,2024,231.00
gnb,1991,45.000
gnb,1992,43.000
gnb,1993,41.000
gnb,1994,41.000
gnb,1995,37.000
gnb,1996,35.000
gnb,1997,36.000
gnb,1998,64.000
gnb,1999,34.000
gnb,2000,36.000
gnb,2001,37.000
gnb,2002,40.000
gnb,2003,48.000
gnb,2004,54.000
gnb,2005,63.000
gnb,2006,74.000
gnb,2007,81.000
gnb,2008,86.000
gnb,2009,93.000
gnb,2010,96.000
gnb,2011,97.000
gnb,2012,94.000
gnb,2013,90.000
gnb,2014,83.000
gnb,2015,81.000
gnb,2016,73.000
gnb,2017,66.000
gnb,2018,58.000
gnb,2019,55.000
gnb,2020,54.000
gnb,2021,57.000
gnb,2022,55.000
gnb,2023,55.000
gnb,2024,51.000
gnq,1991,92.000
gnq,1992,95.000
gnq,1993,99.000
gnq,1994,102.00
gnq,1995,106.00
gnq,1996,112.00
gnq,1997,118.00
gnq,1998,124.00
gnq,1999,131.00
gnq,2000,136.00
gnq,2001,144.00
gnq,2002,152.00
gnq,2003,158.00
gnq,2004,162.00
gnq,2005,164.00
gnq,2006,163.00
gnq,2007,161.00
gnq,2008,160.00
gnq,2009,160.00
gnq,2010,159.00
gnq,2011,160.00
gnq,2012,161.00
gnq,2013,162.00
gnq,2014,165.00
gnq,2015,170.00
gnq,2016,175.00
gnq,2017,180.00
gnq,2018,185.00
gnq,2019,190.00
gnq,2020,194.00
gnq,2021,196.00
gnq,2022,198.00
gnq,2023,199.00
gnq,2024,200.00
grc,1991,135.00
grc,1992,131.00
grc,1993,128.00
grc,1994,123.00
grc,1995,118.00
grc,1996,111.00
grc,1997,105.00
grc,1998,98.000
grc,1999,93.000
grc,2000,89.000
grc,2001,86.000
grc,2002,84.000
grc,2003,82.000
grc,2004,79.000
grc,2005,75.000
grc,2006,71.000
grc,2007,68.000
grc,2008,64.000
grc,2009,62.000
grc,2010,60.000
grc,2011,57.000
grc,2012,56.000
grc,2013,54.000
grc,2014,52.000
grc,2015,49.000
grc,2016,47.000
grc,2017,45.000
grc,2018,44.000
grc,2019,42.000
grc,2020,40.000
grc,2021,38.000
grc,2022,35.000
grc,2023,32.000
grc,2024,29.000
grd,1991,1.0000
grd,1992,1.0000
grd,1993,2.0000
grd,1994,2.0000
grd,1995,2.0000
grd,1996,2.0000
grd,1997,2.0000
grd,1998,2.0000
grd,1999,2.0000
grd,2000,2.0000
grd,2001,3.0000
grd,2002,3.0000
grd,2003,3.0000
grd,2004,3.0000
grd,2005,3.0000
grd,2006,3.0000
grd,2007,3.0000
grd,2008,2.0000
grd,2009,2.0000
grd,2010,2.0000
grd,2011,2.0000
grd,2012,2.0000
grd,2013,2.0000
grd,2014,2.0000
grd,2015,2.0000
grd,2016,2.0000
grd,2017,2.0000
grd,2018,2.0000
grd,2019,2.0000
grd,2020,2.0000
grd,2021,2.0000
grd,2022,2.0000
grd,2023,2.0000
grd,2024,2.0000
gtm,1991,1197.0
gtm,1992,1160.0
gtm,1993,1104.0
gtm,1994,1042.0
gtm,1995,990.00
gtm,1996,949.00
gtm,1997,920.00
gtm,1998,905.00
gtm,1999,896.00
gtm,2000,890.00
gtm,2001,883.00
gtm,2002,875.00
gtm,2003,869.00
gtm,2004,862.00
gtm,2005,860.00
gtm,2006,998.00
gtm,2007,864.00
gtm,2008,865.00
gtm,2009,860.00
gtm,2010,852.00
gtm,2011,842.00
gtm,2012,834.00
gtm,2013,831.00
gtm,2014,827.00
gtm,2015,823.00
gtm,2016,815.00
gtm,2017,800.00
gtm,2018,784.00
gtm,2019,764.00
gtm,2020,748.00
gtm,2021,736.00
gtm,2022,725.00
gtm,2023,712.00
gtm,2024,694.00
guy,1991,40.000
guy,1992,38.000
guy,1993,37.000
guy,1994,35.000
guy,1995,34.000
guy,1996,34.000
guy,1997,33.000
guy,1998,33.000
guy,1999,33.000
guy,2000,33.000
guy,2001,34.000
guy,2002,34.000
guy,2003,36.000
guy,2004,37.000
guy,2005,39.000
guy,2006,40.000
guy,2007,41.000
guy,2008,42.000
guy,2009,43.000
guy,2010,43.000
guy,2011,42.000
guy,2012,41.000
guy,2013,39.000
guy,2014,37.000
guy,2015,36.000
guy,2016,34.000
guy,2017,32.000
guy,2018,30.000
guy,2019,29.000
guy,2020,27.000
guy,2021,26.000
guy,2022,25.000
guy,2023,23.000
guy,2024,22.000
hnd,1991,186.00
hnd,1992,189.00
hnd,1993,191.00
hnd,1994,193.00
hnd,1995,199.00
hnd,1996,201.00
hnd,1997,205.00
hnd,1998,213.00
hnd,1999,707.00
hnd,2000,231.00
hnd,2001,245.00
hnd,2002,259.00
hnd,2003,272.00
hnd,2004,283.00
hnd,2005,295.00
hnd,2006,305.00
hnd,2007,320.00
hnd,2008,331.00
hnd,2009,345.00
hnd,2010,355.00
hnd,2011,365.00
hnd,2012,370.00
hnd,2013,369.00
hnd,2014,361.00
hnd,2015,349.00
hnd,2016,339.00
hnd,2017,322.00
hnd,2018,305.00
hnd,2019,291.00
hnd,2020,279.00
hnd,2021,269.00
hnd,2022,259.00
hnd,2023,249.00
hnd,2024,241.00
hrv,1991,84.000
hrv,1992,97.000
hrv,1993,75.000
hrv,1994,70.000
hrv,1995,64.000
hrv,1996,62.000
hrv,1997,52.000
hrv,1998,47.000
hrv,1999,43.000
hrv,2000,39.000
hrv,2001,35.000
hrv,2002,33.000
hrv,2003,31.000
hrv,2004,37.000
hrv,2005,27.000
hrv,2006,26.000
hrv,2007,25.000
hrv,2008,25.000
hrv,2009,24.000
hrv,2010,23.000
hrv,2011,22.000
hrv,2012,21.000
hrv,2013,20.000
hrv,2014,19.000
hrv,2015,18.000
hrv,2016,18.000
hrv,2017,18.000
hrv,2018,18.000
hrv,2019,18.000
hrv,2020,18.000
hrv,2021,18.000
hrv,2022,17.000
hrv,2023,21.000
hrv,2024,15.000
hti,1991,805.00
hti,1992,830.00
hti,1993,848.00
hti,1994,864.00
hti,1995,879.00
hti,1996,891.00
hti,1997,897.00
hti,1998,896.00
hti,1999,897.00
hti,2000,887.00
hti,2001,875.00
hti,2002,856.00
hti,2003,833.00
hti,2004,799.00
hti,2005,857.00
hti,2006,718.00
hti,2007,672.00
hti,2008,633.00
hti,2009,589.00
hti,2010,547.00
hti,2011,4369.0
hti,2012,528.00
hti,2013,418.00
hti,2014,381.00
hti,2015,344.00
hti,2016,313.00
hti,2017,287.00
hti,2018,267.00
hti,2019,250.00
hti,2020,236.00
hti,2021,223.00
hti,2022,274.00
hti,2023,215.00
hti,2024,205.00
hun,1991,201.00
hun,1992,186.00
hun,1993,173.00
hun,1994,161.00
hun,1995,150.00
hun,1996,142.00
hun,1997,135.00
hun,1998,130.00
hun,1999,126.00
hun,2000,122.00
hun,2001,117.00
hun,2002,112.00
hun,2003,108.00
hun,2004,104.00
hun,2005,99.000
hun,2006,94.000
hun,2007,88.000
hun,2008,82.000
hun,2009,76.000
hun,2010,70.000
hun,2011,65.000
hun,2012,62.000
hun,2013,59.000
hun,2014,57.000
hun,2015,55.000
hun,2016,54.000
hun,2017,52.000
hun,2018,51.000
hun,2019,50.000
hun,2020,48.000
hun,2021,46.000
hun,2022,43.000
hun,2023,40.000
hun,2024,37.000
idn,1991,11797
idn,1992,11665
idn,1993,11572
idn,1994,11410
idn,1995,11247
idn,1996,11110
idn,1997,10770
idn,1998,10416
idn,1999,10106
idn,2000,9830.0
idn,2001,9470.0
idn,2002,9147.0
idn,2003,8842.0
idn,2004,8507.0
idn,2005,15544
idn,2006,7815.0
idn,2007,7523.0
idn,2008,7243.0
idn,2009,6948.0
idn,2010,6652.0
idn,2011,6393.0
idn,2012,5991.0
idn,2013,5595.0
idn,2014,5252.0
idn,2015,4820.0
idn,2016,4451.0
idn,2017,4121.0
idn,2018,3849.0
idn,2019,3672.0
idn,2020,3444.0
idn,2021,3240.0
idn,2022,3041.0
idn,2023,2932.0
idn,2024,2784.0
ind,1991,112620
ind,1992,114130
ind,1993,115610
ind,1994,117140
ind,1995,117890
ind,1996,118320
ind,1997,118510
ind,1998,118340
ind,1999,117960
ind,2000,116900
ind,2001,115680
ind,2002,114080
ind,2003,111710
ind,2004,108930
ind,2005,106190
ind,2006,103460
ind,2007,100620
ind,2008,97454
ind,2009,94477
ind,2010,91330
ind,2011,88331
ind,2012,85345
ind,2013,82663
ind,2014,79652
ind,2015,76380
ind,2016,72922
ind,2017,68819
ind,2018,64341
ind,2019,59594
ind,2020,54692
ind,2021,49769
ind,2022,45512
ind,2023,41871
ind,2024,38759
irl,1991,63.000
irl,1992,61.000
irl,1993,60.000
irl,1994,59.000
irl,1995,56.000
irl,1996,53.000
irl,1997,51.000
irl,1998,48.000
irl,1999,46.000
irl,2000,43.000
irl,2001,41.000
irl,2002,39.000
irl,2003,37.000
irl,2004,36.000
irl,2005,34.000
irl,2006,32.000
irl,2007,31.000
irl,2008,30.000
irl,2009,30.000
irl,2010,29.000
irl,2011,28.000
irl,2012,27.000
irl,2013,26.000
irl,2014,25.000
irl,2015,25.000
irl,2016,24.000
irl,2017,23.000
irl,2018,23.000
irl,2019,22.000
irl,2020,22.000
irl,2021,22.000
irl,2022,21.000
irl,2023,20.000
irl,2024,19.000
irn,1991,4733.0
irn,1992,2606.0
irn,1993,2674.0
irn,1994,2732.0
irn,1995,2811.0
irn,1996,2895.0
irn,1997,2977.0
irn,1998,3072.0
irn,1999,3152.0
irn,2000,3230.0
irn,2001,3325.0
irn,2002,3429.0
irn,2003,3509.0
irn,2004,5891.0
irn,2005,3577.0
irn,2006,3566.0
irn,2007,3544.0
irn,2008,3515.0
irn,2009,3440.0
irn,2010,3319.0
irn,2011,3176.0
irn,2012,3012.0
irn,2013,2829.0
irn,2014,2636.0
irn,2015,2480.0
irn,2016,2368.0
irn,2017,2289.0
irn,2018,2216.0
irn,2019,2138.0
irn,2020,2058.0
irn,2021,1954.0
irn,2022,1852.0
irn,2023,1764.0
irn,2024,1674.0
irq,1991,507.00
irq,1992,538.00
irq,1993,557.00
irq,1994,610.00
irq,1995,659.00
irq,1996,697.00
irq,1997,738.00
irq,1998,778.00
irq,1999,815.00
irq,2000,860.00
irq,2001,911.00
irq,2002,968.00
irq,2003,1029.0
irq,2004,1096.0
irq,2005,1153.0
irq,2006,1214.0
irq,2007,1226.0
irq,2008,1185.0
irq,2009,1156.0
irq,2010,1115.0
irq,2011,1068.0
irq,2012,1000.0
irq,2013,942.00
irq,2014,867.00
irq,2015,817.00
irq,2016,784.00
irq,2017,749.00
irq,2018,720.00
irq,2019,701.00
irq,2020,673.00
irq,2021,675.00
irq,2022,680.00
irq,2023,679.00
irq,2024,653.00
isl,1991,2.0000
isl,1992,2.0000
isl,1993,2.0000
isl,1994,2.0000
isl,1995,2.0000
isl,1996,2.0000
isl,1997,2.0000
isl,1998,2.0000
isl,1999,2.0000
isl,2000,2.0000
isl,2001,2.0000
isl,2002,2.0000
isl,2003,2.0000
isl,2004,2.0000
isl,2005,2.0000
isl,2006,2.0000
isl,2007,2.0000
isl,2008,2.0000
isl,2009,2.0000
isl,2010,2.0000
isl,2011,2.0000
isl,2012,2.0000
isl,2013,2.0000
isl,2014,1.0000
isl,2015,1.0000
isl,2016,1.0000
isl,2017,1.0000
isl,2018,1.0000
isl,2019,1.0000
isl,2020,1.0000
isl,2021,1.0000
isl,2022,0.0000
isl,2023,0.0000
isl,2024,0.0000
isr,1991,80.000
isr,1992,79.000
isr,1993,78.000
isr,1994,77.000
isr,1995,77.000
isr,1996,77.000
isr,1997,76.000
isr,1998,76.000
isr,1999,76.000
isr,2000,75.000
isr,2001,75.000
isr,2002,74.000
isr,2003,74.000
isr,2004,73.000
isr,2005,72.000
isr,2006,71.000
isr,2007,70.000
isr,2008,69.000
isr,2009,68.000
isr,2010,68.000
isr,2011,67.000
isr,2012,67.000
isr,2013,66.000
isr,2014,66.000
isr,2015,65.000
isr,2016,65.000
isr,2017,64.000
isr,2018,63.000
isr,2019,62.000
isr,2020,62.000
isr,2021,62.000
isr,2022,63.000
isr,2023,62.000
isr,2024,61.000
ita,1991,663.00
ita,1992,647.00
ita,1993,633.00
ita,1994,619.00
ita,1995,594.00
ita,1996,563.00
ita,1997,522.00
ita,1998,474.00
ita,1999,435.00
ita,2000,404.00
ita,2001,388.00
ita,2002,378.00
ita,2003,368.00
ita,2004,354.00
ita,2005,333.00
ita,2006,317.00
ita,2007,304.00
ita,2008,293.00
ita,2009,286.00
ita,2010,279.00
ita,2011,274.00
ita,2012,266.00
ita,2013,257.00
ita,2014,249.00
ita,2015,243.00
ita,2016,241.00
ita,2017,236.00
ita,2018,229.00
ita,2019,219.00
ita,2020,207.00
ita,2021,200.00
ita,2022,202.00
ita,2023,208.00
ita,2024,206.00
jam,1991,96.000
jam,1992,94.000
jam,1993,94.000
jam,1994,94.000
jam,1995,94.000
jam,1996,93.000
jam,1997,93.000
jam,1998,91.000
jam,1999,89.000
jam,2000,87.000
jam,2001,85.000
jam,2002,84.000
jam,2003,84.000
jam,2004,85.000
jam,2005,85.000
jam,2006,86.000
jam,2007,86.000
jam,2008,84.000
jam,2009,83.000
jam,2010,81.000
jam,2011,78.000
jam,2012,75.000
jam,2013,73.000
jam,2014,71.000
jam,2015,69.000
jam,2016,68.000
jam,2017,67.000
jam,2018,66.000
jam,2019,65.000
jam,2020,64.000
jam,2021,63.000
jam,2022,61.000
jam,2023,60.000
jam,2024,58.000
jor,1991,122.00
jor,1992,129.00
jor,1993,135.00
jor,1994,140.00
jor,1995,146.00
jor,1996,153.00
jor,1997,157.00
jor,1998,163.00
jor,1999,170.00
jor,2000,176.00
jor,2001,182.00
jor,2002,188.00
jor,2003,196.00
jor,2004,203.00
jor,2005,208.00
jor,2006,212.00
jor,2007,223.00
jor,2008,230.00
jor,2009,227.00
jor,2010,223.00
jor,2011,218.00
jor,2012,213.00
jor,2013,206.00
jor,2014,205.00
jor,2015,209.00
jor,2016,206.00
jor,2017,188.00
jor,2018,164.00
jor,2019,140.00
jor,2020,116.00
jor,2021,96.000
jor,2022,80.000
jor,2023,67.000
jor,2024,58.000
jpn,1991,1208.0
jpn,1992,1148.0
jpn,1993,1093.0
jpn,1994,1042.0
jpn,1995,994.00
jpn,1996,1134.0
jpn,1997,901.00
jpn,1998,855.00
jpn,1999,807.00
jpn,2000,756.00
jpn,2001,707.00
jpn,2002,663.00
jpn,2003,625.00
jpn,2004,595.00
jpn,2005,571.00
jpn,2006,554.00
jpn,2007,538.00
jpn,2008,527.00
jpn,2009,519.00
jpn,2010,512.00
jpn,2011,506.00
jpn,2012,979.00
jpn,2013,497.00
jpn,2014,489.00
jpn,2015,479.00
jpn,2016,466.00
jpn,2017,453.00
jpn,2018,441.00
jpn,2019,432.00
jpn,2020,427.00
jpn,2021,425.00
jpn,2022,423.00
jpn,2023,418.00
jpn,2024,410.00
kaz,1991,835.00
kaz,1992,860.00
kaz,1993,873.00
kaz,1994,877.00
kaz,1995,869.00
kaz,1996,856.00
kaz,1997,844.00
kaz,1998,826.00
kaz,1999,801.00
kaz,2000,775.00
kaz,2001,756.00
kaz,2002,734.00
kaz,2003,710.00
kaz,2004,686.00
kaz,2005,664.00
kaz,2006,640.00
kaz,2007,611.00
kaz,2008,574.00
kaz,2009,532.00
kaz,2010,491.00
kaz,2011,455.00
kaz,2012,426.00
kaz,2013,407.00
kaz,2014,397.00
kaz,2015,394.00
kaz,2016,398.00
kaz,2017,407.00
kaz,2018,419.00
kaz,2019,431.00
kaz,2020,439.00
kaz,2021,450.00
kaz,2022,463.00
kaz,2023,474.00
kaz,2024,477.00
ken,1991,1470.0
ken,1992,1605.0
ken,1993,1743.0
ken,1994,1847.0
ken,1995,1935.0
ken,1996,2025.0
ken,1997,2082.0
ken,1998,2145.0
ken,1999,2185.0
ken,2000,2255.0
ken,2001,2321.0
ken,2002,2351.0
ken,2003,2348.0
ken,2004,2330.0
ken,2005,2251.0
ken,2006,2183.0
ken,2007,2109.0
ken,2008,2057.0
ken,2009,2044.0
ken,2010,2046.0
ken,2011,2049.0
ken,2012,2027.0
ken,2013,2023.0
ken,2014,1941.0
ken,2015,1816.0
ken,2016,1698.0
ken,2017,1550.0
ken,2018,1392.0
ken,2019,1192.0
ken,2020,998.00
ken,2021,833.00
ken,2022,709.00
ken,2023,617.00
ken,2024,549.00
kgz,1991,225.00
kgz,1992,226.00
kgz,1993,229.00
kgz,1994,234.00
kgz,1995,242.00
kgz,1996,252.00
kgz,1997,259.00
kgz,1998,262.00
kgz,1999,262.00
kgz,2000,258.00
kgz,2001,252.00
kgz,2002,243.00
kgz,2003,231.00
kgz,2004,220.00
kgz,2005,211.00
kgz,2006,203.00
kgz,2007,196.00
kgz,2008,189.00
kgz,2009,182.00
kgz,2010,175.00
kgz,2011,169.00
kgz,2012,165.00
kgz,2013,162.00
kgz,2014,162.00
kgz,2015,163.00
kgz,2016,165.00
kgz,2017,168.00
kgz,2018,172.00
kgz,2019,175.00
kgz,2020,179.00
kgz,2021,189.00
kgz,2022,199.00
kgz,2023,207.00
kgz,2024,209.00
khm,1991,214.00
khm,1992,275.00
khm,1993,345.00
khm,1994,436.00
khm,1995,518.00
khm,1996,618.00
khm,1997,686.00
khm,1998,732.00
khm,1999,760.00
khm,2000,751.00
khm,2001,729.00
khm,2002,692.00
khm,2003,660.00
khm,2004,617.00
khm,2005,562.00
khm,2006,507.00
khm,2007,441.00
khm,2008,376.00
khm,2009,309.00
khm,2010,260.00
khm,2011,209.00
khm,2012,173.00
khm,2013,142.00
khm,2014,126.00
khm,2015,116.00
khm,2016,110.00
khm,2017,107.00
khm,2018,103.00
khm,2019,95.000
khm,2020,93.000
khm,2021,93.000
khm,2022,93.000
khm,2023,86.000
khm,2024,84.000
kir,1991,7.0000
kir,1992,8.0000
kir,1993,8.0000
kir,1994,8.0000
kir,1995,8.0000
kir,1996,8.0000
kir,1997,8.0000
kir,1998,8.0000
kir,1999,8.0000
kir,2000,8.0000
kir,2001,8.0000
kir,2002,8.0000
kir,2003,8.0000
kir,2004,8.0000
kir,2005,8.0000
kir,2006,8.0000
kir,2007,8.0000
kir,2008,8.0000
kir,2009,8.0000
kir,2010,9.0000
kir,2011,9.0000
kir,2012,9.0000
kir,2013,8.0000
kir,2014,8.0000
kir,2015,8.0000
kir,2016,8.0000
kir,2017,8.0000
kir,2018,8.0000
kir,2019,8.0000
kir,2020,9.0000
kir,2021,9.0000
kir,2022,9.0000
kir,2023,9.0000
kir,2024,10.000
kna,1991,2.0000
kna,1992,2.0000
kna,1993,2.0000
kna,1994,2.0000
kna,1995,2.0000
kna,1996,2.0000
kna,1997,2.0000
kna,1998,2.0000
kna,1999,2.0000
kna,2000,2.0000
kna,2001,2.0000
kna,2002,2.0000
kna,2003,2.0000
kna,2004,1.0000
kna,2005,1.0000
kna,2006,1.0000
kna,2007,1.0000
kna,2008,1.0000
kna,2009,1.0000
kna,2010,1.0000
kna,2011,1.0000
kna,2012,1.0000
kna,2013,1.0000
kna,2014,1.0000
kna,2015,1.0000
kna,2016,1.0000
kna,2017,1.0000
kna,2018,1.0000
kna,2019,1.0000
kna,2020,1.0000
kna,2021,0.0000
kna,2022,0.0000
kna,2023,0.0000
kna,2024,0.0000
kor,1991,1445.0
kor,1992,1417.0
kor,1993,1379.0
kor,1994,1322.0
kor,1995,1234.0
kor,1996,1111.0
kor,1997,981.00
kor,1998,859.00
kor,1999,755.00
kor,2000,675.00
kor,2001,620.00
kor,2002,582.00
kor,2003,558.00
kor,2004,538.00
kor,2005,518.00
kor,2006,496.00
kor,2007,473.00
kor,2008,446.00
kor,2009,418.00
kor,2010,388.00
kor,2011,356.00
kor,2012,323.00
kor,2013,291.00
kor,2014,262.00
kor,2015,237.00
kor,2016,214.00
kor,2017,196.00
kor,2018,186.00
kor,2019,183.00
kor,2020,180.00
kor,2021,181.00
kor,2022,183.00
kor,2023,183.00
kor,2024,178.00
kwt,1991,76.000
kwt,1992,52.000
kwt,1993,61.000
kwt,1994,56.000
kwt,1995,45.000
kwt,1996,39.000
kwt,1997,38.000
kwt,1998,39.000
kwt,1999,39.000
kwt,2000,40.000
kwt,2001,40.000
kwt,2002,40.000
kwt,2003,40.000
kwt,2004,40.000
kwt,2005,39.000
kwt,2006,39.000
kwt,2007,40.000
kwt,2008,40.000
kwt,2009,41.000
kwt,2010,41.000
kwt,2011,40.000
kwt,2012,39.000
kwt,2013,37.000
kwt,2014,37.000
kwt,2015,38.000
kwt,2016,40.000
kwt,2017,43.000
kwt,2018,46.000
kwt,2019,48.000
kwt,2020,48.000
kwt,2021,48.000
kwt,2022,46.000
kwt,2023,45.000
kwt,2024,45.000
lao,1991,219.00
lao,1992,226.00
lao,1993,258.00
lao,1994,294.00
lao,1995,331.00
lao,1996,376.00
lao,1997,444.00
lao,1998,503.00
lao,1999,559.00
lao,2000,619.00
lao,2001,669.00
lao,2002,710.00
lao,2003,747.00
lao,2004,768.00
lao,2005,778.00
lao,2006,774.00
lao,2007,759.00
lao,2008,725.00
lao,2009,682.00
lao,2010,635.00
lao,2011,590.00
lao,2012,543.00
lao,2013,497.00
lao,2014,447.00
lao,2015,396.00
lao,2016,351.00
lao,2017,312.00
lao,2018,278.00
lao,2019,251.00
lao,2020,232.00
lao,2021,215.00
lao,2022,201.00
lao,2023,191.00
lao,2024,184.00
lbn,1991,214.00
lbn,1992,209.00
lbn,1993,204.00
lbn,1994,200.00
lbn,1995,195.00
lbn,1996,190.00
lbn,1997,184.00
lbn,1998,179.00
lbn,1999,173.00
lbn,2000,167.00
lbn,2001,162.00
lbn,2002,155.00
lbn,2003,147.00
lbn,2004,139.00
lbn,2005,130.00
lbn,2006,122.00
lbn,2007,115.00
lbn,2008,109.00
lbn,2009,105.00
lbn,2010,102.00
lbn,2011,100.00
lbn,2012,99.000
lbn,2013,99.000
lbn,2014,108.00
lbn,2015,119.00
lbn,2016,122.00
lbn,2017,122.00
lbn,2018,125.00
lbn,2019,130.00
lbn,2020,137.00
lbn,2021,146.00
lbn,2022,156.00
lbn,2023,168.00
lbn,2024,179.00
lbr,1991,234.00
lbr,1992,223.00
lbr,1993,249.00
lbr,1994,297.00
lbr,1995,318.00
lbr,1996,306.00
lbr,1997,325.00
lbr,1998,326.00
lbr,1999,368.00
lbr,2000,398.00
lbr,2001,417.00
lbr,2002,434.00
lbr,2003,444.00
lbr,2004,475.00
lbr,2005,438.00
lbr,2006,439.00
lbr,2007,444.00
lbr,2008,438.00
lbr,2009,423.00
lbr,2010,406.00
lbr,2011,405.00
lbr,2012,401.00
lbr,2013,399.00
lbr,2014,391.00
lbr,2015,435.00
lbr,2016,428.00
lbr,2017,357.00
lbr,2018,334.00
lbr,2019,318.00
lbr,2020,293.00
lbr,2021,280.00
lbr,2022,269.00
lbr,2023,261.00
lbr,2024,252.00
lby,1991,65.000
lby,1992,70.000
lby,1993,71.000
lby,1994,67.000
lby,1995,66.000
lby,1996,67.000
lby,1997,63.000
lby,1998,61.000
lby,1999,56.000
lby,2000,53.000
lby,2001,54.000
lby,2002,51.000
lby,2003,52.000
lby,2004,49.000
lby,2005,48.000
lby,2006,48.000
lby,2007,46.000
lby,2008,42.000
lby,2009,40.000
lby,2010,40.000
lby,2011,39.000
lby,2012,1.0000
lby,2013,36.000
lby,2014,35.000
lby,2015,20.000
lby,2016,18.000
lby,2017,18.000
lby,2018,22.000
lby,2019,33.000
lby,2020,16.000
lby,2021,21.000
lby,2022,32.000
lby,2023,31.000
lby,2024,0.0000
lca,1991,3.0000
lca,1992,3.0000
lca,1993,4.0000
lca,1994,5.0000
lca,1995,5.0000
lca,1996,5.0000
lca,1997,5.0000
lca,1998,5.0000
lca,1999,5.0000
lca,2000,5.0000
lca,2001,5.0000
lca,2002,4.0000
lca,2003,4.0000
lca,2004,3.0000
lca,2005,3.0000
lca,2006,3.0000
lca,2007,3.0000
lca,2008,3.0000
lca,2009,3.0000
lca,2010,3.0000
lca,2011,3.0000
lca,2012,2.0000
lca,2013,2.0000
lca,2014,2.0000
lca,2015,2.0000
lca,2016,2.0000
lca,2017,2.0000
lca,2018,2.0000
lca,2019,1.0000
lca,2020,1.0000
lca,2021,1.0000
lca,2022,1.0000
lca,2023,0.0000
lca,2024,0.0000
lka,1991,1062.0
lka,1992,1055.0
lka,1993,1032.0
lka,1994,993.00
lka,1995,946.00
lka,1996,902.00
lka,1997,867.00
lka,1998,841.00
lka,1999,819.00
lka,2000,796.00
lka,2001,766.00
lka,2002,728.00
lka,2003,684.00
lka,2004,644.00
lka,2005,2637.0
lka,2006,597.00
lka,2007,594.00
lka,2008,599.00
lka,2009,605.00
lka,2010,1064.0
lka,2011,596.00
lka,2012,566.00
lka,2013,520.00
lka,2014,468.00
lka,2015,415.00
lka,2016,367.00
lka,2017,328.00
lka,2018,295.00
lka,2019,267.00
lka,2020,243.00
lka,2021,222.00
lka,2022,204.00
lka,2023,188.00
lka,2024,174.00
lso,1991,154.00
lso,1992,161.00
lso,1993,169.00
lso,1994,177.00
lso,1995,184.00
lso,1996,192.00
lso,1997,198.00
lso,1998,204.00
lso,1999,211.00
lso,2000,213.00
lso,2001,212.00
lso,2002,210.00
lso,2003,205.00
lso,2004,198.00
lso,2005,190.00
lso,2006,181.00
lso,2007,173.00
lso,2008,168.00
lso,2009,163.00
lso,2010,158.00
lso,2011,153.00
lso,2012,149.00
lso,2013,146.00
lso,2014,141.00
lso,2015,137.00
lso,2016,133.00
lso,2017,125.00
lso,2018,119.00
lso,2019,111.00
lso,2020,105.00
lso,2021,101.00
lso,2022,95.000
lso,2023,92.000
lso,2024,90.000
ltu,1991,97.000
ltu,1992,95.000
ltu,1993,93.000
ltu,1994,91.000
ltu,1995,89.000
ltu,1996,86.000
ltu,1997,83.000
ltu,1998,81.000
ltu,1999,78.000
ltu,2000,74.000
ltu,2001,70.000
ltu,2002,67.000
ltu,2003,63.000
ltu,2004,60.000
ltu,2005,56.000
ltu,2006,52.000
ltu,2007,48.000
ltu,2008,43.000
ltu,2009,39.000
ltu,2010,36.000
ltu,2011,33.000
ltu,2012,30.000
ltu,2013,27.000
ltu,2014,25.000
ltu,2015,22.000
ltu,2016,20.000
ltu,2017,19.000
ltu,2018,18.000
ltu,2019,17.000
ltu,2020,16.000
ltu,2021,15.000
ltu,2022,15.000
ltu,2023,14.000
ltu,2024,13.000
lux,1991,2.0000
lux,1992,2.0000
lux,1993,2.0000
lux,1994,2.0000
lux,1995,2.0000
lux,1996,2.0000
lux,1997,2.0000
lux,1998,2.0000
lux,1999,2.0000
lux,2000,2.0000
lux,2001,2.0000
lux,2002,1.0000
lux,2003,1.0000
lux,2004,1.0000
lux,2005,1.0000
lux,2006,1.0000
lux,2007,1.0000
lux,2008,1.0000
lux,2009,1.0000
lux,2010,1.0000
lux,2011,0.0000
lux,2012,0.0000
lux,2013,0.0000
lux,2014,0.0000
lux,2015,0.0000
lux,2016,0.0000
lux,2017,0.0000
lux,2018,0.0000
lux,2019,0.0000
lux,2020,0.0000
lux,2021,0.0000
lux,2022,0.0000
lux,2023,0.0000
lux,2024,0.0000
lva,1991,80.000
lva,1992,78.000
lva,1993,76.000
lva,1994,74.000
lva,1995,72.000
lva,1996,69.000
lva,1997,66.000
lva,1998,62.000
lva,1999,58.000
lva,2000,55.000
lva,2001,51.000
lva,2002,48.000
lva,2003,44.000
lva,2004,40.000
lva,2005,36.000
lva,2006,32.000
lva,2007,27.000
lva,2008,23.000
lva,2009,20.000
lva,2010,18.000
lva,2011,16.000
lva,2012,15.000
lva,2013,14.000
lva,2014,13.000
lva,2015,12.000
lva,2016,11.000
lva,2017,11.000
lva,2018,10.000
lva,2019,10.000
lva,2020,9.0000
lva,2021,9.0000
lva,2022,8.0000
lva,2023,7.0000
lva,2024,6.0000
mar,1991,1261.0
mar,1992,1211.0
mar,1993,1168.0
mar,1994,1114.0
mar,1995,1045.0
mar,1996,983.00
mar,1997,907.00
mar,1998,829.00
mar,1999,756.00
mar,2000,696.00
mar,2001,631.00
mar,2002,581.00
mar,2003,536.00
mar,2004,484.00
mar,2005,443.00
mar,2006,402.00
mar,2007,365.00
mar,2008,323.00
mar,2009,284.00
mar,2010,248.00
mar,2011,220.00
mar,2012,196.00
mar,2013,175.00
mar,2014,163.00
mar,2015,157.00
mar,2016,154.00
mar,2017,148.00
mar,2018,144.00
mar,2019,140.00
mar,2020,134.00
mar,2021,128.00
mar,2022,127.00
mar,2023,125.00
mar,2024,170.00
mco,1991,0.0000
mco,1992,0.0000
mco,1993,0.0000
mco,1994,0.0000
mco,1995,0.0000
mco,1996,0.0000
mco,1997,0.0000
mco,1998,0.0000
mco,1999,0.0000
mco,2000,0.0000
mco,2001,0.0000
mco,2002,0.0000
mco,2003,0.0000
mco,2004,0.0000
mco,2005,0.0000
mco,2006,0.0000
mco,2007,0.0000
mco,2008,0.0000
mco,2009,0.0000
mco,2010,0.0000
mco,2011,0.0000
mco,2012,0.0000
mco,2013,0.0000
mco,2014,0.0000
mco,2015,0.0000
mco,2016,0.0000
mco,2017,0.0000
mco,2018,0.0000
mco,2019,0.0000
mco,2020,0.0000
mco,2021,0.0000
mco,2022,0.0000
mco,2023,0.0000
mco,2024,0.0000
mda,1991,157.00
mda,1992,161.00
mda,1993,164.00
mda,1994,168.00
mda,1995,171.00
mda,1996,173.00
mda,1997,173.00
mda,1998,172.00
mda,1999,168.00
mda,2000,161.00
mda,2001,151.00
mda,2002,140.00
mda,2003,128.00
mda,2004,116.00
mda,2005,106.00
mda,2006,96.000
mda,2007,87.000
mda,2008,78.000
mda,2009,71.000
mda,2010,64.000
mda,2011,58.000
mda,2012,54.000
mda,2013,51.000
mda,2014,48.000
mda,2015,47.000
mda,2016,46.000
mda,2017,46.000
mda,2018,46.000
mda,2019,46.000
mda,2020,46.000
mda,2021,46.000
mda,2022,45.000
mda,2023,45.000
mda,2024,44.000
mdg,1991,2175.0
mdg,1992,2188.0
mdg,1993,2169.0
mdg,1994,2123.0
mdg,1995,2066.0
mdg,1996,2008.0
mdg,1997,1984.0
mdg,1998,1988.0
mdg,1999,1964.0
mdg,2000,1921.0
mdg,2001,1926.0
mdg,2002,1901.0
mdg,2003,1879.0
mdg,2004,1854.0
mdg,2005,1849.0
mdg,2006,1826.0
mdg,2007,1802.0
mdg,2008,1793.0
mdg,2009,1772.0
mdg,2010,1764.0
mdg,2011,1721.0
mdg,2012,1666.0
mdg,2013,1602.0
mdg,2014,1573.0
mdg,2015,1607.0
mdg,2016,1634.0
mdg,2017,1670.0
mdg,2018,1593.0
mdg,2019,1445.0
mdg,2020,1207.0
mdg,2021,1040.0
mdg,2022,896.00
mdg,2023,846.00
mdg,2024,778.00
mdv,1991,14.000
mdv,1992,15.000
mdv,1993,16.000
mdv,1994,16.000
mdv,1995,17.000
mdv,1996,17.000
mdv,1997,17.000
mdv,1998,17.000
mdv,1999,17.000
mdv,2000,17.000
mdv,2001,16.000
mdv,2002,16.000
mdv,2003,16.000
mdv,2004,15.000
mdv,2005,22.000
mdv,2006,14.000
mdv,2007,13.000
mdv,2008,13.000
mdv,2009,12.000
mdv,2010,11.000
mdv,2011,10.000
mdv,2012,9.0000
mdv,2013,8.0000
mdv,2014,8.0000
mdv,2015,7.0000
mdv,2016,7.0000
mdv,2017,6.0000
mdv,2018,6.0000
mdv,2019,6.0000
mdv,2020,5.0000
mdv,2021,5.0000
mdv,2022,5.0000
mdv,2023,5.0000
mdv,2024,4.0000
mex,1991,5036.0
mex,1992,4673.0
mex,1993,4354.0
mex,1994,4118.0
mex,1995,3953.0
mex,1996,3855.0
mex,1997,3802.0
mex,1998,3761.0
mex,1999,3725.0
mex,2000,3686.0
mex,2001,3649.0
mex,2002,3605.0
mex,2003,3567.0
mex,2004,3548.0
mex,2005,3532.0
mex,2006,3525.0
mex,2007,3520.0
mex,2008,3510.0
mex,2009,3500.0
mex,2010,3477.0
mex,2011,3441.0
mex,2012,3399.0
mex,2013,3347.0
mex,2014,3296.0
mex,2015,3238.0
mex,2016,3185.0
mex,2017,3137.0
mex,2018,3097.0
mex,2019,3071.0
mex,2020,3257.0
mex,2021,3344.0
mex,2022,3419.0
mex,2023,3388.0
mex,2024,3188.0
mhl,1991,3.0000
mhl,1992,4.0000
mhl,1993,3.0000
mhl,1994,4.0000
mhl,1995,4.0000
mhl,1996,4.0000
mhl,1997,4.0000
mhl,1998,4.0000
mhl,1999,4.0000
mhl,2000,4.0000
mhl,2001,4.0000
mhl,2002,3.0000
mhl,2003,3.0000
mhl,2004,3.0000
mhl,2005,3.0000
mhl,2006,3.0000
mhl,2007,3.0000
mhl,2008,3.0000
mhl,2009,3.0000
mhl,2010,3.0000
mhl,2011,3.0000
mhl,2012,3.0000
mhl,2013,3.0000
mhl,2014,3.0000
mhl,2015,3.0000
mhl,2016,3.0000
mhl,2017,3.0000
mhl,2018,3.0000
mhl,2019,3.0000
mhl,2020,2.0000
mhl,2021,2.0000
mhl,2022,2.0000
mhl,2023,2.0000
mhl,2024,2.0000
mkd,1991,48.000
mkd,1992,48.000
mkd,1993,46.000
mkd,1994,45.000
mkd,1995,43.000
mkd,1996,42.000
mkd,1997,41.000
mkd,1998,39.000
mkd,1999,38.000
mkd,2000,36.000
mkd,2001,35.000
mkd,2002,33.000
mkd,2003,31.000
mkd,2004,29.000
mkd,2005,28.000
mkd,2006,26.000
mkd,2007,25.000
mkd,2008,24.000
mkd,2009,22.000
mkd,2010,21.000
mkd,2011,20.000
mkd,2012,19.000
mkd,2013,19.000
mkd,2014,18.000
mkd,2015,17.000
mkd,2016,16.000
mkd,2017,15.000
mkd,2018,14.000
mkd,2019,14.000
mkd,2020,13.000
mkd,2021,13.000
mkd,2022,12.000
mkd,2023,12.000
mkd,2024,11.000
mli,1991,1438.0
mli,1992,1502.0
mli,1993,1572.0
mli,1994,1625.0
mli,1995,1692.0
mli,1996,1744.0
mli,1997,1772.0
mli,1998,1796.0
mli,1999,1840.0
mli,2000,1869.0
mli,2001,1882.0
mli,2002,1892.0
mli,2003,1904.0
mli,2004,1895.0
mli,2005,1893.0
mli,2006,1892.0
mli,2007,1898.0
mli,2008,1905.0
mli,2009,1917.0
mli,2010,1951.0
mli,2011,1964.0
mli,2012,1971.0
mli,2013,1974.0
mli,2014,1975.0
mli,2015,1965.0
mli,2016,1957.0
mli,2017,1927.0
mli,2018,1869.0
mli,2019,1803.0
mli,2020,1766.0
mli,2021,1706.0
mli,2022,1673.0
mli,2023,1641.0
mli,2024,1586.0
mlt,1991,2.0000
mlt,1992,2.0000
mlt,1993,2.0000
mlt,1994,2.0000
mlt,1995,2.0000
mlt,1996,3.0000
mlt,1997,3.0000
mlt,1998,3.0000
mlt,1999,3.0000
mlt,2000,3.0000
mlt,2001,3.0000
mlt,2002,3.0000
mlt,2003,3.0000
mlt,2004,3.0000
mlt,2005,3.0000
mlt,2006,3.0000
mlt,2007,2.0000
mlt,2008,2.0000
mlt,2009,2.0000
mlt,2010,2.0000
mlt,2011,2.0000
mlt,2012,2.0000
mlt,2013,2.0000
mlt,2014,2.0000
mlt,2015,2.0000
mlt,2016,2.0000
mlt,2017,2.0000
mlt,2018,1.0000
mlt,2019,1.0000
mlt,2020,1.0000
mlt,2021,1.0000
mlt,2022,1.0000
mlt,2023,1.0000
mlt,2024,1.0000
mmr,1991,1054.0
mmr,1992,1041.0
mmr,1993,1032.0
mmr,1994,952.00
mmr,1995,995.00
mmr,1996,985.00
mmr,1997,947.00
mmr,1998,902.00
mmr,1999,965.00
mmr,2000,888.00
mmr,2001,863.00
mmr,2002,857.00
mmr,2003,820.00
mmr,2004,819.00
mmr,2005,821.00
mmr,2006,797.00
mmr,2007,789.00
mmr,2008,782.00
mmr,2009,1915.0
mmr,2010,814.00
mmr,2011,909.00
mmr,2012,904.00
mmr,2013,872.00
mmr,2014,769.00
mmr,2015,639.00
mmr,2016,493.00
mmr,2017,415.00
mmr,2018,366.00
mmr,2019,342.00
mmr,2020,331.00
mmr,2021,319.00
mmr,2022,299.00
mmr,2023,296.00
mmr,2024,285.00
mne,1991,8.0000
mne,1992,8.0000
mne,1993,9.0000
mne,1994,9.0000
mne,1995,9.0000
mne,1996,9.0000
mne,1997,9.0000
mne,1998,8.0000
mne,1999,8.0000
mne,2000,8.0000
mne,2001,8.0000
mne,2002,7.0000
mne,2003,7.0000
mne,2004,7.0000
mne,2005,6.0000
mne,2006,6.0000
mne,2007,5.0000
mne,2008,5.0000
mne,2009,5.0000
mne,2010,5.0000
mne,2011,5.0000
mne,2012,5.0000
mne,2013,4.0000
mne,2014,4.0000
mne,2015,3.0000
mne,2016,3.0000
mne,2017,3.0000
mne,2018,3.0000
mne,2019,3.0000
mne,2020,3.0000
mne,2021,3.0000
mne,2022,3.0000
mne,2023,2.0000
mne,2024,2.0000
mng,1991,214.00
mng,1992,229.00
mng,1993,238.00
mng,1994,243.00
mng,1995,244.00
mng,1996,242.00
mng,1997,238.00
mng,1998,231.00
mng,1999,221.00
mng,2000,206.00
mng,2001,188.00
mng,2002,169.00
mng,2003,152.00
mng,2004,136.00
mng,2005,124.00
mng,2006,115.00
mng,2007,109.00
mng,2008,106.00
mng,2009,105.00
mng,2010,105.00
mng,2011,105.00
mng,2012,105.00
mng,2013,104.00
mng,2014,103.00
mng,2015,102.00
mng,2016,101.00
mng,2017,101.00
mng,2018,103.00
mng,2019,107.00
mng,2020,111.00
mng,2021,116.00
mng,2022,119.00
mng,2023,119.00
mng,2024,118.00
moz,1991,1577.0
moz,1992,1638.0
moz,1993,1775.0
moz,1994,1977.0
moz,1995,2219.0
moz,1996,2483.0
moz,1997,2614.0
moz,1998,2743.0
moz,1999,2804.0
moz,2000,2790.0
moz,2001,2766.0
moz,2002,2741.0
moz,2003,2707.0
moz,2004,2659.0
moz,2005,2586.0
moz,2006,2490.0
moz,2007,2409.0
moz,2008,2310.0
moz,2009,2198.0
moz,2010,2051.0
moz,2011,1949.0
moz,2012,1836.0
moz,2013,1682.0
moz,2014,1552.0
moz,2015,1420.0
moz,2016,1282.0
moz,2017,1172.0
moz,2018,1073.0
moz,2019,975.00
moz,2020,881.00
moz,2021,821.00
moz,2022,742.00
moz,2023,707.00
moz,2024,682.00
mrt,1991,144.00
mrt,1992,141.00
mrt,1993,139.00
mrt,1994,138.00
mrt,1995,138.00
mrt,1996,139.00
mrt,1997,138.00
mrt,1998,134.00
mrt,1999,136.00
mrt,2000,136.00
mrt,2001,134.00
mrt,2002,135.00
mrt,2003,132.00
mrt,2004,129.00
mrt,2005,131.00
mrt,2006,131.00
mrt,2007,131.00
mrt,2008,129.00
mrt,2009,123.00
mrt,2010,120.00
mrt,2011,116.00
mrt,2012,115.00
mrt,2013,112.00
mrt,2014,108.00
mrt,2015,102.00
mrt,2016,97.000
mrt,2017,90.000
mrt,2018,87.000
mrt,2019,83.000
mrt,2020,82.000
mrt,2021,81.000
mrt,2022,76.000
mrt,2023,75.000
mrt,2024,75.000
msr,1991,0.0000
msr,1992,0.0000
msr,1993,0.0000
msr,1994,0.0000
msr,1995,0.0000
msr,1996,0.0000
msr,1997,0.0000
msr,1998,0.0000
msr,1999,0.0000
msr,2000,0.0000
msr,2001,0.0000
msr,2002,0.0000
msr,2003,0.0000
msr,2004,0.0000
msr,2005,0.0000
msr,2006,0.0000
msr,2007,0.0000
msr,2008,0.0000
msr,2009,0.0000
msr,2010,0.0000
msr,2011,0.0000
msr,2012,0.0000
msr,2013,0.0000
msr,2014,0.0000
msr,2015,0.0000
msr,2016,0.0000
msr,2017,0.0000
msr,2018,0.0000
msr,2019,0.0000
msr,2020,0.0000
msr,2021,0.0000
msr,2022,0.0000
msr,2023,0.0000
msr,2024,0.0000
mus,1991,35.000
mus,1992,36.000
mus,1993,35.000
mus,1994,34.000
mus,1995,33.000
mus,1996,31.000
mus,1997,30.000
mus,1998,29.000
mus,1999,28.000
mus,2000,27.000
mus,2001,27.000
mus,2002,27.000
mus,2003,27.000
mus,2004,27.000
mus,2005,26.000
mus,2006,25.000
mus,2007,25.000
mus,2008,23.000
mus,2009,22.000
mus,2010,21.000
mus,2011,20.000
mus,2012,19.000
mus,2013,19.000
mus,2014,18.000
mus,2015,18.000
mus,2016,17.000
mus,2017,16.000
mus,2018,16.000
mus,2019,15.000
mus,2020,14.000
mus,2021,13.000
mus,2022,12.000
mus,2023,11.000
mus,2024,10.000
mwi,1991,1487.0
mwi,1992,1559.0
mwi,1993,1620.0
mwi,1994,1647.0
mwi,1995,1613.0
mwi,1996,1594.0
mwi,1997,1593.0
mwi,1998,1581.0
mwi,1999,1580.0
mwi,2000,1594.0
mwi,2001,1592.0
mwi,2002,1595.0
mwi,2003,1592.0
mwi,2004,1597.0
mwi,2005,1601.0
mwi,2006,1605.0
mwi,2007,1610.0
mwi,2008,1610.0
mwi,2009,1623.0
mwi,2010,1626.0
mwi,2011,1621.0
mwi,2012,1620.0
mwi,2013,1610.0
mwi,2014,1599.0
mwi,2015,1582.0
mwi,2016,1556.0
mwi,2017,1525.0
mwi,2018,1486.0
mwi,2019,1435.0
mwi,2020,1378.0
mwi,2021,1313.0
mwi,2022,1267.0
mwi,2023,1192.0
mwi,2024,1130.0
mys,1991,942.00
mys,1992,949.00
mys,1993,943.00
mys,1994,930.00
mys,1995,920.00
mys,1996,917.00
mys,1997,919.00
mys,1998,914.00
mys,1999,903.00
mys,2000,886.00
mys,2001,872.00
mys,2002,866.00
mys,2003,864.00
mys,2004,865.00
mys,2005,865.00
mys,2006,860.00
mys,2007,848.00
mys,2008,832.00
mys,2009,815.00
mys,2010,796.00
mys,2011,784.00
mys,2012,781.00
mys,2013,783.00
mys,2014,791.00
mys,2015,800.00
mys,2016,803.00
mys,2017,793.00
mys,2018,764.00
mys,2019,714.00
mys,2020,646.00
mys,2021,572.00
mys,2022,499.00
mys,2023,435.00
mys,2024,385.00
nam,1991,66.000
nam,1992,66.000
nam,1993,66.000
nam,1994,68.000
nam,1995,69.000
nam,1996,73.000
nam,1997,77.000
nam,1998,87.000
nam,1999,100.00
nam,2000,117.00
nam,2001,134.00
nam,2002,151.00
nam,2003,160.00
nam,2004,167.00
nam,2005,169.00
nam,2006,166.00
nam,2007,160.00
nam,2008,154.00
nam,2009,149.00
nam,2010,144.00
nam,2011,139.00
nam,2012,134.00
nam,2013,129.00
nam,2014,123.00
nam,2015,117.00
nam,2016,111.00
nam,2017,107.00
nam,2018,102.00
nam,2019,95.000
nam,2020,89.000
nam,2021,84.000
nam,2022,79.000
nam,2023,71.000
nam,2024,61.000
ner,1991,1272.0
ner,1992,1407.0
ner,1993,1523.0
ner,1994,1669.0
ner,1995,1810.0
ner,1996,1985.0
ner,1997,2158.0
ner,1998,2311.0
ner,1999,2468.0
ner,2000,2618.0
ner,2001,2744.0
ner,2002,2855.0
ner,2003,2903.0
ner,2004,2952.0
ner,2005,2986.0
ner,2006,2998.0
ner,2007,3050.0
ner,2008,3101.0
ner,2009,3183.0
ner,2010,3277.0
ner,2011,3374.0
ner,2012,3432.0
ner,2013,3463.0
ner,2014,3445.0
ner,2015,3377.0
ner,2016,3231.0
ner,2017,3086.0
ner,2018,2924.0
ner,2019,2764.0
ner,2020,2589.0
ner,2021,2458.0
ner,2022,2238.0
ner,2023,2093.0
ner,2024,2000.0
nga,1991,15547
nga,1992,16315
nga,1993,16880
nga,1994,17333
nga,1995,17496
nga,1996,17691
nga,1997,17931
nga,1998,18282
nga,1999,18563
nga,2000,18675
nga,2001,18856
nga,2002,18912
nga,2003,19178
nga,2004,19367
nga,2005,19384
nga,2006,19492
nga,2007,19407
nga,2008,19333
nga,2009,18971
nga,2010,18730
nga,2011,18606
nga,2012,18091
nga,2013,17466
nga,2014,16848
nga,2015,16093
nga,2016,15511
nga,2017,14623
nga,2018,13662
nga,2019,12907
nga,2020,12068
nga,2021,11724
nga,2022,11104
nga,2023,10506
nga,2024,10147
nic,1991,79.000
nic,1992,94.000
nic,1993,112.00
nic,1994,132.00
nic,1995,150.00
nic,1996,168.00
nic,1997,184.00
nic,1998,200.00
nic,1999,349.00
nic,2000,216.00
nic,2001,215.00
nic,2002,211.00
nic,2003,200.00
nic,2004,189.00
nic,2005,174.00
nic,2006,160.00
nic,2007,146.00
nic,2008,133.00
nic,2009,124.00
nic,2010,116.00
nic,2011,108.00
nic,2012,102.00
nic,2013,98.000
nic,2014,93.000
nic,2015,89.000
nic,2016,86.000
nic,2017,83.000
nic,2018,80.000
nic,2019,78.000
nic,2020,78.000
nic,2021,76.000
nic,2022,75.000
nic,2023,72.000
nic,2024,69.000
niu,1991,0.0000
niu,1992,0.0000
niu,1993,0.0000
niu,1994,0.0000
niu,1995,0.0000
niu,1996,0.0000
niu,1997,0.0000
niu,1998,0.0000
niu,1999,0.0000
niu,2000,0.0000
niu,2001,0.0000
niu,2002,0.0000
niu,2003,0.0000
niu,2004,0.0000
niu,2005,0.0000
niu,2006,0.0000
niu,2007,0.0000
niu,2008,0.0000
niu,2009,0.0000
niu,2010,0.0000
niu,2011,0.0000
niu,2012,0.0000
niu,2013,0.0000
niu,2014,0.0000
niu,2015,0.0000
niu,2016,0.0000
niu,2017,0.0000
niu,2018,0.0000
niu,2019,0.0000
niu,2020,0.0000
niu,2021,0.0000
niu,2022,0.0000
niu,2023,0.0000
niu,2024,0.0000
nld,1991,157.00
nld,1992,155.00
nld,1993,153.00
nld,1994,150.00
nld,1995,146.00
nld,1996,143.00
nld,1997,140.00
nld,1998,138.00
nld,1999,137.00
nld,2000,136.00
nld,2001,135.00
nld,2002,133.00
nld,2003,130.00
nld,2004,127.00
nld,2005,122.00
nld,2006,117.00
nld,2007,110.00
nld,2008,104.00
nld,2009,100.00
nld,2010,96.000
nld,2011,94.000
nld,2012,92.000
nld,2013,91.000
nld,2014,89.000
nld,2015,87.000
nld,2016,84.000
nld,2017,81.000
nld,2018,79.000
nld,2019,78.000
nld,2020,77.000
nld,2021,76.000
nld,2022,76.000
nld,2023,74.000
nld,2024,72.000
nor,1991,43.000
nor,1992,41.000
nor,1993,40.000
nor,1994,39.000
nor,1995,38.000
nor,1996,36.000
nor,1997,36.000
nor,1998,35.000
nor,1999,34.000
nor,2000,34.000
nor,2001,35.000
nor,2002,35.000
nor,2003,35.000
nor,2004,34.000
nor,2005,33.000
nor,2006,32.000
nor,2007,31.000
nor,2008,30.000
nor,2009,29.000
nor,2010,28.000
nor,2011,27.000
nor,2012,26.000
nor,2013,25.000
nor,2014,24.000
nor,2015,23.000
nor,2016,23.000
nor,2017,23.000
nor,2018,23.000
nor,2019,23.000
nor,2020,23.000
nor,2021,23.000
nor,2022,22.000
nor,2023,21.000
nor,2024,20.000
npl,1991,1642.0
npl,1992,1648.0
npl,1993,1650.0
npl,1994,1640.0
npl,1995,1639.0
npl,1996,1658.0
npl,1997,1670.0
npl,1998,1674.0
npl,1999,1649.0
npl,2000,1609.0
npl,2001,1542.0
npl,2002,1451.0
npl,2003,1360.0
npl,2004,1296.0
npl,2005,1218.0
npl,2006,1149.0
npl,2007,1111.0
npl,2008,1100.0
npl,2009,1108.0
npl,2010,1109.0
npl,2011,1109.0
npl,2012,1080.0
npl,2013,1052.0
npl,2014,994.00
npl,2015,910.00
npl,2016,1283.0
npl,2017,721.00
npl,2018,621.00
npl,2019,530.00
npl,2020,457.00
npl,2021,402.00
npl,2022,358.00
npl,2023,334.00
npl,2024,307.00
nru,1991,0.0000
nru,1992,0.0000
nru,1993,0.0000
nru,1994,0.0000
nru,1995,0.0000
nru,1996,0.0000
nru,1997,0.0000
nru,1998,0.0000
nru,1999,0.0000
nru,2000,0.0000
nru,2001,0.0000
nru,2002,0.0000
nru,2003,0.0000
nru,2004,0.0000
nru,2005,0.0000
nru,2006,0.0000
nru,2007,0.0000
nru,2008,0.0000
nru,2009,0.0000
nru,2010,0.0000
nru,2011,0.0000
nru,2012,0.0000
nru,2013,0.0000
nru,2014,0.0000
nru,2015,0.0000
nru,2016,0.0000
nru,2017,0.0000
nru,2018,0.0000
nru,2019,0.0000
nru,2020,0.0000
nru,2021,0.0000
nru,2022,0.0000
nru,2023,0.0000
nru,2024,0.0000
nzl,1991,64.000
nzl,1992,62.000
nzl,1993,60.000
nzl,1994,59.000
nzl,1995,57.000
nzl,1996,56.000
nzl,1997,55.000
nzl,1998,55.000
nzl,1999,55.000
nzl,2000,54.000
nzl,2001,54.000
nzl,2002,53.000
nzl,2003,53.000
nzl,2004,52.000
nzl,2005,50.000
nzl,2006,48.000
nzl,2007,46.000
nzl,2008,44.000
nzl,2009,42.000
nzl,2010,40.000
nzl,2011,39.000
nzl,2012,38.000
nzl,2013,37.000
nzl,2014,35.000
nzl,2015,35.000
nzl,2016,34.000
nzl,2017,34.000
nzl,2018,34.000
nzl,2019,35.000
nzl,2020,35.000
nzl,2021,35.000
nzl,2022,34.000
nzl,2023,32.000
nzl,2024,31.000
omn,1991,135.00
omn,1992,131.00
omn,1993,126.00
omn,1994,120.00
omn,1995,114.00
omn,1996,108.00
omn,1997,102.00
omn,1998,96.000
omn,1999,90.000
omn,2000,85.000
omn,2001,80.000
omn,2002,76.000
omn,2003,72.000
omn,2004,69.000
omn,2005,66.000
omn,2006,63.000
omn,2007,59.000
omn,2008,61.000
omn,2009,53.000
omn,2010,51.000
omn,2011,49.000
omn,2012,47.000
omn,2013,45.000
omn,2014,45.000
omn,2015,47.000
omn,2016,48.000
omn,2017,49.000
omn,2018,50.000
omn,2019,52.000
omn,2020,55.000
omn,2021,59.000
omn,2022,63.000
omn,2023,66.000
omn,2024,70.000
pak,1991,12758
pak,1992,13647
pak,1993,14186
pak,1994,14527
pak,1995,14877
pak,1996,15265
pak,1997,15642
pak,1998,15778
pak,1999,15517
pak,2000,15182
pak,2001,14781
pak,2002,14294
pak,2003,13733
pak,2004,13071
pak,2005,12952
pak,2006,18482
pak,2007,13318
pak,2008,13341
pak,2009,13143
pak,2010,12667
pak,2011,12220
pak,2012,11669
pak,2013,11083
pak,2014,10175
pak,2015,9042.0
pak,2016,7971.0
pak,2017,7022.0
pak,2018,6412.0
pak,2019,5881.0
pak,2020,5590.0
pak,2021,5476.0
pak,2022,5250.0
pak,2023,5199.0
pak,2024,5086.0
pan,1991,106.00
pan,1992,110.00
pan,1993,112.00
pan,1994,114.00
pan,1995,114.00
pan,1996,115.00
pan,1997,115.00
pan,1998,115.00
pan,1999,115.00
pan,2000,114.00
pan,2001,113.00
pan,2002,111.00
pan,2003,110.00
pan,2004,110.00
pan,2005,110.00
pan,2006,111.00
pan,2007,112.00
pan,2008,114.00
pan,2009,117.00
pan,2010,120.00
pan,2011,123.00
pan,2012,125.00
pan,2013,127.00
pan,2014,127.00
pan,2015,127.00
pan,2016,126.00
pan,2017,125.00
pan,2018,124.00
pan,2019,123.00
pan,2020,122.00
pan,2021,121.00
pan,2022,119.00
pan,2023,117.00
pan,2024,113.00
per,1991,1617.0
per,1992,1571.0
per,1993,1519.0
per,1994,1464.0
per,1995,1408.0
per,1996,1349.0
per,1997,1289.0
per,1998,1233.0
per,1999,1182.0
per,2000,1137.0
per,2001,1087.0
per,2002,1043.0
per,2003,1006.0
per,2004,973.00
per,2005,946.00
per,2006,925.00
per,2007,907.00
per,2008,894.00
per,2009,878.00
per,2010,856.00
per,2011,833.00
per,2012,806.00
per,2013,777.00
per,2014,752.00
per,2015,740.00
per,2016,742.00
per,2017,754.00
per,2018,768.00
per,2019,770.00
per,2020,756.00
per,2021,726.00
per,2022,688.00
per,2023,645.00
per,2024,602.00
phl,1991,5540.0
phl,1992,5903.0
phl,1993,5218.0
phl,1994,5104.0
phl,1995,5048.0
phl,1996,5037.0
phl,1997,5041.0
phl,1998,5044.0
phl,1999,5024.0
phl,2000,4992.0
phl,2001,4939.0
phl,2002,4890.0
phl,2003,4848.0
phl,2004,4791.0
phl,2005,4741.0
phl,2006,4706.0
phl,2007,4663.0
phl,2008,4631.0
phl,2009,4609.0
phl,2010,4604.0
phl,2011,4607.0
phl,2012,4626.0
phl,2013,4669.0
phl,2014,5336.0
phl,2015,4809.0
phl,2016,4870.0
phl,2017,4896.0
phl,2018,4908.0
phl,2019,4908.0
phl,2020,4910.0
phl,2021,4939.0
phl,2022,4967.0
phl,2023,4940.0
phl,2024,4835.0
plw,1991,0.0000
plw,1992,0.0000
plw,1993,0.0000
plw,1994,0.0000
plw,1995,0.0000
plw,1996,0.0000
plw,1997,0.0000
plw,1998,0.0000
plw,1999,0.0000
plw,2000,0.0000
plw,2001,0.0000
plw,2002,0.0000
plw,2003,0.0000
plw,2004,0.0000
plw,2005,0.0000
plw,2006,0.0000
plw,2007,0.0000
plw,2008,0.0000
plw,2009,0.0000
plw,2010,0.0000
plw,2011,0.0000
plw,2012,0.0000
plw,2013,0.0000
plw,2014,0.0000
plw,2015,0.0000
plw,2016,0.0000
plw,2017,0.0000
plw,2018,0.0000
plw,2019,0.0000
plw,2020,0.0000
plw,2021,0.0000
plw,2022,0.0000
plw,2023,0.0000
plw,2024,0.0000
png,1991,421.00
png,1992,427.00
png,1993,435.00
png,1994,445.00
png,1995,455.00
png,1996,466.00
png,1997,477.00
png,1998,489.00
png,1999,652.00
png,2000,512.00
png,2001,523.00
png,2002,532.00
png,2003,541.00
png,2004,549.00
png,2005,556.00
png,2006,563.00
png,2007,569.00
png,2008,576.00
png,2009,582.00
png,2010,588.00
png,2011,594.00
png,2012,598.00
png,2013,602.00
png,2014,606.00
png,2015,608.00
png,2016,610.00
png,2017,609.00
png,2018,608.00
png,2019,605.00
png,2020,603.00
png,2021,600.00
png,2022,596.00
png,2023,591.00
png,2024,584.00
pol,1991,835.00
pol,1992,824.00
pol,1993,799.00
pol,1994,774.00
pol,1995,749.00
pol,1996,736.00
pol,1997,720.00
pol,1998,687.00
pol,1999,642.00
pol,2000,594.00
pol,2001,557.00
pol,2002,527.00
pol,2003,501.00
pol,2004,477.00
pol,2005,449.00
pol,2006,424.00
pol,2007,395.00
pol,2008,367.00
pol,2009,341.00
pol,2010,314.00
pol,2011,291.00
pol,2012,272.00
pol,2013,252.00
pol,2014,236.00
pol,2015,221.00
pol,2016,212.00
pol,2017,206.00
pol,2018,204.00
pol,2019,207.00
pol,2020,212.00
pol,2021,220.00
pol,2022,230.00
pol,2023,242.00
pol,2024,247.00
prk,1991,915.00
prk,1992,927.00
prk,1993,952.00
prk,1994,974.00
prk,1995,990.00
prk,1996,1934.0
prk,1997,1940.0
prk,1998,1938.0
prk,1999,1939.0
prk,2000,1937.0
prk,2001,1939.0
prk,2002,1944.0
prk,2003,1950.0
prk,2004,945.00
prk,2005,939.00
prk,2006,933.00
prk,2007,921.00
prk,2008,910.00
prk,2009,875.00
prk,2010,845.00
prk,2011,807.00
prk,2012,765.00
prk,2013,720.00
prk,2014,673.00
prk,2015,629.00
prk,2016,586.00
prk,2017,557.00
prk,2018,517.00
prk,2019,495.00
prk,2020,475.00
prk,2021,466.00
prk,2022,465.00
prk,2023,468.00
prk,2024,472.00
prt,1991,285.00
prt,1992,270.00
prt,1993,253.00
prt,1994,238.00
prt,1995,223.00
prt,1996,208.00
prt,1997,192.00
prt,1998,176.00
prt,1999,161.00
prt,2000,147.00
prt,2001,135.00
prt,2002,125.00
prt,2003,116.00
prt,2004,107.00
prt,2005,99.000
prt,2006,90.000
prt,2007,83.000
prt,2008,76.000
prt,2009,71.000
prt,2010,67.000
prt,2011,63.000
prt,2012,60.000
prt,2013,56.000
prt,2014,54.000
prt,2015,51.000
prt,2016,48.000
prt,2017,46.000
prt,2018,44.000
prt,2019,43.000
prt,2020,42.000
prt,2021,42.000
prt,2022,41.000
prt,2023,40.000
prt,2024,37.000
pry,1991,107.00
pry,1992,111.00
pry,1993,114.00
pry,1994,117.00
pry,1995,123.00
pry,1996,128.00
pry,1997,133.00
pry,1998,140.00
pry,1999,147.00
pry,2000,154.00
pry,2001,162.00
pry,2002,171.00
pry,2003,179.00
pry,2004,187.00
pry,2005,193.00
pry,2006,197.00
pry,2007,199.00
pry,2008,199.00
pry,2009,197.00
pry,2010,193.00
pry,2011,188.00
pry,2012,183.00
pry,2013,177.00
pry,2014,172.00
pry,2015,167.00
pry,2016,164.00
pry,2017,161.00
pry,2018,159.00
pry,2019,157.00
pry,2020,155.00
pry,2021,152.00
pry,2022,148.00
pry,2023,143.00
pry,2024,138.00
pse,1991,60.000
pse,1992,66.000
pse,1993,72.000
pse,1994,78.000
pse,1995,83.000
pse,1996,88.000
pse,1997,94.000
pse,1998,98.000
pse,1999,102.00
pse,2000,106.00
pse,2001,110.00
pse,2002,114.00
pse,2003,118.00
pse,2004,120.00
pse,2005,123.00
pse,2006,123.00
pse,2007,123.00
pse,2008,121.00
pse,2009,123.00
pse,2010,117.00
pse,2011,104.00
pse,2012,98.000
pse,2013,91.000
pse,2014,84.000
pse,2015,71.000
pse,2016,70.000
pse,2017,67.000
pse,2018,63.000
pse,2019,61.000
pse,2020,59.000
pse,2021,58.000
pse,2022,56.000
pse,2023,56.000
pse,2024,316.00
qat,1991,9.0000
qat,1992,10.000
qat,1993,10.000
qat,1994,10.000
qat,1995,9.0000
qat,1996,9.0000
qat,1997,10.000
qat,1998,10.000
qat,1999,11.000
qat,2000,11.000
qat,2001,11.000
qat,2002,11.000
qat,2003,12.000
qat,2004,12.000
qat,2005,12.000
qat,2006,13.000
qat,2007,13.000
qat,2008,12.000
qat,2009,12.000
qat,2010,12.000
qat,2011,12.000
qat,2012,13.000
qat,2013,13.000
qat,2014,13.000
qat,2015,14.000
qat,2016,13.000
qat,2017,13.000
qat,2018,12.000
qat,2019,12.000
qat,2020,13.000
qat,2021,14.000
qat,2022,14.000
qat,2023,14.000
qat,2024,13.000
rks,1991,116.00
rks,1992,113.00
rks,1993,110.00
rks,1994,108.00
rks,1995,106.00
rks,1996,104.00
rks,1997,103.00
rks,1998,101.00
rks,1999,99.000
rks,2000,95.000
rks,2001,92.000
rks,2002,88.000
rks,2003,80.000
rks,2004,70.000
rks,2005,63.000
rks,2006,56.000
rks,2007,52.000
rks,2008,48.000
rks,2009,46.000
rks,2010,43.000
rks,2011,42.000
rks,2012,41.000
rks,2013,39.000
rks,2014,38.000
rks,2015,36.000
rks,2016,34.000
rks,2017,32.000
rks,2018,30.000
rks,2019,28.000
rks,2020,27.000
rks,2021,26.000
rks,2022,25.000
rks,2023,24.000
rks,2024,23.000
rou,1991,829.00
rou,1992,805.00
rou,1993,766.00
rou,1994,719.00
rou,1995,661.00
rou,1996,621.00
rou,1997,602.00
rou,1998,656.00
rou,1999,807.00
rou,2000,929.00
rou,2001,951.00
rou,2002,854.00
rou,2003,689.00
rou,2004,521.00
rou,2005,383.00
rou,2006,311.00
rou,2007,277.00
rou,2008,263.00
rou,2009,263.00
rou,2010,261.00
rou,2011,261.00
rou,2012,255.00
rou,2013,242.00
rou,2014,229.00
rou,2015,216.00
rou,2016,213.00
rou,2017,213.00
rou,2018,209.00
rou,2019,203.00
rou,2020,191.00
rou,2021,183.00
rou,2022,174.00
rou,2023,162.00
rou,2024,141.00
rus,1991,4987.0
rus,1992,5121.0
rus,1993,5207.0
rus,1994,5334.0
rus,1995,5453.0
rus,1996,5465.0
rus,1997,5457.0
rus,1998,5513.0
rus,1999,5490.0
rus,2000,5394.0
rus,2001,5265.0
rus,2002,4996.0
rus,2003,4622.0
rus,2004,4168.0
rus,2005,3694.0
rus,2006,3268.0
rus,2007,2886.0
rus,2008,2588.0
rus,2009,2372.0
rus,2010,2211.0
rus,2011,2091.0
rus,2012,2006.0
rus,2013,1961.0
rus,2014,1943.0
rus,2015,1929.0
rus,2016,1906.0
rus,2017,1858.0
rus,2018,1811.0
rus,2019,1763.0
rus,2020,1713.0
rus,2021,1639.0
rus,2022,1555.0
rus,2023,1475.0
rus,2024,1388.0
rwa,1991,1779.0
rwa,1992,2230.0
rwa,1993,2793.0
rwa,1994,3483.0
rwa,1995,28170
rwa,1996,3393.0
rwa,1997,4093.0
rwa,1998,4470.0
rwa,1999,4034.0
rwa,2000,3543.0
rwa,2001,3060.0
rwa,2002,2684.0
rwa,2003,2305.0
rwa,2004,2020.0
rwa,2005,1807.0
rwa,2006,1607.0
rwa,2007,1441.0
rwa,2008,1282.0
rwa,2009,1147.0
rwa,2010,1045.0
rwa,2011,939.00
rwa,2012,863.00
rwa,2013,809.00
rwa,2014,753.00
rwa,2015,710.00
rwa,2016,645.00
rwa,2017,597.00
rwa,2018,536.00
rwa,2019,502.00
rwa,2020,472.00
rwa,2021,421.00
rwa,2022,343.00
rwa,2023,228.00
rwa,2024,138.00
sau,1991,855.00
sau,1992,844.00
sau,1993,834.00
sau,1994,825.00
sau,1995,813.00
sau,1996,802.00
sau,1997,789.00
sau,1998,773.00
sau,1999,756.00
sau,2000,737.00
sau,2001,738.00
sau,2002,753.00
sau,2003,754.00
sau,2004,743.00
sau,2005,719.00
sau,2006,685.00
sau,2007,645.00
sau,2008,601.00
sau,2009,557.00
sau,2010,513.00
sau,2011,473.00
sau,2012,438.00
sau,2013,409.00
sau,2014,385.00
sau,2015,367.00
sau,2016,352.00
sau,2017,340.00
sau,2018,327.00
sau,2019,316.00
sau,2020,308.00
sau,2021,303.00
sau,2022,298.00
sau,2023,295.00
sau,2024,293.00
sdn,1991,1225.0
sdn,1992,1234.0
sdn,1993,1230.0
sdn,1994,1232.0
sdn,1995,1251.0
sdn,1996,1262.0
sdn,1997,1281.0
sdn,1998,1322.0
sdn,1999,1341.0
sdn,2000,1369.0
sdn,2001,1362.0
sdn,2002,1329.0
sdn,2003,1317.0
sdn,2004,1532.0
sdn,2005,1738.0
sdn,2006,1741.0
sdn,2007,1281.0
sdn,2008,1087.0
sdn,2009,1100.0
sdn,2010,951.00
sdn,2011,872.00
sdn,2012,831.00
sdn,2013,784.00
sdn,2014,726.00
sdn,2015,675.00
sdn,2016,660.00
sdn,2017,616.00
sdn,2018,591.00
sdn,2019,599.00
sdn,2020,566.00
sdn,2021,571.00
sdn,2022,541.00
sdn,2023,547.00
sdn,2024,548.00
sen,1991,901.00
sen,1992,919.00
sen,1993,961.00
sen,1994,1077.0
sen,1995,1242.0
sen,1996,1425.0
sen,1997,1580.0
sen,1998,1669.0
sen,1999,1719.0
sen,2000,1771.0
sen,2001,1809.0
sen,2002,1854.0
sen,2003,1875.0
sen,2004,1874.0
sen,2005,1842.0
sen,2006,1795.0
sen,2007,1741.0
sen,2008,1689.0
sen,2009,1646.0
sen,2010,1626.0
sen,2011,1582.0
sen,2012,1531.0
sen,2013,1476.0
sen,2014,1415.0
sen,2015,1354.0
sen,2016,1288.0
sen,2017,1229.0
sen,2018,1162.0
sen,2019,1099.0
sen,2020,1026.0
sen,2021,932.00
sen,2022,821.00
sen,2023,734.00
sen,2024,642.00
sgp,1991,46.000
sgp,1992,46.000
sgp,1993,45.000
sgp,1994,43.000
sgp,1995,42.000
sgp,1996,40.000
sgp,1997,38.000
sgp,1998,37.000
sgp,1999,36.000
sgp,2000,36.000
sgp,2001,35.000
sgp,2002,35.000
sgp,2003,34.000
sgp,2004,33.000
sgp,2005,31.000
sgp,2006,30.000
sgp,2007,29.000
sgp,2008,28.000
sgp,2009,27.000
sgp,2010,26.000
sgp,2011,25.000
sgp,2012,24.000
sgp,2013,23.000
sgp,2014,22.000
sgp,2015,21.000
sgp,2016,20.000
sgp,2017,19.000
sgp,2018,19.000
sgp,2019,19.000
sgp,2020,19.000
sgp,2021,18.000
sgp,2022,17.000
sgp,2023,17.000
sgp,2024,16.000
slb,1991,22.000
slb,1992,22.000
slb,1993,22.000
slb,1994,22.000
slb,1995,22.000
slb,1996,22.000
slb,1997,23.000
slb,1998,23.000
slb,1999,23.000
slb,2000,23.000
slb,2001,24.000
slb,2002,23.000
slb,2003,23.000
slb,2004,24.000
slb,2005,24.000
slb,2006,24.000
slb,2007,24.000
slb,2008,28.000
slb,2009,24.000
slb,2010,25.000
slb,2011,25.000
slb,2012,26.000
slb,2013,26.000
slb,2014,27.000
slb,2015,27.000
slb,2016,28.000
slb,2017,28.000
slb,2018,29.000
slb,2019,29.000
slb,2020,29.000
slb,2021,33.000
slb,2022,30.000
slb,2023,30.000
slb,2024,30.000
sle,1991,199.00
sle,1992,202.00
sle,1993,211.00
sle,1994,200.00
sle,1995,212.00
sle,1996,230.00
sle,1997,271.00
sle,1998,308.00
sle,1999,354.00
sle,2000,390.00
sle,2001,443.00
sle,2002,507.00
sle,2003,570.00
sle,2004,622.00
sle,2005,665.00
sle,2006,697.00
sle,2007,715.00
sle,2008,730.00
sle,2009,744.00
sle,2010,761.00
sle,2011,781.00
sle,2012,809.00
sle,2013,827.00
sle,2014,840.00
sle,2015,833.00
sle,2016,807.00
sle,2017,759.00
sle,2018,693.00
sle,2019,621.00
sle,2020,571.00
sle,2021,519.00
sle,2022,489.00
sle,2023,467.00
sle,2024,448.00
slv,1991,398.00
slv,1992,381.00
slv,1993,365.00
slv,1994,348.00
slv,1995,330.00
slv,1996,313.00
slv,1997,297.00
slv,1998,283.00
slv,1999,311.00
slv,2000,267.00
slv,2001,263.00
slv,2002,358.00
slv,2003,260.00
slv,2004,260.00
slv,2005,261.00
slv,2006,261.00
slv,2007,262.00
slv,2008,262.00
slv,2009,262.00
slv,2010,283.00
slv,2011,258.00
slv,2012,254.00
slv,2013,250.00
slv,2014,246.00
slv,2015,243.00
slv,2016,240.00
slv,2017,239.00
slv,2018,241.00
slv,2019,242.00
slv,2020,242.00
slv,2021,240.00
slv,2022,235.00
slv,2023,228.00
slv,2024,218.00
smr,1991,0.0000
smr,1992,0.0000
smr,1993,0.0000
smr,1994,0.0000
smr,1995,0.0000
smr,1996,0.0000
smr,1997,0.0000
smr,1998,0.0000
smr,1999,0.0000
smr,2000,0.0000
smr,2001,0.0000
smr,2002,0.0000
smr,2003,0.0000
smr,2004,0.0000
smr,2005,0.0000
smr,2006,0.0000
smr,2007,0.0000
smr,2008,0.0000
smr,2009,0.0000
smr,2010,0.0000
smr,2011,0.0000
smr,2012,0.0000
smr,2013,0.0000
smr,2014,0.0000
smr,2015,0.0000
smr,2016,0.0000
smr,2017,0.0000
smr,2018,0.0000
smr,2019,0.0000
smr,2020,0.0000
smr,2021,0.0000
smr,2022,0.0000
smr,2023,0.0000
smr,2024,0.0000
som,1991,1793.0
som,1992,7840.0
som,1993,8067.0
som,1994,1731.0
som,1995,1819.0
som,1996,1887.0
som,1997,1955.0
som,1998,2020.0
som,1999,2095.0
som,2000,2156.0
som,2001,2189.0
som,2002,2197.0
som,2003,2221.0
som,2004,2306.0
som,2005,2438.0
som,2006,2601.0
som,2007,2777.0
som,2008,2929.0
som,2009,3001.0
som,2010,3021.0
som,2011,4130.0
som,2012,11784
som,2013,4398.0
som,2014,2985.0
som,2015,3003.0
som,2016,3023.0
som,2017,3057.0
som,2018,4455.0
som,2019,3762.0
som,2020,3105.0
som,2021,3092.0
som,2022,3073.0
som,2023,4895.0
som,2024,3109.0
srb,1991,140.00
srb,1992,137.00
srb,1993,133.00
srb,1994,128.00
srb,1995,123.00
srb,1996,119.00
srb,1997,117.00
srb,1998,114.00
srb,1999,110.00
srb,2000,105.00
srb,2001,100.00
srb,2002,94.000
srb,2003,88.000
srb,2004,83.000
srb,2005,76.000
srb,2006,71.000
srb,2007,66.000
srb,2008,62.000
srb,2009,58.000
srb,2010,54.000
srb,2011,51.000
srb,2012,48.000
srb,2013,47.000
srb,2014,46.000
srb,2015,45.000
srb,2016,44.000
srb,2017,44.000
srb,2018,42.000
srb,2019,41.000
srb,2020,41.000
srb,2021,41.000
srb,2022,40.000
srb,2023,40.000
srb,2024,39.000
ssd,1991,7183.0
ssd,1992,7126.0
ssd,1993,12314
ssd,1994,12165
ssd,1995,1601.0
ssd,1996,6762.0
ssd,1997,6572.0
ssd,1998,6265.0
ssd,1999,12632
ssd,2000,2484.0
ssd,2001,1940.0
ssd,2002,1986.0
ssd,2003,2061.0
ssd,2004,1524.0
ssd,2005,1551.0
ssd,2006,1555.0
ssd,2007,1556.0
ssd,2008,1553.0
ssd,2009,1544.0
ssd,2010,1545.0
ssd,2011,1559.0
ssd,2012,1578.0
ssd,2013,1612.0
ssd,2014,1669.0
ssd,2015,4405.0
ssd,2016,6415.0
ssd,2017,7596.0
ssd,2018,8250.0
ssd,2019,3281.0
ssd,2020,1922.0
ssd,2021,1974.0
ssd,2022,2020.0
ssd,2023,2061.0
ssd,2024,2127.0
stp,1991,21.000
stp,1992,22.000
stp,1993,22.000
stp,1994,23.000
stp,1995,23.000
stp,1996,23.000
stp,1997,23.000
stp,1998,23.000
stp,1999,22.000
stp,2000,22.000
stp,2001,21.000
stp,2002,20.000
stp,2003,19.000
stp,2004,18.000
stp,2005,17.000
stp,2006,16.000
stp,2007,15.000
stp,2008,14.000
stp,2009,13.000
stp,2010,13.000
stp,2011,12.000
stp,2012,12.000
stp,2013,11.000
stp,2014,11.000
stp,2015,10.000
stp,2016,10.000
stp,2017,10.000
stp,2018,9.0000
stp,2019,9.0000
stp,2020,8.0000
stp,2021,8.0000
stp,2022,8.0000
stp,2023,8.0000
stp,2024,7.0000
sur,1991,15.000
sur,1992,15.000
sur,1993,15.000
sur,1994,15.000
sur,1995,15.000
sur,1996,16.000
sur,1997,16.000
sur,1998,16.000
sur,1999,16.000
sur,2000,16.000
sur,2001,16.000
sur,2002,15.000
sur,2003,15.000
sur,2004,14.000
sur,2005,14.000
sur,2006,14.000
sur,2007,14.000
sur,2008,14.000
sur,2009,15.000
sur,2010,15.000
sur,2011,15.000
sur,2012,15.000
sur,2013,15.000
sur,2014,15.000
sur,2015,15.000
sur,2016,15.000
sur,2017,15.000
sur,2018,15.000
sur,2019,15.000
sur,2020,14.000
sur,2021,14.000
sur,2022,13.000
sur,2023,13.000
sur,2024,12.000
svk,1991,106.00
svk,1992,104.00
svk,1993,102.00
svk,1994,100.00
svk,1995,98.000
svk,1996,95.000
svk,1997,93.000
svk,1998,90.000
svk,1999,87.000
svk,2000,83.000
svk,2001,80.000
svk,2002,76.000
svk,2003,73.000
svk,2004,69.000
svk,2005,65.000
svk,2006,61.000
svk,2007,57.000
svk,2008,53.000
svk,2009,49.000
svk,2010,46.000
svk,2011,43.000
svk,2012,41.000
svk,2013,39.000
svk,2014,37.000
svk,2015,35.000
svk,2016,34.000
svk,2017,33.000
svk,2018,33.000
svk,2019,33.000
svk,2020,33.000
svk,2021,32.000
svk,2022,32.000
svk,2023,32.000
svk,2024,31.000
svn,1991,29.000
svn,1992,28.000
svn,1993,27.000
svn,1994,25.000
svn,1995,24.000
svn,1996,23.000
svn,1997,21.000
svn,1998,20.000
svn,1999,19.000
svn,2000,18.000
svn,2001,16.000
svn,2002,15.000
svn,2003,14.000
svn,2004,13.000
svn,2005,12.000
svn,2006,11.000
svn,2007,10.000
svn,2008,10.000
svn,2009,9.0000
svn,2010,9.0000
svn,2011,8.0000
svn,2012,8.0000
svn,2013,8.0000
svn,2014,7.0000
svn,2015,7.0000
svn,2016,7.0000
svn,2017,7.0000
svn,2018,7.0000
svn,2019,7.0000
svn,2020,7.0000
svn,2021,7.0000
svn,2022,6.0000
svn,2023,6.0000
svn,2024,6.0000
swe,1991,68.000
swe,1992,66.000
swe,1993,64.000
swe,1994,63.000
swe,1995,62.000
swe,1996,62.000
swe,1997,61.000
swe,1998,62.000
swe,1999,63.000
swe,2000,64.000
swe,2001,66.000
swe,2002,67.000
swe,2003,68.000
swe,2004,67.000
swe,2005,66.000
swe,2006,63.000
swe,2007,59.000
swe,2008,55.000
swe,2009,51.000
swe,2010,47.000
swe,2011,45.000
swe,2012,43.000
swe,2013,42.000
swe,2014,42.000
swe,2015,43.000
swe,2016,43.000
swe,2017,44.000
swe,2018,45.000
swe,2019,46.000
swe,2020,46.000
swe,2021,46.000
swe,2022,45.000
swe,2023,44.000
swe,2024,43.000
swz,1991,10.000
swz,1992,9.0000
swz,1993,10.000
swz,1994,11.000
swz,1995,12.000
swz,1996,14.000
swz,1997,16.000
swz,1998,19.000
swz,1999,22.000
swz,2000,25.000
swz,2001,29.000
swz,2002,34.000
swz,2003,39.000
swz,2004,43.000
swz,2005,47.000
swz,2006,50.000
swz,2007,55.000
swz,2008,59.000
swz,2009,61.000
swz,2010,65.000
swz,2011,66.000
swz,2012,67.000
swz,2013,70.000
swz,2014,71.000
swz,2015,72.000
swz,2016,71.000
swz,2017,70.000
swz,2018,69.000
swz,2019,67.000
swz,2020,66.000
swz,2021,65.000
swz,2022,61.000
swz,2023,59.000
swz,2024,58.000
syc,1991,1.0000
syc,1992,1.0000
syc,1993,1.0000
syc,1994,1.0000
syc,1995,1.0000
syc,1996,1.0000
syc,1997,1.0000
syc,1998,1.0000
syc,1999,1.0000
syc,2000,1.0000
syc,2001,1.0000
syc,2002,1.0000
syc,2003,1.0000
syc,2004,1.0000
syc,2005,1.0000
syc,2006,1.0000
syc,2007,1.0000
syc,2008,1.0000
syc,2009,1.0000
syc,2010,1.0000
syc,2011,1.0000
syc,2012,1.0000
syc,2013,1.0000
syc,2014,1.0000
syc,2015,0.0000
syc,2016,0.0000
syc,2017,0.0000
syc,2018,0.0000
syc,2019,0.0000
syc,2020,0.0000
syc,2021,0.0000
syc,2022,0.0000
syc,2023,0.0000
syc,2024,0.0000
syr,1991,843.00
syr,1992,894.00
syr,1993,942.00
syr,1994,992.00
syr,1995,1036.0
syr,1996,1077.0
syr,1997,1108.0
syr,1998,1133.0
syr,1999,1139.0
syr,2000,1111.0
syr,2001,1057.0
syr,2002,985.00
syr,2003,910.00
syr,2004,845.00
syr,2005,804.00
syr,2006,792.00
syr,2007,797.00
syr,2008,819.00
syr,2009,839.00
syr,2010,850.00
syr,2011,848.00
syr,2012,1002.0
syr,2013,1704.0
syr,2014,1682.0
syr,2015,1413.0
syr,2016,1284.0
syr,2017,920.00
syr,2018,746.00
syr,2019,565.00
syr,2020,378.00
syr,2021,305.00
syr,2022,250.00
syr,2023,214.00
syr,2024,250.00
tca,1991,0.0000
tca,1992,0.0000
tca,1993,0.0000
tca,1994,0.0000
tca,1995,0.0000
tca,1996,0.0000
tca,1997,0.0000
tca,1998,0.0000
tca,1999,0.0000
tca,2000,0.0000
tca,2001,0.0000
tca,2002,0.0000
tca,2003,0.0000
tca,2004,0.0000
tca,2005,0.0000
tca,2006,0.0000
tca,2007,0.0000
tca,2008,0.0000
tca,2009,0.0000
tca,2010,0.0000
tca,2011,0.0000
tca,2012,0.0000
tca,2013,0.0000
tca,2014,0.0000
tca,2015,0.0000
tca,2016,0.0000
tca,2017,0.0000
tca,2018,0.0000
tca,2019,0.0000
tca,2020,0.0000
tca,2021,0.0000
tca,2022,0.0000
tca,2023,0.0000
tca,2024,0.0000
tcd,1991,615.00
tcd,1992,670.00
tcd,1993,727.00
tcd,1994,783.00
tcd,1995,845.00
tcd,1996,915.00
tcd,1997,996.00
tcd,1998,1075.0
tcd,1999,1154.0
tcd,2000,1233.0
tcd,2001,1337.0
tcd,2002,1429.0
tcd,2003,1529.0
tcd,2004,1634.0
tcd,2005,1705.0
tcd,2006,1797.0
tcd,2007,1856.0
tcd,2008,1913.0
tcd,2009,1946.0
tcd,2010,2018.0
tcd,2011,2071.0
tcd,2012,2101.0
tcd,2013,2115.0
tcd,2014,2141.0
tcd,2015,2148.0
tcd,2016,2130.0
tcd,2017,2123.0
tcd,2018,2099.0
tcd,2019,2063.0
tcd,2020,2014.0
tcd,2021,1962.0
tcd,2022,1890.0
tcd,2023,1851.0
tcd,2024,1812.0
tgo,1991,190.00
tgo,1992,196.00
tgo,1993,210.00
tgo,1994,215.00
tgo,1995,223.00
tgo,1996,241.00
tgo,1997,254.00
tgo,1998,271.00
tgo,1999,295.00
tgo,2000,312.00
tgo,2001,325.00
tgo,2002,351.00
tgo,2003,369.00
tgo,2004,379.00
tgo,2005,399.00
tgo,2006,414.00
tgo,2007,429.00
tgo,2008,437.00
tgo,2009,440.00
tgo,2010,439.00
tgo,2011,434.00
tgo,2012,427.00
tgo,2013,413.00
tgo,2014,395.00
tgo,2015,375.00
tgo,2016,350.00
tgo,2017,321.00
tgo,2018,302.00
tgo,2019,287.00
tgo,2020,276.00
tgo,2021,266.00
tgo,2022,264.00
tgo,2023,268.00
tgo,2024,257.00
tha,1991,3150.0
tha,1992,3116.0
tha,1993,3078.0
tha,1994,3055.0
tha,1995,3024.0
tha,1996,2973.0
tha,1997,2916.0
tha,1998,2875.0
tha,1999,2883.0
tha,2000,2924.0
tha,2001,2992.0
tha,2002,3061.0
tha,2003,3100.0
tha,2004,3095.0
tha,2005,3482.0
tha,2006,2977.0
tha,2007,2911.0
tha,2008,2852.0
tha,2009,2799.0
tha,2010,2729.0
tha,2011,2640.0
tha,2012,2536.0
tha,2013,2433.0
tha,2014,2348.0
tha,2015,2290.0
tha,2016,2250.0
tha,2017,2204.0
tha,2018,2148.0
tha,2019,2087.0
tha,2020,2033.0
tha,2021,1998.0
tha,2022,1985.0
tha,2023,1991.0
tha,2024,1994.0
tjk,1991,312.00
tjk,1992,351.00
tjk,1993,430.00
tjk,1994,417.00
tjk,1995,437.00
tjk,1996,442.00
tjk,1997,502.00
tjk,1998,414.00
tjk,1999,384.00
tjk,2000,351.00
tjk,2001,323.00
tjk,2002,302.00
tjk,2003,282.00
tjk,2004,265.00
tjk,2005,252.00
tjk,2006,243.00
tjk,2007,234.00
tjk,2008,227.00
tjk,2009,222.00
tjk,2010,217.00
tjk,2011,209.00
tjk,2012,202.00
tjk,2013,199.00
tjk,2014,197.00
tjk,2015,195.00
tjk,2016,195.00
tjk,2017,194.00
tjk,2018,192.00
tjk,2019,193.00
tjk,2020,194.00
tjk,2021,195.00
tjk,2022,193.00
tjk,2023,186.00
tjk,2024,179.00
tkm,1991,223.00
tkm,1992,236.00
tkm,1993,252.00
tkm,1994,271.00
tkm,1995,293.00
tkm,1996,316.00
tkm,1997,335.00
tkm,1998,349.00
tkm,1999,356.00
tkm,2000,356.00
tkm,2001,350.00
tkm,2002,342.00
tkm,2003,333.00
tkm,2004,324.00
tkm,2005,314.00
tkm,2006,303.00
tkm,2007,289.00
tkm,2008,274.00
tkm,2009,257.00
tkm,2010,241.00
tkm,2011,227.00
tkm,2012,216.00
tkm,2013,208.00
tkm,2014,202.00
tkm,2015,196.00
tkm,2016,189.00
tkm,2017,182.00
tkm,2018,175.00
tkm,2019,170.00
tkm,2020,168.00
tkm,2021,168.00
tkm,2022,168.00
tkm,2023,169.00
tkm,2024,168.00
tls,1991,211.00
tls,1992,224.00
tls,1993,223.00
tls,1994,224.00
tls,1995,230.00
tls,1996,258.00
tls,1997,262.00
tls,1998,265.00
tls,1999,296.00
tls,2000,313.00
tls,2001,99.000
tls,2002,103.00
tls,2003,106.00
tls,2004,106.00
tls,2005,103.00
tls,2006,101.00
tls,2007,102.00
tls,2008,103.00
tls,2009,104.00
tls,2010,105.00
tls,2011,107.00
tls,2012,108.00
tls,2013,110.00
tls,2014,111.00
tls,2015,111.00
tls,2016,111.00
tls,2017,110.00
tls,2018,109.00
tls,2019,107.00
tls,2020,105.00
tls,2021,102.00
tls,2022,98.000
tls,2023,95.000
tls,2024,93.000
ton,1991,1.0000
ton,1992,1.0000
ton,1993,2.0000
ton,1994,2.0000
ton,1995,2.0000
ton,1996,2.0000
ton,1997,3.0000
ton,1998,3.0000
ton,1999,3.0000
ton,2000,3.0000
ton,2001,3.0000
ton,2002,3.0000
ton,2003,3.0000
ton,2004,3.0000
ton,2005,3.0000
ton,2006,3.0000
ton,2007,3.0000
ton,2008,3.0000
ton,2009,3.0000
ton,2010,2.0000
ton,2011,2.0000
ton,2012,2.0000
ton,2013,2.0000
ton,2014,1.0000
ton,2015,1.0000
ton,2016,1.0000
ton,2017,0.0000
ton,2018,0.0000
ton,2019,0.0000
ton,2020,0.0000
ton,2021,0.0000
ton,2022,0.0000
ton,2023,0.0000
ton,2024,0.0000
tto,1991,44.000
tto,1992,46.000
tto,1993,47.000
tto,1994,48.000
tto,1995,49.000
tto,1996,49.000
tto,1997,48.000
tto,1998,47.000
tto,1999,46.000
tto,2000,44.000
tto,2001,42.000
tto,2002,39.000
tto,2003,37.000
tto,2004,35.000
tto,2005,33.000
tto,2006,32.000
tto,2007,30.000
tto,2008,29.000
tto,2009,27.000
tto,2010,26.000
tto,2011,25.000
tto,2012,24.000
tto,2013,24.000
tto,2014,23.000
tto,2015,23.000
tto,2016,23.000
tto,2017,22.000
tto,2018,22.000
tto,2019,21.000
tto,2020,20.000
tto,2021,19.000
tto,2022,18.000
tto,2023,17.000
tto,2024,16.000
tun,1991,458.00
tun,1992,468.00
tun,1993,477.00
tun,1994,478.00
tun,1995,476.00
tun,1996,468.00
tun,1997,459.00
tun,1998,449.00
tun,1999,437.00
tun,2000,424.00
tun,2001,408.00
tun,2002,389.00
tun,2003,370.00
tun,2004,350.00
tun,2005,329.00
tun,2006,310.00
tun,2007,294.00
tun,2008,280.00
tun,2009,269.00
tun,2010,261.00
tun,2011,256.00
tun,2012,254.00
tun,2013,254.00
tun,2014,256.00
tun,2015,259.00
tun,2016,262.00
tun,2017,264.00
tun,2018,266.00
tun,2019,267.00
tun,2020,269.00
tun,2021,272.00
tun,2022,273.00
tun,2023,271.00
tun,2024,266.00
tur,1991,1107.0
tur,1992,1222.0
tur,1993,1317.0
tur,1994,1419.0
tur,1995,1512.0
tur,1996,1606.0
tur,1997,1684.0
tur,1998,1768.0
tur,1999,1851.0
tur,2000,2942.0
tur,2001,1993.0
tur,2002,2051.0
tur,2003,2093.0
tur,2004,2153.0
tur,2005,2212.0
tur,2006,2258.0
tur,2007,2297.0
tur,2008,2314.0
tur,2009,2305.0
tur,2010,2260.0
tur,2011,2182.0
tur,2012,2050.0
tur,2013,1882.0
tur,2014,1710.0
tur,2015,1563.0
tur,2016,1441.0
tur,2017,1347.0
tur,2018,1283.0
tur,2019,1246.0
tur,2020,1241.0
tur,2021,1264.0
tur,2022,1299.0
tur,2023,1323.0
tur,2024,3826.0
tuv,1991,0.0000
tuv,1992,0.0000
tuv,1993,0.0000
tuv,1994,0.0000
tuv,1995,0.0000
tuv,1996,0.0000
tuv,1997,0.0000
tuv,1998,0.0000
tuv,1999,0.0000
tuv,2000,0.0000
tuv,2001,0.0000
tuv,2002,0.0000
tuv,2003,0.0000
tuv,2004,0.0000
tuv,2005,0.0000
tuv,2006,0.0000
tuv,2007,0.0000
tuv,2008,0.0000
tuv,2009,0.0000
tuv,2010,0.0000
tuv,2011,0.0000
tuv,2012,0.0000
tuv,2013,0.0000
tuv,2014,0.0000
tuv,2015,0.0000
tuv,2016,0.0000
tuv,2017,0.0000
tuv,2018,0.0000
tuv,2019,0.0000
tuv,2020,0.0000
tuv,2021,0.0000
tuv,2022,0.0000
tuv,2023,0.0000
tuv,2024,0.0000
tza,1991,2713.0
tza,1992,2793.0
tza,1993,2876.0
tza,1994,2892.0
tza,1995,2903.0
tza,1996,2902.0
tza,1997,2853.0
tza,1998,2810.0
tza,1999,2672.0
tza,2000,2522.0
tza,2001,2381.0
tza,2002,2275.0
tza,2003,2136.0
tza,2004,2028.0
tza,2005,1923.0
tza,2006,1809.0
tza,2007,1737.0
tza,2008,1688.0
tza,2009,1687.0
tza,2010,1776.0
tza,2011,1801.0
tza,2012,1785.0
tza,2013,1646.0
tza,2014,1470.0
tza,2015,1313.0
tza,2016,1214.0
tza,2017,1128.0
tza,2018,1009.0
tza,2019,944.00
tza,2020,983.00
tza,2021,950.00
tza,2022,949.00
tza,2023,926.00
tza,2024,915.00
uga,1991,2079.0
uga,1992,2160.0
uga,1993,2254.0
uga,1994,2338.0
uga,1995,2426.0
uga,1996,2512.0
uga,1997,2582.0
uga,1998,2666.0
uga,1999,2763.0
uga,2000,2880.0
uga,2001,2984.0
uga,2002,3034.0
uga,2003,3062.0
uga,2004,3114.0
uga,2005,3106.0
uga,2006,3101.0
uga,2007,3068.0
uga,2008,3009.0
uga,2009,2941.0
uga,2010,2854.0
uga,2011,2765.0
uga,2012,2648.0
uga,2013,2510.0
uga,2014,2363.0
uga,2015,2208.0
uga,2016,2074.0
uga,2017,1960.0
uga,2018,1900.0
uga,2019,1803.0
uga,2020,1707.0
uga,2021,1642.0
uga,2022,1627.0
uga,2023,1566.0
uga,2024,1568.0
ukr,1991,1438.0
ukr,1992,1462.0
ukr,1993,1490.0
ukr,1994,1520.0
ukr,1995,1528.0
ukr,1996,1511.0
ukr,1997,1492.0
ukr,1998,1471.0
ukr,1999,1439.0
ukr,2000,1393.0
ukr,2001,1339.0
ukr,2002,1272.0
ukr,2003,1185.0
ukr,2004,1093.0
ukr,2005,1003.0
ukr,2006,918.00
ukr,2007,840.00
ukr,2008,761.00
ukr,2009,689.00
ukr,2010,623.00
ukr,2011,564.00
ukr,2012,513.00
ukr,2013,472.00
ukr,2014,444.00
ukr,2015,427.00
ukr,2016,415.00
ukr,2017,411.00
ukr,2018,412.00
ukr,2019,417.00
ukr,2020,424.00
ukr,2021,427.00
ukr,2022,424.00
ukr,2023,652.00
ukr,2024,413.00
unicef_eap,1991,70251
unicef_eap,1992,70453
unicef_eap,1993,69992
unicef_eap,1994,70626
unicef_eap,1995,70744
unicef_eap,1996,72089
unicef_eap,1997,71713
unicef_eap,1998,71642
unicef_eap,1999,71612
unicef_eap,2000,71201
unicef_eap,2001,70984
unicef_eap,2002,69856
unicef_eap,2003,67438
unicef_eap,2004,63278
unicef_eap,2005,69759
unicef_eap,2006,56906
unicef_eap,2007,53753
unicef_eap,2008,51478
unicef_eap,2009,51843
unicef_eap,2010,46619
unicef_eap,2011,44393
unicef_eap,2012,42813
unicef_eap,2013,40360
unicef_eap,2014,39314
unicef_eap,2015,37183
unicef_eap,2016,35798
unicef_eap,2017,34538
unicef_eap,2018,33630
unicef_eap,2019,32846
unicef_eap,2020,32169
unicef_eap,2021,31592
unicef_eap,2022,31175
unicef_eap,2023,30724
unicef_eap,2024,30166
unicef_eapro,1991,67038
unicef_eapro,1992,67428
unicef_eapro,1993,67049
unicef_eapro,1994,67797
unicef_eapro,1995,68065
unicef_eapro,1996,69411
unicef_eapro,1997,69401
unicef_eapro,1998,69515
unicef_eapro,1999,69672
unicef_eapro,2000,69399
unicef_eapro,2001,69309
unicef_eapro,2002,68271
unicef_eapro,2003,65900
unicef_eapro,2004,61831
unicef_eapro,2005,68342
unicef_eapro,2006,55545
unicef_eapro,2007,52445
unicef_eapro,2008,50206
unicef_eapro,2009,50637
unicef_eapro,2010,45435
unicef_eapro,2011,43266
unicef_eapro,2012,41216
unicef_eapro,2013,39317
unicef_eapro,2014,38293
unicef_eapro,2015,36213
unicef_eapro,2016,34875
unicef_eapro,2017,33661
unicef_eapro,2018,32766
unicef_eapro,2019,31979
unicef_eapro,2020,31315
unicef_eapro,2021,30724
unicef_eapro,2022,30309
unicef_eapro,2023,29846
unicef_eapro,2024,29290
unicef_eca,1991,20216
unicef_eca,1992,20422
unicef_eca,1993,21066
unicef_eca,1994,21104
unicef_eca,1995,20626
unicef_eca,1996,20536
unicef_eca,1997,20382
unicef_eca,1998,20234
unicef_eca,1999,20029
unicef_eca,2000,20726
unicef_eca,2001,19218
unicef_eca,2002,18450
unicef_eca,2003,17461
unicef_eca,2004,16384
unicef_eca,2005,15314
unicef_eca,2006,14350
unicef_eca,2007,13488
unicef_eca,2008,12728
unicef_eca,2009,12075
unicef_eca,2010,11500
unicef_eca,2011,10959
unicef_eca,2012,10440
unicef_eca,2013,9963.0
unicef_eca,2014,9561.0
unicef_eca,2015,9246.0
unicef_eca,2016,9006.0
unicef_eca,2017,8813.0
unicef_eca,2018,8687.0
unicef_eca,2019,8624.0
unicef_eca,2020,8628.0
unicef_eca,2021,8722.0
unicef_eca,2022,8845.0
unicef_eca,2023,9301.0
unicef_eca,2024,11862
unicef_ecaro,1991,8616.0
unicef_ecaro,1992,8855.0
unicef_ecaro,1993,9574.0
unicef_ecaro,1994,9668.0
unicef_ecaro,1995,9293.0
unicef_ecaro,1996,9438.0
unicef_ecaro,1997,9501.0
unicef_ecaro,1998,9515.0
unicef_ecaro,1999,9560.0
unicef_ecaro,2000,10562
unicef_ecaro,2001,9377.0
unicef_ecaro,2002,9045.0
unicef_ecaro,2003,8619.0
unicef_ecaro,2004,8181.0
unicef_ecaro,2005,7798.0
unicef_ecaro,2006,7482.0
unicef_ecaro,2007,7203.0
unicef_ecaro,2008,6931.0
unicef_ecaro,2009,6649.0
unicef_ecaro,2010,6361.0
unicef_ecaro,2011,6065.0
unicef_ecaro,2012,5740.0
unicef_ecaro,2013,5413.0
unicef_ecaro,2014,5129.0
unicef_ecaro,2015,4905.0
unicef_ecaro,2016,4741.0
unicef_ecaro,2017,4633.0
unicef_ecaro,2018,4579.0
unicef_ecaro,2019,4577.0
unicef_ecaro,2020,4636.0
unicef_ecaro,2021,4788.0
unicef_ecaro,2022,4959.0
unicef_ecaro,2023,5435.0
unicef_ecaro,2024,7969.0
unicef_eeca,1991,13675
unicef_eeca,1992,14060
unicef_eeca,1993,14859
unicef_eeca,1994,15109
unicef_eeca,1995,14845
unicef_eeca,1996,14995
unicef_eeca,1997,15077
unicef_eeca,1998,15159
unicef_eeca,1999,15185
unicef_eeca,2000,16078
unicef_eeca,2001,14753
unicef_eeca,2002,14154
unicef_eeca,2003,13325
unicef_eeca,2004,12424
unicef_eeca,2005,11549
unicef_eeca,2006,10796
unicef_eeca,2007,10131
unicef_eeca,2008,9545.0
unicef_eeca,2009,9037.0
unicef_eeca,2010,8588.0
unicef_eeca,2011,8158.0
unicef_eeca,2012,7744.0
unicef_eeca,2013,7374.0
unicef_eeca,2014,7067.0
unicef_eeca,2015,6825.0
unicef_eeca,2016,6640.0
unicef_eeca,2017,6489.0
unicef_eeca,2018,6389.0
unicef_eeca,2019,6338.0
unicef_eeca,2020,6348.0
unicef_eeca,2021,6442.0
unicef_eeca,2022,6553.0
unicef_eeca,2023,6985.0
unicef_eeca,2024,9529.0
unicef_esa,1991,65414
unicef_esa,1992,75307
unicef_esa,1993,86173
unicef_esa,1994,83224
unicef_esa,1995,97626
unicef_esa,1996,74349
unicef_esa,1997,75856
unicef_esa,1998,76654
unicef_esa,1999,85208
unicef_esa,2000,71512
unicef_esa,2001,70132
unicef_esa,2002,69577
unicef_esa,2003,68891
unicef_esa,2004,68254
unicef_esa,2005,68159
unicef_esa,2006,67385
unicef_esa,2007,65613
unicef_esa,2008,64033
unicef_esa,2009,62972
unicef_esa,2010,61274
unicef_esa,2011,61160
unicef_esa,2012,69335
unicef_esa,2013,58674
unicef_esa,2014,55735
unicef_esa,2015,58312
unicef_esa,2016,60019
unicef_esa,2017,60867
unicef_esa,2018,62838
unicef_esa,2019,55057
unicef_esa,2020,52016
unicef_esa,2021,51548
unicef_esa,2022,51112
unicef_esa,2023,53088
unicef_esa,2024,50599
unicef_esaro,1991,61251
unicef_esaro,1992,70931
unicef_esaro,1993,81934
unicef_esaro,1994,78899
unicef_esaro,1995,93684
unicef_esaro,1996,70177
unicef_esaro,1997,71754
unicef_esaro,1998,72641
unicef_esaro,1999,81073
unicef_esaro,2000,67601
unicef_esaro,2001,66296
unicef_esaro,2002,65706
unicef_esaro,2003,65285
unicef_esaro,2004,64071
unicef_esaro,2005,63410
unicef_esaro,2006,62646
unicef_esaro,2007,61649
unicef_esaro,2008,60560
unicef_esaro,2009,59368
unicef_esaro,2010,57982
unicef_esaro,2011,57793
unicef_esaro,2012,66040
unicef_esaro,2013,55332
unicef_esaro,2014,52328
unicef_esaro,2015,54919
unicef_esaro,2016,56698
unicef_esaro,2017,57435
unicef_esaro,2018,59394
unicef_esaro,2019,51574
unicef_esaro,2020,48619
unicef_esaro,2021,48172
unicef_esaro,2022,47666
unicef_esaro,2023,49740
unicef_esaro,2024,47196
unicef_lac,1991,25362
unicef_lac,1992,24938
unicef_lac,1993,24553
unicef_lac,1994,24208
unicef_lac,1995,23878
unicef_lac,1996,23537
unicef_lac,1997,23192
unicef_lac,1998,22845
unicef_lac,1999,23697
unicef_lac,2000,22166
unicef_lac,2001,21858
unicef_lac,2002,21653
unicef_lac,2003,21255
unicef_lac,2004,20993
unicef_lac,2005,20858
unicef_lac,2006,20638
unicef_lac,2007,20269
unicef_lac,2008,20065
unicef_lac,2009,19839
unicef_lac,2010,19593
unicef_lac,2011,23173
unicef_lac,2012,18880
unicef_lac,2013,18339
unicef_lac,2014,17860
unicef_lac,2015,17396
unicef_lac,2016,16956
unicef_lac,2017,16618
unicef_lac,2018,16394
unicef_lac,2019,16093
unicef_lac,2020,15950
unicef_lac,2021,15857
unicef_lac,2022,15903
unicef_lac,2023,15713
unicef_lac,2024,15450
unicef_lacro,1991,25353
unicef_lacro,1992,24930
unicef_lacro,1993,24545
unicef_lacro,1994,24199
unicef_lacro,1995,23869
unicef_lacro,1996,23530
unicef_lacro,1997,23180
unicef_lacro,1998,22835
unicef_lacro,1999,23686
unicef_lacro,2000,22155
unicef_lacro,2001,21847
unicef_lacro,2002,21642
unicef_lacro,2003,21244
unicef_lacro,2004,20980
unicef_lacro,2005,20847
unicef_lacro,2006,20625
unicef_lacro,2007,20257
unicef_lacro,2008,20053
unicef_lacro,2009,19827
unicef_lacro,2010,19582
unicef_lacro,2011,23161
unicef_lacro,2012,18870
unicef_lacro,2013,18331
unicef_lacro,2014,17852
unicef_lacro,2015,17387
unicef_lacro,2016,16948
unicef_lacro,2017,16610
unicef_lacro,2018,16384
unicef_lacro,2019,16083
unicef_lacro,2020,15931
unicef_lacro,2021,15850
unicef_lacro,2022,15893
unicef_lacro,2023,15705
unicef_lacro,2024,15442
unicef_mena,1991,25230
unicef_mena,1992,21835
unicef_mena,1993,21244
unicef_mena,1994,21072
unicef_mena,1995,20917
unicef_mena,1996,20643
unicef_mena,1997,20364
unicef_mena,1998,20007
unicef_mena,1999,19594
unicef_mena,2000,19193
unicef_mena,2001,18823
unicef_mena,2002,18425
unicef_mena,2003,18048
unicef_mena,2004,20446
unicef_mena,2005,17203
unicef_mena,2006,16780
unicef_mena,2007,16394
unicef_mena,2008,16091
unicef_mena,2009,15870
unicef_mena,2010,15662
unicef_mena,2011,15428
unicef_mena,2012,15475
unicef_mena,2013,16181
unicef_mena,2014,16120
unicef_mena,2015,15920
unicef_mena,2016,15939
unicef_mena,2017,15504
unicef_mena,2018,15493
unicef_mena,2019,15580
unicef_mena,2020,15289
unicef_mena,2021,15172
unicef_mena,2022,15165
unicef_mena,2023,15280
unicef_mena,2024,17889
unicef_menaro,1991,28483
unicef_menaro,1992,24883
unicef_menaro,1993,24135
unicef_menaro,1994,23975
unicef_menaro,1995,23764
unicef_menaro,1996,23480
unicef_menaro,1997,23202
unicef_menaro,1998,22841
unicef_menaro,1999,22381
unicef_menaro,2000,21874
unicef_menaro,2001,21443
unicef_menaro,2002,21059
unicef_menaro,2003,20647
unicef_menaro,2004,23408
unicef_menaro,2005,20247
unicef_menaro,2006,19798
unicef_menaro,2007,18965
unicef_menaro,2008,18394
unicef_menaro,2009,18289
unicef_menaro,2010,17887
unicef_menaro,2011,17589
unicef_menaro,2012,17655
unicef_menaro,2013,18316
unicef_menaro,2014,18230
unicef_menaro,2015,17982
unicef_menaro,2016,18108
unicef_menaro,2017,17630
unicef_menaro,2018,17603
unicef_menaro,2019,17736
unicef_menaro,2020,17372
unicef_menaro,2021,17236
unicef_menaro,2022,17321
unicef_menaro,2023,17483
unicef_menaro,2024,20261
unicef_na,1991,4754.0
unicef_na,1992,4819.0
unicef_na,1993,4868.0
unicef_na,1994,4906.0
unicef_na,1995,4899.0
unicef_na,1996,4855.0
unicef_na,1997,4776.0
unicef_na,1998,4670.0
unicef_na,1999,4560.0
unicef_na,2000,4455.0
unicef_na,2001,4371.0
unicef_na,2002,4299.0
unicef_na,2003,4224.0
unicef_na,2004,4133.0
unicef_na,2005,4001.0
unicef_na,2006,3833.0
unicef_na,2007,3649.0
unicef_na,2008,3475.0
unicef_na,2009,3324.0
unicef_na,2010,3196.0
unicef_na,2011,3117.0
unicef_na,2012,3072.0
unicef_na,2013,3060.0
unicef_na,2014,3085.0
unicef_na,2015,3127.0
unicef_na,2016,3185.0
unicef_na,2017,3259.0
unicef_na,2018,3360.0
unicef_na,2019,3470.0
unicef_na,2020,3568.0
unicef_na,2021,3652.0
unicef_na,2022,3709.0
unicef_na,2023,3731.0
unicef_na,2024,3705.0
unicef_rosa,1991,158540
unicef_rosa,1992,172530
unicef_rosa,1993,162140
unicef_rosa,1994,163700
unicef_rosa,1995,165050
unicef_rosa,1996,165460
unicef_rosa,1997,164660
unicef_rosa,1998,162790
unicef_rosa,1999,160790
unicef_rosa,2000,156650
unicef_rosa,2001,152850
unicef_rosa,2002,150080
unicef_rosa,2003,147400
unicef_rosa,2004,144850
unicef_rosa,2005,145130
unicef_rosa,2006,147750
unicef_rosa,2007,138720
unicef_rosa,2008,136140
unicef_rosa,2009,132820
unicef_rosa,2010,129560
unicef_rosa,2011,124850
unicef_rosa,2012,120490
unicef_rosa,2013,115950
unicef_rosa,2014,111350
unicef_rosa,2015,106750
unicef_rosa,2016,102430
unicef_rosa,2017,95891
unicef_rosa,2018,89908
unicef_rosa,2019,84439
unicef_rosa,2020,79128
unicef_rosa,2021,74384
unicef_rosa,2022,70371
unicef_rosa,2023,66086
unicef_rosa,2024,62291
unicef_sa,1991,158540
unicef_sa,1992,172530
unicef_sa,1993,162140
unicef_sa,1994,163700
unicef_sa,1995,165050
unicef_sa,1996,165460
unicef_sa,1997,164660
unicef_sa,1998,162790
unicef_sa,1999,160790
unicef_sa,2000,156650
unicef_sa,2001,152850
unicef_sa,2002,150080
unicef_sa,2003,147400
unicef_sa,2004,144850
unicef_sa,2005,145130
unicef_sa,2006,147750
unicef_sa,2007,138720
unicef_sa,2008,136140
unicef_sa,2009,132820
unicef_sa,2010,129560
unicef_sa,2011,124850
unicef_sa,2012,120490
unicef_sa,2013,115950
unicef_sa,2014,111350
unicef_sa,2015,106750
unicef_sa,2016,102430
unicef_sa,2017,95891
unicef_sa,2018,89908
unicef_sa,2019,84439
unicef_sa,2020,79128
unicef_sa,2021,74384
unicef_sa,2022,70371
unicef_sa,2023,66086
unicef_sa,2024,62291
unicef_ssa,1991,132190
unicef_ssa,1992,142760
unicef_ssa,1993,154770
unicef_ssa,1994,152930
unicef_ssa,1995,169040
unicef_ssa,1996,145570
unicef_ssa,1997,148050
unicef_ssa,1998,149630
unicef_ssa,1999,159480
unicef_ssa,2000,146480
unicef_ssa,2001,145810
unicef_ssa,2002,146140
unicef_ssa,2003,146360
unicef_ssa,2004,146390
unicef_ssa,2005,147060
unicef_ssa,2006,147060
unicef_ssa,2007,146020
unicef_ssa,2008,145190
unicef_ssa,2009,144880
unicef_ssa,2010,150620
unicef_ssa,2011,144600
unicef_ssa,2012,153240
unicef_ssa,2013,142710
unicef_ssa,2014,140520
unicef_ssa,2015,145100
unicef_ssa,2016,146100
unicef_ssa,2017,147410
unicef_ssa,2018,150570
unicef_ssa,2019,142250
unicef_ssa,2020,143530
unicef_ssa,2021,140340
unicef_ssa,2022,142240
unicef_ssa,2023,149950
unicef_ssa,2024,140730
unicef_wca,1991,54697
unicef_wca,1992,55992
unicef_wca,1993,57183
unicef_wca,1994,58481
unicef_wca,1995,59742
unicef_wca,1996,60845
unicef_wca,1997,62044
unicef_wca,1998,63377
unicef_wca,1999,64595
unicef_wca,2000,65721
unicef_wca,2001,66930
unicef_wca,2002,68008
unicef_wca,2003,69144
unicef_wca,2004,70442
unicef_wca,2005,71122
unicef_wca,2006,72056
unicef_wca,2007,72848
unicef_wca,2008,73652
unicef_wca,2009,74170
unicef_wca,2010,81245
unicef_wca,2011,75053
unicef_wca,2012,75022
unicef_wca,2013,75184
unicef_wca,2014,75665
unicef_wca,2015,77037
unicef_wca,2016,76017
unicef_wca,2017,75760
unicef_wca,2018,76280
unicef_wca,2019,75605
unicef_wca,2020,78715
unicef_wca,2021,75903
unicef_wca,2022,77234
unicef_wca,2023,82437
unicef_wca,2024,75427
unicef_wcaro,1991,54697
unicef_wcaro,1992,55992
unicef_wcaro,1993,57183
unicef_wcaro,1994,58481
unicef_wcaro,1995,59742
unicef_wcaro,1996,60845
unicef_wcaro,1997,62044
unicef_wcaro,1998,63377
unicef_wcaro,1999,64595
unicef_wcaro,2000,65721
unicef_wcaro,2001,66930
unicef_wcaro,2002,68008
unicef_wcaro,2003,69144
unicef_wcaro,2004,70442
unicef_wcaro,2005,71122
unicef_wcaro,2006,72056
unicef_wcaro,2007,72848
unicef_wcaro,2008,73652
unicef_wcaro,2009,74170
unicef_wcaro,2010,81245
unicef_wcaro,2011,75053
unicef_wcaro,2012,75022
unicef_wcaro,2013,75184
unicef_wcaro,2014,75665
unicef_wcaro,2015,77037
unicef_wcaro,2016,76017
unicef_wcaro,2017,75760
unicef_wcaro,2018,76280
unicef_wcaro,2019,75605
unicef_wcaro,2020,78715
unicef_wcaro,2021,75903
unicef_wcaro,2022,77234
unicef_wcaro,2023,82437
unicef_wcaro,2024,75427
unicef_we,1991,6448.0
unicef_we,1992,6294.0
unicef_we,1993,6116.0
unicef_we,1994,5917.0
unicef_we,1995,5692.0
unicef_we,1996,5462.0
unicef_we,1997,5230.0
unicef_we,1998,4997.0
unicef_we,1999,4766.0
unicef_we,2000,4563.0
unicef_we,2001,4396.0
unicef_we,2002,4237.0
unicef_we,2003,4075.0
unicef_we,2004,3899.0
unicef_we,2005,3700.0
unicef_we,2006,3496.0
unicef_we,2007,3301.0
unicef_we,2008,3131.0
unicef_we,2009,2990.0
unicef_we,2010,2865.0
unicef_we,2011,2756.0
unicef_we,2012,2654.0
unicef_we,2013,2550.0
unicef_we,2014,2457.0
unicef_we,2015,2383.0
unicef_we,2016,2328.0
unicef_we,2017,2287.0
unicef_we,2018,2263.0
unicef_we,2019,2248.0
unicef_we,2020,2238.0
unicef_we,2021,2237.0
unicef_we,2022,2241.0
unicef_we,2023,2254.0
unicef_we,2024,2251.0
unsdg_australianewzealand,1991,300.00
unsdg_australianewzealand,1992,292.00
unsdg_australianewzealand,1993,285.00
unsdg_australianewzealand,1994,279.00
unsdg_australianewzealand,1995,274.00
unsdg_australianewzealand,1996,268.00
unsdg_australianewzealand,1997,261.00
unsdg_australianewzealand,1998,255.00
unsdg_australianewzealand,1999,248.00
unsdg_australianewzealand,2000,241.00
unsdg_australianewzealand,2001,235.00
unsdg_australianewzealand,2002,229.00
unsdg_australianewzealand,2003,223.00
unsdg_australianewzealand,2004,217.00
unsdg_australianewzealand,2005,210.00
unsdg_australianewzealand,2006,203.00
unsdg_australianewzealand,2007,197.00
unsdg_australianewzealand,2008,191.00
unsdg_australianewzealand,2009,186.00
unsdg_australianewzealand,2010,182.00
unsdg_australianewzealand,2011,178.00
unsdg_australianewzealand,2012,174.00
unsdg_australianewzealand,2013,171.00
unsdg_australianewzealand,2014,168.00
unsdg_australianewzealand,2015,166.00
unsdg_australianewzealand,2016,164.00
unsdg_australianewzealand,2017,164.00
unsdg_australianewzealand,2018,165.00
unsdg_australianewzealand,2019,168.00
unsdg_australianewzealand,2020,171.00
unsdg_australianewzealand,2021,174.00
unsdg_australianewzealand,2022,175.00
unsdg_australianewzealand,2023,173.00
unsdg_australianewzealand,2024,170.00
unsdg_centralasia,1991,3014.0
unsdg_centralasia,1992,3138.0
unsdg_centralasia,1993,3298.0
unsdg_centralasia,1994,3362.0
unsdg_centralasia,1995,3455.0
unsdg_centralasia,1996,3521.0
unsdg_centralasia,1997,3627.0
unsdg_centralasia,1998,3540.0
unsdg_centralasia,1999,3465.0
unsdg_centralasia,2000,3345.0
unsdg_centralasia,2001,3210.0
unsdg_centralasia,2002,3070.0
unsdg_centralasia,2003,2929.0
unsdg_centralasia,2004,2803.0
unsdg_centralasia,2005,2694.0
unsdg_centralasia,2006,2596.0
unsdg_centralasia,2007,2498.0
unsdg_centralasia,2008,2392.0
unsdg_centralasia,2009,2292.0
unsdg_centralasia,2010,2197.0
unsdg_centralasia,2011,2107.0
unsdg_centralasia,2012,2027.0
unsdg_centralasia,2013,1968.0
unsdg_centralasia,2014,1931.0
unsdg_centralasia,2015,1907.0
unsdg_centralasia,2016,1896.0
unsdg_centralasia,2017,1892.0
unsdg_centralasia,2018,1904.0
unsdg_centralasia,2019,1935.0
unsdg_centralasia,2020,1991.0
unsdg_centralasia,2021,2093.0
unsdg_centralasia,2022,2242.0
unsdg_centralasia,2023,2424.0
unsdg_centralasia,2024,2630.0
unsdg_centralasiasouthernasia,1991,170120
unsdg_centralasiasouthernasia,1992,180730
unsdg_centralasiasouthernasia,1993,170390
unsdg_centralasiasouthernasia,1994,171890
unsdg_centralasiasouthernasia,1995,173290
unsdg_centralasiasouthernasia,1996,173970
unsdg_centralasiasouthernasia,1997,173270
unsdg_centralasiasouthernasia,1998,171070
unsdg_centralasiasouthernasia,1999,169120
unsdg_centralasiasouthernasia,2000,164600
unsdg_centralasiasouthernasia,2001,160840
unsdg_centralasiasouthernasia,2002,157810
unsdg_centralasiasouthernasia,2003,154700
unsdg_centralasiasouthernasia,2004,154770
unsdg_centralasiasouthernasia,2005,151860
unsdg_centralasiasouthernasia,2006,154320
unsdg_centralasiasouthernasia,2007,145110
unsdg_centralasiasouthernasia,2008,142250
unsdg_centralasiasouthernasia,2009,138750
unsdg_centralasiasouthernasia,2010,135250
unsdg_centralasiasouthernasia,2011,130400
unsdg_centralasiasouthernasia,2012,125740
unsdg_centralasiasouthernasia,2013,120930
unsdg_centralasiasouthernasia,2014,116070
unsdg_centralasiasouthernasia,2015,111270
unsdg_centralasiasouthernasia,2016,106870
unsdg_centralasiasouthernasia,2017,100230
unsdg_centralasiasouthernasia,2018,94231
unsdg_centralasiasouthernasia,2019,88820
unsdg_centralasiasouthernasia,2020,83578
unsdg_centralasiasouthernasia,2021,78877
unsdg_centralasiasouthernasia,2022,75002
unsdg_centralasiasouthernasia,2023,70860
unsdg_centralasiasouthernasia,2024,67462
unsdg_easternasia,1991,28416
unsdg_easternasia,1992,28629
unsdg_easternasia,1993,29239
unsdg_easternasia,1994,30281
unsdg_easternasia,1995,30505
unsdg_easternasia,1996,32261
unsdg_easternasia,1997,33020
unsdg_easternasia,1998,33792
unsdg_easternasia,1999,34270
unsdg_easternasia,2000,35014
unsdg_easternasia,2001,35739
unsdg_easternasia,2002,35523
unsdg_easternasia,2003,33942
unsdg_easternasia,2004,30870
unsdg_easternasia,2005,28989
unsdg_easternasia,2006,26674
unsdg_easternasia,2007,24623
unsdg_easternasia,2008,23161
unsdg_easternasia,2009,21538
unsdg_easternasia,2010,19909
unsdg_easternasia,2011,18289
unsdg_easternasia,2012,17331
unsdg_easternasia,2013,15517
unsdg_easternasia,2014,14374
unsdg_easternasia,2015,13378
unsdg_easternasia,2016,12432
unsdg_easternasia,2017,11622
unsdg_easternasia,2018,10926
unsdg_easternasia,2019,10427
unsdg_easternasia,2020,10034
unsdg_easternasia,2021,9705.0
unsdg_easternasia,2022,9320.0
unsdg_easternasia,2023,9023.0
unsdg_easternasia,2024,8716.0
unsdg_easternasiasoutheasternasia,1991,69284
unsdg_easternasiasoutheasternasia,1992,69415
unsdg_easternasiasoutheasternasia,1993,68965
unsdg_easternasiasoutheasternasia,1994,69592
unsdg_easternasiasoutheasternasia,1995,69674
unsdg_easternasiasoutheasternasia,1996,70993
unsdg_easternasiasoutheasternasia,1997,70681
unsdg_easternasiasoutheasternasia,1998,70579
unsdg_easternasiasoutheasternasia,1999,70397
unsdg_easternasiasoutheasternasia,2000,70124
unsdg_easternasiasoutheasternasia,2001,69945
unsdg_easternasiasoutheasternasia,2002,68741
unsdg_easternasiasoutheasternasia,2003,66328
unsdg_easternasiasoutheasternasia,2004,62245
unsdg_easternasiasoutheasternasia,2005,68641
unsdg_easternasiasoutheasternasia,2006,55826
unsdg_easternasiasoutheasternasia,2007,52691
unsdg_easternasiasoutheasternasia,2008,50379
unsdg_easternasiasoutheasternasia,2009,50754
unsdg_easternasiasoutheasternasia,2010,45516
unsdg_easternasiasoutheasternasia,2011,43344
unsdg_easternasiasoutheasternasia,2012,41750
unsdg_easternasiasoutheasternasia,2013,39295
unsdg_easternasiasoutheasternasia,2014,38197
unsdg_easternasiasoutheasternasia,2015,36136
unsdg_easternasiasoutheasternasia,2016,34690
unsdg_easternasiasoutheasternasia,2017,33500
unsdg_easternasiasoutheasternasia,2018,32512
unsdg_easternasiasoutheasternasia,2019,31737
unsdg_easternasiasoutheasternasia,2020,31105
unsdg_easternasiasoutheasternasia,2021,30532
unsdg_easternasiasoutheasternasia,2022,30061
unsdg_easternasiasoutheasternasia,2023,29642
unsdg_easternasiasoutheasternasia,2024,29081
unsdg_europe,1991,15313
unsdg_europe,1992,15263
unsdg_europe,1993,15556
unsdg_europe,1994,15446
unsdg_europe,1995,14786
unsdg_europe,1996,14542
unsdg_europe,1997,14166
unsdg_europe,1998,14015
unsdg_europe,1999,13811
unsdg_europe,2000,13545
unsdg_europe,2001,13153
unsdg_europe,2002,12484
unsdg_europe,2003,11620
unsdg_europe,2004,10650
unsdg_europe,2005,9671.0
unsdg_europe,2006,8811.0
unsdg_europe,2007,8059.0
unsdg_europe,2008,7448.0
unsdg_europe,2009,6972.0
unsdg_europe,2010,6580.0
unsdg_europe,2011,6254.0
unsdg_europe,2012,5979.0
unsdg_europe,2013,5753.0
unsdg_europe,2014,5575.0
unsdg_europe,2015,5436.0
unsdg_europe,2016,5324.0
unsdg_europe,2017,5216.0
unsdg_europe,2018,5131.0
unsdg_europe,2019,5059.0
unsdg_europe,2020,4992.0
unsdg_europe,2021,4921.0
unsdg_europe,2022,4839.0
unsdg_europe,2023,5040.0
unsdg_europe,2024,4706.0
unsdg_europenorthernamr,1991,20179
unsdg_europenorthernamr,1992,20202
unsdg_europenorthernamr,1993,20554
unsdg_europenorthernamr,1994,20480
unsdg_europenorthernamr,1995,19815
unsdg_europenorthernamr,1996,19519
unsdg_europenorthernamr,1997,19063
unsdg_europenorthernamr,1998,18811
unsdg_europenorthernamr,1999,18493
unsdg_europenorthernamr,2000,18123
unsdg_europenorthernamr,2001,17637
unsdg_europenorthernamr,2002,16895
unsdg_europenorthernamr,2003,15948
unsdg_europenorthernamr,2004,14877
unsdg_europenorthernamr,2005,13763
unsdg_europenorthernamr,2006,12726
unsdg_europenorthernamr,2007,11788
unsdg_europenorthernamr,2008,10993
unsdg_europenorthernamr,2009,10363
unsdg_europenorthernamr,2010,9843.0
unsdg_europenorthernamr,2011,9434.0
unsdg_europenorthernamr,2012,9113.0
unsdg_europenorthernamr,2013,8870.0
unsdg_europenorthernamr,2014,8717.0
unsdg_europenorthernamr,2015,8623.0
unsdg_europenorthernamr,2016,8565.0
unsdg_europenorthernamr,2017,8535.0
unsdg_europenorthernamr,2018,8550.0
unsdg_europenorthernamr,2019,8589.0
unsdg_europenorthernamr,2020,8625.0
unsdg_europenorthernamr,2021,8645.0
unsdg_europenorthernamr,2022,8633.0
unsdg_europenorthernamr,2023,8886.0
unsdg_europenorthernamr,2024,8556.0
unsdg_lac,1991,25362
unsdg_lac,1992,24938
unsdg_lac,1993,24553
unsdg_lac,1994,24208
unsdg_lac,1995,23878
unsdg_lac,1996,23537
unsdg_lac,1997,23192
unsdg_lac,1998,22845
unsdg_lac,1999,23697
unsdg_lac,2000,22166
unsdg_lac,2001,21858
unsdg_lac,2002,21653
unsdg_lac,2003,21255
unsdg_lac,2004,20993
unsdg_lac,2005,20858
unsdg_lac,2006,20638
unsdg_lac,2007,20269
unsdg_lac,2008,20065
unsdg_lac,2009,19839
unsdg_lac,2010,19593
unsdg_lac,2011,23173
unsdg_lac,2012,18880
unsdg_lac,2013,18339
unsdg_lac,2014,17860
unsdg_lac,2015,17396
unsdg_lac,2016,16956
unsdg_lac,2017,16618
unsdg_lac,2018,16394
unsdg_lac,2019,16093
unsdg_lac,2020,15950
unsdg_lac,2021,15857
unsdg_lac,2022,15903
unsdg_lac,2023,15713
unsdg_lac,2024,15450
unsdg_ldc,1991,129430
unsdg_ldc,1992,150920
unsdg_ldc,1993,149130
unsdg_ldc,1994,146140
unsdg_ldc,1995,161890
unsdg_ldc,1996,137130
unsdg_ldc,1997,138190
unsdg_ldc,1998,137510
unsdg_ldc,1999,145230
unsdg_ldc,2000,127970
unsdg_ldc,2001,124460
unsdg_ldc,2002,122940
unsdg_ldc,2003,122100
unsdg_ldc,2004,121970
unsdg_ldc,2005,123190
unsdg_ldc,2006,123410
unsdg_ldc,2007,122210
unsdg_ldc,2008,121260
unsdg_ldc,2009,126500
unsdg_ldc,2010,125420
unsdg_ldc,2011,126210
unsdg_ldc,2012,126670
unsdg_ldc,2013,115360
unsdg_ldc,2014,112570
unsdg_ldc,2015,116230
unsdg_ldc,2016,117730
unsdg_ldc,2017,117860
unsdg_ldc,2018,120410
unsdg_ldc,2019,112690
unsdg_ldc,2020,113040
unsdg_ldc,2021,110500
unsdg_ldc,2022,112470
unsdg_ldc,2023,118320
unsdg_ldc,2024,110060
unsdg_lldc,1991,56106
unsdg_lldc,1992,58630
unsdg_lldc,1993,67969
unsdg_lldc,1994,74058
unsdg_lldc,1995,88249
unsdg_lldc,1996,64317
unsdg_lldc,1997,65795
unsdg_lldc,1998,66347
unsdg_lldc,1999,75576
unsdg_lldc,2000,61386
unsdg_lldc,2001,59919
unsdg_lldc,2002,59333
unsdg_lldc,2003,58891
unsdg_lldc,2004,57719
unsdg_lldc,2005,57279
unsdg_lldc,2006,56737
unsdg_lldc,2007,56231
unsdg_lldc,2008,55423
unsdg_lldc,2009,54534
unsdg_lldc,2010,59300
unsdg_lldc,2011,53163
unsdg_lldc,2012,52145
unsdg_lldc,2013,51165
unsdg_lldc,2014,50731
unsdg_lldc,2015,54690
unsdg_lldc,2016,56302
unsdg_lldc,2017,56526
unsdg_lldc,2018,57000
unsdg_lldc,2019,49747
unsdg_lldc,2020,50029
unsdg_lldc,2021,47862
unsdg_lldc,2022,49141
unsdg_lldc,2023,51936
unsdg_lldc,2024,47627
unsdg_northafr,1991,13362
unsdg_northafr,1992,13055
unsdg_northafr,1993,12768
unsdg_northafr,1994,12532
unsdg_northafr,1995,12236
unsdg_northafr,1996,11918
unsdg_northafr,1997,11589
unsdg_northafr,1998,11213
unsdg_northafr,1999,10837
unsdg_northafr,2000,10470
unsdg_northafr,2001,10115
unsdg_northafr,2002,9776.0
unsdg_northafr,2003,9374.0
unsdg_northafr,2004,9476.0
unsdg_northafr,2005,9203.0
unsdg_northafr,2006,8887.0
unsdg_northafr,2007,8222.0
unsdg_northafr,2008,7882.0
unsdg_northafr,2009,7769.0
unsdg_northafr,2010,7497.0
unsdg_northafr,2011,7331.0
unsdg_northafr,2012,7266.0
unsdg_northafr,2013,7056.0
unsdg_northafr,2014,6884.0
unsdg_northafr,2015,6735.0
unsdg_northafr,2016,6624.0
unsdg_northafr,2017,6535.0
unsdg_northafr,2018,6489.0
unsdg_northafr,2019,6477.0
unsdg_northafr,2020,6506.0
unsdg_northafr,2021,6564.0
unsdg_northafr,2022,6610.0
unsdg_northafr,2023,6702.0
unsdg_northafr,2024,7382.0
unsdg_northernamr,1991,4754.0
unsdg_northernamr,1992,4819.0
unsdg_northernamr,1993,4868.0
unsdg_northernamr,1994,4906.0
unsdg_northernamr,1995,4899.0
unsdg_northernamr,1996,4855.0
unsdg_northernamr,1997,4776.0
unsdg_northernamr,1998,4670.0
unsdg_northernamr,1999,4560.0
unsdg_northernamr,2000,4455.0
unsdg_northernamr,2001,4371.0
unsdg_northernamr,2002,4299.0
unsdg_northernamr,2003,4224.0
unsdg_northernamr,2004,4133.0
unsdg_northernamr,2005,4001.0
unsdg_northernamr,2006,3833.0
unsdg_northernamr,2007,3649.0
unsdg_northernamr,2008,3475.0
unsdg_northernamr,2009,3324.0
unsdg_northernamr,2010,3196.0
unsdg_northernamr,2011,3117.0
unsdg_northernamr,2012,3072.0
unsdg_northernamr,2013,3060.0
unsdg_northernamr,2014,3085.0
unsdg_northernamr,2015,3127.0
unsdg_northernamr,2016,3185.0
unsdg_northernamr,2017,3259.0
unsdg_northernamr,2018,3360.0
unsdg_northernamr,2019,3470.0
unsdg_northernamr,2020,3568.0
unsdg_northernamr,2021,3652.0
unsdg_northernamr,2022,3709.0
unsdg_northernamr,2023,3731.0
unsdg_northernamr,2024,3705.0
unsdg_oceania,1991,899.00
unsdg_oceania,1992,900.00
unsdg_oceania,1993,902.00
unsdg_oceania,1994,907.00
unsdg_oceania,1995,912.00
unsdg_oceania,1996,917.00
unsdg_oceania,1997,919.00
unsdg_oceania,1998,922.00
unsdg_oceania,1999,1075.0
unsdg_oceania,2000,924.00
unsdg_oceania,2001,923.00
unsdg_oceania,2002,922.00
unsdg_oceania,2003,926.00
unsdg_oceania,2004,920.00
unsdg_oceania,2005,917.00
unsdg_oceania,2006,913.00
unsdg_oceania,2007,910.00
unsdg_oceania,2008,911.00
unsdg_oceania,2009,906.00
unsdg_oceania,2010,916.00
unsdg_oceania,2011,904.00
unsdg_oceania,2012,903.00
unsdg_oceania,2013,903.00
unsdg_oceania,2014,902.00
unsdg_oceania,2015,901.00
unsdg_oceania,2016,902.00
unsdg_oceania,2017,907.00
unsdg_oceania,2018,906.00
unsdg_oceania,2019,908.00
unsdg_oceania,2020,911.00
unsdg_oceania,2021,917.00
unsdg_oceania,2022,912.00
unsdg_oceania,2023,908.00
unsdg_oceania,2024,902.00
unsdg_oceaniaexausnzl,1991,583.00
unsdg_oceaniaexausnzl,1992,592.00
unsdg_oceaniaexausnzl,1993,602.00
unsdg_oceaniaexausnzl,1994,613.00
unsdg_oceaniaexausnzl,1995,623.00
unsdg_oceaniaexausnzl,1996,633.00
unsdg_oceaniaexausnzl,1997,644.00
unsdg_oceaniaexausnzl,1998,652.00
unsdg_oceaniaexausnzl,1999,813.00
unsdg_oceaniaexausnzl,2000,669.00
unsdg_oceaniaexausnzl,2001,675.00
unsdg_oceaniaexausnzl,2002,680.00
unsdg_oceaniaexausnzl,2003,689.00
unsdg_oceaniaexausnzl,2004,689.00
unsdg_oceaniaexausnzl,2005,693.00
unsdg_oceaniaexausnzl,2006,697.00
unsdg_oceaniaexausnzl,2007,700.00
unsdg_oceaniaexausnzl,2008,709.00
unsdg_oceaniaexausnzl,2009,708.00
unsdg_oceaniaexausnzl,2010,723.00
unsdg_oceaniaexausnzl,2011,715.00
unsdg_oceaniaexausnzl,2012,718.00
unsdg_oceaniaexausnzl,2013,721.00
unsdg_oceaniaexausnzl,2014,724.00
unsdg_oceaniaexausnzl,2015,726.00
unsdg_oceaniaexausnzl,2016,727.00
unsdg_oceaniaexausnzl,2017,732.00
unsdg_oceaniaexausnzl,2018,729.00
unsdg_oceaniaexausnzl,2019,728.00
unsdg_oceaniaexausnzl,2020,727.00
unsdg_oceaniaexausnzl,2021,728.00
unsdg_oceaniaexausnzl,2022,722.00
unsdg_oceaniaexausnzl,2023,717.00
unsdg_oceaniaexausnzl,2024,710.00
unsdg_sids,1991,3261.0
unsdg_sids,1992,3264.0
unsdg_sids,1993,3260.0
unsdg_sids,1994,3277.0
unsdg_sids,1995,3303.0
unsdg_sids,1996,3370.0
unsdg_sids,1997,3372.0
unsdg_sids,1998,3411.0
unsdg_sids,1999,3606.0
unsdg_sids,2000,3430.0
unsdg_sids,2001,3146.0
unsdg_sids,2002,3123.0
unsdg_sids,2003,3105.0
unsdg_sids,2004,3053.0
unsdg_sids,2005,3125.0
unsdg_sids,2006,2952.0
unsdg_sids,2007,2895.0
unsdg_sids,2008,2846.0
unsdg_sids,2009,2781.0
unsdg_sids,2010,2739.0
unsdg_sids,2011,6536.0
unsdg_sids,2012,2676.0
unsdg_sids,2013,2545.0
unsdg_sids,2014,2475.0
unsdg_sids,2015,2407.0
unsdg_sids,2016,2342.0
unsdg_sids,2017,2282.0
unsdg_sids,2018,2229.0
unsdg_sids,2019,2187.0
unsdg_sids,2020,2182.0
unsdg_sids,2021,2144.0
unsdg_sids,2022,2157.0
unsdg_sids,2023,2090.0
unsdg_sids,2024,2062.0
unsdg_southasia,1991,167050
unsdg_southasia,1992,177500
unsdg_southasia,1993,167000
unsdg_southasia,1994,168450
unsdg_southasia,1995,169760
unsdg_southasia,1996,170370
unsdg_southasia,1997,169580
unsdg_southasia,1998,167450
unsdg_southasia,1999,165570
unsdg_southasia,2000,161160
unsdg_southasia,2001,157520
unsdg_southasia,2002,154660
unsdg_southasia,2003,151690
unsdg_southasia,2004,151920
unsdg_southasia,2005,149060
unsdg_southasia,2006,151630
unsdg_southasia,2007,142540
unsdg_southasia,2008,139800
unsdg_southasia,2009,136410
unsdg_southasia,2010,133040
unsdg_southasia,2011,128230
unsdg_southasia,2012,123650
unsdg_southasia,2013,118910
unsdg_southasia,2014,114090
unsdg_southasia,2015,109300
unsdg_southasia,2016,104920
unsdg_southasia,2017,98270
unsdg_southasia,2018,92270
unsdg_southasia,2019,86815
unsdg_southasia,2020,81513
unsdg_southasia,2021,76717
unsdg_southasia,2022,72675
unsdg_southasia,2023,68387
unsdg_southasia,2024,64722
unsdg_southeasternasia,1991,31689
unsdg_southeasternasia,1992,31979
unsdg_southeasternasia,1993,31095
unsdg_southeasternasia,1994,30884
unsdg_southeasternasia,1995,30749
unsdg_southeasternasia,1996,30566
unsdg_southeasternasia,1997,30156
unsdg_southeasternasia,1998,29709
unsdg_southeasternasia,1999,29282
unsdg_southeasternasia,2000,28753
unsdg_southeasternasia,2001,27938
unsdg_southeasternasia,2002,27522
unsdg_southeasternasia,2003,27080
unsdg_southeasternasia,2004,26552
unsdg_southeasternasia,2005,34741
unsdg_southeasternasia,2006,25484
unsdg_southeasternasia,2007,24799
unsdg_southeasternasia,2008,24198
unsdg_southeasternasia,2009,25843
unsdg_southeasternasia,2010,22690
unsdg_southeasternasia,2011,21954
unsdg_southeasternasia,2012,21182
unsdg_southeasternasia,2013,20419
unsdg_southeasternasia,2014,20450
unsdg_southeasternasia,2015,19177
unsdg_southeasternasia,2016,18617
unsdg_southeasternasia,2017,18025
unsdg_southeasternasia,2018,17474
unsdg_southeasternasia,2019,16969
unsdg_southeasternasia,2020,16556
unsdg_southeasternasia,2021,16190
unsdg_southeasternasia,2022,15940
unsdg_southeasternasia,2023,15837
unsdg_southeasternasia,2024,15705
unsdg_subsaharanafrica,1991,128330
unsdg_subsaharanafrica,1992,138810
unsdg_subsaharanafrica,1993,150760
unsdg_subsaharanafrica,1994,149000
unsdg_subsaharanafrica,1995,165220
unsdg_subsaharanafrica,1996,141610
unsdg_subsaharanafrica,1997,143940
unsdg_subsaharanafrica,1998,145770
unsdg_subsaharanafrica,1999,155510
unsdg_subsaharanafrica,2000,142720
unsdg_subsaharanafrica,2001,142180
unsdg_subsaharanafrica,2002,142580
unsdg_subsaharanafrica,2003,142850
unsdg_subsaharanafrica,2004,142170
unsdg_subsaharanafrica,2005,141880
unsdg_subsaharanafrica,2006,141840
unsdg_subsaharanafrica,2007,141840
unsdg_subsaharanafrica,2008,141580
unsdg_subsaharanafrica,2009,140960
unsdg_subsaharanafrica,2010,147330
unsdg_subsaharanafrica,2011,141150
unsdg_subsaharanafrica,2012,149810
unsdg_subsaharanafrica,2013,139550
unsdg_subsaharanafrica,2014,137260
unsdg_subsaharanafrica,2015,141860
unsdg_subsaharanafrica,2016,142840
unsdg_subsaharanafrica,2017,144020
unsdg_subsaharanafrica,2018,147170
unsdg_subsaharanafrica,2019,138940
unsdg_subsaharanafrica,2020,139590
unsdg_subsaharanafrica,2021,136780
unsdg_subsaharanafrica,2022,138440
unsdg_subsaharanafrica,2023,146600
unsdg_subsaharanafrica,2024,137410
unsdg_westernasia,1991,8957.0
unsdg_westernasia,1992,8882.0
unsdg_westernasia,1993,8707.0
unsdg_westernasia,1994,8816.0
unsdg_westernasia,1995,8958.0
unsdg_westernasia,1996,9057.0
unsdg_westernasia,1997,9125.0
unsdg_westernasia,1998,9153.0
unsdg_westernasia,1999,9183.0
unsdg_westernasia,2000,10326
unsdg_westernasia,2001,9176.0
unsdg_westernasia,2002,9163.0
unsdg_westernasia,2003,9115.0
unsdg_westernasia,2004,9049.0
unsdg_westernasia,2005,9010.0
unsdg_westernasia,2006,8944.0
unsdg_westernasia,2007,8812.0
unsdg_westernasia,2008,8622.0
unsdg_westernasia,2009,8477.0
unsdg_westernasia,2010,8298.0
unsdg_westernasia,2011,8099.0
unsdg_westernasia,2012,8135.0
unsdg_westernasia,2013,8897.0
unsdg_westernasia,2014,8877.0
unsdg_westernasia,2015,8703.0
unsdg_westernasia,2016,8767.0
unsdg_westernasia,2017,8390.0
unsdg_westernasia,2018,8379.0
unsdg_westernasia,2019,8399.0
unsdg_westernasia,2020,8048.0
unsdg_westernasia,2021,7929.0
unsdg_westernasia,2022,7956.0
unsdg_westernasia,2023,8045.0
unsdg_westernasia,2024,12434
unsdg_westernasianorthernafr,1991,24545
unsdg_westernasianorthernafr,1992,23898
unsdg_westernasianorthernafr,1993,23224
unsdg_westernasianorthernafr,1994,23045
unsdg_westernasianorthernafr,1995,22863
unsdg_westernasianorthernafr,1996,22619
unsdg_westernasianorthernafr,1997,22341
unsdg_westernasianorthernafr,1998,21969
unsdg_westernasianorthernafr,1999,21570
unsdg_westernasianorthernafr,2000,22439
unsdg_westernasianorthernafr,2001,20676
unsdg_westernasianorthernafr,2002,20226
unsdg_westernasianorthernafr,2003,19836
unsdg_westernasianorthernafr,2004,19930
unsdg_westernasianorthernafr,2005,19684
unsdg_westernasianorthernafr,2006,19250
unsdg_westernasianorthernafr,2007,18370
unsdg_westernasianorthernafr,2008,17772
unsdg_westernasianorthernafr,2009,17610
unsdg_westernasianorthernafr,2010,17144
unsdg_westernasianorthernafr,2011,16822
unsdg_westernasianorthernafr,2012,16893
unsdg_westernasianorthernafr,2013,17539
unsdg_westernasianorthernafr,2014,17464
unsdg_westernasianorthernafr,2015,17203
unsdg_westernasianorthernafr,2016,17312
unsdg_westernasianorthernafr,2017,16830
unsdg_westernasianorthernafr,2018,16778
unsdg_westernasianorthernafr,2019,16920
unsdg_westernasianorthernafr,2020,16585
unsdg_westernasianorthernafr,2021,16525
unsdg_westernasianorthernafr,2022,16631
unsdg_westernasianorthernafr,2023,16882
unsdg_westernasianorthernafr,2024,22510
ury,1991,81.000
ury,1992,79.000
ury,1993,78.000
ury,1994,76.000
ury,1995,74.000
ury,1996,72.000
ury,1997,71.000
ury,1998,70.000
ury,1999,70.000
ury,2000,69.000
ury,2001,68.000
ury,2002,67.000
ury,2003,66.000
ury,2004,65.000
ury,2005,63.000
ury,2006,62.000
ury,2007,61.000
ury,2008,59.000
ury,2009,58.000
ury,2010,56.000
ury,2011,54.000
ury,2012,52.000
ury,2013,50.000
ury,2014,48.000
ury,2015,46.000
ury,2016,45.000
ury,2017,43.000
ury,2018,42.000
ury,2019,40.000
ury,2020,39.000
ury,2021,37.000
ury,2022,36.000
ury,2023,34.000
ury,2024,33.000
usa,1991,4341.0
usa,1992,4412.0
usa,1993,4468.0
usa,1994,4514.0
usa,1995,4515.0
usa,1996,4479.0
usa,1997,4409.0
usa,1998,4312.0
usa,1999,4214.0
usa,2000,4121.0
usa,2001,4047.0
usa,2002,3982.0
usa,2003,3915.0
usa,2004,3830.0
usa,2005,3704.0
usa,2006,3545.0
usa,2007,3370.0
usa,2008,3208.0
usa,2009,3068.0
usa,2010,2951.0
usa,2011,2881.0
usa,2012,2847.0
usa,2013,2841.0
usa,2014,2870.0
usa,2015,2914.0
usa,2016,2973.0
usa,2017,3047.0
usa,2018,3146.0
usa,2019,3251.0
usa,2020,3346.0
usa,2021,3424.0
usa,2022,3473.0
usa,2023,3491.0
usa,2024,3461.0
uzb,1991,1335.0
uzb,1992,1385.0
uzb,1993,1433.0
uzb,1994,1484.0
uzb,1995,1535.0
uzb,1996,1576.0
uzb,1997,1604.0
uzb,1998,1610.0
uzb,1999,1585.0
uzb,2000,1527.0
uzb,2001,1452.0
uzb,2002,1375.0
uzb,2003,1302.0
uzb,2004,1239.0
uzb,2005,1186.0
uzb,2006,1141.0
uzb,2007,1104.0
uzb,2008,1068.0
uzb,2009,1039.0
uzb,2010,1012.0
uzb,2011,987.00
uzb,2012,961.00
uzb,2013,937.00
uzb,2014,919.00
uzb,2015,904.00
uzb,2016,892.00
uzb,2017,884.00
uzb,2018,885.00
uzb,2019,901.00
uzb,2020,940.00
uzb,2021,1017.0
uzb,2022,1132.0
uzb,2023,1279.0
uzb,2024,1451.0
vct,1991,2.0000
vct,1992,2.0000
vct,1993,2.0000
vct,1994,3.0000
vct,1995,3.0000
vct,1996,3.0000
vct,1997,3.0000
vct,1998,3.0000
vct,1999,3.0000
vct,2000,3.0000
vct,2001,3.0000
vct,2002,3.0000
vct,2003,3.0000
vct,2004,3.0000
vct,2005,3.0000
vct,2006,3.0000
vct,2007,3.0000
vct,2008,3.0000
vct,2009,3.0000
vct,2010,3.0000
vct,2011,3.0000
vct,2012,3.0000
vct,2013,3.0000
vct,2014,3.0000
vct,2015,3.0000
vct,2016,3.0000
vct,2017,3.0000
vct,2018,3.0000
vct,2019,3.0000
vct,2020,3.0000
vct,2021,3.0000
vct,2022,2.0000
vct,2023,2.0000
vct,2024,2.0000
ven,1991,1005.0
ven,1992,1015.0
ven,1993,1016.0
ven,1994,1013.0
ven,1995,1012.0
ven,1996,1013.0
ven,1997,1017.0
ven,1998,1027.0
ven,1999,1040.0
ven,2000,1060.0
ven,2001,1083.0
ven,2002,1110.0
ven,2003,1131.0
ven,2004,1145.0
ven,2005,1148.0
ven,2006,1142.0
ven,2007,1129.0
ven,2008,1112.0
ven,2009,1090.0
ven,2010,1066.0
ven,2011,1041.0
ven,2012,1023.0
ven,2013,1014.0
ven,2014,1007.0
ven,2015,996.00
ven,2016,976.00
ven,2017,943.00
ven,2018,1006.0
ven,2019,936.00
ven,2020,768.00
ven,2021,703.00
ven,2022,639.00
ven,2023,576.00
ven,2024,515.00
vgb,1991,0.0000
vgb,1992,0.0000
vgb,1993,0.0000
vgb,1994,0.0000
vgb,1995,0.0000
vgb,1996,0.0000
vgb,1997,0.0000
vgb,1998,0.0000
vgb,1999,0.0000
vgb,2000,0.0000
vgb,2001,0.0000
vgb,2002,0.0000
vgb,2003,0.0000
vgb,2004,0.0000
vgb,2005,0.0000
vgb,2006,0.0000
vgb,2007,0.0000
vgb,2008,0.0000
vgb,2009,0.0000
vgb,2010,0.0000
vgb,2011,0.0000
vgb,2012,0.0000
vgb,2013,0.0000
vgb,2014,0.0000
vgb,2015,0.0000
vgb,2016,0.0000
vgb,2017,0.0000
vgb,2018,0.0000
vgb,2019,0.0000
vgb,2020,0.0000
vgb,2021,0.0000
vgb,2022,0.0000
vgb,2023,0.0000
vgb,2024,0.0000
vnm,1991,1216.0
vnm,1992,1313.0
vnm,1993,1446.0
vnm,1994,1562.0
vnm,1995,1665.0
vnm,1996,1792.0
vnm,1997,1898.0
vnm,1998,1963.0
vnm,1999,1980.0
vnm,2000,1935.0
vnm,2001,1918.0
vnm,2002,1920.0
vnm,2003,1900.0
vnm,2004,1924.0
vnm,2005,1944.0
vnm,2006,1945.0
vnm,2007,1945.0
vnm,2008,1949.0
vnm,2009,1917.0
vnm,2010,1888.0
vnm,2011,1879.0
vnm,2012,1877.0
vnm,2013,1873.0
vnm,2014,1887.0
vnm,2015,1907.0
vnm,2016,1894.0
vnm,2017,1852.0
vnm,2018,1809.0
vnm,2019,1766.0
vnm,2020,1712.0
vnm,2021,1643.0
vnm,2022,1578.0
vnm,2023,1561.0
vnm,2024,1539.0
vut,1991,8.0000
vut,1992,8.0000
vut,1993,8.0000
vut,1994,8.0000
vut,1995,9.0000
vut,1996,9.0000
vut,1997,9.0000
vut,1998,9.0000
vut,1999,10.000
vut,2000,10.000
vut,2001,10.000
vut,2002,10.000
vut,2003,10.000
vut,2004,10.000
vut,2005,10.000
vut,2006,10.000
vut,2007,10.000
vut,2008,10.000
vut,2009,9.0000
vut,2010,9.0000
vut,2011,9.0000
vut,2012,8.0000
vut,2013,8.0000
vut,2014,8.0000
vut,2015,8.0000
vut,2016,8.0000
vut,2017,8.0000
vut,2018,9.0000
vut,2019,9.0000
vut,2020,9.0000
vut,2021,10.000
vut,2022,10.000
vut,2023,10.000
vut,2024,10.000
wb_hi,1991,22953
wb_hi,1992,22804
wb_hi,1993,22558
wb_hi,1994,22303
wb_hi,1995,21917
wb_hi,1996,21569
wb_hi,1997,20812
wb_hi,1998,20356
wb_hi,1999,19921
wb_hi,2000,19448
wb_hi,2001,18919
wb_hi,2002,18204
wb_hi,2003,17314
wb_hi,2004,16303
wb_hi,2005,15234
wb_hi,2006,14231
wb_hi,2007,13310
wb_hi,2008,12536
wb_hi,2009,11899
wb_hi,2010,11373
wb_hi,2011,10952
wb_hi,2012,11116
wb_hi,2013,10337
wb_hi,2014,10146
wb_hi,2015,10015
wb_hi,2016,9919.0
wb_hi,2017,9848.0
wb_hi,2018,9835.0
wb_hi,2019,9848.0
wb_hi,2020,9891.0
wb_hi,2021,9895.0
wb_hi,2022,9893.0
wb_hi,2023,9892.0
wb_hi,2024,9830.0
wb_li,1991,76711
wb_li,1992,86617
wb_li,1993,96229
wb_li,1994,93470
wb_li,1995,107680
wb_li,1996,85108
wb_li,1997,86593
wb_li,1998,87623
wb_li,1999,97524
wb_li,2000,83352
wb_li,2001,82319
wb_li,2002,82022
wb_li,2003,82076
wb_li,2004,80897
wb_li,2005,81394
wb_li,2006,81623
wb_li,2007,80897
wb_li,2008,80553
wb_li,2009,80710
wb_li,2010,86097
wb_li,2011,81295
wb_li,2012,90412
wb_li,2013,81344
wb_li,2014,79652
wb_li,2015,83704
wb_li,2016,85560
wb_li,2017,86338
wb_li,2018,88922
wb_li,2019,81193
wb_li,2020,81023
wb_li,2021,78527
wb_li,2022,80296
wb_li,2023,86719
wb_li,2024,79662
wb_lmi,1991,251500
wb_lmi,1992,266810
wb_lmi,1993,257280
wb_lmi,1994,258840
wb_lmi,1995,261180
wb_lmi,1996,262430
wb_lmi,1997,262320
wb_lmi,1998,260760
wb_lmi,1999,259350
wb_lmi,2000,252840
wb_lmi,2001,248480
wb_lmi,2002,244510
wb_lmi,2003,241290
wb_lmi,2004,237950
wb_lmi,2005,237550
wb_lmi,2006,239150
wb_lmi,2007,228820
wb_lmi,2008,225310
wb_lmi,2009,227720
wb_lmi,2010,216970
wb_lmi,2011,219750
wb_lmi,2012,207060
wb_lmi,2013,202040
wb_lmi,2014,197530
wb_lmi,2015,191510
wb_lmi,2016,186750
wb_lmi,2017,179900
wb_lmi,2018,173940
wb_lmi,2019,168510
wb_lmi,2020,163690
wb_lmi,2021,159080
wb_lmi,2022,155280
wb_lmi,2023,151510
wb_lmi,2024,150040
wb_umi,1991,93838
wb_umi,1992,88611
wb_umi,1993,88619
wb_umi,1994,89189
wb_umi,1995,88728
wb_umi,1996,88945
wb_umi,1997,88905
wb_umi,1998,88868
wb_umi,1999,88949
wb_umi,2000,90215
wb_umi,2001,88812
wb_umi,2002,87883
wb_umi,2003,85569
wb_umi,2004,85759
wb_umi,2005,88711
wb_umi,2006,76526
wb_umi,2007,73219
wb_umi,2008,70587
wb_umi,2009,67714
wb_umi,2010,64878
wb_umi,2011,62022
wb_umi,2012,59145
wb_umi,2013,56428
wb_umi,2014,54040
wb_umi,2015,51883
wb_umi,2016,49953
wb_umi,2017,48415
wb_umi,2018,47210
wb_umi,2019,46321
wb_umi,2020,45834
wb_umi,2021,45465
wb_umi,2022,44921
wb_umi,2023,44862
wb_umi,2024,47984
world,1991,483930
world,1992,502550
world,1993,500040
world,1994,498170
world,1995,514990
world,1996,488430
world,1997,487620
world,1998,485470
world,1999,492620
world,2000,471770
world,2001,463260
world,2002,456900
world,2003,448940
world,2004,442470
world,2005,445200
world,2006,431110
world,2007,414530
world,2008,406590
world,2009,405950
world,2010,398090
world,2011,391390
world,2012,386200
world,2013,369320
world,2014,361550
world,2015,358390
world,2016,354350
world,2017,348320
world,2018,345710
world,2019,332470
world,2020,328130
world,2021,321050
world,2022,319930
world,2023,325280
world,2024,318600
wsm,1991,1.0000
wsm,1992,1.0000
wsm,1993,0.0000
wsm,1994,0.0000
wsm,1995,0.0000
wsm,1996,0.0000
wsm,1997,0.0000
wsm,1998,0.0000
wsm,1999,0.0000
wsm,2000,0.0000
wsm,2001,1.0000
wsm,2002,1.0000
wsm,2003,1.0000
wsm,2004,1.0000
wsm,2005,1.0000
wsm,2006,1.0000
wsm,2007,1.0000
wsm,2008,2.0000
wsm,2009,2.0000
wsm,2010,6.0000
wsm,2011,2.0000
wsm,2012,2.0000
wsm,2013,2.0000
wsm,2014,2.0000
wsm,2015,2.0000
wsm,2016,2.0000
wsm,2017,1.0000
wsm,2018,1.0000
wsm,2019,1.0000
wsm,2020,1.0000
wsm,2021,1.0000
wsm,2022,1.0000
wsm,2023,1.0000
wsm,2024,1.0000
yem,1991,1071.0
yem,1992,1111.0
yem,1993,1150.0
yem,1994,1178.0
yem,1995,1200.0
yem,1996,1222.0
yem,1997,1244.0
yem,1998,1254.0
yem,1999,1261.0
yem,2000,1273.0
yem,2001,1275.0
yem,2002,1259.0
yem,2003,1225.0
yem,2004,1195.0
yem,2005,1177.0
yem,2006,1172.0
yem,2007,1169.0
yem,2008,1162.0
yem,2009,1185.0
yem,2010,1213.0
yem,2011,1264.0
yem,2012,1354.0
yem,2013,1469.0
yem,2014,1558.0
yem,2015,1686.0
yem,2016,1849.0
yem,2017,1925.0
yem,2018,1996.0
yem,2019,2059.0
yem,2020,2093.0
yem,2021,2072.0
yem,2022,2038.0
yem,2023,2028.0
yem,2024,2014.0
zaf,1991,405.00
zaf,1992,484.00
zaf,1993,577.00
zaf,1994,724.00
zaf,1995,959.00
zaf,1996,1213.0
zaf,1997,1572.0
zaf,1998,1916.0
zaf,1999,2349.0
zaf,2000,2780.0
zaf,2001,3258.0
zaf,2002,3684.0
zaf,2003,4043.0
zaf,2004,4329.0
zaf,2005,4512.0
zaf,2006,4618.0
zaf,2007,4681.0
zaf,2008,4641.0
zaf,2009,4528.0
zaf,2010,4358.0
zaf,2011,4138.0
zaf,2012,3838.0
zaf,2013,3558.0
zaf,2014,3316.0
zaf,2015,3085.0
zaf,2016,2942.0
zaf,2017,2856.0
zaf,2018,2816.0
zaf,2019,2847.0
zaf,2020,2869.0
zaf,2021,2889.0
zaf,2022,2879.0
zaf,2023,2801.0
zaf,2024,2631.0
zmb,1991,939.00
zmb,1992,955.00
zmb,1993,958.00
zmb,1994,944.00
zmb,1995,915.00
zmb,1996,900.00
zmb,1997,871.00
zmb,1998,845.00
zmb,1999,840.00
zmb,2000,835.00
zmb,2001,830.00
zmb,2002,827.00
zmb,2003,842.00
zmb,2004,832.00
zmb,2005,846.00
zmb,2006,828.00
zmb,2007,810.00
zmb,2008,792.00
zmb,2009,771.00
zmb,2010,748.00
zmb,2011,731.00
zmb,2012,690.00
zmb,2013,653.00
zmb,2014,599.00
zmb,2015,538.00
zmb,2016,502.00
zmb,2017,458.00
zmb,2018,421.00
zmb,2019,397.00
zmb,2020,383.00
zmb,2021,363.00
zmb,2022,361.00
zmb,2023,343.00
zmb,2024,333.00
zwe,1991,580.00
zwe,1992,651.00
zwe,1993,738.00
zwe,1994,805.00
zwe,1995,849.00
zwe,1996,901.00
zwe,1997,946.00
zwe,1998,982.00
zwe,1999,1008.0
zwe,2000,1049.0
zwe,2001,1080.0
zwe,2002,1110.0
zwe,2003,1171.0
zwe,2004,1238.0
zwe,2005,1299.0
zwe,2006,1337.0
zwe,2007,1378.0
zwe,2008,1429.0
zwe,2009,1511.0
zwe,2010,1624.0
zwe,2011,1754.0
zwe,2012,1852.0
zwe,2013,1885.0
zwe,2014,1866.0
zwe,2015,1805.0
zwe,2016,1706.0
zwe,2017,1563.0
zwe,2018,1404.0
zwe,2019,1275.0
zwe,2020,1167.0
zwe,2021,1104.0
zwe,2022,1054.0
zwe,2023,1032.0
zwe,2024,1010.0
