geo,year,mr_1_59_months_upper
afg,1988,202.80
afg,1989,168.92
afg,1990,132.93
afg,1991,126.49
afg,1992,120.29
afg,1993,114.51
afg,1994,109.26
afg,1995,104.41
afg,1996,99.976
afg,1997,95.915
afg,1998,92.031
afg,1999,88.330
afg,2000,84.931
afg,2001,81.414
afg,2002,77.859
afg,2003,74.209
afg,2004,70.409
afg,2005,66.606
afg,2006,62.800
afg,2007,59.078
afg,2008,55.583
afg,2009,52.374
afg,2010,49.280
afg,2011,46.570
afg,2012,44.126
afg,2013,41.896
afg,2014,39.850
afg,2015,37.995
afg,2016,36.410
afg,2017,35.047
afg,2018,33.943
afg,2019,32.962
afg,2020,32.149
afg,2021,31.482
afg,2022,30.872
afg,2023,30.280
afg,2024,29.690
ago,1990,204.98
ago,1991,203.90
ago,1992,203.19
ago,1993,202.81
ago,1994,202.65
ago,1995,202.07
ago,1996,201.24
ago,1997,199.59
ago,1998,197.30
ago,1999,194.33
ago,2000,191.04
ago,2001,186.90
ago,2002,181.66
ago,2003,175.30
ago,2004,168.22
ago,2005,160.67
ago,2006,152.95
ago,2007,145.93
ago,2008,138.61
ago,2009,132.70
ago,2010,127.01
ago,2011,121.75
ago,2012,117.12
ago,2013,112.84
ago,2014,108.81
ago,2015,105.18
ago,2016,101.75
ago,2017,98.728
ago,2018,96.285
ago,2019,94.503
ago,2020,92.166
ago,2021,90.025
ago,2022,87.983
ago,2023,86.405
ago,2024,85.081
aia,1990,14.738
aia,1991,13.900
aia,1992,13.181
aia,1993,12.569
aia,1994,11.945
aia,1995,11.405
aia,1996,10.923
aia,1997,10.459
aia,1998,10.057
aia,1999,9.6486
aia,2000,9.3244
aia,2001,8.9773
aia,2002,8.7347
aia,2003,8.4403
aia,2004,8.2178
aia,2005,7.9719
aia,2006,7.7486
aia,2007,7.5245
aia,2008,7.3533
aia,2009,7.1915
aia,2010,7.0461
aia,2011,6.8624
aia,2012,6.7470
aia,2013,6.6650
aia,2014,6.6195
aia,2015,6.6002
aia,2016,6.5940
aia,2017,6.4990
aia,2018,6.4296
aia,2019,6.3736
aia,2020,6.2730
aia,2021,6.1210
aia,2022,6.0648
aia,2023,6.0270
aia,2024,5.9649
alb,1980,95.788
alb,1981,83.320
alb,1982,73.264
alb,1983,65.074
alb,1984,58.147
alb,1985,52.401
alb,1986,47.578
alb,1987,43.469
alb,1988,40.127
alb,1989,37.253
alb,1990,34.799
alb,1991,32.906
alb,1992,31.138
alb,1993,29.592
alb,1994,28.007
alb,1995,26.466
alb,1996,24.979
alb,1997,23.534
alb,1998,22.211
alb,1999,20.725
alb,2000,19.222
alb,2001,17.817
alb,2002,16.568
alb,2003,15.259
alb,2004,13.641
alb,2005,11.954
alb,2006,10.621
alb,2007,9.5540
alb,2008,8.8139
alb,2009,8.3365
alb,2010,7.9501
alb,2011,7.3919
alb,2012,6.5854
alb,2013,5.7995
alb,2014,5.1330
alb,2015,4.5825
alb,2016,4.0773
alb,2017,3.5389
alb,2018,3.1095
alb,2019,2.8229
alb,2020,2.7096
alb,2021,2.7276
alb,2022,2.8796
alb,2023,3.2046
alb,2024,3.5353
and,1990,31.680
and,1991,27.041
and,1992,23.604
and,1993,20.356
and,1994,17.874
and,1995,15.794
and,1996,13.911
and,1997,12.350
and,1998,11.012
and,1999,9.9708
and,2000,9.0015
and,2001,8.3042
and,2002,7.6479
and,2003,7.0964
and,2004,6.6616
and,2005,6.2407
and,2006,5.8831
and,2007,5.6099
and,2008,5.3940
and,2009,5.2057
and,2010,5.0849
and,2011,5.0921
and,2012,5.0461
and,2013,5.1064
and,2014,5.1174
and,2015,5.1249
and,2016,5.2247
and,2017,5.3096
and,2018,5.2928
and,2019,5.3544
and,2020,5.2886
and,2021,5.2391
and,2022,5.2197
and,2023,5.1518
and,2024,5.0350
are,1979,31.101
are,1980,27.021
are,1981,23.898
are,1982,21.303
are,1983,19.022
are,1984,17.140
are,1985,15.522
are,1986,14.048
are,1987,12.669
are,1988,11.305
are,1989,10.109
are,1990,9.0311
are,1991,8.1294
are,1992,7.4837
are,1993,7.0059
are,1994,6.7108
are,1995,6.4968
are,1996,6.3506
are,1997,6.1497
are,1998,5.8445
are,1999,5.5864
are,2000,5.4204
are,2001,5.3399
are,2002,5.2899
are,2003,5.1618
are,2004,5.0318
are,2005,4.8778
are,2006,4.7658
are,2007,4.7421
are,2008,4.7948
are,2009,5.0111
are,2010,5.3437
are,2011,5.6326
are,2012,5.6147
are,2013,5.2160
are,2014,4.6650
are,2015,4.1643
are,2016,3.8090
are,2017,3.5880
are,2018,3.4575
are,2019,3.3862
are,2020,3.3057
are,2021,3.2239
are,2022,3.1296
are,2023,3.0354
are,2024,3.0048
arg,1971,50.321
arg,1972,50.595
arg,1973,50.822
arg,1974,50.022
arg,1975,47.526
arg,1976,43.642
arg,1977,39.415
arg,1978,35.315
arg,1979,31.465
arg,1980,27.990
arg,1981,25.119
arg,1982,22.923
arg,1983,21.175
arg,1984,19.543
arg,1985,17.104
arg,1986,14.576
arg,1987,13.075
arg,1988,12.927
arg,1989,13.531
arg,1990,14.153
arg,1991,14.477
arg,1992,14.310
arg,1993,13.633
arg,1994,12.761
arg,1995,11.948
arg,1996,11.354
arg,1997,11.009
arg,1998,10.794
arg,1999,10.416
arg,2000,9.5934
arg,2001,8.6551
arg,2002,8.0674
arg,2003,7.9926
arg,2004,8.1158
arg,2005,8.0912
arg,2006,7.9449
arg,2007,7.8079
arg,2008,7.7221
arg,2009,7.6398
arg,2010,7.4604
arg,2011,7.1529
arg,2012,6.6995
arg,2013,6.1352
arg,2014,5.6449
arg,2015,5.3431
arg,2016,5.2164
arg,2017,5.1571
arg,2018,5.0851
arg,2019,4.9549
arg,2020,4.7071
arg,2021,4.4990
arg,2022,4.5397
arg,2023,4.8932
arg,2024,5.3781
arm,1978,69.187
arm,1979,64.933
arm,1980,61.067
arm,1981,57.519
arm,1982,54.076
arm,1983,50.813
arm,1984,47.841
arm,1985,44.841
arm,1986,42.040
arm,1987,39.416
arm,1988,36.879
arm,1989,85.437
arm,1990,32.506
arm,1991,30.482
arm,1992,28.595
arm,1993,26.840
arm,1994,25.214
arm,1995,23.663
arm,1996,22.192
arm,1997,20.825
arm,1998,19.702
arm,1999,18.833
arm,2000,17.951
arm,2001,17.116
arm,2002,16.297
arm,2003,15.477
arm,2004,14.763
arm,2005,14.050
arm,2006,13.395
arm,2007,12.796
arm,2008,12.241
arm,2009,11.788
arm,2010,11.331
arm,2011,10.902
arm,2012,10.480
arm,2013,10.079
arm,2014,9.6525
arm,2015,9.2610
arm,2016,8.8767
arm,2017,8.5323
arm,2018,8.1940
arm,2019,7.8803
arm,2020,7.5950
arm,2021,7.3276
arm,2022,7.0797
arm,2023,6.8590
arm,2024,6.6546
atg,1972,15.865
atg,1973,14.492
atg,1974,13.319
atg,1975,12.352
atg,1976,11.501
atg,1977,10.752
atg,1978,10.109
atg,1979,9.5326
atg,1980,8.9827
atg,1981,8.4877
atg,1982,8.0494
atg,1983,7.7165
atg,1984,7.3998
atg,1985,7.1535
atg,1986,6.9048
atg,1987,6.7055
atg,1988,6.5434
atg,1989,6.4090
atg,1990,6.2976
atg,1991,6.1638
atg,1992,6.0794
atg,1993,6.0138
atg,1994,5.9397
atg,1995,5.8532
atg,1996,5.7844
atg,1997,5.6834
atg,1998,5.5514
atg,1999,5.3725
atg,2000,5.1866
atg,2001,4.9506
atg,2002,4.7158
atg,2003,4.5838
atg,2004,4.5391
atg,2005,4.5951
atg,2006,4.6972
atg,2007,4.8367
atg,2008,5.0059
atg,2009,5.1293
atg,2010,5.2389
atg,2011,5.3364
atg,2012,5.4036
atg,2013,5.4673
atg,2014,5.4730
atg,2015,5.4882
atg,2016,5.4663
atg,2017,5.4608
atg,2018,5.4801
atg,2019,5.5254
atg,2020,5.5752
atg,2021,5.6526
atg,2022,5.6971
atg,2023,5.7017
atg,2024,5.7504
aus,1969,9.4363
aus,1970,9.4010
aus,1971,9.2723
aus,1972,9.0192
aus,1973,8.6311
aus,1974,8.1523
aus,1975,7.6789
aus,1976,7.2479
aus,1977,6.9063
aus,1978,6.6542
aus,1979,6.4677
aus,1980,6.3390
aus,1981,6.2229
aus,1982,6.1261
aus,1983,6.0465
aus,1984,5.9699
aus,1985,5.9033
aus,1986,5.8077
aus,1987,5.6796
aus,1988,5.5207
aus,1989,5.3133
aus,1990,5.0582
aus,1991,4.7364
aus,1992,4.3921
aus,1993,4.0742
aus,1994,3.7990
aus,1995,3.5800
aus,1996,3.3958
aus,1997,3.2483
aus,1998,3.1212
aus,1999,2.9962
aus,2000,2.8864
aus,2001,2.7856
aus,2002,2.7084
aus,2003,2.6592
aus,2004,2.6322
aus,2005,2.6148
aus,2006,2.5672
aus,2007,2.4915
aus,2008,2.4059
aus,2009,2.3073
aus,2010,2.2082
aus,2011,2.0982
aus,2012,1.9851
aus,2013,1.8719
aus,2014,1.7605
aus,2015,1.6700
aus,2016,1.6024
aus,2017,1.5597
aus,2018,1.5328
aus,2019,1.5115
aus,2020,1.4975
aus,2021,1.4809
aus,2022,1.4636
aus,2023,1.4480
aus,2024,1.4413
aut,1956,27.467
aut,1957,26.050
aut,1958,24.853
aut,1959,23.565
aut,1960,22.113
aut,1961,20.404
aut,1962,18.614
aut,1963,16.922
aut,1964,15.490
aut,1965,14.394
aut,1966,13.398
aut,1967,12.590
aut,1968,11.971
aut,1969,11.524
aut,1970,11.191
aut,1971,10.841
aut,1972,10.470
aut,1973,10.072
aut,1974,9.6071
aut,1975,9.1542
aut,1976,8.6792
aut,1977,8.3077
aut,1978,8.0953
aut,1979,8.0044
aut,1980,7.9453
aut,1981,7.7495
aut,1982,7.4646
aut,1983,7.1783
aut,1984,6.8998
aut,1985,6.6426
aut,1986,6.3458
aut,1987,6.0548
aut,1988,5.8056
aut,1989,5.5822
aut,1990,5.3869
aut,1991,5.1562
aut,1992,4.8955
aut,1993,4.5768
aut,1994,4.1970
aut,1995,3.8187
aut,1996,3.4560
aut,1997,3.1516
aut,1998,2.9259
aut,1999,2.7659
aut,2000,2.6584
aut,2001,2.5704
aut,2002,2.4944
aut,2003,2.4203
aut,2004,2.3391
aut,2005,2.2692
aut,2006,2.1975
aut,2007,2.1383
aut,2008,2.0930
aut,2009,2.0564
aut,2010,2.0164
aut,2011,1.9505
aut,2012,1.8640
aut,2013,1.7730
aut,2014,1.6775
aut,2015,1.6022
aut,2016,1.5499
aut,2017,1.5129
aut,2018,1.4782
aut,2019,1.4356
aut,2020,1.3942
aut,2021,1.3444
aut,2022,1.3003
aut,2023,1.2709
aut,2024,1.2623
aze,1984,93.345
aze,1985,89.206
aze,1986,86.086
aze,1987,83.463
aze,1988,81.005
aze,1989,78.561
aze,1990,76.741
aze,1991,75.253
aze,1992,73.826
aze,1993,72.484
aze,1994,70.856
aze,1995,69.120
aze,1996,66.983
aze,1997,64.010
aze,1998,60.489
aze,1999,56.332
aze,2000,52.177
aze,2001,47.942
aze,2002,43.672
aze,2003,39.653
aze,2004,36.162
aze,2005,33.231
aze,2006,30.664
aze,2007,28.331
aze,2008,26.182
aze,2009,24.224
aze,2010,22.622
aze,2011,21.147
aze,2012,20.120
aze,2013,19.360
aze,2014,18.323
aze,2015,17.287
aze,2016,16.225
aze,2017,15.135
aze,2018,14.069
aze,2019,12.977
aze,2020,11.906
aze,2021,10.873
aze,2022,10.057
aze,2023,9.4360
aze,2024,9.0748
bdi,1966,242.71
bdi,1967,240.33
bdi,1968,239.91
bdi,1969,239.73
bdi,1970,240.09
bdi,1971,240.11
bdi,1972,240.10
bdi,1973,318.92
bdi,1974,240.08
bdi,1975,240.11
bdi,1976,239.36
bdi,1977,237.52
bdi,1978,234.26
bdi,1979,228.07
bdi,1980,219.76
bdi,1981,209.58
bdi,1982,198.20
bdi,1983,186.31
bdi,1984,175.83
bdi,1985,166.95
bdi,1986,160.08
bdi,1987,155.32
bdi,1988,152.42
bdi,1989,151.03
bdi,1990,151.15
bdi,1991,152.10
bdi,1992,153.61
bdi,1993,155.07
bdi,1994,181.99
bdi,1995,155.86
bdi,1996,154.65
bdi,1997,152.54
bdi,1998,149.55
bdi,1999,145.21
bdi,2000,140.66
bdi,2001,135.69
bdi,2002,130.68
bdi,2003,125.22
bdi,2004,119.67
bdi,2005,113.63
bdi,2006,106.53
bdi,2007,99.239
bdi,2008,92.132
bdi,2009,85.786
bdi,2010,80.115
bdi,2011,74.881
bdi,2012,70.543
bdi,2013,66.854
bdi,2014,63.685
bdi,2015,61.278
bdi,2016,59.394
bdi,2017,57.907
bdi,2018,56.457
bdi,2019,55.638
bdi,2020,54.808
bdi,2021,54.019
bdi,2022,53.403
bdi,2023,52.619
bdi,2024,52.163
bel,1961,14.868
bel,1962,14.415
bel,1963,14.081
bel,1964,13.507
bel,1965,12.768
bel,1966,12.020
bel,1967,11.354
bel,1968,10.935
bel,1969,10.767
bel,1970,10.727
bel,1971,10.524
bel,1972,9.9966
bel,1973,9.3197
bel,1974,8.5821
bel,1975,7.9613
bel,1976,7.6012
bel,1977,7.5065
bel,1978,7.5396
bel,1979,7.5078
bel,1980,7.3996
bel,1981,7.2350
bel,1982,7.0094
bel,1983,6.7980
bel,1984,6.6148
bel,1985,6.4617
bel,1986,6.3219
bel,1987,6.1649
bel,1988,6.0221
bel,1989,5.8915
bel,1990,5.7691
bel,1991,5.6421
bel,1992,5.4706
bel,1993,5.2488
bel,1994,4.9172
bel,1995,4.5291
bel,1996,4.1149
bel,1997,3.7203
bel,1998,3.4220
bel,1999,3.2322
bel,2000,3.1223
bel,2001,3.0390
bel,2002,2.9400
bel,2003,2.8372
bel,2004,2.7230
bel,2005,2.6134
bel,2006,2.5201
bel,2007,2.4431
bel,2008,2.3869
bel,2009,2.3374
bel,2010,2.2922
bel,2011,2.2471
bel,2012,2.1891
bel,2013,2.1272
bel,2014,2.0473
bel,2015,1.9737
bel,2016,1.9150
bel,2017,1.8670
bel,2018,1.8317
bel,2019,1.7854
bel,2020,1.7414
bel,2021,1.7117
bel,2022,1.7035
bel,2023,1.7177
bel,2024,1.7348
ben,1959,306.17
ben,1960,301.75
ben,1961,296.21
ben,1962,290.55
ben,1963,284.14
ben,1964,277.02
ben,1965,269.99
ben,1966,263.13
ben,1967,257.02
ben,1968,250.96
ben,1969,245.26
ben,1970,240.34
ben,1971,235.65
ben,1972,230.81
ben,1973,225.69
ben,1974,220.14
ben,1975,214.28
ben,1976,208.04
ben,1977,201.99
ben,1978,196.37
ben,1979,190.93
ben,1980,185.98
ben,1981,181.38
ben,1982,177.26
ben,1983,173.29
ben,1984,169.36
ben,1985,165.55
ben,1986,161.79
ben,1987,158.02
ben,1988,154.15
ben,1989,150.50
ben,1990,146.66
ben,1991,142.72
ben,1992,138.64
ben,1993,134.51
ben,1994,130.57
ben,1995,126.99
ben,1996,123.64
ben,1997,120.35
ben,1998,117.26
ben,1999,114.23
ben,2000,111.31
ben,2001,108.51
ben,2002,105.71
ben,2003,102.92
ben,2004,100.40
ben,2005,97.850
ben,2006,95.240
ben,2007,92.721
ben,2008,90.355
ben,2009,88.192
ben,2010,86.225
ben,2011,84.227
ben,2012,82.367
ben,2013,80.475
ben,2014,78.661
ben,2015,76.967
ben,2016,75.351
ben,2017,73.884
ben,2018,72.406
ben,2019,71.176
ben,2020,70.133
ben,2021,69.428
ben,2022,68.913
ben,2023,68.626
ben,2024,68.734
bfa,1970,297.34
bfa,1971,292.34
bfa,1972,287.29
bfa,1973,281.06
bfa,1974,273.18
bfa,1975,263.86
bfa,1976,253.17
bfa,1977,241.70
bfa,1978,231.14
bfa,1979,221.78
bfa,1980,213.80
bfa,1981,206.99
bfa,1982,201.17
bfa,1983,196.22
bfa,1984,191.99
bfa,1985,188.13
bfa,1986,184.23
bfa,1987,180.58
bfa,1988,177.57
bfa,1989,175.24
bfa,1990,173.42
bfa,1991,172.38
bfa,1992,171.91
bfa,1993,171.89
bfa,1994,171.79
bfa,1995,171.25
bfa,1996,169.81
bfa,1997,167.27
bfa,1998,164.19
bfa,1999,161.11
bfa,2000,157.96
bfa,2001,154.76
bfa,2002,151.03
bfa,2003,147.08
bfa,2004,142.52
bfa,2005,137.35
bfa,2006,131.73
bfa,2007,125.82
bfa,2008,119.81
bfa,2009,114.21
bfa,2010,109.18
bfa,2011,104.82
bfa,2012,101.28
bfa,2013,98.149
bfa,2014,95.691
bfa,2015,93.741
bfa,2016,92.224
bfa,2017,91.040
bfa,2018,90.142
bfa,2019,89.328
bfa,2020,88.181
bfa,2021,87.553
bfa,2022,87.268
bfa,2023,86.704
bfa,2024,85.806
bgd,1953,275.21
bgd,1954,262.24
bgd,1955,250.81
bgd,1956,240.30
bgd,1957,230.37
bgd,1958,221.33
bgd,1959,212.69
bgd,1960,204.87
bgd,1961,197.08
bgd,1962,189.86
bgd,1963,183.38
bgd,1964,177.20
bgd,1965,171.99
bgd,1966,167.72
bgd,1967,164.32
bgd,1968,161.81
bgd,1969,160.03
bgd,1970,158.92
bgd,1971,208.82
bgd,1972,319.24
bgd,1973,157.98
bgd,1974,157.06
bgd,1975,155.76
bgd,1976,153.80
bgd,1977,151.07
bgd,1978,147.85
bgd,1979,143.80
bgd,1980,139.75
bgd,1981,135.60
bgd,1982,131.60
bgd,1983,127.77
bgd,1984,123.70
bgd,1985,119.61
bgd,1986,114.99
bgd,1987,110.16
bgd,1988,105.09
bgd,1989,100.01
bgd,1990,95.111
bgd,1991,90.375
bgd,1992,85.793
bgd,1993,81.309
bgd,1994,76.899
bgd,1995,72.555
bgd,1996,68.167
bgd,1997,63.787
bgd,1998,59.367
bgd,1999,54.868
bgd,2000,50.540
bgd,2001,46.458
bgd,2002,42.739
bgd,2003,39.376
bgd,2004,36.278
bgd,2005,33.507
bgd,2006,30.976
bgd,2007,28.741
bgd,2008,26.710
bgd,2009,24.882
bgd,2010,23.320
bgd,2011,21.980
bgd,2012,20.810
bgd,2013,19.739
bgd,2014,18.666
bgd,2015,17.649
bgd,2016,16.655
bgd,2017,15.812
bgd,2018,15.264
bgd,2019,14.782
bgd,2020,14.392
bgd,2021,14.109
bgd,2022,13.945
bgd,2023,13.943
bgd,2024,14.131
bgr,1965,25.052
bgr,1966,24.044
bgr,1967,23.668
bgr,1968,23.273
bgr,1969,22.380
bgr,1970,21.247
bgr,1971,19.936
bgr,1972,18.639
bgr,1973,17.494
bgr,1974,16.553
bgr,1975,16.078
bgr,1976,16.095
bgr,1977,16.311
bgr,1978,16.202
bgr,1979,15.509
bgr,1980,14.685
bgr,1981,13.965
bgr,1982,13.464
bgr,1983,13.120
bgr,1984,12.803
bgr,1985,12.419
bgr,1986,11.750
bgr,1987,11.070
bgr,1988,10.667
bgr,1989,10.583
bgr,1990,10.728
bgr,1991,10.853
bgr,1992,10.949
bgr,1993,10.973
bgr,1994,10.953
bgr,1995,11.062
bgr,1996,11.292
bgr,1997,11.536
bgr,1998,11.536
bgr,1999,11.114
bgr,2000,10.582
bgr,2001,10.072
bgr,2002,9.6280
bgr,2003,9.1926
bgr,2004,8.6864
bgr,2005,8.1988
bgr,2006,7.6903
bgr,2007,7.2332
bgr,2008,6.8640
bgr,2009,6.5454
bgr,2010,6.2994
bgr,2011,6.0487
bgr,2012,5.7740
bgr,2013,5.4520
bgr,2014,5.0555
bgr,2015,4.6845
bgr,2016,4.3305
bgr,2017,4.0550
bgr,2018,3.8574
bgr,2019,3.7309
bgr,2020,3.6795
bgr,2021,3.6650
bgr,2022,3.6832
bgr,2023,3.7196
bgr,2024,3.7926
bhr,1972,48.270
bhr,1973,42.393
bhr,1974,37.352
bhr,1975,32.958
bhr,1976,29.023
bhr,1977,25.619
bhr,1978,22.567
bhr,1979,19.749
bhr,1980,17.560
bhr,1981,15.706
bhr,1982,14.034
bhr,1983,12.502
bhr,1984,11.141
bhr,1985,10.008
bhr,1986,9.1242
bhr,1987,8.5286
bhr,1988,8.2174
bhr,1989,8.1648
bhr,1990,8.3721
bhr,1991,8.7250
bhr,1992,9.1371
bhr,1993,9.5039
bhr,1994,9.6450
bhr,1995,9.6297
bhr,1996,9.4144
bhr,1997,9.1123
bhr,1998,8.7978
bhr,1999,8.5061
bhr,2000,8.2765
bhr,2001,8.1030
bhr,2002,7.9810
bhr,2003,7.8810
bhr,2004,7.7875
bhr,2005,7.6720
bhr,2006,7.5121
bhr,2007,7.2878
bhr,2008,6.9882
bhr,2009,6.6182
bhr,2010,6.2292
bhr,2011,5.8494
bhr,2012,5.5108
bhr,2013,5.2323
bhr,2014,5.0069
bhr,2015,4.8284
bhr,2016,4.6595
bhr,2017,4.5086
bhr,2018,4.3745
bhr,2019,4.2694
bhr,2020,4.2156
bhr,2021,4.2297
bhr,2022,4.3235
bhr,2023,4.4971
bhr,2024,4.7263
bhs,1970,10.889
bhs,1971,11.032
bhs,1972,11.286
bhs,1973,11.388
bhs,1974,11.312
bhs,1975,11.151
bhs,1976,10.998
bhs,1977,11.025
bhs,1978,11.266
bhs,1979,11.672
bhs,1980,12.096
bhs,1981,12.487
bhs,1982,12.800
bhs,1983,12.970
bhs,1984,13.004
bhs,1985,12.954
bhs,1986,12.757
bhs,1987,12.464
bhs,1988,12.095
bhs,1989,11.702
bhs,1990,11.374
bhs,1991,11.149
bhs,1992,10.974
bhs,1993,10.811
bhs,1994,10.626
bhs,1995,10.396
bhs,1996,10.137
bhs,1997,9.8870
bhs,1998,9.6312
bhs,1999,9.4351
bhs,2000,9.3116
bhs,2001,9.2079
bhs,2002,9.1752
bhs,2003,9.1786
bhs,2004,9.1931
bhs,2005,9.1597
bhs,2006,9.0600
bhs,2007,8.9193
bhs,2008,8.6981
bhs,2009,8.4635
bhs,2010,8.2207
bhs,2011,7.9490
bhs,2012,7.6871
bhs,2013,7.3552
bhs,2014,6.9723
bhs,2015,6.5489
bhs,2016,6.0780
bhs,2017,5.6268
bhs,2018,5.2386
bhs,2019,4.9535
bhs,2020,15.695
bhs,2021,4.7123
bhs,2022,4.7247
bhs,2023,4.7561
bhs,2024,4.8272
bih,1986,12.445
bih,1987,11.514
bih,1988,10.646
bih,1989,9.7031
bih,1990,8.5369
bih,1991,7.3514
bih,1992,6.3718
bih,1993,48.991
bih,1994,50.669
bih,1995,4.9029
bih,1996,11.009
bih,1997,4.3820
bih,1998,4.1070
bih,1999,3.8186
bih,2000,3.5381
bih,2001,3.2777
bih,2002,3.0354
bih,2003,2.7882
bih,2004,2.5971
bih,2005,2.4607
bih,2006,2.3820
bih,2007,2.3267
bih,2008,2.2687
bih,2009,2.2106
bih,2010,2.1447
bih,2011,2.0849
bih,2012,2.0363
bih,2013,2.0103
bih,2014,2.0148
bih,2015,2.0319
bih,2016,2.0800
bih,2017,2.1461
bih,2018,2.2056
bih,2019,2.2278
bih,2020,2.1752
bih,2021,2.0724
bih,2022,1.9581
bih,2023,1.8651
bih,2024,1.8167
blr,1990,7.8438
blr,1991,7.6687
blr,1992,7.5867
blr,1993,7.6617
blr,1994,7.8053
blr,1995,7.8846
blr,1996,7.9254
blr,1997,7.9161
blr,1998,7.9340
blr,1999,8.2111
blr,2000,8.5476
blr,2001,8.6876
blr,2002,8.4600
blr,2003,7.9798
blr,2004,7.4205
blr,2005,6.8174
blr,2006,6.2736
blr,2007,5.7727
blr,2008,5.3275
blr,2009,4.9398
blr,2010,4.5798
blr,2011,4.2417
blr,2012,3.8881
blr,2013,3.5543
blr,2014,3.2713
blr,2015,3.0448
blr,2016,2.8637
blr,2017,2.7007
blr,2018,2.5549
blr,2019,2.4386
blr,2020,2.3523
blr,2021,2.3001
blr,2022,2.2630
blr,2023,2.2395
blr,2024,2.2251
blz,1969,105.78
blz,1970,97.715
blz,1971,90.263
blz,1972,83.586
blz,1973,78.127
blz,1974,73.322
blz,1975,68.840
blz,1976,64.576
blz,1977,60.744
blz,1978,57.356
blz,1979,54.100
blz,1980,51.262
blz,1981,48.731
blz,1982,46.169
blz,1983,43.910
blz,1984,41.543
blz,1985,39.121
blz,1986,36.609
blz,1987,34.193
blz,1988,31.702
blz,1989,29.207
blz,1990,26.908
blz,1991,24.719
blz,1992,22.851
blz,1993,21.481
blz,1994,20.227
blz,1995,19.100
blz,1996,18.068
blz,1997,17.100
blz,1998,16.212
blz,1999,15.372
blz,2000,14.575
blz,2001,13.818
blz,2002,13.205
blz,2003,12.730
blz,2004,12.394
blz,2005,12.192
blz,2006,12.062
blz,2007,11.934
blz,2008,11.629
blz,2009,11.064
blz,2010,10.319
blz,2011,9.3990
blz,2012,8.4455
blz,2013,7.6097
blz,2014,6.9161
blz,2015,6.3569
blz,2016,5.8816
blz,2017,5.4799
blz,2018,5.1247
blz,2019,4.7669
blz,2020,4.4817
blz,2021,4.2472
blz,2022,4.1295
blz,2023,4.1167
blz,2024,4.1916
bol,1967,218.30
bol,1968,211.28
bol,1969,204.86
bol,1970,198.58
bol,1971,192.65
bol,1972,186.38
bol,1973,180.16
bol,1974,173.53
bol,1975,167.16
bol,1976,160.63
bol,1977,154.55
bol,1978,149.11
bol,1979,143.76
bol,1980,138.72
bol,1981,133.98
bol,1982,129.49
bol,1983,125.24
bol,1984,120.91
bol,1985,116.62
bol,1986,112.30
bol,1987,108.01
bol,1988,103.58
bol,1989,99.006
bol,1990,94.552
bol,1991,90.132
bol,1992,85.925
bol,1993,81.844
bol,1994,77.666
bol,1995,73.735
bol,1996,69.832
bol,1997,66.122
bol,1998,62.543
bol,1999,59.032
bol,2000,55.632
bol,2001,51.967
bol,2002,48.242
bol,2003,44.408
bol,2004,40.700
bol,2005,37.278
bol,2006,34.194
bol,2007,31.483
bol,2008,29.084
bol,2009,26.971
bol,2010,25.187
bol,2011,23.545
bol,2012,22.146
bol,2013,20.889
bol,2014,20.012
bol,2015,19.308
bol,2016,18.738
bol,2017,18.234
bol,2018,17.826
bol,2019,17.577
bol,2020,17.375
bol,2021,17.276
bol,2022,17.169
bol,2023,17.114
bol,2024,16.983
bra,1964,123.94
bra,1965,119.68
bra,1966,115.57
bra,1967,111.62
bra,1968,107.68
bra,1969,104.28
bra,1970,100.95
bra,1971,97.676
bra,1972,94.544
bra,1973,91.585
bra,1974,89.079
bra,1975,86.646
bra,1976,84.451
bra,1977,81.968
bra,1978,79.026
bra,1979,75.923
bra,1980,72.427
bra,1981,68.770
bra,1982,65.022
bra,1983,61.509
bra,1984,58.361
bra,1985,55.529
bra,1986,53.149
bra,1987,50.884
bra,1988,48.658
bra,1989,46.682
bra,1990,44.712
bra,1991,42.652
bra,1992,40.458
bra,1993,38.064
bra,1994,35.547
bra,1995,32.824
bra,1996,30.129
bra,1997,27.503
bra,1998,25.060
bra,1999,22.808
bra,2000,20.665
bra,2001,19.036
bra,2002,17.517
bra,2003,16.066
bra,2004,14.766
bra,2005,13.474
bra,2006,12.268
bra,2007,11.147
bra,2008,10.111
bra,2009,9.2799
bra,2010,8.6113
bra,2011,8.1075
bra,2012,7.7365
bra,2013,7.4636
bra,2014,7.2725
bra,2015,7.0954
bra,2016,6.9502
bra,2017,7.2989
bra,2018,6.7603
bra,2019,6.6360
bra,2020,6.4378
bra,2021,6.3065
bra,2022,6.5173
bra,2023,7.1424
bra,2024,7.8981
brb,1969,24.389
brb,1970,23.058
brb,1971,21.844
brb,1972,20.632
brb,1973,19.211
brb,1974,17.742
brb,1975,16.318
brb,1976,15.035
brb,1977,14.166
brb,1978,13.315
brb,1979,12.543
brb,1980,11.752
brb,1981,11.006
brb,1982,10.342
brb,1983,9.7232
brb,1984,9.1899
brb,1985,8.6883
brb,1986,8.2168
brb,1987,7.8424
brb,1988,7.5546
brb,1989,7.3785
brb,1990,7.2611
brb,1991,7.1406
brb,1992,7.0183
brb,1993,6.8075
brb,1994,6.5749
brb,1995,6.3713
brb,1996,6.2147
brb,1997,6.1138
brb,1998,6.0625
brb,1999,6.0648
brb,2000,6.1038
brb,2001,6.1514
brb,2002,6.2088
brb,2003,6.2085
brb,2004,6.1434
brb,2005,6.0043
brb,2006,5.7830
brb,2007,5.5653
brb,2008,5.3532
brb,2009,5.1944
brb,2010,5.0811
brb,2011,5.0094
brb,2012,5.0055
brb,2013,5.0427
brb,2014,5.1112
brb,2015,5.2043
brb,2016,5.2811
brb,2017,5.3423
brb,2018,5.3809
brb,2019,5.4270
brb,2020,5.4599
brb,2021,5.4970
brb,2022,5.5157
brb,2023,5.5472
brb,2024,5.5602
brn,1990,8.3303
brn,1991,8.1763
brn,1992,8.0783
brn,1993,8.0006
brn,1994,7.9142
brn,1995,7.7706
brn,1996,7.5674
brn,1997,7.2976
brn,1998,6.9857
brn,1999,6.6300
brn,2000,6.2485
brn,2001,5.8951
brn,2002,5.5685
brn,2003,5.2792
brn,2004,5.0970
brn,2005,5.0125
brn,2006,5.0091
brn,2007,5.0449
brn,2008,5.1104
brn,2009,5.1965
brn,2010,5.2738
brn,2011,5.3707
brn,2012,5.4795
brn,2013,5.5675
brn,2014,5.6248
brn,2015,5.6046
brn,2016,5.5402
brn,2017,5.4443
brn,2018,5.3417
brn,2019,5.2551
brn,2020,5.1988
brn,2021,5.1986
brn,2022,5.2372
brn,2023,5.3244
brn,2024,5.4157
btn,1990,115.48
btn,1991,108.56
btn,1992,102.38
btn,1993,96.333
btn,1994,90.516
btn,1995,84.686
btn,1996,79.171
btn,1997,74.062
btn,1998,68.926
btn,1999,64.339
btn,2000,60.006
btn,2001,55.914
btn,2002,52.022
btn,2003,48.010
btn,2004,44.224
btn,2005,40.498
btn,2006,36.899
btn,2007,33.748
btn,2008,30.875
btn,2009,28.561
btn,2010,26.489
btn,2011,24.728
btn,2012,23.412
btn,2013,22.706
btn,2014,22.154
btn,2015,21.850
btn,2016,21.478
btn,2017,21.251
btn,2018,21.161
btn,2019,21.072
btn,2020,21.071
btn,2021,20.920
btn,2022,20.867
btn,2023,20.755
btn,2024,20.485
bwa,1966,126.83
bwa,1967,122.92
bwa,1968,118.41
bwa,1969,114.01
bwa,1970,109.67
bwa,1971,104.91
bwa,1972,99.879
bwa,1973,95.155
bwa,1974,90.300
bwa,1975,85.331
bwa,1976,79.883
bwa,1977,73.803
bwa,1978,67.639
bwa,1979,61.672
bwa,1980,56.061
bwa,1981,50.962
bwa,1982,46.109
bwa,1983,41.718
bwa,1984,38.064
bwa,1985,35.033
bwa,1986,32.621
bwa,1987,30.704
bwa,1988,29.842
bwa,1989,30.066
bwa,1990,32.027
bwa,1991,36.146
bwa,1992,41.977
bwa,1993,49.082
bwa,1994,56.743
bwa,1995,64.726
bwa,1996,67.440
bwa,1997,74.986
bwa,1998,81.058
bwa,1999,86.254
bwa,2000,91.597
bwa,2001,92.751
bwa,2002,90.024
bwa,2003,84.662
bwa,2004,79.762
bwa,2005,75.132
bwa,2006,66.945
bwa,2007,59.495
bwa,2008,57.061
bwa,2009,55.667
bwa,2010,52.094
bwa,2011,50.008
bwa,2012,52.907
bwa,2013,50.355
bwa,2014,50.324
bwa,2015,54.115
bwa,2016,55.270
bwa,2017,56.733
bwa,2018,54.824
bwa,2019,56.142
bwa,2020,56.897
bwa,2021,57.065
bwa,2022,55.393
bwa,2023,53.867
bwa,2024,53.070
caf,1972,201.11
caf,1973,195.02
caf,1974,189.32
caf,1975,184.40
caf,1976,179.71
caf,1977,175.35
caf,1978,171.55
caf,1979,167.73
caf,1980,164.19
caf,1981,161.20
caf,1982,158.50
caf,1983,155.97
caf,1984,153.90
caf,1985,152.32
caf,1986,151.22
caf,1987,150.47
caf,1988,149.94
caf,1989,149.74
caf,1990,149.51
caf,1991,149.26
caf,1992,149.26
caf,1993,149.18
caf,1994,149.10
caf,1995,148.89
caf,1996,148.62
caf,1997,148.14
caf,1998,147.32
caf,1999,146.28
caf,2000,145.17
caf,2001,143.37
caf,2002,140.85
caf,2003,138.00
caf,2004,134.38
caf,2005,130.74
caf,2006,126.99
caf,2007,122.75
caf,2008,118.87
caf,2009,115.58
caf,2010,515.36
caf,2011,133.36
caf,2012,106.65
caf,2013,104.00
caf,2014,118.21
caf,2015,177.06
caf,2016,97.605
caf,2017,113.11
caf,2018,146.22
caf,2019,108.66
caf,2020,264.59
caf,2021,116.99
caf,2022,183.73
caf,2023,479.93
caf,2024,86.519
can,1970,9.5388
can,1971,9.1598
can,1972,8.8717
can,1973,8.6201
can,1974,8.4089
can,1975,8.2010
can,1976,7.9450
can,1977,7.5736
can,1978,7.0799
can,1979,6.6201
can,1980,6.2712
can,1981,6.0060
can,1982,5.7433
can,1983,5.4517
can,1984,5.1825
can,1985,4.9543
can,1986,4.7825
can,1987,4.6543
can,1988,4.5386
can,1989,4.4153
can,1990,4.2465
can,1991,4.0428
can,1992,3.8332
can,1993,3.6262
can,1994,3.4194
can,1995,3.2002
can,1996,3.0009
can,1997,2.8539
can,1998,2.7635
can,1999,2.7082
can,2000,2.6491
can,2001,2.5786
can,2002,2.4940
can,2003,2.4030
can,2004,2.3349
can,2005,2.2982
can,2006,2.2908
can,2007,2.2817
can,2008,2.2483
can,2009,2.2013
can,2010,2.1358
can,2011,2.0696
can,2012,2.0136
can,2013,1.9716
can,2014,1.9439
can,2015,1.9175
can,2016,1.8933
can,2017,1.8701
can,2018,1.8416
can,2019,1.8165
can,2020,1.7909
can,2021,1.7700
can,2022,1.7625
can,2023,1.7747
can,2024,1.8135
che,1956,13.768
che,1957,12.923
che,1958,12.173
che,1959,11.518
che,1960,11.065
che,1961,10.810
che,1962,10.643
che,1963,10.419
che,1964,10.026
che,1965,9.5337
che,1966,8.9447
che,1967,8.4306
che,1968,8.1254
che,1969,8.0394
che,1970,8.0853
che,1971,8.0848
che,1972,7.9887
che,1973,7.7451
che,1974,7.3451
che,1975,6.9144
che,1976,6.4740
che,1977,6.0959
che,1978,5.7655
che,1979,5.4860
che,1980,5.2730
che,1981,5.1088
che,1982,5.0058
che,1983,4.9484
che,1984,4.9130
che,1985,4.8969
che,1986,4.8489
che,1987,4.7962
che,1988,4.7477
che,1989,4.6945
che,1990,4.6269
che,1991,4.4862
che,1992,4.2800
che,1993,4.0151
che,1994,3.7075
che,1995,3.4103
che,1996,3.1333
che,1997,2.9029
che,1998,2.7094
che,1999,2.5447
che,2000,2.4226
che,2001,2.3198
che,2002,2.2347
che,2003,2.1654
che,2004,2.0905
che,2005,2.0113
che,2006,1.9110
che,2007,1.8045
che,2008,1.7044
che,2009,1.6164
che,2010,1.5559
che,2011,1.5164
che,2012,1.4955
che,2013,1.4815
che,2014,1.4585
che,2015,1.4368
che,2016,1.4104
che,2017,1.3848
che,2018,1.3584
che,2019,1.3260
che,2020,1.2959
che,2021,1.2642
che,2022,1.2408
che,2023,1.2348
che,2024,1.2483
chl,1969,57.151
chl,1970,55.834
chl,1971,54.378
chl,1972,52.994
chl,1973,52.153
chl,1974,51.231
chl,1975,48.798
chl,1976,43.088
chl,1977,35.919
chl,1978,29.363
chl,1979,24.060
chl,1980,20.410
chl,1981,18.507
chl,1982,17.295
chl,1983,16.166
chl,1984,15.003
chl,1985,14.233
chl,1986,13.753
chl,1987,13.520
chl,1988,13.315
chl,1989,12.708
chl,1990,11.986
chl,1991,11.126
chl,1992,10.269
chl,1993,9.3799
chl,1994,8.4262
chl,1995,7.6532
chl,1996,7.0289
chl,1997,6.6073
chl,1998,6.3365
chl,1999,6.0890
chl,2000,5.8906
chl,2001,5.5638
chl,2002,5.1992
chl,2003,4.8589
chl,2004,4.5002
chl,2005,4.2247
chl,2006,3.9621
chl,2007,3.7945
chl,2008,3.7733
chl,2009,3.8193
chl,2010,3.8740
chl,2011,3.7335
chl,2012,3.5078
chl,2013,3.3602
chl,2014,3.2765
chl,2015,3.2108
chl,2016,2.9673
chl,2017,2.6824
chl,2018,2.5317
chl,2019,2.5040
chl,2020,2.5344
chl,2021,2.4638
chl,2022,2.4704
chl,2023,2.5844
chl,2024,2.9210
chn,1990,28.935
chn,1991,28.158
chn,1992,27.303
chn,1993,26.409
chn,1994,25.373
chn,1995,24.389
chn,1996,23.366
chn,1997,22.385
chn,1998,21.364
chn,1999,20.173
chn,2000,18.797
chn,2001,17.298
chn,2002,15.973
chn,2003,14.683
chn,2004,13.417
chn,2005,12.293
chn,2006,11.309
chn,2007,10.489
chn,2008,9.7917
chn,2009,9.1952
chn,2010,8.6692
chn,2011,8.1632
chn,2012,7.6778
chn,2013,7.1951
chn,2014,6.7214
chn,2015,6.3042
chn,2016,5.9140
chn,2017,5.5640
chn,2018,5.2569
chn,2019,4.9524
chn,2020,4.6850
chn,2021,4.4220
chn,2022,4.1834
chn,2023,3.9996
chn,2024,3.8481
civ,1958,328.92
civ,1959,315.97
civ,1960,303.34
civ,1961,292.13
civ,1962,281.49
civ,1963,271.23
civ,1964,261.29
civ,1965,251.91
civ,1966,242.91
civ,1967,234.44
civ,1968,225.91
civ,1969,217.62
civ,1970,209.66
civ,1971,201.68
civ,1972,193.69
civ,1973,186.03
civ,1974,178.25
civ,1975,170.13
civ,1976,161.85
civ,1977,153.88
civ,1978,146.64
civ,1979,140.32
civ,1980,134.78
civ,1981,130.46
civ,1982,126.72
civ,1983,123.63
civ,1984,120.96
civ,1985,119.14
civ,1986,117.97
civ,1987,117.36
civ,1988,117.44
civ,1989,117.83
civ,1990,118.97
civ,1991,120.30
civ,1992,121.42
civ,1993,121.99
civ,1994,122.31
civ,1995,122.11
civ,1996,121.69
civ,1997,121.06
civ,1998,119.84
civ,1999,117.97
civ,2000,115.59
civ,2001,112.72
civ,2002,109.40
civ,2003,105.80
civ,2004,101.98
civ,2005,98.112
civ,2006,94.046
civ,2007,90.461
civ,2008,86.681
civ,2009,82.382
civ,2010,78.933
civ,2011,75.615
civ,2012,72.968
civ,2013,70.404
civ,2014,67.633
civ,2015,64.606
civ,2016,61.930
civ,2017,60.103
civ,2018,58.217
civ,2019,56.232
civ,2020,54.467
civ,2021,53.253
civ,2022,51.996
civ,2023,51.023
civ,2024,50.509
cmr,1956,315.60
cmr,1957,299.79
cmr,1958,286.76
cmr,1959,274.80
cmr,1960,265.10
cmr,1961,256.40
cmr,1962,249.17
cmr,1963,243.09
cmr,1964,237.27
cmr,1965,231.27
cmr,1966,224.86
cmr,1967,217.39
cmr,1968,209.06
cmr,1969,199.88
cmr,1970,190.82
cmr,1971,182.58
cmr,1972,175.40
cmr,1973,169.51
cmr,1974,165.21
cmr,1975,162.04
cmr,1976,159.95
cmr,1977,158.82
cmr,1978,157.52
cmr,1979,155.41
cmr,1980,152.41
cmr,1981,148.11
cmr,1982,142.61
cmr,1983,136.66
cmr,1984,130.21
cmr,1985,124.21
cmr,1986,118.74
cmr,1987,114.34
cmr,1988,111.13
cmr,1989,109.03
cmr,1990,108.43
cmr,1991,109.01
cmr,1992,110.59
cmr,1993,113.05
cmr,1994,116.05
cmr,1995,118.99
cmr,1996,121.51
cmr,1997,123.38
cmr,1998,124.48
cmr,1999,124.72
cmr,2000,124.20
cmr,2001,122.57
cmr,2002,119.92
cmr,2003,116.86
cmr,2004,113.47
cmr,2005,110.26
cmr,2006,107.05
cmr,2007,103.61
cmr,2008,100.42
cmr,2009,96.908
cmr,2010,93.630
cmr,2011,89.290
cmr,2012,85.093
cmr,2013,80.774
cmr,2014,76.374
cmr,2015,72.482
cmr,2016,68.824
cmr,2017,66.269
cmr,2018,64.161
cmr,2019,62.672
cmr,2020,62.005
cmr,2021,61.223
cmr,2022,60.483
cmr,2023,59.437
cmr,2024,58.683
cod,1985,185.33
cod,1986,181.87
cod,1987,178.58
cod,1988,175.60
cod,1989,172.77
cod,1990,170.31
cod,1991,167.81
cod,1992,165.22
cod,1993,162.85
cod,1994,160.70
cod,1995,158.66
cod,1996,156.69
cod,1997,154.74
cod,1998,151.97
cod,1999,148.74
cod,2000,144.91
cod,2001,140.38
cod,2002,135.78
cod,2003,131.09
cod,2004,126.30
cod,2005,121.47
cod,2006,116.96
cod,2007,113.15
cod,2008,109.46
cod,2009,106.41
cod,2010,103.71
cod,2011,101.13
cod,2012,98.524
cod,2013,96.578
cod,2014,94.746
cod,2015,93.560
cod,2016,92.180
cod,2017,91.179
cod,2018,90.364
cod,2019,89.912
cod,2020,89.358
cod,2021,88.237
cod,2022,87.660
cod,2023,86.743
cod,2024,85.676
cog,1983,92.032
cog,1984,87.048
cog,1985,82.951
cog,1986,79.525
cog,1987,76.987
cog,1988,75.280
cog,1989,74.381
cog,1990,74.295
cog,1991,75.139
cog,1992,76.487
cog,1993,78.517
cog,1994,81.036
cog,1995,83.820
cog,1996,87.153
cog,1997,90.608
cog,1998,93.641
cog,1999,96.029
cog,2000,96.963
cog,2001,95.908
cog,2002,93.100
cog,2003,88.559
cog,2004,82.627
cog,2005,76.039
cog,2006,69.574
cog,2007,63.470
cog,2008,58.152
cog,2009,53.631
cog,2010,50.271
cog,2011,47.789
cog,2012,46.232
cog,2013,45.932
cog,2014,46.403
cog,2015,46.669
cog,2016,46.969
cog,2017,46.952
cog,2018,46.999
cog,2019,47.034
cog,2020,57.035
cog,2021,46.145
cog,2022,45.761
cog,2023,45.033
cog,2024,44.732
cok,1990,14.625
cok,1991,14.680
cok,1992,14.748
cok,1993,14.784
cok,1994,14.738
cok,1995,14.634
cok,1996,14.376
cok,1997,14.103
cok,1998,13.704
cok,1999,13.197
cok,2000,12.713
cok,2001,12.216
cok,2002,11.800
cok,2003,11.367
cok,2004,11.008
cok,2005,10.654
cok,2006,10.248
cok,2007,9.8811
cok,2008,9.5646
cok,2009,9.3117
cok,2010,9.1111
cok,2011,9.0557
cok,2012,9.0475
cok,2013,9.1323
cok,2014,9.3398
cok,2015,9.6216
cok,2016,9.9672
cok,2017,10.346
cok,2018,10.742
cok,2019,11.135
cok,2020,11.421
cok,2021,11.622
cok,2022,11.707
cok,2023,11.791
cok,2024,11.801
col,1955,146.52
col,1956,138.91
col,1957,131.93
col,1958,125.83
col,1959,120.00
col,1960,114.75
col,1961,109.76
col,1962,105.06
col,1963,100.93
col,1964,97.145
col,1965,93.635
col,1966,90.419
col,1967,87.291
col,1968,84.183
col,1969,80.862
col,1970,77.568
col,1971,74.170
col,1972,70.629
col,1973,67.067
col,1974,63.464
col,1975,59.797
col,1976,56.131
col,1977,52.371
col,1978,48.742
col,1979,45.216
col,1980,41.858
col,1981,38.673
col,1982,35.685
col,1983,32.912
col,1984,30.406
col,1985,28.205
col,1986,31.613
col,1987,24.439
col,1988,22.936
col,1989,21.647
col,1990,20.524
col,1991,19.607
col,1992,18.740
col,1993,17.918
col,1994,17.144
col,1995,16.379
col,1996,15.678
col,1997,15.003
col,1998,14.433
col,1999,13.892
col,2000,13.430
col,2001,13.017
col,2002,12.627
col,2003,12.238
col,2004,11.860
col,2005,11.520
col,2006,11.189
col,2007,10.902
col,2008,10.645
col,2009,10.400
col,2010,10.175
col,2011,9.9498
col,2012,9.7202
col,2013,9.5695
col,2014,9.4086
col,2015,9.2532
col,2016,9.1465
col,2017,9.0615
col,2018,9.0295
col,2019,8.9669
col,2020,8.9108
col,2021,8.9151
col,2022,8.9051
col,2023,8.8598
col,2024,8.9312
com,1974,178.70
com,1975,169.71
com,1976,161.12
com,1977,152.98
com,1978,145.22
com,1979,138.59
com,1980,132.42
com,1981,127.19
com,1982,122.01
com,1983,117.07
com,1984,112.40
com,1985,108.44
com,1986,104.80
com,1987,100.84
com,1988,97.024
com,1989,93.779
com,1990,90.641
com,1991,87.325
com,1992,84.060
com,1993,80.749
com,1994,77.490
com,1995,74.034
com,1996,70.817
com,1997,67.846
com,1998,65.034
com,1999,62.253
com,2000,59.334
com,2001,56.570
com,2002,53.789
com,2003,51.029
com,2004,48.350
com,2005,45.692
com,2006,43.353
com,2007,41.066
com,2008,38.979
com,2009,37.070
com,2010,35.326
com,2011,33.832
com,2012,32.472
com,2013,31.291
com,2014,30.241
com,2015,29.368
com,2016,28.561
com,2017,27.807
com,2018,27.223
com,2019,26.767
com,2020,26.308
com,2021,26.155
com,2022,25.866
com,2023,25.607
com,2024,25.323
cpv,1976,87.710
cpv,1977,80.649
cpv,1978,74.600
cpv,1979,69.617
cpv,1980,65.842
cpv,1981,63.372
cpv,1982,62.095
cpv,1983,61.243
cpv,1984,60.572
cpv,1985,59.232
cpv,1986,57.170
cpv,1987,54.388
cpv,1988,50.855
cpv,1989,47.256
cpv,1990,43.961
cpv,1991,41.390
cpv,1992,40.056
cpv,1993,39.829
cpv,1994,40.122
cpv,1995,39.969
cpv,1996,38.883
cpv,1997,36.534
cpv,1998,32.864
cpv,1999,28.669
cpv,2000,24.446
cpv,2001,20.832
cpv,2002,18.316
cpv,2003,16.359
cpv,2004,14.999
cpv,2005,14.078
cpv,2006,13.549
cpv,2007,13.251
cpv,2008,13.037
cpv,2009,12.824
cpv,2010,12.450
cpv,2011,11.899
cpv,2012,11.232
cpv,2013,10.505
cpv,2014,9.6796
cpv,2015,8.7323
cpv,2016,7.7849
cpv,2017,6.9463
cpv,2018,6.2356
cpv,2019,5.6512
cpv,2020,5.1385
cpv,2021,4.7245
cpv,2022,4.4184
cpv,2023,4.1887
cpv,2024,4.1141
cri,1954,103.16
cri,1955,100.07
cri,1956,96.541
cri,1957,92.131
cri,1958,86.940
cri,1959,81.518
cri,1960,76.311
cri,1961,72.067
cri,1962,69.341
cri,1963,68.062
cri,1964,67.576
cri,1965,66.680
cri,1966,65.245
cri,1967,63.096
cri,1968,60.543
cri,1969,57.938
cri,1970,55.482
cri,1971,52.988
cri,1972,49.688
cri,1973,45.371
cri,1974,40.420
cri,1975,35.047
cri,1976,29.664
cri,1977,24.566
cri,1978,20.431
cri,1979,17.436
cri,1980,15.176
cri,1981,13.662
cri,1982,12.809
cri,1983,12.386
cri,1984,12.243
cri,1985,12.150
cri,1986,11.954
cri,1987,11.451
cri,1988,10.623
cri,1989,9.7602
cri,1990,9.0406
cri,1991,8.4743
cri,1992,7.9404
cri,1993,7.3706
cri,1994,6.9565
cri,1995,6.7563
cri,1996,6.7261
cri,1997,6.7709
cri,1998,6.7437
cri,1999,6.6062
cri,2000,6.2713
cri,2001,5.8559
cri,2002,5.4677
cri,2003,5.1666
cri,2004,4.9468
cri,2005,4.7404
cri,2006,4.5900
cri,2007,4.5172
cri,2008,4.4840
cri,2009,4.4700
cri,2010,4.3719
cri,2011,4.1913
cri,2012,3.9523
cri,2013,3.6685
cri,2014,3.4095
cri,2015,3.1914
cri,2016,3.0443
cri,2017,2.9725
cri,2018,2.9599
cri,2019,3.0138
cri,2020,3.1018
cri,2021,3.2119
cri,2022,3.3544
cri,2023,3.5213
cri,2024,3.7494
cub,1969,21.787
cub,1970,21.304
cub,1971,20.701
cub,1972,19.211
cub,1973,17.120
cub,1974,15.301
cub,1975,14.526
cub,1976,14.230
cub,1977,13.370
cub,1978,11.631
cub,1979,9.9446
cub,1980,8.9446
cub,1981,8.6631
cub,1982,8.8898
cub,1983,9.3659
cub,1984,9.7383
cub,1985,9.6822
cub,1986,9.2981
cub,1987,8.8178
cub,1988,8.3816
cub,1989,8.0447
cub,1990,7.7866
cub,1991,7.5191
cub,1992,7.1022
cub,1993,6.5418
cub,1994,6.0537
cub,1995,5.7887
cub,1996,5.7462
cub,1997,5.7576
cub,1998,5.7398
cub,1999,5.6383
cub,2000,5.3724
cub,2001,5.0543
cub,2002,4.7770
cub,2003,4.5957
cub,2004,4.4842
cub,2005,4.3964
cub,2006,4.3190
cub,2007,4.2141
cub,2008,4.0800
cub,2009,3.9576
cub,2010,3.8700
cub,2011,3.8315
cub,2012,3.8361
cub,2013,3.8616
cub,2014,3.9102
cub,2015,3.9698
cub,2016,4.0405
cub,2017,4.1062
cub,2018,4.1542
cub,2019,4.1919
cub,2020,4.2157
cub,2021,4.2693
cub,2022,4.4290
cub,2023,4.7530
cub,2024,5.1974
cyp,1990,6.4301
cyp,1991,6.3446
cyp,1992,6.1741
cyp,1993,5.9421
cyp,1994,5.6279
cyp,1995,5.2954
cyp,1996,4.9739
cyp,1997,4.6438
cyp,1998,4.3582
cyp,1999,4.0810
cyp,2000,3.8196
cyp,2001,3.5692
cyp,2002,3.3224
cyp,2003,3.1070
cyp,2004,2.8638
cyp,2005,2.6264
cyp,2006,2.4220
cyp,2007,2.2369
cyp,2008,2.0783
cyp,2009,1.9219
cyp,2010,1.7937
cyp,2011,1.6856
cyp,2012,1.5951
cyp,2013,1.5331
cyp,2014,1.4882
cyp,2015,1.4642
cyp,2016,1.4613
cyp,2017,1.4759
cyp,2018,1.5137
cyp,2019,1.5621
cyp,2020,1.6391
cyp,2021,1.7419
cyp,2022,1.8778
cyp,2023,2.0355
cyp,2024,2.1961
cze,1983,5.1202
cze,1984,5.1573
cze,1985,5.3887
cze,1986,5.6217
cze,1987,5.7719
cze,1988,5.7445
cze,1989,5.5012
cze,1990,5.2755
cze,1991,5.1688
cze,1992,5.1538
cze,1993,5.0799
cze,1994,4.8424
cze,1995,4.5424
cze,1996,4.2023
cze,1997,3.8715
cze,1998,3.5728
cze,1999,3.3029
cze,2000,3.0925
cze,2001,2.9269
cze,2002,2.8045
cze,2003,2.6947
cze,2004,2.5651
cze,2005,2.4391
cze,2006,2.2984
cze,2007,2.1658
cze,2008,2.0566
cze,2009,1.9627
cze,2010,1.8905
cze,2011,1.8106
cze,2012,1.7424
cze,2013,1.6971
cze,2014,1.6731
cze,2015,1.6719
cze,2016,1.6727
cze,2017,1.6693
cze,2018,1.6532
cze,2019,1.6067
cze,2020,1.5514
cze,2021,1.4954
cze,2022,1.4484
cze,2023,1.4084
cze,2024,1.3852
deu,1970,12.680
deu,1971,12.157
deu,1972,11.507
deu,1973,11.095
deu,1974,11.022
deu,1975,11.033
deu,1976,10.868
deu,1977,10.615
deu,1978,10.433
deu,1979,10.343
deu,1980,10.198
deu,1981,9.8652
deu,1982,9.4071
deu,1983,8.9172
deu,1984,8.4399
deu,1985,8.0257
deu,1986,7.6797
deu,1987,7.3597
deu,1988,6.9837
deu,1989,6.5052
deu,1990,5.9505
deu,1991,5.3353
deu,1992,4.7479
deu,1993,4.2822
deu,1994,3.9576
deu,1995,3.7241
deu,1996,3.5017
deu,1997,3.2904
deu,1998,3.1062
deu,1999,2.9487
deu,2000,2.8166
deu,2001,2.6831
deu,2002,2.5662
deu,2003,2.4688
deu,2004,2.3845
deu,2005,2.3046
deu,2006,2.2057
deu,2007,2.1100
deu,2008,2.0442
deu,2009,2.0118
deu,2010,1.9907
deu,2011,1.9432
deu,2012,1.8819
deu,2013,1.8235
deu,2014,1.7697
deu,2015,1.7338
deu,2016,1.7037
deu,2017,1.6755
deu,2018,1.6392
deu,2019,1.5849
deu,2020,1.5352
deu,2021,1.4947
deu,2022,1.4689
deu,2023,1.4480
deu,2024,1.4359
dji,1980,133.45
dji,1981,126.80
dji,1982,120.92
dji,1983,115.63
dji,1984,110.68
dji,1985,105.68
dji,1986,101.45
dji,1987,97.154
dji,1988,93.495
dji,1989,90.321
dji,1990,87.174
dji,1991,84.336
dji,1992,81.944
dji,1993,79.921
dji,1994,78.493
dji,1995,77.274
dji,1996,76.563
dji,1997,75.944
dji,1998,75.337
dji,1999,74.253
dji,2000,72.979
dji,2001,71.373
dji,2002,69.661
dji,2003,67.517
dji,2004,65.485
dji,2005,63.457
dji,2006,61.411
dji,2007,59.389
dji,2008,57.402
dji,2009,55.770
dji,2010,54.328
dji,2011,53.501
dji,2012,52.523
dji,2013,51.528
dji,2014,50.795
dji,2015,50.025
dji,2016,49.353
dji,2017,48.901
dji,2018,48.543
dji,2019,48.062
dji,2020,47.615
dji,2021,46.815
dji,2022,46.237
dji,2023,45.785
dji,2024,44.903
dma,1970,44.148
dma,1971,39.499
dma,1972,35.470
dma,1973,31.826
dma,1974,28.436
dma,1975,25.221
dma,1976,22.270
dma,1977,19.917
dma,1978,17.836
dma,1979,16.049
dma,1980,14.550
dma,1981,13.292
dma,1982,12.274
dma,1983,11.397
dma,1984,10.655
dma,1985,10.099
dma,1986,9.6419
dma,1987,9.3357
dma,1988,9.1034
dma,1989,8.9677
dma,1990,8.8984
dma,1991,8.8637
dma,1992,8.8661
dma,1993,8.8345
dma,1994,8.7874
dma,1995,8.7012
dma,1996,8.5545
dma,1997,8.4085
dma,1998,8.2494
dma,1999,8.0940
dma,2000,7.9720
dma,2001,7.8647
dma,2002,7.7868
dma,2003,7.6860
dma,2004,7.6015
dma,2005,7.5066
dma,2006,7.4097
dma,2007,7.3025
dma,2008,7.1511
dma,2009,6.9504
dma,2010,6.7112
dma,2011,6.3746
dma,2012,6.0619
dma,2013,5.7231
dma,2014,5.3778
dma,2015,5.0729
dma,2016,4.8244
dma,2017,4.6832
dma,2018,4.7151
dma,2019,4.9021
dma,2020,5.2062
dma,2021,5.5704
dma,2022,5.9462
dma,2023,6.2625
dma,2024,6.5134
dnk,1961,9.7329
dnk,1962,9.2309
dnk,1963,8.9181
dnk,1964,8.6269
dnk,1965,8.2736
dnk,1966,7.7775
dnk,1967,7.1354
dnk,1968,6.6089
dnk,1969,6.3055
dnk,1970,6.2068
dnk,1971,6.1235
dnk,1972,5.8978
dnk,1973,5.6016
dnk,1974,5.2938
dnk,1975,5.0801
dnk,1976,5.0074
dnk,1977,5.0342
dnk,1978,5.1084
dnk,1979,5.0816
dnk,1980,5.0161
dnk,1981,4.9839
dnk,1982,4.9919
dnk,1983,5.0394
dnk,1984,5.0603
dnk,1985,5.0911
dnk,1986,5.1570
dnk,1987,5.2250
dnk,1988,5.2811
dnk,1989,5.2610
dnk,1990,5.1299
dnk,1991,4.8706
dnk,1992,4.4970
dnk,1993,4.0806
dnk,1994,3.6384
dnk,1995,3.2246
dnk,1996,2.8779
dnk,1997,2.5924
dnk,1998,2.4171
dnk,1999,2.3306
dnk,2000,2.3113
dnk,2001,2.3418
dnk,2002,2.3691
dnk,2003,2.3655
dnk,2004,2.2462
dnk,2005,2.0575
dnk,2006,1.8950
dnk,2007,1.7820
dnk,2008,1.7126
dnk,2009,1.6431
dnk,2010,1.5569
dnk,2011,1.4180
dnk,2012,1.2627
dnk,2013,1.1703
dnk,2014,1.1366
dnk,2015,1.1538
dnk,2016,1.1934
dnk,2017,1.2137
dnk,2018,1.2541
dnk,2019,1.3015
dnk,2020,1.3702
dnk,2021,1.4891
dnk,2022,1.6820
dnk,2023,1.9434
dnk,2024,2.1266
dom,1964,116.36
dom,1965,113.49
dom,1966,110.36
dom,1967,107.11
dom,1968,103.90
dom,1969,100.66
dom,1970,97.402
dom,1971,94.073
dom,1972,90.353
dom,1973,86.432
dom,1974,82.344
dom,1975,78.261
dom,1976,74.405
dom,1977,70.571
dom,1978,67.166
dom,1979,64.178
dom,1980,61.792
dom,1981,59.549
dom,1982,57.218
dom,1983,55.050
dom,1984,52.994
dom,1985,51.083
dom,1986,49.191
dom,1987,47.093
dom,1988,45.115
dom,1989,43.085
dom,1990,41.094
dom,1991,39.105
dom,1992,37.036
dom,1993,34.917
dom,1994,32.620
dom,1995,30.306
dom,1996,28.035
dom,1997,25.852
dom,1998,23.856
dom,1999,21.989
dom,2000,20.422
dom,2001,19.143
dom,2002,18.100
dom,2003,17.279
dom,2004,16.513
dom,2005,15.815
dom,2006,15.183
dom,2007,14.622
dom,2008,14.182
dom,2009,13.769
dom,2010,13.470
dom,2011,13.250
dom,2012,13.128
dom,2013,13.096
dom,2014,13.133
dom,2015,13.269
dom,2016,13.478
dom,2017,13.776
dom,2018,14.100
dom,2019,14.402
dom,2020,14.661
dom,2021,14.840
dom,2022,14.984
dom,2023,15.135
dom,2024,15.204
dza,1970,212.15
dza,1971,208.96
dza,1972,204.20
dza,1973,198.50
dza,1974,191.38
dza,1975,183.44
dza,1976,174.45
dza,1977,164.94
dza,1978,154.73
dza,1979,143.77
dza,1980,132.02
dza,1981,119.18
dza,1982,105.21
dza,1983,89.869
dza,1984,74.127
dza,1985,60.328
dza,1986,49.526
dza,1987,41.659
dza,1988,36.551
dza,1989,33.516
dza,1990,31.916
dza,1991,31.080
dza,1992,30.663
dza,1993,30.267
dza,1994,29.692
dza,1995,28.983
dza,1996,27.971
dza,1997,26.831
dza,1998,25.531
dza,1999,24.148
dza,2000,22.860
dza,2001,21.542
dza,2002,20.298
dza,2003,19.003
dza,2004,17.722
dza,2005,16.680
dza,2006,15.617
dza,2007,14.589
dza,2008,13.632
dza,2009,12.749
dza,2010,11.984
dza,2011,11.252
dza,2012,10.679
dza,2013,10.428
dza,2014,10.542
dza,2015,10.736
dza,2016,10.675
dza,2017,10.316
dza,2018,9.6949
dza,2019,8.9092
dza,2020,8.1965
dza,2021,7.7212
dza,2022,7.4980
dza,2023,7.5026
dza,2024,7.6509
ecu,1957,199.17
ecu,1958,182.86
ecu,1959,170.09
ecu,1960,158.33
ecu,1961,148.20
ecu,1962,139.47
ecu,1963,131.82
ecu,1964,125.33
ecu,1965,119.92
ecu,1966,116.34
ecu,1967,113.38
ecu,1968,110.91
ecu,1969,108.94
ecu,1970,106.99
ecu,1971,104.76
ecu,1972,101.99
ecu,1973,98.533
ecu,1974,94.533
ecu,1975,90.200
ecu,1976,85.998
ecu,1977,81.718
ecu,1978,77.448
ecu,1979,73.411
ecu,1980,69.689
ecu,1981,65.998
ecu,1982,62.429
ecu,1983,58.755
ecu,1984,55.277
ecu,1985,51.914
ecu,1986,48.997
ecu,1987,46.367
ecu,1988,43.876
ecu,1989,41.528
ecu,1990,39.312
ecu,1991,36.974
ecu,1992,34.709
ecu,1993,32.385
ecu,1994,30.071
ecu,1995,27.810
ecu,1996,25.621
ecu,1997,23.520
ecu,1998,21.815
ecu,1999,20.509
ecu,2000,19.276
ecu,2001,18.225
ecu,2002,17.319
ecu,2003,16.537
ecu,2004,15.845
ecu,2005,15.243
ecu,2006,14.692
ecu,2007,14.185
ecu,2008,13.637
ecu,2009,13.072
ecu,2010,12.481
ecu,2011,11.867
ecu,2012,11.213
ecu,2013,10.547
ecu,2014,9.9402
ecu,2015,9.3839
ecu,2016,8.8605
ecu,2017,8.4101
ecu,2018,8.0080
ecu,2019,7.6616
ecu,2020,7.3516
ecu,2021,7.0631
ecu,2022,6.8795
ecu,2023,6.8490
ecu,2024,6.9228
egy,1958,335.52
egy,1959,322.31
egy,1960,310.58
egy,1961,298.78
egy,1962,286.82
egy,1963,274.33
egy,1964,262.68
egy,1965,251.92
egy,1966,242.23
egy,1967,233.75
egy,1968,226.87
egy,1969,220.79
egy,1970,215.96
egy,1971,211.73
egy,1972,207.53
egy,1973,202.39
egy,1974,196.11
egy,1975,188.33
egy,1976,179.24
egy,1977,169.45
egy,1978,159.38
egy,1979,149.31
egy,1980,139.47
egy,1981,130.11
egy,1982,120.86
egy,1983,111.70
egy,1984,102.65
egy,1985,93.417
egy,1986,84.695
egy,1987,77.192
egy,1988,70.899
egy,1989,65.596
egy,1990,61.262
egy,1991,57.671
egy,1992,54.465
egy,1993,51.328
egy,1994,48.204
egy,1995,44.816
egy,1996,41.416
egy,1997,37.979
egy,1998,34.734
egy,1999,31.766
egy,2000,29.082
egy,2001,26.718
egy,2002,24.641
egy,2003,22.812
egy,2004,21.235
egy,2005,19.849
egy,2006,18.806
egy,2007,18.070
egy,2008,17.353
egy,2009,16.709
egy,2010,16.133
egy,2011,15.609
egy,2012,15.158
egy,2013,14.812
egy,2014,14.566
egy,2015,14.381
egy,2016,14.251
egy,2017,14.117
egy,2018,14.050
egy,2019,14.063
egy,2020,14.003
egy,2021,13.911
egy,2022,13.873
egy,2023,13.874
egy,2024,13.802
eri,1978,191.03
eri,1979,185.59
eri,1980,181.20
eri,1981,177.59
eri,1982,174.40
eri,1983,170.93
eri,1984,272.95
eri,1985,266.01
eri,1986,254.23
eri,1987,247.55
eri,1988,151.43
eri,1989,146.83
eri,1990,141.42
eri,1991,135.11
eri,1992,128.00
eri,1993,120.05
eri,1994,111.78
eri,1995,103.62
eri,1996,95.796
eri,1997,88.643
eri,1998,82.180
eri,1999,76.429
eri,2000,92.022
eri,2001,66.438
eri,2002,62.294
eri,2003,58.650
eri,2004,55.311
eri,2005,52.213
eri,2006,49.389
eri,2007,46.834
eri,2008,44.591
eri,2009,42.879
eri,2010,41.612
eri,2011,40.786
eri,2012,40.277
eri,2013,39.822
eri,2014,39.582
eri,2015,39.473
eri,2016,39.144
eri,2017,38.758
eri,2018,38.562
eri,2019,38.177
eri,2020,37.867
eri,2021,37.487
eri,2022,36.944
eri,2023,36.699
eri,2024,36.612
esp,1961,36.102
esp,1962,32.993
esp,1963,29.713
esp,1964,26.858
esp,1965,24.785
esp,1966,23.205
esp,1967,21.563
esp,1968,19.616
esp,1969,17.774
esp,1970,16.348
esp,1971,15.114
esp,1972,13.964
esp,1973,12.802
esp,1974,11.657
esp,1975,10.495
esp,1976,9.4785
esp,1977,8.7464
esp,1978,8.2432
esp,1979,7.7188
esp,1980,6.9414
esp,1981,6.1243
esp,1982,5.5278
esp,1983,5.2277
esp,1984,5.1127
esp,1985,5.0478
esp,1986,4.9925
esp,1987,4.9292
esp,1988,4.8305
esp,1989,4.7108
esp,1990,4.5530
esp,1991,4.3955
esp,1992,4.2507
esp,1993,4.1026
esp,1994,3.9236
esp,1995,3.6612
esp,1996,3.3836
esp,1997,3.1700
esp,1998,3.0369
esp,1999,2.9428
esp,2000,2.8287
esp,2001,2.7105
esp,2002,2.6207
esp,2003,2.5561
esp,2004,2.5124
esp,2005,2.4498
esp,2006,2.3758
esp,2007,2.2968
esp,2008,2.2036
esp,2009,2.0947
esp,2010,1.9517
esp,2011,1.8004
esp,2012,1.6683
esp,2013,1.5633
esp,2014,1.4960
esp,2015,1.4541
esp,2016,1.4343
esp,2017,1.4252
esp,2018,1.4117
esp,2019,1.4065
esp,2020,1.4022
esp,2021,1.4093
esp,2022,1.4303
esp,2023,1.4759
esp,2024,1.5497
est,1989,8.3451
est,1990,8.4372
est,1991,8.5482
est,1992,8.5267
est,1993,8.2967
est,1994,8.1050
est,1995,7.9463
est,1996,7.8256
est,1997,7.6979
est,1998,7.4912
est,1999,7.1962
est,2000,6.7572
est,2001,6.2810
est,2002,5.8056
est,2003,5.3439
est,2004,4.9223
est,2005,4.5115
est,2006,4.1352
est,2007,3.7881
est,2008,3.4722
est,2009,3.1989
est,2010,2.9468
est,2011,2.7313
est,2012,2.5345
est,2013,2.3570
est,2014,2.2073
est,2015,2.0683
est,2016,1.9445
est,2017,1.8353
est,2018,1.7343
est,2019,1.6440
est,2020,1.5614
est,2021,1.4928
est,2022,1.4388
est,2023,1.3981
est,2024,1.3693
eth,1978,211.90
eth,1979,209.45
eth,1980,207.45
eth,1981,204.50
eth,1982,201.08
eth,1983,197.16
eth,1984,294.81
eth,1985,288.59
eth,1986,276.39
eth,1987,269.37
eth,1988,176.09
eth,1989,172.07
eth,1990,167.89
eth,1991,163.43
eth,1992,158.68
eth,1993,153.21
eth,1994,147.41
eth,1995,141.28
eth,1996,135.18
eth,1997,128.97
eth,1998,122.74
eth,1999,116.73
eth,2000,110.80
eth,2001,104.99
eth,2002,98.992
eth,2003,92.793
eth,2004,86.548
eth,2005,80.147
eth,2006,74.104
eth,2007,68.365
eth,2008,63.123
eth,2009,58.513
eth,2010,54.420
eth,2011,50.820
eth,2012,47.489
eth,2013,44.493
eth,2014,41.675
eth,2015,39.067
eth,2016,36.677
eth,2017,34.579
eth,2018,32.691
eth,2019,31.275
eth,2020,30.140
eth,2021,29.365
eth,2022,28.740
eth,2023,28.146
eth,2024,27.664
fin,1961,11.841
fin,1962,10.612
fin,1963,9.6140
fin,1964,8.7882
fin,1965,8.1565
fin,1966,7.6451
fin,1967,7.2458
fin,1968,6.9119
fin,1969,6.6051
fin,1970,6.3276
fin,1971,6.0198
fin,1972,5.7200
fin,1973,5.4831
fin,1974,5.2812
fin,1975,5.1045
fin,1976,4.8820
fin,1977,4.6417
fin,1978,4.3909
fin,1979,4.1377
fin,1980,3.9286
fin,1981,3.7610
fin,1982,3.6373
fin,1983,3.5355
fin,1984,3.4271
fin,1985,3.3537
fin,1986,3.3083
fin,1987,3.2901
fin,1988,3.2842
fin,1989,3.2562
fin,1990,3.1926
fin,1991,3.0601
fin,1992,2.8904
fin,1993,2.7078
fin,1994,2.5379
fin,1995,2.3914
fin,1996,2.2642
fin,1997,2.1573
fin,1998,2.0748
fin,1999,2.0066
fin,2000,1.9591
fin,2001,1.9290
fin,2002,1.9107
fin,2003,1.8994
fin,2004,1.8797
fin,2005,1.8501
fin,2006,1.7957
fin,2007,1.7255
fin,2008,1.6514
fin,2009,1.5786
fin,2010,1.5185
fin,2011,1.4638
fin,2012,1.4173
fin,2013,1.3657
fin,2014,1.3031
fin,2015,1.2414
fin,2016,1.1844
fin,2017,1.1390
fin,2018,1.1060
fin,2019,1.0821
fin,2020,1.0694
fin,2021,1.0653
fin,2022,1.0688
fin,2023,1.0857
fin,2024,1.1142
fji,1990,20.187
fji,1991,19.363
fji,1992,18.526
fji,1993,17.773
fji,1994,17.048
fji,1995,16.425
fji,1996,15.835
fji,1997,15.340
fji,1998,14.902
fji,1999,14.545
fji,2000,14.220
fji,2001,13.970
fji,2002,13.679
fji,2003,13.392
fji,2004,13.141
fji,2005,12.916
fji,2006,12.931
fji,2007,13.314
fji,2008,13.927
fji,2009,14.436
fji,2010,14.618
fji,2011,14.580
fji,2012,14.287
fji,2013,13.954
fji,2014,13.698
fji,2015,13.548
fji,2016,13.567
fji,2017,13.674
fji,2018,13.886
fji,2019,14.242
fji,2020,14.805
fji,2021,15.602
fji,2022,16.497
fji,2023,17.409
fji,2024,18.216
fra,1961,10.734
fra,1962,10.374
fra,1963,9.7817
fra,1964,8.7895
fra,1965,7.7533
fra,1966,6.9440
fra,1967,6.6504
fra,1968,7.1581
fra,1969,8.4012
fra,1970,9.5012
fra,1971,9.5526
fra,1972,8.8720
fra,1973,8.2178
fra,1974,7.9086
fra,1975,7.6960
fra,1976,7.2958
fra,1977,6.8511
fra,1978,6.6515
fra,1979,6.7647
fra,1980,6.9438
fra,1981,6.9341
fra,1982,6.7602
fra,1983,6.5332
fra,1984,6.3176
fra,1985,6.1528
fra,1986,6.0227
fra,1987,5.9304
fra,1988,5.8549
fra,1989,5.7657
fra,1990,5.6769
fra,1991,5.5564
fra,1992,5.3636
fra,1993,5.0315
fra,1994,4.5596
fra,1995,4.0557
fra,1996,3.5730
fra,1997,3.1841
fra,1998,2.9464
fra,1999,2.8505
fra,2000,2.8175
fra,2001,2.7407
fra,2002,2.6245
fra,2003,2.5071
fra,2004,2.4046
fra,2005,2.3336
fra,2006,2.2729
fra,2007,2.2206
fra,2008,2.1628
fra,2009,2.0866
fra,2010,2.0213
fra,2011,1.9618
fra,2012,1.9179
fra,2013,1.8863
fra,2014,1.8553
fra,2015,1.8350
fra,2016,1.8088
fra,2017,1.7893
fra,2018,1.7733
fra,2019,1.7563
fra,2020,1.7539
fra,2021,1.7528
fra,2022,1.7500
fra,2023,1.7183
fra,2024,1.6705
fsm,1990,35.600
fsm,1991,34.481
fsm,1992,33.705
fsm,1993,32.868
fsm,1994,32.268
fsm,1995,31.733
fsm,1996,31.074
fsm,1997,30.435
fsm,1998,29.697
fsm,1999,28.920
fsm,2000,28.131
fsm,2001,27.338
fsm,2002,26.834
fsm,2003,32.108
fsm,2004,26.436
fsm,2005,26.626
fsm,2006,27.032
fsm,2007,27.578
fsm,2008,28.301
fsm,2009,28.712
fsm,2010,29.003
fsm,2011,29.114
fsm,2012,29.129
fsm,2013,29.113
fsm,2014,28.793
fsm,2015,28.542
fsm,2016,28.342
fsm,2017,28.046
fsm,2018,27.696
fsm,2019,27.528
fsm,2020,27.231
fsm,2021,27.028
fsm,2022,26.961
fsm,2023,26.971
fsm,2024,26.674
gab,1978,113.61
gab,1979,108.21
gab,1980,103.25
gab,1981,98.719
gab,1982,94.272
gab,1983,89.935
gab,1984,86.143
gab,1985,82.368
gab,1986,79.030
gab,1987,75.940
gab,1988,73.337
gab,1989,71.034
gab,1990,69.162
gab,1991,67.616
gab,1992,66.271
gab,1993,65.347
gab,1994,64.728
gab,1995,64.439
gab,1996,63.933
gab,1997,62.929
gab,1998,61.632
gab,1999,59.681
gab,2000,57.416
gab,2001,54.965
gab,2002,52.494
gab,2003,50.120
gab,2004,47.742
gab,2005,45.444
gab,2006,43.402
gab,2007,41.837
gab,2008,39.953
gab,2009,38.293
gab,2010,36.918
gab,2011,35.255
gab,2012,33.605
gab,2013,32.035
gab,2014,30.408
gab,2015,29.403
gab,2016,28.535
gab,2017,27.442
gab,2018,26.876
gab,2019,26.238
gab,2020,25.520
gab,2021,24.591
gab,2022,24.489
gab,2023,24.502
gab,2024,24.704
gbr,1961,11.043
gbr,1962,11.046
gbr,1963,11.043
gbr,1964,10.846
gbr,1965,10.522
gbr,1966,10.194
gbr,1967,9.9284
gbr,1968,9.7451
gbr,1969,9.5943
gbr,1970,9.4500
gbr,1971,9.2762
gbr,1972,9.0265
gbr,1973,8.7099
gbr,1974,8.2932
gbr,1975,7.8690
gbr,1976,7.5406
gbr,1977,7.3441
gbr,1978,7.2387
gbr,1979,7.1462
gbr,1980,7.0498
gbr,1981,6.9205
gbr,1982,6.7421
gbr,1983,6.5523
gbr,1984,6.3561
gbr,1985,6.1963
gbr,1986,6.0979
gbr,1987,6.0470
gbr,1988,5.9780
gbr,1989,5.7911
gbr,1990,5.4650
gbr,1991,5.0012
gbr,1992,4.4489
gbr,1993,3.9480
gbr,1994,3.5714
gbr,1995,3.3299
gbr,1996,3.2067
gbr,1997,3.1609
gbr,1998,3.1294
gbr,1999,3.0378
gbr,2000,2.9240
gbr,2001,2.8545
gbr,2002,2.8447
gbr,2003,2.8499
gbr,2004,2.8060
gbr,2005,2.7283
gbr,2006,2.6535
gbr,2007,2.5901
gbr,2008,2.5297
gbr,2009,2.4458
gbr,2010,2.3463
gbr,2011,2.2469
gbr,2012,2.1535
gbr,2013,2.0801
gbr,2014,2.0173
gbr,2015,1.9591
gbr,2016,1.8922
gbr,2017,1.8076
gbr,2018,1.7373
gbr,2019,1.6966
gbr,2020,1.6966
gbr,2021,1.7277
gbr,2022,1.7989
gbr,2023,1.8990
gbr,2024,1.9959
geo,1978,55.252
geo,1979,50.571
geo,1980,46.253
geo,1981,42.570
geo,1982,39.307
geo,1983,36.681
geo,1984,34.526
geo,1985,32.719
geo,1986,31.306
geo,1987,30.134
geo,1988,29.193
geo,1989,28.372
geo,1990,27.651
geo,1991,27.101
geo,1992,26.481
geo,1993,25.989
geo,1994,25.481
geo,1995,24.870
geo,1996,24.127
geo,1997,23.072
geo,1998,21.808
geo,1999,20.304
geo,2000,18.686
geo,2001,16.984
geo,2002,15.412
geo,2003,13.858
geo,2004,12.286
geo,2005,10.818
geo,2006,9.4184
geo,2007,8.1297
geo,2008,7.0325
geo,2009,6.0723
geo,2010,5.2592
geo,2011,4.6413
geo,2012,4.1924
geo,2013,3.9528
geo,2014,3.9214
geo,2015,4.0526
geo,2016,4.2686
geo,2017,4.4953
geo,2018,4.6922
geo,2019,4.7628
geo,2020,4.7506
geo,2021,4.7186
geo,2022,4.7139
geo,2023,4.7721
geo,2024,4.8552
gha,1966,169.34
gha,1967,166.70
gha,1968,164.45
gha,1969,162.55
gha,1970,161.61
gha,1971,161.33
gha,1972,161.14
gha,1973,159.26
gha,1974,156.07
gha,1975,151.71
gha,1976,146.95
gha,1977,142.70
gha,1978,139.16
gha,1979,136.07
gha,1980,134.13
gha,1981,132.64
gha,1982,131.71
gha,1983,130.59
gha,1984,129.10
gha,1985,126.58
gha,1986,122.92
gha,1987,118.53
gha,1988,113.05
gha,1989,107.67
gha,1990,102.24
gha,1991,97.633
gha,1992,93.784
gha,1993,90.973
gha,1994,88.667
gha,1995,87.122
gha,1996,85.887
gha,1997,84.557
gha,1998,82.631
gha,1999,80.081
gha,2000,77.021
gha,2001,73.474
gha,2002,69.808
gha,2003,66.232
gha,2004,62.990
gha,2005,60.046
gha,2006,57.225
gha,2007,54.697
gha,2008,52.097
gha,2009,49.457
gha,2010,46.794
gha,2011,43.979
gha,2012,41.494
gha,2013,39.068
gha,2014,36.932
gha,2015,34.988
gha,2016,33.185
gha,2017,31.630
gha,2018,30.240
gha,2019,29.072
gha,2020,28.162
gha,2021,27.411
gha,2022,26.958
gha,2023,26.537
gha,2024,26.065
gin,1977,275.54
gin,1978,268.60
gin,1979,261.14
gin,1980,253.41
gin,1981,246.03
gin,1982,239.49
gin,1983,233.38
gin,1984,228.13
gin,1985,223.15
gin,1986,218.67
gin,1987,214.55
gin,1988,210.49
gin,1989,206.64
gin,1990,202.45
gin,1991,197.54
gin,1992,191.66
gin,1993,185.17
gin,1994,178.30
gin,1995,171.20
gin,1996,163.98
gin,1997,157.32
gin,1998,151.37
gin,1999,145.86
gin,2000,140.66
gin,2001,135.19
gin,2002,129.59
gin,2003,124.24
gin,2004,118.96
gin,2005,114.25
gin,2006,110.27
gin,2007,107.00
gin,2008,104.29
gin,2009,101.96
gin,2010,99.872
gin,2011,98.186
gin,2012,96.532
gin,2013,95.289
gin,2014,94.290
gin,2015,94.187
gin,2016,93.508
gin,2017,92.074
gin,2018,91.474
gin,2019,90.959
gin,2020,90.241
gin,2021,89.473
gin,2022,89.066
gin,2023,88.798
gin,2024,88.909
gmb,1990,144.12
gmb,1991,137.57
gmb,1992,131.23
gmb,1993,125.10
gmb,1994,118.86
gmb,1995,113.16
gmb,1996,107.67
gmb,1997,102.51
gmb,1998,97.808
gmb,1999,93.179
gmb,2000,88.784
gmb,2001,84.250
gmb,2002,79.977
gmb,2003,75.621
gmb,2004,71.324
gmb,2005,67.159
gmb,2006,63.361
gmb,2007,59.607
gmb,2008,56.258
gmb,2009,53.132
gmb,2010,50.126
gmb,2011,47.490
gmb,2012,44.947
gmb,2013,42.591
gmb,2014,40.403
gmb,2015,38.404
gmb,2016,36.582
gmb,2017,35.003
gmb,2018,33.675
gmb,2019,32.525
gmb,2020,31.585
gmb,2021,30.854
gmb,2022,30.292
gmb,2023,29.758
gmb,2024,29.301
gnb,1988,212.49
gnb,1989,204.95
gnb,1990,198.20
gnb,1991,192.16
gnb,1992,186.53
gnb,1993,181.30
gnb,1994,176.10
gnb,1995,170.88
gnb,1996,165.69
gnb,1997,160.83
gnb,1998,156.23
gnb,1999,151.75
gnb,2000,147.16
gnb,2001,142.46
gnb,2002,137.22
gnb,2003,131.70
gnb,2004,126.13
gnb,2005,119.95
gnb,2006,113.91
gnb,2007,107.95
gnb,2008,102.89
gnb,2009,97.953
gnb,2010,93.862
gnb,2011,89.672
gnb,2012,86.255
gnb,2013,83.213
gnb,2014,80.597
gnb,2015,78.237
gnb,2016,76.494
gnb,2017,75.308
gnb,2018,73.924
gnb,2019,73.009
gnb,2020,72.017
gnb,2021,70.973
gnb,2022,70.026
gnb,2023,69.087
gnb,2024,68.326
gnq,1990,157.20
gnq,1991,155.19
gnq,1992,153.13
gnq,1993,151.39
gnq,1994,149.94
gnq,1995,148.71
gnq,1996,147.78
gnq,1997,145.84
gnq,1998,143.65
gnq,1999,140.70
gnq,2000,137.12
gnq,2001,133.49
gnq,2002,129.64
gnq,2003,125.46
gnq,2004,121.16
gnq,2005,117.01
gnq,2006,113.38
gnq,2007,109.99
gnq,2008,106.98
gnq,2009,104.34
gnq,2010,102.02
gnq,2011,100.29
gnq,2012,98.955
gnq,2013,97.800
gnq,2014,96.108
gnq,2015,94.637
gnq,2016,93.425
gnq,2017,92.661
gnq,2018,91.585
gnq,2019,90.943
gnq,2020,90.157
gnq,2021,89.308
gnq,2022,87.832
gnq,2023,87.539
gnq,2024,86.877
grc,1961,27.815
grc,1962,26.506
grc,1963,25.253
grc,1964,23.755
grc,1965,22.089
grc,1966,20.368
grc,1967,18.840
grc,1968,17.442
grc,1969,15.874
grc,1970,13.869
grc,1971,11.655
grc,1972,10.126
grc,1973,9.7350
grc,1974,10.067
grc,1975,10.262
grc,1976,9.7573
grc,1977,8.9764
grc,1978,8.3200
grc,1979,7.8160
grc,1980,7.2662
grc,1981,6.6095
grc,1982,6.0244
grc,1983,5.5977
grc,1984,5.3383
grc,1985,5.1634
grc,1986,4.9599
grc,1987,4.7722
grc,1988,4.6050
grc,1989,4.4727
grc,1990,4.3462
grc,1991,4.1932
grc,1992,4.0137
grc,1993,3.7554
grc,1994,3.4829
grc,1995,3.2684
grc,1996,3.1161
grc,1997,3.0230
grc,1998,2.9347
grc,1999,2.8536
grc,2000,2.7605
grc,2001,2.6368
grc,2002,2.5332
grc,2003,2.4531
grc,2004,2.3870
grc,2005,2.3056
grc,2006,2.1849
grc,2007,2.0845
grc,2008,2.0215
grc,2009,1.9927
grc,2010,1.9677
grc,2011,1.9201
grc,2012,1.8723
grc,2013,1.8270
grc,2014,1.8048
grc,2015,1.8132
grc,2016,1.8392
grc,2017,1.8593
grc,2018,1.8450
grc,2019,1.8089
grc,2020,1.7684
grc,2021,1.7552
grc,2022,1.7896
grc,2023,1.8445
grc,2024,1.9108
grd,1990,12.195
grd,1991,11.657
grd,1992,11.325
grd,1993,11.122
grd,1994,10.957
grd,1995,10.817
grd,1996,10.632
grd,1997,10.376
grd,1998,10.059
grd,1999,9.6794
grd,2000,9.2754
grd,2001,8.8934
grd,2002,8.5570
grd,2003,8.3067
grd,2004,8.1166
grd,2005,8.0201
grd,2006,7.9757
grd,2007,7.9740
grd,2008,7.9480
grd,2009,7.8747
grd,2010,7.7629
grd,2011,7.6451
grd,2012,7.4859
grd,2013,7.3651
grd,2014,7.2420
grd,2015,7.1476
grd,2016,7.1343
grd,2017,7.1524
grd,2018,7.2280
grd,2019,7.3206
grd,2020,7.4327
grd,2021,7.6014
grd,2022,7.7699
grd,2023,7.9226
grd,2024,8.0951
gtm,1965,169.23
gtm,1966,163.49
gtm,1967,157.81
gtm,1968,152.59
gtm,1969,147.48
gtm,1970,142.41
gtm,1971,137.40
gtm,1972,132.57
gtm,1973,127.76
gtm,1974,123.23
gtm,1975,118.97
gtm,1976,114.91
gtm,1977,137.46
gtm,1978,106.78
gtm,1979,102.62
gtm,1980,98.399
gtm,1981,94.385
gtm,1982,90.436
gtm,1983,111.12
gtm,1984,82.854
gtm,1985,79.054
gtm,1986,75.238
gtm,1987,71.513
gtm,1988,67.881
gtm,1989,64.461
gtm,1990,61.204
gtm,1991,57.852
gtm,1992,54.909
gtm,1993,52.018
gtm,1994,49.265
gtm,1995,46.743
gtm,1996,44.298
gtm,1997,42.058
gtm,1998,39.987
gtm,1999,38.018
gtm,2000,36.198
gtm,2001,34.417
gtm,2002,32.797
gtm,2003,31.271
gtm,2004,29.896
gtm,2005,28.500
gtm,2006,27.206
gtm,2007,25.936
gtm,2008,24.682
gtm,2009,23.431
gtm,2010,22.361
gtm,2011,21.499
gtm,2012,20.708
gtm,2013,19.942
gtm,2014,19.300
gtm,2015,18.741
gtm,2016,18.233
gtm,2017,17.840
gtm,2018,17.577
gtm,2019,17.394
gtm,2020,17.262
gtm,2021,17.182
gtm,2022,17.157
gtm,2023,17.059
gtm,2024,17.021
guy,1953,115.04
guy,1954,106.88
guy,1955,98.781
guy,1956,91.786
guy,1957,85.231
guy,1958,79.142
guy,1959,73.639
guy,1960,69.201
guy,1961,65.073
guy,1962,61.510
guy,1963,58.601
guy,1964,56.015
guy,1965,54.074
guy,1966,52.198
guy,1967,50.759
guy,1968,49.614
guy,1969,48.852
guy,1970,48.293
guy,1971,47.968
guy,1972,47.818
guy,1973,47.755
guy,1974,47.844
guy,1975,48.062
guy,1976,48.247
guy,1977,48.517
guy,1978,48.645
guy,1979,48.622
guy,1980,48.458
guy,1981,48.103
guy,1982,47.552
guy,1983,46.969
guy,1984,46.085
guy,1985,45.125
guy,1986,43.827
guy,1987,42.399
guy,1988,40.806
guy,1989,39.041
guy,1990,37.110
guy,1991,35.154
guy,1992,33.330
guy,1993,31.647
guy,1994,30.116
guy,1995,28.732
guy,1996,27.506
guy,1997,26.426
guy,1998,25.465
guy,1999,24.589
guy,2000,23.843
guy,2001,23.138
guy,2002,22.465
guy,2003,21.801
guy,2004,21.228
guy,2005,20.755
guy,2006,20.356
guy,2007,19.997
guy,2008,19.745
guy,2009,19.569
guy,2010,19.521
guy,2011,19.562
guy,2012,19.681
guy,2013,19.893
guy,2014,19.943
guy,2015,20.058
guy,2016,19.997
guy,2017,19.865
guy,2018,19.841
guy,2019,19.877
guy,2020,19.851
guy,2021,19.828
guy,2022,19.644
guy,2023,19.628
guy,2024,19.655
hnd,1973,112.22
hnd,1974,107.01
hnd,1975,129.88
hnd,1976,96.862
hnd,1977,91.748
hnd,1978,86.773
hnd,1979,81.932
hnd,1980,77.166
hnd,1981,72.684
hnd,1982,68.452
hnd,1983,64.675
hnd,1984,61.148
hnd,1985,57.715
hnd,1986,54.426
hnd,1987,51.301
hnd,1988,48.371
hnd,1989,45.766
hnd,1990,43.355
hnd,1991,41.114
hnd,1992,39.033
hnd,1993,36.955
hnd,1994,34.907
hnd,1995,32.876
hnd,1996,30.867
hnd,1997,28.890
hnd,1998,27.022
hnd,1999,51.234
hnd,2000,23.499
hnd,2001,21.948
hnd,2002,20.662
hnd,2003,19.533
hnd,2004,18.416
hnd,2005,17.361
hnd,2006,16.375
hnd,2007,15.381
hnd,2008,14.437
hnd,2009,13.662
hnd,2010,13.044
hnd,2011,12.527
hnd,2012,12.091
hnd,2013,11.730
hnd,2014,11.386
hnd,2015,11.087
hnd,2016,10.854
hnd,2017,10.652
hnd,2018,10.480
hnd,2019,10.360
hnd,2020,10.258
hnd,2021,10.145
hnd,2022,10.086
hnd,2023,10.026
hnd,2024,9.9494
hrv,1983,7.7332
hrv,1984,7.0931
hrv,1985,6.7186
hrv,1986,6.4359
hrv,1987,6.2512
hrv,1988,6.1301
hrv,1989,5.9981
hrv,1990,5.7175
hrv,1991,5.0956
hrv,1992,6.2854
hrv,1993,4.0408
hrv,1994,3.8475
hrv,1995,3.8346
hrv,1996,3.8972
hrv,1997,3.9325
hrv,1998,3.8017
hrv,1999,3.4900
hrv,2000,3.2243
hrv,2001,3.0539
hrv,2002,2.9740
hrv,2003,2.9385
hrv,2004,3.6532
hrv,2005,2.8194
hrv,2006,2.7268
hrv,2007,2.6219
hrv,2008,2.4777
hrv,2009,2.3006
hrv,2010,2.1725
hrv,2011,2.0943
hrv,2012,2.0735
hrv,2013,2.0592
hrv,2014,2.0153
hrv,2015,1.9989
hrv,2016,2.0071
hrv,2017,2.0385
hrv,2018,2.0448
hrv,2019,1.9943
hrv,2020,1.9560
hrv,2021,1.9331
hrv,2022,1.9380
hrv,2023,1.9622
hrv,2024,2.0128
hti,1961,260.40
hti,1962,252.61
hti,1963,245.17
hti,1964,238.43
hti,1965,231.96
hti,1966,226.10
hti,1967,220.09
hti,1968,214.52
hti,1969,208.65
hti,1970,203.22
hti,1971,198.10
hti,1972,192.99
hti,1973,187.83
hti,1974,182.87
hti,1975,178.01
hti,1976,173.19
hti,1977,168.61
hti,1978,164.59
hti,1979,160.68
hti,1980,156.89
hti,1981,153.12
hti,1982,149.28
hti,1983,145.41
hti,1984,141.49
hti,1985,137.70
hti,1986,133.91
hti,1987,130.56
hti,1988,127.60
hti,1989,124.89
hti,1990,122.28
hti,1991,119.49
hti,1992,116.38
hti,1993,113.00
hti,1994,109.52
hti,1995,105.78
hti,1996,101.69
hti,1997,97.739
hti,1998,93.767
hti,1999,89.996
hti,2000,86.369
hti,2001,82.824
hti,2002,79.551
hti,2003,76.339
hti,2004,73.311
hti,2005,70.486
hti,2006,67.918
hti,2007,65.750
hti,2008,63.840
hti,2009,62.106
hti,2010,60.559
hti,2011,124.22
hti,2012,57.934
hti,2013,56.936
hti,2014,55.982
hti,2015,55.211
hti,2016,54.510
hti,2017,53.742
hti,2018,53.220
hti,2019,52.656
hti,2020,52.233
hti,2021,51.895
hti,2022,51.789
hti,2023,51.572
hti,2024,51.341
hun,1961,27.694
hun,1962,25.762
hun,1963,23.909
hun,1964,21.845
hun,1965,19.870
hun,1966,17.961
hun,1967,16.322
hun,1968,14.994
hun,1969,13.880
hun,1970,12.888
hun,1971,11.773
hun,1972,10.916
hun,1973,10.734
hun,1974,11.153
hun,1975,11.319
hun,1976,10.354
hun,1977,8.9860
hun,1978,7.9795
hun,1979,7.5366
hun,1980,7.3867
hun,1981,7.1882
hun,1982,6.9940
hun,1983,6.9205
hun,1984,6.9748
hun,1985,7.0925
hun,1986,7.0478
hun,1987,6.9037
hun,1988,6.7648
hun,1989,6.6383
hun,1990,6.5544
hun,1991,6.4150
hun,1992,6.2783
hun,1993,6.0981
hun,1994,5.8449
hun,1995,5.6009
hun,1996,5.3277
hun,1997,5.1172
hun,1998,5.0084
hun,1999,4.9542
hun,2000,4.8868
hun,2001,4.6419
hun,2002,4.3212
hun,2003,4.0618
hun,2004,3.8762
hun,2005,3.7574
hun,2006,3.6139
hun,2007,3.4519
hun,2008,3.2644
hun,2009,3.0518
hun,2010,2.8954
hun,2011,2.8001
hun,2012,2.7685
hun,2013,2.7569
hun,2014,2.7134
hun,2015,2.6467
hun,2016,2.5084
hun,2017,2.3575
hun,2018,2.2280
hun,2019,2.1265
hun,2020,2.0587
hun,2021,1.9864
hun,2022,1.9233
hun,2023,1.8744
hun,2024,1.8701
idn,1954,252.85
idn,1955,242.08
idn,1956,232.13
idn,1957,222.86
idn,1958,214.32
idn,1959,206.33
idn,1960,198.79
idn,1961,191.65
idn,1962,184.90
idn,1963,178.56
idn,1964,172.46
idn,1965,166.55
idn,1966,198.91
idn,1967,154.72
idn,1968,148.82
idn,1969,143.07
idn,1970,137.35
idn,1971,131.72
idn,1972,126.55
idn,1973,121.51
idn,1974,116.80
idn,1975,112.55
idn,1976,108.37
idn,1977,104.53
idn,1978,100.74
idn,1979,97.225
idn,1980,93.884
idn,1981,90.580
idn,1982,87.511
idn,1983,84.492
idn,1984,81.468
idn,1985,78.464
idn,1986,75.393
idn,1987,72.158
idn,1988,68.744
idn,1989,65.316
idn,1990,61.744
idn,1991,58.110
idn,1992,54.556
idn,1993,51.115
idn,1994,47.827
idn,1995,44.870
idn,1996,42.145
idn,1997,39.736
idn,1998,37.529
idn,1999,35.506
idn,2000,33.655
idn,2001,31.864
idn,2002,30.159
idn,2003,28.476
idn,2004,26.807
idn,2005,31.473
idn,2006,23.666
idn,2007,22.199
idn,2008,20.868
idn,2009,19.757
idn,2010,18.866
idn,2011,18.116
idn,2012,17.446
idn,2013,16.858
idn,2014,16.372
idn,2015,15.919
idn,2016,15.489
idn,2017,15.063
idn,2018,14.718
idn,2019,14.441
idn,2020,14.255
idn,2021,14.140
idn,2022,14.099
idn,2023,14.033
idn,2024,14.087
ind,1970,154.09
ind,1971,151.06
ind,1972,147.96
ind,1973,144.64
ind,1974,141.17
ind,1975,137.43
ind,1976,133.31
ind,1977,129.02
ind,1978,124.36
ind,1979,119.48
ind,1980,114.57
ind,1981,109.83
ind,1982,105.51
ind,1983,101.60
ind,1984,98.169
ind,1985,94.941
ind,1986,91.971
ind,1987,89.043
ind,1988,86.027
ind,1989,83.022
ind,1990,80.108
ind,1991,77.318
ind,1992,74.715
ind,1993,72.207
ind,1994,69.850
ind,1995,67.413
ind,1996,64.907
ind,1997,62.368
ind,1998,59.806
ind,1999,57.240
ind,2000,54.647
ind,2001,52.079
ind,2002,49.611
ind,2003,47.308
ind,2004,45.091
ind,2005,42.895
ind,2006,40.677
ind,2007,38.429
ind,2008,36.105
ind,2009,33.830
ind,2010,31.550
ind,2011,29.272
ind,2012,27.095
ind,2013,25.015
ind,2014,23.065
ind,2015,21.225
ind,2016,19.518
ind,2017,17.991
ind,2018,16.560
ind,2019,15.376
ind,2020,14.588
ind,2021,13.899
ind,2022,13.333
ind,2023,12.888
ind,2024,12.591
irl,1961,15.171
irl,1962,14.652
irl,1963,14.249
irl,1964,13.762
irl,1965,13.149
irl,1966,12.326
irl,1967,11.440
irl,1968,10.642
irl,1969,10.090
irl,1970,9.8119
irl,1971,9.6999
irl,1972,9.6793
irl,1973,9.6306
irl,1974,9.4703
irl,1975,9.2533
irl,1976,9.0034
irl,1977,8.7494
irl,1978,8.4815
irl,1979,8.1617
irl,1980,7.7453
irl,1981,7.2296
irl,1982,6.7404
irl,1983,6.3341
irl,1984,6.0162
irl,1985,5.7950
irl,1986,5.6615
irl,1987,5.6185
irl,1988,5.5670
irl,1989,5.4191
irl,1990,5.1427
irl,1991,4.7384
irl,1992,4.2789
irl,1993,3.8513
irl,1994,3.5284
irl,1995,3.3632
irl,1996,3.3315
irl,1997,3.3956
irl,1998,3.4720
irl,1999,3.4830
irl,2000,3.4436
irl,2001,3.3523
irl,2002,3.2010
irl,2003,2.9840
irl,2004,2.7239
irl,2005,2.5078
irl,2006,2.3551
irl,2007,2.2588
irl,2008,2.1877
irl,2009,2.0879
irl,2010,1.9675
irl,2011,1.8188
irl,2012,1.6808
irl,2013,1.5693
irl,2014,1.4907
irl,2015,1.4309
irl,2016,1.3762
irl,2017,1.3297
irl,2018,1.2967
irl,2019,1.2891
irl,2020,1.3205
irl,2021,1.3747
irl,2022,1.4537
irl,2023,1.5495
irl,2024,1.6514
irn,1990,46.155
irn,1991,42.463
irn,1992,39.455
irn,1993,36.910
irn,1994,34.383
irn,1995,32.303
irn,1996,30.199
irn,1997,28.254
irn,1998,26.347
irn,1999,24.324
irn,2000,22.541
irn,2001,20.873
irn,2002,19.570
irn,2003,18.145
irn,2004,16.509
irn,2005,15.052
irn,2006,13.515
irn,2007,12.196
irn,2008,11.079
irn,2009,10.237
irn,2010,9.7965
irn,2011,9.6195
irn,2012,9.5098
irn,2013,9.4848
irn,2014,9.4741
irn,2015,9.4790
irn,2016,9.4698
irn,2017,9.5164
irn,2018,9.5350
irn,2019,9.5563
irn,2020,9.6022
irn,2021,9.5619
irn,2022,9.5631
irn,2023,9.5404
irn,2024,9.5832
irq,1984,40.955
irq,1985,39.197
irq,1986,37.563
irq,1987,36.116
irq,1988,34.792
irq,1989,48.028
irq,1990,61.666
irq,1991,60.425
irq,1992,44.264
irq,1993,30.065
irq,1994,29.271
irq,1995,28.433
irq,1996,27.539
irq,1997,26.681
irq,1998,25.758
irq,1999,24.968
irq,2000,24.216
irq,2001,23.540
irq,2002,22.901
irq,2003,22.244
irq,2004,21.607
irq,2005,21.053
irq,2006,20.472
irq,2007,19.964
irq,2008,19.329
irq,2009,18.681
irq,2010,18.213
irq,2011,17.719
irq,2012,17.286
irq,2013,16.823
irq,2014,16.390
irq,2015,16.054
irq,2016,15.732
irq,2017,15.480
irq,2018,15.243
irq,2019,15.017
irq,2020,14.824
irq,2021,14.690
irq,2022,14.591
irq,2023,14.472
irq,2024,14.397
isl,1955,14.217
isl,1956,13.566
isl,1957,12.976
isl,1958,12.489
isl,1959,12.025
isl,1960,11.600
isl,1961,11.239
isl,1962,10.892
isl,1963,10.574
isl,1964,10.203
isl,1965,9.7892
isl,1966,9.3484
isl,1967,8.8655
isl,1968,8.4073
isl,1969,8.0046
isl,1970,7.6492
isl,1971,7.3295
isl,1972,7.0382
isl,1973,6.7857
isl,1974,6.5570
isl,1975,6.3576
isl,1976,6.1554
isl,1977,5.9425
isl,1978,5.7103
isl,1979,5.4241
isl,1980,5.1236
isl,1981,4.8326
isl,1982,4.5576
isl,1983,4.3274
isl,1984,4.1301
isl,1985,3.9804
isl,1986,3.8414
isl,1987,3.7152
isl,1988,3.6057
isl,1989,3.5127
isl,1990,3.4288
isl,1991,3.3521
isl,1992,3.2627
isl,1993,3.1664
isl,1994,3.0538
isl,1995,2.9373
isl,1996,2.8078
isl,1997,2.6772
isl,1998,2.5549
isl,1999,2.4290
isl,2000,2.3119
isl,2001,2.1978
isl,2002,2.0867
isl,2003,1.9903
isl,2004,1.9118
isl,2005,1.8385
isl,2006,1.7788
isl,2007,1.7287
isl,2008,1.6825
isl,2009,1.6431
isl,2010,1.6066
isl,2011,1.5805
isl,2012,1.5614
isl,2013,1.5522
isl,2014,1.5461
isl,2015,1.5440
isl,2016,1.5436
isl,2017,1.5451
isl,2018,1.5518
isl,2019,1.5768
isl,2020,1.6147
isl,2021,1.6512
isl,2022,1.6824
isl,2023,1.7134
isl,2024,1.7338
isr,1976,12.721
isr,1977,11.540
isr,1978,10.552
isr,1979,9.7445
isr,1980,9.1364
isr,1981,8.6730
isr,1982,8.3296
isr,1983,8.0691
isr,1984,7.8056
isr,1985,7.4763
isr,1986,6.9978
isr,1987,6.5099
isr,1988,6.1326
isr,1989,5.8855
isr,1990,5.7288
isr,1991,5.5929
isr,1992,5.4477
isr,1993,5.2417
isr,1994,4.9676
isr,1995,4.6942
isr,1996,4.4253
isr,1997,4.1862
isr,1998,3.9769
isr,1999,3.7894
isr,2000,3.6226
isr,2001,3.4606
isr,2002,3.3125
isr,2003,3.1952
isr,2004,3.0996
isr,2005,3.0262
isr,2006,2.9606
isr,2007,2.8821
isr,2008,2.7521
isr,2009,2.5739
isr,2010,2.4099
isr,2011,2.2759
isr,2012,2.1735
isr,2013,2.0944
isr,2014,2.0220
isr,2015,1.9694
isr,2016,1.9231
isr,2017,1.8892
isr,2018,1.8597
isr,2019,1.8225
isr,2020,1.7930
isr,2021,1.7683
isr,2022,1.7543
isr,2023,1.7497
isr,2024,1.7610
ita,1961,28.984
ita,1962,27.661
ita,1963,26.100
ita,1964,23.843
ita,1965,21.386
ita,1966,19.334
ita,1967,17.935
ita,1968,16.940
ita,1969,16.084
ita,1970,15.198
ita,1971,13.935
ita,1972,12.326
ita,1973,10.774
ita,1974,9.5627
ita,1975,8.5811
ita,1976,7.6059
ita,1977,6.6091
ita,1978,5.8234
ita,1979,5.3529
ita,1980,5.1254
ita,1981,5.0105
ita,1982,4.8937
ita,1983,4.7149
ita,1984,4.4166
ita,1985,4.0936
ita,1986,3.8419
ita,1987,3.6881
ita,1988,3.5766
ita,1989,3.4374
ita,1990,3.3282
ita,1991,3.3314
ita,1992,3.4343
ita,1993,3.4929
ita,1994,3.3560
ita,1995,3.1018
ita,1996,2.8625
ita,1997,2.6841
ita,1998,2.5438
ita,1999,2.3962
ita,2000,2.2711
ita,2001,2.1860
ita,2002,2.1317
ita,2003,2.0783
ita,2004,1.9847
ita,2005,1.8848
ita,2006,1.8190
ita,2007,1.7939
ita,2008,1.7829
ita,2009,1.7417
ita,2010,1.6790
ita,2011,1.6184
ita,2012,1.5730
ita,2013,1.5426
ita,2014,1.5078
ita,2015,1.4751
ita,2016,1.4461
ita,2017,1.4145
ita,2018,1.3860
ita,2019,1.3502
ita,2020,1.3159
ita,2021,1.2789
ita,2022,1.2517
ita,2023,1.2525
ita,2024,1.2689
jam,1957,76.427
jam,1958,71.258
jam,1959,66.382
jam,1960,62.253
jam,1961,58.470
jam,1962,55.257
jam,1963,52.400
jam,1964,49.953
jam,1965,47.900
jam,1966,46.198
jam,1967,44.552
jam,1968,42.938
jam,1969,41.253
jam,1970,39.513
jam,1971,37.722
jam,1972,35.781
jam,1973,33.714
jam,1974,31.821
jam,1975,29.905
jam,1976,28.197
jam,1977,26.569
jam,1978,25.024
jam,1979,23.638
jam,1980,22.198
jam,1981,20.858
jam,1982,19.662
jam,1983,18.524
jam,1984,17.471
jam,1985,16.562
jam,1986,15.688
jam,1987,14.916
jam,1988,14.180
jam,1989,13.485
jam,1990,12.797
jam,1991,12.123
jam,1992,11.557
jam,1993,10.949
jam,1994,10.285
jam,1995,9.5747
jam,1996,8.8777
jam,1997,8.1514
jam,1998,7.4097
jam,1999,6.7379
jam,2000,6.1277
jam,2001,5.6528
jam,2002,5.2959
jam,2003,5.0541
jam,2004,4.8969
jam,2005,4.7962
jam,2006,4.7626
jam,2007,4.7786
jam,2008,4.8161
jam,2009,4.8827
jam,2010,4.9081
jam,2011,4.9114
jam,2012,4.8900
jam,2013,4.8604
jam,2014,4.8600
jam,2015,4.8969
jam,2016,4.9919
jam,2017,5.1122
jam,2018,5.1935
jam,2019,5.2783
jam,2020,5.3067
jam,2021,5.3208
jam,2022,5.3778
jam,2023,5.5007
jam,2024,5.6911
jor,1954,219.14
jor,1955,204.67
jor,1956,190.76
jor,1957,177.73
jor,1958,165.25
jor,1959,153.31
jor,1960,141.90
jor,1961,131.41
jor,1962,121.72
jor,1963,112.87
jor,1964,104.71
jor,1965,97.475
jor,1966,90.796
jor,1967,84.755
jor,1968,79.121
jor,1969,74.018
jor,1970,69.345
jor,1971,64.996
jor,1972,60.998
jor,1973,57.222
jor,1974,53.698
jor,1975,50.484
jor,1976,47.341
jor,1977,44.449
jor,1978,41.468
jor,1979,38.566
jor,1980,35.721
jor,1981,33.010
jor,1982,30.539
jor,1983,28.182
jor,1984,26.104
jor,1985,24.355
jor,1986,22.817
jor,1987,21.545
jor,1988,20.438
jor,1989,19.386
jor,1990,18.500
jor,1991,17.826
jor,1992,17.177
jor,1993,16.496
jor,1994,15.788
jor,1995,15.160
jor,1996,14.600
jor,1997,14.082
jor,1998,13.529
jor,1999,12.932
jor,2000,12.356
jor,2001,11.811
jor,2002,11.353
jor,2003,10.879
jor,2004,10.434
jor,2005,10.061
jor,2006,9.7518
jor,2007,9.5049
jor,2008,9.2908
jor,2009,9.0951
jor,2010,8.9198
jor,2011,8.7463
jor,2012,8.6098
jor,2013,8.4922
jor,2014,8.3946
jor,2015,8.3180
jor,2016,8.2569
jor,2017,8.2308
jor,2018,8.2370
jor,2019,8.2221
jor,2020,8.2498
jor,2021,8.2761
jor,2022,8.2531
jor,2023,8.2057
jor,2024,8.1405
jpn,1969,10.314
jpn,1970,9.7021
jpn,1971,9.1340
jpn,1972,8.6067
jpn,1973,8.1494
jpn,1974,7.7356
jpn,1975,7.3070
jpn,1976,6.8014
jpn,1977,6.2972
jpn,1978,5.8908
jpn,1979,5.6091
jpn,1980,5.3879
jpn,1981,5.1532
jpn,1982,4.9188
jpn,1983,4.7083
jpn,1984,4.5220
jpn,1985,4.3674
jpn,1986,4.2241
jpn,1987,4.1055
jpn,1988,4.0174
jpn,1989,3.9566
jpn,1990,3.9183
jpn,1991,3.8923
jpn,1992,3.8738
jpn,1993,3.8491
jpn,1994,3.8017
jpn,1995,3.7308
jpn,1996,3.6238
jpn,1997,3.4883
jpn,1998,3.3346
jpn,1999,3.1642
jpn,2000,2.9903
jpn,2001,2.8147
jpn,2002,2.6588
jpn,2003,2.5418
jpn,2004,2.4667
jpn,2005,2.4235
jpn,2006,2.3867
jpn,2007,2.3523
jpn,2008,2.3179
jpn,2009,2.2800
jpn,2010,2.2432
jpn,2011,2.2043
jpn,2012,2.2662
jpn,2013,2.1019
jpn,2014,2.0277
jpn,2015,1.9541
jpn,2016,1.8849
jpn,2017,1.8234
jpn,2018,1.7663
jpn,2019,1.7078
jpn,2020,1.6600
jpn,2021,1.6222
jpn,2022,1.6002
jpn,2023,1.5987
jpn,2024,1.6220
kaz,1973,71.203
kaz,1974,67.731
kaz,1975,65.074
kaz,1976,62.853
kaz,1977,60.899
kaz,1978,59.117
kaz,1979,57.412
kaz,1980,55.682
kaz,1981,53.464
kaz,1982,51.226
kaz,1983,48.984
kaz,1984,46.789
kaz,1985,44.675
kaz,1986,42.382
kaz,1987,40.100
kaz,1988,38.030
kaz,1989,35.993
kaz,1990,34.603
kaz,1991,33.641
kaz,1992,33.186
kaz,1993,33.172
kaz,1994,33.275
kaz,1995,33.187
kaz,1996,32.429
kaz,1997,30.981
kaz,1998,29.082
kaz,1999,26.813
kaz,2000,24.553
kaz,2001,22.153
kaz,2002,19.946
kaz,2003,17.885
kaz,2004,16.195
kaz,2005,14.713
kaz,2006,13.175
kaz,2007,11.841
kaz,2008,10.888
kaz,2009,10.248
kaz,2010,9.7938
kaz,2011,9.3022
kaz,2012,8.7732
kaz,2013,8.2504
kaz,2014,7.7465
kaz,2015,7.2707
kaz,2016,6.7869
kaz,2017,6.3679
kaz,2018,6.0934
kaz,2019,5.9251
kaz,2020,5.8234
kaz,2021,5.6774
kaz,2022,5.5469
kaz,2023,5.5426
kaz,2024,5.7086
ken,1955,251.83
ken,1956,233.36
ken,1957,217.31
ken,1958,203.55
ken,1959,191.19
ken,1960,180.49
ken,1961,170.95
ken,1962,162.53
ken,1963,155.23
ken,1964,149.24
ken,1965,144.35
ken,1966,140.44
ken,1967,137.16
ken,1968,134.08
ken,1969,130.96
ken,1970,127.75
ken,1971,124.64
ken,1972,121.59
ken,1973,118.38
ken,1974,114.94
ken,1975,110.95
ken,1976,107.08
ken,1977,102.77
ken,1978,98.461
ken,1979,94.048
ken,1980,89.760
ken,1981,86.045
ken,1982,82.521
ken,1983,79.538
ken,1984,76.903
ken,1985,74.840
ken,1986,73.588
ken,1987,73.250
ken,1988,73.989
ken,1989,75.875
ken,1990,78.813
ken,1991,82.457
ken,1992,86.125
ken,1993,89.309
ken,1994,91.468
ken,1995,92.180
ken,1996,91.779
ken,1997,90.390
ken,1998,88.328
ken,1999,85.290
ken,2000,81.532
ken,2001,77.217
ken,2002,72.258
ken,2003,67.058
ken,2004,61.992
ken,2005,57.069
ken,2006,52.000
ken,2007,47.624
ken,2008,43.726
ken,2009,38.509
ken,2010,35.622
ken,2011,33.656
ken,2012,32.281
ken,2013,31.225
ken,2014,29.898
ken,2015,28.703
ken,2016,27.376
ken,2017,26.054
ken,2018,25.514
ken,2019,24.774
ken,2020,24.177
ken,2021,24.279
ken,2022,23.981
ken,2023,23.829
ken,2024,23.306
kgz,1980,92.238
kgz,1981,88.867
kgz,1982,85.084
kgz,1983,80.911
kgz,1984,76.228
kgz,1985,71.334
kgz,1986,66.029
kgz,1987,61.044
kgz,1988,56.368
kgz,1989,52.450
kgz,1990,49.715
kgz,1991,48.175
kgz,1992,47.368
kgz,1993,46.894
kgz,1994,46.574
kgz,1995,46.143
kgz,1996,45.146
kgz,1997,43.684
kgz,1998,41.750
kgz,1999,39.575
kgz,2000,37.259
kgz,2001,34.526
kgz,2002,31.840
kgz,2003,29.273
kgz,2004,26.850
kgz,2005,24.600
kgz,2006,22.535
kgz,2007,20.737
kgz,2008,19.113
kgz,2009,17.496
kgz,2010,15.967
kgz,2011,14.524
kgz,2012,13.340
kgz,2013,12.318
kgz,2014,11.488
kgz,2015,10.720
kgz,2016,10.006
kgz,2017,9.3682
kgz,2018,8.7975
kgz,2019,8.3464
kgz,2020,8.0035
kgz,2021,7.7872
kgz,2022,7.6865
kgz,2023,7.7148
kgz,2024,7.8381
khm,1978,565.62
khm,1979,514.24
khm,1980,182.46
khm,1981,152.96
khm,1982,127.98
khm,1983,110.32
khm,1984,99.157
khm,1985,92.920
khm,1986,89.383
khm,1987,87.271
khm,1988,86.321
khm,1989,85.955
khm,1990,86.116
khm,1991,86.587
khm,1992,86.760
khm,1993,87.488
khm,1994,88.638
khm,1995,90.067
khm,1996,91.588
khm,1997,92.307
khm,1998,92.269
khm,1999,90.698
khm,2000,87.229
khm,2001,80.886
khm,2002,71.797
khm,2003,62.952
khm,2004,55.443
khm,2005,49.188
khm,2006,44.015
khm,2007,39.773
khm,2008,36.356
khm,2009,33.252
khm,2010,30.325
khm,2011,27.659
khm,2012,25.671
khm,2013,24.358
khm,2014,23.950
khm,2015,24.090
khm,2016,24.298
khm,2017,24.397
khm,2018,24.596
khm,2019,24.698
khm,2020,24.762
khm,2021,24.907
khm,2022,24.896
khm,2023,24.931
khm,2024,24.781
kir,1990,72.993
kir,1991,69.034
kir,1992,65.358
kir,1993,61.979
kir,1994,59.274
kir,1995,56.682
kir,1996,54.565
kir,1997,52.753
kir,1998,51.245
kir,1999,49.837
kir,2000,48.311
kir,2001,46.949
kir,2002,45.757
kir,2003,44.961
kir,2004,44.643
kir,2005,44.608
kir,2006,44.747
kir,2007,44.912
kir,2008,45.095
kir,2009,45.339
kir,2010,45.544
kir,2011,45.820
kir,2012,46.162
kir,2013,46.862
kir,2014,47.846
kir,2015,48.991
kir,2016,50.378
kir,2017,52.159
kir,2018,53.524
kir,2019,54.818
kir,2020,55.762
kir,2021,56.088
kir,2022,56.065
kir,2023,55.921
kir,2024,55.666
kna,1978,36.997
kna,1979,35.073
kna,1980,32.944
kna,1981,30.680
kna,1982,28.194
kna,1983,25.661
kna,1984,23.072
kna,1985,20.671
kna,1986,18.556
kna,1987,17.053
kna,1988,15.973
kna,1989,15.079
kna,1990,14.360
kna,1991,13.810
kna,1992,13.330
kna,1993,12.926
kna,1994,12.561
kna,1995,12.256
kna,1996,12.033
kna,1997,11.767
kna,1998,11.522
kna,1999,11.206
kna,2000,10.843
kna,2001,10.506
kna,2002,10.069
kna,2003,9.7090
kna,2004,9.3517
kna,2005,9.1116
kna,2006,8.9121
kna,2007,8.7454
kna,2008,8.6464
kna,2009,8.6311
kna,2010,8.6220
kna,2011,8.6943
kna,2012,8.7651
kna,2013,8.9240
kna,2014,9.0856
kna,2015,9.2853
kna,2016,9.4264
kna,2017,9.5858
kna,2018,9.7195
kna,2019,9.8715
kna,2020,9.9380
kna,2021,10.052
kna,2022,10.107
kna,2023,10.191
kna,2024,10.205
kor,1952,326.45
kor,1953,269.78
kor,1954,225.30
kor,1955,190.31
kor,1956,163.06
kor,1957,142.20
kor,1958,125.97
kor,1959,113.60
kor,1960,103.93
kor,1961,96.168
kor,1962,89.665
kor,1963,84.028
kor,1964,78.767
kor,1965,73.521
kor,1966,68.193
kor,1967,62.833
kor,1968,57.301
kor,1969,51.958
kor,1970,46.790
kor,1971,42.277
kor,1972,38.345
kor,1973,35.187
kor,1974,32.767
kor,1975,30.742
kor,1976,29.099
kor,1977,27.663
kor,1978,26.219
kor,1979,24.767
kor,1980,23.234
kor,1981,21.707
kor,1982,20.369
kor,1983,19.000
kor,1984,17.563
kor,1985,16.145
kor,1986,14.781
kor,1987,13.492
kor,1988,12.282
kor,1989,11.207
kor,1990,10.278
kor,1991,9.4151
kor,1992,8.6606
kor,1993,7.9737
kor,1994,7.3560
kor,1995,6.7818
kor,1996,6.2765
kor,1997,5.8140
kor,1998,5.3934
kor,1999,5.0205
kor,2000,4.7056
kor,2001,4.4411
kor,2002,4.2197
kor,2003,4.0067
kor,2004,3.7970
kor,2005,3.5766
kor,2006,3.3640
kor,2007,3.1690
kor,2008,2.9841
kor,2009,2.8187
kor,2010,2.6628
kor,2011,2.5201
kor,2012,2.3896
kor,2013,2.2670
kor,2014,2.1646
kor,2015,2.0780
kor,2016,2.0051
kor,2017,1.9404
kor,2018,1.8754
kor,2019,1.8303
kor,2020,1.7989
kor,2021,1.7837
kor,2022,1.7738
kor,2023,1.7624
kor,2024,1.7603
kwt,1986,11.224
kwt,1987,10.128
kwt,1988,9.3542
kwt,1989,8.7620
kwt,1990,8.2771
kwt,1991,7.8358
kwt,1992,7.4569
kwt,1993,7.1853
kwt,1994,7.0196
kwt,1995,6.9759
kwt,1996,6.9872
kwt,1997,6.9930
kwt,1998,6.9202
kwt,1999,6.7596
kwt,2000,6.6254
kwt,2001,6.5349
kwt,2002,6.4964
kwt,2003,6.4842
kwt,2004,6.4422
kwt,2005,6.3836
kwt,2006,6.2646
kwt,2007,6.1247
kwt,2008,6.0006
kwt,2009,5.8729
kwt,2010,5.7354
kwt,2011,5.5209
kwt,2012,5.2730
kwt,2013,5.0259
kwt,2014,4.7936
kwt,2015,4.6008
kwt,2016,4.4185
kwt,2017,4.2746
kwt,2018,4.1759
kwt,2019,4.1291
kwt,2020,4.1356
kwt,2021,4.1754
kwt,2022,4.2251
kwt,2023,4.2632
kwt,2024,4.2827
lao,1983,168.72
lao,1984,162.21
lao,1985,156.01
lao,1986,150.13
lao,1987,144.58
lao,1988,139.01
lao,1989,133.81
lao,1990,128.65
lao,1991,123.77
lao,1992,118.57
lao,1993,113.48
lao,1994,108.63
lao,1995,103.79
lao,1996,99.260
lao,1997,94.886
lao,1998,90.761
lao,1999,86.793
lao,2000,83.070
lao,2001,79.515
lao,2002,75.866
lao,2003,72.172
lao,2004,68.520
lao,2005,64.938
lao,2006,61.450
lao,2007,58.012
lao,2008,54.733
lao,2009,51.718
lao,2010,49.014
lao,2011,46.411
lao,2012,44.047
lao,2013,41.896
lao,2014,39.857
lao,2015,37.974
lao,2016,36.323
lao,2017,34.825
lao,2018,33.582
lao,2019,32.542
lao,2020,31.732
lao,2021,31.077
lao,2022,30.523
lao,2023,30.053
lao,2024,29.533
lbn,1974,32.365
lbn,1975,31.694
lbn,1976,30.843
lbn,1977,185.09
lbn,1978,52.222
lbn,1979,52.670
lbn,1980,53.640
lbn,1981,51.434
lbn,1982,49.461
lbn,1983,107.29
lbn,1984,30.877
lbn,1985,29.399
lbn,1986,27.891
lbn,1987,26.428
lbn,1988,38.812
lbn,1989,37.636
lbn,1990,14.452
lbn,1991,13.856
lbn,1992,13.331
lbn,1993,12.903
lbn,1994,12.505
lbn,1995,12.142
lbn,1996,11.789
lbn,1997,11.425
lbn,1998,11.081
lbn,1999,10.674
lbn,2000,10.271
lbn,2001,9.8301
lbn,2002,9.3834
lbn,2003,8.9763
lbn,2004,8.5374
lbn,2005,8.1410
lbn,2006,7.7570
lbn,2007,7.4158
lbn,2008,7.1107
lbn,2009,6.8584
lbn,2010,6.6497
lbn,2011,6.4838
lbn,2012,6.3550
lbn,2013,6.2640
lbn,2014,6.1548
lbn,2015,6.1287
lbn,2016,6.1294
lbn,2017,6.1736
lbn,2018,6.2717
lbn,2019,6.4141
lbn,2020,6.6422
lbn,2021,6.9188
lbn,2022,7.2755
lbn,2023,7.7216
lbn,2024,8.2921
lbr,1964,265.26
lbr,1965,263.86
lbr,1966,262.46
lbr,1967,260.19
lbr,1968,257.13
lbr,1969,253.13
lbr,1970,249.02
lbr,1971,244.61
lbr,1972,240.22
lbr,1973,236.34
lbr,1974,232.61
lbr,1975,228.69
lbr,1976,224.30
lbr,1977,220.09
lbr,1978,216.62
lbr,1979,213.55
lbr,1980,210.84
lbr,1981,208.21
lbr,1982,205.84
lbr,1983,204.42
lbr,1984,204.31
lbr,1985,205.88
lbr,1986,209.02
lbr,1987,213.89
lbr,1988,220.61
lbr,1989,228.29
lbr,1990,235.93
lbr,1991,242.09
lbr,1992,245.73
lbr,1993,245.25
lbr,1994,241.08
lbr,1995,234.11
lbr,1996,224.58
lbr,1997,213.50
lbr,1998,201.74
lbr,1999,189.28
lbr,2000,176.53
lbr,2001,163.70
lbr,2002,150.94
lbr,2003,138.19
lbr,2004,126.41
lbr,2005,115.68
lbr,2006,106.38
lbr,2007,98.619
lbr,2008,92.291
lbr,2009,87.444
lbr,2010,83.563
lbr,2011,80.129
lbr,2012,77.147
lbr,2013,74.310
lbr,2014,71.737
lbr,2015,72.021
lbr,2016,67.871
lbr,2017,66.210
lbr,2018,65.367
lbr,2019,65.043
lbr,2020,64.673
lbr,2021,64.493
lbr,2022,64.251
lbr,2023,64.324
lbr,2024,64.010
lby,1973,99.872
lby,1974,91.844
lby,1975,84.290
lby,1976,77.381
lby,1977,71.284
lby,1978,65.792
lby,1979,61.073
lby,1980,56.762
lby,1981,53.048
lby,1982,49.510
lby,1983,46.263
lby,1984,43.240
lby,1985,40.353
lby,1986,37.477
lby,1987,34.851
lby,1988,32.221
lby,1989,29.781
lby,1990,27.476
lby,1991,25.267
lby,1992,23.352
lby,1993,21.685
lby,1994,20.407
lby,1995,19.453
lby,1996,18.681
lby,1997,17.966
lby,1998,17.292
lby,1999,16.681
lby,2000,16.118
lby,2001,15.600
lby,2002,15.142
lby,2003,14.705
lby,2004,14.240
lby,2005,13.651
lby,2006,13.003
lby,2007,12.237
lby,2008,11.448
lby,2009,10.714
lby,2010,10.147
lby,2011,9.7743
lby,2012,13.672
lby,2013,9.3294
lby,2014,9.2279
lby,2015,9.1320
lby,2016,9.0799
lby,2017,9.0475
lby,2018,9.0393
lby,2019,9.0001
lby,2020,8.9681
lby,2021,8.9138
lby,2022,8.8622
lby,2023,8.8687
lby,2024,45.311
lca,1973,44.157
lca,1974,40.042
lca,1975,36.354
lca,1976,32.837
lca,1977,29.361
lca,1978,25.836
lca,1979,22.437
lca,1980,19.642
lca,1981,17.263
lca,1982,15.360
lca,1983,13.856
lca,1984,12.746
lca,1985,11.915
lca,1986,11.265
lca,1987,10.778
lca,1988,10.403
lca,1989,10.152
lca,1990,9.9786
lca,1991,9.8889
lca,1992,9.8791
lca,1993,9.9014
lca,1994,9.9311
lca,1995,9.9366
lca,1996,9.8046
lca,1997,9.5999
lca,1998,9.2823
lca,1999,8.8888
lca,2000,8.4664
lca,2001,8.0138
lca,2002,7.5644
lca,2003,7.1426
lca,2004,6.8084
lca,2005,6.5557
lca,2006,6.3919
lca,2007,6.3277
lca,2008,6.2974
lca,2009,6.2753
lca,2010,6.2471
lca,2011,6.1791
lca,2012,6.1095
lca,2013,6.0584
lca,2014,6.0364
lca,2015,6.0878
lca,2016,6.1584
lca,2017,6.2781
lca,2018,6.3994
lca,2019,6.5331
lca,2020,6.6759
lca,2021,6.8022
lca,2022,6.9365
lca,2023,7.0192
lca,2024,7.0880
lka,1953,98.141
lka,1954,94.127
lka,1955,90.342
lka,1956,86.456
lka,1957,81.990
lka,1958,76.828
lka,1959,71.187
lka,1960,65.432
lka,1961,60.345
lka,1962,56.278
lka,1963,53.679
lka,1964,52.152
lka,1965,50.682
lka,1966,48.910
lka,1967,46.762
lka,1968,44.704
lka,1969,43.136
lka,1970,42.184
lka,1971,42.028
lka,1972,42.374
lka,1973,42.850
lka,1974,43.001
lka,1975,42.428
lka,1976,40.939
lka,1977,38.492
lka,1978,35.177
lka,1979,31.278
lka,1980,27.290
lka,1981,24.397
lka,1982,23.278
lka,1983,22.668
lka,1984,20.900
lka,1985,17.813
lka,1986,14.218
lka,1987,11.297
lka,1988,9.5489
lka,1989,8.8991
lka,1990,13.025
lka,1991,9.7335
lka,1992,10.146
lka,1993,10.127
lka,1994,9.7394
lka,1995,9.0189
lka,1996,8.2770
lka,1997,7.7191
lka,1998,7.3941
lka,1999,7.2198
lka,2000,7.0707
lka,2001,6.9468
lka,2002,6.7652
lka,2003,6.6835
lka,2004,6.9036
lka,2005,21.535
lka,2006,7.5002
lka,2007,7.0473
lka,2008,6.2647
lka,2009,5.6301
lka,2010,14.580
lka,2011,5.1358
lka,2012,4.8741
lka,2013,4.5070
lka,2014,4.1472
lka,2015,3.8517
lka,2016,3.6083
lka,2017,3.3327
lka,2018,3.0631
lka,2019,2.8167
lka,2020,2.6202
lka,2021,2.5101
lka,2022,2.4657
lka,2023,2.4594
lka,2024,2.4715
lso,1955,186.53
lso,1956,174.27
lso,1957,164.91
lso,1958,157.48
lso,1959,152.08
lso,1960,148.04
lso,1961,145.43
lso,1962,144.00
lso,1963,143.43
lso,1964,143.42
lso,1965,143.67
lso,1966,144.05
lso,1967,144.30
lso,1968,143.50
lso,1969,141.95
lso,1970,139.99
lso,1971,137.33
lso,1972,134.26
lso,1973,130.83
lso,1974,126.99
lso,1975,122.84
lso,1976,118.69
lso,1977,114.17
lso,1978,109.42
lso,1979,104.55
lso,1980,99.545
lso,1981,94.219
lso,1982,88.626
lso,1983,83.414
lso,1984,78.344
lso,1985,73.489
lso,1986,68.966
lso,1987,65.021
lso,1988,61.346
lso,1989,58.318
lso,1990,55.887
lso,1991,54.172
lso,1992,53.542
lso,1993,54.208
lso,1994,56.602
lso,1995,60.165
lso,1996,64.567
lso,1997,69.045
lso,1998,73.092
lso,1999,76.651
lso,2000,79.794
lso,2001,81.981
lso,2002,83.487
lso,2003,84.393
lso,2004,85.360
lso,2005,86.281
lso,2006,87.344
lso,2007,87.505
lso,2008,83.886
lso,2009,81.815
lso,2010,68.647
lso,2011,62.125
lso,2012,58.123
lso,2013,54.962
lso,2014,52.766
lso,2015,50.900
lso,2016,48.082
lso,2017,45.238
lso,2018,45.730
lso,2019,44.826
lso,2020,46.304
lso,2021,45.930
lso,2022,45.064
lso,2023,43.477
lso,2024,42.379
ltu,1982,13.274
ltu,1983,12.981
ltu,1984,12.521
ltu,1985,11.844
ltu,1986,10.945
ltu,1987,10.004
ltu,1988,9.0612
ltu,1989,8.3826
ltu,1990,8.1043
ltu,1991,7.9199
ltu,1992,7.7143
ltu,1993,7.6879
ltu,1994,7.9784
ltu,1995,8.2539
ltu,1996,7.9686
ltu,1997,7.5417
ltu,1998,7.2209
ltu,1999,7.0381
ltu,2000,6.9075
ltu,2001,6.6553
ltu,2002,6.3802
ltu,2003,6.0388
ltu,2004,5.6689
ltu,2005,5.3875
ltu,2006,5.1704
ltu,2007,5.0212
ltu,2008,4.7630
ltu,2009,4.3742
ltu,2010,3.9530
ltu,2011,3.4950
ltu,2012,3.1579
ltu,2013,2.9815
ltu,2014,2.9232
ltu,2015,2.9440
ltu,2016,2.9164
ltu,2017,2.8071
ltu,2018,2.5484
ltu,2019,2.2193
ltu,2020,1.9658
ltu,2021,1.7975
ltu,2022,1.7164
ltu,2023,1.6901
ltu,2024,1.7446
lux,1966,13.998
lux,1967,13.660
lux,1968,13.259
lux,1969,12.677
lux,1970,11.785
lux,1971,10.946
lux,1972,10.342
lux,1973,9.9554
lux,1974,9.6670
lux,1975,9.0347
lux,1976,8.3674
lux,1977,7.9375
lux,1978,7.7242
lux,1979,7.7252
lux,1980,7.7877
lux,1981,7.9290
lux,1982,8.0204
lux,1983,7.9589
lux,1984,7.7834
lux,1985,7.4668
lux,1986,7.0819
lux,1987,6.6640
lux,1988,6.2259
lux,1989,5.8460
lux,1990,5.4972
lux,1991,5.2094
lux,1992,4.9492
lux,1993,4.6879
lux,1994,4.4204
lux,1995,4.1494
lux,1996,3.8545
lux,1997,3.5799
lux,1998,3.3077
lux,1999,3.0841
lux,2000,2.8752
lux,2001,2.6805
lux,2002,2.5258
lux,2003,2.4043
lux,2004,2.2973
lux,2005,2.1721
lux,2006,2.0502
lux,2007,1.9346
lux,2008,1.8324
lux,2009,1.7452
lux,2010,1.6515
lux,2011,1.5575
lux,2012,1.4724
lux,2013,1.3973
lux,2014,1.3492
lux,2015,1.3050
lux,2016,1.2607
lux,2017,1.2088
lux,2018,1.1503
lux,2019,1.1007
lux,2020,1.0584
lux,2021,1.0302
lux,2022,1.0155
lux,2023,1.0037
lux,2024,1.0094
lva,1981,14.223
lva,1982,14.032
lva,1983,13.902
lva,1984,13.497
lva,1985,12.617
lva,1986,11.516
lva,1987,10.466
lva,1988,9.6328
lva,1989,9.1930
lva,1990,9.0997
lva,1991,9.2714
lva,1992,9.4721
lva,1993,9.4136
lva,1994,9.3410
lva,1995,9.2430
lva,1996,9.1861
lva,1997,9.1247
lva,1998,8.9271
lva,1999,8.6617
lva,2000,8.1743
lva,2001,7.6661
lva,2002,7.2468
lva,2003,6.9159
lva,2004,6.6098
lva,2005,6.1267
lva,2006,5.5738
lva,2007,5.0967
lva,2008,4.7085
lva,2009,4.4201
lva,2010,4.1607
lva,2011,3.9250
lva,2012,3.6970
lva,2013,3.4251
lva,2014,3.1612
lva,2015,2.8836
lva,2016,2.6317
lva,2017,2.4263
lva,2018,2.2564
lva,2019,2.1317
lva,2020,2.0350
lva,2021,1.9567
lva,2022,1.8777
lva,2023,1.8120
lva,2024,1.8024
mar,1958,236.68
mar,1959,227.56
mar,1960,219.61
mar,1961,212.36
mar,1962,205.66
mar,1963,199.24
mar,1964,193.20
mar,1965,187.20
mar,1966,181.11
mar,1967,175.18
mar,1968,169.33
mar,1969,163.61
mar,1970,158.58
mar,1971,153.88
mar,1972,149.61
mar,1973,145.40
mar,1974,141.49
mar,1975,137.12
mar,1976,131.95
mar,1977,125.98
mar,1978,119.30
mar,1979,112.02
mar,1980,104.92
mar,1981,98.033
mar,1982,91.409
mar,1983,85.337
mar,1984,79.507
mar,1985,74.143
mar,1986,69.116
mar,1987,64.528
mar,1988,60.334
mar,1989,56.572
mar,1990,53.221
mar,1991,50.023
mar,1992,47.070
mar,1993,44.390
mar,1994,41.786
mar,1995,39.390
mar,1996,37.005
mar,1997,34.827
mar,1998,32.806
mar,1999,30.948
mar,2000,29.216
mar,2001,27.601
mar,2002,26.024
mar,2003,24.511
mar,2004,22.957
mar,2005,21.407
mar,2006,19.770
mar,2007,18.257
mar,2008,16.823
mar,2009,15.838
mar,2010,14.948
mar,2011,14.172
mar,2012,13.490
mar,2013,12.891
mar,2014,12.370
mar,2015,11.869
mar,2016,11.465
mar,2017,11.106
mar,2018,10.798
mar,2019,10.557
mar,2020,10.361
mar,2021,10.165
mar,2022,10.065
mar,2023,9.9658
mar,2024,9.8832
mco,1990,4.9930
mco,1991,4.7543
mco,1992,4.5284
mco,1993,4.3468
mco,1994,4.1762
mco,1995,4.0179
mco,1996,3.8728
mco,1997,3.7411
mco,1998,3.6085
mco,1999,3.4934
mco,2000,3.3923
mco,2001,3.2863
mco,2002,3.1992
mco,2003,3.1154
mco,2004,3.0424
mco,2005,2.9862
mco,2006,2.9208
mco,2007,2.8629
mco,2008,2.8033
mco,2009,2.7540
mco,2010,2.7051
mco,2011,2.6675
mco,2012,2.6423
mco,2013,2.5996
mco,2014,2.5714
mco,2015,2.5491
mco,2016,2.5291
mco,2017,2.5077
mco,2018,2.5002
mco,2019,2.4889
mco,2020,2.4688
mco,2021,2.4666
mco,2022,2.4508
mco,2023,2.4416
mco,2024,2.4271
mda,1983,31.639
mda,1984,29.587
mda,1985,27.491
mda,1986,25.220
mda,1987,23.015
mda,1988,21.170
mda,1989,19.736
mda,1990,18.889
mda,1991,18.505
mda,1992,18.550
mda,1993,18.877
mda,1994,19.316
mda,1995,19.606
mda,1996,19.675
mda,1997,19.220
mda,1998,18.283
mda,1999,16.958
mda,2000,15.560
mda,2001,14.088
mda,2002,12.645
mda,2003,11.362
mda,2004,10.213
mda,2005,9.1845
mda,2006,8.3280
mda,2007,7.5410
mda,2008,6.9180
mda,2009,6.4357
mda,2010,6.1138
mda,2011,5.9066
mda,2012,5.8346
mda,2013,5.8161
mda,2014,5.8428
mda,2015,5.8386
mda,2016,5.8539
mda,2017,5.8462
mda,2018,5.8038
mda,2019,5.7823
mda,2020,5.7789
mda,2021,5.8494
mda,2022,5.9264
mda,2023,6.0656
mda,2024,6.3064
mdg,1973,138.32
mdg,1974,139.93
mdg,1975,141.74
mdg,1976,143.60
mdg,1977,144.85
mdg,1978,146.25
mdg,1979,147.40
mdg,1980,148.89
mdg,1981,150.58
mdg,1982,152.53
mdg,1983,154.26
mdg,1984,155.51
mdg,1985,155.61
mdg,1986,154.53
mdg,1987,151.84
mdg,1988,147.79
mdg,1989,142.54
mdg,1990,136.93
mdg,1991,131.06
mdg,1992,125.52
mdg,1993,120.43
mdg,1994,115.69
mdg,1995,111.03
mdg,1996,106.34
mdg,1997,101.67
mdg,1998,96.673
mdg,1999,91.712
mdg,2000,86.889
mdg,2001,82.343
mdg,2002,78.100
mdg,2003,74.077
mdg,2004,70.398
mdg,2005,66.923
mdg,2006,63.580
mdg,2007,60.526
mdg,2008,57.765
mdg,2009,55.420
mdg,2010,53.381
mdg,2011,51.707
mdg,2012,50.421
mdg,2013,49.383
mdg,2014,48.691
mdg,2015,48.178
mdg,2016,47.951
mdg,2017,47.976
mdg,2018,48.308
mdg,2019,48.893
mdg,2020,49.907
mdg,2021,51.156
mdg,2022,52.399
mdg,2023,53.344
mdg,2024,54.024
mdv,1987,70.690
mdv,1988,65.386
mdv,1989,60.830
mdv,1990,56.548
mdv,1991,52.447
mdv,1992,48.587
mdv,1993,44.947
mdv,1994,41.438
mdv,1995,38.415
mdv,1996,35.310
mdv,1997,32.277
mdv,1998,29.297
mdv,1999,26.380
mdv,2000,23.460
mdv,2001,20.499
mdv,2002,18.040
mdv,2003,16.000
mdv,2004,13.958
mdv,2005,15.115
mdv,2006,10.545
mdv,2007,9.3195
mdv,2008,8.4497
mdv,2009,7.8215
mdv,2010,7.3929
mdv,2011,7.0816
mdv,2012,6.8175
mdv,2013,6.4901
mdv,2014,5.9796
mdv,2015,5.3208
mdv,2016,4.6186
mdv,2017,3.9612
mdv,2018,3.4774
mdv,2019,3.1197
mdv,2020,2.8811
mdv,2021,2.7040
mdv,2022,2.5936
mdv,2023,2.5561
mdv,2024,2.5593
mex,1954,193.61
mex,1955,179.47
mex,1956,167.08
mex,1957,156.10
mex,1958,146.15
mex,1959,137.51
mex,1960,130.07
mex,1961,123.22
mex,1962,116.96
mex,1963,111.09
mex,1964,105.55
mex,1965,99.794
mex,1966,94.306
mex,1967,88.961
mex,1968,83.907
mex,1969,79.746
mex,1970,76.281
mex,1971,73.245
mex,1972,70.398
mex,1973,67.611
mex,1974,65.012
mex,1975,62.743
mex,1976,60.593
mex,1977,58.411
mex,1978,56.149
mex,1979,53.787
mex,1980,51.177
mex,1981,48.471
mex,1982,45.774
mex,1983,42.999
mex,1984,40.430
mex,1985,37.863
mex,1986,35.575
mex,1987,33.498
mex,1988,31.563
mex,1989,29.758
mex,1990,27.935
mex,1991,26.136
mex,1992,24.486
mex,1993,22.932
mex,1994,21.526
mex,1995,20.212
mex,1996,19.183
mex,1997,18.388
mex,1998,17.628
mex,1999,16.945
mex,2000,16.269
mex,2001,15.708
mex,2002,15.293
mex,2003,14.949
mex,2004,14.711
mex,2005,14.500
mex,2006,14.216
mex,2007,13.726
mex,2008,13.031
mex,2009,12.277
mex,2010,11.582
mex,2011,10.992
mex,2012,10.489
mex,2013,10.046
mex,2014,9.6158
mex,2015,9.1480
mex,2016,8.6176
mex,2017,7.9672
mex,2018,7.2632
mex,2019,6.6754
mex,2020,6.3936
mex,2021,6.4048
mex,2022,6.5201
mex,2023,6.5819
mex,2024,6.6591
mhl,1990,37.483
mhl,1991,35.699
mhl,1992,34.011
mhl,1993,32.476
mhl,1994,31.139
mhl,1995,29.999
mhl,1996,29.290
mhl,1997,28.922
mhl,1998,28.598
mhl,1999,28.651
mhl,2000,28.709
mhl,2001,28.810
mhl,2002,28.749
mhl,2003,28.688
mhl,2004,28.581
mhl,2005,28.326
mhl,2006,28.217
mhl,2007,28.188
mhl,2008,28.110
mhl,2009,27.983
mhl,2010,27.939
mhl,2011,28.101
mhl,2012,28.305
mhl,2013,28.325
mhl,2014,28.333
mhl,2015,28.341
mhl,2016,28.359
mhl,2017,28.376
mhl,2018,28.440
mhl,2019,28.415
mhl,2020,28.409
mhl,2021,28.366
mhl,2022,28.090
mhl,2023,27.936
mhl,2024,27.882
mkd,1983,37.166
mkd,1984,34.789
mkd,1985,32.998
mkd,1986,31.749
mkd,1987,30.814
mkd,1988,29.154
mkd,1989,26.690
mkd,1990,23.625
mkd,1991,20.821
mkd,1992,19.368
mkd,1993,18.801
mkd,1994,18.179
mkd,1995,16.029
mkd,1996,12.943
mkd,1997,10.533
mkd,1998,9.1200
mkd,1999,8.5374
mkd,2000,8.0924
mkd,2001,7.5138
mkd,2002,7.0991
mkd,2003,6.8253
mkd,2004,6.6158
mkd,2005,6.1322
mkd,2006,5.4228
mkd,2007,4.8346
mkd,2008,4.4490
mkd,2009,4.2877
mkd,2010,4.1528
mkd,2011,4.0091
mkd,2012,3.9004
mkd,2013,3.7851
mkd,2014,3.7411
mkd,2015,3.6299
mkd,2016,3.4711
mkd,2017,3.3351
mkd,2018,3.1683
mkd,2019,3.0539
mkd,2020,2.9514
mkd,2021,2.8709
mkd,2022,2.7528
mkd,2023,2.4914
mkd,2024,2.2701
mli,1967,387.86
mli,1968,376.25
mli,1969,365.33
mli,1970,355.43
mli,1971,346.37
mli,1972,337.53
mli,1973,329.58
mli,1974,320.93
mli,1975,312.00
mli,1976,302.16
mli,1977,292.39
mli,1978,282.92
mli,1979,273.97
mli,1980,265.50
mli,1981,257.56
mli,1982,250.20
mli,1983,242.87
mli,1984,235.51
mli,1985,227.88
mli,1986,219.99
mli,1987,212.39
mli,1988,205.21
mli,1989,198.92
mli,1990,193.65
mli,1991,189.14
mli,1992,185.39
mli,1993,182.12
mli,1994,179.11
mli,1995,176.48
mli,1996,174.07
mli,1997,171.45
mli,1998,168.38
mli,1999,164.55
mli,2000,159.80
mli,2001,154.54
mli,2002,149.20
mli,2003,143.70
mli,2004,138.36
mli,2005,133.09
mli,2006,128.03
mli,2007,123.27
mli,2008,118.69
mli,2009,114.47
mli,2010,110.43
mli,2011,106.87
mli,2012,103.53
mli,2013,100.32
mli,2014,97.514
mli,2015,95.026
mli,2016,92.783
mli,2017,90.926
mli,2018,89.204
mli,2019,87.617
mli,2020,86.219
mli,2021,85.118
mli,2022,84.426
mli,2023,83.395
mli,2024,83.081
mlt,1971,10.013
mlt,1972,9.5494
mlt,1973,9.1248
mlt,1974,8.7420
mlt,1975,8.3739
mlt,1976,7.9989
mlt,1977,7.5829
mlt,1978,7.1682
mlt,1979,6.7698
mlt,1980,6.4045
mlt,1981,6.1070
mlt,1982,5.8523
mlt,1983,5.6337
mlt,1984,5.4379
mlt,1985,5.2528
mlt,1986,5.0893
mlt,1987,4.9417
mlt,1988,4.7944
mlt,1989,4.6380
mlt,1990,4.4550
mlt,1991,4.2684
mlt,1992,4.0764
mlt,1993,3.9035
mlt,1994,3.7539
mlt,1995,3.6081
mlt,1996,3.4676
mlt,1997,3.3329
mlt,1998,3.2143
mlt,1999,3.1095
mlt,2000,3.0032
mlt,2001,2.9120
mlt,2002,2.8411
mlt,2003,2.7847
mlt,2004,2.7406
mlt,2005,2.7092
mlt,2006,2.6896
mlt,2007,2.6697
mlt,2008,2.6488
mlt,2009,2.6330
mlt,2010,2.6174
mlt,2011,2.5999
mlt,2012,2.5846
mlt,2013,2.5722
mlt,2014,2.5531
mlt,2015,2.5296
mlt,2016,2.5010
mlt,2017,2.4727
mlt,2018,2.4373
mlt,2019,2.3953
mlt,2020,2.3628
mlt,2021,2.3454
mlt,2022,2.3341
mlt,2023,2.3291
mlt,2024,2.3347
mmr,1990,82.637
mmr,1991,80.185
mmr,1992,77.619
mmr,1993,75.325
mmr,1994,72.981
mmr,1995,70.960
mmr,1996,68.899
mmr,1997,66.972
mmr,1998,65.154
mmr,1999,63.351
mmr,2000,61.796
mmr,2001,60.318
mmr,2002,58.679
mmr,2003,57.158
mmr,2004,55.420
mmr,2005,53.767
mmr,2006,52.003
mmr,2007,50.229
mmr,2008,48.275
mmr,2009,82.775
mmr,2010,44.265
mmr,2011,42.295
mmr,2012,40.513
mmr,2013,38.794
mmr,2014,37.145
mmr,2015,36.022
mmr,2016,35.036
mmr,2017,34.133
mmr,2018,33.363
mmr,2019,32.658
mmr,2020,32.195
mmr,2021,31.699
mmr,2022,31.466
mmr,2023,31.175
mmr,2024,30.744
mne,1990,7.2222
mne,1991,6.6660
mne,1992,6.5546
mne,1993,6.7146
mne,1994,7.0744
mne,1995,7.3600
mne,1996,7.6431
mne,1997,7.8441
mne,1998,7.8643
mne,1999,7.6979
mne,2000,7.2404
mne,2001,6.6532
mne,2002,6.1035
mne,2003,5.5344
mne,2004,5.0628
mne,2005,4.6103
mne,2006,4.2118
mne,2007,3.8585
mne,2008,3.4687
mne,2009,3.1435
mne,2010,2.8475
mne,2011,2.6269
mne,2012,2.4639
mne,2013,2.3298
mne,2014,2.2561
mne,2015,2.2085
mne,2016,2.1894
mne,2017,2.1915
mne,2018,2.1746
mne,2019,2.1491
mne,2020,2.1199
mne,2021,2.1029
mne,2022,2.1070
mne,2023,2.0958
mne,2024,2.0815
mng,1987,112.88
mng,1988,106.04
mng,1989,99.235
mng,1990,93.177
mng,1991,87.442
mng,1992,82.287
mng,1993,77.615
mng,1994,73.245
mng,1995,69.095
mng,1996,64.991
mng,1997,61.006
mng,1998,57.011
mng,1999,52.992
mng,2000,48.953
mng,2001,44.884
mng,2002,40.765
mng,2003,36.824
mng,2004,33.041
mng,2005,29.450
mng,2006,26.230
mng,2007,23.336
mng,2008,21.178
mng,2009,19.211
mng,2010,17.448
mng,2011,15.873
mng,2012,14.493
mng,2013,13.323
mng,2014,12.270
mng,2015,11.354
mng,2016,10.542
mng,2017,9.8061
mng,2018,9.1002
mng,2019,8.3676
mng,2020,7.7339
mng,2021,7.2128
mng,2022,6.8517
mng,2023,6.6947
mng,2024,6.7323
moz,1981,233.93
moz,1982,231.93
moz,1983,229.79
moz,1984,227.14
moz,1985,223.68
moz,1986,220.10
moz,1987,215.90
moz,1988,211.90
moz,1989,208.15
moz,1990,204.64
moz,1991,201.47
moz,1992,198.04
moz,1993,194.26
moz,1994,189.63
moz,1995,183.90
moz,1996,177.23
moz,1997,169.33
moz,1998,160.91
moz,1999,151.77
moz,2000,143.00
moz,2001,134.75
moz,2002,127.33
moz,2003,120.51
moz,2004,114.17
moz,2005,108.22
moz,2006,102.58
moz,2007,96.346
moz,2008,88.499
moz,2009,82.506
moz,2010,76.743
moz,2011,74.961
moz,2012,70.940
moz,2013,67.192
moz,2014,63.749
moz,2015,60.418
moz,2016,56.112
moz,2017,53.045
moz,2018,51.710
moz,2019,50.457
moz,2020,49.709
moz,2021,49.450
moz,2022,48.907
moz,2023,48.815
moz,2024,47.158
mrt,1959,257.92
mrt,1960,247.67
mrt,1961,237.81
mrt,1962,228.59
mrt,1963,219.32
mrt,1964,210.66
mrt,1965,202.86
mrt,1966,194.13
mrt,1967,185.49
mrt,1968,176.56
mrt,1969,168.66
mrt,1970,162.77
mrt,1971,158.49
mrt,1972,156.06
mrt,1973,155.26
mrt,1974,155.40
mrt,1975,155.38
mrt,1976,153.85
mrt,1977,150.33
mrt,1978,145.40
mrt,1979,139.57
mrt,1980,133.71
mrt,1981,128.12
mrt,1982,122.91
mrt,1983,117.99
mrt,1984,113.19
mrt,1985,107.66
mrt,1986,101.50
mrt,1987,95.822
mrt,1988,91.024
mrt,1989,87.151
mrt,1990,84.279
mrt,1991,82.471
mrt,1992,81.351
mrt,1993,80.480
mrt,1994,79.610
mrt,1995,78.948
mrt,1996,78.152
mrt,1997,77.271
mrt,1998,76.008
mrt,1999,74.240
mrt,2000,71.806
mrt,2001,68.622
mrt,2002,64.622
mrt,2003,60.016
mrt,2004,54.968
mrt,2005,50.208
mrt,2006,45.883
mrt,2007,42.175
mrt,2008,38.968
mrt,2009,36.374
mrt,2010,34.353
mrt,2011,32.792
mrt,2012,31.507
mrt,2013,30.410
mrt,2014,29.396
mrt,2015,28.432
mrt,2016,27.417
mrt,2017,26.560
mrt,2018,25.900
mrt,2019,25.449
mrt,2020,25.060
mrt,2021,24.753
mrt,2022,24.463
mrt,2023,24.244
mrt,2024,24.065
msr,1990,14.779
msr,1991,14.299
msr,1992,13.851
msr,1993,13.422
msr,1994,13.088
msr,1995,12.691
msr,1996,12.302
msr,1997,12.000
msr,1998,11.790
msr,1999,11.610
msr,2000,11.496
msr,2001,11.303
msr,2002,11.114
msr,2003,11.010
msr,2004,10.891
msr,2005,10.774
msr,2006,10.666
msr,2007,10.587
msr,2008,10.454
msr,2009,10.370
msr,2010,10.295
msr,2011,10.145
msr,2012,10.080
msr,2013,10.006
msr,2014,9.8723
msr,2015,9.8364
msr,2016,9.8363
msr,2017,9.7138
msr,2018,9.5830
msr,2019,9.4987
msr,2020,9.3372
msr,2021,9.2269
msr,2022,9.0120
msr,2023,8.8045
msr,2024,8.6392
mus,1970,61.169
mus,1971,56.996
mus,1972,54.973
mus,1973,53.929
mus,1974,52.240
mus,1975,48.948
mus,1976,42.668
mus,1977,35.762
mus,1978,30.357
mus,1979,26.729
mus,1980,24.317
mus,1981,22.107
mus,1982,19.826
mus,1983,17.523
mus,1984,15.254
mus,1985,13.646
mus,1986,12.857
mus,1987,12.621
mus,1988,12.280
mus,1989,11.319
mus,1990,10.263
mus,1991,9.2424
mus,1992,8.4697
mus,1993,8.0129
mus,1994,7.8119
mus,1995,7.8360
mus,1996,7.8533
mus,1997,7.8449
mus,1998,7.7697
mus,1999,7.5334
mus,2000,7.3199
mus,2001,7.0677
mus,2002,6.8787
mus,2003,6.6798
mus,2004,6.4027
mus,2005,6.1843
mus,2006,5.9820
mus,2007,5.8367
mus,2008,5.7915
mus,2009,5.8032
mus,2010,5.9210
mus,2011,6.0154
mus,2012,6.1252
mus,2013,6.1906
mus,2014,6.1427
mus,2015,6.1431
mus,2016,6.1162
mus,2017,6.1494
mus,2018,6.2293
mus,2019,6.3213
mus,2020,6.5011
mus,2021,6.6271
mus,2022,6.7558
mus,2023,6.8623
mus,2024,7.0618
mwi,1970,332.13
mwi,1971,325.64
mwi,1972,318.46
mwi,1973,311.02
mwi,1974,301.72
mwi,1975,291.93
mwi,1976,281.94
mwi,1977,271.40
mwi,1978,260.91
mwi,1979,249.00
mwi,1980,237.36
mwi,1981,227.99
mwi,1982,220.76
mwi,1983,216.85
mwi,1984,217.01
mwi,1985,219.89
mwi,1986,224.13
mwi,1987,226.92
mwi,1988,228.12
mwi,1989,226.83
mwi,1990,222.49
mwi,1991,216.57
mwi,1992,209.32
mwi,1993,201.48
mwi,1994,194.29
mwi,1995,187.49
mwi,1996,181.01
mwi,1997,176.15
mwi,1998,171.64
mwi,1999,166.35
mwi,2000,159.42
mwi,2001,149.52
mwi,2002,136.61
mwi,2003,122.97
mwi,2004,109.53
mwi,2005,98.183
mwi,2006,89.286
mwi,2007,82.665
mwi,2008,77.558
mwi,2009,72.564
mwi,2010,67.968
mwi,2011,63.238
mwi,2012,56.833
mwi,2013,50.302
mwi,2014,45.170
mwi,2015,42.553
mwi,2016,40.458
mwi,2017,38.952
mwi,2018,38.327
mwi,2019,36.911
mwi,2020,36.473
mwi,2021,35.586
mwi,2022,35.494
mwi,2023,35.164
mwi,2024,34.829
mys,1952,156.98
mys,1953,145.16
mys,1954,134.88
mys,1955,125.96
mys,1956,118.03
mys,1957,110.43
mys,1958,103.52
mys,1959,96.587
mys,1960,89.879
mys,1961,83.449
mys,1962,77.227
mys,1963,71.434
mys,1964,66.227
mys,1965,61.678
mys,1966,57.673
mys,1967,54.286
mys,1968,51.354
mys,1969,48.714
mys,1970,46.219
mys,1971,43.724
mys,1972,41.191
mys,1973,38.585
mys,1974,35.867
mys,1975,33.123
mys,1976,30.471
mys,1977,28.052
mys,1978,25.769
mys,1979,23.906
mys,1980,22.241
mys,1981,20.657
mys,1982,19.123
mys,1983,17.733
mys,1984,16.422
mys,1985,15.253
mys,1986,14.210
mys,1987,13.272
mys,1988,12.420
mys,1989,11.603
mys,1990,10.917
mys,1991,10.289
mys,1992,9.7326
mys,1993,9.2196
mys,1994,8.7466
mys,1995,8.3426
mys,1996,7.9528
mys,1997,7.5682
mys,1998,7.1393
mys,1999,6.6567
mys,2000,6.1567
mys,2001,5.6592
mys,2002,5.2465
mys,2003,4.9352
mys,2004,4.7302
mys,2005,4.6117
mys,2006,4.5235
mys,2007,4.4432
mys,2008,4.3711
mys,2009,4.2971
mys,2010,4.2572
mys,2011,4.2128
mys,2012,4.1922
mys,2013,4.2175
mys,2014,4.2711
mys,2015,4.3292
mys,2016,4.3428
mys,2017,4.3361
mys,2018,4.3171
mys,2019,4.2960
mys,2020,4.2946
mys,2021,4.2969
mys,2022,4.3385
mys,2023,4.4407
mys,2024,4.5905
nam,1970,86.689
nam,1971,84.734
nam,1972,83.144
nam,1973,82.009
nam,1974,81.176
nam,1975,81.117
nam,1976,81.325
nam,1977,81.735
nam,1978,82.787
nam,1979,83.418
nam,1980,83.762
nam,1981,82.872
nam,1982,81.046
nam,1983,78.253
nam,1984,74.559
nam,1985,70.744
nam,1986,66.519
nam,1987,62.643
nam,1988,59.116
nam,1989,56.267
nam,1990,53.734
nam,1991,51.562
nam,1992,49.953
nam,1993,49.164
nam,1994,49.290
nam,1995,50.323
nam,1996,52.370
nam,1997,55.271
nam,1998,58.699
nam,1999,62.146
nam,2000,64.921
nam,2001,66.623
nam,2002,67.248
nam,2003,67.321
nam,2004,67.033
nam,2005,66.301
nam,2006,61.946
nam,2007,55.159
nam,2008,50.115
nam,2009,44.657
nam,2010,39.660
nam,2011,35.935
nam,2012,35.642
nam,2013,38.581
nam,2014,35.895
nam,2015,33.703
nam,2016,35.193
nam,2017,33.944
nam,2018,31.599
nam,2019,30.323
nam,2020,28.515
nam,2021,26.935
nam,2022,25.648
nam,2023,24.738
nam,2024,25.045
ner,1970,325.38
ner,1971,326.25
ner,1972,328.18
ner,1973,330.67
ner,1974,331.70
ner,1975,331.55
ner,1976,329.54
ner,1977,325.83
ner,1978,320.56
ner,1979,314.97
ner,1980,310.07
ner,1981,306.78
ner,1982,305.95
ner,1983,307.40
ner,1984,311.05
ner,1985,315.52
ner,1986,319.78
ner,1987,323.21
ner,1988,324.13
ner,1989,322.90
ner,1990,319.40
ner,1991,313.87
ner,1992,307.22
ner,1993,298.60
ner,1994,288.32
ner,1995,275.31
ner,1996,261.25
ner,1997,248.11
ner,1998,236.32
ner,1999,225.84
ner,2000,216.92
ner,2001,208.08
ner,2002,198.42
ner,2003,186.90
ner,2004,174.60
ner,2005,162.40
ner,2006,151.37
ner,2007,141.55
ner,2008,133.24
ner,2009,126.33
ner,2010,120.95
ner,2011,116.68
ner,2012,113.61
ner,2013,111.34
ner,2014,109.86
ner,2015,108.52
ner,2016,107.64
ner,2017,106.99
ner,2018,106.23
ner,2019,106.23
ner,2020,106.60
ner,2021,107.87
ner,2022,108.78
ner,2023,109.60
ner,2024,109.92
nga,1968,288.84
nga,1969,280.75
nga,1970,273.25
nga,1971,266.11
nga,1972,257.70
nga,1973,247.82
nga,1974,238.15
nga,1975,228.66
nga,1976,219.29
nga,1977,210.40
nga,1978,202.22
nga,1979,195.48
nga,1980,189.44
nga,1981,185.29
nga,1982,182.19
nga,1983,180.18
nga,1984,179.13
nga,1985,179.16
nga,1986,179.83
nga,1987,180.71
nga,1988,181.41
nga,1989,181.65
nga,1990,181.51
nga,1991,181.00
nga,1992,179.97
nga,1993,179.21
nga,1994,177.77
nga,1995,176.10
nga,1996,173.93
nga,1997,171.18
nga,1998,167.34
nga,1999,163.10
nga,2000,158.19
nga,2001,153.03
nga,2002,148.11
nga,2003,142.94
nga,2004,137.82
nga,2005,132.75
nga,2006,127.77
nga,2007,123.11
nga,2008,119.10
nga,2009,115.78
nga,2010,113.15
nga,2011,111.07
nga,2012,109.59
nga,2013,108.67
nga,2014,108.24
nga,2015,108.49
nga,2016,109.09
nga,2017,109.78
nga,2018,110.31
nga,2019,110.52
nga,2020,110.48
nga,2021,110.36
nga,2022,110.37
nga,2023,110.44
nga,2024,110.43
nic,1975,129.13
nic,1976,122.06
nic,1977,114.85
nic,1978,107.48
nic,1979,100.18
nic,1980,93.191
nic,1981,86.784
nic,1982,80.714
nic,1983,75.037
nic,1984,70.004
nic,1985,65.772
nic,1986,62.169
nic,1987,59.017
nic,1988,56.193
nic,1989,53.656
nic,1990,51.153
nic,1991,48.601
nic,1992,45.960
nic,1993,43.109
nic,1994,40.318
nic,1995,37.623
nic,1996,35.098
nic,1997,32.743
nic,1998,30.513
nic,1999,36.301
nic,2000,26.402
nic,2001,24.586
nic,2002,23.046
nic,2003,21.806
nic,2004,20.573
nic,2005,19.354
nic,2006,18.109
nic,2007,16.918
nic,2008,15.750
nic,2009,14.603
nic,2010,13.494
nic,2011,12.462
nic,2012,11.495
nic,2013,10.560
nic,2014,9.7573
nic,2015,9.1164
nic,2016,8.6361
nic,2017,8.2514
nic,2018,7.8366
nic,2019,7.3749
nic,2020,6.7821
nic,2021,6.2056
nic,2022,5.8573
nic,2023,5.7997
nic,2024,5.9033
niu,1990,15.999
niu,1991,16.220
niu,1992,16.536
niu,1993,16.920
niu,1994,17.431
niu,1995,17.952
niu,1996,18.609
niu,1997,19.433
niu,1998,20.369
niu,1999,21.204
niu,2000,22.090
niu,2001,23.130
niu,2002,24.177
niu,2003,25.417
niu,2004,26.831
niu,2005,28.303
niu,2006,29.652
niu,2007,30.804
niu,2008,31.631
niu,2009,31.862
niu,2010,32.215
niu,2011,32.190
niu,2012,32.352
niu,2013,32.365
niu,2014,32.093
niu,2015,31.906
niu,2016,31.638
niu,2017,31.599
niu,2018,31.475
niu,2019,31.266
niu,2020,31.031
niu,2021,30.646
niu,2022,30.212
niu,2023,29.731
niu,2024,29.417
nld,1961,7.8346
nld,1962,7.6248
nld,1963,7.5416
nld,1964,7.5156
nld,1965,7.4878
nld,1966,7.3571
nld,1967,7.1811
nld,1968,7.0603
nld,1969,6.9982
nld,1970,6.9204
nld,1971,6.6945
nld,1972,6.3944
nld,1973,6.1334
nld,1974,5.9500
nld,1975,5.8272
nld,1976,5.6928
nld,1977,5.5687
nld,1978,5.4876
nld,1979,5.4346
nld,1980,5.4108
nld,1981,5.3738
nld,1982,5.3213
nld,1983,5.2658
nld,1984,5.1956
nld,1985,5.1088
nld,1986,4.9784
nld,1987,4.8024
nld,1988,4.5965
nld,1989,4.3570
nld,1990,4.1156
nld,1991,3.8644
nld,1992,3.6402
nld,1993,3.4671
nld,1994,3.3473
nld,1995,3.2809
nld,1996,3.2368
nld,1997,3.1797
nld,1998,3.0461
nld,1999,2.8216
nld,2000,2.6191
nld,2001,2.4733
nld,2002,2.3818
nld,2003,2.3000
nld,2004,2.1895
nld,2005,2.0818
nld,2006,1.9836
nld,2007,1.9113
nld,2008,1.8613
nld,2009,1.8236
nld,2010,1.7943
nld,2011,1.7464
nld,2012,1.6891
nld,2013,1.6313
nld,2014,1.5812
nld,2015,1.5473
nld,2016,1.5230
nld,2017,1.5083
nld,2018,1.5007
nld,2019,1.4879
nld,2020,1.4844
nld,2021,1.4724
nld,2022,1.4642
nld,2023,1.4620
nld,2024,1.4690
nor,1961,11.300
nor,1962,10.615
nor,1963,10.079
nor,1964,9.6359
nor,1965,9.2669
nor,1966,8.8352
nor,1967,8.3866
nor,1968,7.9664
nor,1969,7.5606
nor,1970,7.2276
nor,1971,6.9133
nor,1972,6.6502
nor,1973,6.4795
nor,1974,6.3540
nor,1975,6.2467
nor,1976,6.0695
nor,1977,5.8522
nor,1978,5.6454
nor,1979,5.4671
nor,1980,5.3638
nor,1981,5.3306
nor,1982,5.3814
nor,1983,5.5012
nor,1984,5.6652
nor,1985,5.8553
nor,1986,5.9891
nor,1987,6.0490
nor,1988,6.0108
nor,1989,5.8249
nor,1990,5.4851
nor,1991,4.9659
nor,1992,4.3800
nor,1993,3.8399
nor,1994,3.3920
nor,1995,3.0614
nor,1996,2.8353
nor,1997,2.6921
nor,1998,2.5907
nor,1999,2.4936
nor,2000,2.4159
nor,2001,2.3364
nor,2002,2.2562
nor,2003,2.1803
nor,2004,2.0982
nor,2005,2.0164
nor,2006,1.9240
nor,2007,1.8306
nor,2008,1.7422
nor,2009,1.6618
nor,2010,1.5891
nor,2011,1.5110
nor,2012,1.4345
nor,2013,1.3643
nor,2014,1.3019
nor,2015,1.2546
nor,2016,1.2120
nor,2017,1.1751
nor,2018,1.1453
nor,2019,1.1191
nor,2020,1.1031
nor,2021,1.0987
nor,2022,1.1073
nor,2023,1.1355
nor,2024,1.1913
npl,1954,313.98
npl,1955,310.51
npl,1956,307.39
npl,1957,304.15
npl,1958,300.88
npl,1959,297.86
npl,1960,293.67
npl,1961,289.06
npl,1962,283.83
npl,1963,277.67
npl,1964,270.32
npl,1965,262.89
npl,1966,254.79
npl,1967,246.93
npl,1968,239.26
npl,1969,231.78
npl,1970,224.60
npl,1971,217.61
npl,1972,210.99
npl,1973,204.44
npl,1974,198.16
npl,1975,192.12
npl,1976,186.01
npl,1977,179.93
npl,1978,173.81
npl,1979,167.73
npl,1980,161.34
npl,1981,155.19
npl,1982,148.98
npl,1983,142.66
npl,1984,136.36
npl,1985,130.24
npl,1986,124.02
npl,1987,117.74
npl,1988,111.20
npl,1989,104.79
npl,1990,98.554
npl,1991,92.359
npl,1992,86.282
npl,1993,80.483
npl,1994,75.032
npl,1995,69.806
npl,1996,64.943
npl,1997,60.332
npl,1998,55.944
npl,1999,51.784
npl,2000,47.796
npl,2001,44.129
npl,2002,40.758
npl,2003,37.741
npl,2004,35.043
npl,2005,32.645
npl,2006,30.540
npl,2007,28.694
npl,2008,27.002
npl,2009,25.471
npl,2010,24.094
npl,2011,22.819
npl,2012,21.567
npl,2013,20.449
npl,2014,19.309
npl,2015,18.235
npl,2016,17.149
npl,2017,16.154
npl,2018,15.438
npl,2019,14.779
npl,2020,14.148
npl,2021,13.612
npl,2022,13.146
npl,2023,12.867
npl,2024,12.652
nru,1990,54.808
nru,1991,49.729
nru,1992,45.325
nru,1993,40.987
nru,1994,37.132
nru,1995,33.838
nru,1996,31.229
nru,1997,29.082
nru,1998,27.012
nru,1999,25.046
nru,2000,23.160
nru,2001,21.459
nru,2002,20.081
nru,2003,18.664
nru,2004,17.586
nru,2005,16.768
nru,2006,16.167
nru,2007,15.727
nru,2008,15.222
nru,2009,14.768
nru,2010,14.252
nru,2011,13.767
nru,2012,13.319
nru,2013,12.905
nru,2014,12.647
nru,2015,12.266
nru,2016,11.710
nru,2017,11.064
nru,2018,10.283
nru,2019,9.6102
nru,2020,8.9015
nru,2021,8.4086
nru,2022,8.0912
nru,2023,7.8318
nru,2024,7.5909
nzl,1969,11.121
nzl,1970,10.921
nzl,1971,10.708
nzl,1972,10.454
nzl,1973,10.225
nzl,1974,10.032
nzl,1975,9.9267
nzl,1976,9.8405
nzl,1977,9.7723
nzl,1978,9.7421
nzl,1979,9.7143
nzl,1980,9.7116
nzl,1981,9.7043
nzl,1982,9.6934
nzl,1983,9.6707
nzl,1984,9.5964
nzl,1985,9.4915
nzl,1986,9.3105
nzl,1987,9.0659
nzl,1988,8.7088
nzl,1989,8.2273
nzl,1990,7.6947
nzl,1991,7.1386
nzl,1992,6.6484
nzl,1993,6.2722
nzl,1994,5.9978
nzl,1995,5.7728
nzl,1996,5.4893
nzl,1997,5.1694
nzl,1998,4.8572
nzl,1999,4.5708
nzl,2000,4.3269
nzl,2001,4.1076
nzl,2002,3.9285
nzl,2003,3.7974
nzl,2004,3.7066
nzl,2005,3.6831
nzl,2006,3.7156
nzl,2007,3.7645
nzl,2008,3.7595
nzl,2009,3.6275
nzl,2010,3.4438
nzl,2011,3.2321
nzl,2012,3.0272
nzl,2013,2.8530
nzl,2014,2.7089
nzl,2015,2.6125
nzl,2016,2.5444
nzl,2017,2.5008
nzl,2018,2.4604
nzl,2019,2.4202
nzl,2020,2.4228
nzl,2021,2.4487
nzl,2022,2.4892
nzl,2023,2.5225
nzl,2024,2.5588
omn,1972,205.03
omn,1973,190.35
omn,1974,176.88
omn,1975,163.25
omn,1976,150.26
omn,1977,137.49
omn,1978,125.11
omn,1979,113.74
omn,1980,102.70
omn,1981,92.165
omn,1982,82.215
omn,1983,72.846
omn,1984,64.260
omn,1985,56.457
omn,1986,49.432
omn,1987,43.223
omn,1988,37.856
omn,1989,33.187
omn,1990,29.280
omn,1991,25.818
omn,1992,23.107
omn,1993,21.052
omn,1994,19.193
omn,1995,17.613
omn,1996,16.233
omn,1997,15.070
omn,1998,14.034
omn,1999,13.092
omn,2000,12.239
omn,2001,11.442
omn,2002,10.770
omn,2003,10.178
omn,2004,9.6875
omn,2005,9.2700
omn,2006,8.9677
omn,2007,8.7261
omn,2008,8.5454
omn,2009,8.4324
omn,2010,8.3370
omn,2011,8.2683
omn,2012,8.2117
omn,2013,8.1449
omn,2014,8.1173
omn,2015,8.0731
omn,2016,8.0606
omn,2017,8.0491
omn,2018,8.0400
omn,2019,7.9944
omn,2020,7.9448
omn,2021,7.9253
omn,2022,7.8879
omn,2023,7.8928
omn,2024,7.8822
pak,1953,312.65
pak,1954,293.98
pak,1955,276.39
pak,1956,260.68
pak,1957,246.37
pak,1958,232.87
pak,1959,220.45
pak,1960,209.11
pak,1961,198.98
pak,1962,189.28
pak,1963,180.37
pak,1964,172.04
pak,1965,164.55
pak,1966,157.97
pak,1967,152.31
pak,1968,147.39
pak,1969,142.84
pak,1970,138.96
pak,1971,135.43
pak,1972,132.05
pak,1973,128.75
pak,1974,125.88
pak,1975,123.02
pak,1976,120.25
pak,1977,117.76
pak,1978,115.44
pak,1979,113.32
pak,1980,111.20
pak,1981,109.16
pak,1982,107.06
pak,1983,105.04
pak,1984,102.89
pak,1985,100.91
pak,1986,98.822
pak,1987,96.471
pak,1988,93.852
pak,1989,91.199
pak,1990,88.449
pak,1991,85.602
pak,1992,82.630
pak,1993,79.689
pak,1994,76.822
pak,1995,73.801
pak,1996,70.943
pak,1997,67.989
pak,1998,65.106
pak,1999,62.388
pak,2000,59.924
pak,2001,57.689
pak,2002,55.623
pak,2003,53.702
pak,2004,52.050
pak,2005,50.593
pak,2006,49.314
pak,2007,48.035
pak,2008,46.695
pak,2009,45.328
pak,2010,43.913
pak,2011,42.458
pak,2012,40.940
pak,2013,39.499
pak,2014,38.046
pak,2015,36.576
pak,2016,35.162
pak,2017,33.884
pak,2018,32.720
pak,2019,31.660
pak,2020,30.635
pak,2021,29.765
pak,2022,28.838
pak,2023,28.100
pak,2024,27.531
pan,1955,82.397
pan,1956,78.430
pan,1957,75.267
pan,1958,72.202
pan,1959,69.314
pan,1960,66.587
pan,1961,63.964
pan,1962,61.321
pan,1963,58.703
pan,1964,56.284
pan,1965,54.109
pan,1966,52.270
pan,1967,50.624
pan,1968,48.922
pan,1969,47.233
pan,1970,45.098
pan,1971,42.767
pan,1972,40.219
pan,1973,37.462
pan,1974,34.846
pan,1975,32.666
pan,1976,30.828
pan,1977,29.460
pan,1978,28.444
pan,1979,27.626
pan,1980,26.769
pan,1981,25.889
pan,1982,25.090
pan,1983,24.156
pan,1984,23.127
pan,1985,22.102
pan,1986,21.245
pan,1987,20.608
pan,1988,19.926
pan,1989,19.344
pan,1990,18.820
pan,1991,18.439
pan,1992,18.100
pan,1993,17.906
pan,1994,17.779
pan,1995,17.588
pan,1996,17.509
pan,1997,17.397
pan,1998,17.211
pan,1999,17.014
pan,2000,16.757
pan,2001,16.481
pan,2002,16.150
pan,2003,15.745
pan,2004,15.363
pan,2005,14.979
pan,2006,14.561
pan,2007,14.121
pan,2008,13.648
pan,2009,13.216
pan,2010,12.789
pan,2011,12.338
pan,2012,11.939
pan,2013,11.559
pan,2014,11.272
pan,2015,11.028
pan,2016,10.836
pan,2017,10.634
pan,2018,10.329
pan,2019,9.9225
pan,2020,9.3723
pan,2021,8.7948
pan,2022,8.2942
pan,2023,7.8965
pan,2024,7.6646
per,1955,265.00
per,1956,248.59
per,1957,235.51
per,1958,224.18
per,1959,214.89
per,1960,206.95
per,1961,199.93
per,1962,193.10
per,1963,185.83
per,1964,178.09
per,1965,170.25
per,1966,162.69
per,1967,155.56
per,1968,149.39
per,1969,143.81
per,1970,139.03
per,1971,169.46
per,1972,130.71
per,1973,126.61
per,1974,122.29
per,1975,118.01
per,1976,114.00
per,1977,110.35
per,1978,107.22
per,1979,104.49
per,1980,101.87
per,1981,99.104
per,1982,96.101
per,1983,92.688
per,1984,88.646
per,1985,83.940
per,1986,78.875
per,1987,73.949
per,1988,69.302
per,1989,65.031
per,1990,61.091
per,1991,57.449
per,1992,54.081
per,1993,50.583
per,1994,47.029
per,1995,43.350
per,1996,39.594
per,1997,36.041
per,1998,32.635
per,1999,29.518
per,2000,26.675
per,2001,24.086
per,2002,21.994
per,2003,20.133
per,2004,18.406
per,2005,16.908
per,2006,15.645
per,2007,14.601
per,2008,13.726
per,2009,12.967
per,2010,12.333
per,2011,11.787
per,2012,11.349
per,2013,11.011
per,2014,10.739
per,2015,10.528
per,2016,10.345
per,2017,10.221
per,2018,10.134
per,2019,10.130
per,2020,10.228
per,2021,10.407
per,2022,10.641
per,2023,10.828
per,2024,10.976
phl,1956,116.69
phl,1957,110.01
phl,1958,103.89
phl,1959,98.315
phl,1960,93.295
phl,1961,88.841
phl,1962,84.827
phl,1963,81.398
phl,1964,78.427
phl,1965,75.908
phl,1966,73.725
phl,1967,71.642
phl,1968,69.723
phl,1969,68.044
phl,1970,66.606
phl,1971,65.557
phl,1972,64.830
phl,1973,64.372
phl,1974,64.097
phl,1975,63.948
phl,1976,63.782
phl,1977,63.469
phl,1978,63.043
phl,1979,62.408
phl,1980,61.605
phl,1981,60.807
phl,1982,59.950
phl,1983,59.114
phl,1984,58.150
phl,1985,56.910
phl,1986,55.299
phl,1987,53.166
phl,1988,50.549
phl,1989,47.451
phl,1990,44.173
phl,1991,40.970
phl,1992,37.969
phl,1993,35.274
phl,1994,32.857
phl,1995,30.708
phl,1996,28.836
phl,1997,27.153
phl,1998,25.665
phl,1999,24.380
phl,2000,23.299
phl,2001,22.405
phl,2002,21.703
phl,2003,21.099
phl,2004,20.602
phl,2005,20.084
phl,2006,19.564
phl,2007,19.083
phl,2008,18.672
phl,2009,18.293
phl,2010,17.991
phl,2011,17.685
phl,2012,17.432
phl,2013,17.145
phl,2014,16.923
phl,2015,16.708
phl,2016,16.582
phl,2017,16.527
phl,2018,16.582
phl,2019,16.724
phl,2020,16.952
phl,2021,17.230
phl,2022,17.460
phl,2023,17.675
phl,2024,17.881
plw,1990,22.825
plw,1991,22.427
plw,1992,22.112
plw,1993,21.683
plw,1994,21.205
plw,1995,20.691
plw,1996,20.276
plw,1997,19.832
plw,1998,19.274
plw,1999,18.769
plw,2000,18.172
plw,2001,17.629
plw,2002,17.076
plw,2003,16.560
plw,2004,16.088
plw,2005,15.557
plw,2006,15.131
plw,2007,14.788
plw,2008,14.448
plw,2009,14.198
plw,2010,14.136
plw,2011,14.188
plw,2012,14.339
plw,2013,14.661
plw,2014,15.132
plw,2015,15.807
plw,2016,16.566
plw,2017,17.497
plw,2018,18.464
plw,2019,19.160
plw,2020,19.688
plw,2021,19.913
plw,2022,20.114
plw,2023,20.255
plw,2024,20.291
png,1975,96.250
png,1976,92.720
png,1977,89.736
png,1978,86.977
png,1979,84.394
png,1980,81.944
png,1981,79.529
png,1982,77.212
png,1983,74.887
png,1984,72.723
png,1985,70.805
png,1986,69.134
png,1987,67.740
png,1988,66.342
png,1989,64.799
png,1990,62.848
png,1991,60.715
png,1992,58.586
png,1993,56.659
png,1994,55.136
png,1995,53.717
png,1996,52.504
png,1997,51.446
png,1998,50.501
png,1999,49.678
png,2000,49.028
png,2001,48.402
png,2002,47.865
png,2003,47.262
png,2004,46.605
png,2005,45.759
png,2006,44.806
png,2007,43.718
png,2008,42.541
png,2009,41.495
png,2010,40.501
png,2011,39.596
png,2012,38.770
png,2013,38.075
png,2014,37.396
png,2015,36.663
png,2016,36.113
png,2017,35.356
png,2018,34.734
png,2019,34.160
png,2020,33.870
png,2021,33.464
png,2022,33.292
png,2023,32.851
png,2024,32.455
pol,1970,19.805
pol,1971,18.631
pol,1972,17.396
pol,1973,16.027
pol,1974,14.622
pol,1975,13.496
pol,1976,12.741
pol,1977,12.306
pol,1978,11.991
pol,1979,11.625
pol,1980,11.197
pol,1981,10.646
pol,1982,10.041
pol,1983,9.4544
pol,1984,8.9029
pol,1985,8.3858
pol,1986,7.8541
pol,1987,7.3832
pol,1988,7.0101
pol,1989,6.7617
pol,1990,6.6402
pol,1991,6.5869
pol,1992,6.5106
pol,1993,6.2725
pol,1994,5.8368
pol,1995,5.3792
pol,1996,4.9830
pol,1997,4.6825
pol,1998,4.4177
pol,1999,4.1628
pol,2000,3.9383
pol,2001,3.7299
pol,2002,3.5500
pol,2003,3.3884
pol,2004,3.2473
pol,2005,3.1550
pol,2006,3.1000
pol,2007,3.0619
pol,2008,2.9700
pol,2009,2.7958
pol,2010,2.6208
pol,2011,2.4843
pol,2012,2.3888
pol,2013,2.3092
pol,2014,2.2261
pol,2015,2.1600
pol,2016,2.0943
pol,2017,2.0322
pol,2018,1.9539
pol,2019,1.8539
pol,2020,1.7814
pol,2021,1.7590
pol,2022,1.8031
pol,2023,1.9169
pol,2024,2.1157
prk,1990,26.905
prk,1991,28.168
prk,1992,29.276
prk,1993,29.953
prk,1994,30.238
prk,1995,30.160
prk,1996,96.902
prk,1997,95.647
prk,1998,94.321
prk,1999,92.919
prk,2000,91.549
prk,2001,89.996
prk,2002,88.793
prk,2003,87.410
prk,2004,24.329
prk,2005,23.868
prk,2006,23.661
prk,2007,23.345
prk,2008,23.196
prk,2009,22.288
prk,2010,21.642
prk,2011,20.730
prk,2012,19.760
prk,2013,18.733
prk,2014,17.635
prk,2015,16.546
prk,2016,15.672
prk,2017,15.133
prk,2018,14.071
prk,2019,13.564
prk,2020,13.041
prk,2021,12.922
prk,2022,12.963
prk,2023,13.203
prk,2024,13.473
prt,1961,90.204
prt,1962,86.949
prt,1963,81.893
prt,1964,75.047
prt,1965,68.253
prt,1966,62.537
prt,1967,58.108
prt,1968,54.757
prt,1969,52.066
prt,1970,49.673
prt,1971,46.650
prt,1972,42.889
prt,1973,38.351
prt,1974,33.101
prt,1975,28.077
prt,1976,23.807
prt,1977,20.338
prt,1978,17.650
prt,1979,15.691
prt,1980,14.138
prt,1981,12.952
prt,1982,12.051
prt,1983,11.273
prt,1984,10.518
prt,1985,9.8988
prt,1986,9.3940
prt,1987,9.0384
prt,1988,8.7756
prt,1989,8.5356
prt,1990,8.2576
prt,1991,7.8195
prt,1992,7.2855
prt,1993,6.7232
prt,1994,6.1617
prt,1995,5.7067
prt,1996,5.3470
prt,1997,5.0695
prt,1998,4.8378
prt,1999,4.5904
prt,2000,4.3176
prt,2001,3.9671
prt,2002,3.5850
prt,2003,3.2142
prt,2004,2.8794
prt,2005,2.6195
prt,2006,2.4264
prt,2007,2.2896
prt,2008,2.1679
prt,2009,2.0357
prt,2010,1.9198
prt,2011,1.8133
prt,2012,1.7318
prt,2013,1.6777
prt,2014,1.6469
prt,2015,1.6440
prt,2016,1.6501
prt,2017,1.6657
prt,2018,1.6810
prt,2019,1.6855
prt,2020,1.6851
prt,2021,1.6786
prt,2022,1.6750
prt,2023,1.6868
prt,2024,1.7222
pry,1968,55.771
pry,1969,55.403
pry,1970,55.146
pry,1971,54.626
pry,1972,54.122
pry,1973,53.580
pry,1974,53.071
pry,1975,52.517
pry,1976,51.719
pry,1977,50.873
pry,1978,49.760
pry,1979,48.540
pry,1980,47.066
pry,1981,45.447
pry,1982,43.760
pry,1983,41.783
pry,1984,39.740
pry,1985,37.650
pry,1986,35.666
pry,1987,33.761
pry,1988,31.986
pry,1989,30.330
pry,1990,28.753
pry,1991,27.364
pry,1992,26.049
pry,1993,24.816
pry,1994,23.786
pry,1995,22.869
pry,1996,22.039
pry,1997,21.358
pry,1998,20.864
pry,1999,20.527
pry,2000,20.218
pry,2001,19.985
pry,2002,19.869
pry,2003,19.827
pry,2004,19.822
pry,2005,19.834
pry,2006,19.997
pry,2007,20.200
pry,2008,20.160
pry,2009,20.068
pry,2010,19.903
pry,2011,19.740
pry,2012,19.521
pry,2013,19.363
pry,2014,19.102
pry,2015,18.998
pry,2016,18.870
pry,2017,18.707
pry,2018,18.490
pry,2019,18.326
pry,2020,18.247
pry,2021,18.139
pry,2022,17.989
pry,2023,17.816
pry,2024,17.674
pse,1989,30.084
pse,1990,27.757
pse,1991,25.841
pse,1992,24.046
pse,1993,22.538
pse,1994,21.202
pse,1995,19.988
pse,1996,18.991
pse,1997,18.152
pse,1998,17.404
pse,1999,16.711
pse,2000,15.963
pse,2001,15.283
pse,2002,14.547
pse,2003,13.872
pse,2004,13.331
pse,2005,12.825
pse,2006,12.408
pse,2007,11.971
pse,2008,11.592
pse,2009,11.240
pse,2010,10.851
pse,2011,10.487
pse,2012,10.119
pse,2013,9.7739
pse,2014,9.4815
pse,2015,12.781
pse,2016,8.9311
pse,2017,8.7043
pse,2018,8.5110
pse,2019,8.3776
pse,2020,8.2621
pse,2021,8.1752
pse,2022,8.1232
pse,2023,8.0569
pse,2024,26.120
qat,1990,12.606
qat,1991,11.511
qat,1992,10.509
qat,1993,9.6182
qat,1994,8.8505
qat,1995,8.1990
qat,1996,7.6468
qat,1997,7.2453
qat,1998,6.9833
qat,1999,6.8039
qat,2000,6.6912
qat,2001,6.5477
qat,2002,6.3655
qat,2003,6.1364
qat,2004,5.8519
qat,2005,5.5992
qat,2006,5.4188
qat,2007,5.3114
qat,2008,5.2190
qat,2009,5.1187
qat,2010,5.0446
qat,2011,4.9685
qat,2012,4.9188
qat,2013,4.8711
qat,2014,4.8020
qat,2015,4.6783
qat,2016,4.4511
qat,2017,4.1560
qat,2018,3.8402
qat,2019,3.5162
qat,2020,3.2396
qat,2021,2.9951
qat,2022,2.8093
qat,2023,2.6930
qat,2024,2.6457
rks,1990,98.557
rks,1991,86.792
rks,1992,76.915
rks,1993,68.755
rks,1994,61.719
rks,1995,55.314
rks,1996,49.722
rks,1997,44.531
rks,1998,39.507
rks,1999,34.902
rks,2000,30.571
rks,2001,26.719
rks,2002,23.069
rks,2003,19.955
rks,2004,17.340
rks,2005,15.453
rks,2006,13.799
rks,2007,12.322
rks,2008,11.033
rks,2009,9.8441
rks,2010,8.7634
rks,2011,7.8744
rks,2012,7.1052
rks,2013,6.4981
rks,2014,5.9748
rks,2015,5.4834
rks,2016,5.0036
rks,2017,4.5119
rks,2018,4.0427
rks,2019,3.6501
rks,2020,3.3915
rks,2021,3.2462
rks,2022,3.1848
rks,2023,3.1663
rks,2024,3.1633
rou,1990,20.487
rou,1991,19.224
rou,1992,18.002
rou,1993,17.149
rou,1994,16.663
rou,1995,16.432
rou,1996,16.157
rou,1997,15.783
rou,1998,15.177
rou,1999,14.293
rou,2000,13.430
rou,2001,12.633
rou,2002,12.062
rou,2003,11.787
rou,2004,11.631
rou,2005,11.449
rou,2006,10.840
rou,2007,9.9780
rou,2008,9.1738
rou,2009,8.5786
rou,2010,8.1460
rou,2011,7.7399
rou,2012,7.3160
rou,2013,6.8172
rou,2014,6.2525
rou,2015,5.7755
rou,2016,5.4209
rou,2017,5.1419
rou,2018,4.8046
rou,2019,4.3825
rou,2020,4.0484
rou,2021,3.8695
rou,2022,3.8200
rou,2023,3.7826
rou,2024,3.7306
rus,1990,13.810
rus,1991,13.422
rus,1992,13.229
rus,1993,13.209
rus,1994,13.261
rus,1995,13.262
rus,1996,13.086
rus,1997,12.907
rus,1998,12.613
rus,1999,12.297
rus,2000,12.029
rus,2001,11.545
rus,2002,10.943
rus,2003,10.334
rus,2004,9.7021
rus,2005,9.0148
rus,2006,8.2545
rus,2007,7.6400
rus,2008,7.2636
rus,2009,7.0297
rus,2010,6.7815
rus,2011,6.4429
rus,2012,6.0854
rus,2013,5.7167
rus,2014,5.3774
rus,2015,5.0645
rus,2016,4.7691
rus,2017,4.4519
rus,2018,4.0875
rus,2019,3.7536
rus,2020,3.5229
rus,2021,3.4039
rus,2022,3.3555
rus,2023,3.3166
rus,2024,3.2930
rwa,1961,196.90
rwa,1962,190.41
rwa,1963,185.58
rwa,1964,182.28
rwa,1965,179.54
rwa,1966,178.36
rwa,1967,178.56
rwa,1968,180.29
rwa,1969,183.12
rwa,1970,185.92
rwa,1971,188.92
rwa,1972,192.43
rwa,1973,196.21
rwa,1974,201.21
rwa,1975,206.96
rwa,1976,212.62
rwa,1977,217.10
rwa,1978,217.53
rwa,1979,212.27
rwa,1980,200.15
rwa,1981,184.00
rwa,1982,166.84
rwa,1983,151.89
rwa,1984,140.69
rwa,1985,133.55
rwa,1986,129.34
rwa,1987,125.94
rwa,1988,122.03
rwa,1989,119.44
rwa,1990,119.52
rwa,1991,123.38
rwa,1992,132.29
rwa,1993,147.01
rwa,1994,165.34
rwa,1995,381.95
rwa,1996,190.40
rwa,1997,194.02
rwa,1998,193.83
rwa,1999,187.21
rwa,2000,174.84
rwa,2001,158.56
rwa,2002,141.46
rwa,2003,124.90
rwa,2004,109.80
rwa,2005,95.600
rwa,2006,83.487
rwa,2007,73.082
rwa,2008,64.583
rwa,2009,57.173
rwa,2010,50.840
rwa,2011,45.667
rwa,2012,41.385
rwa,2013,38.637
rwa,2014,36.615
rwa,2015,35.061
rwa,2016,33.656
rwa,2017,32.700
rwa,2018,32.061
rwa,2019,31.521
rwa,2020,30.753
rwa,2021,29.911
rwa,2022,29.110
rwa,2023,28.964
rwa,2024,29.651
sau,1990,33.375
sau,1991,29.861
sau,1992,26.586
sau,1993,23.841
sau,1994,21.547
sau,1995,19.759
sau,1996,18.255
sau,1997,16.931
sau,1998,15.770
sau,1999,14.732
sau,2000,13.765
sau,2001,13.033
sau,2002,12.308
sau,2003,11.677
sau,2004,11.107
sau,2005,10.501
sau,2006,10.044
sau,2007,9.5747
sau,2008,9.0857
sau,2009,8.5908
sau,2010,8.0491
sau,2011,7.5661
sau,2012,7.0810
sau,2013,6.6274
sau,2014,6.2576
sau,2015,5.9594
sau,2016,5.7381
sau,2017,5.5751
sau,2018,5.5140
sau,2019,5.4542
sau,2020,5.3566
sau,2021,5.2536
sau,2022,5.1613
sau,2023,5.0616
sau,2024,5.0138
sdn,1970,128.57
sdn,1971,127.39
sdn,1972,126.29
sdn,1973,125.39
sdn,1974,124.55
sdn,1975,123.72
sdn,1976,122.67
sdn,1977,121.52
sdn,1978,120.20
sdn,1979,118.81
sdn,1980,117.49
sdn,1981,116.25
sdn,1982,115.20
sdn,1983,114.11
sdn,1984,155.11
sdn,1985,153.10
sdn,1986,151.09
sdn,1987,108.89
sdn,1988,107.22
sdn,1989,105.43
sdn,1990,103.52
sdn,1991,101.47
sdn,1992,99.520
sdn,1993,97.406
sdn,1994,95.387
sdn,1995,93.093
sdn,1996,90.732
sdn,1997,88.363
sdn,1998,85.699
sdn,1999,82.738
sdn,2000,79.501
sdn,2001,76.238
sdn,2002,72.983
sdn,2003,69.932
sdn,2004,66.902
sdn,2005,78.249
sdn,2006,76.200
sdn,2007,58.871
sdn,2008,56.536
sdn,2009,54.379
sdn,2010,52.485
sdn,2011,50.675
sdn,2012,49.230
sdn,2013,47.919
sdn,2014,46.790
sdn,2015,45.778
sdn,2016,44.923
sdn,2017,44.218
sdn,2018,43.517
sdn,2019,42.860
sdn,2020,42.311
sdn,2021,41.857
sdn,2022,41.553
sdn,2023,40.967
sdn,2024,40.485
sen,1956,284.86
sen,1957,279.57
sen,1958,275.97
sen,1959,272.92
sen,1960,270.20
sen,1961,269.37
sen,1962,269.31
sen,1963,270.42
sen,1964,271.71
sen,1965,272.65
sen,1966,273.59
sen,1967,273.41
sen,1968,272.18
sen,1969,270.31
sen,1970,267.84
sen,1971,264.49
sen,1972,259.53
sen,1973,253.10
sen,1974,245.28
sen,1975,235.88
sen,1976,225.62
sen,1977,214.36
sen,1978,203.06
sen,1979,192.40
sen,1980,183.03
sen,1981,175.11
sen,1982,168.21
sen,1983,162.02
sen,1984,155.88
sen,1985,148.92
sen,1986,141.27
sen,1987,132.75
sen,1988,124.26
sen,1989,116.92
sen,1990,111.17
sen,1991,107.29
sen,1992,105.25
sen,1993,104.75
sen,1994,105.32
sen,1995,106.37
sen,1996,107.69
sen,1997,108.74
sen,1998,109.09
sen,1999,108.52
sen,2000,106.16
sen,2001,101.74
sen,2002,94.871
sen,2003,86.563
sen,2004,78.041
sen,2005,69.847
sen,2006,62.514
sen,2007,56.062
sen,2008,50.699
sen,2009,46.337
sen,2010,42.821
sen,2011,39.977
sen,2012,37.494
sen,2013,35.313
sen,2014,33.258
sen,2015,31.187
sen,2016,29.258
sen,2017,27.572
sen,2018,26.076
sen,2019,24.845
sen,2020,23.775
sen,2021,22.892
sen,2022,22.165
sen,2023,21.476
sen,2024,20.976
sgp,1969,14.941
sgp,1970,13.908
sgp,1971,12.918
sgp,1972,11.799
sgp,1973,10.599
sgp,1974,9.3992
sgp,1975,8.2834
sgp,1976,7.4449
sgp,1977,6.8468
sgp,1978,6.4924
sgp,1979,6.3915
sgp,1980,6.4535
sgp,1981,6.5367
sgp,1982,6.3681
sgp,1983,6.0106
sgp,1984,5.5962
sgp,1985,5.1683
sgp,1986,4.8574
sgp,1987,4.6558
sgp,1988,4.5395
sgp,1989,4.3861
sgp,1990,4.1347
sgp,1991,3.8781
sgp,1992,3.6339
sgp,1993,3.4329
sgp,1994,3.2748
sgp,1995,3.1390
sgp,1996,3.0267
sgp,1997,2.9023
sgp,1998,2.7842
sgp,1999,2.6715
sgp,2000,2.5552
sgp,2001,2.4346
sgp,2002,2.2953
sgp,2003,2.1575
sgp,2004,2.0337
sgp,2005,1.9312
sgp,2006,1.8611
sgp,2007,1.8139
sgp,2008,1.7944
sgp,2009,1.8027
sgp,2010,1.8213
sgp,2011,1.8446
sgp,2012,1.8535
sgp,2013,1.8463
sgp,2014,1.8309
sgp,2015,1.8009
sgp,2016,1.7704
sgp,2017,1.7452
sgp,2018,1.7138
sgp,2019,1.6687
sgp,2020,1.5968
sgp,2021,1.5225
sgp,2022,1.4635
sgp,2023,1.4369
sgp,2024,1.4383
slb,1990,29.036
slb,1991,27.954
slb,1992,26.954
slb,1993,26.088
slb,1994,25.271
slb,1995,24.509
slb,1996,23.714
slb,1997,22.979
slb,1998,22.182
slb,1999,21.572
slb,2000,21.034
slb,2001,20.642
slb,2002,20.380
slb,2003,20.165
slb,2004,20.041
slb,2005,19.940
slb,2006,19.875
slb,2007,19.788
slb,2008,19.632
slb,2009,19.561
slb,2010,19.454
slb,2011,19.345
slb,2012,19.225
slb,2013,19.085
slb,2014,19.008
slb,2015,19.055
slb,2016,19.095
slb,2017,19.114
slb,2018,19.069
slb,2019,19.074
slb,2020,19.064
slb,2021,19.097
slb,2022,19.038
slb,2023,18.963
slb,2024,18.939
sle,1990,240.66
sle,1991,237.83
sle,1992,235.01
sle,1993,232.26
sle,1994,229.44
sle,1995,226.46
sle,1996,222.76
sle,1997,218.80
sle,1998,214.44
sle,1999,209.48
sle,2000,204.31
sle,2001,198.79
sle,2002,193.28
sle,2003,187.52
sle,2004,181.53
sle,2005,175.26
sle,2006,168.76
sle,2007,162.14
sle,2008,155.44
sle,2009,148.53
sle,2010,141.68
sle,2011,134.81
sle,2012,128.24
sle,2013,122.28
sle,2014,116.85
sle,2015,115.93
sle,2016,118.43
sle,2017,103.39
sle,2018,99.825
sle,2019,96.948
sle,2020,94.478
sle,2021,92.319
sle,2022,90.577
sle,2023,89.152
sle,2024,88.321
slv,1986,61.257
slv,1987,56.552
slv,1988,52.348
slv,1989,48.466
slv,1990,45.016
slv,1991,41.853
slv,1992,38.971
slv,1993,36.358
slv,1994,33.789
slv,1995,31.320
slv,1996,28.873
slv,1997,26.623
slv,1998,24.514
slv,1999,22.756
slv,2000,21.438
slv,2001,20.256
slv,2002,19.149
slv,2003,18.096
slv,2004,17.131
slv,2005,16.215
slv,2006,15.368
slv,2007,14.611
slv,2008,13.920
slv,2009,13.297
slv,2010,12.777
slv,2011,12.310
slv,2012,11.915
slv,2013,11.600
slv,2014,11.358
slv,2015,11.176
slv,2016,11.031
slv,2017,10.914
slv,2018,10.829
slv,2019,10.758
slv,2020,10.735
slv,2021,10.697
slv,2022,10.569
slv,2023,10.430
slv,2024,10.300
smr,1990,12.205
smr,1991,10.561
smr,1992,9.2439
smr,1993,8.1951
smr,1994,7.3518
smr,1995,6.5984
smr,1996,5.9723
smr,1997,5.4272
smr,1998,5.0331
smr,1999,4.6504
smr,2000,4.3398
smr,2001,4.0987
smr,2002,3.8631
smr,2003,3.6770
smr,2004,3.5087
smr,2005,3.3556
smr,2006,3.2011
smr,2007,3.0474
smr,2008,2.9208
smr,2009,2.8181
smr,2010,2.7020
smr,2011,2.5904
smr,2012,2.4784
smr,2013,2.3962
smr,2014,2.3043
smr,2015,2.2396
smr,2016,2.1867
smr,2017,2.1294
smr,2018,2.0798
smr,2019,2.0491
smr,2020,2.0103
smr,2021,1.9678
smr,2022,1.9385
smr,2023,1.9095
smr,2024,1.8695
som,1984,221.53
som,1985,209.72
som,1986,200.33
som,1987,192.93
som,1988,186.99
som,1989,182.32
som,1990,178.20
som,1991,175.62
som,1992,526.13
som,1993,555.81
som,1994,176.36
som,1995,176.66
som,1996,176.83
som,1997,177.00
som,1998,177.07
som,1999,176.60
som,2000,176.24
som,2001,176.02
som,2002,175.63
som,2003,175.26
som,2004,174.85
som,2005,175.03
som,2006,175.13
som,2007,174.92
som,2008,174.80
som,2009,174.63
som,2010,175.78
som,2011,221.53
som,2012,507.24
som,2013,238.48
som,2014,177.68
som,2015,176.93
som,2016,176.27
som,2017,176.02
som,2018,234.06
som,2019,202.12
som,2020,172.42
som,2021,168.72
som,2022,166.68
som,2023,246.09
som,2024,162.84
srb,1990,14.012
srb,1991,12.654
srb,1992,11.457
srb,1993,10.518
srb,1994,9.7887
srb,1995,9.0545
srb,1996,8.1270
srb,1997,7.1628
srb,1998,6.4048
srb,1999,5.8469
srb,2000,5.4889
srb,2001,5.2460
srb,2002,5.0415
srb,2003,4.7520
srb,2004,4.3408
srb,2005,3.9617
srb,2006,3.6728
srb,2007,3.4650
srb,2008,3.3315
srb,2009,3.2401
srb,2010,3.1715
srb,2011,3.0609
srb,2012,2.9352
srb,2013,2.8191
srb,2014,2.7052
srb,2015,2.6097
srb,2016,2.5272
srb,2017,2.4702
srb,2018,2.4140
srb,2019,2.3491
srb,2020,2.3047
srb,2021,2.2647
srb,2022,2.2433
srb,2023,2.2539
srb,2024,2.3139
ssd,1990,311.60
ssd,1991,303.98
ssd,1992,295.56
ssd,1993,345.08
ssd,1994,337.76
ssd,1995,214.31
ssd,1996,264.15
ssd,1997,255.58
ssd,1998,245.16
ssd,1999,462.50
ssd,2000,172.12
ssd,2001,162.30
ssd,2002,151.98
ssd,2003,142.21
ssd,2004,132.34
ssd,2005,124.15
ssd,2006,116.77
ssd,2007,111.30
ssd,2008,106.83
ssd,2009,103.26
ssd,2010,100.53
ssd,2011,97.885
ssd,2012,95.889
ssd,2013,95.207
ssd,2014,96.887
ssd,2015,240.68
ssd,2016,350.18
ssd,2017,419.36
ssd,2018,470.31
ssd,2019,192.85
ssd,2020,131.79
ssd,2021,140.25
ssd,2022,149.30
ssd,2023,159.08
ssd,2024,169.70
stp,1986,88.884
stp,1987,104.23
stp,1988,92.639
stp,1989,94.197
stp,1990,95.562
stp,1991,96.963
stp,1992,97.799
stp,1993,98.000
stp,1994,97.661
stp,1995,96.167
stp,1996,94.106
stp,1997,91.027
stp,1998,86.976
stp,1999,82.200
stp,2000,76.593
stp,2001,70.802
stp,2002,64.989
stp,2003,59.398
stp,2004,54.137
stp,2005,49.030
stp,2006,44.282
stp,2007,39.807
stp,2008,35.700
stp,2009,31.993
stp,2010,28.569
stp,2011,25.634
stp,2012,23.480
stp,2013,21.708
stp,2014,20.144
stp,2015,18.938
stp,2016,17.875
stp,2017,16.952
stp,2018,16.160
stp,2019,15.581
stp,2020,15.089
stp,2021,14.620
stp,2022,14.268
stp,2023,13.966
stp,2024,13.777
sur,1990,36.288
sur,1991,34.076
sur,1992,31.954
sur,1993,29.868
sur,1994,28.173
sur,1995,26.363
sur,1996,24.744
sur,1997,23.633
sur,1998,22.514
sur,1999,21.351
sur,2000,20.141
sur,2001,18.718
sur,2002,17.305
sur,2003,15.958
sur,2004,14.780
sur,2005,13.968
sur,2006,13.278
sur,2007,12.829
sur,2008,12.457
sur,2009,12.139
sur,2010,11.931
sur,2011,11.740
sur,2012,11.657
sur,2013,11.565
sur,2014,11.633
sur,2015,11.622
sur,2016,11.658
sur,2017,11.841
sur,2018,12.113
sur,2019,12.422
sur,2020,12.643
sur,2021,12.689
sur,2022,12.831
sur,2023,12.745
sur,2024,12.674
svk,1983,9.0291
svk,1984,8.5904
svk,1985,8.2444
svk,1986,7.8840
svk,1987,7.5362
svk,1988,7.2257
svk,1989,6.9379
svk,1990,6.6898
svk,1991,6.4156
svk,1992,6.1290
svk,1993,5.8225
svk,1994,5.5153
svk,1995,5.3113
svk,1996,5.2105
svk,1997,5.2049
svk,1998,5.2159
svk,1999,5.1542
svk,2000,5.0616
svk,2001,4.9326
svk,2002,4.8300
svk,2003,4.7864
svk,2004,4.7759
svk,2005,4.7792
svk,2006,4.7116
svk,2007,4.5800
svk,2008,4.4020
svk,2009,4.1937
svk,2010,3.9928
svk,2011,3.8041
svk,2012,3.6471
svk,2013,3.5325
svk,2014,3.4499
svk,2015,3.3988
svk,2016,3.3452
svk,2017,3.2901
svk,2018,3.2342
svk,2019,3.1763
svk,2020,3.1327
svk,2021,3.1211
svk,2022,3.1405
svk,2023,3.2025
svk,2024,3.3074
svn,1983,7.0799
svn,1984,6.6804
svn,1985,6.4026
svn,1986,6.1814
svn,1987,5.9886
svn,1988,5.7901
svn,1989,5.5680
svn,1990,5.3118
svn,1991,5.0118
svn,1992,4.7219
svn,1993,4.4480
svn,1994,4.1998
svn,1995,3.9446
svn,1996,3.6695
svn,1997,3.3943
svn,1998,3.1064
svn,1999,2.8491
svn,2000,2.6306
svn,2001,2.4493
svn,2002,2.3012
svn,2003,2.1832
svn,2004,2.0875
svn,2005,2.0073
svn,2006,1.9282
svn,2007,1.8525
svn,2008,1.7724
svn,2009,1.6858
svn,2010,1.5988
svn,2011,1.5044
svn,2012,1.4146
svn,2013,1.3313
svn,2014,1.2650
svn,2015,1.2170
svn,2016,1.1810
svn,2017,1.1590
svn,2018,1.1412
svn,2019,1.1269
svn,2020,1.1192
svn,2021,1.1129
svn,2022,1.1173
svn,2023,1.1279
svn,2024,1.1453
swe,1961,6.8829
swe,1962,6.7237
swe,1963,6.5899
swe,1964,6.3943
swe,1965,6.1419
swe,1966,5.7936
swe,1967,5.4096
swe,1968,5.0499
swe,1969,4.7376
swe,1970,4.5223
swe,1971,4.3626
swe,1972,4.2653
swe,1973,4.1624
swe,1974,4.0278
swe,1975,3.9157
swe,1976,3.8280
swe,1977,3.7828
swe,1978,3.7622
swe,1979,3.7456
swe,1980,3.7398
swe,1981,3.7012
swe,1982,3.6554
swe,1983,3.6371
swe,1984,3.6381
swe,1985,3.6673
swe,1986,3.6896
swe,1987,3.7157
swe,1988,3.7462
swe,1989,3.7594
swe,1990,3.7387
swe,1991,3.6321
swe,1992,3.4314
swe,1993,3.1310
swe,1994,2.7759
swe,1995,2.4765
swe,1996,2.2615
swe,1997,2.1263
swe,1998,2.0399
swe,1999,1.9746
swe,2000,1.9348
swe,2001,1.9094
swe,2002,1.8940
swe,2003,1.8812
swe,2004,1.8597
swe,2005,1.8293
swe,2006,1.7775
swe,2007,1.7185
swe,2008,1.6657
swe,2009,1.6180
swe,2010,1.5790
swe,2011,1.5425
swe,2012,1.5066
swe,2013,1.4742
swe,2014,1.4419
swe,2015,1.4170
swe,2016,1.3931
swe,2017,1.3680
swe,2018,1.3408
swe,2019,1.3015
swe,2020,1.2607
swe,2021,1.2225
swe,2022,1.1912
swe,2023,1.1745
swe,2024,1.1769
swz,1984,96.083
swz,1985,77.658
swz,1986,71.939
swz,1987,66.758
swz,1988,62.165
swz,1989,58.282
swz,1990,55.125
swz,1991,53.011
swz,1992,52.395
swz,1993,53.530
swz,1994,56.546
swz,1995,61.072
swz,1996,65.874
swz,1997,71.681
swz,1998,77.645
swz,1999,83.751
swz,2000,89.741
swz,2001,95.479
swz,2002,99.593
swz,2003,101.93
swz,2004,103.93
swz,2005,104.88
swz,2006,104.46
swz,2007,93.266
swz,2008,87.266
swz,2009,85.313
swz,2010,79.034
swz,2011,66.919
swz,2012,51.395
swz,2013,46.777
swz,2014,44.623
swz,2015,45.285
swz,2016,42.196
swz,2017,38.659
swz,2018,38.220
swz,2019,34.892
swz,2020,37.002
swz,2021,35.726
swz,2022,34.085
swz,2023,33.648
swz,2024,33.275
syc,1987,7.5065
syc,1988,7.1274
syc,1989,6.8069
syc,1990,6.5675
syc,1991,6.3729
syc,1992,6.2348
syc,1993,6.1405
syc,1994,6.0992
syc,1995,6.1044
syc,1996,6.1049
syc,1997,6.1156
syc,1998,6.0946
syc,1999,6.0776
syc,2000,6.0394
syc,2001,5.9867
syc,2002,5.9476
syc,2003,5.9204
syc,2004,5.9014
syc,2005,5.9225
syc,2006,5.9461
syc,2007,5.9940
syc,2008,6.0545
syc,2009,6.1268
syc,2010,6.2013
syc,2011,6.2981
syc,2012,6.4143
syc,2013,6.5225
syc,2014,6.6319
syc,2015,6.7592
syc,2016,6.8437
syc,2017,6.9424
syc,2018,7.0546
syc,2019,7.1749
syc,2020,7.3286
syc,2021,7.4756
syc,2022,7.6394
syc,2023,7.7832
syc,2024,7.9038
syr,1956,236.41
syr,1957,218.31
syr,1958,202.86
syr,1959,189.22
syr,1960,177.05
syr,1961,166.19
syr,1962,156.57
syr,1963,148.33
syr,1964,140.82
syr,1965,133.81
syr,1966,127.04
syr,1967,120.24
syr,1968,113.34
syr,1969,106.31
syr,1970,99.431
syr,1971,93.030
syr,1972,87.129
syr,1973,81.778
syr,1974,76.963
syr,1975,72.277
syr,1976,67.492
syr,1977,62.662
syr,1978,57.699
syr,1979,52.942
syr,1980,48.543
syr,1981,44.666
syr,1982,48.139
syr,1983,56.525
syr,1984,35.372
syr,1985,32.911
syr,1986,30.735
syr,1987,28.893
syr,1988,27.294
syr,1989,25.968
syr,1990,24.602
syr,1991,23.410
syr,1992,22.419
syr,1993,21.331
syr,1994,20.158
syr,1995,18.905
syr,1996,17.648
syr,1997,16.451
syr,1998,15.372
syr,1999,14.402
syr,2000,13.509
syr,2001,12.807
syr,2002,12.145
syr,2003,11.615
syr,2004,11.238
syr,2005,10.915
syr,2006,10.685
syr,2007,10.558
syr,2008,10.519
syr,2009,10.609
syr,2010,10.733
syr,2011,10.908
syr,2012,14.171
syr,2013,28.581
syr,2014,31.834
syr,2015,30.418
syr,2016,32.433
syr,2017,26.789
syr,2018,27.968
syr,2019,28.165
syr,2020,19.074
syr,2021,16.343
syr,2022,15.297
syr,2023,16.325
syr,2024,16.467
tca,1990,14.729
tca,1991,13.930
tca,1992,13.142
tca,1993,12.353
tca,1994,11.576
tca,1995,10.876
tca,1996,10.186
tca,1997,9.5315
tca,1998,8.9132
tca,1999,8.3369
tca,2000,7.8091
tca,2001,7.2888
tca,2002,6.8846
tca,2003,6.5220
tca,2004,6.2388
tca,2005,6.0425
tca,2006,5.9013
tca,2007,5.8154
tca,2008,5.7774
tca,2009,5.8223
tca,2010,5.8751
tca,2011,6.0012
tca,2012,6.1557
tca,2013,6.3398
tca,2014,6.5527
tca,2015,6.8620
tca,2016,7.1705
tca,2017,7.4972
tca,2018,7.7869
tca,2019,7.9838
tca,2020,8.1288
tca,2021,8.1439
tca,2022,8.0912
tca,2023,8.1719
tca,2024,8.0556
tcd,1974,225.26
tcd,1975,223.01
tcd,1976,220.89
tcd,1977,218.67
tcd,1978,216.45
tcd,1979,214.40
tcd,1980,212.34
tcd,1981,210.16
tcd,1982,207.78
tcd,1983,205.43
tcd,1984,202.52
tcd,1985,199.80
tcd,1986,196.94
tcd,1987,194.12
tcd,1988,191.39
tcd,1989,188.57
tcd,1990,185.72
tcd,1991,183.37
tcd,1992,180.82
tcd,1993,178.31
tcd,1994,175.78
tcd,1995,173.30
tcd,1996,170.79
tcd,1997,168.49
tcd,1998,166.30
tcd,1999,164.00
tcd,2000,161.76
tcd,2001,159.13
tcd,2002,156.36
tcd,2003,153.69
tcd,2004,150.85
tcd,2005,147.88
tcd,2006,144.84
tcd,2007,141.62
tcd,2008,138.22
tcd,2009,134.61
tcd,2010,131.02
tcd,2011,127.83
tcd,2012,124.73
tcd,2013,122.10
tcd,2014,119.37
tcd,2015,116.97
tcd,2016,114.86
tcd,2017,113.13
tcd,2018,111.75
tcd,2019,110.94
tcd,2020,109.83
tcd,2021,109.32
tcd,2022,108.64
tcd,2023,108.35
tcd,2024,107.51
tgo,1966,223.02
tgo,1967,219.56
tgo,1968,215.41
tgo,1969,210.98
tgo,1970,206.03
tgo,1971,200.95
tgo,1972,195.49
tgo,1973,189.98
tgo,1974,184.66
tgo,1975,178.99
tgo,1976,173.54
tgo,1977,168.53
tgo,1978,163.58
tgo,1979,158.80
tgo,1980,153.95
tgo,1981,149.38
tgo,1982,145.07
tgo,1983,140.84
tgo,1984,136.87
tgo,1985,132.99
tgo,1986,129.65
tgo,1987,126.72
tgo,1988,124.03
tgo,1989,121.74
tgo,1990,119.54
tgo,1991,117.57
tgo,1992,115.72
tgo,1993,114.16
tgo,1994,112.51
tgo,1995,110.61
tgo,1996,108.25
tgo,1997,105.59
tgo,1998,102.79
tgo,1999,99.806
tgo,2000,96.655
tgo,2001,93.483
tgo,2002,90.342
tgo,2003,87.481
tgo,2004,84.533
tgo,2005,81.735
tgo,2006,79.178
tgo,2007,76.753
tgo,2008,74.503
tgo,2009,72.264
tgo,2010,70.005
tgo,2011,67.868
tgo,2012,65.685
tgo,2013,63.658
tgo,2014,61.782
tgo,2015,59.898
tgo,2016,58.371
tgo,2017,56.790
tgo,2018,55.337
tgo,2019,54.165
tgo,2020,53.411
tgo,2021,52.813
tgo,2022,52.386
tgo,2023,51.869
tgo,2024,51.686
tha,1953,158.19
tha,1954,150.02
tha,1955,142.57
tha,1956,135.59
tha,1957,129.24
tha,1958,122.87
tha,1959,116.96
tha,1960,111.18
tha,1961,105.68
tha,1962,100.51
tha,1963,95.517
tha,1964,90.868
tha,1965,86.536
tha,1966,82.413
tha,1967,78.346
tha,1968,74.241
tha,1969,70.167
tha,1970,66.186
tha,1971,62.164
tha,1972,58.274
tha,1973,54.542
tha,1974,51.199
tha,1975,47.965
tha,1976,45.118
tha,1977,42.503
tha,1978,40.120
tha,1979,38.061
tha,1980,36.074
tha,1981,34.384
tha,1982,32.929
tha,1983,31.522
tha,1984,30.271
tha,1985,28.878
tha,1986,27.523
tha,1987,26.209
tha,1988,24.819
tha,1989,23.521
tha,1990,22.128
tha,1991,20.952
tha,1992,20.014
tha,1993,19.046
tha,1994,18.080
tha,1995,17.222
tha,1996,16.396
tha,1997,15.598
tha,1998,14.882
tha,1999,14.208
tha,2000,13.597
tha,2001,13.000
tha,2002,12.442
tha,2003,11.898
tha,2004,11.371
tha,2005,10.887
tha,2006,10.436
tha,2007,10.035
tha,2008,9.6615
tha,2009,9.3072
tha,2010,8.9561
tha,2011,8.6173
tha,2012,8.3281
tha,2013,8.0524
tha,2014,7.8012
tha,2015,7.5689
tha,2016,7.3598
tha,2017,7.1683
tha,2018,6.9870
tha,2019,6.8019
tha,2020,6.6261
tha,2021,6.4698
tha,2022,6.3420
tha,2023,6.2155
tha,2024,6.1177
tjk,1990,80.653
tjk,1991,81.648
tjk,1992,85.196
tjk,1993,89.187
tjk,1994,92.150
tjk,1995,93.187
tjk,1996,91.340
tjk,1997,87.114
tjk,1998,81.624
tjk,1999,75.282
tjk,2000,68.890
tjk,2001,62.915
tjk,2002,57.123
tjk,2003,51.867
tjk,2004,46.680
tjk,2005,41.927
tjk,2006,37.551
tjk,2007,33.731
tjk,2008,30.386
tjk,2009,27.310
tjk,2010,24.755
tjk,2011,22.924
tjk,2012,21.784
tjk,2013,21.212
tjk,2014,20.733
tjk,2015,20.331
tjk,2016,20.265
tjk,2017,20.302
tjk,2018,20.654
tjk,2019,21.040
tjk,2020,21.628
tjk,2021,22.450
tjk,2022,23.450
tjk,2023,24.437
tjk,2024,25.422
tkm,1989,68.910
tkm,1990,65.209
tkm,1991,62.637
tkm,1992,61.094
tkm,1993,60.193
tkm,1994,59.796
tkm,1995,59.587
tkm,1996,59.285
tkm,1997,58.545
tkm,1998,57.173
tkm,1999,54.840
tkm,2000,51.811
tkm,2001,48.381
tkm,2002,44.949
tkm,2003,41.733
tkm,2004,39.004
tkm,2005,36.487
tkm,2006,34.368
tkm,2007,32.570
tkm,2008,30.963
tkm,2009,29.535
tkm,2010,28.279
tkm,2011,27.339
tkm,2012,26.639
tkm,2013,26.053
tkm,2014,25.688
tkm,2015,25.461
tkm,2016,25.475
tkm,2017,25.750
tkm,2018,26.417
tkm,2019,27.430
tkm,2020,28.164
tkm,2021,28.705
tkm,2022,29.259
tkm,2023,29.825
tkm,2024,29.944
tls,1987,251.64
tls,1988,225.13
tls,1989,219.66
tls,1990,205.42
tls,1991,200.38
tls,1992,196.40
tls,1993,184.52
tls,1994,173.31
tls,1995,165.68
tls,1996,168.70
tls,1997,160.74
tls,1998,153.70
tls,1999,158.48
tls,2000,175.66
tls,2001,83.305
tls,2002,79.294
tls,2003,75.634
tls,2004,72.112
tls,2005,68.705
tls,2006,65.577
tls,2007,62.584
tls,2008,59.890
tls,2009,57.400
tls,2010,55.164
tls,2011,53.086
tls,2012,51.114
tls,2013,49.487
tls,2014,47.987
tls,2015,46.892
tls,2016,46.003
tls,2017,45.415
tls,2018,45.193
tls,2019,45.328
tls,2020,45.559
tls,2021,45.573
tls,2022,45.401
tls,2023,45.064
tls,2024,44.489
ton,1990,16.130
ton,1991,15.481
ton,1992,14.907
ton,1993,14.373
ton,1994,13.866
ton,1995,13.466
ton,1996,13.158
ton,1997,12.864
ton,1998,12.646
ton,1999,12.383
ton,2000,12.116
ton,2001,11.821
ton,2002,11.495
ton,2003,11.232
ton,2004,10.941
ton,2005,10.646
ton,2006,10.395
ton,2007,10.119
ton,2008,9.9050
ton,2009,9.7093
ton,2010,9.5221
ton,2011,9.3693
ton,2012,9.2047
ton,2013,9.0784
ton,2014,8.9487
ton,2015,8.8399
ton,2016,8.7676
ton,2017,8.7390
ton,2018,8.7340
ton,2019,8.7550
ton,2020,8.7945
ton,2021,8.7984
ton,2022,8.7621
ton,2023,8.7309
ton,2024,8.6986
tto,1955,51.478
tto,1956,48.458
tto,1957,45.710
tto,1958,43.268
tto,1959,41.073
tto,1960,39.052
tto,1961,36.959
tto,1962,35.023
tto,1963,33.260
tto,1964,31.720
tto,1965,30.304
tto,1966,29.038
tto,1967,27.979
tto,1968,26.957
tto,1969,26.055
tto,1970,25.200
tto,1971,24.555
tto,1972,23.821
tto,1973,23.116
tto,1974,22.458
tto,1975,21.725
tto,1976,21.003
tto,1977,20.206
tto,1978,19.396
tto,1979,18.622
tto,1980,17.845
tto,1981,17.098
tto,1982,16.380
tto,1983,15.734
tto,1984,15.181
tto,1985,14.666
tto,1986,14.349
tto,1987,14.029
tto,1988,13.716
tto,1989,13.453
tto,1990,13.174
tto,1991,12.953
tto,1992,12.729
tto,1993,12.553
tto,1994,12.389
tto,1995,12.198
tto,1996,12.052
tto,1997,11.896
tto,1998,11.758
tto,1999,11.665
tto,2000,11.547
tto,2001,11.425
tto,2002,11.318
tto,2003,11.186
tto,2004,11.077
tto,2005,10.944
tto,2006,10.837
tto,2007,10.709
tto,2008,10.650
tto,2009,10.585
tto,2010,10.495
tto,2011,10.418
tto,2012,10.317
tto,2013,10.214
tto,2014,10.167
tto,2015,10.175
tto,2016,10.198
tto,2017,10.207
tto,2018,10.250
tto,2019,10.327
tto,2020,10.434
tto,2021,10.473
tto,2022,10.533
tto,2023,10.519
tto,2024,10.447
tun,1966,222.19
tun,1967,206.36
tun,1968,191.52
tun,1969,177.92
tun,1970,165.40
tun,1971,154.05
tun,1972,143.74
tun,1973,133.99
tun,1974,124.91
tun,1975,115.75
tun,1976,106.88
tun,1977,98.290
tun,1978,90.054
tun,1979,82.645
tun,1980,75.804
tun,1981,69.560
tun,1982,64.161
tun,1983,59.317
tun,1984,54.860
tun,1985,50.816
tun,1986,47.129
tun,1987,43.694
tun,1988,40.605
tun,1989,37.862
tun,1990,35.401
tun,1991,33.028
tun,1992,30.855
tun,1993,28.631
tun,1994,26.562
tun,1995,24.459
tun,1996,22.386
tun,1997,20.315
tun,1998,18.384
tun,1999,16.947
tun,2000,15.582
tun,2001,14.330
tun,2002,13.194
tun,2003,12.127
tun,2004,11.196
tun,2005,10.344
tun,2006,9.5832
tun,2007,8.9945
tun,2008,8.4694
tun,2009,8.0866
tun,2010,7.7982
tun,2011,7.5778
tun,2012,7.3914
tun,2013,7.2181
tun,2014,7.0498
tun,2015,6.8727
tun,2016,6.6825
tun,2017,6.5715
tun,2018,6.5402
tun,2019,6.5523
tun,2020,6.5212
tun,2021,6.3779
tun,2022,6.1700
tun,2023,5.8673
tun,2024,5.5457
tur,1956,279.15
tur,1957,269.42
tur,1958,260.30
tur,1959,252.04
tur,1960,242.94
tur,1961,233.45
tur,1962,223.88
tur,1963,213.91
tur,1964,204.20
tur,1965,195.14
tur,1966,186.41
tur,1967,178.62
tur,1968,171.52
tur,1969,164.77
tur,1970,158.43
tur,1971,152.46
tur,1972,146.67
tur,1973,140.84
tur,1974,135.14
tur,1975,129.68
tur,1976,123.94
tur,1977,118.28
tur,1978,112.77
tur,1979,107.39
tur,1980,101.91
tur,1981,96.483
tur,1982,91.018
tur,1983,85.661
tur,1984,80.322
tur,1985,75.270
tur,1986,70.366
tur,1987,65.624
tur,1988,61.180
tur,1989,57.063
tur,1990,53.158
tur,1991,49.545
tur,1992,46.181
tur,1993,42.980
tur,1994,40.026
tur,1995,37.340
tur,1996,34.669
tur,1997,32.183
tur,1998,29.801
tur,1999,27.445
tur,2000,25.259
tur,2001,23.180
tur,2002,21.501
tur,2003,19.986
tur,2004,18.511
tur,2005,17.127
tur,2006,15.857
tur,2007,14.670
tur,2008,13.617
tur,2009,12.668
tur,2010,11.797
tur,2011,11.010
tur,2012,10.292
tur,2013,9.6434
tur,2014,9.0495
tur,2015,8.4807
tur,2016,7.9626
tur,2017,7.5073
tur,2018,7.1217
tur,2019,6.7721
tur,2020,6.5218
tur,2021,6.3444
tur,2022,6.2897
tur,2023,6.2854
tur,2024,10.418
tuv,1990,33.387
tuv,1991,32.381
tuv,1992,31.456
tuv,1993,30.437
tuv,1994,29.276
tuv,1995,28.173
tuv,1996,27.051
tuv,1997,25.810
tuv,1998,24.739
tuv,1999,23.666
tuv,2000,22.599
tuv,2001,21.669
tuv,2002,20.811
tuv,2003,20.210
tuv,2004,19.692
tuv,2005,19.216
tuv,2006,18.962
tuv,2007,18.916
tuv,2008,19.062
tuv,2009,19.204
tuv,2010,19.368
tuv,2011,19.518
tuv,2012,19.600
tuv,2013,19.814
tuv,2014,19.986
tuv,2015,20.122
tuv,2016,20.382
tuv,2017,20.654
tuv,2018,20.879
tuv,2019,20.882
tuv,2020,20.897
tuv,2021,20.892
tuv,2022,20.767
tuv,2023,20.623
tuv,2024,20.517
tza,1969,202.95
tza,1970,199.17
tza,1971,195.89
tza,1972,192.52
tza,1973,188.66
tza,1974,184.59
tza,1975,179.85
tza,1976,174.55
tza,1977,168.93
tza,1978,163.13
tza,1979,158.28
tza,1980,154.62
tza,1981,152.39
tza,1982,151.12
tza,1983,150.78
tza,1984,150.99
tza,1985,151.33
tza,1986,150.79
tza,1987,149.45
tza,1988,147.40
tza,1989,145.39
tza,1990,143.40
tza,1991,141.42
tza,1992,139.77
tza,1993,138.30
tza,1994,136.63
tza,1995,134.64
tza,1996,132.44
tza,1997,129.23
tza,1998,125.11
tza,1999,119.87
tza,2000,113.45
tza,2001,106.01
tza,2002,98.369
tza,2003,90.780
tza,2004,83.852
tza,2005,77.687
tza,2006,71.994
tza,2007,66.875
tza,2008,61.728
tza,2009,57.444
tza,2010,53.080
tza,2011,49.367
tza,2012,45.897
tza,2013,43.172
tza,2014,40.575
tza,2015,37.796
tza,2016,35.852
tza,2017,33.603
tza,2018,31.715
tza,2019,29.913
tza,2020,28.415
tza,2021,27.350
tza,2022,26.058
tza,2023,25.319
tza,2024,24.597
uga,1966,179.46
uga,1967,175.78
uga,1968,172.16
uga,1969,169.16
uga,1970,166.85
uga,1971,165.55
uga,1972,165.74
uga,1973,167.11
uga,1974,169.28
uga,1975,172.22
uga,1976,175.74
uga,1977,180.05
uga,1978,184.16
uga,1979,187.82
uga,1980,190.45
uga,1981,192.76
uga,1982,191.55
uga,1983,186.80
uga,1984,181.26
uga,1985,176.46
uga,1986,172.68
uga,1987,169.66
uga,1988,166.88
uga,1989,164.73
uga,1990,162.84
uga,1991,159.98
uga,1992,156.33
uga,1993,152.33
uga,1994,148.64
uga,1995,145.54
uga,1996,143.24
uga,1997,141.24
uga,1998,138.75
uga,1999,135.21
uga,2000,130.85
uga,2001,125.27
uga,2002,118.79
uga,2003,111.35
uga,2004,103.33
uga,2005,95.290
uga,2006,87.312
uga,2007,80.078
uga,2008,73.397
uga,2009,67.442
uga,2010,62.272
uga,2011,57.267
uga,2012,52.565
uga,2013,48.668
uga,2014,45.035
uga,2015,42.652
uga,2016,40.589
uga,2017,38.560
uga,2018,37.237
uga,2019,36.181
uga,2020,35.287
uga,2021,34.773
uga,2022,33.980
uga,2023,33.933
uga,2024,33.103
ukr,1985,11.687
ukr,1986,11.066
ukr,1987,10.572
ukr,1988,10.116
ukr,1989,9.7337
ukr,1990,9.4279
ukr,1991,9.3534
ukr,1992,9.3724
ukr,1993,9.5361
ukr,1994,9.7516
ukr,1995,9.8899
ukr,1996,10.053
ukr,1997,10.031
ukr,1998,9.9288
ukr,1999,9.7221
ukr,2000,9.4085
ukr,2001,9.1493
ukr,2002,8.7917
ukr,2003,8.4284
ukr,2004,8.1069
ukr,2005,7.8443
ukr,2006,7.6983
ukr,2007,7.6119
ukr,2008,7.4181
ukr,2009,7.1570
ukr,2010,6.8660
ukr,2011,6.5487
ukr,2012,6.2640
ukr,2013,5.9982
ukr,2014,5.7678
ukr,2015,5.5783
ukr,2016,5.4039
ukr,2017,5.2538
ukr,2018,5.1164
ukr,2019,5.0230
ukr,2020,4.9393
ukr,2021,4.8795
ukr,2022,4.8407
ukr,2023,5.2335
ukr,2024,4.8926
unicef_eap,1991,32.009
unicef_eap,1992,31.017
unicef_eap,1993,29.964
unicef_eap,1994,28.759
unicef_eap,1995,27.569
unicef_eap,1996,27.137
unicef_eap,1997,26.062
unicef_eap,1998,24.968
unicef_eap,1999,23.814
unicef_eap,2000,22.593
unicef_eap,2001,21.040
unicef_eap,2002,19.864
unicef_eap,2003,18.727
unicef_eap,2004,16.953
unicef_eap,2005,16.813
unicef_eap,2006,14.906
unicef_eap,2007,14.025
unicef_eap,2008,13.236
unicef_eap,2009,13.552
unicef_eap,2010,11.873
unicef_eap,2011,11.324
unicef_eap,2012,10.834
unicef_eap,2013,10.242
unicef_eap,2014,9.7949
unicef_eap,2015,9.3652
unicef_eap,2016,9.0636
unicef_eap,2017,8.7067
unicef_eap,2018,8.3547
unicef_eap,2019,8.2988
unicef_eap,2020,8.2017
unicef_eap,2021,8.3162
unicef_eap,2022,8.4096
unicef_eap,2023,8.4526
unicef_eap,2024,8.4337
unicef_eapro,1991,33.529
unicef_eapro,1992,32.624
unicef_eapro,1993,31.673
unicef_eapro,1994,30.441
unicef_eapro,1995,29.219
unicef_eapro,1996,28.797
unicef_eapro,1997,27.677
unicef_eapro,1998,26.537
unicef_eapro,1999,25.328
unicef_eapro,2000,24.042
unicef_eapro,2001,22.371
unicef_eapro,2002,21.105
unicef_eapro,2003,19.873
unicef_eapro,2004,17.957
unicef_eapro,2005,17.792
unicef_eapro,2006,15.731
unicef_eapro,2007,14.788
unicef_eapro,2008,13.955
unicef_eapro,2009,14.291
unicef_eapro,2010,12.489
unicef_eapro,2011,11.905
unicef_eapro,2012,11.386
unicef_eapro,2013,10.748
unicef_eapro,2014,10.269
unicef_eapro,2015,9.8126
unicef_eapro,2016,9.5033
unicef_eapro,2017,9.1214
unicef_eapro,2018,8.7368
unicef_eapro,2019,8.6967
unicef_eapro,2020,8.6046
unicef_eapro,2021,8.7471
unicef_eapro,2022,8.8747
unicef_eapro,2023,8.9406
unicef_eapro,2024,8.9271
unicef_eca,1991,18.176
unicef_eca,1992,17.735
unicef_eca,1993,17.614
unicef_eca,1994,17.306
unicef_eca,1995,16.633
unicef_eca,1996,16.106
unicef_eca,1997,15.182
unicef_eca,1998,14.330
unicef_eca,1999,13.520
unicef_eca,2000,12.624
unicef_eca,2001,11.597
unicef_eca,2002,10.780
unicef_eca,2003,10.046
unicef_eca,2004,9.3268
unicef_eca,2005,8.6995
unicef_eca,2006,8.0925
unicef_eca,2007,7.5199
unicef_eca,2008,7.0546
unicef_eca,2009,6.6156
unicef_eca,2010,6.2410
unicef_eca,2011,5.8634
unicef_eca,2012,5.5595
unicef_eca,2013,5.3028
unicef_eca,2014,5.1024
unicef_eca,2015,4.8962
unicef_eca,2016,4.6916
unicef_eca,2017,4.4839
unicef_eca,2018,4.2969
unicef_eca,2019,4.1727
unicef_eca,2020,4.0928
unicef_eca,2021,4.0358
unicef_eca,2022,3.9899
unicef_eca,2023,4.0025
unicef_eca,2024,4.4374
unicef_ecaro,1991,34.653
unicef_ecaro,1992,33.937
unicef_ecaro,1993,33.817
unicef_ecaro,1994,33.240
unicef_ecaro,1995,31.958
unicef_ecaro,1996,31.098
unicef_ecaro,1997,29.469
unicef_ecaro,1998,27.871
unicef_ecaro,1999,26.219
unicef_ecaro,2000,24.458
unicef_ecaro,2001,22.554
unicef_ecaro,2002,20.924
unicef_ecaro,2003,19.377
unicef_ecaro,2004,17.865
unicef_ecaro,2005,16.523
unicef_ecaro,2006,15.235
unicef_ecaro,2007,14.012
unicef_ecaro,2008,12.919
unicef_ecaro,2009,11.915
unicef_ecaro,2010,11.077
unicef_ecaro,2011,10.358
unicef_ecaro,2012,9.7804
unicef_ecaro,2013,9.2505
unicef_ecaro,2014,8.8000
unicef_ecaro,2015,8.3655
unicef_ecaro,2016,8.0008
unicef_ecaro,2017,7.6517
unicef_ecaro,2018,7.3885
unicef_ecaro,2019,7.2069
unicef_ecaro,2020,7.0835
unicef_ecaro,2021,6.9965
unicef_ecaro,2022,6.9296
unicef_ecaro,2023,7.0009
unicef_ecaro,2024,8.0043
unicef_eeca,1991,28.440
unicef_eeca,1992,28.231
unicef_eeca,1993,28.605
unicef_eeca,1994,28.640
unicef_eeca,1995,27.704
unicef_eeca,1996,26.988
unicef_eeca,1997,25.736
unicef_eeca,1998,24.504
unicef_eeca,1999,23.160
unicef_eeca,2000,21.712
unicef_eeca,2001,20.063
unicef_eeca,2002,18.551
unicef_eeca,2003,17.094
unicef_eeca,2004,15.700
unicef_eeca,2005,14.508
unicef_eeca,2006,13.403
unicef_eeca,2007,12.355
unicef_eeca,2008,11.405
unicef_eeca,2009,10.569
unicef_eeca,2010,9.8598
unicef_eeca,2011,9.2260
unicef_eeca,2012,8.6855
unicef_eeca,2013,8.1567
unicef_eeca,2014,7.7381
unicef_eeca,2015,7.3510
unicef_eeca,2016,6.9989
unicef_eeca,2017,6.6872
unicef_eeca,2018,6.4439
unicef_eeca,2019,6.2634
unicef_eeca,2020,6.1629
unicef_eeca,2021,6.0815
unicef_eeca,2022,6.0248
unicef_eeca,2023,6.0649
unicef_eeca,2024,6.8343
unicef_esa,1991,129.65
unicef_esa,1992,139.53
unicef_esa,1993,138.34
unicef_esa,1994,127.23
unicef_esa,1995,128.55
unicef_esa,1996,121.75
unicef_esa,1997,118.72
unicef_esa,1998,115.88
unicef_esa,1999,117.59
unicef_esa,2000,107.65
unicef_esa,2001,103.04
unicef_esa,2002,98.125
unicef_esa,2003,92.505
unicef_esa,2004,87.407
unicef_esa,2005,83.397
unicef_esa,2006,78.413
unicef_esa,2007,72.540
unicef_esa,2008,67.837
unicef_esa,2009,63.301
unicef_esa,2010,59.104
unicef_esa,2011,57.023
unicef_esa,2012,65.288
unicef_esa,2013,50.981
unicef_esa,2014,47.034
unicef_esa,2015,47.711
unicef_esa,2016,47.711
unicef_esa,2017,46.613
unicef_esa,2018,47.048
unicef_esa,2019,39.572
unicef_esa,2020,36.945
unicef_esa,2021,36.151
unicef_esa,2022,35.221
unicef_esa,2023,37.144
unicef_esa,2024,33.390
unicef_esaro,1991,133.13
unicef_esaro,1992,144.10
unicef_esaro,1993,142.99
unicef_esaro,1994,131.06
unicef_esaro,1995,132.63
unicef_esaro,1996,125.38
unicef_esaro,1997,122.28
unicef_esaro,1998,119.37
unicef_esaro,1999,121.41
unicef_esaro,2000,110.83
unicef_esaro,2001,106.07
unicef_esaro,2002,101.01
unicef_esaro,2003,95.178
unicef_esaro,2004,89.882
unicef_esaro,2005,84.566
unicef_esaro,2006,79.292
unicef_esaro,2007,74.273
unicef_esaro,2008,69.364
unicef_esaro,2009,64.592
unicef_esaro,2010,60.243
unicef_esaro,2011,58.104
unicef_esaro,2012,67.194
unicef_esaro,2013,51.791
unicef_esaro,2014,47.677
unicef_esaro,2015,48.576
unicef_esaro,2016,48.641
unicef_esaro,2017,47.503
unicef_esaro,2018,48.141
unicef_esaro,2019,40.143
unicef_esaro,2020,37.375
unicef_esaro,2021,36.564
unicef_esaro,2022,35.637
unicef_esaro,2023,37.817
unicef_esaro,2024,33.881
unicef_lac,1991,34.433
unicef_lac,1992,32.598
unicef_lac,1993,30.660
unicef_lac,1994,28.809
unicef_lac,1995,26.976
unicef_lac,1996,25.272
unicef_lac,1997,23.666
unicef_lac,1998,22.145
unicef_lac,1999,21.221
unicef_lac,2000,19.290
unicef_lac,2001,18.137
unicef_lac,2002,17.136
unicef_lac,2003,16.223
unicef_lac,2004,15.392
unicef_lac,2005,14.601
unicef_lac,2006,13.819
unicef_lac,2007,13.098
unicef_lac,2008,12.410
unicef_lac,2009,11.767
unicef_lac,2010,11.198
unicef_lac,2011,12.329
unicef_lac,2012,10.272
unicef_lac,2013,9.9167
unicef_lac,2014,9.5849
unicef_lac,2015,9.2781
unicef_lac,2016,8.8687
unicef_lac,2017,9.0084
unicef_lac,2018,8.6475
unicef_lac,2019,8.3979
unicef_lac,2020,8.2002
unicef_lac,2021,8.0849
unicef_lac,2022,8.0791
unicef_lac,2023,8.2014
unicef_lac,2024,8.3597
unicef_lacro,1991,34.445
unicef_lacro,1992,32.610
unicef_lacro,1993,30.672
unicef_lacro,1994,28.820
unicef_lacro,1995,26.985
unicef_lacro,1996,25.281
unicef_lacro,1997,23.674
unicef_lacro,1998,22.153
unicef_lacro,1999,21.227
unicef_lacro,2000,19.296
unicef_lacro,2001,18.142
unicef_lacro,2002,17.140
unicef_lacro,2003,16.227
unicef_lacro,2004,15.394
unicef_lacro,2005,14.604
unicef_lacro,2006,13.822
unicef_lacro,2007,13.101
unicef_lacro,2008,12.412
unicef_lacro,2009,11.769
unicef_lacro,2010,11.200
unicef_lacro,2011,12.331
unicef_lacro,2012,10.274
unicef_lacro,2013,9.9180
unicef_lacro,2014,9.5863
unicef_lacro,2015,9.2799
unicef_lacro,2016,8.8703
unicef_lacro,2017,9.0102
unicef_lacro,2018,8.6494
unicef_lacro,2019,8.3998
unicef_lacro,2020,8.1977
unicef_lacro,2021,8.0867
unicef_lacro,2022,8.0808
unicef_lacro,2023,8.2032
unicef_lacro,2024,8.3618
unicef_mena,1991,44.040
unicef_mena,1992,40.762
unicef_mena,1993,37.675
unicef_mena,1994,35.746
unicef_mena,1995,33.871
unicef_mena,1996,32.147
unicef_mena,1997,30.365
unicef_mena,1998,28.653
unicef_mena,1999,26.971
unicef_mena,2000,25.306
unicef_mena,2001,23.694
unicef_mena,2002,22.192
unicef_mena,2003,20.784
unicef_mena,2004,19.471
unicef_mena,2005,18.259
unicef_mena,2006,17.154
unicef_mena,2007,16.166
unicef_mena,2008,15.212
unicef_mena,2009,14.391
unicef_mena,2010,13.745
unicef_mena,2011,13.168
unicef_mena,2012,12.891
unicef_mena,2013,13.264
unicef_mena,2014,13.038
unicef_mena,2015,12.637
unicef_mena,2016,12.483
unicef_mena,2017,11.921
unicef_mena,2018,11.717
unicef_mena,2019,11.674
unicef_mena,2020,11.299
unicef_mena,2021,10.887
unicef_mena,2022,10.768
unicef_mena,2023,10.588
unicef_mena,2024,10.867
unicef_menaro,1991,49.537
unicef_menaro,1992,46.483
unicef_menaro,1993,43.681
unicef_menaro,1994,41.918
unicef_menaro,1995,40.247
unicef_menaro,1996,38.711
unicef_menaro,1997,37.076
unicef_menaro,1998,35.416
unicef_menaro,1999,33.647
unicef_menaro,2000,31.876
unicef_menaro,2001,30.131
unicef_menaro,2002,28.488
unicef_menaro,2003,26.921
unicef_menaro,2004,25.428
unicef_menaro,2005,25.812
unicef_menaro,2006,24.497
unicef_menaro,2007,21.367
unicef_menaro,2008,20.184
unicef_menaro,2009,19.149
unicef_menaro,2010,18.279
unicef_menaro,2011,17.511
unicef_menaro,2012,17.016
unicef_menaro,2013,17.062
unicef_menaro,2014,16.625
unicef_menaro,2015,16.092
unicef_menaro,2016,15.868
unicef_menaro,2017,15.357
unicef_menaro,2018,15.111
unicef_menaro,2019,15.113
unicef_menaro,2020,14.861
unicef_menaro,2021,14.492
unicef_menaro,2022,14.384
unicef_menaro,2023,14.174
unicef_menaro,2024,14.307
unicef_na,1991,5.5123
unicef_na,1992,5.3438
unicef_na,1993,5.1313
unicef_na,1994,4.8993
unicef_na,1995,4.6724
unicef_na,1996,4.4646
unicef_na,1997,4.2882
unicef_na,1998,4.1417
unicef_na,1999,4.0234
unicef_na,2000,3.9236
unicef_na,2001,3.8302
unicef_na,2002,3.7299
unicef_na,2003,3.6268
unicef_na,2004,3.5457
unicef_na,2005,3.5057
unicef_na,2006,3.4935
unicef_na,2007,3.4790
unicef_na,2008,3.4368
unicef_na,2009,3.3716
unicef_na,2010,3.2927
unicef_na,2011,3.2032
unicef_na,2012,3.1011
unicef_na,2013,2.9933
unicef_na,2014,2.9119
unicef_na,2015,2.8809
unicef_na,2016,2.8797
unicef_na,2017,2.8604
unicef_na,2018,2.8102
unicef_na,2019,2.7672
unicef_na,2020,2.7712
unicef_na,2021,2.8229
unicef_na,2022,2.9048
unicef_na,2023,3.0124
unicef_na,2024,3.1287
unicef_rosa,1991,78.997
unicef_rosa,1992,76.130
unicef_rosa,1993,73.339
unicef_rosa,1994,70.670
unicef_rosa,1995,67.983
unicef_rosa,1996,65.251
unicef_rosa,1997,62.481
unicef_rosa,1998,59.711
unicef_rosa,1999,56.985
unicef_rosa,2000,54.290
unicef_rosa,2001,51.594
unicef_rosa,2002,49.044
unicef_rosa,2003,46.713
unicef_rosa,2004,44.538
unicef_rosa,2005,42.546
unicef_rosa,2006,40.351
unicef_rosa,2007,38.338
unicef_rosa,2008,36.254
unicef_rosa,2009,34.239
unicef_rosa,2010,32.338
unicef_rosa,2011,30.337
unicef_rosa,2012,28.464
unicef_rosa,2013,26.631
unicef_rosa,2014,24.886
unicef_rosa,2015,23.268
unicef_rosa,2016,21.745
unicef_rosa,2017,20.285
unicef_rosa,2018,19.055
unicef_rosa,2019,17.964
unicef_rosa,2020,17.187
unicef_rosa,2021,16.514
unicef_rosa,2022,15.933
unicef_rosa,2023,15.442
unicef_rosa,2024,15.037
unicef_sa,1991,78.997
unicef_sa,1992,76.130
unicef_sa,1993,73.339
unicef_sa,1994,70.670
unicef_sa,1995,67.983
unicef_sa,1996,65.251
unicef_sa,1997,62.481
unicef_sa,1998,59.711
unicef_sa,1999,56.985
unicef_sa,2000,54.290
unicef_sa,2001,51.594
unicef_sa,2002,49.044
unicef_sa,2003,46.713
unicef_sa,2004,44.538
unicef_sa,2005,42.546
unicef_sa,2006,40.351
unicef_sa,2007,38.338
unicef_sa,2008,36.254
unicef_sa,2009,34.239
unicef_sa,2010,32.338
unicef_sa,2011,30.337
unicef_sa,2012,28.464
unicef_sa,2013,26.631
unicef_sa,2014,24.886
unicef_sa,2015,23.268
unicef_sa,2016,21.745
unicef_sa,2017,20.285
unicef_sa,2018,19.055
unicef_sa,2019,17.964
unicef_sa,2020,17.187
unicef_sa,2021,16.514
unicef_sa,2022,15.933
unicef_sa,2023,15.442
unicef_sa,2024,15.037
unicef_ssa,1991,143.87
unicef_ssa,1992,147.83
unicef_ssa,1993,146.55
unicef_ssa,1994,140.52
unicef_ssa,1995,140.26
unicef_ssa,1996,135.86
unicef_ssa,1997,133.15
unicef_ssa,1998,130.21
unicef_ssa,1999,129.24
unicef_ssa,2000,122.43
unicef_ssa,2001,118.02
unicef_ssa,2002,113.38
unicef_ssa,2003,108.23
unicef_ssa,2004,103.31
unicef_ssa,2005,98.912
unicef_ssa,2006,94.091
unicef_ssa,2007,89.040
unicef_ssa,2008,84.737
unicef_ssa,2009,80.619
unicef_ssa,2010,79.458
unicef_ssa,2011,74.543
unicef_ssa,2012,76.593
unicef_ssa,2013,69.257
unicef_ssa,2014,66.514
unicef_ssa,2015,66.217
unicef_ssa,2016,64.854
unicef_ssa,2017,63.544
unicef_ssa,2018,62.956
unicef_ssa,2019,58.825
unicef_ssa,2020,57.598
unicef_ssa,2021,55.462
unicef_ssa,2022,54.565
unicef_ssa,2023,56.013
unicef_ssa,2024,51.861
unicef_wca,1991,161.86
unicef_wca,1992,160.22
unicef_wca,1993,158.62
unicef_wca,1994,157.03
unicef_wca,1995,155.17
unicef_wca,1996,152.99
unicef_wca,1997,150.45
unicef_wca,1998,147.39
unicef_wca,1999,143.74
unicef_wca,2000,139.74
unicef_wca,2001,135.44
unicef_wca,2002,130.87
unicef_wca,2003,126.08
unicef_wca,2004,121.08
unicef_wca,2005,116.26
unicef_wca,2006,111.58
unicef_wca,2007,107.16
unicef_wca,2008,103.10
unicef_wca,2009,99.444
unicef_wca,2010,101.06
unicef_wca,2011,93.559
unicef_wca,2012,90.852
unicef_wca,2013,88.570
unicef_wca,2014,86.916
unicef_wca,2015,86.115
unicef_wca,2016,84.144
unicef_wca,2017,82.791
unicef_wca,2018,81.874
unicef_wca,2019,80.042
unicef_wca,2020,80.332
unicef_wca,2021,77.519
unicef_wca,2022,76.913
unicef_wca,2023,78.686
unicef_wca,2024,73.716
unicef_wcaro,1991,161.86
unicef_wcaro,1992,160.22
unicef_wcaro,1993,158.62
unicef_wcaro,1994,157.03
unicef_wcaro,1995,155.17
unicef_wcaro,1996,152.99
unicef_wcaro,1997,150.45
unicef_wcaro,1998,147.39
unicef_wcaro,1999,143.74
unicef_wcaro,2000,139.74
unicef_wcaro,2001,135.44
unicef_wcaro,2002,130.87
unicef_wcaro,2003,126.08
unicef_wcaro,2004,121.08
unicef_wcaro,2005,116.26
unicef_wcaro,2006,111.58
unicef_wcaro,2007,107.16
unicef_wcaro,2008,103.10
unicef_wcaro,2009,99.444
unicef_wcaro,2010,101.06
unicef_wcaro,2011,93.559
unicef_wcaro,2012,90.852
unicef_wcaro,2013,88.570
unicef_wcaro,2014,86.916
unicef_wcaro,2015,86.115
unicef_wcaro,2016,84.144
unicef_wcaro,2017,82.791
unicef_wcaro,2018,81.874
unicef_wcaro,2019,80.042
unicef_wcaro,2020,80.332
unicef_wcaro,2021,77.519
unicef_wcaro,2022,76.913
unicef_wcaro,2023,78.686
unicef_wcaro,2024,73.716
unicef_we,1991,5.0797
unicef_we,1992,4.8018
unicef_we,1993,4.4972
unicef_we,1994,4.1730
unicef_we,1995,3.8592
unicef_we,1996,3.5802
unicef_we,1997,3.3603
unicef_we,1998,3.1931
unicef_we,1999,3.0531
unicef_we,2000,2.9284
unicef_we,2001,2.8112
unicef_we,2002,2.7084
unicef_we,2003,2.6147
unicef_we,2004,2.5220
unicef_we,2005,2.4288
unicef_we,2006,2.3467
unicef_we,2007,2.2769
unicef_we,2008,2.2116
unicef_we,2009,2.1325
unicef_we,2010,2.0460
unicef_we,2011,1.9615
unicef_we,2012,1.8874
unicef_we,2013,1.8267
unicef_we,2014,1.7756
unicef_we,2015,1.7354
unicef_we,2016,1.6995
unicef_we,2017,1.6633
unicef_we,2018,1.6254
unicef_we,2019,1.5861
unicef_we,2020,1.5579
unicef_we,2021,1.5443
unicef_we,2022,1.5426
unicef_we,2023,1.5523
unicef_we,2024,1.5744
unsdg_australianewzealand,1991,5.1513
unsdg_australianewzealand,1992,4.7791
unsdg_australianewzealand,1993,4.4437
unsdg_australianewzealand,1994,4.1724
unsdg_australianewzealand,1995,3.9480
unsdg_australianewzealand,1996,3.7529
unsdg_australianewzealand,1997,3.5755
unsdg_australianewzealand,1998,3.4173
unsdg_australianewzealand,1999,3.2597
unsdg_australianewzealand,2000,3.1280
unsdg_australianewzealand,2001,3.0070
unsdg_australianewzealand,2002,2.9110
unsdg_australianewzealand,2003,2.8408
unsdg_australianewzealand,2004,2.8037
unsdg_australianewzealand,2005,2.7863
unsdg_australianewzealand,2006,2.7500
unsdg_australianewzealand,2007,2.6981
unsdg_australianewzealand,2008,2.6268
unsdg_australianewzealand,2009,2.5219
unsdg_australianewzealand,2010,2.4035
unsdg_australianewzealand,2011,2.2767
unsdg_australianewzealand,2012,2.1457
unsdg_australianewzealand,2013,2.0175
unsdg_australianewzealand,2014,1.8975
unsdg_australianewzealand,2015,1.8029
unsdg_australianewzealand,2016,1.7394
unsdg_australianewzealand,2017,1.6954
unsdg_australianewzealand,2018,1.6637
unsdg_australianewzealand,2019,1.6348
unsdg_australianewzealand,2020,1.6216
unsdg_australianewzealand,2021,1.6115
unsdg_australianewzealand,2022,1.5982
unsdg_australianewzealand,2023,1.5865
unsdg_australianewzealand,2024,1.5785
unsdg_centralasia,1991,47.095
unsdg_centralasia,1992,47.245
unsdg_centralasia,1993,47.783
unsdg_centralasia,1994,48.173
unsdg_centralasia,1995,48.322
unsdg_centralasia,1996,47.875
unsdg_centralasia,1997,46.365
unsdg_centralasia,1998,44.663
unsdg_centralasia,1999,42.629
unsdg_centralasia,2000,40.218
unsdg_centralasia,2001,37.366
unsdg_centralasia,2002,34.507
unsdg_centralasia,2003,31.809
unsdg_centralasia,2004,29.001
unsdg_centralasia,2005,26.473
unsdg_centralasia,2006,24.016
unsdg_centralasia,2007,21.702
unsdg_centralasia,2008,19.659
unsdg_centralasia,2009,17.821
unsdg_centralasia,2010,16.450
unsdg_centralasia,2011,15.217
unsdg_centralasia,2012,14.189
unsdg_centralasia,2013,13.317
unsdg_centralasia,2014,12.585
unsdg_centralasia,2015,11.896
unsdg_centralasia,2016,11.336
unsdg_centralasia,2017,10.933
unsdg_centralasia,2018,10.667
unsdg_centralasia,2019,10.448
unsdg_centralasia,2020,10.292
unsdg_centralasia,2021,10.112
unsdg_centralasia,2022,9.9661
unsdg_centralasia,2023,10.043
unsdg_centralasia,2024,10.063
unsdg_centralasiasouthernasia,1991,75.519
unsdg_centralasiasouthernasia,1992,72.854
unsdg_centralasiasouthernasia,1993,70.312
unsdg_centralasiasouthernasia,1994,67.974
unsdg_centralasiasouthernasia,1995,65.626
unsdg_centralasiasouthernasia,1996,63.237
unsdg_centralasiasouthernasia,1997,60.700
unsdg_centralasiasouthernasia,1998,58.110
unsdg_centralasiasouthernasia,1999,55.490
unsdg_centralasiasouthernasia,2000,52.882
unsdg_centralasiasouthernasia,2001,50.224
unsdg_centralasiasouthernasia,2002,47.737
unsdg_centralasiasouthernasia,2003,45.396
unsdg_centralasiasouthernasia,2004,43.245
unsdg_centralasiasouthernasia,2005,41.201
unsdg_centralasiasouthernasia,2006,38.975
unsdg_centralasiasouthernasia,2007,36.907
unsdg_centralasiasouthernasia,2008,34.808
unsdg_centralasiasouthernasia,2009,32.786
unsdg_centralasiasouthernasia,2010,30.921
unsdg_centralasiasouthernasia,2011,28.976
unsdg_centralasiasouthernasia,2012,27.135
unsdg_centralasiasouthernasia,2013,25.363
unsdg_centralasiasouthernasia,2014,23.682
unsdg_centralasiasouthernasia,2015,22.095
unsdg_centralasiasouthernasia,2016,20.620
unsdg_centralasiasouthernasia,2017,19.264
unsdg_centralasiasouthernasia,2018,18.099
unsdg_centralasiasouthernasia,2019,17.094
unsdg_centralasiasouthernasia,2020,16.377
unsdg_centralasiasouthernasia,2021,15.760
unsdg_centralasiasouthernasia,2022,15.206
unsdg_centralasiasouthernasia,2023,14.750
unsdg_centralasiasouthernasia,2024,14.376
unsdg_easternasia,1991,26.728
unsdg_easternasia,1992,25.733
unsdg_easternasia,1993,24.696
unsdg_easternasia,1994,23.682
unsdg_easternasia,1995,22.704
unsdg_easternasia,1996,22.849
unsdg_easternasia,1997,21.902
unsdg_easternasia,1998,20.946
unsdg_easternasia,1999,19.799
unsdg_easternasia,2000,18.582
unsdg_easternasia,2001,17.198
unsdg_easternasia,2002,15.949
unsdg_easternasia,2003,14.776
unsdg_easternasia,2004,12.569
unsdg_easternasia,2005,11.587
unsdg_easternasia,2006,10.693
unsdg_easternasia,2007,9.9514
unsdg_easternasia,2008,9.3301
unsdg_easternasia,2009,8.7758
unsdg_easternasia,2010,8.3103
unsdg_easternasia,2011,7.8255
unsdg_easternasia,2012,7.3773
unsdg_easternasia,2013,6.9260
unsdg_easternasia,2014,6.4820
unsdg_easternasia,2015,6.0850
unsdg_easternasia,2016,5.7186
unsdg_easternasia,2017,5.3928
unsdg_easternasia,2018,5.1048
unsdg_easternasia,2019,4.8200
unsdg_easternasia,2020,4.5658
unsdg_easternasia,2021,4.3320
unsdg_easternasia,2022,4.1161
unsdg_easternasia,2023,3.9533
unsdg_easternasia,2024,3.8356
unsdg_easternasiasoutheasternasia,1991,32.160
unsdg_easternasiasoutheasternasia,1992,31.175
unsdg_easternasiasoutheasternasia,1993,30.132
unsdg_easternasiasoutheasternasia,1994,28.922
unsdg_easternasiasoutheasternasia,1995,27.714
unsdg_easternasiasoutheasternasia,1996,27.287
unsdg_easternasiasoutheasternasia,1997,26.197
unsdg_easternasiasoutheasternasia,1998,25.079
unsdg_easternasiasoutheasternasia,1999,23.919
unsdg_easternasiasoutheasternasia,2000,22.677
unsdg_easternasiasoutheasternasia,2001,21.102
unsdg_easternasiasoutheasternasia,2002,19.900
unsdg_easternasiasoutheasternasia,2003,18.750
unsdg_easternasiasoutheasternasia,2004,16.939
unsdg_easternasiasoutheasternasia,2005,16.803
unsdg_easternasiasoutheasternasia,2006,14.870
unsdg_easternasiasoutheasternasia,2007,13.976
unsdg_easternasiasoutheasternasia,2008,13.190
unsdg_easternasiasoutheasternasia,2009,13.523
unsdg_easternasiasoutheasternasia,2010,11.816
unsdg_easternasiasoutheasternasia,2011,11.256
unsdg_easternasiasoutheasternasia,2012,10.764
unsdg_easternasiasoutheasternasia,2013,10.176
unsdg_easternasiasoutheasternasia,2014,9.7218
unsdg_easternasiasoutheasternasia,2015,9.2867
unsdg_easternasiasoutheasternasia,2016,8.9855
unsdg_easternasiasoutheasternasia,2017,8.6252
unsdg_easternasiasoutheasternasia,2018,8.2756
unsdg_easternasiasoutheasternasia,2019,8.2134
unsdg_easternasiasoutheasternasia,2020,8.1230
unsdg_easternasiasoutheasternasia,2021,8.2277
unsdg_easternasiasoutheasternasia,2022,8.3438
unsdg_easternasiasoutheasternasia,2023,8.3866
unsdg_easternasiasoutheasternasia,2024,8.3836
unsdg_europe,1991,8.3174
unsdg_europe,1992,7.8820
unsdg_europe,1993,7.7801
unsdg_europe,1994,7.4113
unsdg_europe,1995,6.8385
unsdg_europe,1996,6.6243
unsdg_europe,1997,6.3021
unsdg_europe,1998,6.0105
unsdg_europe,1999,5.7807
unsdg_europe,2000,5.5139
unsdg_europe,2001,5.2396
unsdg_europe,2002,5.0184
unsdg_europe,2003,4.8461
unsdg_europe,2004,4.6713
unsdg_europe,2005,4.4366
unsdg_europe,2006,4.1608
unsdg_europe,2007,3.9396
unsdg_europe,2008,3.8014
unsdg_europe,2009,3.7047
unsdg_europe,2010,3.5845
unsdg_europe,2011,3.4124
unsdg_europe,2012,3.2556
unsdg_europe,2013,3.1254
unsdg_europe,2014,2.9975
unsdg_europe,2015,2.8653
unsdg_europe,2016,2.7393
unsdg_europe,2017,2.6095
unsdg_europe,2018,2.4438
unsdg_europe,2019,2.3017
unsdg_europe,2020,2.1995
unsdg_europe,2021,2.1477
unsdg_europe,2022,2.1105
unsdg_europe,2023,2.0946
unsdg_europe,2024,2.0847
unsdg_europenorthernamr,1991,7.3663
unsdg_europenorthernamr,1992,7.0004
unsdg_europenorthernamr,1993,6.8436
unsdg_europenorthernamr,1994,6.5052
unsdg_europenorthernamr,1995,6.0442
unsdg_europenorthernamr,1996,5.8284
unsdg_europenorthernamr,1997,5.5602
unsdg_europenorthernamr,1998,5.3187
unsdg_europenorthernamr,1999,5.1234
unsdg_europenorthernamr,2000,4.9103
unsdg_europenorthernamr,2001,4.6958
unsdg_europenorthernamr,2002,4.5192
unsdg_europenorthernamr,2003,4.3769
unsdg_europenorthernamr,2004,4.2371
unsdg_europenorthernamr,2005,4.0758
unsdg_europenorthernamr,2006,3.8971
unsdg_europenorthernamr,2007,3.7447
unsdg_europenorthernamr,2008,3.6441
unsdg_europenorthernamr,2009,3.5632
unsdg_europenorthernamr,2010,3.4608
unsdg_europenorthernamr,2011,3.3204
unsdg_europenorthernamr,2012,3.1837
unsdg_europenorthernamr,2013,3.0613
unsdg_europenorthernamr,2014,2.9484
unsdg_europenorthernamr,2015,2.8554
unsdg_europenorthernamr,2016,2.7710
unsdg_europenorthernamr,2017,2.6806
unsdg_europenorthernamr,2018,2.5582
unsdg_europenorthernamr,2019,2.4537
unsdg_europenorthernamr,2020,2.3930
unsdg_europenorthernamr,2021,2.3785
unsdg_europenorthernamr,2022,2.3868
unsdg_europenorthernamr,2023,2.4269
unsdg_europenorthernamr,2024,2.4624
unsdg_lac,1991,34.433
unsdg_lac,1992,32.598
unsdg_lac,1993,30.660
unsdg_lac,1994,28.809
unsdg_lac,1995,26.976
unsdg_lac,1996,25.272
unsdg_lac,1997,23.666
unsdg_lac,1998,22.145
unsdg_lac,1999,21.221
unsdg_lac,2000,19.290
unsdg_lac,2001,18.137
unsdg_lac,2002,17.136
unsdg_lac,2003,16.223
unsdg_lac,2004,15.392
unsdg_lac,2005,14.601
unsdg_lac,2006,13.819
unsdg_lac,2007,13.098
unsdg_lac,2008,12.410
unsdg_lac,2009,11.767
unsdg_lac,2010,11.198
unsdg_lac,2011,12.329
unsdg_lac,2012,10.272
unsdg_lac,2013,9.9167
unsdg_lac,2014,9.5849
unsdg_lac,2015,9.2781
unsdg_lac,2016,8.8687
unsdg_lac,2017,9.0084
unsdg_lac,2018,8.6475
unsdg_lac,2019,8.3979
unsdg_lac,2020,8.2002
unsdg_lac,2021,8.0849
unsdg_lac,2022,8.0791
unsdg_lac,2023,8.2014
unsdg_lac,2024,8.3597
unsdg_ldc,1991,133.34
unsdg_ldc,1992,136.47
unsdg_ldc,1993,133.92
unsdg_ldc,1994,126.09
unsdg_ldc,1995,124.58
unsdg_ldc,1996,118.83
unsdg_ldc,1997,115.52
unsdg_ldc,1998,112.01
unsdg_ldc,1999,110.86
unsdg_ldc,2000,103.55
unsdg_ldc,2001,98.966
unsdg_ldc,2002,94.248
unsdg_ldc,2003,89.511
unsdg_ldc,2004,84.861
unsdg_ldc,2005,80.931
unsdg_ldc,2006,76.792
unsdg_ldc,2007,72.377
unsdg_ldc,2008,68.708
unsdg_ldc,2009,66.528
unsdg_ldc,2010,65.364
unsdg_ldc,2011,61.161
unsdg_ldc,2012,64.207
unsdg_ldc,2013,55.777
unsdg_ldc,2014,52.951
unsdg_ldc,2015,52.905
unsdg_ldc,2016,51.717
unsdg_ldc,2017,50.324
unsdg_ldc,2018,50.091
unsdg_ldc,2019,45.613
unsdg_ldc,2020,44.560
unsdg_ldc,2021,42.582
unsdg_ldc,2022,41.926
unsdg_ldc,2023,44.173
unsdg_ldc,2024,39.589
unsdg_lldc,1991,130.65
unsdg_lldc,1992,128.56
unsdg_lldc,1993,128.02
unsdg_lldc,1994,126.81
unsdg_lldc,1995,127.59
unsdg_lldc,1996,119.73
unsdg_lldc,1997,116.66
unsdg_lldc,1998,113.98
unsdg_lldc,1999,116.48
unsdg_lldc,2000,105.92
unsdg_lldc,2001,101.66
unsdg_lldc,2002,96.818
unsdg_lldc,2003,91.244
unsdg_lldc,2004,85.990
unsdg_lldc,2005,80.659
unsdg_lldc,2006,75.543
unsdg_lldc,2007,70.912
unsdg_lldc,2008,66.571
unsdg_lldc,2009,62.566
unsdg_lldc,2010,65.022
unsdg_lldc,2011,55.861
unsdg_lldc,2012,52.666
unsdg_lldc,2013,49.959
unsdg_lldc,2014,47.722
unsdg_lldc,2015,49.799
unsdg_lldc,2016,49.408
unsdg_lldc,2017,48.867
unsdg_lldc,2018,48.148
unsdg_lldc,2019,40.133
unsdg_lldc,2020,40.020
unsdg_lldc,2021,37.350
unsdg_lldc,2022,37.222
unsdg_lldc,2023,40.483
unsdg_lldc,2024,34.926
unsdg_northafr,1991,56.784
unsdg_northafr,1992,54.615
unsdg_northafr,1993,52.492
unsdg_northafr,1994,50.525
unsdg_northafr,1995,48.457
unsdg_northafr,1996,46.407
unsdg_northafr,1997,44.414
unsdg_northafr,1998,42.247
unsdg_northafr,1999,40.043
unsdg_northafr,2000,37.918
unsdg_northafr,2001,35.931
unsdg_northafr,2002,34.009
unsdg_northafr,2003,32.176
unsdg_northafr,2004,30.429
unsdg_northafr,2005,32.235
unsdg_northafr,2006,30.831
unsdg_northafr,2007,25.789
unsdg_northafr,2008,24.522
unsdg_northafr,2009,23.360
unsdg_northafr,2010,22.354
unsdg_northafr,2011,21.443
unsdg_northafr,2012,20.697
unsdg_northafr,2013,19.846
unsdg_northafr,2014,19.223
unsdg_northafr,2015,18.738
unsdg_northafr,2016,18.411
unsdg_northafr,2017,18.118
unsdg_northafr,2018,17.908
unsdg_northafr,2019,17.798
unsdg_northafr,2020,17.792
unsdg_northafr,2021,17.668
unsdg_northafr,2022,17.561
unsdg_northafr,2023,17.414
unsdg_northafr,2024,17.818
unsdg_northernamr,1991,5.5123
unsdg_northernamr,1992,5.3438
unsdg_northernamr,1993,5.1313
unsdg_northernamr,1994,4.8993
unsdg_northernamr,1995,4.6724
unsdg_northernamr,1996,4.4646
unsdg_northernamr,1997,4.2882
unsdg_northernamr,1998,4.1417
unsdg_northernamr,1999,4.0234
unsdg_northernamr,2000,3.9236
unsdg_northernamr,2001,3.8302
unsdg_northernamr,2002,3.7299
unsdg_northernamr,2003,3.6268
unsdg_northernamr,2004,3.5457
unsdg_northernamr,2005,3.5057
unsdg_northernamr,2006,3.4935
unsdg_northernamr,2007,3.4790
unsdg_northernamr,2008,3.4368
unsdg_northernamr,2009,3.3716
unsdg_northernamr,2010,3.2927
unsdg_northernamr,2011,3.2032
unsdg_northernamr,2012,3.1011
unsdg_northernamr,2013,2.9933
unsdg_northernamr,2014,2.9119
unsdg_northernamr,2015,2.8809
unsdg_northernamr,2016,2.8797
unsdg_northernamr,2017,2.8604
unsdg_northernamr,2018,2.8102
unsdg_northernamr,2019,2.7672
unsdg_northernamr,2020,2.7712
unsdg_northernamr,2021,2.8229
unsdg_northernamr,2022,2.9048
unsdg_northernamr,2023,3.0124
unsdg_northernamr,2024,3.1287
unsdg_oceania,1991,21.764
unsdg_oceania,1992,20.949
unsdg_oceania,1993,20.330
unsdg_oceania,1994,19.963
unsdg_oceania,1995,19.786
unsdg_oceania,1996,19.616
unsdg_oceania,1997,19.533
unsdg_oceania,1998,19.498
unsdg_oceania,1999,19.544
unsdg_oceania,2000,19.553
unsdg_oceania,2001,19.540
unsdg_oceania,2002,19.637
unsdg_oceania,2003,19.660
unsdg_oceania,2004,19.523
unsdg_oceania,2005,19.261
unsdg_oceania,2006,18.835
unsdg_oceania,2007,18.365
unsdg_oceania,2008,17.657
unsdg_oceania,2009,17.049
unsdg_oceania,2010,16.772
unsdg_oceania,2011,16.424
unsdg_oceania,2012,16.191
unsdg_oceania,2013,15.866
unsdg_oceania,2014,15.610
unsdg_oceania,2015,15.523
unsdg_oceania,2016,15.299
unsdg_oceania,2017,14.932
unsdg_oceania,2018,14.737
unsdg_oceania,2019,14.522
unsdg_oceania,2020,14.538
unsdg_oceania,2021,14.543
unsdg_oceania,2022,14.458
unsdg_oceania,2023,14.245
unsdg_oceania,2024,14.016
unsdg_oceaniaexausnzl,1991,48.667
unsdg_oceaniaexausnzl,1992,47.058
unsdg_oceaniaexausnzl,1993,45.730
unsdg_oceaniaexausnzl,1994,44.654
unsdg_oceaniaexausnzl,1995,43.739
unsdg_oceaniaexausnzl,1996,42.863
unsdg_oceaniaexausnzl,1997,42.136
unsdg_oceaniaexausnzl,1998,41.585
unsdg_oceaniaexausnzl,1999,41.126
unsdg_oceaniaexausnzl,2000,40.751
unsdg_oceaniaexausnzl,2001,40.423
unsdg_oceaniaexausnzl,2002,40.127
unsdg_oceaniaexausnzl,2003,39.826
unsdg_oceaniaexausnzl,2004,39.286
unsdg_oceaniaexausnzl,2005,38.689
unsdg_oceaniaexausnzl,2006,38.018
unsdg_oceaniaexausnzl,2007,37.253
unsdg_oceaniaexausnzl,2008,36.436
unsdg_oceaniaexausnzl,2009,35.694
unsdg_oceaniaexausnzl,2010,35.081
unsdg_oceaniaexausnzl,2011,34.234
unsdg_oceaniaexausnzl,2012,33.659
unsdg_oceaniaexausnzl,2013,33.010
unsdg_oceaniaexausnzl,2014,32.421
unsdg_oceaniaexausnzl,2015,31.836
unsdg_oceaniaexausnzl,2016,31.395
unsdg_oceaniaexausnzl,2017,30.812
unsdg_oceaniaexausnzl,2018,30.353
unsdg_oceaniaexausnzl,2019,29.952
unsdg_oceaniaexausnzl,2020,29.829
unsdg_oceaniaexausnzl,2021,29.429
unsdg_oceaniaexausnzl,2022,29.328
unsdg_oceaniaexausnzl,2023,29.044
unsdg_oceaniaexausnzl,2024,28.656
unsdg_sids,1991,55.701
unsdg_sids,1992,54.396
unsdg_sids,1993,53.009
unsdg_sids,1994,51.504
unsdg_sids,1995,50.023
unsdg_sids,1996,48.791
unsdg_sids,1997,47.191
unsdg_sids,1998,45.498
unsdg_sids,1999,44.311
unsdg_sids,2000,43.591
unsdg_sids,2001,39.373
unsdg_sids,2002,38.149
unsdg_sids,2003,36.995
unsdg_sids,2004,35.928
unsdg_sids,2005,35.004
unsdg_sids,2006,34.072
unsdg_sids,2007,33.239
unsdg_sids,2008,32.327
unsdg_sids,2009,31.163
unsdg_sids,2010,30.086
unsdg_sids,2011,43.637
unsdg_sids,2012,28.373
unsdg_sids,2013,27.728
unsdg_sids,2014,27.164
unsdg_sids,2015,26.655
unsdg_sids,2016,26.196
unsdg_sids,2017,25.862
unsdg_sids,2018,25.552
unsdg_sids,2019,25.191
unsdg_sids,2020,24.969
unsdg_sids,2021,24.606
unsdg_sids,2022,24.446
unsdg_sids,2023,24.197
unsdg_sids,2024,23.824
unsdg_southasia,1991,76.801
unsdg_southasia,1992,74.007
unsdg_southasia,1993,71.343
unsdg_southasia,1994,68.876
unsdg_southasia,1995,66.420
unsdg_southasia,1996,63.939
unsdg_southasia,1997,61.335
unsdg_southasia,1998,58.680
unsdg_southasia,1999,56.023
unsdg_southasia,2000,53.380
unsdg_southasia,2001,50.697
unsdg_southasia,2002,48.192
unsdg_southasia,2003,45.873
unsdg_southasia,2004,43.722
unsdg_southasia,2005,41.717
unsdg_southasia,2006,39.503
unsdg_southasia,2007,37.463
unsdg_southasia,2008,35.393
unsdg_southasia,2009,33.390
unsdg_southasia,2010,31.518
unsdg_southasia,2011,29.556
unsdg_southasia,2012,27.699
unsdg_southasia,2013,25.898
unsdg_southasia,2014,24.198
unsdg_southasia,2015,22.591
unsdg_southasia,2016,21.097
unsdg_southasia,2017,19.690
unsdg_southasia,2018,18.499
unsdg_southasia,2019,17.477
unsdg_southasia,2020,16.752
unsdg_southasia,2021,16.127
unsdg_southasia,2022,15.567
unsdg_southasia,2023,15.108
unsdg_southasia,2024,14.711
unsdg_southeasternasia,1991,47.225
unsdg_southeasternasia,1992,44.620
unsdg_southeasternasia,1993,42.170
unsdg_southeasternasia,1994,39.978
unsdg_southeasternasia,1995,38.043
unsdg_southeasternasia,1996,36.289
unsdg_southeasternasia,1997,34.677
unsdg_southeasternasia,1998,33.119
unsdg_southeasternasia,1999,31.743
unsdg_southeasternasia,2000,30.402
unsdg_southeasternasia,2001,28.662
unsdg_southeasternasia,2002,27.254
unsdg_southeasternasia,2003,25.955
unsdg_southeasternasia,2004,24.621
unsdg_southeasternasia,2005,25.863
unsdg_southeasternasia,2006,22.198
unsdg_southeasternasia,2007,21.072
unsdg_southeasternasia,2008,20.056
unsdg_southeasternasia,2009,21.991
unsdg_southeasternasia,2010,18.296
unsdg_southeasternasia,2011,17.595
unsdg_southeasternasia,2012,16.906
unsdg_southeasternasia,2013,16.305
unsdg_southeasternasia,2014,15.808
unsdg_southeasternasia,2015,15.351
unsdg_southeasternasia,2016,14.991
unsdg_southeasternasia,2017,14.688
unsdg_southeasternasia,2018,14.427
unsdg_southeasternasia,2019,14.219
unsdg_southeasternasia,2020,14.009
unsdg_southeasternasia,2021,13.855
unsdg_southeasternasia,2022,13.744
unsdg_southeasternasia,2023,13.620
unsdg_southeasternasia,2024,13.462
unsdg_subsaharanafrica,1991,146.04
unsdg_subsaharanafrica,1992,150.25
unsdg_subsaharanafrica,1993,148.98
unsdg_subsaharanafrica,1994,142.80
unsdg_subsaharanafrica,1995,142.62
unsdg_subsaharanafrica,1996,138.10
unsdg_subsaharanafrica,1997,135.37
unsdg_subsaharanafrica,1998,132.36
unsdg_subsaharanafrica,1999,131.46
unsdg_subsaharanafrica,2000,124.49
unsdg_subsaharanafrica,2001,119.99
unsdg_subsaharanafrica,2002,115.29
unsdg_subsaharanafrica,2003,110.04
unsdg_subsaharanafrica,2004,105.08
unsdg_subsaharanafrica,2005,100.06
unsdg_subsaharanafrica,2006,95.125
unsdg_subsaharanafrica,2007,90.487
unsdg_subsaharanafrica,2008,86.064
unsdg_subsaharanafrica,2009,81.891
unsdg_subsaharanafrica,2010,80.758
unsdg_subsaharanafrica,2011,75.747
unsdg_subsaharanafrica,2012,77.924
unsdg_subsaharanafrica,2013,70.350
unsdg_subsaharanafrica,2014,67.535
unsdg_subsaharanafrica,2015,67.258
unsdg_subsaharanafrica,2016,65.941
unsdg_subsaharanafrica,2017,64.666
unsdg_subsaharanafrica,2018,64.104
unsdg_subsaharanafrica,2019,59.883
unsdg_subsaharanafrica,2020,58.592
unsdg_subsaharanafrica,2021,56.530
unsdg_subsaharanafrica,2022,55.698
unsdg_subsaharanafrica,2023,57.283
unsdg_subsaharanafrica,2024,52.927
unsdg_westernasia,1991,45.857
unsdg_westernasia,1992,41.828
unsdg_westernasia,1993,38.041
unsdg_westernasia,1994,36.264
unsdg_westernasia,1995,34.525
unsdg_westernasia,1996,32.840
unsdg_westernasia,1997,31.055
unsdg_westernasia,1998,29.443
unsdg_westernasia,1999,27.839
unsdg_westernasia,2000,26.209
unsdg_westernasia,2001,24.598
unsdg_westernasia,2002,23.116
unsdg_westernasia,2003,21.779
unsdg_westernasia,2004,20.552
unsdg_westernasia,2005,19.427
unsdg_westernasia,2006,18.350
unsdg_westernasia,2007,17.330
unsdg_westernasia,2008,16.293
unsdg_westernasia,2009,15.358
unsdg_westernasia,2010,14.610
unsdg_westernasia,2011,13.968
unsdg_westernasia,2012,13.738
unsdg_westernasia,2013,14.721
unsdg_westernasia,2014,14.446
unsdg_westernasia,2015,13.778
unsdg_westernasia,2016,13.590
unsdg_westernasia,2017,12.727
unsdg_westernasia,2018,12.452
unsdg_westernasia,2019,12.567
unsdg_westernasia,2020,12.021
unsdg_westernasia,2021,11.463
unsdg_westernasia,2022,11.405
unsdg_westernasia,2023,11.271
unsdg_westernasia,2024,11.992
unsdg_westernasianorthernafr,1991,50.662
unsdg_westernasianorthernafr,1992,47.580
unsdg_westernasianorthernafr,1993,44.660
unsdg_westernasianorthernafr,1994,42.691
unsdg_westernasianorthernafr,1995,40.736
unsdg_westernasianorthernafr,1996,38.857
unsdg_westernasianorthernafr,1997,36.936
unsdg_westernasianorthernafr,1998,35.070
unsdg_westernasianorthernafr,1999,33.157
unsdg_westernasianorthernafr,2000,31.310
unsdg_westernasianorthernafr,2001,29.565
unsdg_westernasianorthernafr,2002,27.941
unsdg_westernasianorthernafr,2003,26.431
unsdg_westernasianorthernafr,2004,24.995
unsdg_westernasianorthernafr,2005,25.336
unsdg_westernasianorthernafr,2006,24.132
unsdg_westernasianorthernafr,2007,21.161
unsdg_westernasianorthernafr,2008,20.046
unsdg_westernasianorthernafr,2009,19.017
unsdg_westernasianorthernafr,2010,18.150
unsdg_westernasianorthernafr,2011,17.396
unsdg_westernasianorthernafr,2012,16.929
unsdg_westernasianorthernafr,2013,16.938
unsdg_westernasianorthernafr,2014,16.494
unsdg_westernasianorthernafr,2015,15.916
unsdg_westernasianorthernafr,2016,15.641
unsdg_westernasianorthernafr,2017,15.084
unsdg_westernasianorthernafr,2018,14.813
unsdg_westernasianorthernafr,2019,14.734
unsdg_westernasianorthernafr,2020,14.453
unsdg_westernasianorthernafr,2021,14.092
unsdg_westernasianorthernafr,2022,13.945
unsdg_westernasianorthernafr,2023,13.788
unsdg_westernasianorthernafr,2024,14.273
ury,1971,34.012
ury,1972,32.201
ury,1973,30.686
ury,1974,30.400
ury,1975,31.552
ury,1976,33.242
ury,1977,33.965
ury,1978,33.187
ury,1979,31.554
ury,1980,28.875
ury,1981,25.774
ury,1982,23.191
ury,1983,21.416
ury,1984,20.127
ury,1985,19.099
ury,1986,18.259
ury,1987,17.454
ury,1988,16.569
ury,1989,15.629
ury,1990,14.797
ury,1991,13.996
ury,1992,13.245
ury,1993,12.421
ury,1994,11.987
ury,1995,11.888
ury,1996,11.812
ury,1997,11.541
ury,1998,10.998
ury,1999,10.376
ury,2000,9.7774
ury,2001,9.2949
ury,2002,8.9301
ury,2003,8.6366
ury,2004,8.3874
ury,2005,8.0686
ury,2006,7.7401
ury,2007,7.4459
ury,2008,7.1729
ury,2009,6.9289
ury,2010,6.6604
ury,2011,6.3536
ury,2012,5.9949
ury,2013,5.5221
ury,2014,5.0776
ury,2015,4.6739
ury,2016,4.3008
ury,2017,3.9244
ury,2018,3.5015
ury,2019,3.1442
ury,2020,2.8851
ury,2021,2.7516
ury,2022,2.7385
ury,2023,2.8687
ury,2024,3.1104
usa,1969,9.4239
usa,1970,9.0804
usa,1971,8.6205
usa,1972,8.3022
usa,1973,8.1938
usa,1974,8.1092
usa,1975,7.8773
usa,1976,7.5684
usa,1977,7.3445
usa,1978,7.2597
usa,1979,7.1978
usa,1980,7.0507
usa,1981,6.8297
usa,1982,6.5911
usa,1983,6.3736
usa,1984,6.1918
usa,1985,6.0551
usa,1986,5.9586
usa,1987,5.8993
usa,1988,5.8629
usa,1989,5.8270
usa,1990,5.7669
usa,1991,5.6617
usa,1992,5.4979
usa,1993,5.2875
usa,1994,5.0513
usa,1995,4.8240
usa,1996,4.6156
usa,1997,4.4325
usa,1998,4.2762
usa,1999,4.1469
usa,2000,4.0401
usa,2001,3.9405
usa,2002,3.8386
usa,2003,3.7343
usa,2004,3.6511
usa,2005,3.6114
usa,2006,3.5996
usa,2007,3.5844
usa,2008,3.5428
usa,2009,3.4802
usa,2010,3.4032
usa,2011,3.3139
usa,2012,3.2088
usa,2013,3.0954
usa,2014,3.0100
usa,2015,2.9779
usa,2016,2.9782
usa,2017,2.9601
usa,2018,2.9080
usa,2019,2.8644
usa,2020,2.8708
usa,2021,2.9310
usa,2022,3.0239
usa,2023,3.1369
usa,2024,3.2662
uzb,1990,48.305
uzb,1991,47.302
uzb,1992,46.944
uzb,1993,46.815
uzb,1994,46.434
uzb,1995,46.034
uzb,1996,45.534
uzb,1997,44.855
uzb,1998,43.982
uzb,1999,42.733
uzb,2000,41.259
uzb,2001,39.511
uzb,2002,37.505
uzb,2003,35.292
uzb,2004,32.867
uzb,2005,30.477
uzb,2006,27.802
uzb,2007,25.165
uzb,2008,22.534
uzb,2009,20.183
uzb,2010,18.341
uzb,2011,16.563
uzb,2012,14.917
uzb,2013,13.378
uzb,2014,11.919
uzb,2015,10.740
uzb,2016,9.7811
uzb,2017,9.0663
uzb,2018,8.5088
uzb,2019,8.0634
uzb,2020,7.7382
uzb,2021,7.4759
uzb,2022,7.2659
uzb,2023,7.1010
uzb,2024,7.0150
vct,1971,47.463
vct,1972,50.429
vct,1973,53.703
vct,1974,56.968
vct,1975,59.032
vct,1976,58.935
vct,1977,56.144
vct,1978,51.623
vct,1979,46.215
vct,1980,40.818
vct,1981,36.043
vct,1982,31.821
vct,1983,28.056
vct,1984,24.409
vct,1985,21.267
vct,1986,18.897
vct,1987,16.969
vct,1988,15.456
vct,1989,14.281
vct,1990,13.348
vct,1991,12.635
vct,1992,12.039
vct,1993,11.573
vct,1994,11.190
vct,1995,10.915
vct,1996,10.727
vct,1997,10.585
vct,1998,10.549
vct,1999,10.545
vct,2000,10.522
vct,2001,10.460
vct,2002,10.362
vct,2003,10.285
vct,2004,10.217
vct,2005,10.243
vct,2006,10.294
vct,2007,10.377
vct,2008,10.402
vct,2009,10.317
vct,2010,10.111
vct,2011,9.8649
vct,2012,9.5711
vct,2013,9.2713
vct,2014,8.9581
vct,2015,8.6689
vct,2016,8.3590
vct,2017,8.0450
vct,2018,7.7319
vct,2019,7.4241
vct,2020,7.1904
vct,2021,6.9835
vct,2022,6.8546
vct,2023,6.7669
vct,2024,6.6875
ven,1990,19.619
ven,1991,17.872
ven,1992,15.939
ven,1993,14.334
ven,1994,13.712
ven,1995,13.888
ven,1996,14.274
ven,1997,14.344
ven,1998,13.941
ven,1999,13.043
ven,2000,12.018
ven,2001,11.378
ven,2002,11.231
ven,2003,11.100
ven,2004,10.506
ven,2005,9.5716
ven,2006,8.7330
ven,2007,8.2053
ven,2008,7.8444
ven,2009,7.4826
ven,2010,7.1579
ven,2011,6.9735
ven,2012,6.9334
ven,2013,7.0213
ven,2014,7.1465
ven,2015,7.3562
ven,2016,5.2384
ven,2017,10.622
ven,2018,11.153
ven,2019,11.904
ven,2020,12.835
ven,2021,13.856
ven,2022,14.958
ven,2023,16.046
ven,2024,17.253
vgb,1990,15.332
vgb,1991,14.646
vgb,1992,14.039
vgb,1993,13.504
vgb,1994,13.063
vgb,1995,12.715
vgb,1996,12.370
vgb,1997,12.106
vgb,1998,11.836
vgb,1999,11.662
vgb,2000,11.510
vgb,2001,11.361
vgb,2002,11.254
vgb,2003,11.198
vgb,2004,11.108
vgb,2005,11.075
vgb,2006,11.060
vgb,2007,11.052
vgb,2008,11.090
vgb,2009,11.119
vgb,2010,11.223
vgb,2011,11.380
vgb,2012,11.565
vgb,2013,11.801
vgb,2014,12.145
vgb,2015,12.437
vgb,2016,12.656
vgb,2017,12.858
vgb,2018,12.911
vgb,2019,12.941
vgb,2020,12.839
vgb,2021,12.755
vgb,2022,12.657
vgb,2023,12.485
vgb,2024,12.332
vnm,1975,90.631
vnm,1976,57.953
vnm,1977,56.368
vnm,1978,54.781
vnm,1979,53.054
vnm,1980,51.443
vnm,1981,49.801
vnm,1982,48.324
vnm,1983,46.852
vnm,1984,45.350
vnm,1985,43.741
vnm,1986,42.168
vnm,1987,40.444
vnm,1988,38.523
vnm,1989,36.413
vnm,1990,34.226
vnm,1991,31.986
vnm,1992,29.805
vnm,1993,27.663
vnm,1994,25.672
vnm,1995,23.874
vnm,1996,22.220
vnm,1997,20.906
vnm,1998,19.958
vnm,1999,19.188
vnm,2000,18.430
vnm,2001,17.740
vnm,2002,17.078
vnm,2003,16.532
vnm,2004,15.964
vnm,2005,15.429
vnm,2006,14.914
vnm,2007,14.464
vnm,2008,14.059
vnm,2009,13.676
vnm,2010,13.400
vnm,2011,13.184
vnm,2012,13.026
vnm,2013,12.923
vnm,2014,12.834
vnm,2015,12.771
vnm,2016,12.723
vnm,2017,12.652
vnm,2018,12.608
vnm,2019,12.603
vnm,2020,12.597
vnm,2021,12.643
vnm,2022,12.708
vnm,2023,12.789
vnm,2024,12.852
vut,1990,27.046
vut,1991,24.777
vut,1992,23.122
vut,1993,21.397
vut,1994,20.220
vut,1995,18.999
vut,1996,18.015
vut,1997,17.214
vut,1998,16.571
vut,1999,16.006
vut,2000,15.782
vut,2001,15.982
vut,2002,17.717
vut,2003,19.445
vut,2004,19.746
vut,2005,19.189
vut,2006,18.132
vut,2007,17.576
vut,2008,17.310
vut,2009,17.064
vut,2010,16.537
vut,2011,15.605
vut,2012,14.539
vut,2013,13.140
vut,2014,11.961
vut,2015,11.137
vut,2016,10.692
vut,2017,10.587
vut,2018,10.690
vut,2019,10.953
vut,2020,11.431
vut,2021,12.035
vut,2022,12.861
vut,2023,13.518
vut,2024,13.722
wb_hi,1991,7.3026
wb_hi,1992,6.9110
wb_hi,1993,6.5300
wb_hi,1994,6.1772
wb_hi,1995,5.8928
wb_hi,1996,5.6420
wb_hi,1997,5.3853
wb_hi,1998,5.1584
wb_hi,1999,4.9705
wb_hi,2000,4.7769
wb_hi,2001,4.5753
wb_hi,2002,4.4039
wb_hi,2003,4.2596
wb_hi,2004,4.1267
wb_hi,2005,3.9776
wb_hi,2006,3.8251
wb_hi,2007,3.6873
wb_hi,2008,3.5948
wb_hi,2009,3.5100
wb_hi,2010,3.4157
wb_hi,2011,3.2884
wb_hi,2012,3.1669
wb_hi,2013,3.0435
wb_hi,2014,2.9367
wb_hi,2015,2.8504
wb_hi,2016,2.7727
wb_hi,2017,2.6841
wb_hi,2018,2.5816
wb_hi,2019,2.4902
wb_hi,2020,2.4318
wb_hi,2021,2.4051
wb_hi,2022,2.4032
wb_hi,2023,2.4305
wb_hi,2024,2.4706
wb_li,1991,146.55
wb_li,1992,153.34
wb_li,1993,150.75
wb_li,1994,139.27
wb_li,1995,138.41
wb_li,1996,132.38
wb_li,1997,128.71
wb_li,1998,125.10
wb_li,1999,125.39
wb_li,2000,115.96
wb_li,2001,111.19
wb_li,2002,106.22
wb_li,2003,101.19
wb_li,2004,95.067
wb_li,2005,90.905
wb_li,2006,86.291
wb_li,2007,80.992
wb_li,2008,76.769
wb_li,2009,72.894
wb_li,2010,73.939
wb_li,2011,67.989
wb_li,2012,74.365
wb_li,2013,63.055
wb_li,2014,59.979
wb_li,2015,60.921
wb_li,2016,59.978
wb_li,2017,58.773
wb_li,2018,59.152
wb_li,2019,52.964
wb_li,2020,51.787
wb_li,2021,49.234
wb_li,2022,48.762
wb_li,2023,52.383
wb_li,2024,45.938
wb_lmi,1991,83.509
wb_lmi,1992,81.370
wb_lmi,1993,79.392
wb_lmi,1994,77.537
wb_lmi,1995,75.670
wb_lmi,1996,73.705
wb_lmi,1997,71.655
wb_lmi,1998,69.387
wb_lmi,1999,67.086
wb_lmi,2000,64.516
wb_lmi,2001,61.905
wb_lmi,2002,59.307
wb_lmi,2003,56.679
wb_lmi,2004,54.307
wb_lmi,2005,52.139
wb_lmi,2006,49.814
wb_lmi,2007,47.655
wb_lmi,2008,45.483
wb_lmi,2009,43.883
wb_lmi,2010,41.470
wb_lmi,2011,39.835
wb_lmi,2012,37.983
wb_lmi,2013,36.478
wb_lmi,2014,35.075
wb_lmi,2015,33.875
wb_lmi,2016,32.808
wb_lmi,2017,31.691
wb_lmi,2018,30.745
wb_lmi,2019,29.920
wb_lmi,2020,29.190
wb_lmi,2021,28.522
wb_lmi,2022,27.966
wb_lmi,2023,27.512
wb_lmi,2024,27.035
wb_umi,1991,32.059
wb_umi,1992,30.904
wb_umi,1993,29.496
wb_umi,1994,28.147
wb_umi,1995,26.795
wb_umi,1996,25.605
wb_umi,1997,24.452
wb_umi,1998,23.312
wb_umi,1999,22.121
wb_umi,2000,20.906
wb_umi,2001,19.612
wb_umi,2002,18.583
wb_umi,2003,17.571
wb_umi,2004,16.593
wb_umi,2005,16.475
wb_umi,2006,14.877
wb_umi,2007,14.016
wb_umi,2008,13.115
wb_umi,2009,12.233
wb_umi,2010,11.429
wb_umi,2011,10.704
wb_umi,2012,10.162
wb_umi,2013,9.6070
wb_umi,2014,9.2090
wb_umi,2015,8.7950
wb_umi,2016,8.4693
wb_umi,2017,8.0953
wb_umi,2018,7.7112
wb_umi,2019,7.5719
wb_umi,2020,7.4122
wb_umi,2021,7.4193
wb_umi,2022,7.4538
wb_umi,2023,7.5248
wb_umi,2024,7.8055
world,1991,60.356
world,1992,60.323
world,1993,60.041
world,1994,58.418
world,1995,57.718
world,1996,56.301
world,1997,55.073
world,1998,53.708
world,1999,52.719
world,2000,50.398
world,2001,48.478
world,2002,46.591
world,2003,44.790
world,2004,42.790
world,2005,41.254
world,2006,39.115
world,2007,37.167
world,2008,35.296
world,2009,33.735
world,2010,32.575
world,2011,30.843
world,2012,30.727
world,2013,28.308
world,2014,27.093
world,2015,26.606
world,2016,25.934
world,2017,25.253
world,2018,24.776
world,2019,23.724
world,2020,23.519
world,2021,23.130
world,2022,23.166
world,2023,23.790
world,2024,22.707
wsm,1990,21.239
wsm,1991,20.539
wsm,1992,19.847
wsm,1993,19.202
wsm,1994,18.592
wsm,1995,18.033
wsm,1996,17.474
wsm,1997,16.954
wsm,1998,16.422
wsm,1999,15.877
wsm,2000,15.350
wsm,2001,14.853
wsm,2002,14.420
wsm,2003,14.222
wsm,2004,14.078
wsm,2005,14.009
wsm,2006,14.016
wsm,2007,13.992
wsm,2008,14.039
wsm,2009,14.087
wsm,2010,20.665
wsm,2011,14.000
wsm,2012,13.986
wsm,2013,13.973
wsm,2014,13.987
wsm,2015,14.052
wsm,2016,14.211
wsm,2017,14.444
wsm,2018,14.652
wsm,2019,14.881
wsm,2020,18.668
wsm,2021,15.031
wsm,2022,15.023
wsm,2023,15.049
wsm,2024,15.001
yem,1962,425.91
yem,1963,413.19
yem,1964,401.18
yem,1965,388.63
yem,1966,376.00
yem,1967,362.47
yem,1968,347.74
yem,1969,332.77
yem,1970,318.27
yem,1971,303.36
yem,1972,289.06
yem,1973,276.15
yem,1974,263.71
yem,1975,251.16
yem,1976,238.68
yem,1977,225.66
yem,1978,212.66
yem,1979,198.93
yem,1980,185.22
yem,1981,172.05
yem,1982,159.40
yem,1983,147.38
yem,1984,136.28
yem,1985,126.49
yem,1986,118.12
yem,1987,111.03
yem,1988,105.05
yem,1989,99.911
yem,1990,95.597
yem,1991,91.928
yem,1992,88.641
yem,1993,85.884
yem,1994,83.465
yem,1995,81.261
yem,1996,79.193
yem,1997,77.119
yem,1998,74.633
yem,1999,71.690
yem,2000,68.058
yem,2001,63.924
yem,2002,59.594
yem,2003,55.445
yem,2004,51.584
yem,2005,47.967
yem,2006,44.689
yem,2007,41.600
yem,2008,38.872
yem,2009,36.388
yem,2010,34.255
yem,2011,32.423
yem,2012,31.018
yem,2013,29.980
yem,2014,28.454
yem,2015,27.893
yem,2016,29.208
yem,2017,28.269
yem,2018,27.544
yem,2019,28.537
yem,2020,28.080
yem,2021,25.688
yem,2022,25.697
yem,2023,24.628
yem,2024,23.554
zaf,1977,109.77
zaf,1978,100.68
zaf,1979,92.722
zaf,1980,85.639
zaf,1981,79.859
zaf,1982,74.401
zaf,1983,69.602
zaf,1984,65.442
zaf,1985,61.771
zaf,1986,58.155
zaf,1987,54.844
zaf,1988,51.670
zaf,1989,48.785
zaf,1990,46.431
zaf,1991,44.574
zaf,1992,43.626
zaf,1993,43.552
zaf,1994,44.454
zaf,1995,46.323
zaf,1996,48.239
zaf,1997,50.561
zaf,1998,53.189
zaf,1999,56.747
zaf,2000,60.242
zaf,2001,63.315
zaf,2002,66.950
zaf,2003,69.963
zaf,2004,72.638
zaf,2005,74.550
zaf,2006,73.610
zaf,2007,70.576
zaf,2008,64.474
zaf,2009,56.219
zaf,2010,48.647
zaf,2011,41.412
zaf,2012,36.390
zaf,2013,33.816
zaf,2014,32.241
zaf,2015,30.775
zaf,2016,29.253
zaf,2017,27.822
zaf,2018,26.765
zaf,2019,25.901
zaf,2020,25.454
zaf,2021,24.997
zaf,2022,25.065
zaf,2023,25.551
zaf,2024,26.572
zmb,1970,170.86
zmb,1971,166.33
zmb,1972,160.10
zmb,1973,154.23
zmb,1974,148.58
zmb,1975,143.68
zmb,1976,139.68
zmb,1977,137.44
zmb,1978,136.48
zmb,1979,136.10
zmb,1980,136.44
zmb,1981,136.91
zmb,1982,137.04
zmb,1983,137.94
zmb,1984,139.69
zmb,1985,142.61
zmb,1986,146.34
zmb,1987,150.51
zmb,1988,154.44
zmb,1989,157.77
zmb,1990,160.34
zmb,1991,162.21
zmb,1992,163.50
zmb,1993,163.41
zmb,1994,161.80
zmb,1995,158.78
zmb,1996,155.21
zmb,1997,151.55
zmb,1998,147.94
zmb,1999,144.30
zmb,2000,140.04
zmb,2001,134.25
zmb,2002,125.27
zmb,2003,115.02
zmb,2004,105.30
zmb,2005,95.845
zmb,2006,87.395
zmb,2007,79.657
zmb,2008,73.967
zmb,2009,68.772
zmb,2010,62.443
zmb,2011,58.209
zmb,2012,55.663
zmb,2013,53.129
zmb,2014,50.015
zmb,2015,46.745
zmb,2016,45.001
zmb,2017,43.040
zmb,2018,40.672
zmb,2019,40.825
zmb,2020,40.894
zmb,2021,40.535
zmb,2022,38.578
zmb,2023,37.528
zmb,2024,36.805
zwe,1966,119.19
zwe,1967,113.56
zwe,1968,108.36
zwe,1969,104.29
zwe,1970,100.98
zwe,1971,98.157
zwe,1972,95.724
zwe,1973,93.849
zwe,1974,92.729
zwe,1975,91.963
zwe,1976,91.948
zwe,1977,92.184
zwe,1978,92.479
zwe,1979,92.258
zwe,1980,91.150
zwe,1981,89.302
zwe,1982,85.477
zwe,1983,80.022
zwe,1984,73.997
zwe,1985,67.409
zwe,1986,61.750
zwe,1987,57.546
zwe,1988,55.433
zwe,1989,55.750
zwe,1990,58.234
zwe,1991,62.253
zwe,1992,67.128
zwe,1993,72.163
zwe,1994,77.002
zwe,1995,80.893
zwe,1996,83.956
zwe,1997,85.790
zwe,1998,85.825
zwe,1999,85.130
zwe,2000,83.856
zwe,2001,82.686
zwe,2002,82.054
zwe,2003,66.617
zwe,2004,69.925
zwe,2005,72.624
zwe,2006,72.306
zwe,2007,73.419
zwe,2008,73.502
zwe,2009,71.872
zwe,2010,68.654
zwe,2011,63.123
zwe,2012,57.129
zwe,2013,49.655
zwe,2014,44.275
zwe,2015,41.241
zwe,2016,39.953
zwe,2017,38.034
zwe,2018,37.307
zwe,2019,35.953
zwe,2020,36.630
zwe,2021,37.717
zwe,2022,36.557
zwe,2023,36.515
zwe,2024,36.244
