geo,year,deaths_20_24_median
afg,1991,11215
afg,1992,11152
afg,1993,11807
afg,1994,7228.0
afg,1995,9933.0
afg,1996,8372.0
afg,1997,7988.0
afg,1998,7545.0
afg,1999,8432.0
afg,2000,6554.0
afg,2001,6307.0
afg,2002,5892.0
afg,2003,4705.0
afg,2004,4628.0
afg,2005,4502.0
afg,2006,4461.0
afg,2007,5500.0
afg,2008,6305.0
afg,2009,6240.0
afg,2010,6340.0
afg,2011,7047.0
afg,2012,7883.0
afg,2013,8891.0
afg,2014,8916.0
afg,2015,11623
afg,2016,13400
afg,2017,14351
afg,2018,19384
afg,2019,21312
afg,2020,20766
afg,2021,20650
afg,2022,23483
afg,2023,13982
afg,2024,14160
ago,1991,11496
ago,1992,10029
ago,1993,11356
ago,1994,13735
ago,1995,12699
ago,1996,8285.0
ago,1997,8514.0
ago,1998,8759.0
ago,1999,10701
ago,2000,12133
ago,2001,11175
ago,2002,12265
ago,2003,11426
ago,2004,9964.0
ago,2005,10108
ago,2006,10233
ago,2007,10304
ago,2008,10351
ago,2009,10376
ago,2010,10370
ago,2011,10341
ago,2012,10307
ago,2013,10256
ago,2014,10199
ago,2015,10150
ago,2016,10113
ago,2017,10098
ago,2018,10113
ago,2019,10142
ago,2020,10197
ago,2021,10256
ago,2022,10340
ago,2023,10451
ago,2024,10592
aia,1991,1.0000
aia,1992,1.0000
aia,1993,1.0000
aia,1994,1.0000
aia,1995,1.0000
aia,1996,1.0000
aia,1997,1.0000
aia,1998,1.0000
aia,1999,1.0000
aia,2000,1.0000
aia,2001,1.0000
aia,2002,1.0000
aia,2003,1.0000
aia,2004,1.0000
aia,2005,1.0000
aia,2006,1.0000
aia,2007,1.0000
aia,2008,1.0000
aia,2009,1.0000
aia,2010,1.0000
aia,2011,1.0000
aia,2012,1.0000
aia,2013,1.0000
aia,2014,1.0000
aia,2015,1.0000
aia,2016,1.0000
aia,2017,1.0000
aia,2018,1.0000
aia,2019,1.0000
aia,2020,1.0000
aia,2021,1.0000
aia,2022,1.0000
aia,2023,1.0000
aia,2024,1.0000
alb,1991,297.00
alb,1992,318.00
alb,1993,334.00
alb,1994,339.00
alb,1995,335.00
alb,1996,332.00
alb,1997,327.00
alb,1998,396.00
alb,1999,304.00
alb,2000,285.00
alb,2001,263.00
alb,2002,242.00
alb,2003,223.00
alb,2004,209.00
alb,2005,199.00
alb,2006,191.00
alb,2007,185.00
alb,2008,178.00
alb,2009,173.00
alb,2010,168.00
alb,2011,164.00
alb,2012,160.00
alb,2013,156.00
alb,2014,148.00
alb,2015,139.00
alb,2016,128.00
alb,2017,119.00
alb,2018,112.00
alb,2019,105.00
alb,2020,98.000
alb,2021,92.000
alb,2022,86.000
alb,2023,90.000
alb,2024,76.000
and,1991,4.0000
and,1992,5.0000
and,1993,5.0000
and,1994,5.0000
and,1995,5.0000
and,1996,4.0000
and,1997,4.0000
and,1998,4.0000
and,1999,4.0000
and,2000,4.0000
and,2001,3.0000
and,2002,3.0000
and,2003,3.0000
and,2004,3.0000
and,2005,3.0000
and,2006,3.0000
and,2007,3.0000
and,2008,3.0000
and,2009,3.0000
and,2010,3.0000
and,2011,3.0000
and,2012,2.0000
and,2013,2.0000
and,2014,1.0000
and,2015,1.0000
and,2016,1.0000
and,2017,1.0000
and,2018,1.0000
and,2019,1.0000
and,2020,1.0000
and,2021,1.0000
and,2022,1.0000
and,2023,1.0000
and,2024,1.0000
are,1991,145.00
are,1992,157.00
are,1993,164.00
are,1994,166.00
are,1995,164.00
are,1996,157.00
are,1997,164.00
are,1998,185.00
are,1999,210.00
are,2000,236.00
are,2001,262.00
are,2002,285.00
are,2003,300.00
are,2004,307.00
are,2005,305.00
are,2006,296.00
are,2007,294.00
are,2008,321.00
are,2009,357.00
are,2010,375.00
are,2011,383.00
are,2012,392.00
are,2013,404.00
are,2014,419.00
are,2015,438.00
are,2016,458.00
are,2017,472.00
are,2018,474.00
are,2019,472.00
are,2020,463.00
are,2021,457.00
are,2022,464.00
are,2023,474.00
are,2024,462.00
arg,1991,2479.0
arg,1992,2538.0
arg,1993,2631.0
arg,1994,2743.0
arg,1995,2853.0
arg,1996,2960.0
arg,1997,3065.0
arg,1998,3175.0
arg,1999,3279.0
arg,2000,3358.0
arg,2001,3396.0
arg,2002,3367.0
arg,2003,3272.0
arg,2004,3154.0
arg,2005,3060.0
arg,2006,3009.0
arg,2007,3013.0
arg,2008,3071.0
arg,2009,3161.0
arg,2010,3260.0
arg,2011,3355.0
arg,2012,3448.0
arg,2013,3529.0
arg,2014,3576.0
arg,2015,3578.0
arg,2016,3539.0
arg,2017,3473.0
arg,2018,3398.0
arg,2019,3311.0
arg,2020,3211.0
arg,2021,3123.0
arg,2022,3068.0
arg,2023,3058.0
arg,2024,3063.0
arm,1991,258.00
arm,1992,283.00
arm,1993,316.00
arm,1994,333.00
arm,1995,315.00
arm,1996,248.00
arm,1997,178.00
arm,1998,132.00
arm,1999,117.00
arm,2000,117.00
arm,2001,113.00
arm,2002,110.00
arm,2003,109.00
arm,2004,115.00
arm,2005,126.00
arm,2006,139.00
arm,2007,150.00
arm,2008,158.00
arm,2009,161.00
arm,2010,160.00
arm,2011,159.00
arm,2012,156.00
arm,2013,152.00
arm,2014,144.00
arm,2015,139.00
arm,2016,142.00
arm,2017,145.00
arm,2018,134.00
arm,2019,110.00
arm,2020,94.000
arm,2021,91.000
arm,2022,99.000
arm,2023,133.00
arm,2024,122.00
atg,1991,4.0000
atg,1992,4.0000
atg,1993,4.0000
atg,1994,4.0000
atg,1995,5.0000
atg,1996,6.0000
atg,1997,6.0000
atg,1998,6.0000
atg,1999,6.0000
atg,2000,6.0000
atg,2001,6.0000
atg,2002,6.0000
atg,2003,6.0000
atg,2004,6.0000
atg,2005,7.0000
atg,2006,7.0000
atg,2007,7.0000
atg,2008,7.0000
atg,2009,7.0000
atg,2010,7.0000
atg,2011,7.0000
atg,2012,7.0000
atg,2013,6.0000
atg,2014,6.0000
atg,2015,6.0000
atg,2016,5.0000
atg,2017,5.0000
atg,2018,5.0000
atg,2019,5.0000
atg,2020,5.0000
atg,2021,4.0000
atg,2022,4.0000
atg,2023,4.0000
atg,2024,4.0000
aus,1991,1234.0
aus,1992,1187.0
aus,1993,1149.0
aus,1994,1127.0
aus,1995,1120.0
aus,1996,1128.0
aus,1997,1135.0
aus,1998,1125.0
aus,1999,1094.0
aus,2000,1040.0
aus,2001,968.00
aus,2002,896.00
aus,2003,843.00
aus,2004,815.00
aus,2005,798.00
aus,2006,788.00
aus,2007,780.00
aus,2008,771.00
aus,2009,763.00
aus,2010,754.00
aus,2011,743.00
aus,2012,728.00
aus,2013,714.00
aus,2014,700.00
aus,2015,689.00
aus,2016,689.00
aus,2017,700.00
aus,2018,721.00
aus,2019,746.00
aus,2020,760.00
aus,2021,748.00
aus,2022,718.00
aus,2023,684.00
aus,2024,644.00
aut,1991,562.00
aut,1992,556.00
aut,1993,545.00
aut,1994,523.00
aut,1995,489.00
aut,1996,450.00
aut,1997,411.00
aut,1998,375.00
aut,1999,348.00
aut,2000,331.00
aut,2001,320.00
aut,2002,318.00
aut,2003,322.00
aut,2004,328.00
aut,2005,329.00
aut,2006,326.00
aut,2007,315.00
aut,2008,302.00
aut,2009,288.00
aut,2010,274.00
aut,2011,259.00
aut,2012,245.00
aut,2013,232.00
aut,2014,221.00
aut,2015,210.00
aut,2016,204.00
aut,2017,198.00
aut,2018,192.00
aut,2019,186.00
aut,2020,184.00
aut,2021,183.00
aut,2022,184.00
aut,2023,187.00
aut,2024,190.00
aze,1991,512.00
aze,1992,858.00
aze,1993,1915.0
aze,1994,2242.0
aze,1995,1602.0
aze,1996,1169.0
aze,1997,837.00
aze,1998,702.00
aze,1999,726.00
aze,2000,788.00
aze,2001,758.00
aze,2002,664.00
aze,2003,604.00
aze,2004,610.00
aze,2005,650.00
aze,2006,686.00
aze,2007,697.00
aze,2008,681.00
aze,2009,744.00
aze,2010,614.00
aze,2011,606.00
aze,2012,616.00
aze,2013,724.00
aze,2014,625.00
aze,2015,699.00
aze,2016,659.00
aze,2017,612.00
aze,2018,576.00
aze,2019,481.00
aze,2020,485.00
aze,2021,1469.0
aze,2022,540.00
aze,2023,545.00
aze,2024,516.00
bdi,1991,4315.0
bdi,1992,4508.0
bdi,1993,4784.0
bdi,1994,7619.0
bdi,1995,4388.0
bdi,1996,4875.0
bdi,1997,4607.0
bdi,1998,4288.0
bdi,1999,4148.0
bdi,2000,4020.0
bdi,2001,4656.0
bdi,2002,4559.0
bdi,2003,3958.0
bdi,2004,3288.0
bdi,2005,3140.0
bdi,2006,2947.0
bdi,2007,2723.0
bdi,2008,2508.0
bdi,2009,2343.0
bdi,2010,2252.0
bdi,2011,2185.0
bdi,2012,2107.0
bdi,2013,2046.0
bdi,2014,2002.0
bdi,2015,1920.0
bdi,2016,1796.0
bdi,2017,1706.0
bdi,2018,1640.0
bdi,2019,1621.0
bdi,2020,1663.0
bdi,2021,1711.0
bdi,2022,1735.0
bdi,2023,1796.0
bdi,2024,1876.0
bel,1991,661.00
bel,1992,648.00
bel,1993,635.00
bel,1994,619.00
bel,1995,598.00
bel,1996,569.00
bel,1997,539.00
bel,1998,515.00
bel,1999,503.00
bel,2000,499.00
bel,2001,494.00
bel,2002,483.00
bel,2003,462.00
bel,2004,435.00
bel,2005,406.00
bel,2006,382.00
bel,2007,367.00
bel,2008,358.00
bel,2009,352.00
bel,2010,347.00
bel,2011,343.00
bel,2012,335.00
bel,2013,325.00
bel,2014,312.00
bel,2015,298.00
bel,2016,283.00
bel,2017,269.00
bel,2018,256.00
bel,2019,246.00
bel,2020,238.00
bel,2021,233.00
bel,2022,228.00
bel,2023,223.00
bel,2024,218.00
ben,1991,1326.0
ben,1992,1331.0
ben,1993,1343.0
ben,1994,1395.0
ben,1995,1426.0
ben,1996,1404.0
ben,1997,1403.0
ben,1998,1414.0
ben,1999,1430.0
ben,2000,1451.0
ben,2001,1486.0
ben,2002,1525.0
ben,2003,1569.0
ben,2004,1615.0
ben,2005,1662.0
ben,2006,1712.0
ben,2007,1760.0
ben,2008,1801.0
ben,2009,1853.0
ben,2010,1910.0
ben,2011,1966.0
ben,2012,2028.0
ben,2013,2089.0
ben,2014,2148.0
ben,2015,2218.0
ben,2016,2293.0
ben,2017,2356.0
ben,2018,2417.0
ben,2019,2472.0
ben,2020,2507.0
ben,2021,2546.0
ben,2022,2580.0
ben,2023,2628.0
ben,2024,2679.0
bfa,1991,3143.0
bfa,1992,3153.0
bfa,1993,3154.0
bfa,1994,3168.0
bfa,1995,3189.0
bfa,1996,3213.0
bfa,1997,3240.0
bfa,1998,3267.0
bfa,1999,3312.0
bfa,2000,3362.0
bfa,2001,3407.0
bfa,2002,3450.0
bfa,2003,3485.0
bfa,2004,3511.0
bfa,2005,3532.0
bfa,2006,3543.0
bfa,2007,3539.0
bfa,2008,3518.0
bfa,2009,3473.0
bfa,2010,3421.0
bfa,2011,3364.0
bfa,2012,3307.0
bfa,2013,3260.0
bfa,2014,3219.0
bfa,2015,3188.0
bfa,2016,3167.0
bfa,2017,3157.0
bfa,2018,3152.0
bfa,2019,3149.0
bfa,2020,3148.0
bfa,2021,3152.0
bfa,2022,3168.0
bfa,2023,3913.0
bfa,2024,4766.0
bgd,1991,25548
bgd,1992,30202
bgd,1993,25382
bgd,1994,25157
bgd,1995,24711
bgd,1996,24347
bgd,1997,24116
bgd,1998,24011
bgd,1999,23945
bgd,2000,24069
bgd,2001,23918
bgd,2002,23108
bgd,2003,21889
bgd,2004,20705
bgd,2005,19632
bgd,2006,18704
bgd,2007,17860
bgd,2008,17239
bgd,2009,16908
bgd,2010,16819
bgd,2011,16840
bgd,2012,16906
bgd,2013,16811
bgd,2014,16414
bgd,2015,15792
bgd,2016,15083
bgd,2017,14425
bgd,2018,14049
bgd,2019,14008
bgd,2020,14141
bgd,2021,14261
bgd,2022,14210
bgd,2023,14162
bgd,2024,14108
bgr,1991,550.00
bgr,1992,561.00
bgr,1993,570.00
bgr,1994,573.00
bgr,1995,573.00
bgr,1996,570.00
bgr,1997,563.00
bgr,1998,553.00
bgr,1999,536.00
bgr,2000,511.00
bgr,2001,485.00
bgr,2002,458.00
bgr,2003,436.00
bgr,2004,417.00
bgr,2005,403.00
bgr,2006,392.00
bgr,2007,387.00
bgr,2008,380.00
bgr,2009,372.00
bgr,2010,362.00
bgr,2011,348.00
bgr,2012,331.00
bgr,2013,311.00
bgr,2014,289.00
bgr,2015,267.00
bgr,2016,246.00
bgr,2017,226.00
bgr,2018,211.00
bgr,2019,199.00
bgr,2020,193.00
bgr,2021,195.00
bgr,2022,197.00
bgr,2023,200.00
bgr,2024,204.00
bhr,1991,32.000
bhr,1992,30.000
bhr,1993,30.000
bhr,1994,31.000
bhr,1995,32.000
bhr,1996,34.000
bhr,1997,36.000
bhr,1998,39.000
bhr,1999,41.000
bhr,2000,41.000
bhr,2001,41.000
bhr,2002,42.000
bhr,2003,47.000
bhr,2004,55.000
bhr,2005,63.000
bhr,2006,70.000
bhr,2007,76.000
bhr,2008,78.000
bhr,2009,77.000
bhr,2010,73.000
bhr,2011,68.000
bhr,2012,63.000
bhr,2013,61.000
bhr,2014,61.000
bhr,2015,59.000
bhr,2016,58.000
bhr,2017,57.000
bhr,2018,57.000
bhr,2019,55.000
bhr,2020,50.000
bhr,2021,53.000
bhr,2022,57.000
bhr,2023,51.000
bhr,2024,46.000
bhs,1991,45.000
bhs,1992,47.000
bhs,1993,49.000
bhs,1994,49.000
bhs,1995,50.000
bhs,1996,50.000
bhs,1997,50.000
bhs,1998,50.000
bhs,1999,48.000
bhs,2000,48.000
bhs,2001,46.000
bhs,2002,46.000
bhs,2003,45.000
bhs,2004,45.000
bhs,2005,46.000
bhs,2006,48.000
bhs,2007,51.000
bhs,2008,54.000
bhs,2009,58.000
bhs,2010,63.000
bhs,2011,68.000
bhs,2012,72.000
bhs,2013,76.000
bhs,2014,79.000
bhs,2015,80.000
bhs,2016,78.000
bhs,2017,75.000
bhs,2018,70.000
bhs,2019,64.000
bhs,2020,68.000
bhs,2021,51.000
bhs,2022,46.000
bhs,2023,43.000
bhs,2024,41.000
bih,1991,304.00
bih,1992,306.00
bih,1993,4934.0
bih,1994,4386.0
bih,1995,1419.0
bih,1996,495.00
bih,1997,173.00
bih,1998,178.00
bih,1999,172.00
bih,2000,167.00
bih,2001,161.00
bih,2002,158.00
bih,2003,155.00
bih,2004,153.00
bih,2005,152.00
bih,2006,150.00
bih,2007,149.00
bih,2008,145.00
bih,2009,138.00
bih,2010,130.00
bih,2011,122.00
bih,2012,115.00
bih,2013,109.00
bih,2014,104.00
bih,2015,101.00
bih,2016,99.000
bih,2017,95.000
bih,2018,95.000
bih,2019,94.000
bih,2020,93.000
bih,2021,88.000
bih,2022,82.000
bih,2023,74.000
bih,2024,68.000
blr,1991,974.00
blr,1992,1015.0
blr,1993,1050.0
blr,1994,1082.0
blr,1995,1106.0
blr,1996,1131.0
blr,1997,1158.0
blr,1998,1184.0
blr,1999,1207.0
blr,2000,1234.0
blr,2001,1255.0
blr,2002,1239.0
blr,2003,1196.0
blr,2004,1159.0
blr,2005,1137.0
blr,2006,1108.0
blr,2007,1073.0
blr,2008,1032.0
blr,2009,985.00
blr,2010,941.00
blr,2011,890.00
blr,2012,818.00
blr,2013,731.00
blr,2014,636.00
blr,2015,538.00
blr,2016,453.00
blr,2017,381.00
blr,2018,320.00
blr,2019,276.00
blr,2020,244.00
blr,2021,220.00
blr,2022,205.00
blr,2023,196.00
blr,2024,192.00
blz,1991,21.000
blz,1992,23.000
blz,1993,26.000
blz,1994,30.000
blz,1995,34.000
blz,1996,38.000
blz,1997,43.000
blz,1998,48.000
blz,1999,51.000
blz,2000,53.000
blz,2001,55.000
blz,2002,56.000
blz,2003,57.000
blz,2004,58.000
blz,2005,60.000
blz,2006,61.000
blz,2007,62.000
blz,2008,64.000
blz,2009,65.000
blz,2010,66.000
blz,2011,69.000
blz,2012,70.000
blz,2013,72.000
blz,2014,72.000
blz,2015,72.000
blz,2016,73.000
blz,2017,72.000
blz,2018,72.000
blz,2019,72.000
blz,2020,71.000
blz,2021,71.000
blz,2022,72.000
blz,2023,74.000
blz,2024,77.000
bol,1991,1544.0
bol,1992,1503.0
bol,1993,1468.0
bol,1994,1432.0
bol,1995,1402.0
bol,1996,1376.0
bol,1997,1355.0
bol,1998,1337.0
bol,1999,1317.0
bol,2000,1296.0
bol,2001,1275.0
bol,2002,1247.0
bol,2003,1219.0
bol,2004,1189.0
bol,2005,1163.0
bol,2006,1137.0
bol,2007,1113.0
bol,2008,1093.0
bol,2009,1084.0
bol,2010,1086.0
bol,2011,1095.0
bol,2012,1110.0
bol,2013,1125.0
bol,2014,1129.0
bol,2015,1132.0
bol,2016,1128.0
bol,2017,1129.0
bol,2018,1123.0
bol,2019,1124.0
bol,2020,1121.0
bol,2021,1118.0
bol,2022,1116.0
bol,2023,1107.0
bol,2024,1102.0
bra,1991,23598
bra,1992,23869
bra,1993,24293
bra,1994,24881
bra,1995,25560
bra,1996,26241
bra,1997,26804
bra,1998,27211
bra,1999,27575
bra,2000,28036
bra,2001,28573
bra,2002,29079
bra,2003,29475
bra,2004,29666
bra,2005,29573
bra,2006,29343
bra,2007,29203
bra,2008,29267
bra,2009,29431
bra,2010,29582
bra,2011,29663
bra,2012,29652
bra,2013,29589
bra,2014,29552
bra,2015,29572
bra,2016,29549
bra,2017,29361
bra,2018,28927
bra,2019,28409
bra,2020,27952
bra,2021,27561
bra,2022,27164
bra,2023,26700
bra,2024,26088
brb,1991,27.000
brb,1992,25.000
brb,1993,24.000
brb,1994,23.000
brb,1995,22.000
brb,1996,22.000
brb,1997,21.000
brb,1998,21.000
brb,1999,20.000
brb,2000,20.000
brb,2001,20.000
brb,2002,20.000
brb,2003,20.000
brb,2004,20.000
brb,2005,20.000
brb,2006,21.000
brb,2007,21.000
brb,2008,19.000
brb,2009,19.000
brb,2010,18.000
brb,2011,17.000
brb,2012,16.000
brb,2013,16.000
brb,2014,16.000
brb,2015,15.000
brb,2016,14.000
brb,2017,14.000
brb,2018,14.000
brb,2019,12.000
brb,2020,12.000
brb,2021,13.000
brb,2022,13.000
brb,2023,13.000
brb,2024,13.000
brn,1991,29.000
brn,1992,29.000
brn,1993,29.000
brn,1994,29.000
brn,1995,28.000
brn,1996,28.000
brn,1997,27.000
brn,1998,27.000
brn,1999,26.000
brn,2000,25.000
brn,2001,25.000
brn,2002,24.000
brn,2003,24.000
brn,2004,23.000
brn,2005,23.000
brn,2006,22.000
brn,2007,22.000
brn,2008,22.000
brn,2009,22.000
brn,2010,23.000
brn,2011,23.000
brn,2012,23.000
brn,2013,22.000
brn,2014,22.000
brn,2015,21.000
brn,2016,21.000
brn,2017,20.000
brn,2018,20.000
brn,2019,20.000
brn,2020,21.000
brn,2021,21.000
brn,2022,21.000
brn,2023,20.000
brn,2024,20.000
btn,1991,141.00
btn,1992,137.00
btn,1993,125.00
btn,1994,115.00
btn,1995,109.00
btn,1996,103.00
btn,1997,99.000
btn,1998,97.000
btn,1999,97.000
btn,2000,97.000
btn,2001,98.000
btn,2002,100.00
btn,2003,103.00
btn,2004,106.00
btn,2005,109.00
btn,2006,111.00
btn,2007,113.00
btn,2008,114.00
btn,2009,114.00
btn,2010,116.00
btn,2011,118.00
btn,2012,119.00
btn,2013,120.00
btn,2014,121.00
btn,2015,121.00
btn,2016,118.00
btn,2017,115.00
btn,2018,111.00
btn,2019,107.00
btn,2020,103.00
btn,2021,100.00
btn,2022,98.000
btn,2023,97.000
btn,2024,95.000
bwa,1991,609.00
bwa,1992,629.00
bwa,1993,649.00
bwa,1994,667.00
bwa,1995,688.00
bwa,1996,708.00
bwa,1997,729.00
bwa,1998,747.00
bwa,1999,765.00
bwa,2000,783.00
bwa,2001,795.00
bwa,2002,799.00
bwa,2003,798.00
bwa,2004,789.00
bwa,2005,772.00
bwa,2006,747.00
bwa,2007,719.00
bwa,2008,690.00
bwa,2009,659.00
bwa,2010,628.00
bwa,2011,593.00
bwa,2012,558.00
bwa,2013,526.00
bwa,2014,505.00
bwa,2015,493.00
bwa,2016,485.00
bwa,2017,480.00
bwa,2018,475.00
bwa,2019,470.00
bwa,2020,469.00
bwa,2021,469.00
bwa,2022,470.00
bwa,2023,468.00
bwa,2024,463.00
caf,1991,1419.0
caf,1992,1454.0
caf,1993,1489.0
caf,1994,1523.0
caf,1995,1547.0
caf,1996,1553.0
caf,1997,1561.0
caf,1998,1588.0
caf,1999,1635.0
caf,2000,1704.0
caf,2001,1796.0
caf,2002,1884.0
caf,2003,1970.0
caf,2004,2063.0
caf,2005,2135.0
caf,2006,2204.0
caf,2007,2252.0
caf,2008,2296.0
caf,2009,2348.0
caf,2010,32569
caf,2011,3711.0
caf,2012,2860.0
caf,2013,2622.0
caf,2014,3469.0
caf,2015,6952.0
caf,2016,2789.0
caf,2017,3319.0
caf,2018,5704.0
caf,2019,3374.0
caf,2020,13850
caf,2021,4083.0
caf,2022,8688.0
caf,2023,30780
caf,2024,2386.0
can,1991,1773.0
can,1992,1664.0
can,1993,1569.0
can,1994,1487.0
can,1995,1423.0
can,1996,1377.0
can,1997,1346.0
can,1998,1323.0
can,1999,1307.0
can,2000,1299.0
can,2001,1297.0
can,2002,1298.0
can,2003,1300.0
can,2004,1307.0
can,2005,1321.0
can,2006,1331.0
can,2007,1327.0
can,2008,1304.0
can,2009,1277.0
can,2010,1262.0
can,2011,1259.0
can,2012,1252.0
can,2013,1241.0
can,2014,1236.0
can,2015,1241.0
can,2016,1260.0
can,2017,1297.0
can,2018,1353.0
can,2019,1421.0
can,2020,1484.0
can,2021,1529.0
can,2022,1554.0
can,2023,1579.0
can,2024,1598.0
che,1991,537.00
che,1992,520.00
che,1993,496.00
che,1994,463.00
che,1995,428.00
che,1996,392.00
che,1997,357.00
che,1998,326.00
che,1999,300.00
che,2000,281.00
che,2001,268.00
che,2002,259.00
che,2003,251.00
che,2004,242.00
che,2005,234.00
che,2006,224.00
che,2007,213.00
che,2008,203.00
che,2009,193.00
che,2010,185.00
che,2011,177.00
che,2012,170.00
che,2013,163.00
che,2014,157.00
che,2015,152.00
che,2016,150.00
che,2017,147.00
che,2018,147.00
che,2019,146.00
che,2020,145.00
che,2021,144.00
che,2022,143.00
che,2023,140.00
che,2024,136.00
chl,1991,1268.0
chl,1992,1248.0
chl,1993,1231.0
chl,1994,1222.0
chl,1995,1217.0
chl,1996,1208.0
chl,1997,1189.0
chl,1998,1154.0
chl,1999,1105.0
chl,2000,1062.0
chl,2001,1035.0
chl,2002,1022.0
chl,2003,1010.0
chl,2004,991.00
chl,2005,971.00
chl,2006,956.00
chl,2007,952.00
chl,2008,970.00
chl,2009,1009.0
chl,2010,1039.0
chl,2011,1025.0
chl,2012,981.00
chl,2013,938.00
chl,2014,912.00
chl,2015,898.00
chl,2016,884.00
chl,2017,873.00
chl,2018,869.00
chl,2019,872.00
chl,2020,885.00
chl,2021,908.00
chl,2022,938.00
chl,2023,963.00
chl,2024,968.00
chn,1991,93610
chn,1992,94351
chn,1993,94748
chn,1994,93613
chn,1995,90518
chn,1996,85755
chn,1997,80468
chn,1998,75063
chn,1999,69893
chn,2000,65962
chn,2001,63751
chn,2002,63045
chn,2003,63815
chn,2004,64743
chn,2005,64920
chn,2006,65348
chn,2007,66103
chn,2008,66904
chn,2009,67952
chn,2010,69195
chn,2011,70277
chn,2012,69252
chn,2013,65679
chn,2014,61664
chn,2015,57492
chn,2016,52851
chn,2017,48969
chn,2018,46650
chn,2019,44755
chn,2020,43019
chn,2021,41654
chn,2022,40523
chn,2023,39590
chn,2024,38630
civ,1991,4157.0
civ,1992,4416.0
civ,1993,4708.0
civ,1994,5041.0
civ,1995,5401.0
civ,1996,5777.0
civ,1997,6150.0
civ,1998,6497.0
civ,1999,6788.0
civ,2000,6930.0
civ,2001,6942.0
civ,2002,6878.0
civ,2003,6780.0
civ,2004,6673.0
civ,2005,6569.0
civ,2006,6476.0
civ,2007,6395.0
civ,2008,6316.0
civ,2009,6326.0
civ,2010,6382.0
civ,2011,6360.0
civ,2012,6256.0
civ,2013,6087.0
civ,2014,5846.0
civ,2015,5580.0
civ,2016,5341.0
civ,2017,5122.0
civ,2018,4904.0
civ,2019,4724.0
civ,2020,4597.0
civ,2021,4523.0
civ,2022,4468.0
civ,2023,4494.0
civ,2024,4563.0
cmr,1991,3352.0
cmr,1992,3548.0
cmr,1993,3751.0
cmr,1994,3957.0
cmr,1995,4167.0
cmr,1996,4378.0
cmr,1997,4594.0
cmr,1998,4818.0
cmr,1999,5039.0
cmr,2000,5255.0
cmr,2001,5465.0
cmr,2002,5682.0
cmr,2003,5901.0
cmr,2004,6100.0
cmr,2005,6272.0
cmr,2006,6423.0
cmr,2007,6561.0
cmr,2008,6690.0
cmr,2009,6824.0
cmr,2010,6957.0
cmr,2011,7072.0
cmr,2012,7184.0
cmr,2013,7296.0
cmr,2014,7397.0
cmr,2015,7531.0
cmr,2016,7681.0
cmr,2017,7777.0
cmr,2018,7857.0
cmr,2019,7917.0
cmr,2020,8016.0
cmr,2021,8136.0
cmr,2022,8251.0
cmr,2023,8378.0
cmr,2024,8516.0
cod,1991,17201
cod,1992,17562
cod,1993,17892
cod,1994,18226
cod,1995,19081
cod,1996,19590
cod,1997,22833
cod,1998,18544
cod,1999,26985
cod,2000,27367
cod,2001,19236
cod,2002,19635
cod,2003,19994
cod,2004,20396
cod,2005,20826
cod,2006,21376
cod,2007,21983
cod,2008,22605
cod,2009,23248
cod,2010,23919
cod,2011,24605
cod,2012,25285
cod,2013,25930
cod,2014,26686
cod,2015,27514
cod,2016,28443
cod,2017,29503
cod,2018,30545
cod,2019,31240
cod,2020,31751
cod,2021,32264
cod,2022,32667
cod,2023,33039
cod,2024,33945
cog,1991,1491.0
cog,1992,1469.0
cog,1993,1453.0
cog,1994,1441.0
cog,1995,1434.0
cog,1996,1426.0
cog,1997,1420.0
cog,1998,3563.0
cog,1999,2030.0
cog,2000,1537.0
cog,2001,1346.0
cog,2002,1337.0
cog,2003,1284.0
cog,2004,1245.0
cog,2005,1229.0
cog,2006,1219.0
cog,2007,1212.0
cog,2008,1198.0
cog,2009,1177.0
cog,2010,1169.0
cog,2011,1155.0
cog,2012,1123.0
cog,2013,1083.0
cog,2014,1041.0
cog,2015,1014.0
cog,2016,995.00
cog,2017,991.00
cog,2018,991.00
cog,2019,996.00
cog,2020,1221.0
cog,2021,1005.0
cog,2022,1016.0
cog,2023,1038.0
cog,2024,1059.0
cok,1991,4.0000
cok,1992,3.0000
cok,1993,3.0000
cok,1994,3.0000
cok,1995,3.0000
cok,1996,3.0000
cok,1997,3.0000
cok,1998,3.0000
cok,1999,3.0000
cok,2000,1.0000
cok,2001,1.0000
cok,2002,1.0000
cok,2003,1.0000
cok,2004,1.0000
cok,2005,1.0000
cok,2006,1.0000
cok,2007,1.0000
cok,2008,1.0000
cok,2009,1.0000
cok,2010,1.0000
cok,2011,1.0000
cok,2012,1.0000
cok,2013,1.0000
cok,2014,1.0000
cok,2015,1.0000
cok,2016,1.0000
cok,2017,1.0000
cok,2018,1.0000
cok,2019,1.0000
cok,2020,0.0000
cok,2021,0.0000
cok,2022,0.0000
cok,2023,0.0000
cok,2024,0.0000
col,1991,8340.0
col,1992,8970.0
col,1993,9489.0
col,1994,9824.0
col,1995,9934.0
col,1996,9804.0
col,1997,9601.0
col,1998,9554.0
col,1999,9767.0
col,2000,10152
col,2001,10596
col,2002,10873
col,2003,10700
col,2004,10010
col,2005,9114.0
col,2006,8288.0
col,2007,7664.0
col,2008,7300.0
col,2009,7169.0
col,2010,7135.0
col,2011,7065.0
col,2012,6924.0
col,2013,6746.0
col,2014,6573.0
col,2015,6426.0
col,2016,6317.0
col,2017,6262.0
col,2018,6306.0
col,2019,6446.0
col,2020,6609.0
col,2021,6761.0
col,2022,6897.0
col,2023,6984.0
col,2024,6990.0
com,1991,93.000
com,1992,92.000
com,1993,89.000
com,1994,86.000
com,1995,82.000
com,1996,79.000
com,1997,77.000
com,1998,76.000
com,1999,74.000
com,2000,74.000
com,2001,75.000
com,2002,75.000
com,2003,75.000
com,2004,75.000
com,2005,76.000
com,2006,76.000
com,2007,77.000
com,2008,77.000
com,2009,77.000
com,2010,77.000
com,2011,76.000
com,2012,75.000
com,2013,72.000
com,2014,70.000
com,2015,67.000
com,2016,63.000
com,2017,60.000
com,2018,57.000
com,2019,57.000
com,2020,58.000
com,2021,59.000
com,2022,60.000
com,2023,62.000
com,2024,63.000
cpv,1991,35.000
cpv,1992,37.000
cpv,1993,38.000
cpv,1994,40.000
cpv,1995,41.000
cpv,1996,58.000
cpv,1997,43.000
cpv,1998,44.000
cpv,1999,45.000
cpv,2000,46.000
cpv,2001,46.000
cpv,2002,46.000
cpv,2003,47.000
cpv,2004,47.000
cpv,2005,48.000
cpv,2006,49.000
cpv,2007,50.000
cpv,2008,50.000
cpv,2009,51.000
cpv,2010,51.000
cpv,2011,52.000
cpv,2012,50.000
cpv,2013,50.000
cpv,2014,48.000
cpv,2015,46.000
cpv,2016,43.000
cpv,2017,40.000
cpv,2018,37.000
cpv,2019,33.000
cpv,2020,30.000
cpv,2021,28.000
cpv,2022,25.000
cpv,2023,24.000
cpv,2024,22.000
cri,1991,212.00
cri,1992,217.00
cri,1993,224.00
cri,1994,232.00
cri,1995,242.00
cri,1996,254.00
cri,1997,266.00
cri,1998,278.00
cri,1999,288.00
cri,2000,294.00
cri,2001,296.00
cri,2002,299.00
cri,2003,304.00
cri,2004,308.00
cri,2005,311.00
cri,2006,317.00
cri,2007,332.00
cri,2008,357.00
cri,2009,380.00
cri,2010,381.00
cri,2011,363.00
cri,2012,342.00
cri,2013,328.00
cri,2014,328.00
cri,2015,341.00
cri,2016,364.00
cri,2017,386.00
cri,2018,396.00
cri,2019,395.00
cri,2020,387.00
cri,2021,377.00
cri,2022,377.00
cri,2023,387.00
cri,2024,398.00
cub,1991,1405.0
cub,1992,1394.0
cub,1993,1371.0
cub,1994,1331.0
cub,1995,1265.0
cub,1996,1173.0
cub,1997,1059.0
cub,1998,934.00
cub,1999,811.00
cub,2000,704.00
cub,2001,615.00
cub,2002,546.00
cub,2003,499.00
cub,2004,474.00
cub,2005,464.00
cub,2006,462.00
cub,2007,464.00
cub,2008,462.00
cub,2009,460.00
cub,2010,462.00
cub,2011,463.00
cub,2012,463.00
cub,2013,456.00
cub,2014,439.00
cub,2015,417.00
cub,2016,395.00
cub,2017,379.00
cub,2018,372.00
cub,2019,374.00
cub,2020,383.00
cub,2021,396.00
cub,2022,413.00
cub,2023,430.00
cub,2024,440.00
cyp,1991,50.000
cyp,1992,53.000
cyp,1993,56.000
cyp,1994,58.000
cyp,1995,58.000
cyp,1996,59.000
cyp,1997,60.000
cyp,1998,63.000
cyp,1999,65.000
cyp,2000,68.000
cyp,2001,71.000
cyp,2002,72.000
cyp,2003,71.000
cyp,2004,68.000
cyp,2005,64.000
cyp,2006,61.000
cyp,2007,57.000
cyp,2008,54.000
cyp,2009,52.000
cyp,2010,49.000
cyp,2011,46.000
cyp,2012,44.000
cyp,2013,41.000
cyp,2014,39.000
cyp,2015,36.000
cyp,2016,34.000
cyp,2017,33.000
cyp,2018,32.000
cyp,2019,30.000
cyp,2020,29.000
cyp,2021,29.000
cyp,2022,29.000
cyp,2023,29.000
cyp,2024,29.000
cze,1991,538.00
cze,1992,556.00
cze,1993,577.00
cze,1994,603.00
cze,1995,628.00
cze,1996,647.00
cze,1997,655.00
cze,1998,654.00
cze,1999,643.00
cze,2000,625.00
cze,2001,597.00
cze,2002,564.00
cze,2003,531.00
cze,2004,497.00
cze,2005,465.00
cze,2006,439.00
cze,2007,420.00
cze,2008,405.00
cze,2009,392.00
cze,2010,379.00
cze,2011,366.00
cze,2012,356.00
cze,2013,343.00
cze,2014,329.00
cze,2015,313.00
cze,2016,295.00
cze,2017,274.00
cze,2018,256.00
cze,2019,239.00
cze,2020,227.00
cze,2021,219.00
cze,2022,217.00
cze,2023,230.00
cze,2024,241.00
deu,1991,4697.0
deu,1992,4551.0
deu,1993,4349.0
deu,1994,4055.0
deu,1995,3704.0
deu,1996,3398.0
deu,1997,3161.0
deu,1998,3025.0
deu,1999,2889.0
deu,2000,2771.0
deu,2001,2745.0
deu,2002,2705.0
deu,2003,2622.0
deu,2004,2501.0
deu,2005,2357.0
deu,2006,2227.0
deu,2007,2077.0
deu,2008,1947.0
deu,2009,1891.0
deu,2010,1881.0
deu,2011,1874.0
deu,2012,1822.0
deu,2013,1712.0
deu,2014,1600.0
deu,2015,1531.0
deu,2016,1484.0
deu,2017,1454.0
deu,2018,1430.0
deu,2019,1410.0
deu,2020,1395.0
deu,2021,1387.0
deu,2022,1372.0
deu,2023,1349.0
deu,2024,1326.0
dji,1991,258.00
dji,1992,328.00
dji,1993,398.00
dji,1994,272.00
dji,1995,278.00
dji,1996,280.00
dji,1997,286.00
dji,1998,299.00
dji,1999,313.00
dji,2000,324.00
dji,2001,330.00
dji,2002,335.00
dji,2003,339.00
dji,2004,335.00
dji,2005,328.00
dji,2006,322.00
dji,2007,320.00
dji,2008,321.00
dji,2009,321.00
dji,2010,323.00
dji,2011,325.00
dji,2012,326.00
dji,2013,328.00
dji,2014,330.00
dji,2015,330.00
dji,2016,330.00
dji,2017,329.00
dji,2018,326.00
dji,2019,324.00
dji,2020,323.00
dji,2021,322.00
dji,2022,324.00
dji,2023,327.00
dji,2024,328.00
dma,1991,7.0000
dma,1992,7.0000
dma,1993,7.0000
dma,1994,7.0000
dma,1995,6.0000
dma,1996,6.0000
dma,1997,5.0000
dma,1998,4.0000
dma,1999,4.0000
dma,2000,4.0000
dma,2001,4.0000
dma,2002,4.0000
dma,2003,4.0000
dma,2004,4.0000
dma,2005,4.0000
dma,2006,4.0000
dma,2007,5.0000
dma,2008,5.0000
dma,2009,5.0000
dma,2010,5.0000
dma,2011,5.0000
dma,2012,5.0000
dma,2013,7.0000
dma,2014,7.0000
dma,2015,8.0000
dma,2016,8.0000
dma,2017,8.0000
dma,2018,8.0000
dma,2019,7.0000
dma,2020,7.0000
dma,2021,7.0000
dma,2022,7.0000
dma,2023,7.0000
dma,2024,7.0000
dnk,1991,247.00
dnk,1992,233.00
dnk,1993,224.00
dnk,1994,218.00
dnk,1995,215.00
dnk,1996,214.00
dnk,1997,211.00
dnk,1998,204.00
dnk,1999,197.00
dnk,2000,190.00
dnk,2001,181.00
dnk,2002,171.00
dnk,2003,162.00
dnk,2004,154.00
dnk,2005,144.00
dnk,2006,138.00
dnk,2007,134.00
dnk,2008,131.00
dnk,2009,129.00
dnk,2010,126.00
dnk,2011,122.00
dnk,2012,118.00
dnk,2013,114.00
dnk,2014,113.00
dnk,2015,111.00
dnk,2016,112.00
dnk,2017,113.00
dnk,2018,113.00
dnk,2019,114.00
dnk,2020,114.00
dnk,2021,113.00
dnk,2022,113.00
dnk,2023,114.00
dnk,2024,114.00
dom,1991,975.00
dom,1992,1019.0
dom,1993,1069.0
dom,1994,1122.0
dom,1995,1177.0
dom,1996,1236.0
dom,1997,1291.0
dom,1998,1346.0
dom,1999,1399.0
dom,2000,1444.0
dom,2001,1486.0
dom,2002,1525.0
dom,2003,1560.0
dom,2004,1591.0
dom,2005,1624.0
dom,2006,1654.0
dom,2007,1678.0
dom,2008,1697.0
dom,2009,1712.0
dom,2010,1722.0
dom,2011,1730.0
dom,2012,1732.0
dom,2013,1729.0
dom,2014,1725.0
dom,2015,1713.0
dom,2016,1696.0
dom,2017,1674.0
dom,2018,1655.0
dom,2019,1622.0
dom,2020,1587.0
dom,2021,1566.0
dom,2022,1547.0
dom,2023,1539.0
dom,2024,1519.0
dza,1991,2919.0
dza,1992,3049.0
dza,1993,3174.0
dza,1994,3287.0
dza,1995,4585.0
dza,1996,4173.0
dza,1997,3491.0
dza,1998,4197.0
dza,1999,4417.0
dza,2000,3462.0
dza,2001,3421.0
dza,2002,3365.0
dza,2003,3288.0
dza,2004,3195.0
dza,2005,3102.0
dza,2006,3023.0
dza,2007,2953.0
dza,2008,2882.0
dza,2009,2806.0
dza,2010,2730.0
dza,2011,2659.0
dza,2012,2600.0
dza,2013,2559.0
dza,2014,2531.0
dza,2015,2495.0
dza,2016,2432.0
dza,2017,2345.0
dza,2018,2241.0
dza,2019,2114.0
dza,2020,1994.0
dza,2021,1917.0
dza,2022,1885.0
dza,2023,1892.0
dza,2024,1954.0
ecu,1991,1709.0
ecu,1992,1687.0
ecu,1993,1669.0
ecu,1994,1659.0
ecu,1995,1656.0
ecu,1996,1664.0
ecu,1997,1685.0
ecu,1998,1724.0
ecu,1999,1782.0
ecu,2000,1856.0
ecu,2001,1938.0
ecu,2002,2026.0
ecu,2003,2118.0
ecu,2004,2211.0
ecu,2005,2301.0
ecu,2006,2378.0
ecu,2007,2431.0
ecu,2008,2452.0
ecu,2009,2440.0
ecu,2010,2397.0
ecu,2011,2327.0
ecu,2012,2240.0
ecu,2013,2147.0
ecu,2014,2056.0
ecu,2015,1975.0
ecu,2016,1916.0
ecu,2017,1884.0
ecu,2018,1877.0
ecu,2019,1905.0
ecu,2020,1995.0
ecu,2021,2172.0
ecu,2022,2469.0
ecu,2023,2932.0
ecu,2024,3584.0
egy,1991,6983.0
egy,1992,6691.0
egy,1993,6425.0
egy,1994,6244.0
egy,1995,6119.0
egy,1996,6044.0
egy,1997,5996.0
egy,1998,5971.0
egy,1999,5983.0
egy,2000,6017.0
egy,2001,6055.0
egy,2002,6091.0
egy,2003,6128.0
egy,2004,6182.0
egy,2005,6257.0
egy,2006,6382.0
egy,2007,6573.0
egy,2008,6808.0
egy,2009,7081.0
egy,2010,7365.0
egy,2011,7625.0
egy,2012,7844.0
egy,2013,7948.0
egy,2014,7853.0
egy,2015,7593.0
egy,2016,7248.0
egy,2017,6931.0
egy,2018,6734.0
egy,2019,6711.0
egy,2020,6865.0
egy,2021,7169.0
egy,2022,7592.0
egy,2023,8034.0
egy,2024,8389.0
eri,1991,1281.0
eri,1992,1191.0
eri,1993,867.00
eri,1994,864.00
eri,1995,859.00
eri,1996,902.00
eri,1997,929.00
eri,1998,882.00
eri,1999,2624.0
eri,2000,3885.0
eri,2001,981.00
eri,2002,790.00
eri,2003,798.00
eri,2004,818.00
eri,2005,837.00
eri,2006,827.00
eri,2007,810.00
eri,2008,800.00
eri,2009,819.00
eri,2010,835.00
eri,2011,839.00
eri,2012,836.00
eri,2013,823.00
eri,2014,809.00
eri,2015,792.00
eri,2016,776.00
eri,2017,777.00
eri,2018,792.00
eri,2019,807.00
eri,2020,819.00
eri,2021,826.00
eri,2022,829.00
eri,2023,824.00
eri,2024,826.00
esp,1991,3377.0
esp,1992,3245.0
esp,1993,2979.0
esp,1994,2699.0
esp,1995,2478.0
esp,1996,2334.0
esp,1997,2250.0
esp,1998,2206.0
esp,1999,2166.0
esp,2000,2099.0
esp,2001,2002.0
esp,2002,1885.0
esp,2003,1779.0
esp,2004,1680.0
esp,2005,1562.0
esp,2006,1433.0
esp,2007,1310.0
esp,2008,1204.0
esp,2009,1097.0
esp,2010,976.00
esp,2011,859.00
esp,2012,766.00
esp,2013,698.00
esp,2014,650.00
esp,2015,620.00
esp,2016,605.00
esp,2017,600.00
esp,2018,599.00
esp,2019,604.00
esp,2020,617.00
esp,2021,637.00
esp,2022,663.00
esp,2023,696.00
esp,2024,729.00
est,1991,171.00
est,1992,186.00
est,1993,195.00
est,1994,200.00
est,1995,200.00
est,1996,191.00
est,1997,177.00
est,1998,164.00
est,1999,155.00
est,2000,151.00
est,2001,149.00
est,2002,147.00
est,2003,145.00
est,2004,143.00
est,2005,141.00
est,2006,136.00
est,2007,131.00
est,2008,124.00
est,2009,115.00
est,2010,106.00
est,2011,97.000
est,2012,86.000
est,2013,76.000
est,2014,66.000
est,2015,56.000
est,2016,48.000
est,2017,43.000
est,2018,39.000
est,2019,35.000
est,2020,33.000
est,2021,31.000
est,2022,31.000
est,2023,31.000
est,2024,31.000
eth,1991,38238
eth,1992,33992
eth,1993,34629
eth,1994,34513
eth,1995,34054
eth,1996,33483
eth,1997,32831
eth,1998,32120
eth,1999,31302
eth,2000,36301
eth,2001,29529
eth,2002,28410
eth,2003,27305
eth,2004,26170
eth,2005,25132
eth,2006,24251
eth,2007,23566
eth,2008,23064
eth,2009,22704
eth,2010,22316
eth,2011,21833
eth,2012,21367
eth,2013,20848
eth,2014,20253
eth,2015,19708
eth,2016,19291
eth,2017,19077
eth,2018,19074
eth,2019,19279
eth,2020,19578
eth,2021,19896
eth,2022,20173
eth,2023,20445
eth,2024,20752
fin,1991,333.00
fin,1992,310.00
fin,1993,281.00
fin,1994,252.00
fin,1995,231.00
fin,1996,221.00
fin,1997,218.00
fin,1998,222.00
fin,1999,230.00
fin,2000,239.00
fin,2001,242.00
fin,2002,240.00
fin,2003,237.00
fin,2004,236.00
fin,2005,235.00
fin,2006,235.00
fin,2007,235.00
fin,2008,232.00
fin,2009,227.00
fin,2010,220.00
fin,2011,211.00
fin,2012,201.00
fin,2013,192.00
fin,2014,182.00
fin,2015,174.00
fin,2016,171.00
fin,2017,173.00
fin,2018,178.00
fin,2019,182.00
fin,2020,185.00
fin,2021,186.00
fin,2022,186.00
fin,2023,189.00
fin,2024,197.00
fji,1991,146.00
fji,1992,140.00
fji,1993,136.00
fji,1994,131.00
fji,1995,126.00
fji,1996,122.00
fji,1997,121.00
fji,1998,122.00
fji,1999,124.00
fji,2000,127.00
fji,2001,129.00
fji,2002,131.00
fji,2003,132.00
fji,2004,132.00
fji,2005,131.00
fji,2006,130.00
fji,2007,126.00
fji,2008,122.00
fji,2009,117.00
fji,2010,113.00
fji,2011,110.00
fji,2012,107.00
fji,2013,105.00
fji,2014,103.00
fji,2015,102.00
fji,2016,99.000
fji,2017,97.000
fji,2018,96.000
fji,2019,95.000
fji,2020,93.000
fji,2021,92.000
fji,2022,90.000
fji,2023,88.000
fji,2024,88.000
fra,1991,4211.0
fra,1992,4128.0
fra,1993,4033.0
fra,1994,3906.0
fra,1995,3732.0
fra,1996,3516.0
fra,1997,3289.0
fra,1998,3090.0
fra,1999,2953.0
fra,2000,2855.0
fra,2001,2778.0
fra,2002,2710.0
fra,2003,2613.0
fra,2004,2482.0
fra,2005,2351.0
fra,2006,2235.0
fra,2007,2134.0
fra,2008,2051.0
fra,2009,1997.0
fra,2010,1948.0
fra,2011,1876.0
fra,2012,1791.0
fra,2013,1702.0
fra,2014,1610.0
fra,2015,1526.0
fra,2016,1467.0
fra,2017,1447.0
fra,2018,1445.0
fra,2019,1454.0
fra,2020,1475.0
fra,2021,1498.0
fra,2022,1543.0
fra,2023,1595.0
fra,2024,1634.0
fsm,1991,16.000
fsm,1992,16.000
fsm,1993,16.000
fsm,1994,16.000
fsm,1995,15.000
fsm,1996,15.000
fsm,1997,16.000
fsm,1998,16.000
fsm,1999,16.000
fsm,2000,16.000
fsm,2001,16.000
fsm,2002,16.000
fsm,2003,16.000
fsm,2004,16.000
fsm,2005,16.000
fsm,2006,16.000
fsm,2007,16.000
fsm,2008,16.000
fsm,2009,15.000
fsm,2010,15.000
fsm,2011,15.000
fsm,2012,15.000
fsm,2013,15.000
fsm,2014,15.000
fsm,2015,15.000
fsm,2016,15.000
fsm,2017,15.000
fsm,2018,15.000
fsm,2019,15.000
fsm,2020,15.000
fsm,2021,15.000
fsm,2022,14.000
fsm,2023,14.000
fsm,2024,13.000
gab,1991,223.00
gab,1992,233.00
gab,1993,245.00
gab,1994,256.00
gab,1995,266.00
gab,1996,274.00
gab,1997,282.00
gab,1998,289.00
gab,1999,295.00
gab,2000,301.00
gab,2001,306.00
gab,2002,312.00
gab,2003,315.00
gab,2004,318.00
gab,2005,319.00
gab,2006,319.00
gab,2007,317.00
gab,2008,314.00
gab,2009,309.00
gab,2010,304.00
gab,2011,298.00
gab,2012,290.00
gab,2013,283.00
gab,2014,274.00
gab,2015,266.00
gab,2016,259.00
gab,2017,252.00
gab,2018,248.00
gab,2019,245.00
gab,2020,240.00
gab,2021,239.00
gab,2022,238.00
gab,2023,239.00
gab,2024,241.00
gbr,1991,2788.0
gbr,1992,2727.0
gbr,1993,2652.0
gbr,1994,2564.0
gbr,1995,2475.0
gbr,1996,2400.0
gbr,1997,2327.0
gbr,1998,2239.0
gbr,1999,2168.0
gbr,2000,2128.0
gbr,2001,2120.0
gbr,2002,2128.0
gbr,2003,2134.0
gbr,2004,2129.0
gbr,2005,2119.0
gbr,2006,2115.0
gbr,2007,2110.0
gbr,2008,2069.0
gbr,2009,1964.0
gbr,2010,1837.0
gbr,2011,1725.0
gbr,2012,1628.0
gbr,2013,1560.0
gbr,2014,1541.0
gbr,2015,1552.0
gbr,2016,1559.0
gbr,2017,1563.0
gbr,2018,1561.0
gbr,2019,1558.0
gbr,2020,1560.0
gbr,2021,1571.0
gbr,2022,1589.0
gbr,2023,1588.0
gbr,2024,1561.0
geo,1991,419.00
geo,1992,344.00
geo,1993,490.00
geo,1994,652.00
geo,1995,386.00
geo,1996,359.00
geo,1997,289.00
geo,1998,240.00
geo,1999,226.00
geo,2000,227.00
geo,2001,229.00
geo,2002,228.00
geo,2003,225.00
geo,2004,223.00
geo,2005,223.00
geo,2006,229.00
geo,2007,243.00
geo,2008,269.00
geo,2009,399.00
geo,2010,307.00
geo,2011,279.00
geo,2012,234.00
geo,2013,209.00
geo,2014,211.00
geo,2015,225.00
geo,2016,227.00
geo,2017,218.00
geo,2018,201.00
geo,2019,182.00
geo,2020,169.00
geo,2021,169.00
geo,2022,173.00
geo,2023,170.00
geo,2024,156.00
gha,1991,5186.0
gha,1992,5121.0
gha,1993,5042.0
gha,1994,4975.0
gha,1995,4902.0
gha,1996,4838.0
gha,1997,4801.0
gha,1998,4794.0
gha,1999,4814.0
gha,2000,4870.0
gha,2001,4891.0
gha,2002,4909.0
gha,2003,4940.0
gha,2004,4961.0
gha,2005,4945.0
gha,2006,4943.0
gha,2007,4950.0
gha,2008,4930.0
gha,2009,4872.0
gha,2010,4783.0
gha,2011,4696.0
gha,2012,4592.0
gha,2013,4492.0
gha,2014,4397.0
gha,2015,4299.0
gha,2016,4211.0
gha,2017,4151.0
gha,2018,4132.0
gha,2019,4112.0
gha,2020,4134.0
gha,2021,4174.0
gha,2022,4245.0
gha,2023,4332.0
gha,2024,4408.0
gin,1991,1739.0
gin,1992,1843.0
gin,1993,1934.0
gin,1994,2017.0
gin,1995,2103.0
gin,1996,2189.0
gin,1997,2274.0
gin,1998,2327.0
gin,1999,2381.0
gin,2000,2462.0
gin,2001,2528.0
gin,2002,2562.0
gin,2003,2614.0
gin,2004,2720.0
gin,2005,2821.0
gin,2006,2920.0
gin,2007,3032.0
gin,2008,3167.0
gin,2009,3307.0
gin,2010,3459.0
gin,2011,3607.0
gin,2012,3765.0
gin,2013,3927.0
gin,2014,4086.0
gin,2015,4240.0
gin,2016,4380.0
gin,2017,4499.0
gin,2018,4578.0
gin,2019,4663.0
gin,2020,4726.0
gin,2021,4784.0
gin,2022,4806.0
gin,2023,4836.0
gin,2024,4858.0
gmb,1991,417.00
gmb,1992,426.00
gmb,1993,434.00
gmb,1994,436.00
gmb,1995,431.00
gmb,1996,423.00
gmb,1997,415.00
gmb,1998,409.00
gmb,1999,403.00
gmb,2000,403.00
gmb,2001,404.00
gmb,2002,408.00
gmb,2003,414.00
gmb,2004,422.00
gmb,2005,430.00
gmb,2006,439.00
gmb,2007,448.00
gmb,2008,456.00
gmb,2009,465.00
gmb,2010,472.00
gmb,2011,480.00
gmb,2012,487.00
gmb,2013,494.00
gmb,2014,500.00
gmb,2015,505.00
gmb,2016,509.00
gmb,2017,510.00
gmb,2018,510.00
gmb,2019,509.00
gmb,2020,506.00
gmb,2021,503.00
gmb,2022,502.00
gmb,2023,501.00
gmb,2024,502.00
gnb,1991,389.00
gnb,1992,404.00
gnb,1993,424.00
gnb,1994,446.00
gnb,1995,465.00
gnb,1996,481.00
gnb,1997,493.00
gnb,1998,560.00
gnb,1999,763.00
gnb,2000,682.00
gnb,2001,502.00
gnb,2002,503.00
gnb,2003,507.00
gnb,2004,512.00
gnb,2005,516.00
gnb,2006,519.00
gnb,2007,518.00
gnb,2008,516.00
gnb,2009,513.00
gnb,2010,510.00
gnb,2011,506.00
gnb,2012,502.00
gnb,2013,500.00
gnb,2014,499.00
gnb,2015,500.00
gnb,2016,501.00
gnb,2017,504.00
gnb,2018,508.00
gnb,2019,510.00
gnb,2020,511.00
gnb,2021,514.00
gnb,2022,517.00
gnb,2023,520.00
gnb,2024,523.00
gnq,1991,184.00
gnq,1992,186.00
gnq,1993,189.00
gnq,1994,191.00
gnq,1995,195.00
gnq,1996,199.00
gnq,1997,205.00
gnq,1998,211.00
gnq,1999,216.00
gnq,2000,221.00
gnq,2001,231.00
gnq,2002,244.00
gnq,2003,258.00
gnq,2004,274.00
gnq,2005,292.00
gnq,2006,313.00
gnq,2007,333.00
gnq,2008,352.00
gnq,2009,371.00
gnq,2010,387.00
gnq,2011,397.00
gnq,2012,401.00
gnq,2013,399.00
gnq,2014,396.00
gnq,2015,392.00
gnq,2016,387.00
gnq,2017,383.00
gnq,2018,381.00
gnq,2019,380.00
gnq,2020,379.00
gnq,2021,375.00
gnq,2022,370.00
gnq,2023,368.00
gnq,2024,369.00
grc,1991,637.00
grc,1992,634.00
grc,1993,626.00
grc,1994,612.00
grc,1995,602.00
grc,1996,597.00
grc,1997,593.00
grc,1998,592.00
grc,1999,593.00
grc,2000,593.00
grc,2001,593.00
grc,2002,589.00
grc,2003,584.00
grc,2004,576.00
grc,2005,561.00
grc,2006,539.00
grc,2007,512.00
grc,2008,479.00
grc,2009,447.00
grc,2010,417.00
grc,2011,386.00
grc,2012,357.00
grc,2013,327.00
grc,2014,298.00
grc,2015,271.00
grc,2016,248.00
grc,2017,232.00
grc,2018,221.00
grc,2019,212.00
grc,2020,207.00
grc,2021,202.00
grc,2022,191.00
grc,2023,181.00
grc,2024,175.00
grd,1991,11.000
grd,1992,11.000
grd,1993,10.000
grd,1994,9.0000
grd,1995,9.0000
grd,1996,8.0000
grd,1997,8.0000
grd,1998,7.0000
grd,1999,7.0000
grd,2000,7.0000
grd,2001,7.0000
grd,2002,7.0000
grd,2003,7.0000
grd,2004,7.0000
grd,2005,7.0000
grd,2006,8.0000
grd,2007,8.0000
grd,2008,8.0000
grd,2009,8.0000
grd,2010,8.0000
grd,2011,8.0000
grd,2012,8.0000
grd,2013,7.0000
grd,2014,7.0000
grd,2015,7.0000
grd,2016,7.0000
grd,2017,6.0000
grd,2018,5.0000
grd,2019,5.0000
grd,2020,5.0000
grd,2021,5.0000
grd,2022,4.0000
grd,2023,4.0000
grd,2024,4.0000
gtm,1991,2014.0
gtm,1992,2121.0
gtm,1993,2202.0
gtm,1994,2260.0
gtm,1995,2294.0
gtm,1996,2314.0
gtm,1997,2335.0
gtm,1998,2365.0
gtm,1999,2407.0
gtm,2000,2448.0
gtm,2001,2490.0
gtm,2002,2552.0
gtm,2003,2644.0
gtm,2004,2753.0
gtm,2005,2861.0
gtm,2006,2945.0
gtm,2007,2985.0
gtm,2008,2981.0
gtm,2009,2943.0
gtm,2010,2889.0
gtm,2011,2836.0
gtm,2012,2795.0
gtm,2013,2777.0
gtm,2014,2784.0
gtm,2015,2826.0
gtm,2016,2881.0
gtm,2017,2914.0
gtm,2018,2903.0
gtm,2019,2866.0
gtm,2020,2824.0
gtm,2021,2807.0
gtm,2022,2828.0
gtm,2023,2883.0
gtm,2024,2945.0
guy,1991,148.00
guy,1992,141.00
guy,1993,133.00
guy,1994,132.00
guy,1995,139.00
guy,1996,151.00
guy,1997,164.00
guy,1998,171.00
guy,1999,168.00
guy,2000,157.00
guy,2001,144.00
guy,2002,137.00
guy,2003,133.00
guy,2004,134.00
guy,2005,135.00
guy,2006,131.00
guy,2007,123.00
guy,2008,113.00
guy,2009,108.00
guy,2010,111.00
guy,2011,119.00
guy,2012,131.00
guy,2013,141.00
guy,2014,150.00
guy,2015,152.00
guy,2016,146.00
guy,2017,135.00
guy,2018,124.00
guy,2019,122.00
guy,2020,123.00
guy,2021,119.00
guy,2022,119.00
guy,2023,114.00
guy,2024,110.00
hnd,1991,996.00
hnd,1992,1007.0
hnd,1993,1021.0
hnd,1994,1035.0
hnd,1995,1051.0
hnd,1996,1070.0
hnd,1997,1091.0
hnd,1998,1114.0
hnd,1999,1648.0
hnd,2000,1158.0
hnd,2001,1175.0
hnd,2002,1186.0
hnd,2003,1194.0
hnd,2004,1200.0
hnd,2005,1202.0
hnd,2006,1203.0
hnd,2007,1204.0
hnd,2008,1207.0
hnd,2009,1211.0
hnd,2010,1214.0
hnd,2011,1219.0
hnd,2012,1224.0
hnd,2013,1228.0
hnd,2014,1233.0
hnd,2015,1239.0
hnd,2016,1246.0
hnd,2017,1250.0
hnd,2018,1251.0
hnd,2019,1250.0
hnd,2020,1247.0
hnd,2021,1246.0
hnd,2022,1243.0
hnd,2023,1236.0
hnd,2024,1228.0
hrv,1991,441.00
hrv,1992,783.00
hrv,1993,508.00
hrv,1994,481.00
hrv,1995,491.00
hrv,1996,454.00
hrv,1997,315.00
hrv,1998,271.00
hrv,1999,243.00
hrv,2000,224.00
hrv,2001,213.00
hrv,2002,208.00
hrv,2003,205.00
hrv,2004,221.00
hrv,2005,198.00
hrv,2006,194.00
hrv,2007,190.00
hrv,2008,183.00
hrv,2009,173.00
hrv,2010,162.00
hrv,2011,149.00
hrv,2012,136.00
hrv,2013,124.00
hrv,2014,114.00
hrv,2015,107.00
hrv,2016,101.00
hrv,2017,96.000
hrv,2018,93.000
hrv,2019,91.000
hrv,2020,90.000
hrv,2021,89.000
hrv,2022,85.000
hrv,2023,94.000
hrv,2024,80.000
hti,1991,2836.0
hti,1992,2801.0
hti,1993,2770.0
hti,1994,2745.0
hti,1995,2726.0
hti,1996,2704.0
hti,1997,2687.0
hti,1998,2668.0
hti,1999,2647.0
hti,2000,2627.0
hti,2001,2605.0
hti,2002,2589.0
hti,2003,2570.0
hti,2004,2561.0
hti,2005,2550.0
hti,2006,2551.0
hti,2007,2554.0
hti,2008,2569.0
hti,2009,2580.0
hti,2010,2596.0
hti,2011,9170.0
hti,2012,2597.0
hti,2013,2587.0
hti,2014,2569.0
hti,2015,2537.0
hti,2016,2500.0
hti,2017,2468.0
hti,2018,2438.0
hti,2019,2409.0
hti,2020,2387.0
hti,2021,2374.0
hti,2022,2375.0
hti,2023,2355.0
hti,2024,2653.0
hun,1991,679.00
hun,1992,689.00
hun,1993,673.00
hun,1994,636.00
hun,1995,604.00
hun,1996,587.00
hun,1997,577.00
hun,1998,567.00
hun,1999,561.00
hun,2000,544.00
hun,2001,514.00
hun,2002,481.00
hun,2003,449.00
hun,2004,418.00
hun,2005,392.00
hun,2006,373.00
hun,2007,357.00
hun,2008,343.00
hun,2009,327.00
hun,2010,312.00
hun,2011,298.00
hun,2012,279.00
hun,2013,266.00
hun,2014,259.00
hun,2015,254.00
hun,2016,248.00
hun,2017,242.00
hun,2018,237.00
hun,2019,234.00
hun,2020,231.00
hun,2021,227.00
hun,2022,223.00
hun,2023,217.00
hun,2024,211.00
idn,1991,21849
idn,1992,21832
idn,1993,21790
idn,1994,21791
idn,1995,21816
idn,1996,21897
idn,1997,22051
idn,1998,22301
idn,1999,22629
idn,2000,23043
idn,2001,23466
idn,2002,23852
idn,2003,24171
idn,2004,24418
idn,2005,34725
idn,2006,24571
idn,2007,24396
idn,2008,24140
idn,2009,23905
idn,2010,23760
idn,2011,23512
idn,2012,23396
idn,2013,23302
idn,2014,23190
idn,2015,23036
idn,2016,22890
idn,2017,22844
idn,2018,22814
idn,2019,22754
idn,2020,22752
idn,2021,22590
idn,2022,22279
idn,2023,21986
idn,2024,21581
ind,1991,202130
ind,1992,203120
ind,1993,204580
ind,1994,206690
ind,1995,209250
ind,1996,211950
ind,1997,214810
ind,1998,217510
ind,1999,219590
ind,2000,221000
ind,2001,222510
ind,2002,223620
ind,2003,224100
ind,2004,224180
ind,2005,224000
ind,2006,222880
ind,2007,220910
ind,2008,217940
ind,2009,213690
ind,2010,208350
ind,2011,202050
ind,2012,194740
ind,2013,186810
ind,2014,178580
ind,2015,170320
ind,2016,162310
ind,2017,154620
ind,2018,147560
ind,2019,140890
ind,2020,134730
ind,2021,129200
ind,2022,125150
ind,2023,122290
ind,2024,120320
irl,1991,194.00
irl,1992,198.00
irl,1993,206.00
irl,1994,215.00
irl,1995,225.00
irl,1996,236.00
irl,1997,248.00
irl,1998,256.00
irl,1999,262.00
irl,2000,263.00
irl,2001,259.00
irl,2002,253.00
irl,2003,248.00
irl,2004,241.00
irl,2005,236.00
irl,2006,233.00
irl,2007,235.00
irl,2008,237.00
irl,2009,227.00
irl,2010,207.00
irl,2011,184.00
irl,2012,163.00
irl,2013,147.00
irl,2014,135.00
irl,2015,124.00
irl,2016,113.00
irl,2017,105.00
irl,2018,100.00
irl,2019,98.000
irl,2020,97.000
irl,2021,98.000
irl,2022,99.000
irl,2023,101.00
irl,2024,103.00
irn,1991,12240
irn,1992,9385.0
irn,1993,8977.0
irn,1994,8295.0
irn,1995,7746.0
irn,1996,7553.0
irn,1997,7551.0
irn,1998,7757.0
irn,1999,8161.0
irn,2000,8728.0
irn,2001,9415.0
irn,2002,10193
irn,2003,10900
irn,2004,13997
irn,2005,12399
irn,2006,13141
irn,2007,13851
irn,2008,14466
irn,2009,14750
irn,2010,14512
irn,2011,13728
irn,2012,12507
irn,2013,11080
irn,2014,9777.0
irn,2015,8784.0
irn,2016,8080.0
irn,2017,7627.0
irn,2018,7390.0
irn,2019,7256.0
irn,2020,7105.0
irn,2021,6927.0
irn,2022,6799.0
irn,2023,6793.0
irn,2024,6775.0
irq,1991,8761.0
irq,1992,5698.0
irq,1993,2012.0
irq,1994,2108.0
irq,1995,2202.0
irq,1996,2264.0
irq,1997,2318.0
irq,1998,2366.0
irq,1999,2411.0
irq,2000,2455.0
irq,2001,2500.0
irq,2002,2542.0
irq,2003,2588.0
irq,2004,5825.0
irq,2005,7421.0
irq,2006,7745.0
irq,2007,10798
irq,2008,10269
irq,2009,5809.0
irq,2010,2748.0
irq,2011,2820.0
irq,2012,2909.0
irq,2013,3033.0
irq,2014,3720.0
irq,2015,3255.0
irq,2016,3309.0
irq,2017,8967.0
irq,2018,6791.0
irq,2019,3402.0
irq,2020,3974.0
irq,2021,3472.0
irq,2022,3509.0
irq,2023,3538.0
irq,2024,3562.0
isl,1991,14.000
isl,1992,13.000
isl,1993,13.000
isl,1994,13.000
isl,1995,13.000
isl,1996,13.000
isl,1997,13.000
isl,1998,13.000
isl,1999,12.000
isl,2000,12.000
isl,2001,13.000
isl,2002,13.000
isl,2003,13.000
isl,2004,12.000
isl,2005,12.000
isl,2006,11.000
isl,2007,11.000
isl,2008,11.000
isl,2009,11.000
isl,2010,10.000
isl,2011,10.000
isl,2012,10.000
isl,2013,10.000
isl,2014,9.0000
isl,2015,9.0000
isl,2016,9.0000
isl,2017,9.0000
isl,2018,9.0000
isl,2019,8.0000
isl,2020,7.0000
isl,2021,7.0000
isl,2022,7.0000
isl,2023,7.0000
isl,2024,6.0000
isr,1991,220.00
isr,1992,231.00
isr,1993,245.00
isr,1994,260.00
isr,1995,280.00
isr,1996,298.00
isr,1997,312.00
isr,1998,311.00
isr,1999,296.00
isr,2000,290.00
isr,2001,315.00
isr,2002,353.00
isr,2003,369.00
isr,2004,343.00
isr,2005,305.00
isr,2006,280.00
isr,2007,268.00
isr,2008,260.00
isr,2009,248.00
isr,2010,232.00
isr,2011,215.00
isr,2012,202.00
isr,2013,196.00
isr,2014,201.00
isr,2015,209.00
isr,2016,212.00
isr,2017,211.00
isr,2018,208.00
isr,2019,205.00
isr,2020,205.00
isr,2021,208.00
isr,2022,216.00
isr,2023,228.00
isr,2024,243.00
ita,1991,3293.0
ita,1992,3330.0
ita,1993,3291.0
ita,1994,3149.0
ita,1995,2992.0
ita,1996,2858.0
ita,1997,2732.0
ita,1998,2598.0
ita,1999,2456.0
ita,2000,2306.0
ita,2001,2159.0
ita,2002,2029.0
ita,2003,1909.0
ita,2004,1802.0
ita,2005,1704.0
ita,2006,1606.0
ita,2007,1503.0
ita,2008,1413.0
ita,2009,1348.0
ita,2010,1291.0
ita,2011,1236.0
ita,2012,1184.0
ita,2013,1136.0
ita,2014,1080.0
ita,2015,1019.0
ita,2016,972.00
ita,2017,934.00
ita,2018,897.00
ita,2019,857.00
ita,2020,824.00
ita,2021,808.00
ita,2022,809.00
ita,2023,821.00
ita,2024,835.00
jam,1991,366.00
jam,1992,360.00
jam,1993,355.00
jam,1994,351.00
jam,1995,350.00
jam,1996,346.00
jam,1997,342.00
jam,1998,338.00
jam,1999,333.00
jam,2000,328.00
jam,2001,325.00
jam,2002,325.00
jam,2003,326.00
jam,2004,331.00
jam,2005,336.00
jam,2006,341.00
jam,2007,345.00
jam,2008,346.00
jam,2009,346.00
jam,2010,345.00
jam,2011,345.00
jam,2012,347.00
jam,2013,353.00
jam,2014,358.00
jam,2015,362.00
jam,2016,364.00
jam,2017,364.00
jam,2018,360.00
jam,2019,355.00
jam,2020,346.00
jam,2021,338.00
jam,2022,330.00
jam,2023,360.00
jam,2024,353.00
jor,1991,361.00
jor,1992,401.00
jor,1993,421.00
jor,1994,440.00
jor,1995,453.00
jor,1996,459.00
jor,1997,458.00
jor,1998,451.00
jor,1999,442.00
jor,2000,434.00
jor,2001,430.00
jor,2002,427.00
jor,2003,428.00
jor,2004,431.00
jor,2005,439.00
jor,2006,448.00
jor,2007,477.00
jor,2008,504.00
jor,2009,514.00
jor,2010,522.00
jor,2011,528.00
jor,2012,539.00
jor,2013,549.00
jor,2014,590.00
jor,2015,664.00
jor,2016,724.00
jor,2017,751.00
jor,2018,753.00
jor,2019,748.00
jor,2020,735.00
jor,2021,719.00
jor,2022,709.00
jor,2023,699.00
jor,2024,695.00
jpn,1991,4674.0
jpn,1992,4837.0
jpn,1993,4958.0
jpn,1994,4983.0
jpn,1995,5003.0
jpn,1996,4958.0
jpn,1997,4842.0
jpn,1998,4671.0
jpn,1999,4452.0
jpn,2000,4202.0
jpn,2001,3960.0
jpn,2002,3743.0
jpn,2003,3553.0
jpn,2004,3406.0
jpn,2005,3294.0
jpn,2006,3201.0
jpn,2007,3122.0
jpn,2008,3052.0
jpn,2009,2966.0
jpn,2010,2853.0
jpn,2011,2722.0
jpn,2012,3060.0
jpn,2013,2472.0
jpn,2014,2348.0
jpn,2015,2245.0
jpn,2016,2165.0
jpn,2017,2107.0
jpn,2018,2082.0
jpn,2019,2089.0
jpn,2020,2115.0
jpn,2021,2153.0
jpn,2022,2199.0
jpn,2023,2246.0
jpn,2024,2286.0
kaz,1991,2406.0
kaz,1992,2533.0
kaz,1993,2709.0
kaz,1994,2914.0
kaz,1995,3104.0
kaz,1996,3242.0
kaz,1997,3310.0
kaz,1998,3283.0
kaz,1999,3186.0
kaz,2000,3097.0
kaz,2001,3045.0
kaz,2002,3011.0
kaz,2003,3016.0
kaz,2004,3074.0
kaz,2005,3166.0
kaz,2006,3267.0
kaz,2007,3320.0
kaz,2008,3262.0
kaz,2009,3073.0
kaz,2010,2815.0
kaz,2011,2552.0
kaz,2012,2298.0
kaz,2013,2055.0
kaz,2014,1829.0
kaz,2015,1630.0
kaz,2016,1462.0
kaz,2017,1323.0
kaz,2018,1215.0
kaz,2019,1139.0
kaz,2020,1082.0
kaz,2021,1029.0
kaz,2022,979.00
kaz,2023,941.00
kaz,2024,916.00
ken,1991,6253.0
ken,1992,6762.0
ken,1993,7261.0
ken,1994,7755.0
ken,1995,8230.0
ken,1996,8678.0
ken,1997,9081.0
ken,1998,9451.0
ken,1999,9772.0
ken,2000,10068
ken,2001,10366
ken,2002,10627
ken,2003,10842
ken,2004,10995
ken,2005,11083
ken,2006,11108
ken,2007,11071
ken,2008,10981
ken,2009,10864
ken,2010,10683
ken,2011,10430
ken,2012,10128
ken,2013,9784.0
ken,2014,9444.0
ken,2015,9174.0
ken,2016,9027.0
ken,2017,8945.0
ken,2018,8957.0
ken,2019,9047.0
ken,2020,9179.0
ken,2021,9321.0
ken,2022,9471.0
ken,2023,9642.0
ken,2024,9837.0
kgz,1991,550.00
kgz,1992,564.00
kgz,1993,585.00
kgz,1994,593.00
kgz,1995,597.00
kgz,1996,617.00
kgz,1997,636.00
kgz,1998,645.00
kgz,1999,645.00
kgz,2000,640.00
kgz,2001,627.00
kgz,2002,613.00
kgz,2003,600.00
kgz,2004,590.00
kgz,2005,585.00
kgz,2006,588.00
kgz,2007,596.00
kgz,2008,606.00
kgz,2009,618.00
kgz,2010,625.00
kgz,2011,616.00
kgz,2012,590.00
kgz,2013,554.00
kgz,2014,521.00
kgz,2015,494.00
kgz,2016,474.00
kgz,2017,461.00
kgz,2018,453.00
kgz,2019,443.00
kgz,2020,423.00
kgz,2021,400.00
kgz,2022,380.00
kgz,2023,365.00
kgz,2024,354.00
khm,1991,3150.0
khm,1992,3134.0
khm,1993,3165.0
khm,1994,3194.0
khm,1995,3047.0
khm,1996,2792.0
khm,1997,2559.0
khm,1998,2434.0
khm,1999,2362.0
khm,2000,2301.0
khm,2001,2302.0
khm,2002,2331.0
khm,2003,2349.0
khm,2004,2341.0
khm,2005,2305.0
khm,2006,2251.0
khm,2007,2175.0
khm,2008,2086.0
khm,2009,2019.0
khm,2010,1969.0
khm,2011,1924.0
khm,2012,1882.0
khm,2013,1840.0
khm,2014,1798.0
khm,2015,1757.0
khm,2016,1708.0
khm,2017,1643.0
khm,2018,1548.0
khm,2019,1438.0
khm,2020,1354.0
khm,2021,1316.0
khm,2022,1295.0
khm,2023,1282.0
khm,2024,1276.0
kir,1991,18.000
kir,1992,17.000
kir,1993,17.000
kir,1994,16.000
kir,1995,14.000
kir,1996,14.000
kir,1997,14.000
kir,1998,14.000
kir,1999,14.000
kir,2000,14.000
kir,2001,14.000
kir,2002,15.000
kir,2003,15.000
kir,2004,17.000
kir,2005,17.000
kir,2006,18.000
kir,2007,18.000
kir,2008,19.000
kir,2009,19.000
kir,2010,19.000
kir,2011,21.000
kir,2012,21.000
kir,2013,21.000
kir,2014,21.000
kir,2015,22.000
kir,2016,22.000
kir,2017,22.000
kir,2018,22.000
kir,2019,23.000
kir,2020,23.000
kir,2021,23.000
kir,2022,22.000
kir,2023,22.000
kir,2024,20.000
kna,1991,3.0000
kna,1992,3.0000
kna,1993,3.0000
kna,1994,4.0000
kna,1995,4.0000
kna,1996,4.0000
kna,1997,4.0000
kna,1998,5.0000
kna,1999,5.0000
kna,2000,5.0000
kna,2001,5.0000
kna,2002,5.0000
kna,2003,6.0000
kna,2004,6.0000
kna,2005,7.0000
kna,2006,7.0000
kna,2007,7.0000
kna,2008,7.0000
kna,2009,8.0000
kna,2010,8.0000
kna,2011,8.0000
kna,2012,8.0000
kna,2013,8.0000
kna,2014,8.0000
kna,2015,8.0000
kna,2016,8.0000
kna,2017,8.0000
kna,2018,8.0000
kna,2019,8.0000
kna,2020,8.0000
kna,2021,8.0000
kna,2022,7.0000
kna,2023,7.0000
kna,2024,7.0000
kor,1991,4542.0
kor,1992,4446.0
kor,1993,4300.0
kor,1994,4181.0
kor,1995,4133.0
kor,1996,4089.0
kor,1997,3878.0
kor,1998,3480.0
kor,1999,3047.0
kor,2000,2687.0
kor,2001,2444.0
kor,2002,2280.0
kor,2003,2153.0
kor,2004,2036.0
kor,2005,1911.0
kor,2006,1785.0
kor,2007,1690.0
kor,2008,1631.0
kor,2009,1583.0
kor,2010,1517.0
kor,2011,1432.0
kor,2012,1347.0
kor,2013,1274.0
kor,2014,1219.0
kor,2015,1176.0
kor,2016,1147.0
kor,2017,1132.0
kor,2018,1131.0
kor,2019,1135.0
kor,2020,1144.0
kor,2021,1157.0
kor,2022,1154.0
kor,2023,1123.0
kor,2024,1082.0
kwt,1991,236.00
kwt,1992,218.00
kwt,1993,82.000
kwt,1994,94.000
kwt,1995,100.00
kwt,1996,99.000
kwt,1997,102.00
kwt,1998,110.00
kwt,1999,119.00
kwt,2000,128.00
kwt,2001,135.00
kwt,2002,137.00
kwt,2003,134.00
kwt,2004,128.00
kwt,2005,121.00
kwt,2006,117.00
kwt,2007,121.00
kwt,2008,127.00
kwt,2009,131.00
kwt,2010,132.00
kwt,2011,130.00
kwt,2012,120.00
kwt,2013,109.00
kwt,2014,103.00
kwt,2015,102.00
kwt,2016,105.00
kwt,2017,112.00
kwt,2018,120.00
kwt,2019,123.00
kwt,2020,124.00
kwt,2021,118.00
kwt,2022,112.00
kwt,2023,109.00
kwt,2024,102.00
lao,1991,989.00
lao,1992,1015.0
lao,1993,1036.0
lao,1994,1062.0
lao,1995,1083.0
lao,1996,1103.0
lao,1997,1121.0
lao,1998,1131.0
lao,1999,1140.0
lao,2000,1144.0
lao,2001,1145.0
lao,2002,1154.0
lao,2003,1165.0
lao,2004,1174.0
lao,2005,1186.0
lao,2006,1198.0
lao,2007,1213.0
lao,2008,1228.0
lao,2009,1237.0
lao,2010,1237.0
lao,2011,1226.0
lao,2012,1209.0
lao,2013,1184.0
lao,2014,1146.0
lao,2015,1103.0
lao,2016,1070.0
lao,2017,1051.0
lao,2018,1038.0
lao,2019,1027.0
lao,2020,1025.0
lao,2021,1026.0
lao,2022,1017.0
lao,2023,1008.0
lao,2024,997.00
lbn,1991,1948.0
lbn,1992,332.00
lbn,1993,330.00
lbn,1994,329.00
lbn,1995,327.00
lbn,1996,325.00
lbn,1997,324.00
lbn,1998,322.00
lbn,1999,322.00
lbn,2000,324.00
lbn,2001,325.00
lbn,2002,326.00
lbn,2003,326.00
lbn,2004,326.00
lbn,2005,327.00
lbn,2006,326.00
lbn,2007,574.00
lbn,2008,327.00
lbn,2009,327.00
lbn,2010,328.00
lbn,2011,328.00
lbn,2012,328.00
lbn,2013,332.00
lbn,2014,359.00
lbn,2015,388.00
lbn,2016,382.00
lbn,2017,358.00
lbn,2018,343.00
lbn,2019,336.00
lbn,2020,335.00
lbn,2021,342.00
lbn,2022,352.00
lbn,2023,364.00
lbn,2024,374.00
lbr,1991,3186.0
lbr,1992,764.00
lbr,1993,1027.0
lbr,1994,1095.0
lbr,1995,1239.0
lbr,1996,1056.0
lbr,1997,1160.0
lbr,1998,914.00
lbr,1999,1011.0
lbr,2000,1066.0
lbr,2001,1101.0
lbr,2002,1123.0
lbr,2003,1137.0
lbr,2004,1518.0
lbr,2005,1117.0
lbr,2006,1142.0
lbr,2007,1179.0
lbr,2008,1209.0
lbr,2009,1230.0
lbr,2010,1239.0
lbr,2011,1242.0
lbr,2012,1276.0
lbr,2013,1302.0
lbr,2014,1297.0
lbr,2015,1293.0
lbr,2016,1457.0
lbr,2017,1315.0
lbr,2018,1334.0
lbr,2019,1360.0
lbr,2020,1393.0
lbr,2021,1426.0
lbr,2022,1466.0
lbr,2023,1501.0
lbr,2024,1543.0
lby,1991,446.00
lby,1992,456.00
lby,1993,468.00
lby,1994,480.00
lby,1995,492.00
lby,1996,502.00
lby,1997,513.00
lby,1998,522.00
lby,1999,532.00
lby,2000,541.00
lby,2001,553.00
lby,2002,565.00
lby,2003,572.00
lby,2004,572.00
lby,2005,564.00
lby,2006,556.00
lby,2007,542.00
lby,2008,528.00
lby,2009,516.00
lby,2010,505.00
lby,2011,493.00
lby,2012,1195.0
lby,2013,484.00
lby,2014,442.00
lby,2015,905.00
lby,2016,833.00
lby,2017,862.00
lby,2018,604.00
lby,2019,540.00
lby,2020,679.00
lby,2021,577.00
lby,2022,370.00
lby,2023,372.00
lby,2024,799.00
lca,1991,18.000
lca,1992,18.000
lca,1993,18.000
lca,1994,18.000
lca,1995,18.000
lca,1996,18.000
lca,1997,19.000
lca,1998,20.000
lca,1999,20.000
lca,2000,19.000
lca,2001,18.000
lca,2002,18.000
lca,2003,20.000
lca,2004,20.000
lca,2005,20.000
lca,2006,21.000
lca,2007,21.000
lca,2008,20.000
lca,2009,20.000
lca,2010,18.000
lca,2011,17.000
lca,2012,18.000
lca,2013,18.000
lca,2014,18.000
lca,2015,18.000
lca,2016,19.000
lca,2017,20.000
lca,2018,21.000
lca,2019,22.000
lca,2020,22.000
lca,2021,23.000
lca,2022,23.000
lca,2023,24.000
lca,2024,23.000
lka,1991,5211.0
lka,1992,5410.0
lka,1993,4853.0
lka,1994,3898.0
lka,1995,3768.0
lka,1996,4599.0
lka,1997,4223.0
lka,1998,4275.0
lka,1999,4277.0
lka,2000,4180.0
lka,2001,4205.0
lka,2002,3235.0
lka,2003,2955.0
lka,2004,2656.0
lka,2005,4481.0
lka,2006,2242.0
lka,2007,2962.0
lka,2008,3072.0
lka,2009,4294.0
lka,2010,5061.0
lka,2011,2450.0
lka,2012,2182.0
lka,2013,1820.0
lka,2014,1490.0
lka,2015,1239.0
lka,2016,1067.0
lka,2017,966.00
lka,2018,912.00
lka,2019,878.00
lka,2020,851.00
lka,2021,832.00
lka,2022,818.00
lka,2023,809.00
lka,2024,810.00
lso,1991,530.00
lso,1992,567.00
lso,1993,609.00
lso,1994,656.00
lso,1995,709.00
lso,1996,772.00
lso,1997,844.00
lso,1998,921.00
lso,1999,1003.0
lso,2000,1086.0
lso,2001,1163.0
lso,2002,1227.0
lso,2003,1274.0
lso,2004,1302.0
lso,2005,1307.0
lso,2006,1294.0
lso,2007,1280.0
lso,2008,1272.0
lso,2009,1254.0
lso,2010,1216.0
lso,2011,1162.0
lso,2012,1095.0
lso,2013,1014.0
lso,2014,925.00
lso,2015,836.00
lso,2016,747.00
lso,2017,664.00
lso,2018,588.00
lso,2019,519.00
lso,2020,453.00
lso,2021,394.00
lso,2022,347.00
lso,2023,309.00
lso,2024,286.00
ltu,1991,407.00
ltu,1992,437.00
ltu,1993,462.00
ltu,1994,478.00
ltu,1995,480.00
ltu,1996,466.00
ltu,1997,443.00
ltu,1998,419.00
ltu,1999,399.00
ltu,2000,384.00
ltu,2001,373.00
ltu,2002,363.00
ltu,2003,355.00
ltu,2004,349.00
ltu,2005,345.00
ltu,2006,336.00
ltu,2007,327.00
ltu,2008,321.00
ltu,2009,307.00
ltu,2010,287.00
ltu,2011,262.00
ltu,2012,238.00
ltu,2013,222.00
ltu,2014,209.00
ltu,2015,193.00
ltu,2016,173.00
ltu,2017,152.00
ltu,2018,133.00
ltu,2019,117.00
ltu,2020,108.00
ltu,2021,102.00
ltu,2022,96.000
ltu,2023,93.000
ltu,2024,91.000
lux,1991,31.000
lux,1992,31.000
lux,1993,30.000
lux,1994,28.000
lux,1995,27.000
lux,1996,25.000
lux,1997,23.000
lux,1998,21.000
lux,1999,19.000
lux,2000,18.000
lux,2001,18.000
lux,2002,16.000
lux,2003,15.000
lux,2004,15.000
lux,2005,15.000
lux,2006,14.000
lux,2007,14.000
lux,2008,13.000
lux,2009,12.000
lux,2010,11.000
lux,2011,11.000
lux,2012,11.000
lux,2013,11.000
lux,2014,10.000
lux,2015,10.000
lux,2016,9.0000
lux,2017,9.0000
lux,2018,8.0000
lux,2019,8.0000
lux,2020,8.0000
lux,2021,8.0000
lux,2022,8.0000
lux,2023,8.0000
lux,2024,7.0000
lva,1991,307.00
lva,1992,328.00
lva,1993,342.00
lva,1994,345.00
lva,1995,342.00
lva,1996,330.00
lva,1997,312.00
lva,1998,294.00
lva,1999,280.00
lva,2000,268.00
lva,2001,254.00
lva,2002,240.00
lva,2003,227.00
lva,2004,218.00
lva,2005,209.00
lva,2006,200.00
lva,2007,191.00
lva,2008,182.00
lva,2009,171.00
lva,2010,156.00
lva,2011,139.00
lva,2012,126.00
lva,2013,116.00
lva,2014,107.00
lva,2015,98.000
lva,2016,89.000
lva,2017,81.000
lva,2018,73.000
lva,2019,67.000
lva,2020,61.000
lva,2021,59.000
lva,2022,56.000
lva,2023,55.000
lva,2024,54.000
mar,1991,3161.0
mar,1992,3114.0
mar,1993,3071.0
mar,1994,3030.0
mar,1995,2989.0
mar,1996,2946.0
mar,1997,2890.0
mar,1998,2823.0
mar,1999,2753.0
mar,2000,2685.0
mar,2001,2616.0
mar,2002,2554.0
mar,2003,2503.0
mar,2004,2452.0
mar,2005,2418.0
mar,2006,2385.0
mar,2007,2342.0
mar,2008,2300.0
mar,2009,2248.0
mar,2010,2195.0
mar,2011,2147.0
mar,2012,2102.0
mar,2013,2058.0
mar,2014,2024.0
mar,2015,1990.0
mar,2016,1951.0
mar,2017,1905.0
mar,2018,1869.0
mar,2019,1821.0
mar,2020,1779.0
mar,2021,1760.0
mar,2022,1736.0
mar,2023,1717.0
mar,2024,1842.0
mco,1991,1.0000
mco,1992,1.0000
mco,1993,1.0000
mco,1994,1.0000
mco,1995,1.0000
mco,1996,1.0000
mco,1997,1.0000
mco,1998,1.0000
mco,1999,1.0000
mco,2000,1.0000
mco,2001,1.0000
mco,2002,1.0000
mco,2003,1.0000
mco,2004,1.0000
mco,2005,1.0000
mco,2006,1.0000
mco,2007,1.0000
mco,2008,0.0000
mco,2009,0.0000
mco,2010,0.0000
mco,2011,0.0000
mco,2012,0.0000
mco,2013,0.0000
mco,2014,0.0000
mco,2015,0.0000
mco,2016,0.0000
mco,2017,0.0000
mco,2018,0.0000
mco,2019,0.0000
mco,2020,0.0000
mco,2021,0.0000
mco,2022,0.0000
mco,2023,0.0000
mco,2024,0.0000
mda,1991,488.00
mda,1992,472.00
mda,1993,565.00
mda,1994,462.00
mda,1995,458.00
mda,1996,449.00
mda,1997,436.00
mda,1998,417.00
mda,1999,399.00
mda,2000,381.00
mda,2001,366.00
mda,2002,351.00
mda,2003,341.00
mda,2004,336.00
mda,2005,333.00
mda,2006,331.00
mda,2007,328.00
mda,2008,323.00
mda,2009,313.00
mda,2010,300.00
mda,2011,282.00
mda,2012,263.00
mda,2013,246.00
mda,2014,232.00
mda,2015,218.00
mda,2016,202.00
mda,2017,187.00
mda,2018,173.00
mda,2019,158.00
mda,2020,145.00
mda,2021,133.00
mda,2022,125.00
mda,2023,124.00
mda,2024,127.00
mdg,1991,3727.0
mdg,1992,3789.0
mdg,1993,3865.0
mdg,1994,3935.0
mdg,1995,3999.0
mdg,1996,4059.0
mdg,1997,4118.0
mdg,1998,4178.0
mdg,1999,4234.0
mdg,2000,4288.0
mdg,2001,4341.0
mdg,2002,4390.0
mdg,2003,4435.0
mdg,2004,4473.0
mdg,2005,4499.0
mdg,2006,4535.0
mdg,2007,4564.0
mdg,2008,4597.0
mdg,2009,4629.0
mdg,2010,4677.0
mdg,2011,4732.0
mdg,2012,4803.0
mdg,2013,4881.0
mdg,2014,4958.0
mdg,2015,5036.0
mdg,2016,5114.0
mdg,2017,5187.0
mdg,2018,5278.0
mdg,2019,5369.0
mdg,2020,5462.0
mdg,2021,5522.0
mdg,2022,5573.0
mdg,2023,5607.0
mdg,2024,5621.0
mdv,1991,28.000
mdv,1992,26.000
mdv,1993,24.000
mdv,1994,24.000
mdv,1995,22.000
mdv,1996,21.000
mdv,1997,20.000
mdv,1998,20.000
mdv,1999,19.000
mdv,2000,19.000
mdv,2001,18.000
mdv,2002,18.000
mdv,2003,18.000
mdv,2004,18.000
mdv,2005,27.000
mdv,2006,20.000
mdv,2007,22.000
mdv,2008,25.000
mdv,2009,27.000
mdv,2010,29.000
mdv,2011,30.000
mdv,2012,30.000
mdv,2013,30.000
mdv,2014,29.000
mdv,2015,27.000
mdv,2016,25.000
mdv,2017,23.000
mdv,2018,22.000
mdv,2019,20.000
mdv,2020,18.000
mdv,2021,16.000
mdv,2022,14.000
mdv,2023,11.000
mdv,2024,9.0000
mex,1991,11169
mex,1992,11336
mex,1993,11453
mex,1994,11464
mex,1995,11434
mex,1996,11440
mex,1997,11409
mex,1998,11212
mex,1999,10835
mex,2000,10435
mex,2001,10115
mex,2002,9898.0
mex,2003,9762.0
mex,2004,9668.0
mex,2005,9621.0
mex,2006,9662.0
mex,2007,9875.0
mex,2008,10406
mex,2009,11320
mex,2010,12361
mex,2011,13185
mex,2012,13563
mex,2013,13428
mex,2014,12930
mex,2015,12527
mex,2016,12591
mex,2017,13067
mex,2018,13713
mex,2019,14329
mex,2020,14809
mex,2021,15077
mex,2022,15106
mex,2023,14857
mex,2024,14370
mhl,1991,6.0000
mhl,1992,6.0000
mhl,1993,7.0000
mhl,1994,7.0000
mhl,1995,7.0000
mhl,1996,7.0000
mhl,1997,7.0000
mhl,1998,7.0000
mhl,1999,7.0000
mhl,2000,7.0000
mhl,2001,8.0000
mhl,2002,8.0000
mhl,2003,8.0000
mhl,2004,8.0000
mhl,2005,8.0000
mhl,2006,8.0000
mhl,2007,8.0000
mhl,2008,8.0000
mhl,2009,8.0000
mhl,2010,8.0000
mhl,2011,8.0000
mhl,2012,8.0000
mhl,2013,7.0000
mhl,2014,7.0000
mhl,2015,6.0000
mhl,2016,5.0000
mhl,2017,5.0000
mhl,2018,5.0000
mhl,2019,5.0000
mhl,2020,5.0000
mhl,2021,5.0000
mhl,2022,5.0000
mhl,2023,4.0000
mhl,2024,4.0000
mkd,1991,106.00
mkd,1992,109.00
mkd,1993,109.00
mkd,1994,107.00
mkd,1995,103.00
mkd,1996,101.00
mkd,1997,100.00
mkd,1998,101.00
mkd,1999,101.00
mkd,2000,101.00
mkd,2001,101.00
mkd,2002,100.00
mkd,2003,97.000
mkd,2004,94.000
mkd,2005,90.000
mkd,2006,86.000
mkd,2007,82.000
mkd,2008,78.000
mkd,2009,72.000
mkd,2010,67.000
mkd,2011,63.000
mkd,2012,59.000
mkd,2013,57.000
mkd,2014,54.000
mkd,2015,53.000
mkd,2016,51.000
mkd,2017,50.000
mkd,2018,49.000
mkd,2019,48.000
mkd,2020,47.000
mkd,2021,46.000
mkd,2022,46.000
mkd,2023,48.000
mkd,2024,49.000
mli,1991,2755.0
mli,1992,2793.0
mli,1993,2837.0
mli,1994,2894.0
mli,1995,2962.0
mli,1996,3042.0
mli,1997,3118.0
mli,1998,3203.0
mli,1999,3289.0
mli,2000,3379.0
mli,2001,3479.0
mli,2002,3563.0
mli,2003,3632.0
mli,2004,3679.0
mli,2005,3718.0
mli,2006,3741.0
mli,2007,3753.0
mli,2008,3768.0
mli,2009,3785.0
mli,2010,3792.0
mli,2011,3804.0
mli,2012,3818.0
mli,2013,3812.0
mli,2014,3823.0
mli,2015,3864.0
mli,2016,3907.0
mli,2017,3966.0
mli,2018,4024.0
mli,2019,4099.0
mli,2020,4191.0
mli,2021,4320.0
mli,2022,4472.0
mli,2023,5462.0
mli,2024,5556.0
mlt,1991,12.000
mlt,1992,12.000
mlt,1993,12.000
mlt,1994,13.000
mlt,1995,14.000
mlt,1996,14.000
mlt,1997,14.000
mlt,1998,15.000
mlt,1999,15.000
mlt,2000,15.000
mlt,2001,15.000
mlt,2002,15.000
mlt,2003,14.000
mlt,2004,14.000
mlt,2005,14.000
mlt,2006,13.000
mlt,2007,12.000
mlt,2008,12.000
mlt,2009,12.000
mlt,2010,12.000
mlt,2011,11.000
mlt,2012,11.000
mlt,2013,11.000
mlt,2014,11.000
mlt,2015,9.0000
mlt,2016,9.0000
mlt,2017,9.0000
mlt,2018,9.0000
mlt,2019,9.0000
mlt,2020,10.000
mlt,2021,10.000
mlt,2022,9.0000
mlt,2023,9.0000
mlt,2024,8.0000
mmr,1991,9551.0
mmr,1992,9739.0
mmr,1993,9933.0
mmr,1994,10050
mmr,1995,10183
mmr,1996,10279
mmr,1997,10377
mmr,1998,10435
mmr,1999,10489
mmr,2000,10517
mmr,2001,10482
mmr,2002,10407
mmr,2003,10326
mmr,2004,10215
mmr,2005,10057
mmr,2006,9829.0
mmr,2007,9484.0
mmr,2008,9017.0
mmr,2009,13740
mmr,2010,7943.0
mmr,2011,7418.0
mmr,2012,6990.0
mmr,2013,6600.0
mmr,2014,6254.0
mmr,2015,5945.0
mmr,2016,5693.0
mmr,2017,5506.0
mmr,2018,5377.0
mmr,2019,5257.0
mmr,2020,5165.0
mmr,2021,5076.0
mmr,2022,6417.0
mmr,2023,7605.0
mmr,2024,7074.0
mne,1991,41.000
mne,1992,41.000
mne,1993,40.000
mne,1994,38.000
mne,1995,36.000
mne,1996,35.000
mne,1997,35.000
mne,1998,35.000
mne,1999,35.000
mne,2000,35.000
mne,2001,35.000
mne,2002,34.000
mne,2003,34.000
mne,2004,34.000
mne,2005,33.000
mne,2006,32.000
mne,2007,30.000
mne,2008,29.000
mne,2009,26.000
mne,2010,25.000
mne,2011,22.000
mne,2012,21.000
mne,2013,19.000
mne,2014,19.000
mne,2015,18.000
mne,2016,18.000
mne,2017,17.000
mne,2018,17.000
mne,2019,17.000
mne,2020,17.000
mne,2021,17.000
mne,2022,17.000
mne,2023,18.000
mne,2024,20.000
mng,1991,455.00
mng,1992,490.00
mng,1993,523.00
mng,1994,551.00
mng,1995,571.00
mng,1996,578.00
mng,1997,568.00
mng,1998,543.00
mng,1999,503.00
mng,2000,458.00
mng,2001,418.00
mng,2002,386.00
mng,2003,369.00
mng,2004,368.00
mng,2005,375.00
mng,2006,389.00
mng,2007,402.00
mng,2008,415.00
mng,2009,423.00
mng,2010,427.00
mng,2011,424.00
mng,2012,414.00
mng,2013,397.00
mng,2014,371.00
mng,2015,342.00
mng,2016,314.00
mng,2017,292.00
mng,2018,273.00
mng,2019,260.00
mng,2020,249.00
mng,2021,240.00
mng,2022,232.00
mng,2023,223.00
mng,2024,213.00
moz,1991,4561.0
moz,1992,4737.0
moz,1993,4909.0
moz,1994,5119.0
moz,1995,5502.0
moz,1996,5850.0
moz,1997,6030.0
moz,1998,6139.0
moz,1999,6250.0
moz,2000,6378.0
moz,2001,6523.0
moz,2002,6663.0
moz,2003,6770.0
moz,2004,6834.0
moz,2005,6855.0
moz,2006,6863.0
moz,2007,6877.0
moz,2008,6896.0
moz,2009,6909.0
moz,2010,6895.0
moz,2011,6864.0
moz,2012,6834.0
moz,2013,6811.0
moz,2014,6788.0
moz,2015,6770.0
moz,2016,6767.0
moz,2017,6771.0
moz,2018,6797.0
moz,2019,6823.0
moz,2020,6859.0
moz,2021,6908.0
moz,2022,6945.0
moz,2023,6968.0
moz,2024,7038.0
mrt,1991,401.00
mrt,1992,396.00
mrt,1993,395.00
mrt,1994,399.00
mrt,1995,398.00
mrt,1996,390.00
mrt,1997,377.00
mrt,1998,370.00
mrt,1999,367.00
mrt,2000,367.00
mrt,2001,369.00
mrt,2002,370.00
mrt,2003,370.00
mrt,2004,372.00
mrt,2005,375.00
mrt,2006,380.00
mrt,2007,388.00
mrt,2008,395.00
mrt,2009,407.00
mrt,2010,422.00
mrt,2011,436.00
mrt,2012,450.00
mrt,2013,464.00
mrt,2014,481.00
mrt,2015,502.00
mrt,2016,524.00
mrt,2017,547.00
mrt,2018,572.00
mrt,2019,595.00
mrt,2020,617.00
mrt,2021,634.00
mrt,2022,649.00
mrt,2023,666.00
mrt,2024,687.00
msr,1991,1.0000
msr,1992,1.0000
msr,1993,1.0000
msr,1994,1.0000
msr,1995,1.0000
msr,1996,1.0000
msr,1997,1.0000
msr,1998,0.0000
msr,1999,0.0000
msr,2000,0.0000
msr,2001,0.0000
msr,2002,0.0000
msr,2003,0.0000
msr,2004,0.0000
msr,2005,0.0000
msr,2006,0.0000
msr,2007,0.0000
msr,2008,0.0000
msr,2009,0.0000
msr,2010,0.0000
msr,2011,0.0000
msr,2012,0.0000
msr,2013,0.0000
msr,2014,0.0000
msr,2015,0.0000
msr,2016,0.0000
msr,2017,0.0000
msr,2018,0.0000
msr,2019,0.0000
msr,2020,0.0000
msr,2021,0.0000
msr,2022,0.0000
msr,2023,0.0000
msr,2024,0.0000
mus,1991,106.00
mus,1992,103.00
mus,1993,101.00
mus,1994,98.000
mus,1995,97.000
mus,1996,95.000
mus,1997,95.000
mus,1998,94.000
mus,1999,95.000
mus,2000,96.000
mus,2001,95.000
mus,2002,95.000
mus,2003,93.000
mus,2004,91.000
mus,2005,88.000
mus,2006,85.000
mus,2007,84.000
mus,2008,83.000
mus,2009,83.000
mus,2010,83.000
mus,2011,85.000
mus,2012,88.000
mus,2013,91.000
mus,2014,94.000
mus,2015,96.000
mus,2016,97.000
mus,2017,97.000
mus,2018,95.000
mus,2019,94.000
mus,2020,92.000
mus,2021,91.000
mus,2022,89.000
mus,2023,87.000
mus,2024,86.000
mwi,1991,3809.0
mwi,1992,4092.0
mwi,1993,4393.0
mwi,1994,4656.0
mwi,1995,4799.0
mwi,1996,4993.0
mwi,1997,5282.0
mwi,1998,5535.0
mwi,1999,5741.0
mwi,2000,5927.0
mwi,2001,6070.0
mwi,2002,6135.0
mwi,2003,6128.0
mwi,2004,6055.0
mwi,2005,5938.0
mwi,2006,5776.0
mwi,2007,5599.0
mwi,2008,5421.0
mwi,2009,5259.0
mwi,2010,5110.0
mwi,2011,4964.0
mwi,2012,4825.0
mwi,2013,4689.0
mwi,2014,4553.0
mwi,2015,4425.0
mwi,2016,4326.0
mwi,2017,4245.0
mwi,2018,4182.0
mwi,2019,4137.0
mwi,2020,4120.0
mwi,2021,4144.0
mwi,2022,4198.0
mwi,2023,4267.0
mwi,2024,4348.0
mys,1991,2253.0
mys,1992,2114.0
mys,1993,2044.0
mys,1994,2062.0
mys,1995,2136.0
mys,1996,2204.0
mys,1997,2221.0
mys,1998,2186.0
mys,1999,2111.0
mys,2000,2031.0
mys,2001,2003.0
mys,2002,2053.0
mys,2003,2135.0
mys,2004,2195.0
mys,2005,2224.0
mys,2006,2235.0
mys,2007,2235.0
mys,2008,2241.0
mys,2009,2268.0
mys,2010,2302.0
mys,2011,2307.0
mys,2012,2262.0
mys,2013,2205.0
mys,2014,2168.0
mys,2015,2158.0
mys,2016,2168.0
mys,2017,2183.0
mys,2018,2167.0
mys,2019,2094.0
mys,2020,2009.0
mys,2021,1983.0
mys,2022,2046.0
mys,2023,2143.0
mys,2024,2214.0
nam,1991,457.00
nam,1992,474.00
nam,1993,493.00
nam,1994,511.00
nam,1995,532.00
nam,1996,555.00
nam,1997,579.00
nam,1998,605.00
nam,1999,632.00
nam,2000,656.00
nam,2001,678.00
nam,2002,697.00
nam,2003,709.00
nam,2004,714.00
nam,2005,717.00
nam,2006,718.00
nam,2007,720.00
nam,2008,724.00
nam,2009,733.00
nam,2010,745.00
nam,2011,763.00
nam,2012,786.00
nam,2013,807.00
nam,2014,818.00
nam,2015,820.00
nam,2016,807.00
nam,2017,782.00
nam,2018,755.00
nam,2019,730.00
nam,2020,708.00
nam,2021,690.00
nam,2022,671.00
nam,2023,646.00
nam,2024,622.00
ner,1991,2935.0
ner,1992,2991.0
ner,1993,3060.0
ner,1994,3140.0
ner,1995,3232.0
ner,1996,3343.0
ner,1997,3468.0
ner,1998,3590.0
ner,1999,3718.0
ner,2000,3863.0
ner,2001,4007.0
ner,2002,4149.0
ner,2003,4270.0
ner,2004,4381.0
ner,2005,4472.0
ner,2006,4557.0
ner,2007,4632.0
ner,2008,4714.0
ner,2009,4784.0
ner,2010,4860.0
ner,2011,4949.0
ner,2012,5051.0
ner,2013,5180.0
ner,2014,5341.0
ner,2015,5531.0
ner,2016,5732.0
ner,2017,5937.0
ner,2018,6155.0
ner,2019,6357.0
ner,2020,6566.0
ner,2021,6788.0
ner,2022,7023.0
ner,2023,7253.0
ner,2024,7500.0
nga,1991,33628
nga,1992,34008
nga,1993,34455
nga,1994,34995
nga,1995,35558
nga,1996,36245
nga,1997,36926
nga,1998,37623
nga,1999,38305
nga,2000,38859
nga,2001,39320
nga,2002,39572
nga,2003,39758
nga,2004,39788
nga,2005,39787
nga,2006,39639
nga,2007,39431
nga,2008,39126
nga,2009,38807
nga,2010,38564
nga,2011,38449
nga,2012,38413
nga,2013,38393
nga,2014,38364
nga,2015,38240
nga,2016,38145
nga,2017,38006
nga,2018,38024
nga,2019,38098
nga,2020,38417
nga,2021,38986
nga,2022,39692
nga,2023,40406
nga,2024,41321
nic,1991,1076.0
nic,1992,957.00
nic,1993,966.00
nic,1994,974.00
nic,1995,982.00
nic,1996,985.00
nic,1997,985.00
nic,1998,979.00
nic,1999,1097.0
nic,2000,958.00
nic,2001,946.00
nic,2002,933.00
nic,2003,919.00
nic,2004,904.00
nic,2005,890.00
nic,2006,877.00
nic,2007,867.00
nic,2008,859.00
nic,2009,852.00
nic,2010,845.00
nic,2011,838.00
nic,2012,831.00
nic,2013,823.00
nic,2014,813.00
nic,2015,801.00
nic,2016,788.00
nic,2017,773.00
nic,2018,757.00
nic,2019,740.00
nic,2020,724.00
nic,2021,710.00
nic,2022,696.00
nic,2023,681.00
nic,2024,668.00
niu,1991,0.0000
niu,1992,0.0000
niu,1993,0.0000
niu,1994,0.0000
niu,1995,0.0000
niu,1996,0.0000
niu,1997,0.0000
niu,1998,0.0000
niu,1999,0.0000
niu,2000,0.0000
niu,2001,0.0000
niu,2002,0.0000
niu,2003,0.0000
niu,2004,0.0000
niu,2005,0.0000
niu,2006,0.0000
niu,2007,0.0000
niu,2008,0.0000
niu,2009,0.0000
niu,2010,0.0000
niu,2011,0.0000
niu,2012,0.0000
niu,2013,0.0000
niu,2014,0.0000
niu,2015,0.0000
niu,2016,0.0000
niu,2017,0.0000
niu,2018,0.0000
niu,2019,0.0000
niu,2020,0.0000
niu,2021,0.0000
niu,2022,0.0000
niu,2023,0.0000
niu,2024,0.0000
nld,1991,659.00
nld,1992,651.00
nld,1993,638.00
nld,1994,619.00
nld,1995,588.00
nld,1996,550.00
nld,1997,517.00
nld,1998,489.00
nld,1999,471.00
nld,2000,459.00
nld,2001,449.00
nld,2002,440.00
nld,2003,426.00
nld,2004,407.00
nld,2005,386.00
nld,2006,368.00
nld,2007,350.00
nld,2008,338.00
nld,2009,330.00
nld,2010,325.00
nld,2011,321.00
nld,2012,318.00
nld,2013,314.00
nld,2014,308.00
nld,2015,305.00
nld,2016,303.00
nld,2017,302.00
nld,2018,303.00
nld,2019,308.00
nld,2020,315.00
nld,2021,324.00
nld,2022,335.00
nld,2023,350.00
nld,2024,362.00
nor,1991,226.00
nor,1992,217.00
nor,1993,211.00
nor,1994,204.00
nor,1995,198.00
nor,1996,193.00
nor,1997,191.00
nor,1998,190.00
nor,1999,192.00
nor,2000,196.00
nor,2001,198.00
nor,2002,197.00
nor,2003,193.00
nor,2004,188.00
nor,2005,180.00
nor,2006,172.00
nor,2007,167.00
nor,2008,164.00
nor,2009,165.00
nor,2010,166.00
nor,2011,165.00
nor,2012,161.00
nor,2013,155.00
nor,2014,145.00
nor,2015,137.00
nor,2016,131.00
nor,2017,127.00
nor,2018,126.00
nor,2019,126.00
nor,2020,126.00
nor,2021,126.00
nor,2022,125.00
nor,2023,125.00
nor,2024,128.00
npl,1991,3432.0
npl,1992,3482.0
npl,1993,3544.0
npl,1994,3590.0
npl,1995,3613.0
npl,1996,3631.0
npl,1997,3644.0
npl,1998,3649.0
npl,1999,3661.0
npl,2000,3675.0
npl,2001,3681.0
npl,2002,3690.0
npl,2003,4601.0
npl,2004,3701.0
npl,2005,4231.0
npl,2006,3688.0
npl,2007,3661.0
npl,2008,3623.0
npl,2009,3577.0
npl,2010,3532.0
npl,2011,3498.0
npl,2012,3466.0
npl,2013,3443.0
npl,2014,3439.0
npl,2015,3467.0
npl,2016,4173.0
npl,2017,3592.0
npl,2018,3601.0
npl,2019,3588.0
npl,2020,3533.0
npl,2021,3430.0
npl,2022,3401.0
npl,2023,3371.0
npl,2024,3278.0
nru,1991,1.0000
nru,1992,1.0000
nru,1993,1.0000
nru,1994,1.0000
nru,1995,1.0000
nru,1996,1.0000
nru,1997,1.0000
nru,1998,1.0000
nru,1999,1.0000
nru,2000,1.0000
nru,2001,1.0000
nru,2002,1.0000
nru,2003,1.0000
nru,2004,1.0000
nru,2005,1.0000
nru,2006,1.0000
nru,2007,1.0000
nru,2008,1.0000
nru,2009,1.0000
nru,2010,1.0000
nru,2011,1.0000
nru,2012,1.0000
nru,2013,1.0000
nru,2014,1.0000
nru,2015,1.0000
nru,2016,1.0000
nru,2017,1.0000
nru,2018,1.0000
nru,2019,1.0000
nru,2020,1.0000
nru,2021,1.0000
nru,2022,1.0000
nru,2023,1.0000
nru,2024,0.0000
nzl,1991,352.00
nzl,1992,350.00
nzl,1993,342.00
nzl,1994,328.00
nzl,1995,314.00
nzl,1996,296.00
nzl,1997,277.00
nzl,1998,258.00
nzl,1999,237.00
nzl,2000,220.00
nzl,2001,206.00
nzl,2002,200.00
nzl,2003,200.00
nzl,2004,204.00
nzl,2005,205.00
nzl,2006,205.00
nzl,2007,204.00
nzl,2008,201.00
nzl,2009,199.00
nzl,2010,198.00
nzl,2011,196.00
nzl,2012,194.00
nzl,2013,190.00
nzl,2014,187.00
nzl,2015,187.00
nzl,2016,189.00
nzl,2017,192.00
nzl,2018,192.00
nzl,2019,191.00
nzl,2020,190.00
nzl,2021,187.00
nzl,2022,182.00
nzl,2023,177.00
nzl,2024,174.00
omn,1991,162.00
omn,1992,164.00
omn,1993,166.00
omn,1994,169.00
omn,1995,168.00
omn,1996,168.00
omn,1997,169.00
omn,1998,170.00
omn,1999,172.00
omn,2000,175.00
omn,2001,179.00
omn,2002,182.00
omn,2003,183.00
omn,2004,184.00
omn,2005,190.00
omn,2006,200.00
omn,2007,210.00
omn,2008,218.00
omn,2009,223.00
omn,2010,224.00
omn,2011,222.00
omn,2012,244.00
omn,2013,273.00
omn,2014,275.00
omn,2015,264.00
omn,2016,257.00
omn,2017,262.00
omn,2018,260.00
omn,2019,245.00
omn,2020,228.00
omn,2021,211.00
omn,2022,199.00
omn,2023,219.00
omn,2024,254.00
pak,1991,21839
pak,1992,22269
pak,1993,22525
pak,1994,22762
pak,1995,23102
pak,1996,23465
pak,1997,23878
pak,1998,24273
pak,1999,24636
pak,2000,24947
pak,2001,25337
pak,2002,25822
pak,2003,26147
pak,2004,26480
pak,2005,26791
pak,2006,32012
pak,2007,27216
pak,2008,27441
pak,2009,27785
pak,2010,28087
pak,2011,28517
pak,2012,28752
pak,2013,28860
pak,2014,28717
pak,2015,28553
pak,2016,28241
pak,2017,28038
pak,2018,27931
pak,2019,27945
pak,2020,28252
pak,2021,28586
pak,2022,29031
pak,2023,29210
pak,2024,29329
pan,1991,328.00
pan,1992,344.00
pan,1993,363.00
pan,1994,380.00
pan,1995,390.00
pan,1996,393.00
pan,1997,390.00
pan,1998,379.00
pan,1999,367.00
pan,2000,353.00
pan,2001,342.00
pan,2002,335.00
pan,2003,333.00
pan,2004,336.00
pan,2005,344.00
pan,2006,357.00
pan,2007,379.00
pan,2008,411.00
pan,2009,446.00
pan,2010,477.00
pan,2011,499.00
pan,2012,509.00
pan,2013,506.00
pan,2014,493.00
pan,2015,474.00
pan,2016,454.00
pan,2017,440.00
pan,2018,435.00
pan,2019,433.00
pan,2020,434.00
pan,2021,433.00
pan,2022,430.00
pan,2023,426.00
pan,2024,421.00
per,1991,4170.0
per,1992,4145.0
per,1993,4087.0
per,1994,4000.0
per,1995,3887.0
per,1996,3763.0
per,1997,3624.0
per,1998,3478.0
per,1999,3338.0
per,2000,3207.0
per,2001,3080.0
per,2002,2957.0
per,2003,2844.0
per,2004,2737.0
per,2005,2639.0
per,2006,2549.0
per,2007,2470.0
per,2008,2405.0
per,2009,2352.0
per,2010,2307.0
per,2011,2263.0
per,2012,2203.0
per,2013,2127.0
per,2014,2049.0
per,2015,1989.0
per,2016,1965.0
per,2017,2001.0
per,2018,2100.0
per,2019,2232.0
per,2020,2331.0
per,2021,2371.0
per,2022,2379.0
per,2023,2370.0
per,2024,2359.0
phl,1991,10690
phl,1992,10220
phl,1993,9788.0
phl,1994,9428.0
phl,1995,9104.0
phl,1996,8865.0
phl,1997,8738.0
phl,1998,8737.0
phl,1999,8916.0
phl,2000,9238.0
phl,2001,9602.0
phl,2002,9939.0
phl,2003,10196
phl,2004,10372
phl,2005,10462
phl,2006,10489
phl,2007,10478
phl,2008,10507
phl,2009,10567
phl,2010,10654
phl,2011,10840
phl,2012,11086
phl,2013,11376
phl,2014,11660
phl,2015,11888
phl,2016,12070
phl,2017,12130
phl,2018,12077
phl,2019,12022
phl,2020,12066
phl,2021,12243
phl,2022,12527
phl,2023,12829
phl,2024,13053
plw,1991,3.0000
plw,1992,3.0000
plw,1993,3.0000
plw,1994,3.0000
plw,1995,3.0000
plw,1996,3.0000
plw,1997,3.0000
plw,1998,3.0000
plw,1999,3.0000
plw,2000,3.0000
plw,2001,3.0000
plw,2002,3.0000
plw,2003,3.0000
plw,2004,4.0000
plw,2005,4.0000
plw,2006,3.0000
plw,2007,3.0000
plw,2008,3.0000
plw,2009,3.0000
plw,2010,3.0000
plw,2011,4.0000
plw,2012,4.0000
plw,2013,4.0000
plw,2014,4.0000
plw,2015,5.0000
plw,2016,5.0000
plw,2017,5.0000
plw,2018,4.0000
plw,2019,5.0000
plw,2020,4.0000
plw,2021,4.0000
plw,2022,4.0000
plw,2023,4.0000
plw,2024,4.0000
png,1991,841.00
png,1992,853.00
png,1993,876.00
png,1994,903.00
png,1995,931.00
png,1996,963.00
png,1997,994.00
png,1998,1024.0
png,1999,1190.0
png,2000,1082.0
png,2001,1111.0
png,2002,1137.0
png,2003,1162.0
png,2004,1189.0
png,2005,1218.0
png,2006,1249.0
png,2007,1282.0
png,2008,1315.0
png,2009,1350.0
png,2010,1384.0
png,2011,1414.0
png,2012,1438.0
png,2013,1456.0
png,2014,1472.0
png,2015,1483.0
png,2016,1492.0
png,2017,1499.0
png,2018,1508.0
png,2019,1512.0
png,2020,1517.0
png,2021,1520.0
png,2022,1521.0
png,2023,1519.0
png,2024,1516.0
pol,1991,2465.0
pol,1992,2506.0
pol,1993,2506.0
pol,1994,2468.0
pol,1995,2431.0
pol,1996,2435.0
pol,1997,2475.0
pol,1998,2514.0
pol,1999,2524.0
pol,2000,2497.0
pol,2001,2438.0
pol,2002,2358.0
pol,2003,2288.0
pol,2004,2263.0
pol,2005,2259.0
pol,2006,2263.0
pol,2007,2261.0
pol,2008,2226.0
pol,2009,2151.0
pol,2010,2040.0
pol,2011,1947.0
pol,2012,1878.0
pol,2013,1789.0
pol,2014,1684.0
pol,2015,1574.0
pol,2016,1465.0
pol,2017,1367.0
pol,2018,1297.0
pol,2019,1256.0
pol,2020,1231.0
pol,2021,1208.0
pol,2022,1176.0
pol,2023,1145.0
pol,2024,1106.0
prk,1991,3723.0
prk,1992,3859.0
prk,1993,3924.0
prk,1994,3895.0
prk,1995,3769.0
prk,1996,5758.0
prk,1997,5401.0
prk,1998,4981.0
prk,1999,4620.0
prk,2000,4397.0
prk,2001,4254.0
prk,2002,4202.0
prk,2003,4232.0
prk,2004,2552.0
prk,2005,2571.0
prk,2006,2595.0
prk,2007,2610.0
prk,2008,2622.0
prk,2009,2592.0
prk,2010,2573.0
prk,2011,2545.0
prk,2012,2513.0
prk,2013,2473.0
prk,2014,2422.0
prk,2015,2367.0
prk,2016,2309.0
prk,2017,2268.0
prk,2018,2173.0
prk,2019,2117.0
prk,2020,2055.0
prk,2021,2013.0
prk,2022,1979.0
prk,2023,1959.0
prk,2024,1934.0
prt,1991,976.00
prt,1992,985.00
prt,1993,987.00
prt,1994,980.00
prt,1995,972.00
prt,1996,969.00
prt,1997,962.00
prt,1998,938.00
prt,1999,891.00
prt,2000,826.00
prt,2001,753.00
prt,2002,680.00
prt,2003,609.00
prt,2004,548.00
prt,2005,496.00
prt,2006,450.00
prt,2007,407.00
prt,2008,367.00
prt,2009,332.00
prt,2010,301.00
prt,2011,275.00
prt,2012,251.00
prt,2013,231.00
prt,2014,213.00
prt,2015,199.00
prt,2016,190.00
prt,2017,182.00
prt,2018,179.00
prt,2019,179.00
prt,2020,182.00
prt,2021,189.00
prt,2022,196.00
prt,2023,202.00
prt,2024,208.00
pry,1991,754.00
pry,1992,746.00
pry,1993,739.00
pry,1994,735.00
pry,1995,732.00
pry,1996,731.00
pry,1997,733.00
pry,1998,739.00
pry,1999,746.00
pry,2000,758.00
pry,2001,773.00
pry,2002,790.00
pry,2003,808.00
pry,2004,824.00
pry,2005,841.00
pry,2006,855.00
pry,2007,865.00
pry,2008,871.00
pry,2009,873.00
pry,2010,874.00
pry,2011,874.00
pry,2012,871.00
pry,2013,870.00
pry,2014,866.00
pry,2015,858.00
pry,2016,849.00
pry,2017,838.00
pry,2018,825.00
pry,2019,812.00
pry,2020,797.00
pry,2021,781.00
pry,2022,763.00
pry,2023,739.00
pry,2024,716.00
pse,1991,248.00
pse,1992,210.00
pse,1993,260.00
pse,1994,284.00
pse,1995,229.00
pse,1996,274.00
pse,1997,243.00
pse,1998,251.00
pse,1999,257.00
pse,2000,263.00
pse,2001,435.00
pse,2002,639.00
pse,2003,402.00
pse,2004,479.00
pse,2005,527.00
pse,2006,361.00
pse,2007,488.00
pse,2008,503.00
pse,2009,441.00
pse,2010,465.00
pse,2011,344.00
pse,2012,354.00
pse,2013,360.00
pse,2014,367.00
pse,2015,715.00
pse,2016,370.00
pse,2017,370.00
pse,2018,365.00
pse,2019,358.00
pse,2020,351.00
pse,2021,347.00
pse,2022,345.00
pse,2023,345.00
pse,2024,3331.0
qat,1991,28.000
qat,1992,29.000
qat,1993,30.000
qat,1994,31.000
qat,1995,31.000
qat,1996,30.000
qat,1997,29.000
qat,1998,30.000
qat,1999,34.000
qat,2000,38.000
qat,2001,41.000
qat,2002,44.000
qat,2003,47.000
qat,2004,48.000
qat,2005,47.000
qat,2006,48.000
qat,2007,66.000
qat,2008,99.000
qat,2009,117.00
qat,2010,113.00
qat,2011,108.00
qat,2012,105.00
qat,2013,103.00
qat,2014,101.00
qat,2015,102.00
qat,2016,106.00
qat,2017,106.00
qat,2018,103.00
qat,2019,96.000
qat,2020,85.000
qat,2021,74.000
qat,2022,69.000
qat,2023,65.000
qat,2024,57.000
rks,1991,314.00
rks,1992,311.00
rks,1993,309.00
rks,1994,307.00
rks,1995,304.00
rks,1996,302.00
rks,1997,301.00
rks,1998,297.00
rks,1999,255.00
rks,2000,195.00
rks,2001,174.00
rks,2002,177.00
rks,2003,181.00
rks,2004,185.00
rks,2005,188.00
rks,2006,188.00
rks,2007,187.00
rks,2008,182.00
rks,2009,177.00
rks,2010,168.00
rks,2011,159.00
rks,2012,154.00
rks,2013,151.00
rks,2014,148.00
rks,2015,141.00
rks,2016,131.00
rks,2017,124.00
rks,2018,121.00
rks,2019,118.00
rks,2020,112.00
rks,2021,111.00
rks,2022,110.00
rks,2023,107.00
rks,2024,104.00
rou,1991,1997.0
rou,1992,2001.0
rou,1993,1950.0
rou,1994,1844.0
rou,1995,1787.0
rou,1996,1756.0
rou,1997,1707.0
rou,1998,1633.0
rou,1999,1537.0
rou,2000,1444.0
rou,2001,1377.0
rou,2002,1330.0
rou,2003,1248.0
rou,2004,1122.0
rou,2005,1013.0
rou,2006,960.00
rou,2007,959.00
rou,2008,1022.0
rou,2009,1137.0
rou,2010,1231.0
rou,2011,1217.0
rou,2012,1114.0
rou,2013,979.00
rou,2014,849.00
rou,2015,737.00
rou,2016,651.00
rou,2017,595.00
rou,2018,564.00
rou,2019,552.00
rou,2020,552.00
rou,2021,555.00
rou,2022,555.00
rou,2023,540.00
rou,2024,505.00
rus,1991,16296
rus,1992,17637
rus,1993,20056
rus,1994,23260
rus,1995,25972
rus,1996,26941
rus,1997,27093
rus,1998,27622
rus,1999,28783
rus,2000,30220
rus,2001,31312
rus,2002,31285
rus,2003,30453
rus,2004,29567
rus,2005,28562
rus,2006,27641
rus,2007,26947
rus,2008,25927
rus,2009,24088
rus,2010,22170
rus,2011,20557
rus,2012,18912
rus,2013,17089
rus,2014,15102
rus,2015,13035
rus,2016,11017
rus,2017,9320.0
rus,2018,8064.0
rus,2019,7269.0
rus,2020,6849.0
rus,2021,6701.0
rus,2022,6736.0
rus,2023,10221
rus,2024,14076
rwa,1991,5629.0
rwa,1992,6955.0
rwa,1993,6616.0
rwa,1994,7208.0
rwa,1995,143620
rwa,1996,5050.0
rwa,1997,5878.0
rwa,1998,7805.0
rwa,1999,7845.0
rwa,2000,5437.0
rwa,2001,4726.0
rwa,2002,4103.0
rwa,2003,3610.0
rwa,2004,3263.0
rwa,2005,3005.0
rwa,2006,2779.0
rwa,2007,2571.0
rwa,2008,2382.0
rwa,2009,2223.0
rwa,2010,2101.0
rwa,2011,2001.0
rwa,2012,1933.0
rwa,2013,1883.0
rwa,2014,1840.0
rwa,2015,1785.0
rwa,2016,1727.0
rwa,2017,1658.0
rwa,2018,1583.0
rwa,2019,1514.0
rwa,2020,1457.0
rwa,2021,1416.0
rwa,2022,1397.0
rwa,2023,1404.0
rwa,2024,1435.0
sau,1991,1219.0
sau,1992,1251.0
sau,1993,1287.0
sau,1994,1322.0
sau,1995,1367.0
sau,1996,1411.0
sau,1997,1460.0
sau,1998,1508.0
sau,1999,1565.0
sau,2000,1631.0
sau,2001,1741.0
sau,2002,1904.0
sau,2003,2098.0
sau,2004,2311.0
sau,2005,2544.0
sau,2006,2787.0
sau,2007,3029.0
sau,2008,3246.0
sau,2009,3428.0
sau,2010,3578.0
sau,2011,3666.0
sau,2012,3693.0
sau,2013,3663.0
sau,2014,3563.0
sau,2015,3412.0
sau,2016,3226.0
sau,2017,3006.0
sau,2018,2744.0
sau,2019,2518.0
sau,2020,2461.0
sau,2021,2487.0
sau,2022,2527.0
sau,2023,2580.0
sau,2024,2563.0
sdn,1991,10325
sdn,1992,10428
sdn,1993,10550
sdn,1994,10646
sdn,1995,10711
sdn,1996,10747
sdn,1997,10690
sdn,1998,10612
sdn,1999,10647
sdn,2000,10764
sdn,2001,10932
sdn,2002,11123
sdn,2003,13097
sdn,2004,14953
sdn,2005,17941
sdn,2006,17477
sdn,2007,13338
sdn,2008,11548
sdn,2009,13483
sdn,2010,11775
sdn,2011,11827
sdn,2012,11808
sdn,2013,11885
sdn,2014,12065
sdn,2015,12365
sdn,2016,12748
sdn,2017,13094
sdn,2018,13489
sdn,2019,13842
sdn,2020,13993
sdn,2021,14076
sdn,2022,14165
sdn,2023,14247
sdn,2024,16960
sen,1991,1838.0
sen,1992,1867.0
sen,1993,1899.0
sen,1994,1932.0
sen,1995,1963.0
sen,1996,1995.0
sen,1997,2023.0
sen,1998,2049.0
sen,1999,2075.0
sen,2000,2100.0
sen,2001,2122.0
sen,2002,2139.0
sen,2003,2153.0
sen,2004,2154.0
sen,2005,2143.0
sen,2006,2121.0
sen,2007,2085.0
sen,2008,2039.0
sen,2009,1984.0
sen,2010,1919.0
sen,2011,1852.0
sen,2012,1793.0
sen,2013,1735.0
sen,2014,1687.0
sen,2015,1650.0
sen,2016,1621.0
sen,2017,1601.0
sen,2018,1602.0
sen,2019,1623.0
sen,2020,1657.0
sen,2021,1696.0
sen,2022,1739.0
sen,2023,1777.0
sen,2024,1808.0
sgp,1991,208.00
sgp,1992,192.00
sgp,1993,182.00
sgp,1994,177.00
sgp,1995,175.00
sgp,1996,176.00
sgp,1997,178.00
sgp,1998,180.00
sgp,1999,179.00
sgp,2000,178.00
sgp,2001,181.00
sgp,2002,184.00
sgp,2003,184.00
sgp,2004,176.00
sgp,2005,169.00
sgp,2006,165.00
sgp,2007,163.00
sgp,2008,165.00
sgp,2009,170.00
sgp,2010,173.00
sgp,2011,172.00
sgp,2012,173.00
sgp,2013,173.00
sgp,2014,170.00
sgp,2015,165.00
sgp,2016,160.00
sgp,2017,155.00
sgp,2018,150.00
sgp,2019,147.00
sgp,2020,146.00
sgp,2021,144.00
sgp,2022,142.00
sgp,2023,147.00
sgp,2024,152.00
slb,1991,46.000
slb,1992,47.000
slb,1993,48.000
slb,1994,50.000
slb,1995,52.000
slb,1996,53.000
slb,1997,55.000
slb,1998,56.000
slb,1999,56.000
slb,2000,58.000
slb,2001,59.000
slb,2002,59.000
slb,2003,60.000
slb,2004,60.000
slb,2005,61.000
slb,2006,61.000
slb,2007,61.000
slb,2008,61.000
slb,2009,60.000
slb,2010,60.000
slb,2011,60.000
slb,2012,61.000
slb,2013,62.000
slb,2014,64.000
slb,2015,66.000
slb,2016,67.000
slb,2017,70.000
slb,2018,71.000
slb,2019,74.000
slb,2020,77.000
slb,2021,78.000
slb,2022,81.000
slb,2023,82.000
slb,2024,83.000
sle,1991,1913.0
sle,1992,1935.0
sle,1993,1900.0
sle,1994,1894.0
sle,1995,2173.0
sle,1996,2334.0
sle,1997,1912.0
sle,1998,1943.0
sle,1999,2725.0
sle,2000,3829.0
sle,2001,2017.0
sle,2002,2137.0
sle,2003,2261.0
sle,2004,2349.0
sle,2005,2417.0
sle,2006,2469.0
sle,2007,2503.0
sle,2008,2536.0
sle,2009,2568.0
sle,2010,2601.0
sle,2011,2627.0
sle,2012,2652.0
sle,2013,2677.0
sle,2014,2706.0
sle,2015,2727.0
sle,2016,2746.0
sle,2017,2764.0
sle,2018,2779.0
sle,2019,2808.0
sle,2020,2835.0
sle,2021,2869.0
sle,2022,2902.0
sle,2023,2950.0
sle,2024,3004.0
slv,1991,1894.0
slv,1992,1244.0
slv,1993,1169.0
slv,1994,1150.0
slv,1995,1172.0
slv,1996,1213.0
slv,1997,1243.0
slv,1998,1254.0
slv,1999,1254.0
slv,2000,1251.0
slv,2001,1246.0
slv,2002,1240.0
slv,2003,1240.0
slv,2004,1252.0
slv,2005,1273.0
slv,2006,1282.0
slv,2007,1258.0
slv,2008,1216.0
slv,2009,1169.0
slv,2010,1118.0
slv,2011,1063.0
slv,2012,1007.0
slv,2013,975.00
slv,2014,1007.0
slv,2015,1114.0
slv,2016,1238.0
slv,2017,1291.0
slv,2018,1253.0
slv,2019,1152.0
slv,2020,1026.0
slv,2021,914.00
slv,2022,837.00
slv,2023,783.00
slv,2024,740.00
smr,1991,3.0000
smr,1992,1.0000
smr,1993,1.0000
smr,1994,1.0000
smr,1995,1.0000
smr,1996,1.0000
smr,1997,1.0000
smr,1998,1.0000
smr,1999,1.0000
smr,2000,1.0000
smr,2001,1.0000
smr,2002,1.0000
smr,2003,1.0000
smr,2004,1.0000
smr,2005,1.0000
smr,2006,0.0000
smr,2007,0.0000
smr,2008,0.0000
smr,2009,0.0000
smr,2010,0.0000
smr,2011,0.0000
smr,2012,0.0000
smr,2013,0.0000
smr,2014,0.0000
smr,2015,0.0000
smr,2016,0.0000
smr,2017,0.0000
smr,2018,0.0000
smr,2019,0.0000
smr,2020,0.0000
smr,2021,0.0000
smr,2022,0.0000
smr,2023,0.0000
smr,2024,0.0000
som,1991,6654.0
som,1992,9321.0
som,1993,7779.0
som,1994,3622.0
som,1995,3785.0
som,1996,3904.0
som,1997,4035.0
som,1998,4174.0
som,1999,4360.0
som,2000,4565.0
som,2001,4780.0
som,2002,5003.0
som,2003,5222.0
som,2004,5437.0
som,2005,5650.0
som,2006,5856.0
som,2007,6023.0
som,2008,6164.0
som,2009,6242.0
som,2010,6231.0
som,2011,6124.0
som,2012,10070
som,2013,6377.0
som,2014,5803.0
som,2015,6858.0
som,2016,6290.0
som,2017,7850.0
som,2018,8782.0
som,2019,8288.0
som,2020,7328.0
som,2021,7472.0
som,2022,7610.0
som,2023,10147
som,2024,9693.0
srb,1991,422.00
srb,1992,480.00
srb,1993,488.00
srb,1994,432.00
srb,1995,374.00
srb,1996,352.00
srb,1997,366.00
srb,1998,402.00
srb,1999,445.00
srb,2000,468.00
srb,2001,449.00
srb,2002,404.00
srb,2003,368.00
srb,2004,351.00
srb,2005,349.00
srb,2006,352.00
srb,2007,352.00
srb,2008,339.00
srb,2009,314.00
srb,2010,285.00
srb,2011,260.00
srb,2012,242.00
srb,2013,228.00
srb,2014,213.00
srb,2015,202.00
srb,2016,191.00
srb,2017,182.00
srb,2018,175.00
srb,2019,171.00
srb,2020,168.00
srb,2021,168.00
srb,2022,170.00
srb,2023,169.00
srb,2024,165.00
ssd,1991,10018
ssd,1992,10170
ssd,1993,17199
ssd,1994,17360
ssd,1995,3588.0
ssd,1996,10603
ssd,1997,10607
ssd,1998,10601
ssd,1999,19285
ssd,2000,5420.0
ssd,2001,4592.0
ssd,2002,4618.0
ssd,2003,4627.0
ssd,2004,3793.0
ssd,2005,3799.0
ssd,2006,3807.0
ssd,2007,3787.0
ssd,2008,3729.0
ssd,2009,3657.0
ssd,2010,3665.0
ssd,2011,3817.0
ssd,2012,4019.0
ssd,2013,4209.0
ssd,2014,4399.0
ssd,2015,9219.0
ssd,2016,10313
ssd,2017,10837
ssd,2018,9804.0
ssd,2019,4757.0
ssd,2020,3483.0
ssd,2021,3848.0
ssd,2022,4155.0
ssd,2023,4491.0
ssd,2024,5001.0
stp,1991,36.000
stp,1992,35.000
stp,1993,33.000
stp,1994,32.000
stp,1995,31.000
stp,1996,31.000
stp,1997,31.000
stp,1998,32.000
stp,1999,33.000
stp,2000,34.000
stp,2001,35.000
stp,2002,37.000
stp,2003,38.000
stp,2004,38.000
stp,2005,40.000
stp,2006,40.000
stp,2007,40.000
stp,2008,41.000
stp,2009,41.000
stp,2010,42.000
stp,2011,42.000
stp,2012,44.000
stp,2013,45.000
stp,2014,46.000
stp,2015,46.000
stp,2016,45.000
stp,2017,45.000
stp,2018,45.000
stp,2019,45.000
stp,2020,45.000
stp,2021,46.000
stp,2022,47.000
stp,2023,49.000
stp,2024,50.000
sur,1991,67.000
sur,1992,67.000
sur,1993,67.000
sur,1994,66.000
sur,1995,63.000
sur,1996,61.000
sur,1997,59.000
sur,1998,57.000
sur,1999,55.000
sur,2000,54.000
sur,2001,55.000
sur,2002,56.000
sur,2003,59.000
sur,2004,62.000
sur,2005,65.000
sur,2006,66.000
sur,2007,68.000
sur,2008,68.000
sur,2009,68.000
sur,2010,66.000
sur,2011,63.000
sur,2012,61.000
sur,2013,58.000
sur,2014,55.000
sur,2015,53.000
sur,2016,53.000
sur,2017,54.000
sur,2018,56.000
sur,2019,58.000
sur,2020,60.000
sur,2021,62.000
sur,2022,63.000
sur,2023,65.000
sur,2024,63.000
svk,1991,297.00
svk,1992,297.00
svk,1993,300.00
svk,1994,307.00
svk,1995,315.00
svk,1996,322.00
svk,1997,329.00
svk,1998,332.00
svk,1999,331.00
svk,2000,327.00
svk,2001,321.00
svk,2002,311.00
svk,2003,301.00
svk,2004,291.00
svk,2005,281.00
svk,2006,272.00
svk,2007,265.00
svk,2008,256.00
svk,2009,247.00
svk,2010,238.00
svk,2011,228.00
svk,2012,220.00
svk,2013,212.00
svk,2014,205.00
svk,2015,196.00
svk,2016,185.00
svk,2017,174.00
svk,2018,163.00
svk,2019,153.00
svk,2020,145.00
svk,2021,138.00
svk,2022,132.00
svk,2023,126.00
svk,2024,121.00
svn,1991,155.00
svn,1992,150.00
svn,1993,146.00
svn,1994,142.00
svn,1995,140.00
svn,1996,138.00
svn,1997,137.00
svn,1998,133.00
svn,1999,130.00
svn,2000,127.00
svn,2001,125.00
svn,2002,121.00
svn,2003,116.00
svn,2004,111.00
svn,2005,104.00
svn,2006,97.000
svn,2007,91.000
svn,2008,85.000
svn,2009,80.000
svn,2010,76.000
svn,2011,69.000
svn,2012,64.000
svn,2013,58.000
svn,2014,52.000
svn,2015,48.000
svn,2016,44.000
svn,2017,41.000
svn,2018,39.000
svn,2019,37.000
svn,2020,35.000
svn,2021,34.000
svn,2022,33.000
svn,2023,30.000
svn,2024,29.000
swe,1991,363.00
swe,1992,338.00
swe,1993,314.00
swe,1994,294.00
swe,1995,281.00
swe,1996,274.00
swe,1997,267.00
swe,1998,261.00
swe,1999,257.00
swe,2000,257.00
swe,2001,259.00
swe,2002,263.00
swe,2003,267.00
swe,2004,269.00
swe,2005,269.00
swe,2006,268.00
swe,2007,268.00
swe,2008,268.00
swe,2009,271.00
swe,2010,276.00
swe,2011,281.00
swe,2012,286.00
swe,2013,288.00
swe,2014,289.00
swe,2015,288.00
swe,2016,285.00
swe,2017,279.00
swe,2018,272.00
swe,2019,265.00
swe,2020,259.00
swe,2021,252.00
swe,2022,247.00
swe,2023,245.00
swe,2024,243.00
swz,1991,266.00
swz,1992,275.00
swz,1993,284.00
swz,1994,288.00
swz,1995,275.00
swz,1996,266.00
swz,1997,273.00
swz,1998,279.00
swz,1999,286.00
swz,2000,295.00
swz,2001,304.00
swz,2002,313.00
swz,2003,321.00
swz,2004,329.00
swz,2005,336.00
swz,2006,341.00
swz,2007,343.00
swz,2008,346.00
swz,2009,348.00
swz,2010,351.00
swz,2011,354.00
swz,2012,354.00
swz,2013,354.00
swz,2014,351.00
swz,2015,346.00
swz,2016,340.00
swz,2017,335.00
swz,2018,329.00
swz,2019,325.00
swz,2020,324.00
swz,2021,324.00
swz,2022,323.00
swz,2023,320.00
swz,2024,316.00
syc,1991,8.0000
syc,1992,8.0000
syc,1993,8.0000
syc,1994,8.0000
syc,1995,8.0000
syc,1996,8.0000
syc,1997,8.0000
syc,1998,8.0000
syc,1999,8.0000
syc,2000,8.0000
syc,2001,8.0000
syc,2002,8.0000
syc,2003,7.0000
syc,2004,7.0000
syc,2005,6.0000
syc,2006,6.0000
syc,2007,6.0000
syc,2008,6.0000
syc,2009,6.0000
syc,2010,6.0000
syc,2011,6.0000
syc,2012,6.0000
syc,2013,6.0000
syc,2014,6.0000
syc,2015,6.0000
syc,2016,7.0000
syc,2017,7.0000
syc,2018,7.0000
syc,2019,7.0000
syc,2020,7.0000
syc,2021,7.0000
syc,2022,7.0000
syc,2023,6.0000
syc,2024,6.0000
syr,1991,1311.0
syr,1992,1335.0
syr,1993,1355.0
syr,1994,1370.0
syr,1995,1379.0
syr,1996,1374.0
syr,1997,1353.0
syr,1998,1319.0
syr,1999,1273.0
syr,2000,1216.0
syr,2001,1152.0
syr,2002,1094.0
syr,2003,1052.0
syr,2004,1034.0
syr,2005,1043.0
syr,2006,1078.0
syr,2007,1155.0
syr,2008,1260.0
syr,2009,1280.0
syr,2010,1243.0
syr,2011,1224.0
syr,2012,2512.0
syr,2013,9222.0
syr,2014,9066.0
syr,2015,7455.0
syr,2016,9445.0
syr,2017,8013.0
syr,2018,7706.0
syr,2019,6070.0
syr,2020,3549.0
syr,2021,2695.0
syr,2022,1550.0
syr,2023,2433.0
syr,2024,3129.0
tca,1991,1.0000
tca,1992,1.0000
tca,1993,1.0000
tca,1994,1.0000
tca,1995,1.0000
tca,1996,1.0000
tca,1997,1.0000
tca,1998,1.0000
tca,1999,1.0000
tca,2000,1.0000
tca,2001,1.0000
tca,2002,1.0000
tca,2003,1.0000
tca,2004,1.0000
tca,2005,1.0000
tca,2006,1.0000
tca,2007,1.0000
tca,2008,1.0000
tca,2009,1.0000
tca,2010,1.0000
tca,2011,1.0000
tca,2012,1.0000
tca,2013,1.0000
tca,2014,1.0000
tca,2015,1.0000
tca,2016,1.0000
tca,2017,2.0000
tca,2018,2.0000
tca,2019,2.0000
tca,2020,3.0000
tca,2021,3.0000
tca,2022,2.0000
tca,2023,2.0000
tca,2024,2.0000
tcd,1991,3229.0
tcd,1992,1877.0
tcd,1993,2033.0
tcd,1994,2113.0
tcd,1995,2189.0
tcd,1996,2371.0
tcd,1997,2548.0
tcd,1998,2655.0
tcd,1999,2738.0
tcd,2000,2824.0
tcd,2001,2907.0
tcd,2002,2967.0
tcd,2003,3016.0
tcd,2004,3143.0
tcd,2005,3346.0
tcd,2006,3503.0
tcd,2007,3631.0
tcd,2008,3779.0
tcd,2009,3921.0
tcd,2010,4059.0
tcd,2011,4211.0
tcd,2012,4394.0
tcd,2013,4573.0
tcd,2014,4779.0
tcd,2015,4958.0
tcd,2016,5077.0
tcd,2017,5203.0
tcd,2018,5350.0
tcd,2019,5480.0
tcd,2020,5625.0
tcd,2021,5773.0
tcd,2022,5950.0
tcd,2023,6089.0
tcd,2024,6389.0
tgo,1991,889.00
tgo,1992,919.00
tgo,1993,957.00
tgo,1994,962.00
tgo,1995,981.00
tgo,1996,1044.0
tgo,1997,1104.0
tgo,1998,1160.0
tgo,1999,1215.0
tgo,2000,1264.0
tgo,2001,1310.0
tgo,2002,1350.0
tgo,2003,1381.0
tgo,2004,1402.0
tgo,2005,1423.0
tgo,2006,1437.0
tgo,2007,1451.0
tgo,2008,1467.0
tgo,2009,1479.0
tgo,2010,1485.0
tgo,2011,1480.0
tgo,2012,1470.0
tgo,2013,1456.0
tgo,2014,1450.0
tgo,2015,1445.0
tgo,2016,1445.0
tgo,2017,1454.0
tgo,2018,1464.0
tgo,2019,1473.0
tgo,2020,1488.0
tgo,2021,1512.0
tgo,2022,1538.0
tgo,2023,1555.0
tgo,2024,1580.0
tha,1991,10991
tha,1992,11838
tha,1993,12914
tha,1994,14226
tha,1995,15435
tha,1996,16055
tha,1997,15900
tha,1998,15102
tha,1999,13938
tha,2000,12839
tha,2001,12235
tha,2002,12051
tha,2003,11912
tha,2004,11574
tha,2005,10985
tha,2006,10184
tha,2007,9332.0
tha,2008,8596.0
tha,2009,8059.0
tha,2010,7666.0
tha,2011,7380.0
tha,2012,7187.0
tha,2013,7051.0
tha,2014,6975.0
tha,2015,6956.0
tha,2016,7013.0
tha,2017,7132.0
tha,2018,7236.0
tha,2019,7216.0
tha,2020,7082.0
tha,2021,6885.0
tha,2022,6657.0
tha,2023,6433.0
tha,2024,6261.0
tjk,1991,544.00
tjk,1992,669.00
tjk,1993,3039.0
tjk,1994,4508.0
tjk,1995,1675.0
tjk,1996,936.00
tjk,1997,1172.0
tjk,1998,769.00
tjk,1999,690.00
tjk,2000,637.00
tjk,2001,711.00
tjk,2002,572.00
tjk,2003,550.00
tjk,2004,531.00
tjk,2005,514.00
tjk,2006,500.00
tjk,2007,491.00
tjk,2008,483.00
tjk,2009,472.00
tjk,2010,460.00
tjk,2011,565.00
tjk,2012,547.00
tjk,2013,412.00
tjk,2014,399.00
tjk,2015,393.00
tjk,2016,390.00
tjk,2017,394.00
tjk,2018,403.00
tjk,2019,419.00
tjk,2020,440.00
tjk,2021,458.00
tjk,2022,468.00
tjk,2023,467.00
tjk,2024,458.00
tkm,1991,482.00
tkm,1992,493.00
tkm,1993,510.00
tkm,1994,537.00
tkm,1995,582.00
tkm,1996,644.00
tkm,1997,718.00
tkm,1998,786.00
tkm,1999,835.00
tkm,2000,863.00
tkm,2001,869.00
tkm,2002,863.00
tkm,2003,861.00
tkm,2004,868.00
tkm,2005,882.00
tkm,2006,899.00
tkm,2007,908.00
tkm,2008,899.00
tkm,2009,875.00
tkm,2010,852.00
tkm,2011,836.00
tkm,2012,826.00
tkm,2013,814.00
tkm,2014,801.00
tkm,2015,783.00
tkm,2016,761.00
tkm,2017,740.00
tkm,2018,720.00
tkm,2019,701.00
tkm,2020,679.00
tkm,2021,654.00
tkm,2022,623.00
tkm,2023,592.00
tkm,2024,561.00
tls,1991,255.00
tls,1992,291.00
tls,1993,299.00
tls,1994,317.00
tls,1995,322.00
tls,1996,350.00
tls,1997,358.00
tls,1998,364.00
tls,1999,367.00
tls,2000,535.00
tls,2001,146.00
tls,2002,138.00
tls,2003,132.00
tls,2004,123.00
tls,2005,113.00
tls,2006,107.00
tls,2007,104.00
tls,2008,103.00
tls,2009,105.00
tls,2010,112.00
tls,2011,123.00
tls,2012,139.00
tls,2013,162.00
tls,2014,192.00
tls,2015,235.00
tls,2016,284.00
tls,2017,331.00
tls,2018,365.00
tls,2019,388.00
tls,2020,403.00
tls,2021,413.00
tls,2022,423.00
tls,2023,433.00
tls,2024,442.00
ton,1991,9.0000
ton,1992,9.0000
ton,1993,9.0000
ton,1994,9.0000
ton,1995,9.0000
ton,1996,8.0000
ton,1997,8.0000
ton,1998,8.0000
ton,1999,9.0000
ton,2000,9.0000
ton,2001,9.0000
ton,2002,9.0000
ton,2003,10.000
ton,2004,10.000
ton,2005,10.000
ton,2006,10.000
ton,2007,10.000
ton,2008,10.000
ton,2009,10.000
ton,2010,9.0000
ton,2011,9.0000
ton,2012,9.0000
ton,2013,9.0000
ton,2014,9.0000
ton,2015,9.0000
ton,2016,9.0000
ton,2017,9.0000
ton,2018,10.000
ton,2019,10.000
ton,2020,10.000
ton,2021,10.000
ton,2022,10.000
ton,2023,10.000
ton,2024,10.000
tto,1991,147.00
tto,1992,145.00
tto,1993,145.00
tto,1994,146.00
tto,1995,150.00
tto,1996,153.00
tto,1997,155.00
tto,1998,158.00
tto,1999,161.00
tto,2000,165.00
tto,2001,173.00
tto,2002,182.00
tto,2003,193.00
tto,2004,206.00
tto,2005,219.00
tto,2006,233.00
tto,2007,248.00
tto,2008,260.00
tto,2009,263.00
tto,2010,252.00
tto,2011,234.00
tto,2012,211.00
tto,2013,192.00
tto,2014,178.00
tto,2015,169.00
tto,2016,164.00
tto,2017,160.00
tto,2018,157.00
tto,2019,160.00
tto,2020,160.00
tto,2021,154.00
tto,2022,153.00
tto,2023,152.00
tto,2024,171.00
tun,1991,803.00
tun,1992,793.00
tun,1993,788.00
tun,1994,794.00
tun,1995,804.00
tun,1996,811.00
tun,1997,816.00
tun,1998,818.00
tun,1999,818.00
tun,2000,818.00
tun,2001,818.00
tun,2002,821.00
tun,2003,828.00
tun,2004,839.00
tun,2005,846.00
tun,2006,848.00
tun,2007,847.00
tun,2008,844.00
tun,2009,839.00
tun,2010,827.00
tun,2011,813.00
tun,2012,799.00
tun,2013,788.00
tun,2014,784.00
tun,2015,784.00
tun,2016,774.00
tun,2017,749.00
tun,2018,711.00
tun,2019,667.00
tun,2020,624.00
tun,2021,591.00
tun,2022,571.00
tun,2023,566.00
tun,2024,568.00
tur,1991,6793.0
tur,1992,6719.0
tur,1993,6621.0
tur,1994,6542.0
tur,1995,6433.0
tur,1996,7811.0
tur,1997,6124.0
tur,1998,5959.0
tur,1999,5785.0
tur,2000,6859.0
tur,2001,5477.0
tur,2002,5326.0
tur,2003,5130.0
tur,2004,4884.0
tur,2005,4614.0
tur,2006,4325.0
tur,2007,4038.0
tur,2008,3774.0
tur,2009,3575.0
tur,2010,3449.0
tur,2011,3374.0
tur,2012,3329.0
tur,2013,3317.0
tur,2014,3355.0
tur,2015,3471.0
tur,2016,3620.0
tur,2017,3667.0
tur,2018,3608.0
tur,2019,3512.0
tur,2020,3422.0
tur,2021,3394.0
tur,2022,3448.0
tur,2023,3522.0
tur,2024,6090.0
tuv,1991,1.0000
tuv,1992,1.0000
tuv,1993,1.0000
tuv,1994,1.0000
tuv,1995,1.0000
tuv,1996,1.0000
tuv,1997,1.0000
tuv,1998,1.0000
tuv,1999,1.0000
tuv,2000,1.0000
tuv,2001,1.0000
tuv,2002,1.0000
tuv,2003,1.0000
tuv,2004,1.0000
tuv,2005,1.0000
tuv,2006,1.0000
tuv,2007,1.0000
tuv,2008,1.0000
tuv,2009,1.0000
tuv,2010,1.0000
tuv,2011,1.0000
tuv,2012,1.0000
tuv,2013,1.0000
tuv,2014,1.0000
tuv,2015,1.0000
tuv,2016,1.0000
tuv,2017,1.0000
tuv,2018,1.0000
tuv,2019,1.0000
tuv,2020,1.0000
tuv,2021,1.0000
tuv,2022,1.0000
tuv,2023,1.0000
tuv,2024,1.0000
tza,1991,6735.0
tza,1992,7437.0
tza,1993,8150.0
tza,1994,8952.0
tza,1995,9845.0
tza,1996,10472
tza,1997,10669
tza,1998,10780
tza,1999,10932
tza,2000,10988
tza,2001,10984
tza,2002,10849
tza,2003,10601
tza,2004,10288
tza,2005,9907.0
tza,2006,9502.0
tza,2007,9072.0
tza,2008,8674.0
tza,2009,8296.0
tza,2010,7955.0
tza,2011,7708.0
tza,2012,7568.0
tza,2013,7469.0
tza,2014,7409.0
tza,2015,7368.0
tza,2016,7402.0
tza,2017,7481.0
tza,2018,7577.0
tza,2019,7658.0
tza,2020,7742.0
tza,2021,7823.0
tza,2022,7912.0
tza,2023,8039.0
tza,2024,8164.0
uga,1991,9688.0
uga,1992,10408
uga,1993,11106
uga,1994,11703
uga,1995,12157
uga,1996,12260
uga,1997,12216
uga,1998,12104
uga,1999,11904
uga,2000,11689
uga,2001,11375
uga,2002,10990
uga,2003,10608
uga,2004,10226
uga,2005,9827.0
uga,2006,9481.0
uga,2007,9219.0
uga,2008,9039.0
uga,2009,8953.0
uga,2010,8956.0
uga,2011,9023.0
uga,2012,9171.0
uga,2013,9397.0
uga,2014,9684.0
uga,2015,10050
uga,2016,10462
uga,2017,10903
uga,2018,11361
uga,2019,11766
uga,2020,12083
uga,2021,12443
uga,2022,12784
uga,2023,12996
uga,2024,13212
ukr,1991,5211.0
ukr,1992,5383.0
ukr,1993,5532.0
ukr,1994,5828.0
ukr,1995,6107.0
ukr,1996,6092.0
ukr,1997,5875.0
ukr,1998,5715.0
ukr,1999,5787.0
ukr,2000,6003.0
ukr,2001,6150.0
ukr,2002,6172.0
ukr,2003,6075.0
ukr,2004,5909.0
ukr,2005,5725.0
ukr,2006,5645.0
ukr,2007,5751.0
ukr,2008,5794.0
ukr,2009,5472.0
ukr,2010,4910.0
ukr,2011,4392.0
ukr,2012,3996.0
ukr,2013,3650.0
ukr,2014,3312.0
ukr,2015,3445.0
ukr,2016,2613.0
ukr,2017,2280.0
ukr,2018,1995.0
ukr,2019,1786.0
ukr,2020,1650.0
ukr,2021,1578.0
ukr,2022,1554.0
ukr,2023,4841.0
ukr,2024,4302.0
unicef_eap,1991,177540
unicef_eap,1992,178870
unicef_eap,1993,180140
unicef_eap,1994,180130
unicef_eap,1995,177950
unicef_eap,1996,175570
unicef_eap,1997,169410
unicef_eap,1998,162360
unicef_eap,1999,155500
unicef_eap,2000,150190
unicef_eap,2001,146970
unicef_eap,2002,146250
unicef_eap,2003,147130
unicef_eap,2004,146130
unicef_eap,2005,155750
unicef_eap,2006,144800
unicef_eap,2007,143890
unicef_eap,2008,142930
unicef_eap,2009,147560
unicef_eap,2010,142110
unicef_eap,2011,141880
unicef_eap,2012,140460
unicef_eap,2013,135730
unicef_eap,2014,131110
unicef_eap,2015,126300
unicef_eap,2016,121080
unicef_eap,2017,116620
unicef_eap,2018,113470
unicef_eap,2019,110600
unicef_eap,2020,108100
unicef_eap,2021,106140
unicef_eap,2022,105920
unicef_eap,2023,105860
unicef_eap,2024,103960
unicef_eapro,1991,166500
unicef_eapro,1992,167830
unicef_eapro,1993,169180
unicef_eapro,1994,169310
unicef_eapro,1995,167170
unicef_eapro,1996,164900
unicef_eapro,1997,159070
unicef_eapro,1998,152620
unicef_eapro,1999,146460
unicef_eapro,2000,141840
unicef_eapro,2001,139180
unicef_eapro,2002,138920
unicef_eapro,2003,140170
unicef_eapro,2004,139470
unicef_eapro,2005,149350
unicef_eapro,2006,138630
unicef_eapro,2007,137910
unicef_eapro,2008,137090
unicef_eapro,2009,141850
unicef_eapro,2010,136590
unicef_eapro,2011,136600
unicef_eapro,2012,134940
unicef_eapro,2013,130890
unicef_eapro,2014,126460
unicef_eapro,2015,121820
unicef_eapro,2016,116710
unicef_eapro,2017,112310
unicef_eapro,2018,109170
unicef_eapro,2019,106270
unicef_eapro,2020,103720
unicef_eapro,2021,101730
unicef_eapro,2022,101510
unicef_eapro,2023,101460
unicef_eapro,2024,99599
unicef_eca,1991,70801
unicef_eca,1992,72964
unicef_eca,1993,83033
unicef_eca,1994,86824
unicef_eca,1995,82004
unicef_eca,1996,81307
unicef_eca,1997,78161
unicef_eca,1998,77078
unicef_eca,1999,77133
unicef_eca,2000,78969
unicef_eca,2001,78009
unicef_eca,2002,76663
unicef_eca,2003,74396
unicef_eca,2004,72066
unicef_eca,2005,69684
unicef_eca,2006,67675
unicef_eca,2007,66133
unicef_eca,2008,64153
unicef_eca,2009,61115
unicef_eca,2010,57272
unicef_eca,2011,53999
unicef_eca,2012,50643
unicef_eca,2013,47154
unicef_eca,2014,43572
unicef_eca,2015,40803
unicef_eca,2016,37191
unicef_eca,2017,34428
unicef_eca,2018,32132
unicef_eca,2019,30342
unicef_eca,2020,29259
unicef_eca,2021,29731
unicef_eca,2022,28726
unicef_eca,2023,35561
unicef_eca,2024,41301
unicef_ecaro,1991,26244
unicef_ecaro,1992,27422
unicef_ecaro,1993,35813
unicef_ecaro,1994,37502
unicef_ecaro,1995,31164
unicef_ecaro,1996,30556
unicef_ecaro,1997,28164
unicef_ecaro,1998,27324
unicef_ecaro,1999,26924
unicef_ecaro,2000,28004
unicef_ecaro,2001,26574
unicef_ecaro,2002,25908
unicef_ecaro,2003,25176
unicef_ecaro,2004,24450
unicef_ecaro,2005,23805
unicef_ecaro,2006,23400
unicef_ecaro,2007,23217
unicef_ecaro,2008,22904
unicef_ecaro,2009,22335
unicef_ecaro,2010,21062
unicef_ecaro,2011,20046
unicef_ecaro,2012,18966
unicef_ecaro,2013,17938
unicef_ecaro,2014,16932
unicef_ecaro,2015,16724
unicef_ecaro,2016,15535
unicef_ecaro,2017,14779
unicef_ecaro,2018,13973
unicef_ecaro,2019,13145
unicef_ecaro,2020,12567
unicef_ecaro,2021,13207
unicef_ecaro,2022,12139
unicef_ecaro,2023,15433
unicef_ecaro,2024,17305
unicef_eeca,1991,41903
unicef_eeca,1992,44425
unicef_eeca,1993,55243
unicef_eeca,1994,60150
unicef_eeca,1995,56534
unicef_eeca,1996,56900
unicef_eeca,1997,54664
unicef_eeca,1998,54354
unicef_eeca,1999,55114
unicef_eeca,2000,57631
unicef_eeca,2001,57293
unicef_eeca,2002,56604
unicef_eeca,2003,55045
unicef_eeca,2004,53441
unicef_eeca,2005,51806
unicef_eeca,2006,50502
unicef_eeca,2007,49652
unicef_eeca,2008,48352
unicef_eeca,2009,45976
unicef_eeca,2010,42815
unicef_eeca,2011,40217
unicef_eeca,2012,37521
unicef_eeca,2013,34700
unicef_eeca,2014,31736
unicef_eeca,2015,29488
unicef_eeca,2016,26304
unicef_eeca,2017,23867
unicef_eeca,2018,21816
unicef_eeca,2019,20202
unicef_eeca,2020,19209
unicef_eeca,2021,19706
unicef_eeca,2022,18684
unicef_eeca,2023,25473
unicef_eeca,2024,31206
unicef_esa,1991,142030
unicef_esa,1992,144830
unicef_esa,1993,156120
unicef_esa,1994,161720
unicef_esa,1995,284010
unicef_esa,1996,152020
unicef_esa,1997,155690
unicef_esa,1998,160010
unicef_esa,1999,174670
unicef_esa,2000,169060
unicef_esa,2001,160180
unicef_esa,2002,161510
unicef_esa,2003,162290
unicef_esa,2004,161040
unicef_esa,2005,163410
unicef_esa,2006,161750
unicef_esa,2007,155630
unicef_esa,2008,151050
unicef_esa,2009,149530
unicef_esa,2010,143980
unicef_esa,2011,140040
unicef_esa,2012,140460
unicef_esa,2013,133730
unicef_esa,2014,130690
unicef_esa,2015,134530
unicef_esa,2016,133910
unicef_esa,2017,135150
unicef_esa,2018,134830
unicef_esa,2019,129920
unicef_esa,2020,128580
unicef_esa,2021,130260
unicef_esa,2022,131900
unicef_esa,2023,135920
unicef_esa,2024,139840
unicef_esaro,1991,131330
unicef_esaro,1992,133960
unicef_esaro,1993,145060
unicef_esaro,1994,150690
unicef_esaro,1995,272920
unicef_esaro,1996,140890
unicef_esaro,1997,144610
unicef_esaro,1998,149000
unicef_esaro,1999,163610
unicef_esaro,2000,157870
unicef_esaro,2001,148820
unicef_esaro,2002,149950
unicef_esaro,2003,148750
unicef_esaro,2004,145660
unicef_esaro,2005,145050
unicef_esaro,2006,143860
unicef_esaro,2007,141880
unicef_esaro,2008,139090
unicef_esaro,2009,135640
unicef_esaro,2010,131800
unicef_esaro,2011,127800
unicef_esaro,2012,128230
unicef_esaro,2013,121420
unicef_esaro,2014,118190
unicef_esaro,2015,121730
unicef_esaro,2016,120720
unicef_esaro,2017,121620
unicef_esaro,2018,120920
unicef_esaro,2019,115650
unicef_esaro,2020,114160
unicef_esaro,2021,115760
unicef_esaro,2022,117320
unicef_esaro,2023,121260
unicef_esaro,2024,122460
unicef_lac,1991,70529
unicef_lac,1992,71164
unicef_lac,1993,72490
unicef_lac,1994,73673
unicef_lac,1995,74587
unicef_lac,1996,75192
unicef_lac,1997,75473
unicef_lac,1998,75589
unicef_lac,1999,76514
unicef_lac,2000,76629
unicef_lac,2001,77763
unicef_lac,2002,78853
unicef_lac,2003,79408
unicef_lac,2004,79135
unicef_lac,2005,78253
unicef_lac,2006,77361
unicef_lac,2007,77060
unicef_lac,2008,77662
unicef_lac,2009,78938
unicef_lac,2010,80233
unicef_lac,2011,87608
unicef_lac,2012,81185
unicef_lac,2013,80764
unicef_lac,2014,80088
unicef_lac,2015,79675
unicef_lac,2016,79729
unicef_lac,2017,79943
unicef_lac,2018,80014
unicef_lac,2019,79562
unicef_lac,2020,78906
unicef_lac,2021,78619
unicef_lac,2022,78583
unicef_lac,2023,78586
unicef_lac,2024,78714
unicef_lacro,1991,70484
unicef_lacro,1992,71117
unicef_lacro,1993,72441
unicef_lacro,1994,73624
unicef_lacro,1995,74537
unicef_lacro,1996,75142
unicef_lacro,1997,75423
unicef_lacro,1998,75539
unicef_lacro,1999,76466
unicef_lacro,2000,76581
unicef_lacro,2001,77717
unicef_lacro,2002,78807
unicef_lacro,2003,79363
unicef_lacro,2004,79090
unicef_lacro,2005,78207
unicef_lacro,2006,77313
unicef_lacro,2007,77009
unicef_lacro,2008,77608
unicef_lacro,2009,78880
unicef_lacro,2010,80170
unicef_lacro,2011,87540
unicef_lacro,2012,81113
unicef_lacro,2013,80688
unicef_lacro,2014,80009
unicef_lacro,2015,79595
unicef_lacro,2016,79651
unicef_lacro,2017,79868
unicef_lacro,2018,79944
unicef_lacro,2019,79498
unicef_lacro,2020,78838
unicef_lacro,2021,78568
unicef_lacro,2022,78537
unicef_lacro,2023,78543
unicef_lacro,2024,78673
unicef_mena,1991,43026
unicef_mena,1992,35408
unicef_mena,1993,31214
unicef_mena,1994,30729
unicef_mena,1995,31929
unicef_mena,1996,31060
unicef_mena,1997,30437
unicef_mena,1998,31436
unicef_mena,1999,32164
unicef_mena,2000,31915
unicef_mena,2001,32944
unicef_mena,2002,34148
unicef_mena,2003,34852
unicef_mena,2004,41441
unicef_mena,2005,41723
unicef_mena,2006,42973
unicef_mena,2007,47632
unicef_mena,2008,48092
unicef_mena,2009,44326
unicef_mena,2010,41382
unicef_mena,2011,40793
unicef_mena,2012,42217
unicef_mena,2013,47132
unicef_mena,2014,45902
unicef_mena,2015,43632
unicef_mena,2016,47227
unicef_mena,2017,49994
unicef_mena,2018,46859
unicef_mena,2019,44568
unicef_mena,2020,40896
unicef_mena,2021,38027
unicef_mena,2022,36473
unicef_mena,2023,35467
unicef_mena,2024,39528
unicef_menaro,1991,53389
unicef_menaro,1992,45933
unicef_menaro,1993,41917
unicef_menaro,1994,41387
unicef_menaro,1995,42638
unicef_menaro,1996,41789
unicef_menaro,1997,41101
unicef_menaro,1998,42036
unicef_menaro,1999,42828
unicef_menaro,2000,42713
unicef_menaro,2001,43891
unicef_menaro,2002,45253
unicef_menaro,2003,47919
unicef_menaro,2004,56386
unicef_menaro,2005,59687
unicef_menaro,2006,60492
unicef_menaro,2007,61022
unicef_menaro,2008,59701
unicef_menaro,2009,57882
unicef_menaro,2010,53248
unicef_menaro,2011,52730
unicef_menaro,2012,54149
unicef_menaro,2013,59149
unicef_menaro,2014,58096
unicef_menaro,2015,56118
unicef_menaro,2016,60093
unicef_menaro,2017,63206
unicef_menaro,2018,60466
unicef_menaro,2019,58529
unicef_menaro,2020,55007
unicef_menaro,2021,52217
unicef_menaro,2022,50746
unicef_menaro,2023,49813
unicef_menaro,2024,56573
unicef_na,1991,23215
unicef_na,1992,22914
unicef_na,1993,22655
unicef_na,1994,22403
unicef_na,1995,21960
unicef_na,1996,21092
unicef_na,1997,20046
unicef_na,1998,19318
unicef_na,1999,19024
unicef_na,2000,19051
unicef_na,2001,19424
unicef_na,2002,20027
unicef_na,2003,20635
unicef_na,2004,21183
unicef_na,2005,21667
unicef_na,2006,22094
unicef_na,2007,22324
unicef_na,2008,22136
unicef_na,2009,21573
unicef_na,2010,20966
unicef_na,2011,20580
unicef_na,2012,20449
unicef_na,2013,20537
unicef_na,2014,20813
unicef_na,2015,21200
unicef_na,2016,21614
unicef_na,2017,22021
unicef_na,2018,22373
unicef_na,2019,22690
unicef_na,2020,23247
unicef_na,2021,24209
unicef_na,2022,25036
unicef_na,2023,24792
unicef_na,2024,23200
unicef_rosa,1991,269550
unicef_rosa,1992,275800
unicef_rosa,1993,272840
unicef_rosa,1994,269470
unicef_rosa,1995,274510
unicef_rosa,1996,276490
unicef_rosa,1997,278770
unicef_rosa,1998,281380
unicef_rosa,1999,284660
unicef_rosa,2000,284540
unicef_rosa,2001,286080
unicef_rosa,2002,285490
unicef_rosa,2003,284520
unicef_rosa,2004,282480
unicef_rosa,2005,283780
unicef_rosa,2006,284120
unicef_rosa,2007,278250
unicef_rosa,2008,275760
unicef_rosa,2009,272630
unicef_rosa,2010,268330
unicef_rosa,2011,260550
unicef_rosa,2012,254070
unicef_rosa,2013,246780
unicef_rosa,2014,237700
unicef_rosa,2015,231140
unicef_rosa,2016,224420
unicef_rosa,2017,216130
unicef_rosa,2018,213570
unicef_rosa,2019,208750
unicef_rosa,2020,202390
unicef_rosa,2021,197070
unicef_rosa,2022,196200
unicef_rosa,2023,183930
unicef_rosa,2024,182110
unicef_sa,1991,269550
unicef_sa,1992,275800
unicef_sa,1993,272840
unicef_sa,1994,269470
unicef_sa,1995,274510
unicef_sa,1996,276490
unicef_sa,1997,278770
unicef_sa,1998,281380
unicef_sa,1999,284660
unicef_sa,2000,284540
unicef_sa,2001,286080
unicef_sa,2002,285490
unicef_sa,2003,284520
unicef_sa,2004,282480
unicef_sa,2005,283780
unicef_sa,2006,284120
unicef_sa,2007,278250
unicef_sa,2008,275760
unicef_sa,2009,272630
unicef_sa,2010,268330
unicef_sa,2011,260550
unicef_sa,2012,254070
unicef_sa,2013,246780
unicef_sa,2014,237700
unicef_sa,2015,231140
unicef_sa,2016,224420
unicef_sa,2017,216130
unicef_sa,2018,213570
unicef_sa,2019,208750
unicef_sa,2020,202390
unicef_sa,2021,197070
unicef_sa,2022,196200
unicef_sa,2023,183930
unicef_sa,2024,182110
unicef_ssa,1991,233100
unicef_ssa,1992,233600
unicef_ssa,1993,246810
unicef_ssa,1994,254290
unicef_ssa,1995,379380
unicef_ssa,1996,249670
unicef_ssa,1997,258070
unicef_ssa,1998,261880
unicef_ssa,1999,286280
unicef_ssa,2000,283240
unicef_ssa,2001,265430
unicef_ssa,2002,268290
unicef_ssa,2003,270380
unicef_ssa,2004,270720
unicef_ssa,2005,273850
unicef_ssa,2006,273240
unicef_ssa,2007,268070
unicef_ssa,2008,264330
unicef_ssa,2009,263680
unicef_ssa,2010,289260
unicef_ssa,2011,257400
unicef_ssa,2012,257950
unicef_ssa,2013,251880
unicef_ssa,2014,250670
unicef_ssa,2015,259030
unicef_ssa,2016,255600
unicef_ssa,2017,258550
unicef_ssa,2018,262150
unicef_ssa,2019,256180
unicef_ssa,2020,267030
unicef_ssa,2021,260630
unicef_ssa,2022,268920
unicef_ssa,2023,298720
unicef_ssa,2024,278110
unicef_wca,1991,91072
unicef_wca,1992,88768
unicef_wca,1993,90692
unicef_wca,1994,92568
unicef_wca,1995,95374
unicef_wca,1996,97654
unicef_wca,1997,102380
unicef_wca,1998,101860
unicef_wca,1999,111610
unicef_wca,2000,114180
unicef_wca,2001,105250
unicef_wca,2002,106780
unicef_wca,2003,108090
unicef_wca,2004,109680
unicef_wca,2005,110430
unicef_wca,2006,111480
unicef_wca,2007,112440
unicef_wca,2008,113280
unicef_wca,2009,114140
unicef_wca,2010,145280
unicef_wca,2011,117360
unicef_wca,2012,117490
unicef_wca,2013,118150
unicef_wca,2014,119980
unicef_wca,2015,124500
unicef_wca,2016,121700
unicef_wca,2017,123400
unicef_wca,2018,127310
unicef_wca,2019,126260
unicef_wca,2020,138450
unicef_wca,2021,130380
unicef_wca,2022,137020
unicef_wca,2023,162800
unicef_wca,2024,138280
unicef_wcaro,1991,91072
unicef_wcaro,1992,88768
unicef_wcaro,1993,90692
unicef_wcaro,1994,92568
unicef_wcaro,1995,95374
unicef_wcaro,1996,97654
unicef_wcaro,1997,102380
unicef_wcaro,1998,101860
unicef_wcaro,1999,111610
unicef_wcaro,2000,114180
unicef_wcaro,2001,105250
unicef_wcaro,2002,106780
unicef_wcaro,2003,108090
unicef_wcaro,2004,109680
unicef_wcaro,2005,110430
unicef_wcaro,2006,111480
unicef_wcaro,2007,112440
unicef_wcaro,2008,113280
unicef_wcaro,2009,114140
unicef_wcaro,2010,145280
unicef_wcaro,2011,117360
unicef_wcaro,2012,117490
unicef_wcaro,2013,118150
unicef_wcaro,2014,119980
unicef_wcaro,2015,124500
unicef_wcaro,2016,121700
unicef_wcaro,2017,123400
unicef_wcaro,2018,127310
unicef_wcaro,2019,126260
unicef_wcaro,2020,138450
unicef_wcaro,2021,130380
unicef_wcaro,2022,137020
unicef_wcaro,2023,162800
unicef_wcaro,2024,138280
unicef_we,1991,28898
unicef_we,1992,28538
unicef_we,1993,27788
unicef_we,1994,26671
unicef_we,1995,25468
unicef_we,1996,24405
unicef_we,1997,23495
unicef_we,1998,22722
unicef_we,1999,22017
unicef_we,2000,21336
unicef_we,2001,20714
unicef_we,2002,20057
unicef_we,2003,19349
unicef_we,2004,18623
unicef_we,2005,17876
unicef_we,2006,17171
unicef_we,2007,16479
unicef_we,2008,15799
unicef_we,2009,15139
unicef_we,2010,14457
unicef_we,2011,13782
unicef_we,2012,13122
unicef_we,2013,12454
unicef_we,2014,11836
unicef_we,2015,11315
unicef_we,2016,10887
unicef_we,2017,10561
unicef_we,2018,10316
unicef_we,2019,10140
unicef_we,2020,10050
unicef_we,2021,10025
unicef_we,2022,10042
unicef_we,2023,10088
unicef_we,2024,10095
unsdg_australianewzealand,1991,1586.0
unsdg_australianewzealand,1992,1537.0
unsdg_australianewzealand,1993,1491.0
unsdg_australianewzealand,1994,1455.0
unsdg_australianewzealand,1995,1434.0
unsdg_australianewzealand,1996,1424.0
unsdg_australianewzealand,1997,1412.0
unsdg_australianewzealand,1998,1383.0
unsdg_australianewzealand,1999,1331.0
unsdg_australianewzealand,2000,1260.0
unsdg_australianewzealand,2001,1174.0
unsdg_australianewzealand,2002,1096.0
unsdg_australianewzealand,2003,1043.0
unsdg_australianewzealand,2004,1019.0
unsdg_australianewzealand,2005,1003.0
unsdg_australianewzealand,2006,993.00
unsdg_australianewzealand,2007,984.00
unsdg_australianewzealand,2008,972.00
unsdg_australianewzealand,2009,962.00
unsdg_australianewzealand,2010,952.00
unsdg_australianewzealand,2011,939.00
unsdg_australianewzealand,2012,922.00
unsdg_australianewzealand,2013,904.00
unsdg_australianewzealand,2014,887.00
unsdg_australianewzealand,2015,876.00
unsdg_australianewzealand,2016,878.00
unsdg_australianewzealand,2017,892.00
unsdg_australianewzealand,2018,913.00
unsdg_australianewzealand,2019,937.00
unsdg_australianewzealand,2020,950.00
unsdg_australianewzealand,2021,935.00
unsdg_australianewzealand,2022,900.00
unsdg_australianewzealand,2023,861.00
unsdg_australianewzealand,2024,818.00
unsdg_centralasia,1991,6480.0
unsdg_centralasia,1992,6804.0
unsdg_centralasia,1993,9456.0
unsdg_centralasia,1994,11242
unsdg_centralasia,1995,8733.0
unsdg_centralasia,1996,8303.0
unsdg_centralasia,1997,8787.0
unsdg_centralasia,1998,8517.0
unsdg_centralasia,1999,8456.0
unsdg_centralasia,2000,8372.0
unsdg_centralasia,2001,8375.0
unsdg_centralasia,2002,8118.0
unsdg_centralasia,2003,7965.0
unsdg_centralasia,2004,7852.0
unsdg_centralasia,2005,7811.0
unsdg_centralasia,2006,7853.0
unsdg_centralasia,2007,7904.0
unsdg_centralasia,2008,7858.0
unsdg_centralasia,2009,7657.0
unsdg_centralasia,2010,7366.0
unsdg_centralasia,2011,7174.0
unsdg_centralasia,2012,6865.0
unsdg_centralasia,2013,6448.0
unsdg_centralasia,2014,6181.0
unsdg_centralasia,2015,5953.0
unsdg_centralasia,2016,5755.0
unsdg_centralasia,2017,5553.0
unsdg_centralasia,2018,5308.0
unsdg_centralasia,2019,5033.0
unsdg_centralasia,2020,4781.0
unsdg_centralasia,2021,4590.0
unsdg_centralasia,2022,4456.0
unsdg_centralasia,2023,4381.0
unsdg_centralasia,2024,4354.0
unsdg_centralasiasouthernasia,1991,288270
unsdg_centralasiasouthernasia,1992,291990
unsdg_centralasiasouthernasia,1993,291270
unsdg_centralasiasouthernasia,1994,289000
unsdg_centralasiasouthernasia,1995,290990
unsdg_centralasiasouthernasia,1996,292340
unsdg_centralasiasouthernasia,1997,295110
unsdg_centralasiasouthernasia,1998,297660
unsdg_centralasiasouthernasia,1999,301280
unsdg_centralasiasouthernasia,2000,301640
unsdg_centralasiasouthernasia,2001,303870
unsdg_centralasiasouthernasia,2002,303800
unsdg_centralasiasouthernasia,2003,303390
unsdg_centralasiasouthernasia,2004,304330
unsdg_centralasiasouthernasia,2005,303990
unsdg_centralasiasouthernasia,2006,305110
unsdg_centralasiasouthernasia,2007,300000
unsdg_centralasiasouthernasia,2008,298080
unsdg_centralasiasouthernasia,2009,295040
unsdg_centralasiasouthernasia,2010,290210
unsdg_centralasiasouthernasia,2011,281450
unsdg_centralasiasouthernasia,2012,273450
unsdg_centralasiasouthernasia,2013,264310
unsdg_centralasiasouthernasia,2014,253660
unsdg_centralasiasouthernasia,2015,245880
unsdg_centralasiasouthernasia,2016,238250
unsdg_centralasiasouthernasia,2017,229310
unsdg_centralasiasouthernasia,2018,226270
unsdg_centralasiasouthernasia,2019,221040
unsdg_centralasiasouthernasia,2020,214280
unsdg_centralasiasouthernasia,2021,208590
unsdg_centralasiasouthernasia,2022,207460
unsdg_centralasiasouthernasia,2023,195100
unsdg_centralasiasouthernasia,2024,193240
unsdg_easternasia,1991,107000
unsdg_easternasia,1992,107980
unsdg_easternasia,1993,108450
unsdg_easternasia,1994,107220
unsdg_easternasia,1995,103990
unsdg_easternasia,1996,101140
unsdg_easternasia,1997,95157
unsdg_easternasia,1998,88738
unsdg_easternasia,1999,82515
unsdg_easternasia,2000,77706
unsdg_easternasia,2001,74827
unsdg_easternasia,2002,73656
unsdg_easternasia,2003,74122
unsdg_easternasia,2004,73105
unsdg_easternasia,2005,73071
unsdg_easternasia,2006,73318
unsdg_easternasia,2007,73927
unsdg_easternasia,2008,74624
unsdg_easternasia,2009,75516
unsdg_easternasia,2010,76565
unsdg_easternasia,2011,77400
unsdg_easternasia,2012,76586
unsdg_easternasia,2013,72295
unsdg_easternasia,2014,68024
unsdg_easternasia,2015,63622
unsdg_easternasia,2016,58786
unsdg_easternasia,2017,54768
unsdg_easternasia,2018,52309
unsdg_easternasia,2019,50356
unsdg_easternasia,2020,48582
unsdg_easternasia,2021,47217
unsdg_easternasia,2022,46087
unsdg_easternasia,2023,45141
unsdg_easternasia,2024,44145
unsdg_easternasiasoutheasternasia,1991,174780
unsdg_easternasiasoutheasternasia,1992,176170
unsdg_easternasiasoutheasternasia,1993,177460
unsdg_easternasiasoutheasternasia,1994,177470
unsdg_easternasiasoutheasternasia,1995,175280
unsdg_easternasiasoutheasternasia,1996,172890
unsdg_easternasiasoutheasternasia,1997,166710
unsdg_easternasiasoutheasternasia,1998,159670
unsdg_easternasiasoutheasternasia,1999,152690
unsdg_easternasiasoutheasternasia,2000,147570
unsdg_easternasiasoutheasternasia,2001,144390
unsdg_easternasiasoutheasternasia,2002,143730
unsdg_easternasiasoutheasternasia,2003,144630
unsdg_easternasiasoutheasternasia,2004,143630
unsdg_easternasiasoutheasternasia,2005,153230
unsdg_easternasiasoutheasternasia,2006,142260
unsdg_easternasiasoutheasternasia,2007,141340
unsdg_easternasiasoutheasternasia,2008,140350
unsdg_easternasiasoutheasternasia,2009,144960
unsdg_easternasiasoutheasternasia,2010,139490
unsdg_easternasiasoutheasternasia,2011,139260
unsdg_easternasiasoutheasternasia,2012,137830
unsdg_easternasiasoutheasternasia,2013,133100
unsdg_easternasiasoutheasternasia,2014,128480
unsdg_easternasiasoutheasternasia,2015,123670
unsdg_easternasiasoutheasternasia,2016,118440
unsdg_easternasiasoutheasternasia,2017,113960
unsdg_easternasiasoutheasternasia,2018,110780
unsdg_easternasiasoutheasternasia,2019,107880
unsdg_easternasiasoutheasternasia,2020,105360
unsdg_easternasiasoutheasternasia,2021,103420
unsdg_easternasiasoutheasternasia,2022,103230
unsdg_easternasiasoutheasternasia,2023,103220
unsdg_easternasiasoutheasternasia,2024,101360
unsdg_europe,1991,56289
unsdg_europe,1992,57903
unsdg_europe,1993,64178
unsdg_europe,1994,65754
unsdg_europe,1995,64477
unsdg_europe,1996,63358
unsdg_europe,1997,61886
unsdg_europe,1998,61465
unsdg_europe,1999,61758
unsdg_europe,2000,62538
unsdg_europe,2001,62986
unsdg_europe,2002,62145
unsdg_europe,2003,60292
unsdg_europe,2004,58314
unsdg_europe,2005,56196
unsdg_europe,2006,54382
unsdg_europe,2007,53043
unsdg_europe,2008,51358
unsdg_europe,2009,48528
unsdg_europe,2010,45327
unsdg_europe,2011,42361
unsdg_europe,2012,39399
unsdg_europe,2013,36263
unsdg_europe,2014,33017
unsdg_europe,2015,30280
unsdg_europe,2016,26754
unsdg_europe,2017,24200
unsdg_europe,2018,22273
unsdg_europe,2019,20994
unsdg_europe,2020,20279
unsdg_europe,2021,19989
unsdg_europe,2022,19981
unsdg_europe,2023,26781
unsdg_europe,2024,30034
unsdg_europenorthernamr,1991,79504
unsdg_europenorthernamr,1992,80817
unsdg_europenorthernamr,1993,86833
unsdg_europenorthernamr,1994,88157
unsdg_europenorthernamr,1995,86437
unsdg_europenorthernamr,1996,84450
unsdg_europenorthernamr,1997,81932
unsdg_europenorthernamr,1998,80783
unsdg_europenorthernamr,1999,80782
unsdg_europenorthernamr,2000,81589
unsdg_europenorthernamr,2001,82410
unsdg_europenorthernamr,2002,82172
unsdg_europenorthernamr,2003,80927
unsdg_europenorthernamr,2004,79497
unsdg_europenorthernamr,2005,77863
unsdg_europenorthernamr,2006,76476
unsdg_europenorthernamr,2007,75367
unsdg_europenorthernamr,2008,73494
unsdg_europenorthernamr,2009,70101
unsdg_europenorthernamr,2010,66293
unsdg_europenorthernamr,2011,62941
unsdg_europenorthernamr,2012,59848
unsdg_europenorthernamr,2013,56800
unsdg_europenorthernamr,2014,53830
unsdg_europenorthernamr,2015,51480
unsdg_europenorthernamr,2016,48368
unsdg_europenorthernamr,2017,46221
unsdg_europenorthernamr,2018,44646
unsdg_europenorthernamr,2019,43684
unsdg_europenorthernamr,2020,43526
unsdg_europenorthernamr,2021,44198
unsdg_europenorthernamr,2022,45017
unsdg_europenorthernamr,2023,51573
unsdg_europenorthernamr,2024,53234
unsdg_lac,1991,70529
unsdg_lac,1992,71164
unsdg_lac,1993,72490
unsdg_lac,1994,73673
unsdg_lac,1995,74587
unsdg_lac,1996,75192
unsdg_lac,1997,75473
unsdg_lac,1998,75589
unsdg_lac,1999,76514
unsdg_lac,2000,76629
unsdg_lac,2001,77763
unsdg_lac,2002,78853
unsdg_lac,2003,79408
unsdg_lac,2004,79135
unsdg_lac,2005,78253
unsdg_lac,2006,77361
unsdg_lac,2007,77060
unsdg_lac,2008,77662
unsdg_lac,2009,78938
unsdg_lac,2010,80233
unsdg_lac,2011,87608
unsdg_lac,2012,81185
unsdg_lac,2013,80764
unsdg_lac,2014,80088
unsdg_lac,2015,79675
unsdg_lac,2016,79729
unsdg_lac,2017,79943
unsdg_lac,2018,80014
unsdg_lac,2019,79562
unsdg_lac,2020,78906
unsdg_lac,2021,78619
unsdg_lac,2022,78583
unsdg_lac,2023,78586
unsdg_lac,2024,78714
unsdg_ldc,1991,223460
unsdg_ldc,1992,226230
unsdg_ldc,1993,232980
unsdg_ldc,1994,233200
unsdg_ldc,1995,358010
unsdg_ldc,1996,222400
unsdg_ldc,1997,226390
unsdg_ldc,1998,223680
unsdg_ldc,1999,246750
unsdg_ldc,2000,239230
unsdg_ldc,2001,217960
unsdg_ldc,2002,217140
unsdg_ldc,2003,215350
unsdg_ldc,2004,211540
unsdg_ldc,2005,212440
unsdg_ldc,2006,209470
unsdg_ldc,2007,204450
unsdg_ldc,2008,201900
unsdg_ldc,2009,207940
unsdg_ldc,2010,230550
unsdg_ldc,2011,208480
unsdg_ldc,2012,206210
unsdg_ldc,2013,203430
unsdg_ldc,2014,203500
unsdg_ldc,2015,215950
unsdg_ldc,2016,218610
unsdg_ldc,2017,222100
unsdg_ldc,2018,231710
unsdg_ldc,2019,231200
unsdg_ldc,2020,239370
unsdg_ldc,2021,230800
unsdg_ldc,2022,241660
unsdg_ldc,2023,259510
unsdg_ldc,2024,236820
unsdg_lldc,1991,120010
unsdg_lldc,1992,118540
unsdg_lldc,1993,132520
unsdg_lldc,1994,135080
unsdg_lldc,1995,255010
unsdg_lldc,1996,122220
unsdg_lldc,1997,123190
unsdg_lldc,1998,124390
unsdg_lldc,1999,134040
unsdg_lldc,2000,121700
unsdg_lldc,2001,114410
unsdg_lldc,2002,112210
unsdg_lldc,2003,109710
unsdg_lldc,2004,105670
unsdg_lldc,2005,104500
unsdg_lldc,2006,102390
unsdg_lldc,2007,101920
unsdg_lldc,2008,101170
unsdg_lldc,2009,99577
unsdg_lldc,2010,128240
unsdg_lldc,2011,98810
unsdg_lldc,2012,97650
unsdg_lldc,2013,97392
unsdg_lldc,2014,97312
unsdg_lldc,2015,107570
unsdg_lldc,2016,106280
unsdg_lldc,2017,107410
unsdg_lldc,2018,113850
unsdg_lldc,2019,108680
unsdg_lldc,2020,118020
unsdg_lldc,2021,110510
unsdg_lldc,2022,118560
unsdg_lldc,2023,134280
unsdg_lldc,2024,108720
unsdg_northafr,1991,24637
unsdg_northafr,1992,24531
unsdg_northafr,1993,24476
unsdg_northafr,1994,24481
unsdg_northafr,1995,25700
unsdg_northafr,1996,25223
unsdg_northafr,1997,24396
unsdg_northafr,1998,24943
unsdg_northafr,1999,25150
unsdg_northafr,2000,24287
unsdg_northafr,2001,24395
unsdg_northafr,2002,24519
unsdg_northafr,2003,26416
unsdg_northafr,2004,28193
unsdg_northafr,2005,31128
unsdg_northafr,2006,30671
unsdg_northafr,2007,26595
unsdg_northafr,2008,24910
unsdg_northafr,2009,26973
unsdg_northafr,2010,25397
unsdg_northafr,2011,25564
unsdg_northafr,2012,26348
unsdg_northafr,2013,25722
unsdg_northafr,2014,25699
unsdg_northafr,2015,26132
unsdg_northafr,2016,25986
unsdg_northafr,2017,25886
unsdg_northafr,2018,25648
unsdg_northafr,2019,25695
unsdg_northafr,2020,25934
unsdg_northafr,2021,26090
unsdg_northafr,2022,26319
unsdg_northafr,2023,26828
unsdg_northafr,2024,30512
unsdg_northernamr,1991,23215
unsdg_northernamr,1992,22914
unsdg_northernamr,1993,22655
unsdg_northernamr,1994,22403
unsdg_northernamr,1995,21960
unsdg_northernamr,1996,21092
unsdg_northernamr,1997,20046
unsdg_northernamr,1998,19318
unsdg_northernamr,1999,19024
unsdg_northernamr,2000,19051
unsdg_northernamr,2001,19424
unsdg_northernamr,2002,20027
unsdg_northernamr,2003,20635
unsdg_northernamr,2004,21183
unsdg_northernamr,2005,21667
unsdg_northernamr,2006,22094
unsdg_northernamr,2007,22324
unsdg_northernamr,2008,22136
unsdg_northernamr,2009,21573
unsdg_northernamr,2010,20966
unsdg_northernamr,2011,20580
unsdg_northernamr,2012,20449
unsdg_northernamr,2013,20537
unsdg_northernamr,2014,20813
unsdg_northernamr,2015,21200
unsdg_northernamr,2016,21614
unsdg_northernamr,2017,22021
unsdg_northernamr,2018,22373
unsdg_northernamr,2019,22690
unsdg_northernamr,2020,23247
unsdg_northernamr,2021,24209
unsdg_northernamr,2022,25036
unsdg_northernamr,2023,24792
unsdg_northernamr,2024,23200
unsdg_oceania,1991,2757.0
unsdg_oceania,1992,2708.0
unsdg_oceania,1993,2680.0
unsdg_oceania,1994,2666.0
unsdg_oceania,1995,2665.0
unsdg_oceania,1996,2681.0
unsdg_oceania,1997,2698.0
unsdg_oceania,1998,2697.0
unsdg_oceania,1999,2809.0
unsdg_oceania,2000,2629.0
unsdg_oceania,2001,2574.0
unsdg_oceania,2002,2523.0
unsdg_oceania,2003,2497.0
unsdg_oceania,2004,2504.0
unsdg_oceania,2005,2518.0
unsdg_oceania,2006,2538.0
unsdg_oceania,2007,2557.0
unsdg_oceania,2008,2574.0
unsdg_oceania,2009,2592.0
unsdg_oceania,2010,2618.0
unsdg_oceania,2011,2628.0
unsdg_oceania,2012,2631.0
unsdg_oceania,2013,2629.0
unsdg_oceania,2014,2627.0
unsdg_oceania,2015,2630.0
unsdg_oceania,2016,2638.0
unsdg_oceania,2017,2660.0
unsdg_oceania,2018,2688.0
unsdg_oceania,2019,2719.0
unsdg_oceania,2020,2736.0
unsdg_oceania,2021,2724.0
unsdg_oceania,2022,2688.0
unsdg_oceania,2023,2644.0
unsdg_oceania,2024,2595.0
unsdg_oceaniaexausnzl,1991,1171.0
unsdg_oceaniaexausnzl,1992,1171.0
unsdg_oceaniaexausnzl,1993,1189.0
unsdg_oceaniaexausnzl,1994,1211.0
unsdg_oceaniaexausnzl,1995,1231.0
unsdg_oceaniaexausnzl,1996,1257.0
unsdg_oceaniaexausnzl,1997,1286.0
unsdg_oceaniaexausnzl,1998,1314.0
unsdg_oceaniaexausnzl,1999,1478.0
unsdg_oceaniaexausnzl,2000,1369.0
unsdg_oceaniaexausnzl,2001,1400.0
unsdg_oceaniaexausnzl,2002,1427.0
unsdg_oceaniaexausnzl,2003,1454.0
unsdg_oceaniaexausnzl,2004,1485.0
unsdg_oceaniaexausnzl,2005,1515.0
unsdg_oceaniaexausnzl,2006,1545.0
unsdg_oceaniaexausnzl,2007,1573.0
unsdg_oceaniaexausnzl,2008,1602.0
unsdg_oceaniaexausnzl,2009,1630.0
unsdg_oceaniaexausnzl,2010,1666.0
unsdg_oceaniaexausnzl,2011,1689.0
unsdg_oceaniaexausnzl,2012,1709.0
unsdg_oceaniaexausnzl,2013,1725.0
unsdg_oceaniaexausnzl,2014,1740.0
unsdg_oceaniaexausnzl,2015,1754.0
unsdg_oceaniaexausnzl,2016,1760.0
unsdg_oceaniaexausnzl,2017,1768.0
unsdg_oceaniaexausnzl,2018,1775.0
unsdg_oceaniaexausnzl,2019,1782.0
unsdg_oceaniaexausnzl,2020,1786.0
unsdg_oceaniaexausnzl,2021,1789.0
unsdg_oceaniaexausnzl,2022,1788.0
unsdg_oceaniaexausnzl,2023,1783.0
unsdg_oceaniaexausnzl,2024,1777.0
unsdg_sids,1991,8425.0
unsdg_sids,1992,8441.0
unsdg_sids,1993,8455.0
unsdg_sids,1994,8493.0
unsdg_sids,1995,8510.0
unsdg_sids,1996,8549.0
unsdg_sids,1997,8520.0
unsdg_sids,1998,8542.0
unsdg_sids,1999,8813.0
unsdg_sids,2000,8698.0
unsdg_sids,2001,8086.0
unsdg_sids,2002,8069.0
unsdg_sids,2003,8077.0
unsdg_sids,2004,8115.0
unsdg_sids,2005,8180.0
unsdg_sids,2006,8245.0
unsdg_sids,2007,8317.0
unsdg_sids,2008,8384.0
unsdg_sids,2009,8447.0
unsdg_sids,2010,8513.0
unsdg_sids,2011,15118
unsdg_sids,2012,8577.0
unsdg_sids,2013,8595.0
unsdg_sids,2014,8597.0
unsdg_sids,2015,8575.0
unsdg_sids,2016,8531.0
unsdg_sids,2017,8488.0
unsdg_sids,2018,8441.0
unsdg_sids,2019,8393.0
unsdg_sids,2020,8355.0
unsdg_sids,2021,8312.0
unsdg_sids,2022,8302.0
unsdg_sids,2023,8327.0
unsdg_sids,2024,8627.0
unsdg_southasia,1991,281790
unsdg_southasia,1992,285190
unsdg_southasia,1993,281820
unsdg_southasia,1994,277760
unsdg_southasia,1995,282250
unsdg_southasia,1996,284040
unsdg_southasia,1997,286320
unsdg_southasia,1998,289140
unsdg_southasia,1999,292820
unsdg_southasia,2000,293270
unsdg_southasia,2001,295490
unsdg_southasia,2002,295680
unsdg_southasia,2003,295420
unsdg_southasia,2004,296470
unsdg_southasia,2005,296180
unsdg_southasia,2006,297260
unsdg_southasia,2007,292100
unsdg_southasia,2008,290220
unsdg_southasia,2009,287380
unsdg_southasia,2010,282840
unsdg_southasia,2011,274280
unsdg_southasia,2012,266580
unsdg_southasia,2013,257860
unsdg_southasia,2014,247480
unsdg_southasia,2015,239930
unsdg_southasia,2016,232500
unsdg_southasia,2017,223750
unsdg_southasia,2018,220960
unsdg_southasia,2019,216010
unsdg_southasia,2020,209490
unsdg_southasia,2021,204000
unsdg_southasia,2022,203000
unsdg_southasia,2023,190720
unsdg_southasia,2024,188890
unsdg_southeasternasia,1991,67774
unsdg_southeasternasia,1992,68182
unsdg_southeasternasia,1993,69006
unsdg_southeasternasia,1994,70244
unsdg_southeasternasia,1995,71288
unsdg_southeasternasia,1996,71753
unsdg_southeasternasia,1997,71553
unsdg_southeasternasia,1998,70929
unsdg_southeasternasia,1999,70171
unsdg_southeasternasia,2000,69859
unsdg_southeasternasia,2001,69566
unsdg_southeasternasia,2002,70072
unsdg_southeasternasia,2003,70506
unsdg_southeasternasia,2004,70521
unsdg_southeasternasia,2005,80161
unsdg_southeasternasia,2006,68939
unsdg_southeasternasia,2007,67408
unsdg_southeasternasia,2008,65729
unsdg_southeasternasia,2009,69448
unsdg_southeasternasia,2010,62927
unsdg_southeasternasia,2011,61855
unsdg_southeasternasia,2012,61246
unsdg_southeasternasia,2013,60808
unsdg_southeasternasia,2014,60458
unsdg_southeasternasia,2015,60051
unsdg_southeasternasia,2016,59653
unsdg_southeasternasia,2017,59187
unsdg_southeasternasia,2018,58471
unsdg_southeasternasia,2019,57522
unsdg_southeasternasia,2020,56779
unsdg_southeasternasia,2021,56203
unsdg_southeasternasia,2022,57146
unsdg_southeasternasia,2023,58074
unsdg_southeasternasia,2024,57217
unsdg_subsaharanafrica,1991,222770
unsdg_subsaharanafrica,1992,223170
unsdg_subsaharanafrica,1993,236260
unsdg_subsaharanafrica,1994,243640
unsdg_subsaharanafrica,1995,368670
unsdg_subsaharanafrica,1996,238930
unsdg_subsaharanafrica,1997,247380
unsdg_subsaharanafrica,1998,251260
unsdg_subsaharanafrica,1999,275630
unsdg_subsaharanafrica,2000,272470
unsdg_subsaharanafrica,2001,254500
unsdg_subsaharanafrica,2002,257170
unsdg_subsaharanafrica,2003,257280
unsdg_subsaharanafrica,2004,255770
unsdg_subsaharanafrica,2005,255910
unsdg_subsaharanafrica,2006,255760
unsdg_subsaharanafrica,2007,254730
unsdg_subsaharanafrica,2008,252780
unsdg_subsaharanafrica,2009,250190
unsdg_subsaharanafrica,2010,277480
unsdg_subsaharanafrica,2011,245570
unsdg_subsaharanafrica,2012,246140
unsdg_subsaharanafrica,2013,239990
unsdg_subsaharanafrica,2014,238600
unsdg_subsaharanafrica,2015,246660
unsdg_subsaharanafrica,2016,242860
unsdg_subsaharanafrica,2017,245460
unsdg_subsaharanafrica,2018,248660
unsdg_subsaharanafrica,2019,242340
unsdg_subsaharanafrica,2020,253040
unsdg_subsaharanafrica,2021,246560
unsdg_subsaharanafrica,2022,254750
unsdg_subsaharanafrica,2023,284470
unsdg_subsaharanafrica,2024,261150
unsdg_westernasia,1991,24506
unsdg_westernasia,1992,20177
unsdg_westernasia,1993,17709
unsdg_westernasia,1994,18426
unsdg_westernasia,1995,17988
unsdg_westernasia,1996,18677
unsdg_westernasia,1997,16668
unsdg_westernasia,1998,16444
unsdg_westernasia,1999,16419
unsdg_westernasia,2000,17723
unsdg_westernasia,2001,16714
unsdg_westernasia,2002,16959
unsdg_westernasia,2003,16772
unsdg_westernasia,2004,20104
unsdg_westernasia,2005,21814
unsdg_westernasia,2006,22078
unsdg_westernasia,2007,25709
unsdg_westernasia,2008,25200
unsdg_westernasia,2009,21017
unsdg_westernasia,2010,17827
unsdg_westernasia,2011,17792
unsdg_westernasia,2012,19549
unsdg_westernasia,2013,26658
unsdg_westernasia,2014,26865
unsdg_westernasia,2015,25651
unsdg_westernasia,2016,30591
unsdg_westernasia,2017,34250
unsdg_westernasia,2018,31861
unsdg_westernasia,2019,29774
unsdg_westernasia,2020,26049
unsdg_westernasia,2021,24238
unsdg_westernasia,2022,21809
unsdg_westernasia,2023,20492
unsdg_westernasia,2024,26114
unsdg_westernasianorthernafr,1991,49143
unsdg_westernasianorthernafr,1992,44708
unsdg_westernasianorthernafr,1993,42185
unsdg_westernasianorthernafr,1994,42907
unsdg_westernasianorthernafr,1995,43688
unsdg_westernasianorthernafr,1996,43900
unsdg_westernasianorthernafr,1997,41064
unsdg_westernasianorthernafr,1998,41387
unsdg_westernasianorthernafr,1999,41569
unsdg_westernasianorthernafr,2000,42010
unsdg_westernasianorthernafr,2001,41109
unsdg_westernasianorthernafr,2002,41478
unsdg_westernasianorthernafr,2003,43188
unsdg_westernasianorthernafr,2004,48297
unsdg_westernasianorthernafr,2005,52942
unsdg_westernasianorthernafr,2006,52749
unsdg_westernasianorthernafr,2007,52304
unsdg_westernasianorthernafr,2008,50110
unsdg_westernasianorthernafr,2009,47990
unsdg_westernasianorthernafr,2010,43224
unsdg_westernasianorthernafr,2011,43356
unsdg_westernasianorthernafr,2012,45897
unsdg_westernasianorthernafr,2013,52380
unsdg_westernasianorthernafr,2014,52564
unsdg_westernasianorthernafr,2015,51783
unsdg_westernasianorthernafr,2016,56577
unsdg_westernasianorthernafr,2017,60136
unsdg_westernasianorthernafr,2018,57509
unsdg_westernasianorthernafr,2019,55469
unsdg_westernasianorthernafr,2020,51983
unsdg_westernasianorthernafr,2021,50328
unsdg_westernasianorthernafr,2022,48128
unsdg_westernasianorthernafr,2023,47320
unsdg_westernasianorthernafr,2024,56626
ury,1991,205.00
ury,1992,209.00
ury,1993,216.00
ury,1994,225.00
ury,1995,237.00
ury,1996,251.00
ury,1997,262.00
ury,1998,269.00
ury,1999,269.00
ury,2000,261.00
ury,2001,247.00
ury,2002,231.00
ury,2003,215.00
ury,2004,203.00
ury,2005,197.00
ury,2006,196.00
ury,2007,200.00
ury,2008,208.00
ury,2009,220.00
ury,2010,234.00
ury,2011,248.00
ury,2012,258.00
ury,2013,263.00
ury,2014,265.00
ury,2015,264.00
ury,2016,264.00
ury,2017,266.00
ury,2018,269.00
ury,2019,275.00
ury,2020,280.00
ury,2021,285.00
ury,2022,289.00
ury,2023,293.00
ury,2024,296.00
usa,1991,21442
usa,1992,21250
usa,1993,21086
usa,1994,20916
usa,1995,20537
usa,1996,19715
usa,1997,18700
usa,1998,17995
usa,1999,17717
usa,2000,17752
usa,2001,18127
usa,2002,18729
usa,2003,19335
usa,2004,19876
usa,2005,20346
usa,2006,20763
usa,2007,20997
usa,2008,20832
usa,2009,20296
usa,2010,19704
usa,2011,19321
usa,2012,19197
usa,2013,19296
usa,2014,19577
usa,2015,19959
usa,2016,20354
usa,2017,20724
usa,2018,21020
usa,2019,21269
usa,2020,21763
usa,2021,22680
usa,2022,23482
usa,2023,23213
usa,2024,21602
uzb,1991,2498.0
uzb,1992,2545.0
uzb,1993,2613.0
uzb,1994,2690.0
uzb,1995,2775.0
uzb,1996,2864.0
uzb,1997,2951.0
uzb,1998,3034.0
uzb,1999,3100.0
uzb,2000,3135.0
uzb,2001,3123.0
uzb,2002,3059.0
uzb,2003,2938.0
uzb,2004,2789.0
uzb,2005,2664.0
uzb,2006,2599.0
uzb,2007,2589.0
uzb,2008,2608.0
uzb,2009,2619.0
uzb,2010,2614.0
uzb,2011,2605.0
uzb,2012,2604.0
uzb,2013,2613.0
uzb,2014,2631.0
uzb,2015,2653.0
uzb,2016,2668.0
uzb,2017,2635.0
uzb,2018,2517.0
uzb,2019,2331.0
uzb,2020,2157.0
uzb,2021,2049.0
uzb,2022,2006.0
uzb,2023,2016.0
uzb,2024,2065.0
vct,1991,11.000
vct,1992,12.000
vct,1993,12.000
vct,1994,13.000
vct,1995,14.000
vct,1996,14.000
vct,1997,15.000
vct,1998,15.000
vct,1999,15.000
vct,2000,14.000
vct,2001,14.000
vct,2002,14.000
vct,2003,14.000
vct,2004,14.000
vct,2005,14.000
vct,2006,14.000
vct,2007,14.000
vct,2008,13.000
vct,2009,13.000
vct,2010,13.000
vct,2011,11.000
vct,2012,11.000
vct,2013,11.000
vct,2014,12.000
vct,2015,12.000
vct,2016,12.000
vct,2017,12.000
vct,2018,11.000
vct,2019,11.000
vct,2020,11.000
vct,2021,10.000
vct,2022,10.000
vct,2023,10.000
vct,2024,8.0000
ven,1991,2676.0
ven,1992,2940.0
ven,1993,3200.0
ven,1994,3402.0
ven,1995,3507.0
ven,1996,3531.0
ven,1997,3504.0
ven,1998,3516.0
ven,1999,3687.0
ven,2000,4088.0
ven,2001,4659.0
ven,2002,5279.0
ven,2003,5828.0
ven,2004,6185.0
ven,2005,6309.0
ven,2006,6373.0
ven,2007,6568.0
ven,2008,6871.0
ven,2009,7133.0
ven,2010,7269.0
ven,2011,7352.0
ven,2012,7465.0
ven,2013,7623.0
ven,2014,7818.0
ven,2015,8027.0
ven,2016,8209.0
ven,2017,8275.0
ven,2018,8230.0
ven,2019,7699.0
ven,2020,7012.0
ven,2021,6767.0
ven,2022,6791.0
ven,2023,6980.0
ven,2024,7279.0
vgb,1991,3.0000
vgb,1992,3.0000
vgb,1993,3.0000
vgb,1994,2.0000
vgb,1995,2.0000
vgb,1996,1.0000
vgb,1997,1.0000
vgb,1998,1.0000
vgb,1999,1.0000
vgb,2000,1.0000
vgb,2001,1.0000
vgb,2002,1.0000
vgb,2003,2.0000
vgb,2004,3.0000
vgb,2005,3.0000
vgb,2006,3.0000
vgb,2007,3.0000
vgb,2008,3.0000
vgb,2009,3.0000
vgb,2010,3.0000
vgb,2011,2.0000
vgb,2012,3.0000
vgb,2013,3.0000
vgb,2014,3.0000
vgb,2015,3.0000
vgb,2016,3.0000
vgb,2017,3.0000
vgb,2018,3.0000
vgb,2019,3.0000
vgb,2020,3.0000
vgb,2021,3.0000
vgb,2022,3.0000
vgb,2023,3.0000
vgb,2024,3.0000
vnm,1991,7809.0
vnm,1992,7778.0
vnm,1993,7826.0
vnm,1994,7908.0
vnm,1995,7959.0
vnm,1996,8004.0
vnm,1997,8023.0
vnm,1998,8032.0
vnm,1999,8014.0
vnm,2000,8008.0
vnm,2001,7979.0
vnm,2002,7939.0
vnm,2003,7912.0
vnm,2004,7910.0
vnm,2005,7912.0
vnm,2006,7888.0
vnm,2007,7806.0
vnm,2008,7624.0
vnm,2009,7356.0
vnm,2010,7088.0
vnm,2011,6930.0
vnm,2012,6899.0
vnm,2013,6893.0
vnm,2014,6883.0
vnm,2015,6787.0
vnm,2016,6576.0
vnm,2017,6192.0
vnm,2018,5679.0
vnm,2019,5159.0
vnm,2020,4756.0
vnm,2021,4506.0
vnm,2022,4322.0
vnm,2023,4188.0
vnm,2024,4147.0
vut,1991,20.000
vut,1992,20.000
vut,1993,20.000
vut,1994,20.000
vut,1995,21.000
vut,1996,21.000
vut,1997,21.000
vut,1998,21.000
vut,1999,19.000
vut,2000,18.000
vut,2001,18.000
vut,2002,19.000
vut,2003,20.000
vut,2004,22.000
vut,2005,24.000
vut,2006,25.000
vut,2007,26.000
vut,2008,26.000
vut,2009,26.000
vut,2010,26.000
vut,2011,27.000
vut,2012,27.000
vut,2013,27.000
vut,2014,27.000
vut,2015,28.000
vut,2016,28.000
vut,2017,28.000
vut,2018,27.000
vut,2019,26.000
vut,2020,26.000
vut,2021,26.000
vut,2022,26.000
vut,2023,26.000
vut,2024,26.000
wb_hi,1991,86669
wb_hi,1992,87738
wb_hi,1993,88676
wb_hi,1994,90332
wb_hi,1995,91397
wb_hi,1996,90344
wb_hi,1997,88085
wb_hi,1998,86442
wb_hi,1999,85777
wb_hi,2000,85769
wb_hi,2001,86056
wb_hi,2002,85638
wb_hi,2003,84437
wb_hi,2004,83133
wb_hi,2005,81656
wb_hi,2006,80386
wb_hi,2007,79333
wb_hi,2008,77701
wb_hi,2009,74918
wb_hi,2010,71816
wb_hi,2011,68952
wb_hi,2012,66616
wb_hi,2013,63309
wb_hi,2014,60494
wb_hi,2015,57812
wb_hi,2016,55343
wb_hi,2017,53345
wb_hi,2018,51851
wb_hi,2019,50952
wb_hi,2020,50966
wb_hi,2021,51785
wb_hi,2022,52727
wb_hi,2023,56089
wb_hi,2024,58291
wb_li,1991,153770
wb_li,1992,152080
wb_li,1993,160920
wb_li,1994,157630
wb_li,1995,282490
wb_li,1996,152820
wb_li,1997,156030
wb_li,1998,152400
wb_li,1999,172820
wb_li,2000,163020
wb_li,2001,142890
wb_li,2002,141730
wb_li,2003,141270
wb_li,2004,139630
wb_li,2005,141480
wb_li,2006,140550
wb_li,2007,137200
wb_li,2008,136250
wb_li,2009,138280
wb_li,2010,167110
wb_li,2011,139300
wb_li,2012,145490
wb_li,2013,150150
wb_li,2014,150990
wb_li,2015,162870
wb_li,2016,167790
wb_li,2017,171260
wb_li,2018,180960
wb_li,2019,178890
wb_li,2020,184370
wb_li,2021,174730
wb_li,2022,182880
wb_li,2023,200120
wb_li,2024,178060
wb_lmi,1991,401170
wb_lmi,1992,406580
wb_lmi,1993,409120
wb_lmi,1994,416770
wb_lmi,1995,417970
wb_lmi,1996,419090
wb_lmi,1997,424620
wb_lmi,1998,432180
wb_lmi,1999,438300
wb_lmi,2000,442670
wb_lmi,2001,444930
wb_lmi,2002,447000
wb_lmi,2003,446730
wb_lmi,2004,443450
wb_lmi,2005,444690
wb_lmi,2006,444280
wb_lmi,2007,436770
wb_lmi,2008,431830
wb_lmi,2009,432320
wb_lmi,2010,421090
wb_lmi,2011,417740
wb_lmi,2012,402720
wb_lmi,2013,393150
wb_lmi,2014,382790
wb_lmi,2015,372440
wb_lmi,2016,362240
wb_lmi,2017,351480
wb_lmi,2018,342570
wb_lmi,2019,334860
wb_lmi,2020,329340
wb_lmi,2021,325080
wb_lmi,2022,324560
wb_lmi,2023,325210
wb_lmi,2024,328590
wb_umi,1991,243460
wb_umi,1992,241390
wb_umi,1993,247260
wb_umi,1994,249380
wb_umi,1995,246950
wb_umi,1996,244590
wb_umi,1997,238130
wb_umi,1998,234510
wb_umi,1999,230680
wb_umi,2000,228990
wb_umi,2001,228070
wb_umi,2002,230070
wb_umi,2003,233050
wb_umi,2004,240760
wb_umi,2005,250570
wb_umi,2006,240670
wb_umi,2007,243490
wb_umi,2008,242410
wb_umi,2009,237160
wb_umi,2010,232270
wb_umi,2011,229470
wb_umi,2012,224680
wb_umi,2013,215740
wb_umi,2014,207760
wb_umi,2015,200630
wb_umi,2016,193270
wb_umi,2017,193320
wb_umi,2018,186960
wb_umi,2019,180290
wb_umi,2020,178130
wb_umi,2021,176080
wb_umi,2022,172900
wb_umi,2023,174520
wb_umi,2024,174700
world,1991,887750
world,1992,890730
world,1993,909180
world,1994,917520
world,1995,1042300
world,1996,910380
world,1997,910370
world,1998,909050
world,1999,931270
world,2000,924540
world,2001,906620
world,2002,909720
world,2003,911320
world,2004,913160
world,2005,924700
world,2006,912260
world,2007,903360
world,2008,895060
world,2009,889820
world,2010,899550
world,2011,862810
world,2012,846990
world,2013,829980
world,2014,809860
world,2015,801790
world,2016,786860
world,2017,777680
world,2018,770570
world,2019,752690
world,2020,749820
world,2021,734430
world,2022,739860
world,2023,762920
world,2024,746930
wsm,1991,60.000
wsm,1992,55.000
wsm,1993,52.000
wsm,1994,51.000
wsm,1995,48.000
wsm,1996,46.000
wsm,1997,42.000
wsm,1998,38.000
wsm,1999,35.000
wsm,2000,32.000
wsm,2001,30.000
wsm,2002,27.000
wsm,2003,25.000
wsm,2004,24.000
wsm,2005,23.000
wsm,2006,22.000
wsm,2007,20.000
wsm,2008,19.000
wsm,2009,19.000
wsm,2010,26.000
wsm,2011,18.000
wsm,2012,16.000
wsm,2013,16.000
wsm,2014,15.000
wsm,2015,15.000
wsm,2016,15.000
wsm,2017,15.000
wsm,2018,14.000
wsm,2019,14.000
wsm,2020,14.000
wsm,2021,14.000
wsm,2022,13.000
wsm,2023,12.000
wsm,2024,12.000
yem,1991,1803.0
yem,1992,1864.0
yem,1993,1929.0
yem,1994,1995.0
yem,1995,2462.0
yem,1996,2138.0
yem,1997,2212.0
yem,1998,2286.0
yem,1999,2358.0
yem,2000,2433.0
yem,2001,2510.0
yem,2002,2584.0
yem,2003,2659.0
yem,2004,2733.0
yem,2005,2805.0
yem,2006,2882.0
yem,2007,2968.0
yem,2008,3052.0
yem,2009,3134.0
yem,2010,3215.0
yem,2011,3292.0
yem,2012,3709.0
yem,2013,3910.0
yem,2014,3666.0
yem,2015,4018.0
yem,2016,7257.0
yem,2017,6890.0
yem,2018,7386.0
yem,2019,10831
yem,2020,9290.0
yem,2021,7903.0
yem,2022,7411.0
yem,2023,4988.0
yem,2024,4383.0
zaf,1991,9919.0
zaf,1992,10916
zaf,1993,11947
zaf,1994,12971
zaf,1995,14142
zaf,1996,15572
zaf,1997,17172
zaf,1998,18779
zaf,1999,20377
zaf,2000,22010
zaf,2001,23513
zaf,2002,24992
zaf,2003,26626
zaf,2004,28165
zaf,2005,29435
zaf,2006,30241
zaf,2007,30280
zaf,2008,29483
zaf,2009,27923
zaf,2010,25913
zaf,2011,23714
zaf,2012,21637
zaf,2013,19850
zaf,2014,18438
zaf,2015,17328
zaf,2016,16614
zaf,2017,15760
zaf,2018,14936
zaf,2019,14563
zaf,2020,14317
zaf,2021,14161
zaf,2022,14025
zaf,2023,13848
zaf,2024,13610
zmb,1991,4439.0
zmb,1992,4690.0
zmb,1993,4940.0
zmb,1994,5173.0
zmb,1995,5376.0
zmb,1996,5545.0
zmb,1997,5682.0
zmb,1998,5784.0
zmb,1999,5839.0
zmb,2000,5866.0
zmb,2001,5854.0
zmb,2002,5837.0
zmb,2003,5793.0
zmb,2004,5731.0
zmb,2005,5659.0
zmb,2006,5590.0
zmb,2007,5528.0
zmb,2008,5450.0
zmb,2009,5371.0
zmb,2010,5273.0
zmb,2011,5156.0
zmb,2012,5020.0
zmb,2013,4865.0
zmb,2014,4718.0
zmb,2015,4576.0
zmb,2016,4451.0
zmb,2017,4337.0
zmb,2018,4243.0
zmb,2019,4184.0
zmb,2020,4173.0
zmb,2021,4222.0
zmb,2022,4265.0
zmb,2023,4321.0
zmb,2024,4370.0
zwe,1991,2611.0
zwe,1992,2930.0
zwe,1993,3139.0
zwe,1994,3300.0
zwe,1995,3589.0
zwe,1996,3978.0
zwe,1997,4460.0
zwe,1998,4992.0
zwe,1999,5532.0
zwe,2000,6000.0
zwe,2001,6335.0
zwe,2002,6603.0
zwe,2003,6824.0
zwe,2004,6948.0
zwe,2005,6967.0
zwe,2006,6892.0
zwe,2007,6747.0
zwe,2008,6442.0
zwe,2009,6000.0
zwe,2010,5547.0
zwe,2011,5117.0
zwe,2012,4740.0
zwe,2013,4457.0
zwe,2014,4227.0
zwe,2015,4009.0
zwe,2016,3813.0
zwe,2017,3667.0
zwe,2018,3592.0
zwe,2019,3592.0
zwe,2020,3691.0
zwe,2021,3854.0
zwe,2022,4032.0
zwe,2023,4204.0
zwe,2024,4331.0
